:020000041000EA
:1000000000B5324B212058609868022188439860DF
:10001000D860186158612E4B002199600221596106
:100020000121F02299502B49196001219960352056
:1000300000F044F80222904214D00621196600F024
:1000400034F8196E01211966002018661A6600F04E
:100050002CF8196E196E196E052000F02FF8012189
:100060000842F9D1002199601B49196000215960AB
:100070001A491B48016001219960EB211966A021F2
:10008000196600F012F800219960164914480160C1
:100090000121996001BC002800D000471248134993
:1000A000086003C880F30888084703B5996A0420EC
:1000B0000142FBD001200142F8D103BD02B5186610
:1000C0001866FFF7F2FF186E186E02BD00000240BE
:1000D000000000180000070000035F00212200005C
:1000E000F4000018222000A00001001008ED00E03C
:1000F00000000000000000000000000074B24E7A12
:1001000000200420F7010010CB010010CD010010E9
:10011000C9010010C9010010C9010010C901001077
:10012000C9010010C9010010C9010010CF01001061
:10013000C9010010C9010010D1010010D301001045
:10014000C1010010C1010010C1010010C101001067
:10015000C1010010C1010010C1010010C101001057
:10016000C1010010C1010010C1010010C101001047
:10017000C1010010C1010010C1010010C101001037
:10018000C1010010C1010010C1010010C101001027
:10019000C1010010C1010010C1010010C101001017
:1001A000C1010010C1010010C1010010C101001007
:1001B000C1010010C1010010C1010010C1010010F7
:1001C000EFF30580103800BE00BE00BE00BE00BECA
:1001D00000BE00BEF2EB8871B47F0010E07F00101B
:1001E0003802001090A31AE700201E49086006C8D4
:1001F00081F3088810471C480068002801D00020BF
:10020000F3E70DA40ECC002902D000F012F8F9E7B4
:100210001649174A002000E001C19142FCD115495E
:100220008847154988471549884700BEFDE701C939
:1002300001C29A42FBD37047E07F0010C00000204B
:1002400098100020B88F0010000004200000042047
:10025000B88F0010001004200010042000000000DF
:100260007047000008ED00E0000000D0981000206A
:10027000C41E0020A942001081020010A1420010FB
:10028000F0B5DE4657464E464546E0B58BB004F025
:100290002FF9FA20D02580260424C00001F076F83A
:1002A0000A2004F02DF9954F2D06380004F072F95C
:1002B000934804F06FF9380004F06CF9B604192083
:1002C00000F080F96E6296206E6101F05FF8013CEB
:1002D0009620AE6101F05AF8002CF4D1894804F060
:1002E00059F92920884906F0B9FF002800DA73E09F
:1002F0000A25864804F04EF9854804F04BF904AB12
:10030000ED182C70FA24834EA40009E00221292064
:10031000013C07F0A9F8002C13D02B78002B14D146
:100320002900292006F050FF0028EFD001003000FE
:1003300004F0B2F9013C0221292007F095F8002CC5
:10034000EBD1754804F026F93EE0744804F022F938
:10035000292006F077FD04007148210004F09CF983
:10036000002C2ED10121292006F056FE04006D48F4
:10037000210004F091F9002C36D16421292006F0E7
:10038000CDFD04006848210004F086F9002C27D137
:10039000C821292006F0F2FE04006448210004F080
:1003A0007BF9002C24D1292006F092FD060060483C
:1003B000310004F071F9A6421ED05E4804F0EAF85C
:1003C00002E05D4804F0E6F801200BB0F0BCBB464B
:1003D000B246A946A046F0BD584804F0DBF8F3E762
:1003E000574804F0D7F8EFE7564804F0D3F8EBE7A6
:1003F000554804F0CFF8E7E70B250A2004F080F811
:10040000380004F0C7F8514804F0C4F8504804F02C
:10041000C1F804ABED184F4B07AF98464E4B9946C9
:100420004E4B9B464E4B03934E4B9A464E4B04937A
:100430004E4B059329202E7006F04AFD00280CD063
:100440000100404604F028F9642000F09FFF2920B5
:100450002E7006F03DFD0028F2D12B78C824002B29
:1004600009D019E0052000F091FF2B78002B13D163
:10047000013C002C2FD02900292006F035FD002852
:10048000F0D00100484604F007F9292006F026FDC7
:10049000642000F07BFFCDE73900292006F0AAFE9A
:1004A000002822D13889BB887A8839780190F88869
:1004B0000090504604F0F0F8292006F003FD0028D3
:1004C00016D1292006F00AFD0028E1D00100059888
:1004D00004F0E2F8DCE7584604F05CF8292006F066
:1004E000FDFC642000F052FFA4E701000398CAE776
:1004F0000100049804F0D0F8E3E7C046D875001076
:10050000F875001010760010881000204876001052
:100510005C7600107C76001094760010B0760010A7
:10052000CC760010047700103C7700107477001030
:10053000B8770010CC770010DC760010247600101D
:10054000547700101C77001090770010E4770010AB
:1005500000780010207800103878001058780010CB
:100560007878001090780010D0780010EC780010A7
:1005700010B54024074A83009A181268C0005440FE
:10058000C0222240044C1B191A60044BC018416061
:1005900010BDC04604C0014004D0014000400140ED
:1005A000064B8000C3181B68C90092000A435A40DA
:1005B0000C231340024A80180360704704C00140B6
:1005C00004D001400123D02283401206936293613C
:1005D000084A83009A1811684022514080320A402C
:1005E0000549C0005B181A60044BC018052343601E
:1005F0007047C04604C0014004D0014000400140A3
:100600008023DB051868000F7047C0460FB400B5A3
:10061000084883B003F0BEFF049B002B07D005A958
:100620001800019103F020FE034803F0B3FF0120FE
:1006300003F032FE047900108C78001070B58C46FF
:100640001600EFF3108472B60F490B68002BFCD034
:10065000BFF35F8F6346DB08C5180722C05C6346A3
:100660001A40012393401A000240034207D1184365
:100670002870BFF35F8F0A6084F3108870BD6146F5
:100680003000FFF7C3FFC0462C0100D0F8B5CE46BE
:1006900047468C4680B51C00EFF3108872B61C49A3
:1006A0000B68002BFCD0BFF35F8FA24221D8072339
:1006B000994602E00132944218D34946012611407E
:1006C0008E40D308C718C35C1E42F3D110003343D9
:1006D0003B70BFF35F8F00220D4B1A6088F31088C8
:1006E00000280EDBC0BCB946B046F8BD0120404230
:1006F000EFE7BFF35F8F00230B6088F310880120C2
:1007000040426346002BEDD00898FFF77FFFC046BC
:100710002C0100D0044A1078431CDBB2172B00D9FF
:10072000102313707047C046900F002000B5054B92
:1007300083B00100009318221F230348FFF7A6FF90
:1007400003B000BD14790010001A00200021044BF2
:10075000044ABFF35F8F02C39342FAD17047C04689
:10076000000100D0800100D0084B094A1360094AFB
:100770001360094A1360094A1360094A1360094A61
:100780001360094A1360094A1360704780808080B3
:1007900000E400E004E400E008E400E00CE400E031
:1007A00010E400E014E400E018E400E01CE400E0E1
:1007B0001F2318401E3B8340002905D0C021044A56
:1007C0004900535013607047802201498B50FAE76B
:1007D00000E100E001228240034B1B6813405A1ED7
:1007E0009341D8B27047C04600E100E00123802267
:1007F0008340024952008B507047C04600E100E040
:10080000054B10309B688000C358044A00209B1A97
:1008100047229A424041704700ED00E0940F0020CB
:1008200010B5EFF3108C72B60F4A1368002BFCD092
:10083000BFF35F8F0D4B10309B6880001B580C4A34
:10084000934201D099420CD1084B9B681950BFF3D9
:100850005F8FBFF35F8F0022034B1A608CF3108809
:1008600010BD01F06BF9C046240100D000ED00E09E
:10087000C1010010F0B5DE4657464E464546E0B58C
:100880008B4685B0EFF3108872B616005B4A13688A
:10089000002BFCD0B246BFF35F8F002558494D575F
:1008A000002D00DAA8E06B00564A01935B199B000B
:1008B000D418A77910300F70534980008968844696
:1008C0000F58B91A472933D8012039008143CE790E
:1008D000564500D86AE0A1465646039307E0580003
:1008E000C01880001018C479B4424DD90100062305
:1008F000CB56002BF3DA081D4C46B24681460293D4
:10090000424B4E46043CA41B2405414E640D344327
:100910008C808D7101994919890052189380029B2E
:100920003C4993715346D3715B461160936017E065
:1009300039498F4260D139490127D15238490233B0
:10094000D3180439CB1A324A1B055B0D134363805D
:10095000344BE671A380FF23A3715B462743A3605A
:100960006246294B9B689F50BFF35F8FBFF35F8F39
:100970000022224B1A6088F3108805B0F0BCBB46F9
:10098000B246A946A046F0BDB2460E1D4C46B14641
:1009900088880293039B4005001504334844D3180C
:1009A000C31A1B051A485B0D0343AAE79E1CB146F8
:1009B00091444E460F001C4DBF1A7F417D432D0DC3
:1009C000164FA571D752164F0433043FD318BF1BDF
:1009D000CB1A3F05043B7E0D1B050D4F5B0D3E43BF
:1009E0001F435346E3715B46A3600A4BA7806680B2
:1009F000044327000B60B3E701F0A0F8240100D006
:100A0000BD1E0020940F002000ED00E001BD00009D
:100A100000E0FFFF01488047C101001000A1FFFF77
:100A2000DC0F002001BDFFFFAAAA0000F0B5DE46E2
:100A300057464E464546E0B583B0EFF3108972B68F
:100A40005D4A1368002BFCD0BFF35F8F5B4B5C4E9D
:100A50009A68030010339C0012599846B2423BD06A
:100A60008A424CD0574FBC46D71B472F34D8564BE1
:100A70001F271D680740AA460125BD408027019514
:100A8000DD51BFF35F8FEFF30585AB46002D38D105
:100A900001231D008540280055460540100098435D
:100AA0008768AA46B94208D17CE073009B199B0075
:100AB00063449F68B9422DD0180006268657002E41
:100AC000F3DAB9424CD05346002B1ED0C0213E4B26
:100AD0000198490058501860384B9B681A51BFF371
:100AE0005F8FBFF35F8F0022334B1A6089F310884A
:100AF00003B0F0BCBB46B246A946A046F0BD3200EA
:100B0000EAE7A845C4D001F019F880232E490198DE
:100B1000C850E1E70627DF57002F22DB7900C8190C
:100B200085002E006644B0689860F079D871062080
:100B300030569871002826DB6046B688C01A7605C4
:100B40003615761980190005204E400D30439880E7
:100B5000CB191F499B000878634498710F70B2E766
:100B600003005946002910D1FF3181711949818054
:100B7000174865460178997117495B1B5B415943DA
:100B8000090D01709FE71348E1E714491448C91A99
:100B900008394E02760D30439880124849080143C7
:100BA000D98090E70627C7570300002FB6DA5946C9
:100BB0000029EAD13200DBE7240100D000ED00E09B
:100BC000C1010010940F002000E100E000E0FFFFF1
:100BD000BD1E002001BDFFFFAAAA0000E60F0020F5
:100BE00000F0FFFF00F8FFFF0123034370B59C46B0
:100BF000EFF30581EFF3108572B6274A1368002BD7
:100C0000FCD0BFF35F8F254A0400254BA41A644132
:100C100063431B0D234C8900A6685BB2765866457A
:100C200024D006215156994224D01221515699427E
:100C30002AD01E215156994228D02A215156994234
:100C400026D036215156994224D0422151560524AE
:100C5000994210D0144A117813708171BFF35F8FDD
:100C600000220D4B1A6085F3108870BDA2680F4CEE
:100C70005450EFE700246100091989005218FF2140
:100C800091710B499180E5E70124F4E70224F2E732
:100C90000324F0E70424EEE7240100D0940F0020A1
:100CA000AAAA000000ED00E0BD1E0020C101001056
:100CB00001BDFFFF00B5074B83B001000093002288
:100CC00005230548FFF7E2FC002801DB1F23181A63
:100CD00003B000BD30790010C11E0020024BC918BE
:100CE000890001607047C0464000003470B5114C67
:100CF000114DAC420FD2FF262368002B0CD0FFF71A
:100D000009FD01002000FFF7E9FFA680BFF35F8F18
:100D10000834AC42F0D370BDFFF7FCFC01002000AA
:100D2000FFF7DCFF2671BFF35F8F0834AC42E3D3DB
:100D3000F1E7C046901000209810002010B5040084
:100D4000FFF7E8FC01002000FFF7C8FFFF23237135
:100D5000BFF35F8F10BDC04610B504000120FFF740
:100D6000E5FC034BC01880002060BFF35F8F10BD0F
:100D700040000034034BC91889000160BFF35F8F46
:100D80007047C0464000003440BF0020002170473B
:100D9000F0B5DE4657464E464546E0B585B0EFF322
:100DA000058303221A40B14B91005B580392984689
:100DB000012393401A000193AD4B02911A6008235E
:100DC00043449946019BAB484363434608229B5EDC
:100DD0009A46002B00DBB9E043469B881BB2002BF0
:100DE00000DA26E143461B69EFF3108272B61968F8
:100DF0000029FCD0BFF35F8F43469E880123414604
:100E00005B428B8036B20B69BFF35F8F00211960A4
:100E100082F31088002E26DB43465D697400A41916
:100E200008201A5EE40049462C19002A14DBA06849
:100E30009A468046E06807E0834200D181E00023C3
:100E4000FA5E3900002A06DB5700BF18FF00EF19D1
:100E5000FB688342F0DD53460E800021665E2280EF
:100E6000002EDBDA984643460821595E002900DA55
:100E7000DFE043465A694B007E485B180299DB006D
:100E8000D3180918826A9D68DC680B69AE1A9B1A30
:100E90009E421BD30123026A039883401A4215D055
:100EA00043469B79002B16D1724800F06DFB8C42B3
:100EB00004DC00D086E7854200D883E740BF05B058
:100EC000F0BCBB46B246A946A046F0BD43460D6104
:100ED0009B79002BE8D000234246937143460822B9
:100EE0009A5E531CE0D0474648460026A846A346D3
:100EF00002E00800531C20D053007D699B18DB00E2
:100F0000E9181400EA5E4B881BB2002BF1DA02806C
:100F10003B69EFF3108A72B61D002B68002BFCD0E2
:100F2000BFF35F8F7B880B803B697C80BFF35F8F53
:100F30001E608AF31088531CDED145465C46B846D5
:100F4000B2E7BB68434500D879E784E74246526977
:100F50005B0093465344DB009B445B469E68DF681E
:100F600000F012FB8F422ADC30D05B465A461B69E8
:100F70005469022B32D041460820085E5288000492
:100F800021001043984704000D0023002B432ED06E
:100F9000002D48DA30003900001BA9415B469860FB
:100FA000D96000229B5E002B09DB42465E0054693B
:100FB000F218D200A2189768D2688A425CDD4346D4
:100FC0009B881BB2002B00DA4DE70BE78642F6D870
:100FD0005B465A461B695469022BCCD12000236919
:100FE0009847002803D030CC23002B43D0D15B4658
:100FF00042461B8813811269EFF3108372B61168A1
:101000000029FCD0BFF35F8F4246594652880A80C0
:101010004246514651801269BFF35F8F0021116033
:1010200083F31088CBE7134800F0AEFA001969414A
:10103000B4E7104C200000F0A7FA8022002312062B
:1010400080185941029AA56A12191369461B5B1B45
:101050009E4201D2106131E70123039D246AAB4017
:101060001C4200D02AE7106128E7C0467C1E002001
:101070003C700540004005408A4201D187429ED81D
:1010800045462B81083505E05E00F218D200A21813
:101090009768D2688A4206DC0AD0F318DB00E518AC
:1010A000E35E002BF0DA5A46138053462B8086E726
:1010B0008742F2D9F7E7C04670B52B4C2569002D61
:1010C00000D070BD294E0321284800F053FAE66095
:1010D000FFF720FB264B0322C018D02322701B06EB
:1010E0001B6801216370234B8000A3600F232061E4
:1010F0000220638063694942A18019800231198608
:1011000047311D83585218315A5275325C39995201
:101110001832013199521832013199521832013185
:101120009952083518329D520231183299521832AC
:1011300001319952183201319952183201319952C4
:101140001832013199521832013199520A4B0B4928
:10115000DC6001303562FFF763FB01210320FFF7FC
:1011600027FB074B1D60ACE7F40F00200040054053
:1011700040000034FFFF10007C1E0020910D001085
:101180003860054000487047F40F0020F8B51F0094
:1011900008AB1B7804001600002B07D100F0FCF907
:1011A00032003B00121A8B41002B51DB2269EFF316
:1011B000108C72B61368002BFCD0BFF35F8F022334
:1011C000E15E256900293ADB4B0060695B18DB00B2
:1011D000C218C35A6380BFF35F8F00232B608CF368
:1011E0001088069B9660D7601361079B53615388F4
:1011F00001335B045B0C181C002B1ED083B25080A3
:10120000080418432569EFF3108672B62B68002B8B
:10121000FCD0BFF35F8FA3881380A1802369BFF345
:101220005F8F00221A6086F31088237801329A407B
:101230000849E3685B181A60F8BD0120DEE7BFF3D8
:101240005F8F00232B608CF3108801204042F3E76E
:101250000020F1E73C20000070B582B000920193BD
:1012600001000269EFF3108472B61368002BFCD002
:10127000BFF35F8F0223C85E0D6900283FDB4A6918
:10128000430016001B18DB00D218F35A4B80BFF343
:101290005F8F00232B6084F31088069B1361079BEC
:1012A0005361009B019C9360D460538801335B04BD
:1012B0005B0C1D1C002B20D0ACB2030455802343D3
:1012C0000D69EFF3108C72B62C68002CFCD0BFF3C4
:1012D0005F8F8C88148088800A69BFF35F8F00203D
:1012E00010608CF310880A7801309040CA68084971
:1012F00052181060180002B070BD0125DCE7BFF382
:101300005F8F00232B6084F31088013BF2E7C04617
:101310003C20000010B543890A1493421ADD5300A3
:101320009B184269DB00D3180469EFF3108C72B686
:101330002268002AFCD0BFF35F8F5A88090494B258
:10134000090C8A4208D00369BFF35F8F00221A603C
:101350008CF31088002010BD094A22435A800123D3
:1013600002698371BFF35F8F002111608CF31088D5
:10137000027804499340C268012052181360EAE7DA
:101380000080FFFF3C20000040787047F0B583B03C
:10139000040000F001F9FA2206000F0020000023EB
:1013A0000021920001F040FB8019794104000D1EDC
:1013B00002DA0124234D644206267642F7173619D5
:1013C0006F41AF4212D80FD000F0E6F832003B0078
:1013D000121A8B41002B13DC002B30D02000290087
:1013E00000F01AF903B0F0BDA642EDD9002600279F
:1013F00000F0D2F832003B00121A8B41002BEBDDDB
:1014000000F0CAF832003B00121A8B41002B0ADBB5
:10141000002301930C4B320000930C483B00FFF774
:101420001BFF0130DAD03900094A536A994204D8C7
:10143000906AB042D2D29942D0D120BFF5E7002ABB
:10144000CCD0DDE7FFFFFF7F890D0010F40F0020F7
:1014500000400540F0B5CE46474680B504000D007B
:1014600085B0EFF305868946002E10D03E49002056
:101470004B6AAB4206D38A6A5B1B591E8B41A24260
:101480004041184305B0C0BCB946B046F0BD374F27
:10149000FB683A7898461800039200F075F8039AB2
:1014A000131D42469B009B5822001B1A9C462B0092
:1014B000121A8B419E421ADC17D02B4B5A6A4A45AE
:1014C00005D39B6A0120A342DCD24A45DAD120BF72
:1014D000254B586A48453CD3401B9A6A431E9841A5
:1014E0000023A2425B411843CCE79445E5D900F0C4
:1014F00053F822002B00121A8B41002B25DB00230E
:1015000001931B4B2200009338002B00FFF7A4FE31
:1015100000281ADD144B5A6A4A4504D39B6AA34239
:1015200002D24A4500D120BF01003800FFF7F2FE89
:101530000D4A0020536A4B45A4D3926A5B1B591E87
:101540008B41A242404118439CE7074A536A4B45EE
:1015500001D2002096E70020926A5B1BA242404124
:101560005A1E934118438DE700400540F40F0020B8
:10157000890D001010B5024A0248FFF75FF810BD50
:101580004C790010041A00200300416A0A00986A8E
:10159000596A8A42FAD17047034B596A0A00986A1D
:1015A000596A9142FAD170470040054070B5050074
:1015B0000E00184A536A1900946A536A8B42FAD192
:1015C000200019002C00350024184D41AB4216D8DC
:1015D00013D0104B2A005B6A9D4203D90D494B6A18
:1015E0009342FCD3934207D10A4A02E0516A9942DE
:1015F00002D1916AA142F9D370BDA042E9D9054B4D
:101600005B6A1C005A1CEFD0012201246442E517DA
:101610005242E3E700400540064A536A9942FCD82B
:1016200007D1044B02E05A6A914202D19A6A904271
:10163000F9D8704700400540F8B5040006200D00B9
:1016400000F06EF9002843D0364B3749E3185A1E94
:10165000934180225B429B0D12049B059B18334AE9
:101660001360334A136018000A689043FBD12D4B76
:10167000304AE31859424B4180215B004900062063
:10168000995200F04DF92900C00000F0A9FB01308B
:10169000C3091ED1402701226262A362266BF307B1
:1016A00022D4E36A244B0620E51800232B6026632E
:1016B00000F036F93900800000F092FB7023E26AF6
:1016C0005A400E3313402B601C4B23630323A36447
:1016D000F8BD1B4A93421DD900231A4A1A4F626271
:1016E000A362266BF307DCD5184B144AE3181A6083
:1016F000656AA36A0620AD01ED1800F011F91449DE
:1017000000F06EFB0100A80200F06AFB0021FFF769
:101710004DFFC6E740069A01800E17181A00030015
:10172000BAE7C0460080FCBF08C0004000E00040AF
:1017300000F00040A01E00202C100000010300005B
:10174000FEFF0000FFFF0000C0FF3F003030000040
:101750004E0E0000F8B5DE464E4645465746E0B50B
:1017600005008B4618000A99914600F039FB0A9B48
:101770006C001E026419304BA400E41863688046B4
:101780009E4200D966602F1FFBB29A46012B2FD9CB
:10179000C0238022294FAD009B0179591201E31823
:1017A0001A6000291BD14B4622685B015340E0229E
:1017B000134080225201A21813605346012B2FD9E7
:1017C000802380229B01E31812011A604346666061
:1017D0007B51F0BCBB46B246A946A046F8BD78692D
:1017E00000F0FEFA013043001B18033BFDD2DAE79C
:1017F0005B46012BCCD1C02303229B01E3181A6066
:10180000023AA3681A42FCD04A46236852015A4061
:10181000E023134080225201A218084F1360AD004C
:1018200058460323216841400B4013600122824047
:10183000A3681A42FCD0C3E700800040081A0020C9
:10184000F0B5D6464F464646440098462418324BDB
:10185000A400E41863688A469146C0B5FF2B02D8FD
:1018600080235B006360061FF6B2012E2FD9C023D0
:1018700080222A4F85009B0179591201E3181A60D2
:1018800000291BD14B4622685B015340E0221340E4
:1018900080225201A2181360012E30D980238022A9
:1018A0009B01E31812011A6080235B0063604346CA
:1018B0007B51E0BCBA46B146A846F0BD786900F05D
:1018C0008FFA013043001B18033BFDD2DAE7534681
:1018D000012BCCD1C02303229B01E3181A60023AEA
:1018E000A3681A42FCD04A46236852015A40E023BA
:1018F000134080225201A218084F13608500504601
:101900000323216841400B40136001228240A368F9
:101910001A42FCD0C2E7C04600800040081A0020EE
:10192000014B8000C0587047081A0020F0B5C64629
:10193000040000B52348160098460D0000F050FA48
:101940000100300000F04CFA4346069A1B041203D3
:1019500013439C4623680600002B22DB1A4B1B48CE
:10196000E218531E9A4180235242120B9B0112032C
:10197000D218174B1A60174B1A60130001688B437B
:10198000FBD12122144B2560E318A6601A6022685F
:10199000002AFCDA6246E26008221A6080BCB8467F
:1019A000F0BD3F2322681340AB42D7D1A3681B058B
:1019B0001B0D8342D2D1EE22E368D202134063456D
:1019C000CCD1EBE7001BB7000040FDBF08C00040D2
:1019D00000E0004000F000400430000010B580241A
:1019E0001C4BE4051C6000281AD001231A4C184334
:1019F0001A4BDC611A4C44401C6259629862802187
:101A0000144BC9051960174817490860E021C9043B
:101A10001960002A07D18022144B12061A6010BDEB
:101A20000E4BD861EBE753019B1A9B009A18802359
:101A300012015B049A4209D213000D490B60074B57
:101A40005A608022094BD2051A60E8E7094B1A0058
:101A5000F3E7C04600B00540D3C007B000800540A2
:101A60002D3FF84FFCFF01000820014000A0054079
:101A70006C1E0020FFFFFF008023024A9B000B43E7
:101A8000D362704700800540002310B50100988A9A
:101A90001B8B984710BDC046162310B5010018884F
:101AA0005B88984710BDC046F8B54746CE4680B51E
:101AB0000F1E18D014239946043304000025012674
:101AC00098464B461888434621681B88984701C4AE
:101AD000431E984101350640AF42F2D13000C0BCF0
:101AE000B946B046F8BD0126F8E7C046002370B5F8
:101AF00004000D00988A05491B8B984703000020BD
:101B0000002C01DB0130A04029009847554200001D
:101B1000AA23064A1B0113608D235B00D36004498E
:101B2000044B19605368002BFCDA704700400240F8
:101B300000B0FA00006002407047C04610B501488E
:101B4000FEF764FD7079001070B5074D074EB54281
:101B500009D20024013E761BB608013608CD0134B7
:101B60009847B442FAD170BD98750010D475001032
:101B7000054B064A06491A60064A074B1A601000D0
:101B80000B689843FBD1704700E00040BFCDFBFEDF
:101B900008C00040FE7F3C0000F00040044BDB6CBE
:101BA000002B03D18022034BD2021A607047C0463B
:101BB000000011504C201150044A054B1A60054A90
:101BC0001368DB018033FBD17047C046FFFFFF0184
:101BD00000F0004008C000404022034B9A675A675B
:101BE0001A67DA667047C04600F0014010B5FEF78C
:101BF000ADFD10BD70B52749274E284D761AB408A3
:101C00002200302C00D930222800920000F07EFF04
:101C10002F2C3BD823002A3B214A052B1BD93020EF
:101C2000AE197107001B2600CB0F002902DAA100B4
:101C30006A50661CC01AE3189B004108EB18C900E3
:101C4000C9181A605A6008338B42FAD10123034243
:101C50001CD098438419A300EA50631C2F2C15D084
:101C60009B00EA50A31C2E2C10D09B00EA50E31CD2
:101C70002D2C0BD09B00EA50231D2C2C06D09B0052
:101C8000EA50631D2B2C01D09B00EA50054B9D6050
:101C900070BDC04600010010C0010010000000200F
:101CA000C101001000ED00E0002310B5294C82B006
:101CB000A367FFF72DFF0122274B1A60636C012BEE
:101CC000FCD10322254B1A60224A936B012BFCD1D5
:101CD000013300930121224A22480433FFF726FEF4
:101CE000052301210093204A2048FFF71FFE002210
:101CF000022104201E4BFFF7A3FD00220121052035
:101D00001C4BFFF79DFD0022002107201A4BFFF717
:101D100097FD002200210820174BFFF791FD80233B
:101D2000DB000093002200210920134BFFF712FD76
:101D30000022104B00210620FFF782FD0420FFF750
:101D4000EFFD0E4900F04CF801000020FFF794FE73
:101D500002B010BD008000403CB0004030B00040F8
:101D6000002F685900800240008C864700C0024066
:101D7000001BB70040597307006CDC0240420F00A3
:101D800001480421014B184710100020A91A001027
:101D9000124A936F9B0815D29066D166002905D030
:101DA000FFE7FFE7FFE7516F106F704704B5802131
:101DB0000906C2175140002800D0C84305F094FB23
:101DC000002104BDF0B5146E556E576F166FFFF706
:101DD000E3FF1466556657671667F0BD000000D034
:101DE000114A936F9B0813D210665166002905D0E3
:101DF000FFE7FFE7FFE7516F106F704704B500285A
:101E000001D00020C04305F06FFB002104BDC04697
:101E1000F0B5146E556E576F166FFFF7E5FF146639
:101E2000556657671667F0BD000000D094464A4AD1
:101E3000926F9208624601D228E0C046F0B5464E45
:101E4000346E756E776F366F00F020F89446424A14
:101E500014665566576716676246F0BD94463E4A5B
:101E6000926F9208624601D254E0C046F0B53A4EF5
:101E7000346E756E776F366F00F04CF89446364AC4
:101E800014665566576716676246F0BD002B24DB63
:101E900011D000293EDA00B5C943404200D10131DA
:101EA00000F038F8C943404200D10131DB435242CF
:101EB00000D1013300BD002AEBD1002801D1002957
:101EC00005D00020C90FC90701D1C043410800B5A2
:101ED00005F022FB0022002300BD00B500290ADB2B
:101EE000DB43524200D1013300F014F8C9434042B1
:101EF00000D1013100BDC943404200D10131DB4373
:101F0000524200D1013300F005F8DB43524200D1C8
:101F1000013300BD002923D1002B18D1002A0CD099
:101F2000BC460D4F38667A6600210023FFE7FFE7C5
:101F3000FFE77A6F386F67467047002801D007487F
:101F4000010000B505F0E8FA0022002300BD020000
:101F50000B00002000217047000000D0FFFFFFFFB2
:101F6000002B00D0BFE0130C28D1002AE7D080B4AA
:101F7000114F39667A66FFE7FFE730B4040C7B6FD8
:101F8000396F1B0423433B667A66FFE7FFE7FFE7F1
:101F9000C04684B27B6F3D6F1B0423433B667A6669
:101FA000FFE7FFE7C04600232C042D0C7A6F386F43
:101FB00000196941B0BC7047000000D0F0B59446EC
:101FC0000025140E01D112020835140F01D112019F
:101FD0000435940F01D192000235D40F01D1520083
:101FE0000135D40B0134254F7C66254C3C660E0C24
:101FF00093B2FFE7FFE7FFE73C6F6643360C7703DA
:10200000BE467343DF0B5B04C01AB941130C734324
:10201000DB18C91ACE086643360CB64493B2734334
:102020001F0F1B01C01AB941130C73431F0B1B0573
:10203000C01AB941860D8F023E436643360C092D06
:1020400024DB520A7243801A7703460A6643360C31
:1020500016235B1BDE40DF40BF1964466643821BCC
:102060007046043506330100D940A840C01900D39A
:102070000131A24206D20023F0BD0000000000D0D2
:10208000FFFFFFFF121B0130F3D3F1E709277F1B8E
:10209000FE406446A2B27243801A00D20139220C7B
:1020A0007243130C1204821A99410B0070460435D6
:1020B00013370100F940A840801900D30131002BEB
:1020C00002D1A2420AD2F0BD013000D30131121B6D
:1020D000FAD2013BF8D1A24200D2F0BD013000D3C8
:1020E0000131121BF7E7F0B51C0C00D080E00CB4F6
:1020F00000251C0A04D11B02160E334312020835B8
:102100001C0B04D11B01160F3343120104359C0B29
:1021100004D19B00960F334392000235DC0B02D1B1
:1021200092185B4101351C00971864410134464FF9
:102130007C66464C3C660E0CFFE7FFE7FFE7C046B7
:102140003C6F6643360C7703BE4697B27743C01B9D
:1021500000D20139C01B00D201399FB27743C91B9D
:10216000C91B170C77437E04FF0B801BB941CE08B7
:102170006643360C0C2D33DBB644120B1F053A4375
:102180001B0B97B27743C01B00D201399FB2774334
:10219000C91B170C77433E043F0C801BB941860DC9
:1021A0008F023E43664329277F1BFE400C3D774646
:1021B000AF40BF1930BCA2B2ABB272437343801AB6
:1021C0009941220C7243130C1204801A99410200A7
:1021D0000B000137001BA941F9D2781E0021F0BD88
:1021E0000C277F1BFE4077467F0BAF40FF19E0E7CF
:1021F00000245D1C07D0144F7D663966FFE7FFE7BA
:10220000FFE7FFE73C6F95B29EB265436643401B14
:10221000B141150C1E0C6543664336042F0C3E433A
:102220002D04401BB141994204D202000B00200052
:102230000021F0BD01D19042F7D3801A99410134B9
:102240009942F2D3F6E70000000000D0FFFFFFFF45
:1022500048404140484018B41B4B5B68FC46019322
:1022600008BD04DFFB24001018B4174B1B68FC46A4
:10227000019308BD00DF052500109446134A926FB4
:10228000920809D2624618B40F4BDB68FC460193F2
:1022900008BD0CDFBD2700100C4AF0B5146E556E5A
:1022A000576F166F6246FFF7EEFF084A14665566D1
:1022B00057671667F0BD18B4034B9B68FC46019343
:1022C00008BD08DF61260010E8120020000000D0E1
:1022D000FFB550404240504059404B40594000E00B
:1022E000FFB5154F4C00640D03D0BC4204D10C0364
:1022F00014D80020090D09055C00640D03D0BC4210
:1023000004D11C030AD800221B0D1B0501264B40DB
:1023100009D44B4003D58B4200D18242FFBD994284
:10232000FCD19042FFBD0B43DB1803431343F5D0B0
:10233000C9434918FFBD0000FF07000000B5FFF7C3
:10234000CFFF804100BDC04600B5FFF7C9FF01D9EE
:10235000002000BD012000BD00B5FFF7B9FF01D985
:10236000002000BD012000BD00B5FFF7B1FF804196
:1023700000BD012040054A00121804D85A00121866
:1023800001D800207047012070470000002100287C
:1023900005D17047C1174840401AFAD0C90713B594
:1023A000064B1B6898470CBC441CA2401005120B3E
:1023B0000349091B09051943114310BD941E002050
:1023C0001F04000010B54C00620D8023D218DB0002
:1023D000D21A5B057E2A10DD9E3A13DACC17090368
:1023E000490819435242D140640001341532202A71
:1023F00005DAD0400843604310BD002010BD0846F8
:10240000604310BDC80FC018013810BD18B4044B8C
:102410005B6AFC46019308BD24DF6D2900100000B3
:10242000E8120020132370B51D78012D19D014DD9A
:102430001F48FFF731FB06001E48FFF72DFB1E4C1F
:1024400080223100200000F061FB022D2DD01B48BE
:10245000FFF71AFB1A4B186070BD1A4B164CA36499
:10246000F5E7184B144C23606360A360E3602361BD
:102470006361A361E36123626362A362E362236336
:102480006363A363E36323646364A364E364236516
:102490006365A365E36523666366A366E3662367F6
:1024A0006367A367E367A364D1E7064BA364CEE742
:1024B0005344000053460000E81200204C33000053
:1024C000941E0020C924001007B5604601880A0A3E
:1024D0000230DF2AFAD1C9B2820804D302884088C8
:1024E0000004104300E00068014A5050039007BD0B
:1024F000E81200200FB403BC0CBCF0B50124E407C3
:10250000634000E0F0B50C0DCF0F661E3605891B49
:10251000640503D3C943404200D30131640D03D0A5
:10252000661CF60A07D0E41B00207F00791C89078F
:102530008912803C24031D0DDF0F6E1E36059B1B88
:102540006D0503D3DB43524200D301336D0D03D03D
:102550006E1CF60A07D0ED1B00227F007B1C9B0738
:102560009B12803D2D032F1B661B58D4A446202EA2
:1025700046DA20371400BC401D00BD40F240334114
:102580002A4380185941CB0F05D0C943C0430022CC
:1025900064425041514162464D0D28D10D0D07D185
:1025A00000281FD0241940414941013A0D0DF9D0AE
:1025B000640006D3013000D30131002C01D1400862
:1025C0004000013A0BD4941CE40A04D112051144D2
:1025D000DB071944F0BDD907204B194300E0D907A8
:1025E0000020F0BD0029DDD1002CDBD1F0BD01328F
:1025F000C6074008CD0728434908002EE1D0D9E797
:102600003C2E29DA203E40371400BC4000D0012483
:10261000F24014431A00BB401C43D317ACE7AC464E
:10262000202F08DA20360400B4400D00B540F840F1
:1026300039412843A5E73C2F0CDA203F40360400FF
:10264000B44000D00124F84004430800B1400C43DA
:10265000C117EAE710001900002494E70000F07F9A
:10266000F0B50C0D661E3605891BE60A6405640D7F
:1026700002D0651CED0A04D0002001210905803C30
:102680002403A4461C0D671E3F05DB1BE70A6405F7
:10269000640D02D0651CED0A04D0002201231B0545
:1026A000803C24037740644497B484B296B2744368
:1026B000070C7E43150C6F4380B26843361802D373
:1026C000012000043F183004350C00197D41844678
:1026D00088B29AB250430C0C62431F0C7C438EB2FA
:1026E0007E43921902D301263604A4191604170C4E
:1026F0003618674101BC81B29AB25143040C62435F
:102700001B0C5C4380B25843121802D30120000412
:1027100024181004130C401863412D185E4100204A
:10272000474106BC88B293B258430C0C6343120C69
:10273000544389B251435B1802D301210904641840
:1027400019041A0C091862416D18564100204741BE
:1027500018BCF902720D1143F0026A0D1043ED022C
:102760000A0D03D16D1940414941013B124E9B1B9B
:102770007600B3420ED26D0007D3013000267141BE
:102780006646354301D1400840001B05C918E407DF
:102790002144F0BD0BDA013306D1013004D10131FF
:1027A0004F0D01D04908F2E7E1070020F0BD0136E6
:1027B00031050020EBE70000FF030000F0B51C0D21
:1027C000671E3F05DB1BE70A6405640D02D0661C2B
:1027D000F60A04D0002201231B05803C2403D025E7
:1027E0002D060026F6432E661E096E66CE0FF619DC
:1027F000B44649004F0D02D07E1CF60A03D00020DB
:102800000021403F3F033E1BB600B444013F7F051B
:10281000C91B49082E6F013676089C02950D254389
:102820007543ED137543AD1301356D10F603761B3B
:102830000CB4CC02450D2C43A2B2B3B25A43270CC0
:102840007B43350C6F43A4B26C431B1902D30124A4
:1028500024043F191C041D0CA4187D4124196D414A
:10286000009A91B2ACB26143170C7C432B0C5F43CE
:1028700092B25A43A41802D301221204BF182204B0
:10288000230C52187B41019C6C431B19520ED90139
:102890000A434401A01A81B2B2B2514303145A430D
:1028A000360C734387B27743D617D21900277E417F
:1028B00036049B191704160C7F185E417316ED1829
:1028C000F301002680337541A90F06D16400690A1F
:1028D000E8055B0A184309D22FE0042294448033B0
:1028E0007541A90AA8059B0A184326D340414941CE
:1028F0002404009A019B0D005543641B4343E41AD2
:1029000095B286B27543170C7E43030C5F4392B2B7
:102910005A43B61802D301221204BF183204330CF2
:1029200052197B4152429C41002C02D400220130BA
:1029300051414008CA071043490802B06246D70710
:102940009210084BD218084B9A4203D212058918EC
:10295000C919F0BD0020002A01DC3900F0BD0133A7
:102960001905F5E7FD030000FE070000002200B591
:10297000203200F004F8080000BD000000220B1512
:102980000AD410B5944600F031F81414013400DA7A
:102990000021CB17144C20470020002170476244CF
:1029A000343A0CD40C2A07DA040091409040524289
:1029B0002032D440214310BDD843D94310BD20322A
:1029C00007D40C469440524220321141D04020435B
:1029D00010BD0800C917203203D4524220321041E2
:1029E00010BD1800190010BD9F2900100A0DCC0F52
:1029F000531E1B05C91A520503D3C943404200D3D5
:102A00000131520D03D0531CDB0A07D0121B0020EA
:102A10006400611C89078912803A1203014BD21AA3
:102A200070470000FF03000051434343C9188C4620
:102A3000110C83B24B4310B4040C614392B280B2C8
:102A4000504362431C041B0C001910BC5941130471
:102A5000120CC0185141614470470000132310B597
:102A60001C781348FFF718F8012C0BD004DD010087
:102A70008022104800F04AF80F48FFF705F80F4B86
:102A8000186010BD0B4C01005422200000F03EF8ED
:102A90000B4B6365A365E36523666366A366E36624
:102AA00023676367A367E3672362E361E4E7C046E4
:102AB00053460000E81300204C330000941E002011
:102AC000C52A001007B5604601880A0A0230DF2ACD
:102AD000FAD1C9B2820804D30288408800041043A6
:102AE00000E00068014A5050039007BDE813002041
:102AF00001480421014B184720100020A91A00109A
:102B0000014B1B681847000020100020014B5B6838
:102B100018470000201000207047C046F8B5DE4678
:102B200057464E464546E0B599460D9B07008846F8
:102B300093469B0728D00B9B002B3CD016000B9C88
:102B40000A9D3619321B013C4B464146285DB84769
:102B5000002CF7D135000D9B9B070ED55B46EC1A78
:102B60000C9BA34209D91E002A004B464146202057
:102B70000134B8470135B442F6D32800F0BCBB4657
:102B8000B246A946A046F8BD0B9B0C9A934214D2BC
:102B900013005D460C000B9A9E1A76192A004B46CC
:102BA000013521002020B847B542F7D10B9BA04644
:102BB000002BC4D1E1E71500CDE75E46002BBED166
:102BC0005D46DAE7F0B54F46D6464646C0B584B016
:102BD0009C460EAB1F78129B9146BA460D9C109EE8
:102BE000119D9B074CD4002D41D1B44248D2012302
:102BF000129F1F40B8460C9B5F1E302303E0013438
:102C00003B55A64201D9202CF9D14346002B00D1D7
:102C100087E00C9B5F1E3023A54204D830E00134CE
:102C20003B55AC422CD0202CF9D1129BDB060DD5A4
:102C3000129B5B0557D4A64267D0A54265D00F9B77
:102C4000102B53D0022B5BD0202C36D12023129C8A
:102C500001930C9B4A460093039463460295FFF749
:102C60005DFF04B0E0BCBA46B146A846F0BD012302
:102C7000129A13409846012313422DD1B442BAD37D
:102C8000129BDB061ED5129B5B05D8D4002CD2D13B
:102C90000F9B102B60D00F9B022B71D0302301248F
:102CA0000C9A13705346002B11D1129B5B0740D531
:102CB0002B260C9A631C1655C9E7230001343026D5
:102CC0000C9AD654202CC1D05346002BEDD02D2683
:102CD0000C9A631C1655BAE7002F34D0013DB4425C
:102CE00000D288E795E70F9B102BAFD1129B9B0674
:102CF0003CD5202CAAD058230C9A13550134A3E7B5
:102D0000202CA3D02300013407E0631E012CBFD088
:102D10000F9A102A36D0022AD1D162260C9AD654A4
:102D200092E7129BDB06CDD5129B5B0500D482E7B0
:102D300085E7129A2300160700D488E720260C9A0C
:102D40000133165583E70C2313405F1EBB41ED1A78
:102D5000B44200D24FE75CE7129B9B060ED4782367
:102D60000C9A02241370302353709BE7202C00D15F
:102D70006CE778230C9A1355013465E75823EFE785
:102D80006033EDE70C9AA61EB618129A920602D589
:102D90005822327093E77822327090E710B50028FD
:102DA00000D110BD01F0ACFBFBE7C04610B5002818
:102DB00003D04A680B681100984710BDF0B54E4625
:102DC000DE4657464546E0B595B08346894692466D
:102DD00098461E9A1F9B10001900209EFFF7C9FA03
:102DE000002800D0D2E11E981F990122C44B524204
:102DF000FFF7A4FA002800D001E11E981F990122D4
:102E0000C04B5242FFF7B0FA002800D0D6E01E981F
:102E10001F990022BC4BFFF7A7FA002800D0B5E0AD
:102E20001E981F990022B94BFFF788FA002800D09E
:102E3000ACE01E981F9900220023FFF77FFA0028BC
:102E400000D0D1E000230B93229B5B0500D4062623
:102E50000024302306E006AA013417321355013E40
:102E6000202C01D0092EF6D81E981F99FFF7AAFA38
:102E7000A74BF2009B180CCB050008920993FFF7B3
:102E800089FA02000B001E981F99FFF7E4F9089ACF
:102E9000099BFFF710FA06900791FFF7B7FA0700B2
:102EA000FFF774FA02000B0006980799FFF7D3F9B1
:102EB0000022984B06900791FFF756FA002800D1A0
:102EC000E9E001373800FFF761FA02000B000898CB
:102ED0000999FFF739FA002801D000270135002EA3
:102EE00000D1B7E0069513E0172306AA9B180A2124
:102EF000380001341D19FEF773FF30312970380096
:102F00000A21013EFEF76CFF092F00D8E1E007001F
:102F1000202CE9D1069D20240CAB0693172706AB85
:102F2000FF180DE028000A21FEF732FF013430318E
:102F3000280039550A21FEF72BFF051E00D1B7E006
:102F4000202CEFD10323229A1340012B17D1219B70
:102F5000002B14D00B9B002B00D1E3E0219B013B05
:102F60002193202B0BD93023219A06E006A90134A6
:102F700017310B55944200D3A0E0202CF6D1229BB0
:102F800001940393219B0293069B21E0229B5246CE
:102F90000493219B4946039358461E9B1F9C02960F
:102FA00000930194434600F043F90400200015B05B
:102FB000F0BCBB46B246A946A046F0BD229B5B07CB
:102FC0000FD40322544B229901920391219902912B
:102FD00000935246434649465846FFF79FFD04007A
:102FE000E4E704224D4BEEE71E9A1F9B00200021D0
:102FF000FFF731F901231E901F910B9324E7022361
:10300000229A54461A40229B06929B0700D1ACE0BC
:103010002600434D08942F1F3200E8784346494666
:10302000013DD8470136BD42F6D1089C069B0434C9
:10303000002BBBD05746219AE31B9A42B6D9150004
:1030400022004346494620200134D847E31BAB42C7
:10305000F6D3ABE72800FFF79DF902000B001E989E
:103060001F99FFF7F8F82B4B002206000F00FFF71F
:1030700065F90CAB0693002800D04FE70022300022
:103080003900244BFFF770F9002800D046E70123F0
:1030900001359D4342E70022069807991D4BFFF733
:1030A0004DF9002800D01AE7002F59D1013716E753
:1030B0000323229A1340012B00D1A6E0202C00D13B
:1030C0005DE70B9B002B3AD02D23069A1355013454
:1030D00055E7069D202C00D11DE73023361906E068
:1030E00006AA013417321355202C00D113E7A6424B
:1030F000F6D12E230CAA0134069293550EE7C04652
:10310000FFFFEFFFFFFFEF7F65CDCD4165CDCDC167
:10311000907C00100000E03FC4790010BC790010E2
:10312000CC7900100C23229A134257D0219B013BEB
:103130002193A34200D916E7202C00D11FE7229B40
:103140005B0704D52B23069A1355013417E7229BFE
:103150001B0700D413E72023069A135501340EE70A
:10316000FB0700D4BBE60137B9E6219B042B00D84E
:103170004EE755464F46043CE4182A0043460135C5
:1031800039002020D847AC42F7D141E70227229BE3
:1031900055461F409B0726D006975F46234EEC1CE2
:1031A0002A00B078434649460135B847013EAC4253
:1031B000F6D1069F002F00D1F8E65746219AE31B6F
:1031C0009A4200D8F2E615002200434649462020E4
:1031D0000134D847E31BAB42F6D3E7E6219BA34279
:1031E00000D9C0E6CBE6219B032BD5D906975446E0
:1031F0004F46033DED18220043460134390020209C
:10320000D847A542F7D1069FC6E7219B002B00D1E6
:1032100054E70B9B002B85D0219B013B21939C42C3
:1032200000D2A0E6202C00D04EE7A8E6C879001016
:10323000F0B54546DE4657464E46E0B59BB0249C69
:10324000259D824688469346994622002B00200001
:103250002900FFF78EF8002800D0C1E001222000ED
:1032600029007C4B5242FFF77FF8002800D0B7E0DE
:10327000012220002900784B5242FFF75FF8002816
:1032800000D0ADE00022002320002900FFF756F80F
:10329000002800D0BBE1089409950898099980237B
:1032A000289ADB001A400F928022289E12011640B5
:1032B00032000E96289E0F000A901E4200D0A4E015
:1032C0000B00034300D0CBE0002A00D012E2320012
:1032D00006332693022313400C930223134200D09B
:1032E0000AE2279B042B00D215E200270426043BA8
:1032F0000E930022002320002900FFF71FF800286A
:1033000000D0C8E1554B289A134004930E9B0393B9
:10331000269B0293089B099C0093019441464B46CF
:103320005A465046FFF74AFD02002020289B002500
:10333000034059424B415B421840531C089341469D
:103340004B464530D047FB17FC185C40FB0F1F274E
:103350000A93731E0E930AABFF1806E020000A21A1
:10336000FEF73EFD0400202D08D00A212000FEF7C4
:1033700037FD013530317955092CEFD805230693F7
:103380000E9B56460593002304930A3303930A9B2E
:103390004146029312AB009330004B46089A0195C8
:1033A000FFF710FC0C9B002B28D05F46279BC41B0B
:1033B000A34223D982461D003A194B46414620209C
:1033C0000134B047A542F7D850465946279C421AC7
:1033D00001320023944200D395E1013018180DE02A
:1033E000289B009401950493279B0393269B0293AB
:1033F0004B465A4641465046FFF7E0FC1BB0F0BC36
:10340000BB46B246A946A046F0BD01432AD10E9B59
:103410003200002B00D15DE70027269B0026BB422F
:1034200000DD82E10022002320002900FEF786FF54
:10343000002800D04BE1289B084A02961A408023BE
:10344000DB0013430493279B0393089B099C009381
:103450000194CDE7FFFFEF7FFFFFEFFFFFF7FFFFD7
:1034600006232693B24B7800400DC018FEF792FF5A
:10347000B04AB14BFEF71FFFB04AB14BFEF7F4FE66
:103480003F03B04B3F0B3B430C900D9100220A9839
:103490001900AD4BFEF7DFFEAC4AAD4BFEF70BFF5C
:1034A00002000B000C980D99FEF7DEFEFEF78AFF76
:1034B0000700FEF76FFFA74AA74B0A900B91FEF794
:1034C000FAFE0022A54BFEF7CFFEFEF77BFFA44AD3
:1034D00006000A980B99A34BFEF7EDFE0A900B919C
:1034E0003000FEF757FFA04AA04BFEF7E4FE0200B3
:1034F0000B000A980B99FEF7AEFE02000B000A9033
:103500000B91FEF7D8FE0C900D910A980B990200D2
:103510000B00FEF7A9FE0022109011910C980D9956
:10352000934BFEF7AAFE0022924BFEF79DFE02008F
:103530000B000C980D99FEF7A0FE00228E4BFEF7B3
:1035400093FE02000B000C980D99FEF796FE0A9A66
:103550000B9B0C900D9180210020C905FEF77BFE8E
:1035600002000B000C980D99FEF77EFE02000B0086
:1035700010981199FEF781FE0022724BFEF774FE3F
:103580007E4B0022F6183305FEF795FE02000B0075
:103590000A900B9108980999FEF7D0FE002808D0F0
:1035A0000A980B990022734BFEF767FE0A900B9165
:1035B000013F0A990B9A0B0011003A006332C62AA8
:1035C00012D802222898042610400E9A0C90002A45
:1035D00026D1279B042B05D9002800D0A1E0279BEA
:1035E000043B0E93042642E00222289810400E9AD3
:1035F0000C90002A13D1279B052B00D889E00028C6
:1036000000D084E0279B0526053B0E9332E0802303
:103610001B069C46AC446346089409933DE6052688
:103620000B4300D1F9E608980999554A554BFEF726
:1036300093FE002808D0089809990022524BFEF703
:103640007DFE002800D0E8E6269B002B34D00F9B9F
:10365000002B31D0269B013B2693279BB34204D9F4
:103660000C9B002B59D002230C9300230E93002FA8
:1036700000D13EE60A9A0B9B08980999FEF7FDFDDA
:10368000002208900991002320002900FEF756FE31
:10369000002800D136E6089C099D289A80203B4BE3
:1036A00000061340220004930E9B0393269B029373
:1036B0002B180092019331E6279BB342D5D90C9B7E
:1036C000002B2AD000230E9302330C93CFE7289BC4
:1036D0002E4A8020089C099D1A408023DB0013435A
:1036E00022000493279B000603932B18009201935A
:1036F00002967DE6052695E600230E930233002709
:1037000004260C93F5E54B1E1B191B1A65E60223D4
:103710000C930526AEE70423E7E5279B9B1B0E933E
:10372000A5E7022304260C93A1E7DB1B5E1E79E6C6
:1037300001FCFFFFFB799F501344D33FB3C8608B5C
:10374000288AC63F0000F03F0000F83F61436F63E6
:10375000A787D23F71A379094F930A400000E03F49
:103760001655B5BBB16B0240EF39FAFE422EE63F6B
:1037700000002C400000244000001840FF0300001F
:103780002D431CEBE2361A3F80842E41FFF7FFFFEA
:10379000F0B55746DE464E464546E0B5A3B01F009D
:1037A0002C9B92460C93C94AC94B8B460B901A60CE
:1037B000002900D1BFE1002338789946002800D1C4
:1037C000C1E1C44B4C460993C34B0E935B460A932D
:1037D00008E0220053460A990B9DA8470134387827
:1037E000002876D001372528F3D110239B46083BCB
:1037F0009946043B9846033B002602259C463878B0
:10380000791C0300203BDBB2102B03D8099A9B00E4
:10381000D3589F460300303B092B36D900252A2870
:1038200000D1A7E000230D932E283FD00300683B72
:10383000DBB2122B1BD80E9A9B00D3589F466346CF
:103840000F001E43DBE70F002E43D8E743460F006F
:103850001E43D4E75B460F001E43D0E74B460F00E4
:103860001E43CCE7802378785B001E4301310F00B4
:10387000672845D82428ACD90300253BDBB2422B6E
:10388000A7D896499B00CB589F460025AB005D19F1
:103890006D002D1808780F000300303B303D0131DA
:1038A000092BF3D900230D932E28BFD1302280207D
:1038B00052429046C000064378780B00804442464E
:1038C000092A00D851E12A2800D15EE10F00013118
:1038D000ACE70A9BA1469B46CA4503D801235B423D
:1038E0005344994653464A46594600200B9DA847E3
:1038F000200023B0F0BCBB46B246A946A046F0BDAE
:103900000300693BDBB20F2B00D962E7012199402C
:103910008846734A11408B46110042460A4200D045
:1039200013E10A2B2FD0072B00D052E70C9D01CDBD
:10393000002800D134E121231E43B0461F260D9AF2
:1039400012ABF618A14694465946340002E000092D
:1039500020290AD00F26064032003732092E00D81F
:10396000073A013162540F28F1D863464C468B4622
:103970000D9322E10C9B20CB002D52DB78780C9329
:103980000F0001314EE70C9B0D9904CB90469B46EE
:10399000002900D128E1434618784144002801D18C
:1039A00000F029FC0D9A94460A0004E0597801338E
:1039B000002900D195E19A42F8D163460D93434620
:1039C000D31A0F93730500D46CE10F9B0D9A9342A9
:1039D00000D90F9202231A0032400C92334200D1D8
:1039E00091E20C930D9BB9461E1943461B1BA8463A
:1039F00022001F000B9D08E0541C53460A99A8475B
:103A0000385D002800D163E122009642F4D145469A
:103A10004F4634000C9B002B00D097E15B460C9383
:103A2000DDE60222787816430F006D420C930131D7
:103A3000F8E678786C2800D159E180235B001E43BA
:103A4000013114E780239B0078781E4301310EE793
:103A50007878682800D150E1802301311E4306E7C1
:103A6000672800D1C2E0472800D134E1452800D1C1
:103A700034E107210C9B0D9A07338B431900049600
:103A8000039502920CC90B98009201930C912200AD
:103A900053460A99FFF7CCFB0400A0E6462800D164
:103AA000A8E007210C9B0D9A07338B43190004965D
:103AB000039502920CC90B98009201930C9122007D
:103AC00053460A99FFF77AF9040088E69137001007
:103AD000681E0020F07A0010347B0010807B0010FC
:103AE000419000002200534625200A990B9DA847CB
:103AF000013474E60C9B04339B46631C9846B6075E
:103B000000D4FFE00C9B220018780A9953460B9EC4
:103B1000B0476419012D00D849E245460B9EB846CE
:103B20000A9F2A005346013539002020B047A5429C
:103B3000F7D1474672E7DB4B38780B930023994661
:103B4000002800D03DE60024C6E66F2855D000D8F6
:103B5000BCE21023782800D19EE09E430A239C46B5
:103B600000230F930A339B464DE000218A00521830
:103B7000520001331118187830390200303A092AFE
:103B8000F4D90D911F00591C50E60C9BB87804CB5A
:103B90000237D143C9170A400D920C93791C45E6B0
:103BA000102330009843113318438023804630009F
:103BB000DB0018401E4200D1C0E6434606930823AE
:103BC00005930D9B2200049310230393002302937B
:103BD0005B4601931AAB00930A9953460B98FEF784
:103BE000F1FF0C950400FAE50139D4E680231B01AE
:103BF0001E433EE720231E4353E708239C46002331
:103C00000F9308339B4680233000DB0018401E4290
:103C100000D11AE10D233100994380230A009B0053
:103C20001A409146194200D0C3E180230A005B008C
:103C30001A4090460C9A04320F92194200D08FE23B
:103C40004B0600D597E10B0600D4E5E20C9B1B88E0
:103C500099464B46002B00D005E2103399430028CB
:103C600000D100E2002398460D9B069104935B4629
:103C700003930023059502934346D9E0582808D0C2
:103C8000622878D102239C4600230F9302339B467F
:103C9000B9E720231E43103B9C4600230F931033AB
:103CA0009B46B0E702231A0032400C92334200D107
:103CB00005E20C934346B9460B9E0A9FA8461D1B7E
:103CC0002200534639000134B047285D0028F7D15F
:103CD00045464F469EE680231B011E4320231E437C
:103CE000C7E662460D9242469B1A0F936AE6C023CE
:103CF0009B00B8781E43F91CB9E5C023B8781E4371
:103D0000F91CB4E5012D00D84AE1631E9946A94487
:103D10004B4652462600A146BA461C001700A8464C
:103D20000B9D32003B00013620200A99A847A6428D
:103D3000F7D13B0057469A464C460C9B3200187808
:103D40000A9953460B9D4444A84767E6A0460F9B3B
:103D50009D4200D862E62C190B9E4546B8460A9F44
:103D6000E41A2A005346013539002020B047A54205
:103D7000F7D1474652E680233200DB001A409046D6
:103D80001E4200D1F3E011218E43B44698468023B1
:103D900062469B001A40934662461A4259D18023DC
:103DA0005B001A4091460C9A04320F9262461A4206
:103DB00000D0A0E163465B0600D5D4E063461B0655
:103DC00000D412E20C9B00229B5ED81719184140C8
:103DD00089B2DA0F0C92002B00D187E188461F26AA
:103DE00012ABBB461495F71845464E46E046A14631
:103DF00006E028000A21FDF7F3FF0500202E08D079
:103E00000A212800FDF7ECFF01363031B955092DA4
:103E1000EFD84C46C446B1465F46149D63460693B0
:103E20000D9B059504930A2303930C9B02934B4629
:103E300001931AAB220000930A9953460B98FEF7A0
:103E4000C1FE0F9B04000C93C9E40C23310099437D
:103E5000E3E60822072191460C9B07338B439944E4
:103E60004A460ACB08000C92DA0F9346184300D05A
:103E700085E0002399464346002B2FD100220023E2
:103E80001092119300231F26994612ABF6185B4639
:103E90001495BB46E04637000F934E46A146109C52
:103EA000119D05E0192B001004000D00202E0CD0F0
:103EB0000A22002320002900FDF7D0FF013630320E
:103EC000BA55002DF0D1092CEED80F9B1094119506
:103ED0005F464C46C446B1469B46149D63460693D6
:103EE0000D9B059504930A2303935B4602934B466F
:103EF00001931AAB220000930A9953460B98FEF7E0
:103F000061FE04006BE40F9B9D4200D896E1802384
:103F1000DB000C930F9B2E19F61A43460F930D9B53
:103F2000A84699465346BA461F000B9D22003B0007
:103F3000013420200A99A847B442F7D10F9B454687
:103F400098464B460D933B0057469A464346187891
:103F5000002800D162E56B1C0F930C9B002B00D155
:103F6000A8E600233DE50C9B1B78190031E71023E0
:103F70009E43B4460BE70C9B1B78994669E6DA171B
:103F8000129213924A401092129813990A005A40C2
:103F90001192109A119B121A8B411092119371E792
:103FA0000C9B220018780A9953460B9CA047444664
:103FB00034E50822072690460C9B0733B343984408
:103FC00042460C921A685B68149208931300089A90
:103FD000134305D11033994300239846002838D164
:103FE00061208B0600D5412000231F2698465A46A3
:103FF00012ABF618030018920F9A0A3BB1461695B9
:10400000179419974446664690469B46149F089D10
:10401000159103E007000D00202C13D0320000237F
:1040200038002900FDF71AFF5B46D2B2D318092ADF
:1040300001D8130030334A4601341355A845E9D15D
:10404000BE42E7D9189BA0469B461599169D179C22
:10405000199F0D9B069104935B46039300230595DE
:104060000293434644E761208B0600D541201F267A
:1040700012ABF21803000A3B0C934B464646A1468E
:10408000A8461C005D461491BB46170002E00400E0
:10409000202E0DD029002000FDF7A2FE0C9BCB188E
:1040A000092901D80B0030330136BB55AC42EED2A2
:1040B0005F464C46AB4614994546B046D4E50F9B47
:1040C0009D4200D926E701330F93F3E51023320018
:1040D0009A439446692800D0A2E080233200DB0096
:1040E0001A4090461E4200D151E64CE64346002B52
:1040F00000D093E673E60C9B1B68DA0F002B70D0A0
:10410000D9175B184B4098461F2612ABF618A146EC
:1041100014955C464546BB46E04637000C9206E0E7
:1041200028000A21FDF75CFE0500202C08D00A219A
:104130002800FDF755FE013430313955092DEFD8EF
:104140005F46C446A3464C46149D0C9A63460693AC
:104150000D9B059504930A23029203935B4667E641
:104160000C9B1B689846002B03D110339943002801
:104170002DD161208B0600D541201F2612ABF618E9
:1041800003000A3B4A460C93149143463100A8466B
:10419000A1465E461400BB461D000F0002E005006C
:1041A000202C0DD031002800FDF71AFE0C9BCB18F7
:1041B000092901D80B00303301343B55B542EED20A
:1041C00023005F464C464546B346994614990D9BDD
:1041D000069104935B4603930023059502934B4697
:1041E00026E64346002BB1D18EE70C9B1B68D817FF
:1041F00019184140EDE580233200DB001A400F9290
:104200001E420FD00230020032400F92304219D0CD
:104210000023A0460F939AE50C9B1B68994618E56E
:1042200016009BE402231A0032400C92334200D065
:104230008CE5002D00D06DE6FFF7F0FB01330F9306
:10424000FFF7D0FB0C93F4E700B585B00391012193
:1042500002900093034813004A4202A9FFF798FA1C
:1042600005B000BDAD2D001010B5094A030014685B
:1042700084B0002C08D0012200910648524203A9C4
:10428000A047012004B010BD00F084F90020F9E738
:10429000681E00209D2D001000BEFDE77047C0463F
:1042A00010B5FFF7F9FFC04670B5FDF74DFC074D9F
:1042B000074EB54209D20024013E761BB6080136EE
:1042C00008CD01349847B442FAD170BDD4750010BE
:1042D000D8750010030010B5080011001B6898473E
:1042E00010BDC046F8B5437D07000D001600002B39
:1042F00038D0002A1ADD0B780A2B18D00020012EA6
:1043000009D0012421006B5C01340A2B1AD0B4427D
:10431000F8D1864203DD311A3B6828189847AD1959
:10432000013D2B780D3B5A4253413B75F8BD037D4F
:10433000002BE3D102210E483B689847012EEED0B6
:104340000120DEE76B1E5B5C0D2BE0D0884203DAB8
:10435000091A3B6828189847054802213B68984786
:104360002000D4E70368110028009847DEE7C04624
:10437000E07C0010F8B50B680D005A1CCB180A60E1
:104380001871802A00D0F8BD0E4B1C68002C15D087
:104390000D4E0F1D02E02469002C0FD02368002B66
:1043A000F9D03368002B01D0A342F4D120003900AA
:1043B0002A68FFF797FF2469002CEFD100232B60B8
:1043C000E1E7C046581A0020601A0020F0B54646C2
:1043D000D6464F46C0B582B090461C0006000D0080
:1043E000FDF7DAF800232F4A12184B41002B02DAAE
:1043F00001222D4B52422D4908008A4603F0B4F8A1
:1044000081466B1C03D1300003F034F80500002C0A
:1044100027D0274F274B1C68002C18D04346002B71
:1044200021D1254B984602E02469002C0FD0236847
:10443000002BF9D043461B68002B01D09C42F3D1DE
:1044400020002A003100B8472469002CEFD14B46E8
:10445000002B23D1280002B0E0BCBA46B146A846E2
:10446000F0BD164FD6E7144B984602E02469002CA5
:10447000EDD02368002BF9D043461B68002B01D0F8
:10448000A342F3D12A0031002000B8476B460A222C
:104490002000DA71D91D093AB847E7E7504603F022
:1044A0004BF8D7E740420F00FFFFFF7F901000203E
:1044B000E5420010581A0020601A0020D542001072
:1044C0000A4A1368002B05D10CE01A001B69103250
:1044D000002B07D08342F8D1002902D1186910605F
:1044E000196170470029FCD01060FAE7581A0020C3
:1044F00010B500F0A9F900F05DFB012010BDC04629
:10450000F0B5CE46474680B583B06B460600DD1D4C
:104510002870FDF741F80023194A12184B41002B6F
:1045200002DA0122174B524217490800894603F06C
:104530001BF8164B80461C68002C14D0144F02E068
:104540002469002C0FD02368002BF9D03B68002B86
:1045500001D09C42F4D1200001222900FFF7C2FEC5
:104560002469002CEFD14346002B05D1300003B065
:10457000C0BCB946B046F0BD484602F0DDFFF5E7E5
:1045800040420F00FFFFFF7F90100020581A0020CC
:10459000601A002070B5040002F06CFF01230100D6
:1045A000050001222000FFF711FF084B1C68002CBA
:1045B00006D06368002B05D098472469002CF8D1F9
:1045C000280070BD2469002CF3D1F9E7581A0020A7
:1045D000F0B5CE46474680B5A3B004000E00FCF708
:1045E000DBFF0023264A12184B41002B02DA01227E
:1045F000244B5242244802F0B7FF002322000193CB
:1046000080463300214801A9FFF71EFE204F019B81
:1046100081463C68002B19D0002C2FD01D4E02E0A3
:104620002469002C0FD02368002BF9D03368002BAD
:1046300001D0A342F4D12000019A02A9FFF752FE53
:104640002469002CEFD100233C680193002C06D094
:104650006368002B0CD098472469002CF8D143469E
:10466000002B07D1484623B0C0BCB946B046F0BDC8
:104670002469EBE7044802F05FFFF3E70194EEE7FB
:1046800040420F00FFFFFF7F901000207543001095
:10469000581A0020601A00200FB400B583B004A996
:1046A00001C90191FFF794FF03B008BC04B018479B
:1046B000F0B5002915DD0E4B0D271A680D4B0E4C79
:1046C000D3185D426B41451820215B001E5F0478C2
:1046D000A64207D093691942FCD101301460A84268
:1046E000F5D1F0BD93691942FCD11760F2E7C046DD
:1046F000A41E00200080FCBFA01E00201F4B30B570
:104700001B680D1E9C462ADD441E102100201C4BF8
:104710001A689369194214D1013093691942FCD186
:10472000136823548542F4D16346002B07D05023ED
:104730009363516B183B0B401249521813602800C9
:1047400030BD6346002B07D050239363516B183B59
:104750000B400C49521813600028F1D10BE0002BDC
:1047600009D05022064B1B689A63596B183A0A40CD
:1047700004495B181A6003204042E1E7F019002069
:10478000A41E002034100000064B10B51B68002B3F
:1047900006D00021044A12689163044A10689847C1
:1047A00010BDC046F0190020A41E0020F8190020FA
:1047B0000822034B19688B691A42FCD17047C04626
:1047C000A41E002070B51A4E1A4B32680400D3188C
:1047D00058424341184D143318002B68002C02D066
:1047E000002B0FD070BD002BFCD00600002194637D
:1047F000FBF7DEFF30001149FCF718F9104B2C6075
:104800001C60EFE72C6004000D4B19600B49FCF7AE
:1048100007F801212000FBF7CBFF502233689A6391
:10482000596B183A0A4007495B181A60DAE7C04624
:10483000A41E00200080FCBFF01900208947001052
:10484000F8190020341000000D4B10B51B780D4BEB
:104850000D4C1B780D4B02211B780D4B0020236063
:10486000FBF786FE02210120FBF782FEE121206892
:104870004902FCF7E1FE01210648FFF721FE10BDC9
:10488000D87F0010D47F0010A41E0020D07F00101D
:104890000040034030100020024B1860024B1960AA
:1048A0007047C046F4190020FC19002010B5024BD7
:1048B0001878FBF79BFF10BDBF1E0020154B70B58D
:1048C0001A68002A22D0EFF3108172B6106800280F
:1048D000FCD0BFF35F8F00200F4A596010701B6837
:1048E000BFF35F8F186081F31088002400250B4E02
:1048F0003078FBF76FFF002804D100240025290041
:10490000200070BD3078FBF771FFF8E7FA2400252E
:10491000A400ECE7741E0020C01E0020BF1E002073
:1049200070B5050000200E0001F078FB002834D09F
:10493000002001F089FB00282FD0FCF72DFE00237A
:10494000174A12184B41002B16DB164C200002F0C0
:104950000BFE002821D0002001F060FB00280FD1C1
:1049600001200021404200F089FD03256D42200016
:1049700002F0E2FD280070BD01220B4B5242E4E739
:10498000002001F061FB0028EAD02900320000205D
:1049900001F064FB051EEAD1E7E703256D42E9E774
:1049A00040420F00981E0020FFFFFF7F10B5FCF76C
:1049B000F3FD00230D4A12184B41002B02DA0122AD
:1049C0000B4B52420B4802F0CFFD00280CD00120C7
:1049D0000021404200F052FD002001F083FB00283E
:1049E000F5D1044802F0A8FD10BDC04640420F00BA
:1049F000FFFFFF7F981E0020F8B5CE46474680B5E2
:104A000005000C00FCF7C8FD0023344A12184B4186
:104A1000002B02DA0122324B52423249080088460A
:104A200002F0A2FD002803D1C0BCB946B046F8BDD3
:104A3000002001F0F3FA002848D00026002C41DDC8
:104A4000294B994613E0A919002001F087FB0700C4
:104A500001200021404200F011FD002001F042FB46
:104A6000FCF79AFD204BF61903C3B4422ADD00205F
:104A700001F094FBA71B0200B84200DD3A00002AB7
:104A8000E1D101200021404200F0F8FC002001F0BB
:104A900029FB002001F0C2FA002813D0002001F009
:104AA0007DFB0028E1D1FCF777FD4B460F000CCBD6
:104AB000002184460D4812184B419F4202D8D4D1A0
:104AC0009445D2D9404602F037FDADE700200021E1
:104AD000054B03C3404602F02FFDA5E740420F00FF
:104AE000FFFFFF7F981E0020E012002020A107009A
:104AF00030B5002185B0284802F0EEFC00281CD11A
:104B0000264B1A68002A16D0EFF3108172B610688F
:104B10000028FCD0BFF35F8F012421485960027840
:104B20001B68D2B20470BFF35F8F0020186081F35E
:104B30001088002A17D005B030BD01200021404266
:104B400000F09CFC002001F07FFA0500124802F002
:104B5000F3FC002DEFD0134B1B68002BEBD0124A57
:104B600010689847E7E7FCF70DFB0400FCF714FD1D
:104B7000FA220023920012184B41002B02DA012284
:104B80000A4B524201210291002101910849200063
:104B90000091FCF7FBFACEE7981E0020741E00205F
:104BA000C01E0020F4190020FC190020FFFFFF7F29
:104BB000BD480010D02310B51B0684B01C68FCF75C
:104BC000E1FAFCF7E1FBA04202D0002004B010BDE6
:104BD000284B002100201B7801F0A6FC2648036822
:104BE000002B44D00120FCF765F8FF23234C244917
:104BF00020701840FBF714FE20780121FBF7D8FD48
:104C00000520FBF7FDFD002824D1082200211D48C6
:104C1000FDF776FFFCF7B6FA0400FCF7BDFCFA22BC
:104C20000023920012184B41002B02DA0122164B8E
:104C3000524201210291002101911449200000916A
:104C4000FCF7A4FA0028C0DB11480121FFF738FC6B
:104C50000120BBE70120FBF769FD01000948FCF7D3
:104C600089F8002205200B49FBF704FEECE7FCF76E
:104C700065F8B7E7DC7F0010981E0020BF1E0020FB
:104C8000F14A0010741E0020FFFFFF7FBD48001096
:104C900048100020AD48001000487047787D001093
:104CA00000487047247D001010B5040016480378B2
:104CB000002B20D0002C06D1144B15484380063B16
:104CC000FF3B038010BD052C1CD8124BA400E458F8
:104CD0000F480123811C013C04E001330A800231AA
:104CE000142B0CD0E25C002AF7D1C022DBB25B00AF
:104CF00092001343E5E7112100F016F8DAE7CA2322
:104D00009B00DEE70020DDE7A81E0020090400006C
:104D1000301A00200C7D001010B5024800F0F4F8A5
:104D200010BDC0468C1E002030B5012900D1BBE06B
:104D3000744B01391A78121114003034092A00DD3D
:104D4000B5E00470012900D1DAE00F221C7822407E
:104D500014003034092A00D9ACE04470022900D193
:104D6000CEE05A789446121114003034092A00DD3E
:104D7000A3E08470032900D1C2E064460F222240E0
:104D800014003034092A00D99AE0C470042900D1F3
:104D9000B6E09A789446121114003034092A00DDE6
:104DA00091E00471052900D1AAE064460F22224057
:104DB00014003034092A00D988E04471062900D152
:104DC0009EE03025AC46DC7822119444092A00DDAF
:104DD0007FE062468271072900D191E00F222240D4
:104DE00014003034092A00D977E0C471082900D1B1
:104DF00086E03025AC461C7922119444092A00DD56
:104E00006EE062460272092900D179E00F22224049
:104E100014003034092A67D844720A2900D16FE09F
:104E20003025AC465C7922119444092A5FDC624645
:104E300082720B2964D00F22224014003034092AD8
:104E400059D8C4720C295BD03025AC469C7922110C
:104E50009444092A02DD0735AC4694446246027345
:104E60000D294DD00F22224014003034092A01D9D7
:104E70003732140044730E2942D0DA7913111C0022
:104E80003034092B01DD37331C0084730F2937D0F0
:104E90000F2313401A003732092B01D830331A0080
:104EA000C27310292CD010300023037030BD37326C
:104EB000140046E7373214004FE73732140058E742
:104EC0003732140061E7373214006AE737321400D2
:104ED00073E70735AC4694447BE73732140084E728
:104EE0000735AC4694448CE73732140094E7073515
:104EF000AC4694449BE737321400C4720C29A3D10A
:104F00004018D1E78C1E002010B588B004000D2297
:104F100000216846FDF7F4FD0D22002104A8FDF7ED
:104F2000EFFD6A464B236846137004A900230D2247
:104F300002F0E2FA1521082220006944FDF7E6FD9F
:104F400008B010BD7047C0460022014B1A70704770
:104F5000BE1E00204B790020FF2B0BD18B79002B3C
:104F600008D1CB79012B05D1082A03D9024B8A78C5
:104F700009301A707047C046BE1E002001207047DD
:104F800010B5012913D115495379107909781B02FD
:104F900003430020994200D010BD5378012B08D064
:104FA000022BF9D1642200210020FCF717FD01201B
:104FB000F2E7D17893780902194380230A005B0055
:104FC0001A40194206D00A06D20F480A0323194094
:104FD000FCF78CFD01204042F8E7C046BE1E0020D1
:104FE00000487047347E00109446012310B5012913
:104FF0000AD152780023012A06D1624611795279EA
:1050000012020A43072A01D0180010BDA6336146D8
:10501000024A00F0EBFE0300F6E7C0468C7D00106C
:105020000123037000487047587E00104B780A78BF
:105030001B0213438A7810B512041A43CB781B065F
:1050400013439622D200934200D010BD00220120CB
:1050500011004042FCF74AFDF8B500F03BF90C2383
:10506000194DFF22AB6705201849FBF703FC184CCC
:10507000402200212000FDF743FD402700230126A8
:105080002121144A66702783A260136063545F3144
:10509000618445396354104A10496360E260278790
:1050A000A1620B606362E26202F056FA80239B0504
:1050B0002E64EB6490230A4A0120EA508022094BB7
:1050C0005202DA64F8BDC0460000115011050020FC
:1050D000641A00208400105000011050800010500D
:1050E00010D001000020115010B501210520FBF760
:1050F0005FFB10BD10B500220021024800F00AF944
:1051000010BDC046841A0020044B1970002904D039
:1051100080219023024A8902D1507047BA1E002094
:10512000002011500B785B0600D070474B78052BA0
:10513000FBD18A78014B1A60F7E7C0460000115096
:10514000F8B5CE464746CB7880B59B079A0F10003E
:10515000012A58D08C780A794B797F211B02214093
:10516000E50913434A0091462C4E52195201B218D8
:10517000947001246C40547000245B055B0DD47066
:105180001383D076CA00012D2CD0254FD2198F0160
:10519000BC46B4446746BA60146000292CD0214A4A
:1051A000C900891879603F339B09022832D09A01DF
:1051B0004B461D4C5B1921685B01F6181B4B8A1886
:1051C000F16022609A4227D8194A83064A40134365
:1051D000802212061343726813600120C0BCB946D6
:1051E000B046F8BD134FD2198F01BC46B444674690
:1051F000BA621460002908D100236D0175196B6033
:105200000D4BEB60E9E70020E8E7094AC90089187F
:105210007962C8E7DA01CBE7FCF790FC641A00205A
:105220008400105004001050701E0020FF0F10501A
:1052300000001050800010500001105010B502F016
:105240008BF910BD7F2010B508404000C9094018F7
:105250001100044A400180181A0000F05BF8012098
:1052600010BDC046641A00207F23180000B5084016
:1052700083B00B4204D14B424B41084A0133936641
:105280008022C9094000064B401840010021C01887
:10529000120102F079F903B000BDC04600201150A0
:1052A000641A00207F22130010B50B400A4200D17F
:1052B00010BDC9095B005B1804485B01C0180023DE
:1052C00000220349C37002F05FF9F1E7641A00207D
:1052D000FFF7FFFF80220A4B520410B51A60094BFA
:1052E00009491A6010000B689843FBD18022002105
:1052F00052010648FDF704FC0922054B5A6710BD10
:1053000000E0004000F0004008C0004000001050E5
:1053100000001150002310B5C382013382828376CE
:105320000161040002F0F0F8002804D080219023ED
:10533000074A8902D150200002F006F9002802D065
:105340000123237710BD200002F0EEF8FAE7C046F3
:10535000002011507047C0467047C046002070477B
:10536000002070477047C0467047C0467047C0462F
:105370007047C046024B5878431E9841C0B27047F0
:10538000D0150020024B18784007C00F7047C04668
:10539000D0150020F0B5D6464F464646C0B52C4B3A
:1053A000814698461B788A46FF2B4BD100293BD07B
:1053B000002154222748FDF7A3FB0022264C274B4F
:1053C00020001A70FBF7BAFC254B1C60254C20000E
:1053D000143CFBF7C1FC200001F098FB224B234D4D
:1053E0001C60234B002B04D02800FFF719FE214B33
:1053F000186000242B78204F1E4E0DE033686201A8
:105400009B18002B10D05B68002B0DD098470134FF
:105410002B78E4B2A34209D3A342EFD8E31A5B018D
:10542000DB195B68002BF1D100200CE042464B46B3
:10543000514648461370FFF70FFE0028F4D0484647
:10544000FFF752FE0120E0BCBA46B146A846F0BDC7
:105450007C100020D0150020C8150020BB1E0020A5
:10546000241600207410002028160020B91E0020E9
:1054700021500010E8140020207F0010F0B5DE4617
:1054800057464E464546E0B5C84B91B003931B784E
:10549000FF2B00D142E1C64BC64E1F00C64B0DACE0
:1054A0000293C64B019335686A69EFF3108172B6B7
:1054B0001368002BFCD0BFF35F8FA9612800210087
:1054C00001F05AF96A69AB69BFF35F8F002111607F
:1054D00083F31088002800D120E16378082BE2D8FC
:1054E0009B00FB589F466368002BDCD0A068984760
:1054F000D9E77F222179B04D0A405300EB18984636
:10550000C809804440460123303005799D43057128
:10551000057903339D430571002A00D105E1434617
:10552000A74A1B7D1278934200D3F5E0A54A5B01A0
:105530001568ED18002D00D1F0E0A368627920789D
:10554000AD69A847AFE7A04B1A78002A00D1E5E083
:105550001A78013A1A701B78002BA4D10122964DBB
:1055600001212B78042013432B703423EA5C8A43F7
:10557000EA54EA5C8243EA540133EA5C8A43EA541F
:10558000EA5C8243EA54237800209B4600F088FCC2
:10559000602223791A40602A00D1F1E0402A00D12C
:1055A000F7E0DB06DB0E012B00D115E1022B00D169
:1055B000CAE0002B00D0E3E0202A00D111E2002A4B
:1055C00000D0DDE06379092B00D9D9E07F4A9B0048
:1055D000D3589F46784D2B78DB0700D463E7FFF75D
:1055E000C7FE60E7029BDB78DB0700D45BE76068FF
:1055F000FFF7B2FE57E7704D2B78DB0700D452E778
:1056000028780007C00FFFF7B1FE4CE723786B4AFC
:10561000994693466A4B6B4A984692463A00002553
:1056200047461B78B0464E4691460EE053461B68EF
:105630006A019B18002B00D17DE0DB6830009847A1
:1056400001353B78EDB2AB420CD3AB42EED8EB1A4E
:105650005B015B44DB683000984701353B78EDB275
:10566000AB42F2D2544D542200212800FDF748FAF3
:105670001022FF21281DFDF743FA28002022FF21D8
:10568000143046464F46FDF73BFA00F0FFFB237906
:10569000AB7008E723784B4A9946494B92469846A7
:1056A0003200BB464E460025474691461B780DE02A
:1056B00053461B686A019B18002B40D0DB68300002
:1056C000984701353B78EDB2AB420DD39D42EFD305
:1056D000019AEB1A5B01D318DB683000984701355B
:1056E0003B78EDB2AB42F1D2029D5422002128005A
:1056F000FDF706FA1022FF213548FDF701FA2800D0
:105700002022FF2114304E465F46FDF7F9F900F0E4
:10571000BDFBFFF729FEC6E6934213D011B0F0BCE3
:10572000BB46B246A946A046F0BDA3686279207880
:1057300000F0CAFBB7E646464F461F4DA5E74E466A
:105740005F46E4E71D4DF8E67023217A0B4217D13E
:10575000C80982460F330B405B0098461848EB1887
:1057600053441B7D0078834264D216485B01006875
:1057700081469944002A00D155E14B46002B61D166
:1057800020780021FFF770FD80212078FFF76CFD65
:1057900089E6104800F084FB012158460EAAFFF765
:1057A00023FC002800D07EE6EAE7C0467C100020FB
:1057B000787E001028160020D0150020207F0010D1
:1057C000B91E0020E8140020BB1E00209C7E0010A3
:1057D000D4150020E94F0010237A22890F2BCFD84F
:1057E000FF231340D14AEB181B791278934234D32C
:1057F000C6D1CF4D686900F053FB012158466B6953
:105800000EAA9847002800D04DE6602215002379A3
:105810001D401A42B4D163790A3B012BB0D800F085
:105820003FFB63790A2B00D18AE158460EA900F0AC
:10583000C7FA38E6834200D0F0E0BD4B9946002A13
:1058400000D1F0E04B46586900F02AFB4B4601219D
:1058500058465B690EAA9847A3E7B64A5B011568EC
:10586000ED18002DC6D18BE7A37999466B78994541
:10587000DBD06B78002B00D02CE14B466B70002BFB
:1058800000D124E148460138C0B2FFF709FA0028E8
:1058900000D174E143780793022B00D06FE101221D
:1058A000C179B1468B11491113400A4030211201D0
:1058B0005B0113432A78A8468A4313432B700923BC
:1058C0009A4682445646BA46C37882781B021343EE
:1058D000C3180593954B0493954B0893954B0993E7
:1058E000954B0A93059BB34200D84BE17378012294
:1058F0000B2B03D13378F278F6187378042B00D091
:105900003AE1059B00279B1B9BB20693049B0B92DD
:105910001D7819E0099A7B011568ED18002D00D15A
:105920002AE1310058462B69069A98478446082890
:1059300003D9069A824200D30BE1049B01371D78FC
:10594000FFB2BD4200D217E1BD42E3D8089B7D1BE8
:105950006D015D19E5E76B780CAA023213705846A9
:1059600001230EA900F042FA9DE5E088030AC0B2C7
:105970000F2B00D904E771499A008A5897460EA860
:1059800000F094FA5846A179FFF7B4FB02222B7875
:1059900013432B7087E5E388012B00D0F0E6082243
:1059A0002B78584693430EA92B7000F009FA7AE53C
:1059B000022029780CAB9A1C8B068908DB0F01406A
:1059C0000B431380584602230EA900F00FFA6AE534
:1059D000E388012B00D0D3E608222B7813432B70E9
:1059E00023E7237A22890F2B00D9C9E6FF2313402E
:1059F0004E4AEB181B791278934228D24D4A5B012C
:105A00001568ED18002D00D1BAE6686900F048FA73
:105A1000012158466B690EAA9847C2E6002A00D0B9
:105A2000AEE6002399466279022013000492834374
:105A3000012B11D0002A00D0A2E62B00434453448E
:105A400030331B790CAA9B07DB0F0232B9E7934274
:105A500000D095E6364DD8E7E388002B12D1039BA2
:105A60001878049B012B23D0FFF7FEFB434602214D
:105A7000EB18534430331A790A4301211A711A7909
:105A80000A431A714B46002B00D10CE5586900F00F
:105A900007FA4B4601215B690EAA58469847002039
:105AA00000F0FEF93523EB5CDB0700D5FBE4BCE638
:105AB000FFF7F8FB43460221EB18534430331A79C1
:105AC0008A431A711A7904998A431A71DAE7FFF73F
:105AD0004BFCAAE600215846FFF716FB5846FFF795
:105AE000ADFB00229246124AAB780592114A04930C
:105AF00006922A000D4B5546984692461B780EE0BA
:105B0000069B6A011B689B18002B54D0DB68584623
:105B10009847434601351B78EDB2AB4237D3AB42D1
:105B2000EED8059AEB1A5B01D318EFE7B91E0020F7
:105B3000207F0010E8140020E4150020C47E00102F
:105B40000CAB9A1C584601230EA9157000F04EF9B3
:105B5000A9E40B9A012A4CD0002A3CD00023B0784B
:105B600004E00133DBB20F71934234D2C118C9B2E1
:105B700041440D79FF2DF4D04E464546574600234B
:105B80006B70FDE54E465746FFF7ECFB4DE655467C
:105B9000542200212800FCF7B3FF1022FF21281D0A
:105BA000FCF7AEFF28002022FF211430FCF7A8FFED
:105BB000049BAB7061E65546FAE7FFF711FA021E47
:105BC00000D1DDE5D37891781B020B4358460EA92E
:105BD00000F00CF9E5E565463B0031002A000A9823
:105BE00000F046FD049B76191B78BB4200D379E692
:105BF000C2E7174B29699942B0D1079AAEE7FFF780
:105C0000ADFB021E00D1BBE5584613780EA900F08B
:105C1000EDF8C6E52189FFF747F8021EF4D1AFE59C
:105C2000022B0FD0FFF79CFB021ECBD1A8E5FFF79C
:105C300033F8021E00D1A3E5122358460EA900F046
:105C4000D5F8AEE5FFF72CF8021EBBD198E5C046AB
:105C500099620010F0B54F464646D646C0B50C00D6
:105C600016001F0082B0002A3AD0702398461D4BC0
:105C7000002599461C4B9A461AE04B461B7820009B
:105C800001935346997800F0B9FC00281CD02100FC
:105C90000198FFF755FA002816D0A378DA09012AEF
:105CA00019D00A9A01351370B54219DA2378E4182D
:105CB0006378052B08D1E3789B079B0FBB4203D188
:105CC0004246A3781A42D8D0002002B0E0BCBA46BF
:105CD000B146A846F0BD0B9A01351370B542E5DB1D
:105CE0000120F2E77C100020D0150020702270B552
:105CF0008B780C001A4201D0002070BD064B2000AA
:105D00001D78064B997800F079FC0028F4D021002A
:105D10002800FFF715FAF0E77C100020D0150020CE
:105D20007F20074B10B51A680840CB093433400078
:105D3000C018044B1100C01800F01CFC10BDC04678
:105D400024160020D01500207F20074B10B51A68BC
:105D50000840CB0934334000C018044B1100C01870
:105D600000F030FC10BDC04624160020D0150020E5
:105D700070B57F24C80984460C400F48640004199C
:105D8000644430342079C00701D5002070BD0B4831
:105D90000125007884462079284320716046FFF76A
:105DA00051FA0028F2D101222379934323712379F8
:105DB000033293432371E8E7D01500207C100020C4
:105DC00070B5094C0600082220000D00FCF79EFE6D
:105DD00000238021E360A3602B78300099430022E8
:105DE0000023FFF7C5FF70BDB0150020F0B5C64613
:105DF000244C170080460822200000B50D001E002C
:105E0000FCF784FE0023A760E381EB79AA791B02EB
:105E100013431A1CB34200D9321C96B2A281002B44
:105E20000CD0002E15D0002F2AD0402E1AD823785F
:105E300096B27F2B1BD80021134A0EE080212B78CD
:105E40000022994340460023FFF792FF80BCB846EA
:105E5000F0BD7F2300222178994333004046FFF7AD
:105E600087FFF3E74022237896B27F2BE3D9064CD5
:105E7000320039002000FCF749FE80212200ECE7C7
:105E80000020E3E7B01500207015002010B51422A3
:105E900000210248FCF734FE10BDC046B0150020BA
:105EA000014B18617047C046B015002010B5054C75
:105EB000010008222000FCF729FE0023A360E36014
:105EC00010BDC046B015002070B5374C1D002378BA
:105ED0000600DA09C9098A4210D00020002D00D03E
:105EE00070BD21003000FFF71DF92369002B03D09E
:105EF00022000321300098470120F1E77F2B06D8CC
:105F0000A0680028ECD02A002849FCF7FFFDE289B0
:105F1000A1685219E38892B24919E281A1609342C3
:105F200014D03F2D12D9A389981A051C80B240289D
:105F300028D82078ADB27F2826D800219A4230D0C8
:105F40001A4A2B003000FFF713FFC9E72369002B23
:105F500005D02200022130009847002808D0802177
:105F600023780022994330000023FFF701FFB7E7B1
:105F700000213000FFF778F930008021FFF774F935
:105F80000120ADE74025D4E79A4207D0074C2A000C
:105F90002000FCF7BBFD80212200D2E780210022F7
:105FA000CFE70022CDE7C046B015002070150020D5
:105FB00070B50400FFF7DEF9002800D170BDFFF7CF
:105FC000E1F90028FAD1C8236343124A2500D41806
:105FD000E1780029F2D010339E18300000F0B6FBB3
:105FE0003F28EBD90020E178FFF79AFE0028E5D0A2
:105FF000300000F0ABFBE1783F2807D9064BEA01FF
:10600000D21800204023FFF7B3FED7E70020FFF7A8
:106010009BFED3E798100020EC14002010B504007C
:10602000FFF7A8F9002801D1002010BDFFF7AAF959
:106030000028F9D1C8226243024B01309B181B791A
:106040001840F2E798100020C82310B543430248D7
:10605000181800F05DFB10BDA8100020F8B5C8238B
:1060600043431D4D1033EE18802304005B029A4217
:1060700000D31A4A300092B200F0CCFB0700FFF7C1
:1060800079F9002801D13800F8BDFFF77BF9002825
:10609000F9D1C8236343ED18EB78002BF3D030001F
:1060A00000F054FB3F28EED90020E978FFF738FED6
:1060B0000028E8D0300000F049FBE9783F2807D9F4
:1060C000074BE201D21800204023FFF751FEDAE728
:1060D0000020FFF739FED6E798100020FFFF0000F0
:1060E000EC140020F8B50400FFF744F9002801D1B2
:1060F0000020F8BDFFF746F90028F9D1C823250094
:106100005D432B00134E2433F718380000F000FBDA
:106110000028EDD075190020A978FFF701FE0028AE
:10612000E6D00D4AE3019C1821004022380000F01F
:1061300071FBA9780300051E07D022000020FFF79D
:1061400017FE0028D4D02800D3E70020FFF7FCFD7D
:10615000CEE7C046981000202C15002070B5C8244A
:1061600044430C4B0500E41880235B029A4200D3A1
:10617000094A200092B200F015FC0600200000F051
:10618000C7FA3F2801D8300070BD2800FFF7AAFFEA
:10619000F9E7C046BC100020FFFF0000C82310B57F
:1061A00043430248181800F0D1FA10BDBC1000207B
:1061B000F0B50025184C83B0C82200212000FCF760
:1061C0009FFC164B21001D70FF236371E1235B02CE
:1061D000A360200008234022A37338310095073BB9
:1061E000103000F05FFA2700012321002000260074
:1061F000402278310093B837243000F053FAC0368B
:106200003800FAF79BFD3000FAF798FDE561276248
:106210002663656303B0F0BD981000206C15002064
:106220000A4B196B1A6A00290CD0002A07D00022E9
:10623000DA615A631A6300221A62012070475A63B6
:106240001A63FAE7002AF8D0D961F4E79810002021
:1062500070B5052200210D48FCF752FC0C4D2B783F
:10626000DA0707D50B4C9B070CD50121200000F065
:106270006DFC70BD0548103000F048FC2B78054CD3
:106280009B07F2D4200000F041FCEEE798100020BC
:106290006C150020BC100020F0B54B79070083B0CE
:1062A000022B02D18B79022B03D00024200003B0F3
:1062B000F0BD214B1E009B78002BF6D18B78092472
:1062C00033700D784D196B78242B07D00CE02B78A8
:1062D000ED181C196B78A4B2242B05D1A242F6D27A
:1062E0000020FFF765FEE1E71A00052B15D0042A10
:1062F000F6D16B790A2BF3D1104B2E780193013331
:10630000009338000223A919023AFFF7A3FC0028E2
:10631000CBD00E34A419A4B2E2E729003800FFF76D
:10632000E5FC0028C1D0AB7873702B781C19ED18F0
:106330006A78A4B2DBE7C046981000209A100020CB
:1063400060238C461100127870B513400022202B78
:1063500008D1324C4B7926000D7924781B022B434F
:106360009C4201D0100070BD4B78222B1CD008D865
:10637000202B39D0212BF5D16346012B43D00122AC
:10638000F0E7232BEED16346012B42D0032BF6D14D
:10639000234B002BF3D08B78C978002009021943D6
:1063A00000E000BF0122DDE76346012B31D0032B63
:1063B000E5D10125CB788A781B0213431C001D40D0
:1063C00033000121243318006940347100F0BEFB12
:1063D000144B002BD3D0012362081A40290000205F
:1063E00000E000BF0122BDE76346012B0BD0032B69
:1063F000C5D10D4B002BC2D0310000200831FEF773
:1064000015FE0122AEE7094A0723FFF7EFFC012240
:10641000A8E7FFF7D5FC0122A4E7C04698100020AA
:1064200000000000000000002D500010A01000200F
:10643000F8B54746CE4680B5344C1F00E378804619
:106440000D008B423BD0A37800208B4211D0C0BC02
:10645000B946B046F8BD2E4B002B04D02D4800F0B5
:106460006DF900284FD00020FFF7A2FDA378AB42C2
:106470000AD1294B002B02D0002000E000BF0020F1
:10648000FFF730FE002801D00120E0E7234C200078
:1064900000F03EF90028F7D1002FF5D0BB06F3D16C
:1064A000243C4046A178FFF73BFC0028ECD00023B9
:1064B00000224046A178FFF75BFC0120C7E7184E99
:1064C00014483100BAB200F06DFA164B002BC2D05E
:1064D0006379FF2BBFD0002FBDD0BC46B444E1464A
:1064E00003E001364E45B6D0637932789A42F8D14E
:1064F000084800F023F90028F3D1064B103B5979E6
:1065000000E000BFEDE700E000BFACE7981000201E
:1065100000000000A810002000000000BC100020B7
:10652000EC1400200000000000B5030083B0002937
:1065300010D00020012B07D80A78002A04D00C487C
:10654000C2540120012A01D003B000BD1800FEF79B
:1065500021FFF9E701236A46002001A99380FEF795
:1065600019FF0028F0D00122014B1A70ECE7C04659
:10657000C415002070B5040023780800DB070E0066
:10658000DD0F002B16D123785B0701D5280070BDE5
:106590000121494200F0F0FF2378DB07DD0F002BDB
:1065A0000AD123785B0708D40422237801251343FA
:1065B000237002E00025E9E70025300000F0BCFF71
:1065C000E4E7C04670B50D000121040049422800EF
:1065D00000F0D2FF23785B07DE0F002B04DB2800DE
:1065E00000F0AAFF300070BD2378DB0704D404223A
:1065F000237893432370F2E70026F0E7437902798A
:106600001B021343C2785B0592075B0D920F022AAF
:106610001AD0032A0BD00020012A07D102394A429E
:106620005141104A891899424041C0B2704702391D
:106630004A1E91410C4A4942114080220020D2005A
:10664000891899424041F1E7022904D000204022F4
:106650009A424041EAE7054A981843425841C0B27D
:10666000E4E7C046FF03000040FCFFFF00FEFFFF21
:106670008446881830B51C00814206D24A78052A23
:1066800004D00A7889188842F8D830BD7F228B78E8
:106690001A4052006244DB09D4540A7889188842AF
:1066A000ECD8F2E7F0B5C64600B598466B461E7EBC
:1066B000802304000F0015001B029A4226D8C068F0
:1066C000002803D00121494200F056FF206900282C
:1066D00003D00121494200F04FFF42465204F30328
:1066E000520C1343E3800023E06863812760A58098
:1066F0002381002801D000F01FFF2069002801D06D
:1067000000F01AFF012080BCB846F0BD0020FAE777
:10671000038941899C4682889BB288B28C4507D305
:106720001B1A9BB2101C9A4200D9181C80B27047E9
:106730005100091A5B189BB2F4E7C04603894089EF
:10674000181A43425841C0B27047C0460389418974
:106750009C4682889BB288B28C4507D31B1A9BB299
:1067600000209A4201D9D21A90B270475100091AFA
:106770005B189BB2F4E7C04670B5040000690D00D9
:10678000002803D00121494200F0F6FE23896289E6
:106790009C4698B291B2A388944532D3421A92B2E1
:1067A000002A27D0934208D298422FD3C01A81B230
:1067B00061818B4203D8C91A89B28B42FBD9E28826
:1067C00023685204520C514328005918FCF79EF9D3
:1067D000618901254A1C92B2A38891420DD90022F9
:1067E0005B00D21A20696281002801D000F0A4FE6B
:1067F000280070BD0025628992B25B009A42F1DBED
:10680000EFE75A00521A821892B2C9E7C01881B253
:106810006181CEE7F0B54646D6464F46C0B5060084
:1068200000698A46904682B0002803D0012149427F
:1068300000F0A2FE31897289B5888BB294B2914280
:1068400055D31F1BBFB2002F4BD0BD4205D2AB4268
:1068500052D25B199CB22F0074814346B8453ED892
:106860009FB2A54203D8641BA4B2A542FBD9F2880B
:1068700031685204500C020062432B1B9BB28918F2
:10688000019002009F4225D943439BB21A00504613
:106890009946FCF73BF95046019A7D1B6419544315
:1068A00031684844A2B2FCF731F97189B588CB1937
:1068B0009BB26A00994216D99B1A306973810028ED
:1068C00001D000F039FE380002B0E0BCBA46B14653
:1068D000A846F0BD50467A43FCF718F9E5E73B1CA3
:1068E000BEE773899BB26A009342E6DBE4E76F0080
:1068F0003F1BDF19BFB2A6E75B1B9CB2ABE7C046EC
:10690000F8B50400C0680F00002803D001214942F7
:1069100000F032FE258920896189A288ADB283B258
:106920008EB2884228D39B1B9BB29A4209D8E67943
:10693000F60906D1E068002801D000F0FDFD300026
:10694000F8BD2B0095421CD39B1A9BB29342FBD2FD
:10695000E28820685204520C53433900C018FCF7F7
:10696000D5F86B1C9BB2A2889D4216D90023520019
:106970009B1A01262381DDE75100891B5B189BB21E
:10698000D3E7E28820685204520C53433900C01800
:10699000FCF7BCF80135A288ABB252009342E8DBA9
:1069A000E6E7C046F0B54E464546DE465746E0B5FA
:1069B00089460500160083B0002A6BD0C068002805
:1069C00003D00121494200F0D7FD2F89EA79BBB2FB
:1069D00098466B89AF889BB2D2093DD1984562D267
:1069E0007A00D31A43449BB2BB4261D2FB1A1A1CF1
:1069F0009BB2B34200D9321C96B2F31B01934346BB
:106A0000F3189BB29B46EA884446B84503D3E41B7F
:106A1000A4B2BC42FBD252043B1B570C3A00624367
:106A200028689BB28018B34256D33A004946724355
:106A3000FCF76CF8AB885B00D84501D89B4502DBBE
:106A40005A46D31A9B465B4637002B81E8680028DC
:106A500021D000F071FD1EE0BE422BD298454CD3F0
:106A60004246D21A92B27900F01B921901908A42E2
:106A7000C5DBDA1992B29346921B92B290469342CA
:106A800040D94346591A8BB29846F3189BB29B469D
:106A9000EA88B9E70027380003B0F0BCBB46B2462D
:106AA000A946A046F0BD4246D31A9BB2BB429DD335
:106AB0000027CBE7002FC9D0CC46EA88F61B51044B
:106AC000490C714398468C44D919002389B2E14698
:106AD0008B463E00019397E77B439BB21A004946E1
:106AE0009A46FCF713F84946019B2868E2187A4356
:106AF000514492B2FCF70AF89CE77900CA1A424462
:106B000092B2B1E79142BCDDC2E7C04610B50400C5
:106B1000C068002803D00121494200F02DFD206902
:106B2000002803D00121494200F026FD0023E0683F
:106B300063812381002801D000F0FEFC2069002839
:106B400001D000F0F9FC012010BDC04670B5040072
:106B5000C0680D00002803D00121494200F00CFD5F
:106B60002069002803D00121494200F005FD7F2162
:106B7000E279EB011140E0681943E171002801D08E
:106B800000F0DAFC2069002801D000F0D5FC0120DB
:106B900070BDC046F0B5DE4657464E464546E0B5A8
:106BA000060083B01F000CAB080019780023934641
:106BB0003268D36601335060D366002F3BDD7B1E05
:106BC000994601234B409A46002080244023884662
:106BD000556F102DFCD00025AC46002802D1357928
:106BE000A9028C464D46411B4D424D4151460D4038
:106BF00061466D020D43802149000D4341461561F8
:106C00001559556B2B420AD00120536D404231710A
:106C100003B0F0BCBB46B246A946A046F0BD956F96
:106C2000002DEDD08846594612690A54013087423A
:106C300003D03268CCE70020E9E74146E7E7C046E9
:106C4000F0B54E464546DE4657468446E0B585B02B
:106C500098460EAB91461A786346080019680023DF
:106C6000CB6601334860CB6643460392002B4EDD72
:106C700001275E1E6346802457401A79A24680256C
:106C80004C469202002010239146AD000194841BD3
:106C900062426241019C3A40245C520222434C46CB
:106CA0002243019C0A614A6B1342FCD052468A5827
:106CB00001949146002A10D1B04223D00022013025
:106CC00091468045E3D16346039A1A7105B0F0BC42
:106CD000BB46B246A946A046F0BD4A6D0122934686
:106CE0004A6B2A42FCD00A6E5A460194002AE5D02B
:106CF0004C46002C03D009232340082BE3D001206D
:106D00004042E0E7039A002AD8D19346E8E7002002
:106D1000D9E7C046F0B5D6464F4646468246C0B58E
:106D200005200C00FAF7FCFD050060082100401961
:106D3000FBF756F847003F18060005213800FBF71F
:106D40004FF8A0461C4B321A0400680091464019C7
:106D500098452BD81949FBF743F8013053460022D8
:106D60001B68DA6619680432514002320A408021F9
:106D7000490159180A604A46DA6101221C624F2F04
:106D800000D92209A0215A50DA6F310050400C4A34
:106D900000049A18000C106001222800DA66FBF744
:106DA0001FF8E0BCBA46B146A846F0BD0549FBF75E
:106DB00017F80130D2E7C0463F420F008096980096
:106DC0007C10000040787D01104A70B5821A531E75
:106DD0009A41072352429A430D4B10321A600D4BD1
:106DE0000D4C1A60150023689D432B1EFAD16624B2
:106DF0000268FF340571D5661460633C8833FF3C3C
:106E0000D5639563D450FFF785FF70BD80100020D7
:106E100000E0004000F0004008C0004010B582B023
:106E20006C46247C0094FFF70BFF02B010BDC046F7
:106E300010B582B06C46247C0094FFF7ABFE02B024
:106E400010BDC046F0B505002D241D4E83B0325D47
:106E5000A1B22800013400F0B3FA882CF7D1402207
:106E60008721280000F0ACFA6B460127DC1D2200C8
:106E70003021280000F07EFA2200312128002678F7
:106E800000F078FA0028F2D1237836095E403742C4
:106E9000EDD001228621280000F092FA00228721FD
:106EA000280000F08DFA09220821280000F088FA55
:106EB00000220B21280000F083FA03B0F0BDC04689
:106EC000137F001010B50122862100F079FA10BD61
:106ED00010B54022872100F073FA10BD10B50022D2
:106EE000872100F06DFA10BDF0B583B06B46050048
:106EF000DC1D22000F00302100F03CFA220031217D
:106F00002800267800F036FA002805D122783309C7
:106F10005A40012313403B7003B0F0BD70B582B0FE
:106F20006B46DE1D0C0032004B21050000F022FAFA
:106F30003378142B1CD0002817D1642C45D028D8C6
:106F4000212C23D0322C3DD0142C0ED122241E22F1
:106F50005E21280000F04EFA220006006121280080
:106F600000F048FA304340B200E0012002B070BDAA
:106F70000028FAD1322C30D014D8142C38D0212C3F
:106F800028D00F2CF1D127241D22E1E76E246022A6
:106F9000DEE7C82C12D0FA235B009C42E5D1164CE8
:106FA000164AD5E7C82C20D0FA235B009C4219D0A2
:106FB000642CDAD1E224124AA400C9E7BE24114AA3
:106FC000A400C5E7C624AD22C2E7F524E62264008A
:106FD0005200BDE76E24D622BAE7F424D72264001B
:106FE0005200B5E7084C094AB2E7094C094AAFE735
:106FF0006E245122ACE7C046A40400008F040000B8
:10700000E1020000D9020000C10500009105000066
:1070100096040000E103000070B582B06B469D1D30
:107020002A000E005E21040000F07CF9D7222B8894
:107030005200934200D17DE011D8512B00D187E05E
:1070400069D80F251D2B00D06FE0002803D1012E39
:1070500041D0022E13D00120404202B070BD3E4A02
:10706000934269D06AD83D4A934265D03C4A9342E4
:1070700070D0163AFF3A64259342E6D0EBE70A2235
:107080004B21200000F09CF90F2206006021200017
:1070900000F096F90D2263210643200000F090F9DC
:1070A000B82269210643200000F08AF92D4A0643E0
:1070B0007821200000F09EF92B4A06437A21200017
:1070C00000F098F9304340B20028C6D129002000D2
:1070D000FFF724FFC1E714224B21200000F070F9D4
:1070E000072206006021200000F06AF905226321D2
:1070F0000643200000F064F938226921064320008D
:1071000000F05EF9194A06437821200000F072F978
:10711000174A0643D2E7AD2B0CD02125D62B00D140
:1071200093E7602B00D190E795E705351E2B00D142
:107130008BE790E7322588E7C82586E70D4A93421A
:1071400003D00D4A934200D085E7FA256D007CE715
:1071500014257AE7642578E7E1030000D9020000EE
:10716000E10200000D0F00000E0E000005070000F8
:10717000060600008F04000091050000F0B583B002
:107180006A46941D22000F00DE21050000F0CAF8B7
:10719000238806009B05980D20807843FBF7F6F8BE
:1071A000074B084AFBF787F8FBF730F96C21020020
:1071B000280000F039F93300034358B203B0F0BDA2
:1071C0003333F13F3333333310B50A00E52100F098
:1071D000D1F810BD30B583B06B469C1D1023FF3332
:1071E0000D002200190000F09DF823882B8003B0C9
:1071F00030BDC04630B587B001AD0C0011232A0068
:10720000892100F05BF8002821D11F232A78134040
:10721000172B1ED923700B236B441A785B781B0243
:1072200013435BBADB00A380EB78238113236B4409
:107230001A785B781B0213435BBADB00E3801123EF
:107240006B441A785B781B0213435BBA638007B008
:1072500030BD014AD35CDDE79C7F001030B5144B94
:1072600083B00500196008001249FFF7ADFD032146
:107270000420F9F77DF903210520F9F779F90022B7
:1072800001210420F9F78CF9002201210520F9F7EA
:1072900087F96B469C1D21002800FFF79BFF228881
:1072A000054B9A4201D103B030BD01204042FAE7BC
:1072B000641E0020A0860100CCEA0000F0B5CE4696
:1072C000474691461E005A1C802380B59B0083B020
:1072D0009A421FD80027114A114D49BA1180022342
:1072E000C1B2286800978846FFF798FD022811D19F
:1072F000FF243440230028684A4641460097FFF7A0
:1073000097FD201A431E9841404203B0C0BCB946C5
:10731000B046F0BD01204042F7E7C046EC17002020
:10732000641E0020F0B500261500104F104A83B0EF
:1073300049BAC4B211803868022321000096FFF7D1
:107340006DFD02280FD1022338682A002100009623
:10735000FFF76EFD0238431E984140422B885BBA0E
:107360002B8003B0F0BD01204042F7E7641E0020EF
:10737000EC170020F0B5002517000F4E0F4A83B020
:1073800049BAC4B211803068022321000095FFF78A
:1073900045FD02280CD1012330683A0021000095F8
:1073A000FFF746FD0138431E9841404203B0F0BD4F
:1073B00001204042FAE7C046641E0020EC1700207E
:1073C000130000B5094A83B09370094B49BA118084
:1073D000C1B21868002300930333FFF71FFD033881
:1073E000431E9841404203B000BDC046EC17002048
:1073F000641E0020130000B5094A5BBA83B05380B5
:10740000084B49BA1180C1B21868002300930433B5
:10741000FFF704FD0438431E9841404203B000BD0D
:10742000EC170020641E002030B50D4C85B012BA58
:1074300049BA050003922180042203A9A01CFBF78E
:1074400065FB084B220018680023E9B2009306335D
:10745000FFF7E4FC0638431E9841404205B030BDBA
:10746000EC170020641E002010B50800F9F78EFF0D
:10747000002010BD030084469B070BD003000321AE
:1074800002E001330B4206D01A78002AF9D1624695
:10749000981A7047030019680C4A0D488A188A43E5
:1074A00002420FD15968094A04338A188A430242BA
:1074B00008D15968054A04338A188A430242F1D038
:1074C00000E001331A78002AFBD1E0E7FFFEFEFE60
:1074D000808080800000000001B40248844601BC26
:1074E000604700BFC100002001B40248844601BCCF
:1074F000604700BF090F002001B40248844601BC68
:10750000604700BFD902002001B40248844601BC94
:10751000604700BFD90B002001B40248844601BC7B
:10752000604700BF090F002001B40248844601BC37
:10753000604700BF8D0C002001B40248844601BCA6
:10754000604700BF2502002001B40248844601BC08
:10755000604700BF010C002001B40248844601BC12
:10756000604700BF2104002001B40248844601BCEA
:10757000604700BF0101002001B40248844601BCFD
:10758000604700BF9901002001B40248844601BC55
:10759000604700BF3D0C0020711B00109D1B0010B8
:1075A000811D0010F12A0010252400105D2A001012
:1075B000A91C0010B91B0010D91B0010ED1B0010F6
:1075C000ED0C0010F51B0010B9100010391B001055
:0875D00069070010194D0010BD
:1075D8003D3D3D3D3D3D3D3D3D3D3D3D3D3D3D3DD3
:1075E8003D3D3D3D3D3D3D3D3D3D3D3D3D3D00003D
:1075F800564C35334C31582044697374616E636559
:107608002053656E736F7200496E697469616C69A5
:107618007A696E67204932432E2E2E004552524F0A
:10762800523A204661696C656420746F20696E69FE
:107638007469616C697A65204932432E0000000044
:1076480049324320696E697469616C697A65642E90
:107658000000000057616974696E6720666F7220C8
:1076680073656E736F7220746F20626F6F742E2E45
:107678002E000000426F6F74537461746520657248
:10768800726F723A2025640A000000004552524F7A
:10769800523A2053656E736F7220626F6F74207454
:1076A800696D656F75742E0053656E736F72206215
:1076B8006F6F746564207375636365737366756C47
:1076C8006C792E0053656E736F72496E69743A2037
:1076D80025640A004552524F523A2053656E736F23
:1076E8007220696E697469616C697A6174696F6E18
:1076F800206661696C65642E00000000536574445F
:10770800697374616E63654D6F64653A2025640A18
:10771800000000004552524F522073657474696E20
:10772800672064697374616E6365206D6F64652E8C
:107738000000000053657454696D696E6742756492
:107748006765743A2025640A000000004552524FCC
:10775800522073657474696E672074696D696E6709
:10776800206275646765742E0000000053657449D3
:107778006E7465724D6561737572656D656E743A88
:107788002025640A000000004552524F52207365BC
:107798007474696E6720696E7465722D6D656173A6
:1077A8007572656D656E7420706572696F642E0000
:1077B800537461727452616E67696E673A2025640A
:1077C8000A0000004552524F522073746172746966
:1077D8006E672072616E67696E672E0053746172FE
:1077E80074696E67206D6561737572656D656E7419
:1077F800732E2E2E000000003D3D3D3D3D3D3D3D9C
:107808003D3D3D3D3D3D3D3D3D3D3D3D3D3D3D3DA0
:107818003D3D3D3D3D3D0A00537461727452616EB9
:1078280067696E67204552524F523A2025640A0014
:10783800436865636B466F72446174615265616445
:1078480079204552524F523A2025640A0000000020
:1078580054494D454F55542077616974696E6720C6
:10786800666F72206D6561737572656D656E740003
:10787800476574526573756C74204552524F523A7D
:107888002025640A000000005374617475733D2557
:1078980064207C2044697374616E63653D256420AF
:1078A8006D6D207C20416D6269656E743D25642094
:1078B8007C205369676E616C3D2564207C205350A1
:1078C8004144733D25640A00436C656172496E74D6
:1078D800657272757074204552524F523A20256471
:1078E8000A00000053746F7052616E67696E6720FA
:1078F8004552524F523A2025640A00000A2A2A2A81
:107908002050414E4943202A2A2A0A004E6F2073EC
:1079180070696E6C6F636B7320617265206176614C
:10792800696C61626C6500004E6F2075736572202A
:10793800495251732061726520617661696C616298
:107948006C650000486172647761726520616C61E2
:10795800726D20256420616C726561647920636CA6
:1079680061696D6564000000486172642061737329
:107978006572740052656C6561736500626F6F743F
:10798800325F77323571303830000000322E332EB6
:10799800310000007069636F00000000636F6E744F
:1079A800696E756F7573000053657020323420322C
:1079B80030323600666E692B00000000666E690082
:1079C8006E616E00666E692D0000000055415254CC
:1079D80020737464696E00005541525420737464B6
:1079E8006F7574005541525420737464696E202F6A
:1079F800207374646F7574005553422073746469FE
:107A08006E202F207374646F757400005261737058
:107A18006265727279205069000000005069636FD6
:107A280000000000426F617264204344430000007C
:107A38005265736574000000556E68616E646C650C
:107A4800642049525120307825780A006570202535
:107A58003032582077617320616C726561647920D7
:107A6800617661696C61626C6500000043616E2734
:107A78007420636F6E74696E756520786665722010
:107A88006F6E20696E616374697665206570202564
:107A98003032580006005250D3F075427C790010FD
:107AA80006005250E182887F847900100600525007
:107AB800ABB360539479001006005250BBFF3CB63C
:107AC8009C79001006005250861C0302A47900100D
:107AD800060052505422A29DB07900100500525061
:107AE800DE65F468B88F00105C3800101438001098
:107AF80014380010543800101438001014380010CE
:107B080014380010143800101438001014380010FD
:107B1800143800104C380010143800104638001083
:107B280014380010143800103E380010503A001075
:107B38006E380010443A00106E380010323A0010C7
:107B48006E3800106E3800106E3800106E38001055
:107B58006E3800106E3800106E380010643800104F
:107B68006E3800106E3800106E3800106E38001035
:107B78006E38001064380010E43A0010D237001054
:107B8800D2370010D2370010D2370010D237001089
:107B9800D2370010D2370010D2370010D237001079
:107BA800D2370010D2370010D2370010D237001069
:107BB800D2370010D2370010D2370010D237001059
:107BC800D2370010D2370010D2370010D237001049
:107BD800D2370010D2370010D2370010D237001039
:107BE800D2370010D2370010D2370010D237001029
:107BF800D2370010D2370010603A00109C3A0010BB
:107C0800603A0010D2370010D2370010D237001077
:107C1800D2370010D2370010D2370010D2370010F8
:107C2800D2370010D2370010D2370010D2370010E8
:107C3800D2370010D2370010D2370010D2370010D8
:107C4800D23700107C3C0010D2370010D237001019
:107C5800D2370010D2370010D2370010D2370010B8
:107C6800D2370010D2370010D23700107C3C0010F9
:107C7800F43A00107C3C0010603A00109C3A001066
:107C8800603A001000000000000000000000F03F13
:107C980000000000000024400000000000005940DF
:107CA8000000000000408F40000000000088C34032
:107CB80000000000006AF8400000000080842E41A7
:107CC80000000000D01263410000000084D79741F3
:107CD8000000000065CDCD410D0A0000060052509D
:107CE80053B4F4A1EC7900100800525012000000BF
:107CF80008005250921000000600525053B4F4A1EC
:107D0800007A001000000000147A0010247A001095
:107D1800A81E00202C7A0010387A0010090254009E
:107D2800030100807D080B00020202000009040024
:107D380000010202000405240020010524010001BD
:107D48000424020605240600010705810308001023
:107D580009040100020A00000007050202400000B1
:107D6800070582024000000904020000FF00010527
:107D780012011002EF0201408A2E0A0000010102DE
:107D8800030100000A00000000000306A600080026
:107D9800020002009C001400030057494E5553424C
:107DA8000000000000000000000080000400010046
:107DB80028004400650076006900630065004900FA
:107DC8006E00740065007200660061006300650063
:107DD800470055004900440000004E007B00620047
:107DE80063003700330039003800630031002D008C
:107DF80037003300630064002D0034006300620024
:107E080037002D0039003800620038002D00390095
:107E180031003300610038006600630061003700FC
:107E28006200660036007D0000000000050F21009A
:107E3800011C100500DF60DDD88945C74C9CD26560
:107E48009D9E648A9F00000306A6000100000000B2
:107E580000000000454F001000000000494F0010CE
:107E6800554F0010814F00107D4F0010000000009A
:107E7800A65400100C56001094560010E45500103B
:107E8800F6550010D455001046550010F254001055
:107E9800E6540010B0590010965900108057001091
:107EA800D0590010805700107E5900106A590010F0
:107EB800805700105659001068580010805700105D
:107EC8002E5C0010205C0010145C0010805700101D
:107ED80080570010FE5B0010205C001080570010D7
:107EE80080570010805700108057001080570010EE
:107EF8008057001080570010BA5B0010580D002002
:107F0800580D0020A20D0020C20D0020020E0020F6
:107F1800140E0020500D002000000000B161001078
:107F28002162001051620010996200104163001034
:107F38003164001000000000000000010200020887
:107F4800000810010100000000FF000F0000000001
:107F580000200B0000020A2100000500000000C8F4
:107F6800000038FF010008000001CC0F01F10D01ED
:107F780068008008B8000000000F890000000000B9
:107F88000000010F0D0E0E000002C7FF9B0000004D
:107F980001000000FFFFFF05020401070300FFFFC7
:0C7FA800090DFFFFFFFF0A06FFFF0B0C96
:107FB4009C7A0010A87A0010B47A0010C07A0010DD
:107FC400CC7A0010D87A0010E47A0010F87C001003
:0C7FD400F07C0010E47C0010007D001028
:107FE00003000068EFF3108C72B60268002AFCD020
:107FF000BFF35F8F04229A56002A0BDB002900D0C2
:108000000A6000201B68BFF35F8F00221A608CF3A8
:1080100010887047D0221206126801201A71F1E709
:10802000F0B5C646160000B504001F000268EFF365
:10803000108172B61368002BFCD0BFF35F8F04234E
:10804000E3562268002B2BDBBFF35F8F002010600C
:1080500081F31088D02212061278002552B2904681
:108060009A420ED1002080BCB846F0BDBFF35F8FAE
:10807000156081F310883000390000F0E9FE002817
:10808000F0D12268EFF3108172B61368002BFCD098
:10809000BFF35F8F237922687F2BE7D9434602E045
:1080A000D0231B061B682371BFF35F8F002313606F
:1080B00081F310880120D6E7F0B5C64600B50F0061
:1080C000040000F0CDFEFA220E0005000023380067
:1080D0000021920000F0ACFE4019714106000F1E15
:1080E00002DA0126164F7642D0231B061B680025B4
:1080F00098460AE0BFF35F8F156081F31088300067
:10810000390000F0A5FE002818D12268EFF3108195
:1081100072B61368002BFCD0BFF35F8F23792268FF
:108120007F2BE7D943462371BFF35F8F0023136092
:1081300081F31088012080BCB846F0BD0020FAE72A
:10814000FFFFFF7F0268EFF3108172B61368002B08
:10815000FCD0BFF35F8FFF2303710368BFF35F8F12
:1081600000221A6081F3108840BF7047084B9C467C
:108170001B78002B0BD18023064807495B051A6842
:10818000C25004338B42FAD1012362461370704708
:10819000BC1E0020EC1600100001001010B5014BB1
:1081A000984710BDED160020084B5A6842609A6847
:1081B0008260DA68C2601A6902615A6942619B6929
:1081C0008361A0235B051B680360704700000240C9
:1081D0004268084B5A6082689A60C268DA60026935
:1081E0001A6142695A6182699A61A02302685B053B
:1081F0001A60704700000240F0B5D6464F4646462A
:108200000023C0B5182788B01E0081460D00988A4B
:1082100046493B88140098473B8880464449B08AC9
:108220009847002343490600988A3B88984782462E
:10823000FFF79CFF01A8FFF7B7FFC047B0473E4BD1
:1082400021001A6880239B005340C02292001340F3
:108250003A4A1360002C1CD00823C0209C464005DD
:10826000163F6246836A1A401F4239D0631A0029BA
:108270002BD1002A0BD1002C0BD0C02308220226C0
:108280005B059B6A1A401E4242D0002AF5D0002CA2
:1082900030D1294B1A68C0239B009343274A1360AF
:1082A000D047FFF77BFF01A8FFF792FF08B0E0BCC3
:1082B000BA46B146A846F0BD002C2BD1C0225205CB
:1082C000966A08223240B6072BD50D2B19D9002A01
:1082D000F2D1C0225205966A08223240B607F4D481
:1082E000002A04D10B002343002BBAD1D1E70B00A5
:1082F000002CF9D0036E013C2B70230001350B4399
:10830000F2E74B461B780139036601239944E7E7FE
:108310000021E5E7C0235B051B6E013C2B70013596
:108320009FE70B00A242DFD1DCE7C04649460000D0
:1083300045580000464300000C8001400C9001406D
:108340000022154B10B59A60DA601A615A619A6181
:10835000DA611A625A629A62DA621A635A639A633B
:10836000DA631A645A649A64DA641A655A659A651B
:10837000DA651A665A669A66DA661A675A679A67FB
:10838000DA67F03292000021044800F071FD044BDE
:10839000044A1A6010BDC04600001050A41A002004
:1083A000701E002080011050F0B54746CE4680B5C3
:1083B0001C4B00249F6D012685B0002F1BD01A4B4B
:1083C00098461A4B994604E00134E4B27600202C1A
:1083D00011D03E42F8D043469E65012365086D00EA
:1083E000A343ED186D014D44280000F013FC002854
:1083F00006D1B743E8D105B0C0BCB946B046F0BD20
:10840000EB8AE0210393002301A8AA78C900018028
:1084100001210271437100F01DFC280000F098FB5F
:10842000E7E7C0460000115000301150641A0020E8
:108430009823C64AF0B5D55880232E009B021024FD
:1084400085B01E401D4274D0C14BC24C9A6AC24BCB
:1084500000261A603B23E35C022B00D14BE17B2317
:10846000E35C022B00D1EFE0BB23E35C022B00D1E5
:10847000F6E0FB23E35C022B00D1FDE03C23FF335D
:10848000E35C022B00D129E17C23FF33E35C022B68
:1084900000D10AE1BC23FF33E35C022B00D13BE1B6
:1084A000FC23FF33E35C022B00D1F1E0AB4BE35C38
:1084B000022B00D170E1AA4BE35C022B00D101E159
:1084C000A84BE35C022B00D171E1A74BE35C022BCC
:1084D00000D12EE1A54BE35C022B00D19CE1A44B23
:1084E000E35C022B00D16DE1A24BE35C022B00D1D7
:1084F0009DE1A14BE35C022B00D17BE1002E08D172
:108500009E4B1B78002B04D180219D4A9033890219
:10851000D150C02269468D4B92009B6C80265B0532
:108520008A805B0D012101A8029300F093FB954C1A
:10853000B602EB0600D57BE080235B021D422FD004
:108540000224844F1E43BB7E002B14D000F0A0FCFD
:10855000012800D970E0C02200213800920100F00B
:10856000FDFA380000F0F4FA00F092FC012802D97C
:10857000834B5C661C660123FB702037012C20D1E5
:10858000C0236A46DB0093807F4A02AB03CA03C361
:10859000012101A800F05EFB8022794B92021A654E
:1085A00080235B011D420ED18023DB011D4221D1BE
:1085B00080231B021D422DD1AE4200D0BEE105B08A
:1085C000F0BD0124BFE700241E43604B1C60FFF791
:1085D000B7FE80236A465B0093801472012101A8D4
:1085E00000F038FB8022664B12031A658023DB0102
:1085F0001D42DDD01E4380236A46DB0093800121AB
:1086000001A800F027FB10225D4B1A6580231B0296
:108610001D42D1D01E43A0236A46DB009380012176
:1086200001A800F017FB8022554B12011A65C3E721
:10863000FFF7BAFE26007FE7544B444A1C66536E90
:108640002340A342FBD186E77833E75C002F00D1BB
:108650000AE70233E25C002A00D00DE13E0003E7A6
:10866000B833E75C002F00D103E70233E25C002A55
:1086700000D0F9E03E00FCE6F833E75C002F00D1C3
:10868000FCE60233E25C002A00D041E13E00F5E660
:10869000F933FF33E75C002F00D107E70233E25CD8
:1086A000002A00D02BE13E0000E77933FF33E75C7E
:1086B000002F00D1EEE60233E25C002A00D015E183
:1086C0003E00E7E6324BE75C002F00D1F8E60233CC
:1086D000E25C002A00D001E13E00F1E63933FF33CD
:1086E000E75C002F00D1CFE60233E25C002A00D025
:1086F000EBE03E00C8E63833E65C002E00D1AEE683
:108700000233E25C002A00D1A9E6200000222030DA
:10871000E25400F04BFAA2E6B933FF33E75C002FD6
:1087200000D1BDE60233E25C002A00D0C4E03E0086
:10873000B6E6184BE75C002F00D1CBE60233E25CD3
:10874000002A00D0B0E03E00C4E6C0460000115050
:1087500000400540641A00205C1A00203B02000023
:108760007B020000BB020000FB0200003B03000094
:108770007B030000BB030000FB030000BA1E0020C7
:108780000030115010000200000010500020115065
:108790007A020000FA0200006B4BE75C002F00D168
:1087A00089E60233E25C002A76D13E0083E6674B1D
:1087B000E75C002F00D188E60233E25C002A63D137
:1087C0003E0082E6624BE75C002F00D18CE602336C
:1087D000E25C002A00D0A3E05E4BE35C022B30D1C8
:1087E0005D4BE35C002B27D15C4BE35C022B00D09C
:1087F0008FE63E005A4BE35C002B00D17EE6FF2360
:108800009B00E25C002A00D183E60022E2541C3B7C
:10881000E01800F0CBF97CE6524BE75C002F00D16A
:108820005DE60233E25C002A16D13E0057E64A4B71
:10883000E35C002B00D15CE6EF239B00E25C002AA6
:1088400075D1464BE35C022B00D062E6444BE35CFF
:10885000002B00D15DE6D2E70022E2541C3BE01879
:1088600000F0A4F93E003AE620000022A030E254D5
:108870003E0000F09BF9FCE5200000226030E2544D
:108880003E0000F093F9EFE50022E2541C3BE018B3
:1088900000F08CF93E0018E60022E2541C3BE01880
:1088A00000F084F93E0006E60022E2541C3BE0188A
:1088B00000F07CF93E000DE620000022A130FF30E0
:1088C000E2543E0000F072F9EAE520000022213077
:1088D000FF30E2543E0000F069F9D5E50022E25491
:1088E0001C3BE01800F062F93E00E9E520000022A0
:1088F0006130FF30E2543E0000F058F9CAE5200034
:108900000022E130FF30E2543E0000F04FF9CDE5A7
:1089100020000022E030E2543E0000F047F9ADE5CF
:108920000022E2541C3BE01800F040F954E700221A
:10893000E2541C3BE01800F039F982E731000A48A4
:10894000694000F07DFAC0463A020000BA02000019
:108950007A030000BB030000BA030000FB03000021
:10896000FA0300003A030000407A0010F0B58C468C
:10897000838A018B020083B00E1C994200D91E1C11
:10898000B6B29B1B9CB2D37880211800451EA8412B
:10899000C90031434003084301214B40D370537851
:1089A0009482002B32D11169002E2AD06346D468FC
:1089B0009B01E418731E0193062B32D923000B434D
:1089C0009B072ED1631A013B022B2AD90023B7083B
:1089D000BF00CD58E5500433BB42FAD19E420ED0C1
:1089E000019DE418EF1ACD18C95C217001999942D4
:1089F00005D06B786370012F01D0AB78A37011693B
:108A0000948A802389191B0211611843002C02D11A
:108A10008023DB0118436346002B00D0000403B021
:108A2000F0BD0023CD5CE55401339E42FAD1E6E768
:108A30008368F0B51A68002900D0120C43789205BB
:108A4000950D002B09D1C38AEB18C382038BAB426F
:108A500001D9002383822800F0BD0469002D28D0AD
:108A6000C36889016F1EBC465E18062F27D90131E5
:108A70005B18E31A022B22D9230033439B071ED134
:108A80000023120E9200F158E15004339A42FAD1B9
:108A900095420DD063469F1AA318B45CB1181C70A0
:108AA000944505D04A785A70012F01D08A789A707F
:108AB0000469C38A6419EB18C3820461C6E7002203
:108AC000B35CA35401329542FAD10469F1E7C04680
:108AD00010B50400836800211B68FFF7A9FF6368D5
:108AE0001B685B0002D5238B834200D010BD01219F
:108AF0002000FFF79DFFF9E7084B1A6C002392074F
:108B000003D48278D209012A01D018007047C37EAD
:108B1000023B5A425341DBB2F7E7C0460000115016
:108B200010B5FFF7E9FF00280AD0064B064A9B6AFA
:108B3000064912685B189B1A0020C6229A424041DF
:108B400010BDC046004005405C1A0020E0FCFFFF5D
:108B500000238376436103617047C04610B5836884
:108B6000002901D01C682140002A12D08024E40092
:108B7000114322420DD01A6822420CD1084A0A4001
:108B80001A60084A126C920703D40C23033BFDD2EF
:108B90008368196010BD8178034800F051F9C04620
:108BA000FFFBFFFF00001150547A0010436870B5BE
:108BB0000021802504001E68FFF7D8FE124B6D01CE
:108BC0001A6C0543A37892070ED55B060ED00F4BA7
:108BD0001E4080239B053343626800211360200000
:108BE0002A00FFF7BBFF70BDDB09F0D0A38A002B82
:108BF000EDD001212000FFF7B9FEA023044ADB05D8
:108C0000324005431343E7E700001150FFFFFFAF79
:108C1000FFFFFFDF70B5857E0400002D14D0FFF745
:108C200057FFA38A002B01D1280070BD2000FFF759
:108C300077FF002803D0012300252377F4E72000E5
:108C4000FFF7B4FF0025EFE78178014800F0F8F85E
:108C5000747A0010F0B54746CE4680B543780500DB
:108C60000F0085B0062B07D8684A9B00D3589F4653
:108C7000674A137801331370664B1C686269EFF31F
:108C8000108172B61368002BFCD0BFF35F8FA16117
:108C90002000290000F0F4F86269A369BFF35F8F38
:108CA0000021116083F31088002804D105B0C0BCF6
:108CB000B946B046F0BD3A006978287800F0F0F87F
:108CC000F4E70121544B1A788A431A701A7801315B
:108CD0008A431A7000225A701A7802318A431A7035
:108CE000CAE74E4B00241E001A784D4B98464D4B58
:108CF000994610E04B461B6861015B18002B06D0BB
:108D0000DB69002B03D069682878984732780134F2
:108D1000E4B2944217D8A242ECD8A31A5B014344B0
:108D2000EEE73D4B1A78D207C0D504211A780A43E2
:108D30001A70A1E7384B1A78D207B7D504211A78F0
:108D40008A431A7098E7344A1378904611005B07FB
:108D500028D51378042201AC93430B702000002126
:108D6000083200F085F82B78237005236370294BB7
:108D70001B6818005A69EFF3108172B61368002B54
:108D8000FCD0BFF35F8F06008161210000F078F80E
:108D90007269B369BFF35F8F0021116083F310889C
:108DA00000282CD14346DB78DB0700D47EE72B7804
:108DB00001AC2370032363706B686360154B1D68FF
:108DC0006A69EFF3108172B61368002BFCD0BFF311
:108DD0005F8FA9612800210000F052F86A69AB6931
:108DE000BFF35F8F0021116083F31088002800D14A
:108DF0005CE73A006178207800F052F856E73A00D4
:108E00006178207800F04CF8CCE7C046047F001071
:108E1000BB1E002028160020D0150020B91E0020FF
:108E2000207F0010E81400207047C04600000000BA
:108E300001B40248844601BC604700BF292A0010E3
:108E400001B40248844601BC604700BF0D06001013
:108E500001B40248844601BC604700BF55140010AD
:108E600001B40248844601BC604700BF9915001058
:108E700001B40248844601BC604700BF012B0010CA
:108E800001B40248844601BC604700BF016900107C
:108E900001B40248844601BC604700BF01060010CF
:108EA00001B40248844601BC604700BF555300101E
:108EB00010000000000000000000010000000000A1
:108EC00000000000000002000000000000000000A0
:108ED000000003000000000000000000000004008B
:108EE000000000000000000000000500000000007D
:108EF000000000000000FF000000000001B548680D
:108F000001318E460047704609380149884701BD46
:108F1000E90B00100000000000000000000000004D
:108F200000000000000000006011002000000000B0
:108F3000503300004C330000543300005233000023
:108F40004D5300004D4300005334000043340000F3
:108F5000B1460010B1470010FD460010C547001093
:108F60000000000000010000F9490010AD490010A8
:108F70002149001099480010000000000001000085
:108F80002C16002010000C00000000000000000063
:108F9000000000000000000000000000FF000000D2
:108FA0000080044000000000004004400000000079
:088FB0000000000000000000B9
:04000005100001E9FD
:00000001FF
