
/Users/jialo.mi/GitHub/School/Y2T1/INF2004 Embedded Systems/VL53L1X-C-API-for-Raspberry-Pi-Pico-main/VL53L1X-C-API-for-Raspberry-Pi-Pico-main/build/continuous_measurement/continuous.elf:     file format elf32-littlearm

Sections:
Idx Name          Size      VMA       LMA       File off  Algn
  0 .boot2        00000100  10000000  10000000  00001000  2**0
                  CONTENTS, ALLOC, LOAD, READONLY, CODE
  1 .text         000074d8  10000100  10000100  00001100  2**3
                  CONTENTS, ALLOC, LOAD, READONLY, CODE
  2 .rodata       000009dc  100075d8  100075d8  000085d8  2**3
                  CONTENTS, ALLOC, LOAD, READONLY, DATA
  3 .binary_info  0000002c  10007fb4  10007fb4  00008fb4  2**2
                  CONTENTS, ALLOC, LOAD, READONLY, DATA
  4 .xip_ram      00000000  15000000  15000000  0000a098  2**0
                  CONTENTS
  5 .ram_vector_table 000000c0  20000000  20000000  0000b000  2**2
                  ALLOC
  6 .uninitialized_data 00000000  200000c0  200000c0  0000a098  2**0
                  CONTENTS
  7 .data         00000fd8  200000c0  10007fe0  000090c0  2**4
                  CONTENTS, ALLOC, LOAD, READONLY, CODE
  8 .tdata        00000000  20001098  20001098  0000a098  2**0
                  CONTENTS, ALLOC, LOAD, DATA, THREAD_LOCAL
  9 .tbss         00000000  20001098  20001098  00000000  2**0
                  ALLOC, THREAD_LOCAL
 10 .tbss_space   00000000  20001098  20001098  0000a098  2**0
                  CONTENTS
 11 .bss          00000e2c  20001098  10008fb8  0000a098  2**3
                  ALLOC
 12 .tls0         00000000  20001ec4  20001ec4  0000a098  2**0
                  CONTENTS
 13 .tls1         00000000  20001ec4  20001ec4  0000a098  2**0
                  CONTENTS
 14 .persistent_data 00000000  20001ec4  20001ec4  0000a098  2**0
                  CONTENTS
 15 .dummy_pre_heap 00000000  20001ec4  20001ec4  0000a098  2**0
                  CONTENTS
 16 .heap         00000800  20001ec4  20001ec4  0000b000  2**2
                  ALLOC, READONLY
 17 .scratch_x    00000000  20040000  20040000  0000a098  2**0
                  CONTENTS
 18 .scratch_y    00000000  20041000  20041000  0000a098  2**0
                  CONTENTS
 19 .stack_dummy  00000800  20041000  20041000  0000b000  2**5
                  ALLOC, READONLY
 20 .debug_info   00038476  00000000  00000000  0000a098  2**0
                  CONTENTS, READONLY, DEBUGGING, OCTETS
 21 .debug_abbrev 00009878  00000000  00000000  0004250e  2**0
                  CONTENTS, READONLY, DEBUGGING, OCTETS
 22 .debug_loclists 0001dde5  00000000  00000000  0004bd86  2**0
                  CONTENTS, READONLY, DEBUGGING, OCTETS
 23 .debug_aranges 00001970  00000000  00000000  00069b70  2**3
                  CONTENTS, READONLY, DEBUGGING, OCTETS
 24 .debug_rnglists 00004c63  00000000  00000000  0006b4e0  2**0
                  CONTENTS, READONLY, DEBUGGING, OCTETS
 25 .debug_line   000283a4  00000000  00000000  00070143  2**0
                  CONTENTS, READONLY, DEBUGGING, OCTETS
 26 .debug_str    00009fcd  00000000  00000000  000984e7  2**0
                  CONTENTS, READONLY, DEBUGGING, OCTETS
 27 .comment      00000045  00000000  00000000  000a24b4  2**0
                  CONTENTS, READONLY
 28 .ARM.attributes 0000002a  00000000  00000000  000a24f9  2**0
                  CONTENTS, READONLY
 29 .debug_frame  00003784  00000000  00000000  000a2524  2**2
                  CONTENTS, READONLY, DEBUGGING, OCTETS
 30 .debug_line_str 000003d5  00000000  00000000  000a5ca8  2**0
                  CONTENTS, READONLY, DEBUGGING, OCTETS

/Users/jialo.mi/GitHub/School/Y2T1/INF2004 Embedded Systems/VL53L1X-C-API-for-Raspberry-Pi-Pico-main/VL53L1X-C-API-for-Raspberry-Pi-Pico-main/build/continuous_measurement/continuous.elf:     file format elf32-littlearm


Disassembly of section .boot2:

10000000 <__boot2_start__>:
10000000:	4b32b500 	.word	0x4b32b500
10000004:	60582021 	.word	0x60582021
10000008:	21026898 	.word	0x21026898
1000000c:	60984388 	.word	0x60984388
10000010:	611860d8 	.word	0x611860d8
10000014:	4b2e6158 	.word	0x4b2e6158
10000018:	60992100 	.word	0x60992100
1000001c:	61592102 	.word	0x61592102
10000020:	22f02101 	.word	0x22f02101
10000024:	492b5099 	.word	0x492b5099
10000028:	21016019 	.word	0x21016019
1000002c:	20356099 	.word	0x20356099
10000030:	f844f000 	.word	0xf844f000
10000034:	42902202 	.word	0x42902202
10000038:	2106d014 	.word	0x2106d014
1000003c:	f0006619 	.word	0xf0006619
10000040:	6e19f834 	.word	0x6e19f834
10000044:	66192101 	.word	0x66192101
10000048:	66182000 	.word	0x66182000
1000004c:	f000661a 	.word	0xf000661a
10000050:	6e19f82c 	.word	0x6e19f82c
10000054:	6e196e19 	.word	0x6e196e19
10000058:	f0002005 	.word	0xf0002005
1000005c:	2101f82f 	.word	0x2101f82f
10000060:	d1f94208 	.word	0xd1f94208
10000064:	60992100 	.word	0x60992100
10000068:	6019491b 	.word	0x6019491b
1000006c:	60592100 	.word	0x60592100
10000070:	481b491a 	.word	0x481b491a
10000074:	21016001 	.word	0x21016001
10000078:	21eb6099 	.word	0x21eb6099
1000007c:	21a06619 	.word	0x21a06619
10000080:	f0006619 	.word	0xf0006619
10000084:	2100f812 	.word	0x2100f812
10000088:	49166099 	.word	0x49166099
1000008c:	60014814 	.word	0x60014814
10000090:	60992101 	.word	0x60992101
10000094:	2800bc01 	.word	0x2800bc01
10000098:	4700d000 	.word	0x4700d000
1000009c:	49134812 	.word	0x49134812
100000a0:	c8036008 	.word	0xc8036008
100000a4:	8808f380 	.word	0x8808f380
100000a8:	b5034708 	.word	0xb5034708
100000ac:	20046a99 	.word	0x20046a99
100000b0:	d0fb4201 	.word	0xd0fb4201
100000b4:	42012001 	.word	0x42012001
100000b8:	bd03d1f8 	.word	0xbd03d1f8
100000bc:	6618b502 	.word	0x6618b502
100000c0:	f7ff6618 	.word	0xf7ff6618
100000c4:	6e18fff2 	.word	0x6e18fff2
100000c8:	bd026e18 	.word	0xbd026e18
100000cc:	40020000 	.word	0x40020000
100000d0:	18000000 	.word	0x18000000
100000d4:	00070000 	.word	0x00070000
100000d8:	005f0300 	.word	0x005f0300
100000dc:	00002221 	.word	0x00002221
100000e0:	180000f4 	.word	0x180000f4
100000e4:	a0002022 	.word	0xa0002022
100000e8:	10000100 	.word	0x10000100
100000ec:	e000ed08 	.word	0xe000ed08
	...
100000fc:	7a4eb274 	.word	0x7a4eb274

Disassembly of section .text:

10000100 <__VECTOR_TABLE>:
10000100:	20042000 	.word	0x20042000
10000104:	100001f7 	.word	0x100001f7
10000108:	100001cb 	.word	0x100001cb
1000010c:	100001cd 	.word	0x100001cd
10000110:	100001c9 	.word	0x100001c9
10000114:	100001c9 	.word	0x100001c9
10000118:	100001c9 	.word	0x100001c9
1000011c:	100001c9 	.word	0x100001c9
10000120:	100001c9 	.word	0x100001c9
10000124:	100001c9 	.word	0x100001c9
10000128:	100001c9 	.word	0x100001c9
1000012c:	100001cf 	.word	0x100001cf
10000130:	100001c9 	.word	0x100001c9
10000134:	100001c9 	.word	0x100001c9
10000138:	100001d1 	.word	0x100001d1
1000013c:	100001d3 	.word	0x100001d3
10000140:	100001c1 	.word	0x100001c1
10000144:	100001c1 	.word	0x100001c1
10000148:	100001c1 	.word	0x100001c1
1000014c:	100001c1 	.word	0x100001c1
10000150:	100001c1 	.word	0x100001c1
10000154:	100001c1 	.word	0x100001c1
10000158:	100001c1 	.word	0x100001c1
1000015c:	100001c1 	.word	0x100001c1
10000160:	100001c1 	.word	0x100001c1
10000164:	100001c1 	.word	0x100001c1
10000168:	100001c1 	.word	0x100001c1
1000016c:	100001c1 	.word	0x100001c1
10000170:	100001c1 	.word	0x100001c1
10000174:	100001c1 	.word	0x100001c1
10000178:	100001c1 	.word	0x100001c1
1000017c:	100001c1 	.word	0x100001c1
10000180:	100001c1 	.word	0x100001c1
10000184:	100001c1 	.word	0x100001c1
10000188:	100001c1 	.word	0x100001c1
1000018c:	100001c1 	.word	0x100001c1
10000190:	100001c1 	.word	0x100001c1
10000194:	100001c1 	.word	0x100001c1
10000198:	100001c1 	.word	0x100001c1
1000019c:	100001c1 	.word	0x100001c1
100001a0:	100001c1 	.word	0x100001c1
100001a4:	100001c1 	.word	0x100001c1
100001a8:	100001c1 	.word	0x100001c1
100001ac:	100001c1 	.word	0x100001c1
100001b0:	100001c1 	.word	0x100001c1
100001b4:	100001c1 	.word	0x100001c1
100001b8:	100001c1 	.word	0x100001c1
100001bc:	100001c1 	.word	0x100001c1

100001c0 <__unhandled_user_irq>:
100001c0:	f3ef 8005 	mrs	r0, IPSR
100001c4:	3810      	subs	r0, #16

100001c6 <unhandled_user_irq_num_in_r0>:
100001c6:	be00      	bkpt	0x0000

100001c8 <isr_invalid>:
100001c8:	be00      	bkpt	0x0000

100001ca <isr_nmi>:
100001ca:	be00      	bkpt	0x0000

100001cc <isr_hardfault>:
100001cc:	be00      	bkpt	0x0000

100001ce <isr_svcall>:
100001ce:	be00      	bkpt	0x0000

100001d0 <isr_pendsv>:
100001d0:	be00      	bkpt	0x0000

100001d2 <isr_systick>:
100001d2:	be00      	bkpt	0x0000

100001d4 <__default_isrs_end>:
100001d4:	7188ebf2 	.word	0x7188ebf2
100001d8:	10007fb4 	.word	0x10007fb4
100001dc:	10007fe0 	.word	0x10007fe0
100001e0:	10000238 	.word	0x10000238
100001e4:	e71aa390 	.word	0xe71aa390

100001e8 <_entry_point>:
100001e8:	2000      	movs	r0, #0

100001ea <_enter_vtable_in_r0>:
100001ea:	491e      	ldr	r1, [pc, #120]	@ (10000264 <data_cpy_table+0x2c>)
100001ec:	6008      	str	r0, [r1, #0]
100001ee:	c806      	ldmia	r0!, {r1, r2}
100001f0:	f381 8808 	msr	MSP, r1
100001f4:	4710      	bx	r2

100001f6 <_reset_handler>:
100001f6:	481c      	ldr	r0, [pc, #112]	@ (10000268 <data_cpy_table+0x30>)
100001f8:	6800      	ldr	r0, [r0, #0]
100001fa:	2800      	cmp	r0, #0
100001fc:	d001      	beq.n	10000202 <hold_non_core0_in_bootrom+0x4>

100001fe <hold_non_core0_in_bootrom>:
100001fe:	2000      	movs	r0, #0
10000200:	e7f3      	b.n	100001ea <_enter_vtable_in_r0>
10000202:	a40d      	add	r4, pc, #52	@ (adr r4, 10000238 <data_cpy_table>)
10000204:	cc0e      	ldmia	r4!, {r1, r2, r3}
10000206:	2900      	cmp	r1, #0
10000208:	d002      	beq.n	10000210 <hold_non_core0_in_bootrom+0x12>
1000020a:	f000 f812 	bl	10000232 <data_cpy>
1000020e:	e7f9      	b.n	10000204 <hold_non_core0_in_bootrom+0x6>
10000210:	4916      	ldr	r1, [pc, #88]	@ (1000026c <data_cpy_table+0x34>)
10000212:	4a17      	ldr	r2, [pc, #92]	@ (10000270 <data_cpy_table+0x38>)
10000214:	2000      	movs	r0, #0
10000216:	e000      	b.n	1000021a <bss_fill_test>

10000218 <bss_fill_loop>:
10000218:	c101      	stmia	r1!, {r0}

1000021a <bss_fill_test>:
1000021a:	4291      	cmp	r1, r2
1000021c:	d1fc      	bne.n	10000218 <bss_fill_loop>

1000021e <platform_entry>:
1000021e:	4915      	ldr	r1, [pc, #84]	@ (10000274 <data_cpy_table+0x3c>)
10000220:	4788      	blx	r1
10000222:	4915      	ldr	r1, [pc, #84]	@ (10000278 <data_cpy_table+0x40>)
10000224:	4788      	blx	r1
10000226:	4915      	ldr	r1, [pc, #84]	@ (1000027c <data_cpy_table+0x44>)
10000228:	4788      	blx	r1
1000022a:	be00      	bkpt	0x0000
1000022c:	e7fd      	b.n	1000022a <platform_entry+0xc>

1000022e <data_cpy_loop>:
1000022e:	c901      	ldmia	r1!, {r0}
10000230:	c201      	stmia	r2!, {r0}

10000232 <data_cpy>:
10000232:	429a      	cmp	r2, r3
10000234:	d3fb      	bcc.n	1000022e <data_cpy_loop>

10000236 <data_cpy_done>:
10000236:	4770      	bx	lr

10000238 <data_cpy_table>:
10000238:	10007fe0 	.word	0x10007fe0
1000023c:	200000c0 	.word	0x200000c0
10000240:	20001098 	.word	0x20001098
10000244:	10008fb8 	.word	0x10008fb8
10000248:	20040000 	.word	0x20040000
1000024c:	20040000 	.word	0x20040000
10000250:	10008fb8 	.word	0x10008fb8
10000254:	20041000 	.word	0x20041000
10000258:	20041000 	.word	0x20041000
1000025c:	00000000 	.word	0x00000000
10000260:	4770      	bx	lr
10000262:	0000      	.short	0x0000
10000264:	e000ed08 	.word	0xe000ed08
10000268:	d0000000 	.word	0xd0000000
1000026c:	20001098 	.word	0x20001098
10000270:	20001ec4 	.word	0x20001ec4
10000274:	100042a9 	.word	0x100042a9
10000278:	10000281 	.word	0x10000281
1000027c:	100042a1 	.word	0x100042a1

10000280 <main>:
10000280:	b5f0      	push	{r4, r5, r6, r7, lr}
10000282:	46de      	mov	lr, fp
10000284:	4657      	mov	r7, sl
10000286:	464e      	mov	r6, r9
10000288:	4645      	mov	r5, r8
1000028a:	b5e0      	push	{r5, r6, r7, lr}
1000028c:	b08b      	sub	sp, #44	@ 0x2c
1000028e:	f004 f92f 	bl	100044f0 <stdio_init_all>
10000292:	20fa      	movs	r0, #250	@ 0xfa
10000294:	25d0      	movs	r5, #208	@ 0xd0
10000296:	2680      	movs	r6, #128	@ 0x80
10000298:	2404      	movs	r4, #4
1000029a:	00c0      	lsls	r0, r0, #3
1000029c:	f001 f876 	bl	1000138c <sleep_ms>
100002a0:	200a      	movs	r0, #10
100002a2:	f004 f92d 	bl	10004500 <__wrap_putchar>
100002a6:	4f95      	ldr	r7, [pc, #596]	@ (100004fc <main+0x27c>)
100002a8:	062d      	lsls	r5, r5, #24
100002aa:	0038      	movs	r0, r7
100002ac:	f004 f972 	bl	10004594 <__wrap_puts>
100002b0:	4893      	ldr	r0, [pc, #588]	@ (10000500 <main+0x280>)
100002b2:	f004 f96f 	bl	10004594 <__wrap_puts>
100002b6:	0038      	movs	r0, r7
100002b8:	f004 f96c 	bl	10004594 <__wrap_puts>
100002bc:	04b6      	lsls	r6, r6, #18
100002be:	2019      	movs	r0, #25
100002c0:	f000 f980 	bl	100005c4 <gpio_init>
100002c4:	626e      	str	r6, [r5, #36]	@ 0x24
100002c6:	2096      	movs	r0, #150	@ 0x96
100002c8:	616e      	str	r6, [r5, #20]
100002ca:	f001 f85f 	bl	1000138c <sleep_ms>
100002ce:	3c01      	subs	r4, #1
100002d0:	2096      	movs	r0, #150	@ 0x96
100002d2:	61ae      	str	r6, [r5, #24]
100002d4:	f001 f85a 	bl	1000138c <sleep_ms>
100002d8:	2c00      	cmp	r4, #0
100002da:	d1f4      	bne.n	100002c6 <main+0x46>
100002dc:	4889      	ldr	r0, [pc, #548]	@ (10000504 <main+0x284>)
100002de:	f004 f959 	bl	10004594 <__wrap_puts>
100002e2:	2029      	movs	r0, #41	@ 0x29
100002e4:	4988      	ldr	r1, [pc, #544]	@ (10000508 <main+0x288>)
100002e6:	f006 ffb9 	bl	1000725c <VL53L1X_I2C_Init>
100002ea:	2800      	cmp	r0, #0
100002ec:	da00      	bge.n	100002f0 <main+0x70>
100002ee:	e073      	b.n	100003d8 <main+0x158>
100002f0:	250a      	movs	r5, #10
100002f2:	4886      	ldr	r0, [pc, #536]	@ (1000050c <main+0x28c>)
100002f4:	f004 f94e 	bl	10004594 <__wrap_puts>
100002f8:	4885      	ldr	r0, [pc, #532]	@ (10000510 <main+0x290>)
100002fa:	f004 f94b 	bl	10004594 <__wrap_puts>
100002fe:	ab04      	add	r3, sp, #16
10000300:	18ed      	adds	r5, r5, r3
10000302:	702c      	strb	r4, [r5, #0]
10000304:	24fa      	movs	r4, #250	@ 0xfa
10000306:	4e83      	ldr	r6, [pc, #524]	@ (10000514 <main+0x294>)
10000308:	00a4      	lsls	r4, r4, #2
1000030a:	e009      	b.n	10000320 <main+0xa0>
1000030c:	2102      	movs	r1, #2
1000030e:	2029      	movs	r0, #41	@ 0x29
10000310:	3c01      	subs	r4, #1
10000312:	f007 f8a9 	bl	10007468 <VL53L1X_WaitMs>
10000316:	2c00      	cmp	r4, #0
10000318:	d013      	beq.n	10000342 <main+0xc2>
1000031a:	782b      	ldrb	r3, [r5, #0]
1000031c:	2b00      	cmp	r3, #0
1000031e:	d114      	bne.n	1000034a <main+0xca>
10000320:	0029      	movs	r1, r5
10000322:	2029      	movs	r0, #41	@ 0x29
10000324:	f006 ff50 	bl	100071c8 <VL53L1X_BootState>
10000328:	2800      	cmp	r0, #0
1000032a:	d0ef      	beq.n	1000030c <main+0x8c>
1000032c:	0001      	movs	r1, r0
1000032e:	0030      	movs	r0, r6
10000330:	f004 f9b2 	bl	10004698 <__wrap_printf>
10000334:	3c01      	subs	r4, #1
10000336:	2102      	movs	r1, #2
10000338:	2029      	movs	r0, #41	@ 0x29
1000033a:	f007 f895 	bl	10007468 <VL53L1X_WaitMs>
1000033e:	2c00      	cmp	r4, #0
10000340:	d1eb      	bne.n	1000031a <main+0x9a>
10000342:	4875      	ldr	r0, [pc, #468]	@ (10000518 <main+0x298>)
10000344:	f004 f926 	bl	10004594 <__wrap_puts>
10000348:	e03e      	b.n	100003c8 <main+0x148>
1000034a:	4874      	ldr	r0, [pc, #464]	@ (1000051c <main+0x29c>)
1000034c:	f004 f922 	bl	10004594 <__wrap_puts>
10000350:	2029      	movs	r0, #41	@ 0x29
10000352:	f006 fd77 	bl	10006e44 <VL53L1X_SensorInit>
10000356:	0004      	movs	r4, r0
10000358:	4871      	ldr	r0, [pc, #452]	@ (10000520 <main+0x2a0>)
1000035a:	0021      	movs	r1, r4
1000035c:	f004 f99c 	bl	10004698 <__wrap_printf>
10000360:	2c00      	cmp	r4, #0
10000362:	d12e      	bne.n	100003c2 <main+0x142>
10000364:	2101      	movs	r1, #1
10000366:	2029      	movs	r0, #41	@ 0x29
10000368:	f006 fe56 	bl	10007018 <VL53L1X_SetDistanceMode>
1000036c:	0004      	movs	r4, r0
1000036e:	486d      	ldr	r0, [pc, #436]	@ (10000524 <main+0x2a4>)
10000370:	0021      	movs	r1, r4
10000372:	f004 f991 	bl	10004698 <__wrap_printf>
10000376:	2c00      	cmp	r4, #0
10000378:	d136      	bne.n	100003e8 <main+0x168>
1000037a:	2164      	movs	r1, #100	@ 0x64
1000037c:	2029      	movs	r0, #41	@ 0x29
1000037e:	f006 fdcd 	bl	10006f1c <VL53L1X_SetTimingBudgetInMs>
10000382:	0004      	movs	r4, r0
10000384:	4868      	ldr	r0, [pc, #416]	@ (10000528 <main+0x2a8>)
10000386:	0021      	movs	r1, r4
10000388:	f004 f986 	bl	10004698 <__wrap_printf>
1000038c:	2c00      	cmp	r4, #0
1000038e:	d127      	bne.n	100003e0 <main+0x160>
10000390:	21c8      	movs	r1, #200	@ 0xc8
10000392:	2029      	movs	r0, #41	@ 0x29
10000394:	f006 fef2 	bl	1000717c <VL53L1X_SetInterMeasurementInMs>
10000398:	0004      	movs	r4, r0
1000039a:	4864      	ldr	r0, [pc, #400]	@ (1000052c <main+0x2ac>)
1000039c:	0021      	movs	r1, r4
1000039e:	f004 f97b 	bl	10004698 <__wrap_printf>
100003a2:	2c00      	cmp	r4, #0
100003a4:	d124      	bne.n	100003f0 <main+0x170>
100003a6:	2029      	movs	r0, #41	@ 0x29
100003a8:	f006 fd92 	bl	10006ed0 <VL53L1X_StartRanging>
100003ac:	0006      	movs	r6, r0
100003ae:	4860      	ldr	r0, [pc, #384]	@ (10000530 <main+0x2b0>)
100003b0:	0031      	movs	r1, r6
100003b2:	f004 f971 	bl	10004698 <__wrap_printf>
100003b6:	42a6      	cmp	r6, r4
100003b8:	d01e      	beq.n	100003f8 <main+0x178>
100003ba:	485e      	ldr	r0, [pc, #376]	@ (10000534 <main+0x2b4>)
100003bc:	f004 f8ea 	bl	10004594 <__wrap_puts>
100003c0:	e002      	b.n	100003c8 <main+0x148>
100003c2:	485d      	ldr	r0, [pc, #372]	@ (10000538 <main+0x2b8>)
100003c4:	f004 f8e6 	bl	10004594 <__wrap_puts>
100003c8:	2001      	movs	r0, #1
100003ca:	b00b      	add	sp, #44	@ 0x2c
100003cc:	bcf0      	pop	{r4, r5, r6, r7}
100003ce:	46bb      	mov	fp, r7
100003d0:	46b2      	mov	sl, r6
100003d2:	46a9      	mov	r9, r5
100003d4:	46a0      	mov	r8, r4
100003d6:	bdf0      	pop	{r4, r5, r6, r7, pc}
100003d8:	4858      	ldr	r0, [pc, #352]	@ (1000053c <main+0x2bc>)
100003da:	f004 f8db 	bl	10004594 <__wrap_puts>
100003de:	e7f3      	b.n	100003c8 <main+0x148>
100003e0:	4857      	ldr	r0, [pc, #348]	@ (10000540 <main+0x2c0>)
100003e2:	f004 f8d7 	bl	10004594 <__wrap_puts>
100003e6:	e7ef      	b.n	100003c8 <main+0x148>
100003e8:	4856      	ldr	r0, [pc, #344]	@ (10000544 <main+0x2c4>)
100003ea:	f004 f8d3 	bl	10004594 <__wrap_puts>
100003ee:	e7eb      	b.n	100003c8 <main+0x148>
100003f0:	4855      	ldr	r0, [pc, #340]	@ (10000548 <main+0x2c8>)
100003f2:	f004 f8cf 	bl	10004594 <__wrap_puts>
100003f6:	e7e7      	b.n	100003c8 <main+0x148>
100003f8:	250b      	movs	r5, #11
100003fa:	200a      	movs	r0, #10
100003fc:	f004 f880 	bl	10004500 <__wrap_putchar>
10000400:	0038      	movs	r0, r7
10000402:	f004 f8c7 	bl	10004594 <__wrap_puts>
10000406:	4851      	ldr	r0, [pc, #324]	@ (1000054c <main+0x2cc>)
10000408:	f004 f8c4 	bl	10004594 <__wrap_puts>
1000040c:	4850      	ldr	r0, [pc, #320]	@ (10000550 <main+0x2d0>)
1000040e:	f004 f8c1 	bl	10004594 <__wrap_puts>
10000412:	ab04      	add	r3, sp, #16
10000414:	18ed      	adds	r5, r5, r3
10000416:	4b4f      	ldr	r3, [pc, #316]	@ (10000554 <main+0x2d4>)
10000418:	af07      	add	r7, sp, #28
1000041a:	4698      	mov	r8, r3
1000041c:	4b4e      	ldr	r3, [pc, #312]	@ (10000558 <main+0x2d8>)
1000041e:	4699      	mov	r9, r3
10000420:	4b4e      	ldr	r3, [pc, #312]	@ (1000055c <main+0x2dc>)
10000422:	469b      	mov	fp, r3
10000424:	4b4e      	ldr	r3, [pc, #312]	@ (10000560 <main+0x2e0>)
10000426:	9303      	str	r3, [sp, #12]
10000428:	4b4e      	ldr	r3, [pc, #312]	@ (10000564 <main+0x2e4>)
1000042a:	469a      	mov	sl, r3
1000042c:	4b4e      	ldr	r3, [pc, #312]	@ (10000568 <main+0x2e8>)
1000042e:	9304      	str	r3, [sp, #16]
10000430:	4b4e      	ldr	r3, [pc, #312]	@ (1000056c <main+0x2ec>)
10000432:	9305      	str	r3, [sp, #20]
10000434:	2029      	movs	r0, #41	@ 0x29
10000436:	702e      	strb	r6, [r5, #0]
10000438:	f006 fd4a 	bl	10006ed0 <VL53L1X_StartRanging>
1000043c:	2800      	cmp	r0, #0
1000043e:	d00c      	beq.n	1000045a <main+0x1da>
10000440:	0001      	movs	r1, r0
10000442:	4640      	mov	r0, r8
10000444:	f004 f928 	bl	10004698 <__wrap_printf>
10000448:	2064      	movs	r0, #100	@ 0x64
1000044a:	f000 ff9f 	bl	1000138c <sleep_ms>
1000044e:	2029      	movs	r0, #41	@ 0x29
10000450:	702e      	strb	r6, [r5, #0]
10000452:	f006 fd3d 	bl	10006ed0 <VL53L1X_StartRanging>
10000456:	2800      	cmp	r0, #0
10000458:	d1f2      	bne.n	10000440 <main+0x1c0>
1000045a:	782b      	ldrb	r3, [r5, #0]
1000045c:	24c8      	movs	r4, #200	@ 0xc8
1000045e:	2b00      	cmp	r3, #0
10000460:	d009      	beq.n	10000476 <main+0x1f6>
10000462:	e019      	b.n	10000498 <main+0x218>
10000464:	2005      	movs	r0, #5
10000466:	f000 ff91 	bl	1000138c <sleep_ms>
1000046a:	782b      	ldrb	r3, [r5, #0]
1000046c:	2b00      	cmp	r3, #0
1000046e:	d113      	bne.n	10000498 <main+0x218>
10000470:	3c01      	subs	r4, #1
10000472:	2c00      	cmp	r4, #0
10000474:	d02f      	beq.n	100004d6 <main+0x256>
10000476:	0029      	movs	r1, r5
10000478:	2029      	movs	r0, #41	@ 0x29
1000047a:	f006 fd35 	bl	10006ee8 <VL53L1X_CheckForDataReady>
1000047e:	2800      	cmp	r0, #0
10000480:	d0f0      	beq.n	10000464 <main+0x1e4>
10000482:	0001      	movs	r1, r0
10000484:	4648      	mov	r0, r9
10000486:	f004 f907 	bl	10004698 <__wrap_printf>
1000048a:	2029      	movs	r0, #41	@ 0x29
1000048c:	f006 fd26 	bl	10006edc <VL53L1X_StopRanging>
10000490:	2064      	movs	r0, #100	@ 0x64
10000492:	f000 ff7b 	bl	1000138c <sleep_ms>
10000496:	e7cd      	b.n	10000434 <main+0x1b4>
10000498:	0039      	movs	r1, r7
1000049a:	2029      	movs	r0, #41	@ 0x29
1000049c:	f006 feaa 	bl	100071f4 <VL53L1X_GetResult>
100004a0:	2800      	cmp	r0, #0
100004a2:	d122      	bne.n	100004ea <main+0x26a>
100004a4:	8938      	ldrh	r0, [r7, #8]
100004a6:	88bb      	ldrh	r3, [r7, #4]
100004a8:	887a      	ldrh	r2, [r7, #2]
100004aa:	7839      	ldrb	r1, [r7, #0]
100004ac:	9001      	str	r0, [sp, #4]
100004ae:	88f8      	ldrh	r0, [r7, #6]
100004b0:	9000      	str	r0, [sp, #0]
100004b2:	4650      	mov	r0, sl
100004b4:	f004 f8f0 	bl	10004698 <__wrap_printf>
100004b8:	2029      	movs	r0, #41	@ 0x29
100004ba:	f006 fd03 	bl	10006ec4 <VL53L1X_ClearInterrupt>
100004be:	2800      	cmp	r0, #0
100004c0:	d116      	bne.n	100004f0 <main+0x270>
100004c2:	2029      	movs	r0, #41	@ 0x29
100004c4:	f006 fd0a 	bl	10006edc <VL53L1X_StopRanging>
100004c8:	2800      	cmp	r0, #0
100004ca:	d0e1      	beq.n	10000490 <main+0x210>
100004cc:	0001      	movs	r1, r0
100004ce:	9805      	ldr	r0, [sp, #20]
100004d0:	f004 f8e2 	bl	10004698 <__wrap_printf>
100004d4:	e7dc      	b.n	10000490 <main+0x210>
100004d6:	4658      	mov	r0, fp
100004d8:	f004 f85c 	bl	10004594 <__wrap_puts>
100004dc:	2029      	movs	r0, #41	@ 0x29
100004de:	f006 fcfd 	bl	10006edc <VL53L1X_StopRanging>
100004e2:	2064      	movs	r0, #100	@ 0x64
100004e4:	f000 ff52 	bl	1000138c <sleep_ms>
100004e8:	e7a4      	b.n	10000434 <main+0x1b4>
100004ea:	0001      	movs	r1, r0
100004ec:	9803      	ldr	r0, [sp, #12]
100004ee:	e7ca      	b.n	10000486 <main+0x206>
100004f0:	0001      	movs	r1, r0
100004f2:	9804      	ldr	r0, [sp, #16]
100004f4:	f004 f8d0 	bl	10004698 <__wrap_printf>
100004f8:	e7e3      	b.n	100004c2 <main+0x242>
100004fa:	46c0      	nop			@ (mov r8, r8)
100004fc:	100075d8 	.word	0x100075d8
10000500:	100075f8 	.word	0x100075f8
10000504:	10007610 	.word	0x10007610
10000508:	20001088 	.word	0x20001088
1000050c:	10007648 	.word	0x10007648
10000510:	1000765c 	.word	0x1000765c
10000514:	1000767c 	.word	0x1000767c
10000518:	10007694 	.word	0x10007694
1000051c:	100076b0 	.word	0x100076b0
10000520:	100076cc 	.word	0x100076cc
10000524:	10007704 	.word	0x10007704
10000528:	1000773c 	.word	0x1000773c
1000052c:	10007774 	.word	0x10007774
10000530:	100077b8 	.word	0x100077b8
10000534:	100077cc 	.word	0x100077cc
10000538:	100076dc 	.word	0x100076dc
1000053c:	10007624 	.word	0x10007624
10000540:	10007754 	.word	0x10007754
10000544:	1000771c 	.word	0x1000771c
10000548:	10007790 	.word	0x10007790
1000054c:	100077e4 	.word	0x100077e4
10000550:	10007800 	.word	0x10007800
10000554:	10007820 	.word	0x10007820
10000558:	10007838 	.word	0x10007838
1000055c:	10007858 	.word	0x10007858
10000560:	10007878 	.word	0x10007878
10000564:	10007890 	.word	0x10007890
10000568:	100078d0 	.word	0x100078d0
1000056c:	100078ec 	.word	0x100078ec

10000570 <gpio_set_function>:
10000570:	b510      	push	{r4, lr}
10000572:	2440      	movs	r4, #64	@ 0x40
10000574:	4a07      	ldr	r2, [pc, #28]	@ (10000594 <gpio_set_function+0x24>)
10000576:	0083      	lsls	r3, r0, #2
10000578:	189a      	adds	r2, r3, r2
1000057a:	6812      	ldr	r2, [r2, #0]
1000057c:	00c0      	lsls	r0, r0, #3
1000057e:	4054      	eors	r4, r2
10000580:	22c0      	movs	r2, #192	@ 0xc0
10000582:	4022      	ands	r2, r4
10000584:	4c04      	ldr	r4, [pc, #16]	@ (10000598 <gpio_set_function+0x28>)
10000586:	191b      	adds	r3, r3, r4
10000588:	601a      	str	r2, [r3, #0]
1000058a:	4b04      	ldr	r3, [pc, #16]	@ (1000059c <gpio_set_function+0x2c>)
1000058c:	18c0      	adds	r0, r0, r3
1000058e:	6041      	str	r1, [r0, #4]
10000590:	bd10      	pop	{r4, pc}
10000592:	46c0      	nop			@ (mov r8, r8)
10000594:	4001c004 	.word	0x4001c004
10000598:	4001d004 	.word	0x4001d004
1000059c:	40014000 	.word	0x40014000

100005a0 <gpio_set_pulls>:
100005a0:	4b06      	ldr	r3, [pc, #24]	@ (100005bc <gpio_set_pulls+0x1c>)
100005a2:	0080      	lsls	r0, r0, #2
100005a4:	18c3      	adds	r3, r0, r3
100005a6:	681b      	ldr	r3, [r3, #0]
100005a8:	00c9      	lsls	r1, r1, #3
100005aa:	0092      	lsls	r2, r2, #2
100005ac:	430a      	orrs	r2, r1
100005ae:	405a      	eors	r2, r3
100005b0:	230c      	movs	r3, #12
100005b2:	4013      	ands	r3, r2
100005b4:	4a02      	ldr	r2, [pc, #8]	@ (100005c0 <gpio_set_pulls+0x20>)
100005b6:	1880      	adds	r0, r0, r2
100005b8:	6003      	str	r3, [r0, #0]
100005ba:	4770      	bx	lr
100005bc:	4001c004 	.word	0x4001c004
100005c0:	4001d004 	.word	0x4001d004

100005c4 <gpio_init>:
100005c4:	2301      	movs	r3, #1
100005c6:	22d0      	movs	r2, #208	@ 0xd0
100005c8:	4083      	lsls	r3, r0
100005ca:	0612      	lsls	r2, r2, #24
100005cc:	6293      	str	r3, [r2, #40]	@ 0x28
100005ce:	6193      	str	r3, [r2, #24]
100005d0:	4a08      	ldr	r2, [pc, #32]	@ (100005f4 <gpio_init+0x30>)
100005d2:	0083      	lsls	r3, r0, #2
100005d4:	189a      	adds	r2, r3, r2
100005d6:	6811      	ldr	r1, [r2, #0]
100005d8:	2240      	movs	r2, #64	@ 0x40
100005da:	4051      	eors	r1, r2
100005dc:	3280      	adds	r2, #128	@ 0x80
100005de:	400a      	ands	r2, r1
100005e0:	4905      	ldr	r1, [pc, #20]	@ (100005f8 <gpio_init+0x34>)
100005e2:	00c0      	lsls	r0, r0, #3
100005e4:	185b      	adds	r3, r3, r1
100005e6:	601a      	str	r2, [r3, #0]
100005e8:	4b04      	ldr	r3, [pc, #16]	@ (100005fc <gpio_init+0x38>)
100005ea:	18c0      	adds	r0, r0, r3
100005ec:	2305      	movs	r3, #5
100005ee:	6043      	str	r3, [r0, #4]
100005f0:	4770      	bx	lr
100005f2:	46c0      	nop			@ (mov r8, r8)
100005f4:	4001c004 	.word	0x4001c004
100005f8:	4001d004 	.word	0x4001d004
100005fc:	40014000 	.word	0x40014000

10000600 <rp2040_chip_version>:
10000600:	2380      	movs	r3, #128	@ 0x80
10000602:	05db      	lsls	r3, r3, #23
10000604:	6818      	ldr	r0, [r3, #0]
10000606:	0f00      	lsrs	r0, r0, #28
10000608:	4770      	bx	lr
1000060a:	46c0      	nop			@ (mov r8, r8)

1000060c <panic>:
1000060c:	b40f      	push	{r0, r1, r2, r3}
1000060e:	b500      	push	{lr}
10000610:	4808      	ldr	r0, [pc, #32]	@ (10000634 <panic+0x28>)
10000612:	b083      	sub	sp, #12
10000614:	f003 ffbe 	bl	10004594 <__wrap_puts>
10000618:	9b04      	ldr	r3, [sp, #16]
1000061a:	2b00      	cmp	r3, #0
1000061c:	d007      	beq.n	1000062e <panic+0x22>
1000061e:	a905      	add	r1, sp, #20
10000620:	0018      	movs	r0, r3
10000622:	9101      	str	r1, [sp, #4]
10000624:	f003 fe20 	bl	10004268 <weak_raw_vprintf>
10000628:	4803      	ldr	r0, [pc, #12]	@ (10000638 <panic+0x2c>)
1000062a:	f003 ffb3 	bl	10004594 <__wrap_puts>
1000062e:	2001      	movs	r0, #1
10000630:	f003 fe32 	bl	10004298 <_exit>
10000634:	10007904 	.word	0x10007904
10000638:	1000788c 	.word	0x1000788c

1000063c <hw_claim_or_assert>:
1000063c:	b570      	push	{r4, r5, r6, lr}
1000063e:	468c      	mov	ip, r1
10000640:	0016      	movs	r6, r2
10000642:	f3ef 8410 	mrs	r4, PRIMASK
10000646:	b672      	cpsid	i
10000648:	490f      	ldr	r1, [pc, #60]	@ (10000688 <hw_claim_or_assert+0x4c>)
1000064a:	680b      	ldr	r3, [r1, #0]
1000064c:	2b00      	cmp	r3, #0
1000064e:	d0fc      	beq.n	1000064a <hw_claim_or_assert+0xe>
10000650:	f3bf 8f5f 	dmb	sy
10000654:	4663      	mov	r3, ip
10000656:	08db      	lsrs	r3, r3, #3
10000658:	18c5      	adds	r5, r0, r3
1000065a:	2207      	movs	r2, #7
1000065c:	5cc0      	ldrb	r0, [r0, r3]
1000065e:	4663      	mov	r3, ip
10000660:	401a      	ands	r2, r3
10000662:	2301      	movs	r3, #1
10000664:	4093      	lsls	r3, r2
10000666:	001a      	movs	r2, r3
10000668:	4002      	ands	r2, r0
1000066a:	4203      	tst	r3, r0
1000066c:	d107      	bne.n	1000067e <hw_claim_or_assert+0x42>
1000066e:	4318      	orrs	r0, r3
10000670:	7028      	strb	r0, [r5, #0]
10000672:	f3bf 8f5f 	dmb	sy
10000676:	600a      	str	r2, [r1, #0]
10000678:	f384 8810 	msr	PRIMASK, r4
1000067c:	bd70      	pop	{r4, r5, r6, pc}
1000067e:	4661      	mov	r1, ip
10000680:	0030      	movs	r0, r6
10000682:	f7ff ffc3 	bl	1000060c <panic>
10000686:	46c0      	nop			@ (mov r8, r8)
10000688:	d000012c 	.word	0xd000012c

1000068c <hw_claim_unused_from_range>:
1000068c:	b5f8      	push	{r3, r4, r5, r6, r7, lr}
1000068e:	46ce      	mov	lr, r9
10000690:	4647      	mov	r7, r8
10000692:	468c      	mov	ip, r1
10000694:	b580      	push	{r7, lr}
10000696:	001c      	movs	r4, r3
10000698:	f3ef 8810 	mrs	r8, PRIMASK
1000069c:	b672      	cpsid	i
1000069e:	491c      	ldr	r1, [pc, #112]	@ (10000710 <hw_claim_unused_from_range+0x84>)
100006a0:	680b      	ldr	r3, [r1, #0]
100006a2:	2b00      	cmp	r3, #0
100006a4:	d0fc      	beq.n	100006a0 <hw_claim_unused_from_range+0x14>
100006a6:	f3bf 8f5f 	dmb	sy
100006aa:	42a2      	cmp	r2, r4
100006ac:	d821      	bhi.n	100006f2 <hw_claim_unused_from_range+0x66>
100006ae:	2307      	movs	r3, #7
100006b0:	4699      	mov	r9, r3
100006b2:	e002      	b.n	100006ba <hw_claim_unused_from_range+0x2e>
100006b4:	3201      	adds	r2, #1
100006b6:	4294      	cmp	r4, r2
100006b8:	d318      	bcc.n	100006ec <hw_claim_unused_from_range+0x60>
100006ba:	4649      	mov	r1, r9
100006bc:	2601      	movs	r6, #1
100006be:	4011      	ands	r1, r2
100006c0:	408e      	lsls	r6, r1
100006c2:	08d3      	lsrs	r3, r2, #3
100006c4:	18c7      	adds	r7, r0, r3
100006c6:	5cc3      	ldrb	r3, [r0, r3]
100006c8:	421e      	tst	r6, r3
100006ca:	d1f3      	bne.n	100006b4 <hw_claim_unused_from_range+0x28>
100006cc:	0010      	movs	r0, r2
100006ce:	4333      	orrs	r3, r6
100006d0:	703b      	strb	r3, [r7, #0]
100006d2:	f3bf 8f5f 	dmb	sy
100006d6:	2200      	movs	r2, #0
100006d8:	4b0d      	ldr	r3, [pc, #52]	@ (10000710 <hw_claim_unused_from_range+0x84>)
100006da:	601a      	str	r2, [r3, #0]
100006dc:	f388 8810 	msr	PRIMASK, r8
100006e0:	2800      	cmp	r0, #0
100006e2:	db0e      	blt.n	10000702 <hw_claim_unused_from_range+0x76>
100006e4:	bcc0      	pop	{r6, r7}
100006e6:	46b9      	mov	r9, r7
100006e8:	46b0      	mov	r8, r6
100006ea:	bdf8      	pop	{r3, r4, r5, r6, r7, pc}
100006ec:	2001      	movs	r0, #1
100006ee:	4240      	negs	r0, r0
100006f0:	e7ef      	b.n	100006d2 <hw_claim_unused_from_range+0x46>
100006f2:	f3bf 8f5f 	dmb	sy
100006f6:	2300      	movs	r3, #0
100006f8:	600b      	str	r3, [r1, #0]
100006fa:	f388 8810 	msr	PRIMASK, r8
100006fe:	2001      	movs	r0, #1
10000700:	4240      	negs	r0, r0
10000702:	4663      	mov	r3, ip
10000704:	2b00      	cmp	r3, #0
10000706:	d0ed      	beq.n	100006e4 <hw_claim_unused_from_range+0x58>
10000708:	9808      	ldr	r0, [sp, #32]
1000070a:	f7ff ff7f 	bl	1000060c <panic>
1000070e:	46c0      	nop			@ (mov r8, r8)
10000710:	d000012c 	.word	0xd000012c

10000714 <next_striped_spin_lock_num>:
10000714:	4a04      	ldr	r2, [pc, #16]	@ (10000728 <next_striped_spin_lock_num+0x14>)
10000716:	7810      	ldrb	r0, [r2, #0]
10000718:	1c43      	adds	r3, r0, #1
1000071a:	b2db      	uxtb	r3, r3
1000071c:	2b17      	cmp	r3, #23
1000071e:	d900      	bls.n	10000722 <next_striped_spin_lock_num+0xe>
10000720:	2310      	movs	r3, #16
10000722:	7013      	strb	r3, [r2, #0]
10000724:	4770      	bx	lr
10000726:	46c0      	nop			@ (mov r8, r8)
10000728:	20000f90 	.word	0x20000f90

1000072c <spin_lock_claim_unused>:
1000072c:	b500      	push	{lr}
1000072e:	4b05      	ldr	r3, [pc, #20]	@ (10000744 <spin_lock_claim_unused+0x18>)
10000730:	b083      	sub	sp, #12
10000732:	0001      	movs	r1, r0
10000734:	9300      	str	r3, [sp, #0]
10000736:	2218      	movs	r2, #24
10000738:	231f      	movs	r3, #31
1000073a:	4803      	ldr	r0, [pc, #12]	@ (10000748 <spin_lock_claim_unused+0x1c>)
1000073c:	f7ff ffa6 	bl	1000068c <hw_claim_unused_from_range>
10000740:	b003      	add	sp, #12
10000742:	bd00      	pop	{pc}
10000744:	10007914 	.word	0x10007914
10000748:	20001a00 	.word	0x20001a00

1000074c <spin_locks_reset>:
1000074c:	2100      	movs	r1, #0
1000074e:	4b04      	ldr	r3, [pc, #16]	@ (10000760 <spin_locks_reset+0x14>)
10000750:	4a04      	ldr	r2, [pc, #16]	@ (10000764 <spin_locks_reset+0x18>)
10000752:	f3bf 8f5f 	dmb	sy
10000756:	c302      	stmia	r3!, {r1}
10000758:	4293      	cmp	r3, r2
1000075a:	d1fa      	bne.n	10000752 <spin_locks_reset+0x6>
1000075c:	4770      	bx	lr
1000075e:	46c0      	nop			@ (mov r8, r8)
10000760:	d0000100 	.word	0xd0000100
10000764:	d0000180 	.word	0xd0000180

10000768 <runtime_init_per_core_irq_priorities>:
10000768:	4b08      	ldr	r3, [pc, #32]	@ (1000078c <runtime_init_per_core_irq_priorities+0x24>)
1000076a:	4a09      	ldr	r2, [pc, #36]	@ (10000790 <runtime_init_per_core_irq_priorities+0x28>)
1000076c:	6013      	str	r3, [r2, #0]
1000076e:	4a09      	ldr	r2, [pc, #36]	@ (10000794 <runtime_init_per_core_irq_priorities+0x2c>)
10000770:	6013      	str	r3, [r2, #0]
10000772:	4a09      	ldr	r2, [pc, #36]	@ (10000798 <runtime_init_per_core_irq_priorities+0x30>)
10000774:	6013      	str	r3, [r2, #0]
10000776:	4a09      	ldr	r2, [pc, #36]	@ (1000079c <runtime_init_per_core_irq_priorities+0x34>)
10000778:	6013      	str	r3, [r2, #0]
1000077a:	4a09      	ldr	r2, [pc, #36]	@ (100007a0 <runtime_init_per_core_irq_priorities+0x38>)
1000077c:	6013      	str	r3, [r2, #0]
1000077e:	4a09      	ldr	r2, [pc, #36]	@ (100007a4 <runtime_init_per_core_irq_priorities+0x3c>)
10000780:	6013      	str	r3, [r2, #0]
10000782:	4a09      	ldr	r2, [pc, #36]	@ (100007a8 <runtime_init_per_core_irq_priorities+0x40>)
10000784:	6013      	str	r3, [r2, #0]
10000786:	4a09      	ldr	r2, [pc, #36]	@ (100007ac <runtime_init_per_core_irq_priorities+0x44>)
10000788:	6013      	str	r3, [r2, #0]
1000078a:	4770      	bx	lr
1000078c:	80808080 	.word	0x80808080
10000790:	e000e400 	.word	0xe000e400
10000794:	e000e404 	.word	0xe000e404
10000798:	e000e408 	.word	0xe000e408
1000079c:	e000e40c 	.word	0xe000e40c
100007a0:	e000e410 	.word	0xe000e410
100007a4:	e000e414 	.word	0xe000e414
100007a8:	e000e418 	.word	0xe000e418
100007ac:	e000e41c 	.word	0xe000e41c

100007b0 <irq_set_enabled>:
100007b0:	231f      	movs	r3, #31
100007b2:	4018      	ands	r0, r3
100007b4:	3b1e      	subs	r3, #30
100007b6:	4083      	lsls	r3, r0
100007b8:	2900      	cmp	r1, #0
100007ba:	d005      	beq.n	100007c8 <irq_set_enabled+0x18>
100007bc:	21c0      	movs	r1, #192	@ 0xc0
100007be:	4a04      	ldr	r2, [pc, #16]	@ (100007d0 <irq_set_enabled+0x20>)
100007c0:	0049      	lsls	r1, r1, #1
100007c2:	5053      	str	r3, [r2, r1]
100007c4:	6013      	str	r3, [r2, #0]
100007c6:	4770      	bx	lr
100007c8:	2280      	movs	r2, #128	@ 0x80
100007ca:	4901      	ldr	r1, [pc, #4]	@ (100007d0 <irq_set_enabled+0x20>)
100007cc:	508b      	str	r3, [r1, r2]
100007ce:	e7fa      	b.n	100007c6 <irq_set_enabled+0x16>
100007d0:	e000e100 	.word	0xe000e100

100007d4 <irq_is_enabled>:
100007d4:	2201      	movs	r2, #1
100007d6:	4082      	lsls	r2, r0
100007d8:	4b03      	ldr	r3, [pc, #12]	@ (100007e8 <irq_is_enabled+0x14>)
100007da:	681b      	ldr	r3, [r3, #0]
100007dc:	4013      	ands	r3, r2
100007de:	1e5a      	subs	r2, r3, #1
100007e0:	4193      	sbcs	r3, r2
100007e2:	b2d8      	uxtb	r0, r3
100007e4:	4770      	bx	lr
100007e6:	46c0      	nop			@ (mov r8, r8)
100007e8:	e000e100 	.word	0xe000e100

100007ec <irq_set_pending>:
100007ec:	2301      	movs	r3, #1
100007ee:	2280      	movs	r2, #128	@ 0x80
100007f0:	4083      	lsls	r3, r0
100007f2:	4902      	ldr	r1, [pc, #8]	@ (100007fc <irq_set_pending+0x10>)
100007f4:	0052      	lsls	r2, r2, #1
100007f6:	508b      	str	r3, [r1, r2]
100007f8:	4770      	bx	lr
100007fa:	46c0      	nop			@ (mov r8, r8)
100007fc:	e000e100 	.word	0xe000e100

10000800 <irq_has_shared_handler>:
10000800:	4b05      	ldr	r3, [pc, #20]	@ (10000818 <irq_has_shared_handler+0x18>)
10000802:	3010      	adds	r0, #16
10000804:	689b      	ldr	r3, [r3, #8]
10000806:	0080      	lsls	r0, r0, #2
10000808:	58c3      	ldr	r3, [r0, r3]
1000080a:	4a04      	ldr	r2, [pc, #16]	@ (1000081c <irq_has_shared_handler+0x1c>)
1000080c:	2000      	movs	r0, #0
1000080e:	1a9b      	subs	r3, r3, r2
10000810:	2247      	movs	r2, #71	@ 0x47
10000812:	429a      	cmp	r2, r3
10000814:	4140      	adcs	r0, r0
10000816:	4770      	bx	lr
10000818:	e000ed00 	.word	0xe000ed00
1000081c:	20000f94 	.word	0x20000f94

10000820 <irq_set_exclusive_handler>:
10000820:	b510      	push	{r4, lr}
10000822:	f3ef 8c10 	mrs	ip, PRIMASK
10000826:	b672      	cpsid	i
10000828:	4a0f      	ldr	r2, [pc, #60]	@ (10000868 <irq_set_exclusive_handler+0x48>)
1000082a:	6813      	ldr	r3, [r2, #0]
1000082c:	2b00      	cmp	r3, #0
1000082e:	d0fc      	beq.n	1000082a <irq_set_exclusive_handler+0xa>
10000830:	f3bf 8f5f 	dmb	sy
10000834:	4b0d      	ldr	r3, [pc, #52]	@ (1000086c <irq_set_exclusive_handler+0x4c>)
10000836:	3010      	adds	r0, #16
10000838:	689b      	ldr	r3, [r3, #8]
1000083a:	0080      	lsls	r0, r0, #2
1000083c:	581b      	ldr	r3, [r3, r0]
1000083e:	4a0c      	ldr	r2, [pc, #48]	@ (10000870 <irq_set_exclusive_handler+0x50>)
10000840:	4293      	cmp	r3, r2
10000842:	d001      	beq.n	10000848 <irq_set_exclusive_handler+0x28>
10000844:	4299      	cmp	r1, r3
10000846:	d10c      	bne.n	10000862 <irq_set_exclusive_handler+0x42>
10000848:	4b08      	ldr	r3, [pc, #32]	@ (1000086c <irq_set_exclusive_handler+0x4c>)
1000084a:	689b      	ldr	r3, [r3, #8]
1000084c:	5019      	str	r1, [r3, r0]
1000084e:	f3bf 8f5f 	dmb	sy
10000852:	f3bf 8f5f 	dmb	sy
10000856:	2200      	movs	r2, #0
10000858:	4b03      	ldr	r3, [pc, #12]	@ (10000868 <irq_set_exclusive_handler+0x48>)
1000085a:	601a      	str	r2, [r3, #0]
1000085c:	f38c 8810 	msr	PRIMASK, ip
10000860:	bd10      	pop	{r4, pc}
10000862:	f001 f96b 	bl	10001b3c <hard_assertion_failure>
10000866:	46c0      	nop			@ (mov r8, r8)
10000868:	d0000124 	.word	0xd0000124
1000086c:	e000ed00 	.word	0xe000ed00
10000870:	100001c1 	.word	0x100001c1

10000874 <irq_add_shared_handler>:
10000874:	b5f0      	push	{r4, r5, r6, r7, lr}
10000876:	46de      	mov	lr, fp
10000878:	4657      	mov	r7, sl
1000087a:	464e      	mov	r6, r9
1000087c:	4645      	mov	r5, r8
1000087e:	b5e0      	push	{r5, r6, r7, lr}
10000880:	468b      	mov	fp, r1
10000882:	b085      	sub	sp, #20
10000884:	f3ef 8810 	mrs	r8, PRIMASK
10000888:	b672      	cpsid	i
1000088a:	0016      	movs	r6, r2
1000088c:	4a5b      	ldr	r2, [pc, #364]	@ (100009fc <irq_add_shared_handler+0x188>)
1000088e:	6813      	ldr	r3, [r2, #0]
10000890:	2b00      	cmp	r3, #0
10000892:	d0fc      	beq.n	1000088e <irq_add_shared_handler+0x1a>
10000894:	46b2      	mov	sl, r6
10000896:	f3bf 8f5f 	dmb	sy
1000089a:	2500      	movs	r5, #0
1000089c:	4958      	ldr	r1, [pc, #352]	@ (10000a00 <irq_add_shared_handler+0x18c>)
1000089e:	574d      	ldrsb	r5, [r1, r5]
100008a0:	2d00      	cmp	r5, #0
100008a2:	da00      	bge.n	100008a6 <irq_add_shared_handler+0x32>
100008a4:	e0a8      	b.n	100009f8 <irq_add_shared_handler+0x184>
100008a6:	006b      	lsls	r3, r5, #1
100008a8:	4a56      	ldr	r2, [pc, #344]	@ (10000a04 <irq_add_shared_handler+0x190>)
100008aa:	9301      	str	r3, [sp, #4]
100008ac:	195b      	adds	r3, r3, r5
100008ae:	009b      	lsls	r3, r3, #2
100008b0:	18d4      	adds	r4, r2, r3
100008b2:	79a7      	ldrb	r7, [r4, #6]
100008b4:	3010      	adds	r0, #16
100008b6:	700f      	strb	r7, [r1, #0]
100008b8:	4953      	ldr	r1, [pc, #332]	@ (10000a08 <irq_add_shared_handler+0x194>)
100008ba:	0080      	lsls	r0, r0, #2
100008bc:	6889      	ldr	r1, [r1, #8]
100008be:	4684      	mov	ip, r0
100008c0:	580f      	ldr	r7, [r1, r0]
100008c2:	1ab9      	subs	r1, r7, r2
100008c4:	2947      	cmp	r1, #71	@ 0x47
100008c6:	d833      	bhi.n	10000930 <irq_add_shared_handler+0xbc>
100008c8:	2001      	movs	r0, #1
100008ca:	0039      	movs	r1, r7
100008cc:	4381      	bics	r1, r0
100008ce:	79ce      	ldrb	r6, [r1, #7]
100008d0:	4556      	cmp	r6, sl
100008d2:	d800      	bhi.n	100008d6 <irq_add_shared_handler+0x62>
100008d4:	e06a      	b.n	100009ac <irq_add_shared_handler+0x138>
100008d6:	46a1      	mov	r9, r4
100008d8:	4656      	mov	r6, sl
100008da:	9303      	str	r3, [sp, #12]
100008dc:	e007      	b.n	100008ee <irq_add_shared_handler+0x7a>
100008de:	0058      	lsls	r0, r3, #1
100008e0:	18c0      	adds	r0, r0, r3
100008e2:	0080      	lsls	r0, r0, #2
100008e4:	1810      	adds	r0, r2, r0
100008e6:	79c4      	ldrb	r4, [r0, #7]
100008e8:	42b4      	cmp	r4, r6
100008ea:	d94d      	bls.n	10000988 <irq_add_shared_handler+0x114>
100008ec:	0001      	movs	r1, r0
100008ee:	2306      	movs	r3, #6
100008f0:	56cb      	ldrsb	r3, [r1, r3]
100008f2:	2b00      	cmp	r3, #0
100008f4:	daf3      	bge.n	100008de <irq_add_shared_handler+0x6a>
100008f6:	1d08      	adds	r0, r1, #4
100008f8:	464c      	mov	r4, r9
100008fa:	46b2      	mov	sl, r6
100008fc:	4681      	mov	r9, r0
100008fe:	9302      	str	r3, [sp, #8]
10000900:	4b42      	ldr	r3, [pc, #264]	@ (10000a0c <irq_add_shared_handler+0x198>)
10000902:	464e      	mov	r6, r9
10000904:	3c04      	subs	r4, #4
10000906:	1ba4      	subs	r4, r4, r6
10000908:	0524      	lsls	r4, r4, #20
1000090a:	4e41      	ldr	r6, [pc, #260]	@ (10000a10 <irq_add_shared_handler+0x19c>)
1000090c:	0d64      	lsrs	r4, r4, #21
1000090e:	4334      	orrs	r4, r6
10000910:	808c      	strh	r4, [r1, #4]
10000912:	718d      	strb	r5, [r1, #6]
10000914:	9901      	ldr	r1, [sp, #4]
10000916:	1949      	adds	r1, r1, r5
10000918:	0089      	lsls	r1, r1, #2
1000091a:	1852      	adds	r2, r2, r1
1000091c:	8093      	strh	r3, [r2, #4]
1000091e:	9b02      	ldr	r3, [sp, #8]
10000920:	493c      	ldr	r1, [pc, #240]	@ (10000a14 <irq_add_shared_handler+0x1a0>)
10000922:	7193      	strb	r3, [r2, #6]
10000924:	4653      	mov	r3, sl
10000926:	71d3      	strb	r3, [r2, #7]
10000928:	465b      	mov	r3, fp
1000092a:	6011      	str	r1, [r2, #0]
1000092c:	6093      	str	r3, [r2, #8]
1000092e:	e017      	b.n	10000960 <irq_add_shared_handler+0xec>
10000930:	4939      	ldr	r1, [pc, #228]	@ (10000a18 <irq_add_shared_handler+0x1a4>)
10000932:	428f      	cmp	r7, r1
10000934:	d160      	bne.n	100009f8 <irq_add_shared_handler+0x184>
10000936:	4939      	ldr	r1, [pc, #228]	@ (10000a1c <irq_add_shared_handler+0x1a8>)
10000938:	2701      	movs	r7, #1
1000093a:	52d1      	strh	r1, [r2, r3]
1000093c:	4938      	ldr	r1, [pc, #224]	@ (10000a20 <irq_add_shared_handler+0x1ac>)
1000093e:	3302      	adds	r3, #2
10000940:	18d3      	adds	r3, r2, r3
10000942:	3904      	subs	r1, #4
10000944:	1acb      	subs	r3, r1, r3
10000946:	4a32      	ldr	r2, [pc, #200]	@ (10000a10 <irq_add_shared_handler+0x19c>)
10000948:	051b      	lsls	r3, r3, #20
1000094a:	0d5b      	lsrs	r3, r3, #21
1000094c:	4313      	orrs	r3, r2
1000094e:	8063      	strh	r3, [r4, #2]
10000950:	4b34      	ldr	r3, [pc, #208]	@ (10000a24 <irq_add_shared_handler+0x1b0>)
10000952:	71e6      	strb	r6, [r4, #7]
10000954:	80a3      	strh	r3, [r4, #4]
10000956:	23ff      	movs	r3, #255	@ 0xff
10000958:	71a3      	strb	r3, [r4, #6]
1000095a:	465b      	mov	r3, fp
1000095c:	4327      	orrs	r7, r4
1000095e:	60a3      	str	r3, [r4, #8]
10000960:	4662      	mov	r2, ip
10000962:	4b29      	ldr	r3, [pc, #164]	@ (10000a08 <irq_add_shared_handler+0x194>)
10000964:	689b      	ldr	r3, [r3, #8]
10000966:	509f      	str	r7, [r3, r2]
10000968:	f3bf 8f5f 	dmb	sy
1000096c:	f3bf 8f5f 	dmb	sy
10000970:	2200      	movs	r2, #0
10000972:	4b22      	ldr	r3, [pc, #136]	@ (100009fc <irq_add_shared_handler+0x188>)
10000974:	601a      	str	r2, [r3, #0]
10000976:	f388 8810 	msr	PRIMASK, r8
1000097a:	b005      	add	sp, #20
1000097c:	bcf0      	pop	{r4, r5, r6, r7}
1000097e:	46bb      	mov	fp, r7
10000980:	46b2      	mov	sl, r6
10000982:	46a9      	mov	r9, r5
10000984:	46a0      	mov	r8, r4
10000986:	bdf0      	pop	{r4, r5, r6, r7, pc}
10000988:	46b2      	mov	sl, r6
1000098a:	1d0e      	adds	r6, r1, #4
1000098c:	464c      	mov	r4, r9
1000098e:	46b1      	mov	r9, r6
10000990:	8888      	ldrh	r0, [r1, #4]
10000992:	9302      	str	r3, [sp, #8]
10000994:	9b03      	ldr	r3, [sp, #12]
10000996:	0540      	lsls	r0, r0, #21
10000998:	1500      	asrs	r0, r0, #20
1000099a:	3304      	adds	r3, #4
1000099c:	4448      	add	r0, r9
1000099e:	18d3      	adds	r3, r2, r3
100009a0:	1ac3      	subs	r3, r0, r3
100009a2:	051b      	lsls	r3, r3, #20
100009a4:	481a      	ldr	r0, [pc, #104]	@ (10000a10 <irq_add_shared_handler+0x19c>)
100009a6:	0d5b      	lsrs	r3, r3, #21
100009a8:	4303      	orrs	r3, r0
100009aa:	e7aa      	b.n	10000902 <irq_add_shared_handler+0x8e>
100009ac:	1c9e      	adds	r6, r3, #2
100009ae:	46b1      	mov	r9, r6
100009b0:	4491      	add	r9, r2
100009b2:	464e      	mov	r6, r9
100009b4:	000f      	movs	r7, r1
100009b6:	4d1c      	ldr	r5, [pc, #112]	@ (10000a28 <irq_add_shared_handler+0x1b4>)
100009b8:	1abf      	subs	r7, r7, r2
100009ba:	417f      	adcs	r7, r7
100009bc:	437d      	muls	r5, r7
100009be:	0d2d      	lsrs	r5, r5, #20
100009c0:	4f16      	ldr	r7, [pc, #88]	@ (10000a1c <irq_add_shared_handler+0x1a8>)
100009c2:	71a5      	strb	r5, [r4, #6]
100009c4:	52d7      	strh	r7, [r2, r3]
100009c6:	4f16      	ldr	r7, [pc, #88]	@ (10000a20 <irq_add_shared_handler+0x1ac>)
100009c8:	3304      	adds	r3, #4
100009ca:	3f04      	subs	r7, #4
100009cc:	18d3      	adds	r3, r2, r3
100009ce:	1bbf      	subs	r7, r7, r6
100009d0:	1acb      	subs	r3, r1, r3
100009d2:	053f      	lsls	r7, r7, #20
100009d4:	3b04      	subs	r3, #4
100009d6:	0d7e      	lsrs	r6, r7, #21
100009d8:	051b      	lsls	r3, r3, #20
100009da:	4f0d      	ldr	r7, [pc, #52]	@ (10000a10 <irq_add_shared_handler+0x19c>)
100009dc:	0d5b      	lsrs	r3, r3, #21
100009de:	433e      	orrs	r6, r7
100009e0:	431f      	orrs	r7, r3
100009e2:	4653      	mov	r3, sl
100009e4:	71e3      	strb	r3, [r4, #7]
100009e6:	465b      	mov	r3, fp
100009e8:	60a3      	str	r3, [r4, #8]
100009ea:	4b0a      	ldr	r3, [pc, #40]	@ (10000a14 <irq_add_shared_handler+0x1a0>)
100009ec:	80a7      	strh	r7, [r4, #4]
100009ee:	8066      	strh	r6, [r4, #2]
100009f0:	4304      	orrs	r4, r0
100009f2:	0027      	movs	r7, r4
100009f4:	600b      	str	r3, [r1, #0]
100009f6:	e7b3      	b.n	10000960 <irq_add_shared_handler+0xec>
100009f8:	f001 f8a0 	bl	10001b3c <hard_assertion_failure>
100009fc:	d0000124 	.word	0xd0000124
10000a00:	20001ebd 	.word	0x20001ebd
10000a04:	20000f94 	.word	0x20000f94
10000a08:	e000ed00 	.word	0xe000ed00
10000a0c:	0000bd01 	.word	0x0000bd01
10000a10:	ffffe000 	.word	0xffffe000
10000a14:	47804801 	.word	0x47804801
10000a18:	100001c1 	.word	0x100001c1
10000a1c:	ffffa100 	.word	0xffffa100
10000a20:	20000fdc 	.word	0x20000fdc
10000a24:	ffffbd01 	.word	0xffffbd01
10000a28:	0000aaaa 	.word	0x0000aaaa

10000a2c <irq_remove_handler>:
10000a2c:	b5f0      	push	{r4, r5, r6, r7, lr}
10000a2e:	46de      	mov	lr, fp
10000a30:	4657      	mov	r7, sl
10000a32:	464e      	mov	r6, r9
10000a34:	4645      	mov	r5, r8
10000a36:	b5e0      	push	{r5, r6, r7, lr}
10000a38:	b083      	sub	sp, #12
10000a3a:	f3ef 8910 	mrs	r9, PRIMASK
10000a3e:	b672      	cpsid	i
10000a40:	4a5d      	ldr	r2, [pc, #372]	@ (10000bb8 <irq_remove_handler+0x18c>)
10000a42:	6813      	ldr	r3, [r2, #0]
10000a44:	2b00      	cmp	r3, #0
10000a46:	d0fc      	beq.n	10000a42 <irq_remove_handler+0x16>
10000a48:	f3bf 8f5f 	dmb	sy
10000a4c:	4b5b      	ldr	r3, [pc, #364]	@ (10000bbc <irq_remove_handler+0x190>)
10000a4e:	4e5c      	ldr	r6, [pc, #368]	@ (10000bc0 <irq_remove_handler+0x194>)
10000a50:	689a      	ldr	r2, [r3, #8]
10000a52:	0003      	movs	r3, r0
10000a54:	3310      	adds	r3, #16
10000a56:	009c      	lsls	r4, r3, #2
10000a58:	5912      	ldr	r2, [r2, r4]
10000a5a:	4698      	mov	r8, r3
10000a5c:	42b2      	cmp	r2, r6
10000a5e:	d03b      	beq.n	10000ad8 <irq_remove_handler+0xac>
10000a60:	428a      	cmp	r2, r1
10000a62:	d04c      	beq.n	10000afe <irq_remove_handler+0xd2>
10000a64:	4f57      	ldr	r7, [pc, #348]	@ (10000bc4 <irq_remove_handler+0x198>)
10000a66:	46bc      	mov	ip, r7
10000a68:	1bd7      	subs	r7, r2, r7
10000a6a:	2f47      	cmp	r7, #71	@ 0x47
10000a6c:	d834      	bhi.n	10000ad8 <irq_remove_handler+0xac>
10000a6e:	4b56      	ldr	r3, [pc, #344]	@ (10000bc8 <irq_remove_handler+0x19c>)
10000a70:	271f      	movs	r7, #31
10000a72:	681d      	ldr	r5, [r3, #0]
10000a74:	4007      	ands	r7, r0
10000a76:	46aa      	mov	sl, r5
10000a78:	2501      	movs	r5, #1
10000a7a:	40bd      	lsls	r5, r7
10000a7c:	2780      	movs	r7, #128	@ 0x80
10000a7e:	9501      	str	r5, [sp, #4]
10000a80:	51dd      	str	r5, [r3, r7]
10000a82:	f3bf 8f5f 	dmb	sy
10000a86:	f3ef 8505 	mrs	r5, IPSR
10000a8a:	46ab      	mov	fp, r5
10000a8c:	2d00      	cmp	r5, #0
10000a8e:	d138      	bne.n	10000b02 <irq_remove_handler+0xd6>
10000a90:	2301      	movs	r3, #1
10000a92:	001d      	movs	r5, r3
10000a94:	4085      	lsls	r5, r0
10000a96:	0028      	movs	r0, r5
10000a98:	4655      	mov	r5, sl
10000a9a:	4005      	ands	r5, r0
10000a9c:	0010      	movs	r0, r2
10000a9e:	4398      	bics	r0, r3
10000aa0:	6887      	ldr	r7, [r0, #8]
10000aa2:	46aa      	mov	sl, r5
10000aa4:	42b9      	cmp	r1, r7
10000aa6:	d108      	bne.n	10000aba <irq_remove_handler+0x8e>
10000aa8:	e07c      	b.n	10000ba4 <irq_remove_handler+0x178>
10000aaa:	0073      	lsls	r3, r6, #1
10000aac:	199b      	adds	r3, r3, r6
10000aae:	009b      	lsls	r3, r3, #2
10000ab0:	4463      	add	r3, ip
10000ab2:	689f      	ldr	r7, [r3, #8]
10000ab4:	42b9      	cmp	r1, r7
10000ab6:	d02d      	beq.n	10000b14 <irq_remove_handler+0xe8>
10000ab8:	0018      	movs	r0, r3
10000aba:	2606      	movs	r6, #6
10000abc:	5786      	ldrsb	r6, [r0, r6]
10000abe:	2e00      	cmp	r6, #0
10000ac0:	daf3      	bge.n	10000aaa <irq_remove_handler+0x7e>
10000ac2:	42b9      	cmp	r1, r7
10000ac4:	d04c      	beq.n	10000b60 <irq_remove_handler+0x134>
10000ac6:	4653      	mov	r3, sl
10000ac8:	2b00      	cmp	r3, #0
10000aca:	d01e      	beq.n	10000b0a <irq_remove_handler+0xde>
10000acc:	21c0      	movs	r1, #192	@ 0xc0
10000ace:	4b3e      	ldr	r3, [pc, #248]	@ (10000bc8 <irq_remove_handler+0x19c>)
10000ad0:	9801      	ldr	r0, [sp, #4]
10000ad2:	0049      	lsls	r1, r1, #1
10000ad4:	5058      	str	r0, [r3, r1]
10000ad6:	6018      	str	r0, [r3, #0]
10000ad8:	4b38      	ldr	r3, [pc, #224]	@ (10000bbc <irq_remove_handler+0x190>)
10000ada:	689b      	ldr	r3, [r3, #8]
10000adc:	511a      	str	r2, [r3, r4]
10000ade:	f3bf 8f5f 	dmb	sy
10000ae2:	f3bf 8f5f 	dmb	sy
10000ae6:	2200      	movs	r2, #0
10000ae8:	4b33      	ldr	r3, [pc, #204]	@ (10000bb8 <irq_remove_handler+0x18c>)
10000aea:	601a      	str	r2, [r3, #0]
10000aec:	f389 8810 	msr	PRIMASK, r9
10000af0:	b003      	add	sp, #12
10000af2:	bcf0      	pop	{r4, r5, r6, r7}
10000af4:	46bb      	mov	fp, r7
10000af6:	46b2      	mov	sl, r6
10000af8:	46a9      	mov	r9, r5
10000afa:	46a0      	mov	r8, r4
10000afc:	bdf0      	pop	{r4, r5, r6, r7, pc}
10000afe:	0032      	movs	r2, r6
10000b00:	e7ea      	b.n	10000ad8 <irq_remove_handler+0xac>
10000b02:	45a8      	cmp	r8, r5
10000b04:	d0c4      	beq.n	10000a90 <irq_remove_handler+0x64>
10000b06:	f001 f819 	bl	10001b3c <hard_assertion_failure>
10000b0a:	2380      	movs	r3, #128	@ 0x80
10000b0c:	492e      	ldr	r1, [pc, #184]	@ (10000bc8 <irq_remove_handler+0x19c>)
10000b0e:	9801      	ldr	r0, [sp, #4]
10000b10:	50c8      	str	r0, [r1, r3]
10000b12:	e7e1      	b.n	10000ad8 <irq_remove_handler+0xac>
10000b14:	2706      	movs	r7, #6
10000b16:	57df      	ldrsb	r7, [r3, r7]
10000b18:	2f00      	cmp	r7, #0
10000b1a:	db22      	blt.n	10000b62 <irq_remove_handler+0x136>
10000b1c:	0079      	lsls	r1, r7, #1
10000b1e:	19c8      	adds	r0, r1, r7
10000b20:	0085      	lsls	r5, r0, #2
10000b22:	002e      	movs	r6, r5
10000b24:	4466      	add	r6, ip
10000b26:	68b0      	ldr	r0, [r6, #8]
10000b28:	6098      	str	r0, [r3, #8]
10000b2a:	79f0      	ldrb	r0, [r6, #7]
10000b2c:	71d8      	strb	r0, [r3, #7]
10000b2e:	2006      	movs	r0, #6
10000b30:	5630      	ldrsb	r0, [r6, r0]
10000b32:	7198      	strb	r0, [r3, #6]
10000b34:	2800      	cmp	r0, #0
10000b36:	db26      	blt.n	10000b86 <irq_remove_handler+0x15a>
10000b38:	4660      	mov	r0, ip
10000b3a:	88b6      	ldrh	r6, [r6, #4]
10000b3c:	1ac0      	subs	r0, r0, r3
10000b3e:	0576      	lsls	r6, r6, #21
10000b40:	1536      	asrs	r6, r6, #20
10000b42:	1976      	adds	r6, r6, r5
10000b44:	1980      	adds	r0, r0, r6
10000b46:	0500      	lsls	r0, r0, #20
10000b48:	4e20      	ldr	r6, [pc, #128]	@ (10000bcc <irq_remove_handler+0x1a0>)
10000b4a:	0d40      	lsrs	r0, r0, #21
10000b4c:	4330      	orrs	r0, r6
10000b4e:	8098      	strh	r0, [r3, #4]
10000b50:	19cb      	adds	r3, r1, r7
10000b52:	491f      	ldr	r1, [pc, #124]	@ (10000bd0 <irq_remove_handler+0x1a4>)
10000b54:	009b      	lsls	r3, r3, #2
10000b56:	7808      	ldrb	r0, [r1, #0]
10000b58:	4463      	add	r3, ip
10000b5a:	7198      	strb	r0, [r3, #6]
10000b5c:	700f      	strb	r7, [r1, #0]
10000b5e:	e7b2      	b.n	10000ac6 <irq_remove_handler+0x9a>
10000b60:	0003      	movs	r3, r0
10000b62:	4659      	mov	r1, fp
10000b64:	2900      	cmp	r1, #0
10000b66:	d110      	bne.n	10000b8a <irq_remove_handler+0x15e>
10000b68:	31ff      	adds	r1, #255	@ 0xff
10000b6a:	7181      	strb	r1, [r0, #6]
10000b6c:	4919      	ldr	r1, [pc, #100]	@ (10000bd4 <irq_remove_handler+0x1a8>)
10000b6e:	8081      	strh	r1, [r0, #4]
10000b70:	4817      	ldr	r0, [pc, #92]	@ (10000bd0 <irq_remove_handler+0x1a4>)
10000b72:	4665      	mov	r5, ip
10000b74:	7801      	ldrb	r1, [r0, #0]
10000b76:	7199      	strb	r1, [r3, #6]
10000b78:	4917      	ldr	r1, [pc, #92]	@ (10000bd8 <irq_remove_handler+0x1ac>)
10000b7a:	1b5b      	subs	r3, r3, r5
10000b7c:	415b      	adcs	r3, r3
10000b7e:	4359      	muls	r1, r3
10000b80:	0d09      	lsrs	r1, r1, #20
10000b82:	7001      	strb	r1, [r0, #0]
10000b84:	e79f      	b.n	10000ac6 <irq_remove_handler+0x9a>
10000b86:	4813      	ldr	r0, [pc, #76]	@ (10000bd4 <irq_remove_handler+0x1a8>)
10000b88:	e7e1      	b.n	10000b4e <irq_remove_handler+0x122>
10000b8a:	4914      	ldr	r1, [pc, #80]	@ (10000bdc <irq_remove_handler+0x1b0>)
10000b8c:	4814      	ldr	r0, [pc, #80]	@ (10000be0 <irq_remove_handler+0x1b4>)
10000b8e:	1ac9      	subs	r1, r1, r3
10000b90:	3908      	subs	r1, #8
10000b92:	024e      	lsls	r6, r1, #9
10000b94:	0d76      	lsrs	r6, r6, #21
10000b96:	4330      	orrs	r0, r6
10000b98:	8098      	strh	r0, [r3, #4]
10000b9a:	4812      	ldr	r0, [pc, #72]	@ (10000be4 <irq_remove_handler+0x1b8>)
10000b9c:	0849      	lsrs	r1, r1, #1
10000b9e:	4301      	orrs	r1, r0
10000ba0:	80d9      	strh	r1, [r3, #6]
10000ba2:	e790      	b.n	10000ac6 <irq_remove_handler+0x9a>
10000ba4:	2706      	movs	r7, #6
10000ba6:	57c7      	ldrsb	r7, [r0, r7]
10000ba8:	0003      	movs	r3, r0
10000baa:	2f00      	cmp	r7, #0
10000bac:	dab6      	bge.n	10000b1c <irq_remove_handler+0xf0>
10000bae:	4659      	mov	r1, fp
10000bb0:	2900      	cmp	r1, #0
10000bb2:	d1ea      	bne.n	10000b8a <irq_remove_handler+0x15e>
10000bb4:	0032      	movs	r2, r6
10000bb6:	e7db      	b.n	10000b70 <irq_remove_handler+0x144>
10000bb8:	d0000124 	.word	0xd0000124
10000bbc:	e000ed00 	.word	0xe000ed00
10000bc0:	100001c1 	.word	0x100001c1
10000bc4:	20000f94 	.word	0x20000f94
10000bc8:	e000e100 	.word	0xe000e100
10000bcc:	ffffe000 	.word	0xffffe000
10000bd0:	20001ebd 	.word	0x20001ebd
10000bd4:	ffffbd01 	.word	0xffffbd01
10000bd8:	0000aaaa 	.word	0x0000aaaa
10000bdc:	20000fe6 	.word	0x20000fe6
10000be0:	fffff000 	.word	0xfffff000
10000be4:	fffff800 	.word	0xfffff800

10000be8 <irq_add_tail_to_free_list>:
10000be8:	2301      	movs	r3, #1
10000bea:	4303      	orrs	r3, r0
10000bec:	b570      	push	{r4, r5, r6, lr}
10000bee:	469c      	mov	ip, r3
10000bf0:	f3ef 8105 	mrs	r1, IPSR
10000bf4:	f3ef 8510 	mrs	r5, PRIMASK
10000bf8:	b672      	cpsid	i
10000bfa:	4a27      	ldr	r2, [pc, #156]	@ (10000c98 <irq_add_tail_to_free_list+0xb0>)
10000bfc:	6813      	ldr	r3, [r2, #0]
10000bfe:	2b00      	cmp	r3, #0
10000c00:	d0fc      	beq.n	10000bfc <irq_add_tail_to_free_list+0x14>
10000c02:	f3bf 8f5f 	dmb	sy
10000c06:	4a25      	ldr	r2, [pc, #148]	@ (10000c9c <irq_add_tail_to_free_list+0xb4>)
10000c08:	0004      	movs	r4, r0
10000c0a:	4b25      	ldr	r3, [pc, #148]	@ (10000ca0 <irq_add_tail_to_free_list+0xb8>)
10000c0c:	1aa4      	subs	r4, r4, r2
10000c0e:	4164      	adcs	r4, r4
10000c10:	4363      	muls	r3, r4
10000c12:	0d1b      	lsrs	r3, r3, #20
10000c14:	4c23      	ldr	r4, [pc, #140]	@ (10000ca4 <irq_add_tail_to_free_list+0xbc>)
10000c16:	0089      	lsls	r1, r1, #2
10000c18:	68a6      	ldr	r6, [r4, #8]
10000c1a:	b25b      	sxtb	r3, r3
10000c1c:	5876      	ldr	r6, [r6, r1]
10000c1e:	4566      	cmp	r6, ip
10000c20:	d024      	beq.n	10000c6c <irq_add_tail_to_free_list+0x84>
10000c22:	2106      	movs	r1, #6
10000c24:	5651      	ldrsb	r1, [r2, r1]
10000c26:	4299      	cmp	r1, r3
10000c28:	d024      	beq.n	10000c74 <irq_add_tail_to_free_list+0x8c>
10000c2a:	2112      	movs	r1, #18
10000c2c:	5651      	ldrsb	r1, [r2, r1]
10000c2e:	4299      	cmp	r1, r3
10000c30:	d02a      	beq.n	10000c88 <irq_add_tail_to_free_list+0xa0>
10000c32:	211e      	movs	r1, #30
10000c34:	5651      	ldrsb	r1, [r2, r1]
10000c36:	4299      	cmp	r1, r3
10000c38:	d028      	beq.n	10000c8c <irq_add_tail_to_free_list+0xa4>
10000c3a:	212a      	movs	r1, #42	@ 0x2a
10000c3c:	5651      	ldrsb	r1, [r2, r1]
10000c3e:	4299      	cmp	r1, r3
10000c40:	d026      	beq.n	10000c90 <irq_add_tail_to_free_list+0xa8>
10000c42:	2136      	movs	r1, #54	@ 0x36
10000c44:	5651      	ldrsb	r1, [r2, r1]
10000c46:	4299      	cmp	r1, r3
10000c48:	d024      	beq.n	10000c94 <irq_add_tail_to_free_list+0xac>
10000c4a:	2142      	movs	r1, #66	@ 0x42
10000c4c:	5651      	ldrsb	r1, [r2, r1]
10000c4e:	2405      	movs	r4, #5
10000c50:	4299      	cmp	r1, r3
10000c52:	d010      	beq.n	10000c76 <irq_add_tail_to_free_list+0x8e>
10000c54:	4a14      	ldr	r2, [pc, #80]	@ (10000ca8 <irq_add_tail_to_free_list+0xc0>)
10000c56:	7811      	ldrb	r1, [r2, #0]
10000c58:	7013      	strb	r3, [r2, #0]
10000c5a:	7181      	strb	r1, [r0, #6]
10000c5c:	f3bf 8f5f 	dmb	sy
10000c60:	2200      	movs	r2, #0
10000c62:	4b0d      	ldr	r3, [pc, #52]	@ (10000c98 <irq_add_tail_to_free_list+0xb0>)
10000c64:	601a      	str	r2, [r3, #0]
10000c66:	f385 8810 	msr	PRIMASK, r5
10000c6a:	bd70      	pop	{r4, r5, r6, pc}
10000c6c:	68a2      	ldr	r2, [r4, #8]
10000c6e:	4c0f      	ldr	r4, [pc, #60]	@ (10000cac <irq_add_tail_to_free_list+0xc4>)
10000c70:	5054      	str	r4, [r2, r1]
10000c72:	e7ef      	b.n	10000c54 <irq_add_tail_to_free_list+0x6c>
10000c74:	2400      	movs	r4, #0
10000c76:	0061      	lsls	r1, r4, #1
10000c78:	1909      	adds	r1, r1, r4
10000c7a:	0089      	lsls	r1, r1, #2
10000c7c:	1852      	adds	r2, r2, r1
10000c7e:	21ff      	movs	r1, #255	@ 0xff
10000c80:	7191      	strb	r1, [r2, #6]
10000c82:	490b      	ldr	r1, [pc, #44]	@ (10000cb0 <irq_add_tail_to_free_list+0xc8>)
10000c84:	8091      	strh	r1, [r2, #4]
10000c86:	e7e5      	b.n	10000c54 <irq_add_tail_to_free_list+0x6c>
10000c88:	2401      	movs	r4, #1
10000c8a:	e7f4      	b.n	10000c76 <irq_add_tail_to_free_list+0x8e>
10000c8c:	2402      	movs	r4, #2
10000c8e:	e7f2      	b.n	10000c76 <irq_add_tail_to_free_list+0x8e>
10000c90:	2403      	movs	r4, #3
10000c92:	e7f0      	b.n	10000c76 <irq_add_tail_to_free_list+0x8e>
10000c94:	2404      	movs	r4, #4
10000c96:	e7ee      	b.n	10000c76 <irq_add_tail_to_free_list+0x8e>
10000c98:	d0000124 	.word	0xd0000124
10000c9c:	20000f94 	.word	0x20000f94
10000ca0:	0000aaaa 	.word	0x0000aaaa
10000ca4:	e000ed00 	.word	0xe000ed00
10000ca8:	20001ebd 	.word	0x20001ebd
10000cac:	100001c1 	.word	0x100001c1
10000cb0:	ffffbd01 	.word	0xffffbd01

10000cb4 <user_irq_claim_unused>:
10000cb4:	b500      	push	{lr}
10000cb6:	4b07      	ldr	r3, [pc, #28]	@ (10000cd4 <user_irq_claim_unused+0x20>)
10000cb8:	b083      	sub	sp, #12
10000cba:	0001      	movs	r1, r0
10000cbc:	9300      	str	r3, [sp, #0]
10000cbe:	2200      	movs	r2, #0
10000cc0:	2305      	movs	r3, #5
10000cc2:	4805      	ldr	r0, [pc, #20]	@ (10000cd8 <user_irq_claim_unused+0x24>)
10000cc4:	f7ff fce2 	bl	1000068c <hw_claim_unused_from_range>
10000cc8:	2800      	cmp	r0, #0
10000cca:	db01      	blt.n	10000cd0 <user_irq_claim_unused+0x1c>
10000ccc:	231f      	movs	r3, #31
10000cce:	1a18      	subs	r0, r3, r0
10000cd0:	b003      	add	sp, #12
10000cd2:	bd00      	pop	{pc}
10000cd4:	10007930 	.word	0x10007930
10000cd8:	20001ec1 	.word	0x20001ec1

10000cdc <lock_init>:
10000cdc:	4b02      	ldr	r3, [pc, #8]	@ (10000ce8 <lock_init+0xc>)
10000cde:	18c9      	adds	r1, r1, r3
10000ce0:	0089      	lsls	r1, r1, #2
10000ce2:	6001      	str	r1, [r0, #0]
10000ce4:	4770      	bx	lr
10000ce6:	46c0      	nop			@ (mov r8, r8)
10000ce8:	34000040 	.word	0x34000040

10000cec <runtime_init_mutex>:
10000cec:	b570      	push	{r4, r5, r6, lr}
10000cee:	4c11      	ldr	r4, [pc, #68]	@ (10000d34 <runtime_init_mutex+0x48>)
10000cf0:	4d11      	ldr	r5, [pc, #68]	@ (10000d38 <runtime_init_mutex+0x4c>)
10000cf2:	42ac      	cmp	r4, r5
10000cf4:	d20f      	bcs.n	10000d16 <runtime_init_mutex+0x2a>
10000cf6:	26ff      	movs	r6, #255	@ 0xff
10000cf8:	6823      	ldr	r3, [r4, #0]
10000cfa:	2b00      	cmp	r3, #0
10000cfc:	d00c      	beq.n	10000d18 <runtime_init_mutex+0x2c>
10000cfe:	f7ff fd09 	bl	10000714 <next_striped_spin_lock_num>
10000d02:	0001      	movs	r1, r0
10000d04:	0020      	movs	r0, r4
10000d06:	f7ff ffe9 	bl	10000cdc <lock_init>
10000d0a:	80a6      	strh	r6, [r4, #4]
10000d0c:	f3bf 8f5f 	dmb	sy
10000d10:	3408      	adds	r4, #8
10000d12:	42ac      	cmp	r4, r5
10000d14:	d3f0      	bcc.n	10000cf8 <runtime_init_mutex+0xc>
10000d16:	bd70      	pop	{r4, r5, r6, pc}
10000d18:	f7ff fcfc 	bl	10000714 <next_striped_spin_lock_num>
10000d1c:	0001      	movs	r1, r0
10000d1e:	0020      	movs	r0, r4
10000d20:	f7ff ffdc 	bl	10000cdc <lock_init>
10000d24:	7126      	strb	r6, [r4, #4]
10000d26:	f3bf 8f5f 	dmb	sy
10000d2a:	3408      	adds	r4, #8
10000d2c:	42ac      	cmp	r4, r5
10000d2e:	d3e3      	bcc.n	10000cf8 <runtime_init_mutex+0xc>
10000d30:	e7f1      	b.n	10000d16 <runtime_init_mutex+0x2a>
10000d32:	46c0      	nop			@ (mov r8, r8)
10000d34:	20001090 	.word	0x20001090
10000d38:	20001098 	.word	0x20001098

10000d3c <mutex_init>:
10000d3c:	b510      	push	{r4, lr}
10000d3e:	0004      	movs	r4, r0
10000d40:	f7ff fce8 	bl	10000714 <next_striped_spin_lock_num>
10000d44:	0001      	movs	r1, r0
10000d46:	0020      	movs	r0, r4
10000d48:	f7ff ffc8 	bl	10000cdc <lock_init>
10000d4c:	23ff      	movs	r3, #255	@ 0xff
10000d4e:	7123      	strb	r3, [r4, #4]
10000d50:	f3bf 8f5f 	dmb	sy
10000d54:	bd10      	pop	{r4, pc}
10000d56:	46c0      	nop			@ (mov r8, r8)

10000d58 <critical_section_init>:
10000d58:	b510      	push	{r4, lr}
10000d5a:	0004      	movs	r4, r0
10000d5c:	2001      	movs	r0, #1
10000d5e:	f7ff fce5 	bl	1000072c <spin_lock_claim_unused>
10000d62:	4b03      	ldr	r3, [pc, #12]	@ (10000d70 <critical_section_init+0x18>)
10000d64:	18c0      	adds	r0, r0, r3
10000d66:	0080      	lsls	r0, r0, #2
10000d68:	6020      	str	r0, [r4, #0]
10000d6a:	f3bf 8f5f 	dmb	sy
10000d6e:	bd10      	pop	{r4, pc}
10000d70:	34000040 	.word	0x34000040

10000d74 <critical_section_init_with_lock_num>:
10000d74:	4b03      	ldr	r3, [pc, #12]	@ (10000d84 <critical_section_init_with_lock_num+0x10>)
10000d76:	18c9      	adds	r1, r1, r3
10000d78:	0089      	lsls	r1, r1, #2
10000d7a:	6001      	str	r1, [r0, #0]
10000d7c:	f3bf 8f5f 	dmb	sy
10000d80:	4770      	bx	lr
10000d82:	46c0      	nop			@ (mov r8, r8)
10000d84:	34000040 	.word	0x34000040

10000d88 <sleep_until_callback>:
10000d88:	bf40      	sev
10000d8a:	2000      	movs	r0, #0
10000d8c:	2100      	movs	r1, #0
10000d8e:	4770      	bx	lr

10000d90 <alarm_pool_irq_handler>:
10000d90:	b5f0      	push	{r4, r5, r6, r7, lr}
10000d92:	46de      	mov	lr, fp
10000d94:	4657      	mov	r7, sl
10000d96:	464e      	mov	r6, r9
10000d98:	4645      	mov	r5, r8
10000d9a:	b5e0      	push	{r5, r6, r7, lr}
10000d9c:	b085      	sub	sp, #20
10000d9e:	f3ef 8305 	mrs	r3, IPSR
10000da2:	2203      	movs	r2, #3
10000da4:	401a      	ands	r2, r3
10000da6:	4bb1      	ldr	r3, [pc, #708]	@ (1000106c <alarm_pool_irq_handler+0x2dc>)
10000da8:	0091      	lsls	r1, r2, #2
10000daa:	585b      	ldr	r3, [r3, r1]
10000dac:	9203      	str	r2, [sp, #12]
10000dae:	4698      	mov	r8, r3
10000db0:	2301      	movs	r3, #1
10000db2:	4093      	lsls	r3, r2
10000db4:	001a      	movs	r2, r3
10000db6:	9301      	str	r3, [sp, #4]
10000db8:	4bad      	ldr	r3, [pc, #692]	@ (10001070 <alarm_pool_irq_handler+0x2e0>)
10000dba:	9102      	str	r1, [sp, #8]
10000dbc:	601a      	str	r2, [r3, #0]
10000dbe:	2308      	movs	r3, #8
10000dc0:	4443      	add	r3, r8
10000dc2:	4699      	mov	r9, r3
10000dc4:	9b01      	ldr	r3, [sp, #4]
10000dc6:	48ab      	ldr	r0, [pc, #684]	@ (10001074 <alarm_pool_irq_handler+0x2e4>)
10000dc8:	6343      	str	r3, [r0, #52]	@ 0x34
10000dca:	4643      	mov	r3, r8
10000dcc:	2208      	movs	r2, #8
10000dce:	5e9b      	ldrsh	r3, [r3, r2]
10000dd0:	469a      	mov	sl, r3
10000dd2:	2b00      	cmp	r3, #0
10000dd4:	db00      	blt.n	10000dd8 <alarm_pool_irq_handler+0x48>
10000dd6:	e0b9      	b.n	10000f4c <alarm_pool_irq_handler+0x1bc>
10000dd8:	4643      	mov	r3, r8
10000dda:	889b      	ldrh	r3, [r3, #4]
10000ddc:	b21b      	sxth	r3, r3
10000dde:	2b00      	cmp	r3, #0
10000de0:	da00      	bge.n	10000de4 <alarm_pool_irq_handler+0x54>
10000de2:	e126      	b.n	10001032 <alarm_pool_irq_handler+0x2a2>
10000de4:	4643      	mov	r3, r8
10000de6:	691b      	ldr	r3, [r3, #16]
10000de8:	f3ef 8210 	mrs	r2, PRIMASK
10000dec:	b672      	cpsid	i
10000dee:	6819      	ldr	r1, [r3, #0]
10000df0:	2900      	cmp	r1, #0
10000df2:	d0fc      	beq.n	10000dee <alarm_pool_irq_handler+0x5e>
10000df4:	f3bf 8f5f 	dmb	sy
10000df8:	4643      	mov	r3, r8
10000dfa:	889e      	ldrh	r6, [r3, #4]
10000dfc:	2301      	movs	r3, #1
10000dfe:	4641      	mov	r1, r8
10000e00:	425b      	negs	r3, r3
10000e02:	808b      	strh	r3, [r1, #4]
10000e04:	b236      	sxth	r6, r6
10000e06:	690b      	ldr	r3, [r1, #16]
10000e08:	f3bf 8f5f 	dmb	sy
10000e0c:	2100      	movs	r1, #0
10000e0e:	6019      	str	r1, [r3, #0]
10000e10:	f382 8810 	msr	PRIMASK, r2
10000e14:	2e00      	cmp	r6, #0
10000e16:	db26      	blt.n	10000e66 <alarm_pool_irq_handler+0xd6>
10000e18:	4643      	mov	r3, r8
10000e1a:	695d      	ldr	r5, [r3, #20]
10000e1c:	0074      	lsls	r4, r6, #1
10000e1e:	19a4      	adds	r4, r4, r6
10000e20:	2008      	movs	r0, #8
10000e22:	5e1a      	ldrsh	r2, [r3, r0]
10000e24:	00e4      	lsls	r4, r4, #3
10000e26:	4649      	mov	r1, r9
10000e28:	192c      	adds	r4, r5, r4
10000e2a:	2a00      	cmp	r2, #0
10000e2c:	db14      	blt.n	10000e58 <alarm_pool_irq_handler+0xc8>
10000e2e:	68a0      	ldr	r0, [r4, #8]
10000e30:	469a      	mov	sl, r3
10000e32:	4680      	mov	r8, r0
10000e34:	68e0      	ldr	r0, [r4, #12]
10000e36:	e007      	b.n	10000e48 <alarm_pool_irq_handler+0xb8>
10000e38:	4283      	cmp	r3, r0
10000e3a:	d100      	bne.n	10000e3e <alarm_pool_irq_handler+0xae>
10000e3c:	e081      	b.n	10000f42 <alarm_pool_irq_handler+0x1b2>
10000e3e:	2300      	movs	r3, #0
10000e40:	5efa      	ldrsh	r2, [r7, r3]
10000e42:	0039      	movs	r1, r7
10000e44:	2a00      	cmp	r2, #0
10000e46:	db06      	blt.n	10000e56 <alarm_pool_irq_handler+0xc6>
10000e48:	0057      	lsls	r7, r2, #1
10000e4a:	18bf      	adds	r7, r7, r2
10000e4c:	00ff      	lsls	r7, r7, #3
10000e4e:	19ef      	adds	r7, r5, r7
10000e50:	68fb      	ldr	r3, [r7, #12]
10000e52:	4283      	cmp	r3, r0
10000e54:	ddf0      	ble.n	10000e38 <alarm_pool_irq_handler+0xa8>
10000e56:	4653      	mov	r3, sl
10000e58:	800e      	strh	r6, [r1, #0]
10000e5a:	2100      	movs	r1, #0
10000e5c:	5e66      	ldrsh	r6, [r4, r1]
10000e5e:	8022      	strh	r2, [r4, #0]
10000e60:	2e00      	cmp	r6, #0
10000e62:	dadb      	bge.n	10000e1c <alarm_pool_irq_handler+0x8c>
10000e64:	4698      	mov	r8, r3
10000e66:	4643      	mov	r3, r8
10000e68:	2108      	movs	r1, #8
10000e6a:	5e59      	ldrsh	r1, [r3, r1]
10000e6c:	2900      	cmp	r1, #0
10000e6e:	da00      	bge.n	10000e72 <alarm_pool_irq_handler+0xe2>
10000e70:	e0df      	b.n	10001032 <alarm_pool_irq_handler+0x2a2>
10000e72:	4643      	mov	r3, r8
10000e74:	695a      	ldr	r2, [r3, #20]
10000e76:	004b      	lsls	r3, r1, #1
10000e78:	487e      	ldr	r0, [pc, #504]	@ (10001074 <alarm_pool_irq_handler+0x2e4>)
10000e7a:	185b      	adds	r3, r3, r1
10000e7c:	9902      	ldr	r1, [sp, #8]
10000e7e:	00db      	lsls	r3, r3, #3
10000e80:	18d3      	adds	r3, r2, r3
10000e82:	1809      	adds	r1, r1, r0
10000e84:	6a82      	ldr	r2, [r0, #40]	@ 0x28
10000e86:	689d      	ldr	r5, [r3, #8]
10000e88:	68dc      	ldr	r4, [r3, #12]
10000e8a:	690b      	ldr	r3, [r1, #16]
10000e8c:	1aae      	subs	r6, r5, r2
10000e8e:	1a9b      	subs	r3, r3, r2
10000e90:	429e      	cmp	r6, r3
10000e92:	d31b      	bcc.n	10000ecc <alarm_pool_irq_handler+0x13c>
10000e94:	2301      	movs	r3, #1
10000e96:	6a02      	ldr	r2, [r0, #32]
10000e98:	9803      	ldr	r0, [sp, #12]
10000e9a:	4083      	lsls	r3, r0
10000e9c:	421a      	tst	r2, r3
10000e9e:	d015      	beq.n	10000ecc <alarm_pool_irq_handler+0x13c>
10000ea0:	4643      	mov	r3, r8
10000ea2:	799b      	ldrb	r3, [r3, #6]
10000ea4:	2b00      	cmp	r3, #0
10000ea6:	d116      	bne.n	10000ed6 <alarm_pool_irq_handler+0x146>
10000ea8:	4872      	ldr	r0, [pc, #456]	@ (10001074 <alarm_pool_irq_handler+0x2e4>)
10000eaa:	f000 fb6d 	bl	10001588 <timer_time_us_64>
10000eae:	428c      	cmp	r4, r1
10000eb0:	dc04      	bgt.n	10000ebc <alarm_pool_irq_handler+0x12c>
10000eb2:	d000      	beq.n	10000eb6 <alarm_pool_irq_handler+0x126>
10000eb4:	e786      	b.n	10000dc4 <alarm_pool_irq_handler+0x34>
10000eb6:	4285      	cmp	r5, r0
10000eb8:	d800      	bhi.n	10000ebc <alarm_pool_irq_handler+0x12c>
10000eba:	e783      	b.n	10000dc4 <alarm_pool_irq_handler+0x34>
10000ebc:	bf40      	sev
10000ebe:	b005      	add	sp, #20
10000ec0:	bcf0      	pop	{r4, r5, r6, r7}
10000ec2:	46bb      	mov	fp, r7
10000ec4:	46b2      	mov	sl, r6
10000ec6:	46a9      	mov	r9, r5
10000ec8:	46a0      	mov	r8, r4
10000eca:	bdf0      	pop	{r4, r5, r6, r7, pc}
10000ecc:	4643      	mov	r3, r8
10000ece:	610d      	str	r5, [r1, #16]
10000ed0:	799b      	ldrb	r3, [r3, #6]
10000ed2:	2b00      	cmp	r3, #0
10000ed4:	d0e8      	beq.n	10000ea8 <alarm_pool_irq_handler+0x118>
10000ed6:	2300      	movs	r3, #0
10000ed8:	4642      	mov	r2, r8
10000eda:	7193      	strb	r3, [r2, #6]
10000edc:	4643      	mov	r3, r8
10000ede:	2208      	movs	r2, #8
10000ee0:	5e9a      	ldrsh	r2, [r3, r2]
10000ee2:	1c53      	adds	r3, r2, #1
10000ee4:	d0e0      	beq.n	10000ea8 <alarm_pool_irq_handler+0x118>
10000ee6:	4647      	mov	r7, r8
10000ee8:	4648      	mov	r0, r9
10000eea:	2600      	movs	r6, #0
10000eec:	46a8      	mov	r8, r5
10000eee:	46a3      	mov	fp, r4
10000ef0:	e002      	b.n	10000ef8 <alarm_pool_irq_handler+0x168>
10000ef2:	0008      	movs	r0, r1
10000ef4:	1c53      	adds	r3, r2, #1
10000ef6:	d020      	beq.n	10000f3a <alarm_pool_irq_handler+0x1aa>
10000ef8:	0053      	lsls	r3, r2, #1
10000efa:	697d      	ldr	r5, [r7, #20]
10000efc:	189b      	adds	r3, r3, r2
10000efe:	00db      	lsls	r3, r3, #3
10000f00:	18e9      	adds	r1, r5, r3
10000f02:	0014      	movs	r4, r2
10000f04:	5eea      	ldrsh	r2, [r5, r3]
10000f06:	884b      	ldrh	r3, [r1, #2]
10000f08:	b21b      	sxth	r3, r3
10000f0a:	2b00      	cmp	r3, #0
10000f0c:	daf1      	bge.n	10000ef2 <alarm_pool_irq_handler+0x162>
10000f0e:	8002      	strh	r2, [r0, #0]
10000f10:	693b      	ldr	r3, [r7, #16]
10000f12:	f3ef 8a10 	mrs	sl, PRIMASK
10000f16:	b672      	cpsid	i
10000f18:	001d      	movs	r5, r3
10000f1a:	682b      	ldr	r3, [r5, #0]
10000f1c:	2b00      	cmp	r3, #0
10000f1e:	d0fc      	beq.n	10000f1a <alarm_pool_irq_handler+0x18a>
10000f20:	f3bf 8f5f 	dmb	sy
10000f24:	887b      	ldrh	r3, [r7, #2]
10000f26:	800b      	strh	r3, [r1, #0]
10000f28:	693b      	ldr	r3, [r7, #16]
10000f2a:	807c      	strh	r4, [r7, #2]
10000f2c:	f3bf 8f5f 	dmb	sy
10000f30:	601e      	str	r6, [r3, #0]
10000f32:	f38a 8810 	msr	PRIMASK, sl
10000f36:	1c53      	adds	r3, r2, #1
10000f38:	d1de      	bne.n	10000ef8 <alarm_pool_irq_handler+0x168>
10000f3a:	4645      	mov	r5, r8
10000f3c:	465c      	mov	r4, fp
10000f3e:	46b8      	mov	r8, r7
10000f40:	e7b2      	b.n	10000ea8 <alarm_pool_irq_handler+0x118>
10000f42:	68bb      	ldr	r3, [r7, #8]
10000f44:	4543      	cmp	r3, r8
10000f46:	d800      	bhi.n	10000f4a <alarm_pool_irq_handler+0x1ba>
10000f48:	e779      	b.n	10000e3e <alarm_pool_irq_handler+0xae>
10000f4a:	e784      	b.n	10000e56 <alarm_pool_irq_handler+0xc6>
10000f4c:	4642      	mov	r2, r8
10000f4e:	6952      	ldr	r2, [r2, #20]
10000f50:	005b      	lsls	r3, r3, #1
10000f52:	4693      	mov	fp, r2
10000f54:	4453      	add	r3, sl
10000f56:	00db      	lsls	r3, r3, #3
10000f58:	449b      	add	fp, r3
10000f5a:	465b      	mov	r3, fp
10000f5c:	689e      	ldr	r6, [r3, #8]
10000f5e:	68df      	ldr	r7, [r3, #12]
10000f60:	f000 fb12 	bl	10001588 <timer_time_us_64>
10000f64:	428f      	cmp	r7, r1
10000f66:	dc2a      	bgt.n	10000fbe <alarm_pool_irq_handler+0x22e>
10000f68:	d030      	beq.n	10000fcc <alarm_pool_irq_handler+0x23c>
10000f6a:	465b      	mov	r3, fp
10000f6c:	465a      	mov	r2, fp
10000f6e:	691b      	ldr	r3, [r3, #16]
10000f70:	6954      	ldr	r4, [r2, #20]
10000f72:	2b02      	cmp	r3, #2
10000f74:	d032      	beq.n	10000fdc <alarm_pool_irq_handler+0x24c>
10000f76:	4641      	mov	r1, r8
10000f78:	2008      	movs	r0, #8
10000f7a:	5e08      	ldrsh	r0, [r1, r0]
10000f7c:	8852      	ldrh	r2, [r2, #2]
10000f7e:	0400      	lsls	r0, r0, #16
10000f80:	0021      	movs	r1, r4
10000f82:	4310      	orrs	r0, r2
10000f84:	4798      	blx	r3
10000f86:	0004      	movs	r4, r0
10000f88:	000d      	movs	r5, r1
10000f8a:	0023      	movs	r3, r4
10000f8c:	432b      	orrs	r3, r5
10000f8e:	d02e      	beq.n	10000fee <alarm_pool_irq_handler+0x25e>
10000f90:	2d00      	cmp	r5, #0
10000f92:	da48      	bge.n	10001026 <alarm_pool_irq_handler+0x296>
10000f94:	0030      	movs	r0, r6
10000f96:	0039      	movs	r1, r7
10000f98:	1b00      	subs	r0, r0, r4
10000f9a:	41a9      	sbcs	r1, r5
10000f9c:	465b      	mov	r3, fp
10000f9e:	6098      	str	r0, [r3, #8]
10000fa0:	60d9      	str	r1, [r3, #12]
10000fa2:	2200      	movs	r2, #0
10000fa4:	5e9b      	ldrsh	r3, [r3, r2]
10000fa6:	2b00      	cmp	r3, #0
10000fa8:	db09      	blt.n	10000fbe <alarm_pool_irq_handler+0x22e>
10000faa:	4642      	mov	r2, r8
10000fac:	005e      	lsls	r6, r3, #1
10000fae:	6954      	ldr	r4, [r2, #20]
10000fb0:	18f2      	adds	r2, r6, r3
10000fb2:	00d2      	lsls	r2, r2, #3
10000fb4:	18a2      	adds	r2, r4, r2
10000fb6:	6897      	ldr	r7, [r2, #8]
10000fb8:	68d2      	ldr	r2, [r2, #12]
10000fba:	428a      	cmp	r2, r1
10000fbc:	dd5c      	ble.n	10001078 <alarm_pool_irq_handler+0x2e8>
10000fbe:	4643      	mov	r3, r8
10000fc0:	889b      	ldrh	r3, [r3, #4]
10000fc2:	b21b      	sxth	r3, r3
10000fc4:	2b00      	cmp	r3, #0
10000fc6:	da00      	bge.n	10000fca <alarm_pool_irq_handler+0x23a>
10000fc8:	e74d      	b.n	10000e66 <alarm_pool_irq_handler+0xd6>
10000fca:	e70b      	b.n	10000de4 <alarm_pool_irq_handler+0x54>
10000fcc:	4286      	cmp	r6, r0
10000fce:	d8f6      	bhi.n	10000fbe <alarm_pool_irq_handler+0x22e>
10000fd0:	465b      	mov	r3, fp
10000fd2:	465a      	mov	r2, fp
10000fd4:	691b      	ldr	r3, [r3, #16]
10000fd6:	6954      	ldr	r4, [r2, #20]
10000fd8:	2b02      	cmp	r3, #2
10000fda:	d1cc      	bne.n	10000f76 <alarm_pool_irq_handler+0x1e6>
10000fdc:	0020      	movs	r0, r4
10000fde:	6923      	ldr	r3, [r4, #16]
10000fe0:	4798      	blx	r3
10000fe2:	2800      	cmp	r0, #0
10000fe4:	d003      	beq.n	10000fee <alarm_pool_irq_handler+0x25e>
10000fe6:	cc30      	ldmia	r4, {r4, r5}
10000fe8:	0023      	movs	r3, r4
10000fea:	432b      	orrs	r3, r5
10000fec:	d1d0      	bne.n	10000f90 <alarm_pool_irq_handler+0x200>
10000fee:	465b      	mov	r3, fp
10000ff0:	4642      	mov	r2, r8
10000ff2:	881b      	ldrh	r3, [r3, #0]
10000ff4:	8113      	strh	r3, [r2, #8]
10000ff6:	6912      	ldr	r2, [r2, #16]
10000ff8:	f3ef 8310 	mrs	r3, PRIMASK
10000ffc:	b672      	cpsid	i
10000ffe:	6811      	ldr	r1, [r2, #0]
10001000:	2900      	cmp	r1, #0
10001002:	d0fc      	beq.n	10000ffe <alarm_pool_irq_handler+0x26e>
10001004:	f3bf 8f5f 	dmb	sy
10001008:	4642      	mov	r2, r8
1000100a:	4659      	mov	r1, fp
1000100c:	8852      	ldrh	r2, [r2, #2]
1000100e:	800a      	strh	r2, [r1, #0]
10001010:	4642      	mov	r2, r8
10001012:	4651      	mov	r1, sl
10001014:	8051      	strh	r1, [r2, #2]
10001016:	6912      	ldr	r2, [r2, #16]
10001018:	f3bf 8f5f 	dmb	sy
1000101c:	2100      	movs	r1, #0
1000101e:	6011      	str	r1, [r2, #0]
10001020:	f383 8810 	msr	PRIMASK, r3
10001024:	e7cb      	b.n	10000fbe <alarm_pool_irq_handler+0x22e>
10001026:	4813      	ldr	r0, [pc, #76]	@ (10001074 <alarm_pool_irq_handler+0x2e4>)
10001028:	f000 faae 	bl	10001588 <timer_time_us_64>
1000102c:	1900      	adds	r0, r0, r4
1000102e:	4169      	adcs	r1, r5
10001030:	e7b4      	b.n	10000f9c <alarm_pool_irq_handler+0x20c>
10001032:	4c10      	ldr	r4, [pc, #64]	@ (10001074 <alarm_pool_irq_handler+0x2e4>)
10001034:	0020      	movs	r0, r4
10001036:	f000 faa7 	bl	10001588 <timer_time_us_64>
1000103a:	2280      	movs	r2, #128	@ 0x80
1000103c:	2300      	movs	r3, #0
1000103e:	0612      	lsls	r2, r2, #24
10001040:	1880      	adds	r0, r0, r2
10001042:	4159      	adcs	r1, r3
10001044:	9a02      	ldr	r2, [sp, #8]
10001046:	6aa5      	ldr	r5, [r4, #40]	@ 0x28
10001048:	1912      	adds	r2, r2, r4
1000104a:	6913      	ldr	r3, [r2, #16]
1000104c:	1b46      	subs	r6, r0, r5
1000104e:	1b5b      	subs	r3, r3, r5
10001050:	429e      	cmp	r6, r3
10001052:	d201      	bcs.n	10001058 <alarm_pool_irq_handler+0x2c8>
10001054:	6110      	str	r0, [r2, #16]
10001056:	e731      	b.n	10000ebc <alarm_pool_irq_handler+0x12c>
10001058:	2301      	movs	r3, #1
1000105a:	9d03      	ldr	r5, [sp, #12]
1000105c:	6a24      	ldr	r4, [r4, #32]
1000105e:	40ab      	lsls	r3, r5
10001060:	421c      	tst	r4, r3
10001062:	d000      	beq.n	10001066 <alarm_pool_irq_handler+0x2d6>
10001064:	e72a      	b.n	10000ebc <alarm_pool_irq_handler+0x12c>
10001066:	6110      	str	r0, [r2, #16]
10001068:	e728      	b.n	10000ebc <alarm_pool_irq_handler+0x12c>
1000106a:	46c0      	nop			@ (mov r8, r8)
1000106c:	20001e7c 	.word	0x20001e7c
10001070:	4005703c 	.word	0x4005703c
10001074:	40054000 	.word	0x40054000
10001078:	428a      	cmp	r2, r1
1000107a:	d101      	bne.n	10001080 <alarm_pool_irq_handler+0x2f0>
1000107c:	4287      	cmp	r7, r0
1000107e:	d89e      	bhi.n	10000fbe <alarm_pool_irq_handler+0x22e>
10001080:	4645      	mov	r5, r8
10001082:	812b      	strh	r3, [r5, #8]
10001084:	3508      	adds	r5, #8
10001086:	e005      	b.n	10001094 <alarm_pool_irq_handler+0x304>
10001088:	005e      	lsls	r6, r3, #1
1000108a:	18f2      	adds	r2, r6, r3
1000108c:	00d2      	lsls	r2, r2, #3
1000108e:	18a2      	adds	r2, r4, r2
10001090:	6897      	ldr	r7, [r2, #8]
10001092:	68d2      	ldr	r2, [r2, #12]
10001094:	428a      	cmp	r2, r1
10001096:	dc06      	bgt.n	100010a6 <alarm_pool_irq_handler+0x316>
10001098:	d00a      	beq.n	100010b0 <alarm_pool_irq_handler+0x320>
1000109a:	18f3      	adds	r3, r6, r3
1000109c:	00db      	lsls	r3, r3, #3
1000109e:	18e5      	adds	r5, r4, r3
100010a0:	5ee3      	ldrsh	r3, [r4, r3]
100010a2:	2b00      	cmp	r3, #0
100010a4:	daf0      	bge.n	10001088 <alarm_pool_irq_handler+0x2f8>
100010a6:	465a      	mov	r2, fp
100010a8:	8013      	strh	r3, [r2, #0]
100010aa:	4653      	mov	r3, sl
100010ac:	802b      	strh	r3, [r5, #0]
100010ae:	e786      	b.n	10000fbe <alarm_pool_irq_handler+0x22e>
100010b0:	4287      	cmp	r7, r0
100010b2:	d9f2      	bls.n	1000109a <alarm_pool_irq_handler+0x30a>
100010b4:	e7f7      	b.n	100010a6 <alarm_pool_irq_handler+0x316>
100010b6:	46c0      	nop			@ (mov r8, r8)

100010b8 <runtime_init_default_alarm_pool>:
100010b8:	b570      	push	{r4, r5, r6, lr}
100010ba:	4c2b      	ldr	r4, [pc, #172]	@ (10001168 <runtime_init_default_alarm_pool+0xb0>)
100010bc:	6925      	ldr	r5, [r4, #16]
100010be:	2d00      	cmp	r5, #0
100010c0:	d000      	beq.n	100010c4 <runtime_init_default_alarm_pool+0xc>
100010c2:	bd70      	pop	{r4, r5, r6, pc}
100010c4:	4e29      	ldr	r6, [pc, #164]	@ (1000116c <runtime_init_default_alarm_pool+0xb4>)
100010c6:	2103      	movs	r1, #3
100010c8:	4828      	ldr	r0, [pc, #160]	@ (1000116c <runtime_init_default_alarm_pool+0xb4>)
100010ca:	f000 fa53 	bl	10001574 <timer_hardware_alarm_claim>
100010ce:	60e6      	str	r6, [r4, #12]
100010d0:	f7ff fb20 	bl	10000714 <next_striped_spin_lock_num>
100010d4:	4b26      	ldr	r3, [pc, #152]	@ (10001170 <runtime_init_default_alarm_pool+0xb8>)
100010d6:	2203      	movs	r2, #3
100010d8:	18c0      	adds	r0, r0, r3
100010da:	23d0      	movs	r3, #208	@ 0xd0
100010dc:	7022      	strb	r2, [r4, #0]
100010de:	061b      	lsls	r3, r3, #24
100010e0:	681b      	ldr	r3, [r3, #0]
100010e2:	2101      	movs	r1, #1
100010e4:	7063      	strb	r3, [r4, #1]
100010e6:	4b23      	ldr	r3, [pc, #140]	@ (10001174 <runtime_init_default_alarm_pool+0xbc>)
100010e8:	0080      	lsls	r0, r0, #2
100010ea:	60a3      	str	r3, [r4, #8]
100010ec:	230f      	movs	r3, #15
100010ee:	6120      	str	r0, [r4, #16]
100010f0:	2002      	movs	r0, #2
100010f2:	8063      	strh	r3, [r4, #2]
100010f4:	6963      	ldr	r3, [r4, #20]
100010f6:	4249      	negs	r1, r1
100010f8:	80a1      	strh	r1, [r4, #4]
100010fa:	8019      	strh	r1, [r3, #0]
100010fc:	3102      	adds	r1, #2
100010fe:	8619      	strh	r1, [r3, #48]	@ 0x30
10001100:	3147      	adds	r1, #71	@ 0x47
10001102:	831d      	strh	r5, [r3, #24]
10001104:	5258      	strh	r0, [r3, r1]
10001106:	3118      	adds	r1, #24
10001108:	525a      	strh	r2, [r3, r1]
1000110a:	3275      	adds	r2, #117	@ 0x75
1000110c:	395c      	subs	r1, #92	@ 0x5c
1000110e:	5299      	strh	r1, [r3, r2]
10001110:	3218      	adds	r2, #24
10001112:	3101      	adds	r1, #1
10001114:	5299      	strh	r1, [r3, r2]
10001116:	3218      	adds	r2, #24
10001118:	3101      	adds	r1, #1
1000111a:	5299      	strh	r1, [r3, r2]
1000111c:	3218      	adds	r2, #24
1000111e:	3101      	adds	r1, #1
10001120:	5299      	strh	r1, [r3, r2]
10001122:	3508      	adds	r5, #8
10001124:	3218      	adds	r2, #24
10001126:	529d      	strh	r5, [r3, r2]
10001128:	3102      	adds	r1, #2
1000112a:	3218      	adds	r2, #24
1000112c:	5299      	strh	r1, [r3, r2]
1000112e:	3218      	adds	r2, #24
10001130:	3101      	adds	r1, #1
10001132:	5299      	strh	r1, [r3, r2]
10001134:	3218      	adds	r2, #24
10001136:	3101      	adds	r1, #1
10001138:	5299      	strh	r1, [r3, r2]
1000113a:	3218      	adds	r2, #24
1000113c:	3101      	adds	r1, #1
1000113e:	5299      	strh	r1, [r3, r2]
10001140:	3218      	adds	r2, #24
10001142:	3101      	adds	r1, #1
10001144:	5299      	strh	r1, [r3, r2]
10001146:	3218      	adds	r2, #24
10001148:	3101      	adds	r1, #1
1000114a:	5299      	strh	r1, [r3, r2]
1000114c:	4b0a      	ldr	r3, [pc, #40]	@ (10001178 <runtime_init_default_alarm_pool+0xc0>)
1000114e:	490b      	ldr	r1, [pc, #44]	@ (1000117c <runtime_init_default_alarm_pool+0xc4>)
10001150:	60dc      	str	r4, [r3, #12]
10001152:	3001      	adds	r0, #1
10001154:	6235      	str	r5, [r6, #32]
10001156:	f7ff fb63 	bl	10000820 <irq_set_exclusive_handler>
1000115a:	2101      	movs	r1, #1
1000115c:	2003      	movs	r0, #3
1000115e:	f7ff fb27 	bl	100007b0 <irq_set_enabled>
10001162:	4b07      	ldr	r3, [pc, #28]	@ (10001180 <runtime_init_default_alarm_pool+0xc8>)
10001164:	601d      	str	r5, [r3, #0]
10001166:	e7ac      	b.n	100010c2 <runtime_init_default_alarm_pool+0xa>
10001168:	20000ff4 	.word	0x20000ff4
1000116c:	40054000 	.word	0x40054000
10001170:	34000040 	.word	0x34000040
10001174:	0010ffff 	.word	0x0010ffff
10001178:	20001e7c 	.word	0x20001e7c
1000117c:	10000d91 	.word	0x10000d91
10001180:	40056038 	.word	0x40056038

10001184 <alarm_pool_get_default>:
10001184:	4800      	ldr	r0, [pc, #0]	@ (10001188 <alarm_pool_get_default+0x4>)
10001186:	4770      	bx	lr
10001188:	20000ff4 	.word	0x20000ff4

1000118c <alarm_pool_add_alarm_at>:
1000118c:	b5f8      	push	{r3, r4, r5, r6, r7, lr}
1000118e:	001f      	movs	r7, r3
10001190:	ab08      	add	r3, sp, #32
10001192:	781b      	ldrb	r3, [r3, #0]
10001194:	0004      	movs	r4, r0
10001196:	0016      	movs	r6, r2
10001198:	2b00      	cmp	r3, #0
1000119a:	d107      	bne.n	100011ac <alarm_pool_add_alarm_at+0x20>
1000119c:	f000 f9fc 	bl	10001598 <time_us_64>
100011a0:	0032      	movs	r2, r6
100011a2:	003b      	movs	r3, r7
100011a4:	1a12      	subs	r2, r2, r0
100011a6:	418b      	sbcs	r3, r1
100011a8:	2b00      	cmp	r3, #0
100011aa:	db51      	blt.n	10001250 <alarm_pool_add_alarm_at+0xc4>
100011ac:	6922      	ldr	r2, [r4, #16]
100011ae:	f3ef 8c10 	mrs	ip, PRIMASK
100011b2:	b672      	cpsid	i
100011b4:	6813      	ldr	r3, [r2, #0]
100011b6:	2b00      	cmp	r3, #0
100011b8:	d0fc      	beq.n	100011b4 <alarm_pool_add_alarm_at+0x28>
100011ba:	f3bf 8f5f 	dmb	sy
100011be:	2302      	movs	r3, #2
100011c0:	5ee1      	ldrsh	r1, [r4, r3]
100011c2:	6925      	ldr	r5, [r4, #16]
100011c4:	2900      	cmp	r1, #0
100011c6:	db3a      	blt.n	1000123e <alarm_pool_add_alarm_at+0xb2>
100011c8:	004b      	lsls	r3, r1, #1
100011ca:	6960      	ldr	r0, [r4, #20]
100011cc:	185b      	adds	r3, r3, r1
100011ce:	00db      	lsls	r3, r3, #3
100011d0:	18c2      	adds	r2, r0, r3
100011d2:	5ac3      	ldrh	r3, [r0, r3]
100011d4:	8063      	strh	r3, [r4, #2]
100011d6:	f3bf 8f5f 	dmb	sy
100011da:	2300      	movs	r3, #0
100011dc:	602b      	str	r3, [r5, #0]
100011de:	f38c 8810 	msr	PRIMASK, ip
100011e2:	9b06      	ldr	r3, [sp, #24]
100011e4:	6096      	str	r6, [r2, #8]
100011e6:	60d7      	str	r7, [r2, #12]
100011e8:	6113      	str	r3, [r2, #16]
100011ea:	9b07      	ldr	r3, [sp, #28]
100011ec:	6153      	str	r3, [r2, #20]
100011ee:	8853      	ldrh	r3, [r2, #2]
100011f0:	3301      	adds	r3, #1
100011f2:	045b      	lsls	r3, r3, #17
100011f4:	0c5b      	lsrs	r3, r3, #17
100011f6:	1c18      	adds	r0, r3, #0
100011f8:	2b00      	cmp	r3, #0
100011fa:	d01e      	beq.n	1000123a <alarm_pool_add_alarm_at+0xae>
100011fc:	b283      	uxth	r3, r0
100011fe:	8050      	strh	r0, [r2, #2]
10001200:	0408      	lsls	r0, r1, #16
10001202:	4318      	orrs	r0, r3
10001204:	6925      	ldr	r5, [r4, #16]
10001206:	f3ef 8610 	mrs	r6, PRIMASK
1000120a:	b672      	cpsid	i
1000120c:	682b      	ldr	r3, [r5, #0]
1000120e:	2b00      	cmp	r3, #0
10001210:	d0fc      	beq.n	1000120c <alarm_pool_add_alarm_at+0x80>
10001212:	f3bf 8f5f 	dmb	sy
10001216:	88a3      	ldrh	r3, [r4, #4]
10001218:	8013      	strh	r3, [r2, #0]
1000121a:	80a1      	strh	r1, [r4, #4]
1000121c:	6923      	ldr	r3, [r4, #16]
1000121e:	f3bf 8f5f 	dmb	sy
10001222:	2200      	movs	r2, #0
10001224:	601a      	str	r2, [r3, #0]
10001226:	f386 8810 	msr	PRIMASK, r6
1000122a:	7823      	ldrb	r3, [r4, #0]
1000122c:	3201      	adds	r2, #1
1000122e:	409a      	lsls	r2, r3
10001230:	4908      	ldr	r1, [pc, #32]	@ (10001254 <alarm_pool_add_alarm_at+0xc8>)
10001232:	68e3      	ldr	r3, [r4, #12]
10001234:	185b      	adds	r3, r3, r1
10001236:	601a      	str	r2, [r3, #0]
10001238:	bdf8      	pop	{r3, r4, r5, r6, r7, pc}
1000123a:	2001      	movs	r0, #1
1000123c:	e7de      	b.n	100011fc <alarm_pool_add_alarm_at+0x70>
1000123e:	f3bf 8f5f 	dmb	sy
10001242:	2300      	movs	r3, #0
10001244:	602b      	str	r3, [r5, #0]
10001246:	f38c 8810 	msr	PRIMASK, ip
1000124a:	2001      	movs	r0, #1
1000124c:	4240      	negs	r0, r0
1000124e:	e7f3      	b.n	10001238 <alarm_pool_add_alarm_at+0xac>
10001250:	2000      	movs	r0, #0
10001252:	e7f1      	b.n	10001238 <alarm_pool_add_alarm_at+0xac>
10001254:	0000203c 	.word	0x0000203c

10001258 <alarm_pool_add_alarm_at_force_in_context>:
10001258:	b570      	push	{r4, r5, r6, lr}
1000125a:	b082      	sub	sp, #8
1000125c:	9200      	str	r2, [sp, #0]
1000125e:	9301      	str	r3, [sp, #4]
10001260:	0001      	movs	r1, r0
10001262:	6902      	ldr	r2, [r0, #16]
10001264:	f3ef 8410 	mrs	r4, PRIMASK
10001268:	b672      	cpsid	i
1000126a:	6813      	ldr	r3, [r2, #0]
1000126c:	2b00      	cmp	r3, #0
1000126e:	d0fc      	beq.n	1000126a <alarm_pool_add_alarm_at_force_in_context+0x12>
10001270:	f3bf 8f5f 	dmb	sy
10001274:	2302      	movs	r3, #2
10001276:	5ec8      	ldrsh	r0, [r1, r3]
10001278:	690d      	ldr	r5, [r1, #16]
1000127a:	2800      	cmp	r0, #0
1000127c:	db3f      	blt.n	100012fe <alarm_pool_add_alarm_at_force_in_context+0xa6>
1000127e:	694a      	ldr	r2, [r1, #20]
10001280:	0043      	lsls	r3, r0, #1
10001282:	0016      	movs	r6, r2
10001284:	181b      	adds	r3, r3, r0
10001286:	00db      	lsls	r3, r3, #3
10001288:	18d2      	adds	r2, r2, r3
1000128a:	5af3      	ldrh	r3, [r6, r3]
1000128c:	804b      	strh	r3, [r1, #2]
1000128e:	f3bf 8f5f 	dmb	sy
10001292:	2300      	movs	r3, #0
10001294:	602b      	str	r3, [r5, #0]
10001296:	f384 8810 	msr	PRIMASK, r4
1000129a:	9b06      	ldr	r3, [sp, #24]
1000129c:	6113      	str	r3, [r2, #16]
1000129e:	9b07      	ldr	r3, [sp, #28]
100012a0:	6153      	str	r3, [r2, #20]
100012a2:	9b00      	ldr	r3, [sp, #0]
100012a4:	9c01      	ldr	r4, [sp, #4]
100012a6:	6093      	str	r3, [r2, #8]
100012a8:	60d4      	str	r4, [r2, #12]
100012aa:	8853      	ldrh	r3, [r2, #2]
100012ac:	3301      	adds	r3, #1
100012ae:	045b      	lsls	r3, r3, #17
100012b0:	0c5b      	lsrs	r3, r3, #17
100012b2:	1c1d      	adds	r5, r3, #0
100012b4:	2b00      	cmp	r3, #0
100012b6:	d020      	beq.n	100012fa <alarm_pool_add_alarm_at_force_in_context+0xa2>
100012b8:	b2ac      	uxth	r4, r5
100012ba:	0403      	lsls	r3, r0, #16
100012bc:	8055      	strh	r5, [r2, #2]
100012be:	4323      	orrs	r3, r4
100012c0:	690d      	ldr	r5, [r1, #16]
100012c2:	f3ef 8c10 	mrs	ip, PRIMASK
100012c6:	b672      	cpsid	i
100012c8:	682c      	ldr	r4, [r5, #0]
100012ca:	2c00      	cmp	r4, #0
100012cc:	d0fc      	beq.n	100012c8 <alarm_pool_add_alarm_at_force_in_context+0x70>
100012ce:	f3bf 8f5f 	dmb	sy
100012d2:	888c      	ldrh	r4, [r1, #4]
100012d4:	8014      	strh	r4, [r2, #0]
100012d6:	8088      	strh	r0, [r1, #4]
100012d8:	690a      	ldr	r2, [r1, #16]
100012da:	f3bf 8f5f 	dmb	sy
100012de:	2000      	movs	r0, #0
100012e0:	6010      	str	r0, [r2, #0]
100012e2:	f38c 8810 	msr	PRIMASK, ip
100012e6:	780a      	ldrb	r2, [r1, #0]
100012e8:	3001      	adds	r0, #1
100012ea:	4090      	lsls	r0, r2
100012ec:	68ca      	ldr	r2, [r1, #12]
100012ee:	4908      	ldr	r1, [pc, #32]	@ (10001310 <alarm_pool_add_alarm_at_force_in_context+0xb8>)
100012f0:	1852      	adds	r2, r2, r1
100012f2:	6010      	str	r0, [r2, #0]
100012f4:	0018      	movs	r0, r3
100012f6:	b002      	add	sp, #8
100012f8:	bd70      	pop	{r4, r5, r6, pc}
100012fa:	2501      	movs	r5, #1
100012fc:	e7dc      	b.n	100012b8 <alarm_pool_add_alarm_at_force_in_context+0x60>
100012fe:	f3bf 8f5f 	dmb	sy
10001302:	2300      	movs	r3, #0
10001304:	602b      	str	r3, [r5, #0]
10001306:	f384 8810 	msr	PRIMASK, r4
1000130a:	3b01      	subs	r3, #1
1000130c:	e7f2      	b.n	100012f4 <alarm_pool_add_alarm_at_force_in_context+0x9c>
1000130e:	46c0      	nop			@ (mov r8, r8)
10001310:	0000203c 	.word	0x0000203c

10001314 <alarm_pool_cancel_alarm>:
10001314:	b510      	push	{r4, lr}
10001316:	8943      	ldrh	r3, [r0, #10]
10001318:	140a      	asrs	r2, r1, #16
1000131a:	4293      	cmp	r3, r2
1000131c:	dd1a      	ble.n	10001354 <alarm_pool_cancel_alarm+0x40>
1000131e:	0053      	lsls	r3, r2, #1
10001320:	189b      	adds	r3, r3, r2
10001322:	6942      	ldr	r2, [r0, #20]
10001324:	00db      	lsls	r3, r3, #3
10001326:	18d3      	adds	r3, r2, r3
10001328:	6904      	ldr	r4, [r0, #16]
1000132a:	f3ef 8c10 	mrs	ip, PRIMASK
1000132e:	b672      	cpsid	i
10001330:	6822      	ldr	r2, [r4, #0]
10001332:	2a00      	cmp	r2, #0
10001334:	d0fc      	beq.n	10001330 <alarm_pool_cancel_alarm+0x1c>
10001336:	f3bf 8f5f 	dmb	sy
1000133a:	885a      	ldrh	r2, [r3, #2]
1000133c:	0409      	lsls	r1, r1, #16
1000133e:	b294      	uxth	r4, r2
10001340:	0c09      	lsrs	r1, r1, #16
10001342:	428a      	cmp	r2, r1
10001344:	d008      	beq.n	10001358 <alarm_pool_cancel_alarm+0x44>
10001346:	6903      	ldr	r3, [r0, #16]
10001348:	f3bf 8f5f 	dmb	sy
1000134c:	2200      	movs	r2, #0
1000134e:	601a      	str	r2, [r3, #0]
10001350:	f38c 8810 	msr	PRIMASK, ip
10001354:	2000      	movs	r0, #0
10001356:	bd10      	pop	{r4, pc}
10001358:	4a09      	ldr	r2, [pc, #36]	@ (10001380 <alarm_pool_cancel_alarm+0x6c>)
1000135a:	4322      	orrs	r2, r4
1000135c:	805a      	strh	r2, [r3, #2]
1000135e:	2301      	movs	r3, #1
10001360:	6902      	ldr	r2, [r0, #16]
10001362:	7183      	strb	r3, [r0, #6]
10001364:	f3bf 8f5f 	dmb	sy
10001368:	2100      	movs	r1, #0
1000136a:	6011      	str	r1, [r2, #0]
1000136c:	f38c 8810 	msr	PRIMASK, ip
10001370:	7802      	ldrb	r2, [r0, #0]
10001372:	4904      	ldr	r1, [pc, #16]	@ (10001384 <alarm_pool_cancel_alarm+0x70>)
10001374:	4093      	lsls	r3, r2
10001376:	68c2      	ldr	r2, [r0, #12]
10001378:	2001      	movs	r0, #1
1000137a:	1852      	adds	r2, r2, r1
1000137c:	6013      	str	r3, [r2, #0]
1000137e:	e7ea      	b.n	10001356 <alarm_pool_cancel_alarm+0x42>
10001380:	ffff8000 	.word	0xffff8000
10001384:	0000203c 	.word	0x0000203c

10001388 <alarm_pool_core_num>:
10001388:	7840      	ldrb	r0, [r0, #1]
1000138a:	4770      	bx	lr

1000138c <sleep_ms>:
1000138c:	b5f0      	push	{r4, r5, r6, r7, lr}
1000138e:	b083      	sub	sp, #12
10001390:	0004      	movs	r4, r0
10001392:	f000 f901 	bl	10001598 <time_us_64>
10001396:	22fa      	movs	r2, #250	@ 0xfa
10001398:	0006      	movs	r6, r0
1000139a:	000f      	movs	r7, r1
1000139c:	0020      	movs	r0, r4
1000139e:	2300      	movs	r3, #0
100013a0:	2100      	movs	r1, #0
100013a2:	0092      	lsls	r2, r2, #2
100013a4:	f001 fb40 	bl	10002a28 <__wrap___aeabi_lmul>
100013a8:	1980      	adds	r0, r0, r6
100013aa:	4179      	adcs	r1, r7
100013ac:	0004      	movs	r4, r0
100013ae:	1e0d      	subs	r5, r1, #0
100013b0:	da02      	bge.n	100013b8 <sleep_ms+0x2c>
100013b2:	2401      	movs	r4, #1
100013b4:	4d23      	ldr	r5, [pc, #140]	@ (10001444 <sleep_ms+0xb8>)
100013b6:	4264      	negs	r4, r4
100013b8:	2606      	movs	r6, #6
100013ba:	4276      	negs	r6, r6
100013bc:	17f7      	asrs	r7, r6, #31
100013be:	1936      	adds	r6, r6, r4
100013c0:	416f      	adcs	r7, r5
100013c2:	42af      	cmp	r7, r5
100013c4:	d812      	bhi.n	100013ec <sleep_ms+0x60>
100013c6:	d00f      	beq.n	100013e8 <sleep_ms+0x5c>
100013c8:	f000 f8e6 	bl	10001598 <time_us_64>
100013cc:	0032      	movs	r2, r6
100013ce:	003b      	movs	r3, r7
100013d0:	1a12      	subs	r2, r2, r0
100013d2:	418b      	sbcs	r3, r1
100013d4:	2b00      	cmp	r3, #0
100013d6:	dc13      	bgt.n	10001400 <sleep_ms+0x74>
100013d8:	2b00      	cmp	r3, #0
100013da:	d030      	beq.n	1000143e <sleep_ms+0xb2>
100013dc:	0020      	movs	r0, r4
100013de:	0029      	movs	r1, r5
100013e0:	f000 f91a 	bl	10001618 <busy_wait_until>
100013e4:	b003      	add	sp, #12
100013e6:	bdf0      	pop	{r4, r5, r6, r7, pc}
100013e8:	42a6      	cmp	r6, r4
100013ea:	d9ed      	bls.n	100013c8 <sleep_ms+0x3c>
100013ec:	2600      	movs	r6, #0
100013ee:	2700      	movs	r7, #0
100013f0:	f000 f8d2 	bl	10001598 <time_us_64>
100013f4:	0032      	movs	r2, r6
100013f6:	003b      	movs	r3, r7
100013f8:	1a12      	subs	r2, r2, r0
100013fa:	418b      	sbcs	r3, r1
100013fc:	2b00      	cmp	r3, #0
100013fe:	ddeb      	ble.n	100013d8 <sleep_ms+0x4c>
10001400:	f000 f8ca 	bl	10001598 <time_us_64>
10001404:	0032      	movs	r2, r6
10001406:	003b      	movs	r3, r7
10001408:	1a12      	subs	r2, r2, r0
1000140a:	418b      	sbcs	r3, r1
1000140c:	2b00      	cmp	r3, #0
1000140e:	db0a      	blt.n	10001426 <sleep_ms+0x9a>
10001410:	2300      	movs	r3, #0
10001412:	9301      	str	r3, [sp, #4]
10001414:	4b0c      	ldr	r3, [pc, #48]	@ (10001448 <sleep_ms+0xbc>)
10001416:	0032      	movs	r2, r6
10001418:	9300      	str	r3, [sp, #0]
1000141a:	480c      	ldr	r0, [pc, #48]	@ (1000144c <sleep_ms+0xc0>)
1000141c:	003b      	movs	r3, r7
1000141e:	f7ff ff1b 	bl	10001258 <alarm_pool_add_alarm_at_force_in_context>
10001422:	3001      	adds	r0, #1
10001424:	d0da      	beq.n	100013dc <sleep_ms+0x50>
10001426:	0039      	movs	r1, r7
10001428:	4a09      	ldr	r2, [pc, #36]	@ (10001450 <sleep_ms+0xc4>)
1000142a:	6a53      	ldr	r3, [r2, #36]	@ 0x24
1000142c:	4299      	cmp	r1, r3
1000142e:	d804      	bhi.n	1000143a <sleep_ms+0xae>
10001430:	6a90      	ldr	r0, [r2, #40]	@ 0x28
10001432:	42b0      	cmp	r0, r6
10001434:	d2d2      	bcs.n	100013dc <sleep_ms+0x50>
10001436:	4299      	cmp	r1, r3
10001438:	d1d0      	bne.n	100013dc <sleep_ms+0x50>
1000143a:	bf20      	wfe
1000143c:	e7f5      	b.n	1000142a <sleep_ms+0x9e>
1000143e:	2a00      	cmp	r2, #0
10001440:	d0cc      	beq.n	100013dc <sleep_ms+0x50>
10001442:	e7dd      	b.n	10001400 <sleep_ms+0x74>
10001444:	7fffffff 	.word	0x7fffffff
10001448:	10000d89 	.word	0x10000d89
1000144c:	20000ff4 	.word	0x20000ff4
10001450:	40054000 	.word	0x40054000

10001454 <best_effort_wfe_or_timeout>:
10001454:	b5f0      	push	{r4, r5, r6, r7, lr}
10001456:	46ce      	mov	lr, r9
10001458:	4647      	mov	r7, r8
1000145a:	b580      	push	{r7, lr}
1000145c:	0004      	movs	r4, r0
1000145e:	000d      	movs	r5, r1
10001460:	b085      	sub	sp, #20
10001462:	f3ef 8605 	mrs	r6, IPSR
10001466:	4689      	mov	r9, r1
10001468:	2e00      	cmp	r6, #0
1000146a:	d010      	beq.n	1000148e <best_effort_wfe_or_timeout+0x3a>
1000146c:	493e      	ldr	r1, [pc, #248]	@ (10001568 <best_effort_wfe_or_timeout+0x114>)
1000146e:	2000      	movs	r0, #0
10001470:	6a4b      	ldr	r3, [r1, #36]	@ 0x24
10001472:	42ab      	cmp	r3, r5
10001474:	d306      	bcc.n	10001484 <best_effort_wfe_or_timeout+0x30>
10001476:	6a8a      	ldr	r2, [r1, #40]	@ 0x28
10001478:	1b5b      	subs	r3, r3, r5
1000147a:	1e59      	subs	r1, r3, #1
1000147c:	418b      	sbcs	r3, r1
1000147e:	42a2      	cmp	r2, r4
10001480:	4140      	adcs	r0, r0
10001482:	4318      	orrs	r0, r3
10001484:	b005      	add	sp, #20
10001486:	bcc0      	pop	{r6, r7}
10001488:	46b9      	mov	r9, r7
1000148a:	46b0      	mov	r8, r6
1000148c:	bdf0      	pop	{r4, r5, r6, r7, pc}
1000148e:	4f37      	ldr	r7, [pc, #220]	@ (1000156c <best_effort_wfe_or_timeout+0x118>)
10001490:	68fb      	ldr	r3, [r7, #12]
10001492:	783a      	ldrb	r2, [r7, #0]
10001494:	4698      	mov	r8, r3
10001496:	0018      	movs	r0, r3
10001498:	9203      	str	r2, [sp, #12]
1000149a:	f000 f875 	bl	10001588 <timer_time_us_64>
1000149e:	9a03      	ldr	r2, [sp, #12]
100014a0:	1d13      	adds	r3, r2, #4
100014a2:	4642      	mov	r2, r8
100014a4:	009b      	lsls	r3, r3, #2
100014a6:	589b      	ldr	r3, [r3, r2]
100014a8:	0022      	movs	r2, r4
100014aa:	1a1b      	subs	r3, r3, r0
100014ac:	469c      	mov	ip, r3
100014ae:	002b      	movs	r3, r5
100014b0:	1a12      	subs	r2, r2, r0
100014b2:	418b      	sbcs	r3, r1
100014b4:	429e      	cmp	r6, r3
100014b6:	dc1a      	bgt.n	100014ee <best_effort_wfe_or_timeout+0x9a>
100014b8:	d017      	beq.n	100014ea <best_effort_wfe_or_timeout+0x96>
100014ba:	4b2b      	ldr	r3, [pc, #172]	@ (10001568 <best_effort_wfe_or_timeout+0x114>)
100014bc:	6a5a      	ldr	r2, [r3, #36]	@ 0x24
100014be:	454a      	cmp	r2, r9
100014c0:	d305      	bcc.n	100014ce <best_effort_wfe_or_timeout+0x7a>
100014c2:	6a9b      	ldr	r3, [r3, #40]	@ 0x28
100014c4:	2001      	movs	r0, #1
100014c6:	42a3      	cmp	r3, r4
100014c8:	d2dc      	bcs.n	10001484 <best_effort_wfe_or_timeout+0x30>
100014ca:	454a      	cmp	r2, r9
100014cc:	d1da      	bne.n	10001484 <best_effort_wfe_or_timeout+0x30>
100014ce:	bf20      	wfe
100014d0:	4b25      	ldr	r3, [pc, #148]	@ (10001568 <best_effort_wfe_or_timeout+0x114>)
100014d2:	6a58      	ldr	r0, [r3, #36]	@ 0x24
100014d4:	4548      	cmp	r0, r9
100014d6:	d33c      	bcc.n	10001552 <best_effort_wfe_or_timeout+0xfe>
100014d8:	1b40      	subs	r0, r0, r5
100014da:	6a9a      	ldr	r2, [r3, #40]	@ 0x28
100014dc:	1e43      	subs	r3, r0, #1
100014de:	4198      	sbcs	r0, r3
100014e0:	2300      	movs	r3, #0
100014e2:	42a2      	cmp	r2, r4
100014e4:	415b      	adcs	r3, r3
100014e6:	4318      	orrs	r0, r3
100014e8:	e7cc      	b.n	10001484 <best_effort_wfe_or_timeout+0x30>
100014ea:	4594      	cmp	ip, r2
100014ec:	d9e5      	bls.n	100014ba <best_effort_wfe_or_timeout+0x66>
100014ee:	f000 f853 	bl	10001598 <time_us_64>
100014f2:	0022      	movs	r2, r4
100014f4:	002b      	movs	r3, r5
100014f6:	1a12      	subs	r2, r2, r0
100014f8:	418b      	sbcs	r3, r1
100014fa:	2b00      	cmp	r3, #0
100014fc:	db25      	blt.n	1000154a <best_effort_wfe_or_timeout+0xf6>
100014fe:	2300      	movs	r3, #0
10001500:	9301      	str	r3, [sp, #4]
10001502:	4b1b      	ldr	r3, [pc, #108]	@ (10001570 <best_effort_wfe_or_timeout+0x11c>)
10001504:	0022      	movs	r2, r4
10001506:	9300      	str	r3, [sp, #0]
10001508:	0038      	movs	r0, r7
1000150a:	002b      	movs	r3, r5
1000150c:	f7ff fea4 	bl	10001258 <alarm_pool_add_alarm_at_force_in_context>
10001510:	2800      	cmp	r0, #0
10001512:	dd1a      	ble.n	1000154a <best_effort_wfe_or_timeout+0xf6>
10001514:	4b14      	ldr	r3, [pc, #80]	@ (10001568 <best_effort_wfe_or_timeout+0x114>)
10001516:	6a5a      	ldr	r2, [r3, #36]	@ 0x24
10001518:	454a      	cmp	r2, r9
1000151a:	d304      	bcc.n	10001526 <best_effort_wfe_or_timeout+0xd2>
1000151c:	6a9b      	ldr	r3, [r3, #40]	@ 0x28
1000151e:	42a3      	cmp	r3, r4
10001520:	d202      	bcs.n	10001528 <best_effort_wfe_or_timeout+0xd4>
10001522:	454a      	cmp	r2, r9
10001524:	d100      	bne.n	10001528 <best_effort_wfe_or_timeout+0xd4>
10001526:	bf20      	wfe
10001528:	0001      	movs	r1, r0
1000152a:	0038      	movs	r0, r7
1000152c:	f7ff fef2 	bl	10001314 <alarm_pool_cancel_alarm>
10001530:	4a0d      	ldr	r2, [pc, #52]	@ (10001568 <best_effort_wfe_or_timeout+0x114>)
10001532:	2000      	movs	r0, #0
10001534:	6a53      	ldr	r3, [r2, #36]	@ 0x24
10001536:	454b      	cmp	r3, r9
10001538:	d3a4      	bcc.n	10001484 <best_effort_wfe_or_timeout+0x30>
1000153a:	6a92      	ldr	r2, [r2, #40]	@ 0x28
1000153c:	1b5b      	subs	r3, r3, r5
1000153e:	1e59      	subs	r1, r3, #1
10001540:	418b      	sbcs	r3, r1
10001542:	42a2      	cmp	r2, r4
10001544:	4140      	adcs	r0, r0
10001546:	4318      	orrs	r0, r3
10001548:	e79c      	b.n	10001484 <best_effort_wfe_or_timeout+0x30>
1000154a:	4a07      	ldr	r2, [pc, #28]	@ (10001568 <best_effort_wfe_or_timeout+0x114>)
1000154c:	6a53      	ldr	r3, [r2, #36]	@ 0x24
1000154e:	454b      	cmp	r3, r9
10001550:	d201      	bcs.n	10001556 <best_effort_wfe_or_timeout+0x102>
10001552:	2000      	movs	r0, #0
10001554:	e796      	b.n	10001484 <best_effort_wfe_or_timeout+0x30>
10001556:	2000      	movs	r0, #0
10001558:	6a92      	ldr	r2, [r2, #40]	@ 0x28
1000155a:	1b5b      	subs	r3, r3, r5
1000155c:	42a2      	cmp	r2, r4
1000155e:	4140      	adcs	r0, r0
10001560:	1e5a      	subs	r2, r3, #1
10001562:	4193      	sbcs	r3, r2
10001564:	4318      	orrs	r0, r3
10001566:	e78d      	b.n	10001484 <best_effort_wfe_or_timeout+0x30>
10001568:	40054000 	.word	0x40054000
1000156c:	20000ff4 	.word	0x20000ff4
10001570:	10000d89 	.word	0x10000d89

10001574 <timer_hardware_alarm_claim>:
10001574:	b510      	push	{r4, lr}
10001576:	4a02      	ldr	r2, [pc, #8]	@ (10001580 <timer_hardware_alarm_claim+0xc>)
10001578:	4802      	ldr	r0, [pc, #8]	@ (10001584 <timer_hardware_alarm_claim+0x10>)
1000157a:	f7ff f85f 	bl	1000063c <hw_claim_or_assert>
1000157e:	bd10      	pop	{r4, pc}
10001580:	1000794c 	.word	0x1000794c
10001584:	20001a04 	.word	0x20001a04

10001588 <timer_time_us_64>:
10001588:	0003      	movs	r3, r0
1000158a:	6a41      	ldr	r1, [r0, #36]	@ 0x24
1000158c:	000a      	movs	r2, r1
1000158e:	6a98      	ldr	r0, [r3, #40]	@ 0x28
10001590:	6a59      	ldr	r1, [r3, #36]	@ 0x24
10001592:	428a      	cmp	r2, r1
10001594:	d1fa      	bne.n	1000158c <timer_time_us_64+0x4>
10001596:	4770      	bx	lr

10001598 <time_us_64>:
10001598:	4b03      	ldr	r3, [pc, #12]	@ (100015a8 <time_us_64+0x10>)
1000159a:	6a59      	ldr	r1, [r3, #36]	@ 0x24
1000159c:	000a      	movs	r2, r1
1000159e:	6a98      	ldr	r0, [r3, #40]	@ 0x28
100015a0:	6a59      	ldr	r1, [r3, #36]	@ 0x24
100015a2:	4291      	cmp	r1, r2
100015a4:	d1fa      	bne.n	1000159c <time_us_64+0x4>
100015a6:	4770      	bx	lr
100015a8:	40054000 	.word	0x40054000

100015ac <busy_wait_us>:
100015ac:	b570      	push	{r4, r5, r6, lr}
100015ae:	0005      	movs	r5, r0
100015b0:	000e      	movs	r6, r1
100015b2:	4a18      	ldr	r2, [pc, #96]	@ (10001614 <busy_wait_us+0x68>)
100015b4:	6a53      	ldr	r3, [r2, #36]	@ 0x24
100015b6:	0019      	movs	r1, r3
100015b8:	6a94      	ldr	r4, [r2, #40]	@ 0x28
100015ba:	6a53      	ldr	r3, [r2, #36]	@ 0x24
100015bc:	428b      	cmp	r3, r1
100015be:	d1fa      	bne.n	100015b6 <busy_wait_us+0xa>
100015c0:	0020      	movs	r0, r4
100015c2:	0019      	movs	r1, r3
100015c4:	002c      	movs	r4, r5
100015c6:	0035      	movs	r5, r6
100015c8:	1824      	adds	r4, r4, r0
100015ca:	414d      	adcs	r5, r1
100015cc:	42ab      	cmp	r3, r5
100015ce:	d816      	bhi.n	100015fe <busy_wait_us+0x52>
100015d0:	d013      	beq.n	100015fa <busy_wait_us+0x4e>
100015d2:	4b10      	ldr	r3, [pc, #64]	@ (10001614 <busy_wait_us+0x68>)
100015d4:	002a      	movs	r2, r5
100015d6:	6a5b      	ldr	r3, [r3, #36]	@ 0x24
100015d8:	429d      	cmp	r5, r3
100015da:	d903      	bls.n	100015e4 <busy_wait_us+0x38>
100015dc:	490d      	ldr	r1, [pc, #52]	@ (10001614 <busy_wait_us+0x68>)
100015de:	6a4b      	ldr	r3, [r1, #36]	@ 0x24
100015e0:	4293      	cmp	r3, r2
100015e2:	d3fc      	bcc.n	100015de <busy_wait_us+0x32>
100015e4:	4293      	cmp	r3, r2
100015e6:	d107      	bne.n	100015f8 <busy_wait_us+0x4c>
100015e8:	4a0a      	ldr	r2, [pc, #40]	@ (10001614 <busy_wait_us+0x68>)
100015ea:	e002      	b.n	100015f2 <busy_wait_us+0x46>
100015ec:	6a51      	ldr	r1, [r2, #36]	@ 0x24
100015ee:	4299      	cmp	r1, r3
100015f0:	d102      	bne.n	100015f8 <busy_wait_us+0x4c>
100015f2:	6a91      	ldr	r1, [r2, #40]	@ 0x28
100015f4:	42a1      	cmp	r1, r4
100015f6:	d3f9      	bcc.n	100015ec <busy_wait_us+0x40>
100015f8:	bd70      	pop	{r4, r5, r6, pc}
100015fa:	42a0      	cmp	r0, r4
100015fc:	d9e9      	bls.n	100015d2 <busy_wait_us+0x26>
100015fe:	4b05      	ldr	r3, [pc, #20]	@ (10001614 <busy_wait_us+0x68>)
10001600:	6a5b      	ldr	r3, [r3, #36]	@ 0x24
10001602:	001c      	movs	r4, r3
10001604:	1c5a      	adds	r2, r3, #1
10001606:	d0ef      	beq.n	100015e8 <busy_wait_us+0x3c>
10001608:	2201      	movs	r2, #1
1000160a:	2401      	movs	r4, #1
1000160c:	4264      	negs	r4, r4
1000160e:	17e5      	asrs	r5, r4, #31
10001610:	4252      	negs	r2, r2
10001612:	e7e3      	b.n	100015dc <busy_wait_us+0x30>
10001614:	40054000 	.word	0x40054000

10001618 <busy_wait_until>:
10001618:	4a06      	ldr	r2, [pc, #24]	@ (10001634 <busy_wait_until+0x1c>)
1000161a:	6a53      	ldr	r3, [r2, #36]	@ 0x24
1000161c:	4299      	cmp	r1, r3
1000161e:	d8fc      	bhi.n	1000161a <busy_wait_until+0x2>
10001620:	d107      	bne.n	10001632 <busy_wait_until+0x1a>
10001622:	4b04      	ldr	r3, [pc, #16]	@ (10001634 <busy_wait_until+0x1c>)
10001624:	e002      	b.n	1000162c <busy_wait_until+0x14>
10001626:	6a5a      	ldr	r2, [r3, #36]	@ 0x24
10001628:	4291      	cmp	r1, r2
1000162a:	d102      	bne.n	10001632 <busy_wait_until+0x1a>
1000162c:	6a9a      	ldr	r2, [r3, #40]	@ 0x28
1000162e:	4290      	cmp	r0, r2
10001630:	d8f9      	bhi.n	10001626 <busy_wait_until+0xe>
10001632:	4770      	bx	lr
10001634:	40054000 	.word	0x40054000

10001638 <uart_init>:
10001638:	b5f8      	push	{r3, r4, r5, r6, r7, lr}
1000163a:	0004      	movs	r4, r0
1000163c:	2006      	movs	r0, #6
1000163e:	000d      	movs	r5, r1
10001640:	f000 f96e 	bl	10001920 <clock_get_hz>
10001644:	2800      	cmp	r0, #0
10001646:	d043      	beq.n	100016d0 <uart_init+0x98>
10001648:	4b36      	ldr	r3, [pc, #216]	@ (10001724 <uart_init+0xec>)
1000164a:	4937      	ldr	r1, [pc, #220]	@ (10001728 <uart_init+0xf0>)
1000164c:	18e3      	adds	r3, r4, r3
1000164e:	1e5a      	subs	r2, r3, #1
10001650:	4193      	sbcs	r3, r2
10001652:	2280      	movs	r2, #128	@ 0x80
10001654:	425b      	negs	r3, r3
10001656:	0d9b      	lsrs	r3, r3, #22
10001658:	0412      	lsls	r2, r2, #16
1000165a:	059b      	lsls	r3, r3, #22
1000165c:	189b      	adds	r3, r3, r2
1000165e:	4a33      	ldr	r2, [pc, #204]	@ (1000172c <uart_init+0xf4>)
10001660:	6013      	str	r3, [r2, #0]
10001662:	4a33      	ldr	r2, [pc, #204]	@ (10001730 <uart_init+0xf8>)
10001664:	6013      	str	r3, [r2, #0]
10001666:	0018      	movs	r0, r3
10001668:	680a      	ldr	r2, [r1, #0]
1000166a:	4390      	bics	r0, r2
1000166c:	d1fb      	bne.n	10001666 <uart_init+0x2e>
1000166e:	4b2d      	ldr	r3, [pc, #180]	@ (10001724 <uart_init+0xec>)
10001670:	4a30      	ldr	r2, [pc, #192]	@ (10001734 <uart_init+0xfc>)
10001672:	18e3      	adds	r3, r4, r3
10001674:	4259      	negs	r1, r3
10001676:	414b      	adcs	r3, r1
10001678:	2180      	movs	r1, #128	@ 0x80
1000167a:	005b      	lsls	r3, r3, #1
1000167c:	0049      	lsls	r1, r1, #1
1000167e:	2006      	movs	r0, #6
10001680:	5299      	strh	r1, [r3, r2]
10001682:	f000 f94d 	bl	10001920 <clock_get_hz>
10001686:	0029      	movs	r1, r5
10001688:	00c0      	lsls	r0, r0, #3
1000168a:	f000 fba9 	bl	10001de0 <__wrap___aeabi_uidiv>
1000168e:	3001      	adds	r0, #1
10001690:	09c3      	lsrs	r3, r0, #7
10001692:	d11e      	bne.n	100016d2 <uart_init+0x9a>
10001694:	2740      	movs	r7, #64	@ 0x40
10001696:	2201      	movs	r2, #1
10001698:	6262      	str	r2, [r4, #36]	@ 0x24
1000169a:	62a3      	str	r3, [r4, #40]	@ 0x28
1000169c:	6b26      	ldr	r6, [r4, #48]	@ 0x30
1000169e:	07f3      	lsls	r3, r6, #31
100016a0:	d422      	bmi.n	100016e8 <uart_init+0xb0>
100016a2:	6ae3      	ldr	r3, [r4, #44]	@ 0x2c
100016a4:	4b24      	ldr	r3, [pc, #144]	@ (10001738 <uart_init+0x100>)
100016a6:	2006      	movs	r0, #6
100016a8:	18e5      	adds	r5, r4, r3
100016aa:	2300      	movs	r3, #0
100016ac:	602b      	str	r3, [r5, #0]
100016ae:	6326      	str	r6, [r4, #48]	@ 0x30
100016b0:	f000 f936 	bl	10001920 <clock_get_hz>
100016b4:	0039      	movs	r1, r7
100016b6:	0080      	lsls	r0, r0, #2
100016b8:	f000 fb92 	bl	10001de0 <__wrap___aeabi_uidiv>
100016bc:	2370      	movs	r3, #112	@ 0x70
100016be:	6ae2      	ldr	r2, [r4, #44]	@ 0x2c
100016c0:	405a      	eors	r2, r3
100016c2:	330e      	adds	r3, #14
100016c4:	4013      	ands	r3, r2
100016c6:	602b      	str	r3, [r5, #0]
100016c8:	4b1c      	ldr	r3, [pc, #112]	@ (1000173c <uart_init+0x104>)
100016ca:	6323      	str	r3, [r4, #48]	@ 0x30
100016cc:	2303      	movs	r3, #3
100016ce:	64a3      	str	r3, [r4, #72]	@ 0x48
100016d0:	bdf8      	pop	{r3, r4, r5, r6, r7, pc}
100016d2:	4a1b      	ldr	r2, [pc, #108]	@ (10001740 <uart_init+0x108>)
100016d4:	4293      	cmp	r3, r2
100016d6:	d91d      	bls.n	10001714 <uart_init+0xdc>
100016d8:	2300      	movs	r3, #0
100016da:	4a1a      	ldr	r2, [pc, #104]	@ (10001744 <uart_init+0x10c>)
100016dc:	4f1a      	ldr	r7, [pc, #104]	@ (10001748 <uart_init+0x110>)
100016de:	6262      	str	r2, [r4, #36]	@ 0x24
100016e0:	62a3      	str	r3, [r4, #40]	@ 0x28
100016e2:	6b26      	ldr	r6, [r4, #48]	@ 0x30
100016e4:	07f3      	lsls	r3, r6, #31
100016e6:	d5dc      	bpl.n	100016a2 <uart_init+0x6a>
100016e8:	4b18      	ldr	r3, [pc, #96]	@ (1000174c <uart_init+0x114>)
100016ea:	4a14      	ldr	r2, [pc, #80]	@ (1000173c <uart_init+0x104>)
100016ec:	18e3      	adds	r3, r4, r3
100016ee:	601a      	str	r2, [r3, #0]
100016f0:	6a65      	ldr	r5, [r4, #36]	@ 0x24
100016f2:	6aa3      	ldr	r3, [r4, #40]	@ 0x28
100016f4:	2006      	movs	r0, #6
100016f6:	01ad      	lsls	r5, r5, #6
100016f8:	18ed      	adds	r5, r5, r3
100016fa:	f000 f911 	bl	10001920 <clock_get_hz>
100016fe:	4914      	ldr	r1, [pc, #80]	@ (10001750 <uart_init+0x118>)
10001700:	f000 fb6e 	bl	10001de0 <__wrap___aeabi_uidiv>
10001704:	0001      	movs	r1, r0
10001706:	02a8      	lsls	r0, r5, #10
10001708:	f000 fb6a 	bl	10001de0 <__wrap___aeabi_uidiv>
1000170c:	2100      	movs	r1, #0
1000170e:	f7ff ff4d 	bl	100015ac <busy_wait_us>
10001712:	e7c6      	b.n	100016a2 <uart_init+0x6a>
10001714:	0640      	lsls	r0, r0, #25
10001716:	019a      	lsls	r2, r3, #6
10001718:	0e80      	lsrs	r0, r0, #26
1000171a:	1817      	adds	r7, r2, r0
1000171c:	001a      	movs	r2, r3
1000171e:	0003      	movs	r3, r0
10001720:	e7ba      	b.n	10001698 <uart_init+0x60>
10001722:	46c0      	nop			@ (mov r8, r8)
10001724:	bffc8000 	.word	0xbffc8000
10001728:	4000c008 	.word	0x4000c008
1000172c:	4000e000 	.word	0x4000e000
10001730:	4000f000 	.word	0x4000f000
10001734:	20001ea0 	.word	0x20001ea0
10001738:	0000102c 	.word	0x0000102c
1000173c:	00000301 	.word	0x00000301
10001740:	0000fffe 	.word	0x0000fffe
10001744:	0000ffff 	.word	0x0000ffff
10001748:	003fffc0 	.word	0x003fffc0
1000174c:	00003030 	.word	0x00003030
10001750:	00000e4e 	.word	0x00000e4e

10001754 <clock_configure_int_divider>:
10001754:	b5f8      	push	{r3, r4, r5, r6, r7, lr}
10001756:	46de      	mov	lr, fp
10001758:	464e      	mov	r6, r9
1000175a:	4645      	mov	r5, r8
1000175c:	4657      	mov	r7, sl
1000175e:	b5e0      	push	{r5, r6, r7, lr}
10001760:	0005      	movs	r5, r0
10001762:	468b      	mov	fp, r1
10001764:	0018      	movs	r0, r3
10001766:	990a      	ldr	r1, [sp, #40]	@ 0x28
10001768:	4691      	mov	r9, r2
1000176a:	f000 fb39 	bl	10001de0 <__wrap___aeabi_uidiv>
1000176e:	9b0a      	ldr	r3, [sp, #40]	@ 0x28
10001770:	006c      	lsls	r4, r5, #1
10001772:	021e      	lsls	r6, r3, #8
10001774:	1964      	adds	r4, r4, r5
10001776:	4b30      	ldr	r3, [pc, #192]	@ (10001838 <clock_configure_int_divider+0xe4>)
10001778:	00a4      	lsls	r4, r4, #2
1000177a:	18e4      	adds	r4, r4, r3
1000177c:	6863      	ldr	r3, [r4, #4]
1000177e:	4680      	mov	r8, r0
10001780:	429e      	cmp	r6, r3
10001782:	d900      	bls.n	10001786 <clock_configure_int_divider+0x32>
10001784:	6066      	str	r6, [r4, #4]
10001786:	1f2f      	subs	r7, r5, #4
10001788:	b2fb      	uxtb	r3, r7
1000178a:	469a      	mov	sl, r3
1000178c:	2b01      	cmp	r3, #1
1000178e:	d92f      	bls.n	100017f0 <clock_configure_int_divider+0x9c>
10001790:	23c0      	movs	r3, #192	@ 0xc0
10001792:	2280      	movs	r2, #128	@ 0x80
10001794:	4f29      	ldr	r7, [pc, #164]	@ (1000183c <clock_configure_int_divider+0xe8>)
10001796:	00ad      	lsls	r5, r5, #2
10001798:	019b      	lsls	r3, r3, #6
1000179a:	5979      	ldr	r1, [r7, r5]
1000179c:	0112      	lsls	r2, r2, #4
1000179e:	18e3      	adds	r3, r4, r3
100017a0:	601a      	str	r2, [r3, #0]
100017a2:	2900      	cmp	r1, #0
100017a4:	d11b      	bne.n	100017de <clock_configure_int_divider+0x8a>
100017a6:	464b      	mov	r3, r9
100017a8:	6822      	ldr	r2, [r4, #0]
100017aa:	015b      	lsls	r3, r3, #5
100017ac:	4053      	eors	r3, r2
100017ae:	22e0      	movs	r2, #224	@ 0xe0
100017b0:	4013      	ands	r3, r2
100017b2:	2280      	movs	r2, #128	@ 0x80
100017b4:	0152      	lsls	r2, r2, #5
100017b6:	18a2      	adds	r2, r4, r2
100017b8:	6013      	str	r3, [r2, #0]
100017ba:	4653      	mov	r3, sl
100017bc:	2b01      	cmp	r3, #1
100017be:	d92f      	bls.n	10001820 <clock_configure_int_divider+0xcc>
100017c0:	2380      	movs	r3, #128	@ 0x80
100017c2:	2280      	movs	r2, #128	@ 0x80
100017c4:	019b      	lsls	r3, r3, #6
100017c6:	18e3      	adds	r3, r4, r3
100017c8:	0112      	lsls	r2, r2, #4
100017ca:	601a      	str	r2, [r3, #0]
100017cc:	4643      	mov	r3, r8
100017ce:	6066      	str	r6, [r4, #4]
100017d0:	517b      	str	r3, [r7, r5]
100017d2:	bcf0      	pop	{r4, r5, r6, r7}
100017d4:	46bb      	mov	fp, r7
100017d6:	46b2      	mov	sl, r6
100017d8:	46a9      	mov	r9, r5
100017da:	46a0      	mov	r8, r4
100017dc:	bdf8      	pop	{r3, r4, r5, r6, r7, pc}
100017de:	6978      	ldr	r0, [r7, #20]
100017e0:	f000 fafe 	bl	10001de0 <__wrap___aeabi_uidiv>
100017e4:	3001      	adds	r0, #1
100017e6:	0043      	lsls	r3, r0, #1
100017e8:	181b      	adds	r3, r3, r0
100017ea:	3b03      	subs	r3, #3
100017ec:	d2fd      	bcs.n	100017ea <clock_configure_int_divider+0x96>
100017ee:	e7da      	b.n	100017a6 <clock_configure_int_divider+0x52>
100017f0:	465b      	mov	r3, fp
100017f2:	2b01      	cmp	r3, #1
100017f4:	d1cc      	bne.n	10001790 <clock_configure_int_divider+0x3c>
100017f6:	23c0      	movs	r3, #192	@ 0xc0
100017f8:	2203      	movs	r2, #3
100017fa:	019b      	lsls	r3, r3, #6
100017fc:	18e3      	adds	r3, r4, r3
100017fe:	601a      	str	r2, [r3, #0]
10001800:	3a02      	subs	r2, #2
10001802:	68a3      	ldr	r3, [r4, #8]
10001804:	421a      	tst	r2, r3
10001806:	d0fc      	beq.n	10001802 <clock_configure_int_divider+0xae>
10001808:	464a      	mov	r2, r9
1000180a:	6823      	ldr	r3, [r4, #0]
1000180c:	0152      	lsls	r2, r2, #5
1000180e:	405a      	eors	r2, r3
10001810:	23e0      	movs	r3, #224	@ 0xe0
10001812:	4013      	ands	r3, r2
10001814:	2280      	movs	r2, #128	@ 0x80
10001816:	0152      	lsls	r2, r2, #5
10001818:	18a2      	adds	r2, r4, r2
1000181a:	4f08      	ldr	r7, [pc, #32]	@ (1000183c <clock_configure_int_divider+0xe8>)
1000181c:	6013      	str	r3, [r2, #0]
1000181e:	00ad      	lsls	r5, r5, #2
10001820:	4658      	mov	r0, fp
10001822:	2303      	movs	r3, #3
10001824:	6821      	ldr	r1, [r4, #0]
10001826:	4041      	eors	r1, r0
10001828:	400b      	ands	r3, r1
1000182a:	6013      	str	r3, [r2, #0]
1000182c:	2201      	movs	r2, #1
1000182e:	4082      	lsls	r2, r0
10001830:	68a3      	ldr	r3, [r4, #8]
10001832:	421a      	tst	r2, r3
10001834:	d0fc      	beq.n	10001830 <clock_configure_int_divider+0xdc>
10001836:	e7c3      	b.n	100017c0 <clock_configure_int_divider+0x6c>
10001838:	40008000 	.word	0x40008000
1000183c:	20001a08 	.word	0x20001a08

10001840 <clock_configure_undivided>:
10001840:	b5f0      	push	{r4, r5, r6, r7, lr}
10001842:	46d6      	mov	lr, sl
10001844:	464f      	mov	r7, r9
10001846:	4646      	mov	r6, r8
10001848:	0044      	lsls	r4, r0, #1
1000184a:	4698      	mov	r8, r3
1000184c:	1824      	adds	r4, r4, r0
1000184e:	4b32      	ldr	r3, [pc, #200]	@ (10001918 <clock_configure_undivided+0xd8>)
10001850:	00a4      	lsls	r4, r4, #2
10001852:	18e4      	adds	r4, r4, r3
10001854:	6863      	ldr	r3, [r4, #4]
10001856:	468a      	mov	sl, r1
10001858:	4691      	mov	r9, r2
1000185a:	b5c0      	push	{r6, r7, lr}
1000185c:	2bff      	cmp	r3, #255	@ 0xff
1000185e:	d802      	bhi.n	10001866 <clock_configure_undivided+0x26>
10001860:	2380      	movs	r3, #128	@ 0x80
10001862:	005b      	lsls	r3, r3, #1
10001864:	6063      	str	r3, [r4, #4]
10001866:	1f06      	subs	r6, r0, #4
10001868:	b2f6      	uxtb	r6, r6
1000186a:	2e01      	cmp	r6, #1
1000186c:	d92f      	bls.n	100018ce <clock_configure_undivided+0x8e>
1000186e:	23c0      	movs	r3, #192	@ 0xc0
10001870:	2280      	movs	r2, #128	@ 0x80
10001872:	4f2a      	ldr	r7, [pc, #168]	@ (1000191c <clock_configure_undivided+0xdc>)
10001874:	0085      	lsls	r5, r0, #2
10001876:	019b      	lsls	r3, r3, #6
10001878:	5979      	ldr	r1, [r7, r5]
1000187a:	0112      	lsls	r2, r2, #4
1000187c:	18e3      	adds	r3, r4, r3
1000187e:	601a      	str	r2, [r3, #0]
10001880:	2900      	cmp	r1, #0
10001882:	d11b      	bne.n	100018bc <clock_configure_undivided+0x7c>
10001884:	464b      	mov	r3, r9
10001886:	6822      	ldr	r2, [r4, #0]
10001888:	015b      	lsls	r3, r3, #5
1000188a:	4053      	eors	r3, r2
1000188c:	22e0      	movs	r2, #224	@ 0xe0
1000188e:	4013      	ands	r3, r2
10001890:	2280      	movs	r2, #128	@ 0x80
10001892:	0152      	lsls	r2, r2, #5
10001894:	18a2      	adds	r2, r4, r2
10001896:	6013      	str	r3, [r2, #0]
10001898:	2e01      	cmp	r6, #1
1000189a:	d930      	bls.n	100018fe <clock_configure_undivided+0xbe>
1000189c:	2380      	movs	r3, #128	@ 0x80
1000189e:	2280      	movs	r2, #128	@ 0x80
100018a0:	019b      	lsls	r3, r3, #6
100018a2:	18e3      	adds	r3, r4, r3
100018a4:	0112      	lsls	r2, r2, #4
100018a6:	601a      	str	r2, [r3, #0]
100018a8:	2380      	movs	r3, #128	@ 0x80
100018aa:	005b      	lsls	r3, r3, #1
100018ac:	6063      	str	r3, [r4, #4]
100018ae:	4643      	mov	r3, r8
100018b0:	517b      	str	r3, [r7, r5]
100018b2:	bce0      	pop	{r5, r6, r7}
100018b4:	46ba      	mov	sl, r7
100018b6:	46b1      	mov	r9, r6
100018b8:	46a8      	mov	r8, r5
100018ba:	bdf0      	pop	{r4, r5, r6, r7, pc}
100018bc:	6978      	ldr	r0, [r7, #20]
100018be:	f000 fa8f 	bl	10001de0 <__wrap___aeabi_uidiv>
100018c2:	3001      	adds	r0, #1
100018c4:	0043      	lsls	r3, r0, #1
100018c6:	181b      	adds	r3, r3, r0
100018c8:	3b03      	subs	r3, #3
100018ca:	d2fd      	bcs.n	100018c8 <clock_configure_undivided+0x88>
100018cc:	e7da      	b.n	10001884 <clock_configure_undivided+0x44>
100018ce:	4653      	mov	r3, sl
100018d0:	2b01      	cmp	r3, #1
100018d2:	d1cc      	bne.n	1000186e <clock_configure_undivided+0x2e>
100018d4:	23c0      	movs	r3, #192	@ 0xc0
100018d6:	2203      	movs	r2, #3
100018d8:	019b      	lsls	r3, r3, #6
100018da:	18e3      	adds	r3, r4, r3
100018dc:	601a      	str	r2, [r3, #0]
100018de:	3a02      	subs	r2, #2
100018e0:	68a3      	ldr	r3, [r4, #8]
100018e2:	421a      	tst	r2, r3
100018e4:	d0fc      	beq.n	100018e0 <clock_configure_undivided+0xa0>
100018e6:	464a      	mov	r2, r9
100018e8:	6823      	ldr	r3, [r4, #0]
100018ea:	0152      	lsls	r2, r2, #5
100018ec:	405a      	eors	r2, r3
100018ee:	23e0      	movs	r3, #224	@ 0xe0
100018f0:	4013      	ands	r3, r2
100018f2:	2280      	movs	r2, #128	@ 0x80
100018f4:	0152      	lsls	r2, r2, #5
100018f6:	18a2      	adds	r2, r4, r2
100018f8:	4f08      	ldr	r7, [pc, #32]	@ (1000191c <clock_configure_undivided+0xdc>)
100018fa:	6013      	str	r3, [r2, #0]
100018fc:	0085      	lsls	r5, r0, #2
100018fe:	4650      	mov	r0, sl
10001900:	2303      	movs	r3, #3
10001902:	6821      	ldr	r1, [r4, #0]
10001904:	4041      	eors	r1, r0
10001906:	400b      	ands	r3, r1
10001908:	6013      	str	r3, [r2, #0]
1000190a:	2201      	movs	r2, #1
1000190c:	4082      	lsls	r2, r0
1000190e:	68a3      	ldr	r3, [r4, #8]
10001910:	421a      	tst	r2, r3
10001912:	d0fc      	beq.n	1000190e <clock_configure_undivided+0xce>
10001914:	e7c2      	b.n	1000189c <clock_configure_undivided+0x5c>
10001916:	46c0      	nop			@ (mov r8, r8)
10001918:	40008000 	.word	0x40008000
1000191c:	20001a08 	.word	0x20001a08

10001920 <clock_get_hz>:
10001920:	4b01      	ldr	r3, [pc, #4]	@ (10001928 <clock_get_hz+0x8>)
10001922:	0080      	lsls	r0, r0, #2
10001924:	58c0      	ldr	r0, [r0, r3]
10001926:	4770      	bx	lr
10001928:	20001a08 	.word	0x20001a08

1000192c <pll_init>:
1000192c:	b5f0      	push	{r4, r5, r6, r7, lr}
1000192e:	46c6      	mov	lr, r8
10001930:	0004      	movs	r4, r0
10001932:	b500      	push	{lr}
10001934:	4823      	ldr	r0, [pc, #140]	@ (100019c4 <pll_init+0x98>)
10001936:	0016      	movs	r6, r2
10001938:	4698      	mov	r8, r3
1000193a:	000d      	movs	r5, r1
1000193c:	f000 fa50 	bl	10001de0 <__wrap___aeabi_uidiv>
10001940:	0001      	movs	r1, r0
10001942:	0030      	movs	r0, r6
10001944:	f000 fa4c 	bl	10001de0 <__wrap___aeabi_uidiv>
10001948:	4643      	mov	r3, r8
1000194a:	9a06      	ldr	r2, [sp, #24]
1000194c:	041b      	lsls	r3, r3, #16
1000194e:	0312      	lsls	r2, r2, #12
10001950:	4313      	orrs	r3, r2
10001952:	469c      	mov	ip, r3
10001954:	6823      	ldr	r3, [r4, #0]
10001956:	0006      	movs	r6, r0
10001958:	2b00      	cmp	r3, #0
1000195a:	db22      	blt.n	100019a2 <pll_init+0x76>
1000195c:	4b1a      	ldr	r3, [pc, #104]	@ (100019c8 <pll_init+0x9c>)
1000195e:	481b      	ldr	r0, [pc, #108]	@ (100019cc <pll_init+0xa0>)
10001960:	18e2      	adds	r2, r4, r3
10001962:	1e53      	subs	r3, r2, #1
10001964:	419a      	sbcs	r2, r3
10001966:	2380      	movs	r3, #128	@ 0x80
10001968:	4252      	negs	r2, r2
1000196a:	0b12      	lsrs	r2, r2, #12
1000196c:	019b      	lsls	r3, r3, #6
1000196e:	0312      	lsls	r2, r2, #12
10001970:	18d2      	adds	r2, r2, r3
10001972:	4b17      	ldr	r3, [pc, #92]	@ (100019d0 <pll_init+0xa4>)
10001974:	601a      	str	r2, [r3, #0]
10001976:	4b17      	ldr	r3, [pc, #92]	@ (100019d4 <pll_init+0xa8>)
10001978:	601a      	str	r2, [r3, #0]
1000197a:	0013      	movs	r3, r2
1000197c:	6801      	ldr	r1, [r0, #0]
1000197e:	438b      	bics	r3, r1
10001980:	d1fb      	bne.n	1000197a <pll_init+0x4e>
10001982:	2221      	movs	r2, #33	@ 0x21
10001984:	4b14      	ldr	r3, [pc, #80]	@ (100019d8 <pll_init+0xac>)
10001986:	6025      	str	r5, [r4, #0]
10001988:	18e3      	adds	r3, r4, r3
1000198a:	60a6      	str	r6, [r4, #8]
1000198c:	601a      	str	r2, [r3, #0]
1000198e:	6822      	ldr	r2, [r4, #0]
10001990:	2a00      	cmp	r2, #0
10001992:	dafc      	bge.n	1000198e <pll_init+0x62>
10001994:	4662      	mov	r2, ip
10001996:	60e2      	str	r2, [r4, #12]
10001998:	2208      	movs	r2, #8
1000199a:	601a      	str	r2, [r3, #0]
1000199c:	bc80      	pop	{r7}
1000199e:	46b8      	mov	r8, r7
100019a0:	bdf0      	pop	{r4, r5, r6, r7, pc}
100019a2:	233f      	movs	r3, #63	@ 0x3f
100019a4:	6822      	ldr	r2, [r4, #0]
100019a6:	4013      	ands	r3, r2
100019a8:	42ab      	cmp	r3, r5
100019aa:	d1d7      	bne.n	1000195c <pll_init+0x30>
100019ac:	68a3      	ldr	r3, [r4, #8]
100019ae:	051b      	lsls	r3, r3, #20
100019b0:	0d1b      	lsrs	r3, r3, #20
100019b2:	4283      	cmp	r3, r0
100019b4:	d1d2      	bne.n	1000195c <pll_init+0x30>
100019b6:	22ee      	movs	r2, #238	@ 0xee
100019b8:	68e3      	ldr	r3, [r4, #12]
100019ba:	02d2      	lsls	r2, r2, #11
100019bc:	4013      	ands	r3, r2
100019be:	4563      	cmp	r3, ip
100019c0:	d1cc      	bne.n	1000195c <pll_init+0x30>
100019c2:	e7eb      	b.n	1000199c <pll_init+0x70>
100019c4:	00b71b00 	.word	0x00b71b00
100019c8:	bffd4000 	.word	0xbffd4000
100019cc:	4000c008 	.word	0x4000c008
100019d0:	4000e000 	.word	0x4000e000
100019d4:	4000f000 	.word	0x4000f000
100019d8:	00003004 	.word	0x00003004

100019dc <watchdog_reboot>:
100019dc:	b510      	push	{r4, lr}
100019de:	2480      	movs	r4, #128	@ 0x80
100019e0:	4b1c      	ldr	r3, [pc, #112]	@ (10001a54 <watchdog_reboot+0x78>)
100019e2:	05e4      	lsls	r4, r4, #23
100019e4:	601c      	str	r4, [r3, #0]
100019e6:	2800      	cmp	r0, #0
100019e8:	d01a      	beq.n	10001a20 <watchdog_reboot+0x44>
100019ea:	2301      	movs	r3, #1
100019ec:	4c1a      	ldr	r4, [pc, #104]	@ (10001a58 <watchdog_reboot+0x7c>)
100019ee:	4318      	orrs	r0, r3
100019f0:	4b1a      	ldr	r3, [pc, #104]	@ (10001a5c <watchdog_reboot+0x80>)
100019f2:	61dc      	str	r4, [r3, #28]
100019f4:	4c1a      	ldr	r4, [pc, #104]	@ (10001a60 <watchdog_reboot+0x84>)
100019f6:	4044      	eors	r4, r0
100019f8:	621c      	str	r4, [r3, #32]
100019fa:	6259      	str	r1, [r3, #36]	@ 0x24
100019fc:	6298      	str	r0, [r3, #40]	@ 0x28
100019fe:	2180      	movs	r1, #128	@ 0x80
10001a00:	4b14      	ldr	r3, [pc, #80]	@ (10001a54 <watchdog_reboot+0x78>)
10001a02:	05c9      	lsls	r1, r1, #23
10001a04:	6019      	str	r1, [r3, #0]
10001a06:	4817      	ldr	r0, [pc, #92]	@ (10001a64 <watchdog_reboot+0x88>)
10001a08:	4917      	ldr	r1, [pc, #92]	@ (10001a68 <watchdog_reboot+0x8c>)
10001a0a:	6008      	str	r0, [r1, #0]
10001a0c:	21e0      	movs	r1, #224	@ 0xe0
10001a0e:	04c9      	lsls	r1, r1, #19
10001a10:	6019      	str	r1, [r3, #0]
10001a12:	2a00      	cmp	r2, #0
10001a14:	d107      	bne.n	10001a26 <watchdog_reboot+0x4a>
10001a16:	2280      	movs	r2, #128	@ 0x80
10001a18:	4b14      	ldr	r3, [pc, #80]	@ (10001a6c <watchdog_reboot+0x90>)
10001a1a:	0612      	lsls	r2, r2, #24
10001a1c:	601a      	str	r2, [r3, #0]
10001a1e:	bd10      	pop	{r4, pc}
10001a20:	4b0e      	ldr	r3, [pc, #56]	@ (10001a5c <watchdog_reboot+0x80>)
10001a22:	61d8      	str	r0, [r3, #28]
10001a24:	e7eb      	b.n	100019fe <watchdog_reboot+0x22>
10001a26:	0153      	lsls	r3, r2, #5
10001a28:	1a9b      	subs	r3, r3, r2
10001a2a:	009b      	lsls	r3, r3, #2
10001a2c:	189a      	adds	r2, r3, r2
10001a2e:	2380      	movs	r3, #128	@ 0x80
10001a30:	0112      	lsls	r2, r2, #4
10001a32:	045b      	lsls	r3, r3, #17
10001a34:	429a      	cmp	r2, r3
10001a36:	d209      	bcs.n	10001a4c <watchdog_reboot+0x70>
10001a38:	0013      	movs	r3, r2
10001a3a:	490d      	ldr	r1, [pc, #52]	@ (10001a70 <watchdog_reboot+0x94>)
10001a3c:	600b      	str	r3, [r1, #0]
10001a3e:	4b07      	ldr	r3, [pc, #28]	@ (10001a5c <watchdog_reboot+0x80>)
10001a40:	605a      	str	r2, [r3, #4]
10001a42:	2280      	movs	r2, #128	@ 0x80
10001a44:	4b09      	ldr	r3, [pc, #36]	@ (10001a6c <watchdog_reboot+0x90>)
10001a46:	05d2      	lsls	r2, r2, #23
10001a48:	601a      	str	r2, [r3, #0]
10001a4a:	e7e8      	b.n	10001a1e <watchdog_reboot+0x42>
10001a4c:	4b09      	ldr	r3, [pc, #36]	@ (10001a74 <watchdog_reboot+0x98>)
10001a4e:	001a      	movs	r2, r3
10001a50:	e7f3      	b.n	10001a3a <watchdog_reboot+0x5e>
10001a52:	46c0      	nop			@ (mov r8, r8)
10001a54:	4005b000 	.word	0x4005b000
10001a58:	b007c0d3 	.word	0xb007c0d3
10001a5c:	40058000 	.word	0x40058000
10001a60:	4ff83f2d 	.word	0x4ff83f2d
10001a64:	0001fffc 	.word	0x0001fffc
10001a68:	40012008 	.word	0x40012008
10001a6c:	4005a000 	.word	0x4005a000
10001a70:	20001e6c 	.word	0x20001e6c
10001a74:	00ffffff 	.word	0x00ffffff

10001a78 <tick_start>:
10001a78:	2380      	movs	r3, #128	@ 0x80
10001a7a:	4a02      	ldr	r2, [pc, #8]	@ (10001a84 <tick_start+0xc>)
10001a7c:	009b      	lsls	r3, r3, #2
10001a7e:	430b      	orrs	r3, r1
10001a80:	62d3      	str	r3, [r2, #44]	@ 0x2c
10001a82:	4770      	bx	lr
10001a84:	40058000 	.word	0x40058000

10001a88 <rom_func_lookup>:
10001a88:	2300      	movs	r3, #0
10001a8a:	b510      	push	{r4, lr}
10001a8c:	0001      	movs	r1, r0
10001a8e:	8a98      	ldrh	r0, [r3, #20]
10001a90:	8b1b      	ldrh	r3, [r3, #24]
10001a92:	4798      	blx	r3
10001a94:	bd10      	pop	{r4, pc}
10001a96:	46c0      	nop			@ (mov r8, r8)

10001a98 <rom_data_lookup>:
10001a98:	2316      	movs	r3, #22
10001a9a:	b510      	push	{r4, lr}
10001a9c:	0001      	movs	r1, r0
10001a9e:	8818      	ldrh	r0, [r3, #0]
10001aa0:	885b      	ldrh	r3, [r3, #2]
10001aa2:	4798      	blx	r3
10001aa4:	bd10      	pop	{r4, pc}
10001aa6:	46c0      	nop			@ (mov r8, r8)

10001aa8 <rom_funcs_lookup>:
10001aa8:	b5f8      	push	{r3, r4, r5, r6, r7, lr}
10001aaa:	4647      	mov	r7, r8
10001aac:	46ce      	mov	lr, r9
10001aae:	b580      	push	{r7, lr}
10001ab0:	1e0f      	subs	r7, r1, #0
10001ab2:	d018      	beq.n	10001ae6 <rom_funcs_lookup+0x3e>
10001ab4:	2314      	movs	r3, #20
10001ab6:	4699      	mov	r9, r3
10001ab8:	3304      	adds	r3, #4
10001aba:	0004      	movs	r4, r0
10001abc:	2500      	movs	r5, #0
10001abe:	2601      	movs	r6, #1
10001ac0:	4698      	mov	r8, r3
10001ac2:	464b      	mov	r3, r9
10001ac4:	8818      	ldrh	r0, [r3, #0]
10001ac6:	4643      	mov	r3, r8
10001ac8:	6821      	ldr	r1, [r4, #0]
10001aca:	881b      	ldrh	r3, [r3, #0]
10001acc:	4798      	blx	r3
10001ace:	c401      	stmia	r4!, {r0}
10001ad0:	1e43      	subs	r3, r0, #1
10001ad2:	4198      	sbcs	r0, r3
10001ad4:	3501      	adds	r5, #1
10001ad6:	4006      	ands	r6, r0
10001ad8:	42af      	cmp	r7, r5
10001ada:	d1f2      	bne.n	10001ac2 <rom_funcs_lookup+0x1a>
10001adc:	0030      	movs	r0, r6
10001ade:	bcc0      	pop	{r6, r7}
10001ae0:	46b9      	mov	r9, r7
10001ae2:	46b0      	mov	r8, r6
10001ae4:	bdf8      	pop	{r3, r4, r5, r6, r7, pc}
10001ae6:	2601      	movs	r6, #1
10001ae8:	e7f8      	b.n	10001adc <rom_funcs_lookup+0x34>
10001aea:	46c0      	nop			@ (mov r8, r8)

10001aec <rom_reset_usb_boot_extra>:
10001aec:	2300      	movs	r3, #0
10001aee:	b570      	push	{r4, r5, r6, lr}
10001af0:	0004      	movs	r4, r0
10001af2:	000d      	movs	r5, r1
10001af4:	8a98      	ldrh	r0, [r3, #20]
10001af6:	4905      	ldr	r1, [pc, #20]	@ (10001b0c <rom_reset_usb_boot_extra+0x20>)
10001af8:	8b1b      	ldrh	r3, [r3, #24]
10001afa:	4798      	blx	r3
10001afc:	0003      	movs	r3, r0
10001afe:	2000      	movs	r0, #0
10001b00:	2c00      	cmp	r4, #0
10001b02:	db01      	blt.n	10001b08 <rom_reset_usb_boot_extra+0x1c>
10001b04:	3001      	adds	r0, #1
10001b06:	40a0      	lsls	r0, r4
10001b08:	0029      	movs	r1, r5
10001b0a:	4798      	blx	r3
10001b0c:	00004255 	.word	0x00004255

10001b10 <xosc_init>:
10001b10:	23aa      	movs	r3, #170	@ 0xaa
10001b12:	4a06      	ldr	r2, [pc, #24]	@ (10001b2c <xosc_init+0x1c>)
10001b14:	011b      	lsls	r3, r3, #4
10001b16:	6013      	str	r3, [r2, #0]
10001b18:	238d      	movs	r3, #141	@ 0x8d
10001b1a:	005b      	lsls	r3, r3, #1
10001b1c:	60d3      	str	r3, [r2, #12]
10001b1e:	4904      	ldr	r1, [pc, #16]	@ (10001b30 <xosc_init+0x20>)
10001b20:	4b04      	ldr	r3, [pc, #16]	@ (10001b34 <xosc_init+0x24>)
10001b22:	6019      	str	r1, [r3, #0]
10001b24:	6853      	ldr	r3, [r2, #4]
10001b26:	2b00      	cmp	r3, #0
10001b28:	dafc      	bge.n	10001b24 <xosc_init+0x14>
10001b2a:	4770      	bx	lr
10001b2c:	40024000 	.word	0x40024000
10001b30:	00fab000 	.word	0x00fab000
10001b34:	40026000 	.word	0x40026000

10001b38 <first_per_core_initializer>:
10001b38:	4770      	bx	lr
10001b3a:	46c0      	nop			@ (mov r8, r8)

10001b3c <hard_assertion_failure>:
10001b3c:	b510      	push	{r4, lr}
10001b3e:	4801      	ldr	r0, [pc, #4]	@ (10001b44 <hard_assertion_failure+0x8>)
10001b40:	f7fe fd64 	bl	1000060c <panic>
10001b44:	10007970 	.word	0x10007970

10001b48 <runtime_run_initializers>:
10001b48:	b570      	push	{r4, r5, r6, lr}
10001b4a:	4d07      	ldr	r5, [pc, #28]	@ (10001b68 <runtime_run_initializers+0x20>)
10001b4c:	4e07      	ldr	r6, [pc, #28]	@ (10001b6c <runtime_run_initializers+0x24>)
10001b4e:	42b5      	cmp	r5, r6
10001b50:	d209      	bcs.n	10001b66 <runtime_run_initializers+0x1e>
10001b52:	2400      	movs	r4, #0
10001b54:	3e01      	subs	r6, #1
10001b56:	1b76      	subs	r6, r6, r5
10001b58:	08b6      	lsrs	r6, r6, #2
10001b5a:	3601      	adds	r6, #1
10001b5c:	cd08      	ldmia	r5!, {r3}
10001b5e:	3401      	adds	r4, #1
10001b60:	4798      	blx	r3
10001b62:	42b4      	cmp	r4, r6
10001b64:	d1fa      	bne.n	10001b5c <runtime_run_initializers+0x14>
10001b66:	bd70      	pop	{r4, r5, r6, pc}
10001b68:	10007598 	.word	0x10007598
10001b6c:	100075d4 	.word	0x100075d4

10001b70 <runtime_init_early_resets>:
10001b70:	4b05      	ldr	r3, [pc, #20]	@ (10001b88 <runtime_init_early_resets+0x18>)
10001b72:	4a06      	ldr	r2, [pc, #24]	@ (10001b8c <runtime_init_early_resets+0x1c>)
10001b74:	4906      	ldr	r1, [pc, #24]	@ (10001b90 <runtime_init_early_resets+0x20>)
10001b76:	601a      	str	r2, [r3, #0]
10001b78:	4a06      	ldr	r2, [pc, #24]	@ (10001b94 <runtime_init_early_resets+0x24>)
10001b7a:	4b07      	ldr	r3, [pc, #28]	@ (10001b98 <runtime_init_early_resets+0x28>)
10001b7c:	601a      	str	r2, [r3, #0]
10001b7e:	0010      	movs	r0, r2
10001b80:	680b      	ldr	r3, [r1, #0]
10001b82:	4398      	bics	r0, r3
10001b84:	d1fb      	bne.n	10001b7e <runtime_init_early_resets+0xe>
10001b86:	4770      	bx	lr
10001b88:	4000e000 	.word	0x4000e000
10001b8c:	fefbcdbf 	.word	0xfefbcdbf
10001b90:	4000c008 	.word	0x4000c008
10001b94:	003c7ffe 	.word	0x003c7ffe
10001b98:	4000f000 	.word	0x4000f000

10001b9c <runtime_init_usb_power_down>:
10001b9c:	4b04      	ldr	r3, [pc, #16]	@ (10001bb0 <runtime_init_usb_power_down+0x14>)
10001b9e:	6cdb      	ldr	r3, [r3, #76]	@ 0x4c
10001ba0:	2b00      	cmp	r3, #0
10001ba2:	d103      	bne.n	10001bac <runtime_init_usb_power_down+0x10>
10001ba4:	2280      	movs	r2, #128	@ 0x80
10001ba6:	4b03      	ldr	r3, [pc, #12]	@ (10001bb4 <runtime_init_usb_power_down+0x18>)
10001ba8:	02d2      	lsls	r2, r2, #11
10001baa:	601a      	str	r2, [r3, #0]
10001bac:	4770      	bx	lr
10001bae:	46c0      	nop			@ (mov r8, r8)
10001bb0:	50110000 	.word	0x50110000
10001bb4:	5011204c 	.word	0x5011204c

10001bb8 <runtime_init_post_clock_resets>:
10001bb8:	4a04      	ldr	r2, [pc, #16]	@ (10001bcc <runtime_init_post_clock_resets+0x14>)
10001bba:	4b05      	ldr	r3, [pc, #20]	@ (10001bd0 <runtime_init_post_clock_resets+0x18>)
10001bbc:	601a      	str	r2, [r3, #0]
10001bbe:	4a05      	ldr	r2, [pc, #20]	@ (10001bd4 <runtime_init_post_clock_resets+0x1c>)
10001bc0:	6813      	ldr	r3, [r2, #0]
10001bc2:	01db      	lsls	r3, r3, #7
10001bc4:	3380      	adds	r3, #128	@ 0x80
10001bc6:	d1fb      	bne.n	10001bc0 <runtime_init_post_clock_resets+0x8>
10001bc8:	4770      	bx	lr
10001bca:	46c0      	nop			@ (mov r8, r8)
10001bcc:	01ffffff 	.word	0x01ffffff
10001bd0:	4000f000 	.word	0x4000f000
10001bd4:	4000c008 	.word	0x4000c008

10001bd8 <runtime_init_rp2040_gpio_ie_disable>:
10001bd8:	2240      	movs	r2, #64	@ 0x40
10001bda:	4b03      	ldr	r3, [pc, #12]	@ (10001be8 <runtime_init_rp2040_gpio_ie_disable+0x10>)
10001bdc:	679a      	str	r2, [r3, #120]	@ 0x78
10001bde:	675a      	str	r2, [r3, #116]	@ 0x74
10001be0:	671a      	str	r2, [r3, #112]	@ 0x70
10001be2:	66da      	str	r2, [r3, #108]	@ 0x6c
10001be4:	4770      	bx	lr
10001be6:	46c0      	nop			@ (mov r8, r8)
10001be8:	4001f000 	.word	0x4001f000

10001bec <runtime_init_spin_locks_reset>:
10001bec:	b510      	push	{r4, lr}
10001bee:	f7fe fdad 	bl	1000074c <spin_locks_reset>
10001bf2:	bd10      	pop	{r4, pc}

10001bf4 <runtime_init_install_ram_vector_table>:
10001bf4:	b570      	push	{r4, r5, r6, lr}
10001bf6:	4927      	ldr	r1, [pc, #156]	@ (10001c94 <runtime_init_install_ram_vector_table+0xa0>)
10001bf8:	4e27      	ldr	r6, [pc, #156]	@ (10001c98 <runtime_init_install_ram_vector_table+0xa4>)
10001bfa:	4d28      	ldr	r5, [pc, #160]	@ (10001c9c <runtime_init_install_ram_vector_table+0xa8>)
10001bfc:	1a76      	subs	r6, r6, r1
10001bfe:	08b4      	lsrs	r4, r6, #2
10001c00:	0022      	movs	r2, r4
10001c02:	2c30      	cmp	r4, #48	@ 0x30
10001c04:	d900      	bls.n	10001c08 <runtime_init_install_ram_vector_table+0x14>
10001c06:	2230      	movs	r2, #48	@ 0x30
10001c08:	0028      	movs	r0, r5
10001c0a:	0092      	lsls	r2, r2, #2
10001c0c:	f000 ff7e 	bl	10002b0c <__wrap___aeabi_memcpy>
10001c10:	2c2f      	cmp	r4, #47	@ 0x2f
10001c12:	d83b      	bhi.n	10001c8c <runtime_init_install_ram_vector_table+0x98>
10001c14:	0023      	movs	r3, r4
10001c16:	3b2a      	subs	r3, #42	@ 0x2a
10001c18:	4a21      	ldr	r2, [pc, #132]	@ (10001ca0 <runtime_init_install_ram_vector_table+0xac>)
10001c1a:	2b05      	cmp	r3, #5
10001c1c:	d91b      	bls.n	10001c56 <runtime_init_install_ram_vector_table+0x62>
10001c1e:	2030      	movs	r0, #48	@ 0x30
10001c20:	19ae      	adds	r6, r5, r6
10001c22:	0771      	lsls	r1, r6, #29
10001c24:	1b00      	subs	r0, r0, r4
10001c26:	0026      	movs	r6, r4
10001c28:	0fcb      	lsrs	r3, r1, #31
10001c2a:	2900      	cmp	r1, #0
10001c2c:	da02      	bge.n	10001c34 <runtime_init_install_ram_vector_table+0x40>
10001c2e:	00a1      	lsls	r1, r4, #2
10001c30:	506a      	str	r2, [r5, r1]
10001c32:	1c66      	adds	r6, r4, #1
10001c34:	1ac0      	subs	r0, r0, r3
10001c36:	18e3      	adds	r3, r4, r3
10001c38:	009b      	lsls	r3, r3, #2
10001c3a:	0841      	lsrs	r1, r0, #1
10001c3c:	18eb      	adds	r3, r5, r3
10001c3e:	00c9      	lsls	r1, r1, #3
10001c40:	18c9      	adds	r1, r1, r3
10001c42:	601a      	str	r2, [r3, #0]
10001c44:	605a      	str	r2, [r3, #4]
10001c46:	3308      	adds	r3, #8
10001c48:	428b      	cmp	r3, r1
10001c4a:	d1fa      	bne.n	10001c42 <runtime_init_install_ram_vector_table+0x4e>
10001c4c:	2301      	movs	r3, #1
10001c4e:	4203      	tst	r3, r0
10001c50:	d01c      	beq.n	10001c8c <runtime_init_install_ram_vector_table+0x98>
10001c52:	4398      	bics	r0, r3
10001c54:	1984      	adds	r4, r0, r6
10001c56:	00a3      	lsls	r3, r4, #2
10001c58:	50ea      	str	r2, [r5, r3]
10001c5a:	1c63      	adds	r3, r4, #1
10001c5c:	2c2f      	cmp	r4, #47	@ 0x2f
10001c5e:	d015      	beq.n	10001c8c <runtime_init_install_ram_vector_table+0x98>
10001c60:	009b      	lsls	r3, r3, #2
10001c62:	50ea      	str	r2, [r5, r3]
10001c64:	1ca3      	adds	r3, r4, #2
10001c66:	2c2e      	cmp	r4, #46	@ 0x2e
10001c68:	d010      	beq.n	10001c8c <runtime_init_install_ram_vector_table+0x98>
10001c6a:	009b      	lsls	r3, r3, #2
10001c6c:	50ea      	str	r2, [r5, r3]
10001c6e:	1ce3      	adds	r3, r4, #3
10001c70:	2c2d      	cmp	r4, #45	@ 0x2d
10001c72:	d00b      	beq.n	10001c8c <runtime_init_install_ram_vector_table+0x98>
10001c74:	009b      	lsls	r3, r3, #2
10001c76:	50ea      	str	r2, [r5, r3]
10001c78:	1d23      	adds	r3, r4, #4
10001c7a:	2c2c      	cmp	r4, #44	@ 0x2c
10001c7c:	d006      	beq.n	10001c8c <runtime_init_install_ram_vector_table+0x98>
10001c7e:	009b      	lsls	r3, r3, #2
10001c80:	50ea      	str	r2, [r5, r3]
10001c82:	1d63      	adds	r3, r4, #5
10001c84:	2c2b      	cmp	r4, #43	@ 0x2b
10001c86:	d001      	beq.n	10001c8c <runtime_init_install_ram_vector_table+0x98>
10001c88:	009b      	lsls	r3, r3, #2
10001c8a:	50ea      	str	r2, [r5, r3]
10001c8c:	4b05      	ldr	r3, [pc, #20]	@ (10001ca4 <runtime_init_install_ram_vector_table+0xb0>)
10001c8e:	609d      	str	r5, [r3, #8]
10001c90:	bd70      	pop	{r4, r5, r6, pc}
10001c92:	46c0      	nop			@ (mov r8, r8)
10001c94:	10000100 	.word	0x10000100
10001c98:	100001c0 	.word	0x100001c0
10001c9c:	20000000 	.word	0x20000000
10001ca0:	100001c1 	.word	0x100001c1
10001ca4:	e000ed00 	.word	0xe000ed00

10001ca8 <runtime_init_clocks>:
10001ca8:	2300      	movs	r3, #0
10001caa:	b510      	push	{r4, lr}
10001cac:	4c29      	ldr	r4, [pc, #164]	@ (10001d54 <runtime_init_clocks+0xac>)
10001cae:	b082      	sub	sp, #8
10001cb0:	67a3      	str	r3, [r4, #120]	@ 0x78
10001cb2:	f7ff ff2d 	bl	10001b10 <xosc_init>
10001cb6:	2201      	movs	r2, #1
10001cb8:	4b27      	ldr	r3, [pc, #156]	@ (10001d58 <runtime_init_clocks+0xb0>)
10001cba:	601a      	str	r2, [r3, #0]
10001cbc:	6c63      	ldr	r3, [r4, #68]	@ 0x44
10001cbe:	2b01      	cmp	r3, #1
10001cc0:	d1fc      	bne.n	10001cbc <runtime_init_clocks+0x14>
10001cc2:	2203      	movs	r2, #3
10001cc4:	4b25      	ldr	r3, [pc, #148]	@ (10001d5c <runtime_init_clocks+0xb4>)
10001cc6:	601a      	str	r2, [r3, #0]
10001cc8:	4a22      	ldr	r2, [pc, #136]	@ (10001d54 <runtime_init_clocks+0xac>)
10001cca:	6b93      	ldr	r3, [r2, #56]	@ 0x38
10001ccc:	2b01      	cmp	r3, #1
10001cce:	d1fc      	bne.n	10001cca <runtime_init_clocks+0x22>
10001cd0:	3301      	adds	r3, #1
10001cd2:	9300      	str	r3, [sp, #0]
10001cd4:	2101      	movs	r1, #1
10001cd6:	4a22      	ldr	r2, [pc, #136]	@ (10001d60 <runtime_init_clocks+0xb8>)
10001cd8:	4822      	ldr	r0, [pc, #136]	@ (10001d64 <runtime_init_clocks+0xbc>)
10001cda:	3304      	adds	r3, #4
10001cdc:	f7ff fe26 	bl	1000192c <pll_init>
10001ce0:	2305      	movs	r3, #5
10001ce2:	2101      	movs	r1, #1
10001ce4:	9300      	str	r3, [sp, #0]
10001ce6:	4a20      	ldr	r2, [pc, #128]	@ (10001d68 <runtime_init_clocks+0xc0>)
10001ce8:	4820      	ldr	r0, [pc, #128]	@ (10001d6c <runtime_init_clocks+0xc4>)
10001cea:	f7ff fe1f 	bl	1000192c <pll_init>
10001cee:	2200      	movs	r2, #0
10001cf0:	2102      	movs	r1, #2
10001cf2:	2004      	movs	r0, #4
10001cf4:	4b1e      	ldr	r3, [pc, #120]	@ (10001d70 <runtime_init_clocks+0xc8>)
10001cf6:	f7ff fda3 	bl	10001840 <clock_configure_undivided>
10001cfa:	2200      	movs	r2, #0
10001cfc:	2101      	movs	r1, #1
10001cfe:	2005      	movs	r0, #5
10001d00:	4b1c      	ldr	r3, [pc, #112]	@ (10001d74 <runtime_init_clocks+0xcc>)
10001d02:	f7ff fd9d 	bl	10001840 <clock_configure_undivided>
10001d06:	2200      	movs	r2, #0
10001d08:	2100      	movs	r1, #0
10001d0a:	2007      	movs	r0, #7
10001d0c:	4b1a      	ldr	r3, [pc, #104]	@ (10001d78 <runtime_init_clocks+0xd0>)
10001d0e:	f7ff fd97 	bl	10001840 <clock_configure_undivided>
10001d12:	2200      	movs	r2, #0
10001d14:	2100      	movs	r1, #0
10001d16:	2008      	movs	r0, #8
10001d18:	4b17      	ldr	r3, [pc, #92]	@ (10001d78 <runtime_init_clocks+0xd0>)
10001d1a:	f7ff fd91 	bl	10001840 <clock_configure_undivided>
10001d1e:	2380      	movs	r3, #128	@ 0x80
10001d20:	00db      	lsls	r3, r3, #3
10001d22:	9300      	str	r3, [sp, #0]
10001d24:	2200      	movs	r2, #0
10001d26:	2100      	movs	r1, #0
10001d28:	2009      	movs	r0, #9
10001d2a:	4b13      	ldr	r3, [pc, #76]	@ (10001d78 <runtime_init_clocks+0xd0>)
10001d2c:	f7ff fd12 	bl	10001754 <clock_configure_int_divider>
10001d30:	2200      	movs	r2, #0
10001d32:	4b10      	ldr	r3, [pc, #64]	@ (10001d74 <runtime_init_clocks+0xcc>)
10001d34:	2100      	movs	r1, #0
10001d36:	2006      	movs	r0, #6
10001d38:	f7ff fd82 	bl	10001840 <clock_configure_undivided>
10001d3c:	2004      	movs	r0, #4
10001d3e:	f7ff fdef 	bl	10001920 <clock_get_hz>
10001d42:	490e      	ldr	r1, [pc, #56]	@ (10001d7c <runtime_init_clocks+0xd4>)
10001d44:	f000 f84c 	bl	10001de0 <__wrap___aeabi_uidiv>
10001d48:	0001      	movs	r1, r0
10001d4a:	2000      	movs	r0, #0
10001d4c:	f7ff fe94 	bl	10001a78 <tick_start>
10001d50:	b002      	add	sp, #8
10001d52:	bd10      	pop	{r4, pc}
10001d54:	40008000 	.word	0x40008000
10001d58:	4000b03c 	.word	0x4000b03c
10001d5c:	4000b030 	.word	0x4000b030
10001d60:	59682f00 	.word	0x59682f00
10001d64:	40028000 	.word	0x40028000
10001d68:	47868c00 	.word	0x47868c00
10001d6c:	4002c000 	.word	0x4002c000
10001d70:	00b71b00 	.word	0x00b71b00
10001d74:	07735940 	.word	0x07735940
10001d78:	02dc6c00 	.word	0x02dc6c00
10001d7c:	000f4240 	.word	0x000f4240

10001d80 <__aeabi_bits_init>:
10001d80:	4801      	ldr	r0, [pc, #4]	@ (10001d88 <__aeabi_bits_init+0x8>)
10001d82:	2104      	movs	r1, #4
10001d84:	4b01      	ldr	r3, [pc, #4]	@ (10001d8c <__aeabi_bits_init+0xc>)
10001d86:	4718      	bx	r3
10001d88:	20001010 	.word	0x20001010
10001d8c:	10001aa9 	.word	0x10001aa9

10001d90 <__wrap___aeabi_idiv>:
10001d90:	4a12      	ldr	r2, [pc, #72]	@ (10001ddc <divmod_s32s32_savestate+0x18>)
10001d92:	6f93      	ldr	r3, [r2, #120]	@ 0x78
10001d94:	089b      	lsrs	r3, r3, #2
10001d96:	d215      	bcs.n	10001dc4 <divmod_s32s32_savestate>

10001d98 <divmod_s32s32_core>:
10001d98:	6690      	str	r0, [r2, #104]	@ 0x68
10001d9a:	66d1      	str	r1, [r2, #108]	@ 0x6c
10001d9c:	2900      	cmp	r1, #0
10001d9e:	d005      	beq.n	10001dac <divmod_s32s32_core+0x14>
10001da0:	e7ff      	b.n	10001da2 <divmod_s32s32_core+0xa>
10001da2:	e7ff      	b.n	10001da4 <divmod_s32s32_core+0xc>
10001da4:	e7ff      	b.n	10001da6 <divmod_s32s32_core+0xe>
10001da6:	6f51      	ldr	r1, [r2, #116]	@ 0x74
10001da8:	6f10      	ldr	r0, [r2, #112]	@ 0x70
10001daa:	4770      	bx	lr
10001dac:	b504      	push	{r2, lr}
10001dae:	2180      	movs	r1, #128	@ 0x80
10001db0:	0609      	lsls	r1, r1, #24
10001db2:	17c2      	asrs	r2, r0, #31
10001db4:	4051      	eors	r1, r2
10001db6:	2800      	cmp	r0, #0
10001db8:	d000      	beq.n	10001dbc <divmod_s32s32_core+0x24>
10001dba:	43c8      	mvns	r0, r1
10001dbc:	f005 fb94 	bl	100074e8 <____aeabi_idiv0_veneer>
10001dc0:	2100      	movs	r1, #0
10001dc2:	bd04      	pop	{r2, pc}

10001dc4 <divmod_s32s32_savestate>:
10001dc4:	b5f0      	push	{r4, r5, r6, r7, lr}
10001dc6:	6e14      	ldr	r4, [r2, #96]	@ 0x60
10001dc8:	6e55      	ldr	r5, [r2, #100]	@ 0x64
10001dca:	6f57      	ldr	r7, [r2, #116]	@ 0x74
10001dcc:	6f16      	ldr	r6, [r2, #112]	@ 0x70
10001dce:	f7ff ffe3 	bl	10001d98 <divmod_s32s32_core>
10001dd2:	6614      	str	r4, [r2, #96]	@ 0x60
10001dd4:	6655      	str	r5, [r2, #100]	@ 0x64
10001dd6:	6757      	str	r7, [r2, #116]	@ 0x74
10001dd8:	6716      	str	r6, [r2, #112]	@ 0x70
10001dda:	bdf0      	pop	{r4, r5, r6, r7, pc}
10001ddc:	d0000000 	.word	0xd0000000

10001de0 <__wrap___aeabi_uidiv>:
10001de0:	4a11      	ldr	r2, [pc, #68]	@ (10001e28 <divmod_u32u32_savestate+0x18>)
10001de2:	6f93      	ldr	r3, [r2, #120]	@ 0x78
10001de4:	089b      	lsrs	r3, r3, #2
10001de6:	d213      	bcs.n	10001e10 <divmod_u32u32_savestate>

10001de8 <divmod_u32u32_core>:
10001de8:	6610      	str	r0, [r2, #96]	@ 0x60
10001dea:	6651      	str	r1, [r2, #100]	@ 0x64
10001dec:	2900      	cmp	r1, #0
10001dee:	d005      	beq.n	10001dfc <divmod_u32u32_core+0x14>
10001df0:	e7ff      	b.n	10001df2 <divmod_u32u32_core+0xa>
10001df2:	e7ff      	b.n	10001df4 <divmod_u32u32_core+0xc>
10001df4:	e7ff      	b.n	10001df6 <divmod_u32u32_core+0xe>
10001df6:	6f51      	ldr	r1, [r2, #116]	@ 0x74
10001df8:	6f10      	ldr	r0, [r2, #112]	@ 0x70
10001dfa:	4770      	bx	lr
10001dfc:	b504      	push	{r2, lr}
10001dfe:	2800      	cmp	r0, #0
10001e00:	d001      	beq.n	10001e06 <divmod_u32u32_core+0x1e>
10001e02:	2000      	movs	r0, #0
10001e04:	43c0      	mvns	r0, r0
10001e06:	f005 fb6f 	bl	100074e8 <____aeabi_idiv0_veneer>
10001e0a:	2100      	movs	r1, #0
10001e0c:	bd04      	pop	{r2, pc}
10001e0e:	46c0      	nop			@ (mov r8, r8)

10001e10 <divmod_u32u32_savestate>:
10001e10:	b5f0      	push	{r4, r5, r6, r7, lr}
10001e12:	6e14      	ldr	r4, [r2, #96]	@ 0x60
10001e14:	6e55      	ldr	r5, [r2, #100]	@ 0x64
10001e16:	6f57      	ldr	r7, [r2, #116]	@ 0x74
10001e18:	6f16      	ldr	r6, [r2, #112]	@ 0x70
10001e1a:	f7ff ffe5 	bl	10001de8 <divmod_u32u32_core>
10001e1e:	6614      	str	r4, [r2, #96]	@ 0x60
10001e20:	6655      	str	r5, [r2, #100]	@ 0x64
10001e22:	6757      	str	r7, [r2, #116]	@ 0x74
10001e24:	6716      	str	r6, [r2, #112]	@ 0x70
10001e26:	bdf0      	pop	{r4, r5, r6, r7, pc}
10001e28:	d0000000 	.word	0xd0000000

10001e2c <__wrap___aeabi_ldivmod>:
10001e2c:	4694      	mov	ip, r2
10001e2e:	4a4a      	ldr	r2, [pc, #296]	@ (10001f58 <udiv0+0x1a>)
10001e30:	6f92      	ldr	r2, [r2, #120]	@ 0x78
10001e32:	0892      	lsrs	r2, r2, #2
10001e34:	4662      	mov	r2, ip
10001e36:	d201      	bcs.n	10001e3c <divmod_s64s64_savestate>
10001e38:	e028      	b.n	10001e8c <divmod_s64s64_unsafe>
10001e3a:	46c0      	nop			@ (mov r8, r8)

10001e3c <divmod_s64s64_savestate>:
10001e3c:	b5f0      	push	{r4, r5, r6, r7, lr}
10001e3e:	4e46      	ldr	r6, [pc, #280]	@ (10001f58 <udiv0+0x1a>)
10001e40:	6e34      	ldr	r4, [r6, #96]	@ 0x60
10001e42:	6e75      	ldr	r5, [r6, #100]	@ 0x64
10001e44:	6f77      	ldr	r7, [r6, #116]	@ 0x74
10001e46:	6f36      	ldr	r6, [r6, #112]	@ 0x70
10001e48:	f000 f820 	bl	10001e8c <divmod_s64s64_unsafe>
10001e4c:	4694      	mov	ip, r2
10001e4e:	4a42      	ldr	r2, [pc, #264]	@ (10001f58 <udiv0+0x1a>)
10001e50:	6614      	str	r4, [r2, #96]	@ 0x60
10001e52:	6655      	str	r5, [r2, #100]	@ 0x64
10001e54:	6757      	str	r7, [r2, #116]	@ 0x74
10001e56:	6716      	str	r6, [r2, #112]	@ 0x70
10001e58:	4662      	mov	r2, ip
10001e5a:	bdf0      	pop	{r4, r5, r6, r7, pc}

10001e5c <__wrap___aeabi_uldivmod>:
10001e5c:	4694      	mov	ip, r2
10001e5e:	4a3e      	ldr	r2, [pc, #248]	@ (10001f58 <udiv0+0x1a>)
10001e60:	6f92      	ldr	r2, [r2, #120]	@ 0x78
10001e62:	0892      	lsrs	r2, r2, #2
10001e64:	4662      	mov	r2, ip
10001e66:	d201      	bcs.n	10001e6c <divmod_u64u64_savestate>
10001e68:	e054      	b.n	10001f14 <divmod_u64u64_unsafe>
10001e6a:	46c0      	nop			@ (mov r8, r8)

10001e6c <divmod_u64u64_savestate>:
10001e6c:	b5f0      	push	{r4, r5, r6, r7, lr}
10001e6e:	4e3a      	ldr	r6, [pc, #232]	@ (10001f58 <udiv0+0x1a>)
10001e70:	6e34      	ldr	r4, [r6, #96]	@ 0x60
10001e72:	6e75      	ldr	r5, [r6, #100]	@ 0x64
10001e74:	6f77      	ldr	r7, [r6, #116]	@ 0x74
10001e76:	6f36      	ldr	r6, [r6, #112]	@ 0x70
10001e78:	f000 f84c 	bl	10001f14 <divmod_u64u64_unsafe>
10001e7c:	4694      	mov	ip, r2
10001e7e:	4a36      	ldr	r2, [pc, #216]	@ (10001f58 <udiv0+0x1a>)
10001e80:	6614      	str	r4, [r2, #96]	@ 0x60
10001e82:	6655      	str	r5, [r2, #100]	@ 0x64
10001e84:	6757      	str	r7, [r2, #116]	@ 0x74
10001e86:	6716      	str	r6, [r2, #112]	@ 0x70
10001e88:	4662      	mov	r2, ip
10001e8a:	bdf0      	pop	{r4, r5, r6, r7, pc}

10001e8c <divmod_s64s64_unsafe>:
10001e8c:	2b00      	cmp	r3, #0
10001e8e:	db24      	blt.n	10001eda <l46_1+0x26>
10001e90:	d011      	beq.n	10001eb6 <l46_1+0x2>
10001e92:	2900      	cmp	r1, #0
10001e94:	da3e      	bge.n	10001f14 <divmod_u64u64_unsafe>
10001e96:	b500      	push	{lr}
10001e98:	43c9      	mvns	r1, r1
10001e9a:	4240      	negs	r0, r0
10001e9c:	d100      	bne.n	10001ea0 <l44_1>
10001e9e:	3101      	adds	r1, #1

10001ea0 <l44_1>:
10001ea0:	f000 f838 	bl	10001f14 <divmod_u64u64_unsafe>
10001ea4:	43c9      	mvns	r1, r1
10001ea6:	4240      	negs	r0, r0
10001ea8:	d100      	bne.n	10001eac <l45_1>
10001eaa:	3101      	adds	r1, #1

10001eac <l45_1>:
10001eac:	43db      	mvns	r3, r3
10001eae:	4252      	negs	r2, r2
10001eb0:	d100      	bne.n	10001eb4 <l46_1>
10001eb2:	3301      	adds	r3, #1

10001eb4 <l46_1>:
10001eb4:	bd00      	pop	{pc}
10001eb6:	2a00      	cmp	r2, #0
10001eb8:	d1eb      	bne.n	10001e92 <divmod_s64s64_unsafe+0x6>
10001eba:	2800      	cmp	r0, #0
10001ebc:	d101      	bne.n	10001ec2 <l46_1+0xe>
10001ebe:	2900      	cmp	r1, #0
10001ec0:	d005      	beq.n	10001ece <l46_1+0x1a>
10001ec2:	2000      	movs	r0, #0
10001ec4:	0fc9      	lsrs	r1, r1, #31
10001ec6:	07c9      	lsls	r1, r1, #31
10001ec8:	d101      	bne.n	10001ece <l46_1+0x1a>
10001eca:	43c0      	mvns	r0, r0
10001ecc:	0841      	lsrs	r1, r0, #1
10001ece:	b500      	push	{lr}
10001ed0:	f005 fb22 	bl	10007518 <____aeabi_ldiv0_veneer>
10001ed4:	2200      	movs	r2, #0
10001ed6:	2300      	movs	r3, #0
10001ed8:	bd00      	pop	{pc}
10001eda:	b500      	push	{lr}
10001edc:	2900      	cmp	r1, #0
10001ede:	db0a      	blt.n	10001ef6 <l48_1+0x2>
10001ee0:	43db      	mvns	r3, r3
10001ee2:	4252      	negs	r2, r2
10001ee4:	d100      	bne.n	10001ee8 <l47_1>
10001ee6:	3301      	adds	r3, #1

10001ee8 <l47_1>:
10001ee8:	f000 f814 	bl	10001f14 <divmod_u64u64_unsafe>
10001eec:	43c9      	mvns	r1, r1
10001eee:	4240      	negs	r0, r0
10001ef0:	d100      	bne.n	10001ef4 <l48_1>
10001ef2:	3101      	adds	r1, #1

10001ef4 <l48_1>:
10001ef4:	bd00      	pop	{pc}
10001ef6:	43c9      	mvns	r1, r1
10001ef8:	4240      	negs	r0, r0
10001efa:	d100      	bne.n	10001efe <l49_1>
10001efc:	3101      	adds	r1, #1

10001efe <l49_1>:
10001efe:	43db      	mvns	r3, r3
10001f00:	4252      	negs	r2, r2
10001f02:	d100      	bne.n	10001f06 <l50_1>
10001f04:	3301      	adds	r3, #1

10001f06 <l50_1>:
10001f06:	f000 f805 	bl	10001f14 <divmod_u64u64_unsafe>
10001f0a:	43db      	mvns	r3, r3
10001f0c:	4252      	negs	r2, r2
10001f0e:	d100      	bne.n	10001f12 <l51_1>
10001f10:	3301      	adds	r3, #1

10001f12 <l51_1>:
10001f12:	bd00      	pop	{pc}

10001f14 <divmod_u64u64_unsafe>:
10001f14:	2900      	cmp	r1, #0
10001f16:	d123      	bne.n	10001f60 <y64>
10001f18:	2b00      	cmp	r3, #0
10001f1a:	d118      	bne.n	10001f4e <udiv0+0x10>
10001f1c:	2a00      	cmp	r2, #0
10001f1e:	d00c      	beq.n	10001f3a <divmod_u64u64_unsafe+0x26>
10001f20:	46bc      	mov	ip, r7
10001f22:	4f0d      	ldr	r7, [pc, #52]	@ (10001f58 <udiv0+0x1a>)
10001f24:	6638      	str	r0, [r7, #96]	@ 0x60
10001f26:	667a      	str	r2, [r7, #100]	@ 0x64
10001f28:	2100      	movs	r1, #0
10001f2a:	2300      	movs	r3, #0
10001f2c:	e7ff      	b.n	10001f2e <divmod_u64u64_unsafe+0x1a>
10001f2e:	e7ff      	b.n	10001f30 <divmod_u64u64_unsafe+0x1c>
10001f30:	e7ff      	b.n	10001f32 <divmod_u64u64_unsafe+0x1e>
10001f32:	6f7a      	ldr	r2, [r7, #116]	@ 0x74
10001f34:	6f38      	ldr	r0, [r7, #112]	@ 0x70
10001f36:	4667      	mov	r7, ip
10001f38:	4770      	bx	lr
10001f3a:	2800      	cmp	r0, #0
10001f3c:	d001      	beq.n	10001f42 <udiv0+0x4>

10001f3e <udiv0>:
10001f3e:	4807      	ldr	r0, [pc, #28]	@ (10001f5c <udiv0+0x1e>)
10001f40:	0001      	movs	r1, r0
10001f42:	b500      	push	{lr}
10001f44:	f005 fae8 	bl	10007518 <____aeabi_ldiv0_veneer>
10001f48:	2200      	movs	r2, #0
10001f4a:	2300      	movs	r3, #0
10001f4c:	bd00      	pop	{pc}
10001f4e:	0002      	movs	r2, r0
10001f50:	000b      	movs	r3, r1
10001f52:	2000      	movs	r0, #0
10001f54:	2100      	movs	r1, #0
10001f56:	4770      	bx	lr
10001f58:	d0000000 	.word	0xd0000000
10001f5c:	ffffffff 	.word	0xffffffff

10001f60 <y64>:
10001f60:	2b00      	cmp	r3, #0
10001f62:	d000      	beq.n	10001f66 <y64+0x6>
10001f64:	e0bf      	b.n	100020e6 <y64_x48>
10001f66:	0c13      	lsrs	r3, r2, #16
10001f68:	d128      	bne.n	10001fbc <y64_x32>
10001f6a:	2a00      	cmp	r2, #0
10001f6c:	d0e7      	beq.n	10001f3e <udiv0>
10001f6e:	b480      	push	{r7}
10001f70:	4f11      	ldr	r7, [pc, #68]	@ (10001fb8 <y64+0x58>)
10001f72:	6639      	str	r1, [r7, #96]	@ 0x60
10001f74:	667a      	str	r2, [r7, #100]	@ 0x64
10001f76:	e7ff      	b.n	10001f78 <y64+0x18>
10001f78:	e7ff      	b.n	10001f7a <y64+0x1a>
10001f7a:	b430      	push	{r4, r5}
10001f7c:	0c04      	lsrs	r4, r0, #16
10001f7e:	6f7b      	ldr	r3, [r7, #116]	@ 0x74
10001f80:	6f39      	ldr	r1, [r7, #112]	@ 0x70
10001f82:	041b      	lsls	r3, r3, #16
10001f84:	4323      	orrs	r3, r4
10001f86:	663b      	str	r3, [r7, #96]	@ 0x60
10001f88:	667a      	str	r2, [r7, #100]	@ 0x64
10001f8a:	e7ff      	b.n	10001f8c <y64+0x2c>
10001f8c:	e7ff      	b.n	10001f8e <y64+0x2e>
10001f8e:	e7ff      	b.n	10001f90 <y64+0x30>
10001f90:	46c0      	nop			@ (mov r8, r8)
10001f92:	b284      	uxth	r4, r0
10001f94:	6f7b      	ldr	r3, [r7, #116]	@ 0x74
10001f96:	6f3d      	ldr	r5, [r7, #112]	@ 0x70
10001f98:	041b      	lsls	r3, r3, #16
10001f9a:	4323      	orrs	r3, r4
10001f9c:	663b      	str	r3, [r7, #96]	@ 0x60
10001f9e:	667a      	str	r2, [r7, #100]	@ 0x64
10001fa0:	e7ff      	b.n	10001fa2 <y64+0x42>
10001fa2:	e7ff      	b.n	10001fa4 <y64+0x44>
10001fa4:	46c0      	nop			@ (mov r8, r8)
10001fa6:	2300      	movs	r3, #0
10001fa8:	042c      	lsls	r4, r5, #16
10001faa:	0c2d      	lsrs	r5, r5, #16
10001fac:	6f7a      	ldr	r2, [r7, #116]	@ 0x74
10001fae:	6f38      	ldr	r0, [r7, #112]	@ 0x70
10001fb0:	1900      	adds	r0, r0, r4
10001fb2:	4169      	adcs	r1, r5
10001fb4:	bcb0      	pop	{r4, r5, r7}
10001fb6:	4770      	bx	lr
10001fb8:	d0000000 	.word	0xd0000000

10001fbc <y64_x32>:
10001fbc:	b5f0      	push	{r4, r5, r6, r7, lr}
10001fbe:	4694      	mov	ip, r2
10001fc0:	2500      	movs	r5, #0
10001fc2:	0e14      	lsrs	r4, r2, #24
10001fc4:	d101      	bne.n	10001fca <y64_x32+0xe>
10001fc6:	0212      	lsls	r2, r2, #8
10001fc8:	3508      	adds	r5, #8
10001fca:	0f14      	lsrs	r4, r2, #28
10001fcc:	d101      	bne.n	10001fd2 <y64_x32+0x16>
10001fce:	0112      	lsls	r2, r2, #4
10001fd0:	3504      	adds	r5, #4
10001fd2:	0f94      	lsrs	r4, r2, #30
10001fd4:	d101      	bne.n	10001fda <y64_x32+0x1e>
10001fd6:	0092      	lsls	r2, r2, #2
10001fd8:	3502      	adds	r5, #2
10001fda:	0fd4      	lsrs	r4, r2, #31
10001fdc:	d101      	bne.n	10001fe2 <y64_x32+0x26>
10001fde:	0052      	lsls	r2, r2, #1
10001fe0:	3501      	adds	r5, #1
10001fe2:	0bd4      	lsrs	r4, r2, #15
10001fe4:	3401      	adds	r4, #1
10001fe6:	4f25      	ldr	r7, [pc, #148]	@ (1000207c <y64_x32+0xc0>)
10001fe8:	667c      	str	r4, [r7, #100]	@ 0x64
10001fea:	4c25      	ldr	r4, [pc, #148]	@ (10002080 <y64_x32+0xc4>)
10001fec:	663c      	str	r4, [r7, #96]	@ 0x60
10001fee:	0c0e      	lsrs	r6, r1, #16
10001ff0:	b293      	uxth	r3, r2
10001ff2:	e7ff      	b.n	10001ff4 <y64_x32+0x38>
10001ff4:	e7ff      	b.n	10001ff6 <y64_x32+0x3a>
10001ff6:	e7ff      	b.n	10001ff8 <y64_x32+0x3c>
10001ff8:	6f3c      	ldr	r4, [r7, #112]	@ 0x70
10001ffa:	4366      	muls	r6, r4
10001ffc:	0c36      	lsrs	r6, r6, #16
10001ffe:	0377      	lsls	r7, r6, #13
10002000:	46be      	mov	lr, r7
10002002:	4373      	muls	r3, r6
10002004:	0bdf      	lsrs	r7, r3, #15
10002006:	045b      	lsls	r3, r3, #17
10002008:	1ac0      	subs	r0, r0, r3
1000200a:	41b9      	sbcs	r1, r7
1000200c:	0c13      	lsrs	r3, r2, #16
1000200e:	4373      	muls	r3, r6
10002010:	18db      	adds	r3, r3, r3
10002012:	1ac9      	subs	r1, r1, r3
10002014:	08ce      	lsrs	r6, r1, #3
10002016:	4366      	muls	r6, r4
10002018:	0c36      	lsrs	r6, r6, #16
1000201a:	44b6      	add	lr, r6
1000201c:	b293      	uxth	r3, r2
1000201e:	4373      	muls	r3, r6
10002020:	0f1f      	lsrs	r7, r3, #28
10002022:	011b      	lsls	r3, r3, #4
10002024:	1ac0      	subs	r0, r0, r3
10002026:	41b9      	sbcs	r1, r7
10002028:	0c13      	lsrs	r3, r2, #16
1000202a:	4373      	muls	r3, r6
1000202c:	0b1f      	lsrs	r7, r3, #12
1000202e:	051b      	lsls	r3, r3, #20
10002030:	1ac0      	subs	r0, r0, r3
10002032:	41b9      	sbcs	r1, r7
10002034:	0d86      	lsrs	r6, r0, #22
10002036:	028f      	lsls	r7, r1, #10
10002038:	433e      	orrs	r6, r7
1000203a:	4366      	muls	r6, r4
1000203c:	0c36      	lsrs	r6, r6, #16
1000203e:	2d09      	cmp	r5, #9
10002040:	db24      	blt.n	1000208c <last0>
10002042:	0a52      	lsrs	r2, r2, #9
10002044:	4372      	muls	r2, r6
10002046:	1a80      	subs	r0, r0, r2
10002048:	0377      	lsls	r7, r6, #13
1000204a:	0a46      	lsrs	r6, r0, #9
1000204c:	4366      	muls	r6, r4
1000204e:	0c36      	lsrs	r6, r6, #16
10002050:	2316      	movs	r3, #22
10002052:	1b5b      	subs	r3, r3, r5
10002054:	40de      	lsrs	r6, r3
10002056:	40df      	lsrs	r7, r3
10002058:	19bf      	adds	r7, r7, r6
1000205a:	4664      	mov	r4, ip
1000205c:	4366      	muls	r6, r4
1000205e:	1b82      	subs	r2, r0, r6
10002060:	4670      	mov	r0, lr
10002062:	3504      	adds	r5, #4
10002064:	3306      	adds	r3, #6
10002066:	0001      	movs	r1, r0
10002068:	40d9      	lsrs	r1, r3
1000206a:	40a8      	lsls	r0, r5
1000206c:	19c0      	adds	r0, r0, r7
1000206e:	d300      	bcc.n	10002072 <y64_x32+0xb6>
10002070:	3101      	adds	r1, #1
10002072:	42a2      	cmp	r2, r4
10002074:	d206      	bcs.n	10002084 <y64_x32+0xc8>
10002076:	2300      	movs	r3, #0
10002078:	bdf0      	pop	{r4, r5, r6, r7, pc}
1000207a:	0000      	.short	0x0000
1000207c:	d0000000 	.word	0xd0000000
10002080:	ffffffff 	.word	0xffffffff
10002084:	1b12      	subs	r2, r2, r4
10002086:	3001      	adds	r0, #1
10002088:	d3f3      	bcc.n	10002072 <y64_x32+0xb6>
1000208a:	e7f1      	b.n	10002070 <y64_x32+0xb4>

1000208c <last0>:
1000208c:	2709      	movs	r7, #9
1000208e:	1b7f      	subs	r7, r7, r5
10002090:	40fe      	lsrs	r6, r7
10002092:	4664      	mov	r4, ip
10002094:	b2a2      	uxth	r2, r4
10002096:	4372      	muls	r2, r6
10002098:	1a80      	subs	r0, r0, r2
1000209a:	d200      	bcs.n	1000209e <last0+0x12>
1000209c:	3901      	subs	r1, #1
1000209e:	0c22      	lsrs	r2, r4, #16
100020a0:	4372      	muls	r2, r6
100020a2:	0c13      	lsrs	r3, r2, #16
100020a4:	0412      	lsls	r2, r2, #16
100020a6:	1a82      	subs	r2, r0, r2
100020a8:	4199      	sbcs	r1, r3
100020aa:	000b      	movs	r3, r1
100020ac:	4670      	mov	r0, lr
100020ae:	3504      	adds	r5, #4
100020b0:	3713      	adds	r7, #19
100020b2:	0001      	movs	r1, r0
100020b4:	40f9      	lsrs	r1, r7
100020b6:	40a8      	lsls	r0, r5
100020b8:	1980      	adds	r0, r0, r6
100020ba:	d300      	bcc.n	100020be <last0+0x32>
100020bc:	3101      	adds	r1, #1
100020be:	2b00      	cmp	r3, #0
100020c0:	d102      	bne.n	100020c8 <last0+0x3c>
100020c2:	42a2      	cmp	r2, r4
100020c4:	d20a      	bcs.n	100020dc <last0+0x50>
100020c6:	bdf0      	pop	{r4, r5, r6, r7, pc}
100020c8:	3001      	adds	r0, #1
100020ca:	d300      	bcc.n	100020ce <last0+0x42>
100020cc:	3101      	adds	r1, #1
100020ce:	1b12      	subs	r2, r2, r4
100020d0:	d2fa      	bcs.n	100020c8 <last0+0x3c>
100020d2:	3b01      	subs	r3, #1
100020d4:	d1f8      	bne.n	100020c8 <last0+0x3c>
100020d6:	42a2      	cmp	r2, r4
100020d8:	d200      	bcs.n	100020dc <last0+0x50>
100020da:	bdf0      	pop	{r4, r5, r6, r7, pc}
100020dc:	3001      	adds	r0, #1
100020de:	d300      	bcc.n	100020e2 <last0+0x56>
100020e0:	3101      	adds	r1, #1
100020e2:	1b12      	subs	r2, r2, r4
100020e4:	e7f7      	b.n	100020d6 <last0+0x4a>

100020e6 <y64_x48>:
100020e6:	b5f0      	push	{r4, r5, r6, r7, lr}
100020e8:	0c1c      	lsrs	r4, r3, #16
100020ea:	d000      	beq.n	100020ee <y64_x48+0x8>
100020ec:	e080      	b.n	100021f0 <y64_x64>
100020ee:	b40c      	push	{r2, r3}
100020f0:	2500      	movs	r5, #0
100020f2:	0a1c      	lsrs	r4, r3, #8
100020f4:	d104      	bne.n	10002100 <y64_x48+0x1a>
100020f6:	021b      	lsls	r3, r3, #8
100020f8:	0e16      	lsrs	r6, r2, #24
100020fa:	4333      	orrs	r3, r6
100020fc:	0212      	lsls	r2, r2, #8
100020fe:	3508      	adds	r5, #8
10002100:	0b1c      	lsrs	r4, r3, #12
10002102:	d104      	bne.n	1000210e <y64_x48+0x28>
10002104:	011b      	lsls	r3, r3, #4
10002106:	0f16      	lsrs	r6, r2, #28
10002108:	4333      	orrs	r3, r6
1000210a:	0112      	lsls	r2, r2, #4
1000210c:	3504      	adds	r5, #4
1000210e:	0b9c      	lsrs	r4, r3, #14
10002110:	d104      	bne.n	1000211c <y64_x48+0x36>
10002112:	009b      	lsls	r3, r3, #2
10002114:	0f96      	lsrs	r6, r2, #30
10002116:	4333      	orrs	r3, r6
10002118:	0092      	lsls	r2, r2, #2
1000211a:	3502      	adds	r5, #2
1000211c:	0bdc      	lsrs	r4, r3, #15
1000211e:	d102      	bne.n	10002126 <y64_x48+0x40>
10002120:	1892      	adds	r2, r2, r2
10002122:	415b      	adcs	r3, r3
10002124:	3501      	adds	r5, #1
10002126:	001c      	movs	r4, r3
10002128:	1897      	adds	r7, r2, r2
1000212a:	4164      	adcs	r4, r4
1000212c:	3401      	adds	r4, #1
1000212e:	4f46      	ldr	r7, [pc, #280]	@ (10002248 <y64_x64+0x58>)
10002130:	667c      	str	r4, [r7, #100]	@ 0x64
10002132:	4c46      	ldr	r4, [pc, #280]	@ (1000224c <y64_x64+0x5c>)
10002134:	663c      	str	r4, [r7, #96]	@ 0x60
10002136:	0c0e      	lsrs	r6, r1, #16
10002138:	e7ff      	b.n	1000213a <y64_x48+0x54>
1000213a:	e7ff      	b.n	1000213c <y64_x48+0x56>
1000213c:	e7ff      	b.n	1000213e <y64_x48+0x58>
1000213e:	46c0      	nop			@ (mov r8, r8)
10002140:	6f3c      	ldr	r4, [r7, #112]	@ 0x70
10002142:	4366      	muls	r6, r4
10002144:	0c36      	lsrs	r6, r6, #16
10002146:	0377      	lsls	r7, r6, #13
10002148:	46be      	mov	lr, r7
1000214a:	b297      	uxth	r7, r2
1000214c:	4377      	muls	r7, r6
1000214e:	1bc0      	subs	r0, r0, r7
10002150:	d200      	bcs.n	10002154 <y64_x48+0x6e>
10002152:	3901      	subs	r1, #1
10002154:	1bc0      	subs	r0, r0, r7
10002156:	d200      	bcs.n	1000215a <y64_x48+0x74>
10002158:	3901      	subs	r1, #1
1000215a:	b29f      	uxth	r7, r3
1000215c:	4377      	muls	r7, r6
1000215e:	1bc9      	subs	r1, r1, r7
10002160:	1bc9      	subs	r1, r1, r7
10002162:	0c17      	lsrs	r7, r2, #16
10002164:	4377      	muls	r7, r6
10002166:	047e      	lsls	r6, r7, #17
10002168:	0bff      	lsrs	r7, r7, #15
1000216a:	1b80      	subs	r0, r0, r6
1000216c:	41b9      	sbcs	r1, r7
1000216e:	08ce      	lsrs	r6, r1, #3
10002170:	4366      	muls	r6, r4
10002172:	0c36      	lsrs	r6, r6, #16
10002174:	2d0c      	cmp	r5, #12
10002176:	db33      	blt.n	100021e0 <last1>
10002178:	44b6      	add	lr, r6
1000217a:	0b12      	lsrs	r2, r2, #12
1000217c:	051f      	lsls	r7, r3, #20
1000217e:	433a      	orrs	r2, r7
10002180:	0b1b      	lsrs	r3, r3, #12
10002182:	b297      	uxth	r7, r2
10002184:	4377      	muls	r7, r6
10002186:	1bc0      	subs	r0, r0, r7
10002188:	d200      	bcs.n	1000218c <y64_x48+0xa6>
1000218a:	3901      	subs	r1, #1
1000218c:	b29f      	uxth	r7, r3
1000218e:	4377      	muls	r7, r6
10002190:	1bc9      	subs	r1, r1, r7
10002192:	0c17      	lsrs	r7, r2, #16
10002194:	4377      	muls	r7, r6
10002196:	043e      	lsls	r6, r7, #16
10002198:	0c3f      	lsrs	r7, r7, #16
1000219a:	1b80      	subs	r0, r0, r6
1000219c:	41b9      	sbcs	r1, r7
1000219e:	0d86      	lsrs	r6, r0, #22
100021a0:	028f      	lsls	r7, r1, #10
100021a2:	433e      	orrs	r6, r7
100021a4:	4366      	muls	r6, r4
100021a6:	2729      	movs	r7, #41	@ 0x29
100021a8:	1b7f      	subs	r7, r7, r5
100021aa:	40fe      	lsrs	r6, r7
100021ac:	3d0c      	subs	r5, #12
100021ae:	4677      	mov	r7, lr
100021b0:	40af      	lsls	r7, r5
100021b2:	19bf      	adds	r7, r7, r6
100021b4:	bc30      	pop	{r4, r5}
100021b6:	b2a2      	uxth	r2, r4
100021b8:	b2ab      	uxth	r3, r5
100021ba:	4372      	muls	r2, r6
100021bc:	4373      	muls	r3, r6
100021be:	1a80      	subs	r0, r0, r2
100021c0:	4199      	sbcs	r1, r3
100021c2:	0c22      	lsrs	r2, r4, #16
100021c4:	4372      	muls	r2, r6
100021c6:	0c13      	lsrs	r3, r2, #16
100021c8:	0412      	lsls	r2, r2, #16
100021ca:	1a80      	subs	r0, r0, r2
100021cc:	4199      	sbcs	r1, r3
100021ce:	0002      	movs	r2, r0
100021d0:	000b      	movs	r3, r1
100021d2:	3701      	adds	r7, #1
100021d4:	1b00      	subs	r0, r0, r4
100021d6:	41a9      	sbcs	r1, r5
100021d8:	d2f9      	bcs.n	100021ce <y64_x48+0xe8>
100021da:	1e78      	subs	r0, r7, #1
100021dc:	2100      	movs	r1, #0
100021de:	bdf0      	pop	{r4, r5, r6, r7, pc}

100021e0 <last1>:
100021e0:	270c      	movs	r7, #12
100021e2:	1b7f      	subs	r7, r7, r5
100021e4:	40fe      	lsrs	r6, r7
100021e6:	4677      	mov	r7, lr
100021e8:	0b7f      	lsrs	r7, r7, #13
100021ea:	40af      	lsls	r7, r5
100021ec:	19ff      	adds	r7, r7, r7
100021ee:	e7e0      	b.n	100021b2 <y64_x48+0xcc>

100021f0 <y64_x64>:
100021f0:	2400      	movs	r4, #0
100021f2:	1c5d      	adds	r5, r3, #1
100021f4:	d007      	beq.n	10002206 <y64_x64+0x16>
100021f6:	4f14      	ldr	r7, [pc, #80]	@ (10002248 <y64_x64+0x58>)
100021f8:	667d      	str	r5, [r7, #100]	@ 0x64
100021fa:	6639      	str	r1, [r7, #96]	@ 0x60
100021fc:	e7ff      	b.n	100021fe <y64_x64+0xe>
100021fe:	e7ff      	b.n	10002200 <y64_x64+0x10>
10002200:	e7ff      	b.n	10002202 <y64_x64+0x12>
10002202:	e7ff      	b.n	10002204 <y64_x64+0x14>
10002204:	6f3c      	ldr	r4, [r7, #112]	@ 0x70
10002206:	b295      	uxth	r5, r2
10002208:	b29e      	uxth	r6, r3
1000220a:	4365      	muls	r5, r4
1000220c:	4366      	muls	r6, r4
1000220e:	1b40      	subs	r0, r0, r5
10002210:	41b1      	sbcs	r1, r6
10002212:	0c15      	lsrs	r5, r2, #16
10002214:	0c1e      	lsrs	r6, r3, #16
10002216:	4365      	muls	r5, r4
10002218:	4366      	muls	r6, r4
1000221a:	0436      	lsls	r6, r6, #16
1000221c:	0c2f      	lsrs	r7, r5, #16
1000221e:	433e      	orrs	r6, r7
10002220:	042d      	lsls	r5, r5, #16
10002222:	1b40      	subs	r0, r0, r5
10002224:	41b1      	sbcs	r1, r6
10002226:	4299      	cmp	r1, r3
10002228:	d204      	bcs.n	10002234 <y64_x64+0x44>
1000222a:	0002      	movs	r2, r0
1000222c:	000b      	movs	r3, r1
1000222e:	0020      	movs	r0, r4
10002230:	2100      	movs	r1, #0
10002232:	bdf0      	pop	{r4, r5, r6, r7, pc}
10002234:	d101      	bne.n	1000223a <y64_x64+0x4a>
10002236:	4290      	cmp	r0, r2
10002238:	d3f7      	bcc.n	1000222a <y64_x64+0x3a>
1000223a:	1a80      	subs	r0, r0, r2
1000223c:	4199      	sbcs	r1, r3
1000223e:	3401      	adds	r4, #1
10002240:	4299      	cmp	r1, r3
10002242:	d3f2      	bcc.n	1000222a <y64_x64+0x3a>
10002244:	e7f6      	b.n	10002234 <y64_x64+0x44>
10002246:	0000      	.short	0x0000
10002248:	d0000000 	.word	0xd0000000
1000224c:	ffffffff 	.word	0xffffffff

10002250 <__wrap___aeabi_drsub>:
10002250:	4048      	eors	r0, r1
10002252:	4041      	eors	r1, r0
10002254:	4048      	eors	r0, r1

10002256 <__wrap___aeabi_dsub>:
10002256:	b418      	push	{r3, r4}
10002258:	4b1b      	ldr	r3, [pc, #108]	@ (100022c8 <__wrap___aeabi_dmul+0x12>)
1000225a:	685b      	ldr	r3, [r3, #4]
1000225c:	46fc      	mov	ip, pc
1000225e:	9301      	str	r3, [sp, #4]
10002260:	bd08      	pop	{r3, pc}
10002262:	df04      	.short	0xdf04
10002264:	100024fb 	.word	0x100024fb

10002268 <__wrap___aeabi_dadd>:
10002268:	b418      	push	{r3, r4}
1000226a:	4b17      	ldr	r3, [pc, #92]	@ (100022c8 <__wrap___aeabi_dmul+0x12>)
1000226c:	681b      	ldr	r3, [r3, #0]
1000226e:	46fc      	mov	ip, pc
10002270:	9301      	str	r3, [sp, #4]
10002272:	bd08      	pop	{r3, pc}
10002274:	2505df00 	.word	0x2505df00
10002278:	1000      	.short	0x1000

1000227a <__wrap___aeabi_ddiv>:
1000227a:	4694      	mov	ip, r2
1000227c:	4a13      	ldr	r2, [pc, #76]	@ (100022cc <__wrap___aeabi_dmul+0x16>)
1000227e:	6f92      	ldr	r2, [r2, #120]	@ 0x78
10002280:	0892      	lsrs	r2, r2, #2
10002282:	d209      	bcs.n	10002298 <ddiv_save_state>
10002284:	4662      	mov	r2, ip

10002286 <ddiv_shim_call>:
10002286:	b418      	push	{r3, r4}
10002288:	4b0f      	ldr	r3, [pc, #60]	@ (100022c8 <__wrap___aeabi_dmul+0x12>)
1000228a:	68db      	ldr	r3, [r3, #12]
1000228c:	46fc      	mov	ip, pc
1000228e:	9301      	str	r3, [sp, #4]
10002290:	bd08      	pop	{r3, pc}
10002292:	df0c      	.short	0xdf0c
10002294:	100027bd 	.word	0x100027bd

10002298 <ddiv_save_state>:
10002298:	4a0c      	ldr	r2, [pc, #48]	@ (100022cc <__wrap___aeabi_dmul+0x16>)
1000229a:	b5f0      	push	{r4, r5, r6, r7, lr}
1000229c:	6e14      	ldr	r4, [r2, #96]	@ 0x60
1000229e:	6e55      	ldr	r5, [r2, #100]	@ 0x64
100022a0:	6f57      	ldr	r7, [r2, #116]	@ 0x74
100022a2:	6f16      	ldr	r6, [r2, #112]	@ 0x70
100022a4:	4662      	mov	r2, ip
100022a6:	f7ff ffee 	bl	10002286 <ddiv_shim_call>
100022aa:	4a08      	ldr	r2, [pc, #32]	@ (100022cc <__wrap___aeabi_dmul+0x16>)
100022ac:	6614      	str	r4, [r2, #96]	@ 0x60
100022ae:	6655      	str	r5, [r2, #100]	@ 0x64
100022b0:	6757      	str	r7, [r2, #116]	@ 0x74
100022b2:	6716      	str	r6, [r2, #112]	@ 0x70
100022b4:	bdf0      	pop	{r4, r5, r6, r7, pc}

100022b6 <__wrap___aeabi_dmul>:
100022b6:	b418      	push	{r3, r4}
100022b8:	4b03      	ldr	r3, [pc, #12]	@ (100022c8 <__wrap___aeabi_dmul+0x12>)
100022ba:	689b      	ldr	r3, [r3, #8]
100022bc:	46fc      	mov	ip, pc
100022be:	9301      	str	r3, [sp, #4]
100022c0:	bd08      	pop	{r3, pc}
100022c2:	df08      	.short	0xdf08
100022c4:	10002661 	.word	0x10002661
100022c8:	200012e8 	.word	0x200012e8
100022cc:	d0000000 	.word	0xd0000000

100022d0 <__wrap___aeabi_cdrcmple>:
100022d0:	b5ff      	push	{r0, r1, r2, r3, r4, r5, r6, r7, lr}
100022d2:	4050      	eors	r0, r2
100022d4:	4042      	eors	r2, r0
100022d6:	4050      	eors	r0, r2
100022d8:	4059      	eors	r1, r3
100022da:	404b      	eors	r3, r1
100022dc:	4059      	eors	r1, r3
100022de:	e000      	b.n	100022e2 <__aeabi_dfcmple_guts>

100022e0 <__wrap___aeabi_cdcmpeq>:
100022e0:	b5ff      	push	{r0, r1, r2, r3, r4, r5, r6, r7, lr}

100022e2 <__aeabi_dfcmple_guts>:
100022e2:	4f15      	ldr	r7, [pc, #84]	@ (10002338 <__aeabi_dfcmple_guts+0x56>)
100022e4:	004c      	lsls	r4, r1, #1
100022e6:	0d64      	lsrs	r4, r4, #21
100022e8:	d003      	beq.n	100022f2 <__aeabi_dfcmple_guts+0x10>
100022ea:	42bc      	cmp	r4, r7
100022ec:	d104      	bne.n	100022f8 <__aeabi_dfcmple_guts+0x16>
100022ee:	030c      	lsls	r4, r1, #12
100022f0:	d814      	bhi.n	1000231c <__aeabi_dfcmple_guts+0x3a>
100022f2:	2000      	movs	r0, #0
100022f4:	0d09      	lsrs	r1, r1, #20
100022f6:	0509      	lsls	r1, r1, #20
100022f8:	005c      	lsls	r4, r3, #1
100022fa:	0d64      	lsrs	r4, r4, #21
100022fc:	d003      	beq.n	10002306 <__aeabi_dfcmple_guts+0x24>
100022fe:	42bc      	cmp	r4, r7
10002300:	d104      	bne.n	1000230c <__aeabi_dfcmple_guts+0x2a>
10002302:	031c      	lsls	r4, r3, #12
10002304:	d80a      	bhi.n	1000231c <__aeabi_dfcmple_guts+0x3a>
10002306:	2200      	movs	r2, #0
10002308:	0d1b      	lsrs	r3, r3, #20
1000230a:	051b      	lsls	r3, r3, #20
1000230c:	2601      	movs	r6, #1
1000230e:	404b      	eors	r3, r1
10002310:	d409      	bmi.n	10002326 <__aeabi_dfcmple_guts+0x44>
10002312:	404b      	eors	r3, r1
10002314:	d503      	bpl.n	1000231e <__aeabi_dfcmple_guts+0x3c>
10002316:	428b      	cmp	r3, r1
10002318:	d100      	bne.n	1000231c <__aeabi_dfcmple_guts+0x3a>
1000231a:	4282      	cmp	r2, r0
1000231c:	bdff      	pop	{r0, r1, r2, r3, r4, r5, r6, r7, pc}
1000231e:	4299      	cmp	r1, r3
10002320:	d1fc      	bne.n	1000231c <__aeabi_dfcmple_guts+0x3a>
10002322:	4290      	cmp	r0, r2
10002324:	bdff      	pop	{r0, r1, r2, r3, r4, r5, r6, r7, pc}
10002326:	430b      	orrs	r3, r1
10002328:	18db      	adds	r3, r3, r3
1000232a:	4303      	orrs	r3, r0
1000232c:	4313      	orrs	r3, r2
1000232e:	d0f5      	beq.n	1000231c <__aeabi_dfcmple_guts+0x3a>
10002330:	43c9      	mvns	r1, r1
10002332:	1849      	adds	r1, r1, r1
10002334:	bdff      	pop	{r0, r1, r2, r3, r4, r5, r6, r7, pc}
10002336:	0000      	.short	0x0000
10002338:	000007ff 	.word	0x000007ff

1000233c <__wrap___aeabi_dcmplt>:
1000233c:	b500      	push	{lr}
1000233e:	f7ff ffcf 	bl	100022e0 <__wrap___aeabi_cdcmpeq>
10002342:	4180      	sbcs	r0, r0
10002344:	bd00      	pop	{pc}
10002346:	46c0      	nop			@ (mov r8, r8)

10002348 <__wrap___aeabi_dcmple>:
10002348:	b500      	push	{lr}
1000234a:	f7ff ffc9 	bl	100022e0 <__wrap___aeabi_cdcmpeq>
1000234e:	d901      	bls.n	10002354 <__wrap___aeabi_dcmple+0xc>
10002350:	2000      	movs	r0, #0
10002352:	bd00      	pop	{pc}
10002354:	2001      	movs	r0, #1
10002356:	bd00      	pop	{pc}

10002358 <__wrap___aeabi_dcmpge>:
10002358:	b500      	push	{lr}
1000235a:	f7ff ffb9 	bl	100022d0 <__wrap___aeabi_cdrcmple>
1000235e:	d901      	bls.n	10002364 <__wrap___aeabi_dcmpge+0xc>
10002360:	2000      	movs	r0, #0
10002362:	bd00      	pop	{pc}
10002364:	2001      	movs	r0, #1
10002366:	bd00      	pop	{pc}

10002368 <__wrap___aeabi_dcmpgt>:
10002368:	b500      	push	{lr}
1000236a:	f7ff ffb1 	bl	100022d0 <__wrap___aeabi_cdrcmple>
1000236e:	4180      	sbcs	r0, r0
10002370:	bd00      	pop	{pc}

10002372 <__wrap___aeabi_dcmpun>:
10002372:	2001      	movs	r0, #1
10002374:	0540      	lsls	r0, r0, #21
10002376:	004a      	lsls	r2, r1, #1
10002378:	1812      	adds	r2, r2, r0
1000237a:	d804      	bhi.n	10002386 <__wrap___aeabi_dcmpun+0x14>
1000237c:	005a      	lsls	r2, r3, #1
1000237e:	1812      	adds	r2, r2, r0
10002380:	d801      	bhi.n	10002386 <__wrap___aeabi_dcmpun+0x14>
10002382:	2000      	movs	r0, #0
10002384:	4770      	bx	lr
10002386:	2001      	movs	r0, #1
10002388:	4770      	bx	lr
	...

1000238c <__wrap___aeabi_ui2d>:
1000238c:	2100      	movs	r1, #0
1000238e:	2800      	cmp	r0, #0
10002390:	d105      	bne.n	1000239e <__wrap___aeabi_i2d+0xa>
10002392:	4770      	bx	lr

10002394 <__wrap___aeabi_i2d>:
10002394:	17c1      	asrs	r1, r0, #31
10002396:	4048      	eors	r0, r1
10002398:	1a40      	subs	r0, r0, r1
1000239a:	d0fa      	beq.n	10002392 <__wrap___aeabi_ui2d+0x6>
1000239c:	07c9      	lsls	r1, r1, #31
1000239e:	b513      	push	{r0, r1, r4, lr}
100023a0:	4b06      	ldr	r3, [pc, #24]	@ (100023bc <__wrap___aeabi_i2d+0x28>)
100023a2:	681b      	ldr	r3, [r3, #0]
100023a4:	4798      	blx	r3
100023a6:	bc0c      	pop	{r2, r3}
100023a8:	1c44      	adds	r4, r0, #1
100023aa:	40a2      	lsls	r2, r4
100023ac:	0510      	lsls	r0, r2, #20
100023ae:	0b12      	lsrs	r2, r2, #12
100023b0:	4903      	ldr	r1, [pc, #12]	@ (100023c0 <__wrap___aeabi_i2d+0x2c>)
100023b2:	1b09      	subs	r1, r1, r4
100023b4:	0509      	lsls	r1, r1, #20
100023b6:	4319      	orrs	r1, r3
100023b8:	4311      	orrs	r1, r2
100023ba:	bd10      	pop	{r4, pc}
100023bc:	20001e94 	.word	0x20001e94
100023c0:	0000041f 	.word	0x0000041f

100023c4 <__wrap___aeabi_d2iz>:
100023c4:	b510      	push	{r4, lr}
100023c6:	004c      	lsls	r4, r1, #1
100023c8:	0d62      	lsrs	r2, r4, #21
100023ca:	2380      	movs	r3, #128	@ 0x80
100023cc:	18d2      	adds	r2, r2, r3
100023ce:	00db      	lsls	r3, r3, #3
100023d0:	1ad2      	subs	r2, r2, r3
100023d2:	055b      	lsls	r3, r3, #21
100023d4:	2a7e      	cmp	r2, #126	@ 0x7e
100023d6:	dd10      	ble.n	100023fa <__wrap___aeabi_d2iz+0x36>
100023d8:	3a9e      	subs	r2, #158	@ 0x9e
100023da:	da13      	bge.n	10002404 <__wrap___aeabi_d2iz+0x40>
100023dc:	17cc      	asrs	r4, r1, #31
100023de:	0309      	lsls	r1, r1, #12
100023e0:	0849      	lsrs	r1, r1, #1
100023e2:	4319      	orrs	r1, r3
100023e4:	4252      	negs	r2, r2
100023e6:	40d1      	lsrs	r1, r2
100023e8:	0064      	lsls	r4, r4, #1
100023ea:	3401      	adds	r4, #1
100023ec:	3215      	adds	r2, #21
100023ee:	2a20      	cmp	r2, #32
100023f0:	da05      	bge.n	100023fe <__wrap___aeabi_d2iz+0x3a>
100023f2:	40d0      	lsrs	r0, r2
100023f4:	4308      	orrs	r0, r1
100023f6:	4360      	muls	r0, r4
100023f8:	bd10      	pop	{r4, pc}
100023fa:	2000      	movs	r0, #0
100023fc:	bd10      	pop	{r4, pc}
100023fe:	4608      	mov	r0, r1
10002400:	4360      	muls	r0, r4
10002402:	bd10      	pop	{r4, pc}
10002404:	0fc8      	lsrs	r0, r1, #31
10002406:	18c0      	adds	r0, r0, r3
10002408:	3801      	subs	r0, #1
1000240a:	bd10      	pop	{r4, pc}

1000240c <__wrap___aeabi_d2uiz>:
1000240c:	b418      	push	{r3, r4}
1000240e:	4b04      	ldr	r3, [pc, #16]	@ (10002420 <__wrap___aeabi_d2uiz+0x14>)
10002410:	6a5b      	ldr	r3, [r3, #36]	@ 0x24
10002412:	46fc      	mov	ip, pc
10002414:	9301      	str	r3, [sp, #4]
10002416:	bd08      	pop	{r3, pc}
10002418:	296ddf24 	.word	0x296ddf24
1000241c:	00001000 	.word	0x00001000
10002420:	200012e8 	.word	0x200012e8

10002424 <__aeabi_double_init>:
10002424:	2313      	movs	r3, #19
10002426:	b570      	push	{r4, r5, r6, lr}
10002428:	781d      	ldrb	r5, [r3, #0]
1000242a:	2d01      	cmp	r5, #1
1000242c:	d019      	beq.n	10002462 <__aeabi_double_init+0x3e>
1000242e:	dd14      	ble.n	1000245a <__aeabi_double_init+0x36>
10002430:	481f      	ldr	r0, [pc, #124]	@ (100024b0 <__aeabi_double_init+0x8c>)
10002432:	f7ff fb31 	bl	10001a98 <rom_data_lookup>
10002436:	0006      	movs	r6, r0
10002438:	481e      	ldr	r0, [pc, #120]	@ (100024b4 <__aeabi_double_init+0x90>)
1000243a:	f7ff fb2d 	bl	10001a98 <rom_data_lookup>
1000243e:	4c1e      	ldr	r4, [pc, #120]	@ (100024b8 <__aeabi_double_init+0x94>)
10002440:	2280      	movs	r2, #128	@ 0x80
10002442:	0031      	movs	r1, r6
10002444:	0020      	movs	r0, r4
10002446:	f000 fb61 	bl	10002b0c <__wrap___aeabi_memcpy>
1000244a:	2d02      	cmp	r5, #2
1000244c:	d02d      	beq.n	100024aa <__aeabi_double_init+0x86>
1000244e:	481b      	ldr	r0, [pc, #108]	@ (100024bc <__aeabi_double_init+0x98>)
10002450:	f7ff fb1a 	bl	10001a88 <rom_func_lookup>
10002454:	4b1a      	ldr	r3, [pc, #104]	@ (100024c0 <__aeabi_double_init+0x9c>)
10002456:	6018      	str	r0, [r3, #0]
10002458:	bd70      	pop	{r4, r5, r6, pc}
1000245a:	4b1a      	ldr	r3, [pc, #104]	@ (100024c4 <__aeabi_double_init+0xa0>)
1000245c:	4c16      	ldr	r4, [pc, #88]	@ (100024b8 <__aeabi_double_init+0x94>)
1000245e:	64a3      	str	r3, [r4, #72]	@ 0x48
10002460:	e7f5      	b.n	1000244e <__aeabi_double_init+0x2a>
10002462:	4b18      	ldr	r3, [pc, #96]	@ (100024c4 <__aeabi_double_init+0xa0>)
10002464:	4c14      	ldr	r4, [pc, #80]	@ (100024b8 <__aeabi_double_init+0x94>)
10002466:	6023      	str	r3, [r4, #0]
10002468:	6063      	str	r3, [r4, #4]
1000246a:	60a3      	str	r3, [r4, #8]
1000246c:	60e3      	str	r3, [r4, #12]
1000246e:	6123      	str	r3, [r4, #16]
10002470:	6163      	str	r3, [r4, #20]
10002472:	61a3      	str	r3, [r4, #24]
10002474:	61e3      	str	r3, [r4, #28]
10002476:	6223      	str	r3, [r4, #32]
10002478:	6263      	str	r3, [r4, #36]	@ 0x24
1000247a:	62a3      	str	r3, [r4, #40]	@ 0x28
1000247c:	62e3      	str	r3, [r4, #44]	@ 0x2c
1000247e:	6323      	str	r3, [r4, #48]	@ 0x30
10002480:	6363      	str	r3, [r4, #52]	@ 0x34
10002482:	63a3      	str	r3, [r4, #56]	@ 0x38
10002484:	63e3      	str	r3, [r4, #60]	@ 0x3c
10002486:	6423      	str	r3, [r4, #64]	@ 0x40
10002488:	6463      	str	r3, [r4, #68]	@ 0x44
1000248a:	64a3      	str	r3, [r4, #72]	@ 0x48
1000248c:	64e3      	str	r3, [r4, #76]	@ 0x4c
1000248e:	6523      	str	r3, [r4, #80]	@ 0x50
10002490:	6563      	str	r3, [r4, #84]	@ 0x54
10002492:	65a3      	str	r3, [r4, #88]	@ 0x58
10002494:	65e3      	str	r3, [r4, #92]	@ 0x5c
10002496:	6623      	str	r3, [r4, #96]	@ 0x60
10002498:	6663      	str	r3, [r4, #100]	@ 0x64
1000249a:	66a3      	str	r3, [r4, #104]	@ 0x68
1000249c:	66e3      	str	r3, [r4, #108]	@ 0x6c
1000249e:	6723      	str	r3, [r4, #112]	@ 0x70
100024a0:	6763      	str	r3, [r4, #116]	@ 0x74
100024a2:	67a3      	str	r3, [r4, #120]	@ 0x78
100024a4:	67e3      	str	r3, [r4, #124]	@ 0x7c
100024a6:	64a3      	str	r3, [r4, #72]	@ 0x48
100024a8:	e7d1      	b.n	1000244e <__aeabi_double_init+0x2a>
100024aa:	4b06      	ldr	r3, [pc, #24]	@ (100024c4 <__aeabi_double_init+0xa0>)
100024ac:	64a3      	str	r3, [r4, #72]	@ 0x48
100024ae:	e7ce      	b.n	1000244e <__aeabi_double_init+0x2a>
100024b0:	00004453 	.word	0x00004453
100024b4:	00004653 	.word	0x00004653
100024b8:	200012e8 	.word	0x200012e8
100024bc:	0000334c 	.word	0x0000334c
100024c0:	20001e94 	.word	0x20001e94
100024c4:	100024c9 	.word	0x100024c9

100024c8 <double_table_shim_on_use_helper>:
100024c8:	b507      	push	{r0, r1, r2, lr}
100024ca:	4660      	mov	r0, ip
100024cc:	8801      	ldrh	r1, [r0, #0]
100024ce:	0a0a      	lsrs	r2, r1, #8
100024d0:	3002      	adds	r0, #2
100024d2:	2adf      	cmp	r2, #223	@ 0xdf
100024d4:	d1fa      	bne.n	100024cc <double_table_shim_on_use_helper+0x4>
100024d6:	b2c9      	uxtb	r1, r1
100024d8:	0882      	lsrs	r2, r0, #2
100024da:	d304      	bcc.n	100024e6 <double_table_shim_on_use_helper+0x1e>
100024dc:	8802      	ldrh	r2, [r0, #0]
100024de:	8840      	ldrh	r0, [r0, #2]
100024e0:	0400      	lsls	r0, r0, #16
100024e2:	4310      	orrs	r0, r2
100024e4:	e000      	b.n	100024e8 <double_table_shim_on_use_helper+0x20>
100024e6:	6800      	ldr	r0, [r0, #0]
100024e8:	4a01      	ldr	r2, [pc, #4]	@ (100024f0 <double_table_shim_on_use_helper+0x28>)
100024ea:	5050      	str	r0, [r2, r1]
100024ec:	9003      	str	r0, [sp, #12]
100024ee:	bd07      	pop	{r0, r1, r2, pc}
100024f0:	200012e8 	.word	0x200012e8

100024f4 <drsub_shim>:
100024f4:	b40f      	push	{r0, r1, r2, r3}
100024f6:	bc03      	pop	{r0, r1}
100024f8:	bc0c      	pop	{r2, r3}

100024fa <dsub_shim>:
100024fa:	b5f0      	push	{r4, r5, r6, r7, lr}
100024fc:	2401      	movs	r4, #1
100024fe:	07e4      	lsls	r4, r4, #31
10002500:	4063      	eors	r3, r4
10002502:	e000      	b.n	10002506 <da_entry>

10002504 <dadd_shim>:
10002504:	b5f0      	push	{r4, r5, r6, r7, lr}

10002506 <da_entry>:
10002506:	0d0c      	lsrs	r4, r1, #20
10002508:	0fcf      	lsrs	r7, r1, #31
1000250a:	1e66      	subs	r6, r4, #1
1000250c:	0536      	lsls	r6, r6, #20
1000250e:	1b89      	subs	r1, r1, r6
10002510:	0564      	lsls	r4, r4, #21
10002512:	d303      	bcc.n	1000251c <l8_1>
10002514:	43c9      	mvns	r1, r1
10002516:	4240      	negs	r0, r0
10002518:	d300      	bcc.n	1000251c <l8_1>
1000251a:	3101      	adds	r1, #1

1000251c <l8_1>:
1000251c:	0d64      	lsrs	r4, r4, #21
1000251e:	d003      	beq.n	10002528 <l8_2>
10002520:	1c66      	adds	r6, r4, #1
10002522:	0af6      	lsrs	r6, r6, #11
10002524:	d007      	beq.n	10002536 <l8_3>
10002526:	1be4      	subs	r4, r4, r7

10002528 <l8_2>:
10002528:	2000      	movs	r0, #0
1000252a:	007f      	lsls	r7, r7, #1
1000252c:	1c79      	adds	r1, r7, #1
1000252e:	0789      	lsls	r1, r1, #30
10002530:	1289      	asrs	r1, r1, #10
10002532:	3c80      	subs	r4, #128	@ 0x80
10002534:	0324      	lsls	r4, r4, #12

10002536 <l8_3>:
10002536:	0d1d      	lsrs	r5, r3, #20
10002538:	0fdf      	lsrs	r7, r3, #31
1000253a:	1e6e      	subs	r6, r5, #1
1000253c:	0536      	lsls	r6, r6, #20
1000253e:	1b9b      	subs	r3, r3, r6
10002540:	056d      	lsls	r5, r5, #21
10002542:	d303      	bcc.n	1000254c <l9_1>
10002544:	43db      	mvns	r3, r3
10002546:	4252      	negs	r2, r2
10002548:	d300      	bcc.n	1000254c <l9_1>
1000254a:	3301      	adds	r3, #1

1000254c <l9_1>:
1000254c:	0d6d      	lsrs	r5, r5, #21
1000254e:	d003      	beq.n	10002558 <l9_2>
10002550:	1c6e      	adds	r6, r5, #1
10002552:	0af6      	lsrs	r6, r6, #11
10002554:	d007      	beq.n	10002566 <l9_3>
10002556:	1bed      	subs	r5, r5, r7

10002558 <l9_2>:
10002558:	2200      	movs	r2, #0
1000255a:	007f      	lsls	r7, r7, #1
1000255c:	1c7b      	adds	r3, r7, #1
1000255e:	079b      	lsls	r3, r3, #30
10002560:	129b      	asrs	r3, r3, #10
10002562:	3d80      	subs	r5, #128	@ 0x80
10002564:	032d      	lsls	r5, r5, #12

10002566 <l9_3>:
10002566:	1b2f      	subs	r7, r5, r4
10002568:	1b66      	subs	r6, r4, r5
1000256a:	d458      	bmi.n	1000261e <da_ygtx>
1000256c:	46a4      	mov	ip, r4
1000256e:	2e20      	cmp	r6, #32
10002570:	da46      	bge.n	10002600 <da_xrgty>
10002572:	3720      	adds	r7, #32
10002574:	0014      	movs	r4, r2
10002576:	40bc      	lsls	r4, r7

10002578 <da_xgty0>:
10002578:	001d      	movs	r5, r3
1000257a:	40bd      	lsls	r5, r7
1000257c:	40f2      	lsrs	r2, r6
1000257e:	4133      	asrs	r3, r6
10002580:	432a      	orrs	r2, r5

10002582 <da_add>:
10002582:	1880      	adds	r0, r0, r2
10002584:	4159      	adcs	r1, r3

10002586 <da_pack>:
10002586:	0fcb      	lsrs	r3, r1, #31
10002588:	d005      	beq.n	10002596 <da_pack+0x10>
1000258a:	43c9      	mvns	r1, r1
1000258c:	43c0      	mvns	r0, r0
1000258e:	2200      	movs	r2, #0
10002590:	4264      	negs	r4, r4
10002592:	4150      	adcs	r0, r2
10002594:	4151      	adcs	r1, r2
10002596:	4662      	mov	r2, ip
10002598:	0d4d      	lsrs	r5, r1, #21
1000259a:	d128      	bne.n	100025ee <da_0>
1000259c:	0d0d      	lsrs	r5, r1, #20
1000259e:	d107      	bne.n	100025b0 <da_1>
100025a0:	2800      	cmp	r0, #0
100025a2:	d01f      	beq.n	100025e4 <da_5>

100025a4 <da_2>:
100025a4:	1924      	adds	r4, r4, r4
100025a6:	4140      	adcs	r0, r0
100025a8:	4149      	adcs	r1, r1
100025aa:	3a01      	subs	r2, #1
100025ac:	0d0d      	lsrs	r5, r1, #20
100025ae:	d0f9      	beq.n	100025a4 <da_2>

100025b0 <da_1>:
100025b0:	0064      	lsls	r4, r4, #1
100025b2:	d306      	bcc.n	100025c2 <da_3>

100025b4 <da_4>:
100025b4:	3001      	adds	r0, #1
100025b6:	d300      	bcc.n	100025ba <da_4+0x6>
100025b8:	3101      	adds	r1, #1
100025ba:	2c00      	cmp	r4, #0
100025bc:	d101      	bne.n	100025c2 <da_3>
100025be:	0840      	lsrs	r0, r0, #1
100025c0:	0040      	lsls	r0, r0, #1

100025c2 <da_3>:
100025c2:	3a01      	subs	r2, #1
100025c4:	d40b      	bmi.n	100025de <da_6>
100025c6:	1c94      	adds	r4, r2, #2
100025c8:	0ae4      	lsrs	r4, r4, #11
100025ca:	d104      	bne.n	100025d6 <da_7>
100025cc:	0512      	lsls	r2, r2, #20
100025ce:	4411      	add	r1, r2
100025d0:	07db      	lsls	r3, r3, #31
100025d2:	4419      	add	r1, r3
100025d4:	bdf0      	pop	{r4, r5, r6, r7, pc}

100025d6 <da_7>:
100025d6:	07d9      	lsls	r1, r3, #31
100025d8:	4b20      	ldr	r3, [pc, #128]	@ (1000265c <da_xmgty+0x4>)
100025da:	4319      	orrs	r1, r3
100025dc:	e000      	b.n	100025e0 <da_6+0x2>

100025de <da_6>:
100025de:	07d9      	lsls	r1, r3, #31
100025e0:	2000      	movs	r0, #0
100025e2:	bdf0      	pop	{r4, r5, r6, r7, pc}

100025e4 <da_5>:
100025e4:	2900      	cmp	r1, #0
100025e6:	d1dd      	bne.n	100025a4 <da_2>
100025e8:	2c00      	cmp	r4, #0
100025ea:	d1db      	bne.n	100025a4 <da_2>
100025ec:	bdf0      	pop	{r4, r5, r6, r7, pc}

100025ee <da_0>:
100025ee:	3201      	adds	r2, #1
100025f0:	07c6      	lsls	r6, r0, #31
100025f2:	0840      	lsrs	r0, r0, #1
100025f4:	07cd      	lsls	r5, r1, #31
100025f6:	4328      	orrs	r0, r5
100025f8:	0849      	lsrs	r1, r1, #1
100025fa:	2e00      	cmp	r6, #0
100025fc:	d0e1      	beq.n	100025c2 <da_3>
100025fe:	e7d9      	b.n	100025b4 <da_4>

10002600 <da_xrgty>:
10002600:	2e3c      	cmp	r6, #60	@ 0x3c
10002602:	da29      	bge.n	10002658 <da_xmgty>
10002604:	3e20      	subs	r6, #32
10002606:	3740      	adds	r7, #64	@ 0x40
10002608:	0014      	movs	r4, r2
1000260a:	40bc      	lsls	r4, r7
1000260c:	d000      	beq.n	10002610 <da_xrgty+0x10>
1000260e:	2401      	movs	r4, #1
10002610:	40f2      	lsrs	r2, r6
10002612:	4314      	orrs	r4, r2
10002614:	001a      	movs	r2, r3
10002616:	40bb      	lsls	r3, r7
10002618:	431c      	orrs	r4, r3
1000261a:	17d3      	asrs	r3, r2, #31
1000261c:	e7ac      	b.n	10002578 <da_xgty0>

1000261e <da_ygtx>:
1000261e:	46ac      	mov	ip, r5
10002620:	2f20      	cmp	r7, #32
10002622:	da08      	bge.n	10002636 <da_yrgtx>
10002624:	3620      	adds	r6, #32
10002626:	0004      	movs	r4, r0
10002628:	40b4      	lsls	r4, r6

1000262a <da_ygtx0>:
1000262a:	000d      	movs	r5, r1
1000262c:	40b5      	lsls	r5, r6
1000262e:	40f8      	lsrs	r0, r7
10002630:	4139      	asrs	r1, r7
10002632:	4328      	orrs	r0, r5
10002634:	e7a5      	b.n	10002582 <da_add>

10002636 <da_yrgtx>:
10002636:	2f3c      	cmp	r7, #60	@ 0x3c
10002638:	da0c      	bge.n	10002654 <da_ymgtx>
1000263a:	3f20      	subs	r7, #32
1000263c:	3640      	adds	r6, #64	@ 0x40
1000263e:	0004      	movs	r4, r0
10002640:	40b4      	lsls	r4, r6
10002642:	d000      	beq.n	10002646 <da_yrgtx+0x10>
10002644:	2401      	movs	r4, #1
10002646:	40f8      	lsrs	r0, r7
10002648:	4304      	orrs	r4, r0
1000264a:	0008      	movs	r0, r1
1000264c:	40b1      	lsls	r1, r6
1000264e:	430c      	orrs	r4, r1
10002650:	17c1      	asrs	r1, r0, #31
10002652:	e7ea      	b.n	1000262a <da_ygtx0>

10002654 <da_ymgtx>:
10002654:	0010      	movs	r0, r2
10002656:	0019      	movs	r1, r3

10002658 <da_xmgty>:
10002658:	2400      	movs	r4, #0
1000265a:	e794      	b.n	10002586 <da_pack>
1000265c:	7ff00000 	.word	0x7ff00000

10002660 <dmul_shim>:
10002660:	b5f0      	push	{r4, r5, r6, r7, lr}
10002662:	0d0c      	lsrs	r4, r1, #20
10002664:	1e66      	subs	r6, r4, #1
10002666:	0536      	lsls	r6, r6, #20
10002668:	1b89      	subs	r1, r1, r6
1000266a:	0ae6      	lsrs	r6, r4, #11
1000266c:	0564      	lsls	r4, r4, #21
1000266e:	0d64      	lsrs	r4, r4, #21
10002670:	d002      	beq.n	10002678 <l12_1>
10002672:	1c65      	adds	r5, r4, #1
10002674:	0aed      	lsrs	r5, r5, #11
10002676:	d004      	beq.n	10002682 <l12_2>

10002678 <l12_1>:
10002678:	2000      	movs	r0, #0
1000267a:	2101      	movs	r1, #1
1000267c:	0509      	lsls	r1, r1, #20
1000267e:	3c80      	subs	r4, #128	@ 0x80
10002680:	0324      	lsls	r4, r4, #12

10002682 <l12_2>:
10002682:	46a4      	mov	ip, r4
10002684:	0d1c      	lsrs	r4, r3, #20
10002686:	1e67      	subs	r7, r4, #1
10002688:	053f      	lsls	r7, r7, #20
1000268a:	1bdb      	subs	r3, r3, r7
1000268c:	0ae7      	lsrs	r7, r4, #11
1000268e:	0564      	lsls	r4, r4, #21
10002690:	0d64      	lsrs	r4, r4, #21
10002692:	d002      	beq.n	1000269a <l13_1>
10002694:	1c65      	adds	r5, r4, #1
10002696:	0aed      	lsrs	r5, r5, #11
10002698:	d004      	beq.n	100026a4 <l13_2>

1000269a <l13_1>:
1000269a:	2200      	movs	r2, #0
1000269c:	2301      	movs	r3, #1
1000269e:	051b      	lsls	r3, r3, #20
100026a0:	3c80      	subs	r4, #128	@ 0x80
100026a2:	0324      	lsls	r4, r4, #12

100026a4 <l13_2>:
100026a4:	4077      	eors	r7, r6
100026a6:	4464      	add	r4, ip
100026a8:	b497      	push	{r0, r1, r2, r4, r7}
100026aa:	b284      	uxth	r4, r0
100026ac:	b296      	uxth	r6, r2
100026ae:	4374      	muls	r4, r6
100026b0:	0c07      	lsrs	r7, r0, #16
100026b2:	437e      	muls	r6, r7
100026b4:	0c15      	lsrs	r5, r2, #16
100026b6:	436f      	muls	r7, r5
100026b8:	b280      	uxth	r0, r0
100026ba:	4368      	muls	r0, r5
100026bc:	1836      	adds	r6, r6, r0
100026be:	d302      	bcc.n	100026c6 <l14_1>
100026c0:	2001      	movs	r0, #1
100026c2:	0400      	lsls	r0, r0, #16
100026c4:	183f      	adds	r7, r7, r0

100026c6 <l14_1>:
100026c6:	0430      	lsls	r0, r6, #16
100026c8:	0c35      	lsrs	r5, r6, #16
100026ca:	1900      	adds	r0, r0, r4
100026cc:	417d      	adcs	r5, r7
100026ce:	4684      	mov	ip, r0
100026d0:	b288      	uxth	r0, r1
100026d2:	b29a      	uxth	r2, r3
100026d4:	4350      	muls	r0, r2
100026d6:	0c0c      	lsrs	r4, r1, #16
100026d8:	4362      	muls	r2, r4
100026da:	0c1f      	lsrs	r7, r3, #16
100026dc:	437c      	muls	r4, r7
100026de:	b28e      	uxth	r6, r1
100026e0:	437e      	muls	r6, r7
100026e2:	1992      	adds	r2, r2, r6
100026e4:	d302      	bcc.n	100026ec <l15_1>
100026e6:	2601      	movs	r6, #1
100026e8:	0436      	lsls	r6, r6, #16
100026ea:	19a4      	adds	r4, r4, r6

100026ec <l15_1>:
100026ec:	0416      	lsls	r6, r2, #16
100026ee:	0c17      	lsrs	r7, r2, #16
100026f0:	1836      	adds	r6, r6, r0
100026f2:	4167      	adcs	r7, r4
100026f4:	bc01      	pop	{r0}
100026f6:	b281      	uxth	r1, r0
100026f8:	b29a      	uxth	r2, r3
100026fa:	4351      	muls	r1, r2
100026fc:	0c04      	lsrs	r4, r0, #16
100026fe:	4362      	muls	r2, r4
10002700:	0c1b      	lsrs	r3, r3, #16
10002702:	435c      	muls	r4, r3
10002704:	b280      	uxth	r0, r0
10002706:	4358      	muls	r0, r3
10002708:	1812      	adds	r2, r2, r0
1000270a:	d302      	bcc.n	10002712 <l16_1>
1000270c:	2001      	movs	r0, #1
1000270e:	0400      	lsls	r0, r0, #16
10002710:	1824      	adds	r4, r4, r0

10002712 <l16_1>:
10002712:	0410      	lsls	r0, r2, #16
10002714:	0c13      	lsrs	r3, r2, #16
10002716:	1840      	adds	r0, r0, r1
10002718:	4163      	adcs	r3, r4
1000271a:	182d      	adds	r5, r5, r0
1000271c:	415e      	adcs	r6, r3
1000271e:	2000      	movs	r0, #0
10002720:	4147      	adcs	r7, r0
10002722:	bc06      	pop	{r1, r2}
10002724:	b288      	uxth	r0, r1
10002726:	b293      	uxth	r3, r2
10002728:	4358      	muls	r0, r3
1000272a:	0c0c      	lsrs	r4, r1, #16
1000272c:	4363      	muls	r3, r4
1000272e:	0c12      	lsrs	r2, r2, #16
10002730:	4354      	muls	r4, r2
10002732:	b289      	uxth	r1, r1
10002734:	4351      	muls	r1, r2
10002736:	185b      	adds	r3, r3, r1
10002738:	d302      	bcc.n	10002740 <l17_1>
1000273a:	2101      	movs	r1, #1
1000273c:	0409      	lsls	r1, r1, #16
1000273e:	1864      	adds	r4, r4, r1

10002740 <l17_1>:
10002740:	0419      	lsls	r1, r3, #16
10002742:	0c1a      	lsrs	r2, r3, #16
10002744:	1809      	adds	r1, r1, r0
10002746:	4162      	adcs	r2, r4
10002748:	186d      	adds	r5, r5, r1
1000274a:	4156      	adcs	r6, r2
1000274c:	2000      	movs	r0, #0
1000274e:	4147      	adcs	r7, r0
10002750:	bc18      	pop	{r3, r4}
10002752:	02f9      	lsls	r1, r7, #11
10002754:	0d72      	lsrs	r2, r6, #21
10002756:	4311      	orrs	r1, r2
10002758:	02f0      	lsls	r0, r6, #11
1000275a:	0d6a      	lsrs	r2, r5, #21
1000275c:	4310      	orrs	r0, r2
1000275e:	02ed      	lsls	r5, r5, #11
10002760:	0d0a      	lsrs	r2, r1, #20
10002762:	d103      	bne.n	1000276c <l17_1+0x2c>
10002764:	196d      	adds	r5, r5, r5
10002766:	4140      	adcs	r0, r0
10002768:	4149      	adcs	r1, r1
1000276a:	3b01      	subs	r3, #1
1000276c:	4e12      	ldr	r6, [pc, #72]	@ (100027b8 <dm_1+0xa>)
1000276e:	1b9b      	subs	r3, r3, r6
10002770:	0076      	lsls	r6, r6, #1
10002772:	42b3      	cmp	r3, r6
10002774:	d20e      	bcs.n	10002794 <dm_0>
10002776:	006d      	lsls	r5, r5, #1
10002778:	d307      	bcc.n	1000278a <l17_1+0x4a>
1000277a:	3001      	adds	r0, #1
1000277c:	2600      	movs	r6, #0
1000277e:	4171      	adcs	r1, r6
10002780:	4666      	mov	r6, ip
10002782:	4335      	orrs	r5, r6
10002784:	d101      	bne.n	1000278a <l17_1+0x4a>
10002786:	0840      	lsrs	r0, r0, #1
10002788:	0040      	lsls	r0, r0, #1
1000278a:	051b      	lsls	r3, r3, #20
1000278c:	18c9      	adds	r1, r1, r3

1000278e <dm_2>:
1000278e:	07e4      	lsls	r4, r4, #31
10002790:	4421      	add	r1, r4
10002792:	bdf0      	pop	{r4, r5, r6, r7, pc}

10002794 <dm_0>:
10002794:	da0b      	bge.n	100027ae <dm_1>
10002796:	3301      	adds	r3, #1
10002798:	d106      	bne.n	100027a8 <dm_0+0x14>
1000279a:	3001      	adds	r0, #1
1000279c:	d104      	bne.n	100027a8 <dm_0+0x14>
1000279e:	3101      	adds	r1, #1
100027a0:	0d4f      	lsrs	r7, r1, #21
100027a2:	d001      	beq.n	100027a8 <dm_0+0x14>
100027a4:	0849      	lsrs	r1, r1, #1
100027a6:	e7f2      	b.n	1000278e <dm_2>
100027a8:	07e1      	lsls	r1, r4, #31
100027aa:	2000      	movs	r0, #0
100027ac:	bdf0      	pop	{r4, r5, r6, r7, pc}

100027ae <dm_1>:
100027ae:	3601      	adds	r6, #1
100027b0:	0531      	lsls	r1, r6, #20
100027b2:	2000      	movs	r0, #0
100027b4:	e7eb      	b.n	1000278e <dm_2>
100027b6:	0000      	.short	0x0000
100027b8:	000003ff 	.word	0x000003ff

100027bc <ddiv_shim>:
100027bc:	b5f0      	push	{r4, r5, r6, r7, lr}

100027be <ddiv0>:
100027be:	0d1c      	lsrs	r4, r3, #20
100027c0:	1e67      	subs	r7, r4, #1
100027c2:	053f      	lsls	r7, r7, #20
100027c4:	1bdb      	subs	r3, r3, r7
100027c6:	0ae7      	lsrs	r7, r4, #11
100027c8:	0564      	lsls	r4, r4, #21
100027ca:	0d64      	lsrs	r4, r4, #21
100027cc:	d002      	beq.n	100027d4 <l20_1>
100027ce:	1c66      	adds	r6, r4, #1
100027d0:	0af6      	lsrs	r6, r6, #11
100027d2:	d004      	beq.n	100027de <l20_2>

100027d4 <l20_1>:
100027d4:	2200      	movs	r2, #0
100027d6:	2301      	movs	r3, #1
100027d8:	051b      	lsls	r3, r3, #20
100027da:	3c80      	subs	r4, #128	@ 0x80
100027dc:	0324      	lsls	r4, r4, #12

100027de <l20_2>:
100027de:	25d0      	movs	r5, #208	@ 0xd0
100027e0:	062d      	lsls	r5, r5, #24
100027e2:	2600      	movs	r6, #0
100027e4:	43f6      	mvns	r6, r6
100027e6:	662e      	str	r6, [r5, #96]	@ 0x60
100027e8:	091e      	lsrs	r6, r3, #4
100027ea:	666e      	str	r6, [r5, #100]	@ 0x64
100027ec:	0fce      	lsrs	r6, r1, #31
100027ee:	19f6      	adds	r6, r6, r7
100027f0:	46b4      	mov	ip, r6
100027f2:	0049      	lsls	r1, r1, #1
100027f4:	0d4f      	lsrs	r7, r1, #21
100027f6:	d002      	beq.n	100027fe <l20_2+0x20>
100027f8:	1c7e      	adds	r6, r7, #1
100027fa:	0af6      	lsrs	r6, r6, #11
100027fc:	d003      	beq.n	10002806 <l20_2+0x28>
100027fe:	2000      	movs	r0, #0
10002800:	2100      	movs	r1, #0
10002802:	3f40      	subs	r7, #64	@ 0x40
10002804:	033f      	lsls	r7, r7, #12
10002806:	1b3e      	subs	r6, r7, r4
10002808:	00b6      	lsls	r6, r6, #2
1000280a:	44b4      	add	ip, r6
1000280c:	3f01      	subs	r7, #1
1000280e:	057f      	lsls	r7, r7, #21
10002810:	1bc9      	subs	r1, r1, r7
10002812:	0849      	lsrs	r1, r1, #1
10002814:	6f2e      	ldr	r6, [r5, #112]	@ 0x70
10002816:	3601      	adds	r6, #1
10002818:	0876      	lsrs	r6, r6, #1
1000281a:	029c      	lsls	r4, r3, #10
1000281c:	0d95      	lsrs	r5, r2, #22
1000281e:	4325      	orrs	r5, r4
10002820:	4375      	muls	r5, r6
10002822:	13ed      	asrs	r5, r5, #15
10002824:	4375      	muls	r5, r6
10002826:	13ad      	asrs	r5, r5, #14
10002828:	3501      	adds	r5, #1
1000282a:	106d      	asrs	r5, r5, #1
1000282c:	03f6      	lsls	r6, r6, #15
1000282e:	1b76      	subs	r6, r6, r5
10002830:	b40c      	push	{r2, r3}
10002832:	02cc      	lsls	r4, r1, #11
10002834:	0d45      	lsrs	r5, r0, #21
10002836:	432c      	orrs	r4, r5
10002838:	b2a2      	uxth	r2, r4
1000283a:	b2b3      	uxth	r3, r6
1000283c:	435a      	muls	r2, r3
1000283e:	0c27      	lsrs	r7, r4, #16
10002840:	437b      	muls	r3, r7
10002842:	0c35      	lsrs	r5, r6, #16
10002844:	436f      	muls	r7, r5
10002846:	b2a4      	uxth	r4, r4
10002848:	436c      	muls	r4, r5
1000284a:	191b      	adds	r3, r3, r4
1000284c:	d302      	bcc.n	10002854 <l21_1>
1000284e:	2401      	movs	r4, #1
10002850:	0424      	lsls	r4, r4, #16
10002852:	193f      	adds	r7, r7, r4

10002854 <l21_1>:
10002854:	041c      	lsls	r4, r3, #16
10002856:	0c1d      	lsrs	r5, r3, #16
10002858:	18a4      	adds	r4, r4, r2
1000285a:	417d      	adcs	r5, r7
1000285c:	1924      	adds	r4, r4, r4
1000285e:	416d      	adcs	r5, r5
10002860:	9a00      	ldr	r2, [sp, #0]
10002862:	b291      	uxth	r1, r2
10002864:	b2ac      	uxth	r4, r5
10002866:	4361      	muls	r1, r4
10002868:	0c17      	lsrs	r7, r2, #16
1000286a:	437c      	muls	r4, r7
1000286c:	0c2b      	lsrs	r3, r5, #16
1000286e:	435f      	muls	r7, r3
10002870:	b292      	uxth	r2, r2
10002872:	435a      	muls	r2, r3
10002874:	18a4      	adds	r4, r4, r2
10002876:	d302      	bcc.n	1000287e <l22_1>
10002878:	2201      	movs	r2, #1
1000287a:	0412      	lsls	r2, r2, #16
1000287c:	18bf      	adds	r7, r7, r2

1000287e <l22_1>:
1000287e:	0422      	lsls	r2, r4, #16
10002880:	0c23      	lsrs	r3, r4, #16
10002882:	1852      	adds	r2, r2, r1
10002884:	417b      	adcs	r3, r7
10002886:	9c01      	ldr	r4, [sp, #4]
10002888:	436c      	muls	r4, r5
1000288a:	191b      	adds	r3, r3, r4
1000288c:	0e52      	lsrs	r2, r2, #25
1000288e:	01d9      	lsls	r1, r3, #7
10002890:	430a      	orrs	r2, r1
10002892:	0144      	lsls	r4, r0, #5
10002894:	1aa0      	subs	r0, r4, r2
10002896:	b281      	uxth	r1, r0
10002898:	b2b2      	uxth	r2, r6
1000289a:	4351      	muls	r1, r2
1000289c:	1403      	asrs	r3, r0, #16
1000289e:	435a      	muls	r2, r3
100028a0:	0c36      	lsrs	r6, r6, #16
100028a2:	4373      	muls	r3, r6
100028a4:	b287      	uxth	r7, r0
100028a6:	4377      	muls	r7, r6
100028a8:	17d6      	asrs	r6, r2, #31
100028aa:	19d2      	adds	r2, r2, r7
100028ac:	2700      	movs	r7, #0
100028ae:	417e      	adcs	r6, r7
100028b0:	0436      	lsls	r6, r6, #16
100028b2:	199b      	adds	r3, r3, r6
100028b4:	0417      	lsls	r7, r2, #16
100028b6:	0c16      	lsrs	r6, r2, #16
100028b8:	187f      	adds	r7, r7, r1
100028ba:	415e      	adcs	r6, r3
100028bc:	1673      	asrs	r3, r6, #25
100028be:	18ed      	adds	r5, r5, r3
100028c0:	01f3      	lsls	r3, r6, #7
100028c2:	2600      	movs	r6, #0
100028c4:	3380      	adds	r3, #128	@ 0x80
100028c6:	4175      	adcs	r5, r6
100028c8:	0fa9      	lsrs	r1, r5, #30
100028ca:	d106      	bne.n	100028da <dd_0>
100028cc:	0064      	lsls	r4, r4, #1
100028ce:	0a69      	lsrs	r1, r5, #9
100028d0:	05e8      	lsls	r0, r5, #23
100028d2:	0a5b      	lsrs	r3, r3, #9
100028d4:	4318      	orrs	r0, r3
100028d6:	d209      	bcs.n	100028ec <dd_1>
100028d8:	e02f      	b.n	1000293a <dd_2>

100028da <dd_0>:
100028da:	2204      	movs	r2, #4
100028dc:	4494      	add	ip, r2
100028de:	3380      	adds	r3, #128	@ 0x80
100028e0:	4175      	adcs	r5, r6
100028e2:	0aa9      	lsrs	r1, r5, #10
100028e4:	05a8      	lsls	r0, r5, #22
100028e6:	0a9b      	lsrs	r3, r3, #10
100028e8:	4318      	orrs	r0, r3
100028ea:	d326      	bcc.n	1000293a <dd_2>

100028ec <dd_1>:
100028ec:	4140      	adcs	r0, r0
100028ee:	4149      	adcs	r1, r1
100028f0:	0424      	lsls	r4, r4, #16
100028f2:	9a00      	ldr	r2, [sp, #0]
100028f4:	9b01      	ldr	r3, [sp, #4]
100028f6:	000d      	movs	r5, r1
100028f8:	4355      	muls	r5, r2
100028fa:	1b64      	subs	r4, r4, r5
100028fc:	4343      	muls	r3, r0
100028fe:	1ae4      	subs	r4, r4, r3
10002900:	b295      	uxth	r5, r2
10002902:	b286      	uxth	r6, r0
10002904:	4375      	muls	r5, r6
10002906:	0c17      	lsrs	r7, r2, #16
10002908:	437e      	muls	r6, r7
1000290a:	0c03      	lsrs	r3, r0, #16
1000290c:	435f      	muls	r7, r3
1000290e:	b292      	uxth	r2, r2
10002910:	435a      	muls	r2, r3
10002912:	18b6      	adds	r6, r6, r2
10002914:	d302      	bcc.n	1000291c <l24_1>
10002916:	2201      	movs	r2, #1
10002918:	0412      	lsls	r2, r2, #16
1000291a:	18bf      	adds	r7, r7, r2

1000291c <l24_1>:
1000291c:	0432      	lsls	r2, r6, #16
1000291e:	0c33      	lsrs	r3, r6, #16
10002920:	1952      	adds	r2, r2, r5
10002922:	417b      	adcs	r3, r7
10002924:	4252      	negs	r2, r2
10002926:	419c      	sbcs	r4, r3
10002928:	2c00      	cmp	r4, #0
1000292a:	d402      	bmi.n	10002932 <l24_1+0x16>
1000292c:	2200      	movs	r2, #0
1000292e:	3001      	adds	r0, #1
10002930:	4151      	adcs	r1, r2
10002932:	0840      	lsrs	r0, r0, #1
10002934:	07ca      	lsls	r2, r1, #31
10002936:	4310      	orrs	r0, r2
10002938:	0849      	lsrs	r1, r1, #1

1000293a <dd_2>:
1000293a:	b002      	add	sp, #8
1000293c:	4662      	mov	r2, ip
1000293e:	07d7      	lsls	r7, r2, #31
10002940:	1092      	asrs	r2, r2, #2
10002942:	4b08      	ldr	r3, [pc, #32]	@ (10002964 <dd_4+0x6>)
10002944:	18d2      	adds	r2, r2, r3
10002946:	4b08      	ldr	r3, [pc, #32]	@ (10002968 <dd_4+0xa>)
10002948:	429a      	cmp	r2, r3
1000294a:	d203      	bcs.n	10002954 <dd_3>
1000294c:	0512      	lsls	r2, r2, #20
1000294e:	1889      	adds	r1, r1, r2

10002950 <dd_5>:
10002950:	19c9      	adds	r1, r1, r7
10002952:	bdf0      	pop	{r4, r5, r6, r7, pc}

10002954 <dd_3>:
10002954:	2000      	movs	r0, #0
10002956:	2a00      	cmp	r2, #0
10002958:	dc01      	bgt.n	1000295e <dd_4>
1000295a:	0039      	movs	r1, r7
1000295c:	bdf0      	pop	{r4, r5, r6, r7, pc}

1000295e <dd_4>:
1000295e:	3301      	adds	r3, #1
10002960:	0519      	lsls	r1, r3, #20
10002962:	e7f5      	b.n	10002950 <dd_5>
10002964:	000003fd 	.word	0x000003fd
10002968:	000007fe 	.word	0x000007fe

1000296c <double2uint_shim>:
1000296c:	2200      	movs	r2, #0

1000296e <double2ufix_shim>:
1000296e:	b500      	push	{lr}
10002970:	3220      	adds	r2, #32
10002972:	f000 f804 	bl	1000297e <double2ufix64_shim>
10002976:	0008      	movs	r0, r1
10002978:	bd00      	pop	{pc}
	...

1000297c <double2uint64_shim>:
1000297c:	2200      	movs	r2, #0

1000297e <double2ufix64_shim>:
1000297e:	150b      	asrs	r3, r1, #20
10002980:	d40a      	bmi.n	10002998 <ret_dzero>

10002982 <d2fix>:
10002982:	b510      	push	{r4, lr}
10002984:	4694      	mov	ip, r2
10002986:	f000 f831 	bl	100029ec <dunpacks>
1000298a:	1414      	asrs	r4, r2, #16
1000298c:	3401      	adds	r4, #1
1000298e:	da00      	bge.n	10002992 <d2fix+0x10>
10002990:	2100      	movs	r1, #0
10002992:	17cb      	asrs	r3, r1, #31
10002994:	4c14      	ldr	r4, [pc, #80]	@ (100029e8 <d2fix_a+0x4a>)
10002996:	4720      	bx	r4

10002998 <ret_dzero>:
10002998:	2000      	movs	r0, #0
1000299a:	2100      	movs	r1, #0
1000299c:	4770      	bx	lr

1000299e <d2fix_a>:
1000299e:	4462      	add	r2, ip
100029a0:	3a34      	subs	r2, #52	@ 0x34
100029a2:	d40c      	bmi.n	100029be <d2fix_a+0x20>
100029a4:	2a0c      	cmp	r2, #12
100029a6:	da07      	bge.n	100029b8 <d2fix_a+0x1a>
100029a8:	0004      	movs	r4, r0
100029aa:	4091      	lsls	r1, r2
100029ac:	4090      	lsls	r0, r2
100029ae:	4252      	negs	r2, r2
100029b0:	3220      	adds	r2, #32
100029b2:	40d4      	lsrs	r4, r2
100029b4:	4321      	orrs	r1, r4
100029b6:	bd10      	pop	{r4, pc}
100029b8:	43d8      	mvns	r0, r3
100029ba:	43d9      	mvns	r1, r3
100029bc:	bd10      	pop	{r4, pc}
100029be:	3220      	adds	r2, #32
100029c0:	d407      	bmi.n	100029d2 <d2fix_a+0x34>
100029c2:	460c      	mov	r4, r1
100029c4:	4094      	lsls	r4, r2
100029c6:	4252      	negs	r2, r2
100029c8:	3220      	adds	r2, #32
100029ca:	4111      	asrs	r1, r2
100029cc:	40d0      	lsrs	r0, r2
100029ce:	4320      	orrs	r0, r4
100029d0:	bd10      	pop	{r4, pc}
100029d2:	0008      	movs	r0, r1
100029d4:	17c9      	asrs	r1, r1, #31
100029d6:	3220      	adds	r2, #32
100029d8:	d403      	bmi.n	100029e2 <d2fix_a+0x44>
100029da:	4252      	negs	r2, r2
100029dc:	3220      	adds	r2, #32
100029de:	4110      	asrs	r0, r2
100029e0:	bd10      	pop	{r4, pc}
100029e2:	0018      	movs	r0, r3
100029e4:	0019      	movs	r1, r3
100029e6:	bd10      	pop	{r4, pc}
100029e8:	1000299f 	.word	0x1000299f

100029ec <dunpacks>:
100029ec:	0d0a      	lsrs	r2, r1, #20
100029ee:	0fcc      	lsrs	r4, r1, #31
100029f0:	1e53      	subs	r3, r2, #1
100029f2:	051b      	lsls	r3, r3, #20
100029f4:	1ac9      	subs	r1, r1, r3
100029f6:	0552      	lsls	r2, r2, #21
100029f8:	d303      	bcc.n	10002a02 <l60_1>
100029fa:	43c9      	mvns	r1, r1
100029fc:	4240      	negs	r0, r0
100029fe:	d300      	bcc.n	10002a02 <l60_1>
10002a00:	3101      	adds	r1, #1

10002a02 <l60_1>:
10002a02:	0d52      	lsrs	r2, r2, #21
10002a04:	d003      	beq.n	10002a0e <l60_2>
10002a06:	1c53      	adds	r3, r2, #1
10002a08:	0adb      	lsrs	r3, r3, #11
10002a0a:	d007      	beq.n	10002a1c <l60_3>
10002a0c:	1b12      	subs	r2, r2, r4

10002a0e <l60_2>:
10002a0e:	2000      	movs	r0, #0
10002a10:	0064      	lsls	r4, r4, #1
10002a12:	1c61      	adds	r1, r4, #1
10002a14:	0789      	lsls	r1, r1, #30
10002a16:	1289      	asrs	r1, r1, #10
10002a18:	3a80      	subs	r2, #128	@ 0x80
10002a1a:	0312      	lsls	r2, r2, #12

10002a1c <l60_3>:
10002a1c:	4b01      	ldr	r3, [pc, #4]	@ (10002a24 <l60_3+0x8>)
10002a1e:	1ad2      	subs	r2, r2, r3
10002a20:	4770      	bx	lr
10002a22:	0000      	.short	0x0000
10002a24:	000003ff 	.word	0x000003ff

10002a28 <__wrap___aeabi_lmul>:
10002a28:	4351      	muls	r1, r2
10002a2a:	4343      	muls	r3, r0
10002a2c:	18c9      	adds	r1, r1, r3
10002a2e:	468c      	mov	ip, r1
10002a30:	0c11      	lsrs	r1, r2, #16
10002a32:	b283      	uxth	r3, r0
10002a34:	434b      	muls	r3, r1
10002a36:	b410      	push	{r4}
10002a38:	0c04      	lsrs	r4, r0, #16
10002a3a:	4361      	muls	r1, r4
10002a3c:	b292      	uxth	r2, r2
10002a3e:	b280      	uxth	r0, r0
10002a40:	4350      	muls	r0, r2
10002a42:	4362      	muls	r2, r4
10002a44:	041c      	lsls	r4, r3, #16
10002a46:	0c1b      	lsrs	r3, r3, #16
10002a48:	1900      	adds	r0, r0, r4
10002a4a:	bc10      	pop	{r4}
10002a4c:	4159      	adcs	r1, r3
10002a4e:	0413      	lsls	r3, r2, #16
10002a50:	0c12      	lsrs	r2, r2, #16
10002a52:	18c0      	adds	r0, r0, r3
10002a54:	4151      	adcs	r1, r2
10002a56:	4461      	add	r1, ip
10002a58:	4770      	bx	lr
	...

10002a5c <__aeabi_float_init>:
10002a5c:	2313      	movs	r3, #19
10002a5e:	b510      	push	{r4, lr}
10002a60:	781c      	ldrb	r4, [r3, #0]
10002a62:	4813      	ldr	r0, [pc, #76]	@ (10002ab0 <__aeabi_float_init+0x54>)
10002a64:	f7ff f818 	bl	10001a98 <rom_data_lookup>
10002a68:	2c01      	cmp	r4, #1
10002a6a:	d00b      	beq.n	10002a84 <__aeabi_float_init+0x28>
10002a6c:	dd04      	ble.n	10002a78 <__aeabi_float_init+0x1c>
10002a6e:	0001      	movs	r1, r0
10002a70:	2280      	movs	r2, #128	@ 0x80
10002a72:	4810      	ldr	r0, [pc, #64]	@ (10002ab4 <__aeabi_float_init+0x58>)
10002a74:	f000 f84a 	bl	10002b0c <__wrap___aeabi_memcpy>
10002a78:	480f      	ldr	r0, [pc, #60]	@ (10002ab8 <__aeabi_float_init+0x5c>)
10002a7a:	f7ff f805 	bl	10001a88 <rom_func_lookup>
10002a7e:	4b0f      	ldr	r3, [pc, #60]	@ (10002abc <__aeabi_float_init+0x60>)
10002a80:	6018      	str	r0, [r3, #0]
10002a82:	bd10      	pop	{r4, pc}
10002a84:	4c0b      	ldr	r4, [pc, #44]	@ (10002ab4 <__aeabi_float_init+0x58>)
10002a86:	0001      	movs	r1, r0
10002a88:	2254      	movs	r2, #84	@ 0x54
10002a8a:	0020      	movs	r0, r4
10002a8c:	f000 f83e 	bl	10002b0c <__wrap___aeabi_memcpy>
10002a90:	4b0b      	ldr	r3, [pc, #44]	@ (10002ac0 <__aeabi_float_init+0x64>)
10002a92:	6563      	str	r3, [r4, #84]	@ 0x54
10002a94:	65a3      	str	r3, [r4, #88]	@ 0x58
10002a96:	65e3      	str	r3, [r4, #92]	@ 0x5c
10002a98:	6623      	str	r3, [r4, #96]	@ 0x60
10002a9a:	6663      	str	r3, [r4, #100]	@ 0x64
10002a9c:	66a3      	str	r3, [r4, #104]	@ 0x68
10002a9e:	66e3      	str	r3, [r4, #108]	@ 0x6c
10002aa0:	6723      	str	r3, [r4, #112]	@ 0x70
10002aa2:	6763      	str	r3, [r4, #116]	@ 0x74
10002aa4:	67a3      	str	r3, [r4, #120]	@ 0x78
10002aa6:	67e3      	str	r3, [r4, #124]	@ 0x7c
10002aa8:	6223      	str	r3, [r4, #32]
10002aaa:	61e3      	str	r3, [r4, #28]
10002aac:	e7e4      	b.n	10002a78 <__aeabi_float_init+0x1c>
10002aae:	46c0      	nop			@ (mov r8, r8)
10002ab0:	00004653 	.word	0x00004653
10002ab4:	200013e8 	.word	0x200013e8
10002ab8:	0000334c 	.word	0x0000334c
10002abc:	20001e94 	.word	0x20001e94
10002ac0:	10002ac5 	.word	0x10002ac5

10002ac4 <float_table_shim_on_use_helper>:
10002ac4:	b507      	push	{r0, r1, r2, lr}
10002ac6:	4660      	mov	r0, ip
10002ac8:	8801      	ldrh	r1, [r0, #0]
10002aca:	0a0a      	lsrs	r2, r1, #8
10002acc:	3002      	adds	r0, #2
10002ace:	2adf      	cmp	r2, #223	@ 0xdf
10002ad0:	d1fa      	bne.n	10002ac8 <float_table_shim_on_use_helper+0x4>
10002ad2:	b2c9      	uxtb	r1, r1
10002ad4:	0882      	lsrs	r2, r0, #2
10002ad6:	d304      	bcc.n	10002ae2 <float_table_shim_on_use_helper+0x1e>
10002ad8:	8802      	ldrh	r2, [r0, #0]
10002ada:	8840      	ldrh	r0, [r0, #2]
10002adc:	0400      	lsls	r0, r0, #16
10002ade:	4310      	orrs	r0, r2
10002ae0:	e000      	b.n	10002ae4 <float_table_shim_on_use_helper+0x20>
10002ae2:	6800      	ldr	r0, [r0, #0]
10002ae4:	4a01      	ldr	r2, [pc, #4]	@ (10002aec <float_table_shim_on_use_helper+0x28>)
10002ae6:	5050      	str	r0, [r2, r1]
10002ae8:	9003      	str	r0, [sp, #12]
10002aea:	bd07      	pop	{r0, r1, r2, pc}
10002aec:	200013e8 	.word	0x200013e8

10002af0 <__aeabi_mem_init>:
10002af0:	4801      	ldr	r0, [pc, #4]	@ (10002af8 <__aeabi_mem_init+0x8>)
10002af2:	2104      	movs	r1, #4
10002af4:	4b01      	ldr	r3, [pc, #4]	@ (10002afc <__aeabi_mem_init+0xc>)
10002af6:	4718      	bx	r3
10002af8:	20001020 	.word	0x20001020
10002afc:	10001aa9 	.word	0x10001aa9

10002b00 <__wrap_memset>:
10002b00:	4b01      	ldr	r3, [pc, #4]	@ (10002b08 <__wrap_memset+0x8>)
10002b02:	681b      	ldr	r3, [r3, #0]
10002b04:	4718      	bx	r3
10002b06:	0000      	.short	0x0000
10002b08:	20001020 	.word	0x20001020

10002b0c <__wrap___aeabi_memcpy>:
10002b0c:	4b01      	ldr	r3, [pc, #4]	@ (10002b14 <__wrap___aeabi_memcpy+0x8>)
10002b0e:	685b      	ldr	r3, [r3, #4]
10002b10:	4718      	bx	r3
10002b12:	0000      	.short	0x0000
10002b14:	20001020 	.word	0x20001020

10002b18 <_out_null>:
10002b18:	4770      	bx	lr
10002b1a:	46c0      	nop			@ (mov r8, r8)

10002b1c <_out_rev>:
10002b1c:	b5f8      	push	{r3, r4, r5, r6, r7, lr}
10002b1e:	46de      	mov	lr, fp
10002b20:	4657      	mov	r7, sl
10002b22:	464e      	mov	r6, r9
10002b24:	4645      	mov	r5, r8
10002b26:	b5e0      	push	{r5, r6, r7, lr}
10002b28:	4699      	mov	r9, r3
10002b2a:	9b0d      	ldr	r3, [sp, #52]	@ 0x34
10002b2c:	0007      	movs	r7, r0
10002b2e:	4688      	mov	r8, r1
10002b30:	4693      	mov	fp, r2
10002b32:	079b      	lsls	r3, r3, #30
10002b34:	d028      	beq.n	10002b88 <_out_rev+0x6c>
10002b36:	9b0b      	ldr	r3, [sp, #44]	@ 0x2c
10002b38:	2b00      	cmp	r3, #0
10002b3a:	d03c      	beq.n	10002bb6 <_out_rev+0x9a>
10002b3c:	0016      	movs	r6, r2
10002b3e:	9c0b      	ldr	r4, [sp, #44]	@ 0x2c
10002b40:	9d0a      	ldr	r5, [sp, #40]	@ 0x28
10002b42:	1936      	adds	r6, r6, r4
10002b44:	1b32      	subs	r2, r6, r4
10002b46:	3c01      	subs	r4, #1
10002b48:	464b      	mov	r3, r9
10002b4a:	4641      	mov	r1, r8
10002b4c:	5d28      	ldrb	r0, [r5, r4]
10002b4e:	47b8      	blx	r7
10002b50:	2c00      	cmp	r4, #0
10002b52:	d1f7      	bne.n	10002b44 <_out_rev+0x28>
10002b54:	0035      	movs	r5, r6
10002b56:	9b0d      	ldr	r3, [sp, #52]	@ 0x34
10002b58:	079b      	lsls	r3, r3, #30
10002b5a:	d50e      	bpl.n	10002b7a <_out_rev+0x5e>
10002b5c:	465b      	mov	r3, fp
10002b5e:	1aec      	subs	r4, r5, r3
10002b60:	9b0c      	ldr	r3, [sp, #48]	@ 0x30
10002b62:	42a3      	cmp	r3, r4
10002b64:	d909      	bls.n	10002b7a <_out_rev+0x5e>
10002b66:	001e      	movs	r6, r3
10002b68:	002a      	movs	r2, r5
10002b6a:	464b      	mov	r3, r9
10002b6c:	4641      	mov	r1, r8
10002b6e:	2020      	movs	r0, #32
10002b70:	3401      	adds	r4, #1
10002b72:	47b8      	blx	r7
10002b74:	3501      	adds	r5, #1
10002b76:	42b4      	cmp	r4, r6
10002b78:	d3f6      	bcc.n	10002b68 <_out_rev+0x4c>
10002b7a:	0028      	movs	r0, r5
10002b7c:	bcf0      	pop	{r4, r5, r6, r7}
10002b7e:	46bb      	mov	fp, r7
10002b80:	46b2      	mov	sl, r6
10002b82:	46a9      	mov	r9, r5
10002b84:	46a0      	mov	r8, r4
10002b86:	bdf8      	pop	{r3, r4, r5, r6, r7, pc}
10002b88:	9b0b      	ldr	r3, [sp, #44]	@ 0x2c
10002b8a:	9a0c      	ldr	r2, [sp, #48]	@ 0x30
10002b8c:	4293      	cmp	r3, r2
10002b8e:	d214      	bcs.n	10002bba <_out_rev+0x9e>
10002b90:	0013      	movs	r3, r2
10002b92:	465d      	mov	r5, fp
10002b94:	000c      	movs	r4, r1
10002b96:	9a0b      	ldr	r2, [sp, #44]	@ 0x2c
10002b98:	1a9e      	subs	r6, r3, r2
10002b9a:	1976      	adds	r6, r6, r5
10002b9c:	002a      	movs	r2, r5
10002b9e:	464b      	mov	r3, r9
10002ba0:	3501      	adds	r5, #1
10002ba2:	0021      	movs	r1, r4
10002ba4:	2020      	movs	r0, #32
10002ba6:	47b8      	blx	r7
10002ba8:	42b5      	cmp	r5, r6
10002baa:	d1f7      	bne.n	10002b9c <_out_rev+0x80>
10002bac:	9b0b      	ldr	r3, [sp, #44]	@ 0x2c
10002bae:	46a0      	mov	r8, r4
10002bb0:	2b00      	cmp	r3, #0
10002bb2:	d1c4      	bne.n	10002b3e <_out_rev+0x22>
10002bb4:	e7e1      	b.n	10002b7a <_out_rev+0x5e>
10002bb6:	0015      	movs	r5, r2
10002bb8:	e7cd      	b.n	10002b56 <_out_rev+0x3a>
10002bba:	465e      	mov	r6, fp
10002bbc:	2b00      	cmp	r3, #0
10002bbe:	d1be      	bne.n	10002b3e <_out_rev+0x22>
10002bc0:	465d      	mov	r5, fp
10002bc2:	e7da      	b.n	10002b7a <_out_rev+0x5e>

10002bc4 <_ntoa_format>:
10002bc4:	b5f0      	push	{r4, r5, r6, r7, lr}
10002bc6:	464f      	mov	r7, r9
10002bc8:	46d6      	mov	lr, sl
10002bca:	4646      	mov	r6, r8
10002bcc:	b5c0      	push	{r6, r7, lr}
10002bce:	b084      	sub	sp, #16
10002bd0:	469c      	mov	ip, r3
10002bd2:	ab0e      	add	r3, sp, #56	@ 0x38
10002bd4:	781f      	ldrb	r7, [r3, #0]
10002bd6:	9b12      	ldr	r3, [sp, #72]	@ 0x48
10002bd8:	4691      	mov	r9, r2
10002bda:	46ba      	mov	sl, r7
10002bdc:	9c0d      	ldr	r4, [sp, #52]	@ 0x34
10002bde:	9e10      	ldr	r6, [sp, #64]	@ 0x40
10002be0:	9d11      	ldr	r5, [sp, #68]	@ 0x44
10002be2:	079b      	lsls	r3, r3, #30
10002be4:	d44c      	bmi.n	10002c80 <_ntoa_format+0xbc>
10002be6:	2d00      	cmp	r5, #0
10002be8:	d141      	bne.n	10002c6e <_ntoa_format+0xaa>
10002bea:	42b4      	cmp	r4, r6
10002bec:	d248      	bcs.n	10002c80 <_ntoa_format+0xbc>
10002bee:	2301      	movs	r3, #1
10002bf0:	9f12      	ldr	r7, [sp, #72]	@ 0x48
10002bf2:	401f      	ands	r7, r3
10002bf4:	46b8      	mov	r8, r7
10002bf6:	9b0c      	ldr	r3, [sp, #48]	@ 0x30
10002bf8:	1e5f      	subs	r7, r3, #1
10002bfa:	2330      	movs	r3, #48	@ 0x30
10002bfc:	e003      	b.n	10002c06 <_ntoa_format+0x42>
10002bfe:	3401      	adds	r4, #1
10002c00:	553b      	strb	r3, [r7, r4]
10002c02:	42a6      	cmp	r6, r4
10002c04:	d901      	bls.n	10002c0a <_ntoa_format+0x46>
10002c06:	2c20      	cmp	r4, #32
10002c08:	d1f9      	bne.n	10002bfe <_ntoa_format+0x3a>
10002c0a:	4643      	mov	r3, r8
10002c0c:	2b00      	cmp	r3, #0
10002c0e:	d100      	bne.n	10002c12 <_ntoa_format+0x4e>
10002c10:	e087      	b.n	10002d22 <_ntoa_format+0x15e>
10002c12:	9b0c      	ldr	r3, [sp, #48]	@ 0x30
10002c14:	1e5f      	subs	r7, r3, #1
10002c16:	2330      	movs	r3, #48	@ 0x30
10002c18:	42a5      	cmp	r5, r4
10002c1a:	d804      	bhi.n	10002c26 <_ntoa_format+0x62>
10002c1c:	e030      	b.n	10002c80 <_ntoa_format+0xbc>
10002c1e:	3401      	adds	r4, #1
10002c20:	553b      	strb	r3, [r7, r4]
10002c22:	42ac      	cmp	r4, r5
10002c24:	d02c      	beq.n	10002c80 <_ntoa_format+0xbc>
10002c26:	2c20      	cmp	r4, #32
10002c28:	d1f9      	bne.n	10002c1e <_ntoa_format+0x5a>
10002c2a:	9b12      	ldr	r3, [sp, #72]	@ 0x48
10002c2c:	06db      	lsls	r3, r3, #27
10002c2e:	d50d      	bpl.n	10002c4c <_ntoa_format+0x88>
10002c30:	9b12      	ldr	r3, [sp, #72]	@ 0x48
10002c32:	055b      	lsls	r3, r3, #21
10002c34:	d457      	bmi.n	10002ce6 <_ntoa_format+0x122>
10002c36:	42a6      	cmp	r6, r4
10002c38:	d067      	beq.n	10002d0a <_ntoa_format+0x146>
10002c3a:	42a5      	cmp	r5, r4
10002c3c:	d065      	beq.n	10002d0a <_ntoa_format+0x146>
10002c3e:	9b0f      	ldr	r3, [sp, #60]	@ 0x3c
10002c40:	2b10      	cmp	r3, #16
10002c42:	d053      	beq.n	10002cec <_ntoa_format+0x128>
10002c44:	2b02      	cmp	r3, #2
10002c46:	d05b      	beq.n	10002d00 <_ntoa_format+0x13c>
10002c48:	2c20      	cmp	r4, #32
10002c4a:	d136      	bne.n	10002cba <_ntoa_format+0xf6>
10002c4c:	2320      	movs	r3, #32
10002c4e:	9c12      	ldr	r4, [sp, #72]	@ 0x48
10002c50:	9301      	str	r3, [sp, #4]
10002c52:	9b0c      	ldr	r3, [sp, #48]	@ 0x30
10002c54:	464a      	mov	r2, r9
10002c56:	9300      	str	r3, [sp, #0]
10002c58:	9403      	str	r4, [sp, #12]
10002c5a:	4663      	mov	r3, ip
10002c5c:	9502      	str	r5, [sp, #8]
10002c5e:	f7ff ff5d 	bl	10002b1c <_out_rev>
10002c62:	b004      	add	sp, #16
10002c64:	bce0      	pop	{r5, r6, r7}
10002c66:	46ba      	mov	sl, r7
10002c68:	46b1      	mov	r9, r6
10002c6a:	46a8      	mov	r8, r5
10002c6c:	bdf0      	pop	{r4, r5, r6, r7, pc}
10002c6e:	2301      	movs	r3, #1
10002c70:	9a12      	ldr	r2, [sp, #72]	@ 0x48
10002c72:	4013      	ands	r3, r2
10002c74:	4698      	mov	r8, r3
10002c76:	2301      	movs	r3, #1
10002c78:	4213      	tst	r3, r2
10002c7a:	d12d      	bne.n	10002cd8 <_ntoa_format+0x114>
10002c7c:	42b4      	cmp	r4, r6
10002c7e:	d3ba      	bcc.n	10002bf6 <_ntoa_format+0x32>
10002c80:	9b12      	ldr	r3, [sp, #72]	@ 0x48
10002c82:	06db      	lsls	r3, r3, #27
10002c84:	d51e      	bpl.n	10002cc4 <_ntoa_format+0x100>
10002c86:	9b12      	ldr	r3, [sp, #72]	@ 0x48
10002c88:	055b      	lsls	r3, r3, #21
10002c8a:	d4d8      	bmi.n	10002c3e <_ntoa_format+0x7a>
10002c8c:	2c00      	cmp	r4, #0
10002c8e:	d1d2      	bne.n	10002c36 <_ntoa_format+0x72>
10002c90:	9b0f      	ldr	r3, [sp, #60]	@ 0x3c
10002c92:	2b10      	cmp	r3, #16
10002c94:	d060      	beq.n	10002d58 <_ntoa_format+0x194>
10002c96:	9b0f      	ldr	r3, [sp, #60]	@ 0x3c
10002c98:	2b02      	cmp	r3, #2
10002c9a:	d071      	beq.n	10002d80 <_ntoa_format+0x1bc>
10002c9c:	2330      	movs	r3, #48	@ 0x30
10002c9e:	2401      	movs	r4, #1
10002ca0:	9a0c      	ldr	r2, [sp, #48]	@ 0x30
10002ca2:	7013      	strb	r3, [r2, #0]
10002ca4:	4653      	mov	r3, sl
10002ca6:	2b00      	cmp	r3, #0
10002ca8:	d111      	bne.n	10002cce <_ntoa_format+0x10a>
10002caa:	9b12      	ldr	r3, [sp, #72]	@ 0x48
10002cac:	075b      	lsls	r3, r3, #29
10002cae:	d540      	bpl.n	10002d32 <_ntoa_format+0x16e>
10002cb0:	262b      	movs	r6, #43	@ 0x2b
10002cb2:	9a0c      	ldr	r2, [sp, #48]	@ 0x30
10002cb4:	1c63      	adds	r3, r4, #1
10002cb6:	5516      	strb	r6, [r2, r4]
10002cb8:	e7c9      	b.n	10002c4e <_ntoa_format+0x8a>
10002cba:	0023      	movs	r3, r4
10002cbc:	3401      	adds	r4, #1
10002cbe:	2630      	movs	r6, #48	@ 0x30
10002cc0:	9a0c      	ldr	r2, [sp, #48]	@ 0x30
10002cc2:	54d6      	strb	r6, [r2, r3]
10002cc4:	2c20      	cmp	r4, #32
10002cc6:	d0c1      	beq.n	10002c4c <_ntoa_format+0x88>
10002cc8:	4653      	mov	r3, sl
10002cca:	2b00      	cmp	r3, #0
10002ccc:	d0ed      	beq.n	10002caa <_ntoa_format+0xe6>
10002cce:	262d      	movs	r6, #45	@ 0x2d
10002cd0:	9a0c      	ldr	r2, [sp, #48]	@ 0x30
10002cd2:	1c63      	adds	r3, r4, #1
10002cd4:	5516      	strb	r6, [r2, r4]
10002cd6:	e7ba      	b.n	10002c4e <_ntoa_format+0x8a>
10002cd8:	2f00      	cmp	r7, #0
10002cda:	d034      	beq.n	10002d46 <_ntoa_format+0x182>
10002cdc:	3d01      	subs	r5, #1
10002cde:	42b4      	cmp	r4, r6
10002ce0:	d200      	bcs.n	10002ce4 <_ntoa_format+0x120>
10002ce2:	e788      	b.n	10002bf6 <_ntoa_format+0x32>
10002ce4:	e795      	b.n	10002c12 <_ntoa_format+0x4e>
10002ce6:	9b0f      	ldr	r3, [sp, #60]	@ 0x3c
10002ce8:	2b10      	cmp	r3, #16
10002cea:	d1af      	bne.n	10002c4c <_ntoa_format+0x88>
10002cec:	9b12      	ldr	r3, [sp, #72]	@ 0x48
10002cee:	069b      	lsls	r3, r3, #26
10002cf0:	d53c      	bpl.n	10002d6c <_ntoa_format+0x1a8>
10002cf2:	2c20      	cmp	r4, #32
10002cf4:	d0aa      	beq.n	10002c4c <_ntoa_format+0x88>
10002cf6:	2358      	movs	r3, #88	@ 0x58
10002cf8:	9a0c      	ldr	r2, [sp, #48]	@ 0x30
10002cfa:	5513      	strb	r3, [r2, r4]
10002cfc:	3401      	adds	r4, #1
10002cfe:	e7a3      	b.n	10002c48 <_ntoa_format+0x84>
10002d00:	2c20      	cmp	r4, #32
10002d02:	d0a3      	beq.n	10002c4c <_ntoa_format+0x88>
10002d04:	0023      	movs	r3, r4
10002d06:	3401      	adds	r4, #1
10002d08:	e007      	b.n	10002d1a <_ntoa_format+0x156>
10002d0a:	1e63      	subs	r3, r4, #1
10002d0c:	2c01      	cmp	r4, #1
10002d0e:	d0bf      	beq.n	10002c90 <_ntoa_format+0xcc>
10002d10:	9a0f      	ldr	r2, [sp, #60]	@ 0x3c
10002d12:	2a10      	cmp	r2, #16
10002d14:	d036      	beq.n	10002d84 <_ntoa_format+0x1c0>
10002d16:	2a02      	cmp	r2, #2
10002d18:	d1d1      	bne.n	10002cbe <_ntoa_format+0xfa>
10002d1a:	2662      	movs	r6, #98	@ 0x62
10002d1c:	9a0c      	ldr	r2, [sp, #48]	@ 0x30
10002d1e:	54d6      	strb	r6, [r2, r3]
10002d20:	e792      	b.n	10002c48 <_ntoa_format+0x84>
10002d22:	9b12      	ldr	r3, [sp, #72]	@ 0x48
10002d24:	06db      	lsls	r3, r3, #27
10002d26:	d5cd      	bpl.n	10002cc4 <_ntoa_format+0x100>
10002d28:	9b12      	ldr	r3, [sp, #72]	@ 0x48
10002d2a:	055b      	lsls	r3, r3, #21
10002d2c:	d400      	bmi.n	10002d30 <_ntoa_format+0x16c>
10002d2e:	e782      	b.n	10002c36 <_ntoa_format+0x72>
10002d30:	e785      	b.n	10002c3e <_ntoa_format+0x7a>
10002d32:	9a12      	ldr	r2, [sp, #72]	@ 0x48
10002d34:	0023      	movs	r3, r4
10002d36:	0716      	lsls	r6, r2, #28
10002d38:	d400      	bmi.n	10002d3c <_ntoa_format+0x178>
10002d3a:	e788      	b.n	10002c4e <_ntoa_format+0x8a>
10002d3c:	2620      	movs	r6, #32
10002d3e:	9a0c      	ldr	r2, [sp, #48]	@ 0x30
10002d40:	3301      	adds	r3, #1
10002d42:	5516      	strb	r6, [r2, r4]
10002d44:	e783      	b.n	10002c4e <_ntoa_format+0x8a>
10002d46:	230c      	movs	r3, #12
10002d48:	4013      	ands	r3, r2
10002d4a:	1e5f      	subs	r7, r3, #1
10002d4c:	41bb      	sbcs	r3, r7
10002d4e:	1aed      	subs	r5, r5, r3
10002d50:	42b4      	cmp	r4, r6
10002d52:	d200      	bcs.n	10002d56 <_ntoa_format+0x192>
10002d54:	e74f      	b.n	10002bf6 <_ntoa_format+0x32>
10002d56:	e75c      	b.n	10002c12 <_ntoa_format+0x4e>
10002d58:	9b12      	ldr	r3, [sp, #72]	@ 0x48
10002d5a:	069b      	lsls	r3, r3, #26
10002d5c:	d40e      	bmi.n	10002d7c <_ntoa_format+0x1b8>
10002d5e:	2378      	movs	r3, #120	@ 0x78
10002d60:	9a0c      	ldr	r2, [sp, #48]	@ 0x30
10002d62:	2402      	movs	r4, #2
10002d64:	7013      	strb	r3, [r2, #0]
10002d66:	2330      	movs	r3, #48	@ 0x30
10002d68:	7053      	strb	r3, [r2, #1]
10002d6a:	e79b      	b.n	10002ca4 <_ntoa_format+0xe0>
10002d6c:	2c20      	cmp	r4, #32
10002d6e:	d100      	bne.n	10002d72 <_ntoa_format+0x1ae>
10002d70:	e76c      	b.n	10002c4c <_ntoa_format+0x88>
10002d72:	2378      	movs	r3, #120	@ 0x78
10002d74:	9a0c      	ldr	r2, [sp, #48]	@ 0x30
10002d76:	5513      	strb	r3, [r2, r4]
10002d78:	3401      	adds	r4, #1
10002d7a:	e765      	b.n	10002c48 <_ntoa_format+0x84>
10002d7c:	2358      	movs	r3, #88	@ 0x58
10002d7e:	e7ef      	b.n	10002d60 <_ntoa_format+0x19c>
10002d80:	3360      	adds	r3, #96	@ 0x60
10002d82:	e7ed      	b.n	10002d60 <_ntoa_format+0x19c>
10002d84:	9a0c      	ldr	r2, [sp, #48]	@ 0x30
10002d86:	1ea6      	subs	r6, r4, #2
10002d88:	18b6      	adds	r6, r6, r2
10002d8a:	9a12      	ldr	r2, [sp, #72]	@ 0x48
10002d8c:	0692      	lsls	r2, r2, #26
10002d8e:	d502      	bpl.n	10002d96 <_ntoa_format+0x1d2>
10002d90:	2258      	movs	r2, #88	@ 0x58
10002d92:	7032      	strb	r2, [r6, #0]
10002d94:	e793      	b.n	10002cbe <_ntoa_format+0xfa>
10002d96:	2278      	movs	r2, #120	@ 0x78
10002d98:	7032      	strb	r2, [r6, #0]
10002d9a:	e790      	b.n	10002cbe <_ntoa_format+0xfa>

10002d9c <_out_char>:
10002d9c:	b510      	push	{r4, lr}
10002d9e:	2800      	cmp	r0, #0
10002da0:	d100      	bne.n	10002da4 <_out_char+0x8>
10002da2:	bd10      	pop	{r4, pc}
10002da4:	f001 fbac 	bl	10004500 <__wrap_putchar>
10002da8:	e7fb      	b.n	10002da2 <_out_char+0x6>
10002daa:	46c0      	nop			@ (mov r8, r8)

10002dac <_out_fct>:
10002dac:	b510      	push	{r4, lr}
10002dae:	2800      	cmp	r0, #0
10002db0:	d003      	beq.n	10002dba <_out_fct+0xe>
10002db2:	684a      	ldr	r2, [r1, #4]
10002db4:	680b      	ldr	r3, [r1, #0]
10002db6:	0011      	movs	r1, r2
10002db8:	4798      	blx	r3
10002dba:	bd10      	pop	{r4, pc}

10002dbc <_ftoa>:
10002dbc:	b5f0      	push	{r4, r5, r6, r7, lr}
10002dbe:	464e      	mov	r6, r9
10002dc0:	46de      	mov	lr, fp
10002dc2:	4657      	mov	r7, sl
10002dc4:	4645      	mov	r5, r8
10002dc6:	b5e0      	push	{r5, r6, r7, lr}
10002dc8:	b095      	sub	sp, #84	@ 0x54
10002dca:	4683      	mov	fp, r0
10002dcc:	4689      	mov	r9, r1
10002dce:	4692      	mov	sl, r2
10002dd0:	4698      	mov	r8, r3
10002dd2:	9a1e      	ldr	r2, [sp, #120]	@ 0x78
10002dd4:	9b1f      	ldr	r3, [sp, #124]	@ 0x7c
10002dd6:	0010      	movs	r0, r2
10002dd8:	0019      	movs	r1, r3
10002dda:	9e20      	ldr	r6, [sp, #128]	@ 0x80
10002ddc:	f7ff fac9 	bl	10002372 <__wrap___aeabi_dcmpun>
10002de0:	2800      	cmp	r0, #0
10002de2:	d000      	beq.n	10002de6 <_ftoa+0x2a>
10002de4:	e1d2      	b.n	1000318c <_ftoa+0x3d0>
10002de6:	981e      	ldr	r0, [sp, #120]	@ 0x78
10002de8:	991f      	ldr	r1, [sp, #124]	@ 0x7c
10002dea:	2201      	movs	r2, #1
10002dec:	4bc4      	ldr	r3, [pc, #784]	@ (10003100 <_ftoa+0x344>)
10002dee:	4252      	negs	r2, r2
10002df0:	f7ff faa4 	bl	1000233c <__wrap___aeabi_dcmplt>
10002df4:	2800      	cmp	r0, #0
10002df6:	d000      	beq.n	10002dfa <_ftoa+0x3e>
10002df8:	e101      	b.n	10002ffe <_ftoa+0x242>
10002dfa:	981e      	ldr	r0, [sp, #120]	@ 0x78
10002dfc:	991f      	ldr	r1, [sp, #124]	@ 0x7c
10002dfe:	2201      	movs	r2, #1
10002e00:	4bc0      	ldr	r3, [pc, #768]	@ (10003104 <_ftoa+0x348>)
10002e02:	4252      	negs	r2, r2
10002e04:	f7ff fab0 	bl	10002368 <__wrap___aeabi_dcmpgt>
10002e08:	2800      	cmp	r0, #0
10002e0a:	d000      	beq.n	10002e0e <_ftoa+0x52>
10002e0c:	e0d6      	b.n	10002fbc <_ftoa+0x200>
10002e0e:	981e      	ldr	r0, [sp, #120]	@ 0x78
10002e10:	991f      	ldr	r1, [sp, #124]	@ 0x7c
10002e12:	2200      	movs	r2, #0
10002e14:	4bbc      	ldr	r3, [pc, #752]	@ (10003108 <_ftoa+0x34c>)
10002e16:	f7ff faa7 	bl	10002368 <__wrap___aeabi_dcmpgt>
10002e1a:	2800      	cmp	r0, #0
10002e1c:	d000      	beq.n	10002e20 <_ftoa+0x64>
10002e1e:	e0b5      	b.n	10002f8c <_ftoa+0x1d0>
10002e20:	981e      	ldr	r0, [sp, #120]	@ 0x78
10002e22:	991f      	ldr	r1, [sp, #124]	@ 0x7c
10002e24:	2200      	movs	r2, #0
10002e26:	4bb9      	ldr	r3, [pc, #740]	@ (1000310c <_ftoa+0x350>)
10002e28:	f7ff fa88 	bl	1000233c <__wrap___aeabi_dcmplt>
10002e2c:	2800      	cmp	r0, #0
10002e2e:	d000      	beq.n	10002e32 <_ftoa+0x76>
10002e30:	e0ac      	b.n	10002f8c <_ftoa+0x1d0>
10002e32:	981e      	ldr	r0, [sp, #120]	@ 0x78
10002e34:	991f      	ldr	r1, [sp, #124]	@ 0x7c
10002e36:	2200      	movs	r2, #0
10002e38:	2300      	movs	r3, #0
10002e3a:	f7ff fa7f 	bl	1000233c <__wrap___aeabi_dcmplt>
10002e3e:	2800      	cmp	r0, #0
10002e40:	d000      	beq.n	10002e44 <_ftoa+0x88>
10002e42:	e0d1      	b.n	10002fe8 <_ftoa+0x22c>
10002e44:	2300      	movs	r3, #0
10002e46:	930b      	str	r3, [sp, #44]	@ 0x2c
10002e48:	9b22      	ldr	r3, [sp, #136]	@ 0x88
10002e4a:	055b      	lsls	r3, r3, #21
10002e4c:	d400      	bmi.n	10002e50 <_ftoa+0x94>
10002e4e:	2606      	movs	r6, #6
10002e50:	2400      	movs	r4, #0
10002e52:	2330      	movs	r3, #48	@ 0x30
10002e54:	e006      	b.n	10002e64 <_ftoa+0xa8>
10002e56:	aa06      	add	r2, sp, #24
10002e58:	3401      	adds	r4, #1
10002e5a:	3217      	adds	r2, #23
10002e5c:	5513      	strb	r3, [r2, r4]
10002e5e:	3e01      	subs	r6, #1
10002e60:	2c20      	cmp	r4, #32
10002e62:	d001      	beq.n	10002e68 <_ftoa+0xac>
10002e64:	2e09      	cmp	r6, #9
10002e66:	d8f6      	bhi.n	10002e56 <_ftoa+0x9a>
10002e68:	981e      	ldr	r0, [sp, #120]	@ 0x78
10002e6a:	991f      	ldr	r1, [sp, #124]	@ 0x7c
10002e6c:	f7ff faaa 	bl	100023c4 <__wrap___aeabi_d2iz>
10002e70:	4ba7      	ldr	r3, [pc, #668]	@ (10003110 <_ftoa+0x354>)
10002e72:	00f2      	lsls	r2, r6, #3
10002e74:	189b      	adds	r3, r3, r2
10002e76:	cb0c      	ldmia	r3, {r2, r3}
10002e78:	0005      	movs	r5, r0
10002e7a:	9208      	str	r2, [sp, #32]
10002e7c:	9309      	str	r3, [sp, #36]	@ 0x24
10002e7e:	f7ff fa89 	bl	10002394 <__wrap___aeabi_i2d>
10002e82:	0002      	movs	r2, r0
10002e84:	000b      	movs	r3, r1
10002e86:	981e      	ldr	r0, [sp, #120]	@ 0x78
10002e88:	991f      	ldr	r1, [sp, #124]	@ 0x7c
10002e8a:	f7ff f9e4 	bl	10002256 <__wrap___aeabi_dsub>
10002e8e:	9a08      	ldr	r2, [sp, #32]
10002e90:	9b09      	ldr	r3, [sp, #36]	@ 0x24
10002e92:	f7ff fa10 	bl	100022b6 <__wrap___aeabi_dmul>
10002e96:	9006      	str	r0, [sp, #24]
10002e98:	9107      	str	r1, [sp, #28]
10002e9a:	f7ff fab7 	bl	1000240c <__wrap___aeabi_d2uiz>
10002e9e:	0007      	movs	r7, r0
10002ea0:	f7ff fa74 	bl	1000238c <__wrap___aeabi_ui2d>
10002ea4:	0002      	movs	r2, r0
10002ea6:	000b      	movs	r3, r1
10002ea8:	9806      	ldr	r0, [sp, #24]
10002eaa:	9907      	ldr	r1, [sp, #28]
10002eac:	f7ff f9d3 	bl	10002256 <__wrap___aeabi_dsub>
10002eb0:	2200      	movs	r2, #0
10002eb2:	4b98      	ldr	r3, [pc, #608]	@ (10003114 <_ftoa+0x358>)
10002eb4:	9006      	str	r0, [sp, #24]
10002eb6:	9107      	str	r1, [sp, #28]
10002eb8:	f7ff fa56 	bl	10002368 <__wrap___aeabi_dcmpgt>
10002ebc:	2800      	cmp	r0, #0
10002ebe:	d100      	bne.n	10002ec2 <_ftoa+0x106>
10002ec0:	e0e9      	b.n	10003096 <_ftoa+0x2da>
10002ec2:	3701      	adds	r7, #1
10002ec4:	0038      	movs	r0, r7
10002ec6:	f7ff fa61 	bl	1000238c <__wrap___aeabi_ui2d>
10002eca:	0002      	movs	r2, r0
10002ecc:	000b      	movs	r3, r1
10002ece:	9808      	ldr	r0, [sp, #32]
10002ed0:	9909      	ldr	r1, [sp, #36]	@ 0x24
10002ed2:	f7ff fa39 	bl	10002348 <__wrap___aeabi_dcmple>
10002ed6:	2800      	cmp	r0, #0
10002ed8:	d001      	beq.n	10002ede <_ftoa+0x122>
10002eda:	2700      	movs	r7, #0
10002edc:	3501      	adds	r5, #1
10002ede:	2e00      	cmp	r6, #0
10002ee0:	d100      	bne.n	10002ee4 <_ftoa+0x128>
10002ee2:	e0b7      	b.n	10003054 <_ftoa+0x298>
10002ee4:	9506      	str	r5, [sp, #24]
10002ee6:	e013      	b.n	10002f10 <_ftoa+0x154>
10002ee8:	2317      	movs	r3, #23
10002eea:	aa06      	add	r2, sp, #24
10002eec:	189b      	adds	r3, r3, r2
10002eee:	210a      	movs	r1, #10
10002ef0:	0038      	movs	r0, r7
10002ef2:	3401      	adds	r4, #1
10002ef4:	191d      	adds	r5, r3, r4
10002ef6:	f7fe ff73 	bl	10001de0 <__wrap___aeabi_uidiv>
10002efa:	3130      	adds	r1, #48	@ 0x30
10002efc:	7029      	strb	r1, [r5, #0]
10002efe:	0038      	movs	r0, r7
10002f00:	210a      	movs	r1, #10
10002f02:	3e01      	subs	r6, #1
10002f04:	f7fe ff6c 	bl	10001de0 <__wrap___aeabi_uidiv>
10002f08:	2f09      	cmp	r7, #9
10002f0a:	d800      	bhi.n	10002f0e <_ftoa+0x152>
10002f0c:	e0e1      	b.n	100030d2 <_ftoa+0x316>
10002f0e:	0007      	movs	r7, r0
10002f10:	2c20      	cmp	r4, #32
10002f12:	d1e9      	bne.n	10002ee8 <_ftoa+0x12c>
10002f14:	9d06      	ldr	r5, [sp, #24]
10002f16:	2420      	movs	r4, #32
10002f18:	ab0c      	add	r3, sp, #48	@ 0x30
10002f1a:	9306      	str	r3, [sp, #24]
10002f1c:	2717      	movs	r7, #23
10002f1e:	ab06      	add	r3, sp, #24
10002f20:	18ff      	adds	r7, r7, r3
10002f22:	e00d      	b.n	10002f40 <_ftoa+0x184>
10002f24:	0028      	movs	r0, r5
10002f26:	210a      	movs	r1, #10
10002f28:	f7fe ff32 	bl	10001d90 <__wrap___aeabi_idiv>
10002f2c:	3401      	adds	r4, #1
10002f2e:	3130      	adds	r1, #48	@ 0x30
10002f30:	0028      	movs	r0, r5
10002f32:	5539      	strb	r1, [r7, r4]
10002f34:	210a      	movs	r1, #10
10002f36:	f7fe ff2b 	bl	10001d90 <__wrap___aeabi_idiv>
10002f3a:	1e05      	subs	r5, r0, #0
10002f3c:	d100      	bne.n	10002f40 <_ftoa+0x184>
10002f3e:	e0b7      	b.n	100030b0 <_ftoa+0x2f4>
10002f40:	2c20      	cmp	r4, #32
10002f42:	d1ef      	bne.n	10002f24 <_ftoa+0x168>
10002f44:	2303      	movs	r3, #3
10002f46:	9a22      	ldr	r2, [sp, #136]	@ 0x88
10002f48:	4013      	ands	r3, r2
10002f4a:	2b01      	cmp	r3, #1
10002f4c:	d117      	bne.n	10002f7e <_ftoa+0x1c2>
10002f4e:	9b21      	ldr	r3, [sp, #132]	@ 0x84
10002f50:	2b00      	cmp	r3, #0
10002f52:	d014      	beq.n	10002f7e <_ftoa+0x1c2>
10002f54:	9b0b      	ldr	r3, [sp, #44]	@ 0x2c
10002f56:	2b00      	cmp	r3, #0
10002f58:	d100      	bne.n	10002f5c <_ftoa+0x1a0>
10002f5a:	e0e3      	b.n	10003124 <_ftoa+0x368>
10002f5c:	9b21      	ldr	r3, [sp, #132]	@ 0x84
10002f5e:	3b01      	subs	r3, #1
10002f60:	9321      	str	r3, [sp, #132]	@ 0x84
10002f62:	2b20      	cmp	r3, #32
10002f64:	d90b      	bls.n	10002f7e <_ftoa+0x1c2>
10002f66:	2330      	movs	r3, #48	@ 0x30
10002f68:	9a21      	ldr	r2, [sp, #132]	@ 0x84
10002f6a:	e006      	b.n	10002f7a <_ftoa+0x1be>
10002f6c:	a906      	add	r1, sp, #24
10002f6e:	3401      	adds	r4, #1
10002f70:	3117      	adds	r1, #23
10002f72:	550b      	strb	r3, [r1, r4]
10002f74:	4294      	cmp	r4, r2
10002f76:	d300      	bcc.n	10002f7a <_ftoa+0x1be>
10002f78:	e0a0      	b.n	100030bc <_ftoa+0x300>
10002f7a:	2c20      	cmp	r4, #32
10002f7c:	d1f6      	bne.n	10002f6c <_ftoa+0x1b0>
10002f7e:	9b22      	ldr	r3, [sp, #136]	@ 0x88
10002f80:	9401      	str	r4, [sp, #4]
10002f82:	9303      	str	r3, [sp, #12]
10002f84:	9b21      	ldr	r3, [sp, #132]	@ 0x84
10002f86:	9302      	str	r3, [sp, #8]
10002f88:	9b06      	ldr	r3, [sp, #24]
10002f8a:	e021      	b.n	10002fd0 <_ftoa+0x214>
10002f8c:	9b22      	ldr	r3, [sp, #136]	@ 0x88
10002f8e:	4652      	mov	r2, sl
10002f90:	9304      	str	r3, [sp, #16]
10002f92:	9b21      	ldr	r3, [sp, #132]	@ 0x84
10002f94:	4649      	mov	r1, r9
10002f96:	9303      	str	r3, [sp, #12]
10002f98:	4658      	mov	r0, fp
10002f9a:	9b1e      	ldr	r3, [sp, #120]	@ 0x78
10002f9c:	9c1f      	ldr	r4, [sp, #124]	@ 0x7c
10002f9e:	9602      	str	r6, [sp, #8]
10002fa0:	9300      	str	r3, [sp, #0]
10002fa2:	9401      	str	r4, [sp, #4]
10002fa4:	4643      	mov	r3, r8
10002fa6:	f000 f943 	bl	10003230 <_etoa>
10002faa:	0004      	movs	r4, r0
10002fac:	0020      	movs	r0, r4
10002fae:	b015      	add	sp, #84	@ 0x54
10002fb0:	bcf0      	pop	{r4, r5, r6, r7}
10002fb2:	46bb      	mov	fp, r7
10002fb4:	46b2      	mov	sl, r6
10002fb6:	46a9      	mov	r9, r5
10002fb8:	46a0      	mov	r8, r4
10002fba:	bdf0      	pop	{r4, r5, r6, r7, pc}
10002fbc:	9b22      	ldr	r3, [sp, #136]	@ 0x88
10002fbe:	075b      	lsls	r3, r3, #29
10002fc0:	d40f      	bmi.n	10002fe2 <_ftoa+0x226>
10002fc2:	2203      	movs	r2, #3
10002fc4:	4b54      	ldr	r3, [pc, #336]	@ (10003118 <_ftoa+0x35c>)
10002fc6:	9922      	ldr	r1, [sp, #136]	@ 0x88
10002fc8:	9201      	str	r2, [sp, #4]
10002fca:	9103      	str	r1, [sp, #12]
10002fcc:	9921      	ldr	r1, [sp, #132]	@ 0x84
10002fce:	9102      	str	r1, [sp, #8]
10002fd0:	9300      	str	r3, [sp, #0]
10002fd2:	4652      	mov	r2, sl
10002fd4:	4643      	mov	r3, r8
10002fd6:	4649      	mov	r1, r9
10002fd8:	4658      	mov	r0, fp
10002fda:	f7ff fd9f 	bl	10002b1c <_out_rev>
10002fde:	0004      	movs	r4, r0
10002fe0:	e7e4      	b.n	10002fac <_ftoa+0x1f0>
10002fe2:	2204      	movs	r2, #4
10002fe4:	4b4d      	ldr	r3, [pc, #308]	@ (1000311c <_ftoa+0x360>)
10002fe6:	e7ee      	b.n	10002fc6 <_ftoa+0x20a>
10002fe8:	9a1e      	ldr	r2, [sp, #120]	@ 0x78
10002fea:	9b1f      	ldr	r3, [sp, #124]	@ 0x7c
10002fec:	2000      	movs	r0, #0
10002fee:	2100      	movs	r1, #0
10002ff0:	f7ff f931 	bl	10002256 <__wrap___aeabi_dsub>
10002ff4:	2301      	movs	r3, #1
10002ff6:	901e      	str	r0, [sp, #120]	@ 0x78
10002ff8:	911f      	str	r1, [sp, #124]	@ 0x7c
10002ffa:	930b      	str	r3, [sp, #44]	@ 0x2c
10002ffc:	e724      	b.n	10002e48 <_ftoa+0x8c>
10002ffe:	2302      	movs	r3, #2
10003000:	9a22      	ldr	r2, [sp, #136]	@ 0x88
10003002:	4654      	mov	r4, sl
10003004:	401a      	ands	r2, r3
10003006:	9b22      	ldr	r3, [sp, #136]	@ 0x88
10003008:	9206      	str	r2, [sp, #24]
1000300a:	079b      	lsls	r3, r3, #30
1000300c:	d100      	bne.n	10003010 <_ftoa+0x254>
1000300e:	e0ac      	b.n	1000316a <_ftoa+0x3ae>
10003010:	0026      	movs	r6, r4
10003012:	4d43      	ldr	r5, [pc, #268]	@ (10003120 <_ftoa+0x364>)
10003014:	9408      	str	r4, [sp, #32]
10003016:	1f2f      	subs	r7, r5, #4
10003018:	0032      	movs	r2, r6
1000301a:	78e8      	ldrb	r0, [r5, #3]
1000301c:	4643      	mov	r3, r8
1000301e:	4649      	mov	r1, r9
10003020:	3d01      	subs	r5, #1
10003022:	47d8      	blx	fp
10003024:	3601      	adds	r6, #1
10003026:	42bd      	cmp	r5, r7
10003028:	d1f6      	bne.n	10003018 <_ftoa+0x25c>
1000302a:	9c08      	ldr	r4, [sp, #32]
1000302c:	9b06      	ldr	r3, [sp, #24]
1000302e:	3404      	adds	r4, #4
10003030:	2b00      	cmp	r3, #0
10003032:	d0bb      	beq.n	10002fac <_ftoa+0x1f0>
10003034:	4657      	mov	r7, sl
10003036:	9a21      	ldr	r2, [sp, #132]	@ 0x84
10003038:	1be3      	subs	r3, r4, r7
1000303a:	429a      	cmp	r2, r3
1000303c:	d9b6      	bls.n	10002fac <_ftoa+0x1f0>
1000303e:	0015      	movs	r5, r2
10003040:	0022      	movs	r2, r4
10003042:	4643      	mov	r3, r8
10003044:	4649      	mov	r1, r9
10003046:	2020      	movs	r0, #32
10003048:	3401      	adds	r4, #1
1000304a:	47d8      	blx	fp
1000304c:	1be3      	subs	r3, r4, r7
1000304e:	42ab      	cmp	r3, r5
10003050:	d3f6      	bcc.n	10003040 <_ftoa+0x284>
10003052:	e7ab      	b.n	10002fac <_ftoa+0x1f0>
10003054:	0028      	movs	r0, r5
10003056:	f7ff f99d 	bl	10002394 <__wrap___aeabi_i2d>
1000305a:	0002      	movs	r2, r0
1000305c:	000b      	movs	r3, r1
1000305e:	981e      	ldr	r0, [sp, #120]	@ 0x78
10003060:	991f      	ldr	r1, [sp, #124]	@ 0x7c
10003062:	f7ff f8f8 	bl	10002256 <__wrap___aeabi_dsub>
10003066:	4b2b      	ldr	r3, [pc, #172]	@ (10003114 <_ftoa+0x358>)
10003068:	2200      	movs	r2, #0
1000306a:	0006      	movs	r6, r0
1000306c:	000f      	movs	r7, r1
1000306e:	f7ff f965 	bl	1000233c <__wrap___aeabi_dcmplt>
10003072:	ab0c      	add	r3, sp, #48	@ 0x30
10003074:	9306      	str	r3, [sp, #24]
10003076:	2800      	cmp	r0, #0
10003078:	d000      	beq.n	1000307c <_ftoa+0x2c0>
1000307a:	e74f      	b.n	10002f1c <_ftoa+0x160>
1000307c:	2200      	movs	r2, #0
1000307e:	0030      	movs	r0, r6
10003080:	0039      	movs	r1, r7
10003082:	4b24      	ldr	r3, [pc, #144]	@ (10003114 <_ftoa+0x358>)
10003084:	f7ff f970 	bl	10002368 <__wrap___aeabi_dcmpgt>
10003088:	2800      	cmp	r0, #0
1000308a:	d000      	beq.n	1000308e <_ftoa+0x2d2>
1000308c:	e746      	b.n	10002f1c <_ftoa+0x160>
1000308e:	2301      	movs	r3, #1
10003090:	3501      	adds	r5, #1
10003092:	439d      	bics	r5, r3
10003094:	e742      	b.n	10002f1c <_ftoa+0x160>
10003096:	2200      	movs	r2, #0
10003098:	9806      	ldr	r0, [sp, #24]
1000309a:	9907      	ldr	r1, [sp, #28]
1000309c:	4b1d      	ldr	r3, [pc, #116]	@ (10003114 <_ftoa+0x358>)
1000309e:	f7ff f94d 	bl	1000233c <__wrap___aeabi_dcmplt>
100030a2:	2800      	cmp	r0, #0
100030a4:	d000      	beq.n	100030a8 <_ftoa+0x2ec>
100030a6:	e71a      	b.n	10002ede <_ftoa+0x122>
100030a8:	2f00      	cmp	r7, #0
100030aa:	d159      	bne.n	10003160 <_ftoa+0x3a4>
100030ac:	3701      	adds	r7, #1
100030ae:	e716      	b.n	10002ede <_ftoa+0x122>
100030b0:	2303      	movs	r3, #3
100030b2:	9a22      	ldr	r2, [sp, #136]	@ 0x88
100030b4:	4013      	ands	r3, r2
100030b6:	2b01      	cmp	r3, #1
100030b8:	d100      	bne.n	100030bc <_ftoa+0x300>
100030ba:	e0a6      	b.n	1000320a <_ftoa+0x44e>
100030bc:	2c20      	cmp	r4, #32
100030be:	d100      	bne.n	100030c2 <_ftoa+0x306>
100030c0:	e75d      	b.n	10002f7e <_ftoa+0x1c2>
100030c2:	9b0b      	ldr	r3, [sp, #44]	@ 0x2c
100030c4:	2b00      	cmp	r3, #0
100030c6:	d03a      	beq.n	1000313e <_ftoa+0x382>
100030c8:	232d      	movs	r3, #45	@ 0x2d
100030ca:	9a06      	ldr	r2, [sp, #24]
100030cc:	5513      	strb	r3, [r2, r4]
100030ce:	3401      	adds	r4, #1
100030d0:	e755      	b.n	10002f7e <_ftoa+0x1c2>
100030d2:	9d06      	ldr	r5, [sp, #24]
100030d4:	2c20      	cmp	r4, #32
100030d6:	d100      	bne.n	100030da <_ftoa+0x31e>
100030d8:	e71d      	b.n	10002f16 <_ftoa+0x15a>
100030da:	2330      	movs	r3, #48	@ 0x30
100030dc:	1936      	adds	r6, r6, r4
100030de:	e006      	b.n	100030ee <_ftoa+0x332>
100030e0:	aa06      	add	r2, sp, #24
100030e2:	3401      	adds	r4, #1
100030e4:	3217      	adds	r2, #23
100030e6:	5513      	strb	r3, [r2, r4]
100030e8:	2c20      	cmp	r4, #32
100030ea:	d100      	bne.n	100030ee <_ftoa+0x332>
100030ec:	e713      	b.n	10002f16 <_ftoa+0x15a>
100030ee:	42a6      	cmp	r6, r4
100030f0:	d1f6      	bne.n	100030e0 <_ftoa+0x324>
100030f2:	232e      	movs	r3, #46	@ 0x2e
100030f4:	aa0c      	add	r2, sp, #48	@ 0x30
100030f6:	3401      	adds	r4, #1
100030f8:	9206      	str	r2, [sp, #24]
100030fa:	5593      	strb	r3, [r2, r6]
100030fc:	e70e      	b.n	10002f1c <_ftoa+0x160>
100030fe:	46c0      	nop			@ (mov r8, r8)
10003100:	ffefffff 	.word	0xffefffff
10003104:	7fefffff 	.word	0x7fefffff
10003108:	41cdcd65 	.word	0x41cdcd65
1000310c:	c1cdcd65 	.word	0xc1cdcd65
10003110:	10007c90 	.word	0x10007c90
10003114:	3fe00000 	.word	0x3fe00000
10003118:	100079c4 	.word	0x100079c4
1000311c:	100079bc 	.word	0x100079bc
10003120:	100079cc 	.word	0x100079cc
10003124:	230c      	movs	r3, #12
10003126:	9a22      	ldr	r2, [sp, #136]	@ 0x88
10003128:	4213      	tst	r3, r2
1000312a:	d057      	beq.n	100031dc <_ftoa+0x420>
1000312c:	9b21      	ldr	r3, [sp, #132]	@ 0x84
1000312e:	3b01      	subs	r3, #1
10003130:	9321      	str	r3, [sp, #132]	@ 0x84
10003132:	42a3      	cmp	r3, r4
10003134:	d900      	bls.n	10003138 <_ftoa+0x37c>
10003136:	e716      	b.n	10002f66 <_ftoa+0x1aa>
10003138:	2c20      	cmp	r4, #32
1000313a:	d100      	bne.n	1000313e <_ftoa+0x382>
1000313c:	e71f      	b.n	10002f7e <_ftoa+0x1c2>
1000313e:	9b22      	ldr	r3, [sp, #136]	@ 0x88
10003140:	075b      	lsls	r3, r3, #29
10003142:	d504      	bpl.n	1000314e <_ftoa+0x392>
10003144:	232b      	movs	r3, #43	@ 0x2b
10003146:	9a06      	ldr	r2, [sp, #24]
10003148:	5513      	strb	r3, [r2, r4]
1000314a:	3401      	adds	r4, #1
1000314c:	e717      	b.n	10002f7e <_ftoa+0x1c2>
1000314e:	9b22      	ldr	r3, [sp, #136]	@ 0x88
10003150:	071b      	lsls	r3, r3, #28
10003152:	d400      	bmi.n	10003156 <_ftoa+0x39a>
10003154:	e713      	b.n	10002f7e <_ftoa+0x1c2>
10003156:	2320      	movs	r3, #32
10003158:	9a06      	ldr	r2, [sp, #24]
1000315a:	5513      	strb	r3, [r2, r4]
1000315c:	3401      	adds	r4, #1
1000315e:	e70e      	b.n	10002f7e <_ftoa+0x1c2>
10003160:	07fb      	lsls	r3, r7, #31
10003162:	d400      	bmi.n	10003166 <_ftoa+0x3aa>
10003164:	e6bb      	b.n	10002ede <_ftoa+0x122>
10003166:	3701      	adds	r7, #1
10003168:	e6b9      	b.n	10002ede <_ftoa+0x122>
1000316a:	9b21      	ldr	r3, [sp, #132]	@ 0x84
1000316c:	2b04      	cmp	r3, #4
1000316e:	d800      	bhi.n	10003172 <_ftoa+0x3b6>
10003170:	e74e      	b.n	10003010 <_ftoa+0x254>
10003172:	4655      	mov	r5, sl
10003174:	464f      	mov	r7, r9
10003176:	3c04      	subs	r4, #4
10003178:	18e4      	adds	r4, r4, r3
1000317a:	002a      	movs	r2, r5
1000317c:	4643      	mov	r3, r8
1000317e:	3501      	adds	r5, #1
10003180:	0039      	movs	r1, r7
10003182:	2020      	movs	r0, #32
10003184:	47d8      	blx	fp
10003186:	42ac      	cmp	r4, r5
10003188:	d1f7      	bne.n	1000317a <_ftoa+0x3be>
1000318a:	e741      	b.n	10003010 <_ftoa+0x254>
1000318c:	2702      	movs	r7, #2
1000318e:	9b22      	ldr	r3, [sp, #136]	@ 0x88
10003190:	4655      	mov	r5, sl
10003192:	401f      	ands	r7, r3
10003194:	079b      	lsls	r3, r3, #30
10003196:	d026      	beq.n	100031e6 <_ftoa+0x42a>
10003198:	9706      	str	r7, [sp, #24]
1000319a:	465f      	mov	r7, fp
1000319c:	4e23      	ldr	r6, [pc, #140]	@ (1000322c <_ftoa+0x470>)
1000319e:	1cec      	adds	r4, r5, #3
100031a0:	002a      	movs	r2, r5
100031a2:	78b0      	ldrb	r0, [r6, #2]
100031a4:	4643      	mov	r3, r8
100031a6:	4649      	mov	r1, r9
100031a8:	3501      	adds	r5, #1
100031aa:	47b8      	blx	r7
100031ac:	3e01      	subs	r6, #1
100031ae:	42ac      	cmp	r4, r5
100031b0:	d1f6      	bne.n	100031a0 <_ftoa+0x3e4>
100031b2:	9f06      	ldr	r7, [sp, #24]
100031b4:	2f00      	cmp	r7, #0
100031b6:	d100      	bne.n	100031ba <_ftoa+0x3fe>
100031b8:	e6f8      	b.n	10002fac <_ftoa+0x1f0>
100031ba:	4657      	mov	r7, sl
100031bc:	9a21      	ldr	r2, [sp, #132]	@ 0x84
100031be:	1be3      	subs	r3, r4, r7
100031c0:	429a      	cmp	r2, r3
100031c2:	d800      	bhi.n	100031c6 <_ftoa+0x40a>
100031c4:	e6f2      	b.n	10002fac <_ftoa+0x1f0>
100031c6:	0015      	movs	r5, r2
100031c8:	0022      	movs	r2, r4
100031ca:	4643      	mov	r3, r8
100031cc:	4649      	mov	r1, r9
100031ce:	2020      	movs	r0, #32
100031d0:	3401      	adds	r4, #1
100031d2:	47d8      	blx	fp
100031d4:	1be3      	subs	r3, r4, r7
100031d6:	42ab      	cmp	r3, r5
100031d8:	d3f6      	bcc.n	100031c8 <_ftoa+0x40c>
100031da:	e6e7      	b.n	10002fac <_ftoa+0x1f0>
100031dc:	9b21      	ldr	r3, [sp, #132]	@ 0x84
100031de:	42a3      	cmp	r3, r4
100031e0:	d900      	bls.n	100031e4 <_ftoa+0x428>
100031e2:	e6c0      	b.n	10002f66 <_ftoa+0x1aa>
100031e4:	e6cb      	b.n	10002f7e <_ftoa+0x1c2>
100031e6:	9b21      	ldr	r3, [sp, #132]	@ 0x84
100031e8:	2b03      	cmp	r3, #3
100031ea:	d9d5      	bls.n	10003198 <_ftoa+0x3dc>
100031ec:	9706      	str	r7, [sp, #24]
100031ee:	4654      	mov	r4, sl
100031f0:	464f      	mov	r7, r9
100031f2:	3d03      	subs	r5, #3
100031f4:	18ed      	adds	r5, r5, r3
100031f6:	0022      	movs	r2, r4
100031f8:	4643      	mov	r3, r8
100031fa:	3401      	adds	r4, #1
100031fc:	0039      	movs	r1, r7
100031fe:	2020      	movs	r0, #32
10003200:	47d8      	blx	fp
10003202:	42a5      	cmp	r5, r4
10003204:	d1f7      	bne.n	100031f6 <_ftoa+0x43a>
10003206:	9f06      	ldr	r7, [sp, #24]
10003208:	e7c6      	b.n	10003198 <_ftoa+0x3dc>
1000320a:	9b21      	ldr	r3, [sp, #132]	@ 0x84
1000320c:	2b00      	cmp	r3, #0
1000320e:	d100      	bne.n	10003212 <_ftoa+0x456>
10003210:	e754      	b.n	100030bc <_ftoa+0x300>
10003212:	9b0b      	ldr	r3, [sp, #44]	@ 0x2c
10003214:	2b00      	cmp	r3, #0
10003216:	d085      	beq.n	10003124 <_ftoa+0x368>
10003218:	9b21      	ldr	r3, [sp, #132]	@ 0x84
1000321a:	3b01      	subs	r3, #1
1000321c:	9321      	str	r3, [sp, #132]	@ 0x84
1000321e:	429c      	cmp	r4, r3
10003220:	d200      	bcs.n	10003224 <_ftoa+0x468>
10003222:	e6a0      	b.n	10002f66 <_ftoa+0x1aa>
10003224:	2c20      	cmp	r4, #32
10003226:	d000      	beq.n	1000322a <_ftoa+0x46e>
10003228:	e74e      	b.n	100030c8 <_ftoa+0x30c>
1000322a:	e6a8      	b.n	10002f7e <_ftoa+0x1c2>
1000322c:	100079c8 	.word	0x100079c8

10003230 <_etoa>:
10003230:	b5f0      	push	{r4, r5, r6, r7, lr}
10003232:	4645      	mov	r5, r8
10003234:	46de      	mov	lr, fp
10003236:	4657      	mov	r7, sl
10003238:	464e      	mov	r6, r9
1000323a:	b5e0      	push	{r5, r6, r7, lr}
1000323c:	b09b      	sub	sp, #108	@ 0x6c
1000323e:	9c24      	ldr	r4, [sp, #144]	@ 0x90
10003240:	9d25      	ldr	r5, [sp, #148]	@ 0x94
10003242:	4682      	mov	sl, r0
10003244:	4688      	mov	r8, r1
10003246:	4693      	mov	fp, r2
10003248:	4699      	mov	r9, r3
1000324a:	0022      	movs	r2, r4
1000324c:	002b      	movs	r3, r5
1000324e:	0020      	movs	r0, r4
10003250:	0029      	movs	r1, r5
10003252:	f7ff f88e 	bl	10002372 <__wrap___aeabi_dcmpun>
10003256:	2800      	cmp	r0, #0
10003258:	d000      	beq.n	1000325c <_etoa+0x2c>
1000325a:	e0c1      	b.n	100033e0 <_etoa+0x1b0>
1000325c:	2201      	movs	r2, #1
1000325e:	0020      	movs	r0, r4
10003260:	0029      	movs	r1, r5
10003262:	4b7c      	ldr	r3, [pc, #496]	@ (10003454 <_etoa+0x224>)
10003264:	4252      	negs	r2, r2
10003266:	f7ff f87f 	bl	10002368 <__wrap___aeabi_dcmpgt>
1000326a:	2800      	cmp	r0, #0
1000326c:	d000      	beq.n	10003270 <_etoa+0x40>
1000326e:	e0b7      	b.n	100033e0 <_etoa+0x1b0>
10003270:	2201      	movs	r2, #1
10003272:	0020      	movs	r0, r4
10003274:	0029      	movs	r1, r5
10003276:	4b78      	ldr	r3, [pc, #480]	@ (10003458 <_etoa+0x228>)
10003278:	4252      	negs	r2, r2
1000327a:	f7ff f85f 	bl	1000233c <__wrap___aeabi_dcmplt>
1000327e:	2800      	cmp	r0, #0
10003280:	d000      	beq.n	10003284 <_etoa+0x54>
10003282:	e0ad      	b.n	100033e0 <_etoa+0x1b0>
10003284:	2200      	movs	r2, #0
10003286:	2300      	movs	r3, #0
10003288:	0020      	movs	r0, r4
1000328a:	0029      	movs	r1, r5
1000328c:	f7ff f856 	bl	1000233c <__wrap___aeabi_dcmplt>
10003290:	2800      	cmp	r0, #0
10003292:	d000      	beq.n	10003296 <_etoa+0x66>
10003294:	e1bb      	b.n	1000360e <_etoa+0x3de>
10003296:	9408      	str	r4, [sp, #32]
10003298:	9509      	str	r5, [sp, #36]	@ 0x24
1000329a:	9808      	ldr	r0, [sp, #32]
1000329c:	9909      	ldr	r1, [sp, #36]	@ 0x24
1000329e:	2380      	movs	r3, #128	@ 0x80
100032a0:	9a28      	ldr	r2, [sp, #160]	@ 0xa0
100032a2:	00db      	lsls	r3, r3, #3
100032a4:	401a      	ands	r2, r3
100032a6:	920f      	str	r2, [sp, #60]	@ 0x3c
100032a8:	2280      	movs	r2, #128	@ 0x80
100032aa:	9e28      	ldr	r6, [sp, #160]	@ 0xa0
100032ac:	0112      	lsls	r2, r2, #4
100032ae:	4016      	ands	r6, r2
100032b0:	0032      	movs	r2, r6
100032b2:	960e      	str	r6, [sp, #56]	@ 0x38
100032b4:	9e28      	ldr	r6, [sp, #160]	@ 0xa0
100032b6:	000f      	movs	r7, r1
100032b8:	900a      	str	r0, [sp, #40]	@ 0x28
100032ba:	421e      	tst	r6, r3
100032bc:	d000      	beq.n	100032c0 <_etoa+0x90>
100032be:	e0a4      	b.n	1000340a <_etoa+0x1da>
100032c0:	000b      	movs	r3, r1
100032c2:	4303      	orrs	r3, r0
100032c4:	d000      	beq.n	100032c8 <_etoa+0x98>
100032c6:	e0cb      	b.n	10003460 <_etoa+0x230>
100032c8:	2a00      	cmp	r2, #0
100032ca:	d000      	beq.n	100032ce <_etoa+0x9e>
100032cc:	e212      	b.n	100036f4 <_etoa+0x4c4>
100032ce:	0032      	movs	r2, r6
100032d0:	3306      	adds	r3, #6
100032d2:	9326      	str	r3, [sp, #152]	@ 0x98
100032d4:	2302      	movs	r3, #2
100032d6:	4013      	ands	r3, r2
100032d8:	930c      	str	r3, [sp, #48]	@ 0x30
100032da:	2302      	movs	r3, #2
100032dc:	4213      	tst	r3, r2
100032de:	d000      	beq.n	100032e2 <_etoa+0xb2>
100032e0:	e20a      	b.n	100036f8 <_etoa+0x4c8>
100032e2:	9b27      	ldr	r3, [sp, #156]	@ 0x9c
100032e4:	2b04      	cmp	r3, #4
100032e6:	d200      	bcs.n	100032ea <_etoa+0xba>
100032e8:	e215      	b.n	10003716 <_etoa+0x4e6>
100032ea:	2700      	movs	r7, #0
100032ec:	2604      	movs	r6, #4
100032ee:	3b04      	subs	r3, #4
100032f0:	930e      	str	r3, [sp, #56]	@ 0x38
100032f2:	2200      	movs	r2, #0
100032f4:	2300      	movs	r3, #0
100032f6:	0020      	movs	r0, r4
100032f8:	0029      	movs	r1, r5
100032fa:	f7ff f81f 	bl	1000233c <__wrap___aeabi_dcmplt>
100032fe:	2800      	cmp	r0, #0
10003300:	d000      	beq.n	10003304 <_etoa+0xd4>
10003302:	e1c8      	b.n	10003696 <_etoa+0x466>
10003304:	4b55      	ldr	r3, [pc, #340]	@ (1000345c <_etoa+0x22c>)
10003306:	9a28      	ldr	r2, [sp, #160]	@ 0xa0
10003308:	4013      	ands	r3, r2
1000330a:	9304      	str	r3, [sp, #16]
1000330c:	9b0e      	ldr	r3, [sp, #56]	@ 0x38
1000330e:	9303      	str	r3, [sp, #12]
10003310:	9b26      	ldr	r3, [sp, #152]	@ 0x98
10003312:	9302      	str	r3, [sp, #8]
10003314:	9b08      	ldr	r3, [sp, #32]
10003316:	9c09      	ldr	r4, [sp, #36]	@ 0x24
10003318:	9300      	str	r3, [sp, #0]
1000331a:	9401      	str	r4, [sp, #4]
1000331c:	4641      	mov	r1, r8
1000331e:	464b      	mov	r3, r9
10003320:	465a      	mov	r2, fp
10003322:	4650      	mov	r0, sl
10003324:	f7ff fd4a 	bl	10002dbc <_ftoa>
10003328:	0002      	movs	r2, r0
1000332a:	2020      	movs	r0, #32
1000332c:	9b28      	ldr	r3, [sp, #160]	@ 0xa0
1000332e:	2500      	movs	r5, #0
10003330:	4003      	ands	r3, r0
10003332:	4259      	negs	r1, r3
10003334:	414b      	adcs	r3, r1
10003336:	425b      	negs	r3, r3
10003338:	4018      	ands	r0, r3
1000333a:	1c53      	adds	r3, r2, #1
1000333c:	9308      	str	r3, [sp, #32]
1000333e:	4641      	mov	r1, r8
10003340:	464b      	mov	r3, r9
10003342:	3045      	adds	r0, #69	@ 0x45
10003344:	47d0      	blx	sl
10003346:	17fb      	asrs	r3, r7, #31
10003348:	18fc      	adds	r4, r7, r3
1000334a:	405c      	eors	r4, r3
1000334c:	0ffb      	lsrs	r3, r7, #31
1000334e:	271f      	movs	r7, #31
10003350:	930a      	str	r3, [sp, #40]	@ 0x28
10003352:	1e73      	subs	r3, r6, #1
10003354:	930e      	str	r3, [sp, #56]	@ 0x38
10003356:	ab0a      	add	r3, sp, #40	@ 0x28
10003358:	18ff      	adds	r7, r7, r3
1000335a:	e006      	b.n	1000336a <_etoa+0x13a>
1000335c:	0020      	movs	r0, r4
1000335e:	210a      	movs	r1, #10
10003360:	f7fe fd3e 	bl	10001de0 <__wrap___aeabi_uidiv>
10003364:	0004      	movs	r4, r0
10003366:	2d20      	cmp	r5, #32
10003368:	d008      	beq.n	1000337c <_etoa+0x14c>
1000336a:	210a      	movs	r1, #10
1000336c:	0020      	movs	r0, r4
1000336e:	f7fe fd37 	bl	10001de0 <__wrap___aeabi_uidiv>
10003372:	3501      	adds	r5, #1
10003374:	3130      	adds	r1, #48	@ 0x30
10003376:	5579      	strb	r1, [r7, r5]
10003378:	2c09      	cmp	r4, #9
1000337a:	d8ef      	bhi.n	1000335c <_etoa+0x12c>
1000337c:	2305      	movs	r3, #5
1000337e:	9306      	str	r3, [sp, #24]
10003380:	9b0e      	ldr	r3, [sp, #56]	@ 0x38
10003382:	4656      	mov	r6, sl
10003384:	9305      	str	r3, [sp, #20]
10003386:	2300      	movs	r3, #0
10003388:	9304      	str	r3, [sp, #16]
1000338a:	330a      	adds	r3, #10
1000338c:	9303      	str	r3, [sp, #12]
1000338e:	9b0a      	ldr	r3, [sp, #40]	@ 0x28
10003390:	4641      	mov	r1, r8
10003392:	9302      	str	r3, [sp, #8]
10003394:	ab12      	add	r3, sp, #72	@ 0x48
10003396:	9300      	str	r3, [sp, #0]
10003398:	0030      	movs	r0, r6
1000339a:	464b      	mov	r3, r9
1000339c:	9a08      	ldr	r2, [sp, #32]
1000339e:	9501      	str	r5, [sp, #4]
100033a0:	f7ff fc10 	bl	10002bc4 <_ntoa_format>
100033a4:	9b0c      	ldr	r3, [sp, #48]	@ 0x30
100033a6:	2b00      	cmp	r3, #0
100033a8:	d028      	beq.n	100033fc <_etoa+0x1cc>
100033aa:	465f      	mov	r7, fp
100033ac:	9b27      	ldr	r3, [sp, #156]	@ 0x9c
100033ae:	1bc4      	subs	r4, r0, r7
100033b0:	42a3      	cmp	r3, r4
100033b2:	d923      	bls.n	100033fc <_etoa+0x1cc>
100033b4:	4682      	mov	sl, r0
100033b6:	001d      	movs	r5, r3
100033b8:	193a      	adds	r2, r7, r4
100033ba:	464b      	mov	r3, r9
100033bc:	4641      	mov	r1, r8
100033be:	2020      	movs	r0, #32
100033c0:	3401      	adds	r4, #1
100033c2:	47b0      	blx	r6
100033c4:	42a5      	cmp	r5, r4
100033c6:	d8f7      	bhi.n	100033b8 <_etoa+0x188>
100033c8:	4650      	mov	r0, sl
100033ca:	4659      	mov	r1, fp
100033cc:	9c27      	ldr	r4, [sp, #156]	@ 0x9c
100033ce:	1a42      	subs	r2, r0, r1
100033d0:	3201      	adds	r2, #1
100033d2:	2300      	movs	r3, #0
100033d4:	4294      	cmp	r4, r2
100033d6:	d300      	bcc.n	100033da <_etoa+0x1aa>
100033d8:	e195      	b.n	10003706 <_etoa+0x4d6>
100033da:	3001      	adds	r0, #1
100033dc:	1818      	adds	r0, r3, r0
100033de:	e00d      	b.n	100033fc <_etoa+0x1cc>
100033e0:	9b28      	ldr	r3, [sp, #160]	@ 0xa0
100033e2:	9400      	str	r4, [sp, #0]
100033e4:	9501      	str	r5, [sp, #4]
100033e6:	9304      	str	r3, [sp, #16]
100033e8:	9b27      	ldr	r3, [sp, #156]	@ 0x9c
100033ea:	9303      	str	r3, [sp, #12]
100033ec:	9b26      	ldr	r3, [sp, #152]	@ 0x98
100033ee:	9302      	str	r3, [sp, #8]
100033f0:	464b      	mov	r3, r9
100033f2:	465a      	mov	r2, fp
100033f4:	4641      	mov	r1, r8
100033f6:	4650      	mov	r0, sl
100033f8:	f7ff fce0 	bl	10002dbc <_ftoa>
100033fc:	b01b      	add	sp, #108	@ 0x6c
100033fe:	bcf0      	pop	{r4, r5, r6, r7}
10003400:	46bb      	mov	fp, r7
10003402:	46b2      	mov	sl, r6
10003404:	46a9      	mov	r9, r5
10003406:	46a0      	mov	r8, r4
10003408:	bdf0      	pop	{r4, r5, r6, r7, pc}
1000340a:	4301      	orrs	r1, r0
1000340c:	d12a      	bne.n	10003464 <_etoa+0x234>
1000340e:	9b0e      	ldr	r3, [sp, #56]	@ 0x38
10003410:	0032      	movs	r2, r6
10003412:	2b00      	cmp	r3, #0
10003414:	d100      	bne.n	10003418 <_etoa+0x1e8>
10003416:	e75d      	b.n	100032d4 <_etoa+0xa4>
10003418:	2700      	movs	r7, #0
1000341a:	9b26      	ldr	r3, [sp, #152]	@ 0x98
1000341c:	2600      	movs	r6, #0
1000341e:	42bb      	cmp	r3, r7
10003420:	dd00      	ble.n	10003424 <_etoa+0x1f4>
10003422:	e182      	b.n	1000372a <_etoa+0x4fa>
10003424:	2200      	movs	r2, #0
10003426:	2300      	movs	r3, #0
10003428:	0020      	movs	r0, r4
1000342a:	0029      	movs	r1, r5
1000342c:	f7fe ff86 	bl	1000233c <__wrap___aeabi_dcmplt>
10003430:	2800      	cmp	r0, #0
10003432:	d000      	beq.n	10003436 <_etoa+0x206>
10003434:	e14b      	b.n	100036ce <_etoa+0x49e>
10003436:	9b28      	ldr	r3, [sp, #160]	@ 0xa0
10003438:	4a08      	ldr	r2, [pc, #32]	@ (1000345c <_etoa+0x22c>)
1000343a:	9602      	str	r6, [sp, #8]
1000343c:	401a      	ands	r2, r3
1000343e:	2380      	movs	r3, #128	@ 0x80
10003440:	00db      	lsls	r3, r3, #3
10003442:	4313      	orrs	r3, r2
10003444:	9304      	str	r3, [sp, #16]
10003446:	9b27      	ldr	r3, [sp, #156]	@ 0x9c
10003448:	9303      	str	r3, [sp, #12]
1000344a:	9b08      	ldr	r3, [sp, #32]
1000344c:	9c09      	ldr	r4, [sp, #36]	@ 0x24
1000344e:	9300      	str	r3, [sp, #0]
10003450:	9401      	str	r4, [sp, #4]
10003452:	e7cd      	b.n	100033f0 <_etoa+0x1c0>
10003454:	7fefffff 	.word	0x7fefffff
10003458:	ffefffff 	.word	0xffefffff
1000345c:	fffff7ff 	.word	0xfffff7ff
10003460:	2306      	movs	r3, #6
10003462:	9326      	str	r3, [sp, #152]	@ 0x98
10003464:	4bb2      	ldr	r3, [pc, #712]	@ (10003730 <_etoa+0x500>)
10003466:	0078      	lsls	r0, r7, #1
10003468:	0d40      	lsrs	r0, r0, #21
1000346a:	18c0      	adds	r0, r0, r3
1000346c:	f7fe ff92 	bl	10002394 <__wrap___aeabi_i2d>
10003470:	4ab0      	ldr	r2, [pc, #704]	@ (10003734 <_etoa+0x504>)
10003472:	4bb1      	ldr	r3, [pc, #708]	@ (10003738 <_etoa+0x508>)
10003474:	f7fe ff1f 	bl	100022b6 <__wrap___aeabi_dmul>
10003478:	4ab0      	ldr	r2, [pc, #704]	@ (1000373c <_etoa+0x50c>)
1000347a:	4bb1      	ldr	r3, [pc, #708]	@ (10003740 <_etoa+0x510>)
1000347c:	f7fe fef4 	bl	10002268 <__wrap___aeabi_dadd>
10003480:	033f      	lsls	r7, r7, #12
10003482:	4bb0      	ldr	r3, [pc, #704]	@ (10003744 <_etoa+0x514>)
10003484:	0b3f      	lsrs	r7, r7, #12
10003486:	433b      	orrs	r3, r7
10003488:	900c      	str	r0, [sp, #48]	@ 0x30
1000348a:	910d      	str	r1, [sp, #52]	@ 0x34
1000348c:	2200      	movs	r2, #0
1000348e:	980a      	ldr	r0, [sp, #40]	@ 0x28
10003490:	0019      	movs	r1, r3
10003492:	4bad      	ldr	r3, [pc, #692]	@ (10003748 <_etoa+0x518>)
10003494:	f7fe fedf 	bl	10002256 <__wrap___aeabi_dsub>
10003498:	4aac      	ldr	r2, [pc, #688]	@ (1000374c <_etoa+0x51c>)
1000349a:	4bad      	ldr	r3, [pc, #692]	@ (10003750 <_etoa+0x520>)
1000349c:	f7fe ff0b 	bl	100022b6 <__wrap___aeabi_dmul>
100034a0:	0002      	movs	r2, r0
100034a2:	000b      	movs	r3, r1
100034a4:	980c      	ldr	r0, [sp, #48]	@ 0x30
100034a6:	990d      	ldr	r1, [sp, #52]	@ 0x34
100034a8:	f7fe fede 	bl	10002268 <__wrap___aeabi_dadd>
100034ac:	f7fe ff8a 	bl	100023c4 <__wrap___aeabi_d2iz>
100034b0:	0007      	movs	r7, r0
100034b2:	f7fe ff6f 	bl	10002394 <__wrap___aeabi_i2d>
100034b6:	4aa7      	ldr	r2, [pc, #668]	@ (10003754 <_etoa+0x524>)
100034b8:	4ba7      	ldr	r3, [pc, #668]	@ (10003758 <_etoa+0x528>)
100034ba:	900a      	str	r0, [sp, #40]	@ 0x28
100034bc:	910b      	str	r1, [sp, #44]	@ 0x2c
100034be:	f7fe fefa 	bl	100022b6 <__wrap___aeabi_dmul>
100034c2:	2200      	movs	r2, #0
100034c4:	4ba5      	ldr	r3, [pc, #660]	@ (1000375c <_etoa+0x52c>)
100034c6:	f7fe fecf 	bl	10002268 <__wrap___aeabi_dadd>
100034ca:	f7fe ff7b 	bl	100023c4 <__wrap___aeabi_d2iz>
100034ce:	4aa4      	ldr	r2, [pc, #656]	@ (10003760 <_etoa+0x530>)
100034d0:	0006      	movs	r6, r0
100034d2:	980a      	ldr	r0, [sp, #40]	@ 0x28
100034d4:	990b      	ldr	r1, [sp, #44]	@ 0x2c
100034d6:	4ba3      	ldr	r3, [pc, #652]	@ (10003764 <_etoa+0x534>)
100034d8:	f7fe feed 	bl	100022b6 <__wrap___aeabi_dmul>
100034dc:	900a      	str	r0, [sp, #40]	@ 0x28
100034de:	910b      	str	r1, [sp, #44]	@ 0x2c
100034e0:	0030      	movs	r0, r6
100034e2:	f7fe ff57 	bl	10002394 <__wrap___aeabi_i2d>
100034e6:	4aa0      	ldr	r2, [pc, #640]	@ (10003768 <_etoa+0x538>)
100034e8:	4ba0      	ldr	r3, [pc, #640]	@ (1000376c <_etoa+0x53c>)
100034ea:	f7fe fee4 	bl	100022b6 <__wrap___aeabi_dmul>
100034ee:	0002      	movs	r2, r0
100034f0:	000b      	movs	r3, r1
100034f2:	980a      	ldr	r0, [sp, #40]	@ 0x28
100034f4:	990b      	ldr	r1, [sp, #44]	@ 0x2c
100034f6:	f7fe feae 	bl	10002256 <__wrap___aeabi_dsub>
100034fa:	0002      	movs	r2, r0
100034fc:	000b      	movs	r3, r1
100034fe:	900a      	str	r0, [sp, #40]	@ 0x28
10003500:	910b      	str	r1, [sp, #44]	@ 0x2c
10003502:	f7fe fed8 	bl	100022b6 <__wrap___aeabi_dmul>
10003506:	900c      	str	r0, [sp, #48]	@ 0x30
10003508:	910d      	str	r1, [sp, #52]	@ 0x34
1000350a:	980a      	ldr	r0, [sp, #40]	@ 0x28
1000350c:	990b      	ldr	r1, [sp, #44]	@ 0x2c
1000350e:	0002      	movs	r2, r0
10003510:	000b      	movs	r3, r1
10003512:	f7fe fea9 	bl	10002268 <__wrap___aeabi_dadd>
10003516:	2200      	movs	r2, #0
10003518:	9010      	str	r0, [sp, #64]	@ 0x40
1000351a:	9111      	str	r1, [sp, #68]	@ 0x44
1000351c:	980c      	ldr	r0, [sp, #48]	@ 0x30
1000351e:	990d      	ldr	r1, [sp, #52]	@ 0x34
10003520:	4b93      	ldr	r3, [pc, #588]	@ (10003770 <_etoa+0x540>)
10003522:	f7fe feaa 	bl	1000227a <__wrap___aeabi_ddiv>
10003526:	2200      	movs	r2, #0
10003528:	4b92      	ldr	r3, [pc, #584]	@ (10003774 <_etoa+0x544>)
1000352a:	f7fe fe9d 	bl	10002268 <__wrap___aeabi_dadd>
1000352e:	0002      	movs	r2, r0
10003530:	000b      	movs	r3, r1
10003532:	980c      	ldr	r0, [sp, #48]	@ 0x30
10003534:	990d      	ldr	r1, [sp, #52]	@ 0x34
10003536:	f7fe fea0 	bl	1000227a <__wrap___aeabi_ddiv>
1000353a:	2200      	movs	r2, #0
1000353c:	4b8e      	ldr	r3, [pc, #568]	@ (10003778 <_etoa+0x548>)
1000353e:	f7fe fe93 	bl	10002268 <__wrap___aeabi_dadd>
10003542:	0002      	movs	r2, r0
10003544:	000b      	movs	r3, r1
10003546:	980c      	ldr	r0, [sp, #48]	@ 0x30
10003548:	990d      	ldr	r1, [sp, #52]	@ 0x34
1000354a:	f7fe fe96 	bl	1000227a <__wrap___aeabi_ddiv>
1000354e:	9a0a      	ldr	r2, [sp, #40]	@ 0x28
10003550:	9b0b      	ldr	r3, [sp, #44]	@ 0x2c
10003552:	900c      	str	r0, [sp, #48]	@ 0x30
10003554:	910d      	str	r1, [sp, #52]	@ 0x34
10003556:	2180      	movs	r1, #128	@ 0x80
10003558:	2000      	movs	r0, #0
1000355a:	05c9      	lsls	r1, r1, #23
1000355c:	f7fe fe7b 	bl	10002256 <__wrap___aeabi_dsub>
10003560:	0002      	movs	r2, r0
10003562:	000b      	movs	r3, r1
10003564:	980c      	ldr	r0, [sp, #48]	@ 0x30
10003566:	990d      	ldr	r1, [sp, #52]	@ 0x34
10003568:	f7fe fe7e 	bl	10002268 <__wrap___aeabi_dadd>
1000356c:	0002      	movs	r2, r0
1000356e:	000b      	movs	r3, r1
10003570:	9810      	ldr	r0, [sp, #64]	@ 0x40
10003572:	9911      	ldr	r1, [sp, #68]	@ 0x44
10003574:	f7fe fe81 	bl	1000227a <__wrap___aeabi_ddiv>
10003578:	2200      	movs	r2, #0
1000357a:	4b72      	ldr	r3, [pc, #456]	@ (10003744 <_etoa+0x514>)
1000357c:	f7fe fe74 	bl	10002268 <__wrap___aeabi_dadd>
10003580:	4b7e      	ldr	r3, [pc, #504]	@ (1000377c <_etoa+0x54c>)
10003582:	2200      	movs	r2, #0
10003584:	18f6      	adds	r6, r6, r3
10003586:	0533      	lsls	r3, r6, #20
10003588:	f7fe fe95 	bl	100022b6 <__wrap___aeabi_dmul>
1000358c:	0002      	movs	r2, r0
1000358e:	000b      	movs	r3, r1
10003590:	900a      	str	r0, [sp, #40]	@ 0x28
10003592:	910b      	str	r1, [sp, #44]	@ 0x2c
10003594:	9808      	ldr	r0, [sp, #32]
10003596:	9909      	ldr	r1, [sp, #36]	@ 0x24
10003598:	f7fe fed0 	bl	1000233c <__wrap___aeabi_dcmplt>
1000359c:	2800      	cmp	r0, #0
1000359e:	d008      	beq.n	100035b2 <_etoa+0x382>
100035a0:	980a      	ldr	r0, [sp, #40]	@ 0x28
100035a2:	990b      	ldr	r1, [sp, #44]	@ 0x2c
100035a4:	2200      	movs	r2, #0
100035a6:	4b73      	ldr	r3, [pc, #460]	@ (10003774 <_etoa+0x544>)
100035a8:	f7fe fe67 	bl	1000227a <__wrap___aeabi_ddiv>
100035ac:	900a      	str	r0, [sp, #40]	@ 0x28
100035ae:	910b      	str	r1, [sp, #44]	@ 0x2c
100035b0:	3f01      	subs	r7, #1
100035b2:	990a      	ldr	r1, [sp, #40]	@ 0x28
100035b4:	9a0b      	ldr	r2, [sp, #44]	@ 0x2c
100035b6:	000b      	movs	r3, r1
100035b8:	0011      	movs	r1, r2
100035ba:	003a      	movs	r2, r7
100035bc:	3263      	adds	r2, #99	@ 0x63
100035be:	2ac6      	cmp	r2, #198	@ 0xc6
100035c0:	d812      	bhi.n	100035e8 <_etoa+0x3b8>
100035c2:	2202      	movs	r2, #2
100035c4:	9828      	ldr	r0, [sp, #160]	@ 0xa0
100035c6:	2604      	movs	r6, #4
100035c8:	4010      	ands	r0, r2
100035ca:	9a0e      	ldr	r2, [sp, #56]	@ 0x38
100035cc:	900c      	str	r0, [sp, #48]	@ 0x30
100035ce:	2a00      	cmp	r2, #0
100035d0:	d126      	bne.n	10003620 <_etoa+0x3f0>
100035d2:	9b27      	ldr	r3, [sp, #156]	@ 0x9c
100035d4:	2b04      	cmp	r3, #4
100035d6:	d905      	bls.n	100035e4 <_etoa+0x3b4>
100035d8:	2800      	cmp	r0, #0
100035da:	d000      	beq.n	100035de <_etoa+0x3ae>
100035dc:	e0a1      	b.n	10003722 <_etoa+0x4f2>
100035de:	9b27      	ldr	r3, [sp, #156]	@ 0x9c
100035e0:	3b04      	subs	r3, #4
100035e2:	930e      	str	r3, [sp, #56]	@ 0x38
100035e4:	2604      	movs	r6, #4
100035e6:	e042      	b.n	1000366e <_etoa+0x43e>
100035e8:	2202      	movs	r2, #2
100035ea:	9828      	ldr	r0, [sp, #160]	@ 0xa0
100035ec:	4010      	ands	r0, r2
100035ee:	9a0e      	ldr	r2, [sp, #56]	@ 0x38
100035f0:	900c      	str	r0, [sp, #48]	@ 0x30
100035f2:	2a00      	cmp	r2, #0
100035f4:	d113      	bne.n	1000361e <_etoa+0x3ee>
100035f6:	9b27      	ldr	r3, [sp, #156]	@ 0x9c
100035f8:	2b05      	cmp	r3, #5
100035fa:	d800      	bhi.n	100035fe <_etoa+0x3ce>
100035fc:	e089      	b.n	10003712 <_etoa+0x4e2>
100035fe:	2800      	cmp	r0, #0
10003600:	d000      	beq.n	10003604 <_etoa+0x3d4>
10003602:	e084      	b.n	1000370e <_etoa+0x4de>
10003604:	9b27      	ldr	r3, [sp, #156]	@ 0x9c
10003606:	2605      	movs	r6, #5
10003608:	3b05      	subs	r3, #5
1000360a:	930e      	str	r3, [sp, #56]	@ 0x38
1000360c:	e032      	b.n	10003674 <_etoa+0x444>
1000360e:	2380      	movs	r3, #128	@ 0x80
10003610:	061b      	lsls	r3, r3, #24
10003612:	469c      	mov	ip, r3
10003614:	44ac      	add	ip, r5
10003616:	4663      	mov	r3, ip
10003618:	9408      	str	r4, [sp, #32]
1000361a:	9309      	str	r3, [sp, #36]	@ 0x24
1000361c:	e63d      	b.n	1000329a <_etoa+0x6a>
1000361e:	2605      	movs	r6, #5
10003620:	430b      	orrs	r3, r1
10003622:	d100      	bne.n	10003626 <_etoa+0x3f6>
10003624:	e6f9      	b.n	1000341a <_etoa+0x1ea>
10003626:	9808      	ldr	r0, [sp, #32]
10003628:	9909      	ldr	r1, [sp, #36]	@ 0x24
1000362a:	4a55      	ldr	r2, [pc, #340]	@ (10003780 <_etoa+0x550>)
1000362c:	4b55      	ldr	r3, [pc, #340]	@ (10003784 <_etoa+0x554>)
1000362e:	f7fe fe93 	bl	10002358 <__wrap___aeabi_dcmpge>
10003632:	2800      	cmp	r0, #0
10003634:	d008      	beq.n	10003648 <_etoa+0x418>
10003636:	9808      	ldr	r0, [sp, #32]
10003638:	9909      	ldr	r1, [sp, #36]	@ 0x24
1000363a:	2200      	movs	r2, #0
1000363c:	4b52      	ldr	r3, [pc, #328]	@ (10003788 <_etoa+0x558>)
1000363e:	f7fe fe7d 	bl	1000233c <__wrap___aeabi_dcmplt>
10003642:	2800      	cmp	r0, #0
10003644:	d000      	beq.n	10003648 <_etoa+0x418>
10003646:	e6e8      	b.n	1000341a <_etoa+0x1ea>
10003648:	9b26      	ldr	r3, [sp, #152]	@ 0x98
1000364a:	2b00      	cmp	r3, #0
1000364c:	d034      	beq.n	100036b8 <_etoa+0x488>
1000364e:	9b0f      	ldr	r3, [sp, #60]	@ 0x3c
10003650:	2b00      	cmp	r3, #0
10003652:	d031      	beq.n	100036b8 <_etoa+0x488>
10003654:	9b26      	ldr	r3, [sp, #152]	@ 0x98
10003656:	3b01      	subs	r3, #1
10003658:	9326      	str	r3, [sp, #152]	@ 0x98
1000365a:	9b27      	ldr	r3, [sp, #156]	@ 0x9c
1000365c:	42b3      	cmp	r3, r6
1000365e:	d904      	bls.n	1000366a <_etoa+0x43a>
10003660:	9b0c      	ldr	r3, [sp, #48]	@ 0x30
10003662:	2b00      	cmp	r3, #0
10003664:	d059      	beq.n	1000371a <_etoa+0x4ea>
10003666:	2302      	movs	r3, #2
10003668:	930c      	str	r3, [sp, #48]	@ 0x30
1000366a:	2300      	movs	r3, #0
1000366c:	930e      	str	r3, [sp, #56]	@ 0x38
1000366e:	2f00      	cmp	r7, #0
10003670:	d100      	bne.n	10003674 <_etoa+0x444>
10003672:	e63e      	b.n	100032f2 <_etoa+0xc2>
10003674:	9a0a      	ldr	r2, [sp, #40]	@ 0x28
10003676:	9b0b      	ldr	r3, [sp, #44]	@ 0x2c
10003678:	9808      	ldr	r0, [sp, #32]
1000367a:	9909      	ldr	r1, [sp, #36]	@ 0x24
1000367c:	f7fe fdfd 	bl	1000227a <__wrap___aeabi_ddiv>
10003680:	2200      	movs	r2, #0
10003682:	9008      	str	r0, [sp, #32]
10003684:	9109      	str	r1, [sp, #36]	@ 0x24
10003686:	2300      	movs	r3, #0
10003688:	0020      	movs	r0, r4
1000368a:	0029      	movs	r1, r5
1000368c:	f7fe fe56 	bl	1000233c <__wrap___aeabi_dcmplt>
10003690:	2800      	cmp	r0, #0
10003692:	d100      	bne.n	10003696 <_etoa+0x466>
10003694:	e636      	b.n	10003304 <_etoa+0xd4>
10003696:	9c08      	ldr	r4, [sp, #32]
10003698:	9d09      	ldr	r5, [sp, #36]	@ 0x24
1000369a:	9a28      	ldr	r2, [sp, #160]	@ 0xa0
1000369c:	2080      	movs	r0, #128	@ 0x80
1000369e:	4b3b      	ldr	r3, [pc, #236]	@ (1000378c <_etoa+0x55c>)
100036a0:	0600      	lsls	r0, r0, #24
100036a2:	4013      	ands	r3, r2
100036a4:	0022      	movs	r2, r4
100036a6:	9304      	str	r3, [sp, #16]
100036a8:	9b0e      	ldr	r3, [sp, #56]	@ 0x38
100036aa:	9303      	str	r3, [sp, #12]
100036ac:	9b26      	ldr	r3, [sp, #152]	@ 0x98
100036ae:	9302      	str	r3, [sp, #8]
100036b0:	182b      	adds	r3, r5, r0
100036b2:	9200      	str	r2, [sp, #0]
100036b4:	9301      	str	r3, [sp, #4]
100036b6:	e631      	b.n	1000331c <_etoa+0xec>
100036b8:	9b27      	ldr	r3, [sp, #156]	@ 0x9c
100036ba:	42b3      	cmp	r3, r6
100036bc:	d9d5      	bls.n	1000366a <_etoa+0x43a>
100036be:	9b0c      	ldr	r3, [sp, #48]	@ 0x30
100036c0:	2b00      	cmp	r3, #0
100036c2:	d02a      	beq.n	1000371a <_etoa+0x4ea>
100036c4:	2300      	movs	r3, #0
100036c6:	930e      	str	r3, [sp, #56]	@ 0x38
100036c8:	3302      	adds	r3, #2
100036ca:	930c      	str	r3, [sp, #48]	@ 0x30
100036cc:	e7cf      	b.n	1000366e <_etoa+0x43e>
100036ce:	9b28      	ldr	r3, [sp, #160]	@ 0xa0
100036d0:	4a2e      	ldr	r2, [pc, #184]	@ (1000378c <_etoa+0x55c>)
100036d2:	2080      	movs	r0, #128	@ 0x80
100036d4:	9c08      	ldr	r4, [sp, #32]
100036d6:	9d09      	ldr	r5, [sp, #36]	@ 0x24
100036d8:	401a      	ands	r2, r3
100036da:	2380      	movs	r3, #128	@ 0x80
100036dc:	00db      	lsls	r3, r3, #3
100036de:	4313      	orrs	r3, r2
100036e0:	0022      	movs	r2, r4
100036e2:	9304      	str	r3, [sp, #16]
100036e4:	9b27      	ldr	r3, [sp, #156]	@ 0x9c
100036e6:	0600      	lsls	r0, r0, #24
100036e8:	9303      	str	r3, [sp, #12]
100036ea:	182b      	adds	r3, r5, r0
100036ec:	9200      	str	r2, [sp, #0]
100036ee:	9301      	str	r3, [sp, #4]
100036f0:	9602      	str	r6, [sp, #8]
100036f2:	e67d      	b.n	100033f0 <_etoa+0x1c0>
100036f4:	2605      	movs	r6, #5
100036f6:	e695      	b.n	10003424 <_etoa+0x1f4>
100036f8:	2300      	movs	r3, #0
100036fa:	930e      	str	r3, [sp, #56]	@ 0x38
100036fc:	3302      	adds	r3, #2
100036fe:	2700      	movs	r7, #0
10003700:	2604      	movs	r6, #4
10003702:	930c      	str	r3, [sp, #48]	@ 0x30
10003704:	e5f5      	b.n	100032f2 <_etoa+0xc2>
10003706:	1e4b      	subs	r3, r1, #1
10003708:	191b      	adds	r3, r3, r4
1000370a:	1a1b      	subs	r3, r3, r0
1000370c:	e665      	b.n	100033da <_etoa+0x1aa>
1000370e:	2302      	movs	r3, #2
10003710:	930c      	str	r3, [sp, #48]	@ 0x30
10003712:	2605      	movs	r6, #5
10003714:	e7ae      	b.n	10003674 <_etoa+0x444>
10003716:	2304      	movs	r3, #4
10003718:	e5e7      	b.n	100032ea <_etoa+0xba>
1000371a:	9b27      	ldr	r3, [sp, #156]	@ 0x9c
1000371c:	1b9b      	subs	r3, r3, r6
1000371e:	930e      	str	r3, [sp, #56]	@ 0x38
10003720:	e7a5      	b.n	1000366e <_etoa+0x43e>
10003722:	2302      	movs	r3, #2
10003724:	2604      	movs	r6, #4
10003726:	930c      	str	r3, [sp, #48]	@ 0x30
10003728:	e7a1      	b.n	1000366e <_etoa+0x43e>
1000372a:	1bdb      	subs	r3, r3, r7
1000372c:	1e5e      	subs	r6, r3, #1
1000372e:	e679      	b.n	10003424 <_etoa+0x1f4>
10003730:	fffffc01 	.word	0xfffffc01
10003734:	509f79fb 	.word	0x509f79fb
10003738:	3fd34413 	.word	0x3fd34413
1000373c:	8b60c8b3 	.word	0x8b60c8b3
10003740:	3fc68a28 	.word	0x3fc68a28
10003744:	3ff00000 	.word	0x3ff00000
10003748:	3ff80000 	.word	0x3ff80000
1000374c:	636f4361 	.word	0x636f4361
10003750:	3fd287a7 	.word	0x3fd287a7
10003754:	0979a371 	.word	0x0979a371
10003758:	400a934f 	.word	0x400a934f
1000375c:	3fe00000 	.word	0x3fe00000
10003760:	bbb55516 	.word	0xbbb55516
10003764:	40026bb1 	.word	0x40026bb1
10003768:	fefa39ef 	.word	0xfefa39ef
1000376c:	3fe62e42 	.word	0x3fe62e42
10003770:	402c0000 	.word	0x402c0000
10003774:	40240000 	.word	0x40240000
10003778:	40180000 	.word	0x40180000
1000377c:	000003ff 	.word	0x000003ff
10003780:	eb1c432d 	.word	0xeb1c432d
10003784:	3f1a36e2 	.word	0x3f1a36e2
10003788:	412e8480 	.word	0x412e8480
1000378c:	fffff7ff 	.word	0xfffff7ff

10003790 <_vsnprintf>:
10003790:	b5f0      	push	{r4, r5, r6, r7, lr}
10003792:	4657      	mov	r7, sl
10003794:	46de      	mov	lr, fp
10003796:	464e      	mov	r6, r9
10003798:	4645      	mov	r5, r8
1000379a:	b5e0      	push	{r5, r6, r7, lr}
1000379c:	b0a3      	sub	sp, #140	@ 0x8c
1000379e:	001f      	movs	r7, r3
100037a0:	9b2c      	ldr	r3, [sp, #176]	@ 0xb0
100037a2:	4692      	mov	sl, r2
100037a4:	930c      	str	r3, [sp, #48]	@ 0x30
100037a6:	4ac9      	ldr	r2, [pc, #804]	@ (10003acc <_vsnprintf+0x33c>)
100037a8:	4bc9      	ldr	r3, [pc, #804]	@ (10003ad0 <_vsnprintf+0x340>)
100037aa:	468b      	mov	fp, r1
100037ac:	900b      	str	r0, [sp, #44]	@ 0x2c
100037ae:	601a      	str	r2, [r3, #0]
100037b0:	2900      	cmp	r1, #0
100037b2:	d100      	bne.n	100037b6 <_vsnprintf+0x26>
100037b4:	e1bf      	b.n	10003b36 <_vsnprintf+0x3a6>
100037b6:	2300      	movs	r3, #0
100037b8:	7838      	ldrb	r0, [r7, #0]
100037ba:	4699      	mov	r9, r3
100037bc:	2800      	cmp	r0, #0
100037be:	d100      	bne.n	100037c2 <_vsnprintf+0x32>
100037c0:	e1c1      	b.n	10003b46 <_vsnprintf+0x3b6>
100037c2:	4bc4      	ldr	r3, [pc, #784]	@ (10003ad4 <_vsnprintf+0x344>)
100037c4:	464c      	mov	r4, r9
100037c6:	9309      	str	r3, [sp, #36]	@ 0x24
100037c8:	4bc3      	ldr	r3, [pc, #780]	@ (10003ad8 <_vsnprintf+0x348>)
100037ca:	930e      	str	r3, [sp, #56]	@ 0x38
100037cc:	465b      	mov	r3, fp
100037ce:	930a      	str	r3, [sp, #40]	@ 0x28
100037d0:	e008      	b.n	100037e4 <_vsnprintf+0x54>
100037d2:	0022      	movs	r2, r4
100037d4:	4653      	mov	r3, sl
100037d6:	990a      	ldr	r1, [sp, #40]	@ 0x28
100037d8:	9d0b      	ldr	r5, [sp, #44]	@ 0x2c
100037da:	47a8      	blx	r5
100037dc:	3401      	adds	r4, #1
100037de:	7838      	ldrb	r0, [r7, #0]
100037e0:	2800      	cmp	r0, #0
100037e2:	d076      	beq.n	100038d2 <_vsnprintf+0x142>
100037e4:	3701      	adds	r7, #1
100037e6:	2825      	cmp	r0, #37	@ 0x25
100037e8:	d1f3      	bne.n	100037d2 <_vsnprintf+0x42>
100037ea:	2310      	movs	r3, #16
100037ec:	469b      	mov	fp, r3
100037ee:	3b08      	subs	r3, #8
100037f0:	4699      	mov	r9, r3
100037f2:	3b04      	subs	r3, #4
100037f4:	4698      	mov	r8, r3
100037f6:	3b03      	subs	r3, #3
100037f8:	2600      	movs	r6, #0
100037fa:	2502      	movs	r5, #2
100037fc:	469c      	mov	ip, r3
100037fe:	7838      	ldrb	r0, [r7, #0]
10003800:	1c79      	adds	r1, r7, #1
10003802:	0003      	movs	r3, r0
10003804:	3b20      	subs	r3, #32
10003806:	b2db      	uxtb	r3, r3
10003808:	2b10      	cmp	r3, #16
1000380a:	d803      	bhi.n	10003814 <_vsnprintf+0x84>
1000380c:	9a09      	ldr	r2, [sp, #36]	@ 0x24
1000380e:	009b      	lsls	r3, r3, #2
10003810:	58d3      	ldr	r3, [r2, r3]
10003812:	469f      	mov	pc, r3
10003814:	0003      	movs	r3, r0
10003816:	3b30      	subs	r3, #48	@ 0x30
10003818:	2b09      	cmp	r3, #9
1000381a:	d936      	bls.n	1000388a <_vsnprintf+0xfa>
1000381c:	2500      	movs	r5, #0
1000381e:	282a      	cmp	r0, #42	@ 0x2a
10003820:	d100      	bne.n	10003824 <_vsnprintf+0x94>
10003822:	e0a7      	b.n	10003974 <_vsnprintf+0x1e4>
10003824:	2300      	movs	r3, #0
10003826:	930d      	str	r3, [sp, #52]	@ 0x34
10003828:	282e      	cmp	r0, #46	@ 0x2e
1000382a:	d03f      	beq.n	100038ac <_vsnprintf+0x11c>
1000382c:	0003      	movs	r3, r0
1000382e:	3b68      	subs	r3, #104	@ 0x68
10003830:	b2db      	uxtb	r3, r3
10003832:	2b12      	cmp	r3, #18
10003834:	d81b      	bhi.n	1000386e <_vsnprintf+0xde>
10003836:	9a0e      	ldr	r2, [sp, #56]	@ 0x38
10003838:	009b      	lsls	r3, r3, #2
1000383a:	58d3      	ldr	r3, [r2, r3]
1000383c:	469f      	mov	pc, r3
1000383e:	4663      	mov	r3, ip
10003840:	000f      	movs	r7, r1
10003842:	431e      	orrs	r6, r3
10003844:	e7db      	b.n	100037fe <_vsnprintf+0x6e>
10003846:	000f      	movs	r7, r1
10003848:	432e      	orrs	r6, r5
1000384a:	e7d8      	b.n	100037fe <_vsnprintf+0x6e>
1000384c:	4643      	mov	r3, r8
1000384e:	000f      	movs	r7, r1
10003850:	431e      	orrs	r6, r3
10003852:	e7d4      	b.n	100037fe <_vsnprintf+0x6e>
10003854:	465b      	mov	r3, fp
10003856:	000f      	movs	r7, r1
10003858:	431e      	orrs	r6, r3
1000385a:	e7d0      	b.n	100037fe <_vsnprintf+0x6e>
1000385c:	464b      	mov	r3, r9
1000385e:	000f      	movs	r7, r1
10003860:	431e      	orrs	r6, r3
10003862:	e7cc      	b.n	100037fe <_vsnprintf+0x6e>
10003864:	2380      	movs	r3, #128	@ 0x80
10003866:	7878      	ldrb	r0, [r7, #1]
10003868:	005b      	lsls	r3, r3, #1
1000386a:	431e      	orrs	r6, r3
1000386c:	3101      	adds	r1, #1
1000386e:	000f      	movs	r7, r1
10003870:	2867      	cmp	r0, #103	@ 0x67
10003872:	d845      	bhi.n	10003900 <_vsnprintf+0x170>
10003874:	2824      	cmp	r0, #36	@ 0x24
10003876:	d9ac      	bls.n	100037d2 <_vsnprintf+0x42>
10003878:	0003      	movs	r3, r0
1000387a:	3b25      	subs	r3, #37	@ 0x25
1000387c:	b2db      	uxtb	r3, r3
1000387e:	2b42      	cmp	r3, #66	@ 0x42
10003880:	d8a7      	bhi.n	100037d2 <_vsnprintf+0x42>
10003882:	4996      	ldr	r1, [pc, #600]	@ (10003adc <_vsnprintf+0x34c>)
10003884:	009b      	lsls	r3, r3, #2
10003886:	58cb      	ldr	r3, [r1, r3]
10003888:	469f      	mov	pc, r3
1000388a:	2500      	movs	r5, #0
1000388c:	00ab      	lsls	r3, r5, #2
1000388e:	195d      	adds	r5, r3, r5
10003890:	006d      	lsls	r5, r5, #1
10003892:	182d      	adds	r5, r5, r0
10003894:	7808      	ldrb	r0, [r1, #0]
10003896:	000f      	movs	r7, r1
10003898:	0003      	movs	r3, r0
1000389a:	3b30      	subs	r3, #48	@ 0x30
1000389c:	3d30      	subs	r5, #48	@ 0x30
1000389e:	3101      	adds	r1, #1
100038a0:	2b09      	cmp	r3, #9
100038a2:	d9f3      	bls.n	1000388c <_vsnprintf+0xfc>
100038a4:	2300      	movs	r3, #0
100038a6:	930d      	str	r3, [sp, #52]	@ 0x34
100038a8:	282e      	cmp	r0, #46	@ 0x2e
100038aa:	d1bf      	bne.n	1000382c <_vsnprintf+0x9c>
100038ac:	2230      	movs	r2, #48	@ 0x30
100038ae:	2080      	movs	r0, #128	@ 0x80
100038b0:	4252      	negs	r2, r2
100038b2:	4690      	mov	r8, r2
100038b4:	00c0      	lsls	r0, r0, #3
100038b6:	4306      	orrs	r6, r0
100038b8:	7878      	ldrb	r0, [r7, #1]
100038ba:	000b      	movs	r3, r1
100038bc:	4480      	add	r8, r0
100038be:	4642      	mov	r2, r8
100038c0:	2a09      	cmp	r2, #9
100038c2:	d800      	bhi.n	100038c6 <_vsnprintf+0x136>
100038c4:	e151      	b.n	10003b6a <_vsnprintf+0x3da>
100038c6:	282a      	cmp	r0, #42	@ 0x2a
100038c8:	d100      	bne.n	100038cc <_vsnprintf+0x13c>
100038ca:	e15e      	b.n	10003b8a <_vsnprintf+0x3fa>
100038cc:	000f      	movs	r7, r1
100038ce:	3101      	adds	r1, #1
100038d0:	e7ac      	b.n	1000382c <_vsnprintf+0x9c>
100038d2:	9b0a      	ldr	r3, [sp, #40]	@ 0x28
100038d4:	46a1      	mov	r9, r4
100038d6:	469b      	mov	fp, r3
100038d8:	45ca      	cmp	sl, r9
100038da:	d803      	bhi.n	100038e4 <_vsnprintf+0x154>
100038dc:	2301      	movs	r3, #1
100038de:	425b      	negs	r3, r3
100038e0:	4453      	add	r3, sl
100038e2:	4699      	mov	r9, r3
100038e4:	4653      	mov	r3, sl
100038e6:	464a      	mov	r2, r9
100038e8:	4659      	mov	r1, fp
100038ea:	2000      	movs	r0, #0
100038ec:	9d0b      	ldr	r5, [sp, #44]	@ 0x2c
100038ee:	47a8      	blx	r5
100038f0:	0020      	movs	r0, r4
100038f2:	b023      	add	sp, #140	@ 0x8c
100038f4:	bcf0      	pop	{r4, r5, r6, r7}
100038f6:	46bb      	mov	fp, r7
100038f8:	46b2      	mov	sl, r6
100038fa:	46a9      	mov	r9, r5
100038fc:	46a0      	mov	r8, r4
100038fe:	bdf0      	pop	{r4, r5, r6, r7, pc}
10003900:	0003      	movs	r3, r0
10003902:	3b69      	subs	r3, #105	@ 0x69
10003904:	b2db      	uxtb	r3, r3
10003906:	2b0f      	cmp	r3, #15
10003908:	d900      	bls.n	1000390c <_vsnprintf+0x17c>
1000390a:	e762      	b.n	100037d2 <_vsnprintf+0x42>
1000390c:	2101      	movs	r1, #1
1000390e:	4099      	lsls	r1, r3
10003910:	4688      	mov	r8, r1
10003912:	4a73      	ldr	r2, [pc, #460]	@ (10003ae0 <_vsnprintf+0x350>)
10003914:	4011      	ands	r1, r2
10003916:	468b      	mov	fp, r1
10003918:	0011      	movs	r1, r2
1000391a:	4642      	mov	r2, r8
1000391c:	420a      	tst	r2, r1
1000391e:	d000      	beq.n	10003922 <_vsnprintf+0x192>
10003920:	e113      	b.n	10003b4a <_vsnprintf+0x3ba>
10003922:	2b0a      	cmp	r3, #10
10003924:	d02f      	beq.n	10003986 <_vsnprintf+0x1f6>
10003926:	2b07      	cmp	r3, #7
10003928:	d000      	beq.n	1000392c <_vsnprintf+0x19c>
1000392a:	e752      	b.n	100037d2 <_vsnprintf+0x42>
1000392c:	9d0c      	ldr	r5, [sp, #48]	@ 0x30
1000392e:	cd01      	ldmia	r5!, {r0}
10003930:	2800      	cmp	r0, #0
10003932:	d100      	bne.n	10003936 <_vsnprintf+0x1a6>
10003934:	e134      	b.n	10003ba0 <_vsnprintf+0x410>
10003936:	2321      	movs	r3, #33	@ 0x21
10003938:	431e      	orrs	r6, r3
1000393a:	46b0      	mov	r8, r6
1000393c:	261f      	movs	r6, #31
1000393e:	9a0d      	ldr	r2, [sp, #52]	@ 0x34
10003940:	ab12      	add	r3, sp, #72	@ 0x48
10003942:	18f6      	adds	r6, r6, r3
10003944:	46a1      	mov	r9, r4
10003946:	4694      	mov	ip, r2
10003948:	4659      	mov	r1, fp
1000394a:	0034      	movs	r4, r6
1000394c:	e002      	b.n	10003954 <_vsnprintf+0x1c4>
1000394e:	0900      	lsrs	r0, r0, #4
10003950:	2920      	cmp	r1, #32
10003952:	d00a      	beq.n	1000396a <_vsnprintf+0x1da>
10003954:	260f      	movs	r6, #15
10003956:	4006      	ands	r6, r0
10003958:	0032      	movs	r2, r6
1000395a:	3237      	adds	r2, #55	@ 0x37
1000395c:	2e09      	cmp	r6, #9
1000395e:	d800      	bhi.n	10003962 <_vsnprintf+0x1d2>
10003960:	3a07      	subs	r2, #7
10003962:	3101      	adds	r1, #1
10003964:	5462      	strb	r2, [r4, r1]
10003966:	280f      	cmp	r0, #15
10003968:	d8f1      	bhi.n	1000394e <_vsnprintf+0x1be>
1000396a:	4663      	mov	r3, ip
1000396c:	464c      	mov	r4, r9
1000396e:	468b      	mov	fp, r1
10003970:	930d      	str	r3, [sp, #52]	@ 0x34
10003972:	e122      	b.n	10003bba <_vsnprintf+0x42a>
10003974:	9b0c      	ldr	r3, [sp, #48]	@ 0x30
10003976:	cb20      	ldmia	r3!, {r5}
10003978:	2d00      	cmp	r5, #0
1000397a:	db52      	blt.n	10003a22 <_vsnprintf+0x292>
1000397c:	7878      	ldrb	r0, [r7, #1]
1000397e:	930c      	str	r3, [sp, #48]	@ 0x30
10003980:	000f      	movs	r7, r1
10003982:	3101      	adds	r1, #1
10003984:	e74e      	b.n	10003824 <_vsnprintf+0x94>
10003986:	9b0c      	ldr	r3, [sp, #48]	@ 0x30
10003988:	990d      	ldr	r1, [sp, #52]	@ 0x34
1000398a:	cb04      	ldmia	r3!, {r2}
1000398c:	4690      	mov	r8, r2
1000398e:	469b      	mov	fp, r3
10003990:	2900      	cmp	r1, #0
10003992:	d100      	bne.n	10003996 <_vsnprintf+0x206>
10003994:	e128      	b.n	10003be8 <_vsnprintf+0x458>
10003996:	4643      	mov	r3, r8
10003998:	7818      	ldrb	r0, [r3, #0]
1000399a:	4441      	add	r1, r8
1000399c:	2800      	cmp	r0, #0
1000399e:	d101      	bne.n	100039a4 <_vsnprintf+0x214>
100039a0:	f000 fc29 	bl	100041f6 <_vsnprintf+0xa66>
100039a4:	9a0d      	ldr	r2, [sp, #52]	@ 0x34
100039a6:	4694      	mov	ip, r2
100039a8:	000a      	movs	r2, r1
100039aa:	e004      	b.n	100039b6 <_vsnprintf+0x226>
100039ac:	7859      	ldrb	r1, [r3, #1]
100039ae:	3301      	adds	r3, #1
100039b0:	2900      	cmp	r1, #0
100039b2:	d100      	bne.n	100039b6 <_vsnprintf+0x226>
100039b4:	e195      	b.n	10003ce2 <_vsnprintf+0x552>
100039b6:	429a      	cmp	r2, r3
100039b8:	d1f8      	bne.n	100039ac <_vsnprintf+0x21c>
100039ba:	4663      	mov	r3, ip
100039bc:	930d      	str	r3, [sp, #52]	@ 0x34
100039be:	4643      	mov	r3, r8
100039c0:	1ad3      	subs	r3, r2, r3
100039c2:	930f      	str	r3, [sp, #60]	@ 0x3c
100039c4:	0573      	lsls	r3, r6, #21
100039c6:	d400      	bmi.n	100039ca <_vsnprintf+0x23a>
100039c8:	e16c      	b.n	10003ca4 <_vsnprintf+0x514>
100039ca:	9b0f      	ldr	r3, [sp, #60]	@ 0x3c
100039cc:	9a0d      	ldr	r2, [sp, #52]	@ 0x34
100039ce:	4293      	cmp	r3, r2
100039d0:	d900      	bls.n	100039d4 <_vsnprintf+0x244>
100039d2:	920f      	str	r2, [sp, #60]	@ 0x3c
100039d4:	2302      	movs	r3, #2
100039d6:	001a      	movs	r2, r3
100039d8:	4032      	ands	r2, r6
100039da:	920c      	str	r2, [sp, #48]	@ 0x30
100039dc:	4233      	tst	r3, r6
100039de:	d100      	bne.n	100039e2 <_vsnprintf+0x252>
100039e0:	e291      	b.n	10003f06 <_vsnprintf+0x776>
100039e2:	930c      	str	r3, [sp, #48]	@ 0x30
100039e4:	9b0d      	ldr	r3, [sp, #52]	@ 0x34
100039e6:	46b9      	mov	r9, r7
100039e8:	191e      	adds	r6, r3, r4
100039ea:	4643      	mov	r3, r8
100039ec:	1b1b      	subs	r3, r3, r4
100039ee:	46a8      	mov	r8, r5
100039f0:	0022      	movs	r2, r4
100039f2:	001f      	movs	r7, r3
100039f4:	9d0b      	ldr	r5, [sp, #44]	@ 0x2c
100039f6:	e008      	b.n	10003a0a <_vsnprintf+0x27a>
100039f8:	1c54      	adds	r4, r2, #1
100039fa:	4653      	mov	r3, sl
100039fc:	990a      	ldr	r1, [sp, #40]	@ 0x28
100039fe:	47a8      	blx	r5
10003a00:	5d38      	ldrb	r0, [r7, r4]
10003a02:	2800      	cmp	r0, #0
10003a04:	d100      	bne.n	10003a08 <_vsnprintf+0x278>
10003a06:	e163      	b.n	10003cd0 <_vsnprintf+0x540>
10003a08:	0022      	movs	r2, r4
10003a0a:	4296      	cmp	r6, r2
10003a0c:	d1f4      	bne.n	100039f8 <_vsnprintf+0x268>
10003a0e:	4645      	mov	r5, r8
10003a10:	464f      	mov	r7, r9
10003a12:	0034      	movs	r4, r6
10003a14:	9b0c      	ldr	r3, [sp, #48]	@ 0x30
10003a16:	2b00      	cmp	r3, #0
10003a18:	d000      	beq.n	10003a1c <_vsnprintf+0x28c>
10003a1a:	e197      	b.n	10003d4c <_vsnprintf+0x5bc>
10003a1c:	465b      	mov	r3, fp
10003a1e:	930c      	str	r3, [sp, #48]	@ 0x30
10003a20:	e6dd      	b.n	100037de <_vsnprintf+0x4e>
10003a22:	2202      	movs	r2, #2
10003a24:	7878      	ldrb	r0, [r7, #1]
10003a26:	4316      	orrs	r6, r2
10003a28:	000f      	movs	r7, r1
10003a2a:	426d      	negs	r5, r5
10003a2c:	930c      	str	r3, [sp, #48]	@ 0x30
10003a2e:	3101      	adds	r1, #1
10003a30:	e6f8      	b.n	10003824 <_vsnprintf+0x94>
10003a32:	7878      	ldrb	r0, [r7, #1]
10003a34:	286c      	cmp	r0, #108	@ 0x6c
10003a36:	d100      	bne.n	10003a3a <_vsnprintf+0x2aa>
10003a38:	e159      	b.n	10003cee <_vsnprintf+0x55e>
10003a3a:	2380      	movs	r3, #128	@ 0x80
10003a3c:	005b      	lsls	r3, r3, #1
10003a3e:	431e      	orrs	r6, r3
10003a40:	3101      	adds	r1, #1
10003a42:	e714      	b.n	1000386e <_vsnprintf+0xde>
10003a44:	2380      	movs	r3, #128	@ 0x80
10003a46:	009b      	lsls	r3, r3, #2
10003a48:	7878      	ldrb	r0, [r7, #1]
10003a4a:	431e      	orrs	r6, r3
10003a4c:	3101      	adds	r1, #1
10003a4e:	e70e      	b.n	1000386e <_vsnprintf+0xde>
10003a50:	7878      	ldrb	r0, [r7, #1]
10003a52:	2868      	cmp	r0, #104	@ 0x68
10003a54:	d100      	bne.n	10003a58 <_vsnprintf+0x2c8>
10003a56:	e150      	b.n	10003cfa <_vsnprintf+0x56a>
10003a58:	2380      	movs	r3, #128	@ 0x80
10003a5a:	3101      	adds	r1, #1
10003a5c:	431e      	orrs	r6, r3
10003a5e:	e706      	b.n	1000386e <_vsnprintf+0xde>
10003a60:	2867      	cmp	r0, #103	@ 0x67
10003a62:	d100      	bne.n	10003a66 <_vsnprintf+0x2d6>
10003a64:	e0c2      	b.n	10003bec <_vsnprintf+0x45c>
10003a66:	2847      	cmp	r0, #71	@ 0x47
10003a68:	d100      	bne.n	10003a6c <_vsnprintf+0x2dc>
10003a6a:	e134      	b.n	10003cd6 <_vsnprintf+0x546>
10003a6c:	2845      	cmp	r0, #69	@ 0x45
10003a6e:	d100      	bne.n	10003a72 <_vsnprintf+0x2e2>
10003a70:	e134      	b.n	10003cdc <_vsnprintf+0x54c>
10003a72:	2107      	movs	r1, #7
10003a74:	9b0c      	ldr	r3, [sp, #48]	@ 0x30
10003a76:	9a0d      	ldr	r2, [sp, #52]	@ 0x34
10003a78:	3307      	adds	r3, #7
10003a7a:	438b      	bics	r3, r1
10003a7c:	0019      	movs	r1, r3
10003a7e:	9604      	str	r6, [sp, #16]
10003a80:	9503      	str	r5, [sp, #12]
10003a82:	9202      	str	r2, [sp, #8]
10003a84:	c90c      	ldmia	r1!, {r2, r3}
10003a86:	980b      	ldr	r0, [sp, #44]	@ 0x2c
10003a88:	9200      	str	r2, [sp, #0]
10003a8a:	9301      	str	r3, [sp, #4]
10003a8c:	910c      	str	r1, [sp, #48]	@ 0x30
10003a8e:	0022      	movs	r2, r4
10003a90:	4653      	mov	r3, sl
10003a92:	990a      	ldr	r1, [sp, #40]	@ 0x28
10003a94:	f7ff fbcc 	bl	10003230 <_etoa>
10003a98:	0004      	movs	r4, r0
10003a9a:	e6a0      	b.n	100037de <_vsnprintf+0x4e>
10003a9c:	2846      	cmp	r0, #70	@ 0x46
10003a9e:	d100      	bne.n	10003aa2 <_vsnprintf+0x312>
10003aa0:	e0a8      	b.n	10003bf4 <_vsnprintf+0x464>
10003aa2:	2107      	movs	r1, #7
10003aa4:	9b0c      	ldr	r3, [sp, #48]	@ 0x30
10003aa6:	9a0d      	ldr	r2, [sp, #52]	@ 0x34
10003aa8:	3307      	adds	r3, #7
10003aaa:	438b      	bics	r3, r1
10003aac:	0019      	movs	r1, r3
10003aae:	9604      	str	r6, [sp, #16]
10003ab0:	9503      	str	r5, [sp, #12]
10003ab2:	9202      	str	r2, [sp, #8]
10003ab4:	c90c      	ldmia	r1!, {r2, r3}
10003ab6:	980b      	ldr	r0, [sp, #44]	@ 0x2c
10003ab8:	9200      	str	r2, [sp, #0]
10003aba:	9301      	str	r3, [sp, #4]
10003abc:	910c      	str	r1, [sp, #48]	@ 0x30
10003abe:	0022      	movs	r2, r4
10003ac0:	4653      	mov	r3, sl
10003ac2:	990a      	ldr	r1, [sp, #40]	@ 0x28
10003ac4:	f7ff f97a 	bl	10002dbc <_ftoa>
10003ac8:	0004      	movs	r4, r0
10003aca:	e688      	b.n	100037de <_vsnprintf+0x4e>
10003acc:	10003791 	.word	0x10003791
10003ad0:	20001e68 	.word	0x20001e68
10003ad4:	10007af0 	.word	0x10007af0
10003ad8:	10007b34 	.word	0x10007b34
10003adc:	10007b80 	.word	0x10007b80
10003ae0:	00009041 	.word	0x00009041
10003ae4:	0022      	movs	r2, r4
10003ae6:	4653      	mov	r3, sl
10003ae8:	2025      	movs	r0, #37	@ 0x25
10003aea:	990a      	ldr	r1, [sp, #40]	@ 0x28
10003aec:	9d0b      	ldr	r5, [sp, #44]	@ 0x2c
10003aee:	47a8      	blx	r5
10003af0:	3401      	adds	r4, #1
10003af2:	e674      	b.n	100037de <_vsnprintf+0x4e>
10003af4:	9b0c      	ldr	r3, [sp, #48]	@ 0x30
10003af6:	3304      	adds	r3, #4
10003af8:	469b      	mov	fp, r3
10003afa:	1c63      	adds	r3, r4, #1
10003afc:	4698      	mov	r8, r3
10003afe:	07b6      	lsls	r6, r6, #30
10003b00:	d400      	bmi.n	10003b04 <_vsnprintf+0x374>
10003b02:	e0ff      	b.n	10003d04 <_vsnprintf+0x574>
10003b04:	9b0c      	ldr	r3, [sp, #48]	@ 0x30
10003b06:	0022      	movs	r2, r4
10003b08:	7818      	ldrb	r0, [r3, #0]
10003b0a:	990a      	ldr	r1, [sp, #40]	@ 0x28
10003b0c:	4653      	mov	r3, sl
10003b0e:	9e0b      	ldr	r6, [sp, #44]	@ 0x2c
10003b10:	47b0      	blx	r6
10003b12:	1964      	adds	r4, r4, r5
10003b14:	2d01      	cmp	r5, #1
10003b16:	d800      	bhi.n	10003b1a <_vsnprintf+0x38a>
10003b18:	e249      	b.n	10003fae <_vsnprintf+0x81e>
10003b1a:	4645      	mov	r5, r8
10003b1c:	9e0b      	ldr	r6, [sp, #44]	@ 0x2c
10003b1e:	46b8      	mov	r8, r7
10003b20:	9f0a      	ldr	r7, [sp, #40]	@ 0x28
10003b22:	002a      	movs	r2, r5
10003b24:	4653      	mov	r3, sl
10003b26:	3501      	adds	r5, #1
10003b28:	0039      	movs	r1, r7
10003b2a:	2020      	movs	r0, #32
10003b2c:	47b0      	blx	r6
10003b2e:	42a5      	cmp	r5, r4
10003b30:	d1f7      	bne.n	10003b22 <_vsnprintf+0x392>
10003b32:	4647      	mov	r7, r8
10003b34:	e772      	b.n	10003a1c <_vsnprintf+0x28c>
10003b36:	4bdb      	ldr	r3, [pc, #876]	@ (10003ea4 <_vsnprintf+0x714>)
10003b38:	7838      	ldrb	r0, [r7, #0]
10003b3a:	930b      	str	r3, [sp, #44]	@ 0x2c
10003b3c:	2300      	movs	r3, #0
10003b3e:	4699      	mov	r9, r3
10003b40:	2800      	cmp	r0, #0
10003b42:	d000      	beq.n	10003b46 <_vsnprintf+0x3b6>
10003b44:	e63d      	b.n	100037c2 <_vsnprintf+0x32>
10003b46:	2400      	movs	r4, #0
10003b48:	e6c6      	b.n	100038d8 <_vsnprintf+0x148>
10003b4a:	286f      	cmp	r0, #111	@ 0x6f
10003b4c:	d055      	beq.n	10003bfa <_vsnprintf+0x46a>
10003b4e:	d800      	bhi.n	10003b52 <_vsnprintf+0x3c2>
10003b50:	e2bc      	b.n	100040cc <_vsnprintf+0x93c>
10003b52:	2310      	movs	r3, #16
10003b54:	2878      	cmp	r0, #120	@ 0x78
10003b56:	d100      	bne.n	10003b5a <_vsnprintf+0x3ca>
10003b58:	e09e      	b.n	10003c98 <_vsnprintf+0x508>
10003b5a:	439e      	bics	r6, r3
10003b5c:	230a      	movs	r3, #10
10003b5e:	469c      	mov	ip, r3
10003b60:	2300      	movs	r3, #0
10003b62:	930f      	str	r3, [sp, #60]	@ 0x3c
10003b64:	330a      	adds	r3, #10
10003b66:	469b      	mov	fp, r3
10003b68:	e04d      	b.n	10003c06 <_vsnprintf+0x476>
10003b6a:	2100      	movs	r1, #0
10003b6c:	008a      	lsls	r2, r1, #2
10003b6e:	1852      	adds	r2, r2, r1
10003b70:	0052      	lsls	r2, r2, #1
10003b72:	3301      	adds	r3, #1
10003b74:	1811      	adds	r1, r2, r0
10003b76:	7818      	ldrb	r0, [r3, #0]
10003b78:	3930      	subs	r1, #48	@ 0x30
10003b7a:	0002      	movs	r2, r0
10003b7c:	3a30      	subs	r2, #48	@ 0x30
10003b7e:	2a09      	cmp	r2, #9
10003b80:	d9f4      	bls.n	10003b6c <_vsnprintf+0x3dc>
10003b82:	910d      	str	r1, [sp, #52]	@ 0x34
10003b84:	001f      	movs	r7, r3
10003b86:	1c59      	adds	r1, r3, #1
10003b88:	e650      	b.n	1000382c <_vsnprintf+0x9c>
10003b8a:	9b0c      	ldr	r3, [sp, #48]	@ 0x30
10003b8c:	78b8      	ldrb	r0, [r7, #2]
10003b8e:	cb04      	ldmia	r3!, {r2}
10003b90:	3702      	adds	r7, #2
10003b92:	43d1      	mvns	r1, r2
10003b94:	17c9      	asrs	r1, r1, #31
10003b96:	400a      	ands	r2, r1
10003b98:	920d      	str	r2, [sp, #52]	@ 0x34
10003b9a:	930c      	str	r3, [sp, #48]	@ 0x30
10003b9c:	1c79      	adds	r1, r7, #1
10003b9e:	e645      	b.n	1000382c <_vsnprintf+0x9c>
10003ba0:	2310      	movs	r3, #16
10003ba2:	0030      	movs	r0, r6
10003ba4:	4398      	bics	r0, r3
10003ba6:	3311      	adds	r3, #17
10003ba8:	4318      	orrs	r0, r3
10003baa:	2380      	movs	r3, #128	@ 0x80
10003bac:	4680      	mov	r8, r0
10003bae:	0030      	movs	r0, r6
10003bb0:	00db      	lsls	r3, r3, #3
10003bb2:	4018      	ands	r0, r3
10003bb4:	421e      	tst	r6, r3
10003bb6:	d100      	bne.n	10003bba <_vsnprintf+0x42a>
10003bb8:	e6c0      	b.n	1000393c <_vsnprintf+0x1ac>
10003bba:	4643      	mov	r3, r8
10003bbc:	9306      	str	r3, [sp, #24]
10003bbe:	2308      	movs	r3, #8
10003bc0:	9305      	str	r3, [sp, #20]
10003bc2:	9b0d      	ldr	r3, [sp, #52]	@ 0x34
10003bc4:	0022      	movs	r2, r4
10003bc6:	9304      	str	r3, [sp, #16]
10003bc8:	2310      	movs	r3, #16
10003bca:	9303      	str	r3, [sp, #12]
10003bcc:	2300      	movs	r3, #0
10003bce:	9302      	str	r3, [sp, #8]
10003bd0:	465b      	mov	r3, fp
10003bd2:	9301      	str	r3, [sp, #4]
10003bd4:	ab1a      	add	r3, sp, #104	@ 0x68
10003bd6:	9300      	str	r3, [sp, #0]
10003bd8:	990a      	ldr	r1, [sp, #40]	@ 0x28
10003bda:	4653      	mov	r3, sl
10003bdc:	980b      	ldr	r0, [sp, #44]	@ 0x2c
10003bde:	f7fe fff1 	bl	10002bc4 <_ntoa_format>
10003be2:	950c      	str	r5, [sp, #48]	@ 0x30
10003be4:	0004      	movs	r4, r0
10003be6:	e5fa      	b.n	100037de <_vsnprintf+0x4e>
10003be8:	3901      	subs	r1, #1
10003bea:	e6d4      	b.n	10003996 <_vsnprintf+0x206>
10003bec:	2380      	movs	r3, #128	@ 0x80
10003bee:	011b      	lsls	r3, r3, #4
10003bf0:	431e      	orrs	r6, r3
10003bf2:	e73e      	b.n	10003a72 <_vsnprintf+0x2e2>
10003bf4:	2320      	movs	r3, #32
10003bf6:	431e      	orrs	r6, r3
10003bf8:	e753      	b.n	10003aa2 <_vsnprintf+0x312>
10003bfa:	2308      	movs	r3, #8
10003bfc:	469c      	mov	ip, r3
10003bfe:	2300      	movs	r3, #0
10003c00:	930f      	str	r3, [sp, #60]	@ 0x3c
10003c02:	3308      	adds	r3, #8
10003c04:	469b      	mov	fp, r3
10003c06:	2380      	movs	r3, #128	@ 0x80
10003c08:	0030      	movs	r0, r6
10003c0a:	00db      	lsls	r3, r3, #3
10003c0c:	4018      	ands	r0, r3
10003c0e:	421e      	tst	r6, r3
10003c10:	d100      	bne.n	10003c14 <_vsnprintf+0x484>
10003c12:	e11a      	b.n	10003e4a <_vsnprintf+0x6ba>
10003c14:	230d      	movs	r3, #13
10003c16:	0031      	movs	r1, r6
10003c18:	4399      	bics	r1, r3
10003c1a:	2380      	movs	r3, #128	@ 0x80
10003c1c:	000a      	movs	r2, r1
10003c1e:	009b      	lsls	r3, r3, #2
10003c20:	401a      	ands	r2, r3
10003c22:	4691      	mov	r9, r2
10003c24:	4219      	tst	r1, r3
10003c26:	d000      	beq.n	10003c2a <_vsnprintf+0x49a>
10003c28:	e1c3      	b.n	10003fb2 <_vsnprintf+0x822>
10003c2a:	2380      	movs	r3, #128	@ 0x80
10003c2c:	000a      	movs	r2, r1
10003c2e:	005b      	lsls	r3, r3, #1
10003c30:	401a      	ands	r2, r3
10003c32:	4690      	mov	r8, r2
10003c34:	9a0c      	ldr	r2, [sp, #48]	@ 0x30
10003c36:	3204      	adds	r2, #4
10003c38:	920f      	str	r2, [sp, #60]	@ 0x3c
10003c3a:	4219      	tst	r1, r3
10003c3c:	d000      	beq.n	10003c40 <_vsnprintf+0x4b0>
10003c3e:	e28f      	b.n	10004160 <_vsnprintf+0x9d0>
10003c40:	064b      	lsls	r3, r1, #25
10003c42:	d500      	bpl.n	10003c46 <_vsnprintf+0x4b6>
10003c44:	e197      	b.n	10003f76 <_vsnprintf+0x7e6>
10003c46:	060b      	lsls	r3, r1, #24
10003c48:	d400      	bmi.n	10003c4c <_vsnprintf+0x4bc>
10003c4a:	e2e5      	b.n	10004218 <_vsnprintf+0xa88>
10003c4c:	9b0c      	ldr	r3, [sp, #48]	@ 0x30
10003c4e:	881b      	ldrh	r3, [r3, #0]
10003c50:	4699      	mov	r9, r3
10003c52:	464b      	mov	r3, r9
10003c54:	2b00      	cmp	r3, #0
10003c56:	d000      	beq.n	10003c5a <_vsnprintf+0x4ca>
10003c58:	e205      	b.n	10004066 <_vsnprintf+0x8d6>
10003c5a:	3310      	adds	r3, #16
10003c5c:	4399      	bics	r1, r3
10003c5e:	2800      	cmp	r0, #0
10003c60:	d100      	bne.n	10003c64 <_vsnprintf+0x4d4>
10003c62:	e200      	b.n	10004066 <_vsnprintf+0x8d6>
10003c64:	2300      	movs	r3, #0
10003c66:	4698      	mov	r8, r3
10003c68:	9b0d      	ldr	r3, [sp, #52]	@ 0x34
10003c6a:	9106      	str	r1, [sp, #24]
10003c6c:	9304      	str	r3, [sp, #16]
10003c6e:	465b      	mov	r3, fp
10003c70:	9303      	str	r3, [sp, #12]
10003c72:	2300      	movs	r3, #0
10003c74:	9505      	str	r5, [sp, #20]
10003c76:	9302      	str	r3, [sp, #8]
10003c78:	4643      	mov	r3, r8
10003c7a:	e0d9      	b.n	10003e30 <_vsnprintf+0x6a0>
10003c7c:	2858      	cmp	r0, #88	@ 0x58
10003c7e:	d008      	beq.n	10003c92 <_vsnprintf+0x502>
10003c80:	2862      	cmp	r0, #98	@ 0x62
10003c82:	d178      	bne.n	10003d76 <_vsnprintf+0x5e6>
10003c84:	2302      	movs	r3, #2
10003c86:	469c      	mov	ip, r3
10003c88:	2300      	movs	r3, #0
10003c8a:	930f      	str	r3, [sp, #60]	@ 0x3c
10003c8c:	3302      	adds	r3, #2
10003c8e:	469b      	mov	fp, r3
10003c90:	e7b9      	b.n	10003c06 <_vsnprintf+0x476>
10003c92:	2320      	movs	r3, #32
10003c94:	431e      	orrs	r6, r3
10003c96:	3b10      	subs	r3, #16
10003c98:	469c      	mov	ip, r3
10003c9a:	2300      	movs	r3, #0
10003c9c:	930f      	str	r3, [sp, #60]	@ 0x3c
10003c9e:	3310      	adds	r3, #16
10003ca0:	469b      	mov	fp, r3
10003ca2:	e7b0      	b.n	10003c06 <_vsnprintf+0x476>
10003ca4:	2302      	movs	r3, #2
10003ca6:	001a      	movs	r2, r3
10003ca8:	4032      	ands	r2, r6
10003caa:	920c      	str	r2, [sp, #48]	@ 0x30
10003cac:	4233      	tst	r3, r6
10003cae:	d100      	bne.n	10003cb2 <_vsnprintf+0x522>
10003cb0:	e205      	b.n	100040be <_vsnprintf+0x92e>
10003cb2:	930c      	str	r3, [sp, #48]	@ 0x30
10003cb4:	4643      	mov	r3, r8
10003cb6:	46b9      	mov	r9, r7
10003cb8:	9e0b      	ldr	r6, [sp, #44]	@ 0x2c
10003cba:	9f0a      	ldr	r7, [sp, #40]	@ 0x28
10003cbc:	46a8      	mov	r8, r5
10003cbe:	1b1d      	subs	r5, r3, r4
10003cc0:	0022      	movs	r2, r4
10003cc2:	4653      	mov	r3, sl
10003cc4:	0039      	movs	r1, r7
10003cc6:	3401      	adds	r4, #1
10003cc8:	47b0      	blx	r6
10003cca:	5d28      	ldrb	r0, [r5, r4]
10003ccc:	2800      	cmp	r0, #0
10003cce:	d1f7      	bne.n	10003cc0 <_vsnprintf+0x530>
10003cd0:	4645      	mov	r5, r8
10003cd2:	464f      	mov	r7, r9
10003cd4:	e69e      	b.n	10003a14 <_vsnprintf+0x284>
10003cd6:	2380      	movs	r3, #128	@ 0x80
10003cd8:	011b      	lsls	r3, r3, #4
10003cda:	431e      	orrs	r6, r3
10003cdc:	2320      	movs	r3, #32
10003cde:	431e      	orrs	r6, r3
10003ce0:	e6c7      	b.n	10003a72 <_vsnprintf+0x2e2>
10003ce2:	4662      	mov	r2, ip
10003ce4:	920d      	str	r2, [sp, #52]	@ 0x34
10003ce6:	4642      	mov	r2, r8
10003ce8:	1a9b      	subs	r3, r3, r2
10003cea:	930f      	str	r3, [sp, #60]	@ 0x3c
10003cec:	e66a      	b.n	100039c4 <_vsnprintf+0x234>
10003cee:	23c0      	movs	r3, #192	@ 0xc0
10003cf0:	009b      	lsls	r3, r3, #2
10003cf2:	78b8      	ldrb	r0, [r7, #2]
10003cf4:	431e      	orrs	r6, r3
10003cf6:	1cf9      	adds	r1, r7, #3
10003cf8:	e5b9      	b.n	1000386e <_vsnprintf+0xde>
10003cfa:	23c0      	movs	r3, #192	@ 0xc0
10003cfc:	78b8      	ldrb	r0, [r7, #2]
10003cfe:	431e      	orrs	r6, r3
10003d00:	1cf9      	adds	r1, r7, #3
10003d02:	e5b4      	b.n	1000386e <_vsnprintf+0xde>
10003d04:	2d01      	cmp	r5, #1
10003d06:	d800      	bhi.n	10003d0a <_vsnprintf+0x57a>
10003d08:	e14a      	b.n	10003fa0 <_vsnprintf+0x810>
10003d0a:	1e63      	subs	r3, r4, #1
10003d0c:	4699      	mov	r9, r3
10003d0e:	44a9      	add	r9, r5
10003d10:	464b      	mov	r3, r9
10003d12:	4652      	mov	r2, sl
10003d14:	0026      	movs	r6, r4
10003d16:	46a1      	mov	r9, r4
10003d18:	46ba      	mov	sl, r7
10003d1a:	001c      	movs	r4, r3
10003d1c:	0017      	movs	r7, r2
10003d1e:	46a8      	mov	r8, r5
10003d20:	9d0b      	ldr	r5, [sp, #44]	@ 0x2c
10003d22:	0032      	movs	r2, r6
10003d24:	003b      	movs	r3, r7
10003d26:	3601      	adds	r6, #1
10003d28:	2020      	movs	r0, #32
10003d2a:	990a      	ldr	r1, [sp, #40]	@ 0x28
10003d2c:	47a8      	blx	r5
10003d2e:	42a6      	cmp	r6, r4
10003d30:	d1f7      	bne.n	10003d22 <_vsnprintf+0x592>
10003d32:	003b      	movs	r3, r7
10003d34:	4657      	mov	r7, sl
10003d36:	469a      	mov	sl, r3
10003d38:	464c      	mov	r4, r9
10003d3a:	9b0c      	ldr	r3, [sp, #48]	@ 0x30
10003d3c:	0032      	movs	r2, r6
10003d3e:	7818      	ldrb	r0, [r3, #0]
10003d40:	990a      	ldr	r1, [sp, #40]	@ 0x28
10003d42:	4653      	mov	r3, sl
10003d44:	9d0b      	ldr	r5, [sp, #44]	@ 0x2c
10003d46:	4444      	add	r4, r8
10003d48:	47a8      	blx	r5
10003d4a:	e667      	b.n	10003a1c <_vsnprintf+0x28c>
10003d4c:	46a0      	mov	r8, r4
10003d4e:	9b0f      	ldr	r3, [sp, #60]	@ 0x3c
10003d50:	429d      	cmp	r5, r3
10003d52:	d800      	bhi.n	10003d56 <_vsnprintf+0x5c6>
10003d54:	e662      	b.n	10003a1c <_vsnprintf+0x28c>
10003d56:	192c      	adds	r4, r5, r4
10003d58:	9e0b      	ldr	r6, [sp, #44]	@ 0x2c
10003d5a:	4645      	mov	r5, r8
10003d5c:	46b8      	mov	r8, r7
10003d5e:	9f0a      	ldr	r7, [sp, #40]	@ 0x28
10003d60:	1ae4      	subs	r4, r4, r3
10003d62:	002a      	movs	r2, r5
10003d64:	4653      	mov	r3, sl
10003d66:	3501      	adds	r5, #1
10003d68:	0039      	movs	r1, r7
10003d6a:	2020      	movs	r0, #32
10003d6c:	47b0      	blx	r6
10003d6e:	42a5      	cmp	r5, r4
10003d70:	d1f7      	bne.n	10003d62 <_vsnprintf+0x5d2>
10003d72:	4647      	mov	r7, r8
10003d74:	e652      	b.n	10003a1c <_vsnprintf+0x28c>
10003d76:	2380      	movs	r3, #128	@ 0x80
10003d78:	0032      	movs	r2, r6
10003d7a:	00db      	lsls	r3, r3, #3
10003d7c:	401a      	ands	r2, r3
10003d7e:	4690      	mov	r8, r2
10003d80:	421e      	tst	r6, r3
10003d82:	d100      	bne.n	10003d86 <_vsnprintf+0x5f6>
10003d84:	e0f3      	b.n	10003f6e <_vsnprintf+0x7de>
10003d86:	2111      	movs	r1, #17
10003d88:	438e      	bics	r6, r1
10003d8a:	46b4      	mov	ip, r6
10003d8c:	4698      	mov	r8, r3
10003d8e:	2380      	movs	r3, #128	@ 0x80
10003d90:	4662      	mov	r2, ip
10003d92:	009b      	lsls	r3, r3, #2
10003d94:	401a      	ands	r2, r3
10003d96:	4693      	mov	fp, r2
10003d98:	4662      	mov	r2, ip
10003d9a:	421a      	tst	r2, r3
10003d9c:	d159      	bne.n	10003e52 <_vsnprintf+0x6c2>
10003d9e:	2380      	movs	r3, #128	@ 0x80
10003da0:	005b      	lsls	r3, r3, #1
10003da2:	401a      	ands	r2, r3
10003da4:	4691      	mov	r9, r2
10003da6:	9a0c      	ldr	r2, [sp, #48]	@ 0x30
10003da8:	3204      	adds	r2, #4
10003daa:	920f      	str	r2, [sp, #60]	@ 0x3c
10003dac:	4662      	mov	r2, ip
10003dae:	421a      	tst	r2, r3
10003db0:	d000      	beq.n	10003db4 <_vsnprintf+0x624>
10003db2:	e1a0      	b.n	100040f6 <_vsnprintf+0x966>
10003db4:	4663      	mov	r3, ip
10003db6:	065b      	lsls	r3, r3, #25
10003db8:	d500      	bpl.n	10003dbc <_vsnprintf+0x62c>
10003dba:	e0d4      	b.n	10003f66 <_vsnprintf+0x7d6>
10003dbc:	4663      	mov	r3, ip
10003dbe:	061b      	lsls	r3, r3, #24
10003dc0:	d400      	bmi.n	10003dc4 <_vsnprintf+0x634>
10003dc2:	e212      	b.n	100041ea <_vsnprintf+0xa5a>
10003dc4:	9b0c      	ldr	r3, [sp, #48]	@ 0x30
10003dc6:	2200      	movs	r2, #0
10003dc8:	5e9b      	ldrsh	r3, [r3, r2]
10003dca:	17d8      	asrs	r0, r3, #31
10003dcc:	1819      	adds	r1, r3, r0
10003dce:	4041      	eors	r1, r0
10003dd0:	b289      	uxth	r1, r1
10003dd2:	0fda      	lsrs	r2, r3, #31
10003dd4:	920c      	str	r2, [sp, #48]	@ 0x30
10003dd6:	2b00      	cmp	r3, #0
10003dd8:	d100      	bne.n	10003ddc <_vsnprintf+0x64c>
10003dda:	e187      	b.n	100040ec <_vsnprintf+0x95c>
10003ddc:	4688      	mov	r8, r1
10003dde:	261f      	movs	r6, #31
10003de0:	ab12      	add	r3, sp, #72	@ 0x48
10003de2:	46bb      	mov	fp, r7
10003de4:	9514      	str	r5, [sp, #80]	@ 0x50
10003de6:	18f7      	adds	r7, r6, r3
10003de8:	4645      	mov	r5, r8
10003dea:	464e      	mov	r6, r9
10003dec:	46e0      	mov	r8, ip
10003dee:	46a1      	mov	r9, r4
10003df0:	e006      	b.n	10003e00 <_vsnprintf+0x670>
10003df2:	0028      	movs	r0, r5
10003df4:	210a      	movs	r1, #10
10003df6:	f7fd fff3 	bl	10001de0 <__wrap___aeabi_uidiv>
10003dfa:	0005      	movs	r5, r0
10003dfc:	2e20      	cmp	r6, #32
10003dfe:	d008      	beq.n	10003e12 <_vsnprintf+0x682>
10003e00:	210a      	movs	r1, #10
10003e02:	0028      	movs	r0, r5
10003e04:	f7fd ffec 	bl	10001de0 <__wrap___aeabi_uidiv>
10003e08:	3601      	adds	r6, #1
10003e0a:	3130      	adds	r1, #48	@ 0x30
10003e0c:	55b9      	strb	r1, [r7, r6]
10003e0e:	2d09      	cmp	r5, #9
10003e10:	d8ef      	bhi.n	10003df2 <_vsnprintf+0x662>
10003e12:	464c      	mov	r4, r9
10003e14:	46c4      	mov	ip, r8
10003e16:	46b1      	mov	r9, r6
10003e18:	465f      	mov	r7, fp
10003e1a:	9d14      	ldr	r5, [sp, #80]	@ 0x50
10003e1c:	4663      	mov	r3, ip
10003e1e:	9306      	str	r3, [sp, #24]
10003e20:	9b0d      	ldr	r3, [sp, #52]	@ 0x34
10003e22:	9505      	str	r5, [sp, #20]
10003e24:	9304      	str	r3, [sp, #16]
10003e26:	230a      	movs	r3, #10
10003e28:	9303      	str	r3, [sp, #12]
10003e2a:	9b0c      	ldr	r3, [sp, #48]	@ 0x30
10003e2c:	9302      	str	r3, [sp, #8]
10003e2e:	464b      	mov	r3, r9
10003e30:	9301      	str	r3, [sp, #4]
10003e32:	ab1a      	add	r3, sp, #104	@ 0x68
10003e34:	0022      	movs	r2, r4
10003e36:	9300      	str	r3, [sp, #0]
10003e38:	990a      	ldr	r1, [sp, #40]	@ 0x28
10003e3a:	4653      	mov	r3, sl
10003e3c:	980b      	ldr	r0, [sp, #44]	@ 0x2c
10003e3e:	f7fe fec1 	bl	10002bc4 <_ntoa_format>
10003e42:	9b0f      	ldr	r3, [sp, #60]	@ 0x3c
10003e44:	0004      	movs	r4, r0
10003e46:	930c      	str	r3, [sp, #48]	@ 0x30
10003e48:	e4c9      	b.n	100037de <_vsnprintf+0x4e>
10003e4a:	230c      	movs	r3, #12
10003e4c:	0031      	movs	r1, r6
10003e4e:	4399      	bics	r1, r3
10003e50:	e6e3      	b.n	10003c1a <_vsnprintf+0x48a>
10003e52:	2208      	movs	r2, #8
10003e54:	2107      	movs	r1, #7
10003e56:	4691      	mov	r9, r2
10003e58:	9b0c      	ldr	r3, [sp, #48]	@ 0x30
10003e5a:	3307      	adds	r3, #7
10003e5c:	438b      	bics	r3, r1
10003e5e:	4499      	add	r9, r3
10003e60:	464a      	mov	r2, r9
10003e62:	cb0a      	ldmia	r3, {r1, r3}
10003e64:	0008      	movs	r0, r1
10003e66:	920c      	str	r2, [sp, #48]	@ 0x30
10003e68:	0fda      	lsrs	r2, r3, #31
10003e6a:	4693      	mov	fp, r2
10003e6c:	4318      	orrs	r0, r3
10003e6e:	d000      	beq.n	10003e72 <_vsnprintf+0x6e2>
10003e70:	e085      	b.n	10003f7e <_vsnprintf+0x7ee>
10003e72:	2300      	movs	r3, #0
10003e74:	4699      	mov	r9, r3
10003e76:	4643      	mov	r3, r8
10003e78:	2b00      	cmp	r3, #0
10003e7a:	d12f      	bne.n	10003edc <_vsnprintf+0x74c>
10003e7c:	2200      	movs	r2, #0
10003e7e:	2300      	movs	r3, #0
10003e80:	9210      	str	r2, [sp, #64]	@ 0x40
10003e82:	9311      	str	r3, [sp, #68]	@ 0x44
10003e84:	2300      	movs	r3, #0
10003e86:	261f      	movs	r6, #31
10003e88:	4699      	mov	r9, r3
10003e8a:	ab12      	add	r3, sp, #72	@ 0x48
10003e8c:	18f6      	adds	r6, r6, r3
10003e8e:	465b      	mov	r3, fp
10003e90:	9514      	str	r5, [sp, #80]	@ 0x50
10003e92:	46bb      	mov	fp, r7
10003e94:	46e0      	mov	r8, ip
10003e96:	0037      	movs	r7, r6
10003e98:	930f      	str	r3, [sp, #60]	@ 0x3c
10003e9a:	464e      	mov	r6, r9
10003e9c:	46a1      	mov	r9, r4
10003e9e:	9c10      	ldr	r4, [sp, #64]	@ 0x40
10003ea0:	9d11      	ldr	r5, [sp, #68]	@ 0x44
10003ea2:	e005      	b.n	10003eb0 <_vsnprintf+0x720>
10003ea4:	10002b19 	.word	0x10002b19
10003ea8:	0004      	movs	r4, r0
10003eaa:	000d      	movs	r5, r1
10003eac:	2e20      	cmp	r6, #32
10003eae:	d00c      	beq.n	10003eca <_vsnprintf+0x73a>
10003eb0:	220a      	movs	r2, #10
10003eb2:	2300      	movs	r3, #0
10003eb4:	0020      	movs	r0, r4
10003eb6:	0029      	movs	r1, r5
10003eb8:	f7fd ffd0 	bl	10001e5c <__wrap___aeabi_uldivmod>
10003ebc:	3601      	adds	r6, #1
10003ebe:	3230      	adds	r2, #48	@ 0x30
10003ec0:	55ba      	strb	r2, [r7, r6]
10003ec2:	2d00      	cmp	r5, #0
10003ec4:	d1f0      	bne.n	10003ea8 <_vsnprintf+0x718>
10003ec6:	2c09      	cmp	r4, #9
10003ec8:	d8ee      	bhi.n	10003ea8 <_vsnprintf+0x718>
10003eca:	9b0f      	ldr	r3, [sp, #60]	@ 0x3c
10003ecc:	9410      	str	r4, [sp, #64]	@ 0x40
10003ece:	9511      	str	r5, [sp, #68]	@ 0x44
10003ed0:	465f      	mov	r7, fp
10003ed2:	464c      	mov	r4, r9
10003ed4:	46c4      	mov	ip, r8
10003ed6:	46b1      	mov	r9, r6
10003ed8:	469b      	mov	fp, r3
10003eda:	9d14      	ldr	r5, [sp, #80]	@ 0x50
10003edc:	4663      	mov	r3, ip
10003ede:	9306      	str	r3, [sp, #24]
10003ee0:	9b0d      	ldr	r3, [sp, #52]	@ 0x34
10003ee2:	9505      	str	r5, [sp, #20]
10003ee4:	9304      	str	r3, [sp, #16]
10003ee6:	230a      	movs	r3, #10
10003ee8:	9303      	str	r3, [sp, #12]
10003eea:	465b      	mov	r3, fp
10003eec:	9302      	str	r3, [sp, #8]
10003eee:	464b      	mov	r3, r9
10003ef0:	9301      	str	r3, [sp, #4]
10003ef2:	ab1a      	add	r3, sp, #104	@ 0x68
10003ef4:	0022      	movs	r2, r4
10003ef6:	9300      	str	r3, [sp, #0]
10003ef8:	990a      	ldr	r1, [sp, #40]	@ 0x28
10003efa:	4653      	mov	r3, sl
10003efc:	980b      	ldr	r0, [sp, #44]	@ 0x2c
10003efe:	f7fe fe61 	bl	10002bc4 <_ntoa_format>
10003f02:	0004      	movs	r4, r0
10003f04:	e46b      	b.n	100037de <_vsnprintf+0x4e>
10003f06:	9b0f      	ldr	r3, [sp, #60]	@ 0x3c
10003f08:	429d      	cmp	r5, r3
10003f0a:	d800      	bhi.n	10003f0e <_vsnprintf+0x77e>
10003f0c:	e196      	b.n	1000423c <_vsnprintf+0xaac>
10003f0e:	2380      	movs	r3, #128	@ 0x80
10003f10:	00db      	lsls	r3, r3, #3
10003f12:	930c      	str	r3, [sp, #48]	@ 0x30
10003f14:	9b0f      	ldr	r3, [sp, #60]	@ 0x3c
10003f16:	192e      	adds	r6, r5, r4
10003f18:	1af6      	subs	r6, r6, r3
10003f1a:	4643      	mov	r3, r8
10003f1c:	930f      	str	r3, [sp, #60]	@ 0x3c
10003f1e:	9b0d      	ldr	r3, [sp, #52]	@ 0x34
10003f20:	46a8      	mov	r8, r5
10003f22:	4699      	mov	r9, r3
10003f24:	4653      	mov	r3, sl
10003f26:	46ba      	mov	sl, r7
10003f28:	001f      	movs	r7, r3
10003f2a:	9d0b      	ldr	r5, [sp, #44]	@ 0x2c
10003f2c:	0022      	movs	r2, r4
10003f2e:	003b      	movs	r3, r7
10003f30:	3401      	adds	r4, #1
10003f32:	2020      	movs	r0, #32
10003f34:	990a      	ldr	r1, [sp, #40]	@ 0x28
10003f36:	47a8      	blx	r5
10003f38:	42b4      	cmp	r4, r6
10003f3a:	d1f7      	bne.n	10003f2c <_vsnprintf+0x79c>
10003f3c:	9b0f      	ldr	r3, [sp, #60]	@ 0x3c
10003f3e:	4645      	mov	r5, r8
10003f40:	4698      	mov	r8, r3
10003f42:	464b      	mov	r3, r9
10003f44:	930d      	str	r3, [sp, #52]	@ 0x34
10003f46:	003b      	movs	r3, r7
10003f48:	4657      	mov	r7, sl
10003f4a:	469a      	mov	sl, r3
10003f4c:	4643      	mov	r3, r8
10003f4e:	7818      	ldrb	r0, [r3, #0]
10003f50:	2800      	cmp	r0, #0
10003f52:	d100      	bne.n	10003f56 <_vsnprintf+0x7c6>
10003f54:	e562      	b.n	10003a1c <_vsnprintf+0x28c>
10003f56:	1c6b      	adds	r3, r5, #1
10003f58:	930f      	str	r3, [sp, #60]	@ 0x3c
10003f5a:	9b0c      	ldr	r3, [sp, #48]	@ 0x30
10003f5c:	2b00      	cmp	r3, #0
10003f5e:	d100      	bne.n	10003f62 <_vsnprintf+0x7d2>
10003f60:	e6a8      	b.n	10003cb4 <_vsnprintf+0x524>
10003f62:	2300      	movs	r3, #0
10003f64:	e53d      	b.n	100039e2 <_vsnprintf+0x252>
10003f66:	9b0c      	ldr	r3, [sp, #48]	@ 0x30
10003f68:	781b      	ldrb	r3, [r3, #0]
10003f6a:	0019      	movs	r1, r3
10003f6c:	e731      	b.n	10003dd2 <_vsnprintf+0x642>
10003f6e:	2310      	movs	r3, #16
10003f70:	439e      	bics	r6, r3
10003f72:	46b4      	mov	ip, r6
10003f74:	e70b      	b.n	10003d8e <_vsnprintf+0x5fe>
10003f76:	9b0c      	ldr	r3, [sp, #48]	@ 0x30
10003f78:	781b      	ldrb	r3, [r3, #0]
10003f7a:	4699      	mov	r9, r3
10003f7c:	e669      	b.n	10003c52 <_vsnprintf+0x4c2>
10003f7e:	17da      	asrs	r2, r3, #31
10003f80:	9212      	str	r2, [sp, #72]	@ 0x48
10003f82:	9213      	str	r2, [sp, #76]	@ 0x4c
10003f84:	404a      	eors	r2, r1
10003f86:	9210      	str	r2, [sp, #64]	@ 0x40
10003f88:	9812      	ldr	r0, [sp, #72]	@ 0x48
10003f8a:	9913      	ldr	r1, [sp, #76]	@ 0x4c
10003f8c:	000a      	movs	r2, r1
10003f8e:	405a      	eors	r2, r3
10003f90:	9211      	str	r2, [sp, #68]	@ 0x44
10003f92:	9a10      	ldr	r2, [sp, #64]	@ 0x40
10003f94:	9b11      	ldr	r3, [sp, #68]	@ 0x44
10003f96:	1a12      	subs	r2, r2, r0
10003f98:	418b      	sbcs	r3, r1
10003f9a:	9210      	str	r2, [sp, #64]	@ 0x40
10003f9c:	9311      	str	r3, [sp, #68]	@ 0x44
10003f9e:	e771      	b.n	10003e84 <_vsnprintf+0x6f4>
10003fa0:	9b0c      	ldr	r3, [sp, #48]	@ 0x30
10003fa2:	0022      	movs	r2, r4
10003fa4:	7818      	ldrb	r0, [r3, #0]
10003fa6:	990a      	ldr	r1, [sp, #40]	@ 0x28
10003fa8:	4653      	mov	r3, sl
10003faa:	9c0b      	ldr	r4, [sp, #44]	@ 0x2c
10003fac:	47a0      	blx	r4
10003fae:	4644      	mov	r4, r8
10003fb0:	e534      	b.n	10003a1c <_vsnprintf+0x28c>
10003fb2:	2208      	movs	r2, #8
10003fb4:	2607      	movs	r6, #7
10003fb6:	4690      	mov	r8, r2
10003fb8:	9b0c      	ldr	r3, [sp, #48]	@ 0x30
10003fba:	3307      	adds	r3, #7
10003fbc:	43b3      	bics	r3, r6
10003fbe:	4498      	add	r8, r3
10003fc0:	4642      	mov	r2, r8
10003fc2:	920c      	str	r2, [sp, #48]	@ 0x30
10003fc4:	681a      	ldr	r2, [r3, #0]
10003fc6:	685b      	ldr	r3, [r3, #4]
10003fc8:	9214      	str	r2, [sp, #80]	@ 0x50
10003fca:	9308      	str	r3, [sp, #32]
10003fcc:	0013      	movs	r3, r2
10003fce:	9a08      	ldr	r2, [sp, #32]
10003fd0:	4313      	orrs	r3, r2
10003fd2:	d105      	bne.n	10003fe0 <_vsnprintf+0x850>
10003fd4:	3310      	adds	r3, #16
10003fd6:	4399      	bics	r1, r3
10003fd8:	2300      	movs	r3, #0
10003fda:	4698      	mov	r8, r3
10003fdc:	2800      	cmp	r0, #0
10003fde:	d138      	bne.n	10004052 <_vsnprintf+0x8c2>
10003fe0:	2061      	movs	r0, #97	@ 0x61
10003fe2:	068b      	lsls	r3, r1, #26
10003fe4:	d500      	bpl.n	10003fe8 <_vsnprintf+0x858>
10003fe6:	2041      	movs	r0, #65	@ 0x41
10003fe8:	2300      	movs	r3, #0
10003fea:	261f      	movs	r6, #31
10003fec:	4698      	mov	r8, r3
10003fee:	465a      	mov	r2, fp
10003ff0:	ab12      	add	r3, sp, #72	@ 0x48
10003ff2:	18f6      	adds	r6, r6, r3
10003ff4:	0003      	movs	r3, r0
10003ff6:	9218      	str	r2, [sp, #96]	@ 0x60
10003ff8:	9a0f      	ldr	r2, [sp, #60]	@ 0x3c
10003ffa:	3b0a      	subs	r3, #10
10003ffc:	46b1      	mov	r9, r6
10003ffe:	9516      	str	r5, [sp, #88]	@ 0x58
10004000:	9417      	str	r4, [sp, #92]	@ 0x5c
10004002:	9719      	str	r7, [sp, #100]	@ 0x64
10004004:	4644      	mov	r4, r8
10004006:	4666      	mov	r6, ip
10004008:	4690      	mov	r8, r2
1000400a:	469b      	mov	fp, r3
1000400c:	9f14      	ldr	r7, [sp, #80]	@ 0x50
1000400e:	9d08      	ldr	r5, [sp, #32]
10004010:	9115      	str	r1, [sp, #84]	@ 0x54
10004012:	e003      	b.n	1000401c <_vsnprintf+0x88c>
10004014:	0007      	movs	r7, r0
10004016:	000d      	movs	r5, r1
10004018:	2c20      	cmp	r4, #32
1000401a:	d013      	beq.n	10004044 <_vsnprintf+0x8b4>
1000401c:	0032      	movs	r2, r6
1000401e:	2300      	movs	r3, #0
10004020:	0038      	movs	r0, r7
10004022:	0029      	movs	r1, r5
10004024:	f7fd ff1a 	bl	10001e5c <__wrap___aeabi_uldivmod>
10004028:	465b      	mov	r3, fp
1000402a:	b2d2      	uxtb	r2, r2
1000402c:	18d3      	adds	r3, r2, r3
1000402e:	2a09      	cmp	r2, #9
10004030:	d801      	bhi.n	10004036 <_vsnprintf+0x8a6>
10004032:	0013      	movs	r3, r2
10004034:	3330      	adds	r3, #48	@ 0x30
10004036:	464a      	mov	r2, r9
10004038:	3401      	adds	r4, #1
1000403a:	5513      	strb	r3, [r2, r4]
1000403c:	45a8      	cmp	r8, r5
1000403e:	d1e9      	bne.n	10004014 <_vsnprintf+0x884>
10004040:	42be      	cmp	r6, r7
10004042:	d9e7      	bls.n	10004014 <_vsnprintf+0x884>
10004044:	9b18      	ldr	r3, [sp, #96]	@ 0x60
10004046:	46a0      	mov	r8, r4
10004048:	469b      	mov	fp, r3
1000404a:	9915      	ldr	r1, [sp, #84]	@ 0x54
1000404c:	9d16      	ldr	r5, [sp, #88]	@ 0x58
1000404e:	9c17      	ldr	r4, [sp, #92]	@ 0x5c
10004050:	9f19      	ldr	r7, [sp, #100]	@ 0x64
10004052:	9b0d      	ldr	r3, [sp, #52]	@ 0x34
10004054:	9106      	str	r1, [sp, #24]
10004056:	9304      	str	r3, [sp, #16]
10004058:	465b      	mov	r3, fp
1000405a:	9303      	str	r3, [sp, #12]
1000405c:	2300      	movs	r3, #0
1000405e:	9505      	str	r5, [sp, #20]
10004060:	9302      	str	r3, [sp, #8]
10004062:	4643      	mov	r3, r8
10004064:	e744      	b.n	10003ef0 <_vsnprintf+0x760>
10004066:	2061      	movs	r0, #97	@ 0x61
10004068:	068b      	lsls	r3, r1, #26
1000406a:	d500      	bpl.n	1000406e <_vsnprintf+0x8de>
1000406c:	2041      	movs	r0, #65	@ 0x41
1000406e:	261f      	movs	r6, #31
10004070:	ab12      	add	r3, sp, #72	@ 0x48
10004072:	18f2      	adds	r2, r6, r3
10004074:	0003      	movs	r3, r0
10004076:	3b0a      	subs	r3, #10
10004078:	930c      	str	r3, [sp, #48]	@ 0x30
1000407a:	464b      	mov	r3, r9
1000407c:	4646      	mov	r6, r8
1000407e:	46a1      	mov	r9, r4
10004080:	46a8      	mov	r8, r5
10004082:	001c      	movs	r4, r3
10004084:	465d      	mov	r5, fp
10004086:	9114      	str	r1, [sp, #80]	@ 0x50
10004088:	46bb      	mov	fp, r7
1000408a:	0017      	movs	r7, r2
1000408c:	e002      	b.n	10004094 <_vsnprintf+0x904>
1000408e:	0004      	movs	r4, r0
10004090:	2e20      	cmp	r6, #32
10004092:	d00d      	beq.n	100040b0 <_vsnprintf+0x920>
10004094:	0029      	movs	r1, r5
10004096:	0020      	movs	r0, r4
10004098:	f7fd fea2 	bl	10001de0 <__wrap___aeabi_uidiv>
1000409c:	9b0c      	ldr	r3, [sp, #48]	@ 0x30
1000409e:	18cb      	adds	r3, r1, r3
100040a0:	2909      	cmp	r1, #9
100040a2:	d801      	bhi.n	100040a8 <_vsnprintf+0x918>
100040a4:	000b      	movs	r3, r1
100040a6:	3330      	adds	r3, #48	@ 0x30
100040a8:	3601      	adds	r6, #1
100040aa:	55bb      	strb	r3, [r7, r6]
100040ac:	42ac      	cmp	r4, r5
100040ae:	d2ee      	bcs.n	1000408e <_vsnprintf+0x8fe>
100040b0:	465f      	mov	r7, fp
100040b2:	464c      	mov	r4, r9
100040b4:	46ab      	mov	fp, r5
100040b6:	9914      	ldr	r1, [sp, #80]	@ 0x50
100040b8:	4645      	mov	r5, r8
100040ba:	46b0      	mov	r8, r6
100040bc:	e5d4      	b.n	10003c68 <_vsnprintf+0x4d8>
100040be:	9b0f      	ldr	r3, [sp, #60]	@ 0x3c
100040c0:	429d      	cmp	r5, r3
100040c2:	d900      	bls.n	100040c6 <_vsnprintf+0x936>
100040c4:	e726      	b.n	10003f14 <_vsnprintf+0x784>
100040c6:	3301      	adds	r3, #1
100040c8:	930f      	str	r3, [sp, #60]	@ 0x3c
100040ca:	e5f3      	b.n	10003cb4 <_vsnprintf+0x524>
100040cc:	2310      	movs	r3, #16
100040ce:	0032      	movs	r2, r6
100040d0:	439a      	bics	r2, r3
100040d2:	4694      	mov	ip, r2
100040d4:	2869      	cmp	r0, #105	@ 0x69
100040d6:	d000      	beq.n	100040da <_vsnprintf+0x94a>
100040d8:	e0a2      	b.n	10004220 <_vsnprintf+0xa90>
100040da:	2380      	movs	r3, #128	@ 0x80
100040dc:	0032      	movs	r2, r6
100040de:	00db      	lsls	r3, r3, #3
100040e0:	401a      	ands	r2, r3
100040e2:	4690      	mov	r8, r2
100040e4:	421e      	tst	r6, r3
100040e6:	d100      	bne.n	100040ea <_vsnprintf+0x95a>
100040e8:	e651      	b.n	10003d8e <_vsnprintf+0x5fe>
100040ea:	e64c      	b.n	10003d86 <_vsnprintf+0x5f6>
100040ec:	4643      	mov	r3, r8
100040ee:	2b00      	cmp	r3, #0
100040f0:	d000      	beq.n	100040f4 <_vsnprintf+0x964>
100040f2:	e693      	b.n	10003e1c <_vsnprintf+0x68c>
100040f4:	e673      	b.n	10003dde <_vsnprintf+0x64e>
100040f6:	9b0c      	ldr	r3, [sp, #48]	@ 0x30
100040f8:	681b      	ldr	r3, [r3, #0]
100040fa:	0fda      	lsrs	r2, r3, #31
100040fc:	2b00      	cmp	r3, #0
100040fe:	d070      	beq.n	100041e2 <_vsnprintf+0xa52>
10004100:	17d9      	asrs	r1, r3, #31
10004102:	185b      	adds	r3, r3, r1
10004104:	404b      	eors	r3, r1
10004106:	4698      	mov	r8, r3
10004108:	261f      	movs	r6, #31
1000410a:	ab12      	add	r3, sp, #72	@ 0x48
1000410c:	18f6      	adds	r6, r6, r3
1000410e:	46a1      	mov	r9, r4
10004110:	9514      	str	r5, [sp, #80]	@ 0x50
10004112:	465c      	mov	r4, fp
10004114:	4645      	mov	r5, r8
10004116:	46bb      	mov	fp, r7
10004118:	46e0      	mov	r8, ip
1000411a:	0037      	movs	r7, r6
1000411c:	920c      	str	r2, [sp, #48]	@ 0x30
1000411e:	e006      	b.n	1000412e <_vsnprintf+0x99e>
10004120:	0028      	movs	r0, r5
10004122:	210a      	movs	r1, #10
10004124:	f7fd fe5c 	bl	10001de0 <__wrap___aeabi_uidiv>
10004128:	0005      	movs	r5, r0
1000412a:	2c20      	cmp	r4, #32
1000412c:	d008      	beq.n	10004140 <_vsnprintf+0x9b0>
1000412e:	210a      	movs	r1, #10
10004130:	0028      	movs	r0, r5
10004132:	f7fd fe55 	bl	10001de0 <__wrap___aeabi_uidiv>
10004136:	3401      	adds	r4, #1
10004138:	3130      	adds	r1, #48	@ 0x30
1000413a:	5539      	strb	r1, [r7, r4]
1000413c:	2d09      	cmp	r5, #9
1000413e:	d8ef      	bhi.n	10004120 <_vsnprintf+0x990>
10004140:	465f      	mov	r7, fp
10004142:	46c4      	mov	ip, r8
10004144:	46a3      	mov	fp, r4
10004146:	464c      	mov	r4, r9
10004148:	9d14      	ldr	r5, [sp, #80]	@ 0x50
1000414a:	9a0c      	ldr	r2, [sp, #48]	@ 0x30
1000414c:	4663      	mov	r3, ip
1000414e:	9306      	str	r3, [sp, #24]
10004150:	9b0d      	ldr	r3, [sp, #52]	@ 0x34
10004152:	9505      	str	r5, [sp, #20]
10004154:	9304      	str	r3, [sp, #16]
10004156:	230a      	movs	r3, #10
10004158:	9202      	str	r2, [sp, #8]
1000415a:	9303      	str	r3, [sp, #12]
1000415c:	465b      	mov	r3, fp
1000415e:	e667      	b.n	10003e30 <_vsnprintf+0x6a0>
10004160:	9b0c      	ldr	r3, [sp, #48]	@ 0x30
10004162:	681b      	ldr	r3, [r3, #0]
10004164:	4698      	mov	r8, r3
10004166:	2b00      	cmp	r3, #0
10004168:	d103      	bne.n	10004172 <_vsnprintf+0x9e2>
1000416a:	3310      	adds	r3, #16
1000416c:	4399      	bics	r1, r3
1000416e:	2800      	cmp	r0, #0
10004170:	d12d      	bne.n	100041ce <_vsnprintf+0xa3e>
10004172:	2061      	movs	r0, #97	@ 0x61
10004174:	068b      	lsls	r3, r1, #26
10004176:	d500      	bpl.n	1000417a <_vsnprintf+0x9ea>
10004178:	2041      	movs	r0, #65	@ 0x41
1000417a:	261f      	movs	r6, #31
1000417c:	ab12      	add	r3, sp, #72	@ 0x48
1000417e:	18f6      	adds	r6, r6, r3
10004180:	0003      	movs	r3, r0
10004182:	3b0a      	subs	r3, #10
10004184:	464a      	mov	r2, r9
10004186:	930c      	str	r3, [sp, #48]	@ 0x30
10004188:	9114      	str	r1, [sp, #80]	@ 0x50
1000418a:	4643      	mov	r3, r8
1000418c:	0031      	movs	r1, r6
1000418e:	46a8      	mov	r8, r5
10004190:	46a1      	mov	r9, r4
10004192:	465e      	mov	r6, fp
10004194:	0014      	movs	r4, r2
10004196:	46bb      	mov	fp, r7
10004198:	001d      	movs	r5, r3
1000419a:	000f      	movs	r7, r1
1000419c:	e002      	b.n	100041a4 <_vsnprintf+0xa14>
1000419e:	0005      	movs	r5, r0
100041a0:	2c20      	cmp	r4, #32
100041a2:	d00d      	beq.n	100041c0 <_vsnprintf+0xa30>
100041a4:	0031      	movs	r1, r6
100041a6:	0028      	movs	r0, r5
100041a8:	f7fd fe1a 	bl	10001de0 <__wrap___aeabi_uidiv>
100041ac:	9b0c      	ldr	r3, [sp, #48]	@ 0x30
100041ae:	18cb      	adds	r3, r1, r3
100041b0:	2909      	cmp	r1, #9
100041b2:	d801      	bhi.n	100041b8 <_vsnprintf+0xa28>
100041b4:	000b      	movs	r3, r1
100041b6:	3330      	adds	r3, #48	@ 0x30
100041b8:	3401      	adds	r4, #1
100041ba:	553b      	strb	r3, [r7, r4]
100041bc:	42b5      	cmp	r5, r6
100041be:	d2ee      	bcs.n	1000419e <_vsnprintf+0xa0e>
100041c0:	0023      	movs	r3, r4
100041c2:	465f      	mov	r7, fp
100041c4:	464c      	mov	r4, r9
100041c6:	4645      	mov	r5, r8
100041c8:	46b3      	mov	fp, r6
100041ca:	4699      	mov	r9, r3
100041cc:	9914      	ldr	r1, [sp, #80]	@ 0x50
100041ce:	9b0d      	ldr	r3, [sp, #52]	@ 0x34
100041d0:	9106      	str	r1, [sp, #24]
100041d2:	9304      	str	r3, [sp, #16]
100041d4:	465b      	mov	r3, fp
100041d6:	9303      	str	r3, [sp, #12]
100041d8:	2300      	movs	r3, #0
100041da:	9505      	str	r5, [sp, #20]
100041dc:	9302      	str	r3, [sp, #8]
100041de:	464b      	mov	r3, r9
100041e0:	e626      	b.n	10003e30 <_vsnprintf+0x6a0>
100041e2:	4643      	mov	r3, r8
100041e4:	2b00      	cmp	r3, #0
100041e6:	d1b1      	bne.n	1000414c <_vsnprintf+0x9bc>
100041e8:	e78e      	b.n	10004108 <_vsnprintf+0x978>
100041ea:	9b0c      	ldr	r3, [sp, #48]	@ 0x30
100041ec:	681b      	ldr	r3, [r3, #0]
100041ee:	17d8      	asrs	r0, r3, #31
100041f0:	1819      	adds	r1, r3, r0
100041f2:	4041      	eors	r1, r0
100041f4:	e5ed      	b.n	10003dd2 <_vsnprintf+0x642>
100041f6:	2380      	movs	r3, #128	@ 0x80
100041f8:	0032      	movs	r2, r6
100041fa:	00db      	lsls	r3, r3, #3
100041fc:	401a      	ands	r2, r3
100041fe:	920f      	str	r2, [sp, #60]	@ 0x3c
10004200:	421e      	tst	r6, r3
10004202:	d00f      	beq.n	10004224 <_vsnprintf+0xa94>
10004204:	3002      	adds	r0, #2
10004206:	0002      	movs	r2, r0
10004208:	4032      	ands	r2, r6
1000420a:	920f      	str	r2, [sp, #60]	@ 0x3c
1000420c:	4230      	tst	r0, r6
1000420e:	d019      	beq.n	10004244 <_vsnprintf+0xab4>
10004210:	2300      	movs	r3, #0
10004212:	46a0      	mov	r8, r4
10004214:	930f      	str	r3, [sp, #60]	@ 0x3c
10004216:	e59a      	b.n	10003d4e <_vsnprintf+0x5be>
10004218:	9b0c      	ldr	r3, [sp, #48]	@ 0x30
1000421a:	681b      	ldr	r3, [r3, #0]
1000421c:	4699      	mov	r9, r3
1000421e:	e518      	b.n	10003c52 <_vsnprintf+0x4c2>
10004220:	0016      	movs	r6, r2
10004222:	e49b      	b.n	10003b5c <_vsnprintf+0x3cc>
10004224:	2302      	movs	r3, #2
10004226:	001a      	movs	r2, r3
10004228:	4032      	ands	r2, r6
1000422a:	920c      	str	r2, [sp, #48]	@ 0x30
1000422c:	4233      	tst	r3, r6
1000422e:	d000      	beq.n	10004232 <_vsnprintf+0xaa2>
10004230:	e58c      	b.n	10003d4c <_vsnprintf+0x5bc>
10004232:	2d00      	cmp	r5, #0
10004234:	d000      	beq.n	10004238 <_vsnprintf+0xaa8>
10004236:	e66d      	b.n	10003f14 <_vsnprintf+0x784>
10004238:	f7ff fbf0 	bl	10003a1c <_vsnprintf+0x28c>
1000423c:	3301      	adds	r3, #1
1000423e:	930f      	str	r3, [sp, #60]	@ 0x3c
10004240:	f7ff fbd0 	bl	100039e4 <_vsnprintf+0x254>
10004244:	930c      	str	r3, [sp, #48]	@ 0x30
10004246:	e7f4      	b.n	10004232 <_vsnprintf+0xaa2>

10004248 <vfctprintf>:
10004248:	b500      	push	{lr}
1000424a:	b085      	sub	sp, #20
1000424c:	9103      	str	r1, [sp, #12]
1000424e:	2101      	movs	r1, #1
10004250:	9002      	str	r0, [sp, #8]
10004252:	9300      	str	r3, [sp, #0]
10004254:	4803      	ldr	r0, [pc, #12]	@ (10004264 <vfctprintf+0x1c>)
10004256:	0013      	movs	r3, r2
10004258:	424a      	negs	r2, r1
1000425a:	a902      	add	r1, sp, #8
1000425c:	f7ff fa98 	bl	10003790 <_vsnprintf>
10004260:	b005      	add	sp, #20
10004262:	bd00      	pop	{pc}
10004264:	10002dad 	.word	0x10002dad

10004268 <weak_raw_vprintf>:
10004268:	b510      	push	{r4, lr}
1000426a:	4a09      	ldr	r2, [pc, #36]	@ (10004290 <weak_raw_vprintf+0x28>)
1000426c:	0003      	movs	r3, r0
1000426e:	6814      	ldr	r4, [r2, #0]
10004270:	b084      	sub	sp, #16
10004272:	2c00      	cmp	r4, #0
10004274:	d008      	beq.n	10004288 <weak_raw_vprintf+0x20>
10004276:	2201      	movs	r2, #1
10004278:	9100      	str	r1, [sp, #0]
1000427a:	4806      	ldr	r0, [pc, #24]	@ (10004294 <weak_raw_vprintf+0x2c>)
1000427c:	4252      	negs	r2, r2
1000427e:	a903      	add	r1, sp, #12
10004280:	47a0      	blx	r4
10004282:	2001      	movs	r0, #1
10004284:	b004      	add	sp, #16
10004286:	bd10      	pop	{r4, pc}
10004288:	f000 f984 	bl	10004594 <__wrap_puts>
1000428c:	2000      	movs	r0, #0
1000428e:	e7f9      	b.n	10004284 <weak_raw_vprintf+0x1c>
10004290:	20001e68 	.word	0x20001e68
10004294:	10002d9d 	.word	0x10002d9d

10004298 <_exit>:
10004298:	be00      	bkpt	0x0000
1000429a:	e7fd      	b.n	10004298 <_exit>

1000429c <_fini>:
1000429c:	4770      	bx	lr
1000429e:	46c0      	nop			@ (mov r8, r8)

100042a0 <exit>:
100042a0:	b510      	push	{r4, lr}
100042a2:	f7ff fff9 	bl	10004298 <_exit>
100042a6:	46c0      	nop			@ (mov r8, r8)

100042a8 <runtime_init>:
100042a8:	b570      	push	{r4, r5, r6, lr}
100042aa:	f7fd fc4d 	bl	10001b48 <runtime_run_initializers>
100042ae:	4d07      	ldr	r5, [pc, #28]	@ (100042cc <runtime_init+0x24>)
100042b0:	4e07      	ldr	r6, [pc, #28]	@ (100042d0 <runtime_init+0x28>)
100042b2:	42b5      	cmp	r5, r6
100042b4:	d209      	bcs.n	100042ca <runtime_init+0x22>
100042b6:	2400      	movs	r4, #0
100042b8:	3e01      	subs	r6, #1
100042ba:	1b76      	subs	r6, r6, r5
100042bc:	08b6      	lsrs	r6, r6, #2
100042be:	3601      	adds	r6, #1
100042c0:	cd08      	ldmia	r5!, {r3}
100042c2:	3401      	adds	r4, #1
100042c4:	4798      	blx	r3
100042c6:	42b4      	cmp	r4, r6
100042c8:	d1fa      	bne.n	100042c0 <runtime_init+0x18>
100042ca:	bd70      	pop	{r4, r5, r6, pc}
100042cc:	100075d4 	.word	0x100075d4
100042d0:	100075d8 	.word	0x100075d8

100042d4 <stdio_out_chars_no_crlf>:
100042d4:	0003      	movs	r3, r0
100042d6:	b510      	push	{r4, lr}
100042d8:	0008      	movs	r0, r1
100042da:	0011      	movs	r1, r2
100042dc:	681b      	ldr	r3, [r3, #0]
100042de:	4798      	blx	r3
100042e0:	bd10      	pop	{r4, pc}
100042e2:	46c0      	nop			@ (mov r8, r8)

100042e4 <stdio_out_chars_crlf>:
100042e4:	b5f8      	push	{r3, r4, r5, r6, r7, lr}
100042e6:	7d43      	ldrb	r3, [r0, #21]
100042e8:	0007      	movs	r7, r0
100042ea:	000d      	movs	r5, r1
100042ec:	0016      	movs	r6, r2
100042ee:	2b00      	cmp	r3, #0
100042f0:	d038      	beq.n	10004364 <stdio_out_chars_crlf+0x80>
100042f2:	2a00      	cmp	r2, #0
100042f4:	dd1a      	ble.n	1000432c <stdio_out_chars_crlf+0x48>
100042f6:	780b      	ldrb	r3, [r1, #0]
100042f8:	2b0a      	cmp	r3, #10
100042fa:	d018      	beq.n	1000432e <stdio_out_chars_crlf+0x4a>
100042fc:	2000      	movs	r0, #0
100042fe:	2e01      	cmp	r6, #1
10004300:	d009      	beq.n	10004316 <stdio_out_chars_crlf+0x32>
10004302:	2401      	movs	r4, #1
10004304:	0021      	movs	r1, r4
10004306:	5c6b      	ldrb	r3, [r5, r1]
10004308:	3401      	adds	r4, #1
1000430a:	2b0a      	cmp	r3, #10
1000430c:	d01a      	beq.n	10004344 <stdio_out_chars_crlf+0x60>
1000430e:	42b4      	cmp	r4, r6
10004310:	d1f8      	bne.n	10004304 <stdio_out_chars_crlf+0x20>
10004312:	4286      	cmp	r6, r0
10004314:	dd03      	ble.n	1000431e <stdio_out_chars_crlf+0x3a>
10004316:	1a31      	subs	r1, r6, r0
10004318:	683b      	ldr	r3, [r7, #0]
1000431a:	1828      	adds	r0, r5, r0
1000431c:	4798      	blx	r3
1000431e:	19ad      	adds	r5, r5, r6
10004320:	3d01      	subs	r5, #1
10004322:	782b      	ldrb	r3, [r5, #0]
10004324:	3b0d      	subs	r3, #13
10004326:	425a      	negs	r2, r3
10004328:	4153      	adcs	r3, r2
1000432a:	753b      	strb	r3, [r7, #20]
1000432c:	bdf8      	pop	{r3, r4, r5, r6, r7, pc}
1000432e:	7d03      	ldrb	r3, [r0, #20]
10004330:	2b00      	cmp	r3, #0
10004332:	d1e3      	bne.n	100042fc <stdio_out_chars_crlf+0x18>
10004334:	2102      	movs	r1, #2
10004336:	480e      	ldr	r0, [pc, #56]	@ (10004370 <stdio_out_chars_crlf+0x8c>)
10004338:	683b      	ldr	r3, [r7, #0]
1000433a:	4798      	blx	r3
1000433c:	2e01      	cmp	r6, #1
1000433e:	d0ee      	beq.n	1000431e <stdio_out_chars_crlf+0x3a>
10004340:	2001      	movs	r0, #1
10004342:	e7de      	b.n	10004302 <stdio_out_chars_crlf+0x1e>
10004344:	1e6b      	subs	r3, r5, #1
10004346:	5c5b      	ldrb	r3, [r3, r1]
10004348:	2b0d      	cmp	r3, #13
1000434a:	d0e0      	beq.n	1000430e <stdio_out_chars_crlf+0x2a>
1000434c:	4288      	cmp	r0, r1
1000434e:	da03      	bge.n	10004358 <stdio_out_chars_crlf+0x74>
10004350:	1a09      	subs	r1, r1, r0
10004352:	683b      	ldr	r3, [r7, #0]
10004354:	1828      	adds	r0, r5, r0
10004356:	4798      	blx	r3
10004358:	4805      	ldr	r0, [pc, #20]	@ (10004370 <stdio_out_chars_crlf+0x8c>)
1000435a:	2102      	movs	r1, #2
1000435c:	683b      	ldr	r3, [r7, #0]
1000435e:	4798      	blx	r3
10004360:	0020      	movs	r0, r4
10004362:	e7d4      	b.n	1000430e <stdio_out_chars_crlf+0x2a>
10004364:	6803      	ldr	r3, [r0, #0]
10004366:	0011      	movs	r1, r2
10004368:	0028      	movs	r0, r5
1000436a:	4798      	blx	r3
1000436c:	e7de      	b.n	1000432c <stdio_out_chars_crlf+0x48>
1000436e:	46c0      	nop			@ (mov r8, r8)
10004370:	10007ce0 	.word	0x10007ce0

10004374 <stdio_buffered_printer>:
10004374:	b5f8      	push	{r3, r4, r5, r6, r7, lr}
10004376:	680b      	ldr	r3, [r1, #0]
10004378:	000d      	movs	r5, r1
1000437a:	1c5a      	adds	r2, r3, #1
1000437c:	18cb      	adds	r3, r1, r3
1000437e:	600a      	str	r2, [r1, #0]
10004380:	7118      	strb	r0, [r3, #4]
10004382:	2a80      	cmp	r2, #128	@ 0x80
10004384:	d000      	beq.n	10004388 <stdio_buffered_printer+0x14>
10004386:	bdf8      	pop	{r3, r4, r5, r6, r7, pc}
10004388:	4b0e      	ldr	r3, [pc, #56]	@ (100043c4 <stdio_buffered_printer+0x50>)
1000438a:	681c      	ldr	r4, [r3, #0]
1000438c:	2c00      	cmp	r4, #0
1000438e:	d015      	beq.n	100043bc <stdio_buffered_printer+0x48>
10004390:	4e0d      	ldr	r6, [pc, #52]	@ (100043c8 <stdio_buffered_printer+0x54>)
10004392:	1d0f      	adds	r7, r1, #4
10004394:	e002      	b.n	1000439c <stdio_buffered_printer+0x28>
10004396:	6924      	ldr	r4, [r4, #16]
10004398:	2c00      	cmp	r4, #0
1000439a:	d00f      	beq.n	100043bc <stdio_buffered_printer+0x48>
1000439c:	6823      	ldr	r3, [r4, #0]
1000439e:	2b00      	cmp	r3, #0
100043a0:	d0f9      	beq.n	10004396 <stdio_buffered_printer+0x22>
100043a2:	6833      	ldr	r3, [r6, #0]
100043a4:	2b00      	cmp	r3, #0
100043a6:	d001      	beq.n	100043ac <stdio_buffered_printer+0x38>
100043a8:	42a3      	cmp	r3, r4
100043aa:	d1f4      	bne.n	10004396 <stdio_buffered_printer+0x22>
100043ac:	0020      	movs	r0, r4
100043ae:	0039      	movs	r1, r7
100043b0:	682a      	ldr	r2, [r5, #0]
100043b2:	f7ff ff97 	bl	100042e4 <stdio_out_chars_crlf>
100043b6:	6924      	ldr	r4, [r4, #16]
100043b8:	2c00      	cmp	r4, #0
100043ba:	d1ef      	bne.n	1000439c <stdio_buffered_printer+0x28>
100043bc:	2300      	movs	r3, #0
100043be:	602b      	str	r3, [r5, #0]
100043c0:	e7e1      	b.n	10004386 <stdio_buffered_printer+0x12>
100043c2:	46c0      	nop			@ (mov r8, r8)
100043c4:	20001a58 	.word	0x20001a58
100043c8:	20001a60 	.word	0x20001a60

100043cc <stdio_put_string>:
100043cc:	b5f0      	push	{r4, r5, r6, r7, lr}
100043ce:	4646      	mov	r6, r8
100043d0:	46d6      	mov	lr, sl
100043d2:	464f      	mov	r7, r9
100043d4:	b5c0      	push	{r6, r7, lr}
100043d6:	b082      	sub	sp, #8
100043d8:	4690      	mov	r8, r2
100043da:	001c      	movs	r4, r3
100043dc:	0006      	movs	r6, r0
100043de:	000d      	movs	r5, r1
100043e0:	f7fd f8da 	bl	10001598 <time_us_64>
100043e4:	2300      	movs	r3, #0
100043e6:	4a2f      	ldr	r2, [pc, #188]	@ (100044a4 <stdio_put_string+0xd8>)
100043e8:	1812      	adds	r2, r2, r0
100043ea:	414b      	adcs	r3, r1
100043ec:	2b00      	cmp	r3, #0
100043ee:	da02      	bge.n	100043f6 <stdio_put_string+0x2a>
100043f0:	2201      	movs	r2, #1
100043f2:	4b2d      	ldr	r3, [pc, #180]	@ (100044a8 <stdio_put_string+0xdc>)
100043f4:	4252      	negs	r2, r2
100043f6:	492d      	ldr	r1, [pc, #180]	@ (100044ac <stdio_put_string+0xe0>)
100043f8:	0008      	movs	r0, r1
100043fa:	468a      	mov	sl, r1
100043fc:	f003 f8b4 	bl	10007568 <__mutex_try_enter_block_until_veneer>
10004400:	4681      	mov	r9, r0
10004402:	1c6b      	adds	r3, r5, #1
10004404:	d103      	bne.n	1000440e <stdio_put_string+0x42>
10004406:	0030      	movs	r0, r6
10004408:	f003 f834 	bl	10007474 <strlen>
1000440c:	0005      	movs	r5, r0
1000440e:	2c00      	cmp	r4, #0
10004410:	d027      	beq.n	10004462 <stdio_put_string+0x96>
10004412:	4f27      	ldr	r7, [pc, #156]	@ (100044b0 <stdio_put_string+0xe4>)
10004414:	4b27      	ldr	r3, [pc, #156]	@ (100044b4 <stdio_put_string+0xe8>)
10004416:	681c      	ldr	r4, [r3, #0]
10004418:	2c00      	cmp	r4, #0
1000441a:	d018      	beq.n	1000444e <stdio_put_string+0x82>
1000441c:	4643      	mov	r3, r8
1000441e:	2b00      	cmp	r3, #0
10004420:	d121      	bne.n	10004466 <stdio_put_string+0x9a>
10004422:	4b25      	ldr	r3, [pc, #148]	@ (100044b8 <stdio_put_string+0xec>)
10004424:	4698      	mov	r8, r3
10004426:	e002      	b.n	1000442e <stdio_put_string+0x62>
10004428:	6924      	ldr	r4, [r4, #16]
1000442a:	2c00      	cmp	r4, #0
1000442c:	d00f      	beq.n	1000444e <stdio_put_string+0x82>
1000442e:	6823      	ldr	r3, [r4, #0]
10004430:	2b00      	cmp	r3, #0
10004432:	d0f9      	beq.n	10004428 <stdio_put_string+0x5c>
10004434:	4643      	mov	r3, r8
10004436:	681b      	ldr	r3, [r3, #0]
10004438:	2b00      	cmp	r3, #0
1000443a:	d001      	beq.n	10004440 <stdio_put_string+0x74>
1000443c:	429c      	cmp	r4, r3
1000443e:	d1f3      	bne.n	10004428 <stdio_put_string+0x5c>
10004440:	0020      	movs	r0, r4
10004442:	002a      	movs	r2, r5
10004444:	0031      	movs	r1, r6
10004446:	47b8      	blx	r7
10004448:	6924      	ldr	r4, [r4, #16]
1000444a:	2c00      	cmp	r4, #0
1000444c:	d1ef      	bne.n	1000442e <stdio_put_string+0x62>
1000444e:	464b      	mov	r3, r9
10004450:	2b00      	cmp	r3, #0
10004452:	d123      	bne.n	1000449c <stdio_put_string+0xd0>
10004454:	0028      	movs	r0, r5
10004456:	b002      	add	sp, #8
10004458:	bce0      	pop	{r5, r6, r7}
1000445a:	46ba      	mov	sl, r7
1000445c:	46b1      	mov	r9, r6
1000445e:	46a8      	mov	r8, r5
10004460:	bdf0      	pop	{r4, r5, r6, r7, pc}
10004462:	4f16      	ldr	r7, [pc, #88]	@ (100044bc <stdio_put_string+0xf0>)
10004464:	e7d6      	b.n	10004414 <stdio_put_string+0x48>
10004466:	4b14      	ldr	r3, [pc, #80]	@ (100044b8 <stdio_put_string+0xec>)
10004468:	4698      	mov	r8, r3
1000446a:	e002      	b.n	10004472 <stdio_put_string+0xa6>
1000446c:	6924      	ldr	r4, [r4, #16]
1000446e:	2c00      	cmp	r4, #0
10004470:	d0ed      	beq.n	1000444e <stdio_put_string+0x82>
10004472:	6823      	ldr	r3, [r4, #0]
10004474:	2b00      	cmp	r3, #0
10004476:	d0f9      	beq.n	1000446c <stdio_put_string+0xa0>
10004478:	4643      	mov	r3, r8
1000447a:	681b      	ldr	r3, [r3, #0]
1000447c:	2b00      	cmp	r3, #0
1000447e:	d001      	beq.n	10004484 <stdio_put_string+0xb8>
10004480:	42a3      	cmp	r3, r4
10004482:	d1f3      	bne.n	1000446c <stdio_put_string+0xa0>
10004484:	002a      	movs	r2, r5
10004486:	0031      	movs	r1, r6
10004488:	0020      	movs	r0, r4
1000448a:	47b8      	blx	r7
1000448c:	466b      	mov	r3, sp
1000448e:	220a      	movs	r2, #10
10004490:	0020      	movs	r0, r4
10004492:	71da      	strb	r2, [r3, #7]
10004494:	1dd9      	adds	r1, r3, #7
10004496:	3a09      	subs	r2, #9
10004498:	47b8      	blx	r7
1000449a:	e7e7      	b.n	1000446c <stdio_put_string+0xa0>
1000449c:	4650      	mov	r0, sl
1000449e:	f003 f84b 	bl	10007538 <__mutex_exit_veneer>
100044a2:	e7d7      	b.n	10004454 <stdio_put_string+0x88>
100044a4:	000f4240 	.word	0x000f4240
100044a8:	7fffffff 	.word	0x7fffffff
100044ac:	20001090 	.word	0x20001090
100044b0:	100042e5 	.word	0x100042e5
100044b4:	20001a58 	.word	0x20001a58
100044b8:	20001a60 	.word	0x20001a60
100044bc:	100042d5 	.word	0x100042d5

100044c0 <stdio_set_driver_enabled>:
100044c0:	4a0a      	ldr	r2, [pc, #40]	@ (100044ec <stdio_set_driver_enabled+0x2c>)
100044c2:	6813      	ldr	r3, [r2, #0]
100044c4:	2b00      	cmp	r3, #0
100044c6:	d105      	bne.n	100044d4 <stdio_set_driver_enabled+0x14>
100044c8:	e00c      	b.n	100044e4 <stdio_set_driver_enabled+0x24>
100044ca:	001a      	movs	r2, r3
100044cc:	691b      	ldr	r3, [r3, #16]
100044ce:	3210      	adds	r2, #16
100044d0:	2b00      	cmp	r3, #0
100044d2:	d007      	beq.n	100044e4 <stdio_set_driver_enabled+0x24>
100044d4:	4283      	cmp	r3, r0
100044d6:	d1f8      	bne.n	100044ca <stdio_set_driver_enabled+0xa>
100044d8:	2900      	cmp	r1, #0
100044da:	d102      	bne.n	100044e2 <stdio_set_driver_enabled+0x22>
100044dc:	6918      	ldr	r0, [r3, #16]
100044de:	6010      	str	r0, [r2, #0]
100044e0:	6119      	str	r1, [r3, #16]
100044e2:	4770      	bx	lr
100044e4:	2900      	cmp	r1, #0
100044e6:	d0fc      	beq.n	100044e2 <stdio_set_driver_enabled+0x22>
100044e8:	6010      	str	r0, [r2, #0]
100044ea:	e7fa      	b.n	100044e2 <stdio_set_driver_enabled+0x22>
100044ec:	20001a58 	.word	0x20001a58

100044f0 <stdio_init_all>:
100044f0:	b510      	push	{r4, lr}
100044f2:	f000 f9a9 	bl	10004848 <stdio_uart_init>
100044f6:	f000 fb5d 	bl	10004bb4 <stdio_usb_init>
100044fa:	2001      	movs	r0, #1
100044fc:	bd10      	pop	{r4, pc}
100044fe:	46c0      	nop			@ (mov r8, r8)

10004500 <__wrap_putchar>:
10004500:	b5f0      	push	{r4, r5, r6, r7, lr}
10004502:	46ce      	mov	lr, r9
10004504:	4647      	mov	r7, r8
10004506:	b580      	push	{r7, lr}
10004508:	b083      	sub	sp, #12
1000450a:	466b      	mov	r3, sp
1000450c:	0006      	movs	r6, r0
1000450e:	1ddd      	adds	r5, r3, #7
10004510:	7028      	strb	r0, [r5, #0]
10004512:	f7fd f841 	bl	10001598 <time_us_64>
10004516:	2300      	movs	r3, #0
10004518:	4a19      	ldr	r2, [pc, #100]	@ (10004580 <__wrap_putchar+0x80>)
1000451a:	1812      	adds	r2, r2, r0
1000451c:	414b      	adcs	r3, r1
1000451e:	2b00      	cmp	r3, #0
10004520:	da02      	bge.n	10004528 <__wrap_putchar+0x28>
10004522:	2201      	movs	r2, #1
10004524:	4b17      	ldr	r3, [pc, #92]	@ (10004584 <__wrap_putchar+0x84>)
10004526:	4252      	negs	r2, r2
10004528:	4917      	ldr	r1, [pc, #92]	@ (10004588 <__wrap_putchar+0x88>)
1000452a:	0008      	movs	r0, r1
1000452c:	4689      	mov	r9, r1
1000452e:	f003 f81b 	bl	10007568 <__mutex_try_enter_block_until_veneer>
10004532:	4b16      	ldr	r3, [pc, #88]	@ (1000458c <__wrap_putchar+0x8c>)
10004534:	4680      	mov	r8, r0
10004536:	681c      	ldr	r4, [r3, #0]
10004538:	2c00      	cmp	r4, #0
1000453a:	d014      	beq.n	10004566 <__wrap_putchar+0x66>
1000453c:	4f14      	ldr	r7, [pc, #80]	@ (10004590 <__wrap_putchar+0x90>)
1000453e:	e002      	b.n	10004546 <__wrap_putchar+0x46>
10004540:	6924      	ldr	r4, [r4, #16]
10004542:	2c00      	cmp	r4, #0
10004544:	d00f      	beq.n	10004566 <__wrap_putchar+0x66>
10004546:	6823      	ldr	r3, [r4, #0]
10004548:	2b00      	cmp	r3, #0
1000454a:	d0f9      	beq.n	10004540 <__wrap_putchar+0x40>
1000454c:	683b      	ldr	r3, [r7, #0]
1000454e:	2b00      	cmp	r3, #0
10004550:	d001      	beq.n	10004556 <__wrap_putchar+0x56>
10004552:	429c      	cmp	r4, r3
10004554:	d1f4      	bne.n	10004540 <__wrap_putchar+0x40>
10004556:	0020      	movs	r0, r4
10004558:	2201      	movs	r2, #1
1000455a:	0029      	movs	r1, r5
1000455c:	f7ff fec2 	bl	100042e4 <stdio_out_chars_crlf>
10004560:	6924      	ldr	r4, [r4, #16]
10004562:	2c00      	cmp	r4, #0
10004564:	d1ef      	bne.n	10004546 <__wrap_putchar+0x46>
10004566:	4643      	mov	r3, r8
10004568:	2b00      	cmp	r3, #0
1000456a:	d105      	bne.n	10004578 <__wrap_putchar+0x78>
1000456c:	0030      	movs	r0, r6
1000456e:	b003      	add	sp, #12
10004570:	bcc0      	pop	{r6, r7}
10004572:	46b9      	mov	r9, r7
10004574:	46b0      	mov	r8, r6
10004576:	bdf0      	pop	{r4, r5, r6, r7, pc}
10004578:	4648      	mov	r0, r9
1000457a:	f002 ffdd 	bl	10007538 <__mutex_exit_veneer>
1000457e:	e7f5      	b.n	1000456c <__wrap_putchar+0x6c>
10004580:	000f4240 	.word	0x000f4240
10004584:	7fffffff 	.word	0x7fffffff
10004588:	20001090 	.word	0x20001090
1000458c:	20001a58 	.word	0x20001a58
10004590:	20001a60 	.word	0x20001a60

10004594 <__wrap_puts>:
10004594:	b570      	push	{r4, r5, r6, lr}
10004596:	0004      	movs	r4, r0
10004598:	f002 ff6c 	bl	10007474 <strlen>
1000459c:	2301      	movs	r3, #1
1000459e:	0001      	movs	r1, r0
100045a0:	0005      	movs	r5, r0
100045a2:	2201      	movs	r2, #1
100045a4:	0020      	movs	r0, r4
100045a6:	f7ff ff11 	bl	100043cc <stdio_put_string>
100045aa:	4b08      	ldr	r3, [pc, #32]	@ (100045cc <__wrap_puts+0x38>)
100045ac:	681c      	ldr	r4, [r3, #0]
100045ae:	2c00      	cmp	r4, #0
100045b0:	d006      	beq.n	100045c0 <__wrap_puts+0x2c>
100045b2:	6863      	ldr	r3, [r4, #4]
100045b4:	2b00      	cmp	r3, #0
100045b6:	d005      	beq.n	100045c4 <__wrap_puts+0x30>
100045b8:	4798      	blx	r3
100045ba:	6924      	ldr	r4, [r4, #16]
100045bc:	2c00      	cmp	r4, #0
100045be:	d1f8      	bne.n	100045b2 <__wrap_puts+0x1e>
100045c0:	0028      	movs	r0, r5
100045c2:	bd70      	pop	{r4, r5, r6, pc}
100045c4:	6924      	ldr	r4, [r4, #16]
100045c6:	2c00      	cmp	r4, #0
100045c8:	d1f3      	bne.n	100045b2 <__wrap_puts+0x1e>
100045ca:	e7f9      	b.n	100045c0 <__wrap_puts+0x2c>
100045cc:	20001a58 	.word	0x20001a58

100045d0 <__wrap_vprintf>:
100045d0:	b5f0      	push	{r4, r5, r6, r7, lr}
100045d2:	46ce      	mov	lr, r9
100045d4:	4647      	mov	r7, r8
100045d6:	b580      	push	{r7, lr}
100045d8:	b0a3      	sub	sp, #140	@ 0x8c
100045da:	0004      	movs	r4, r0
100045dc:	000e      	movs	r6, r1
100045de:	f7fc ffdb 	bl	10001598 <time_us_64>
100045e2:	2300      	movs	r3, #0
100045e4:	4a26      	ldr	r2, [pc, #152]	@ (10004680 <__wrap_vprintf+0xb0>)
100045e6:	1812      	adds	r2, r2, r0
100045e8:	414b      	adcs	r3, r1
100045ea:	2b00      	cmp	r3, #0
100045ec:	da02      	bge.n	100045f4 <__wrap_vprintf+0x24>
100045ee:	2201      	movs	r2, #1
100045f0:	4b24      	ldr	r3, [pc, #144]	@ (10004684 <__wrap_vprintf+0xb4>)
100045f2:	4252      	negs	r2, r2
100045f4:	4824      	ldr	r0, [pc, #144]	@ (10004688 <__wrap_vprintf+0xb8>)
100045f6:	f002 ffb7 	bl	10007568 <__mutex_try_enter_block_until_veneer>
100045fa:	2300      	movs	r3, #0
100045fc:	0022      	movs	r2, r4
100045fe:	9301      	str	r3, [sp, #4]
10004600:	4680      	mov	r8, r0
10004602:	0033      	movs	r3, r6
10004604:	4821      	ldr	r0, [pc, #132]	@ (1000468c <__wrap_vprintf+0xbc>)
10004606:	a901      	add	r1, sp, #4
10004608:	f7ff fe1e 	bl	10004248 <vfctprintf>
1000460c:	4f20      	ldr	r7, [pc, #128]	@ (10004690 <__wrap_vprintf+0xc0>)
1000460e:	9b01      	ldr	r3, [sp, #4]
10004610:	4681      	mov	r9, r0
10004612:	683c      	ldr	r4, [r7, #0]
10004614:	2b00      	cmp	r3, #0
10004616:	d019      	beq.n	1000464c <__wrap_vprintf+0x7c>
10004618:	2c00      	cmp	r4, #0
1000461a:	d02f      	beq.n	1000467c <__wrap_vprintf+0xac>
1000461c:	4e1d      	ldr	r6, [pc, #116]	@ (10004694 <__wrap_vprintf+0xc4>)
1000461e:	e002      	b.n	10004626 <__wrap_vprintf+0x56>
10004620:	6924      	ldr	r4, [r4, #16]
10004622:	2c00      	cmp	r4, #0
10004624:	d00f      	beq.n	10004646 <__wrap_vprintf+0x76>
10004626:	6823      	ldr	r3, [r4, #0]
10004628:	2b00      	cmp	r3, #0
1000462a:	d0f9      	beq.n	10004620 <__wrap_vprintf+0x50>
1000462c:	6833      	ldr	r3, [r6, #0]
1000462e:	2b00      	cmp	r3, #0
10004630:	d001      	beq.n	10004636 <__wrap_vprintf+0x66>
10004632:	42a3      	cmp	r3, r4
10004634:	d1f4      	bne.n	10004620 <__wrap_vprintf+0x50>
10004636:	0020      	movs	r0, r4
10004638:	9a01      	ldr	r2, [sp, #4]
1000463a:	a902      	add	r1, sp, #8
1000463c:	f7ff fe52 	bl	100042e4 <stdio_out_chars_crlf>
10004640:	6924      	ldr	r4, [r4, #16]
10004642:	2c00      	cmp	r4, #0
10004644:	d1ef      	bne.n	10004626 <__wrap_vprintf+0x56>
10004646:	2300      	movs	r3, #0
10004648:	683c      	ldr	r4, [r7, #0]
1000464a:	9301      	str	r3, [sp, #4]
1000464c:	2c00      	cmp	r4, #0
1000464e:	d006      	beq.n	1000465e <__wrap_vprintf+0x8e>
10004650:	6863      	ldr	r3, [r4, #4]
10004652:	2b00      	cmp	r3, #0
10004654:	d00c      	beq.n	10004670 <__wrap_vprintf+0xa0>
10004656:	4798      	blx	r3
10004658:	6924      	ldr	r4, [r4, #16]
1000465a:	2c00      	cmp	r4, #0
1000465c:	d1f8      	bne.n	10004650 <__wrap_vprintf+0x80>
1000465e:	4643      	mov	r3, r8
10004660:	2b00      	cmp	r3, #0
10004662:	d107      	bne.n	10004674 <__wrap_vprintf+0xa4>
10004664:	4648      	mov	r0, r9
10004666:	b023      	add	sp, #140	@ 0x8c
10004668:	bcc0      	pop	{r6, r7}
1000466a:	46b9      	mov	r9, r7
1000466c:	46b0      	mov	r8, r6
1000466e:	bdf0      	pop	{r4, r5, r6, r7, pc}
10004670:	6924      	ldr	r4, [r4, #16]
10004672:	e7eb      	b.n	1000464c <__wrap_vprintf+0x7c>
10004674:	4804      	ldr	r0, [pc, #16]	@ (10004688 <__wrap_vprintf+0xb8>)
10004676:	f002 ff5f 	bl	10007538 <__mutex_exit_veneer>
1000467a:	e7f3      	b.n	10004664 <__wrap_vprintf+0x94>
1000467c:	9401      	str	r4, [sp, #4]
1000467e:	e7ee      	b.n	1000465e <__wrap_vprintf+0x8e>
10004680:	000f4240 	.word	0x000f4240
10004684:	7fffffff 	.word	0x7fffffff
10004688:	20001090 	.word	0x20001090
1000468c:	10004375 	.word	0x10004375
10004690:	20001a58 	.word	0x20001a58
10004694:	20001a60 	.word	0x20001a60

10004698 <__wrap_printf>:
10004698:	b40f      	push	{r0, r1, r2, r3}
1000469a:	b500      	push	{lr}
1000469c:	b083      	sub	sp, #12
1000469e:	a904      	add	r1, sp, #16
100046a0:	c901      	ldmia	r1!, {r0}
100046a2:	9101      	str	r1, [sp, #4]
100046a4:	f7ff ff94 	bl	100045d0 <__wrap_vprintf>
100046a8:	b003      	add	sp, #12
100046aa:	bc08      	pop	{r3}
100046ac:	b004      	add	sp, #16
100046ae:	4718      	bx	r3

100046b0 <stdio_uart_out_chars>:
100046b0:	b5f0      	push	{r4, r5, r6, r7, lr}
100046b2:	2900      	cmp	r1, #0
100046b4:	dd15      	ble.n	100046e2 <stdio_uart_out_chars+0x32>
100046b6:	4b0e      	ldr	r3, [pc, #56]	@ (100046f0 <stdio_uart_out_chars+0x40>)
100046b8:	270d      	movs	r7, #13
100046ba:	681a      	ldr	r2, [r3, #0]
100046bc:	4b0d      	ldr	r3, [pc, #52]	@ (100046f4 <stdio_uart_out_chars+0x44>)
100046be:	4c0e      	ldr	r4, [pc, #56]	@ (100046f8 <stdio_uart_out_chars+0x48>)
100046c0:	18d3      	adds	r3, r2, r3
100046c2:	425d      	negs	r5, r3
100046c4:	416b      	adcs	r3, r5
100046c6:	1845      	adds	r5, r0, r1
100046c8:	2120      	movs	r1, #32
100046ca:	005b      	lsls	r3, r3, #1
100046cc:	5f1e      	ldrsh	r6, [r3, r4]
100046ce:	7804      	ldrb	r4, [r0, #0]
100046d0:	42a6      	cmp	r6, r4
100046d2:	d007      	beq.n	100046e4 <stdio_uart_out_chars+0x34>
100046d4:	6993      	ldr	r3, [r2, #24]
100046d6:	4219      	tst	r1, r3
100046d8:	d1fc      	bne.n	100046d4 <stdio_uart_out_chars+0x24>
100046da:	3001      	adds	r0, #1
100046dc:	6014      	str	r4, [r2, #0]
100046de:	42a8      	cmp	r0, r5
100046e0:	d1f5      	bne.n	100046ce <stdio_uart_out_chars+0x1e>
100046e2:	bdf0      	pop	{r4, r5, r6, r7, pc}
100046e4:	6993      	ldr	r3, [r2, #24]
100046e6:	4219      	tst	r1, r3
100046e8:	d1fc      	bne.n	100046e4 <stdio_uart_out_chars+0x34>
100046ea:	6017      	str	r7, [r2, #0]
100046ec:	e7f2      	b.n	100046d4 <stdio_uart_out_chars+0x24>
100046ee:	46c0      	nop			@ (mov r8, r8)
100046f0:	20001ea4 	.word	0x20001ea4
100046f4:	bffc8000 	.word	0xbffc8000
100046f8:	20001ea0 	.word	0x20001ea0

100046fc <stdio_uart_in_chars>:
100046fc:	4b1f      	ldr	r3, [pc, #124]	@ (1000477c <stdio_uart_in_chars+0x80>)
100046fe:	b530      	push	{r4, r5, lr}
10004700:	681b      	ldr	r3, [r3, #0]
10004702:	1e0d      	subs	r5, r1, #0
10004704:	469c      	mov	ip, r3
10004706:	dd2a      	ble.n	1000475e <stdio_uart_in_chars+0x62>
10004708:	1e44      	subs	r4, r0, #1
1000470a:	2110      	movs	r1, #16
1000470c:	2000      	movs	r0, #0
1000470e:	4b1c      	ldr	r3, [pc, #112]	@ (10004780 <stdio_uart_in_chars+0x84>)
10004710:	681a      	ldr	r2, [r3, #0]
10004712:	6993      	ldr	r3, [r2, #24]
10004714:	4219      	tst	r1, r3
10004716:	d114      	bne.n	10004742 <stdio_uart_in_chars+0x46>
10004718:	3001      	adds	r0, #1
1000471a:	6993      	ldr	r3, [r2, #24]
1000471c:	4219      	tst	r1, r3
1000471e:	d1fc      	bne.n	1000471a <stdio_uart_in_chars+0x1e>
10004720:	6813      	ldr	r3, [r2, #0]
10004722:	5423      	strb	r3, [r4, r0]
10004724:	4285      	cmp	r5, r0
10004726:	d1f4      	bne.n	10004712 <stdio_uart_in_chars+0x16>
10004728:	4663      	mov	r3, ip
1000472a:	2b00      	cmp	r3, #0
1000472c:	d007      	beq.n	1000473e <stdio_uart_in_chars+0x42>
1000472e:	2350      	movs	r3, #80	@ 0x50
10004730:	6393      	str	r3, [r2, #56]	@ 0x38
10004732:	6b51      	ldr	r1, [r2, #52]	@ 0x34
10004734:	3b18      	subs	r3, #24
10004736:	400b      	ands	r3, r1
10004738:	4912      	ldr	r1, [pc, #72]	@ (10004784 <stdio_uart_in_chars+0x88>)
1000473a:	1852      	adds	r2, r2, r1
1000473c:	6013      	str	r3, [r2, #0]
1000473e:	0028      	movs	r0, r5
10004740:	bd30      	pop	{r4, r5, pc}
10004742:	4663      	mov	r3, ip
10004744:	2b00      	cmp	r3, #0
10004746:	d007      	beq.n	10004758 <stdio_uart_in_chars+0x5c>
10004748:	2350      	movs	r3, #80	@ 0x50
1000474a:	6393      	str	r3, [r2, #56]	@ 0x38
1000474c:	6b51      	ldr	r1, [r2, #52]	@ 0x34
1000474e:	3b18      	subs	r3, #24
10004750:	400b      	ands	r3, r1
10004752:	490c      	ldr	r1, [pc, #48]	@ (10004784 <stdio_uart_in_chars+0x88>)
10004754:	1852      	adds	r2, r2, r1
10004756:	6013      	str	r3, [r2, #0]
10004758:	2800      	cmp	r0, #0
1000475a:	d1f1      	bne.n	10004740 <stdio_uart_in_chars+0x44>
1000475c:	e00b      	b.n	10004776 <stdio_uart_in_chars+0x7a>
1000475e:	2b00      	cmp	r3, #0
10004760:	d009      	beq.n	10004776 <stdio_uart_in_chars+0x7a>
10004762:	2250      	movs	r2, #80	@ 0x50
10004764:	4b06      	ldr	r3, [pc, #24]	@ (10004780 <stdio_uart_in_chars+0x84>)
10004766:	681b      	ldr	r3, [r3, #0]
10004768:	639a      	str	r2, [r3, #56]	@ 0x38
1000476a:	6b59      	ldr	r1, [r3, #52]	@ 0x34
1000476c:	3a18      	subs	r2, #24
1000476e:	400a      	ands	r2, r1
10004770:	4904      	ldr	r1, [pc, #16]	@ (10004784 <stdio_uart_in_chars+0x88>)
10004772:	185b      	adds	r3, r3, r1
10004774:	601a      	str	r2, [r3, #0]
10004776:	2003      	movs	r0, #3
10004778:	4240      	negs	r0, r0
1000477a:	e7e1      	b.n	10004740 <stdio_uart_in_chars+0x44>
1000477c:	200019f0 	.word	0x200019f0
10004780:	20001ea4 	.word	0x20001ea4
10004784:	00001034 	.word	0x00001034

10004788 <on_uart_rx>:
10004788:	4b06      	ldr	r3, [pc, #24]	@ (100047a4 <on_uart_rx+0x1c>)
1000478a:	b510      	push	{r4, lr}
1000478c:	681b      	ldr	r3, [r3, #0]
1000478e:	2b00      	cmp	r3, #0
10004790:	d006      	beq.n	100047a0 <on_uart_rx+0x18>
10004792:	2100      	movs	r1, #0
10004794:	4a04      	ldr	r2, [pc, #16]	@ (100047a8 <on_uart_rx+0x20>)
10004796:	6812      	ldr	r2, [r2, #0]
10004798:	6391      	str	r1, [r2, #56]	@ 0x38
1000479a:	4a04      	ldr	r2, [pc, #16]	@ (100047ac <on_uart_rx+0x24>)
1000479c:	6810      	ldr	r0, [r2, #0]
1000479e:	4798      	blx	r3
100047a0:	bd10      	pop	{r4, pc}
100047a2:	46c0      	nop			@ (mov r8, r8)
100047a4:	200019f0 	.word	0x200019f0
100047a8:	20001ea4 	.word	0x20001ea4
100047ac:	200019f8 	.word	0x200019f8

100047b0 <stdio_uart_out_flush>:
100047b0:	2208      	movs	r2, #8
100047b2:	4b03      	ldr	r3, [pc, #12]	@ (100047c0 <stdio_uart_out_flush+0x10>)
100047b4:	6819      	ldr	r1, [r3, #0]
100047b6:	698b      	ldr	r3, [r1, #24]
100047b8:	421a      	tst	r2, r3
100047ba:	d1fc      	bne.n	100047b6 <stdio_uart_out_flush+0x6>
100047bc:	4770      	bx	lr
100047be:	46c0      	nop			@ (mov r8, r8)
100047c0:	20001ea4 	.word	0x20001ea4

100047c4 <stdio_uart_set_chars_available_callback>:
100047c4:	b570      	push	{r4, r5, r6, lr}
100047c6:	4e1a      	ldr	r6, [pc, #104]	@ (10004830 <stdio_uart_set_chars_available_callback+0x6c>)
100047c8:	4b1a      	ldr	r3, [pc, #104]	@ (10004834 <stdio_uart_set_chars_available_callback+0x70>)
100047ca:	6832      	ldr	r2, [r6, #0]
100047cc:	0004      	movs	r4, r0
100047ce:	18d3      	adds	r3, r2, r3
100047d0:	4258      	negs	r0, r3
100047d2:	4143      	adcs	r3, r0
100047d4:	4d18      	ldr	r5, [pc, #96]	@ (10004838 <stdio_uart_set_chars_available_callback+0x74>)
100047d6:	3314      	adds	r3, #20
100047d8:	0018      	movs	r0, r3
100047da:	682b      	ldr	r3, [r5, #0]
100047dc:	2c00      	cmp	r4, #0
100047de:	d002      	beq.n	100047e6 <stdio_uart_set_chars_available_callback+0x22>
100047e0:	2b00      	cmp	r3, #0
100047e2:	d00f      	beq.n	10004804 <stdio_uart_set_chars_available_callback+0x40>
100047e4:	bd70      	pop	{r4, r5, r6, pc}
100047e6:	2b00      	cmp	r3, #0
100047e8:	d0fc      	beq.n	100047e4 <stdio_uart_set_chars_available_callback+0x20>
100047ea:	0006      	movs	r6, r0
100047ec:	2100      	movs	r1, #0
100047ee:	6394      	str	r4, [r2, #56]	@ 0x38
100047f0:	f7fb ffde 	bl	100007b0 <irq_set_enabled>
100047f4:	0030      	movs	r0, r6
100047f6:	4911      	ldr	r1, [pc, #68]	@ (1000483c <stdio_uart_set_chars_available_callback+0x78>)
100047f8:	f7fc f918 	bl	10000a2c <irq_remove_handler>
100047fc:	4b10      	ldr	r3, [pc, #64]	@ (10004840 <stdio_uart_set_chars_available_callback+0x7c>)
100047fe:	602c      	str	r4, [r5, #0]
10004800:	601c      	str	r4, [r3, #0]
10004802:	e7ef      	b.n	100047e4 <stdio_uart_set_chars_available_callback+0x20>
10004804:	602c      	str	r4, [r5, #0]
10004806:	0004      	movs	r4, r0
10004808:	4b0d      	ldr	r3, [pc, #52]	@ (10004840 <stdio_uart_set_chars_available_callback+0x7c>)
1000480a:	6019      	str	r1, [r3, #0]
1000480c:	490b      	ldr	r1, [pc, #44]	@ (1000483c <stdio_uart_set_chars_available_callback+0x78>)
1000480e:	f7fc f807 	bl	10000820 <irq_set_exclusive_handler>
10004812:	2101      	movs	r1, #1
10004814:	0020      	movs	r0, r4
10004816:	f7fb ffcb 	bl	100007b0 <irq_set_enabled>
1000481a:	2250      	movs	r2, #80	@ 0x50
1000481c:	6833      	ldr	r3, [r6, #0]
1000481e:	639a      	str	r2, [r3, #56]	@ 0x38
10004820:	6b59      	ldr	r1, [r3, #52]	@ 0x34
10004822:	3a18      	subs	r2, #24
10004824:	400a      	ands	r2, r1
10004826:	4907      	ldr	r1, [pc, #28]	@ (10004844 <stdio_uart_set_chars_available_callback+0x80>)
10004828:	185b      	adds	r3, r3, r1
1000482a:	601a      	str	r2, [r3, #0]
1000482c:	e7da      	b.n	100047e4 <stdio_uart_set_chars_available_callback+0x20>
1000482e:	46c0      	nop			@ (mov r8, r8)
10004830:	20001ea4 	.word	0x20001ea4
10004834:	bffc8000 	.word	0xbffc8000
10004838:	200019f0 	.word	0x200019f0
1000483c:	10004789 	.word	0x10004789
10004840:	200019f8 	.word	0x200019f8
10004844:	00001034 	.word	0x00001034

10004848 <stdio_uart_init>:
10004848:	4b0d      	ldr	r3, [pc, #52]	@ (10004880 <stdio_uart_init+0x38>)
1000484a:	b510      	push	{r4, lr}
1000484c:	781b      	ldrb	r3, [r3, #0]
1000484e:	4b0d      	ldr	r3, [pc, #52]	@ (10004884 <stdio_uart_init+0x3c>)
10004850:	4c0d      	ldr	r4, [pc, #52]	@ (10004888 <stdio_uart_init+0x40>)
10004852:	781b      	ldrb	r3, [r3, #0]
10004854:	4b0d      	ldr	r3, [pc, #52]	@ (1000488c <stdio_uart_init+0x44>)
10004856:	2102      	movs	r1, #2
10004858:	781b      	ldrb	r3, [r3, #0]
1000485a:	4b0d      	ldr	r3, [pc, #52]	@ (10004890 <stdio_uart_init+0x48>)
1000485c:	2000      	movs	r0, #0
1000485e:	6023      	str	r3, [r4, #0]
10004860:	f7fb fe86 	bl	10000570 <gpio_set_function>
10004864:	2102      	movs	r1, #2
10004866:	2001      	movs	r0, #1
10004868:	f7fb fe82 	bl	10000570 <gpio_set_function>
1000486c:	21e1      	movs	r1, #225	@ 0xe1
1000486e:	6820      	ldr	r0, [r4, #0]
10004870:	0249      	lsls	r1, r1, #9
10004872:	f7fc fee1 	bl	10001638 <uart_init>
10004876:	2101      	movs	r1, #1
10004878:	4806      	ldr	r0, [pc, #24]	@ (10004894 <stdio_uart_init+0x4c>)
1000487a:	f7ff fe21 	bl	100044c0 <stdio_set_driver_enabled>
1000487e:	bd10      	pop	{r4, pc}
10004880:	10007fd8 	.word	0x10007fd8
10004884:	10007fd4 	.word	0x10007fd4
10004888:	20001ea4 	.word	0x20001ea4
1000488c:	10007fd0 	.word	0x10007fd0
10004890:	40034000 	.word	0x40034000
10004894:	20001030 	.word	0x20001030

10004898 <stdio_usb_set_chars_available_callback>:
10004898:	4b02      	ldr	r3, [pc, #8]	@ (100048a4 <stdio_usb_set_chars_available_callback+0xc>)
1000489a:	6018      	str	r0, [r3, #0]
1000489c:	4b02      	ldr	r3, [pc, #8]	@ (100048a8 <stdio_usb_set_chars_available_callback+0x10>)
1000489e:	6019      	str	r1, [r3, #0]
100048a0:	4770      	bx	lr
100048a2:	46c0      	nop			@ (mov r8, r8)
100048a4:	200019f4 	.word	0x200019f4
100048a8:	200019fc 	.word	0x200019fc

100048ac <usb_irq>:
100048ac:	b510      	push	{r4, lr}
100048ae:	4b02      	ldr	r3, [pc, #8]	@ (100048b8 <usb_irq+0xc>)
100048b0:	7818      	ldrb	r0, [r3, #0]
100048b2:	f7fb ff9b 	bl	100007ec <irq_set_pending>
100048b6:	bd10      	pop	{r4, pc}
100048b8:	20001ebf 	.word	0x20001ebf

100048bc <timer_task>:
100048bc:	4b15      	ldr	r3, [pc, #84]	@ (10004914 <timer_task+0x58>)
100048be:	b570      	push	{r4, r5, r6, lr}
100048c0:	681a      	ldr	r2, [r3, #0]
100048c2:	2a00      	cmp	r2, #0
100048c4:	d022      	beq.n	1000490c <timer_task+0x50>
100048c6:	f3ef 8110 	mrs	r1, PRIMASK
100048ca:	b672      	cpsid	i
100048cc:	6810      	ldr	r0, [r2, #0]
100048ce:	2800      	cmp	r0, #0
100048d0:	d0fc      	beq.n	100048cc <timer_task+0x10>
100048d2:	f3bf 8f5f 	dmb	sy
100048d6:	2000      	movs	r0, #0
100048d8:	4a0f      	ldr	r2, [pc, #60]	@ (10004918 <timer_task+0x5c>)
100048da:	6059      	str	r1, [r3, #4]
100048dc:	7010      	strb	r0, [r2, #0]
100048de:	681b      	ldr	r3, [r3, #0]
100048e0:	f3bf 8f5f 	dmb	sy
100048e4:	6018      	str	r0, [r3, #0]
100048e6:	f381 8810 	msr	PRIMASK, r1
100048ea:	2400      	movs	r4, #0
100048ec:	2500      	movs	r5, #0
100048ee:	4e0b      	ldr	r6, [pc, #44]	@ (1000491c <timer_task+0x60>)
100048f0:	7830      	ldrb	r0, [r6, #0]
100048f2:	f7fb ff6f 	bl	100007d4 <irq_is_enabled>
100048f6:	2800      	cmp	r0, #0
100048f8:	d104      	bne.n	10004904 <timer_task+0x48>
100048fa:	2400      	movs	r4, #0
100048fc:	2500      	movs	r5, #0
100048fe:	0029      	movs	r1, r5
10004900:	0020      	movs	r0, r4
10004902:	bd70      	pop	{r4, r5, r6, pc}
10004904:	7830      	ldrb	r0, [r6, #0]
10004906:	f7fb ff71 	bl	100007ec <irq_set_pending>
1000490a:	e7f8      	b.n	100048fe <timer_task+0x42>
1000490c:	24fa      	movs	r4, #250	@ 0xfa
1000490e:	2500      	movs	r5, #0
10004910:	00a4      	lsls	r4, r4, #2
10004912:	e7ec      	b.n	100048ee <timer_task+0x32>
10004914:	20001e74 	.word	0x20001e74
10004918:	20001ec0 	.word	0x20001ec0
1000491c:	20001ebf 	.word	0x20001ebf

10004920 <stdio_usb_in_chars>:
10004920:	b570      	push	{r4, r5, r6, lr}
10004922:	0005      	movs	r5, r0
10004924:	2000      	movs	r0, #0
10004926:	000e      	movs	r6, r1
10004928:	f001 fb78 	bl	1000601c <tud_cdc_n_connected>
1000492c:	2800      	cmp	r0, #0
1000492e:	d034      	beq.n	1000499a <stdio_usb_in_chars+0x7a>
10004930:	2000      	movs	r0, #0
10004932:	f001 fb89 	bl	10006048 <tud_cdc_n_available>
10004936:	2800      	cmp	r0, #0
10004938:	d02f      	beq.n	1000499a <stdio_usb_in_chars+0x7a>
1000493a:	f7fc fe2d 	bl	10001598 <time_us_64>
1000493e:	2300      	movs	r3, #0
10004940:	4a17      	ldr	r2, [pc, #92]	@ (100049a0 <stdio_usb_in_chars+0x80>)
10004942:	1812      	adds	r2, r2, r0
10004944:	414b      	adcs	r3, r1
10004946:	2b00      	cmp	r3, #0
10004948:	db16      	blt.n	10004978 <stdio_usb_in_chars+0x58>
1000494a:	4c16      	ldr	r4, [pc, #88]	@ (100049a4 <stdio_usb_in_chars+0x84>)
1000494c:	0020      	movs	r0, r4
1000494e:	f002 fe0b 	bl	10007568 <__mutex_try_enter_block_until_veneer>
10004952:	2800      	cmp	r0, #0
10004954:	d021      	beq.n	1000499a <stdio_usb_in_chars+0x7a>
10004956:	2000      	movs	r0, #0
10004958:	f001 fb60 	bl	1000601c <tud_cdc_n_connected>
1000495c:	2800      	cmp	r0, #0
1000495e:	d10f      	bne.n	10004980 <stdio_usb_in_chars+0x60>
10004960:	2001      	movs	r0, #1
10004962:	2100      	movs	r1, #0
10004964:	4240      	negs	r0, r0
10004966:	f000 fd89 	bl	1000547c <tud_task_ext>
1000496a:	2503      	movs	r5, #3
1000496c:	426d      	negs	r5, r5
1000496e:	0020      	movs	r0, r4
10004970:	f002 fde2 	bl	10007538 <__mutex_exit_veneer>
10004974:	0028      	movs	r0, r5
10004976:	bd70      	pop	{r4, r5, r6, pc}
10004978:	2201      	movs	r2, #1
1000497a:	4b0b      	ldr	r3, [pc, #44]	@ (100049a8 <stdio_usb_in_chars+0x88>)
1000497c:	4252      	negs	r2, r2
1000497e:	e7e4      	b.n	1000494a <stdio_usb_in_chars+0x2a>
10004980:	2000      	movs	r0, #0
10004982:	f001 fb61 	bl	10006048 <tud_cdc_n_available>
10004986:	2800      	cmp	r0, #0
10004988:	d0ea      	beq.n	10004960 <stdio_usb_in_chars+0x40>
1000498a:	0029      	movs	r1, r5
1000498c:	0032      	movs	r2, r6
1000498e:	2000      	movs	r0, #0
10004990:	f001 fb64 	bl	1000605c <tud_cdc_n_read>
10004994:	1e05      	subs	r5, r0, #0
10004996:	d1ea      	bne.n	1000496e <stdio_usb_in_chars+0x4e>
10004998:	e7e7      	b.n	1000496a <stdio_usb_in_chars+0x4a>
1000499a:	2503      	movs	r5, #3
1000499c:	426d      	negs	r5, r5
1000499e:	e7e9      	b.n	10004974 <stdio_usb_in_chars+0x54>
100049a0:	000f4240 	.word	0x000f4240
100049a4:	20001e98 	.word	0x20001e98
100049a8:	7fffffff 	.word	0x7fffffff

100049ac <stdio_usb_out_flush>:
100049ac:	b510      	push	{r4, lr}
100049ae:	f7fc fdf3 	bl	10001598 <time_us_64>
100049b2:	2300      	movs	r3, #0
100049b4:	4a0d      	ldr	r2, [pc, #52]	@ (100049ec <stdio_usb_out_flush+0x40>)
100049b6:	1812      	adds	r2, r2, r0
100049b8:	414b      	adcs	r3, r1
100049ba:	2b00      	cmp	r3, #0
100049bc:	da02      	bge.n	100049c4 <stdio_usb_out_flush+0x18>
100049be:	2201      	movs	r2, #1
100049c0:	4b0b      	ldr	r3, [pc, #44]	@ (100049f0 <stdio_usb_out_flush+0x44>)
100049c2:	4252      	negs	r2, r2
100049c4:	480b      	ldr	r0, [pc, #44]	@ (100049f4 <stdio_usb_out_flush+0x48>)
100049c6:	f002 fdcf 	bl	10007568 <__mutex_try_enter_block_until_veneer>
100049ca:	2800      	cmp	r0, #0
100049cc:	d00c      	beq.n	100049e8 <stdio_usb_out_flush+0x3c>
100049ce:	2001      	movs	r0, #1
100049d0:	2100      	movs	r1, #0
100049d2:	4240      	negs	r0, r0
100049d4:	f000 fd52 	bl	1000547c <tud_task_ext>
100049d8:	2000      	movs	r0, #0
100049da:	f001 fb83 	bl	100060e4 <tud_cdc_n_write_flush>
100049de:	2800      	cmp	r0, #0
100049e0:	d1f5      	bne.n	100049ce <stdio_usb_out_flush+0x22>
100049e2:	4804      	ldr	r0, [pc, #16]	@ (100049f4 <stdio_usb_out_flush+0x48>)
100049e4:	f002 fda8 	bl	10007538 <__mutex_exit_veneer>
100049e8:	bd10      	pop	{r4, pc}
100049ea:	46c0      	nop			@ (mov r8, r8)
100049ec:	000f4240 	.word	0x000f4240
100049f0:	7fffffff 	.word	0x7fffffff
100049f4:	20001e98 	.word	0x20001e98

100049f8 <stdio_usb_out_chars>:
100049f8:	b5f8      	push	{r3, r4, r5, r6, r7, lr}
100049fa:	46ce      	mov	lr, r9
100049fc:	4647      	mov	r7, r8
100049fe:	b580      	push	{r7, lr}
10004a00:	0005      	movs	r5, r0
10004a02:	000c      	movs	r4, r1
10004a04:	f7fc fdc8 	bl	10001598 <time_us_64>
10004a08:	2300      	movs	r3, #0
10004a0a:	4a34      	ldr	r2, [pc, #208]	@ (10004adc <stdio_usb_out_chars+0xe4>)
10004a0c:	1812      	adds	r2, r2, r0
10004a0e:	414b      	adcs	r3, r1
10004a10:	2b00      	cmp	r3, #0
10004a12:	da02      	bge.n	10004a1a <stdio_usb_out_chars+0x22>
10004a14:	2201      	movs	r2, #1
10004a16:	4b32      	ldr	r3, [pc, #200]	@ (10004ae0 <stdio_usb_out_chars+0xe8>)
10004a18:	4252      	negs	r2, r2
10004a1a:	4932      	ldr	r1, [pc, #200]	@ (10004ae4 <stdio_usb_out_chars+0xec>)
10004a1c:	0008      	movs	r0, r1
10004a1e:	4688      	mov	r8, r1
10004a20:	f002 fda2 	bl	10007568 <__mutex_try_enter_block_until_veneer>
10004a24:	2800      	cmp	r0, #0
10004a26:	d103      	bne.n	10004a30 <stdio_usb_out_chars+0x38>
10004a28:	bcc0      	pop	{r6, r7}
10004a2a:	46b9      	mov	r9, r7
10004a2c:	46b0      	mov	r8, r6
10004a2e:	bdf8      	pop	{r3, r4, r5, r6, r7, pc}
10004a30:	2000      	movs	r0, #0
10004a32:	f001 faf3 	bl	1000601c <tud_cdc_n_connected>
10004a36:	2800      	cmp	r0, #0
10004a38:	d048      	beq.n	10004acc <stdio_usb_out_chars+0xd4>
10004a3a:	2600      	movs	r6, #0
10004a3c:	2c00      	cmp	r4, #0
10004a3e:	dd41      	ble.n	10004ac4 <stdio_usb_out_chars+0xcc>
10004a40:	4b29      	ldr	r3, [pc, #164]	@ (10004ae8 <stdio_usb_out_chars+0xf0>)
10004a42:	4699      	mov	r9, r3
10004a44:	e013      	b.n	10004a6e <stdio_usb_out_chars+0x76>
10004a46:	19a9      	adds	r1, r5, r6
10004a48:	2000      	movs	r0, #0
10004a4a:	f001 fb87 	bl	1000615c <tud_cdc_n_write>
10004a4e:	0007      	movs	r7, r0
10004a50:	2001      	movs	r0, #1
10004a52:	2100      	movs	r1, #0
10004a54:	4240      	negs	r0, r0
10004a56:	f000 fd11 	bl	1000547c <tud_task_ext>
10004a5a:	2000      	movs	r0, #0
10004a5c:	f001 fb42 	bl	100060e4 <tud_cdc_n_write_flush>
10004a60:	f7fc fd9a 	bl	10001598 <time_us_64>
10004a64:	4b20      	ldr	r3, [pc, #128]	@ (10004ae8 <stdio_usb_out_chars+0xf0>)
10004a66:	19f6      	adds	r6, r6, r7
10004a68:	c303      	stmia	r3!, {r0, r1}
10004a6a:	42b4      	cmp	r4, r6
10004a6c:	dd2a      	ble.n	10004ac4 <stdio_usb_out_chars+0xcc>
10004a6e:	2000      	movs	r0, #0
10004a70:	f001 fb94 	bl	1000619c <tud_cdc_n_write_available>
10004a74:	1ba7      	subs	r7, r4, r6
10004a76:	0002      	movs	r2, r0
10004a78:	42b8      	cmp	r0, r7
10004a7a:	dd00      	ble.n	10004a7e <stdio_usb_out_chars+0x86>
10004a7c:	003a      	movs	r2, r7
10004a7e:	2a00      	cmp	r2, #0
10004a80:	d1e1      	bne.n	10004a46 <stdio_usb_out_chars+0x4e>
10004a82:	2001      	movs	r0, #1
10004a84:	2100      	movs	r1, #0
10004a86:	4240      	negs	r0, r0
10004a88:	f000 fcf8 	bl	1000547c <tud_task_ext>
10004a8c:	2000      	movs	r0, #0
10004a8e:	f001 fb29 	bl	100060e4 <tud_cdc_n_write_flush>
10004a92:	2000      	movs	r0, #0
10004a94:	f001 fac2 	bl	1000601c <tud_cdc_n_connected>
10004a98:	2800      	cmp	r0, #0
10004a9a:	d013      	beq.n	10004ac4 <stdio_usb_out_chars+0xcc>
10004a9c:	2000      	movs	r0, #0
10004a9e:	f001 fb7d 	bl	1000619c <tud_cdc_n_write_available>
10004aa2:	2800      	cmp	r0, #0
10004aa4:	d1e1      	bne.n	10004a6a <stdio_usb_out_chars+0x72>
10004aa6:	f7fc fd77 	bl	10001598 <time_us_64>
10004aaa:	464b      	mov	r3, r9
10004aac:	000f      	movs	r7, r1
10004aae:	cb0c      	ldmia	r3, {r2, r3}
10004ab0:	2100      	movs	r1, #0
10004ab2:	4684      	mov	ip, r0
10004ab4:	480d      	ldr	r0, [pc, #52]	@ (10004aec <stdio_usb_out_chars+0xf4>)
10004ab6:	1812      	adds	r2, r2, r0
10004ab8:	414b      	adcs	r3, r1
10004aba:	429f      	cmp	r7, r3
10004abc:	d802      	bhi.n	10004ac4 <stdio_usb_out_chars+0xcc>
10004abe:	d1d4      	bne.n	10004a6a <stdio_usb_out_chars+0x72>
10004ac0:	4594      	cmp	ip, r2
10004ac2:	d9d2      	bls.n	10004a6a <stdio_usb_out_chars+0x72>
10004ac4:	4640      	mov	r0, r8
10004ac6:	f002 fd37 	bl	10007538 <__mutex_exit_veneer>
10004aca:	e7ad      	b.n	10004a28 <stdio_usb_out_chars+0x30>
10004acc:	2000      	movs	r0, #0
10004ace:	2100      	movs	r1, #0
10004ad0:	4b05      	ldr	r3, [pc, #20]	@ (10004ae8 <stdio_usb_out_chars+0xf0>)
10004ad2:	c303      	stmia	r3!, {r0, r1}
10004ad4:	4640      	mov	r0, r8
10004ad6:	f002 fd2f 	bl	10007538 <__mutex_exit_veneer>
10004ada:	e7a5      	b.n	10004a28 <stdio_usb_out_chars+0x30>
10004adc:	000f4240 	.word	0x000f4240
10004ae0:	7fffffff 	.word	0x7fffffff
10004ae4:	20001e98 	.word	0x20001e98
10004ae8:	200012e0 	.word	0x200012e0
10004aec:	0007a120 	.word	0x0007a120

10004af0 <low_priority_worker_irq>:
10004af0:	b530      	push	{r4, r5, lr}
10004af2:	2100      	movs	r1, #0
10004af4:	b085      	sub	sp, #20
10004af6:	4828      	ldr	r0, [pc, #160]	@ (10004b98 <low_priority_worker_irq+0xa8>)
10004af8:	f002 fcee 	bl	100074d8 <__mutex_try_enter_veneer>
10004afc:	2800      	cmp	r0, #0
10004afe:	d11c      	bne.n	10004b3a <low_priority_worker_irq+0x4a>
10004b00:	4b26      	ldr	r3, [pc, #152]	@ (10004b9c <low_priority_worker_irq+0xac>)
10004b02:	681a      	ldr	r2, [r3, #0]
10004b04:	2a00      	cmp	r2, #0
10004b06:	d016      	beq.n	10004b36 <low_priority_worker_irq+0x46>
10004b08:	f3ef 8110 	mrs	r1, PRIMASK
10004b0c:	b672      	cpsid	i
10004b0e:	6810      	ldr	r0, [r2, #0]
10004b10:	2800      	cmp	r0, #0
10004b12:	d0fc      	beq.n	10004b0e <low_priority_worker_irq+0x1e>
10004b14:	f3bf 8f5f 	dmb	sy
10004b18:	2401      	movs	r4, #1
10004b1a:	4821      	ldr	r0, [pc, #132]	@ (10004ba0 <low_priority_worker_irq+0xb0>)
10004b1c:	6059      	str	r1, [r3, #4]
10004b1e:	7802      	ldrb	r2, [r0, #0]
10004b20:	681b      	ldr	r3, [r3, #0]
10004b22:	b2d2      	uxtb	r2, r2
10004b24:	7004      	strb	r4, [r0, #0]
10004b26:	f3bf 8f5f 	dmb	sy
10004b2a:	2000      	movs	r0, #0
10004b2c:	6018      	str	r0, [r3, #0]
10004b2e:	f381 8810 	msr	PRIMASK, r1
10004b32:	2a00      	cmp	r2, #0
10004b34:	d017      	beq.n	10004b66 <low_priority_worker_irq+0x76>
10004b36:	b005      	add	sp, #20
10004b38:	bd30      	pop	{r4, r5, pc}
10004b3a:	2001      	movs	r0, #1
10004b3c:	2100      	movs	r1, #0
10004b3e:	4240      	negs	r0, r0
10004b40:	f000 fc9c 	bl	1000547c <tud_task_ext>
10004b44:	2000      	movs	r0, #0
10004b46:	f001 fa7f 	bl	10006048 <tud_cdc_n_available>
10004b4a:	0005      	movs	r5, r0
10004b4c:	4812      	ldr	r0, [pc, #72]	@ (10004b98 <low_priority_worker_irq+0xa8>)
10004b4e:	f002 fcf3 	bl	10007538 <__mutex_exit_veneer>
10004b52:	2d00      	cmp	r5, #0
10004b54:	d0ef      	beq.n	10004b36 <low_priority_worker_irq+0x46>
10004b56:	4b13      	ldr	r3, [pc, #76]	@ (10004ba4 <low_priority_worker_irq+0xb4>)
10004b58:	681b      	ldr	r3, [r3, #0]
10004b5a:	2b00      	cmp	r3, #0
10004b5c:	d0eb      	beq.n	10004b36 <low_priority_worker_irq+0x46>
10004b5e:	4a12      	ldr	r2, [pc, #72]	@ (10004ba8 <low_priority_worker_irq+0xb8>)
10004b60:	6810      	ldr	r0, [r2, #0]
10004b62:	4798      	blx	r3
10004b64:	e7e7      	b.n	10004b36 <low_priority_worker_irq+0x46>
10004b66:	f7fc fb0d 	bl	10001184 <alarm_pool_get_default>
10004b6a:	0004      	movs	r4, r0
10004b6c:	f7fc fd14 	bl	10001598 <time_us_64>
10004b70:	22fa      	movs	r2, #250	@ 0xfa
10004b72:	2300      	movs	r3, #0
10004b74:	0092      	lsls	r2, r2, #2
10004b76:	1812      	adds	r2, r2, r0
10004b78:	414b      	adcs	r3, r1
10004b7a:	2b00      	cmp	r3, #0
10004b7c:	da02      	bge.n	10004b84 <low_priority_worker_irq+0x94>
10004b7e:	2201      	movs	r2, #1
10004b80:	4b0a      	ldr	r3, [pc, #40]	@ (10004bac <low_priority_worker_irq+0xbc>)
10004b82:	4252      	negs	r2, r2
10004b84:	2101      	movs	r1, #1
10004b86:	9102      	str	r1, [sp, #8]
10004b88:	2100      	movs	r1, #0
10004b8a:	9101      	str	r1, [sp, #4]
10004b8c:	4908      	ldr	r1, [pc, #32]	@ (10004bb0 <low_priority_worker_irq+0xc0>)
10004b8e:	0020      	movs	r0, r4
10004b90:	9100      	str	r1, [sp, #0]
10004b92:	f7fc fafb 	bl	1000118c <alarm_pool_add_alarm_at>
10004b96:	e7ce      	b.n	10004b36 <low_priority_worker_irq+0x46>
10004b98:	20001e98 	.word	0x20001e98
10004b9c:	20001e74 	.word	0x20001e74
10004ba0:	20001ec0 	.word	0x20001ec0
10004ba4:	200019f4 	.word	0x200019f4
10004ba8:	200019fc 	.word	0x200019fc
10004bac:	7fffffff 	.word	0x7fffffff
10004bb0:	100048bd 	.word	0x100048bd

10004bb4 <stdio_usb_init>:
10004bb4:	23d0      	movs	r3, #208	@ 0xd0
10004bb6:	b510      	push	{r4, lr}
10004bb8:	061b      	lsls	r3, r3, #24
10004bba:	b084      	sub	sp, #16
10004bbc:	681c      	ldr	r4, [r3, #0]
10004bbe:	f7fc fae1 	bl	10001184 <alarm_pool_get_default>
10004bc2:	f7fc fbe1 	bl	10001388 <alarm_pool_core_num>
10004bc6:	42a0      	cmp	r0, r4
10004bc8:	d002      	beq.n	10004bd0 <stdio_usb_init+0x1c>
10004bca:	2000      	movs	r0, #0
10004bcc:	b004      	add	sp, #16
10004bce:	bd10      	pop	{r4, pc}
10004bd0:	4b28      	ldr	r3, [pc, #160]	@ (10004c74 <stdio_usb_init+0xc0>)
10004bd2:	2100      	movs	r1, #0
10004bd4:	2000      	movs	r0, #0
10004bd6:	781b      	ldrb	r3, [r3, #0]
10004bd8:	f001 fca6 	bl	10006528 <tusb_rhport_init>
10004bdc:	4826      	ldr	r0, [pc, #152]	@ (10004c78 <stdio_usb_init+0xc4>)
10004bde:	6803      	ldr	r3, [r0, #0]
10004be0:	2b00      	cmp	r3, #0
10004be2:	d044      	beq.n	10004c6e <stdio_usb_init+0xba>
10004be4:	2001      	movs	r0, #1
10004be6:	f7fc f865 	bl	10000cb4 <user_irq_claim_unused>
10004bea:	23ff      	movs	r3, #255	@ 0xff
10004bec:	4c23      	ldr	r4, [pc, #140]	@ (10004c7c <stdio_usb_init+0xc8>)
10004bee:	4924      	ldr	r1, [pc, #144]	@ (10004c80 <stdio_usb_init+0xcc>)
10004bf0:	7020      	strb	r0, [r4, #0]
10004bf2:	4018      	ands	r0, r3
10004bf4:	f7fb fe14 	bl	10000820 <irq_set_exclusive_handler>
10004bf8:	7820      	ldrb	r0, [r4, #0]
10004bfa:	2101      	movs	r1, #1
10004bfc:	f7fb fdd8 	bl	100007b0 <irq_set_enabled>
10004c00:	2005      	movs	r0, #5
10004c02:	f7fb fdfd 	bl	10000800 <irq_has_shared_handler>
10004c06:	2800      	cmp	r0, #0
10004c08:	d124      	bne.n	10004c54 <stdio_usb_init+0xa0>
10004c0a:	2208      	movs	r2, #8
10004c0c:	2100      	movs	r1, #0
10004c0e:	481d      	ldr	r0, [pc, #116]	@ (10004c84 <stdio_usb_init+0xd0>)
10004c10:	f7fd ff76 	bl	10002b00 <__wrap_memset>
10004c14:	f7fc fab6 	bl	10001184 <alarm_pool_get_default>
10004c18:	0004      	movs	r4, r0
10004c1a:	f7fc fcbd 	bl	10001598 <time_us_64>
10004c1e:	22fa      	movs	r2, #250	@ 0xfa
10004c20:	2300      	movs	r3, #0
10004c22:	0092      	lsls	r2, r2, #2
10004c24:	1812      	adds	r2, r2, r0
10004c26:	414b      	adcs	r3, r1
10004c28:	2b00      	cmp	r3, #0
10004c2a:	da02      	bge.n	10004c32 <stdio_usb_init+0x7e>
10004c2c:	2201      	movs	r2, #1
10004c2e:	4b16      	ldr	r3, [pc, #88]	@ (10004c88 <stdio_usb_init+0xd4>)
10004c30:	4252      	negs	r2, r2
10004c32:	2101      	movs	r1, #1
10004c34:	9102      	str	r1, [sp, #8]
10004c36:	2100      	movs	r1, #0
10004c38:	9101      	str	r1, [sp, #4]
10004c3a:	4914      	ldr	r1, [pc, #80]	@ (10004c8c <stdio_usb_init+0xd8>)
10004c3c:	0020      	movs	r0, r4
10004c3e:	9100      	str	r1, [sp, #0]
10004c40:	f7fc faa4 	bl	1000118c <alarm_pool_add_alarm_at>
10004c44:	2800      	cmp	r0, #0
10004c46:	dbc0      	blt.n	10004bca <stdio_usb_init+0x16>
10004c48:	4811      	ldr	r0, [pc, #68]	@ (10004c90 <stdio_usb_init+0xdc>)
10004c4a:	2101      	movs	r1, #1
10004c4c:	f7ff fc38 	bl	100044c0 <stdio_set_driver_enabled>
10004c50:	2001      	movs	r0, #1
10004c52:	e7bb      	b.n	10004bcc <stdio_usb_init+0x18>
10004c54:	2001      	movs	r0, #1
10004c56:	f7fb fd69 	bl	1000072c <spin_lock_claim_unused>
10004c5a:	0001      	movs	r1, r0
10004c5c:	4809      	ldr	r0, [pc, #36]	@ (10004c84 <stdio_usb_init+0xd0>)
10004c5e:	f7fc f889 	bl	10000d74 <critical_section_init_with_lock_num>
10004c62:	2200      	movs	r2, #0
10004c64:	2005      	movs	r0, #5
10004c66:	490b      	ldr	r1, [pc, #44]	@ (10004c94 <stdio_usb_init+0xe0>)
10004c68:	f7fb fe04 	bl	10000874 <irq_add_shared_handler>
10004c6c:	e7ec      	b.n	10004c48 <stdio_usb_init+0x94>
10004c6e:	f7fc f865 	bl	10000d3c <mutex_init>
10004c72:	e7b7      	b.n	10004be4 <stdio_usb_init+0x30>
10004c74:	10007fdc 	.word	0x10007fdc
10004c78:	20001e98 	.word	0x20001e98
10004c7c:	20001ebf 	.word	0x20001ebf
10004c80:	10004af1 	.word	0x10004af1
10004c84:	20001e74 	.word	0x20001e74
10004c88:	7fffffff 	.word	0x7fffffff
10004c8c:	100048bd 	.word	0x100048bd
10004c90:	20001048 	.word	0x20001048
10004c94:	100048ad 	.word	0x100048ad

10004c98 <tud_descriptor_device_cb>:
10004c98:	4800      	ldr	r0, [pc, #0]	@ (10004c9c <tud_descriptor_device_cb+0x4>)
10004c9a:	4770      	bx	lr
10004c9c:	10007d78 	.word	0x10007d78

10004ca0 <tud_descriptor_configuration_cb>:
10004ca0:	4800      	ldr	r0, [pc, #0]	@ (10004ca4 <tud_descriptor_configuration_cb+0x4>)
10004ca2:	4770      	bx	lr
10004ca4:	10007d24 	.word	0x10007d24

10004ca8 <tud_descriptor_string_cb>:
10004ca8:	b510      	push	{r4, lr}
10004caa:	0004      	movs	r4, r0
10004cac:	4816      	ldr	r0, [pc, #88]	@ (10004d08 <tud_descriptor_string_cb+0x60>)
10004cae:	7803      	ldrb	r3, [r0, #0]
10004cb0:	2b00      	cmp	r3, #0
10004cb2:	d020      	beq.n	10004cf6 <tud_descriptor_string_cb+0x4e>
10004cb4:	2c00      	cmp	r4, #0
10004cb6:	d106      	bne.n	10004cc6 <tud_descriptor_string_cb+0x1e>
10004cb8:	4b14      	ldr	r3, [pc, #80]	@ (10004d0c <tud_descriptor_string_cb+0x64>)
10004cba:	4815      	ldr	r0, [pc, #84]	@ (10004d10 <tud_descriptor_string_cb+0x68>)
10004cbc:	8043      	strh	r3, [r0, #2]
10004cbe:	3b06      	subs	r3, #6
10004cc0:	3bff      	subs	r3, #255	@ 0xff
10004cc2:	8003      	strh	r3, [r0, #0]
10004cc4:	bd10      	pop	{r4, pc}
10004cc6:	2c05      	cmp	r4, #5
10004cc8:	d81c      	bhi.n	10004d04 <tud_descriptor_string_cb+0x5c>
10004cca:	4b12      	ldr	r3, [pc, #72]	@ (10004d14 <tud_descriptor_string_cb+0x6c>)
10004ccc:	00a4      	lsls	r4, r4, #2
10004cce:	58e4      	ldr	r4, [r4, r3]
10004cd0:	480f      	ldr	r0, [pc, #60]	@ (10004d10 <tud_descriptor_string_cb+0x68>)
10004cd2:	2301      	movs	r3, #1
10004cd4:	1c81      	adds	r1, r0, #2
10004cd6:	3c01      	subs	r4, #1
10004cd8:	e004      	b.n	10004ce4 <tud_descriptor_string_cb+0x3c>
10004cda:	3301      	adds	r3, #1
10004cdc:	800a      	strh	r2, [r1, #0]
10004cde:	3102      	adds	r1, #2
10004ce0:	2b14      	cmp	r3, #20
10004ce2:	d00c      	beq.n	10004cfe <tud_descriptor_string_cb+0x56>
10004ce4:	5ce2      	ldrb	r2, [r4, r3]
10004ce6:	2a00      	cmp	r2, #0
10004ce8:	d1f7      	bne.n	10004cda <tud_descriptor_string_cb+0x32>
10004cea:	22c0      	movs	r2, #192	@ 0xc0
10004cec:	b2db      	uxtb	r3, r3
10004cee:	005b      	lsls	r3, r3, #1
10004cf0:	0092      	lsls	r2, r2, #2
10004cf2:	4313      	orrs	r3, r2
10004cf4:	e7e5      	b.n	10004cc2 <tud_descriptor_string_cb+0x1a>
10004cf6:	2111      	movs	r1, #17
10004cf8:	f000 f816 	bl	10004d28 <pico_get_unique_board_id_string>
10004cfc:	e7da      	b.n	10004cb4 <tud_descriptor_string_cb+0xc>
10004cfe:	23ca      	movs	r3, #202	@ 0xca
10004d00:	009b      	lsls	r3, r3, #2
10004d02:	e7de      	b.n	10004cc2 <tud_descriptor_string_cb+0x1a>
10004d04:	2000      	movs	r0, #0
10004d06:	e7dd      	b.n	10004cc4 <tud_descriptor_string_cb+0x1c>
10004d08:	20001ea8 	.word	0x20001ea8
10004d0c:	00000409 	.word	0x00000409
10004d10:	20001a30 	.word	0x20001a30
10004d14:	10007d0c 	.word	0x10007d0c

10004d18 <_retrieve_unique_id_on_boot>:
10004d18:	b510      	push	{r4, lr}
10004d1a:	4802      	ldr	r0, [pc, #8]	@ (10004d24 <_retrieve_unique_id_on_boot+0xc>)
10004d1c:	f000 f8f4 	bl	10004f08 <flash_get_unique_id>
10004d20:	bd10      	pop	{r4, pc}
10004d22:	46c0      	nop			@ (mov r8, r8)
10004d24:	20001e8c 	.word	0x20001e8c

10004d28 <pico_get_unique_board_id_string>:
10004d28:	b530      	push	{r4, r5, lr}
10004d2a:	2901      	cmp	r1, #1
10004d2c:	d100      	bne.n	10004d30 <pico_get_unique_board_id_string+0x8>
10004d2e:	e0bb      	b.n	10004ea8 <pico_get_unique_board_id_string+0x180>
10004d30:	4b74      	ldr	r3, [pc, #464]	@ (10004f04 <pico_get_unique_board_id_string+0x1dc>)
10004d32:	3901      	subs	r1, #1
10004d34:	781a      	ldrb	r2, [r3, #0]
10004d36:	1112      	asrs	r2, r2, #4
10004d38:	0014      	movs	r4, r2
10004d3a:	3430      	adds	r4, #48	@ 0x30
10004d3c:	2a09      	cmp	r2, #9
10004d3e:	dd00      	ble.n	10004d42 <pico_get_unique_board_id_string+0x1a>
10004d40:	e0b5      	b.n	10004eae <pico_get_unique_board_id_string+0x186>
10004d42:	7004      	strb	r4, [r0, #0]
10004d44:	2901      	cmp	r1, #1
10004d46:	d100      	bne.n	10004d4a <pico_get_unique_board_id_string+0x22>
10004d48:	e0da      	b.n	10004f00 <pico_get_unique_board_id_string+0x1d8>
10004d4a:	220f      	movs	r2, #15
10004d4c:	781c      	ldrb	r4, [r3, #0]
10004d4e:	4022      	ands	r2, r4
10004d50:	0014      	movs	r4, r2
10004d52:	3430      	adds	r4, #48	@ 0x30
10004d54:	2a09      	cmp	r2, #9
10004d56:	d900      	bls.n	10004d5a <pico_get_unique_board_id_string+0x32>
10004d58:	e0ac      	b.n	10004eb4 <pico_get_unique_board_id_string+0x18c>
10004d5a:	7044      	strb	r4, [r0, #1]
10004d5c:	2902      	cmp	r1, #2
10004d5e:	d100      	bne.n	10004d62 <pico_get_unique_board_id_string+0x3a>
10004d60:	e0ce      	b.n	10004f00 <pico_get_unique_board_id_string+0x1d8>
10004d62:	785a      	ldrb	r2, [r3, #1]
10004d64:	4694      	mov	ip, r2
10004d66:	1112      	asrs	r2, r2, #4
10004d68:	0014      	movs	r4, r2
10004d6a:	3430      	adds	r4, #48	@ 0x30
10004d6c:	2a09      	cmp	r2, #9
10004d6e:	dd00      	ble.n	10004d72 <pico_get_unique_board_id_string+0x4a>
10004d70:	e0a3      	b.n	10004eba <pico_get_unique_board_id_string+0x192>
10004d72:	7084      	strb	r4, [r0, #2]
10004d74:	2903      	cmp	r1, #3
10004d76:	d100      	bne.n	10004d7a <pico_get_unique_board_id_string+0x52>
10004d78:	e0c2      	b.n	10004f00 <pico_get_unique_board_id_string+0x1d8>
10004d7a:	4664      	mov	r4, ip
10004d7c:	220f      	movs	r2, #15
10004d7e:	4022      	ands	r2, r4
10004d80:	0014      	movs	r4, r2
10004d82:	3430      	adds	r4, #48	@ 0x30
10004d84:	2a09      	cmp	r2, #9
10004d86:	d900      	bls.n	10004d8a <pico_get_unique_board_id_string+0x62>
10004d88:	e09a      	b.n	10004ec0 <pico_get_unique_board_id_string+0x198>
10004d8a:	70c4      	strb	r4, [r0, #3]
10004d8c:	2904      	cmp	r1, #4
10004d8e:	d100      	bne.n	10004d92 <pico_get_unique_board_id_string+0x6a>
10004d90:	e0b6      	b.n	10004f00 <pico_get_unique_board_id_string+0x1d8>
10004d92:	789a      	ldrb	r2, [r3, #2]
10004d94:	4694      	mov	ip, r2
10004d96:	1112      	asrs	r2, r2, #4
10004d98:	0014      	movs	r4, r2
10004d9a:	3430      	adds	r4, #48	@ 0x30
10004d9c:	2a09      	cmp	r2, #9
10004d9e:	dd00      	ble.n	10004da2 <pico_get_unique_board_id_string+0x7a>
10004da0:	e091      	b.n	10004ec6 <pico_get_unique_board_id_string+0x19e>
10004da2:	7104      	strb	r4, [r0, #4]
10004da4:	2905      	cmp	r1, #5
10004da6:	d100      	bne.n	10004daa <pico_get_unique_board_id_string+0x82>
10004da8:	e0aa      	b.n	10004f00 <pico_get_unique_board_id_string+0x1d8>
10004daa:	4664      	mov	r4, ip
10004dac:	220f      	movs	r2, #15
10004dae:	4022      	ands	r2, r4
10004db0:	0014      	movs	r4, r2
10004db2:	3430      	adds	r4, #48	@ 0x30
10004db4:	2a09      	cmp	r2, #9
10004db6:	d900      	bls.n	10004dba <pico_get_unique_board_id_string+0x92>
10004db8:	e088      	b.n	10004ecc <pico_get_unique_board_id_string+0x1a4>
10004dba:	7144      	strb	r4, [r0, #5]
10004dbc:	2906      	cmp	r1, #6
10004dbe:	d100      	bne.n	10004dc2 <pico_get_unique_board_id_string+0x9a>
10004dc0:	e09e      	b.n	10004f00 <pico_get_unique_board_id_string+0x1d8>
10004dc2:	2530      	movs	r5, #48	@ 0x30
10004dc4:	46ac      	mov	ip, r5
10004dc6:	78dc      	ldrb	r4, [r3, #3]
10004dc8:	1122      	asrs	r2, r4, #4
10004dca:	4494      	add	ip, r2
10004dcc:	2a09      	cmp	r2, #9
10004dce:	dd00      	ble.n	10004dd2 <pico_get_unique_board_id_string+0xaa>
10004dd0:	e07f      	b.n	10004ed2 <pico_get_unique_board_id_string+0x1aa>
10004dd2:	4662      	mov	r2, ip
10004dd4:	7182      	strb	r2, [r0, #6]
10004dd6:	2907      	cmp	r1, #7
10004dd8:	d100      	bne.n	10004ddc <pico_get_unique_board_id_string+0xb4>
10004dda:	e091      	b.n	10004f00 <pico_get_unique_board_id_string+0x1d8>
10004ddc:	220f      	movs	r2, #15
10004dde:	4022      	ands	r2, r4
10004de0:	0014      	movs	r4, r2
10004de2:	3430      	adds	r4, #48	@ 0x30
10004de4:	2a09      	cmp	r2, #9
10004de6:	d900      	bls.n	10004dea <pico_get_unique_board_id_string+0xc2>
10004de8:	e077      	b.n	10004eda <pico_get_unique_board_id_string+0x1b2>
10004dea:	71c4      	strb	r4, [r0, #7]
10004dec:	2908      	cmp	r1, #8
10004dee:	d100      	bne.n	10004df2 <pico_get_unique_board_id_string+0xca>
10004df0:	e086      	b.n	10004f00 <pico_get_unique_board_id_string+0x1d8>
10004df2:	2530      	movs	r5, #48	@ 0x30
10004df4:	46ac      	mov	ip, r5
10004df6:	791c      	ldrb	r4, [r3, #4]
10004df8:	1122      	asrs	r2, r4, #4
10004dfa:	4494      	add	ip, r2
10004dfc:	2a09      	cmp	r2, #9
10004dfe:	dd00      	ble.n	10004e02 <pico_get_unique_board_id_string+0xda>
10004e00:	e06e      	b.n	10004ee0 <pico_get_unique_board_id_string+0x1b8>
10004e02:	4662      	mov	r2, ip
10004e04:	7202      	strb	r2, [r0, #8]
10004e06:	2909      	cmp	r1, #9
10004e08:	d100      	bne.n	10004e0c <pico_get_unique_board_id_string+0xe4>
10004e0a:	e079      	b.n	10004f00 <pico_get_unique_board_id_string+0x1d8>
10004e0c:	220f      	movs	r2, #15
10004e0e:	4022      	ands	r2, r4
10004e10:	0014      	movs	r4, r2
10004e12:	3430      	adds	r4, #48	@ 0x30
10004e14:	2a09      	cmp	r2, #9
10004e16:	d867      	bhi.n	10004ee8 <pico_get_unique_board_id_string+0x1c0>
10004e18:	7244      	strb	r4, [r0, #9]
10004e1a:	290a      	cmp	r1, #10
10004e1c:	d100      	bne.n	10004e20 <pico_get_unique_board_id_string+0xf8>
10004e1e:	e06f      	b.n	10004f00 <pico_get_unique_board_id_string+0x1d8>
10004e20:	2530      	movs	r5, #48	@ 0x30
10004e22:	46ac      	mov	ip, r5
10004e24:	795c      	ldrb	r4, [r3, #5]
10004e26:	1122      	asrs	r2, r4, #4
10004e28:	4494      	add	ip, r2
10004e2a:	2a09      	cmp	r2, #9
10004e2c:	dc5f      	bgt.n	10004eee <pico_get_unique_board_id_string+0x1c6>
10004e2e:	4662      	mov	r2, ip
10004e30:	7282      	strb	r2, [r0, #10]
10004e32:	290b      	cmp	r1, #11
10004e34:	d064      	beq.n	10004f00 <pico_get_unique_board_id_string+0x1d8>
10004e36:	220f      	movs	r2, #15
10004e38:	4022      	ands	r2, r4
10004e3a:	0014      	movs	r4, r2
10004e3c:	3430      	adds	r4, #48	@ 0x30
10004e3e:	2a09      	cmp	r2, #9
10004e40:	d859      	bhi.n	10004ef6 <pico_get_unique_board_id_string+0x1ce>
10004e42:	72c4      	strb	r4, [r0, #11]
10004e44:	290c      	cmp	r1, #12
10004e46:	d05b      	beq.n	10004f00 <pico_get_unique_board_id_string+0x1d8>
10004e48:	2530      	movs	r5, #48	@ 0x30
10004e4a:	46ac      	mov	ip, r5
10004e4c:	799c      	ldrb	r4, [r3, #6]
10004e4e:	1122      	asrs	r2, r4, #4
10004e50:	4494      	add	ip, r2
10004e52:	2a09      	cmp	r2, #9
10004e54:	dd02      	ble.n	10004e5c <pico_get_unique_board_id_string+0x134>
10004e56:	3507      	adds	r5, #7
10004e58:	46ac      	mov	ip, r5
10004e5a:	4494      	add	ip, r2
10004e5c:	4662      	mov	r2, ip
10004e5e:	7302      	strb	r2, [r0, #12]
10004e60:	290d      	cmp	r1, #13
10004e62:	d04d      	beq.n	10004f00 <pico_get_unique_board_id_string+0x1d8>
10004e64:	220f      	movs	r2, #15
10004e66:	4022      	ands	r2, r4
10004e68:	0014      	movs	r4, r2
10004e6a:	3430      	adds	r4, #48	@ 0x30
10004e6c:	2a09      	cmp	r2, #9
10004e6e:	d901      	bls.n	10004e74 <pico_get_unique_board_id_string+0x14c>
10004e70:	3237      	adds	r2, #55	@ 0x37
10004e72:	0014      	movs	r4, r2
10004e74:	7344      	strb	r4, [r0, #13]
10004e76:	290e      	cmp	r1, #14
10004e78:	d042      	beq.n	10004f00 <pico_get_unique_board_id_string+0x1d8>
10004e7a:	79da      	ldrb	r2, [r3, #7]
10004e7c:	1113      	asrs	r3, r2, #4
10004e7e:	001c      	movs	r4, r3
10004e80:	3430      	adds	r4, #48	@ 0x30
10004e82:	2b09      	cmp	r3, #9
10004e84:	dd01      	ble.n	10004e8a <pico_get_unique_board_id_string+0x162>
10004e86:	3337      	adds	r3, #55	@ 0x37
10004e88:	001c      	movs	r4, r3
10004e8a:	7384      	strb	r4, [r0, #14]
10004e8c:	290f      	cmp	r1, #15
10004e8e:	d037      	beq.n	10004f00 <pico_get_unique_board_id_string+0x1d8>
10004e90:	230f      	movs	r3, #15
10004e92:	4013      	ands	r3, r2
10004e94:	001a      	movs	r2, r3
10004e96:	3237      	adds	r2, #55	@ 0x37
10004e98:	2b09      	cmp	r3, #9
10004e9a:	d801      	bhi.n	10004ea0 <pico_get_unique_board_id_string+0x178>
10004e9c:	3330      	adds	r3, #48	@ 0x30
10004e9e:	001a      	movs	r2, r3
10004ea0:	73c2      	strb	r2, [r0, #15]
10004ea2:	2910      	cmp	r1, #16
10004ea4:	d02c      	beq.n	10004f00 <pico_get_unique_board_id_string+0x1d8>
10004ea6:	3010      	adds	r0, #16
10004ea8:	2300      	movs	r3, #0
10004eaa:	7003      	strb	r3, [r0, #0]
10004eac:	bd30      	pop	{r4, r5, pc}
10004eae:	3237      	adds	r2, #55	@ 0x37
10004eb0:	0014      	movs	r4, r2
10004eb2:	e746      	b.n	10004d42 <pico_get_unique_board_id_string+0x1a>
10004eb4:	3237      	adds	r2, #55	@ 0x37
10004eb6:	0014      	movs	r4, r2
10004eb8:	e74f      	b.n	10004d5a <pico_get_unique_board_id_string+0x32>
10004eba:	3237      	adds	r2, #55	@ 0x37
10004ebc:	0014      	movs	r4, r2
10004ebe:	e758      	b.n	10004d72 <pico_get_unique_board_id_string+0x4a>
10004ec0:	3237      	adds	r2, #55	@ 0x37
10004ec2:	0014      	movs	r4, r2
10004ec4:	e761      	b.n	10004d8a <pico_get_unique_board_id_string+0x62>
10004ec6:	3237      	adds	r2, #55	@ 0x37
10004ec8:	0014      	movs	r4, r2
10004eca:	e76a      	b.n	10004da2 <pico_get_unique_board_id_string+0x7a>
10004ecc:	3237      	adds	r2, #55	@ 0x37
10004ece:	0014      	movs	r4, r2
10004ed0:	e773      	b.n	10004dba <pico_get_unique_board_id_string+0x92>
10004ed2:	3507      	adds	r5, #7
10004ed4:	46ac      	mov	ip, r5
10004ed6:	4494      	add	ip, r2
10004ed8:	e77b      	b.n	10004dd2 <pico_get_unique_board_id_string+0xaa>
10004eda:	3237      	adds	r2, #55	@ 0x37
10004edc:	0014      	movs	r4, r2
10004ede:	e784      	b.n	10004dea <pico_get_unique_board_id_string+0xc2>
10004ee0:	3507      	adds	r5, #7
10004ee2:	46ac      	mov	ip, r5
10004ee4:	4494      	add	ip, r2
10004ee6:	e78c      	b.n	10004e02 <pico_get_unique_board_id_string+0xda>
10004ee8:	3237      	adds	r2, #55	@ 0x37
10004eea:	0014      	movs	r4, r2
10004eec:	e794      	b.n	10004e18 <pico_get_unique_board_id_string+0xf0>
10004eee:	3507      	adds	r5, #7
10004ef0:	46ac      	mov	ip, r5
10004ef2:	4494      	add	ip, r2
10004ef4:	e79b      	b.n	10004e2e <pico_get_unique_board_id_string+0x106>
10004ef6:	3237      	adds	r2, #55	@ 0x37
10004ef8:	0014      	movs	r4, r2
10004efa:	72c4      	strb	r4, [r0, #11]
10004efc:	290c      	cmp	r1, #12
10004efe:	d1a3      	bne.n	10004e48 <pico_get_unique_board_id_string+0x120>
10004f00:	1840      	adds	r0, r0, r1
10004f02:	e7d1      	b.n	10004ea8 <pico_get_unique_board_id_string+0x180>
10004f04:	20001e8c 	.word	0x20001e8c

10004f08 <flash_get_unique_id>:
10004f08:	b510      	push	{r4, lr}
10004f0a:	b088      	sub	sp, #32
10004f0c:	0004      	movs	r4, r0
10004f0e:	220d      	movs	r2, #13
10004f10:	2100      	movs	r1, #0
10004f12:	4668      	mov	r0, sp
10004f14:	f7fd fdf4 	bl	10002b00 <__wrap_memset>
10004f18:	220d      	movs	r2, #13
10004f1a:	2100      	movs	r1, #0
10004f1c:	a804      	add	r0, sp, #16
10004f1e:	f7fd fdef 	bl	10002b00 <__wrap_memset>
10004f22:	466a      	mov	r2, sp
10004f24:	234b      	movs	r3, #75	@ 0x4b
10004f26:	4668      	mov	r0, sp
10004f28:	7013      	strb	r3, [r2, #0]
10004f2a:	a904      	add	r1, sp, #16
10004f2c:	2300      	movs	r3, #0
10004f2e:	220d      	movs	r2, #13
10004f30:	f002 fae2 	bl	100074f8 <__flash_do_cmd_cs_veneer>
10004f34:	2115      	movs	r1, #21
10004f36:	2208      	movs	r2, #8
10004f38:	0020      	movs	r0, r4
10004f3a:	4469      	add	r1, sp
10004f3c:	f7fd fde6 	bl	10002b0c <__wrap___aeabi_memcpy>
10004f40:	b008      	add	sp, #32
10004f42:	bd10      	pop	{r4, pc}

10004f44 <usb_reset_interface_init>:
10004f44:	4770      	bx	lr
10004f46:	46c0      	nop			@ (mov r8, r8)

10004f48 <usb_reset_interface_reset>:
10004f48:	2200      	movs	r2, #0
10004f4a:	4b01      	ldr	r3, [pc, #4]	@ (10004f50 <usb_reset_interface_reset+0x8>)
10004f4c:	701a      	strb	r2, [r3, #0]
10004f4e:	4770      	bx	lr
10004f50:	20001ebe 	.word	0x20001ebe

10004f54 <usb_reset_interface_open>:
10004f54:	794b      	ldrb	r3, [r1, #5]
10004f56:	2000      	movs	r0, #0
10004f58:	2bff      	cmp	r3, #255	@ 0xff
10004f5a:	d10b      	bne.n	10004f74 <usb_reset_interface_open+0x20>
10004f5c:	798b      	ldrb	r3, [r1, #6]
10004f5e:	2b00      	cmp	r3, #0
10004f60:	d108      	bne.n	10004f74 <usb_reset_interface_open+0x20>
10004f62:	79cb      	ldrb	r3, [r1, #7]
10004f64:	2b01      	cmp	r3, #1
10004f66:	d105      	bne.n	10004f74 <usb_reset_interface_open+0x20>
10004f68:	2a08      	cmp	r2, #8
10004f6a:	d903      	bls.n	10004f74 <usb_reset_interface_open+0x20>
10004f6c:	4b02      	ldr	r3, [pc, #8]	@ (10004f78 <usb_reset_interface_open+0x24>)
10004f6e:	788a      	ldrb	r2, [r1, #2]
10004f70:	3009      	adds	r0, #9
10004f72:	701a      	strb	r2, [r3, #0]
10004f74:	4770      	bx	lr
10004f76:	46c0      	nop			@ (mov r8, r8)
10004f78:	20001ebe 	.word	0x20001ebe

10004f7c <usb_reset_interface_xfer_cb>:
10004f7c:	2001      	movs	r0, #1
10004f7e:	4770      	bx	lr

10004f80 <usb_reset_interface_control_xfer_cb>:
10004f80:	b510      	push	{r4, lr}
10004f82:	2901      	cmp	r1, #1
10004f84:	d113      	bne.n	10004fae <usb_reset_interface_control_xfer_cb+0x2e>
10004f86:	4915      	ldr	r1, [pc, #84]	@ (10004fdc <usb_reset_interface_control_xfer_cb+0x5c>)
10004f88:	7953      	ldrb	r3, [r2, #5]
10004f8a:	7910      	ldrb	r0, [r2, #4]
10004f8c:	7809      	ldrb	r1, [r1, #0]
10004f8e:	021b      	lsls	r3, r3, #8
10004f90:	4303      	orrs	r3, r0
10004f92:	2000      	movs	r0, #0
10004f94:	4299      	cmp	r1, r3
10004f96:	d000      	beq.n	10004f9a <usb_reset_interface_control_xfer_cb+0x1a>
10004f98:	bd10      	pop	{r4, pc}
10004f9a:	7853      	ldrb	r3, [r2, #1]
10004f9c:	2b01      	cmp	r3, #1
10004f9e:	d008      	beq.n	10004fb2 <usb_reset_interface_control_xfer_cb+0x32>
10004fa0:	2b02      	cmp	r3, #2
10004fa2:	d1f9      	bne.n	10004f98 <usb_reset_interface_control_xfer_cb+0x18>
10004fa4:	2264      	movs	r2, #100	@ 0x64
10004fa6:	2100      	movs	r1, #0
10004fa8:	2000      	movs	r0, #0
10004faa:	f7fc fd17 	bl	100019dc <watchdog_reboot>
10004fae:	2001      	movs	r0, #1
10004fb0:	e7f2      	b.n	10004f98 <usb_reset_interface_control_xfer_cb+0x18>
10004fb2:	78d1      	ldrb	r1, [r2, #3]
10004fb4:	7893      	ldrb	r3, [r2, #2]
10004fb6:	0209      	lsls	r1, r1, #8
10004fb8:	4319      	orrs	r1, r3
10004fba:	2380      	movs	r3, #128	@ 0x80
10004fbc:	000a      	movs	r2, r1
10004fbe:	005b      	lsls	r3, r3, #1
10004fc0:	401a      	ands	r2, r3
10004fc2:	4219      	tst	r1, r3
10004fc4:	d006      	beq.n	10004fd4 <usb_reset_interface_control_xfer_cb+0x54>
10004fc6:	060a      	lsls	r2, r1, #24
10004fc8:	0fd2      	lsrs	r2, r2, #31
10004fca:	0a48      	lsrs	r0, r1, #9
10004fcc:	2303      	movs	r3, #3
10004fce:	4019      	ands	r1, r3
10004fd0:	f7fc fd8c 	bl	10001aec <rom_reset_usb_boot_extra>
10004fd4:	2001      	movs	r0, #1
10004fd6:	4240      	negs	r0, r0
10004fd8:	e7f8      	b.n	10004fcc <usb_reset_interface_control_xfer_cb+0x4c>
10004fda:	46c0      	nop			@ (mov r8, r8)
10004fdc:	20001ebe 	.word	0x20001ebe

10004fe0 <tud_descriptor_bos_cb>:
10004fe0:	4800      	ldr	r0, [pc, #0]	@ (10004fe4 <tud_descriptor_bos_cb+0x4>)
10004fe2:	4770      	bx	lr
10004fe4:	10007e34 	.word	0x10007e34

10004fe8 <tud_vendor_control_xfer_cb>:
10004fe8:	4694      	mov	ip, r2
10004fea:	2301      	movs	r3, #1
10004fec:	b510      	push	{r4, lr}
10004fee:	2901      	cmp	r1, #1
10004ff0:	d10a      	bne.n	10005008 <tud_vendor_control_xfer_cb+0x20>
10004ff2:	7852      	ldrb	r2, [r2, #1]
10004ff4:	2300      	movs	r3, #0
10004ff6:	2a01      	cmp	r2, #1
10004ff8:	d106      	bne.n	10005008 <tud_vendor_control_xfer_cb+0x20>
10004ffa:	4662      	mov	r2, ip
10004ffc:	7911      	ldrb	r1, [r2, #4]
10004ffe:	7952      	ldrb	r2, [r2, #5]
10005000:	0212      	lsls	r2, r2, #8
10005002:	430a      	orrs	r2, r1
10005004:	2a07      	cmp	r2, #7
10005006:	d001      	beq.n	1000500c <tud_vendor_control_xfer_cb+0x24>
10005008:	0018      	movs	r0, r3
1000500a:	bd10      	pop	{r4, pc}
1000500c:	33a6      	adds	r3, #166	@ 0xa6
1000500e:	4661      	mov	r1, ip
10005010:	4a02      	ldr	r2, [pc, #8]	@ (1000501c <tud_vendor_control_xfer_cb+0x34>)
10005012:	f000 feeb 	bl	10005dec <tud_control_xfer>
10005016:	0003      	movs	r3, r0
10005018:	e7f6      	b.n	10005008 <tud_vendor_control_xfer_cb+0x20>
1000501a:	46c0      	nop			@ (mov r8, r8)
1000501c:	10007d8c 	.word	0x10007d8c

10005020 <usbd_app_driver_get_cb>:
10005020:	2301      	movs	r3, #1
10005022:	7003      	strb	r3, [r0, #0]
10005024:	4800      	ldr	r0, [pc, #0]	@ (10005028 <usbd_app_driver_get_cb+0x8>)
10005026:	4770      	bx	lr
10005028:	10007e58 	.word	0x10007e58

1000502c <tud_cdc_line_coding_cb>:
1000502c:	784b      	ldrb	r3, [r1, #1]
1000502e:	780a      	ldrb	r2, [r1, #0]
10005030:	021b      	lsls	r3, r3, #8
10005032:	4313      	orrs	r3, r2
10005034:	788a      	ldrb	r2, [r1, #2]
10005036:	b510      	push	{r4, lr}
10005038:	0412      	lsls	r2, r2, #16
1000503a:	431a      	orrs	r2, r3
1000503c:	78cb      	ldrb	r3, [r1, #3]
1000503e:	061b      	lsls	r3, r3, #24
10005040:	4313      	orrs	r3, r2
10005042:	2296      	movs	r2, #150	@ 0x96
10005044:	00d2      	lsls	r2, r2, #3
10005046:	4293      	cmp	r3, r2
10005048:	d000      	beq.n	1000504c <tud_cdc_line_coding_cb+0x20>
1000504a:	bd10      	pop	{r4, pc}
1000504c:	2200      	movs	r2, #0
1000504e:	2001      	movs	r0, #1
10005050:	0011      	movs	r1, r2
10005052:	4240      	negs	r0, r0
10005054:	f7fc fd4a 	bl	10001aec <rom_reset_usb_boot_extra>

10005058 <dcd_init>:
10005058:	b5f8      	push	{r3, r4, r5, r6, r7, lr}
1000505a:	f000 f93b 	bl	100052d4 <rp2040_usb_init>
1000505e:	230c      	movs	r3, #12
10005060:	4d19      	ldr	r5, [pc, #100]	@ (100050c8 <dcd_init+0x70>)
10005062:	22ff      	movs	r2, #255	@ 0xff
10005064:	67ab      	str	r3, [r5, #120]	@ 0x78
10005066:	2005      	movs	r0, #5
10005068:	4918      	ldr	r1, [pc, #96]	@ (100050cc <dcd_init+0x74>)
1000506a:	f7fb fc03 	bl	10000874 <irq_add_shared_handler>
1000506e:	4c18      	ldr	r4, [pc, #96]	@ (100050d0 <dcd_init+0x78>)
10005070:	2240      	movs	r2, #64	@ 0x40
10005072:	2100      	movs	r1, #0
10005074:	0020      	movs	r0, r4
10005076:	f7fd fd43 	bl	10002b00 <__wrap_memset>
1000507a:	2740      	movs	r7, #64	@ 0x40
1000507c:	2300      	movs	r3, #0
1000507e:	2601      	movs	r6, #1
10005080:	2121      	movs	r1, #33	@ 0x21
10005082:	4a14      	ldr	r2, [pc, #80]	@ (100050d4 <dcd_init+0x7c>)
10005084:	7066      	strb	r6, [r4, #1]
10005086:	8327      	strh	r7, [r4, #24]
10005088:	60a2      	str	r2, [r4, #8]
1000508a:	6013      	str	r3, [r2, #0]
1000508c:	5463      	strb	r3, [r4, r1]
1000508e:	315f      	adds	r1, #95	@ 0x5f
10005090:	8461      	strh	r1, [r4, #34]	@ 0x22
10005092:	3945      	subs	r1, #69	@ 0x45
10005094:	5463      	strb	r3, [r4, r1]
10005096:	4a10      	ldr	r2, [pc, #64]	@ (100050d8 <dcd_init+0x80>)
10005098:	4910      	ldr	r1, [pc, #64]	@ (100050dc <dcd_init+0x84>)
1000509a:	6063      	str	r3, [r4, #4]
1000509c:	60e2      	str	r2, [r4, #12]
1000509e:	8727      	strh	r7, [r4, #56]	@ 0x38
100050a0:	62a1      	str	r1, [r4, #40]	@ 0x28
100050a2:	600b      	str	r3, [r1, #0]
100050a4:	6263      	str	r3, [r4, #36]	@ 0x24
100050a6:	62e2      	str	r2, [r4, #44]	@ 0x2c
100050a8:	f002 fa56 	bl	10007558 <__reset_non_control_endpoints_veneer>
100050ac:	2380      	movs	r3, #128	@ 0x80
100050ae:	059b      	lsls	r3, r3, #22
100050b0:	642e      	str	r6, [r5, #64]	@ 0x40
100050b2:	64eb      	str	r3, [r5, #76]	@ 0x4c
100050b4:	2390      	movs	r3, #144	@ 0x90
100050b6:	4a0a      	ldr	r2, [pc, #40]	@ (100050e0 <dcd_init+0x88>)
100050b8:	2001      	movs	r0, #1
100050ba:	50ea      	str	r2, [r5, r3]
100050bc:	2280      	movs	r2, #128	@ 0x80
100050be:	4b09      	ldr	r3, [pc, #36]	@ (100050e4 <dcd_init+0x8c>)
100050c0:	0252      	lsls	r2, r2, #9
100050c2:	64da      	str	r2, [r3, #76]	@ 0x4c
100050c4:	bdf8      	pop	{r3, r4, r5, r6, r7, pc}
100050c6:	46c0      	nop			@ (mov r8, r8)
100050c8:	50110000 	.word	0x50110000
100050cc:	20000511 	.word	0x20000511
100050d0:	20001a64 	.word	0x20001a64
100050d4:	50100084 	.word	0x50100084
100050d8:	50100100 	.word	0x50100100
100050dc:	50100080 	.word	0x50100080
100050e0:	0001d010 	.word	0x0001d010
100050e4:	50112000 	.word	0x50112000

100050e8 <dcd_int_enable>:
100050e8:	b510      	push	{r4, lr}
100050ea:	2101      	movs	r1, #1
100050ec:	2005      	movs	r0, #5
100050ee:	f7fb fb5f 	bl	100007b0 <irq_set_enabled>
100050f2:	bd10      	pop	{r4, pc}

100050f4 <dcd_set_address>:
100050f4:	b510      	push	{r4, lr}
100050f6:	2200      	movs	r2, #0
100050f8:	2100      	movs	r1, #0
100050fa:	4802      	ldr	r0, [pc, #8]	@ (10005104 <dcd_set_address+0x10>)
100050fc:	f000 f90a 	bl	10005314 <hw_endpoint_xfer_start>
10005100:	bd10      	pop	{r4, pc}
10005102:	46c0      	nop			@ (mov r8, r8)
10005104:	20001a84 	.word	0x20001a84

10005108 <dcd_sof_enable>:
10005108:	4b04      	ldr	r3, [pc, #16]	@ (1000511c <dcd_sof_enable+0x14>)
1000510a:	7019      	strb	r1, [r3, #0]
1000510c:	2900      	cmp	r1, #0
1000510e:	d004      	beq.n	1000511a <dcd_sof_enable+0x12>
10005110:	2180      	movs	r1, #128	@ 0x80
10005112:	2390      	movs	r3, #144	@ 0x90
10005114:	4a02      	ldr	r2, [pc, #8]	@ (10005120 <dcd_sof_enable+0x18>)
10005116:	0289      	lsls	r1, r1, #10
10005118:	50d1      	str	r1, [r2, r3]
1000511a:	4770      	bx	lr
1000511c:	20001eba 	.word	0x20001eba
10005120:	50112000 	.word	0x50112000

10005124 <dcd_edpt0_status_complete>:
10005124:	780b      	ldrb	r3, [r1, #0]
10005126:	065b      	lsls	r3, r3, #25
10005128:	d000      	beq.n	1000512c <dcd_edpt0_status_complete+0x8>
1000512a:	4770      	bx	lr
1000512c:	784b      	ldrb	r3, [r1, #1]
1000512e:	2b05      	cmp	r3, #5
10005130:	d1fb      	bne.n	1000512a <dcd_edpt0_status_complete+0x6>
10005132:	788a      	ldrb	r2, [r1, #2]
10005134:	4b01      	ldr	r3, [pc, #4]	@ (1000513c <dcd_edpt0_status_complete+0x18>)
10005136:	601a      	str	r2, [r3, #0]
10005138:	e7f7      	b.n	1000512a <dcd_edpt0_status_complete+0x6>
1000513a:	46c0      	nop			@ (mov r8, r8)
1000513c:	50110000 	.word	0x50110000

10005140 <dcd_edpt_open>:
10005140:	b5f8      	push	{r3, r4, r5, r6, r7, lr}
10005142:	46ce      	mov	lr, r9
10005144:	4647      	mov	r7, r8
10005146:	78cb      	ldrb	r3, [r1, #3]
10005148:	b580      	push	{r7, lr}
1000514a:	079b      	lsls	r3, r3, #30
1000514c:	0f9a      	lsrs	r2, r3, #30
1000514e:	0010      	movs	r0, r2
10005150:	2a01      	cmp	r2, #1
10005152:	d058      	beq.n	10005206 <dcd_edpt_open+0xc6>
10005154:	788c      	ldrb	r4, [r1, #2]
10005156:	790a      	ldrb	r2, [r1, #4]
10005158:	794b      	ldrb	r3, [r1, #5]
1000515a:	217f      	movs	r1, #127	@ 0x7f
1000515c:	021b      	lsls	r3, r3, #8
1000515e:	4021      	ands	r1, r4
10005160:	09e5      	lsrs	r5, r4, #7
10005162:	4313      	orrs	r3, r2
10005164:	004a      	lsls	r2, r1, #1
10005166:	4691      	mov	r9, r2
10005168:	4e2c      	ldr	r6, [pc, #176]	@ (1000521c <dcd_edpt_open+0xdc>)
1000516a:	1952      	adds	r2, r2, r5
1000516c:	0152      	lsls	r2, r2, #5
1000516e:	18b2      	adds	r2, r6, r2
10005170:	7094      	strb	r4, [r2, #2]
10005172:	2401      	movs	r4, #1
10005174:	406c      	eors	r4, r5
10005176:	7054      	strb	r4, [r2, #1]
10005178:	2400      	movs	r4, #0
1000517a:	055b      	lsls	r3, r3, #21
1000517c:	0d5b      	lsrs	r3, r3, #21
1000517e:	70d4      	strb	r4, [r2, #3]
10005180:	8313      	strh	r3, [r2, #24]
10005182:	76d0      	strb	r0, [r2, #27]
10005184:	00ca      	lsls	r2, r1, #3
10005186:	2d01      	cmp	r5, #1
10005188:	d02c      	beq.n	100051e4 <dcd_edpt_open+0xa4>
1000518a:	4f25      	ldr	r7, [pc, #148]	@ (10005220 <dcd_edpt_open+0xe0>)
1000518c:	19d2      	adds	r2, r2, r7
1000518e:	018f      	lsls	r7, r1, #6
10005190:	46bc      	mov	ip, r7
10005192:	44b4      	add	ip, r6
10005194:	4667      	mov	r7, ip
10005196:	60ba      	str	r2, [r7, #8]
10005198:	6014      	str	r4, [r2, #0]
1000519a:	2900      	cmp	r1, #0
1000519c:	d02c      	beq.n	100051f8 <dcd_edpt_open+0xb8>
1000519e:	4a21      	ldr	r2, [pc, #132]	@ (10005224 <dcd_edpt_open+0xe4>)
100051a0:	00c9      	lsls	r1, r1, #3
100051a2:	1889      	adds	r1, r1, r2
100051a4:	6079      	str	r1, [r7, #4]
100051a6:	333f      	adds	r3, #63	@ 0x3f
100051a8:	099b      	lsrs	r3, r3, #6
100051aa:	2802      	cmp	r0, #2
100051ac:	d032      	beq.n	10005214 <dcd_edpt_open+0xd4>
100051ae:	019a      	lsls	r2, r3, #6
100051b0:	464b      	mov	r3, r9
100051b2:	4c1d      	ldr	r4, [pc, #116]	@ (10005228 <dcd_edpt_open+0xe8>)
100051b4:	195b      	adds	r3, r3, r5
100051b6:	6821      	ldr	r1, [r4, #0]
100051b8:	015b      	lsls	r3, r3, #5
100051ba:	18f6      	adds	r6, r6, r3
100051bc:	4b1b      	ldr	r3, [pc, #108]	@ (1000522c <dcd_edpt_open+0xec>)
100051be:	188a      	adds	r2, r1, r2
100051c0:	60f1      	str	r1, [r6, #12]
100051c2:	6022      	str	r2, [r4, #0]
100051c4:	429a      	cmp	r2, r3
100051c6:	d827      	bhi.n	10005218 <dcd_edpt_open+0xd8>
100051c8:	4a19      	ldr	r2, [pc, #100]	@ (10005230 <dcd_edpt_open+0xf0>)
100051ca:	0683      	lsls	r3, r0, #26
100051cc:	404a      	eors	r2, r1
100051ce:	4313      	orrs	r3, r2
100051d0:	2280      	movs	r2, #128	@ 0x80
100051d2:	0612      	lsls	r2, r2, #24
100051d4:	4313      	orrs	r3, r2
100051d6:	6872      	ldr	r2, [r6, #4]
100051d8:	6013      	str	r3, [r2, #0]
100051da:	2001      	movs	r0, #1
100051dc:	bcc0      	pop	{r6, r7}
100051de:	46b9      	mov	r9, r7
100051e0:	46b0      	mov	r8, r6
100051e2:	bdf8      	pop	{r3, r4, r5, r6, r7, pc}
100051e4:	4f13      	ldr	r7, [pc, #76]	@ (10005234 <dcd_edpt_open+0xf4>)
100051e6:	19d2      	adds	r2, r2, r7
100051e8:	018f      	lsls	r7, r1, #6
100051ea:	46bc      	mov	ip, r7
100051ec:	44b4      	add	ip, r6
100051ee:	4667      	mov	r7, ip
100051f0:	62ba      	str	r2, [r7, #40]	@ 0x28
100051f2:	6014      	str	r4, [r2, #0]
100051f4:	2900      	cmp	r1, #0
100051f6:	d108      	bne.n	1000520a <dcd_edpt_open+0xca>
100051f8:	2300      	movs	r3, #0
100051fa:	016d      	lsls	r5, r5, #5
100051fc:	1975      	adds	r5, r6, r5
100051fe:	606b      	str	r3, [r5, #4]
10005200:	4b0d      	ldr	r3, [pc, #52]	@ (10005238 <dcd_edpt_open+0xf8>)
10005202:	60eb      	str	r3, [r5, #12]
10005204:	e7e9      	b.n	100051da <dcd_edpt_open+0x9a>
10005206:	2000      	movs	r0, #0
10005208:	e7e8      	b.n	100051dc <dcd_edpt_open+0x9c>
1000520a:	4a09      	ldr	r2, [pc, #36]	@ (10005230 <dcd_edpt_open+0xf0>)
1000520c:	00c9      	lsls	r1, r1, #3
1000520e:	1889      	adds	r1, r1, r2
10005210:	6279      	str	r1, [r7, #36]	@ 0x24
10005212:	e7c8      	b.n	100051a6 <dcd_edpt_open+0x66>
10005214:	01da      	lsls	r2, r3, #7
10005216:	e7cb      	b.n	100051b0 <dcd_edpt_open+0x70>
10005218:	f7fc fc90 	bl	10001b3c <hard_assertion_failure>
1000521c:	20001a64 	.word	0x20001a64
10005220:	50100084 	.word	0x50100084
10005224:	50100004 	.word	0x50100004
10005228:	20001e70 	.word	0x20001e70
1000522c:	50100fff 	.word	0x50100fff
10005230:	50100000 	.word	0x50100000
10005234:	50100080 	.word	0x50100080
10005238:	50100100 	.word	0x50100100

1000523c <dcd_edpt_close_all>:
1000523c:	b510      	push	{r4, lr}
1000523e:	f002 f98b 	bl	10007558 <__reset_non_control_endpoints_veneer>
10005242:	bd10      	pop	{r4, pc}

10005244 <dcd_edpt_xfer>:
10005244:	207f      	movs	r0, #127	@ 0x7f
10005246:	b510      	push	{r4, lr}
10005248:	4008      	ands	r0, r1
1000524a:	0040      	lsls	r0, r0, #1
1000524c:	09c9      	lsrs	r1, r1, #7
1000524e:	1840      	adds	r0, r0, r1
10005250:	0011      	movs	r1, r2
10005252:	4a04      	ldr	r2, [pc, #16]	@ (10005264 <dcd_edpt_xfer+0x20>)
10005254:	0140      	lsls	r0, r0, #5
10005256:	1880      	adds	r0, r0, r2
10005258:	001a      	movs	r2, r3
1000525a:	f000 f85b 	bl	10005314 <hw_endpoint_xfer_start>
1000525e:	2001      	movs	r0, #1
10005260:	bd10      	pop	{r4, pc}
10005262:	46c0      	nop			@ (mov r8, r8)
10005264:	20001a64 	.word	0x20001a64

10005268 <dcd_edpt_stall>:
10005268:	237f      	movs	r3, #127	@ 0x7f
1000526a:	0018      	movs	r0, r3
1000526c:	b500      	push	{lr}
1000526e:	4008      	ands	r0, r1
10005270:	b083      	sub	sp, #12
10005272:	420b      	tst	r3, r1
10005274:	d104      	bne.n	10005280 <dcd_edpt_stall+0x18>
10005276:	424b      	negs	r3, r1
10005278:	414b      	adcs	r3, r1
1000527a:	4a08      	ldr	r2, [pc, #32]	@ (1000529c <dcd_edpt_stall+0x34>)
1000527c:	3301      	adds	r3, #1
1000527e:	6693      	str	r3, [r2, #104]	@ 0x68
10005280:	2280      	movs	r2, #128	@ 0x80
10005282:	09c9      	lsrs	r1, r1, #7
10005284:	0040      	lsls	r0, r0, #1
10005286:	4b06      	ldr	r3, [pc, #24]	@ (100052a0 <dcd_edpt_stall+0x38>)
10005288:	1840      	adds	r0, r0, r1
1000528a:	0140      	lsls	r0, r0, #5
1000528c:	2100      	movs	r1, #0
1000528e:	18c0      	adds	r0, r0, r3
10005290:	0112      	lsls	r2, r2, #4
10005292:	f002 f979 	bl	10007588 <___hw_endpoint_buffer_control_update32_veneer>
10005296:	b003      	add	sp, #12
10005298:	bd00      	pop	{pc}
1000529a:	46c0      	nop			@ (mov r8, r8)
1000529c:	50112000 	.word	0x50112000
100052a0:	20001a64 	.word	0x20001a64

100052a4 <dcd_edpt_clear_stall>:
100052a4:	227f      	movs	r2, #127	@ 0x7f
100052a6:	0013      	movs	r3, r2
100052a8:	b510      	push	{r4, lr}
100052aa:	400b      	ands	r3, r1
100052ac:	420a      	tst	r2, r1
100052ae:	d100      	bne.n	100052b2 <dcd_edpt_clear_stall+0xe>
100052b0:	bd10      	pop	{r4, pc}
100052b2:	09c9      	lsrs	r1, r1, #7
100052b4:	005b      	lsls	r3, r3, #1
100052b6:	185b      	adds	r3, r3, r1
100052b8:	4804      	ldr	r0, [pc, #16]	@ (100052cc <dcd_edpt_clear_stall+0x28>)
100052ba:	015b      	lsls	r3, r3, #5
100052bc:	18c0      	adds	r0, r0, r3
100052be:	2300      	movs	r3, #0
100052c0:	2200      	movs	r2, #0
100052c2:	4903      	ldr	r1, [pc, #12]	@ (100052d0 <dcd_edpt_clear_stall+0x2c>)
100052c4:	70c3      	strb	r3, [r0, #3]
100052c6:	f002 f95f 	bl	10007588 <___hw_endpoint_buffer_control_update32_veneer>
100052ca:	e7f1      	b.n	100052b0 <dcd_edpt_clear_stall+0xc>
100052cc:	20001a64 	.word	0x20001a64
100052d0:	fffff7ff 	.word	0xfffff7ff

100052d4 <rp2040_usb_init>:
100052d4:	2280      	movs	r2, #128	@ 0x80
100052d6:	4b0a      	ldr	r3, [pc, #40]	@ (10005300 <rp2040_usb_init+0x2c>)
100052d8:	0452      	lsls	r2, r2, #17
100052da:	b510      	push	{r4, lr}
100052dc:	601a      	str	r2, [r3, #0]
100052de:	4b09      	ldr	r3, [pc, #36]	@ (10005304 <rp2040_usb_init+0x30>)
100052e0:	4909      	ldr	r1, [pc, #36]	@ (10005308 <rp2040_usb_init+0x34>)
100052e2:	601a      	str	r2, [r3, #0]
100052e4:	0010      	movs	r0, r2
100052e6:	680b      	ldr	r3, [r1, #0]
100052e8:	4398      	bics	r0, r3
100052ea:	d1fb      	bne.n	100052e4 <rp2040_usb_init+0x10>
100052ec:	2280      	movs	r2, #128	@ 0x80
100052ee:	2100      	movs	r1, #0
100052f0:	0152      	lsls	r2, r2, #5
100052f2:	4806      	ldr	r0, [pc, #24]	@ (1000530c <rp2040_usb_init+0x38>)
100052f4:	f7fd fc04 	bl	10002b00 <__wrap_memset>
100052f8:	2209      	movs	r2, #9
100052fa:	4b05      	ldr	r3, [pc, #20]	@ (10005310 <rp2040_usb_init+0x3c>)
100052fc:	675a      	str	r2, [r3, #116]	@ 0x74
100052fe:	bd10      	pop	{r4, pc}
10005300:	4000e000 	.word	0x4000e000
10005304:	4000f000 	.word	0x4000f000
10005308:	4000c008 	.word	0x4000c008
1000530c:	50100000 	.word	0x50100000
10005310:	50110000 	.word	0x50110000

10005314 <hw_endpoint_xfer_start>:
10005314:	2300      	movs	r3, #0
10005316:	b510      	push	{r4, lr}
10005318:	82c3      	strh	r3, [r0, #22]
1000531a:	3301      	adds	r3, #1
1000531c:	8282      	strh	r2, [r0, #20]
1000531e:	7683      	strb	r3, [r0, #26]
10005320:	6101      	str	r1, [r0, #16]
10005322:	0004      	movs	r4, r0
10005324:	f002 f8f0 	bl	10007508 <__e15_is_bulkin_ep_veneer>
10005328:	2800      	cmp	r0, #0
1000532a:	d004      	beq.n	10005336 <hw_endpoint_xfer_start+0x22>
1000532c:	2180      	movs	r1, #128	@ 0x80
1000532e:	2390      	movs	r3, #144	@ 0x90
10005330:	4a07      	ldr	r2, [pc, #28]	@ (10005350 <hw_endpoint_xfer_start+0x3c>)
10005332:	0289      	lsls	r1, r1, #10
10005334:	50d1      	str	r1, [r2, r3]
10005336:	0020      	movs	r0, r4
10005338:	f002 f906 	bl	10007548 <__e15_is_critical_frame_period_veneer>
1000533c:	2800      	cmp	r0, #0
1000533e:	d002      	beq.n	10005346 <hw_endpoint_xfer_start+0x32>
10005340:	2301      	movs	r3, #1
10005342:	7723      	strb	r3, [r4, #28]
10005344:	bd10      	pop	{r4, pc}
10005346:	0020      	movs	r0, r4
10005348:	f002 f8ee 	bl	10007528 <__hw_endpoint_start_next_buffer_veneer>
1000534c:	e7fa      	b.n	10005344 <hw_endpoint_xfer_start+0x30>
1000534e:	46c0      	nop			@ (mov r8, r8)
10005350:	50112000 	.word	0x50112000

10005354 <tud_event_hook_cb>:
10005354:	4770      	bx	lr
10005356:	46c0      	nop			@ (mov r8, r8)

10005358 <tud_sof_cb>:
10005358:	4770      	bx	lr
1000535a:	46c0      	nop			@ (mov r8, r8)

1000535c <tud_descriptor_device_qualifier_cb>:
1000535c:	2000      	movs	r0, #0
1000535e:	4770      	bx	lr

10005360 <tud_descriptor_other_speed_configuration_cb>:
10005360:	2000      	movs	r0, #0
10005362:	4770      	bx	lr

10005364 <tud_mount_cb>:
10005364:	4770      	bx	lr
10005366:	46c0      	nop			@ (mov r8, r8)

10005368 <tud_umount_cb>:
10005368:	4770      	bx	lr
1000536a:	46c0      	nop			@ (mov r8, r8)

1000536c <tud_suspend_cb>:
1000536c:	4770      	bx	lr
1000536e:	46c0      	nop			@ (mov r8, r8)

10005370 <tud_resume_cb>:
10005370:	4770      	bx	lr
10005372:	46c0      	nop			@ (mov r8, r8)

10005374 <tud_mounted>:
10005374:	4b02      	ldr	r3, [pc, #8]	@ (10005380 <tud_mounted+0xc>)
10005376:	7858      	ldrb	r0, [r3, #1]
10005378:	1e43      	subs	r3, r0, #1
1000537a:	4198      	sbcs	r0, r3
1000537c:	b2c0      	uxtb	r0, r0
1000537e:	4770      	bx	lr
10005380:	200015d0 	.word	0x200015d0

10005384 <tud_suspended>:
10005384:	4b02      	ldr	r3, [pc, #8]	@ (10005390 <tud_suspended+0xc>)
10005386:	7818      	ldrb	r0, [r3, #0]
10005388:	0740      	lsls	r0, r0, #29
1000538a:	0fc0      	lsrs	r0, r0, #31
1000538c:	4770      	bx	lr
1000538e:	46c0      	nop			@ (mov r8, r8)
10005390:	200015d0 	.word	0x200015d0

10005394 <tud_rhport_init>:
10005394:	b5f0      	push	{r4, r5, r6, r7, lr}
10005396:	46d6      	mov	lr, sl
10005398:	464f      	mov	r7, r9
1000539a:	4646      	mov	r6, r8
1000539c:	b5c0      	push	{r6, r7, lr}
1000539e:	4b2c      	ldr	r3, [pc, #176]	@ (10005450 <tud_rhport_init+0xbc>)
100053a0:	4681      	mov	r9, r0
100053a2:	4698      	mov	r8, r3
100053a4:	781b      	ldrb	r3, [r3, #0]
100053a6:	468a      	mov	sl, r1
100053a8:	2bff      	cmp	r3, #255	@ 0xff
100053aa:	d14b      	bne.n	10005444 <tud_rhport_init+0xb0>
100053ac:	2900      	cmp	r1, #0
100053ae:	d03b      	beq.n	10005428 <tud_rhport_init+0x94>
100053b0:	2100      	movs	r1, #0
100053b2:	2254      	movs	r2, #84	@ 0x54
100053b4:	4827      	ldr	r0, [pc, #156]	@ (10005454 <tud_rhport_init+0xc0>)
100053b6:	f7fd fba3 	bl	10002b00 <__wrap_memset>
100053ba:	2200      	movs	r2, #0
100053bc:	4c26      	ldr	r4, [pc, #152]	@ (10005458 <tud_rhport_init+0xc4>)
100053be:	4b27      	ldr	r3, [pc, #156]	@ (1000545c <tud_rhport_init+0xc8>)
100053c0:	0020      	movs	r0, r4
100053c2:	701a      	strb	r2, [r3, #0]
100053c4:	f7fb fcba 	bl	10000d3c <mutex_init>
100053c8:	4b25      	ldr	r3, [pc, #148]	@ (10005460 <tud_rhport_init+0xcc>)
100053ca:	601c      	str	r4, [r3, #0]
100053cc:	4c25      	ldr	r4, [pc, #148]	@ (10005464 <tud_rhport_init+0xd0>)
100053ce:	0020      	movs	r0, r4
100053d0:	3c14      	subs	r4, #20
100053d2:	f7fb fcc1 	bl	10000d58 <critical_section_init>
100053d6:	0020      	movs	r0, r4
100053d8:	f001 fb98 	bl	10006b0c <tu_fifo_clear>
100053dc:	4b22      	ldr	r3, [pc, #136]	@ (10005468 <tud_rhport_init+0xd4>)
100053de:	4d23      	ldr	r5, [pc, #140]	@ (1000546c <tud_rhport_init+0xd8>)
100053e0:	601c      	str	r4, [r3, #0]
100053e2:	4b23      	ldr	r3, [pc, #140]	@ (10005470 <tud_rhport_init+0xdc>)
100053e4:	2b00      	cmp	r3, #0
100053e6:	d004      	beq.n	100053f2 <tud_rhport_init+0x5e>
100053e8:	0028      	movs	r0, r5
100053ea:	f7ff fe19 	bl	10005020 <usbd_app_driver_get_cb>
100053ee:	4b21      	ldr	r3, [pc, #132]	@ (10005474 <tud_rhport_init+0xe0>)
100053f0:	6018      	str	r0, [r3, #0]
100053f2:	2400      	movs	r4, #0
100053f4:	782b      	ldrb	r3, [r5, #0]
100053f6:	4f20      	ldr	r7, [pc, #128]	@ (10005478 <tud_rhport_init+0xe4>)
100053f8:	4e1e      	ldr	r6, [pc, #120]	@ (10005474 <tud_rhport_init+0xe0>)
100053fa:	e00d      	b.n	10005418 <tud_rhport_init+0x84>
100053fc:	6833      	ldr	r3, [r6, #0]
100053fe:	0162      	lsls	r2, r4, #5
10005400:	189b      	adds	r3, r3, r2
10005402:	2b00      	cmp	r3, #0
10005404:	d010      	beq.n	10005428 <tud_rhport_init+0x94>
10005406:	685b      	ldr	r3, [r3, #4]
10005408:	2b00      	cmp	r3, #0
1000540a:	d00d      	beq.n	10005428 <tud_rhport_init+0x94>
1000540c:	4798      	blx	r3
1000540e:	3401      	adds	r4, #1
10005410:	782b      	ldrb	r3, [r5, #0]
10005412:	b2e4      	uxtb	r4, r4
10005414:	42a3      	cmp	r3, r4
10005416:	d309      	bcc.n	1000542c <tud_rhport_init+0x98>
10005418:	42a3      	cmp	r3, r4
1000541a:	d8ef      	bhi.n	100053fc <tud_rhport_init+0x68>
1000541c:	1ae3      	subs	r3, r4, r3
1000541e:	015b      	lsls	r3, r3, #5
10005420:	19db      	adds	r3, r3, r7
10005422:	685b      	ldr	r3, [r3, #4]
10005424:	2b00      	cmp	r3, #0
10005426:	d1f1      	bne.n	1000540c <tud_rhport_init+0x78>
10005428:	2000      	movs	r0, #0
1000542a:	e00c      	b.n	10005446 <tud_rhport_init+0xb2>
1000542c:	4642      	mov	r2, r8
1000542e:	464b      	mov	r3, r9
10005430:	4651      	mov	r1, sl
10005432:	4648      	mov	r0, r9
10005434:	7013      	strb	r3, [r2, #0]
10005436:	f7ff fe0f 	bl	10005058 <dcd_init>
1000543a:	2800      	cmp	r0, #0
1000543c:	d0f4      	beq.n	10005428 <tud_rhport_init+0x94>
1000543e:	4648      	mov	r0, r9
10005440:	f7ff fe52 	bl	100050e8 <dcd_int_enable>
10005444:	2001      	movs	r0, #1
10005446:	bce0      	pop	{r5, r6, r7}
10005448:	46ba      	mov	sl, r7
1000544a:	46b1      	mov	r9, r6
1000544c:	46a8      	mov	r8, r5
1000544e:	bdf0      	pop	{r4, r5, r6, r7, pc}
10005450:	2000107c 	.word	0x2000107c
10005454:	200015d0 	.word	0x200015d0
10005458:	200015c8 	.word	0x200015c8
1000545c:	20001ebb 	.word	0x20001ebb
10005460:	20001624 	.word	0x20001624
10005464:	20001074 	.word	0x20001074
10005468:	20001628 	.word	0x20001628
1000546c:	20001eb9 	.word	0x20001eb9
10005470:	10005021 	.word	0x10005021
10005474:	200014e8 	.word	0x200014e8
10005478:	10007f20 	.word	0x10007f20

1000547c <tud_task_ext>:
1000547c:	b5f0      	push	{r4, r5, r6, r7, lr}
1000547e:	46de      	mov	lr, fp
10005480:	4657      	mov	r7, sl
10005482:	464e      	mov	r6, r9
10005484:	4645      	mov	r5, r8
10005486:	b5e0      	push	{r5, r6, r7, lr}
10005488:	4bc8      	ldr	r3, [pc, #800]	@ (100057ac <tud_task_ext+0x330>)
1000548a:	b091      	sub	sp, #68	@ 0x44
1000548c:	9303      	str	r3, [sp, #12]
1000548e:	781b      	ldrb	r3, [r3, #0]
10005490:	2bff      	cmp	r3, #255	@ 0xff
10005492:	d100      	bne.n	10005496 <tud_task_ext+0x1a>
10005494:	e142      	b.n	1000571c <tud_task_ext+0x2a0>
10005496:	4bc6      	ldr	r3, [pc, #792]	@ (100057b0 <tud_task_ext+0x334>)
10005498:	4ec6      	ldr	r6, [pc, #792]	@ (100057b4 <tud_task_ext+0x338>)
1000549a:	001f      	movs	r7, r3
1000549c:	4bc6      	ldr	r3, [pc, #792]	@ (100057b8 <tud_task_ext+0x33c>)
1000549e:	ac0d      	add	r4, sp, #52	@ 0x34
100054a0:	9302      	str	r3, [sp, #8]
100054a2:	4bc6      	ldr	r3, [pc, #792]	@ (100057bc <tud_task_ext+0x340>)
100054a4:	9301      	str	r3, [sp, #4]
100054a6:	6835      	ldr	r5, [r6, #0]
100054a8:	696a      	ldr	r2, [r5, #20]
100054aa:	f3ef 8110 	mrs	r1, PRIMASK
100054ae:	b672      	cpsid	i
100054b0:	6813      	ldr	r3, [r2, #0]
100054b2:	2b00      	cmp	r3, #0
100054b4:	d0fc      	beq.n	100054b0 <tud_task_ext+0x34>
100054b6:	f3bf 8f5f 	dmb	sy
100054ba:	61a9      	str	r1, [r5, #24]
100054bc:	0028      	movs	r0, r5
100054be:	0021      	movs	r1, r4
100054c0:	f001 f95a 	bl	10006778 <tu_fifo_read>
100054c4:	696a      	ldr	r2, [r5, #20]
100054c6:	69ab      	ldr	r3, [r5, #24]
100054c8:	f3bf 8f5f 	dmb	sy
100054cc:	2100      	movs	r1, #0
100054ce:	6011      	str	r1, [r2, #0]
100054d0:	f383 8810 	msr	PRIMASK, r3
100054d4:	2800      	cmp	r0, #0
100054d6:	d100      	bne.n	100054da <tud_task_ext+0x5e>
100054d8:	e120      	b.n	1000571c <tud_task_ext+0x2a0>
100054da:	7863      	ldrb	r3, [r4, #1]
100054dc:	2b08      	cmp	r3, #8
100054de:	d8e2      	bhi.n	100054a6 <tud_task_ext+0x2a>
100054e0:	009b      	lsls	r3, r3, #2
100054e2:	58fb      	ldr	r3, [r7, r3]
100054e4:	469f      	mov	pc, r3
100054e6:	6863      	ldr	r3, [r4, #4]
100054e8:	2b00      	cmp	r3, #0
100054ea:	d0dc      	beq.n	100054a6 <tud_task_ext+0x2a>
100054ec:	68a0      	ldr	r0, [r4, #8]
100054ee:	4798      	blx	r3
100054f0:	e7d9      	b.n	100054a6 <tud_task_ext+0x2a>
100054f2:	227f      	movs	r2, #127	@ 0x7f
100054f4:	7921      	ldrb	r1, [r4, #4]
100054f6:	4db0      	ldr	r5, [pc, #704]	@ (100057b8 <tud_task_ext+0x33c>)
100054f8:	400a      	ands	r2, r1
100054fa:	0053      	lsls	r3, r2, #1
100054fc:	18eb      	adds	r3, r5, r3
100054fe:	4698      	mov	r8, r3
10005500:	09c8      	lsrs	r0, r1, #7
10005502:	4480      	add	r8, r0
10005504:	4640      	mov	r0, r8
10005506:	2301      	movs	r3, #1
10005508:	3030      	adds	r0, #48	@ 0x30
1000550a:	7905      	ldrb	r5, [r0, #4]
1000550c:	439d      	bics	r5, r3
1000550e:	7105      	strb	r5, [r0, #4]
10005510:	7905      	ldrb	r5, [r0, #4]
10005512:	3303      	adds	r3, #3
10005514:	439d      	bics	r5, r3
10005516:	7105      	strb	r5, [r0, #4]
10005518:	2a00      	cmp	r2, #0
1000551a:	d100      	bne.n	1000551e <tud_task_ext+0xa2>
1000551c:	e105      	b.n	1000572a <tud_task_ext+0x2ae>
1000551e:	4643      	mov	r3, r8
10005520:	4aa7      	ldr	r2, [pc, #668]	@ (100057c0 <tud_task_ext+0x344>)
10005522:	7d1b      	ldrb	r3, [r3, #20]
10005524:	7812      	ldrb	r2, [r2, #0]
10005526:	4293      	cmp	r3, r2
10005528:	d300      	bcc.n	1000552c <tud_task_ext+0xb0>
1000552a:	e0f5      	b.n	10005718 <tud_task_ext+0x29c>
1000552c:	4aa5      	ldr	r2, [pc, #660]	@ (100057c4 <tud_task_ext+0x348>)
1000552e:	015b      	lsls	r3, r3, #5
10005530:	6815      	ldr	r5, [r2, #0]
10005532:	18ed      	adds	r5, r5, r3
10005534:	2d00      	cmp	r5, #0
10005536:	d100      	bne.n	1000553a <tud_task_ext+0xbe>
10005538:	e0f0      	b.n	1000571c <tud_task_ext+0x2a0>
1000553a:	68a3      	ldr	r3, [r4, #8]
1000553c:	7962      	ldrb	r2, [r4, #5]
1000553e:	7820      	ldrb	r0, [r4, #0]
10005540:	69ad      	ldr	r5, [r5, #24]
10005542:	47a8      	blx	r5
10005544:	e7af      	b.n	100054a6 <tud_task_ext+0x2a>
10005546:	4ba0      	ldr	r3, [pc, #640]	@ (100057c8 <tud_task_ext+0x34c>)
10005548:	781a      	ldrb	r2, [r3, #0]
1000554a:	2a00      	cmp	r2, #0
1000554c:	d100      	bne.n	10005550 <tud_task_ext+0xd4>
1000554e:	e0e5      	b.n	1000571c <tud_task_ext+0x2a0>
10005550:	781a      	ldrb	r2, [r3, #0]
10005552:	3a01      	subs	r2, #1
10005554:	701a      	strb	r2, [r3, #0]
10005556:	781b      	ldrb	r3, [r3, #0]
10005558:	2b00      	cmp	r3, #0
1000555a:	d1a4      	bne.n	100054a6 <tud_task_ext+0x2a>
1000555c:	2201      	movs	r2, #1
1000555e:	4d96      	ldr	r5, [pc, #600]	@ (100057b8 <tud_task_ext+0x33c>)
10005560:	2101      	movs	r1, #1
10005562:	782b      	ldrb	r3, [r5, #0]
10005564:	2004      	movs	r0, #4
10005566:	4313      	orrs	r3, r2
10005568:	702b      	strb	r3, [r5, #0]
1000556a:	2334      	movs	r3, #52	@ 0x34
1000556c:	5cea      	ldrb	r2, [r5, r3]
1000556e:	438a      	bics	r2, r1
10005570:	54ea      	strb	r2, [r5, r3]
10005572:	5cea      	ldrb	r2, [r5, r3]
10005574:	4382      	bics	r2, r0
10005576:	54ea      	strb	r2, [r5, r3]
10005578:	3301      	adds	r3, #1
1000557a:	5cea      	ldrb	r2, [r5, r3]
1000557c:	438a      	bics	r2, r1
1000557e:	54ea      	strb	r2, [r5, r3]
10005580:	5cea      	ldrb	r2, [r5, r3]
10005582:	4382      	bics	r2, r0
10005584:	54ea      	strb	r2, [r5, r3]
10005586:	7823      	ldrb	r3, [r4, #0]
10005588:	2000      	movs	r0, #0
1000558a:	469b      	mov	fp, r3
1000558c:	f000 fc88 	bl	10005ea0 <usbd_control_set_complete_callback>
10005590:	2260      	movs	r2, #96	@ 0x60
10005592:	7923      	ldrb	r3, [r4, #4]
10005594:	401a      	ands	r2, r3
10005596:	2a60      	cmp	r2, #96	@ 0x60
10005598:	d100      	bne.n	1000559c <tud_task_ext+0x120>
1000559a:	e0f1      	b.n	10005780 <tud_task_ext+0x304>
1000559c:	2a40      	cmp	r2, #64	@ 0x40
1000559e:	d100      	bne.n	100055a2 <tud_task_ext+0x126>
100055a0:	e0f7      	b.n	10005792 <tud_task_ext+0x316>
100055a2:	06db      	lsls	r3, r3, #27
100055a4:	0edb      	lsrs	r3, r3, #27
100055a6:	2b01      	cmp	r3, #1
100055a8:	d100      	bne.n	100055ac <tud_task_ext+0x130>
100055aa:	e115      	b.n	100057d8 <tud_task_ext+0x35c>
100055ac:	2b02      	cmp	r3, #2
100055ae:	d100      	bne.n	100055b2 <tud_task_ext+0x136>
100055b0:	e0ca      	b.n	10005748 <tud_task_ext+0x2cc>
100055b2:	2b00      	cmp	r3, #0
100055b4:	d000      	beq.n	100055b8 <tud_task_ext+0x13c>
100055b6:	e0e3      	b.n	10005780 <tud_task_ext+0x304>
100055b8:	2a20      	cmp	r2, #32
100055ba:	d100      	bne.n	100055be <tud_task_ext+0x142>
100055bc:	e211      	b.n	100059e2 <tud_task_ext+0x566>
100055be:	2a00      	cmp	r2, #0
100055c0:	d000      	beq.n	100055c4 <tud_task_ext+0x148>
100055c2:	e0dd      	b.n	10005780 <tud_task_ext+0x304>
100055c4:	7963      	ldrb	r3, [r4, #5]
100055c6:	2b09      	cmp	r3, #9
100055c8:	d900      	bls.n	100055cc <tud_task_ext+0x150>
100055ca:	e0d9      	b.n	10005780 <tud_task_ext+0x304>
100055cc:	4a7f      	ldr	r2, [pc, #508]	@ (100057cc <tud_task_ext+0x350>)
100055ce:	009b      	lsls	r3, r3, #2
100055d0:	58d3      	ldr	r3, [r2, r3]
100055d2:	469f      	mov	pc, r3
100055d4:	4d78      	ldr	r5, [pc, #480]	@ (100057b8 <tud_task_ext+0x33c>)
100055d6:	782b      	ldrb	r3, [r5, #0]
100055d8:	07db      	lsls	r3, r3, #31
100055da:	d400      	bmi.n	100055de <tud_task_ext+0x162>
100055dc:	e763      	b.n	100054a6 <tud_task_ext+0x2a>
100055de:	f7ff fec7 	bl	10005370 <tud_resume_cb>
100055e2:	e760      	b.n	100054a6 <tud_task_ext+0x2a>
100055e4:	9b02      	ldr	r3, [sp, #8]
100055e6:	78db      	ldrb	r3, [r3, #3]
100055e8:	07db      	lsls	r3, r3, #31
100055ea:	d400      	bmi.n	100055ee <tud_task_ext+0x172>
100055ec:	e75b      	b.n	100054a6 <tud_task_ext+0x2a>
100055ee:	6860      	ldr	r0, [r4, #4]
100055f0:	f7ff feb2 	bl	10005358 <tud_sof_cb>
100055f4:	e757      	b.n	100054a6 <tud_task_ext+0x2a>
100055f6:	4d70      	ldr	r5, [pc, #448]	@ (100057b8 <tud_task_ext+0x33c>)
100055f8:	782b      	ldrb	r3, [r5, #0]
100055fa:	07db      	lsls	r3, r3, #31
100055fc:	d400      	bmi.n	10005600 <tud_task_ext+0x184>
100055fe:	e752      	b.n	100054a6 <tud_task_ext+0x2a>
10005600:	7828      	ldrb	r0, [r5, #0]
10005602:	0700      	lsls	r0, r0, #28
10005604:	0fc0      	lsrs	r0, r0, #31
10005606:	f7ff feb1 	bl	1000536c <tud_suspend_cb>
1000560a:	e74c      	b.n	100054a6 <tud_task_ext+0x2a>
1000560c:	7823      	ldrb	r3, [r4, #0]
1000560e:	4a6b      	ldr	r2, [pc, #428]	@ (100057bc <tud_task_ext+0x340>)
10005610:	4699      	mov	r9, r3
10005612:	4693      	mov	fp, r2
10005614:	4b6a      	ldr	r3, [pc, #424]	@ (100057c0 <tud_task_ext+0x344>)
10005616:	4a6b      	ldr	r2, [pc, #428]	@ (100057c4 <tud_task_ext+0x348>)
10005618:	4698      	mov	r8, r3
1000561a:	4692      	mov	sl, r2
1000561c:	003a      	movs	r2, r7
1000561e:	2500      	movs	r5, #0
10005620:	4647      	mov	r7, r8
10005622:	781b      	ldrb	r3, [r3, #0]
10005624:	46b0      	mov	r8, r6
10005626:	464e      	mov	r6, r9
10005628:	4691      	mov	r9, r2
1000562a:	e00e      	b.n	1000564a <tud_task_ext+0x1ce>
1000562c:	4653      	mov	r3, sl
1000562e:	681b      	ldr	r3, [r3, #0]
10005630:	016a      	lsls	r2, r5, #5
10005632:	189b      	adds	r3, r3, r2
10005634:	2b00      	cmp	r3, #0
10005636:	d100      	bne.n	1000563a <tud_task_ext+0x1be>
10005638:	e07d      	b.n	10005736 <tud_task_ext+0x2ba>
1000563a:	68db      	ldr	r3, [r3, #12]
1000563c:	0030      	movs	r0, r6
1000563e:	4798      	blx	r3
10005640:	3501      	adds	r5, #1
10005642:	783b      	ldrb	r3, [r7, #0]
10005644:	b2ed      	uxtb	r5, r5
10005646:	42ab      	cmp	r3, r5
10005648:	d30c      	bcc.n	10005664 <tud_task_ext+0x1e8>
1000564a:	42ab      	cmp	r3, r5
1000564c:	d8ee      	bhi.n	1000562c <tud_task_ext+0x1b0>
1000564e:	1aeb      	subs	r3, r5, r3
10005650:	015b      	lsls	r3, r3, #5
10005652:	445b      	add	r3, fp
10005654:	68db      	ldr	r3, [r3, #12]
10005656:	0030      	movs	r0, r6
10005658:	4798      	blx	r3
1000565a:	3501      	adds	r5, #1
1000565c:	783b      	ldrb	r3, [r7, #0]
1000565e:	b2ed      	uxtb	r5, r5
10005660:	42ab      	cmp	r3, r5
10005662:	d2f2      	bcs.n	1000564a <tud_task_ext+0x1ce>
10005664:	4d54      	ldr	r5, [pc, #336]	@ (100057b8 <tud_task_ext+0x33c>)
10005666:	2254      	movs	r2, #84	@ 0x54
10005668:	2100      	movs	r1, #0
1000566a:	0028      	movs	r0, r5
1000566c:	f7fd fa48 	bl	10002b00 <__wrap_memset>
10005670:	2210      	movs	r2, #16
10005672:	21ff      	movs	r1, #255	@ 0xff
10005674:	1d28      	adds	r0, r5, #4
10005676:	f7fd fa43 	bl	10002b00 <__wrap_memset>
1000567a:	0028      	movs	r0, r5
1000567c:	2220      	movs	r2, #32
1000567e:	21ff      	movs	r1, #255	@ 0xff
10005680:	3014      	adds	r0, #20
10005682:	4646      	mov	r6, r8
10005684:	464f      	mov	r7, r9
10005686:	f7fd fa3b 	bl	10002b00 <__wrap_memset>
1000568a:	f000 fbff 	bl	10005e8c <usbd_control_reset>
1000568e:	7923      	ldrb	r3, [r4, #4]
10005690:	70ab      	strb	r3, [r5, #2]
10005692:	e708      	b.n	100054a6 <tud_task_ext+0x2a>
10005694:	7823      	ldrb	r3, [r4, #0]
10005696:	4a4b      	ldr	r2, [pc, #300]	@ (100057c4 <tud_task_ext+0x348>)
10005698:	4699      	mov	r9, r3
1000569a:	4b49      	ldr	r3, [pc, #292]	@ (100057c0 <tud_task_ext+0x344>)
1000569c:	4692      	mov	sl, r2
1000569e:	4698      	mov	r8, r3
100056a0:	0032      	movs	r2, r6
100056a2:	46bb      	mov	fp, r7
100056a4:	464e      	mov	r6, r9
100056a6:	2500      	movs	r5, #0
100056a8:	4647      	mov	r7, r8
100056aa:	4691      	mov	r9, r2
100056ac:	781b      	ldrb	r3, [r3, #0]
100056ae:	e00d      	b.n	100056cc <tud_task_ext+0x250>
100056b0:	4653      	mov	r3, sl
100056b2:	681b      	ldr	r3, [r3, #0]
100056b4:	016a      	lsls	r2, r5, #5
100056b6:	189b      	adds	r3, r3, r2
100056b8:	2b00      	cmp	r3, #0
100056ba:	d040      	beq.n	1000573e <tud_task_ext+0x2c2>
100056bc:	68db      	ldr	r3, [r3, #12]
100056be:	0030      	movs	r0, r6
100056c0:	4798      	blx	r3
100056c2:	3501      	adds	r5, #1
100056c4:	783b      	ldrb	r3, [r7, #0]
100056c6:	b2ed      	uxtb	r5, r5
100056c8:	42ab      	cmp	r3, r5
100056ca:	d30d      	bcc.n	100056e8 <tud_task_ext+0x26c>
100056cc:	429d      	cmp	r5, r3
100056ce:	d3ef      	bcc.n	100056b0 <tud_task_ext+0x234>
100056d0:	9a01      	ldr	r2, [sp, #4]
100056d2:	1aeb      	subs	r3, r5, r3
100056d4:	015b      	lsls	r3, r3, #5
100056d6:	18d3      	adds	r3, r2, r3
100056d8:	68db      	ldr	r3, [r3, #12]
100056da:	0030      	movs	r0, r6
100056dc:	4798      	blx	r3
100056de:	3501      	adds	r5, #1
100056e0:	783b      	ldrb	r3, [r7, #0]
100056e2:	b2ed      	uxtb	r5, r5
100056e4:	42ab      	cmp	r3, r5
100056e6:	d2f1      	bcs.n	100056cc <tud_task_ext+0x250>
100056e8:	9d02      	ldr	r5, [sp, #8]
100056ea:	2254      	movs	r2, #84	@ 0x54
100056ec:	2100      	movs	r1, #0
100056ee:	0028      	movs	r0, r5
100056f0:	f7fd fa06 	bl	10002b00 <__wrap_memset>
100056f4:	2210      	movs	r2, #16
100056f6:	21ff      	movs	r1, #255	@ 0xff
100056f8:	4835      	ldr	r0, [pc, #212]	@ (100057d0 <tud_task_ext+0x354>)
100056fa:	f7fd fa01 	bl	10002b00 <__wrap_memset>
100056fe:	0028      	movs	r0, r5
10005700:	2220      	movs	r2, #32
10005702:	21ff      	movs	r1, #255	@ 0xff
10005704:	3014      	adds	r0, #20
10005706:	464e      	mov	r6, r9
10005708:	465f      	mov	r7, fp
1000570a:	f7fd f9f9 	bl	10002b00 <__wrap_memset>
1000570e:	f000 fbbd 	bl	10005e8c <usbd_control_reset>
10005712:	f7ff fe29 	bl	10005368 <tud_umount_cb>
10005716:	e6c6      	b.n	100054a6 <tud_task_ext+0x2a>
10005718:	4293      	cmp	r3, r2
1000571a:	d013      	beq.n	10005744 <tud_task_ext+0x2c8>
1000571c:	b011      	add	sp, #68	@ 0x44
1000571e:	bcf0      	pop	{r4, r5, r6, r7}
10005720:	46bb      	mov	fp, r7
10005722:	46b2      	mov	sl, r6
10005724:	46a9      	mov	r9, r5
10005726:	46a0      	mov	r8, r4
10005728:	bdf0      	pop	{r4, r5, r6, r7, pc}
1000572a:	68a3      	ldr	r3, [r4, #8]
1000572c:	7962      	ldrb	r2, [r4, #5]
1000572e:	7820      	ldrb	r0, [r4, #0]
10005730:	f000 fbca 	bl	10005ec8 <usbd_control_xfer_cb>
10005734:	e6b7      	b.n	100054a6 <tud_task_ext+0x2a>
10005736:	4646      	mov	r6, r8
10005738:	464f      	mov	r7, r9
1000573a:	4d1f      	ldr	r5, [pc, #124]	@ (100057b8 <tud_task_ext+0x33c>)
1000573c:	e7a5      	b.n	1000568a <tud_task_ext+0x20e>
1000573e:	464e      	mov	r6, r9
10005740:	465f      	mov	r7, fp
10005742:	e7e4      	b.n	1000570e <tud_task_ext+0x292>
10005744:	4d1d      	ldr	r5, [pc, #116]	@ (100057bc <tud_task_ext+0x340>)
10005746:	e6f8      	b.n	1000553a <tud_task_ext+0xbe>
10005748:	2370      	movs	r3, #112	@ 0x70
1000574a:	7a21      	ldrb	r1, [r4, #8]
1000574c:	420b      	tst	r3, r1
1000574e:	d117      	bne.n	10005780 <tud_task_ext+0x304>
10005750:	09c8      	lsrs	r0, r1, #7
10005752:	4682      	mov	sl, r0
10005754:	330f      	adds	r3, #15
10005756:	400b      	ands	r3, r1
10005758:	005b      	lsls	r3, r3, #1
1000575a:	4698      	mov	r8, r3
1000575c:	4818      	ldr	r0, [pc, #96]	@ (100057c0 <tud_task_ext+0x344>)
1000575e:	18eb      	adds	r3, r5, r3
10005760:	4453      	add	r3, sl
10005762:	7d1b      	ldrb	r3, [r3, #20]
10005764:	7800      	ldrb	r0, [r0, #0]
10005766:	4283      	cmp	r3, r0
10005768:	d264      	bcs.n	10005834 <tud_task_ext+0x3b8>
1000576a:	4816      	ldr	r0, [pc, #88]	@ (100057c4 <tud_task_ext+0x348>)
1000576c:	015b      	lsls	r3, r3, #5
1000576e:	6800      	ldr	r0, [r0, #0]
10005770:	4681      	mov	r9, r0
10005772:	4499      	add	r9, r3
10005774:	2a00      	cmp	r2, #0
10005776:	d100      	bne.n	1000577a <tud_task_ext+0x2fe>
10005778:	e155      	b.n	10005a26 <tud_task_ext+0x5aa>
1000577a:	464b      	mov	r3, r9
1000577c:	2b00      	cmp	r3, #0
1000577e:	d161      	bne.n	10005844 <tud_task_ext+0x3c8>
10005780:	7820      	ldrb	r0, [r4, #0]
10005782:	2100      	movs	r1, #0
10005784:	f7ff fd70 	bl	10005268 <dcd_edpt_stall>
10005788:	2180      	movs	r1, #128	@ 0x80
1000578a:	7820      	ldrb	r0, [r4, #0]
1000578c:	f7ff fd6c 	bl	10005268 <dcd_edpt_stall>
10005790:	e689      	b.n	100054a6 <tud_task_ext+0x2a>
10005792:	4810      	ldr	r0, [pc, #64]	@ (100057d4 <tud_task_ext+0x358>)
10005794:	f000 fb84 	bl	10005ea0 <usbd_control_set_complete_callback>
10005798:	2101      	movs	r1, #1
1000579a:	4658      	mov	r0, fp
1000579c:	aa0e      	add	r2, sp, #56	@ 0x38
1000579e:	f7ff fc23 	bl	10004fe8 <tud_vendor_control_xfer_cb>
100057a2:	2800      	cmp	r0, #0
100057a4:	d000      	beq.n	100057a8 <tud_task_ext+0x32c>
100057a6:	e67e      	b.n	100054a6 <tud_task_ext+0x2a>
100057a8:	e7ea      	b.n	10005780 <tud_task_ext+0x304>
100057aa:	46c0      	nop			@ (mov r8, r8)
100057ac:	2000107c 	.word	0x2000107c
100057b0:	10007e78 	.word	0x10007e78
100057b4:	20001628 	.word	0x20001628
100057b8:	200015d0 	.word	0x200015d0
100057bc:	10007f20 	.word	0x10007f20
100057c0:	20001eb9 	.word	0x20001eb9
100057c4:	200014e8 	.word	0x200014e8
100057c8:	20001ebb 	.word	0x20001ebb
100057cc:	10007e9c 	.word	0x10007e9c
100057d0:	200015d4 	.word	0x200015d4
100057d4:	10004fe9 	.word	0x10004fe9
100057d8:	7a23      	ldrb	r3, [r4, #8]
100057da:	8922      	ldrh	r2, [r4, #8]
100057dc:	2b0f      	cmp	r3, #15
100057de:	d8cf      	bhi.n	10005780 <tud_task_ext+0x304>
100057e0:	23ff      	movs	r3, #255	@ 0xff
100057e2:	4013      	ands	r3, r2
100057e4:	4ad1      	ldr	r2, [pc, #836]	@ (10005b2c <tud_task_ext+0x6b0>)
100057e6:	18eb      	adds	r3, r5, r3
100057e8:	791b      	ldrb	r3, [r3, #4]
100057ea:	7812      	ldrb	r2, [r2, #0]
100057ec:	4293      	cmp	r3, r2
100057ee:	d334      	bcc.n	1000585a <tud_task_ext+0x3de>
100057f0:	d1c6      	bne.n	10005780 <tud_task_ext+0x304>
100057f2:	4dcf      	ldr	r5, [pc, #828]	@ (10005b30 <tud_task_ext+0x6b4>)
100057f4:	6968      	ldr	r0, [r5, #20]
100057f6:	f000 fb53 	bl	10005ea0 <usbd_control_set_complete_callback>
100057fa:	2101      	movs	r1, #1
100057fc:	4658      	mov	r0, fp
100057fe:	696b      	ldr	r3, [r5, #20]
10005800:	aa0e      	add	r2, sp, #56	@ 0x38
10005802:	4798      	blx	r3
10005804:	2800      	cmp	r0, #0
10005806:	d000      	beq.n	1000580a <tud_task_ext+0x38e>
10005808:	e64d      	b.n	100054a6 <tud_task_ext+0x2a>
1000580a:	2260      	movs	r2, #96	@ 0x60
1000580c:	0015      	movs	r5, r2
1000580e:	7923      	ldrb	r3, [r4, #4]
10005810:	401d      	ands	r5, r3
10005812:	421a      	tst	r2, r3
10005814:	d1b4      	bne.n	10005780 <tud_task_ext+0x304>
10005816:	7963      	ldrb	r3, [r4, #5]
10005818:	3b0a      	subs	r3, #10
1000581a:	2b01      	cmp	r3, #1
1000581c:	d8b0      	bhi.n	10005780 <tud_task_ext+0x304>
1000581e:	f000 fb3f 	bl	10005ea0 <usbd_control_set_complete_callback>
10005822:	7963      	ldrb	r3, [r4, #5]
10005824:	2b0a      	cmp	r3, #10
10005826:	d100      	bne.n	1000582a <tud_task_ext+0x3ae>
10005828:	e18a      	b.n	10005b40 <tud_task_ext+0x6c4>
1000582a:	4658      	mov	r0, fp
1000582c:	a90e      	add	r1, sp, #56	@ 0x38
1000582e:	f000 fac7 	bl	10005dc0 <tud_control_status>
10005832:	e638      	b.n	100054a6 <tud_task_ext+0x2a>
10005834:	4283      	cmp	r3, r0
10005836:	d000      	beq.n	1000583a <tud_task_ext+0x3be>
10005838:	e0f0      	b.n	10005a1c <tud_task_ext+0x5a0>
1000583a:	4bbd      	ldr	r3, [pc, #756]	@ (10005b30 <tud_task_ext+0x6b4>)
1000583c:	4699      	mov	r9, r3
1000583e:	2a00      	cmp	r2, #0
10005840:	d100      	bne.n	10005844 <tud_task_ext+0x3c8>
10005842:	e0f0      	b.n	10005a26 <tud_task_ext+0x5aa>
10005844:	464b      	mov	r3, r9
10005846:	6958      	ldr	r0, [r3, #20]
10005848:	f000 fb2a 	bl	10005ea0 <usbd_control_set_complete_callback>
1000584c:	464b      	mov	r3, r9
1000584e:	2101      	movs	r1, #1
10005850:	4658      	mov	r0, fp
10005852:	695b      	ldr	r3, [r3, #20]
10005854:	aa0e      	add	r2, sp, #56	@ 0x38
10005856:	4798      	blx	r3
10005858:	e7a3      	b.n	100057a2 <tud_task_ext+0x326>
1000585a:	4ab6      	ldr	r2, [pc, #728]	@ (10005b34 <tud_task_ext+0x6b8>)
1000585c:	015b      	lsls	r3, r3, #5
1000585e:	6815      	ldr	r5, [r2, #0]
10005860:	18ed      	adds	r5, r5, r3
10005862:	2d00      	cmp	r5, #0
10005864:	d1c6      	bne.n	100057f4 <tud_task_ext+0x378>
10005866:	e78b      	b.n	10005780 <tud_task_ext+0x304>
10005868:	79a3      	ldrb	r3, [r4, #6]
1000586a:	4699      	mov	r9, r3
1000586c:	786b      	ldrb	r3, [r5, #1]
1000586e:	4599      	cmp	r9, r3
10005870:	d0db      	beq.n	1000582a <tud_task_ext+0x3ae>
10005872:	786b      	ldrb	r3, [r5, #1]
10005874:	2b00      	cmp	r3, #0
10005876:	d000      	beq.n	1000587a <tud_task_ext+0x3fe>
10005878:	e12c      	b.n	10005ad4 <tud_task_ext+0x658>
1000587a:	464b      	mov	r3, r9
1000587c:	706b      	strb	r3, [r5, #1]
1000587e:	2b00      	cmp	r3, #0
10005880:	d100      	bne.n	10005884 <tud_task_ext+0x408>
10005882:	e124      	b.n	10005ace <tud_task_ext+0x652>
10005884:	4648      	mov	r0, r9
10005886:	3801      	subs	r0, #1
10005888:	b2c0      	uxtb	r0, r0
1000588a:	f7ff fa09 	bl	10004ca0 <tud_descriptor_configuration_cb>
1000588e:	2800      	cmp	r0, #0
10005890:	d100      	bne.n	10005894 <tud_task_ext+0x418>
10005892:	e174      	b.n	10005b7e <tud_task_ext+0x702>
10005894:	7843      	ldrb	r3, [r0, #1]
10005896:	9307      	str	r3, [sp, #28]
10005898:	2b02      	cmp	r3, #2
1000589a:	d000      	beq.n	1000589e <tud_task_ext+0x422>
1000589c:	e16f      	b.n	10005b7e <tud_task_ext+0x702>
1000589e:	2201      	movs	r2, #1
100058a0:	79c1      	ldrb	r1, [r0, #7]
100058a2:	46b1      	mov	r9, r6
100058a4:	118b      	asrs	r3, r1, #6
100058a6:	1149      	asrs	r1, r1, #5
100058a8:	4013      	ands	r3, r2
100058aa:	400a      	ands	r2, r1
100058ac:	2130      	movs	r1, #48	@ 0x30
100058ae:	0112      	lsls	r2, r2, #4
100058b0:	015b      	lsls	r3, r3, #5
100058b2:	4313      	orrs	r3, r2
100058b4:	782a      	ldrb	r2, [r5, #0]
100058b6:	46a8      	mov	r8, r5
100058b8:	438a      	bics	r2, r1
100058ba:	4313      	orrs	r3, r2
100058bc:	702b      	strb	r3, [r5, #0]
100058be:	2309      	movs	r3, #9
100058c0:	469a      	mov	sl, r3
100058c2:	4482      	add	sl, r0
100058c4:	4656      	mov	r6, sl
100058c6:	46ba      	mov	sl, r7
100058c8:	78c3      	ldrb	r3, [r0, #3]
100058ca:	7882      	ldrb	r2, [r0, #2]
100058cc:	021b      	lsls	r3, r3, #8
100058ce:	4313      	orrs	r3, r2
100058d0:	18c3      	adds	r3, r0, r3
100058d2:	9305      	str	r3, [sp, #20]
100058d4:	4b95      	ldr	r3, [pc, #596]	@ (10005b2c <tud_task_ext+0x6b0>)
100058d6:	9304      	str	r3, [sp, #16]
100058d8:	4b95      	ldr	r3, [pc, #596]	@ (10005b30 <tud_task_ext+0x6b4>)
100058da:	9308      	str	r3, [sp, #32]
100058dc:	4b95      	ldr	r3, [pc, #596]	@ (10005b34 <tud_task_ext+0x6b8>)
100058de:	9309      	str	r3, [sp, #36]	@ 0x24
100058e0:	4b95      	ldr	r3, [pc, #596]	@ (10005b38 <tud_task_ext+0x6bc>)
100058e2:	930a      	str	r3, [sp, #40]	@ 0x28
100058e4:	9b05      	ldr	r3, [sp, #20]
100058e6:	42b3      	cmp	r3, r6
100058e8:	d800      	bhi.n	100058ec <tud_task_ext+0x470>
100058ea:	e14b      	b.n	10005b84 <tud_task_ext+0x708>
100058ec:	7873      	ldrb	r3, [r6, #1]
100058ee:	2201      	movs	r2, #1
100058f0:	2b0b      	cmp	r3, #11
100058f2:	d103      	bne.n	100058fc <tud_task_ext+0x480>
100058f4:	7833      	ldrb	r3, [r6, #0]
100058f6:	78f2      	ldrb	r2, [r6, #3]
100058f8:	18f6      	adds	r6, r6, r3
100058fa:	7873      	ldrb	r3, [r6, #1]
100058fc:	2b04      	cmp	r3, #4
100058fe:	d000      	beq.n	10005902 <tud_task_ext+0x486>
10005900:	e13a      	b.n	10005b78 <tud_task_ext+0x6fc>
10005902:	9b05      	ldr	r3, [sp, #20]
10005904:	2700      	movs	r7, #0
10005906:	1b9b      	subs	r3, r3, r6
10005908:	b29b      	uxth	r3, r3
1000590a:	9306      	str	r3, [sp, #24]
1000590c:	9b04      	ldr	r3, [sp, #16]
1000590e:	920b      	str	r2, [sp, #44]	@ 0x2c
10005910:	781d      	ldrb	r5, [r3, #0]
10005912:	e019      	b.n	10005948 <tud_task_ext+0x4cc>
10005914:	9a09      	ldr	r2, [sp, #36]	@ 0x24
10005916:	017b      	lsls	r3, r7, #5
10005918:	6815      	ldr	r5, [r2, #0]
1000591a:	18ed      	adds	r5, r5, r3
1000591c:	2d00      	cmp	r5, #0
1000591e:	d100      	bne.n	10005922 <tud_task_ext+0x4a6>
10005920:	e12a      	b.n	10005b78 <tud_task_ext+0x6fc>
10005922:	0031      	movs	r1, r6
10005924:	4658      	mov	r0, fp
10005926:	692b      	ldr	r3, [r5, #16]
10005928:	9a06      	ldr	r2, [sp, #24]
1000592a:	4798      	blx	r3
1000592c:	4684      	mov	ip, r0
1000592e:	2808      	cmp	r0, #8
10005930:	d903      	bls.n	1000593a <tud_task_ext+0x4be>
10005932:	9a06      	ldr	r2, [sp, #24]
10005934:	4282      	cmp	r2, r0
10005936:	d300      	bcc.n	1000593a <tud_task_ext+0x4be>
10005938:	e10b      	b.n	10005b52 <tud_task_ext+0x6d6>
1000593a:	9b04      	ldr	r3, [sp, #16]
1000593c:	3701      	adds	r7, #1
1000593e:	781d      	ldrb	r5, [r3, #0]
10005940:	b2ff      	uxtb	r7, r7
10005942:	42bd      	cmp	r5, r7
10005944:	d200      	bcs.n	10005948 <tud_task_ext+0x4cc>
10005946:	e117      	b.n	10005b78 <tud_task_ext+0x6fc>
10005948:	42bd      	cmp	r5, r7
1000594a:	d8e3      	bhi.n	10005914 <tud_task_ext+0x498>
1000594c:	9b08      	ldr	r3, [sp, #32]
1000594e:	1b7d      	subs	r5, r7, r5
10005950:	016d      	lsls	r5, r5, #5
10005952:	195d      	adds	r5, r3, r5
10005954:	e7e5      	b.n	10005922 <tud_task_ext+0x4a6>
10005956:	786b      	ldrb	r3, [r5, #1]
10005958:	aa0c      	add	r2, sp, #48	@ 0x30
1000595a:	3202      	adds	r2, #2
1000595c:	7013      	strb	r3, [r2, #0]
1000595e:	4658      	mov	r0, fp
10005960:	2301      	movs	r3, #1
10005962:	a90e      	add	r1, sp, #56	@ 0x38
10005964:	f000 fa42 	bl	10005dec <tud_control_xfer>
10005968:	e59d      	b.n	100054a6 <tud_task_ext+0x2a>
1000596a:	88e0      	ldrh	r0, [r4, #6]
1000596c:	0a03      	lsrs	r3, r0, #8
1000596e:	b2c0      	uxtb	r0, r0
10005970:	2b0f      	cmp	r3, #15
10005972:	d900      	bls.n	10005976 <tud_task_ext+0x4fa>
10005974:	e704      	b.n	10005780 <tud_task_ext+0x304>
10005976:	4971      	ldr	r1, [pc, #452]	@ (10005b3c <tud_task_ext+0x6c0>)
10005978:	009a      	lsls	r2, r3, #2
1000597a:	588a      	ldr	r2, [r1, r2]
1000597c:	4697      	mov	pc, r2
1000597e:	a80e      	add	r0, sp, #56	@ 0x38
10005980:	f000 fa94 	bl	10005eac <usbd_control_set_request>
10005984:	4658      	mov	r0, fp
10005986:	79a1      	ldrb	r1, [r4, #6]
10005988:	f7ff fbb4 	bl	100050f4 <dcd_set_address>
1000598c:	2202      	movs	r2, #2
1000598e:	782b      	ldrb	r3, [r5, #0]
10005990:	4313      	orrs	r3, r2
10005992:	702b      	strb	r3, [r5, #0]
10005994:	e587      	b.n	100054a6 <tud_task_ext+0x2a>
10005996:	88e3      	ldrh	r3, [r4, #6]
10005998:	2b01      	cmp	r3, #1
1000599a:	d000      	beq.n	1000599e <tud_task_ext+0x522>
1000599c:	e6f0      	b.n	10005780 <tud_task_ext+0x304>
1000599e:	2208      	movs	r2, #8
100059a0:	782b      	ldrb	r3, [r5, #0]
100059a2:	4658      	mov	r0, fp
100059a4:	4393      	bics	r3, r2
100059a6:	a90e      	add	r1, sp, #56	@ 0x38
100059a8:	702b      	strb	r3, [r5, #0]
100059aa:	f000 fa09 	bl	10005dc0 <tud_control_status>
100059ae:	e57a      	b.n	100054a6 <tud_task_ext+0x2a>
100059b0:	2002      	movs	r0, #2
100059b2:	7829      	ldrb	r1, [r5, #0]
100059b4:	ab0c      	add	r3, sp, #48	@ 0x30
100059b6:	1c9a      	adds	r2, r3, #2
100059b8:	068b      	lsls	r3, r1, #26
100059ba:	0889      	lsrs	r1, r1, #2
100059bc:	0fdb      	lsrs	r3, r3, #31
100059be:	4001      	ands	r1, r0
100059c0:	430b      	orrs	r3, r1
100059c2:	8013      	strh	r3, [r2, #0]
100059c4:	4658      	mov	r0, fp
100059c6:	2302      	movs	r3, #2
100059c8:	a90e      	add	r1, sp, #56	@ 0x38
100059ca:	f000 fa0f 	bl	10005dec <tud_control_xfer>
100059ce:	e56a      	b.n	100054a6 <tud_task_ext+0x2a>
100059d0:	88e3      	ldrh	r3, [r4, #6]
100059d2:	2b01      	cmp	r3, #1
100059d4:	d000      	beq.n	100059d8 <tud_task_ext+0x55c>
100059d6:	e6d3      	b.n	10005780 <tud_task_ext+0x304>
100059d8:	2208      	movs	r2, #8
100059da:	782b      	ldrb	r3, [r5, #0]
100059dc:	4313      	orrs	r3, r2
100059de:	702b      	strb	r3, [r5, #0]
100059e0:	e723      	b.n	1000582a <tud_task_ext+0x3ae>
100059e2:	7a23      	ldrb	r3, [r4, #8]
100059e4:	8922      	ldrh	r2, [r4, #8]
100059e6:	2b0f      	cmp	r3, #15
100059e8:	d900      	bls.n	100059ec <tud_task_ext+0x570>
100059ea:	e6c9      	b.n	10005780 <tud_task_ext+0x304>
100059ec:	23ff      	movs	r3, #255	@ 0xff
100059ee:	4013      	ands	r3, r2
100059f0:	4a4e      	ldr	r2, [pc, #312]	@ (10005b2c <tud_task_ext+0x6b0>)
100059f2:	18eb      	adds	r3, r5, r3
100059f4:	791b      	ldrb	r3, [r3, #4]
100059f6:	7812      	ldrb	r2, [r2, #0]
100059f8:	4293      	cmp	r3, r2
100059fa:	d228      	bcs.n	10005a4e <tud_task_ext+0x5d2>
100059fc:	4a4d      	ldr	r2, [pc, #308]	@ (10005b34 <tud_task_ext+0x6b8>)
100059fe:	015b      	lsls	r3, r3, #5
10005a00:	6815      	ldr	r5, [r2, #0]
10005a02:	18ed      	adds	r5, r5, r3
10005a04:	2d00      	cmp	r5, #0
10005a06:	d100      	bne.n	10005a0a <tud_task_ext+0x58e>
10005a08:	e6ba      	b.n	10005780 <tud_task_ext+0x304>
10005a0a:	6968      	ldr	r0, [r5, #20]
10005a0c:	f000 fa48 	bl	10005ea0 <usbd_control_set_complete_callback>
10005a10:	2101      	movs	r1, #1
10005a12:	4658      	mov	r0, fp
10005a14:	696b      	ldr	r3, [r5, #20]
10005a16:	aa0e      	add	r2, sp, #56	@ 0x38
10005a18:	4798      	blx	r3
10005a1a:	e6c2      	b.n	100057a2 <tud_task_ext+0x326>
10005a1c:	2a00      	cmp	r2, #0
10005a1e:	d000      	beq.n	10005a22 <tud_task_ext+0x5a6>
10005a20:	e6ae      	b.n	10005780 <tud_task_ext+0x304>
10005a22:	2300      	movs	r3, #0
10005a24:	4699      	mov	r9, r3
10005a26:	7962      	ldrb	r2, [r4, #5]
10005a28:	2002      	movs	r0, #2
10005a2a:	0013      	movs	r3, r2
10005a2c:	9204      	str	r2, [sp, #16]
10005a2e:	4383      	bics	r3, r0
10005a30:	2b01      	cmp	r3, #1
10005a32:	d011      	beq.n	10005a58 <tud_task_ext+0x5dc>
10005a34:	2a00      	cmp	r2, #0
10005a36:	d000      	beq.n	10005a3a <tud_task_ext+0x5be>
10005a38:	e6a2      	b.n	10005780 <tud_task_ext+0x304>
10005a3a:	002b      	movs	r3, r5
10005a3c:	4443      	add	r3, r8
10005a3e:	4453      	add	r3, sl
10005a40:	3330      	adds	r3, #48	@ 0x30
10005a42:	791b      	ldrb	r3, [r3, #4]
10005a44:	aa0c      	add	r2, sp, #48	@ 0x30
10005a46:	079b      	lsls	r3, r3, #30
10005a48:	0fdb      	lsrs	r3, r3, #31
10005a4a:	3202      	adds	r2, #2
10005a4c:	e7b9      	b.n	100059c2 <tud_task_ext+0x546>
10005a4e:	4293      	cmp	r3, r2
10005a50:	d000      	beq.n	10005a54 <tud_task_ext+0x5d8>
10005a52:	e695      	b.n	10005780 <tud_task_ext+0x304>
10005a54:	4d36      	ldr	r5, [pc, #216]	@ (10005b30 <tud_task_ext+0x6b4>)
10005a56:	e7d8      	b.n	10005a0a <tud_task_ext+0x58e>
10005a58:	88e3      	ldrh	r3, [r4, #6]
10005a5a:	2b00      	cmp	r3, #0
10005a5c:	d112      	bne.n	10005a84 <tud_task_ext+0x608>
10005a5e:	9b03      	ldr	r3, [sp, #12]
10005a60:	7818      	ldrb	r0, [r3, #0]
10005a62:	9b04      	ldr	r3, [sp, #16]
10005a64:	2b01      	cmp	r3, #1
10005a66:	d023      	beq.n	10005ab0 <tud_task_ext+0x634>
10005a68:	f7ff fbfe 	bl	10005268 <dcd_edpt_stall>
10005a6c:	4643      	mov	r3, r8
10005a6e:	2102      	movs	r1, #2
10005a70:	18eb      	adds	r3, r5, r3
10005a72:	4453      	add	r3, sl
10005a74:	3330      	adds	r3, #48	@ 0x30
10005a76:	791a      	ldrb	r2, [r3, #4]
10005a78:	430a      	orrs	r2, r1
10005a7a:	2101      	movs	r1, #1
10005a7c:	711a      	strb	r2, [r3, #4]
10005a7e:	791a      	ldrb	r2, [r3, #4]
10005a80:	430a      	orrs	r2, r1
10005a82:	711a      	strb	r2, [r3, #4]
10005a84:	464b      	mov	r3, r9
10005a86:	2b00      	cmp	r3, #0
10005a88:	d100      	bne.n	10005a8c <tud_task_ext+0x610>
10005a8a:	e50c      	b.n	100054a6 <tud_task_ext+0x2a>
10005a8c:	6958      	ldr	r0, [r3, #20]
10005a8e:	f000 fa07 	bl	10005ea0 <usbd_control_set_complete_callback>
10005a92:	464b      	mov	r3, r9
10005a94:	2101      	movs	r1, #1
10005a96:	695b      	ldr	r3, [r3, #20]
10005a98:	aa0e      	add	r2, sp, #56	@ 0x38
10005a9a:	4658      	mov	r0, fp
10005a9c:	4798      	blx	r3
10005a9e:	2000      	movs	r0, #0
10005aa0:	f000 f9fe 	bl	10005ea0 <usbd_control_set_complete_callback>
10005aa4:	2335      	movs	r3, #53	@ 0x35
10005aa6:	5ceb      	ldrb	r3, [r5, r3]
10005aa8:	07db      	lsls	r3, r3, #31
10005aaa:	d500      	bpl.n	10005aae <tud_task_ext+0x632>
10005aac:	e4fb      	b.n	100054a6 <tud_task_ext+0x2a>
10005aae:	e6bc      	b.n	1000582a <tud_task_ext+0x3ae>
10005ab0:	f7ff fbf8 	bl	100052a4 <dcd_edpt_clear_stall>
10005ab4:	4643      	mov	r3, r8
10005ab6:	2102      	movs	r1, #2
10005ab8:	18eb      	adds	r3, r5, r3
10005aba:	4453      	add	r3, sl
10005abc:	3330      	adds	r3, #48	@ 0x30
10005abe:	791a      	ldrb	r2, [r3, #4]
10005ac0:	438a      	bics	r2, r1
10005ac2:	711a      	strb	r2, [r3, #4]
10005ac4:	791a      	ldrb	r2, [r3, #4]
10005ac6:	9904      	ldr	r1, [sp, #16]
10005ac8:	438a      	bics	r2, r1
10005aca:	711a      	strb	r2, [r3, #4]
10005acc:	e7da      	b.n	10005a84 <tud_task_ext+0x608>
10005ace:	f7ff fc4b 	bl	10005368 <tud_umount_cb>
10005ad2:	e6aa      	b.n	1000582a <tud_task_ext+0x3ae>
10005ad4:	2100      	movs	r1, #0
10005ad6:	4658      	mov	r0, fp
10005ad8:	f7ff fb16 	bl	10005108 <dcd_sof_enable>
10005adc:	4658      	mov	r0, fp
10005ade:	f7ff fbad 	bl	1000523c <dcd_edpt_close_all>
10005ae2:	2200      	movs	r2, #0
10005ae4:	4692      	mov	sl, r2
10005ae6:	4a12      	ldr	r2, [pc, #72]	@ (10005b30 <tud_task_ext+0x6b4>)
10005ae8:	78ab      	ldrb	r3, [r5, #2]
10005aea:	9205      	str	r2, [sp, #20]
10005aec:	4a11      	ldr	r2, [pc, #68]	@ (10005b34 <tud_task_ext+0x6b8>)
10005aee:	9304      	str	r3, [sp, #16]
10005af0:	9206      	str	r2, [sp, #24]
10005af2:	002a      	movs	r2, r5
10005af4:	4b0d      	ldr	r3, [pc, #52]	@ (10005b2c <tud_task_ext+0x6b0>)
10005af6:	4655      	mov	r5, sl
10005af8:	4698      	mov	r8, r3
10005afa:	4692      	mov	sl, r2
10005afc:	781b      	ldrb	r3, [r3, #0]
10005afe:	e00e      	b.n	10005b1e <tud_task_ext+0x6a2>
10005b00:	9b06      	ldr	r3, [sp, #24]
10005b02:	016a      	lsls	r2, r5, #5
10005b04:	681b      	ldr	r3, [r3, #0]
10005b06:	189b      	adds	r3, r3, r2
10005b08:	2b00      	cmp	r3, #0
10005b0a:	d054      	beq.n	10005bb6 <tud_task_ext+0x73a>
10005b0c:	68db      	ldr	r3, [r3, #12]
10005b0e:	4658      	mov	r0, fp
10005b10:	4798      	blx	r3
10005b12:	4643      	mov	r3, r8
10005b14:	3501      	adds	r5, #1
10005b16:	781b      	ldrb	r3, [r3, #0]
10005b18:	b2ed      	uxtb	r5, r5
10005b1a:	42ab      	cmp	r3, r5
10005b1c:	d337      	bcc.n	10005b8e <tud_task_ext+0x712>
10005b1e:	42ab      	cmp	r3, r5
10005b20:	d8ee      	bhi.n	10005b00 <tud_task_ext+0x684>
10005b22:	9a05      	ldr	r2, [sp, #20]
10005b24:	1aeb      	subs	r3, r5, r3
10005b26:	015b      	lsls	r3, r3, #5
10005b28:	18d3      	adds	r3, r2, r3
10005b2a:	e7ef      	b.n	10005b0c <tud_task_ext+0x690>
10005b2c:	20001eb9 	.word	0x20001eb9
10005b30:	10007f20 	.word	0x10007f20
10005b34:	200014e8 	.word	0x200014e8
10005b38:	200015e4 	.word	0x200015e4
10005b3c:	10007ec4 	.word	0x10007ec4
10005b40:	ab0c      	add	r3, sp, #48	@ 0x30
10005b42:	1c9a      	adds	r2, r3, #2
10005b44:	4658      	mov	r0, fp
10005b46:	2301      	movs	r3, #1
10005b48:	a90e      	add	r1, sp, #56	@ 0x38
10005b4a:	7015      	strb	r5, [r2, #0]
10005b4c:	f000 f94e 	bl	10005dec <tud_control_xfer>
10005b50:	e4a9      	b.n	100054a6 <tud_task_ext+0x2a>
10005b52:	9a0b      	ldr	r2, [sp, #44]	@ 0x2c
10005b54:	2a01      	cmp	r2, #1
10005b56:	d04c      	beq.n	10005bf2 <tud_task_ext+0x776>
10005b58:	2a00      	cmp	r2, #0
10005b5a:	d03c      	beq.n	10005bd6 <tud_task_ext+0x75a>
10005b5c:	2300      	movs	r3, #0
10005b5e:	78b0      	ldrb	r0, [r6, #2]
10005b60:	e004      	b.n	10005b6c <tud_task_ext+0x6f0>
10005b62:	3301      	adds	r3, #1
10005b64:	b2db      	uxtb	r3, r3
10005b66:	710f      	strb	r7, [r1, #4]
10005b68:	4293      	cmp	r3, r2
10005b6a:	d234      	bcs.n	10005bd6 <tud_task_ext+0x75a>
10005b6c:	18c1      	adds	r1, r0, r3
10005b6e:	b2c9      	uxtb	r1, r1
10005b70:	4441      	add	r1, r8
10005b72:	790d      	ldrb	r5, [r1, #4]
10005b74:	2dff      	cmp	r5, #255	@ 0xff
10005b76:	d0f4      	beq.n	10005b62 <tud_task_ext+0x6e6>
10005b78:	464e      	mov	r6, r9
10005b7a:	4645      	mov	r5, r8
10005b7c:	4657      	mov	r7, sl
10005b7e:	2300      	movs	r3, #0
10005b80:	706b      	strb	r3, [r5, #1]
10005b82:	e5fd      	b.n	10005780 <tud_task_ext+0x304>
10005b84:	464e      	mov	r6, r9
10005b86:	4657      	mov	r7, sl
10005b88:	f7ff fbec 	bl	10005364 <tud_mount_cb>
10005b8c:	e64d      	b.n	1000582a <tud_task_ext+0x3ae>
10005b8e:	4655      	mov	r5, sl
10005b90:	2254      	movs	r2, #84	@ 0x54
10005b92:	2100      	movs	r1, #0
10005b94:	0028      	movs	r0, r5
10005b96:	f7fc ffb3 	bl	10002b00 <__wrap_memset>
10005b9a:	2210      	movs	r2, #16
10005b9c:	21ff      	movs	r1, #255	@ 0xff
10005b9e:	1d28      	adds	r0, r5, #4
10005ba0:	f7fc ffae 	bl	10002b00 <__wrap_memset>
10005ba4:	0028      	movs	r0, r5
10005ba6:	2220      	movs	r2, #32
10005ba8:	21ff      	movs	r1, #255	@ 0xff
10005baa:	3014      	adds	r0, #20
10005bac:	f7fc ffa8 	bl	10002b00 <__wrap_memset>
10005bb0:	9b04      	ldr	r3, [sp, #16]
10005bb2:	70ab      	strb	r3, [r5, #2]
10005bb4:	e661      	b.n	1000587a <tud_task_ext+0x3fe>
10005bb6:	4655      	mov	r5, sl
10005bb8:	e7fa      	b.n	10005bb0 <tud_task_ext+0x734>
10005bba:	f7ff fa11 	bl	10004fe0 <tud_descriptor_bos_cb>
10005bbe:	1e02      	subs	r2, r0, #0
10005bc0:	d100      	bne.n	10005bc4 <tud_task_ext+0x748>
10005bc2:	e5dd      	b.n	10005780 <tud_task_ext+0x304>
10005bc4:	78d3      	ldrb	r3, [r2, #3]
10005bc6:	7891      	ldrb	r1, [r2, #2]
10005bc8:	021b      	lsls	r3, r3, #8
10005bca:	430b      	orrs	r3, r1
10005bcc:	4658      	mov	r0, fp
10005bce:	a90e      	add	r1, sp, #56	@ 0x38
10005bd0:	f000 f90c 	bl	10005dec <tud_control_xfer>
10005bd4:	e5e5      	b.n	100057a2 <tud_task_ext+0x326>
10005bd6:	4665      	mov	r5, ip
10005bd8:	003b      	movs	r3, r7
10005bda:	0031      	movs	r1, r6
10005bdc:	002a      	movs	r2, r5
10005bde:	980a      	ldr	r0, [sp, #40]	@ 0x28
10005be0:	f000 fd46 	bl	10006670 <tu_edpt_bind_driver>
10005be4:	9b04      	ldr	r3, [sp, #16]
10005be6:	1976      	adds	r6, r6, r5
10005be8:	781b      	ldrb	r3, [r3, #0]
10005bea:	42bb      	cmp	r3, r7
10005bec:	d300      	bcc.n	10005bf0 <tud_task_ext+0x774>
10005bee:	e679      	b.n	100058e4 <tud_task_ext+0x468>
10005bf0:	e7c2      	b.n	10005b78 <tud_task_ext+0x6fc>
10005bf2:	4b17      	ldr	r3, [pc, #92]	@ (10005c50 <tud_task_ext+0x7d4>)
10005bf4:	6929      	ldr	r1, [r5, #16]
10005bf6:	4299      	cmp	r1, r3
10005bf8:	d1b0      	bne.n	10005b5c <tud_task_ext+0x6e0>
10005bfa:	9a07      	ldr	r2, [sp, #28]
10005bfc:	e7ae      	b.n	10005b5c <tud_task_ext+0x6e0>
10005bfe:	f7ff fbad 	bl	1000535c <tud_descriptor_device_qualifier_cb>
10005c02:	1e02      	subs	r2, r0, #0
10005c04:	d100      	bne.n	10005c08 <tud_task_ext+0x78c>
10005c06:	e5bb      	b.n	10005780 <tud_task_ext+0x304>
10005c08:	4658      	mov	r0, fp
10005c0a:	7813      	ldrb	r3, [r2, #0]
10005c0c:	a90e      	add	r1, sp, #56	@ 0x38
10005c0e:	f000 f8ed 	bl	10005dec <tud_control_xfer>
10005c12:	e5c6      	b.n	100057a2 <tud_task_ext+0x326>
10005c14:	8921      	ldrh	r1, [r4, #8]
10005c16:	f7ff f847 	bl	10004ca8 <tud_descriptor_string_cb>
10005c1a:	1e02      	subs	r2, r0, #0
10005c1c:	d1f4      	bne.n	10005c08 <tud_task_ext+0x78c>
10005c1e:	e5af      	b.n	10005780 <tud_task_ext+0x304>
10005c20:	2b02      	cmp	r3, #2
10005c22:	d00f      	beq.n	10005c44 <tud_task_ext+0x7c8>
10005c24:	f7ff fb9c 	bl	10005360 <tud_descriptor_other_speed_configuration_cb>
10005c28:	1e02      	subs	r2, r0, #0
10005c2a:	d1cb      	bne.n	10005bc4 <tud_task_ext+0x748>
10005c2c:	e5a8      	b.n	10005780 <tud_task_ext+0x304>
10005c2e:	f7ff f833 	bl	10004c98 <tud_descriptor_device_cb>
10005c32:	1e02      	subs	r2, r0, #0
10005c34:	d100      	bne.n	10005c38 <tud_task_ext+0x7bc>
10005c36:	e5a3      	b.n	10005780 <tud_task_ext+0x304>
10005c38:	2312      	movs	r3, #18
10005c3a:	4658      	mov	r0, fp
10005c3c:	a90e      	add	r1, sp, #56	@ 0x38
10005c3e:	f000 f8d5 	bl	10005dec <tud_control_xfer>
10005c42:	e5ae      	b.n	100057a2 <tud_task_ext+0x326>
10005c44:	f7ff f82c 	bl	10004ca0 <tud_descriptor_configuration_cb>
10005c48:	1e02      	subs	r2, r0, #0
10005c4a:	d1bb      	bne.n	10005bc4 <tud_task_ext+0x748>
10005c4c:	e598      	b.n	10005780 <tud_task_ext+0x304>
10005c4e:	46c0      	nop			@ (mov r8, r8)
10005c50:	10006299 	.word	0x10006299

10005c54 <usbd_open_edpt_pair>:
10005c54:	b5f0      	push	{r4, r5, r6, r7, lr}
10005c56:	464f      	mov	r7, r9
10005c58:	4646      	mov	r6, r8
10005c5a:	46d6      	mov	lr, sl
10005c5c:	b5c0      	push	{r6, r7, lr}
10005c5e:	000c      	movs	r4, r1
10005c60:	0016      	movs	r6, r2
10005c62:	001f      	movs	r7, r3
10005c64:	b082      	sub	sp, #8
10005c66:	2a00      	cmp	r2, #0
10005c68:	d03a      	beq.n	10005ce0 <usbd_open_edpt_pair+0x8c>
10005c6a:	2370      	movs	r3, #112	@ 0x70
10005c6c:	4698      	mov	r8, r3
10005c6e:	4b1d      	ldr	r3, [pc, #116]	@ (10005ce4 <usbd_open_edpt_pair+0x90>)
10005c70:	2500      	movs	r5, #0
10005c72:	4699      	mov	r9, r3
10005c74:	4b1c      	ldr	r3, [pc, #112]	@ (10005ce8 <usbd_open_edpt_pair+0x94>)
10005c76:	469a      	mov	sl, r3
10005c78:	e01a      	b.n	10005cb0 <usbd_open_edpt_pair+0x5c>
10005c7a:	464b      	mov	r3, r9
10005c7c:	781b      	ldrb	r3, [r3, #0]
10005c7e:	0020      	movs	r0, r4
10005c80:	9301      	str	r3, [sp, #4]
10005c82:	4653      	mov	r3, sl
10005c84:	7899      	ldrb	r1, [r3, #2]
10005c86:	f000 fcb9 	bl	100065fc <tu_edpt_validate>
10005c8a:	2800      	cmp	r0, #0
10005c8c:	d01c      	beq.n	10005cc8 <usbd_open_edpt_pair+0x74>
10005c8e:	0021      	movs	r1, r4
10005c90:	9801      	ldr	r0, [sp, #4]
10005c92:	f7ff fa55 	bl	10005140 <dcd_edpt_open>
10005c96:	2800      	cmp	r0, #0
10005c98:	d016      	beq.n	10005cc8 <usbd_open_edpt_pair+0x74>
10005c9a:	78a3      	ldrb	r3, [r4, #2]
10005c9c:	09da      	lsrs	r2, r3, #7
10005c9e:	2a01      	cmp	r2, #1
10005ca0:	d019      	beq.n	10005cd6 <usbd_open_edpt_pair+0x82>
10005ca2:	9a0a      	ldr	r2, [sp, #40]	@ 0x28
10005ca4:	3501      	adds	r5, #1
10005ca6:	7013      	strb	r3, [r2, #0]
10005ca8:	42b5      	cmp	r5, r6
10005caa:	da19      	bge.n	10005ce0 <usbd_open_edpt_pair+0x8c>
10005cac:	7823      	ldrb	r3, [r4, #0]
10005cae:	18e4      	adds	r4, r4, r3
10005cb0:	7863      	ldrb	r3, [r4, #1]
10005cb2:	2b05      	cmp	r3, #5
10005cb4:	d108      	bne.n	10005cc8 <usbd_open_edpt_pair+0x74>
10005cb6:	78e3      	ldrb	r3, [r4, #3]
10005cb8:	079b      	lsls	r3, r3, #30
10005cba:	0f9b      	lsrs	r3, r3, #30
10005cbc:	42bb      	cmp	r3, r7
10005cbe:	d103      	bne.n	10005cc8 <usbd_open_edpt_pair+0x74>
10005cc0:	4642      	mov	r2, r8
10005cc2:	78a3      	ldrb	r3, [r4, #2]
10005cc4:	421a      	tst	r2, r3
10005cc6:	d0d8      	beq.n	10005c7a <usbd_open_edpt_pair+0x26>
10005cc8:	2000      	movs	r0, #0
10005cca:	b002      	add	sp, #8
10005ccc:	bce0      	pop	{r5, r6, r7}
10005cce:	46ba      	mov	sl, r7
10005cd0:	46b1      	mov	r9, r6
10005cd2:	46a8      	mov	r8, r5
10005cd4:	bdf0      	pop	{r4, r5, r6, r7, pc}
10005cd6:	9a0b      	ldr	r2, [sp, #44]	@ 0x2c
10005cd8:	3501      	adds	r5, #1
10005cda:	7013      	strb	r3, [r2, #0]
10005cdc:	42b5      	cmp	r5, r6
10005cde:	dbe5      	blt.n	10005cac <usbd_open_edpt_pair+0x58>
10005ce0:	2001      	movs	r0, #1
10005ce2:	e7f2      	b.n	10005cca <usbd_open_edpt_pair+0x76>
10005ce4:	2000107c 	.word	0x2000107c
10005ce8:	200015d0 	.word	0x200015d0

10005cec <usbd_edpt_open>:
10005cec:	2270      	movs	r2, #112	@ 0x70
10005cee:	b570      	push	{r4, r5, r6, lr}
10005cf0:	788b      	ldrb	r3, [r1, #2]
10005cf2:	000c      	movs	r4, r1
10005cf4:	421a      	tst	r2, r3
10005cf6:	d001      	beq.n	10005cfc <usbd_edpt_open+0x10>
10005cf8:	2000      	movs	r0, #0
10005cfa:	bd70      	pop	{r4, r5, r6, pc}
10005cfc:	4b06      	ldr	r3, [pc, #24]	@ (10005d18 <usbd_edpt_open+0x2c>)
10005cfe:	0020      	movs	r0, r4
10005d00:	781d      	ldrb	r5, [r3, #0]
10005d02:	4b06      	ldr	r3, [pc, #24]	@ (10005d1c <usbd_edpt_open+0x30>)
10005d04:	7899      	ldrb	r1, [r3, #2]
10005d06:	f000 fc79 	bl	100065fc <tu_edpt_validate>
10005d0a:	2800      	cmp	r0, #0
10005d0c:	d0f4      	beq.n	10005cf8 <usbd_edpt_open+0xc>
10005d0e:	0021      	movs	r1, r4
10005d10:	0028      	movs	r0, r5
10005d12:	f7ff fa15 	bl	10005140 <dcd_edpt_open>
10005d16:	e7f0      	b.n	10005cfa <usbd_edpt_open+0xe>
10005d18:	2000107c 	.word	0x2000107c
10005d1c:	200015d0 	.word	0x200015d0

10005d20 <usbd_edpt_claim>:
10005d20:	207f      	movs	r0, #127	@ 0x7f
10005d22:	4b07      	ldr	r3, [pc, #28]	@ (10005d40 <usbd_edpt_claim+0x20>)
10005d24:	b510      	push	{r4, lr}
10005d26:	681a      	ldr	r2, [r3, #0]
10005d28:	4008      	ands	r0, r1
10005d2a:	09cb      	lsrs	r3, r1, #7
10005d2c:	3334      	adds	r3, #52	@ 0x34
10005d2e:	0040      	lsls	r0, r0, #1
10005d30:	18c0      	adds	r0, r0, r3
10005d32:	4b04      	ldr	r3, [pc, #16]	@ (10005d44 <usbd_edpt_claim+0x24>)
10005d34:	0011      	movs	r1, r2
10005d36:	18c0      	adds	r0, r0, r3
10005d38:	f000 fc1c 	bl	10006574 <tu_edpt_claim>
10005d3c:	bd10      	pop	{r4, pc}
10005d3e:	46c0      	nop			@ (mov r8, r8)
10005d40:	20001624 	.word	0x20001624
10005d44:	200015d0 	.word	0x200015d0

10005d48 <usbd_edpt_release>:
10005d48:	207f      	movs	r0, #127	@ 0x7f
10005d4a:	4b07      	ldr	r3, [pc, #28]	@ (10005d68 <usbd_edpt_release+0x20>)
10005d4c:	b510      	push	{r4, lr}
10005d4e:	681a      	ldr	r2, [r3, #0]
10005d50:	4008      	ands	r0, r1
10005d52:	09cb      	lsrs	r3, r1, #7
10005d54:	3334      	adds	r3, #52	@ 0x34
10005d56:	0040      	lsls	r0, r0, #1
10005d58:	18c0      	adds	r0, r0, r3
10005d5a:	4b04      	ldr	r3, [pc, #16]	@ (10005d6c <usbd_edpt_release+0x24>)
10005d5c:	0011      	movs	r1, r2
10005d5e:	18c0      	adds	r0, r0, r3
10005d60:	f000 fc30 	bl	100065c4 <tu_edpt_release>
10005d64:	bd10      	pop	{r4, pc}
10005d66:	46c0      	nop			@ (mov r8, r8)
10005d68:	20001624 	.word	0x20001624
10005d6c:	200015d0 	.word	0x200015d0

10005d70 <usbd_edpt_xfer>:
10005d70:	b570      	push	{r4, r5, r6, lr}
10005d72:	247f      	movs	r4, #127	@ 0x7f
10005d74:	09c8      	lsrs	r0, r1, #7
10005d76:	4684      	mov	ip, r0
10005d78:	400c      	ands	r4, r1
10005d7a:	480f      	ldr	r0, [pc, #60]	@ (10005db8 <usbd_edpt_xfer+0x48>)
10005d7c:	0064      	lsls	r4, r4, #1
10005d7e:	1904      	adds	r4, r0, r4
10005d80:	4464      	add	r4, ip
10005d82:	3430      	adds	r4, #48	@ 0x30
10005d84:	7920      	ldrb	r0, [r4, #4]
10005d86:	07c0      	lsls	r0, r0, #31
10005d88:	d501      	bpl.n	10005d8e <usbd_edpt_xfer+0x1e>
10005d8a:	2000      	movs	r0, #0
10005d8c:	bd70      	pop	{r4, r5, r6, pc}
10005d8e:	480b      	ldr	r0, [pc, #44]	@ (10005dbc <usbd_edpt_xfer+0x4c>)
10005d90:	2501      	movs	r5, #1
10005d92:	7800      	ldrb	r0, [r0, #0]
10005d94:	4684      	mov	ip, r0
10005d96:	7920      	ldrb	r0, [r4, #4]
10005d98:	4328      	orrs	r0, r5
10005d9a:	7120      	strb	r0, [r4, #4]
10005d9c:	4660      	mov	r0, ip
10005d9e:	f7ff fa51 	bl	10005244 <dcd_edpt_xfer>
10005da2:	2800      	cmp	r0, #0
10005da4:	d1f2      	bne.n	10005d8c <usbd_edpt_xfer+0x1c>
10005da6:	2201      	movs	r2, #1
10005da8:	7923      	ldrb	r3, [r4, #4]
10005daa:	4393      	bics	r3, r2
10005dac:	7123      	strb	r3, [r4, #4]
10005dae:	7923      	ldrb	r3, [r4, #4]
10005db0:	3203      	adds	r2, #3
10005db2:	4393      	bics	r3, r2
10005db4:	7123      	strb	r3, [r4, #4]
10005db6:	e7e8      	b.n	10005d8a <usbd_edpt_xfer+0x1a>
10005db8:	200015d0 	.word	0x200015d0
10005dbc:	2000107c 	.word	0x2000107c

10005dc0 <tud_control_status>:
10005dc0:	b570      	push	{r4, r5, r6, lr}
10005dc2:	4c09      	ldr	r4, [pc, #36]	@ (10005de8 <tud_control_status+0x28>)
10005dc4:	0006      	movs	r6, r0
10005dc6:	2208      	movs	r2, #8
10005dc8:	0020      	movs	r0, r4
10005dca:	000d      	movs	r5, r1
10005dcc:	f7fc fe9e 	bl	10002b0c <__wrap___aeabi_memcpy>
10005dd0:	2300      	movs	r3, #0
10005dd2:	2180      	movs	r1, #128	@ 0x80
10005dd4:	60e3      	str	r3, [r4, #12]
10005dd6:	60a3      	str	r3, [r4, #8]
10005dd8:	782b      	ldrb	r3, [r5, #0]
10005dda:	0030      	movs	r0, r6
10005ddc:	4399      	bics	r1, r3
10005dde:	2200      	movs	r2, #0
10005de0:	2300      	movs	r3, #0
10005de2:	f7ff ffc5 	bl	10005d70 <usbd_edpt_xfer>
10005de6:	bd70      	pop	{r4, r5, r6, pc}
10005de8:	200015b0 	.word	0x200015b0

10005dec <tud_control_xfer>:
10005dec:	b5f0      	push	{r4, r5, r6, r7, lr}
10005dee:	46c6      	mov	lr, r8
10005df0:	4c24      	ldr	r4, [pc, #144]	@ (10005e84 <tud_control_xfer+0x98>)
10005df2:	0017      	movs	r7, r2
10005df4:	4680      	mov	r8, r0
10005df6:	2208      	movs	r2, #8
10005df8:	0020      	movs	r0, r4
10005dfa:	b500      	push	{lr}
10005dfc:	000d      	movs	r5, r1
10005dfe:	001e      	movs	r6, r3
10005e00:	f7fc fe84 	bl	10002b0c <__wrap___aeabi_memcpy>
10005e04:	2300      	movs	r3, #0
10005e06:	60a7      	str	r7, [r4, #8]
10005e08:	81e3      	strh	r3, [r4, #14]
10005e0a:	79eb      	ldrb	r3, [r5, #7]
10005e0c:	79aa      	ldrb	r2, [r5, #6]
10005e0e:	021b      	lsls	r3, r3, #8
10005e10:	4313      	orrs	r3, r2
10005e12:	1c1a      	adds	r2, r3, #0
10005e14:	42b3      	cmp	r3, r6
10005e16:	d900      	bls.n	10005e1a <tud_control_xfer+0x2e>
10005e18:	1c32      	adds	r2, r6, #0
10005e1a:	b296      	uxth	r6, r2
10005e1c:	81a2      	strh	r2, [r4, #12]
10005e1e:	2b00      	cmp	r3, #0
10005e20:	d00c      	beq.n	10005e3c <tud_control_xfer+0x50>
10005e22:	2e00      	cmp	r6, #0
10005e24:	d015      	beq.n	10005e52 <tud_control_xfer+0x66>
10005e26:	2f00      	cmp	r7, #0
10005e28:	d02a      	beq.n	10005e80 <tud_control_xfer+0x94>
10005e2a:	2e40      	cmp	r6, #64	@ 0x40
10005e2c:	d81a      	bhi.n	10005e64 <tud_control_xfer+0x78>
10005e2e:	7823      	ldrb	r3, [r4, #0]
10005e30:	b296      	uxth	r6, r2
10005e32:	2b7f      	cmp	r3, #127	@ 0x7f
10005e34:	d81b      	bhi.n	10005e6e <tud_control_xfer+0x82>
10005e36:	2100      	movs	r1, #0
10005e38:	4a13      	ldr	r2, [pc, #76]	@ (10005e88 <tud_control_xfer+0x9c>)
10005e3a:	e00e      	b.n	10005e5a <tud_control_xfer+0x6e>
10005e3c:	2180      	movs	r1, #128	@ 0x80
10005e3e:	782b      	ldrb	r3, [r5, #0]
10005e40:	2200      	movs	r2, #0
10005e42:	4399      	bics	r1, r3
10005e44:	4640      	mov	r0, r8
10005e46:	2300      	movs	r3, #0
10005e48:	f7ff ff92 	bl	10005d70 <usbd_edpt_xfer>
10005e4c:	bc80      	pop	{r7}
10005e4e:	46b8      	mov	r8, r7
10005e50:	bdf0      	pop	{r4, r5, r6, r7, pc}
10005e52:	237f      	movs	r3, #127	@ 0x7f
10005e54:	2200      	movs	r2, #0
10005e56:	7821      	ldrb	r1, [r4, #0]
10005e58:	4399      	bics	r1, r3
10005e5a:	0033      	movs	r3, r6
10005e5c:	4640      	mov	r0, r8
10005e5e:	f7ff ff87 	bl	10005d70 <usbd_edpt_xfer>
10005e62:	e7f3      	b.n	10005e4c <tud_control_xfer+0x60>
10005e64:	2240      	movs	r2, #64	@ 0x40
10005e66:	7823      	ldrb	r3, [r4, #0]
10005e68:	b296      	uxth	r6, r2
10005e6a:	2b7f      	cmp	r3, #127	@ 0x7f
10005e6c:	d9e3      	bls.n	10005e36 <tud_control_xfer+0x4a>
10005e6e:	4c06      	ldr	r4, [pc, #24]	@ (10005e88 <tud_control_xfer+0x9c>)
10005e70:	0032      	movs	r2, r6
10005e72:	0039      	movs	r1, r7
10005e74:	0020      	movs	r0, r4
10005e76:	f7fc fe49 	bl	10002b0c <__wrap___aeabi_memcpy>
10005e7a:	2180      	movs	r1, #128	@ 0x80
10005e7c:	0022      	movs	r2, r4
10005e7e:	e7ec      	b.n	10005e5a <tud_control_xfer+0x6e>
10005e80:	2000      	movs	r0, #0
10005e82:	e7e3      	b.n	10005e4c <tud_control_xfer+0x60>
10005e84:	200015b0 	.word	0x200015b0
10005e88:	20001570 	.word	0x20001570

10005e8c <usbd_control_reset>:
10005e8c:	b510      	push	{r4, lr}
10005e8e:	2214      	movs	r2, #20
10005e90:	2100      	movs	r1, #0
10005e92:	4802      	ldr	r0, [pc, #8]	@ (10005e9c <usbd_control_reset+0x10>)
10005e94:	f7fc fe34 	bl	10002b00 <__wrap_memset>
10005e98:	bd10      	pop	{r4, pc}
10005e9a:	46c0      	nop			@ (mov r8, r8)
10005e9c:	200015b0 	.word	0x200015b0

10005ea0 <usbd_control_set_complete_callback>:
10005ea0:	4b01      	ldr	r3, [pc, #4]	@ (10005ea8 <usbd_control_set_complete_callback+0x8>)
10005ea2:	6118      	str	r0, [r3, #16]
10005ea4:	4770      	bx	lr
10005ea6:	46c0      	nop			@ (mov r8, r8)
10005ea8:	200015b0 	.word	0x200015b0

10005eac <usbd_control_set_request>:
10005eac:	b510      	push	{r4, lr}
10005eae:	4c05      	ldr	r4, [pc, #20]	@ (10005ec4 <usbd_control_set_request+0x18>)
10005eb0:	0001      	movs	r1, r0
10005eb2:	2208      	movs	r2, #8
10005eb4:	0020      	movs	r0, r4
10005eb6:	f7fc fe29 	bl	10002b0c <__wrap___aeabi_memcpy>
10005eba:	2300      	movs	r3, #0
10005ebc:	60a3      	str	r3, [r4, #8]
10005ebe:	60e3      	str	r3, [r4, #12]
10005ec0:	bd10      	pop	{r4, pc}
10005ec2:	46c0      	nop			@ (mov r8, r8)
10005ec4:	200015b0 	.word	0x200015b0

10005ec8 <usbd_control_xfer_cb>:
10005ec8:	b570      	push	{r4, r5, r6, lr}
10005eca:	4c37      	ldr	r4, [pc, #220]	@ (10005fa8 <usbd_control_xfer_cb+0xe0>)
10005ecc:	001d      	movs	r5, r3
10005ece:	7823      	ldrb	r3, [r4, #0]
10005ed0:	0006      	movs	r6, r0
10005ed2:	09da      	lsrs	r2, r3, #7
10005ed4:	09c9      	lsrs	r1, r1, #7
10005ed6:	428a      	cmp	r2, r1
10005ed8:	d010      	beq.n	10005efc <usbd_control_xfer_cb+0x34>
10005eda:	2000      	movs	r0, #0
10005edc:	2d00      	cmp	r5, #0
10005ede:	d000      	beq.n	10005ee2 <usbd_control_xfer_cb+0x1a>
10005ee0:	bd70      	pop	{r4, r5, r6, pc}
10005ee2:	0021      	movs	r1, r4
10005ee4:	0030      	movs	r0, r6
10005ee6:	f7ff f91d 	bl	10005124 <dcd_edpt0_status_complete>
10005eea:	6923      	ldr	r3, [r4, #16]
10005eec:	2b00      	cmp	r3, #0
10005eee:	d003      	beq.n	10005ef8 <usbd_control_xfer_cb+0x30>
10005ef0:	0022      	movs	r2, r4
10005ef2:	2103      	movs	r1, #3
10005ef4:	0030      	movs	r0, r6
10005ef6:	4798      	blx	r3
10005ef8:	2001      	movs	r0, #1
10005efa:	e7f1      	b.n	10005ee0 <usbd_control_xfer_cb+0x18>
10005efc:	2b7f      	cmp	r3, #127	@ 0x7f
10005efe:	d806      	bhi.n	10005f0e <usbd_control_xfer_cb+0x46>
10005f00:	68a0      	ldr	r0, [r4, #8]
10005f02:	2800      	cmp	r0, #0
10005f04:	d0ec      	beq.n	10005ee0 <usbd_control_xfer_cb+0x18>
10005f06:	002a      	movs	r2, r5
10005f08:	4928      	ldr	r1, [pc, #160]	@ (10005fac <usbd_control_xfer_cb+0xe4>)
10005f0a:	f7fc fdff 	bl	10002b0c <__wrap___aeabi_memcpy>
10005f0e:	89e2      	ldrh	r2, [r4, #14]
10005f10:	68a1      	ldr	r1, [r4, #8]
10005f12:	1952      	adds	r2, r2, r5
10005f14:	88e3      	ldrh	r3, [r4, #6]
10005f16:	b292      	uxth	r2, r2
10005f18:	1949      	adds	r1, r1, r5
10005f1a:	81e2      	strh	r2, [r4, #14]
10005f1c:	60a1      	str	r1, [r4, #8]
10005f1e:	4293      	cmp	r3, r2
10005f20:	d014      	beq.n	10005f4c <usbd_control_xfer_cb+0x84>
10005f22:	2d3f      	cmp	r5, #63	@ 0x3f
10005f24:	d912      	bls.n	10005f4c <usbd_control_xfer_cb+0x84>
10005f26:	89a3      	ldrh	r3, [r4, #12]
10005f28:	1a98      	subs	r0, r3, r2
10005f2a:	1c05      	adds	r5, r0, #0
10005f2c:	b280      	uxth	r0, r0
10005f2e:	2840      	cmp	r0, #64	@ 0x40
10005f30:	d828      	bhi.n	10005f84 <usbd_control_xfer_cb+0xbc>
10005f32:	7820      	ldrb	r0, [r4, #0]
10005f34:	b2ad      	uxth	r5, r5
10005f36:	287f      	cmp	r0, #127	@ 0x7f
10005f38:	d826      	bhi.n	10005f88 <usbd_control_xfer_cb+0xc0>
10005f3a:	2100      	movs	r1, #0
10005f3c:	429a      	cmp	r2, r3
10005f3e:	d030      	beq.n	10005fa2 <usbd_control_xfer_cb+0xda>
10005f40:	4a1a      	ldr	r2, [pc, #104]	@ (10005fac <usbd_control_xfer_cb+0xe4>)
10005f42:	002b      	movs	r3, r5
10005f44:	0030      	movs	r0, r6
10005f46:	f7ff ff13 	bl	10005d70 <usbd_edpt_xfer>
10005f4a:	e7c9      	b.n	10005ee0 <usbd_control_xfer_cb+0x18>
10005f4c:	6923      	ldr	r3, [r4, #16]
10005f4e:	2b00      	cmp	r3, #0
10005f50:	d005      	beq.n	10005f5e <usbd_control_xfer_cb+0x96>
10005f52:	0022      	movs	r2, r4
10005f54:	2102      	movs	r1, #2
10005f56:	0030      	movs	r0, r6
10005f58:	4798      	blx	r3
10005f5a:	2800      	cmp	r0, #0
10005f5c:	d008      	beq.n	10005f70 <usbd_control_xfer_cb+0xa8>
10005f5e:	2180      	movs	r1, #128	@ 0x80
10005f60:	7823      	ldrb	r3, [r4, #0]
10005f62:	2200      	movs	r2, #0
10005f64:	4399      	bics	r1, r3
10005f66:	0030      	movs	r0, r6
10005f68:	2300      	movs	r3, #0
10005f6a:	f7ff ff01 	bl	10005d70 <usbd_edpt_xfer>
10005f6e:	e7b7      	b.n	10005ee0 <usbd_control_xfer_cb+0x18>
10005f70:	2100      	movs	r1, #0
10005f72:	0030      	movs	r0, r6
10005f74:	f7ff f978 	bl	10005268 <dcd_edpt_stall>
10005f78:	0030      	movs	r0, r6
10005f7a:	2180      	movs	r1, #128	@ 0x80
10005f7c:	f7ff f974 	bl	10005268 <dcd_edpt_stall>
10005f80:	2001      	movs	r0, #1
10005f82:	e7ad      	b.n	10005ee0 <usbd_control_xfer_cb+0x18>
10005f84:	2540      	movs	r5, #64	@ 0x40
10005f86:	e7d4      	b.n	10005f32 <usbd_control_xfer_cb+0x6a>
10005f88:	429a      	cmp	r2, r3
10005f8a:	d007      	beq.n	10005f9c <usbd_control_xfer_cb+0xd4>
10005f8c:	4c07      	ldr	r4, [pc, #28]	@ (10005fac <usbd_control_xfer_cb+0xe4>)
10005f8e:	002a      	movs	r2, r5
10005f90:	0020      	movs	r0, r4
10005f92:	f7fc fdbb 	bl	10002b0c <__wrap___aeabi_memcpy>
10005f96:	2180      	movs	r1, #128	@ 0x80
10005f98:	0022      	movs	r2, r4
10005f9a:	e7d2      	b.n	10005f42 <usbd_control_xfer_cb+0x7a>
10005f9c:	2180      	movs	r1, #128	@ 0x80
10005f9e:	2200      	movs	r2, #0
10005fa0:	e7cf      	b.n	10005f42 <usbd_control_xfer_cb+0x7a>
10005fa2:	2200      	movs	r2, #0
10005fa4:	e7cd      	b.n	10005f42 <usbd_control_xfer_cb+0x7a>
10005fa6:	46c0      	nop			@ (mov r8, r8)
10005fa8:	200015b0 	.word	0x200015b0
10005fac:	20001570 	.word	0x20001570

10005fb0 <_prep_out_transaction.isra.0>:
10005fb0:	b570      	push	{r4, r5, r6, lr}
10005fb2:	0004      	movs	r4, r0
10005fb4:	f7ff f9de 	bl	10005374 <tud_mounted>
10005fb8:	2800      	cmp	r0, #0
10005fba:	d100      	bne.n	10005fbe <_prep_out_transaction.isra.0+0xe>
10005fbc:	bd70      	pop	{r4, r5, r6, pc}
10005fbe:	f7ff f9e1 	bl	10005384 <tud_suspended>
10005fc2:	2800      	cmp	r0, #0
10005fc4:	d1fa      	bne.n	10005fbc <_prep_out_transaction.isra.0+0xc>
10005fc6:	23c8      	movs	r3, #200	@ 0xc8
10005fc8:	4363      	muls	r3, r4
10005fca:	4a12      	ldr	r2, [pc, #72]	@ (10006014 <_prep_out_transaction.isra.0+0x64>)
10005fcc:	0025      	movs	r5, r4
10005fce:	18d4      	adds	r4, r2, r3
10005fd0:	78e1      	ldrb	r1, [r4, #3]
10005fd2:	2900      	cmp	r1, #0
10005fd4:	d0f2      	beq.n	10005fbc <_prep_out_transaction.isra.0+0xc>
10005fd6:	3310      	adds	r3, #16
10005fd8:	189e      	adds	r6, r3, r2
10005fda:	0030      	movs	r0, r6
10005fdc:	f000 fbb6 	bl	1000674c <tu_fifo_remaining>
10005fe0:	283f      	cmp	r0, #63	@ 0x3f
10005fe2:	d9eb      	bls.n	10005fbc <_prep_out_transaction.isra.0+0xc>
10005fe4:	2000      	movs	r0, #0
10005fe6:	78e1      	ldrb	r1, [r4, #3]
10005fe8:	f7ff fe9a 	bl	10005d20 <usbd_edpt_claim>
10005fec:	2800      	cmp	r0, #0
10005fee:	d0e5      	beq.n	10005fbc <_prep_out_transaction.isra.0+0xc>
10005ff0:	0030      	movs	r0, r6
10005ff2:	f000 fbab 	bl	1000674c <tu_fifo_remaining>
10005ff6:	78e1      	ldrb	r1, [r4, #3]
10005ff8:	283f      	cmp	r0, #63	@ 0x3f
10005ffa:	d907      	bls.n	1000600c <_prep_out_transaction.isra.0+0x5c>
10005ffc:	4b06      	ldr	r3, [pc, #24]	@ (10006018 <_prep_out_transaction.isra.0+0x68>)
10005ffe:	01ea      	lsls	r2, r5, #7
10006000:	18d2      	adds	r2, r2, r3
10006002:	2000      	movs	r0, #0
10006004:	2340      	movs	r3, #64	@ 0x40
10006006:	f7ff feb3 	bl	10005d70 <usbd_edpt_xfer>
1000600a:	e7d7      	b.n	10005fbc <_prep_out_transaction.isra.0+0xc>
1000600c:	2000      	movs	r0, #0
1000600e:	f7ff fe9b 	bl	10005d48 <usbd_edpt_release>
10006012:	e7d3      	b.n	10005fbc <_prep_out_transaction.isra.0+0xc>
10006014:	20001098 	.word	0x20001098
10006018:	200014ec 	.word	0x200014ec

1000601c <tud_cdc_n_connected>:
1000601c:	b510      	push	{r4, lr}
1000601e:	0004      	movs	r4, r0
10006020:	f7ff f9a8 	bl	10005374 <tud_mounted>
10006024:	2800      	cmp	r0, #0
10006026:	d101      	bne.n	1000602c <tud_cdc_n_connected+0x10>
10006028:	2000      	movs	r0, #0
1000602a:	bd10      	pop	{r4, pc}
1000602c:	f7ff f9aa 	bl	10005384 <tud_suspended>
10006030:	2800      	cmp	r0, #0
10006032:	d1f9      	bne.n	10006028 <tud_cdc_n_connected+0xc>
10006034:	22c8      	movs	r2, #200	@ 0xc8
10006036:	4362      	muls	r2, r4
10006038:	4b02      	ldr	r3, [pc, #8]	@ (10006044 <tud_cdc_n_connected+0x28>)
1000603a:	3001      	adds	r0, #1
1000603c:	189b      	adds	r3, r3, r2
1000603e:	791b      	ldrb	r3, [r3, #4]
10006040:	4018      	ands	r0, r3
10006042:	e7f2      	b.n	1000602a <tud_cdc_n_connected+0xe>
10006044:	20001098 	.word	0x20001098

10006048 <tud_cdc_n_available>:
10006048:	23c8      	movs	r3, #200	@ 0xc8
1000604a:	b510      	push	{r4, lr}
1000604c:	4343      	muls	r3, r0
1000604e:	4802      	ldr	r0, [pc, #8]	@ (10006058 <tud_cdc_n_available+0x10>)
10006050:	1818      	adds	r0, r3, r0
10006052:	f000 fb5d 	bl	10006710 <tu_fifo_count>
10006056:	bd10      	pop	{r4, pc}
10006058:	200010a8 	.word	0x200010a8

1000605c <tud_cdc_n_read>:
1000605c:	b5f8      	push	{r3, r4, r5, r6, r7, lr}
1000605e:	23c8      	movs	r3, #200	@ 0xc8
10006060:	4343      	muls	r3, r0
10006062:	4d1d      	ldr	r5, [pc, #116]	@ (100060d8 <tud_cdc_n_read+0x7c>)
10006064:	3310      	adds	r3, #16
10006066:	18ee      	adds	r6, r5, r3
10006068:	2380      	movs	r3, #128	@ 0x80
1000606a:	0004      	movs	r4, r0
1000606c:	025b      	lsls	r3, r3, #9
1000606e:	429a      	cmp	r2, r3
10006070:	d300      	bcc.n	10006074 <tud_cdc_n_read+0x18>
10006072:	4a1a      	ldr	r2, [pc, #104]	@ (100060dc <tud_cdc_n_read+0x80>)
10006074:	0030      	movs	r0, r6
10006076:	b292      	uxth	r2, r2
10006078:	f000 fbcc 	bl	10006814 <tu_fifo_read_n>
1000607c:	0007      	movs	r7, r0
1000607e:	f7ff f979 	bl	10005374 <tud_mounted>
10006082:	2800      	cmp	r0, #0
10006084:	d101      	bne.n	1000608a <tud_cdc_n_read+0x2e>
10006086:	0038      	movs	r0, r7
10006088:	bdf8      	pop	{r3, r4, r5, r6, r7, pc}
1000608a:	f7ff f97b 	bl	10005384 <tud_suspended>
1000608e:	2800      	cmp	r0, #0
10006090:	d1f9      	bne.n	10006086 <tud_cdc_n_read+0x2a>
10006092:	23c8      	movs	r3, #200	@ 0xc8
10006094:	4363      	muls	r3, r4
10006096:	18ed      	adds	r5, r5, r3
10006098:	78eb      	ldrb	r3, [r5, #3]
1000609a:	2b00      	cmp	r3, #0
1000609c:	d0f3      	beq.n	10006086 <tud_cdc_n_read+0x2a>
1000609e:	0030      	movs	r0, r6
100060a0:	f000 fb54 	bl	1000674c <tu_fifo_remaining>
100060a4:	283f      	cmp	r0, #63	@ 0x3f
100060a6:	d9ee      	bls.n	10006086 <tud_cdc_n_read+0x2a>
100060a8:	2000      	movs	r0, #0
100060aa:	78e9      	ldrb	r1, [r5, #3]
100060ac:	f7ff fe38 	bl	10005d20 <usbd_edpt_claim>
100060b0:	2800      	cmp	r0, #0
100060b2:	d0e8      	beq.n	10006086 <tud_cdc_n_read+0x2a>
100060b4:	0030      	movs	r0, r6
100060b6:	f000 fb49 	bl	1000674c <tu_fifo_remaining>
100060ba:	78e9      	ldrb	r1, [r5, #3]
100060bc:	283f      	cmp	r0, #63	@ 0x3f
100060be:	d907      	bls.n	100060d0 <tud_cdc_n_read+0x74>
100060c0:	4b07      	ldr	r3, [pc, #28]	@ (100060e0 <tud_cdc_n_read+0x84>)
100060c2:	01e2      	lsls	r2, r4, #7
100060c4:	18d2      	adds	r2, r2, r3
100060c6:	2000      	movs	r0, #0
100060c8:	2340      	movs	r3, #64	@ 0x40
100060ca:	f7ff fe51 	bl	10005d70 <usbd_edpt_xfer>
100060ce:	e7da      	b.n	10006086 <tud_cdc_n_read+0x2a>
100060d0:	2000      	movs	r0, #0
100060d2:	f7ff fe39 	bl	10005d48 <usbd_edpt_release>
100060d6:	e7d6      	b.n	10006086 <tud_cdc_n_read+0x2a>
100060d8:	20001098 	.word	0x20001098
100060dc:	0000ffff 	.word	0x0000ffff
100060e0:	200014ec 	.word	0x200014ec

100060e4 <tud_cdc_n_write_flush>:
100060e4:	b5f8      	push	{r3, r4, r5, r6, r7, lr}
100060e6:	0004      	movs	r4, r0
100060e8:	f7ff f944 	bl	10005374 <tud_mounted>
100060ec:	2800      	cmp	r0, #0
100060ee:	d101      	bne.n	100060f4 <tud_cdc_n_write_flush+0x10>
100060f0:	2000      	movs	r0, #0
100060f2:	bdf8      	pop	{r3, r4, r5, r6, r7, pc}
100060f4:	f7ff f946 	bl	10005384 <tud_suspended>
100060f8:	2800      	cmp	r0, #0
100060fa:	d1f9      	bne.n	100060f0 <tud_cdc_n_write_flush+0xc>
100060fc:	23c8      	movs	r3, #200	@ 0xc8
100060fe:	0025      	movs	r5, r4
10006100:	435d      	muls	r5, r3
10006102:	002b      	movs	r3, r5
10006104:	4e13      	ldr	r6, [pc, #76]	@ (10006154 <tud_cdc_n_write_flush+0x70>)
10006106:	3324      	adds	r3, #36	@ 0x24
10006108:	18f7      	adds	r7, r6, r3
1000610a:	0038      	movs	r0, r7
1000610c:	f000 fb00 	bl	10006710 <tu_fifo_count>
10006110:	2800      	cmp	r0, #0
10006112:	d0ed      	beq.n	100060f0 <tud_cdc_n_write_flush+0xc>
10006114:	1975      	adds	r5, r6, r5
10006116:	2000      	movs	r0, #0
10006118:	78a9      	ldrb	r1, [r5, #2]
1000611a:	f7ff fe01 	bl	10005d20 <usbd_edpt_claim>
1000611e:	2800      	cmp	r0, #0
10006120:	d0e6      	beq.n	100060f0 <tud_cdc_n_write_flush+0xc>
10006122:	4a0d      	ldr	r2, [pc, #52]	@ (10006158 <tud_cdc_n_write_flush+0x74>)
10006124:	01e3      	lsls	r3, r4, #7
10006126:	189c      	adds	r4, r3, r2
10006128:	0021      	movs	r1, r4
1000612a:	2240      	movs	r2, #64	@ 0x40
1000612c:	0038      	movs	r0, r7
1000612e:	f000 fb71 	bl	10006814 <tu_fifo_read_n>
10006132:	78a9      	ldrb	r1, [r5, #2]
10006134:	0003      	movs	r3, r0
10006136:	1e05      	subs	r5, r0, #0
10006138:	d007      	beq.n	1000614a <tud_cdc_n_write_flush+0x66>
1000613a:	0022      	movs	r2, r4
1000613c:	2000      	movs	r0, #0
1000613e:	f7ff fe17 	bl	10005d70 <usbd_edpt_xfer>
10006142:	2800      	cmp	r0, #0
10006144:	d0d4      	beq.n	100060f0 <tud_cdc_n_write_flush+0xc>
10006146:	0028      	movs	r0, r5
10006148:	e7d3      	b.n	100060f2 <tud_cdc_n_write_flush+0xe>
1000614a:	2000      	movs	r0, #0
1000614c:	f7ff fdfc 	bl	10005d48 <usbd_edpt_release>
10006150:	e7ce      	b.n	100060f0 <tud_cdc_n_write_flush+0xc>
10006152:	46c0      	nop			@ (mov r8, r8)
10006154:	20001098 	.word	0x20001098
10006158:	2000152c 	.word	0x2000152c

1000615c <tud_cdc_n_write>:
1000615c:	b570      	push	{r4, r5, r6, lr}
1000615e:	24c8      	movs	r4, #200	@ 0xc8
10006160:	4344      	muls	r4, r0
10006162:	4b0c      	ldr	r3, [pc, #48]	@ (10006194 <tud_cdc_n_write+0x38>)
10006164:	0005      	movs	r5, r0
10006166:	18e4      	adds	r4, r4, r3
10006168:	2380      	movs	r3, #128	@ 0x80
1000616a:	025b      	lsls	r3, r3, #9
1000616c:	429a      	cmp	r2, r3
1000616e:	d300      	bcc.n	10006172 <tud_cdc_n_write+0x16>
10006170:	4a09      	ldr	r2, [pc, #36]	@ (10006198 <tud_cdc_n_write+0x3c>)
10006172:	0020      	movs	r0, r4
10006174:	b292      	uxth	r2, r2
10006176:	f000 fc15 	bl	100069a4 <tu_fifo_write_n>
1000617a:	0006      	movs	r6, r0
1000617c:	0020      	movs	r0, r4
1000617e:	f000 fac7 	bl	10006710 <tu_fifo_count>
10006182:	283f      	cmp	r0, #63	@ 0x3f
10006184:	d801      	bhi.n	1000618a <tud_cdc_n_write+0x2e>
10006186:	0030      	movs	r0, r6
10006188:	bd70      	pop	{r4, r5, r6, pc}
1000618a:	0028      	movs	r0, r5
1000618c:	f7ff ffaa 	bl	100060e4 <tud_cdc_n_write_flush>
10006190:	e7f9      	b.n	10006186 <tud_cdc_n_write+0x2a>
10006192:	46c0      	nop			@ (mov r8, r8)
10006194:	200010bc 	.word	0x200010bc
10006198:	0000ffff 	.word	0x0000ffff

1000619c <tud_cdc_n_write_available>:
1000619c:	23c8      	movs	r3, #200	@ 0xc8
1000619e:	b510      	push	{r4, lr}
100061a0:	4343      	muls	r3, r0
100061a2:	4802      	ldr	r0, [pc, #8]	@ (100061ac <tud_cdc_n_write_available+0x10>)
100061a4:	1818      	adds	r0, r3, r0
100061a6:	f000 fad1 	bl	1000674c <tu_fifo_remaining>
100061aa:	bd10      	pop	{r4, pc}
100061ac:	200010bc 	.word	0x200010bc

100061b0 <cdcd_init>:
100061b0:	b5f0      	push	{r4, r5, r6, r7, lr}
100061b2:	2500      	movs	r5, #0
100061b4:	4c18      	ldr	r4, [pc, #96]	@ (10006218 <cdcd_init+0x68>)
100061b6:	b083      	sub	sp, #12
100061b8:	22c8      	movs	r2, #200	@ 0xc8
100061ba:	2100      	movs	r1, #0
100061bc:	0020      	movs	r0, r4
100061be:	f7fc fc9f 	bl	10002b00 <__wrap_memset>
100061c2:	4b16      	ldr	r3, [pc, #88]	@ (1000621c <cdcd_init+0x6c>)
100061c4:	0021      	movs	r1, r4
100061c6:	701d      	strb	r5, [r3, #0]
100061c8:	23ff      	movs	r3, #255	@ 0xff
100061ca:	7163      	strb	r3, [r4, #5]
100061cc:	23e1      	movs	r3, #225	@ 0xe1
100061ce:	025b      	lsls	r3, r3, #9
100061d0:	60a3      	str	r3, [r4, #8]
100061d2:	0020      	movs	r0, r4
100061d4:	2308      	movs	r3, #8
100061d6:	2240      	movs	r2, #64	@ 0x40
100061d8:	73a3      	strb	r3, [r4, #14]
100061da:	3138      	adds	r1, #56	@ 0x38
100061dc:	9500      	str	r5, [sp, #0]
100061de:	3b07      	subs	r3, #7
100061e0:	3010      	adds	r0, #16
100061e2:	f000 fa5f 	bl	100066a4 <tu_fifo_config>
100061e6:	0027      	movs	r7, r4
100061e8:	2301      	movs	r3, #1
100061ea:	0021      	movs	r1, r4
100061ec:	0020      	movs	r0, r4
100061ee:	0026      	movs	r6, r4
100061f0:	2240      	movs	r2, #64	@ 0x40
100061f2:	3178      	adds	r1, #120	@ 0x78
100061f4:	9300      	str	r3, [sp, #0]
100061f6:	37b8      	adds	r7, #184	@ 0xb8
100061f8:	3024      	adds	r0, #36	@ 0x24
100061fa:	f000 fa53 	bl	100066a4 <tu_fifo_config>
100061fe:	36c0      	adds	r6, #192	@ 0xc0
10006200:	0038      	movs	r0, r7
10006202:	f7fa fd9b 	bl	10000d3c <mutex_init>
10006206:	0030      	movs	r0, r6
10006208:	f7fa fd98 	bl	10000d3c <mutex_init>
1000620c:	61e5      	str	r5, [r4, #28]
1000620e:	6227      	str	r7, [r4, #32]
10006210:	6326      	str	r6, [r4, #48]	@ 0x30
10006212:	6365      	str	r5, [r4, #52]	@ 0x34
10006214:	b003      	add	sp, #12
10006216:	bdf0      	pop	{r4, r5, r6, r7, pc}
10006218:	20001098 	.word	0x20001098
1000621c:	2000156c 	.word	0x2000156c

10006220 <cdcd_deinit>:
10006220:	4b0a      	ldr	r3, [pc, #40]	@ (1000624c <cdcd_deinit+0x2c>)
10006222:	6b19      	ldr	r1, [r3, #48]	@ 0x30
10006224:	6a1a      	ldr	r2, [r3, #32]
10006226:	2900      	cmp	r1, #0
10006228:	d00c      	beq.n	10006244 <cdcd_deinit+0x24>
1000622a:	2a00      	cmp	r2, #0
1000622c:	d007      	beq.n	1000623e <cdcd_deinit+0x1e>
1000622e:	2200      	movs	r2, #0
10006230:	61da      	str	r2, [r3, #28]
10006232:	635a      	str	r2, [r3, #52]	@ 0x34
10006234:	631a      	str	r2, [r3, #48]	@ 0x30
10006236:	2200      	movs	r2, #0
10006238:	621a      	str	r2, [r3, #32]
1000623a:	2001      	movs	r0, #1
1000623c:	4770      	bx	lr
1000623e:	635a      	str	r2, [r3, #52]	@ 0x34
10006240:	631a      	str	r2, [r3, #48]	@ 0x30
10006242:	e7fa      	b.n	1000623a <cdcd_deinit+0x1a>
10006244:	2a00      	cmp	r2, #0
10006246:	d0f8      	beq.n	1000623a <cdcd_deinit+0x1a>
10006248:	61d9      	str	r1, [r3, #28]
1000624a:	e7f4      	b.n	10006236 <cdcd_deinit+0x16>
1000624c:	20001098 	.word	0x20001098

10006250 <cdcd_reset>:
10006250:	b570      	push	{r4, r5, r6, lr}
10006252:	2205      	movs	r2, #5
10006254:	2100      	movs	r1, #0
10006256:	480d      	ldr	r0, [pc, #52]	@ (1000628c <cdcd_reset+0x3c>)
10006258:	f7fc fc52 	bl	10002b00 <__wrap_memset>
1000625c:	4d0c      	ldr	r5, [pc, #48]	@ (10006290 <cdcd_reset+0x40>)
1000625e:	782b      	ldrb	r3, [r5, #0]
10006260:	07da      	lsls	r2, r3, #31
10006262:	d507      	bpl.n	10006274 <cdcd_reset+0x24>
10006264:	4c0b      	ldr	r4, [pc, #44]	@ (10006294 <cdcd_reset+0x44>)
10006266:	079b      	lsls	r3, r3, #30
10006268:	d50c      	bpl.n	10006284 <cdcd_reset+0x34>
1000626a:	2101      	movs	r1, #1
1000626c:	0020      	movs	r0, r4
1000626e:	f000 fc6d 	bl	10006b4c <tu_fifo_set_overwritable>
10006272:	bd70      	pop	{r4, r5, r6, pc}
10006274:	4805      	ldr	r0, [pc, #20]	@ (1000628c <cdcd_reset+0x3c>)
10006276:	3010      	adds	r0, #16
10006278:	f000 fc48 	bl	10006b0c <tu_fifo_clear>
1000627c:	782b      	ldrb	r3, [r5, #0]
1000627e:	4c05      	ldr	r4, [pc, #20]	@ (10006294 <cdcd_reset+0x44>)
10006280:	079b      	lsls	r3, r3, #30
10006282:	d4f2      	bmi.n	1000626a <cdcd_reset+0x1a>
10006284:	0020      	movs	r0, r4
10006286:	f000 fc41 	bl	10006b0c <tu_fifo_clear>
1000628a:	e7ee      	b.n	1000626a <cdcd_reset+0x1a>
1000628c:	20001098 	.word	0x20001098
10006290:	2000156c 	.word	0x2000156c
10006294:	200010bc 	.word	0x200010bc

10006298 <cdcd_open>:
10006298:	b5f0      	push	{r4, r5, r6, r7, lr}
1000629a:	794b      	ldrb	r3, [r1, #5]
1000629c:	0007      	movs	r7, r0
1000629e:	b083      	sub	sp, #12
100062a0:	2b02      	cmp	r3, #2
100062a2:	d102      	bne.n	100062aa <cdcd_open+0x12>
100062a4:	798b      	ldrb	r3, [r1, #6]
100062a6:	2b02      	cmp	r3, #2
100062a8:	d003      	beq.n	100062b2 <cdcd_open+0x1a>
100062aa:	2400      	movs	r4, #0
100062ac:	0020      	movs	r0, r4
100062ae:	b003      	add	sp, #12
100062b0:	bdf0      	pop	{r4, r5, r6, r7, pc}
100062b2:	4b21      	ldr	r3, [pc, #132]	@ (10006338 <cdcd_open+0xa0>)
100062b4:	001e      	movs	r6, r3
100062b6:	789b      	ldrb	r3, [r3, #2]
100062b8:	2b00      	cmp	r3, #0
100062ba:	d1f6      	bne.n	100062aa <cdcd_open+0x12>
100062bc:	788b      	ldrb	r3, [r1, #2]
100062be:	2409      	movs	r4, #9
100062c0:	7033      	strb	r3, [r6, #0]
100062c2:	780d      	ldrb	r5, [r1, #0]
100062c4:	194d      	adds	r5, r1, r5
100062c6:	786b      	ldrb	r3, [r5, #1]
100062c8:	2b24      	cmp	r3, #36	@ 0x24
100062ca:	d007      	beq.n	100062dc <cdcd_open+0x44>
100062cc:	e00c      	b.n	100062e8 <cdcd_open+0x50>
100062ce:	782b      	ldrb	r3, [r5, #0]
100062d0:	18ed      	adds	r5, r5, r3
100062d2:	191c      	adds	r4, r3, r4
100062d4:	786b      	ldrb	r3, [r5, #1]
100062d6:	b2a4      	uxth	r4, r4
100062d8:	2b24      	cmp	r3, #36	@ 0x24
100062da:	d105      	bne.n	100062e8 <cdcd_open+0x50>
100062dc:	42a2      	cmp	r2, r4
100062de:	d2f6      	bcs.n	100062ce <cdcd_open+0x36>
100062e0:	2000      	movs	r0, #0
100062e2:	f7ff fe65 	bl	10005fb0 <_prep_out_transaction.isra.0>
100062e6:	e7e1      	b.n	100062ac <cdcd_open+0x14>
100062e8:	001a      	movs	r2, r3
100062ea:	2b05      	cmp	r3, #5
100062ec:	d015      	beq.n	1000631a <cdcd_open+0x82>
100062ee:	2a04      	cmp	r2, #4
100062f0:	d1f6      	bne.n	100062e0 <cdcd_open+0x48>
100062f2:	796b      	ldrb	r3, [r5, #5]
100062f4:	2b0a      	cmp	r3, #10
100062f6:	d1f3      	bne.n	100062e0 <cdcd_open+0x48>
100062f8:	4b10      	ldr	r3, [pc, #64]	@ (1000633c <cdcd_open+0xa4>)
100062fa:	782e      	ldrb	r6, [r5, #0]
100062fc:	9301      	str	r3, [sp, #4]
100062fe:	3301      	adds	r3, #1
10006300:	9300      	str	r3, [sp, #0]
10006302:	0038      	movs	r0, r7
10006304:	2302      	movs	r3, #2
10006306:	19a9      	adds	r1, r5, r6
10006308:	3a02      	subs	r2, #2
1000630a:	f7ff fca3 	bl	10005c54 <usbd_open_edpt_pair>
1000630e:	2800      	cmp	r0, #0
10006310:	d0cb      	beq.n	100062aa <cdcd_open+0x12>
10006312:	340e      	adds	r4, #14
10006314:	19a4      	adds	r4, r4, r6
10006316:	b2a4      	uxth	r4, r4
10006318:	e7e2      	b.n	100062e0 <cdcd_open+0x48>
1000631a:	0029      	movs	r1, r5
1000631c:	0038      	movs	r0, r7
1000631e:	f7ff fce5 	bl	10005cec <usbd_edpt_open>
10006322:	2800      	cmp	r0, #0
10006324:	d0c1      	beq.n	100062aa <cdcd_open+0x12>
10006326:	78ab      	ldrb	r3, [r5, #2]
10006328:	7073      	strb	r3, [r6, #1]
1000632a:	782b      	ldrb	r3, [r5, #0]
1000632c:	191c      	adds	r4, r3, r4
1000632e:	18ed      	adds	r5, r5, r3
10006330:	786a      	ldrb	r2, [r5, #1]
10006332:	b2a4      	uxth	r4, r4
10006334:	e7db      	b.n	100062ee <cdcd_open+0x56>
10006336:	46c0      	nop			@ (mov r8, r8)
10006338:	20001098 	.word	0x20001098
1000633c:	2000109a 	.word	0x2000109a

10006340 <cdcd_control_xfer_cb>:
10006340:	2360      	movs	r3, #96	@ 0x60
10006342:	468c      	mov	ip, r1
10006344:	0011      	movs	r1, r2
10006346:	7812      	ldrb	r2, [r2, #0]
10006348:	b570      	push	{r4, r5, r6, lr}
1000634a:	4013      	ands	r3, r2
1000634c:	2200      	movs	r2, #0
1000634e:	2b20      	cmp	r3, #32
10006350:	d108      	bne.n	10006364 <cdcd_control_xfer_cb+0x24>
10006352:	4c32      	ldr	r4, [pc, #200]	@ (1000641c <cdcd_control_xfer_cb+0xdc>)
10006354:	794b      	ldrb	r3, [r1, #5]
10006356:	0026      	movs	r6, r4
10006358:	790d      	ldrb	r5, [r1, #4]
1000635a:	7824      	ldrb	r4, [r4, #0]
1000635c:	021b      	lsls	r3, r3, #8
1000635e:	432b      	orrs	r3, r5
10006360:	429c      	cmp	r4, r3
10006362:	d001      	beq.n	10006368 <cdcd_control_xfer_cb+0x28>
10006364:	0010      	movs	r0, r2
10006366:	bd70      	pop	{r4, r5, r6, pc}
10006368:	784b      	ldrb	r3, [r1, #1]
1000636a:	2b22      	cmp	r3, #34	@ 0x22
1000636c:	d01c      	beq.n	100063a8 <cdcd_control_xfer_cb+0x68>
1000636e:	d808      	bhi.n	10006382 <cdcd_control_xfer_cb+0x42>
10006370:	2b20      	cmp	r3, #32
10006372:	d039      	beq.n	100063e8 <cdcd_control_xfer_cb+0xa8>
10006374:	2b21      	cmp	r3, #33	@ 0x21
10006376:	d1f5      	bne.n	10006364 <cdcd_control_xfer_cb+0x24>
10006378:	4663      	mov	r3, ip
1000637a:	2b01      	cmp	r3, #1
1000637c:	d043      	beq.n	10006406 <cdcd_control_xfer_cb+0xc6>
1000637e:	2201      	movs	r2, #1
10006380:	e7f0      	b.n	10006364 <cdcd_control_xfer_cb+0x24>
10006382:	2b23      	cmp	r3, #35	@ 0x23
10006384:	d1ee      	bne.n	10006364 <cdcd_control_xfer_cb+0x24>
10006386:	4663      	mov	r3, ip
10006388:	2b01      	cmp	r3, #1
1000638a:	d042      	beq.n	10006412 <cdcd_control_xfer_cb+0xd2>
1000638c:	2b03      	cmp	r3, #3
1000638e:	d1f6      	bne.n	1000637e <cdcd_control_xfer_cb+0x3e>
10006390:	4b23      	ldr	r3, [pc, #140]	@ (10006420 <cdcd_control_xfer_cb+0xe0>)
10006392:	2b00      	cmp	r3, #0
10006394:	d0f3      	beq.n	1000637e <cdcd_control_xfer_cb+0x3e>
10006396:	788b      	ldrb	r3, [r1, #2]
10006398:	78c9      	ldrb	r1, [r1, #3]
1000639a:	2000      	movs	r0, #0
1000639c:	0209      	lsls	r1, r1, #8
1000639e:	4319      	orrs	r1, r3
100063a0:	e000      	b.n	100063a4 <cdcd_control_xfer_cb+0x64>
100063a2:	bf00      	nop
100063a4:	2201      	movs	r2, #1
100063a6:	e7dd      	b.n	10006364 <cdcd_control_xfer_cb+0x24>
100063a8:	4663      	mov	r3, ip
100063aa:	2b01      	cmp	r3, #1
100063ac:	d031      	beq.n	10006412 <cdcd_control_xfer_cb+0xd2>
100063ae:	2b03      	cmp	r3, #3
100063b0:	d1e5      	bne.n	1000637e <cdcd_control_xfer_cb+0x3e>
100063b2:	2501      	movs	r5, #1
100063b4:	78cb      	ldrb	r3, [r1, #3]
100063b6:	788a      	ldrb	r2, [r1, #2]
100063b8:	021b      	lsls	r3, r3, #8
100063ba:	4313      	orrs	r3, r2
100063bc:	001c      	movs	r4, r3
100063be:	401d      	ands	r5, r3
100063c0:	0033      	movs	r3, r6
100063c2:	2101      	movs	r1, #1
100063c4:	3324      	adds	r3, #36	@ 0x24
100063c6:	0018      	movs	r0, r3
100063c8:	4069      	eors	r1, r5
100063ca:	7134      	strb	r4, [r6, #4]
100063cc:	f000 fbbe 	bl	10006b4c <tu_fifo_set_overwritable>
100063d0:	4b14      	ldr	r3, [pc, #80]	@ (10006424 <cdcd_control_xfer_cb+0xe4>)
100063d2:	2b00      	cmp	r3, #0
100063d4:	d0d3      	beq.n	1000637e <cdcd_control_xfer_cb+0x3e>
100063d6:	2301      	movs	r3, #1
100063d8:	0862      	lsrs	r2, r4, #1
100063da:	401a      	ands	r2, r3
100063dc:	0029      	movs	r1, r5
100063de:	2000      	movs	r0, #0
100063e0:	e000      	b.n	100063e4 <cdcd_control_xfer_cb+0xa4>
100063e2:	bf00      	nop
100063e4:	2201      	movs	r2, #1
100063e6:	e7bd      	b.n	10006364 <cdcd_control_xfer_cb+0x24>
100063e8:	4663      	mov	r3, ip
100063ea:	2b01      	cmp	r3, #1
100063ec:	d00b      	beq.n	10006406 <cdcd_control_xfer_cb+0xc6>
100063ee:	2b03      	cmp	r3, #3
100063f0:	d1c5      	bne.n	1000637e <cdcd_control_xfer_cb+0x3e>
100063f2:	4b0d      	ldr	r3, [pc, #52]	@ (10006428 <cdcd_control_xfer_cb+0xe8>)
100063f4:	2b00      	cmp	r3, #0
100063f6:	d0c2      	beq.n	1000637e <cdcd_control_xfer_cb+0x3e>
100063f8:	0031      	movs	r1, r6
100063fa:	2000      	movs	r0, #0
100063fc:	3108      	adds	r1, #8
100063fe:	f7fe fe15 	bl	1000502c <tud_cdc_line_coding_cb>
10006402:	2201      	movs	r2, #1
10006404:	e7ae      	b.n	10006364 <cdcd_control_xfer_cb+0x24>
10006406:	4a09      	ldr	r2, [pc, #36]	@ (1000642c <cdcd_control_xfer_cb+0xec>)
10006408:	2307      	movs	r3, #7
1000640a:	f7ff fcef 	bl	10005dec <tud_control_xfer>
1000640e:	2201      	movs	r2, #1
10006410:	e7a8      	b.n	10006364 <cdcd_control_xfer_cb+0x24>
10006412:	f7ff fcd5 	bl	10005dc0 <tud_control_status>
10006416:	2201      	movs	r2, #1
10006418:	e7a4      	b.n	10006364 <cdcd_control_xfer_cb+0x24>
1000641a:	46c0      	nop			@ (mov r8, r8)
1000641c:	20001098 	.word	0x20001098
	...
10006428:	1000502d 	.word	0x1000502d
1000642c:	200010a0 	.word	0x200010a0

10006430 <cdcd_xfer_cb>:
10006430:	b5f8      	push	{r3, r4, r5, r6, r7, lr}
10006432:	4647      	mov	r7, r8
10006434:	46ce      	mov	lr, r9
10006436:	b580      	push	{r7, lr}
10006438:	4c34      	ldr	r4, [pc, #208]	@ (1000650c <cdcd_xfer_cb+0xdc>)
1000643a:	001f      	movs	r7, r3
1000643c:	78e3      	ldrb	r3, [r4, #3]
1000643e:	4680      	mov	r8, r0
10006440:	000d      	movs	r5, r1
10006442:	428b      	cmp	r3, r1
10006444:	d03b      	beq.n	100064be <cdcd_xfer_cb+0x8e>
10006446:	78a3      	ldrb	r3, [r4, #2]
10006448:	2000      	movs	r0, #0
1000644a:	428b      	cmp	r3, r1
1000644c:	d011      	beq.n	10006472 <cdcd_xfer_cb+0x42>
1000644e:	bcc0      	pop	{r6, r7}
10006450:	46b9      	mov	r9, r7
10006452:	46b0      	mov	r8, r6
10006454:	bdf8      	pop	{r3, r4, r5, r6, r7, pc}
10006456:	4b2e      	ldr	r3, [pc, #184]	@ (10006510 <cdcd_xfer_cb+0xe0>)
10006458:	2b00      	cmp	r3, #0
1000645a:	d004      	beq.n	10006466 <cdcd_xfer_cb+0x36>
1000645c:	482d      	ldr	r0, [pc, #180]	@ (10006514 <cdcd_xfer_cb+0xe4>)
1000645e:	f000 f96d 	bl	1000673c <tu_fifo_empty>
10006462:	2800      	cmp	r0, #0
10006464:	d04f      	beq.n	10006506 <cdcd_xfer_cb+0xd6>
10006466:	2000      	movs	r0, #0
10006468:	f7ff fda2 	bl	10005fb0 <_prep_out_transaction.isra.0>
1000646c:	78a3      	ldrb	r3, [r4, #2]
1000646e:	42ab      	cmp	r3, r5
10006470:	d10a      	bne.n	10006488 <cdcd_xfer_cb+0x58>
10006472:	4b29      	ldr	r3, [pc, #164]	@ (10006518 <cdcd_xfer_cb+0xe8>)
10006474:	2b00      	cmp	r3, #0
10006476:	d002      	beq.n	1000647e <cdcd_xfer_cb+0x4e>
10006478:	2000      	movs	r0, #0
1000647a:	e000      	b.n	1000647e <cdcd_xfer_cb+0x4e>
1000647c:	bf00      	nop
1000647e:	2000      	movs	r0, #0
10006480:	f7ff fe30 	bl	100060e4 <tud_cdc_n_write_flush>
10006484:	2800      	cmp	r0, #0
10006486:	d001      	beq.n	1000648c <cdcd_xfer_cb+0x5c>
10006488:	2001      	movs	r0, #1
1000648a:	e7e0      	b.n	1000644e <cdcd_xfer_cb+0x1e>
1000648c:	4c23      	ldr	r4, [pc, #140]	@ (1000651c <cdcd_xfer_cb+0xec>)
1000648e:	0020      	movs	r0, r4
10006490:	f000 f93e 	bl	10006710 <tu_fifo_count>
10006494:	2800      	cmp	r0, #0
10006496:	d1f7      	bne.n	10006488 <cdcd_xfer_cb+0x58>
10006498:	2f00      	cmp	r7, #0
1000649a:	d0f5      	beq.n	10006488 <cdcd_xfer_cb+0x58>
1000649c:	06bb      	lsls	r3, r7, #26
1000649e:	d1f3      	bne.n	10006488 <cdcd_xfer_cb+0x58>
100064a0:	3c24      	subs	r4, #36	@ 0x24
100064a2:	4640      	mov	r0, r8
100064a4:	78a1      	ldrb	r1, [r4, #2]
100064a6:	f7ff fc3b 	bl	10005d20 <usbd_edpt_claim>
100064aa:	2800      	cmp	r0, #0
100064ac:	d0ec      	beq.n	10006488 <cdcd_xfer_cb+0x58>
100064ae:	2300      	movs	r3, #0
100064b0:	2200      	movs	r2, #0
100064b2:	4640      	mov	r0, r8
100064b4:	78a1      	ldrb	r1, [r4, #2]
100064b6:	f7ff fc5b 	bl	10005d70 <usbd_edpt_xfer>
100064ba:	2001      	movs	r0, #1
100064bc:	e7c7      	b.n	1000644e <cdcd_xfer_cb+0x1e>
100064be:	4e18      	ldr	r6, [pc, #96]	@ (10006520 <cdcd_xfer_cb+0xf0>)
100064c0:	4814      	ldr	r0, [pc, #80]	@ (10006514 <cdcd_xfer_cb+0xe4>)
100064c2:	0031      	movs	r1, r6
100064c4:	b2ba      	uxth	r2, r7
100064c6:	f000 fa6d 	bl	100069a4 <tu_fifo_write_n>
100064ca:	4b16      	ldr	r3, [pc, #88]	@ (10006524 <cdcd_xfer_cb+0xf4>)
100064cc:	2b00      	cmp	r3, #0
100064ce:	d0c2      	beq.n	10006456 <cdcd_xfer_cb+0x26>
100064d0:	7963      	ldrb	r3, [r4, #5]
100064d2:	2bff      	cmp	r3, #255	@ 0xff
100064d4:	d0bf      	beq.n	10006456 <cdcd_xfer_cb+0x26>
100064d6:	2f00      	cmp	r7, #0
100064d8:	d0bd      	beq.n	10006456 <cdcd_xfer_cb+0x26>
100064da:	46bc      	mov	ip, r7
100064dc:	44b4      	add	ip, r6
100064de:	46e1      	mov	r9, ip
100064e0:	e003      	b.n	100064ea <cdcd_xfer_cb+0xba>
100064e2:	3601      	adds	r6, #1
100064e4:	454e      	cmp	r6, r9
100064e6:	d0b6      	beq.n	10006456 <cdcd_xfer_cb+0x26>
100064e8:	7963      	ldrb	r3, [r4, #5]
100064ea:	7832      	ldrb	r2, [r6, #0]
100064ec:	429a      	cmp	r2, r3
100064ee:	d1f8      	bne.n	100064e2 <cdcd_xfer_cb+0xb2>
100064f0:	4808      	ldr	r0, [pc, #32]	@ (10006514 <cdcd_xfer_cb+0xe4>)
100064f2:	f000 f923 	bl	1000673c <tu_fifo_empty>
100064f6:	2800      	cmp	r0, #0
100064f8:	d1f3      	bne.n	100064e2 <cdcd_xfer_cb+0xb2>
100064fa:	4b06      	ldr	r3, [pc, #24]	@ (10006514 <cdcd_xfer_cb+0xe4>)
100064fc:	3b10      	subs	r3, #16
100064fe:	7959      	ldrb	r1, [r3, #5]
10006500:	e000      	b.n	10006504 <cdcd_xfer_cb+0xd4>
10006502:	bf00      	nop
10006504:	e7ed      	b.n	100064e2 <cdcd_xfer_cb+0xb2>
10006506:	e000      	b.n	1000650a <cdcd_xfer_cb+0xda>
10006508:	bf00      	nop
1000650a:	e7ac      	b.n	10006466 <cdcd_xfer_cb+0x36>
1000650c:	20001098 	.word	0x20001098
10006510:	00000000 	.word	0x00000000
10006514:	200010a8 	.word	0x200010a8
10006518:	00000000 	.word	0x00000000
1000651c:	200010bc 	.word	0x200010bc
10006520:	200014ec 	.word	0x200014ec
10006524:	00000000 	.word	0x00000000

10006528 <tusb_rhport_init>:
10006528:	b500      	push	{lr}
1000652a:	0003      	movs	r3, r0
1000652c:	b083      	sub	sp, #12
1000652e:	2900      	cmp	r1, #0
10006530:	d010      	beq.n	10006554 <tusb_rhport_init+0x2c>
10006532:	2000      	movs	r0, #0
10006534:	2b01      	cmp	r3, #1
10006536:	d807      	bhi.n	10006548 <tusb_rhport_init+0x20>
10006538:	780a      	ldrb	r2, [r1, #0]
1000653a:	2a00      	cmp	r2, #0
1000653c:	d004      	beq.n	10006548 <tusb_rhport_init+0x20>
1000653e:	480c      	ldr	r0, [pc, #48]	@ (10006570 <tusb_rhport_init+0x48>)
10006540:	54c2      	strb	r2, [r0, r3]
10006542:	2001      	movs	r0, #1
10006544:	2a01      	cmp	r2, #1
10006546:	d001      	beq.n	1000654c <tusb_rhport_init+0x24>
10006548:	b003      	add	sp, #12
1000654a:	bd00      	pop	{pc}
1000654c:	0018      	movs	r0, r3
1000654e:	f7fe ff21 	bl	10005394 <tud_rhport_init>
10006552:	e7f9      	b.n	10006548 <tusb_rhport_init+0x20>
10006554:	2301      	movs	r3, #1
10006556:	466a      	mov	r2, sp
10006558:	2000      	movs	r0, #0
1000655a:	a901      	add	r1, sp, #4
1000655c:	8093      	strh	r3, [r2, #4]
1000655e:	f7fe ff19 	bl	10005394 <tud_rhport_init>
10006562:	2800      	cmp	r0, #0
10006564:	d0f0      	beq.n	10006548 <tusb_rhport_init+0x20>
10006566:	2201      	movs	r2, #1
10006568:	4b01      	ldr	r3, [pc, #4]	@ (10006570 <tusb_rhport_init+0x48>)
1000656a:	701a      	strb	r2, [r3, #0]
1000656c:	e7ec      	b.n	10006548 <tusb_rhport_init+0x20>
1000656e:	46c0      	nop			@ (mov r8, r8)
10006570:	200015c4 	.word	0x200015c4

10006574 <tu_edpt_claim>:
10006574:	b570      	push	{r4, r5, r6, lr}
10006576:	0004      	movs	r4, r0
10006578:	7823      	ldrb	r3, [r4, #0]
1000657a:	0008      	movs	r0, r1
1000657c:	07db      	lsls	r3, r3, #31
1000657e:	000e      	movs	r6, r1
10006580:	0fdd      	lsrs	r5, r3, #31
10006582:	2b00      	cmp	r3, #0
10006584:	d116      	bne.n	100065b4 <tu_edpt_claim+0x40>
10006586:	7823      	ldrb	r3, [r4, #0]
10006588:	075b      	lsls	r3, r3, #29
1000658a:	d501      	bpl.n	10006590 <tu_edpt_claim+0x1c>
1000658c:	0028      	movs	r0, r5
1000658e:	bd70      	pop	{r4, r5, r6, pc}
10006590:	2101      	movs	r1, #1
10006592:	4249      	negs	r1, r1
10006594:	f000 fff0 	bl	10007578 <__mutex_enter_timeout_ms_veneer>
10006598:	7823      	ldrb	r3, [r4, #0]
1000659a:	07db      	lsls	r3, r3, #31
1000659c:	0fdd      	lsrs	r5, r3, #31
1000659e:	2b00      	cmp	r3, #0
100065a0:	d10a      	bne.n	100065b8 <tu_edpt_claim+0x44>
100065a2:	7823      	ldrb	r3, [r4, #0]
100065a4:	075b      	lsls	r3, r3, #29
100065a6:	d408      	bmi.n	100065ba <tu_edpt_claim+0x46>
100065a8:	2204      	movs	r2, #4
100065aa:	7823      	ldrb	r3, [r4, #0]
100065ac:	2501      	movs	r5, #1
100065ae:	4313      	orrs	r3, r2
100065b0:	7023      	strb	r3, [r4, #0]
100065b2:	e002      	b.n	100065ba <tu_edpt_claim+0x46>
100065b4:	2500      	movs	r5, #0
100065b6:	e7e9      	b.n	1000658c <tu_edpt_claim+0x18>
100065b8:	2500      	movs	r5, #0
100065ba:	0030      	movs	r0, r6
100065bc:	f000 ffbc 	bl	10007538 <__mutex_exit_veneer>
100065c0:	e7e4      	b.n	1000658c <tu_edpt_claim+0x18>
100065c2:	46c0      	nop			@ (mov r8, r8)

100065c4 <tu_edpt_release>:
100065c4:	b570      	push	{r4, r5, r6, lr}
100065c6:	000d      	movs	r5, r1
100065c8:	2101      	movs	r1, #1
100065ca:	0004      	movs	r4, r0
100065cc:	4249      	negs	r1, r1
100065ce:	0028      	movs	r0, r5
100065d0:	f000 ffd2 	bl	10007578 <__mutex_enter_timeout_ms_veneer>
100065d4:	7823      	ldrb	r3, [r4, #0]
100065d6:	075b      	lsls	r3, r3, #29
100065d8:	0fde      	lsrs	r6, r3, #31
100065da:	2b00      	cmp	r3, #0
100065dc:	db04      	blt.n	100065e8 <tu_edpt_release+0x24>
100065de:	0028      	movs	r0, r5
100065e0:	f000 ffaa 	bl	10007538 <__mutex_exit_veneer>
100065e4:	0030      	movs	r0, r6
100065e6:	bd70      	pop	{r4, r5, r6, pc}
100065e8:	7823      	ldrb	r3, [r4, #0]
100065ea:	07db      	lsls	r3, r3, #31
100065ec:	d404      	bmi.n	100065f8 <tu_edpt_release+0x34>
100065ee:	2204      	movs	r2, #4
100065f0:	7823      	ldrb	r3, [r4, #0]
100065f2:	4393      	bics	r3, r2
100065f4:	7023      	strb	r3, [r4, #0]
100065f6:	e7f2      	b.n	100065de <tu_edpt_release+0x1a>
100065f8:	2600      	movs	r6, #0
100065fa:	e7f0      	b.n	100065de <tu_edpt_release+0x1a>

100065fc <tu_edpt_validate>:
100065fc:	7943      	ldrb	r3, [r0, #5]
100065fe:	7902      	ldrb	r2, [r0, #4]
10006600:	021b      	lsls	r3, r3, #8
10006602:	4313      	orrs	r3, r2
10006604:	78c2      	ldrb	r2, [r0, #3]
10006606:	055b      	lsls	r3, r3, #21
10006608:	0792      	lsls	r2, r2, #30
1000660a:	0d5b      	lsrs	r3, r3, #21
1000660c:	0f92      	lsrs	r2, r2, #30
1000660e:	2a02      	cmp	r2, #2
10006610:	d01a      	beq.n	10006648 <tu_edpt_validate+0x4c>
10006612:	2a03      	cmp	r2, #3
10006614:	d00b      	beq.n	1000662e <tu_edpt_validate+0x32>
10006616:	2000      	movs	r0, #0
10006618:	2a01      	cmp	r2, #1
1000661a:	d107      	bne.n	1000662c <tu_edpt_validate+0x30>
1000661c:	3902      	subs	r1, #2
1000661e:	424a      	negs	r2, r1
10006620:	4151      	adcs	r1, r2
10006622:	4a10      	ldr	r2, [pc, #64]	@ (10006664 <tu_edpt_validate+0x68>)
10006624:	1889      	adds	r1, r1, r2
10006626:	4299      	cmp	r1, r3
10006628:	4140      	adcs	r0, r0
1000662a:	b2c0      	uxtb	r0, r0
1000662c:	4770      	bx	lr
1000662e:	3902      	subs	r1, #2
10006630:	1e4a      	subs	r2, r1, #1
10006632:	4191      	sbcs	r1, r2
10006634:	4a0c      	ldr	r2, [pc, #48]	@ (10006668 <tu_edpt_validate+0x6c>)
10006636:	4249      	negs	r1, r1
10006638:	4011      	ands	r1, r2
1000663a:	2280      	movs	r2, #128	@ 0x80
1000663c:	2000      	movs	r0, #0
1000663e:	00d2      	lsls	r2, r2, #3
10006640:	1889      	adds	r1, r1, r2
10006642:	4299      	cmp	r1, r3
10006644:	4140      	adcs	r0, r0
10006646:	e7f1      	b.n	1000662c <tu_edpt_validate+0x30>
10006648:	2902      	cmp	r1, #2
1000664a:	d004      	beq.n	10006656 <tu_edpt_validate+0x5a>
1000664c:	2000      	movs	r0, #0
1000664e:	2240      	movs	r2, #64	@ 0x40
10006650:	429a      	cmp	r2, r3
10006652:	4140      	adcs	r0, r0
10006654:	e7ea      	b.n	1000662c <tu_edpt_validate+0x30>
10006656:	4a05      	ldr	r2, [pc, #20]	@ (1000666c <tu_edpt_validate+0x70>)
10006658:	1898      	adds	r0, r3, r2
1000665a:	4243      	negs	r3, r0
1000665c:	4158      	adcs	r0, r3
1000665e:	b2c0      	uxtb	r0, r0
10006660:	e7e4      	b.n	1000662c <tu_edpt_validate+0x30>
10006662:	46c0      	nop			@ (mov r8, r8)
10006664:	000003ff 	.word	0x000003ff
10006668:	fffffc40 	.word	0xfffffc40
1000666c:	fffffe00 	.word	0xfffffe00

10006670 <tu_edpt_bind_driver>:
10006670:	4684      	mov	ip, r0
10006672:	1888      	adds	r0, r1, r2
10006674:	b530      	push	{r4, r5, lr}
10006676:	001c      	movs	r4, r3
10006678:	4281      	cmp	r1, r0
1000667a:	d206      	bcs.n	1000668a <tu_edpt_bind_driver+0x1a>
1000667c:	784a      	ldrb	r2, [r1, #1]
1000667e:	2a05      	cmp	r2, #5
10006680:	d004      	beq.n	1000668c <tu_edpt_bind_driver+0x1c>
10006682:	780a      	ldrb	r2, [r1, #0]
10006684:	1889      	adds	r1, r1, r2
10006686:	4288      	cmp	r0, r1
10006688:	d8f8      	bhi.n	1000667c <tu_edpt_bind_driver+0xc>
1000668a:	bd30      	pop	{r4, r5, pc}
1000668c:	227f      	movs	r2, #127	@ 0x7f
1000668e:	788b      	ldrb	r3, [r1, #2]
10006690:	401a      	ands	r2, r3
10006692:	0052      	lsls	r2, r2, #1
10006694:	4462      	add	r2, ip
10006696:	09db      	lsrs	r3, r3, #7
10006698:	54d4      	strb	r4, [r2, r3]
1000669a:	780a      	ldrb	r2, [r1, #0]
1000669c:	1889      	adds	r1, r1, r2
1000669e:	4288      	cmp	r0, r1
100066a0:	d8ec      	bhi.n	1000667c <tu_edpt_bind_driver+0xc>
100066a2:	e7f2      	b.n	1000668a <tu_edpt_bind_driver+0x1a>

100066a4 <tu_fifo_config>:
100066a4:	b5f0      	push	{r4, r5, r6, r7, lr}
100066a6:	46c6      	mov	lr, r8
100066a8:	b500      	push	{lr}
100066aa:	4698      	mov	r8, r3
100066ac:	466b      	mov	r3, sp
100066ae:	7e1e      	ldrb	r6, [r3, #24]
100066b0:	2380      	movs	r3, #128	@ 0x80
100066b2:	0004      	movs	r4, r0
100066b4:	000f      	movs	r7, r1
100066b6:	0015      	movs	r5, r2
100066b8:	021b      	lsls	r3, r3, #8
100066ba:	429a      	cmp	r2, r3
100066bc:	d826      	bhi.n	1000670c <tu_fifo_config+0x68>
100066be:	68c0      	ldr	r0, [r0, #12]
100066c0:	2800      	cmp	r0, #0
100066c2:	d003      	beq.n	100066cc <tu_fifo_config+0x28>
100066c4:	2101      	movs	r1, #1
100066c6:	4249      	negs	r1, r1
100066c8:	f000 ff56 	bl	10007578 <__mutex_enter_timeout_ms_veneer>
100066cc:	6920      	ldr	r0, [r4, #16]
100066ce:	2800      	cmp	r0, #0
100066d0:	d003      	beq.n	100066da <tu_fifo_config+0x36>
100066d2:	2101      	movs	r1, #1
100066d4:	4249      	negs	r1, r1
100066d6:	f000 ff4f 	bl	10007578 <__mutex_enter_timeout_ms_veneer>
100066da:	4642      	mov	r2, r8
100066dc:	0452      	lsls	r2, r2, #17
100066de:	03f3      	lsls	r3, r6, #15
100066e0:	0c52      	lsrs	r2, r2, #17
100066e2:	4313      	orrs	r3, r2
100066e4:	80e3      	strh	r3, [r4, #6]
100066e6:	2300      	movs	r3, #0
100066e8:	68e0      	ldr	r0, [r4, #12]
100066ea:	8163      	strh	r3, [r4, #10]
100066ec:	6027      	str	r7, [r4, #0]
100066ee:	80a5      	strh	r5, [r4, #4]
100066f0:	8123      	strh	r3, [r4, #8]
100066f2:	2800      	cmp	r0, #0
100066f4:	d001      	beq.n	100066fa <tu_fifo_config+0x56>
100066f6:	f000 ff1f 	bl	10007538 <__mutex_exit_veneer>
100066fa:	6920      	ldr	r0, [r4, #16]
100066fc:	2800      	cmp	r0, #0
100066fe:	d001      	beq.n	10006704 <tu_fifo_config+0x60>
10006700:	f000 ff1a 	bl	10007538 <__mutex_exit_veneer>
10006704:	2001      	movs	r0, #1
10006706:	bc80      	pop	{r7}
10006708:	46b8      	mov	r8, r7
1000670a:	bdf0      	pop	{r4, r5, r6, r7, pc}
1000670c:	2000      	movs	r0, #0
1000670e:	e7fa      	b.n	10006706 <tu_fifo_config+0x62>

10006710 <tu_fifo_count>:
10006710:	8903      	ldrh	r3, [r0, #8]
10006712:	8941      	ldrh	r1, [r0, #10]
10006714:	469c      	mov	ip, r3
10006716:	8882      	ldrh	r2, [r0, #4]
10006718:	b29b      	uxth	r3, r3
1000671a:	b288      	uxth	r0, r1
1000671c:	458c      	cmp	ip, r1
1000671e:	d307      	bcc.n	10006730 <tu_fifo_count+0x20>
10006720:	1a1b      	subs	r3, r3, r0
10006722:	b29b      	uxth	r3, r3
10006724:	1c10      	adds	r0, r2, #0
10006726:	429a      	cmp	r2, r3
10006728:	d900      	bls.n	1000672c <tu_fifo_count+0x1c>
1000672a:	1c18      	adds	r0, r3, #0
1000672c:	b280      	uxth	r0, r0
1000672e:	4770      	bx	lr
10006730:	0051      	lsls	r1, r2, #1
10006732:	1a09      	subs	r1, r1, r0
10006734:	185b      	adds	r3, r3, r1
10006736:	b29b      	uxth	r3, r3
10006738:	e7f4      	b.n	10006724 <tu_fifo_count+0x14>
1000673a:	46c0      	nop			@ (mov r8, r8)

1000673c <tu_fifo_empty>:
1000673c:	8903      	ldrh	r3, [r0, #8]
1000673e:	8940      	ldrh	r0, [r0, #10]
10006740:	1a18      	subs	r0, r3, r0
10006742:	4243      	negs	r3, r0
10006744:	4158      	adcs	r0, r3
10006746:	b2c0      	uxtb	r0, r0
10006748:	4770      	bx	lr
1000674a:	46c0      	nop			@ (mov r8, r8)

1000674c <tu_fifo_remaining>:
1000674c:	8903      	ldrh	r3, [r0, #8]
1000674e:	8941      	ldrh	r1, [r0, #10]
10006750:	469c      	mov	ip, r3
10006752:	8882      	ldrh	r2, [r0, #4]
10006754:	b29b      	uxth	r3, r3
10006756:	b288      	uxth	r0, r1
10006758:	458c      	cmp	ip, r1
1000675a:	d307      	bcc.n	1000676c <tu_fifo_remaining+0x20>
1000675c:	1a1b      	subs	r3, r3, r0
1000675e:	b29b      	uxth	r3, r3
10006760:	2000      	movs	r0, #0
10006762:	429a      	cmp	r2, r3
10006764:	d901      	bls.n	1000676a <tu_fifo_remaining+0x1e>
10006766:	1ad2      	subs	r2, r2, r3
10006768:	b290      	uxth	r0, r2
1000676a:	4770      	bx	lr
1000676c:	0051      	lsls	r1, r2, #1
1000676e:	1a09      	subs	r1, r1, r0
10006770:	185b      	adds	r3, r3, r1
10006772:	b29b      	uxth	r3, r3
10006774:	e7f4      	b.n	10006760 <tu_fifo_remaining+0x14>
10006776:	46c0      	nop			@ (mov r8, r8)

10006778 <tu_fifo_read>:
10006778:	b570      	push	{r4, r5, r6, lr}
1000677a:	0004      	movs	r4, r0
1000677c:	6900      	ldr	r0, [r0, #16]
1000677e:	000d      	movs	r5, r1
10006780:	2800      	cmp	r0, #0
10006782:	d003      	beq.n	1000678c <tu_fifo_read+0x14>
10006784:	2101      	movs	r1, #1
10006786:	4249      	negs	r1, r1
10006788:	f000 fef6 	bl	10007578 <__mutex_enter_timeout_ms_veneer>
1000678c:	8923      	ldrh	r3, [r4, #8]
1000678e:	8962      	ldrh	r2, [r4, #10]
10006790:	469c      	mov	ip, r3
10006792:	b298      	uxth	r0, r3
10006794:	b291      	uxth	r1, r2
10006796:	88a3      	ldrh	r3, [r4, #4]
10006798:	4594      	cmp	ip, r2
1000679a:	d332      	bcc.n	10006802 <tu_fifo_read+0x8a>
1000679c:	1a42      	subs	r2, r0, r1
1000679e:	b292      	uxth	r2, r2
100067a0:	2a00      	cmp	r2, #0
100067a2:	d027      	beq.n	100067f4 <tu_fifo_read+0x7c>
100067a4:	4293      	cmp	r3, r2
100067a6:	d208      	bcs.n	100067ba <tu_fifo_read+0x42>
100067a8:	4298      	cmp	r0, r3
100067aa:	d32f      	bcc.n	1000680c <tu_fifo_read+0x94>
100067ac:	1ac0      	subs	r0, r0, r3
100067ae:	b281      	uxth	r1, r0
100067b0:	8161      	strh	r1, [r4, #10]
100067b2:	428b      	cmp	r3, r1
100067b4:	d803      	bhi.n	100067be <tu_fifo_read+0x46>
100067b6:	1ac9      	subs	r1, r1, r3
100067b8:	b289      	uxth	r1, r1
100067ba:	428b      	cmp	r3, r1
100067bc:	d9fb      	bls.n	100067b6 <tu_fifo_read+0x3e>
100067be:	88e2      	ldrh	r2, [r4, #6]
100067c0:	6823      	ldr	r3, [r4, #0]
100067c2:	0452      	lsls	r2, r2, #17
100067c4:	0c52      	lsrs	r2, r2, #17
100067c6:	4351      	muls	r1, r2
100067c8:	0028      	movs	r0, r5
100067ca:	1859      	adds	r1, r3, r1
100067cc:	f7fc f99e 	bl	10002b0c <__wrap___aeabi_memcpy>
100067d0:	8961      	ldrh	r1, [r4, #10]
100067d2:	2501      	movs	r5, #1
100067d4:	1c4a      	adds	r2, r1, #1
100067d6:	b292      	uxth	r2, r2
100067d8:	88a3      	ldrh	r3, [r4, #4]
100067da:	4291      	cmp	r1, r2
100067dc:	d90d      	bls.n	100067fa <tu_fifo_read+0x82>
100067de:	2200      	movs	r2, #0
100067e0:	005b      	lsls	r3, r3, #1
100067e2:	1ad2      	subs	r2, r2, r3
100067e4:	6920      	ldr	r0, [r4, #16]
100067e6:	8162      	strh	r2, [r4, #10]
100067e8:	2800      	cmp	r0, #0
100067ea:	d001      	beq.n	100067f0 <tu_fifo_read+0x78>
100067ec:	f000 fea4 	bl	10007538 <__mutex_exit_veneer>
100067f0:	0028      	movs	r0, r5
100067f2:	bd70      	pop	{r4, r5, r6, pc}
100067f4:	2500      	movs	r5, #0
100067f6:	8962      	ldrh	r2, [r4, #10]
100067f8:	b292      	uxth	r2, r2
100067fa:	005b      	lsls	r3, r3, #1
100067fc:	429a      	cmp	r2, r3
100067fe:	dbf1      	blt.n	100067e4 <tu_fifo_read+0x6c>
10006800:	e7ef      	b.n	100067e2 <tu_fifo_read+0x6a>
10006802:	005a      	lsls	r2, r3, #1
10006804:	1a52      	subs	r2, r2, r1
10006806:	1882      	adds	r2, r0, r2
10006808:	b292      	uxth	r2, r2
1000680a:	e7c9      	b.n	100067a0 <tu_fifo_read+0x28>
1000680c:	18c0      	adds	r0, r0, r3
1000680e:	b281      	uxth	r1, r0
10006810:	8161      	strh	r1, [r4, #10]
10006812:	e7ce      	b.n	100067b2 <tu_fifo_read+0x3a>

10006814 <tu_fifo_read_n>:
10006814:	b5f0      	push	{r4, r5, r6, r7, lr}
10006816:	4646      	mov	r6, r8
10006818:	46d6      	mov	lr, sl
1000681a:	464f      	mov	r7, r9
1000681c:	b5c0      	push	{r6, r7, lr}
1000681e:	0006      	movs	r6, r0
10006820:	6900      	ldr	r0, [r0, #16]
10006822:	468a      	mov	sl, r1
10006824:	4690      	mov	r8, r2
10006826:	b082      	sub	sp, #8
10006828:	2800      	cmp	r0, #0
1000682a:	d003      	beq.n	10006834 <tu_fifo_read_n+0x20>
1000682c:	2101      	movs	r1, #1
1000682e:	4249      	negs	r1, r1
10006830:	f000 fea2 	bl	10007578 <__mutex_enter_timeout_ms_veneer>
10006834:	8931      	ldrh	r1, [r6, #8]
10006836:	8972      	ldrh	r2, [r6, #10]
10006838:	88b5      	ldrh	r5, [r6, #4]
1000683a:	b28b      	uxth	r3, r1
1000683c:	b294      	uxth	r4, r2
1000683e:	4291      	cmp	r1, r2
10006840:	d355      	bcc.n	100068ee <tu_fifo_read_n+0xda>
10006842:	1b1f      	subs	r7, r3, r4
10006844:	b2bf      	uxth	r7, r7
10006846:	2f00      	cmp	r7, #0
10006848:	d04b      	beq.n	100068e2 <tu_fifo_read_n+0xce>
1000684a:	42bd      	cmp	r5, r7
1000684c:	d205      	bcs.n	1000685a <tu_fifo_read_n+0x46>
1000684e:	42ab      	cmp	r3, r5
10006850:	d252      	bcs.n	100068f8 <tu_fifo_read_n+0xe4>
10006852:	195b      	adds	r3, r3, r5
10006854:	b29c      	uxth	r4, r3
10006856:	002f      	movs	r7, r5
10006858:	8174      	strh	r4, [r6, #10]
1000685a:	4643      	mov	r3, r8
1000685c:	45b8      	cmp	r8, r7
1000685e:	d83e      	bhi.n	100068de <tu_fifo_read_n+0xca>
10006860:	b29f      	uxth	r7, r3
10006862:	42a5      	cmp	r5, r4
10006864:	d803      	bhi.n	1000686e <tu_fifo_read_n+0x5a>
10006866:	1b64      	subs	r4, r4, r5
10006868:	b2a4      	uxth	r4, r4
1000686a:	42a5      	cmp	r5, r4
1000686c:	d9fb      	bls.n	10006866 <tu_fifo_read_n+0x52>
1000686e:	88f2      	ldrh	r2, [r6, #6]
10006870:	6831      	ldr	r1, [r6, #0]
10006872:	0452      	lsls	r2, r2, #17
10006874:	0c50      	lsrs	r0, r2, #17
10006876:	0002      	movs	r2, r0
10006878:	4362      	muls	r2, r4
1000687a:	1b2b      	subs	r3, r5, r4
1000687c:	b29b      	uxth	r3, r3
1000687e:	1889      	adds	r1, r1, r2
10006880:	9001      	str	r0, [sp, #4]
10006882:	0002      	movs	r2, r0
10006884:	429f      	cmp	r7, r3
10006886:	d925      	bls.n	100068d4 <tu_fifo_read_n+0xc0>
10006888:	4343      	muls	r3, r0
1000688a:	b29b      	uxth	r3, r3
1000688c:	001a      	movs	r2, r3
1000688e:	4650      	mov	r0, sl
10006890:	4699      	mov	r9, r3
10006892:	f7fc f93b 	bl	10002b0c <__wrap___aeabi_memcpy>
10006896:	4650      	mov	r0, sl
10006898:	9a01      	ldr	r2, [sp, #4]
1000689a:	1b7d      	subs	r5, r7, r5
1000689c:	1964      	adds	r4, r4, r5
1000689e:	4354      	muls	r4, r2
100068a0:	6831      	ldr	r1, [r6, #0]
100068a2:	4448      	add	r0, r9
100068a4:	b2a2      	uxth	r2, r4
100068a6:	f7fc f931 	bl	10002b0c <__wrap___aeabi_memcpy>
100068aa:	8971      	ldrh	r1, [r6, #10]
100068ac:	88b5      	ldrh	r5, [r6, #4]
100068ae:	19cb      	adds	r3, r1, r7
100068b0:	b29b      	uxth	r3, r3
100068b2:	006a      	lsls	r2, r5, #1
100068b4:	4299      	cmp	r1, r3
100068b6:	d916      	bls.n	100068e6 <tu_fifo_read_n+0xd2>
100068b8:	1a9b      	subs	r3, r3, r2
100068ba:	6930      	ldr	r0, [r6, #16]
100068bc:	8173      	strh	r3, [r6, #10]
100068be:	2800      	cmp	r0, #0
100068c0:	d001      	beq.n	100068c6 <tu_fifo_read_n+0xb2>
100068c2:	f000 fe39 	bl	10007538 <__mutex_exit_veneer>
100068c6:	0038      	movs	r0, r7
100068c8:	b002      	add	sp, #8
100068ca:	bce0      	pop	{r5, r6, r7}
100068cc:	46ba      	mov	sl, r7
100068ce:	46b1      	mov	r9, r6
100068d0:	46a8      	mov	r8, r5
100068d2:	bdf0      	pop	{r4, r5, r6, r7, pc}
100068d4:	4650      	mov	r0, sl
100068d6:	437a      	muls	r2, r7
100068d8:	f7fc f918 	bl	10002b0c <__wrap___aeabi_memcpy>
100068dc:	e7e5      	b.n	100068aa <tu_fifo_read_n+0x96>
100068de:	1c3b      	adds	r3, r7, #0
100068e0:	e7be      	b.n	10006860 <tu_fifo_read_n+0x4c>
100068e2:	8973      	ldrh	r3, [r6, #10]
100068e4:	b29b      	uxth	r3, r3
100068e6:	006a      	lsls	r2, r5, #1
100068e8:	4293      	cmp	r3, r2
100068ea:	dbe6      	blt.n	100068ba <tu_fifo_read_n+0xa6>
100068ec:	e7e4      	b.n	100068b8 <tu_fifo_read_n+0xa4>
100068ee:	006f      	lsls	r7, r5, #1
100068f0:	1b3f      	subs	r7, r7, r4
100068f2:	19df      	adds	r7, r3, r7
100068f4:	b2bf      	uxth	r7, r7
100068f6:	e7a6      	b.n	10006846 <tu_fifo_read_n+0x32>
100068f8:	1b5b      	subs	r3, r3, r5
100068fa:	b29c      	uxth	r4, r3
100068fc:	e7ab      	b.n	10006856 <tu_fifo_read_n+0x42>
100068fe:	46c0      	nop			@ (mov r8, r8)

10006900 <tu_fifo_write>:
10006900:	b5f8      	push	{r3, r4, r5, r6, r7, lr}
10006902:	0004      	movs	r4, r0
10006904:	68c0      	ldr	r0, [r0, #12]
10006906:	000f      	movs	r7, r1
10006908:	2800      	cmp	r0, #0
1000690a:	d003      	beq.n	10006914 <tu_fifo_write+0x14>
1000690c:	2101      	movs	r1, #1
1000690e:	4249      	negs	r1, r1
10006910:	f000 fe32 	bl	10007578 <__mutex_enter_timeout_ms_veneer>
10006914:	8925      	ldrh	r5, [r4, #8]
10006916:	8920      	ldrh	r0, [r4, #8]
10006918:	8961      	ldrh	r1, [r4, #10]
1000691a:	88a2      	ldrh	r2, [r4, #4]
1000691c:	b2ad      	uxth	r5, r5
1000691e:	b283      	uxth	r3, r0
10006920:	b28e      	uxth	r6, r1
10006922:	4288      	cmp	r0, r1
10006924:	d328      	bcc.n	10006978 <tu_fifo_write+0x78>
10006926:	1b9b      	subs	r3, r3, r6
10006928:	b29b      	uxth	r3, r3
1000692a:	429a      	cmp	r2, r3
1000692c:	d809      	bhi.n	10006942 <tu_fifo_write+0x42>
1000692e:	79e6      	ldrb	r6, [r4, #7]
10006930:	09f6      	lsrs	r6, r6, #7
10006932:	d106      	bne.n	10006942 <tu_fifo_write+0x42>
10006934:	68e0      	ldr	r0, [r4, #12]
10006936:	2800      	cmp	r0, #0
10006938:	d001      	beq.n	1000693e <tu_fifo_write+0x3e>
1000693a:	f000 fdfd 	bl	10007538 <__mutex_exit_veneer>
1000693e:	0030      	movs	r0, r6
10006940:	bdf8      	pop	{r3, r4, r5, r6, r7, pc}
10006942:	002b      	movs	r3, r5
10006944:	4295      	cmp	r5, r2
10006946:	d31c      	bcc.n	10006982 <tu_fifo_write+0x82>
10006948:	1a9b      	subs	r3, r3, r2
1000694a:	b29b      	uxth	r3, r3
1000694c:	4293      	cmp	r3, r2
1000694e:	d2fb      	bcs.n	10006948 <tu_fifo_write+0x48>
10006950:	88e2      	ldrh	r2, [r4, #6]
10006952:	6820      	ldr	r0, [r4, #0]
10006954:	0452      	lsls	r2, r2, #17
10006956:	0c52      	lsrs	r2, r2, #17
10006958:	4353      	muls	r3, r2
1000695a:	0039      	movs	r1, r7
1000695c:	18c0      	adds	r0, r0, r3
1000695e:	f7fc f8d5 	bl	10002b0c <__wrap___aeabi_memcpy>
10006962:	1c6b      	adds	r3, r5, #1
10006964:	b29b      	uxth	r3, r3
10006966:	88a2      	ldrh	r2, [r4, #4]
10006968:	429d      	cmp	r5, r3
1000696a:	d916      	bls.n	1000699a <tu_fifo_write+0x9a>
1000696c:	2300      	movs	r3, #0
1000696e:	0052      	lsls	r2, r2, #1
10006970:	1a9b      	subs	r3, r3, r2
10006972:	2601      	movs	r6, #1
10006974:	8123      	strh	r3, [r4, #8]
10006976:	e7dd      	b.n	10006934 <tu_fifo_write+0x34>
10006978:	0051      	lsls	r1, r2, #1
1000697a:	1b89      	subs	r1, r1, r6
1000697c:	185b      	adds	r3, r3, r1
1000697e:	b29b      	uxth	r3, r3
10006980:	e7d3      	b.n	1000692a <tu_fifo_write+0x2a>
10006982:	88e2      	ldrh	r2, [r4, #6]
10006984:	6820      	ldr	r0, [r4, #0]
10006986:	0452      	lsls	r2, r2, #17
10006988:	0c52      	lsrs	r2, r2, #17
1000698a:	4353      	muls	r3, r2
1000698c:	0039      	movs	r1, r7
1000698e:	18c0      	adds	r0, r0, r3
10006990:	f7fc f8bc 	bl	10002b0c <__wrap___aeabi_memcpy>
10006994:	3501      	adds	r5, #1
10006996:	88a2      	ldrh	r2, [r4, #4]
10006998:	b2ab      	uxth	r3, r5
1000699a:	0052      	lsls	r2, r2, #1
1000699c:	4293      	cmp	r3, r2
1000699e:	dbe8      	blt.n	10006972 <tu_fifo_write+0x72>
100069a0:	e7e6      	b.n	10006970 <tu_fifo_write+0x70>
100069a2:	46c0      	nop			@ (mov r8, r8)

100069a4 <tu_fifo_write_n>:
100069a4:	b5f0      	push	{r4, r5, r6, r7, lr}
100069a6:	464e      	mov	r6, r9
100069a8:	4645      	mov	r5, r8
100069aa:	46de      	mov	lr, fp
100069ac:	4657      	mov	r7, sl
100069ae:	b5e0      	push	{r5, r6, r7, lr}
100069b0:	4689      	mov	r9, r1
100069b2:	0005      	movs	r5, r0
100069b4:	0016      	movs	r6, r2
100069b6:	b083      	sub	sp, #12
100069b8:	2a00      	cmp	r2, #0
100069ba:	d06b      	beq.n	10006a94 <tu_fifo_write_n+0xf0>
100069bc:	68c0      	ldr	r0, [r0, #12]
100069be:	2800      	cmp	r0, #0
100069c0:	d003      	beq.n	100069ca <tu_fifo_write_n+0x26>
100069c2:	2101      	movs	r1, #1
100069c4:	4249      	negs	r1, r1
100069c6:	f000 fdd7 	bl	10007578 <__mutex_enter_timeout_ms_veneer>
100069ca:	892f      	ldrh	r7, [r5, #8]
100069cc:	79ea      	ldrb	r2, [r5, #7]
100069ce:	b2bb      	uxth	r3, r7
100069d0:	4698      	mov	r8, r3
100069d2:	896b      	ldrh	r3, [r5, #10]
100069d4:	88af      	ldrh	r7, [r5, #4]
100069d6:	b29b      	uxth	r3, r3
100069d8:	09d2      	lsrs	r2, r2, #7
100069da:	d13d      	bne.n	10006a58 <tu_fifo_write_n+0xb4>
100069dc:	4598      	cmp	r8, r3
100069de:	d262      	bcs.n	10006aa6 <tu_fifo_write_n+0x102>
100069e0:	007a      	lsls	r2, r7, #1
100069e2:	1ad3      	subs	r3, r2, r3
100069e4:	4443      	add	r3, r8
100069e6:	b29b      	uxth	r3, r3
100069e8:	42bb      	cmp	r3, r7
100069ea:	d261      	bcs.n	10006ab0 <tu_fifo_write_n+0x10c>
100069ec:	1afb      	subs	r3, r7, r3
100069ee:	1c1a      	adds	r2, r3, #0
100069f0:	b29b      	uxth	r3, r3
100069f2:	42b3      	cmp	r3, r6
100069f4:	d900      	bls.n	100069f8 <tu_fifo_write_n+0x54>
100069f6:	1c32      	adds	r2, r6, #0
100069f8:	b296      	uxth	r6, r2
100069fa:	1bf3      	subs	r3, r6, r7
100069fc:	9301      	str	r3, [sp, #4]
100069fe:	4643      	mov	r3, r8
10006a00:	18f3      	adds	r3, r6, r3
10006a02:	b29b      	uxth	r3, r3
10006a04:	469b      	mov	fp, r3
10006a06:	88ea      	ldrh	r2, [r5, #6]
10006a08:	4644      	mov	r4, r8
10006a0a:	45b8      	cmp	r8, r7
10006a0c:	d303      	bcc.n	10006a16 <tu_fifo_write_n+0x72>
10006a0e:	1be4      	subs	r4, r4, r7
10006a10:	b2a4      	uxth	r4, r4
10006a12:	42bc      	cmp	r4, r7
10006a14:	d2fb      	bcs.n	10006a0e <tu_fifo_write_n+0x6a>
10006a16:	0452      	lsls	r2, r2, #17
10006a18:	1b3b      	subs	r3, r7, r4
10006a1a:	0c57      	lsrs	r7, r2, #17
10006a1c:	003a      	movs	r2, r7
10006a1e:	4362      	muls	r2, r4
10006a20:	6828      	ldr	r0, [r5, #0]
10006a22:	b29b      	uxth	r3, r3
10006a24:	1880      	adds	r0, r0, r2
10006a26:	42b3      	cmp	r3, r6
10006a28:	d356      	bcc.n	10006ad8 <tu_fifo_write_n+0x134>
10006a2a:	003a      	movs	r2, r7
10006a2c:	4649      	mov	r1, r9
10006a2e:	4372      	muls	r2, r6
10006a30:	f7fc f86c 	bl	10002b0c <__wrap___aeabi_memcpy>
10006a34:	88ab      	ldrh	r3, [r5, #4]
10006a36:	005b      	lsls	r3, r3, #1
10006a38:	45d8      	cmp	r8, fp
10006a3a:	d801      	bhi.n	10006a40 <tu_fifo_write_n+0x9c>
10006a3c:	459b      	cmp	fp, r3
10006a3e:	db02      	blt.n	10006a46 <tu_fifo_write_n+0xa2>
10006a40:	465a      	mov	r2, fp
10006a42:	1ad3      	subs	r3, r2, r3
10006a44:	469b      	mov	fp, r3
10006a46:	465b      	mov	r3, fp
10006a48:	0037      	movs	r7, r6
10006a4a:	812b      	strh	r3, [r5, #8]
10006a4c:	68e8      	ldr	r0, [r5, #12]
10006a4e:	2800      	cmp	r0, #0
10006a50:	d021      	beq.n	10006a96 <tu_fifo_write_n+0xf2>
10006a52:	f000 fd71 	bl	10007538 <__mutex_exit_veneer>
10006a56:	e01e      	b.n	10006a96 <tu_fifo_write_n+0xf2>
10006a58:	42be      	cmp	r6, r7
10006a5a:	d22b      	bcs.n	10006ab4 <tu_fifo_write_n+0x110>
10006a5c:	4598      	cmp	r8, r3
10006a5e:	d34c      	bcc.n	10006afa <tu_fifo_write_n+0x156>
10006a60:	4642      	mov	r2, r8
10006a62:	1ad2      	subs	r2, r2, r3
10006a64:	b292      	uxth	r2, r2
10006a66:	0079      	lsls	r1, r7, #1
10006a68:	1bf0      	subs	r0, r6, r7
10006a6a:	1992      	adds	r2, r2, r6
10006a6c:	9001      	str	r0, [sp, #4]
10006a6e:	428a      	cmp	r2, r1
10006a70:	dbc5      	blt.n	100069fe <tu_fifo_write_n+0x5a>
10006a72:	19da      	adds	r2, r3, r7
10006a74:	b292      	uxth	r2, r2
10006a76:	4693      	mov	fp, r2
10006a78:	1b92      	subs	r2, r2, r6
10006a7a:	b292      	uxth	r2, r2
10006a7c:	4690      	mov	r8, r2
10006a7e:	4293      	cmp	r3, r2
10006a80:	d940      	bls.n	10006b04 <tu_fifo_write_n+0x160>
10006a82:	4643      	mov	r3, r8
10006a84:	1a59      	subs	r1, r3, r1
10006a86:	b28b      	uxth	r3, r1
10006a88:	4698      	mov	r8, r3
10006a8a:	18f3      	adds	r3, r6, r3
10006a8c:	b29b      	uxth	r3, r3
10006a8e:	469b      	mov	fp, r3
10006a90:	88ea      	ldrh	r2, [r5, #6]
10006a92:	e7b9      	b.n	10006a08 <tu_fifo_write_n+0x64>
10006a94:	2700      	movs	r7, #0
10006a96:	0038      	movs	r0, r7
10006a98:	b003      	add	sp, #12
10006a9a:	bcf0      	pop	{r4, r5, r6, r7}
10006a9c:	46bb      	mov	fp, r7
10006a9e:	46b2      	mov	sl, r6
10006aa0:	46a9      	mov	r9, r5
10006aa2:	46a0      	mov	r8, r4
10006aa4:	bdf0      	pop	{r4, r5, r6, r7, pc}
10006aa6:	4642      	mov	r2, r8
10006aa8:	1ad3      	subs	r3, r2, r3
10006aaa:	b29b      	uxth	r3, r3
10006aac:	42bb      	cmp	r3, r7
10006aae:	d39d      	bcc.n	100069ec <tu_fifo_write_n+0x48>
10006ab0:	2700      	movs	r7, #0
10006ab2:	e7cb      	b.n	10006a4c <tu_fifo_write_n+0xa8>
10006ab4:	2f00      	cmp	r7, #0
10006ab6:	d0c9      	beq.n	10006a4c <tu_fifo_write_n+0xa8>
10006ab8:	46cc      	mov	ip, r9
10006aba:	88ea      	ldrh	r2, [r5, #6]
10006abc:	1bf6      	subs	r6, r6, r7
10006abe:	0451      	lsls	r1, r2, #17
10006ac0:	0c49      	lsrs	r1, r1, #17
10006ac2:	4371      	muls	r1, r6
10006ac4:	4698      	mov	r8, r3
10006ac6:	448c      	add	ip, r1
10006ac8:	19d9      	adds	r1, r3, r7
10006aca:	2300      	movs	r3, #0
10006acc:	b289      	uxth	r1, r1
10006ace:	46e1      	mov	r9, ip
10006ad0:	468b      	mov	fp, r1
10006ad2:	003e      	movs	r6, r7
10006ad4:	9301      	str	r3, [sp, #4]
10006ad6:	e797      	b.n	10006a08 <tu_fifo_write_n+0x64>
10006ad8:	437b      	muls	r3, r7
10006ada:	b29b      	uxth	r3, r3
10006adc:	001a      	movs	r2, r3
10006ade:	4649      	mov	r1, r9
10006ae0:	469a      	mov	sl, r3
10006ae2:	f7fc f813 	bl	10002b0c <__wrap___aeabi_memcpy>
10006ae6:	4649      	mov	r1, r9
10006ae8:	9b01      	ldr	r3, [sp, #4]
10006aea:	6828      	ldr	r0, [r5, #0]
10006aec:	18e2      	adds	r2, r4, r3
10006aee:	437a      	muls	r2, r7
10006af0:	4451      	add	r1, sl
10006af2:	b292      	uxth	r2, r2
10006af4:	f7fc f80a 	bl	10002b0c <__wrap___aeabi_memcpy>
10006af8:	e79c      	b.n	10006a34 <tu_fifo_write_n+0x90>
10006afa:	0079      	lsls	r1, r7, #1
10006afc:	1aca      	subs	r2, r1, r3
10006afe:	4442      	add	r2, r8
10006b00:	b292      	uxth	r2, r2
10006b02:	e7b1      	b.n	10006a68 <tu_fifo_write_n+0xc4>
10006b04:	4291      	cmp	r1, r2
10006b06:	ddbc      	ble.n	10006a82 <tu_fifo_write_n+0xde>
10006b08:	e7c2      	b.n	10006a90 <tu_fifo_write_n+0xec>
10006b0a:	46c0      	nop			@ (mov r8, r8)

10006b0c <tu_fifo_clear>:
10006b0c:	b510      	push	{r4, lr}
10006b0e:	0004      	movs	r4, r0
10006b10:	68c0      	ldr	r0, [r0, #12]
10006b12:	2800      	cmp	r0, #0
10006b14:	d003      	beq.n	10006b1e <tu_fifo_clear+0x12>
10006b16:	2101      	movs	r1, #1
10006b18:	4249      	negs	r1, r1
10006b1a:	f000 fd2d 	bl	10007578 <__mutex_enter_timeout_ms_veneer>
10006b1e:	6920      	ldr	r0, [r4, #16]
10006b20:	2800      	cmp	r0, #0
10006b22:	d003      	beq.n	10006b2c <tu_fifo_clear+0x20>
10006b24:	2101      	movs	r1, #1
10006b26:	4249      	negs	r1, r1
10006b28:	f000 fd26 	bl	10007578 <__mutex_enter_timeout_ms_veneer>
10006b2c:	2300      	movs	r3, #0
10006b2e:	68e0      	ldr	r0, [r4, #12]
10006b30:	8163      	strh	r3, [r4, #10]
10006b32:	8123      	strh	r3, [r4, #8]
10006b34:	2800      	cmp	r0, #0
10006b36:	d001      	beq.n	10006b3c <tu_fifo_clear+0x30>
10006b38:	f000 fcfe 	bl	10007538 <__mutex_exit_veneer>
10006b3c:	6920      	ldr	r0, [r4, #16]
10006b3e:	2800      	cmp	r0, #0
10006b40:	d001      	beq.n	10006b46 <tu_fifo_clear+0x3a>
10006b42:	f000 fcf9 	bl	10007538 <__mutex_exit_veneer>
10006b46:	2001      	movs	r0, #1
10006b48:	bd10      	pop	{r4, pc}
10006b4a:	46c0      	nop			@ (mov r8, r8)

10006b4c <tu_fifo_set_overwritable>:
10006b4c:	b570      	push	{r4, r5, r6, lr}
10006b4e:	0004      	movs	r4, r0
10006b50:	68c0      	ldr	r0, [r0, #12]
10006b52:	000d      	movs	r5, r1
10006b54:	2800      	cmp	r0, #0
10006b56:	d003      	beq.n	10006b60 <tu_fifo_set_overwritable+0x14>
10006b58:	2101      	movs	r1, #1
10006b5a:	4249      	negs	r1, r1
10006b5c:	f000 fd0c 	bl	10007578 <__mutex_enter_timeout_ms_veneer>
10006b60:	6920      	ldr	r0, [r4, #16]
10006b62:	2800      	cmp	r0, #0
10006b64:	d003      	beq.n	10006b6e <tu_fifo_set_overwritable+0x22>
10006b66:	2101      	movs	r1, #1
10006b68:	4249      	negs	r1, r1
10006b6a:	f000 fd05 	bl	10007578 <__mutex_enter_timeout_ms_veneer>
10006b6e:	217f      	movs	r1, #127	@ 0x7f
10006b70:	79e2      	ldrb	r2, [r4, #7]
10006b72:	01eb      	lsls	r3, r5, #7
10006b74:	4011      	ands	r1, r2
10006b76:	68e0      	ldr	r0, [r4, #12]
10006b78:	4319      	orrs	r1, r3
10006b7a:	71e1      	strb	r1, [r4, #7]
10006b7c:	2800      	cmp	r0, #0
10006b7e:	d001      	beq.n	10006b84 <tu_fifo_set_overwritable+0x38>
10006b80:	f000 fcda 	bl	10007538 <__mutex_exit_veneer>
10006b84:	6920      	ldr	r0, [r4, #16]
10006b86:	2800      	cmp	r0, #0
10006b88:	d001      	beq.n	10006b8e <tu_fifo_set_overwritable+0x42>
10006b8a:	f000 fcd5 	bl	10007538 <__mutex_exit_veneer>
10006b8e:	2001      	movs	r0, #1
10006b90:	bd70      	pop	{r4, r5, r6, pc}
10006b92:	46c0      	nop			@ (mov r8, r8)

10006b94 <i2c_read_blocking_internal.constprop.0>:
10006b94:	b5f0      	push	{r4, r5, r6, r7, lr}
10006b96:	46de      	mov	lr, fp
10006b98:	4657      	mov	r7, sl
10006b9a:	464e      	mov	r6, r9
10006b9c:	4645      	mov	r5, r8
10006b9e:	b5e0      	push	{r5, r6, r7, lr}
10006ba0:	0006      	movs	r6, r0
10006ba2:	b083      	sub	sp, #12
10006ba4:	001f      	movs	r7, r3
10006ba6:	ab0c      	add	r3, sp, #48	@ 0x30
10006ba8:	0008      	movs	r0, r1
10006baa:	7819      	ldrb	r1, [r3, #0]
10006bac:	2300      	movs	r3, #0
10006bae:	4693      	mov	fp, r2
10006bb0:	6832      	ldr	r2, [r6, #0]
10006bb2:	66d3      	str	r3, [r2, #108]	@ 0x6c
10006bb4:	3301      	adds	r3, #1
10006bb6:	6050      	str	r0, [r2, #4]
10006bb8:	66d3      	str	r3, [r2, #108]	@ 0x6c
10006bba:	2f00      	cmp	r7, #0
10006bbc:	dd3b      	ble.n	10006c36 <i2c_read_blocking_internal.constprop.0+0xa2>
10006bbe:	1e7b      	subs	r3, r7, #1
10006bc0:	4699      	mov	r9, r3
10006bc2:	2301      	movs	r3, #1
10006bc4:	404b      	eors	r3, r1
10006bc6:	469a      	mov	sl, r3
10006bc8:	2000      	movs	r0, #0
10006bca:	2480      	movs	r4, #128	@ 0x80
10006bcc:	2340      	movs	r3, #64	@ 0x40
10006bce:	4688      	mov	r8, r1
10006bd0:	6f55      	ldr	r5, [r2, #116]	@ 0x74
10006bd2:	2d10      	cmp	r5, #16
10006bd4:	d0fc      	beq.n	10006bd0 <i2c_read_blocking_internal.constprop.0+0x3c>
10006bd6:	2500      	movs	r5, #0
10006bd8:	46ac      	mov	ip, r5
10006bda:	2800      	cmp	r0, #0
10006bdc:	d102      	bne.n	10006be4 <i2c_read_blocking_internal.constprop.0+0x50>
10006bde:	7935      	ldrb	r5, [r6, #4]
10006be0:	02a9      	lsls	r1, r5, #10
10006be2:	468c      	mov	ip, r1
10006be4:	464d      	mov	r5, r9
10006be6:	1b41      	subs	r1, r0, r5
10006be8:	424d      	negs	r5, r1
10006bea:	414d      	adcs	r5, r1
10006bec:	4651      	mov	r1, sl
10006bee:	400d      	ands	r5, r1
10006bf0:	4661      	mov	r1, ip
10006bf2:	026d      	lsls	r5, r5, #9
10006bf4:	430d      	orrs	r5, r1
10006bf6:	2180      	movs	r1, #128	@ 0x80
10006bf8:	0049      	lsls	r1, r1, #1
10006bfa:	430d      	orrs	r5, r1
10006bfc:	4641      	mov	r1, r8
10006bfe:	6115      	str	r5, [r2, #16]
10006c00:	5915      	ldr	r5, [r2, r4]
10006c02:	6b55      	ldr	r5, [r2, #52]	@ 0x34
10006c04:	422b      	tst	r3, r5
10006c06:	d00a      	beq.n	10006c1e <i2c_read_blocking_internal.constprop.0+0x8a>
10006c08:	2001      	movs	r0, #1
10006c0a:	6d53      	ldr	r3, [r2, #84]	@ 0x54
10006c0c:	4240      	negs	r0, r0
10006c0e:	7131      	strb	r1, [r6, #4]
10006c10:	b003      	add	sp, #12
10006c12:	bcf0      	pop	{r4, r5, r6, r7}
10006c14:	46bb      	mov	fp, r7
10006c16:	46b2      	mov	sl, r6
10006c18:	46a9      	mov	r9, r5
10006c1a:	46a0      	mov	r8, r4
10006c1c:	bdf0      	pop	{r4, r5, r6, r7, pc}
10006c1e:	6f95      	ldr	r5, [r2, #120]	@ 0x78
10006c20:	2d00      	cmp	r5, #0
10006c22:	d0ed      	beq.n	10006c00 <i2c_read_blocking_internal.constprop.0+0x6c>
10006c24:	4688      	mov	r8, r1
10006c26:	4659      	mov	r1, fp
10006c28:	6912      	ldr	r2, [r2, #16]
10006c2a:	540a      	strb	r2, [r1, r0]
10006c2c:	3001      	adds	r0, #1
10006c2e:	4287      	cmp	r7, r0
10006c30:	d003      	beq.n	10006c3a <i2c_read_blocking_internal.constprop.0+0xa6>
10006c32:	6832      	ldr	r2, [r6, #0]
10006c34:	e7cc      	b.n	10006bd0 <i2c_read_blocking_internal.constprop.0+0x3c>
10006c36:	2000      	movs	r0, #0
10006c38:	e7e9      	b.n	10006c0e <i2c_read_blocking_internal.constprop.0+0x7a>
10006c3a:	4641      	mov	r1, r8
10006c3c:	e7e7      	b.n	10006c0e <i2c_read_blocking_internal.constprop.0+0x7a>
10006c3e:	46c0      	nop			@ (mov r8, r8)

10006c40 <i2c_write_blocking_internal.constprop.0>:
10006c40:	b5f0      	push	{r4, r5, r6, r7, lr}
10006c42:	464e      	mov	r6, r9
10006c44:	4645      	mov	r5, r8
10006c46:	46de      	mov	lr, fp
10006c48:	4657      	mov	r7, sl
10006c4a:	4684      	mov	ip, r0
10006c4c:	b5e0      	push	{r5, r6, r7, lr}
10006c4e:	b085      	sub	sp, #20
10006c50:	4698      	mov	r8, r3
10006c52:	ab0e      	add	r3, sp, #56	@ 0x38
10006c54:	4691      	mov	r9, r2
10006c56:	781a      	ldrb	r2, [r3, #0]
10006c58:	4663      	mov	r3, ip
10006c5a:	0008      	movs	r0, r1
10006c5c:	6819      	ldr	r1, [r3, #0]
10006c5e:	2300      	movs	r3, #0
10006c60:	66cb      	str	r3, [r1, #108]	@ 0x6c
10006c62:	3301      	adds	r3, #1
10006c64:	6048      	str	r0, [r1, #4]
10006c66:	66cb      	str	r3, [r1, #108]	@ 0x6c
10006c68:	4643      	mov	r3, r8
10006c6a:	9203      	str	r2, [sp, #12]
10006c6c:	2b00      	cmp	r3, #0
10006c6e:	dd4e      	ble.n	10006d0e <i2c_write_blocking_internal.constprop.0+0xce>
10006c70:	2701      	movs	r7, #1
10006c72:	1e5e      	subs	r6, r3, #1
10006c74:	4663      	mov	r3, ip
10006c76:	2480      	movs	r4, #128	@ 0x80
10006c78:	4057      	eors	r7, r2
10006c7a:	791a      	ldrb	r2, [r3, #4]
10006c7c:	46a2      	mov	sl, r4
10006c7e:	2580      	movs	r5, #128	@ 0x80
10006c80:	464c      	mov	r4, r9
10006c82:	0292      	lsls	r2, r2, #10
10006c84:	2000      	movs	r0, #0
10006c86:	2310      	movs	r3, #16
10006c88:	4691      	mov	r9, r2
10006c8a:	00ad      	lsls	r5, r5, #2
10006c8c:	9401      	str	r4, [sp, #4]
10006c8e:	1b84      	subs	r4, r0, r6
10006c90:	4262      	negs	r2, r4
10006c92:	4162      	adcs	r2, r4
10006c94:	9c01      	ldr	r4, [sp, #4]
10006c96:	403a      	ands	r2, r7
10006c98:	5c24      	ldrb	r4, [r4, r0]
10006c9a:	0252      	lsls	r2, r2, #9
10006c9c:	4322      	orrs	r2, r4
10006c9e:	464c      	mov	r4, r9
10006ca0:	4322      	orrs	r2, r4
10006ca2:	9c01      	ldr	r4, [sp, #4]
10006ca4:	610a      	str	r2, [r1, #16]
10006ca6:	6b4a      	ldr	r2, [r1, #52]	@ 0x34
10006ca8:	4213      	tst	r3, r2
10006caa:	d0fc      	beq.n	10006ca6 <i2c_write_blocking_internal.constprop.0+0x66>
10006cac:	4652      	mov	r2, sl
10006cae:	588a      	ldr	r2, [r1, r2]
10006cb0:	9401      	str	r4, [sp, #4]
10006cb2:	4691      	mov	r9, r2
10006cb4:	2a00      	cmp	r2, #0
10006cb6:	d110      	bne.n	10006cda <i2c_write_blocking_internal.constprop.0+0x9a>
10006cb8:	42b0      	cmp	r0, r6
10006cba:	d023      	beq.n	10006d04 <i2c_write_blocking_internal.constprop.0+0xc4>
10006cbc:	2200      	movs	r2, #0
10006cbe:	3001      	adds	r0, #1
10006cc0:	4691      	mov	r9, r2
10006cc2:	4580      	cmp	r8, r0
10006cc4:	d1e3      	bne.n	10006c8e <i2c_write_blocking_internal.constprop.0+0x4e>
10006cc6:	4663      	mov	r3, ip
10006cc8:	9a03      	ldr	r2, [sp, #12]
10006cca:	711a      	strb	r2, [r3, #4]
10006ccc:	b005      	add	sp, #20
10006cce:	bcf0      	pop	{r4, r5, r6, r7}
10006cd0:	46bb      	mov	fp, r7
10006cd2:	46b2      	mov	sl, r6
10006cd4:	46a9      	mov	r9, r5
10006cd6:	46a0      	mov	r8, r4
10006cd8:	bdf0      	pop	{r4, r5, r6, r7, pc}
10006cda:	6d4a      	ldr	r2, [r1, #84]	@ 0x54
10006cdc:	2201      	movs	r2, #1
10006cde:	4693      	mov	fp, r2
10006ce0:	6b4a      	ldr	r2, [r1, #52]	@ 0x34
10006ce2:	422a      	tst	r2, r5
10006ce4:	d0fc      	beq.n	10006ce0 <i2c_write_blocking_internal.constprop.0+0xa0>
10006ce6:	6e0a      	ldr	r2, [r1, #96]	@ 0x60
10006ce8:	465a      	mov	r2, fp
10006cea:	9401      	str	r4, [sp, #4]
10006cec:	2a00      	cmp	r2, #0
10006cee:	d0e5      	beq.n	10006cbc <i2c_write_blocking_internal.constprop.0+0x7c>
10006cf0:	464c      	mov	r4, r9
10006cf2:	2c00      	cmp	r4, #0
10006cf4:	d003      	beq.n	10006cfe <i2c_write_blocking_internal.constprop.0+0xbe>
10006cf6:	2309      	movs	r3, #9
10006cf8:	4023      	ands	r3, r4
10006cfa:	2b08      	cmp	r3, #8
10006cfc:	d0e3      	beq.n	10006cc6 <i2c_write_blocking_internal.constprop.0+0x86>
10006cfe:	2001      	movs	r0, #1
10006d00:	4240      	negs	r0, r0
10006d02:	e7e0      	b.n	10006cc6 <i2c_write_blocking_internal.constprop.0+0x86>
10006d04:	9a03      	ldr	r2, [sp, #12]
10006d06:	2a00      	cmp	r2, #0
10006d08:	d1d8      	bne.n	10006cbc <i2c_write_blocking_internal.constprop.0+0x7c>
10006d0a:	4693      	mov	fp, r2
10006d0c:	e7e8      	b.n	10006ce0 <i2c_write_blocking_internal.constprop.0+0xa0>
10006d0e:	2000      	movs	r0, #0
10006d10:	e7d9      	b.n	10006cc6 <i2c_write_blocking_internal.constprop.0+0x86>
10006d12:	46c0      	nop			@ (mov r8, r8)

10006d14 <i2c_set_baudrate>:
10006d14:	b5f0      	push	{r4, r5, r6, r7, lr}
10006d16:	46d6      	mov	lr, sl
10006d18:	464f      	mov	r7, r9
10006d1a:	4646      	mov	r6, r8
10006d1c:	4682      	mov	sl, r0
10006d1e:	b5c0      	push	{r6, r7, lr}
10006d20:	2005      	movs	r0, #5
10006d22:	000c      	movs	r4, r1
10006d24:	f7fa fdfc 	bl	10001920 <clock_get_hz>
10006d28:	0005      	movs	r5, r0
10006d2a:	0860      	lsrs	r0, r4, #1
10006d2c:	0021      	movs	r1, r4
10006d2e:	1940      	adds	r0, r0, r5
10006d30:	f7fb f856 	bl	10001de0 <__wrap___aeabi_uidiv>
10006d34:	0047      	lsls	r7, r0, #1
10006d36:	183f      	adds	r7, r7, r0
10006d38:	0006      	movs	r6, r0
10006d3a:	2105      	movs	r1, #5
10006d3c:	0038      	movs	r0, r7
10006d3e:	f7fb f84f 	bl	10001de0 <__wrap___aeabi_uidiv>
10006d42:	46a0      	mov	r8, r4
10006d44:	4b1c      	ldr	r3, [pc, #112]	@ (10006db8 <i2c_set_baudrate+0xa4>)
10006d46:	1a32      	subs	r2, r6, r0
10006d48:	0004      	movs	r4, r0
10006d4a:	0068      	lsls	r0, r5, #1
10006d4c:	4691      	mov	r9, r2
10006d4e:	1940      	adds	r0, r0, r5
10006d50:	4598      	cmp	r8, r3
10006d52:	d82b      	bhi.n	10006dac <i2c_set_baudrate+0x98>
10006d54:	4919      	ldr	r1, [pc, #100]	@ (10006dbc <i2c_set_baudrate+0xa8>)
10006d56:	f7fb f843 	bl	10001de0 <__wrap___aeabi_uidiv>
10006d5a:	3001      	adds	r0, #1
10006d5c:	4653      	mov	r3, sl
10006d5e:	2200      	movs	r2, #0
10006d60:	681b      	ldr	r3, [r3, #0]
10006d62:	66da      	str	r2, [r3, #108]	@ 0x6c
10006d64:	6819      	ldr	r1, [r3, #0]
10006d66:	3204      	adds	r2, #4
10006d68:	4051      	eors	r1, r2
10006d6a:	3202      	adds	r2, #2
10006d6c:	400a      	ands	r2, r1
10006d6e:	2180      	movs	r1, #128	@ 0x80
10006d70:	0149      	lsls	r1, r1, #5
10006d72:	1859      	adds	r1, r3, r1
10006d74:	600a      	str	r2, [r1, #0]
10006d76:	464a      	mov	r2, r9
10006d78:	61da      	str	r2, [r3, #28]
10006d7a:	2201      	movs	r2, #1
10006d7c:	621c      	str	r4, [r3, #32]
10006d7e:	2f4f      	cmp	r7, #79	@ 0x4f
10006d80:	d900      	bls.n	10006d84 <i2c_set_baudrate+0x70>
10006d82:	0922      	lsrs	r2, r4, #4
10006d84:	21a0      	movs	r1, #160	@ 0xa0
10006d86:	505a      	str	r2, [r3, r1]
10006d88:	6fda      	ldr	r2, [r3, #124]	@ 0x7c
10006d8a:	0031      	movs	r1, r6
10006d8c:	4050      	eors	r0, r2
10006d8e:	4a0c      	ldr	r2, [pc, #48]	@ (10006dc0 <i2c_set_baudrate+0xac>)
10006d90:	0400      	lsls	r0, r0, #16
10006d92:	189a      	adds	r2, r3, r2
10006d94:	0c00      	lsrs	r0, r0, #16
10006d96:	6010      	str	r0, [r2, #0]
10006d98:	2201      	movs	r2, #1
10006d9a:	0028      	movs	r0, r5
10006d9c:	66da      	str	r2, [r3, #108]	@ 0x6c
10006d9e:	f7fb f81f 	bl	10001de0 <__wrap___aeabi_uidiv>
10006da2:	bce0      	pop	{r5, r6, r7}
10006da4:	46ba      	mov	sl, r7
10006da6:	46b1      	mov	r9, r6
10006da8:	46a8      	mov	r8, r5
10006daa:	bdf0      	pop	{r4, r5, r6, r7, pc}
10006dac:	4905      	ldr	r1, [pc, #20]	@ (10006dc4 <i2c_set_baudrate+0xb0>)
10006dae:	f7fb f817 	bl	10001de0 <__wrap___aeabi_uidiv>
10006db2:	3001      	adds	r0, #1
10006db4:	e7d2      	b.n	10006d5c <i2c_set_baudrate+0x48>
10006db6:	46c0      	nop			@ (mov r8, r8)
10006db8:	000f423f 	.word	0x000f423f
10006dbc:	00989680 	.word	0x00989680
10006dc0:	0000107c 	.word	0x0000107c
10006dc4:	017d7840 	.word	0x017d7840

10006dc8 <i2c_init>:
10006dc8:	4a10      	ldr	r2, [pc, #64]	@ (10006e0c <i2c_init+0x44>)
10006dca:	b570      	push	{r4, r5, r6, lr}
10006dcc:	1a82      	subs	r2, r0, r2
10006dce:	1e53      	subs	r3, r2, #1
10006dd0:	419a      	sbcs	r2, r3
10006dd2:	2307      	movs	r3, #7
10006dd4:	4252      	negs	r2, r2
10006dd6:	439a      	bics	r2, r3
10006dd8:	4b0d      	ldr	r3, [pc, #52]	@ (10006e10 <i2c_init+0x48>)
10006dda:	3210      	adds	r2, #16
10006ddc:	601a      	str	r2, [r3, #0]
10006dde:	4b0d      	ldr	r3, [pc, #52]	@ (10006e14 <i2c_init+0x4c>)
10006de0:	4c0d      	ldr	r4, [pc, #52]	@ (10006e18 <i2c_init+0x50>)
10006de2:	601a      	str	r2, [r3, #0]
10006de4:	0015      	movs	r5, r2
10006de6:	6823      	ldr	r3, [r4, #0]
10006de8:	439d      	bics	r5, r3
10006dea:	1e2b      	subs	r3, r5, #0
10006dec:	d1fa      	bne.n	10006de4 <i2c_init+0x1c>
10006dee:	2466      	movs	r4, #102	@ 0x66
10006df0:	6802      	ldr	r2, [r0, #0]
10006df2:	34ff      	adds	r4, #255	@ 0xff
10006df4:	7105      	strb	r5, [r0, #4]
10006df6:	66d5      	str	r5, [r2, #108]	@ 0x6c
10006df8:	6014      	str	r4, [r2, #0]
10006dfa:	3c63      	subs	r4, #99	@ 0x63
10006dfc:	3388      	adds	r3, #136	@ 0x88
10006dfe:	3cff      	subs	r4, #255	@ 0xff
10006e00:	63d5      	str	r5, [r2, #60]	@ 0x3c
10006e02:	6395      	str	r5, [r2, #56]	@ 0x38
10006e04:	50d4      	str	r4, [r2, r3]
10006e06:	f7ff ff85 	bl	10006d14 <i2c_set_baudrate>
10006e0a:	bd70      	pop	{r4, r5, r6, pc}
10006e0c:	20001080 	.word	0x20001080
10006e10:	4000e000 	.word	0x4000e000
10006e14:	4000f000 	.word	0x4000f000
10006e18:	4000c008 	.word	0x4000c008

10006e1c <i2c_write_blocking>:
10006e1c:	b510      	push	{r4, lr}
10006e1e:	b082      	sub	sp, #8
10006e20:	466c      	mov	r4, sp
10006e22:	7c24      	ldrb	r4, [r4, #16]
10006e24:	9400      	str	r4, [sp, #0]
10006e26:	f7ff ff0b 	bl	10006c40 <i2c_write_blocking_internal.constprop.0>
10006e2a:	b002      	add	sp, #8
10006e2c:	bd10      	pop	{r4, pc}
10006e2e:	46c0      	nop			@ (mov r8, r8)

10006e30 <i2c_read_blocking>:
10006e30:	b510      	push	{r4, lr}
10006e32:	b082      	sub	sp, #8
10006e34:	466c      	mov	r4, sp
10006e36:	7c24      	ldrb	r4, [r4, #16]
10006e38:	9400      	str	r4, [sp, #0]
10006e3a:	f7ff feab 	bl	10006b94 <i2c_read_blocking_internal.constprop.0>
10006e3e:	b002      	add	sp, #8
10006e40:	bd10      	pop	{r4, pc}
10006e42:	46c0      	nop			@ (mov r8, r8)

10006e44 <VL53L1X_SensorInit>:
10006e44:	b5f0      	push	{r4, r5, r6, r7, lr}
10006e46:	0005      	movs	r5, r0
10006e48:	242d      	movs	r4, #45	@ 0x2d
10006e4a:	4e1d      	ldr	r6, [pc, #116]	@ (10006ec0 <VL53L1X_SensorInit+0x7c>)
10006e4c:	b083      	sub	sp, #12
10006e4e:	5d32      	ldrb	r2, [r6, r4]
10006e50:	b2a1      	uxth	r1, r4
10006e52:	0028      	movs	r0, r5
10006e54:	3401      	adds	r4, #1
10006e56:	f000 fab3 	bl	100073c0 <VL53L1X_WrByte>
10006e5a:	2c88      	cmp	r4, #136	@ 0x88
10006e5c:	d1f7      	bne.n	10006e4e <VL53L1X_SensorInit+0xa>
10006e5e:	2240      	movs	r2, #64	@ 0x40
10006e60:	2187      	movs	r1, #135	@ 0x87
10006e62:	0028      	movs	r0, r5
10006e64:	f000 faac 	bl	100073c0 <VL53L1X_WrByte>
10006e68:	466b      	mov	r3, sp
10006e6a:	2701      	movs	r7, #1
10006e6c:	1ddc      	adds	r4, r3, #7
10006e6e:	0022      	movs	r2, r4
10006e70:	2130      	movs	r1, #48	@ 0x30
10006e72:	0028      	movs	r0, r5
10006e74:	f000 fa7e 	bl	10007374 <VL53L1X_RdByte>
10006e78:	0022      	movs	r2, r4
10006e7a:	2131      	movs	r1, #49	@ 0x31
10006e7c:	0028      	movs	r0, r5
10006e7e:	7826      	ldrb	r6, [r4, #0]
10006e80:	f000 fa78 	bl	10007374 <VL53L1X_RdByte>
10006e84:	2800      	cmp	r0, #0
10006e86:	d1f2      	bne.n	10006e6e <VL53L1X_SensorInit+0x2a>
10006e88:	7823      	ldrb	r3, [r4, #0]
10006e8a:	0936      	lsrs	r6, r6, #4
10006e8c:	405e      	eors	r6, r3
10006e8e:	4237      	tst	r7, r6
10006e90:	d0ed      	beq.n	10006e6e <VL53L1X_SensorInit+0x2a>
10006e92:	2201      	movs	r2, #1
10006e94:	2186      	movs	r1, #134	@ 0x86
10006e96:	0028      	movs	r0, r5
10006e98:	f000 fa92 	bl	100073c0 <VL53L1X_WrByte>
10006e9c:	2200      	movs	r2, #0
10006e9e:	2187      	movs	r1, #135	@ 0x87
10006ea0:	0028      	movs	r0, r5
10006ea2:	f000 fa8d 	bl	100073c0 <VL53L1X_WrByte>
10006ea6:	2209      	movs	r2, #9
10006ea8:	2108      	movs	r1, #8
10006eaa:	0028      	movs	r0, r5
10006eac:	f000 fa88 	bl	100073c0 <VL53L1X_WrByte>
10006eb0:	2200      	movs	r2, #0
10006eb2:	210b      	movs	r1, #11
10006eb4:	0028      	movs	r0, r5
10006eb6:	f000 fa83 	bl	100073c0 <VL53L1X_WrByte>
10006eba:	b003      	add	sp, #12
10006ebc:	bdf0      	pop	{r4, r5, r6, r7, pc}
10006ebe:	46c0      	nop			@ (mov r8, r8)
10006ec0:	10007f13 	.word	0x10007f13

10006ec4 <VL53L1X_ClearInterrupt>:
10006ec4:	b510      	push	{r4, lr}
10006ec6:	2201      	movs	r2, #1
10006ec8:	2186      	movs	r1, #134	@ 0x86
10006eca:	f000 fa79 	bl	100073c0 <VL53L1X_WrByte>
10006ece:	bd10      	pop	{r4, pc}

10006ed0 <VL53L1X_StartRanging>:
10006ed0:	b510      	push	{r4, lr}
10006ed2:	2240      	movs	r2, #64	@ 0x40
10006ed4:	2187      	movs	r1, #135	@ 0x87
10006ed6:	f000 fa73 	bl	100073c0 <VL53L1X_WrByte>
10006eda:	bd10      	pop	{r4, pc}

10006edc <VL53L1X_StopRanging>:
10006edc:	b510      	push	{r4, lr}
10006ede:	2200      	movs	r2, #0
10006ee0:	2187      	movs	r1, #135	@ 0x87
10006ee2:	f000 fa6d 	bl	100073c0 <VL53L1X_WrByte>
10006ee6:	bd10      	pop	{r4, pc}

10006ee8 <VL53L1X_CheckForDataReady>:
10006ee8:	b5f0      	push	{r4, r5, r6, r7, lr}
10006eea:	b083      	sub	sp, #12
10006eec:	466b      	mov	r3, sp
10006eee:	0005      	movs	r5, r0
10006ef0:	1ddc      	adds	r4, r3, #7
10006ef2:	0022      	movs	r2, r4
10006ef4:	000f      	movs	r7, r1
10006ef6:	2130      	movs	r1, #48	@ 0x30
10006ef8:	f000 fa3c 	bl	10007374 <VL53L1X_RdByte>
10006efc:	0022      	movs	r2, r4
10006efe:	2131      	movs	r1, #49	@ 0x31
10006f00:	0028      	movs	r0, r5
10006f02:	7826      	ldrb	r6, [r4, #0]
10006f04:	f000 fa36 	bl	10007374 <VL53L1X_RdByte>
10006f08:	2800      	cmp	r0, #0
10006f0a:	d105      	bne.n	10006f18 <VL53L1X_CheckForDataReady+0x30>
10006f0c:	7822      	ldrb	r2, [r4, #0]
10006f0e:	0933      	lsrs	r3, r6, #4
10006f10:	405a      	eors	r2, r3
10006f12:	2301      	movs	r3, #1
10006f14:	4013      	ands	r3, r2
10006f16:	703b      	strb	r3, [r7, #0]
10006f18:	b003      	add	sp, #12
10006f1a:	bdf0      	pop	{r4, r5, r6, r7, pc}

10006f1c <VL53L1X_SetTimingBudgetInMs>:
10006f1c:	b570      	push	{r4, r5, r6, lr}
10006f1e:	b082      	sub	sp, #8
10006f20:	466b      	mov	r3, sp
10006f22:	1dde      	adds	r6, r3, #7
10006f24:	000c      	movs	r4, r1
10006f26:	0032      	movs	r2, r6
10006f28:	214b      	movs	r1, #75	@ 0x4b
10006f2a:	0005      	movs	r5, r0
10006f2c:	f000 fa22 	bl	10007374 <VL53L1X_RdByte>
10006f30:	7833      	ldrb	r3, [r6, #0]
10006f32:	2b14      	cmp	r3, #20
10006f34:	d01c      	beq.n	10006f70 <VL53L1X_SetTimingBudgetInMs+0x54>
10006f36:	2800      	cmp	r0, #0
10006f38:	d117      	bne.n	10006f6a <VL53L1X_SetTimingBudgetInMs+0x4e>
10006f3a:	2c64      	cmp	r4, #100	@ 0x64
10006f3c:	d045      	beq.n	10006fca <VL53L1X_SetTimingBudgetInMs+0xae>
10006f3e:	d828      	bhi.n	10006f92 <VL53L1X_SetTimingBudgetInMs+0x76>
10006f40:	2c21      	cmp	r4, #33	@ 0x21
10006f42:	d023      	beq.n	10006f8c <VL53L1X_SetTimingBudgetInMs+0x70>
10006f44:	2c32      	cmp	r4, #50	@ 0x32
10006f46:	d03d      	beq.n	10006fc4 <VL53L1X_SetTimingBudgetInMs+0xa8>
10006f48:	2c14      	cmp	r4, #20
10006f4a:	d10e      	bne.n	10006f6a <VL53L1X_SetTimingBudgetInMs+0x4e>
10006f4c:	2422      	movs	r4, #34	@ 0x22
10006f4e:	221e      	movs	r2, #30
10006f50:	215e      	movs	r1, #94	@ 0x5e
10006f52:	0028      	movs	r0, r5
10006f54:	f000 fa4e 	bl	100073f4 <VL53L1X_WrWord>
10006f58:	0022      	movs	r2, r4
10006f5a:	0006      	movs	r6, r0
10006f5c:	2161      	movs	r1, #97	@ 0x61
10006f5e:	0028      	movs	r0, r5
10006f60:	f000 fa48 	bl	100073f4 <VL53L1X_WrWord>
10006f64:	4330      	orrs	r0, r6
10006f66:	b240      	sxtb	r0, r0
10006f68:	e000      	b.n	10006f6c <VL53L1X_SetTimingBudgetInMs+0x50>
10006f6a:	2001      	movs	r0, #1
10006f6c:	b002      	add	sp, #8
10006f6e:	bd70      	pop	{r4, r5, r6, pc}
10006f70:	2800      	cmp	r0, #0
10006f72:	d1fa      	bne.n	10006f6a <VL53L1X_SetTimingBudgetInMs+0x4e>
10006f74:	2c32      	cmp	r4, #50	@ 0x32
10006f76:	d030      	beq.n	10006fda <VL53L1X_SetTimingBudgetInMs+0xbe>
10006f78:	d814      	bhi.n	10006fa4 <VL53L1X_SetTimingBudgetInMs+0x88>
10006f7a:	2c14      	cmp	r4, #20
10006f7c:	d038      	beq.n	10006ff0 <VL53L1X_SetTimingBudgetInMs+0xd4>
10006f7e:	2c21      	cmp	r4, #33	@ 0x21
10006f80:	d028      	beq.n	10006fd4 <VL53L1X_SetTimingBudgetInMs+0xb8>
10006f82:	2c0f      	cmp	r4, #15
10006f84:	d1f1      	bne.n	10006f6a <VL53L1X_SetTimingBudgetInMs+0x4e>
10006f86:	2427      	movs	r4, #39	@ 0x27
10006f88:	221d      	movs	r2, #29
10006f8a:	e7e1      	b.n	10006f50 <VL53L1X_SetTimingBudgetInMs+0x34>
10006f8c:	246e      	movs	r4, #110	@ 0x6e
10006f8e:	2260      	movs	r2, #96	@ 0x60
10006f90:	e7de      	b.n	10006f50 <VL53L1X_SetTimingBudgetInMs+0x34>
10006f92:	2cc8      	cmp	r4, #200	@ 0xc8
10006f94:	d012      	beq.n	10006fbc <VL53L1X_SetTimingBudgetInMs+0xa0>
10006f96:	23fa      	movs	r3, #250	@ 0xfa
10006f98:	005b      	lsls	r3, r3, #1
10006f9a:	429c      	cmp	r4, r3
10006f9c:	d1e5      	bne.n	10006f6a <VL53L1X_SetTimingBudgetInMs+0x4e>
10006f9e:	4c16      	ldr	r4, [pc, #88]	@ (10006ff8 <VL53L1X_SetTimingBudgetInMs+0xdc>)
10006fa0:	4a16      	ldr	r2, [pc, #88]	@ (10006ffc <VL53L1X_SetTimingBudgetInMs+0xe0>)
10006fa2:	e7d5      	b.n	10006f50 <VL53L1X_SetTimingBudgetInMs+0x34>
10006fa4:	2cc8      	cmp	r4, #200	@ 0xc8
10006fa6:	d020      	beq.n	10006fea <VL53L1X_SetTimingBudgetInMs+0xce>
10006fa8:	23fa      	movs	r3, #250	@ 0xfa
10006faa:	005b      	lsls	r3, r3, #1
10006fac:	429c      	cmp	r4, r3
10006fae:	d019      	beq.n	10006fe4 <VL53L1X_SetTimingBudgetInMs+0xc8>
10006fb0:	2c64      	cmp	r4, #100	@ 0x64
10006fb2:	d1da      	bne.n	10006f6a <VL53L1X_SetTimingBudgetInMs+0x4e>
10006fb4:	24e2      	movs	r4, #226	@ 0xe2
10006fb6:	4a12      	ldr	r2, [pc, #72]	@ (10007000 <VL53L1X_SetTimingBudgetInMs+0xe4>)
10006fb8:	00a4      	lsls	r4, r4, #2
10006fba:	e7c9      	b.n	10006f50 <VL53L1X_SetTimingBudgetInMs+0x34>
10006fbc:	24be      	movs	r4, #190	@ 0xbe
10006fbe:	4a11      	ldr	r2, [pc, #68]	@ (10007004 <VL53L1X_SetTimingBudgetInMs+0xe8>)
10006fc0:	00a4      	lsls	r4, r4, #2
10006fc2:	e7c5      	b.n	10006f50 <VL53L1X_SetTimingBudgetInMs+0x34>
10006fc4:	24c6      	movs	r4, #198	@ 0xc6
10006fc6:	22ad      	movs	r2, #173	@ 0xad
10006fc8:	e7c2      	b.n	10006f50 <VL53L1X_SetTimingBudgetInMs+0x34>
10006fca:	24f5      	movs	r4, #245	@ 0xf5
10006fcc:	22e6      	movs	r2, #230	@ 0xe6
10006fce:	0064      	lsls	r4, r4, #1
10006fd0:	0052      	lsls	r2, r2, #1
10006fd2:	e7bd      	b.n	10006f50 <VL53L1X_SetTimingBudgetInMs+0x34>
10006fd4:	246e      	movs	r4, #110	@ 0x6e
10006fd6:	22d6      	movs	r2, #214	@ 0xd6
10006fd8:	e7ba      	b.n	10006f50 <VL53L1X_SetTimingBudgetInMs+0x34>
10006fda:	24f4      	movs	r4, #244	@ 0xf4
10006fdc:	22d7      	movs	r2, #215	@ 0xd7
10006fde:	0064      	lsls	r4, r4, #1
10006fe0:	0052      	lsls	r2, r2, #1
10006fe2:	e7b5      	b.n	10006f50 <VL53L1X_SetTimingBudgetInMs+0x34>
10006fe4:	4c08      	ldr	r4, [pc, #32]	@ (10007008 <VL53L1X_SetTimingBudgetInMs+0xec>)
10006fe6:	4a09      	ldr	r2, [pc, #36]	@ (1000700c <VL53L1X_SetTimingBudgetInMs+0xf0>)
10006fe8:	e7b2      	b.n	10006f50 <VL53L1X_SetTimingBudgetInMs+0x34>
10006fea:	4c09      	ldr	r4, [pc, #36]	@ (10007010 <VL53L1X_SetTimingBudgetInMs+0xf4>)
10006fec:	4a09      	ldr	r2, [pc, #36]	@ (10007014 <VL53L1X_SetTimingBudgetInMs+0xf8>)
10006fee:	e7af      	b.n	10006f50 <VL53L1X_SetTimingBudgetInMs+0x34>
10006ff0:	246e      	movs	r4, #110	@ 0x6e
10006ff2:	2251      	movs	r2, #81	@ 0x51
10006ff4:	e7ac      	b.n	10006f50 <VL53L1X_SetTimingBudgetInMs+0x34>
10006ff6:	46c0      	nop			@ (mov r8, r8)
10006ff8:	000004a4 	.word	0x000004a4
10006ffc:	0000048f 	.word	0x0000048f
10007000:	000002e1 	.word	0x000002e1
10007004:	000002d9 	.word	0x000002d9
10007008:	000005c1 	.word	0x000005c1
1000700c:	00000591 	.word	0x00000591
10007010:	00000496 	.word	0x00000496
10007014:	000003e1 	.word	0x000003e1

10007018 <VL53L1X_SetDistanceMode>:
10007018:	b570      	push	{r4, r5, r6, lr}
1000701a:	b082      	sub	sp, #8
1000701c:	466b      	mov	r3, sp
1000701e:	1d9d      	adds	r5, r3, #6
10007020:	002a      	movs	r2, r5
10007022:	000e      	movs	r6, r1
10007024:	215e      	movs	r1, #94	@ 0x5e
10007026:	0004      	movs	r4, r0
10007028:	f000 f97c 	bl	10007324 <VL53L1X_RdWord>
1000702c:	22d7      	movs	r2, #215	@ 0xd7
1000702e:	882b      	ldrh	r3, [r5, #0]
10007030:	0052      	lsls	r2, r2, #1
10007032:	4293      	cmp	r3, r2
10007034:	d100      	bne.n	10007038 <VL53L1X_SetDistanceMode+0x20>
10007036:	e07d      	b.n	10007134 <VL53L1X_SetDistanceMode+0x11c>
10007038:	d811      	bhi.n	1000705e <VL53L1X_SetDistanceMode+0x46>
1000703a:	2b51      	cmp	r3, #81	@ 0x51
1000703c:	d100      	bne.n	10007040 <VL53L1X_SetDistanceMode+0x28>
1000703e:	e087      	b.n	10007150 <VL53L1X_SetDistanceMode+0x138>
10007040:	d869      	bhi.n	10007116 <VL53L1X_SetDistanceMode+0xfe>
10007042:	250f      	movs	r5, #15
10007044:	2b1d      	cmp	r3, #29
10007046:	d000      	beq.n	1000704a <VL53L1X_SetDistanceMode+0x32>
10007048:	e06f      	b.n	1000712a <VL53L1X_SetDistanceMode+0x112>
1000704a:	2800      	cmp	r0, #0
1000704c:	d103      	bne.n	10007056 <VL53L1X_SetDistanceMode+0x3e>
1000704e:	2e01      	cmp	r6, #1
10007050:	d041      	beq.n	100070d6 <VL53L1X_SetDistanceMode+0xbe>
10007052:	2e02      	cmp	r6, #2
10007054:	d013      	beq.n	1000707e <VL53L1X_SetDistanceMode+0x66>
10007056:	2001      	movs	r0, #1
10007058:	4240      	negs	r0, r0
1000705a:	b002      	add	sp, #8
1000705c:	bd70      	pop	{r4, r5, r6, pc}
1000705e:	4a3e      	ldr	r2, [pc, #248]	@ (10007158 <VL53L1X_SetDistanceMode+0x140>)
10007060:	4293      	cmp	r3, r2
10007062:	d069      	beq.n	10007138 <VL53L1X_SetDistanceMode+0x120>
10007064:	d86a      	bhi.n	1000713c <VL53L1X_SetDistanceMode+0x124>
10007066:	4a3d      	ldr	r2, [pc, #244]	@ (1000715c <VL53L1X_SetDistanceMode+0x144>)
10007068:	4293      	cmp	r3, r2
1000706a:	d065      	beq.n	10007138 <VL53L1X_SetDistanceMode+0x120>
1000706c:	4a3c      	ldr	r2, [pc, #240]	@ (10007160 <VL53L1X_SetDistanceMode+0x148>)
1000706e:	4293      	cmp	r3, r2
10007070:	d070      	beq.n	10007154 <VL53L1X_SetDistanceMode+0x13c>
10007072:	3a16      	subs	r2, #22
10007074:	3aff      	subs	r2, #255	@ 0xff
10007076:	2564      	movs	r5, #100	@ 0x64
10007078:	4293      	cmp	r3, r2
1000707a:	d0e6      	beq.n	1000704a <VL53L1X_SetDistanceMode+0x32>
1000707c:	e7eb      	b.n	10007056 <VL53L1X_SetDistanceMode+0x3e>
1000707e:	220a      	movs	r2, #10
10007080:	214b      	movs	r1, #75	@ 0x4b
10007082:	0020      	movs	r0, r4
10007084:	f000 f99c 	bl	100073c0 <VL53L1X_WrByte>
10007088:	220f      	movs	r2, #15
1000708a:	0006      	movs	r6, r0
1000708c:	2160      	movs	r1, #96	@ 0x60
1000708e:	0020      	movs	r0, r4
10007090:	f000 f996 	bl	100073c0 <VL53L1X_WrByte>
10007094:	220d      	movs	r2, #13
10007096:	2163      	movs	r1, #99	@ 0x63
10007098:	4306      	orrs	r6, r0
1000709a:	0020      	movs	r0, r4
1000709c:	f000 f990 	bl	100073c0 <VL53L1X_WrByte>
100070a0:	22b8      	movs	r2, #184	@ 0xb8
100070a2:	2169      	movs	r1, #105	@ 0x69
100070a4:	4306      	orrs	r6, r0
100070a6:	0020      	movs	r0, r4
100070a8:	f000 f98a 	bl	100073c0 <VL53L1X_WrByte>
100070ac:	4a2d      	ldr	r2, [pc, #180]	@ (10007164 <VL53L1X_SetDistanceMode+0x14c>)
100070ae:	4306      	orrs	r6, r0
100070b0:	2178      	movs	r1, #120	@ 0x78
100070b2:	0020      	movs	r0, r4
100070b4:	f000 f99e 	bl	100073f4 <VL53L1X_WrWord>
100070b8:	4a2b      	ldr	r2, [pc, #172]	@ (10007168 <VL53L1X_SetDistanceMode+0x150>)
100070ba:	4306      	orrs	r6, r0
100070bc:	217a      	movs	r1, #122	@ 0x7a
100070be:	0020      	movs	r0, r4
100070c0:	f000 f998 	bl	100073f4 <VL53L1X_WrWord>
100070c4:	4330      	orrs	r0, r6
100070c6:	b240      	sxtb	r0, r0
100070c8:	2800      	cmp	r0, #0
100070ca:	d1c6      	bne.n	1000705a <VL53L1X_SetDistanceMode+0x42>
100070cc:	0029      	movs	r1, r5
100070ce:	0020      	movs	r0, r4
100070d0:	f7ff ff24 	bl	10006f1c <VL53L1X_SetTimingBudgetInMs>
100070d4:	e7c1      	b.n	1000705a <VL53L1X_SetDistanceMode+0x42>
100070d6:	2214      	movs	r2, #20
100070d8:	214b      	movs	r1, #75	@ 0x4b
100070da:	0020      	movs	r0, r4
100070dc:	f000 f970 	bl	100073c0 <VL53L1X_WrByte>
100070e0:	2207      	movs	r2, #7
100070e2:	0006      	movs	r6, r0
100070e4:	2160      	movs	r1, #96	@ 0x60
100070e6:	0020      	movs	r0, r4
100070e8:	f000 f96a 	bl	100073c0 <VL53L1X_WrByte>
100070ec:	2205      	movs	r2, #5
100070ee:	2163      	movs	r1, #99	@ 0x63
100070f0:	4306      	orrs	r6, r0
100070f2:	0020      	movs	r0, r4
100070f4:	f000 f964 	bl	100073c0 <VL53L1X_WrByte>
100070f8:	2238      	movs	r2, #56	@ 0x38
100070fa:	2169      	movs	r1, #105	@ 0x69
100070fc:	4306      	orrs	r6, r0
100070fe:	0020      	movs	r0, r4
10007100:	f000 f95e 	bl	100073c0 <VL53L1X_WrByte>
10007104:	4a19      	ldr	r2, [pc, #100]	@ (1000716c <VL53L1X_SetDistanceMode+0x154>)
10007106:	4306      	orrs	r6, r0
10007108:	2178      	movs	r1, #120	@ 0x78
1000710a:	0020      	movs	r0, r4
1000710c:	f000 f972 	bl	100073f4 <VL53L1X_WrWord>
10007110:	4a17      	ldr	r2, [pc, #92]	@ (10007170 <VL53L1X_SetDistanceMode+0x158>)
10007112:	4306      	orrs	r6, r0
10007114:	e7d2      	b.n	100070bc <VL53L1X_SetDistanceMode+0xa4>
10007116:	2bad      	cmp	r3, #173	@ 0xad
10007118:	d00c      	beq.n	10007134 <VL53L1X_SetDistanceMode+0x11c>
1000711a:	2521      	movs	r5, #33	@ 0x21
1000711c:	2bd6      	cmp	r3, #214	@ 0xd6
1000711e:	d100      	bne.n	10007122 <VL53L1X_SetDistanceMode+0x10a>
10007120:	e793      	b.n	1000704a <VL53L1X_SetDistanceMode+0x32>
10007122:	2b60      	cmp	r3, #96	@ 0x60
10007124:	d100      	bne.n	10007128 <VL53L1X_SetDistanceMode+0x110>
10007126:	e790      	b.n	1000704a <VL53L1X_SetDistanceMode+0x32>
10007128:	e795      	b.n	10007056 <VL53L1X_SetDistanceMode+0x3e>
1000712a:	3505      	adds	r5, #5
1000712c:	2b1e      	cmp	r3, #30
1000712e:	d100      	bne.n	10007132 <VL53L1X_SetDistanceMode+0x11a>
10007130:	e78b      	b.n	1000704a <VL53L1X_SetDistanceMode+0x32>
10007132:	e790      	b.n	10007056 <VL53L1X_SetDistanceMode+0x3e>
10007134:	2532      	movs	r5, #50	@ 0x32
10007136:	e788      	b.n	1000704a <VL53L1X_SetDistanceMode+0x32>
10007138:	25c8      	movs	r5, #200	@ 0xc8
1000713a:	e786      	b.n	1000704a <VL53L1X_SetDistanceMode+0x32>
1000713c:	4a0d      	ldr	r2, [pc, #52]	@ (10007174 <VL53L1X_SetDistanceMode+0x15c>)
1000713e:	4293      	cmp	r3, r2
10007140:	d003      	beq.n	1000714a <VL53L1X_SetDistanceMode+0x132>
10007142:	4a0d      	ldr	r2, [pc, #52]	@ (10007178 <VL53L1X_SetDistanceMode+0x160>)
10007144:	4293      	cmp	r3, r2
10007146:	d000      	beq.n	1000714a <VL53L1X_SetDistanceMode+0x132>
10007148:	e785      	b.n	10007056 <VL53L1X_SetDistanceMode+0x3e>
1000714a:	25fa      	movs	r5, #250	@ 0xfa
1000714c:	006d      	lsls	r5, r5, #1
1000714e:	e77c      	b.n	1000704a <VL53L1X_SetDistanceMode+0x32>
10007150:	2514      	movs	r5, #20
10007152:	e77a      	b.n	1000704a <VL53L1X_SetDistanceMode+0x32>
10007154:	2564      	movs	r5, #100	@ 0x64
10007156:	e778      	b.n	1000704a <VL53L1X_SetDistanceMode+0x32>
10007158:	000003e1 	.word	0x000003e1
1000715c:	000002d9 	.word	0x000002d9
10007160:	000002e1 	.word	0x000002e1
10007164:	00000f0d 	.word	0x00000f0d
10007168:	00000e0e 	.word	0x00000e0e
1000716c:	00000705 	.word	0x00000705
10007170:	00000606 	.word	0x00000606
10007174:	0000048f 	.word	0x0000048f
10007178:	00000591 	.word	0x00000591

1000717c <VL53L1X_SetInterMeasurementInMs>:
1000717c:	b5f0      	push	{r4, r5, r6, r7, lr}
1000717e:	b083      	sub	sp, #12
10007180:	466a      	mov	r2, sp
10007182:	1d94      	adds	r4, r2, #6
10007184:	0022      	movs	r2, r4
10007186:	000f      	movs	r7, r1
10007188:	21de      	movs	r1, #222	@ 0xde
1000718a:	0005      	movs	r5, r0
1000718c:	f000 f8ca 	bl	10007324 <VL53L1X_RdWord>
10007190:	8823      	ldrh	r3, [r4, #0]
10007192:	0006      	movs	r6, r0
10007194:	059b      	lsls	r3, r3, #22
10007196:	0d98      	lsrs	r0, r3, #22
10007198:	8020      	strh	r0, [r4, #0]
1000719a:	4378      	muls	r0, r7
1000719c:	f7fb f8f6 	bl	1000238c <__wrap___aeabi_ui2d>
100071a0:	4b07      	ldr	r3, [pc, #28]	@ (100071c0 <VL53L1X_SetInterMeasurementInMs+0x44>)
100071a2:	4a08      	ldr	r2, [pc, #32]	@ (100071c4 <VL53L1X_SetInterMeasurementInMs+0x48>)
100071a4:	f7fb f887 	bl	100022b6 <__wrap___aeabi_dmul>
100071a8:	f7fb f930 	bl	1000240c <__wrap___aeabi_d2uiz>
100071ac:	216c      	movs	r1, #108	@ 0x6c
100071ae:	0002      	movs	r2, r0
100071b0:	0028      	movs	r0, r5
100071b2:	f000 f939 	bl	10007428 <VL53L1X_WrDWord>
100071b6:	0033      	movs	r3, r6
100071b8:	4303      	orrs	r3, r0
100071ba:	b258      	sxtb	r0, r3
100071bc:	b003      	add	sp, #12
100071be:	bdf0      	pop	{r4, r5, r6, r7, pc}
100071c0:	3ff13333 	.word	0x3ff13333
100071c4:	33333333 	.word	0x33333333

100071c8 <VL53L1X_BootState>:
100071c8:	b510      	push	{r4, lr}
100071ca:	000a      	movs	r2, r1
100071cc:	21e5      	movs	r1, #229	@ 0xe5
100071ce:	f000 f8d1 	bl	10007374 <VL53L1X_RdByte>
100071d2:	bd10      	pop	{r4, pc}

100071d4 <VL53L1X_GetSensorId>:
100071d4:	b530      	push	{r4, r5, lr}
100071d6:	b083      	sub	sp, #12
100071d8:	466b      	mov	r3, sp
100071da:	1d9c      	adds	r4, r3, #6
100071dc:	2310      	movs	r3, #16
100071de:	33ff      	adds	r3, #255	@ 0xff
100071e0:	000d      	movs	r5, r1
100071e2:	0022      	movs	r2, r4
100071e4:	0019      	movs	r1, r3
100071e6:	f000 f89d 	bl	10007324 <VL53L1X_RdWord>
100071ea:	8823      	ldrh	r3, [r4, #0]
100071ec:	802b      	strh	r3, [r5, #0]
100071ee:	b003      	add	sp, #12
100071f0:	bd30      	pop	{r4, r5, pc}
100071f2:	46c0      	nop			@ (mov r8, r8)

100071f4 <VL53L1X_GetResult>:
100071f4:	b530      	push	{r4, r5, lr}
100071f6:	b087      	sub	sp, #28
100071f8:	ad01      	add	r5, sp, #4
100071fa:	000c      	movs	r4, r1
100071fc:	2311      	movs	r3, #17
100071fe:	002a      	movs	r2, r5
10007200:	2189      	movs	r1, #137	@ 0x89
10007202:	f000 f85b 	bl	100072bc <VL53L1X_ReadMulti>
10007206:	2800      	cmp	r0, #0
10007208:	d121      	bne.n	1000724e <VL53L1X_GetResult+0x5a>
1000720a:	231f      	movs	r3, #31
1000720c:	782a      	ldrb	r2, [r5, #0]
1000720e:	4013      	ands	r3, r2
10007210:	2b17      	cmp	r3, #23
10007212:	d91e      	bls.n	10007252 <VL53L1X_GetResult+0x5e>
10007214:	7023      	strb	r3, [r4, #0]
10007216:	230b      	movs	r3, #11
10007218:	446b      	add	r3, sp
1000721a:	781a      	ldrb	r2, [r3, #0]
1000721c:	785b      	ldrb	r3, [r3, #1]
1000721e:	021b      	lsls	r3, r3, #8
10007220:	4313      	orrs	r3, r2
10007222:	ba5b      	rev16	r3, r3
10007224:	00db      	lsls	r3, r3, #3
10007226:	80a3      	strh	r3, [r4, #4]
10007228:	78eb      	ldrb	r3, [r5, #3]
1000722a:	8123      	strh	r3, [r4, #8]
1000722c:	2313      	movs	r3, #19
1000722e:	446b      	add	r3, sp
10007230:	781a      	ldrb	r2, [r3, #0]
10007232:	785b      	ldrb	r3, [r3, #1]
10007234:	021b      	lsls	r3, r3, #8
10007236:	4313      	orrs	r3, r2
10007238:	ba5b      	rev16	r3, r3
1000723a:	00db      	lsls	r3, r3, #3
1000723c:	80e3      	strh	r3, [r4, #6]
1000723e:	2311      	movs	r3, #17
10007240:	446b      	add	r3, sp
10007242:	781a      	ldrb	r2, [r3, #0]
10007244:	785b      	ldrb	r3, [r3, #1]
10007246:	021b      	lsls	r3, r3, #8
10007248:	4313      	orrs	r3, r2
1000724a:	ba5b      	rev16	r3, r3
1000724c:	8063      	strh	r3, [r4, #2]
1000724e:	b007      	add	sp, #28
10007250:	bd30      	pop	{r4, r5, pc}
10007252:	4a01      	ldr	r2, [pc, #4]	@ (10007258 <VL53L1X_GetResult+0x64>)
10007254:	5cd3      	ldrb	r3, [r2, r3]
10007256:	e7dd      	b.n	10007214 <VL53L1X_GetResult+0x20>
10007258:	10007f9c 	.word	0x10007f9c

1000725c <VL53L1X_I2C_Init>:
1000725c:	b530      	push	{r4, r5, lr}
1000725e:	4b14      	ldr	r3, [pc, #80]	@ (100072b0 <VL53L1X_I2C_Init+0x54>)
10007260:	b083      	sub	sp, #12
10007262:	0005      	movs	r5, r0
10007264:	6019      	str	r1, [r3, #0]
10007266:	0008      	movs	r0, r1
10007268:	4912      	ldr	r1, [pc, #72]	@ (100072b4 <VL53L1X_I2C_Init+0x58>)
1000726a:	f7ff fdad 	bl	10006dc8 <i2c_init>
1000726e:	2103      	movs	r1, #3
10007270:	2004      	movs	r0, #4
10007272:	f7f9 f97d 	bl	10000570 <gpio_set_function>
10007276:	2103      	movs	r1, #3
10007278:	2005      	movs	r0, #5
1000727a:	f7f9 f979 	bl	10000570 <gpio_set_function>
1000727e:	2200      	movs	r2, #0
10007280:	2101      	movs	r1, #1
10007282:	2004      	movs	r0, #4
10007284:	f7f9 f98c 	bl	100005a0 <gpio_set_pulls>
10007288:	2200      	movs	r2, #0
1000728a:	2101      	movs	r1, #1
1000728c:	2005      	movs	r0, #5
1000728e:	f7f9 f987 	bl	100005a0 <gpio_set_pulls>
10007292:	466b      	mov	r3, sp
10007294:	1d9c      	adds	r4, r3, #6
10007296:	0021      	movs	r1, r4
10007298:	0028      	movs	r0, r5
1000729a:	f7ff ff9b 	bl	100071d4 <VL53L1X_GetSensorId>
1000729e:	8822      	ldrh	r2, [r4, #0]
100072a0:	4b05      	ldr	r3, [pc, #20]	@ (100072b8 <VL53L1X_I2C_Init+0x5c>)
100072a2:	429a      	cmp	r2, r3
100072a4:	d101      	bne.n	100072aa <VL53L1X_I2C_Init+0x4e>
100072a6:	b003      	add	sp, #12
100072a8:	bd30      	pop	{r4, r5, pc}
100072aa:	2001      	movs	r0, #1
100072ac:	4240      	negs	r0, r0
100072ae:	e7fa      	b.n	100072a6 <VL53L1X_I2C_Init+0x4a>
100072b0:	20001e64 	.word	0x20001e64
100072b4:	000186a0 	.word	0x000186a0
100072b8:	0000eacc 	.word	0x0000eacc

100072bc <VL53L1X_ReadMulti>:
100072bc:	b5f0      	push	{r4, r5, r6, r7, lr}
100072be:	46ce      	mov	lr, r9
100072c0:	4647      	mov	r7, r8
100072c2:	4691      	mov	r9, r2
100072c4:	001e      	movs	r6, r3
100072c6:	1c5a      	adds	r2, r3, #1
100072c8:	2380      	movs	r3, #128	@ 0x80
100072ca:	b580      	push	{r7, lr}
100072cc:	009b      	lsls	r3, r3, #2
100072ce:	b083      	sub	sp, #12
100072d0:	429a      	cmp	r2, r3
100072d2:	d81f      	bhi.n	10007314 <VL53L1X_ReadMulti+0x58>
100072d4:	2700      	movs	r7, #0
100072d6:	4a11      	ldr	r2, [pc, #68]	@ (1000731c <VL53L1X_ReadMulti+0x60>)
100072d8:	4d11      	ldr	r5, [pc, #68]	@ (10007320 <VL53L1X_ReadMulti+0x64>)
100072da:	ba49      	rev16	r1, r1
100072dc:	8011      	strh	r1, [r2, #0]
100072de:	2302      	movs	r3, #2
100072e0:	b2c1      	uxtb	r1, r0
100072e2:	6828      	ldr	r0, [r5, #0]
100072e4:	9700      	str	r7, [sp, #0]
100072e6:	4688      	mov	r8, r1
100072e8:	f7ff fd98 	bl	10006e1c <i2c_write_blocking>
100072ec:	2802      	cmp	r0, #2
100072ee:	d111      	bne.n	10007314 <VL53L1X_ReadMulti+0x58>
100072f0:	24ff      	movs	r4, #255	@ 0xff
100072f2:	4034      	ands	r4, r6
100072f4:	0023      	movs	r3, r4
100072f6:	6828      	ldr	r0, [r5, #0]
100072f8:	464a      	mov	r2, r9
100072fa:	4641      	mov	r1, r8
100072fc:	9700      	str	r7, [sp, #0]
100072fe:	f7ff fd97 	bl	10006e30 <i2c_read_blocking>
10007302:	1a20      	subs	r0, r4, r0
10007304:	1e43      	subs	r3, r0, #1
10007306:	4198      	sbcs	r0, r3
10007308:	4240      	negs	r0, r0
1000730a:	b003      	add	sp, #12
1000730c:	bcc0      	pop	{r6, r7}
1000730e:	46b9      	mov	r9, r7
10007310:	46b0      	mov	r8, r6
10007312:	bdf0      	pop	{r4, r5, r6, r7, pc}
10007314:	2001      	movs	r0, #1
10007316:	4240      	negs	r0, r0
10007318:	e7f7      	b.n	1000730a <VL53L1X_ReadMulti+0x4e>
1000731a:	46c0      	nop			@ (mov r8, r8)
1000731c:	200017ec 	.word	0x200017ec
10007320:	20001e64 	.word	0x20001e64

10007324 <VL53L1X_RdWord>:
10007324:	b5f0      	push	{r4, r5, r6, r7, lr}
10007326:	2600      	movs	r6, #0
10007328:	0015      	movs	r5, r2
1000732a:	4f10      	ldr	r7, [pc, #64]	@ (1000736c <VL53L1X_RdWord+0x48>)
1000732c:	4a10      	ldr	r2, [pc, #64]	@ (10007370 <VL53L1X_RdWord+0x4c>)
1000732e:	b083      	sub	sp, #12
10007330:	ba49      	rev16	r1, r1
10007332:	b2c4      	uxtb	r4, r0
10007334:	8011      	strh	r1, [r2, #0]
10007336:	6838      	ldr	r0, [r7, #0]
10007338:	2302      	movs	r3, #2
1000733a:	0021      	movs	r1, r4
1000733c:	9600      	str	r6, [sp, #0]
1000733e:	f7ff fd6d 	bl	10006e1c <i2c_write_blocking>
10007342:	2802      	cmp	r0, #2
10007344:	d10f      	bne.n	10007366 <VL53L1X_RdWord+0x42>
10007346:	2302      	movs	r3, #2
10007348:	6838      	ldr	r0, [r7, #0]
1000734a:	002a      	movs	r2, r5
1000734c:	0021      	movs	r1, r4
1000734e:	9600      	str	r6, [sp, #0]
10007350:	f7ff fd6e 	bl	10006e30 <i2c_read_blocking>
10007354:	3802      	subs	r0, #2
10007356:	1e43      	subs	r3, r0, #1
10007358:	4198      	sbcs	r0, r3
1000735a:	4240      	negs	r0, r0
1000735c:	882b      	ldrh	r3, [r5, #0]
1000735e:	ba5b      	rev16	r3, r3
10007360:	802b      	strh	r3, [r5, #0]
10007362:	b003      	add	sp, #12
10007364:	bdf0      	pop	{r4, r5, r6, r7, pc}
10007366:	2001      	movs	r0, #1
10007368:	4240      	negs	r0, r0
1000736a:	e7f7      	b.n	1000735c <VL53L1X_RdWord+0x38>
1000736c:	20001e64 	.word	0x20001e64
10007370:	200017ec 	.word	0x200017ec

10007374 <VL53L1X_RdByte>:
10007374:	b5f0      	push	{r4, r5, r6, r7, lr}
10007376:	2500      	movs	r5, #0
10007378:	0017      	movs	r7, r2
1000737a:	4e0f      	ldr	r6, [pc, #60]	@ (100073b8 <VL53L1X_RdByte+0x44>)
1000737c:	4a0f      	ldr	r2, [pc, #60]	@ (100073bc <VL53L1X_RdByte+0x48>)
1000737e:	b083      	sub	sp, #12
10007380:	ba49      	rev16	r1, r1
10007382:	b2c4      	uxtb	r4, r0
10007384:	8011      	strh	r1, [r2, #0]
10007386:	6830      	ldr	r0, [r6, #0]
10007388:	2302      	movs	r3, #2
1000738a:	0021      	movs	r1, r4
1000738c:	9500      	str	r5, [sp, #0]
1000738e:	f7ff fd45 	bl	10006e1c <i2c_write_blocking>
10007392:	2802      	cmp	r0, #2
10007394:	d10c      	bne.n	100073b0 <VL53L1X_RdByte+0x3c>
10007396:	2301      	movs	r3, #1
10007398:	6830      	ldr	r0, [r6, #0]
1000739a:	003a      	movs	r2, r7
1000739c:	0021      	movs	r1, r4
1000739e:	9500      	str	r5, [sp, #0]
100073a0:	f7ff fd46 	bl	10006e30 <i2c_read_blocking>
100073a4:	3801      	subs	r0, #1
100073a6:	1e43      	subs	r3, r0, #1
100073a8:	4198      	sbcs	r0, r3
100073aa:	4240      	negs	r0, r0
100073ac:	b003      	add	sp, #12
100073ae:	bdf0      	pop	{r4, r5, r6, r7, pc}
100073b0:	2001      	movs	r0, #1
100073b2:	4240      	negs	r0, r0
100073b4:	e7fa      	b.n	100073ac <VL53L1X_RdByte+0x38>
100073b6:	46c0      	nop			@ (mov r8, r8)
100073b8:	20001e64 	.word	0x20001e64
100073bc:	200017ec 	.word	0x200017ec

100073c0 <VL53L1X_WrByte>:
100073c0:	0013      	movs	r3, r2
100073c2:	b500      	push	{lr}
100073c4:	4a09      	ldr	r2, [pc, #36]	@ (100073ec <VL53L1X_WrByte+0x2c>)
100073c6:	b083      	sub	sp, #12
100073c8:	7093      	strb	r3, [r2, #2]
100073ca:	4b09      	ldr	r3, [pc, #36]	@ (100073f0 <VL53L1X_WrByte+0x30>)
100073cc:	ba49      	rev16	r1, r1
100073ce:	8011      	strh	r1, [r2, #0]
100073d0:	b2c1      	uxtb	r1, r0
100073d2:	6818      	ldr	r0, [r3, #0]
100073d4:	2300      	movs	r3, #0
100073d6:	9300      	str	r3, [sp, #0]
100073d8:	3303      	adds	r3, #3
100073da:	f7ff fd1f 	bl	10006e1c <i2c_write_blocking>
100073de:	3803      	subs	r0, #3
100073e0:	1e43      	subs	r3, r0, #1
100073e2:	4198      	sbcs	r0, r3
100073e4:	4240      	negs	r0, r0
100073e6:	b003      	add	sp, #12
100073e8:	bd00      	pop	{pc}
100073ea:	46c0      	nop			@ (mov r8, r8)
100073ec:	200017ec 	.word	0x200017ec
100073f0:	20001e64 	.word	0x20001e64

100073f4 <VL53L1X_WrWord>:
100073f4:	0013      	movs	r3, r2
100073f6:	b500      	push	{lr}
100073f8:	4a09      	ldr	r2, [pc, #36]	@ (10007420 <VL53L1X_WrWord+0x2c>)
100073fa:	ba5b      	rev16	r3, r3
100073fc:	b083      	sub	sp, #12
100073fe:	8053      	strh	r3, [r2, #2]
10007400:	4b08      	ldr	r3, [pc, #32]	@ (10007424 <VL53L1X_WrWord+0x30>)
10007402:	ba49      	rev16	r1, r1
10007404:	8011      	strh	r1, [r2, #0]
10007406:	b2c1      	uxtb	r1, r0
10007408:	6818      	ldr	r0, [r3, #0]
1000740a:	2300      	movs	r3, #0
1000740c:	9300      	str	r3, [sp, #0]
1000740e:	3304      	adds	r3, #4
10007410:	f7ff fd04 	bl	10006e1c <i2c_write_blocking>
10007414:	3804      	subs	r0, #4
10007416:	1e43      	subs	r3, r0, #1
10007418:	4198      	sbcs	r0, r3
1000741a:	4240      	negs	r0, r0
1000741c:	b003      	add	sp, #12
1000741e:	bd00      	pop	{pc}
10007420:	200017ec 	.word	0x200017ec
10007424:	20001e64 	.word	0x20001e64

10007428 <VL53L1X_WrDWord>:
10007428:	b530      	push	{r4, r5, lr}
1000742a:	4c0d      	ldr	r4, [pc, #52]	@ (10007460 <VL53L1X_WrDWord+0x38>)
1000742c:	b085      	sub	sp, #20
1000742e:	ba12      	rev	r2, r2
10007430:	ba49      	rev16	r1, r1
10007432:	0005      	movs	r5, r0
10007434:	9203      	str	r2, [sp, #12]
10007436:	8021      	strh	r1, [r4, #0]
10007438:	2204      	movs	r2, #4
1000743a:	a903      	add	r1, sp, #12
1000743c:	1ca0      	adds	r0, r4, #2
1000743e:	f7fb fb65 	bl	10002b0c <__wrap___aeabi_memcpy>
10007442:	4b08      	ldr	r3, [pc, #32]	@ (10007464 <VL53L1X_WrDWord+0x3c>)
10007444:	0022      	movs	r2, r4
10007446:	6818      	ldr	r0, [r3, #0]
10007448:	2300      	movs	r3, #0
1000744a:	b2e9      	uxtb	r1, r5
1000744c:	9300      	str	r3, [sp, #0]
1000744e:	3306      	adds	r3, #6
10007450:	f7ff fce4 	bl	10006e1c <i2c_write_blocking>
10007454:	3806      	subs	r0, #6
10007456:	1e43      	subs	r3, r0, #1
10007458:	4198      	sbcs	r0, r3
1000745a:	4240      	negs	r0, r0
1000745c:	b005      	add	sp, #20
1000745e:	bd30      	pop	{r4, r5, pc}
10007460:	200017ec 	.word	0x200017ec
10007464:	20001e64 	.word	0x20001e64

10007468 <VL53L1X_WaitMs>:
10007468:	b510      	push	{r4, lr}
1000746a:	0008      	movs	r0, r1
1000746c:	f7f9 ff8e 	bl	1000138c <sleep_ms>
10007470:	2000      	movs	r0, #0
10007472:	bd10      	pop	{r4, pc}

10007474 <strlen>:
10007474:	0003      	movs	r3, r0
10007476:	4684      	mov	ip, r0
10007478:	079b      	lsls	r3, r3, #30
1000747a:	d00b      	beq.n	10007494 <strlen+0x20>
1000747c:	0003      	movs	r3, r0
1000747e:	2103      	movs	r1, #3
10007480:	e002      	b.n	10007488 <strlen+0x14>
10007482:	3301      	adds	r3, #1
10007484:	420b      	tst	r3, r1
10007486:	d006      	beq.n	10007496 <strlen+0x22>
10007488:	781a      	ldrb	r2, [r3, #0]
1000748a:	2a00      	cmp	r2, #0
1000748c:	d1f9      	bne.n	10007482 <strlen+0xe>
1000748e:	4662      	mov	r2, ip
10007490:	1a98      	subs	r0, r3, r2
10007492:	4770      	bx	lr
10007494:	0003      	movs	r3, r0
10007496:	6819      	ldr	r1, [r3, #0]
10007498:	4a0c      	ldr	r2, [pc, #48]	@ (100074cc <strlen+0x58>)
1000749a:	480d      	ldr	r0, [pc, #52]	@ (100074d0 <strlen+0x5c>)
1000749c:	188a      	adds	r2, r1, r2
1000749e:	438a      	bics	r2, r1
100074a0:	4202      	tst	r2, r0
100074a2:	d10f      	bne.n	100074c4 <strlen+0x50>
100074a4:	6859      	ldr	r1, [r3, #4]
100074a6:	4a09      	ldr	r2, [pc, #36]	@ (100074cc <strlen+0x58>)
100074a8:	3304      	adds	r3, #4
100074aa:	188a      	adds	r2, r1, r2
100074ac:	438a      	bics	r2, r1
100074ae:	4202      	tst	r2, r0
100074b0:	d108      	bne.n	100074c4 <strlen+0x50>
100074b2:	6859      	ldr	r1, [r3, #4]
100074b4:	4a05      	ldr	r2, [pc, #20]	@ (100074cc <strlen+0x58>)
100074b6:	3304      	adds	r3, #4
100074b8:	188a      	adds	r2, r1, r2
100074ba:	438a      	bics	r2, r1
100074bc:	4202      	tst	r2, r0
100074be:	d0f1      	beq.n	100074a4 <strlen+0x30>
100074c0:	e000      	b.n	100074c4 <strlen+0x50>
100074c2:	3301      	adds	r3, #1
100074c4:	781a      	ldrb	r2, [r3, #0]
100074c6:	2a00      	cmp	r2, #0
100074c8:	d1fb      	bne.n	100074c2 <strlen+0x4e>
100074ca:	e7e0      	b.n	1000748e <strlen+0x1a>
100074cc:	fefefeff 	.word	0xfefefeff
100074d0:	80808080 	.word	0x80808080
100074d4:	00000000 	.word	0x00000000

100074d8 <__mutex_try_enter_veneer>:
100074d8:	b401      	push	{r0}
100074da:	4802      	ldr	r0, [pc, #8]	@ (100074e4 <__mutex_try_enter_veneer+0xc>)
100074dc:	4684      	mov	ip, r0
100074de:	bc01      	pop	{r0}
100074e0:	4760      	bx	ip
100074e2:	bf00      	nop
100074e4:	200000c1 	.word	0x200000c1

100074e8 <____aeabi_idiv0_veneer>:
100074e8:	b401      	push	{r0}
100074ea:	4802      	ldr	r0, [pc, #8]	@ (100074f4 <____aeabi_idiv0_veneer+0xc>)
100074ec:	4684      	mov	ip, r0
100074ee:	bc01      	pop	{r0}
100074f0:	4760      	bx	ip
100074f2:	bf00      	nop
100074f4:	20000f09 	.word	0x20000f09

100074f8 <__flash_do_cmd_cs_veneer>:
100074f8:	b401      	push	{r0}
100074fa:	4802      	ldr	r0, [pc, #8]	@ (10007504 <__flash_do_cmd_cs_veneer+0xc>)
100074fc:	4684      	mov	ip, r0
100074fe:	bc01      	pop	{r0}
10007500:	4760      	bx	ip
10007502:	bf00      	nop
10007504:	200002d9 	.word	0x200002d9

10007508 <__e15_is_bulkin_ep_veneer>:
10007508:	b401      	push	{r0}
1000750a:	4802      	ldr	r0, [pc, #8]	@ (10007514 <__e15_is_bulkin_ep_veneer+0xc>)
1000750c:	4684      	mov	ip, r0
1000750e:	bc01      	pop	{r0}
10007510:	4760      	bx	ip
10007512:	bf00      	nop
10007514:	20000bd9 	.word	0x20000bd9

10007518 <____aeabi_ldiv0_veneer>:
10007518:	b401      	push	{r0}
1000751a:	4802      	ldr	r0, [pc, #8]	@ (10007524 <____aeabi_ldiv0_veneer+0xc>)
1000751c:	4684      	mov	ip, r0
1000751e:	bc01      	pop	{r0}
10007520:	4760      	bx	ip
10007522:	bf00      	nop
10007524:	20000f09 	.word	0x20000f09

10007528 <__hw_endpoint_start_next_buffer_veneer>:
10007528:	b401      	push	{r0}
1000752a:	4802      	ldr	r0, [pc, #8]	@ (10007534 <__hw_endpoint_start_next_buffer_veneer+0xc>)
1000752c:	4684      	mov	ip, r0
1000752e:	bc01      	pop	{r0}
10007530:	4760      	bx	ip
10007532:	bf00      	nop
10007534:	20000c8d 	.word	0x20000c8d

10007538 <__mutex_exit_veneer>:
10007538:	b401      	push	{r0}
1000753a:	4802      	ldr	r0, [pc, #8]	@ (10007544 <__mutex_exit_veneer+0xc>)
1000753c:	4684      	mov	ip, r0
1000753e:	bc01      	pop	{r0}
10007540:	4760      	bx	ip
10007542:	bf00      	nop
10007544:	20000225 	.word	0x20000225

10007548 <__e15_is_critical_frame_period_veneer>:
10007548:	b401      	push	{r0}
1000754a:	4802      	ldr	r0, [pc, #8]	@ (10007554 <__e15_is_critical_frame_period_veneer+0xc>)
1000754c:	4684      	mov	ip, r0
1000754e:	bc01      	pop	{r0}
10007550:	4760      	bx	ip
10007552:	bf00      	nop
10007554:	20000c01 	.word	0x20000c01

10007558 <__reset_non_control_endpoints_veneer>:
10007558:	b401      	push	{r0}
1000755a:	4802      	ldr	r0, [pc, #8]	@ (10007564 <__reset_non_control_endpoints_veneer+0xc>)
1000755c:	4684      	mov	ip, r0
1000755e:	bc01      	pop	{r0}
10007560:	4760      	bx	ip
10007562:	bf00      	nop
10007564:	20000421 	.word	0x20000421

10007568 <__mutex_try_enter_block_until_veneer>:
10007568:	b401      	push	{r0}
1000756a:	4802      	ldr	r0, [pc, #8]	@ (10007574 <__mutex_try_enter_block_until_veneer+0xc>)
1000756c:	4684      	mov	ip, r0
1000756e:	bc01      	pop	{r0}
10007570:	4760      	bx	ip
10007572:	bf00      	nop
10007574:	20000101 	.word	0x20000101

10007578 <__mutex_enter_timeout_ms_veneer>:
10007578:	b401      	push	{r0}
1000757a:	4802      	ldr	r0, [pc, #8]	@ (10007584 <__mutex_enter_timeout_ms_veneer+0xc>)
1000757c:	4684      	mov	ip, r0
1000757e:	bc01      	pop	{r0}
10007580:	4760      	bx	ip
10007582:	bf00      	nop
10007584:	20000199 	.word	0x20000199

10007588 <___hw_endpoint_buffer_control_update32_veneer>:
10007588:	b401      	push	{r0}
1000758a:	4802      	ldr	r0, [pc, #8]	@ (10007594 <___hw_endpoint_buffer_control_update32_veneer+0xc>)
1000758c:	4684      	mov	ip, r0
1000758e:	bc01      	pop	{r0}
10007590:	4760      	bx	ip
10007592:	bf00      	nop
10007594:	20000c3d 	.word	0x20000c3d

10007598 <__pre_init_runtime_init_early_resets>:
10007598:	10001b71                                q...

1000759c <__pre_init_runtime_init_usb_power_down>:
1000759c:	10001b9d 10001d81 10002af1 10002425     .........*..%$..
100075ac:	10002a5d                                ]*..

100075b0 <__pre_init_runtime_init_clocks>:
100075b0:	10001ca9                                ....

100075b4 <__pre_init_runtime_init_post_clock_resets>:
100075b4:	10001bb9                                ....

100075b8 <__pre_init_runtime_init_rp2040_gpio_ie_disable>:
100075b8:	10001bd9                                ....

100075bc <__pre_init_runtime_init_spin_locks_reset>:
100075bc:	10001bed                                ....

100075c0 <__pre_init_runtime_init_mutex>:
100075c0:	10000ced                                ....

100075c4 <__pre_init_runtime_init_install_ram_vector_table>:
100075c4:	10001bf5                                ....

100075c8 <__pre_init_runtime_init_default_alarm_pool>:
100075c8:	100010b9                                ....

100075cc <__pre_init_first_per_core_initializer>:
100075cc:	10001b39                                9...

100075d0 <__pre_init_runtime_init_per_core_irq_priorities>:
100075d0:	10000769                                i...

100075d4 <__init_array_start>:
100075d4:	10004d19 	.word	0x10004d19

Disassembly of section .data:

200000c0 <mutex_try_enter>:
200000c0:	0003      	movs	r3, r0
200000c2:	6800      	ldr	r0, [r0, #0]
200000c4:	f3ef 8c10 	mrs	ip, PRIMASK
200000c8:	b672      	cpsid	i
200000ca:	6802      	ldr	r2, [r0, #0]
200000cc:	2a00      	cmp	r2, #0
200000ce:	d0fc      	beq.n	200000ca <mutex_try_enter+0xa>
200000d0:	f3bf 8f5f 	dmb	sy
200000d4:	2204      	movs	r2, #4
200000d6:	569a      	ldrsb	r2, [r3, r2]
200000d8:	2a00      	cmp	r2, #0
200000da:	db0b      	blt.n	200000f4 <mutex_try_enter+0x34>
200000dc:	2900      	cmp	r1, #0
200000de:	d000      	beq.n	200000e2 <mutex_try_enter+0x22>
200000e0:	600a      	str	r2, [r1, #0]
200000e2:	2000      	movs	r0, #0
200000e4:	681b      	ldr	r3, [r3, #0]
200000e6:	f3bf 8f5f 	dmb	sy
200000ea:	2200      	movs	r2, #0
200000ec:	601a      	str	r2, [r3, #0]
200000ee:	f38c 8810 	msr	PRIMASK, ip
200000f2:	4770      	bx	lr
200000f4:	22d0      	movs	r2, #208	@ 0xd0
200000f6:	0612      	lsls	r2, r2, #24
200000f8:	6812      	ldr	r2, [r2, #0]
200000fa:	2001      	movs	r0, #1
200000fc:	711a      	strb	r2, [r3, #4]
200000fe:	e7f1      	b.n	200000e4 <mutex_try_enter+0x24>

20000100 <mutex_try_enter_block_until>:
20000100:	b5f0      	push	{r4, r5, r6, r7, lr}
20000102:	46c6      	mov	lr, r8
20000104:	0016      	movs	r6, r2
20000106:	b500      	push	{lr}
20000108:	0004      	movs	r4, r0
2000010a:	001f      	movs	r7, r3
2000010c:	6802      	ldr	r2, [r0, #0]
2000010e:	f3ef 8110 	mrs	r1, PRIMASK
20000112:	b672      	cpsid	i
20000114:	6813      	ldr	r3, [r2, #0]
20000116:	2b00      	cmp	r3, #0
20000118:	d0fc      	beq.n	20000114 <mutex_try_enter_block_until+0x14>
2000011a:	f3bf 8f5f 	dmb	sy
2000011e:	2304      	movs	r3, #4
20000120:	56e3      	ldrsb	r3, [r4, r3]
20000122:	6822      	ldr	r2, [r4, #0]
20000124:	2b00      	cmp	r3, #0
20000126:	db2b      	blt.n	20000180 <mutex_try_enter_block_until+0x80>
20000128:	f3bf 8f5f 	dmb	sy
2000012c:	2000      	movs	r0, #0
2000012e:	6010      	str	r0, [r2, #0]
20000130:	f381 8810 	msr	PRIMASK, r1
20000134:	22d0      	movs	r2, #208	@ 0xd0
20000136:	0612      	lsls	r2, r2, #24
20000138:	7812      	ldrb	r2, [r2, #0]
2000013a:	2500      	movs	r5, #0
2000013c:	b252      	sxtb	r2, r2
2000013e:	4690      	mov	r8, r2
20000140:	429a      	cmp	r2, r3
20000142:	d10e      	bne.n	20000162 <mutex_try_enter_block_until+0x62>
20000144:	2000      	movs	r0, #0
20000146:	bc80      	pop	{r7}
20000148:	46b8      	mov	r8, r7
2000014a:	bdf0      	pop	{r4, r5, r6, r7, pc}
2000014c:	f3bf 8f5f 	dmb	sy
20000150:	6015      	str	r5, [r2, #0]
20000152:	f381 8810 	msr	PRIMASK, r1
20000156:	0030      	movs	r0, r6
20000158:	0039      	movs	r1, r7
2000015a:	f000 fee9 	bl	20000f30 <__best_effort_wfe_or_timeout_veneer>
2000015e:	2800      	cmp	r0, #0
20000160:	d1f0      	bne.n	20000144 <mutex_try_enter_block_until+0x44>
20000162:	6822      	ldr	r2, [r4, #0]
20000164:	f3ef 8110 	mrs	r1, PRIMASK
20000168:	b672      	cpsid	i
2000016a:	6813      	ldr	r3, [r2, #0]
2000016c:	2b00      	cmp	r3, #0
2000016e:	d0fc      	beq.n	2000016a <mutex_try_enter_block_until+0x6a>
20000170:	f3bf 8f5f 	dmb	sy
20000174:	7923      	ldrb	r3, [r4, #4]
20000176:	6822      	ldr	r2, [r4, #0]
20000178:	2b7f      	cmp	r3, #127	@ 0x7f
2000017a:	d9e7      	bls.n	2000014c <mutex_try_enter_block_until+0x4c>
2000017c:	4643      	mov	r3, r8
2000017e:	e002      	b.n	20000186 <mutex_try_enter_block_until+0x86>
20000180:	23d0      	movs	r3, #208	@ 0xd0
20000182:	061b      	lsls	r3, r3, #24
20000184:	681b      	ldr	r3, [r3, #0]
20000186:	7123      	strb	r3, [r4, #4]
20000188:	f3bf 8f5f 	dmb	sy
2000018c:	2300      	movs	r3, #0
2000018e:	6013      	str	r3, [r2, #0]
20000190:	f381 8810 	msr	PRIMASK, r1
20000194:	2001      	movs	r0, #1
20000196:	e7d6      	b.n	20000146 <mutex_try_enter_block_until+0x46>

20000198 <mutex_enter_timeout_ms>:
20000198:	b5f0      	push	{r4, r5, r6, r7, lr}
2000019a:	46c6      	mov	lr, r8
2000019c:	b500      	push	{lr}
2000019e:	000f      	movs	r7, r1
200001a0:	0004      	movs	r4, r0
200001a2:	f000 fecd 	bl	20000f40 <__time_us_64_veneer>
200001a6:	22fa      	movs	r2, #250	@ 0xfa
200001a8:	000e      	movs	r6, r1
200001aa:	0005      	movs	r5, r0
200001ac:	2300      	movs	r3, #0
200001ae:	0038      	movs	r0, r7
200001b0:	2100      	movs	r1, #0
200001b2:	0092      	lsls	r2, r2, #2
200001b4:	f000 feac 	bl	20000f10 <____wrap___aeabi_lmul_veneer>
200001b8:	1940      	adds	r0, r0, r5
200001ba:	4171      	adcs	r1, r6
200001bc:	0006      	movs	r6, r0
200001be:	1e0f      	subs	r7, r1, #0
200001c0:	da02      	bge.n	200001c8 <mutex_enter_timeout_ms+0x30>
200001c2:	2601      	movs	r6, #1
200001c4:	4f16      	ldr	r7, [pc, #88]	@ (20000220 <mutex_enter_timeout_ms+0x88>)
200001c6:	4276      	negs	r6, r6
200001c8:	23d0      	movs	r3, #208	@ 0xd0
200001ca:	061b      	lsls	r3, r3, #24
200001cc:	681b      	ldr	r3, [r3, #0]
200001ce:	2500      	movs	r5, #0
200001d0:	4698      	mov	r8, r3
200001d2:	e00a      	b.n	200001ea <mutex_enter_timeout_ms+0x52>
200001d4:	f3bf 8f5f 	dmb	sy
200001d8:	6015      	str	r5, [r2, #0]
200001da:	f381 8810 	msr	PRIMASK, r1
200001de:	0030      	movs	r0, r6
200001e0:	0039      	movs	r1, r7
200001e2:	f000 fea5 	bl	20000f30 <__best_effort_wfe_or_timeout_veneer>
200001e6:	2800      	cmp	r0, #0
200001e8:	d118      	bne.n	2000021c <mutex_enter_timeout_ms+0x84>
200001ea:	6822      	ldr	r2, [r4, #0]
200001ec:	f3ef 8110 	mrs	r1, PRIMASK
200001f0:	b672      	cpsid	i
200001f2:	6813      	ldr	r3, [r2, #0]
200001f4:	2b00      	cmp	r3, #0
200001f6:	d0fc      	beq.n	200001f2 <mutex_enter_timeout_ms+0x5a>
200001f8:	f3bf 8f5f 	dmb	sy
200001fc:	7923      	ldrb	r3, [r4, #4]
200001fe:	6822      	ldr	r2, [r4, #0]
20000200:	2b7f      	cmp	r3, #127	@ 0x7f
20000202:	d9e7      	bls.n	200001d4 <mutex_enter_timeout_ms+0x3c>
20000204:	4643      	mov	r3, r8
20000206:	7123      	strb	r3, [r4, #4]
20000208:	f3bf 8f5f 	dmb	sy
2000020c:	2300      	movs	r3, #0
2000020e:	6013      	str	r3, [r2, #0]
20000210:	f381 8810 	msr	PRIMASK, r1
20000214:	2001      	movs	r0, #1
20000216:	bc80      	pop	{r7}
20000218:	46b8      	mov	r8, r7
2000021a:	bdf0      	pop	{r4, r5, r6, r7, pc}
2000021c:	2000      	movs	r0, #0
2000021e:	e7fa      	b.n	20000216 <mutex_enter_timeout_ms+0x7e>
20000220:	7fffffff 	.word	0x7fffffff

20000224 <mutex_exit>:
20000224:	6802      	ldr	r2, [r0, #0]
20000226:	f3ef 8110 	mrs	r1, PRIMASK
2000022a:	b672      	cpsid	i
2000022c:	6813      	ldr	r3, [r2, #0]
2000022e:	2b00      	cmp	r3, #0
20000230:	d0fc      	beq.n	2000022c <mutex_exit+0x8>
20000232:	f3bf 8f5f 	dmb	sy
20000236:	23ff      	movs	r3, #255	@ 0xff
20000238:	7103      	strb	r3, [r0, #4]
2000023a:	6803      	ldr	r3, [r0, #0]
2000023c:	f3bf 8f5f 	dmb	sy
20000240:	2200      	movs	r2, #0
20000242:	601a      	str	r2, [r3, #0]
20000244:	f381 8810 	msr	PRIMASK, r1
20000248:	bf40      	sev
2000024a:	4770      	bx	lr

2000024c <flash_init_boot2_copyout>:
2000024c:	4b08      	ldr	r3, [pc, #32]	@ (20000270 <flash_init_boot2_copyout+0x24>)
2000024e:	469c      	mov	ip, r3
20000250:	781b      	ldrb	r3, [r3, #0]
20000252:	2b00      	cmp	r3, #0
20000254:	d10b      	bne.n	2000026e <flash_init_boot2_copyout+0x22>
20000256:	2380      	movs	r3, #128	@ 0x80
20000258:	4806      	ldr	r0, [pc, #24]	@ (20000274 <flash_init_boot2_copyout+0x28>)
2000025a:	4907      	ldr	r1, [pc, #28]	@ (20000278 <flash_init_boot2_copyout+0x2c>)
2000025c:	055b      	lsls	r3, r3, #21
2000025e:	681a      	ldr	r2, [r3, #0]
20000260:	50c2      	str	r2, [r0, r3]
20000262:	3304      	adds	r3, #4
20000264:	428b      	cmp	r3, r1
20000266:	d1fa      	bne.n	2000025e <flash_init_boot2_copyout+0x12>
20000268:	2301      	movs	r3, #1
2000026a:	4662      	mov	r2, ip
2000026c:	7013      	strb	r3, [r2, #0]
2000026e:	4770      	bx	lr
20000270:	20001ebc 	.word	0x20001ebc
20000274:	100016ec 	.word	0x100016ec
20000278:	10000100 	.word	0x10000100

2000027c <flash_enable_xip_via_boot2>:
2000027c:	b510      	push	{r4, lr}
2000027e:	4b01      	ldr	r3, [pc, #4]	@ (20000284 <flash_enable_xip_via_boot2+0x8>)
20000280:	4798      	blx	r3
20000282:	bd10      	pop	{r4, pc}
20000284:	200016ed 	.word	0x200016ed

20000288 <flash_save_hardware_state>:
20000288:	4b08      	ldr	r3, [pc, #32]	@ (200002ac <flash_save_hardware_state+0x24>)
2000028a:	685a      	ldr	r2, [r3, #4]
2000028c:	6042      	str	r2, [r0, #4]
2000028e:	689a      	ldr	r2, [r3, #8]
20000290:	6082      	str	r2, [r0, #8]
20000292:	68da      	ldr	r2, [r3, #12]
20000294:	60c2      	str	r2, [r0, #12]
20000296:	691a      	ldr	r2, [r3, #16]
20000298:	6102      	str	r2, [r0, #16]
2000029a:	695a      	ldr	r2, [r3, #20]
2000029c:	6142      	str	r2, [r0, #20]
2000029e:	699b      	ldr	r3, [r3, #24]
200002a0:	6183      	str	r3, [r0, #24]
200002a2:	23a0      	movs	r3, #160	@ 0xa0
200002a4:	055b      	lsls	r3, r3, #21
200002a6:	681b      	ldr	r3, [r3, #0]
200002a8:	6003      	str	r3, [r0, #0]
200002aa:	4770      	bx	lr
200002ac:	40020000 	.word	0x40020000

200002b0 <flash_restore_hardware_state>:
200002b0:	6842      	ldr	r2, [r0, #4]
200002b2:	4b08      	ldr	r3, [pc, #32]	@ (200002d4 <flash_restore_hardware_state+0x24>)
200002b4:	605a      	str	r2, [r3, #4]
200002b6:	6882      	ldr	r2, [r0, #8]
200002b8:	609a      	str	r2, [r3, #8]
200002ba:	68c2      	ldr	r2, [r0, #12]
200002bc:	60da      	str	r2, [r3, #12]
200002be:	6902      	ldr	r2, [r0, #16]
200002c0:	611a      	str	r2, [r3, #16]
200002c2:	6942      	ldr	r2, [r0, #20]
200002c4:	615a      	str	r2, [r3, #20]
200002c6:	6982      	ldr	r2, [r0, #24]
200002c8:	619a      	str	r2, [r3, #24]
200002ca:	23a0      	movs	r3, #160	@ 0xa0
200002cc:	6802      	ldr	r2, [r0, #0]
200002ce:	055b      	lsls	r3, r3, #21
200002d0:	601a      	str	r2, [r3, #0]
200002d2:	4770      	bx	lr
200002d4:	40020000 	.word	0x40020000

200002d8 <flash_do_cmd_cs>:
200002d8:	b5f0      	push	{r4, r5, r6, r7, lr}
200002da:	46d6      	mov	lr, sl
200002dc:	464f      	mov	r7, r9
200002de:	4646      	mov	r6, r8
200002e0:	2300      	movs	r3, #0
200002e2:	b5c0      	push	{r6, r7, lr}
200002e4:	2718      	movs	r7, #24
200002e6:	b088      	sub	sp, #32
200002e8:	001e      	movs	r6, r3
200002ea:	4681      	mov	r9, r0
200002ec:	000d      	movs	r5, r1
200002ee:	8a98      	ldrh	r0, [r3, #20]
200002f0:	4946      	ldr	r1, [pc, #280]	@ (2000040c <flash_do_cmd_cs+0x134>)
200002f2:	883b      	ldrh	r3, [r7, #0]
200002f4:	0014      	movs	r4, r2
200002f6:	4798      	blx	r3
200002f8:	883b      	ldrh	r3, [r7, #0]
200002fa:	4680      	mov	r8, r0
200002fc:	4944      	ldr	r1, [pc, #272]	@ (20000410 <flash_do_cmd_cs+0x138>)
200002fe:	8ab0      	ldrh	r0, [r6, #20]
20000300:	4798      	blx	r3
20000302:	2300      	movs	r3, #0
20000304:	4943      	ldr	r1, [pc, #268]	@ (20000414 <flash_do_cmd_cs+0x13c>)
20000306:	0006      	movs	r6, r0
20000308:	8a98      	ldrh	r0, [r3, #20]
2000030a:	883b      	ldrh	r3, [r7, #0]
2000030c:	4798      	blx	r3
2000030e:	4682      	mov	sl, r0
20000310:	f7ff ff9c 	bl	2000024c <flash_init_boot2_copyout>
20000314:	a801      	add	r0, sp, #4
20000316:	f7ff ffb7 	bl	20000288 <flash_save_hardware_state>
2000031a:	47c0      	blx	r8
2000031c:	47b0      	blx	r6
2000031e:	4b3e      	ldr	r3, [pc, #248]	@ (20000418 <flash_do_cmd_cs+0x140>)
20000320:	0021      	movs	r1, r4
20000322:	681a      	ldr	r2, [r3, #0]
20000324:	2380      	movs	r3, #128	@ 0x80
20000326:	009b      	lsls	r3, r3, #2
20000328:	4053      	eors	r3, r2
2000032a:	22c0      	movs	r2, #192	@ 0xc0
2000032c:	0092      	lsls	r2, r2, #2
2000032e:	4013      	ands	r3, r2
20000330:	4a3a      	ldr	r2, [pc, #232]	@ (2000041c <flash_do_cmd_cs+0x144>)
20000332:	6013      	str	r3, [r2, #0]
20000334:	2c00      	cmp	r4, #0
20000336:	d01c      	beq.n	20000372 <flash_do_cmd_cs+0x9a>
20000338:	2308      	movs	r3, #8
2000033a:	20c0      	movs	r0, #192	@ 0xc0
2000033c:	469c      	mov	ip, r3
2000033e:	0540      	lsls	r0, r0, #21
20000340:	3f16      	subs	r7, #22
20000342:	4662      	mov	r2, ip
20000344:	6a83      	ldr	r3, [r0, #40]	@ 0x28
20000346:	401a      	ands	r2, r3
20000348:	421f      	tst	r7, r3
2000034a:	d039      	beq.n	200003c0 <flash_do_cmd_cs+0xe8>
2000034c:	1a63      	subs	r3, r4, r1
2000034e:	2900      	cmp	r1, #0
20000350:	d12b      	bne.n	200003aa <flash_do_cmd_cs+0xd2>
20000352:	2a00      	cmp	r2, #0
20000354:	d10b      	bne.n	2000036e <flash_do_cmd_cs+0x96>
20000356:	2c00      	cmp	r4, #0
20000358:	d00b      	beq.n	20000372 <flash_do_cmd_cs+0x9a>
2000035a:	23c0      	movs	r3, #192	@ 0xc0
2000035c:	2208      	movs	r2, #8
2000035e:	2602      	movs	r6, #2
20000360:	055b      	lsls	r3, r3, #21
20000362:	6a9b      	ldr	r3, [r3, #40]	@ 0x28
20000364:	401a      	ands	r2, r3
20000366:	421e      	tst	r6, r3
20000368:	d042      	beq.n	200003f0 <flash_do_cmd_cs+0x118>
2000036a:	2a00      	cmp	r2, #0
2000036c:	d0f5      	beq.n	2000035a <flash_do_cmd_cs+0x82>
2000036e:	2c00      	cmp	r4, #0
20000370:	d130      	bne.n	200003d4 <flash_do_cmd_cs+0xfc>
20000372:	4b29      	ldr	r3, [pc, #164]	@ (20000418 <flash_do_cmd_cs+0x140>)
20000374:	681a      	ldr	r2, [r3, #0]
20000376:	23c0      	movs	r3, #192	@ 0xc0
20000378:	009b      	lsls	r3, r3, #2
2000037a:	4393      	bics	r3, r2
2000037c:	4a27      	ldr	r2, [pc, #156]	@ (2000041c <flash_do_cmd_cs+0x144>)
2000037e:	6013      	str	r3, [r2, #0]
20000380:	47d0      	blx	sl
20000382:	f7ff ff7b 	bl	2000027c <flash_enable_xip_via_boot2>
20000386:	a801      	add	r0, sp, #4
20000388:	f7ff ff92 	bl	200002b0 <flash_restore_hardware_state>
2000038c:	b008      	add	sp, #32
2000038e:	bce0      	pop	{r5, r6, r7}
20000390:	46ba      	mov	sl, r7
20000392:	46b1      	mov	r9, r6
20000394:	46a8      	mov	r8, r5
20000396:	bdf0      	pop	{r4, r5, r6, r7, pc}
20000398:	2c00      	cmp	r4, #0
2000039a:	d12b      	bne.n	200003f4 <flash_do_cmd_cs+0x11c>
2000039c:	22c0      	movs	r2, #192	@ 0xc0
2000039e:	0552      	lsls	r2, r2, #21
200003a0:	6a96      	ldr	r6, [r2, #40]	@ 0x28
200003a2:	2208      	movs	r2, #8
200003a4:	4032      	ands	r2, r6
200003a6:	07b6      	lsls	r6, r6, #30
200003a8:	d52b      	bpl.n	20000402 <flash_do_cmd_cs+0x12a>
200003aa:	2b0d      	cmp	r3, #13
200003ac:	d919      	bls.n	200003e2 <flash_do_cmd_cs+0x10a>
200003ae:	2a00      	cmp	r2, #0
200003b0:	d1f2      	bne.n	20000398 <flash_do_cmd_cs+0xc0>
200003b2:	22c0      	movs	r2, #192	@ 0xc0
200003b4:	0552      	lsls	r2, r2, #21
200003b6:	6a96      	ldr	r6, [r2, #40]	@ 0x28
200003b8:	2208      	movs	r2, #8
200003ba:	4032      	ands	r2, r6
200003bc:	07b6      	lsls	r6, r6, #30
200003be:	d4f4      	bmi.n	200003aa <flash_do_cmd_cs+0xd2>
200003c0:	2a00      	cmp	r2, #0
200003c2:	d104      	bne.n	200003ce <flash_do_cmd_cs+0xf6>
200003c4:	000b      	movs	r3, r1
200003c6:	4323      	orrs	r3, r4
200003c8:	2b00      	cmp	r3, #0
200003ca:	d1ba      	bne.n	20000342 <flash_do_cmd_cs+0x6a>
200003cc:	e7d1      	b.n	20000372 <flash_do_cmd_cs+0x9a>
200003ce:	000b      	movs	r3, r1
200003d0:	2c00      	cmp	r4, #0
200003d2:	d0f9      	beq.n	200003c8 <flash_do_cmd_cs+0xf0>
200003d4:	6e03      	ldr	r3, [r0, #96]	@ 0x60
200003d6:	3c01      	subs	r4, #1
200003d8:	702b      	strb	r3, [r5, #0]
200003da:	0023      	movs	r3, r4
200003dc:	3501      	adds	r5, #1
200003de:	430b      	orrs	r3, r1
200003e0:	e7f2      	b.n	200003c8 <flash_do_cmd_cs+0xf0>
200003e2:	464b      	mov	r3, r9
200003e4:	781b      	ldrb	r3, [r3, #0]
200003e6:	3901      	subs	r1, #1
200003e8:	6603      	str	r3, [r0, #96]	@ 0x60
200003ea:	2301      	movs	r3, #1
200003ec:	4499      	add	r9, r3
200003ee:	e7e7      	b.n	200003c0 <flash_do_cmd_cs+0xe8>
200003f0:	2100      	movs	r1, #0
200003f2:	e7e5      	b.n	200003c0 <flash_do_cmd_cs+0xe8>
200003f4:	23c0      	movs	r3, #192	@ 0xc0
200003f6:	055b      	lsls	r3, r3, #21
200003f8:	6e1b      	ldr	r3, [r3, #96]	@ 0x60
200003fa:	3c01      	subs	r4, #1
200003fc:	702b      	strb	r3, [r5, #0]
200003fe:	3501      	adds	r5, #1
20000400:	e79f      	b.n	20000342 <flash_do_cmd_cs+0x6a>
20000402:	000b      	movs	r3, r1
20000404:	42a2      	cmp	r2, r4
20000406:	d1df      	bne.n	200003c8 <flash_do_cmd_cs+0xf0>
20000408:	e7dc      	b.n	200003c4 <flash_do_cmd_cs+0xec>
2000040a:	46c0      	nop			@ (mov r8, r8)
2000040c:	00004649 	.word	0x00004649
20000410:	00005845 	.word	0x00005845
20000414:	00004346 	.word	0x00004346
20000418:	4001800c 	.word	0x4001800c
2000041c:	4001900c 	.word	0x4001900c

20000420 <reset_non_control_endpoints>:
20000420:	2200      	movs	r2, #0
20000422:	4b15      	ldr	r3, [pc, #84]	@ (20000478 <reset_non_control_endpoints+0x58>)
20000424:	b510      	push	{r4, lr}
20000426:	609a      	str	r2, [r3, #8]
20000428:	60da      	str	r2, [r3, #12]
2000042a:	611a      	str	r2, [r3, #16]
2000042c:	615a      	str	r2, [r3, #20]
2000042e:	619a      	str	r2, [r3, #24]
20000430:	61da      	str	r2, [r3, #28]
20000432:	621a      	str	r2, [r3, #32]
20000434:	625a      	str	r2, [r3, #36]	@ 0x24
20000436:	629a      	str	r2, [r3, #40]	@ 0x28
20000438:	62da      	str	r2, [r3, #44]	@ 0x2c
2000043a:	631a      	str	r2, [r3, #48]	@ 0x30
2000043c:	635a      	str	r2, [r3, #52]	@ 0x34
2000043e:	639a      	str	r2, [r3, #56]	@ 0x38
20000440:	63da      	str	r2, [r3, #60]	@ 0x3c
20000442:	641a      	str	r2, [r3, #64]	@ 0x40
20000444:	645a      	str	r2, [r3, #68]	@ 0x44
20000446:	649a      	str	r2, [r3, #72]	@ 0x48
20000448:	64da      	str	r2, [r3, #76]	@ 0x4c
2000044a:	651a      	str	r2, [r3, #80]	@ 0x50
2000044c:	655a      	str	r2, [r3, #84]	@ 0x54
2000044e:	659a      	str	r2, [r3, #88]	@ 0x58
20000450:	65da      	str	r2, [r3, #92]	@ 0x5c
20000452:	661a      	str	r2, [r3, #96]	@ 0x60
20000454:	665a      	str	r2, [r3, #100]	@ 0x64
20000456:	669a      	str	r2, [r3, #104]	@ 0x68
20000458:	66da      	str	r2, [r3, #108]	@ 0x6c
2000045a:	671a      	str	r2, [r3, #112]	@ 0x70
2000045c:	675a      	str	r2, [r3, #116]	@ 0x74
2000045e:	679a      	str	r2, [r3, #120]	@ 0x78
20000460:	67da      	str	r2, [r3, #124]	@ 0x7c
20000462:	32f0      	adds	r2, #240	@ 0xf0
20000464:	0092      	lsls	r2, r2, #2
20000466:	2100      	movs	r1, #0
20000468:	4804      	ldr	r0, [pc, #16]	@ (2000047c <reset_non_control_endpoints+0x5c>)
2000046a:	f000 fd71 	bl	20000f50 <____wrap_memset_veneer>
2000046e:	4b04      	ldr	r3, [pc, #16]	@ (20000480 <reset_non_control_endpoints+0x60>)
20000470:	4a04      	ldr	r2, [pc, #16]	@ (20000484 <reset_non_control_endpoints+0x64>)
20000472:	601a      	str	r2, [r3, #0]
20000474:	bd10      	pop	{r4, pc}
20000476:	46c0      	nop			@ (mov r8, r8)
20000478:	50100000 	.word	0x50100000
2000047c:	20001aa4 	.word	0x20001aa4
20000480:	20001e70 	.word	0x20001e70
20000484:	50100180 	.word	0x50100180

20000488 <hw_handle_buff_status>:
20000488:	b5f0      	push	{r4, r5, r6, r7, lr}
2000048a:	4647      	mov	r7, r8
2000048c:	46ce      	mov	lr, r9
2000048e:	b580      	push	{r7, lr}
20000490:	4b1c      	ldr	r3, [pc, #112]	@ (20000504 <hw_handle_buff_status+0x7c>)
20000492:	2400      	movs	r4, #0
20000494:	6d9f      	ldr	r7, [r3, #88]	@ 0x58
20000496:	2601      	movs	r6, #1
20000498:	b085      	sub	sp, #20
2000049a:	2f00      	cmp	r7, #0
2000049c:	d01b      	beq.n	200004d6 <hw_handle_buff_status+0x4e>
2000049e:	4b1a      	ldr	r3, [pc, #104]	@ (20000508 <hw_handle_buff_status+0x80>)
200004a0:	4698      	mov	r8, r3
200004a2:	4b1a      	ldr	r3, [pc, #104]	@ (2000050c <hw_handle_buff_status+0x84>)
200004a4:	4699      	mov	r9, r3
200004a6:	e004      	b.n	200004b2 <hw_handle_buff_status+0x2a>
200004a8:	3401      	adds	r4, #1
200004aa:	b2e4      	uxtb	r4, r4
200004ac:	0076      	lsls	r6, r6, #1
200004ae:	2c20      	cmp	r4, #32
200004b0:	d011      	beq.n	200004d6 <hw_handle_buff_status+0x4e>
200004b2:	423e      	tst	r6, r7
200004b4:	d0f8      	beq.n	200004a8 <hw_handle_buff_status+0x20>
200004b6:	4643      	mov	r3, r8
200004b8:	659e      	str	r6, [r3, #88]	@ 0x58
200004ba:	2301      	movs	r3, #1
200004bc:	0865      	lsrs	r5, r4, #1
200004be:	006d      	lsls	r5, r5, #1
200004c0:	43a3      	bics	r3, r4
200004c2:	18ed      	adds	r5, r5, r3
200004c4:	016d      	lsls	r5, r5, #5
200004c6:	444d      	add	r5, r9
200004c8:	0028      	movs	r0, r5
200004ca:	f000 fc13 	bl	20000cf4 <hw_endpoint_xfer_continue>
200004ce:	2800      	cmp	r0, #0
200004d0:	d106      	bne.n	200004e0 <hw_handle_buff_status+0x58>
200004d2:	43b7      	bics	r7, r6
200004d4:	d1e8      	bne.n	200004a8 <hw_handle_buff_status+0x20>
200004d6:	b005      	add	sp, #20
200004d8:	bcc0      	pop	{r6, r7}
200004da:	46b9      	mov	r9, r7
200004dc:	46b0      	mov	r8, r6
200004de:	bdf0      	pop	{r4, r5, r6, r7, pc}
200004e0:	8aeb      	ldrh	r3, [r5, #22]
200004e2:	21e0      	movs	r1, #224	@ 0xe0
200004e4:	9303      	str	r3, [sp, #12]
200004e6:	2300      	movs	r3, #0
200004e8:	a801      	add	r0, sp, #4
200004ea:	78aa      	ldrb	r2, [r5, #2]
200004ec:	00c9      	lsls	r1, r1, #3
200004ee:	8001      	strh	r1, [r0, #0]
200004f0:	2101      	movs	r1, #1
200004f2:	7102      	strb	r2, [r0, #4]
200004f4:	7143      	strb	r3, [r0, #5]
200004f6:	f000 fc1d 	bl	20000d34 <dcd_event_handler>
200004fa:	0028      	movs	r0, r5
200004fc:	f000 fb98 	bl	20000c30 <hw_endpoint_reset_transfer>
20000500:	e7e7      	b.n	200004d2 <hw_handle_buff_status+0x4a>
20000502:	46c0      	nop			@ (mov r8, r8)
20000504:	50110000 	.word	0x50110000
20000508:	50113000 	.word	0x50113000
2000050c:	20001a64 	.word	0x20001a64

20000510 <dcd_rp2040_irq>:
20000510:	2398      	movs	r3, #152	@ 0x98
20000512:	4ac6      	ldr	r2, [pc, #792]	@ (2000082c <dcd_rp2040_irq+0x31c>)
20000514:	b5f0      	push	{r4, r5, r6, r7, lr}
20000516:	58d5      	ldr	r5, [r2, r3]
20000518:	2380      	movs	r3, #128	@ 0x80
2000051a:	002e      	movs	r6, r5
2000051c:	029b      	lsls	r3, r3, #10
2000051e:	2410      	movs	r4, #16
20000520:	b085      	sub	sp, #20
20000522:	401e      	ands	r6, r3
20000524:	421d      	tst	r5, r3
20000526:	d074      	beq.n	20000612 <dcd_rp2040_irq+0x102>
20000528:	4bc1      	ldr	r3, [pc, #772]	@ (20000830 <dcd_rp2040_irq+0x320>)
2000052a:	4cc2      	ldr	r4, [pc, #776]	@ (20000834 <dcd_rp2040_irq+0x324>)
2000052c:	6a9a      	ldr	r2, [r3, #40]	@ 0x28
2000052e:	4bc2      	ldr	r3, [pc, #776]	@ (20000838 <dcd_rp2040_irq+0x328>)
20000530:	2600      	movs	r6, #0
20000532:	601a      	str	r2, [r3, #0]
20000534:	233b      	movs	r3, #59	@ 0x3b
20000536:	5ce3      	ldrb	r3, [r4, r3]
20000538:	2b02      	cmp	r3, #2
2000053a:	d100      	bne.n	2000053e <dcd_rp2040_irq+0x2e>
2000053c:	e14b      	b.n	200007d6 <dcd_rp2040_irq+0x2c6>
2000053e:	237b      	movs	r3, #123	@ 0x7b
20000540:	5ce3      	ldrb	r3, [r4, r3]
20000542:	2b02      	cmp	r3, #2
20000544:	d100      	bne.n	20000548 <dcd_rp2040_irq+0x38>
20000546:	e0ef      	b.n	20000728 <dcd_rp2040_irq+0x218>
20000548:	23bb      	movs	r3, #187	@ 0xbb
2000054a:	5ce3      	ldrb	r3, [r4, r3]
2000054c:	2b02      	cmp	r3, #2
2000054e:	d100      	bne.n	20000552 <dcd_rp2040_irq+0x42>
20000550:	e0f6      	b.n	20000740 <dcd_rp2040_irq+0x230>
20000552:	23fb      	movs	r3, #251	@ 0xfb
20000554:	5ce3      	ldrb	r3, [r4, r3]
20000556:	2b02      	cmp	r3, #2
20000558:	d100      	bne.n	2000055c <dcd_rp2040_irq+0x4c>
2000055a:	e0fd      	b.n	20000758 <dcd_rp2040_irq+0x248>
2000055c:	233c      	movs	r3, #60	@ 0x3c
2000055e:	33ff      	adds	r3, #255	@ 0xff
20000560:	5ce3      	ldrb	r3, [r4, r3]
20000562:	2b02      	cmp	r3, #2
20000564:	d100      	bne.n	20000568 <dcd_rp2040_irq+0x58>
20000566:	e129      	b.n	200007bc <dcd_rp2040_irq+0x2ac>
20000568:	237c      	movs	r3, #124	@ 0x7c
2000056a:	33ff      	adds	r3, #255	@ 0xff
2000056c:	5ce3      	ldrb	r3, [r4, r3]
2000056e:	2b02      	cmp	r3, #2
20000570:	d100      	bne.n	20000574 <dcd_rp2040_irq+0x64>
20000572:	e10a      	b.n	2000078a <dcd_rp2040_irq+0x27a>
20000574:	23bc      	movs	r3, #188	@ 0xbc
20000576:	33ff      	adds	r3, #255	@ 0xff
20000578:	5ce3      	ldrb	r3, [r4, r3]
2000057a:	2b02      	cmp	r3, #2
2000057c:	d100      	bne.n	20000580 <dcd_rp2040_irq+0x70>
2000057e:	e13b      	b.n	200007f8 <dcd_rp2040_irq+0x2e8>
20000580:	23fc      	movs	r3, #252	@ 0xfc
20000582:	33ff      	adds	r3, #255	@ 0xff
20000584:	5ce3      	ldrb	r3, [r4, r3]
20000586:	2b02      	cmp	r3, #2
20000588:	d100      	bne.n	2000058c <dcd_rp2040_irq+0x7c>
2000058a:	e0f1      	b.n	20000770 <dcd_rp2040_irq+0x260>
2000058c:	4bab      	ldr	r3, [pc, #684]	@ (2000083c <dcd_rp2040_irq+0x32c>)
2000058e:	5ce3      	ldrb	r3, [r4, r3]
20000590:	2b02      	cmp	r3, #2
20000592:	d100      	bne.n	20000596 <dcd_rp2040_irq+0x86>
20000594:	e170      	b.n	20000878 <dcd_rp2040_irq+0x368>
20000596:	4baa      	ldr	r3, [pc, #680]	@ (20000840 <dcd_rp2040_irq+0x330>)
20000598:	5ce3      	ldrb	r3, [r4, r3]
2000059a:	2b02      	cmp	r3, #2
2000059c:	d100      	bne.n	200005a0 <dcd_rp2040_irq+0x90>
2000059e:	e101      	b.n	200007a4 <dcd_rp2040_irq+0x294>
200005a0:	4ba8      	ldr	r3, [pc, #672]	@ (20000844 <dcd_rp2040_irq+0x334>)
200005a2:	5ce3      	ldrb	r3, [r4, r3]
200005a4:	2b02      	cmp	r3, #2
200005a6:	d100      	bne.n	200005aa <dcd_rp2040_irq+0x9a>
200005a8:	e171      	b.n	2000088e <dcd_rp2040_irq+0x37e>
200005aa:	4ba7      	ldr	r3, [pc, #668]	@ (20000848 <dcd_rp2040_irq+0x338>)
200005ac:	5ce3      	ldrb	r3, [r4, r3]
200005ae:	2b02      	cmp	r3, #2
200005b0:	d100      	bne.n	200005b4 <dcd_rp2040_irq+0xa4>
200005b2:	e12e      	b.n	20000812 <dcd_rp2040_irq+0x302>
200005b4:	4ba5      	ldr	r3, [pc, #660]	@ (2000084c <dcd_rp2040_irq+0x33c>)
200005b6:	5ce3      	ldrb	r3, [r4, r3]
200005b8:	2b02      	cmp	r3, #2
200005ba:	d100      	bne.n	200005be <dcd_rp2040_irq+0xae>
200005bc:	e19c      	b.n	200008f8 <dcd_rp2040_irq+0x3e8>
200005be:	4ba4      	ldr	r3, [pc, #656]	@ (20000850 <dcd_rp2040_irq+0x340>)
200005c0:	5ce3      	ldrb	r3, [r4, r3]
200005c2:	2b02      	cmp	r3, #2
200005c4:	d100      	bne.n	200005c8 <dcd_rp2040_irq+0xb8>
200005c6:	e16d      	b.n	200008a4 <dcd_rp2040_irq+0x394>
200005c8:	4ba2      	ldr	r3, [pc, #648]	@ (20000854 <dcd_rp2040_irq+0x344>)
200005ca:	5ce3      	ldrb	r3, [r4, r3]
200005cc:	2b02      	cmp	r3, #2
200005ce:	d100      	bne.n	200005d2 <dcd_rp2040_irq+0xc2>
200005d0:	e19d      	b.n	2000090e <dcd_rp2040_irq+0x3fe>
200005d2:	4ba1      	ldr	r3, [pc, #644]	@ (20000858 <dcd_rp2040_irq+0x348>)
200005d4:	5ce3      	ldrb	r3, [r4, r3]
200005d6:	2b02      	cmp	r3, #2
200005d8:	d100      	bne.n	200005dc <dcd_rp2040_irq+0xcc>
200005da:	e17b      	b.n	200008d4 <dcd_rp2040_irq+0x3c4>
200005dc:	2e00      	cmp	r6, #0
200005de:	d108      	bne.n	200005f2 <dcd_rp2040_irq+0xe2>
200005e0:	4b9e      	ldr	r3, [pc, #632]	@ (2000085c <dcd_rp2040_irq+0x34c>)
200005e2:	781b      	ldrb	r3, [r3, #0]
200005e4:	2b00      	cmp	r3, #0
200005e6:	d104      	bne.n	200005f2 <dcd_rp2040_irq+0xe2>
200005e8:	2180      	movs	r1, #128	@ 0x80
200005ea:	4a9d      	ldr	r2, [pc, #628]	@ (20000860 <dcd_rp2040_irq+0x350>)
200005ec:	3390      	adds	r3, #144	@ 0x90
200005ee:	0289      	lsls	r1, r1, #10
200005f0:	50d1      	str	r1, [r2, r3]
200005f2:	22c0      	movs	r2, #192	@ 0xc0
200005f4:	4669      	mov	r1, sp
200005f6:	4b8d      	ldr	r3, [pc, #564]	@ (2000082c <dcd_rp2040_irq+0x31c>)
200005f8:	0092      	lsls	r2, r2, #2
200005fa:	6c9b      	ldr	r3, [r3, #72]	@ 0x48
200005fc:	2680      	movs	r6, #128	@ 0x80
200005fe:	055b      	lsls	r3, r3, #21
20000600:	808a      	strh	r2, [r1, #4]
20000602:	0d5b      	lsrs	r3, r3, #21
20000604:	2101      	movs	r1, #1
20000606:	a801      	add	r0, sp, #4
20000608:	9302      	str	r3, [sp, #8]
2000060a:	f000 fb93 	bl	20000d34 <dcd_event_handler>
2000060e:	4c95      	ldr	r4, [pc, #596]	@ (20000864 <dcd_rp2040_irq+0x354>)
20000610:	02b6      	lsls	r6, r6, #10
20000612:	06eb      	lsls	r3, r5, #27
20000614:	d500      	bpl.n	20000618 <dcd_rp2040_irq+0x108>
20000616:	e07b      	b.n	20000710 <dcd_rp2040_irq+0x200>
20000618:	2380      	movs	r3, #128	@ 0x80
2000061a:	025b      	lsls	r3, r3, #9
2000061c:	421d      	tst	r5, r3
2000061e:	d02f      	beq.n	20000680 <dcd_rp2040_irq+0x170>
20000620:	2402      	movs	r4, #2
20000622:	4f84      	ldr	r7, [pc, #528]	@ (20000834 <dcd_rp2040_irq+0x324>)
20000624:	431e      	orrs	r6, r3
20000626:	7ebb      	ldrb	r3, [r7, #26]
20000628:	2b00      	cmp	r3, #0
2000062a:	d014      	beq.n	20000656 <dcd_rp2040_irq+0x146>
2000062c:	f000 fca0 	bl	20000f70 <__rp2040_chip_version_veneer>
20000630:	2801      	cmp	r0, #1
20000632:	d900      	bls.n	20000636 <dcd_rp2040_irq+0x126>
20000634:	e070      	b.n	20000718 <dcd_rp2040_irq+0x208>
20000636:	22c0      	movs	r2, #192	@ 0xc0
20000638:	2100      	movs	r1, #0
2000063a:	0038      	movs	r0, r7
2000063c:	0192      	lsls	r2, r2, #6
2000063e:	f000 fafd 	bl	20000c3c <_hw_endpoint_buffer_control_update32>
20000642:	0038      	movs	r0, r7
20000644:	f000 faf4 	bl	20000c30 <hw_endpoint_reset_transfer>
20000648:	f000 fc92 	bl	20000f70 <__rp2040_chip_version_veneer>
2000064c:	2801      	cmp	r0, #1
2000064e:	d902      	bls.n	20000656 <dcd_rp2040_irq+0x146>
20000650:	4b83      	ldr	r3, [pc, #524]	@ (20000860 <dcd_rp2040_irq+0x350>)
20000652:	665c      	str	r4, [r3, #100]	@ 0x64
20000654:	661c      	str	r4, [r3, #96]	@ 0x60
20000656:	2301      	movs	r3, #1
20000658:	70fb      	strb	r3, [r7, #3]
2000065a:	3720      	adds	r7, #32
2000065c:	2c01      	cmp	r4, #1
2000065e:	d120      	bne.n	200006a2 <dcd_rp2040_irq+0x192>
20000660:	23c0      	movs	r3, #192	@ 0xc0
20000662:	466a      	mov	r2, sp
20000664:	00db      	lsls	r3, r3, #3
20000666:	8093      	strh	r3, [r2, #4]
20000668:	4a7f      	ldr	r2, [pc, #508]	@ (20000868 <dcd_rp2040_irq+0x358>)
2000066a:	ab02      	add	r3, sp, #8
2000066c:	ca03      	ldmia	r2!, {r0, r1}
2000066e:	c303      	stmia	r3!, {r0, r1}
20000670:	2101      	movs	r1, #1
20000672:	a801      	add	r0, sp, #4
20000674:	f000 fb5e 	bl	20000d34 <dcd_event_handler>
20000678:	2280      	movs	r2, #128	@ 0x80
2000067a:	4b79      	ldr	r3, [pc, #484]	@ (20000860 <dcd_rp2040_irq+0x350>)
2000067c:	0292      	lsls	r2, r2, #10
2000067e:	651a      	str	r2, [r3, #80]	@ 0x50
20000680:	2380      	movs	r3, #128	@ 0x80
20000682:	015b      	lsls	r3, r3, #5
20000684:	421d      	tst	r5, r3
20000686:	d10e      	bne.n	200006a6 <dcd_rp2040_irq+0x196>
20000688:	2380      	movs	r3, #128	@ 0x80
2000068a:	01db      	lsls	r3, r3, #7
2000068c:	421d      	tst	r5, r3
2000068e:	d121      	bne.n	200006d4 <dcd_rp2040_irq+0x1c4>
20000690:	2380      	movs	r3, #128	@ 0x80
20000692:	021b      	lsls	r3, r3, #8
20000694:	421d      	tst	r5, r3
20000696:	d12d      	bne.n	200006f4 <dcd_rp2040_irq+0x1e4>
20000698:	42ae      	cmp	r6, r5
2000069a:	d000      	beq.n	2000069e <dcd_rp2040_irq+0x18e>
2000069c:	e1be      	b.n	20000a1c <dcd_rp2040_irq+0x50c>
2000069e:	b005      	add	sp, #20
200006a0:	bdf0      	pop	{r4, r5, r6, r7, pc}
200006a2:	2401      	movs	r4, #1
200006a4:	e7bf      	b.n	20000626 <dcd_rp2040_irq+0x116>
200006a6:	2400      	movs	r4, #0
200006a8:	431e      	orrs	r6, r3
200006aa:	4b60      	ldr	r3, [pc, #384]	@ (2000082c <dcd_rp2040_irq+0x31c>)
200006ac:	601c      	str	r4, [r3, #0]
200006ae:	f7ff feb7 	bl	20000420 <reset_non_control_endpoints>
200006b2:	2380      	movs	r3, #128	@ 0x80
200006b4:	466a      	mov	r2, sp
200006b6:	005b      	lsls	r3, r3, #1
200006b8:	8093      	strh	r3, [r2, #4]
200006ba:	7214      	strb	r4, [r2, #8]
200006bc:	2101      	movs	r1, #1
200006be:	a801      	add	r0, sp, #4
200006c0:	f000 fb38 	bl	20000d34 <dcd_event_handler>
200006c4:	2280      	movs	r2, #128	@ 0x80
200006c6:	4b66      	ldr	r3, [pc, #408]	@ (20000860 <dcd_rp2040_irq+0x350>)
200006c8:	0312      	lsls	r2, r2, #12
200006ca:	651a      	str	r2, [r3, #80]	@ 0x50
200006cc:	2380      	movs	r3, #128	@ 0x80
200006ce:	01db      	lsls	r3, r3, #7
200006d0:	421d      	tst	r5, r3
200006d2:	d0dd      	beq.n	20000690 <dcd_rp2040_irq+0x180>
200006d4:	431e      	orrs	r6, r3
200006d6:	2380      	movs	r3, #128	@ 0x80
200006d8:	466a      	mov	r2, sp
200006da:	00db      	lsls	r3, r3, #3
200006dc:	8093      	strh	r3, [r2, #4]
200006de:	2101      	movs	r1, #1
200006e0:	a801      	add	r0, sp, #4
200006e2:	f000 fb27 	bl	20000d34 <dcd_event_handler>
200006e6:	2210      	movs	r2, #16
200006e8:	4b5d      	ldr	r3, [pc, #372]	@ (20000860 <dcd_rp2040_irq+0x350>)
200006ea:	651a      	str	r2, [r3, #80]	@ 0x50
200006ec:	2380      	movs	r3, #128	@ 0x80
200006ee:	021b      	lsls	r3, r3, #8
200006f0:	421d      	tst	r5, r3
200006f2:	d0d1      	beq.n	20000698 <dcd_rp2040_irq+0x188>
200006f4:	431e      	orrs	r6, r3
200006f6:	23a0      	movs	r3, #160	@ 0xa0
200006f8:	466a      	mov	r2, sp
200006fa:	00db      	lsls	r3, r3, #3
200006fc:	8093      	strh	r3, [r2, #4]
200006fe:	2101      	movs	r1, #1
20000700:	a801      	add	r0, sp, #4
20000702:	f000 fb17 	bl	20000d34 <dcd_event_handler>
20000706:	2280      	movs	r2, #128	@ 0x80
20000708:	4b55      	ldr	r3, [pc, #340]	@ (20000860 <dcd_rp2040_irq+0x350>)
2000070a:	0112      	lsls	r2, r2, #4
2000070c:	651a      	str	r2, [r3, #80]	@ 0x50
2000070e:	e7c3      	b.n	20000698 <dcd_rp2040_irq+0x188>
20000710:	f7ff feba 	bl	20000488 <hw_handle_buff_status>
20000714:	0026      	movs	r6, r4
20000716:	e77f      	b.n	20000618 <dcd_rp2040_irq+0x108>
20000718:	4b54      	ldr	r3, [pc, #336]	@ (2000086c <dcd_rp2040_irq+0x35c>)
2000071a:	4a44      	ldr	r2, [pc, #272]	@ (2000082c <dcd_rp2040_irq+0x31c>)
2000071c:	661c      	str	r4, [r3, #96]	@ 0x60
2000071e:	6e53      	ldr	r3, [r2, #100]	@ 0x64
20000720:	4023      	ands	r3, r4
20000722:	42a3      	cmp	r3, r4
20000724:	d1fb      	bne.n	2000071e <dcd_rp2040_irq+0x20e>
20000726:	e786      	b.n	20000636 <dcd_rp2040_irq+0x126>
20000728:	3378      	adds	r3, #120	@ 0x78
2000072a:	5ce7      	ldrb	r7, [r4, r3]
2000072c:	2f00      	cmp	r7, #0
2000072e:	d100      	bne.n	20000732 <dcd_rp2040_irq+0x222>
20000730:	e70a      	b.n	20000548 <dcd_rp2040_irq+0x38>
20000732:	3302      	adds	r3, #2
20000734:	5ce2      	ldrb	r2, [r4, r3]
20000736:	2a00      	cmp	r2, #0
20000738:	d000      	beq.n	2000073c <dcd_rp2040_irq+0x22c>
2000073a:	e10d      	b.n	20000958 <dcd_rp2040_irq+0x448>
2000073c:	003e      	movs	r6, r7
2000073e:	e703      	b.n	20000548 <dcd_rp2040_irq+0x38>
20000740:	33b8      	adds	r3, #184	@ 0xb8
20000742:	5ce7      	ldrb	r7, [r4, r3]
20000744:	2f00      	cmp	r7, #0
20000746:	d100      	bne.n	2000074a <dcd_rp2040_irq+0x23a>
20000748:	e703      	b.n	20000552 <dcd_rp2040_irq+0x42>
2000074a:	3302      	adds	r3, #2
2000074c:	5ce2      	ldrb	r2, [r4, r3]
2000074e:	2a00      	cmp	r2, #0
20000750:	d000      	beq.n	20000754 <dcd_rp2040_irq+0x244>
20000752:	e0f9      	b.n	20000948 <dcd_rp2040_irq+0x438>
20000754:	003e      	movs	r6, r7
20000756:	e6fc      	b.n	20000552 <dcd_rp2040_irq+0x42>
20000758:	33f8      	adds	r3, #248	@ 0xf8
2000075a:	5ce7      	ldrb	r7, [r4, r3]
2000075c:	2f00      	cmp	r7, #0
2000075e:	d100      	bne.n	20000762 <dcd_rp2040_irq+0x252>
20000760:	e6fc      	b.n	2000055c <dcd_rp2040_irq+0x4c>
20000762:	3302      	adds	r3, #2
20000764:	5ce2      	ldrb	r2, [r4, r3]
20000766:	2a00      	cmp	r2, #0
20000768:	d000      	beq.n	2000076c <dcd_rp2040_irq+0x25c>
2000076a:	e141      	b.n	200009f0 <dcd_rp2040_irq+0x4e0>
2000076c:	003e      	movs	r6, r7
2000076e:	e6f5      	b.n	2000055c <dcd_rp2040_irq+0x4c>
20000770:	33f9      	adds	r3, #249	@ 0xf9
20000772:	33ff      	adds	r3, #255	@ 0xff
20000774:	5ce7      	ldrb	r7, [r4, r3]
20000776:	2f00      	cmp	r7, #0
20000778:	d100      	bne.n	2000077c <dcd_rp2040_irq+0x26c>
2000077a:	e707      	b.n	2000058c <dcd_rp2040_irq+0x7c>
2000077c:	3302      	adds	r3, #2
2000077e:	5ce2      	ldrb	r2, [r4, r3]
20000780:	2a00      	cmp	r2, #0
20000782:	d000      	beq.n	20000786 <dcd_rp2040_irq+0x276>
20000784:	e12b      	b.n	200009de <dcd_rp2040_irq+0x4ce>
20000786:	003e      	movs	r6, r7
20000788:	e700      	b.n	2000058c <dcd_rp2040_irq+0x7c>
2000078a:	3379      	adds	r3, #121	@ 0x79
2000078c:	33ff      	adds	r3, #255	@ 0xff
2000078e:	5ce7      	ldrb	r7, [r4, r3]
20000790:	2f00      	cmp	r7, #0
20000792:	d100      	bne.n	20000796 <dcd_rp2040_irq+0x286>
20000794:	e6ee      	b.n	20000574 <dcd_rp2040_irq+0x64>
20000796:	3302      	adds	r3, #2
20000798:	5ce2      	ldrb	r2, [r4, r3]
2000079a:	2a00      	cmp	r2, #0
2000079c:	d000      	beq.n	200007a0 <dcd_rp2040_irq+0x290>
2000079e:	e115      	b.n	200009cc <dcd_rp2040_irq+0x4bc>
200007a0:	003e      	movs	r6, r7
200007a2:	e6e7      	b.n	20000574 <dcd_rp2040_irq+0x64>
200007a4:	4b32      	ldr	r3, [pc, #200]	@ (20000870 <dcd_rp2040_irq+0x360>)
200007a6:	5ce7      	ldrb	r7, [r4, r3]
200007a8:	2f00      	cmp	r7, #0
200007aa:	d100      	bne.n	200007ae <dcd_rp2040_irq+0x29e>
200007ac:	e6f8      	b.n	200005a0 <dcd_rp2040_irq+0x90>
200007ae:	3302      	adds	r3, #2
200007b0:	5ce2      	ldrb	r2, [r4, r3]
200007b2:	2a00      	cmp	r2, #0
200007b4:	d000      	beq.n	200007b8 <dcd_rp2040_irq+0x2a8>
200007b6:	e101      	b.n	200009bc <dcd_rp2040_irq+0x4ac>
200007b8:	003e      	movs	r6, r7
200007ba:	e6f1      	b.n	200005a0 <dcd_rp2040_irq+0x90>
200007bc:	3339      	adds	r3, #57	@ 0x39
200007be:	33ff      	adds	r3, #255	@ 0xff
200007c0:	5ce7      	ldrb	r7, [r4, r3]
200007c2:	2f00      	cmp	r7, #0
200007c4:	d100      	bne.n	200007c8 <dcd_rp2040_irq+0x2b8>
200007c6:	e6cf      	b.n	20000568 <dcd_rp2040_irq+0x58>
200007c8:	3302      	adds	r3, #2
200007ca:	5ce2      	ldrb	r2, [r4, r3]
200007cc:	2a00      	cmp	r2, #0
200007ce:	d000      	beq.n	200007d2 <dcd_rp2040_irq+0x2c2>
200007d0:	e0eb      	b.n	200009aa <dcd_rp2040_irq+0x49a>
200007d2:	003e      	movs	r6, r7
200007d4:	e6c8      	b.n	20000568 <dcd_rp2040_irq+0x58>
200007d6:	3338      	adds	r3, #56	@ 0x38
200007d8:	5ce6      	ldrb	r6, [r4, r3]
200007da:	2e00      	cmp	r6, #0
200007dc:	d100      	bne.n	200007e0 <dcd_rp2040_irq+0x2d0>
200007de:	e6ae      	b.n	2000053e <dcd_rp2040_irq+0x2e>
200007e0:	3302      	adds	r3, #2
200007e2:	5ce2      	ldrb	r2, [r4, r3]
200007e4:	2a00      	cmp	r2, #0
200007e6:	d100      	bne.n	200007ea <dcd_rp2040_irq+0x2da>
200007e8:	e6a9      	b.n	2000053e <dcd_rp2040_irq+0x2e>
200007ea:	0020      	movs	r0, r4
200007ec:	2200      	movs	r2, #0
200007ee:	3020      	adds	r0, #32
200007f0:	54e2      	strb	r2, [r4, r3]
200007f2:	f000 fa4b 	bl	20000c8c <hw_endpoint_start_next_buffer>
200007f6:	e6a2      	b.n	2000053e <dcd_rp2040_irq+0x2e>
200007f8:	33b9      	adds	r3, #185	@ 0xb9
200007fa:	33ff      	adds	r3, #255	@ 0xff
200007fc:	5ce7      	ldrb	r7, [r4, r3]
200007fe:	2f00      	cmp	r7, #0
20000800:	d100      	bne.n	20000804 <dcd_rp2040_irq+0x2f4>
20000802:	e6bd      	b.n	20000580 <dcd_rp2040_irq+0x70>
20000804:	3302      	adds	r3, #2
20000806:	5ce2      	ldrb	r2, [r4, r3]
20000808:	2a00      	cmp	r2, #0
2000080a:	d000      	beq.n	2000080e <dcd_rp2040_irq+0x2fe>
2000080c:	e0c4      	b.n	20000998 <dcd_rp2040_irq+0x488>
2000080e:	003e      	movs	r6, r7
20000810:	e6b6      	b.n	20000580 <dcd_rp2040_irq+0x70>
20000812:	4b18      	ldr	r3, [pc, #96]	@ (20000874 <dcd_rp2040_irq+0x364>)
20000814:	5ce7      	ldrb	r7, [r4, r3]
20000816:	2f00      	cmp	r7, #0
20000818:	d100      	bne.n	2000081c <dcd_rp2040_irq+0x30c>
2000081a:	e6cb      	b.n	200005b4 <dcd_rp2040_irq+0xa4>
2000081c:	3302      	adds	r3, #2
2000081e:	5ce2      	ldrb	r2, [r4, r3]
20000820:	2a00      	cmp	r2, #0
20000822:	d000      	beq.n	20000826 <dcd_rp2040_irq+0x316>
20000824:	e0b0      	b.n	20000988 <dcd_rp2040_irq+0x478>
20000826:	003e      	movs	r6, r7
20000828:	e6c4      	b.n	200005b4 <dcd_rp2040_irq+0xa4>
2000082a:	46c0      	nop			@ (mov r8, r8)
2000082c:	50110000 	.word	0x50110000
20000830:	40054000 	.word	0x40054000
20000834:	20001a64 	.word	0x20001a64
20000838:	20001a5c 	.word	0x20001a5c
2000083c:	0000023b 	.word	0x0000023b
20000840:	0000027b 	.word	0x0000027b
20000844:	000002bb 	.word	0x000002bb
20000848:	000002fb 	.word	0x000002fb
2000084c:	0000033b 	.word	0x0000033b
20000850:	0000037b 	.word	0x0000037b
20000854:	000003bb 	.word	0x000003bb
20000858:	000003fb 	.word	0x000003fb
2000085c:	20001eba 	.word	0x20001eba
20000860:	50113000 	.word	0x50113000
20000864:	00020010 	.word	0x00020010
20000868:	50100000 	.word	0x50100000
2000086c:	50112000 	.word	0x50112000
20000870:	0000027a 	.word	0x0000027a
20000874:	000002fa 	.word	0x000002fa
20000878:	4b6b      	ldr	r3, [pc, #428]	@ (20000a28 <dcd_rp2040_irq+0x518>)
2000087a:	5ce7      	ldrb	r7, [r4, r3]
2000087c:	2f00      	cmp	r7, #0
2000087e:	d100      	bne.n	20000882 <dcd_rp2040_irq+0x372>
20000880:	e689      	b.n	20000596 <dcd_rp2040_irq+0x86>
20000882:	3302      	adds	r3, #2
20000884:	5ce2      	ldrb	r2, [r4, r3]
20000886:	2a00      	cmp	r2, #0
20000888:	d176      	bne.n	20000978 <dcd_rp2040_irq+0x468>
2000088a:	003e      	movs	r6, r7
2000088c:	e683      	b.n	20000596 <dcd_rp2040_irq+0x86>
2000088e:	4b67      	ldr	r3, [pc, #412]	@ (20000a2c <dcd_rp2040_irq+0x51c>)
20000890:	5ce7      	ldrb	r7, [r4, r3]
20000892:	2f00      	cmp	r7, #0
20000894:	d100      	bne.n	20000898 <dcd_rp2040_irq+0x388>
20000896:	e688      	b.n	200005aa <dcd_rp2040_irq+0x9a>
20000898:	3302      	adds	r3, #2
2000089a:	5ce2      	ldrb	r2, [r4, r3]
2000089c:	2a00      	cmp	r2, #0
2000089e:	d163      	bne.n	20000968 <dcd_rp2040_irq+0x458>
200008a0:	003e      	movs	r6, r7
200008a2:	e682      	b.n	200005aa <dcd_rp2040_irq+0x9a>
200008a4:	4b62      	ldr	r3, [pc, #392]	@ (20000a30 <dcd_rp2040_irq+0x520>)
200008a6:	5ce7      	ldrb	r7, [r4, r3]
200008a8:	2f00      	cmp	r7, #0
200008aa:	d100      	bne.n	200008ae <dcd_rp2040_irq+0x39e>
200008ac:	e68c      	b.n	200005c8 <dcd_rp2040_irq+0xb8>
200008ae:	3302      	adds	r3, #2
200008b0:	5ce2      	ldrb	r2, [r4, r3]
200008b2:	2a00      	cmp	r2, #0
200008b4:	d000      	beq.n	200008b8 <dcd_rp2040_irq+0x3a8>
200008b6:	e0a3      	b.n	20000a00 <dcd_rp2040_irq+0x4f0>
200008b8:	4b5e      	ldr	r3, [pc, #376]	@ (20000a34 <dcd_rp2040_irq+0x524>)
200008ba:	5ce3      	ldrb	r3, [r4, r3]
200008bc:	2b02      	cmp	r3, #2
200008be:	d130      	bne.n	20000922 <dcd_rp2040_irq+0x412>
200008c0:	4b5d      	ldr	r3, [pc, #372]	@ (20000a38 <dcd_rp2040_irq+0x528>)
200008c2:	5ce3      	ldrb	r3, [r4, r3]
200008c4:	2b00      	cmp	r3, #0
200008c6:	d127      	bne.n	20000918 <dcd_rp2040_irq+0x408>
200008c8:	4b5c      	ldr	r3, [pc, #368]	@ (20000a3c <dcd_rp2040_irq+0x52c>)
200008ca:	5ce3      	ldrb	r3, [r4, r3]
200008cc:	2b02      	cmp	r3, #2
200008ce:	d000      	beq.n	200008d2 <dcd_rp2040_irq+0x3c2>
200008d0:	e68f      	b.n	200005f2 <dcd_rp2040_irq+0xe2>
200008d2:	003e      	movs	r6, r7
200008d4:	4b5a      	ldr	r3, [pc, #360]	@ (20000a40 <dcd_rp2040_irq+0x530>)
200008d6:	5ce3      	ldrb	r3, [r4, r3]
200008d8:	2b00      	cmp	r3, #0
200008da:	d100      	bne.n	200008de <dcd_rp2040_irq+0x3ce>
200008dc:	e67e      	b.n	200005dc <dcd_rp2040_irq+0xcc>
200008de:	23ff      	movs	r3, #255	@ 0xff
200008e0:	009b      	lsls	r3, r3, #2
200008e2:	5ce2      	ldrb	r2, [r4, r3]
200008e4:	2a00      	cmp	r2, #0
200008e6:	d100      	bne.n	200008ea <dcd_rp2040_irq+0x3da>
200008e8:	e683      	b.n	200005f2 <dcd_rp2040_irq+0xe2>
200008ea:	2200      	movs	r2, #0
200008ec:	54e2      	strb	r2, [r4, r3]
200008ee:	3b1c      	subs	r3, #28
200008f0:	18e0      	adds	r0, r4, r3
200008f2:	f000 f9cb 	bl	20000c8c <hw_endpoint_start_next_buffer>
200008f6:	e67c      	b.n	200005f2 <dcd_rp2040_irq+0xe2>
200008f8:	4b52      	ldr	r3, [pc, #328]	@ (20000a44 <dcd_rp2040_irq+0x534>)
200008fa:	5ce7      	ldrb	r7, [r4, r3]
200008fc:	2f00      	cmp	r7, #0
200008fe:	d100      	bne.n	20000902 <dcd_rp2040_irq+0x3f2>
20000900:	e65d      	b.n	200005be <dcd_rp2040_irq+0xae>
20000902:	3302      	adds	r3, #2
20000904:	5ce2      	ldrb	r2, [r4, r3]
20000906:	2a00      	cmp	r2, #0
20000908:	d116      	bne.n	20000938 <dcd_rp2040_irq+0x428>
2000090a:	003e      	movs	r6, r7
2000090c:	e657      	b.n	200005be <dcd_rp2040_irq+0xae>
2000090e:	4b4a      	ldr	r3, [pc, #296]	@ (20000a38 <dcd_rp2040_irq+0x528>)
20000910:	5ce3      	ldrb	r3, [r4, r3]
20000912:	2b00      	cmp	r3, #0
20000914:	d100      	bne.n	20000918 <dcd_rp2040_irq+0x408>
20000916:	e65c      	b.n	200005d2 <dcd_rp2040_irq+0xc2>
20000918:	23ef      	movs	r3, #239	@ 0xef
2000091a:	009b      	lsls	r3, r3, #2
2000091c:	5ce2      	ldrb	r2, [r4, r3]
2000091e:	2a00      	cmp	r2, #0
20000920:	d175      	bne.n	20000a0e <dcd_rp2040_irq+0x4fe>
20000922:	4b46      	ldr	r3, [pc, #280]	@ (20000a3c <dcd_rp2040_irq+0x52c>)
20000924:	5ce3      	ldrb	r3, [r4, r3]
20000926:	2b02      	cmp	r3, #2
20000928:	d000      	beq.n	2000092c <dcd_rp2040_irq+0x41c>
2000092a:	e662      	b.n	200005f2 <dcd_rp2040_irq+0xe2>
2000092c:	4b44      	ldr	r3, [pc, #272]	@ (20000a40 <dcd_rp2040_irq+0x530>)
2000092e:	5ce3      	ldrb	r3, [r4, r3]
20000930:	2b00      	cmp	r3, #0
20000932:	d100      	bne.n	20000936 <dcd_rp2040_irq+0x426>
20000934:	e65d      	b.n	200005f2 <dcd_rp2040_irq+0xe2>
20000936:	e7d2      	b.n	200008de <dcd_rp2040_irq+0x3ce>
20000938:	2200      	movs	r2, #0
2000093a:	54e2      	strb	r2, [r4, r3]
2000093c:	3b1c      	subs	r3, #28
2000093e:	18e0      	adds	r0, r4, r3
20000940:	f000 f9a4 	bl	20000c8c <hw_endpoint_start_next_buffer>
20000944:	003e      	movs	r6, r7
20000946:	e63a      	b.n	200005be <dcd_rp2040_irq+0xae>
20000948:	0020      	movs	r0, r4
2000094a:	2200      	movs	r2, #0
2000094c:	30a0      	adds	r0, #160	@ 0xa0
2000094e:	54e2      	strb	r2, [r4, r3]
20000950:	003e      	movs	r6, r7
20000952:	f000 f99b 	bl	20000c8c <hw_endpoint_start_next_buffer>
20000956:	e5fc      	b.n	20000552 <dcd_rp2040_irq+0x42>
20000958:	0020      	movs	r0, r4
2000095a:	2200      	movs	r2, #0
2000095c:	3060      	adds	r0, #96	@ 0x60
2000095e:	54e2      	strb	r2, [r4, r3]
20000960:	003e      	movs	r6, r7
20000962:	f000 f993 	bl	20000c8c <hw_endpoint_start_next_buffer>
20000966:	e5ef      	b.n	20000548 <dcd_rp2040_irq+0x38>
20000968:	2200      	movs	r2, #0
2000096a:	54e2      	strb	r2, [r4, r3]
2000096c:	3b1c      	subs	r3, #28
2000096e:	18e0      	adds	r0, r4, r3
20000970:	f000 f98c 	bl	20000c8c <hw_endpoint_start_next_buffer>
20000974:	003e      	movs	r6, r7
20000976:	e618      	b.n	200005aa <dcd_rp2040_irq+0x9a>
20000978:	2200      	movs	r2, #0
2000097a:	54e2      	strb	r2, [r4, r3]
2000097c:	3b1c      	subs	r3, #28
2000097e:	18e0      	adds	r0, r4, r3
20000980:	f000 f984 	bl	20000c8c <hw_endpoint_start_next_buffer>
20000984:	003e      	movs	r6, r7
20000986:	e606      	b.n	20000596 <dcd_rp2040_irq+0x86>
20000988:	2200      	movs	r2, #0
2000098a:	54e2      	strb	r2, [r4, r3]
2000098c:	3b1c      	subs	r3, #28
2000098e:	18e0      	adds	r0, r4, r3
20000990:	f000 f97c 	bl	20000c8c <hw_endpoint_start_next_buffer>
20000994:	003e      	movs	r6, r7
20000996:	e60d      	b.n	200005b4 <dcd_rp2040_irq+0xa4>
20000998:	0020      	movs	r0, r4
2000099a:	2200      	movs	r2, #0
2000099c:	30a1      	adds	r0, #161	@ 0xa1
2000099e:	30ff      	adds	r0, #255	@ 0xff
200009a0:	54e2      	strb	r2, [r4, r3]
200009a2:	003e      	movs	r6, r7
200009a4:	f000 f972 	bl	20000c8c <hw_endpoint_start_next_buffer>
200009a8:	e5ea      	b.n	20000580 <dcd_rp2040_irq+0x70>
200009aa:	0020      	movs	r0, r4
200009ac:	2200      	movs	r2, #0
200009ae:	3021      	adds	r0, #33	@ 0x21
200009b0:	30ff      	adds	r0, #255	@ 0xff
200009b2:	54e2      	strb	r2, [r4, r3]
200009b4:	003e      	movs	r6, r7
200009b6:	f000 f969 	bl	20000c8c <hw_endpoint_start_next_buffer>
200009ba:	e5d5      	b.n	20000568 <dcd_rp2040_irq+0x58>
200009bc:	2200      	movs	r2, #0
200009be:	54e2      	strb	r2, [r4, r3]
200009c0:	3b1c      	subs	r3, #28
200009c2:	18e0      	adds	r0, r4, r3
200009c4:	f000 f962 	bl	20000c8c <hw_endpoint_start_next_buffer>
200009c8:	003e      	movs	r6, r7
200009ca:	e5e9      	b.n	200005a0 <dcd_rp2040_irq+0x90>
200009cc:	0020      	movs	r0, r4
200009ce:	2200      	movs	r2, #0
200009d0:	3061      	adds	r0, #97	@ 0x61
200009d2:	30ff      	adds	r0, #255	@ 0xff
200009d4:	54e2      	strb	r2, [r4, r3]
200009d6:	003e      	movs	r6, r7
200009d8:	f000 f958 	bl	20000c8c <hw_endpoint_start_next_buffer>
200009dc:	e5ca      	b.n	20000574 <dcd_rp2040_irq+0x64>
200009de:	0020      	movs	r0, r4
200009e0:	2200      	movs	r2, #0
200009e2:	30e1      	adds	r0, #225	@ 0xe1
200009e4:	30ff      	adds	r0, #255	@ 0xff
200009e6:	54e2      	strb	r2, [r4, r3]
200009e8:	003e      	movs	r6, r7
200009ea:	f000 f94f 	bl	20000c8c <hw_endpoint_start_next_buffer>
200009ee:	e5cd      	b.n	2000058c <dcd_rp2040_irq+0x7c>
200009f0:	0020      	movs	r0, r4
200009f2:	2200      	movs	r2, #0
200009f4:	30e0      	adds	r0, #224	@ 0xe0
200009f6:	54e2      	strb	r2, [r4, r3]
200009f8:	003e      	movs	r6, r7
200009fa:	f000 f947 	bl	20000c8c <hw_endpoint_start_next_buffer>
200009fe:	e5ad      	b.n	2000055c <dcd_rp2040_irq+0x4c>
20000a00:	2200      	movs	r2, #0
20000a02:	54e2      	strb	r2, [r4, r3]
20000a04:	3b1c      	subs	r3, #28
20000a06:	18e0      	adds	r0, r4, r3
20000a08:	f000 f940 	bl	20000c8c <hw_endpoint_start_next_buffer>
20000a0c:	e754      	b.n	200008b8 <dcd_rp2040_irq+0x3a8>
20000a0e:	2200      	movs	r2, #0
20000a10:	54e2      	strb	r2, [r4, r3]
20000a12:	3b1c      	subs	r3, #28
20000a14:	18e0      	adds	r0, r4, r3
20000a16:	f000 f939 	bl	20000c8c <hw_endpoint_start_next_buffer>
20000a1a:	e782      	b.n	20000922 <dcd_rp2040_irq+0x412>
20000a1c:	0031      	movs	r1, r6
20000a1e:	480a      	ldr	r0, [pc, #40]	@ (20000a48 <dcd_rp2040_irq+0x538>)
20000a20:	4069      	eors	r1, r5
20000a22:	f000 fa7d 	bl	20000f20 <__panic_veneer>
20000a26:	46c0      	nop			@ (mov r8, r8)
20000a28:	0000023a 	.word	0x0000023a
20000a2c:	000002ba 	.word	0x000002ba
20000a30:	0000037a 	.word	0x0000037a
20000a34:	000003bb 	.word	0x000003bb
20000a38:	000003ba 	.word	0x000003ba
20000a3c:	000003fb 	.word	0x000003fb
20000a40:	000003fa 	.word	0x000003fa
20000a44:	0000033a 	.word	0x0000033a
20000a48:	10007a40 	.word	0x10007a40

20000a4c <prepare_ep_buffer>:
20000a4c:	b5f0      	push	{r4, r5, r6, r7, lr}
20000a4e:	468c      	mov	ip, r1
20000a50:	8a83      	ldrh	r3, [r0, #20]
20000a52:	8b01      	ldrh	r1, [r0, #24]
20000a54:	0002      	movs	r2, r0
20000a56:	b083      	sub	sp, #12
20000a58:	1c0e      	adds	r6, r1, #0
20000a5a:	4299      	cmp	r1, r3
20000a5c:	d900      	bls.n	20000a60 <prepare_ep_buffer+0x14>
20000a5e:	1c1e      	adds	r6, r3, #0
20000a60:	b2b6      	uxth	r6, r6
20000a62:	1b9b      	subs	r3, r3, r6
20000a64:	b29c      	uxth	r4, r3
20000a66:	78d3      	ldrb	r3, [r2, #3]
20000a68:	2180      	movs	r1, #128	@ 0x80
20000a6a:	0018      	movs	r0, r3
20000a6c:	1e45      	subs	r5, r0, #1
20000a6e:	41a8      	sbcs	r0, r5
20000a70:	00c9      	lsls	r1, r1, #3
20000a72:	4331      	orrs	r1, r6
20000a74:	0340      	lsls	r0, r0, #13
20000a76:	4308      	orrs	r0, r1
20000a78:	2101      	movs	r1, #1
20000a7a:	404b      	eors	r3, r1
20000a7c:	70d3      	strb	r3, [r2, #3]
20000a7e:	7853      	ldrb	r3, [r2, #1]
20000a80:	8294      	strh	r4, [r2, #20]
20000a82:	2b00      	cmp	r3, #0
20000a84:	d132      	bne.n	20000aec <prepare_ep_buffer+0xa0>
20000a86:	6911      	ldr	r1, [r2, #16]
20000a88:	2e00      	cmp	r6, #0
20000a8a:	d02a      	beq.n	20000ae2 <prepare_ep_buffer+0x96>
20000a8c:	4663      	mov	r3, ip
20000a8e:	68d4      	ldr	r4, [r2, #12]
20000a90:	019b      	lsls	r3, r3, #6
20000a92:	18e4      	adds	r4, r4, r3
20000a94:	1e73      	subs	r3, r6, #1
20000a96:	9301      	str	r3, [sp, #4]
20000a98:	2b06      	cmp	r3, #6
20000a9a:	d932      	bls.n	20000b02 <prepare_ep_buffer+0xb6>
20000a9c:	0023      	movs	r3, r4
20000a9e:	430b      	orrs	r3, r1
20000aa0:	079b      	lsls	r3, r3, #30
20000aa2:	d12e      	bne.n	20000b02 <prepare_ep_buffer+0xb6>
20000aa4:	1a63      	subs	r3, r4, r1
20000aa6:	3b01      	subs	r3, #1
20000aa8:	2b02      	cmp	r3, #2
20000aaa:	d92a      	bls.n	20000b02 <prepare_ep_buffer+0xb6>
20000aac:	2300      	movs	r3, #0
20000aae:	08b7      	lsrs	r7, r6, #2
20000ab0:	00bf      	lsls	r7, r7, #2
20000ab2:	58cd      	ldr	r5, [r1, r3]
20000ab4:	50e5      	str	r5, [r4, r3]
20000ab6:	3304      	adds	r3, #4
20000ab8:	42bb      	cmp	r3, r7
20000aba:	d1fa      	bne.n	20000ab2 <prepare_ep_buffer+0x66>
20000abc:	429e      	cmp	r6, r3
20000abe:	d00e      	beq.n	20000ade <prepare_ep_buffer+0x92>
20000ac0:	9d01      	ldr	r5, [sp, #4]
20000ac2:	18e4      	adds	r4, r4, r3
20000ac4:	1aef      	subs	r7, r5, r3
20000ac6:	18cd      	adds	r5, r1, r3
20000ac8:	5cc9      	ldrb	r1, [r1, r3]
20000aca:	7021      	strb	r1, [r4, #0]
20000acc:	9901      	ldr	r1, [sp, #4]
20000ace:	4299      	cmp	r1, r3
20000ad0:	d005      	beq.n	20000ade <prepare_ep_buffer+0x92>
20000ad2:	786b      	ldrb	r3, [r5, #1]
20000ad4:	7063      	strb	r3, [r4, #1]
20000ad6:	2f01      	cmp	r7, #1
20000ad8:	d001      	beq.n	20000ade <prepare_ep_buffer+0x92>
20000ada:	78ab      	ldrb	r3, [r5, #2]
20000adc:	70a3      	strb	r3, [r4, #2]
20000ade:	6911      	ldr	r1, [r2, #16]
20000ae0:	8a94      	ldrh	r4, [r2, #20]
20000ae2:	2380      	movs	r3, #128	@ 0x80
20000ae4:	1989      	adds	r1, r1, r6
20000ae6:	021b      	lsls	r3, r3, #8
20000ae8:	6111      	str	r1, [r2, #16]
20000aea:	4318      	orrs	r0, r3
20000aec:	2c00      	cmp	r4, #0
20000aee:	d102      	bne.n	20000af6 <prepare_ep_buffer+0xaa>
20000af0:	2380      	movs	r3, #128	@ 0x80
20000af2:	01db      	lsls	r3, r3, #7
20000af4:	4318      	orrs	r0, r3
20000af6:	4663      	mov	r3, ip
20000af8:	2b00      	cmp	r3, #0
20000afa:	d000      	beq.n	20000afe <prepare_ep_buffer+0xb2>
20000afc:	0400      	lsls	r0, r0, #16
20000afe:	b003      	add	sp, #12
20000b00:	bdf0      	pop	{r4, r5, r6, r7, pc}
20000b02:	2300      	movs	r3, #0
20000b04:	5ccd      	ldrb	r5, [r1, r3]
20000b06:	54e5      	strb	r5, [r4, r3]
20000b08:	3301      	adds	r3, #1
20000b0a:	429e      	cmp	r6, r3
20000b0c:	d1fa      	bne.n	20000b04 <prepare_ep_buffer+0xb8>
20000b0e:	e7e6      	b.n	20000ade <prepare_ep_buffer+0x92>

20000b10 <sync_ep_buffer>:
20000b10:	6883      	ldr	r3, [r0, #8]
20000b12:	b5f0      	push	{r4, r5, r6, r7, lr}
20000b14:	681a      	ldr	r2, [r3, #0]
20000b16:	2900      	cmp	r1, #0
20000b18:	d000      	beq.n	20000b1c <sync_ep_buffer+0xc>
20000b1a:	0c12      	lsrs	r2, r2, #16
20000b1c:	7843      	ldrb	r3, [r0, #1]
20000b1e:	0592      	lsls	r2, r2, #22
20000b20:	0d95      	lsrs	r5, r2, #22
20000b22:	2b00      	cmp	r3, #0
20000b24:	d109      	bne.n	20000b3a <sync_ep_buffer+0x2a>
20000b26:	8ac3      	ldrh	r3, [r0, #22]
20000b28:	18eb      	adds	r3, r5, r3
20000b2a:	82c3      	strh	r3, [r0, #22]
20000b2c:	8b03      	ldrh	r3, [r0, #24]
20000b2e:	42ab      	cmp	r3, r5
20000b30:	d901      	bls.n	20000b36 <sync_ep_buffer+0x26>
20000b32:	2300      	movs	r3, #0
20000b34:	8283      	strh	r3, [r0, #20]
20000b36:	0028      	movs	r0, r5
20000b38:	bdf0      	pop	{r4, r5, r6, r7, pc}
20000b3a:	6904      	ldr	r4, [r0, #16]
20000b3c:	2d00      	cmp	r5, #0
20000b3e:	d028      	beq.n	20000b92 <sync_ep_buffer+0x82>
20000b40:	68c3      	ldr	r3, [r0, #12]
20000b42:	0189      	lsls	r1, r1, #6
20000b44:	1e6f      	subs	r7, r5, #1
20000b46:	46bc      	mov	ip, r7
20000b48:	185e      	adds	r6, r3, r1
20000b4a:	2f06      	cmp	r7, #6
20000b4c:	d927      	bls.n	20000b9e <sync_ep_buffer+0x8e>
20000b4e:	3101      	adds	r1, #1
20000b50:	185b      	adds	r3, r3, r1
20000b52:	1ae3      	subs	r3, r4, r3
20000b54:	2b02      	cmp	r3, #2
20000b56:	d922      	bls.n	20000b9e <sync_ep_buffer+0x8e>
20000b58:	0023      	movs	r3, r4
20000b5a:	4333      	orrs	r3, r6
20000b5c:	079b      	lsls	r3, r3, #30
20000b5e:	d11e      	bne.n	20000b9e <sync_ep_buffer+0x8e>
20000b60:	2300      	movs	r3, #0
20000b62:	0e12      	lsrs	r2, r2, #24
20000b64:	0092      	lsls	r2, r2, #2
20000b66:	58f1      	ldr	r1, [r6, r3]
20000b68:	50e1      	str	r1, [r4, r3]
20000b6a:	3304      	adds	r3, #4
20000b6c:	429a      	cmp	r2, r3
20000b6e:	d1fa      	bne.n	20000b66 <sync_ep_buffer+0x56>
20000b70:	4295      	cmp	r5, r2
20000b72:	d00d      	beq.n	20000b90 <sync_ep_buffer+0x80>
20000b74:	4663      	mov	r3, ip
20000b76:	1a9f      	subs	r7, r3, r2
20000b78:	18a3      	adds	r3, r4, r2
20000b7a:	5cb4      	ldrb	r4, [r6, r2]
20000b7c:	18b1      	adds	r1, r6, r2
20000b7e:	701c      	strb	r4, [r3, #0]
20000b80:	4594      	cmp	ip, r2
20000b82:	d005      	beq.n	20000b90 <sync_ep_buffer+0x80>
20000b84:	784a      	ldrb	r2, [r1, #1]
20000b86:	705a      	strb	r2, [r3, #1]
20000b88:	2f01      	cmp	r7, #1
20000b8a:	d001      	beq.n	20000b90 <sync_ep_buffer+0x80>
20000b8c:	788a      	ldrb	r2, [r1, #2]
20000b8e:	709a      	strb	r2, [r3, #2]
20000b90:	6904      	ldr	r4, [r0, #16]
20000b92:	8ac3      	ldrh	r3, [r0, #22]
20000b94:	1964      	adds	r4, r4, r5
20000b96:	18eb      	adds	r3, r5, r3
20000b98:	82c3      	strh	r3, [r0, #22]
20000b9a:	6104      	str	r4, [r0, #16]
20000b9c:	e7c6      	b.n	20000b2c <sync_ep_buffer+0x1c>
20000b9e:	2200      	movs	r2, #0
20000ba0:	5cb3      	ldrb	r3, [r6, r2]
20000ba2:	54a3      	strb	r3, [r4, r2]
20000ba4:	3201      	adds	r2, #1
20000ba6:	4295      	cmp	r5, r2
20000ba8:	d1fa      	bne.n	20000ba0 <sync_ep_buffer+0x90>
20000baa:	6904      	ldr	r4, [r0, #16]
20000bac:	e7f1      	b.n	20000b92 <sync_ep_buffer+0x82>
20000bae:	46c0      	nop			@ (mov r8, r8)

20000bb0 <_hw_endpoint_xfer_sync>:
20000bb0:	b510      	push	{r4, lr}
20000bb2:	0004      	movs	r4, r0
20000bb4:	6883      	ldr	r3, [r0, #8]
20000bb6:	2100      	movs	r1, #0
20000bb8:	681b      	ldr	r3, [r3, #0]
20000bba:	f7ff ffa9 	bl	20000b10 <sync_ep_buffer>
20000bbe:	6863      	ldr	r3, [r4, #4]
20000bc0:	681b      	ldr	r3, [r3, #0]
20000bc2:	005b      	lsls	r3, r3, #1
20000bc4:	d502      	bpl.n	20000bcc <_hw_endpoint_xfer_sync+0x1c>
20000bc6:	8b23      	ldrh	r3, [r4, #24]
20000bc8:	4283      	cmp	r3, r0
20000bca:	d000      	beq.n	20000bce <_hw_endpoint_xfer_sync+0x1e>
20000bcc:	bd10      	pop	{r4, pc}
20000bce:	2101      	movs	r1, #1
20000bd0:	0020      	movs	r0, r4
20000bd2:	f7ff ff9d 	bl	20000b10 <sync_ep_buffer>
20000bd6:	e7f9      	b.n	20000bcc <_hw_endpoint_xfer_sync+0x1c>

20000bd8 <e15_is_bulkin_ep>:
20000bd8:	4b08      	ldr	r3, [pc, #32]	@ (20000bfc <e15_is_bulkin_ep+0x24>)
20000bda:	6c1a      	ldr	r2, [r3, #64]	@ 0x40
20000bdc:	2300      	movs	r3, #0
20000bde:	0792      	lsls	r2, r2, #30
20000be0:	d403      	bmi.n	20000bea <e15_is_bulkin_ep+0x12>
20000be2:	7882      	ldrb	r2, [r0, #2]
20000be4:	09d2      	lsrs	r2, r2, #7
20000be6:	2a01      	cmp	r2, #1
20000be8:	d001      	beq.n	20000bee <e15_is_bulkin_ep+0x16>
20000bea:	0018      	movs	r0, r3
20000bec:	4770      	bx	lr
20000bee:	7ec3      	ldrb	r3, [r0, #27]
20000bf0:	3b02      	subs	r3, #2
20000bf2:	425a      	negs	r2, r3
20000bf4:	4153      	adcs	r3, r2
20000bf6:	b2db      	uxtb	r3, r3
20000bf8:	e7f7      	b.n	20000bea <e15_is_bulkin_ep+0x12>
20000bfa:	46c0      	nop			@ (mov r8, r8)
20000bfc:	50110000 	.word	0x50110000

20000c00 <e15_is_critical_frame_period>:
20000c00:	b510      	push	{r4, lr}
20000c02:	f7ff ffe9 	bl	20000bd8 <e15_is_bulkin_ep>
20000c06:	2800      	cmp	r0, #0
20000c08:	d00a      	beq.n	20000c20 <e15_is_critical_frame_period+0x20>
20000c0a:	4b06      	ldr	r3, [pc, #24]	@ (20000c24 <e15_is_critical_frame_period+0x24>)
20000c0c:	4a06      	ldr	r2, [pc, #24]	@ (20000c28 <e15_is_critical_frame_period+0x28>)
20000c0e:	6a9b      	ldr	r3, [r3, #40]	@ 0x28
20000c10:	4906      	ldr	r1, [pc, #24]	@ (20000c2c <e15_is_critical_frame_period+0x2c>)
20000c12:	6812      	ldr	r2, [r2, #0]
20000c14:	185b      	adds	r3, r3, r1
20000c16:	1a9b      	subs	r3, r3, r2
20000c18:	2000      	movs	r0, #0
20000c1a:	22c6      	movs	r2, #198	@ 0xc6
20000c1c:	429a      	cmp	r2, r3
20000c1e:	4140      	adcs	r0, r0
20000c20:	bd10      	pop	{r4, pc}
20000c22:	46c0      	nop			@ (mov r8, r8)
20000c24:	40054000 	.word	0x40054000
20000c28:	20001a5c 	.word	0x20001a5c
20000c2c:	fffffce0 	.word	0xfffffce0

20000c30 <hw_endpoint_reset_transfer>:
20000c30:	2300      	movs	r3, #0
20000c32:	7683      	strb	r3, [r0, #26]
20000c34:	6143      	str	r3, [r0, #20]
20000c36:	6103      	str	r3, [r0, #16]
20000c38:	4770      	bx	lr
20000c3a:	46c0      	nop			@ (mov r8, r8)

20000c3c <_hw_endpoint_buffer_control_update32>:
20000c3c:	b510      	push	{r4, lr}
20000c3e:	6883      	ldr	r3, [r0, #8]
20000c40:	2900      	cmp	r1, #0
20000c42:	d001      	beq.n	20000c48 <_hw_endpoint_buffer_control_update32+0xc>
20000c44:	681c      	ldr	r4, [r3, #0]
20000c46:	4021      	ands	r1, r4
20000c48:	2a00      	cmp	r2, #0
20000c4a:	d012      	beq.n	20000c72 <_hw_endpoint_buffer_control_update32+0x36>
20000c4c:	2480      	movs	r4, #128	@ 0x80
20000c4e:	00e4      	lsls	r4, r4, #3
20000c50:	4311      	orrs	r1, r2
20000c52:	4222      	tst	r2, r4
20000c54:	d00d      	beq.n	20000c72 <_hw_endpoint_buffer_control_update32+0x36>
20000c56:	681a      	ldr	r2, [r3, #0]
20000c58:	4222      	tst	r2, r4
20000c5a:	d10c      	bne.n	20000c76 <_hw_endpoint_buffer_control_update32+0x3a>
20000c5c:	4a08      	ldr	r2, [pc, #32]	@ (20000c80 <_hw_endpoint_buffer_control_update32+0x44>)
20000c5e:	400a      	ands	r2, r1
20000c60:	601a      	str	r2, [r3, #0]
20000c62:	4a08      	ldr	r2, [pc, #32]	@ (20000c84 <_hw_endpoint_buffer_control_update32+0x48>)
20000c64:	6c12      	ldr	r2, [r2, #64]	@ 0x40
20000c66:	0792      	lsls	r2, r2, #30
20000c68:	d403      	bmi.n	20000c72 <_hw_endpoint_buffer_control_update32+0x36>
20000c6a:	230c      	movs	r3, #12
20000c6c:	3b03      	subs	r3, #3
20000c6e:	d2fd      	bcs.n	20000c6c <_hw_endpoint_buffer_control_update32+0x30>
20000c70:	6883      	ldr	r3, [r0, #8]
20000c72:	6019      	str	r1, [r3, #0]
20000c74:	bd10      	pop	{r4, pc}
20000c76:	7881      	ldrb	r1, [r0, #2]
20000c78:	4803      	ldr	r0, [pc, #12]	@ (20000c88 <_hw_endpoint_buffer_control_update32+0x4c>)
20000c7a:	f000 f951 	bl	20000f20 <__panic_veneer>
20000c7e:	46c0      	nop			@ (mov r8, r8)
20000c80:	fffffbff 	.word	0xfffffbff
20000c84:	50110000 	.word	0x50110000
20000c88:	10007a54 	.word	0x10007a54

20000c8c <hw_endpoint_start_next_buffer>:
20000c8c:	6843      	ldr	r3, [r0, #4]
20000c8e:	b570      	push	{r4, r5, r6, lr}
20000c90:	2100      	movs	r1, #0
20000c92:	2580      	movs	r5, #128	@ 0x80
20000c94:	0004      	movs	r4, r0
20000c96:	681e      	ldr	r6, [r3, #0]
20000c98:	f7ff fed8 	bl	20000a4c <prepare_ep_buffer>
20000c9c:	4b12      	ldr	r3, [pc, #72]	@ (20000ce8 <hw_endpoint_start_next_buffer+0x5c>)
20000c9e:	016d      	lsls	r5, r5, #5
20000ca0:	6c1a      	ldr	r2, [r3, #64]	@ 0x40
20000ca2:	4305      	orrs	r5, r0
20000ca4:	78a3      	ldrb	r3, [r4, #2]
20000ca6:	0792      	lsls	r2, r2, #30
20000ca8:	d50e      	bpl.n	20000cc8 <hw_endpoint_start_next_buffer+0x3c>
20000caa:	065b      	lsls	r3, r3, #25
20000cac:	d00e      	beq.n	20000ccc <hw_endpoint_start_next_buffer+0x40>
20000cae:	4b0f      	ldr	r3, [pc, #60]	@ (20000cec <hw_endpoint_start_next_buffer+0x60>)
20000cb0:	401e      	ands	r6, r3
20000cb2:	2380      	movs	r3, #128	@ 0x80
20000cb4:	059b      	lsls	r3, r3, #22
20000cb6:	4333      	orrs	r3, r6
20000cb8:	6862      	ldr	r2, [r4, #4]
20000cba:	2100      	movs	r1, #0
20000cbc:	6013      	str	r3, [r2, #0]
20000cbe:	0020      	movs	r0, r4
20000cc0:	002a      	movs	r2, r5
20000cc2:	f7ff ffbb 	bl	20000c3c <_hw_endpoint_buffer_control_update32>
20000cc6:	bd70      	pop	{r4, r5, r6, pc}
20000cc8:	09db      	lsrs	r3, r3, #7
20000cca:	d0f0      	beq.n	20000cae <hw_endpoint_start_next_buffer+0x22>
20000ccc:	8aa3      	ldrh	r3, [r4, #20]
20000cce:	2b00      	cmp	r3, #0
20000cd0:	d0ed      	beq.n	20000cae <hw_endpoint_start_next_buffer+0x22>
20000cd2:	2101      	movs	r1, #1
20000cd4:	0020      	movs	r0, r4
20000cd6:	f7ff feb9 	bl	20000a4c <prepare_ep_buffer>
20000cda:	23a0      	movs	r3, #160	@ 0xa0
20000cdc:	4a04      	ldr	r2, [pc, #16]	@ (20000cf0 <hw_endpoint_start_next_buffer+0x64>)
20000cde:	05db      	lsls	r3, r3, #23
20000ce0:	4032      	ands	r2, r6
20000ce2:	4305      	orrs	r5, r0
20000ce4:	4313      	orrs	r3, r2
20000ce6:	e7e7      	b.n	20000cb8 <hw_endpoint_start_next_buffer+0x2c>
20000ce8:	50110000 	.word	0x50110000
20000cec:	afffffff 	.word	0xafffffff
20000cf0:	dfffffff 	.word	0xdfffffff

20000cf4 <hw_endpoint_xfer_continue>:
20000cf4:	b570      	push	{r4, r5, r6, lr}
20000cf6:	7e85      	ldrb	r5, [r0, #26]
20000cf8:	0004      	movs	r4, r0
20000cfa:	2d00      	cmp	r5, #0
20000cfc:	d014      	beq.n	20000d28 <hw_endpoint_xfer_continue+0x34>
20000cfe:	f7ff ff57 	bl	20000bb0 <_hw_endpoint_xfer_sync>
20000d02:	8aa3      	ldrh	r3, [r4, #20]
20000d04:	2b00      	cmp	r3, #0
20000d06:	d101      	bne.n	20000d0c <hw_endpoint_xfer_continue+0x18>
20000d08:	0028      	movs	r0, r5
20000d0a:	bd70      	pop	{r4, r5, r6, pc}
20000d0c:	0020      	movs	r0, r4
20000d0e:	f7ff ff77 	bl	20000c00 <e15_is_critical_frame_period>
20000d12:	2800      	cmp	r0, #0
20000d14:	d003      	beq.n	20000d1e <hw_endpoint_xfer_continue+0x2a>
20000d16:	2301      	movs	r3, #1
20000d18:	2500      	movs	r5, #0
20000d1a:	7723      	strb	r3, [r4, #28]
20000d1c:	e7f4      	b.n	20000d08 <hw_endpoint_xfer_continue+0x14>
20000d1e:	0020      	movs	r0, r4
20000d20:	f7ff ffb4 	bl	20000c8c <hw_endpoint_start_next_buffer>
20000d24:	2500      	movs	r5, #0
20000d26:	e7ef      	b.n	20000d08 <hw_endpoint_xfer_continue+0x14>
20000d28:	7881      	ldrb	r1, [r0, #2]
20000d2a:	4801      	ldr	r0, [pc, #4]	@ (20000d30 <hw_endpoint_xfer_continue+0x3c>)
20000d2c:	f000 f8f8 	bl	20000f20 <__panic_veneer>
20000d30:	10007a74 	.word	0x10007a74

20000d34 <dcd_event_handler>:
20000d34:	b5f0      	push	{r4, r5, r6, r7, lr}
20000d36:	4647      	mov	r7, r8
20000d38:	46ce      	mov	lr, r9
20000d3a:	b580      	push	{r7, lr}
20000d3c:	7843      	ldrb	r3, [r0, #1]
20000d3e:	0005      	movs	r5, r0
20000d40:	000f      	movs	r7, r1
20000d42:	b085      	sub	sp, #20
20000d44:	2b06      	cmp	r3, #6
20000d46:	d807      	bhi.n	20000d58 <dcd_event_handler+0x24>
20000d48:	4a68      	ldr	r2, [pc, #416]	@ (20000eec <dcd_event_handler+0x1b8>)
20000d4a:	009b      	lsls	r3, r3, #2
20000d4c:	58d3      	ldr	r3, [r2, r3]
20000d4e:	469f      	mov	pc, r3
20000d50:	4a67      	ldr	r2, [pc, #412]	@ (20000ef0 <dcd_event_handler+0x1bc>)
20000d52:	7813      	ldrb	r3, [r2, #0]
20000d54:	3301      	adds	r3, #1
20000d56:	7013      	strb	r3, [r2, #0]
20000d58:	4b66      	ldr	r3, [pc, #408]	@ (20000ef4 <dcd_event_handler+0x1c0>)
20000d5a:	681c      	ldr	r4, [r3, #0]
20000d5c:	6962      	ldr	r2, [r4, #20]
20000d5e:	f3ef 8110 	mrs	r1, PRIMASK
20000d62:	b672      	cpsid	i
20000d64:	6813      	ldr	r3, [r2, #0]
20000d66:	2b00      	cmp	r3, #0
20000d68:	d0fc      	beq.n	20000d64 <dcd_event_handler+0x30>
20000d6a:	f3bf 8f5f 	dmb	sy
20000d6e:	61a1      	str	r1, [r4, #24]
20000d70:	0020      	movs	r0, r4
20000d72:	0029      	movs	r1, r5
20000d74:	f000 f8f4 	bl	20000f60 <__tu_fifo_write_veneer>
20000d78:	6962      	ldr	r2, [r4, #20]
20000d7a:	69a3      	ldr	r3, [r4, #24]
20000d7c:	f3bf 8f5f 	dmb	sy
20000d80:	2100      	movs	r1, #0
20000d82:	6011      	str	r1, [r2, #0]
20000d84:	f383 8810 	msr	PRIMASK, r3
20000d88:	2800      	cmp	r0, #0
20000d8a:	d104      	bne.n	20000d96 <dcd_event_handler+0x62>
20000d8c:	b005      	add	sp, #20
20000d8e:	bcc0      	pop	{r6, r7}
20000d90:	46b9      	mov	r9, r7
20000d92:	46b0      	mov	r8, r6
20000d94:	bdf0      	pop	{r4, r5, r6, r7, pc}
20000d96:	003a      	movs	r2, r7
20000d98:	7869      	ldrb	r1, [r5, #1]
20000d9a:	7828      	ldrb	r0, [r5, #0]
20000d9c:	f000 f8f0 	bl	20000f80 <__tud_event_hook_cb_veneer>
20000da0:	e7f4      	b.n	20000d8c <dcd_event_handler+0x58>
20000da2:	2101      	movs	r1, #1
20000da4:	4b54      	ldr	r3, [pc, #336]	@ (20000ef8 <dcd_event_handler+0x1c4>)
20000da6:	781a      	ldrb	r2, [r3, #0]
20000da8:	438a      	bics	r2, r1
20000daa:	701a      	strb	r2, [r3, #0]
20000dac:	781a      	ldrb	r2, [r3, #0]
20000dae:	3101      	adds	r1, #1
20000db0:	438a      	bics	r2, r1
20000db2:	701a      	strb	r2, [r3, #0]
20000db4:	2200      	movs	r2, #0
20000db6:	705a      	strb	r2, [r3, #1]
20000db8:	781a      	ldrb	r2, [r3, #0]
20000dba:	3102      	adds	r1, #2
20000dbc:	438a      	bics	r2, r1
20000dbe:	701a      	strb	r2, [r3, #0]
20000dc0:	e7ca      	b.n	20000d58 <dcd_event_handler+0x24>
20000dc2:	4b4e      	ldr	r3, [pc, #312]	@ (20000efc <dcd_event_handler+0x1c8>)
20000dc4:	2400      	movs	r4, #0
20000dc6:	001e      	movs	r6, r3
20000dc8:	781a      	ldrb	r2, [r3, #0]
20000dca:	4b4d      	ldr	r3, [pc, #308]	@ (20000f00 <dcd_event_handler+0x1cc>)
20000dcc:	4698      	mov	r8, r3
20000dce:	4b4d      	ldr	r3, [pc, #308]	@ (20000f04 <dcd_event_handler+0x1d0>)
20000dd0:	4699      	mov	r9, r3
20000dd2:	e010      	b.n	20000df6 <dcd_event_handler+0xc2>
20000dd4:	464b      	mov	r3, r9
20000dd6:	681b      	ldr	r3, [r3, #0]
20000dd8:	0161      	lsls	r1, r4, #5
20000dda:	185b      	adds	r3, r3, r1
20000ddc:	2b00      	cmp	r3, #0
20000dde:	d006      	beq.n	20000dee <dcd_event_handler+0xba>
20000de0:	69db      	ldr	r3, [r3, #28]
20000de2:	2b00      	cmp	r3, #0
20000de4:	d003      	beq.n	20000dee <dcd_event_handler+0xba>
20000de6:	6869      	ldr	r1, [r5, #4]
20000de8:	7828      	ldrb	r0, [r5, #0]
20000dea:	4798      	blx	r3
20000dec:	7832      	ldrb	r2, [r6, #0]
20000dee:	3401      	adds	r4, #1
20000df0:	b2e4      	uxtb	r4, r4
20000df2:	4294      	cmp	r4, r2
20000df4:	d817      	bhi.n	20000e26 <dcd_event_handler+0xf2>
20000df6:	42a2      	cmp	r2, r4
20000df8:	d8ec      	bhi.n	20000dd4 <dcd_event_handler+0xa0>
20000dfa:	1aa3      	subs	r3, r4, r2
20000dfc:	015b      	lsls	r3, r3, #5
20000dfe:	4443      	add	r3, r8
20000e00:	e7ee      	b.n	20000de0 <dcd_event_handler+0xac>
20000e02:	4b3d      	ldr	r3, [pc, #244]	@ (20000ef8 <dcd_event_handler+0x1c4>)
20000e04:	781a      	ldrb	r2, [r3, #0]
20000e06:	07d2      	lsls	r2, r2, #31
20000e08:	d5c0      	bpl.n	20000d8c <dcd_event_handler+0x58>
20000e0a:	2104      	movs	r1, #4
20000e0c:	781a      	ldrb	r2, [r3, #0]
20000e0e:	430a      	orrs	r2, r1
20000e10:	701a      	strb	r2, [r3, #0]
20000e12:	e7a1      	b.n	20000d58 <dcd_event_handler+0x24>
20000e14:	4b38      	ldr	r3, [pc, #224]	@ (20000ef8 <dcd_event_handler+0x1c4>)
20000e16:	781a      	ldrb	r2, [r3, #0]
20000e18:	07d2      	lsls	r2, r2, #31
20000e1a:	d5b7      	bpl.n	20000d8c <dcd_event_handler+0x58>
20000e1c:	2104      	movs	r1, #4
20000e1e:	781a      	ldrb	r2, [r3, #0]
20000e20:	438a      	bics	r2, r1
20000e22:	701a      	strb	r2, [r3, #0]
20000e24:	e798      	b.n	20000d58 <dcd_event_handler+0x24>
20000e26:	4a34      	ldr	r2, [pc, #208]	@ (20000ef8 <dcd_event_handler+0x1c4>)
20000e28:	7813      	ldrb	r3, [r2, #0]
20000e2a:	4690      	mov	r8, r2
20000e2c:	0011      	movs	r1, r2
20000e2e:	075b      	lsls	r3, r3, #29
20000e30:	d528      	bpl.n	20000e84 <dcd_event_handler+0x150>
20000e32:	7813      	ldrb	r3, [r2, #0]
20000e34:	2204      	movs	r2, #4
20000e36:	ac01      	add	r4, sp, #4
20000e38:	4393      	bics	r3, r2
20000e3a:	700b      	strb	r3, [r1, #0]
20000e3c:	0020      	movs	r0, r4
20000e3e:	2100      	movs	r1, #0
20000e40:	3208      	adds	r2, #8
20000e42:	f000 f885 	bl	20000f50 <____wrap_memset_veneer>
20000e46:	782b      	ldrb	r3, [r5, #0]
20000e48:	7023      	strb	r3, [r4, #0]
20000e4a:	2305      	movs	r3, #5
20000e4c:	7063      	strb	r3, [r4, #1]
20000e4e:	4b29      	ldr	r3, [pc, #164]	@ (20000ef4 <dcd_event_handler+0x1c0>)
20000e50:	681b      	ldr	r3, [r3, #0]
20000e52:	0018      	movs	r0, r3
20000e54:	695a      	ldr	r2, [r3, #20]
20000e56:	f3ef 8110 	mrs	r1, PRIMASK
20000e5a:	b672      	cpsid	i
20000e5c:	6813      	ldr	r3, [r2, #0]
20000e5e:	2b00      	cmp	r3, #0
20000e60:	d0fc      	beq.n	20000e5c <dcd_event_handler+0x128>
20000e62:	f3bf 8f5f 	dmb	sy
20000e66:	0006      	movs	r6, r0
20000e68:	6181      	str	r1, [r0, #24]
20000e6a:	0021      	movs	r1, r4
20000e6c:	f000 f878 	bl	20000f60 <__tu_fifo_write_veneer>
20000e70:	6972      	ldr	r2, [r6, #20]
20000e72:	69b3      	ldr	r3, [r6, #24]
20000e74:	f3bf 8f5f 	dmb	sy
20000e78:	2100      	movs	r1, #0
20000e7a:	6011      	str	r1, [r2, #0]
20000e7c:	f383 8810 	msr	PRIMASK, r3
20000e80:	2800      	cmp	r0, #0
20000e82:	d12c      	bne.n	20000ede <dcd_event_handler+0x1aa>
20000e84:	4643      	mov	r3, r8
20000e86:	78db      	ldrb	r3, [r3, #3]
20000e88:	07db      	lsls	r3, r3, #31
20000e8a:	d400      	bmi.n	20000e8e <dcd_event_handler+0x15a>
20000e8c:	e77e      	b.n	20000d8c <dcd_event_handler+0x58>
20000e8e:	782b      	ldrb	r3, [r5, #0]
20000e90:	ac01      	add	r4, sp, #4
20000e92:	7023      	strb	r3, [r4, #0]
20000e94:	2303      	movs	r3, #3
20000e96:	7063      	strb	r3, [r4, #1]
20000e98:	686b      	ldr	r3, [r5, #4]
20000e9a:	6063      	str	r3, [r4, #4]
20000e9c:	4b15      	ldr	r3, [pc, #84]	@ (20000ef4 <dcd_event_handler+0x1c0>)
20000e9e:	681d      	ldr	r5, [r3, #0]
20000ea0:	696a      	ldr	r2, [r5, #20]
20000ea2:	f3ef 8110 	mrs	r1, PRIMASK
20000ea6:	b672      	cpsid	i
20000ea8:	6813      	ldr	r3, [r2, #0]
20000eaa:	2b00      	cmp	r3, #0
20000eac:	d0fc      	beq.n	20000ea8 <dcd_event_handler+0x174>
20000eae:	f3bf 8f5f 	dmb	sy
20000eb2:	61a9      	str	r1, [r5, #24]
20000eb4:	0028      	movs	r0, r5
20000eb6:	0021      	movs	r1, r4
20000eb8:	f000 f852 	bl	20000f60 <__tu_fifo_write_veneer>
20000ebc:	696a      	ldr	r2, [r5, #20]
20000ebe:	69ab      	ldr	r3, [r5, #24]
20000ec0:	f3bf 8f5f 	dmb	sy
20000ec4:	2100      	movs	r1, #0
20000ec6:	6011      	str	r1, [r2, #0]
20000ec8:	f383 8810 	msr	PRIMASK, r3
20000ecc:	2800      	cmp	r0, #0
20000ece:	d100      	bne.n	20000ed2 <dcd_event_handler+0x19e>
20000ed0:	e75c      	b.n	20000d8c <dcd_event_handler+0x58>
20000ed2:	003a      	movs	r2, r7
20000ed4:	7861      	ldrb	r1, [r4, #1]
20000ed6:	7820      	ldrb	r0, [r4, #0]
20000ed8:	f000 f852 	bl	20000f80 <__tud_event_hook_cb_veneer>
20000edc:	e756      	b.n	20000d8c <dcd_event_handler+0x58>
20000ede:	003a      	movs	r2, r7
20000ee0:	7861      	ldrb	r1, [r4, #1]
20000ee2:	7820      	ldrb	r0, [r4, #0]
20000ee4:	f000 f84c 	bl	20000f80 <__tud_event_hook_cb_veneer>
20000ee8:	e7cc      	b.n	20000e84 <dcd_event_handler+0x150>
20000eea:	46c0      	nop			@ (mov r8, r8)
20000eec:	10007f04 	.word	0x10007f04
20000ef0:	20001ebb 	.word	0x20001ebb
20000ef4:	20001628 	.word	0x20001628
20000ef8:	200015d0 	.word	0x200015d0
20000efc:	20001eb9 	.word	0x20001eb9
20000f00:	10007f20 	.word	0x10007f20
20000f04:	200014e8 	.word	0x200014e8

20000f08 <__aeabi_idiv0>:
20000f08:	4770      	bx	lr
20000f0a:	46c0      	nop			@ (mov r8, r8)
20000f0c:	0000      	movs	r0, r0
	...

20000f10 <____wrap___aeabi_lmul_veneer>:
20000f10:	b401      	push	{r0}
20000f12:	4802      	ldr	r0, [pc, #8]	@ (20000f1c <____wrap___aeabi_lmul_veneer+0xc>)
20000f14:	4684      	mov	ip, r0
20000f16:	bc01      	pop	{r0}
20000f18:	4760      	bx	ip
20000f1a:	bf00      	nop
20000f1c:	10002a29 	.word	0x10002a29

20000f20 <__panic_veneer>:
20000f20:	b401      	push	{r0}
20000f22:	4802      	ldr	r0, [pc, #8]	@ (20000f2c <__panic_veneer+0xc>)
20000f24:	4684      	mov	ip, r0
20000f26:	bc01      	pop	{r0}
20000f28:	4760      	bx	ip
20000f2a:	bf00      	nop
20000f2c:	1000060d 	.word	0x1000060d

20000f30 <__best_effort_wfe_or_timeout_veneer>:
20000f30:	b401      	push	{r0}
20000f32:	4802      	ldr	r0, [pc, #8]	@ (20000f3c <__best_effort_wfe_or_timeout_veneer+0xc>)
20000f34:	4684      	mov	ip, r0
20000f36:	bc01      	pop	{r0}
20000f38:	4760      	bx	ip
20000f3a:	bf00      	nop
20000f3c:	10001455 	.word	0x10001455

20000f40 <__time_us_64_veneer>:
20000f40:	b401      	push	{r0}
20000f42:	4802      	ldr	r0, [pc, #8]	@ (20000f4c <__time_us_64_veneer+0xc>)
20000f44:	4684      	mov	ip, r0
20000f46:	bc01      	pop	{r0}
20000f48:	4760      	bx	ip
20000f4a:	bf00      	nop
20000f4c:	10001599 	.word	0x10001599

20000f50 <____wrap_memset_veneer>:
20000f50:	b401      	push	{r0}
20000f52:	4802      	ldr	r0, [pc, #8]	@ (20000f5c <____wrap_memset_veneer+0xc>)
20000f54:	4684      	mov	ip, r0
20000f56:	bc01      	pop	{r0}
20000f58:	4760      	bx	ip
20000f5a:	bf00      	nop
20000f5c:	10002b01 	.word	0x10002b01

20000f60 <__tu_fifo_write_veneer>:
20000f60:	b401      	push	{r0}
20000f62:	4802      	ldr	r0, [pc, #8]	@ (20000f6c <__tu_fifo_write_veneer+0xc>)
20000f64:	4684      	mov	ip, r0
20000f66:	bc01      	pop	{r0}
20000f68:	4760      	bx	ip
20000f6a:	bf00      	nop
20000f6c:	10006901 	.word	0x10006901

20000f70 <__rp2040_chip_version_veneer>:
20000f70:	b401      	push	{r0}
20000f72:	4802      	ldr	r0, [pc, #8]	@ (20000f7c <__rp2040_chip_version_veneer+0xc>)
20000f74:	4684      	mov	ip, r0
20000f76:	bc01      	pop	{r0}
20000f78:	4760      	bx	ip
20000f7a:	bf00      	nop
20000f7c:	10000601 	.word	0x10000601

20000f80 <__tud_event_hook_cb_veneer>:
20000f80:	b401      	push	{r0}
20000f82:	4802      	ldr	r0, [pc, #8]	@ (20000f8c <__tud_event_hook_cb_veneer+0xc>)
20000f84:	4684      	mov	ip, r0
20000f86:	bc01      	pop	{r0}
20000f88:	4760      	bx	ip
20000f8a:	bf00      	nop
20000f8c:	10005355 	.word	0x10005355

20000f90 <striped_spin_lock_num>:
20000f90:	00000010                                ....

20000f94 <irq_handler_chain_slots>:
20000f94:	00000000 	.word	0x00000000
20000f98:	00010000 	.word	0x00010000
	...
20000fa4:	00020000 	.word	0x00020000
	...
20000fb0:	00030000 	.word	0x00030000
	...
20000fbc:	00040000 	.word	0x00040000
	...
20000fc8:	00050000 	.word	0x00050000
	...
20000fd4:	00ff0000 	.word	0x00ff0000
20000fd8:	00000000 	.word	0x00000000

20000fdc <irq_handler_chain_first_slot>:
20000fdc:	b501      	push	{r0, lr}
20000fde:	6848      	ldr	r0, [r1, #4]
20000fe0:	3101      	adds	r1, #1
20000fe2:	468e      	mov	lr, r1
20000fe4:	4700      	bx	r0

20000fe6 <irq_handler_chain_remove_tail>:
20000fe6:	4670      	mov	r0, lr
20000fe8:	3809      	subs	r0, #9
20000fea:	4901      	ldr	r1, [pc, #4]	@ (20000ff0 <irq_handler_chain_remove_tail+0xa>)
20000fec:	4788      	blx	r1
20000fee:	bd01      	pop	{r0, pc}
20000ff0:	10000be9 	.word	0x10000be9

20000ff4 <default_alarm_pool>:
	...
20001008:	20001160 00000000                       `.. ....

20001010 <aeabi_bits_funcs>:
20001010:	00003350 	.word	0x00003350
20001014:	0000334c 	.word	0x0000334c
20001018:	00003354 	.word	0x00003354
2000101c:	00003352 	.word	0x00003352

20001020 <aeabi_bits_funcs_end>:
20001020:	0000534d 	.word	0x0000534d
20001024:	0000434d 	.word	0x0000434d
20001028:	00003453 	.word	0x00003453
2000102c:	00003443 	.word	0x00003443

20001030 <stdio_uart>:
20001030:	100046b1 100047b1 100046fd 100047c5     .F...G...F...G..
20001040:	00000000 00000100                       ........

20001048 <stdio_usb>:
20001048:	100049f9 100049ad 10004921 10004899     .I...I..!I...H..
20001058:	00000000 00000100                       ........

20001060 <_usbd_qdef>:
20001060:	2000162c 000c0010 00000000 00000000     ,.. ............
	...

2000107c <_usbd_rhport>:
2000107c:	000000ff                                ....

20001080 <i2c1_inst>:
20001080:	40048000 00000000                       ...@....

20001088 <i2c0_inst>:
20001088:	40044000 00000000                       .@.@....

20001090 <print_mutex>:
	...
