:020000041000EA
:1000000000B5324B212058609868022188439860DF
:10001000D860186158612E4B002199600221596106
:100020000121F02299502B49196001219960352056
:1000300000F044F80222904214D00621196600F024
:1000400034F8196E01211966002018661A6600F04E
:100050002CF8196E196E196E052000F02FF8012189
:100060000842F9D1002199601B49196000215960AB
:100070001A491B48016001219960EB211966A021F2
:10008000196600F012F800219960164914480160C1
:100090000121996001BC002800D000471248134993
:1000A000086003C880F30888084703B5996A0420EC
:1000B0000142FBD001200142F8D103BD02B5186610
:1000C0001866FFF7F2FF186E186E02BD00000240BE
:1000D000000000180000070000035F00212200005C
:1000E000F4000018222000A00001001008ED00E03C
:1000F00000000000000000000000000074B24E7A12
:1001000000200420F7010010CB010010CD010010E9
:10011000C9010010C9010010C9010010C901001077
:10012000C9010010C9010010C9010010CF01001061
:10013000C9010010C9010010D1010010D301001045
:10014000C1010010C1010010C1010010C101001067
:10015000C1010010C1010010C1010010C101001057
:10016000C1010010C1010010C1010010C101001047
:10017000C1010010C1010010C1010010C101001037
:10018000C1010010C1010010C1010010C101001027
:10019000C1010010C1010010C1010010C101001017
:1001A000C1010010C1010010C1010010C101001007
:1001B000C1010010C1010010C1010010C1010010F7
:1001C000EFF30580103800BE00BE00BE00BE00BECA
:1001D00000BE00BEF2EB8871048E0010308E00105D
:1001E0003802001090A31AE700201E49086006C8D4
:1001F00081F3088810471C480068002801D00020BF
:10020000F3E70DA40ECC002902D000F012F8F9E7B4
:100210001649174A002000E001C19142FCD115495E
:100220008847154988471549884700BEFDE701C939
:1002300001C29A42FBD37047308E0010C0000020EC
:10024000B816002028A4001000000420000004209C
:1002500028A400100010042000100420000000005A
:100260007047000008ED00E0000000D0B816002044
:100270006426002011420010810200100942001083
:10028000F0B5C646D02580260A2400B586B004F015
:1002900021F92D061920B60400F0A0F86E62FA20AC
:1002A0006E6100F0DBFF013CFA20AE6100F0D6FF8A
:1002B000002CF4D129202F4906F0BCFF0A346C44ED
:1002C00000284EDB2100292006F06AFF02212920A8
:1002D00007F0B6F82378002BF4D0274804F04CF947
:1002E000292006F0A1FD0121292006F081FE6421CC
:1002F000292006F0FFFD6421292006F02BFF29208C
:1003000006F0D8FD1D4B0B24012698461C4F6C446B
:1003100003AD43461B68586807F05AFB21002920AB
:1003200006F0CEFD0120002100F03CFF2378002BD9
:10033000F4D02900292006F049FF2889AB886A8873
:1003400029780190E8880090380004F097F9292076
:1003500006F0AAFD002E02D0292006F0A5FD0026F9
:10036000D7E7084804F008F9002006B080BCB8467A
:10037000F0BDC04688100020F4860010AC140020A8
:1003800004870010D886001010B54024074A830067
:100390009A181268C0005440C0222240044C1B1915
:1003A0001A60044BC018416010BDC04604C0014033
:1003B00004D0014000400140064B8000C3181B6878
:1003C000C90092000A435A400C231340024A801885
:1003D0000360704704C0014004D001400123D022D3
:1003E0008340120693629361084A83009A18116849
:1003F0004022514080320A400549C0005B181A6013
:10040000044BC018052343607047C04604C0014038
:1004100004D00140004001408023DB051868000F34
:100420007047C0460FB400B5084883B004F0A4F884
:10043000049B002B07D005A91800019103F07CFE56
:10044000034804F099F8012003F08EFE4C87001059
:100450000888001070B58C461600EFF3108472B651
:100460000F490B68002BFCD0BFF35F8F6346DB089E
:10047000C5180722C05C63461A40012393401A0046
:100480000240034207D118432870BFF35F8F0A6010
:1004900084F3108870BD61463000FFF7C3FFC0468B
:1004A0002C0100D0F8B5CE4647468C4680B51C00DE
:1004B000EFF3108872B61C490B68002BFCD0BFF319
:1004C0005F8FA24221D80723994602E0013294426D
:1004D00018D34946012611408E40D308C718C35C83
:1004E0001E42F3D1100033433B70BFF35F8F0022F5
:1004F0000D4B1A6088F3108800280EDBC0BCB9468B
:10050000B046F8BD01204042EFE7BFF35F8F002304
:100510000B6088F31088012040426346002BEDD029
:100520000898FFF77FFFC0462C0100D0044A1078DE
:10053000431CDBB2172B00D9102313707047C04641
:10054000900F002000B5054B83B0010000931822E6
:100550001F230348FFF7A6FF03B000BD5C87001010
:10056000982100200021044B044ABFF35F8F02C38F
:100570009342FAD17047C046000100D0800100D0FC
:10058000084B094A1360094A1360094A1360094A73
:100590001360094A1360094A1360094A1360094A43
:1005A000136070478080808000E400E004E400E095
:1005B00008E400E00CE400E010E400E014E400E0F3
:1005C00018E400E01CE400E01F2318401E3B8340B9
:1005D000002905D0C021044A4900535013607047D8
:1005E000802201498B50FAE700E100E001228240BD
:1005F000034B1B6813405A1E9341D8B27047C04644
:1006000000E100E0012380228340024952008B5028
:100610007047C04600E100E0054B10309B68800049
:10062000C358044A00209B1A47229A42404170470F
:1006300000ED00E0940F002010B5EFF3108C72B6BF
:100640000F4A1368002BFCD0BFF35F8F0D4B1030A7
:100650009B6880001B580C4A934201D099420CD1F0
:10066000084B9B681950BFF35F8FBFF35F8F002269
:10067000034B1A608CF3108810BD01F0C7F9C04617
:10068000240100D000ED00E0C1010010F0B5DE460D
:1006900057464E464546E0B58B4685B0EFF3108889
:1006A00072B616005B4A1368002BFCD0B246BFF34B
:1006B0005F8F002558494D57002D00DAA8E06B00E8
:1006C000564A01935B199B00D418A77910300F701C
:1006D00053498000896884460F58B91A472933D88E
:1006E000012039008143CE79564500D86AE0A14601
:1006F0005646039307E05800C01880001018C479CC
:10070000B4424DD901000623CB56002BF3DA081D65
:100710004C46B24681460293424B4E46043CA41BD3
:100720002405414E640D34438C808D710199491923
:10073000890052189380029B3C4993715346D371B0
:100740005B461160936017E039498F4260D13949A7
:100750000127D15238490233D3180439CB1A324A0F
:100760001B055B0D13436380344BE671A380FF23AD
:10077000A3715B462743A3606246294B9B689F5049
:10078000BFF35F8FBFF35F8F0022224B1A6088F3A5
:10079000108805B0F0BCBB46B246A946A046F0BDE5
:1007A000B2460E1D4C46B14688880293039B400515
:1007B000001504334844D318C31A1B051A485B0DAF
:1007C0000343AAE79E1CB14691444E460F001C4DC0
:1007D000BF1A7F417D432D0D164FA571D752164F7D
:1007E0000433043FD318BF1BCB1A3F05043B7E0DD7
:1007F0001B050D4F5B0D3E431F435346E3715B46A4
:10080000A3600A4BA7806680044327000B60B3E710
:1008100001F0FCF8240100D05D260020940F002098
:1008200000ED00E001BD000000E0FFFF014880474F
:10083000C101001000A1FFFFDC0F002001BDFFFF80
:10084000AAAA0000F0B5DE4657464E464546E0B53A
:1008500083B0EFF3108972B65D4A1368002BFCD0A9
:10086000BFF35F8F5B4B5C4E9A68030010339C00B4
:1008700012599846B2423BD08A424CD0574FBC46A0
:10088000D71B472F34D8564B1F271D680740AA4651
:100890000125BD4080270195DD51BFF35F8FEFF348
:1008A0000585AB46002D38D101231D008540280069
:1008B00055460540100098438768AA46B94208D1BA
:1008C0007CE073009B199B0063449F68B9422DD064
:1008D000180006268657002EF3DAB9424CD053464C
:1008E000002B1ED0C0213E4B019849005850186083
:1008F000384B9B681A51BFF35F8FBFF35F8F0022A5
:10090000334B1A6089F3108803B0F0BCBB46B24683
:10091000A946A046F0BD3200EAE7A845C4D001F0E0
:1009200075F880232E490198C850E1E70627DF5764
:10093000002F22DB7900C81985002E006644B068BC
:100940009860F079D871062030569871002826DB1F
:100950006046B688C01A76053615761980190005E6
:10096000204E400D30439880CB191F499B000878DA
:10097000634498710F70B2E703005946002910D103
:10098000FF31817119498180174865460178997155
:1009900017495B1B5B415943090D01709FE71348E1
:1009A000E1E714491448C91A08394E02760D30435C
:1009B0009880124849080143D98090E70627C75715
:1009C0000300002FB6DA59460029EAD13200DBE7EE
:1009D000240100D000ED00E0C1010010940F0020C0
:1009E00000E100E000E0FFFF5D26002001BDFFFF09
:1009F000AAAA0000E60F002000F0FFFF00F8FFFFAA
:100A00000123034370B59C46EFF30581EFF3108596
:100A100072B6274A1368002BFCD0BFF35F8F254ABC
:100A20000400254BA41A644163431B0D234C890029
:100A3000A6685BB27658664524D006215156994285
:100A400024D01221515699422AD01E215156994242
:100A500028D02A215156994226D036215156994202
:100A600024D0422151560524994210D0144A1178BD
:100A700013708171BFF35F8F00220D4B1A6085F3F5
:100A8000108870BDA2680F4C5450EFE7002461003D
:100A9000091989005218FF2191710B499180E5E7EE
:100AA0000124F4E70224F2E70324F0E70424EEE74C
:100AB000240100D0940F0020AAAA000000ED00E05D
:100AC0005D260020C101001001BDFFFF00B5074BEE
:100AD00083B001000093002205230548FFF7E2FCE4
:100AE000002801DB1F23181A03B000BD788700100F
:100AF00061260020024BC918890001607047C0467A
:100B00004000003470B5114C114DAC420FD2FF269D
:100B10002368002B0CD0FFF709FD01002000FFF730
:100B2000E9FFA680BFF35F8F0834AC42F0D370BDFD
:100B3000FFF7FCFC01002000FFF7DCFF2671BFF38C
:100B40005F8F0834AC42E3D3F1E7C046B016002013
:100B5000B816002010B50400FFF7E8FC01002000E3
:100B6000FFF7C8FFFF232371BFF35F8F10BDC0469F
:100B700010B504000120FFF7E5FC034BC01880000E
:100B80002060BFF35F8F10BD40000034034BC918D5
:100B900089000160BFF35F8F7047C046400000349A
:100BA00040BF002000217047F0B5DE4657464E4654
:100BB0004546E0B585B0EFF3058303221A40B14BFB
:100BC00091005B5803929846012393401A000193C9
:100BD000AD4B02911A60082343449946019BAB48F0
:100BE0004363434608229B5E9A46002B00DBB9E034
:100BF00043469B881BB2002B00DA26E143461B6963
:100C0000EFF3108272B619680029FCD0BFF35F8F32
:100C100043469E88012341465B428B8036B20B6976
:100C2000BFF35F8F0021196082F31088002E26DB4E
:100C300043465D697400A41908201A5EE400494621
:100C40002C19002A14DBA0689A468046E06807E069
:100C5000834200D181E00023FA5E3900002A06DBDE
:100C60005700BF18FF00EF19FB688342F0DD5346C1
:100C70000E800021665E2280002EDBDA9846434615
:100C80000821595E002900DADFE043465A694B002B
:100C90007E485B180299DB00D3180918826A9D68A8
:100CA000DC680B69AE1A9B1A9E421BD30123026AB1
:100CB000039883401A4215D043469B79002B16D1E6
:100CC000724800F0C9FB8C4204DC00D086E7854204
:100CD00000D883E740BF05B0F0BCBB46B246A9468A
:100CE000A046F0BD43460D619B79002BE8D0002360
:100CF00042469371434608229A5E531CE0D0474611
:100D000048460026A846A34602E00800531C20D00F
:100D100053007D699B18DB00E9181400EA5E4B88DC
:100D20001BB2002BF1DA02803B69EFF3108A72B636
:100D30001D002B68002BFCD0BFF35F8F7B880B80DE
:100D40003B697C80BFF35F8F1E608AF31088531C61
:100D5000DED145465C46B846B2E7BB68434500D89D
:100D600079E784E7424652695B0093465344DB00CF
:100D70009B445B469E68DF6800F06EFB8F422ADC76
:100D800030D05B465A461B695469022B32D041462B
:100D90000820085E52880004210010439847040090
:100DA0000D0023002B432ED0002D48DA30003900EF
:100DB000001BA9415B469860D96000229B5E002B16
:100DC00009DB42465E005469F218D200A218976807
:100DD000D2688A425CDD43469B881BB2002B00DA56
:100DE0004DE70BE78642F6D85B465A461B695469C5
:100DF000022BCCD1200023699847002803D030CCA7
:100E000023002B43D0D15B4642461B8813811269D5
:100E1000EFF3108372B611680029FCD0BFF35F8F27
:100E20004246594652880A804246514651801269CC
:100E3000BFF35F8F0021116083F31088CBE7134865
:100E400000F00AFB00196941B4E7104C200000F0E3
:100E500003FB80220023120680185941029AA56ADA
:100E600012191369461B5B1B9E4201D2106131E7C8
:100E70000123039D246AAB401C4200D02AE7106185
:100E800028E7C0461C2600203C7005400040054075
:100E90008A4201D187429ED845462B81083505E01C
:100EA0005E00F218D200A2189768D2688A4206DC67
:100EB0000AD0F318DB00E518E35E002BF0DA5A469F
:100EC000138053462B8086E78742F2D9F7E7C04666
:100ED00070B52B4C2569002D00D070BD294E032123
:100EE000284800F0AFFAE660FFF720FB264B03220C
:100EF000C018D02322701B061B6801216370234B8E
:100F00008000A3600F23206102206380636949424F
:100F1000A18019800231198647311D83585218313A
:100F20005A5275325C39995218320131995218323D
:100F300001319952183201319952083518329D52B7
:100F40000231183299521832013199521832013156
:100F5000995218320131995218320131995218328E
:100F6000013199520A4B0B49DC6001303562FFF7C1
:100F700063FB01210320FFF727FB074B1D60ACE754
:100F8000F40F00200040054040000034FFFF100037
:100F90001C260020A90B001038600540004870474F
:100FA000F40F0020F8B51F0008AB1B7804001600F2
:100FB000002B07D100F058FA32003B00121A8B4187
:100FC000002B51DB2269EFF3108C72B61368002BF3
:100FD000FCD0BFF35F8F0223E15E256900293ADB75
:100FE0004B0060695B18DB00C218C35A6380BFF313
:100FF0005F8F00232B608CF31088069B9660D76070
:101000001361079B5361538801335B045B0C181C0D
:10101000002B1ED083B25080080418432569EFF3DB
:10102000108672B62B68002BFCD0BFF35F8FA388AD
:101030001380A1802369BFF35F8F00221A6086F3BB
:101040001088237801329A400849E3685B181A60D7
:10105000F8BD0120DEE7BFF35F8F00232B608CF328
:10106000108801204042F3E70020F1E73C20000017
:1010700070B582B00092019301000269EFF3108411
:1010800072B61368002BFCD0BFF35F8F0223C85EDB
:101090000D6900283FDB4A69430016001B18DB007E
:1010A000D218F35A4B80BFF35F8F00232B6084F379
:1010B0001088069B1361079B5361009B019C936002
:1010C000D460538801335B045B0C1D1C002B20D0C3
:1010D000ACB20304558023430D69EFF3108C72B654
:1010E0002C68002CFCD0BFF35F8F8C881480888024
:1010F0000A69BFF35F8F002010608CF310880A78B4
:1011000001309040CA68084952181060180002B0B7
:1011100070BD0125DCE7BFF35F8F00232B6084F3F4
:101120001088013BF2E7C0463C20000010B543891F
:101130000A1493421ADD53009B184269DB00D3184E
:101140000469EFF3108C72B62268002AFCD0BFF35A
:101150005F8F5A88090494B2090C8A4208D0036947
:10116000BFF35F8F00221A608CF31088002010BD3F
:10117000094A22435A80012302698371BFF35F8FBA
:10118000002111608CF31088027804499340C268F2
:10119000012052181360EAE70080FFFF3C200000A6
:1011A00040787047F0B583B004000D0000F05CF9A2
:1011B00024184D41002D02DA0124244D64420626F4
:1011C0007642F71736196F41AF4212D80FD000F0B0
:1011D0004BF932003B00121A8B41002B13DC002B21
:1011E00030D02000290000F07FF903B0F0BDA64206
:1011F000EDD90026002700F037F932003B00121A23
:101200008B41002BEBDD00F02FF932003B00121A6E
:101210008B41002B0ADB002301930D4B320000931E
:101220000C483B00FFF724FF0130DAD039000A4AAE
:10123000536A994204D8906AB042D2D29942D0D12E
:1012400020BFF5E7002ACCD0DDE7C046FFFFFF7FD7
:10125000A10B0010F40F002000400540F0B583B052
:10126000040000F001F9FA2206000F00200000231C
:101270000021920001F040FB8019794104000D1E0D
:1012800002DA0124234D644206267642F717361906
:101290006F41AF4212D80FD000F0E6F832003B00A9
:1012A000121A8B41002B13DC002B30D020002900B8
:1012B00000F01AF903B0F0BDA642EDD900260027D0
:1012C00000F0D2F832003B00121A8B41002BEBDD0C
:1012D00000F0CAF832003B00121A8B41002B0ADBE7
:1012E000002301930C4B320000930C483B00FFF7A6
:1012F000BFFE0130DAD03900094A536A994204D856
:10130000906AB042D2D29942D0D120BFF5E7002AEC
:10131000CCD0DDE7FFFFFF7FA10B0010F40F002012
:1013200000400540F0B5CE46474680B504000D00AC
:1013300085B0EFF305868946002E10D03E49002087
:101340004B6AAB4206D38A6A5B1B591E8B41A24291
:101350004041184305B0C0BCB946B046F0BD374F58
:10136000FB683A7898461800039200F075F8039AE3
:10137000131D42469B009B5822001B1A9C462B00C3
:10138000121A8B419E421ADC17D02B4B5A6A4A45DF
:1013900005D39B6A0120A342DCD24A45DAD120BFA3
:1013A000254B586A48453CD3401B9A6A431E9841D6
:1013B0000023A2425B411843CCE79445E5D900F0F5
:1013C00053F822002B00121A8B41002B25DB00233F
:1013D00001931B4B2200009338002B00FFF748FEBF
:1013E00000281ADD144B5A6A4A4504D39B6AA3426B
:1013F00002D24A4500D120BF01003800FFF796FE17
:101400000D4A0020536A4B45A4D3926A5B1B591EB8
:101410008B41A242404118439CE7074A536A4B451F
:1014200001D2002096E70020926A5B1BA242404155
:101430005A1E934118438DE700400540F40F0020E9
:10144000A10B001010B5024A0248FFF703F810BDC7
:10145000948700109C2100200300416A0A00986ACA
:10146000596A8A42FAD17047034B596A0A00986A4E
:10147000596A9142FAD170470040054070B50500A5
:101480000E00184A536A1900946A536A8B42FAD1C3
:10149000200019002C00350024184D41AB4216D80D
:1014A00013D0104B2A005B6A9D4203D90D494B6A49
:1014B0009342FCD3934207D10A4A02E0516A99420F
:1014C00002D1916AA142F9D370BDA042E9D9054B7E
:1014D0005B6A1C005A1CEFD0012201246442E5170C
:1014E0005242E3E700400540064A536A9942FCD85D
:1014F00007D1044B02E05A6A914202D19A6A9042A3
:10150000F9D8704700400540F8B5040006200D00EA
:1015100000F06EF9002843D0364B3749E3185A1EC5
:10152000934180225B429B0D12049B059B18334A1A
:101530001360334A136018000A689043FBD12D4BA7
:10154000304AE31859424B4180215B004900062094
:10155000995200F04DF92900C00000F0A9FB0130BC
:10156000C3091ED1402701226262A362266BF307E2
:1015700022D4E36A244B0620E51800232B6026635F
:1015800000F036F93900800000F092FB7023E26A27
:101590005A400E3313402B601C4B23630323A36478
:1015A000F8BD1B4A93421DD900231A4A1A4F6262A2
:1015B000A362266BF307DCD5184B144AE3181A60B4
:1015C000656AA36A0620AD01ED1800F011F914490F
:1015D00000F06EFB0100A80200F06AFB0021FFF79B
:1015E0004DFFC6E740069A01800E17181A00030047
:1015F000BAE7C0460080FCBF08C0004000E00040E1
:1016000000F00040402600202C10000001030000E4
:10161000FEFF0000FFFF0000C0FF3F003030000071
:101620004E0E0000F8B5DE464E4645465746E0B53C
:1016300005008B4618000A99914600F039FB0A9B79
:101640006C001E026419304BA400E41863688046E5
:101650009E4200D966602F1FFBB29A46012B2FD9FC
:10166000C0238022294FAD009B0179591201E31854
:101670001A6000291BD14B4622685B015340E022CF
:10168000134080225201A21813605346012B2FD918
:10169000802380229B01E31812011A604346666092
:1016A0007B51F0BCBB46B246A946A046F8BD78695E
:1016B00000F0FEFA013043001B18033BFDD2DAE7CD
:1016C0005B46012BCCD1C02303229B01E3181A6097
:1016D000023AA3681A42FCD04A46236852015A4093
:1016E000E023134080225201A218084F1360AD007E
:1016F00058460323216841400B4013600122824079
:10170000A3681A42FCD0C3E700800040A02100205B
:10171000F0B5D6464F464646440098462418324B0C
:10172000A400E41863688A469146C0B5FF2B02D82E
:1017300080235B006360061FF6B2012E2FD9C02301
:1017400080222A4F85009B0179591201E3181A6003
:1017500000291BD14B4622685B015340E022134015
:1017600080225201A2181360012E30D980238022DA
:101770009B01E31812011A6080235B0063604346FB
:101780007B51E0BCBA46B146A846F0BD786900F08E
:101790008FFA013043001B18033BFDD2DAE75346B2
:1017A000012BCCD1C02303229B01E3181A60023A1B
:1017B000A3681A42FCD04A46236852015A40E023EB
:1017C000134080225201A218084F13608500504632
:1017D0000323216841400B40136001228240A3682B
:1017E0001A42FCD0C2E7C04600800040A021002081
:1017F000014B8000C0587047A0210020F0B5C646BC
:10180000040000B52348160098460D0000F050FA79
:101810000100300000F04CFA4346069A1B04120304
:1018200013439C4623680600002B22DB1A4B1B48FF
:10183000E218531E9A4180235242120B9B0112035D
:10184000D218174B1A60174B1A60130001688B43AC
:10185000FBD12122144B2560E318A6601A60226890
:10186000002AFCDA6246E26008221A6080BCB846B0
:10187000F0BD3F2322681340AB42D7D1A3681B05BC
:101880001B0D8342D2D1EE22E368D202134063459E
:10189000CCD1EBE7001BB7000040FDBF08C0004003
:1018A00000E0004000F000400430000010B580244B
:1018B0001C4BE4051C6000281AD001231A4C184365
:1018C0001A4BDC611A4C44401C62596298628021B8
:1018D000144BC9051960174817490860E021C9046D
:1018E0001960002A07D18022144B12061A6010BD1D
:1018F0000E4BD861EBE753019B1A9B009A1880238B
:1019000012015B049A4209D213000D490B60074B88
:101910005A608022094BD2051A60E8E7094B1A0089
:10192000F3E7C04600B00540D3C007B000800540D3
:101930002D3FF84FFCFF01000820014000A00540AA
:101940000C260020FFFFFF008023024A9B000B4370
:10195000D362704700800540002310B50100988ACB
:101960001B8B984710BDC046162310B50100188880
:101970005B88984710BDC046F8B54746CE4680B54F
:101980000F1E18D0142399460433040000250126A5
:1019900098464B461888434621681B88984701C4DF
:1019A000431E984101350640AF42F2D13000C0BC21
:1019B000B946B046F8BD0126F8E7C046002370B529
:1019C00004000D00988A05491B8B984703000020EE
:1019D000002C01DB0130A04029009847554200004F
:1019E000AA23064A1B0113608D235B00D3600449C0
:1019F000044B19605368002BFCDA7047004002402A
:101A000000B0FA00006002407047C04610B50148BF
:101A1000FEF708FDB887001070B5074D074EB542B8
:101A200009D20024013E761BB608013608CD0134E8
:101A30009847B442FAD170BD98860010D486001041
:101A4000054B064A06491A60064A074B1A60100001
:101A50000B689843FBD1704700E00040BFCDFBFE10
:101A600008C00040FE7F3C0000F00040044BDB6CEF
:101A7000002B03D18022034BD2021A607047C0466C
:101A8000000011504C201150044A054B1A60054AC1
:101A90001368DB018033FBD17047C046FFFFFF01B5
:101AA00000F0004008C000404022034B9A675A678C
:101AB0001A67DA667047C04600F0014010B5FEF7BD
:101AC00051FD10BD70B52749274E284D761AB40830
:101AD0002200302C00D930222800920000F07EFF36
:101AE0002F2C3BD823002A3B214A052B1BD9302021
:101AF000AE197107001B2600CB0F002902DAA100E6
:101B00006A50661CC01AE3189B004108EB18C90014
:101B1000C9181A605A6008338B42FAD10123034274
:101B20001CD098438419A300EA50631C2F2C15D0B5
:101B30009B00EA50A31C2E2C10D09B00EA50E31C03
:101B40002D2C0BD09B00EA50231D2C2C06D09B0083
:101B5000EA50631D2B2C01D09B00EA50054B9D6081
:101B600070BDC04600010010C00100100000002040
:101B7000C101001000ED00E0002310B5294C82B037
:101B8000A367FFF72DFF0122274B1A60636C012B1F
:101B9000FCD10322254B1A60224A936B012BFCD106
:101BA000013300930121224A22480433FFF726FE25
:101BB000052301210093204A2048FFF71FFE002241
:101BC000022104201E4BFFF7A3FD00220121052066
:101BD0001C4BFFF79DFD0022002107201A4BFFF749
:101BE00097FD002200210820174BFFF791FD80236D
:101BF000DB000093002200210920134BFFF712FDA8
:101C00000022104B00210620FFF782FD0420FFF781
:101C1000EFFD0E4900F04CF801000020FFF794FEA4
:101C200002B010BD008000403CB0004030B0004029
:101C3000002F685900800240008C864700C0024097
:101C4000001BB70040597307006CDC0240420F00D4
:101C500001480421014B1847101000207919001089
:101C6000124A936F9B0815D29066D166002905D061
:101C7000FFE7FFE7FFE7516F106F704704B5802162
:101C80000906C2175140002800D0C84306F0ACFC3A
:101C9000002104BDF0B5146E556E576F166FFFF737
:101CA000E3FF1466556657671667F0BD000000D065
:101CB000114A936F9B0813D210665166002905D014
:101CC000FFE7FFE7FFE7516F106F704704B500288B
:101CD00001D00020C04306F087FC002104BDC046AF
:101CE000F0B5146E556E576F166FFFF7E5FF14666B
:101CF000556657671667F0BD000000D094464A4A03
:101D0000926F9208624601D228E0C046F0B5464E76
:101D1000346E756E776F366F00F020F89446424A45
:101D200014665566576716676246F0BD94463E4A8C
:101D3000926F9208624601D254E0C046F0B53A4E26
:101D4000346E756E776F366F00F04CF89446364AF5
:101D500014665566576716676246F0BD002B24DB94
:101D600011D000293EDA00B5C943404200D101310B
:101D700000F038F8C943404200D10131DB43524200
:101D800000D1013300BD002AEBD1002801D1002988
:101D900005D00020C90FC90701D1C043410800B5D3
:101DA00006F04AFC0022002300BD00B500290ADB32
:101DB000DB43524200D1013300F014F8C9434042E2
:101DC00000D1013100BDC943404200D10131DB43A4
:101DD000524200D1013300F005F8DB43524200D1FA
:101DE000013300BD002923D1002B18D1002A0CD0CB
:101DF000BC460D4F38667A6600210023FFE7FFE7F7
:101E0000FFE77A6F386F67467047002801D00748B0
:101E1000010000B506F010FC0022002300BD020006
:101E20000B00002000217047000000D0FFFFFFFFE3
:101E3000002B00D0BFE0130C28D1002AE7D080B4DB
:101E4000114F39667A66FFE7FFE730B4040C7B6F09
:101E5000396F1B0423433B667A66FFE7FFE7FFE722
:101E6000C04684B27B6F3D6F1B0423433B667A669A
:101E7000FFE7FFE7C04600232C042D0C7A6F386F74
:101E800000196941B0BC7047000000D0F0B594461D
:101E90000025140E01D112020835140F01D11201D0
:101EA0000435940F01D192000235D40F01D15200B4
:101EB0000135D40B0134254F7C66254C3C660E0C55
:101EC00093B2FFE7FFE7FFE73C6F6643360C77030B
:101ED000BE467343DF0B5B04C01AB941130C734356
:101EE000DB18C91ACE086643360CB64493B2734366
:101EF0001F0F1B01C01AB941130C73431F0B1B05A5
:101F0000C01AB941860D8F023E436643360C092D37
:101F100024DB520A7243801A7703460A6643360C62
:101F200016235B1BDE40DF40BF1964466643821BFD
:101F30007046043506330100D940A840C01900D3CB
:101F40000131A24206D20023F0BD0000000000D003
:101F5000FFFFFFFF121B0130F3D3F1E709277F1BBF
:101F6000FE406446A2B27243801A00D20139220CAC
:101F70007243130C1204821A99410B007046043507
:101F800013370100F940A840801900D30131002B1C
:101F900002D1A2420AD2F0BD013000D30131121B9E
:101FA000FAD2013BF8D1A24200D2F0BD013000D3F9
:101FB0000131121BF7E7F0B51C0C00D080E00CB427
:101FC00000251C0A04D11B02160E334312020835E9
:101FD0001C0B04D11B01160F3343120104359C0B5B
:101FE00004D19B00960F334392000235DC0B02D1E3
:101FF00092185B4101351C00971864410134464F2B
:102000007C66464C3C660E0CFFE7FFE7FFE7C046E8
:102010003C6F6643360C7703BE4697B27743C01BCE
:1020200000D20139C01B00D201399FB27743C91BCE
:10203000C91B170C77437E04FF0B801BB941CE08E8
:102040006643360C0C2D33DBB644120B1F053A43A6
:102050001B0B97B27743C01B00D201399FB2774365
:10206000C91B170C77433E043F0C801BB941860DFA
:102070008F023E43664329277F1BFE400C3D774677
:10208000AF40BF1930BCA2B2ABB272437343801AE7
:102090009941220C7243130C1204801A99410200D8
:1020A0000B000137001BA941F9D2781E0021F0BDB9
:1020B0000C277F1BFE4077467F0BAF40FF19E0E700
:1020C00000245D1C07D0144F7D663966FFE7FFE7EB
:1020D000FFE7FFE73C6F95B29EB265436643401B46
:1020E000B141150C1E0C6543664336042F0C3E436C
:1020F0002D04401BB141994204D202000B00200084
:102100000021F0BD01D19042F7D3801A99410134EA
:102110009942F2D3F6E70000000000D0FFFFFFFF76
:1021200048404140484018B41B4B5B68FC46019353
:1021300008BD04DFCB23001018B4174B1B68FC4606
:10214000019308BD00DFD52300109446134A926F17
:10215000920809D2624618B40F4BDB68FC46019323
:1021600008BD0CDF8D2600100C4AF0B5146E556EBC
:10217000576F166F6246FFF7EEFF084A1466556602
:1021800057671667F0BD18B4034B9B68FC46019374
:1021900008BD08DF3125001008190020000000D01C
:1021A000FFB550404240504059404B40594000E03C
:1021B000FFB5154F4C00640D03D0BC4204D10C0395
:1021C00014D80020090D09055C00640D03D0BC4241
:1021D00004D11C030AD800221B0D1B0501264B400D
:1021E00009D44B4003D58B4200D18242FFBD9942B6
:1021F000FCD19042FFBD0B43DB1803431343F5D0E2
:10220000C9434918FFBD0000FF07000000B5FFF7F4
:10221000CFFF804100BDC04600B5FFF7C9FF01D91F
:10222000002000BD012000BD00B5FFF7B9FF01D9B6
:10223000002000BD012000BD00B5FFF7B1FF8041C7
:1022400000BD012040054A00121804D85A00121897
:1022500001D80020704701207047000000210028AD
:1022600005D17047C1174840401AFAD0C90713B5C5
:10227000064B1B6898470CBC441CA2401005120B6F
:102280000349091B09051943114310BD34260020D9
:102290001F04000010B54C00620D8023D218DB0033
:1022A000D21A5B057E2A10DD9E3A13DACC17090399
:1022B000490819435242D140640001341532202AA2
:1022C00005DAD0400843604310BD002010BD084629
:1022D000604310BDC80FC018013810BD18B4044BBE
:1022E0005B6AFC46019308BD24DF3D280010000016
:1022F00008190020132370B51D78012D19D014DDA5
:102300001F48FFF731FB06001E48FFF72DFB1E4C50
:1023100080223100200000F061FB022D2DD01B48EF
:10232000FFF71AFB1A4B186070BD1A4B164CA364CA
:10233000F5E7184B144C23606360A360E3602361EE
:102340006361A361E36123626362A362E362236367
:102350006363A363E36323646364A364E364236547
:102360006365A365E36523666366A366E366236727
:102370006367A367E367A364D1E7064BA364CEE773
:102380005344000053460000081900204C3300005D
:10239000342600209923001007B5604601880A0AF8
:1023A0000230DF2AFAD1C9B2820804D302884088F9
:1023B0000004104300E00068014A5050039007BD3C
:1023C000081900200FB403BC0CBCF0B50124E407CD
:1023D000634000E0F0B50C0DCF0F661E3605891B7B
:1023E000640503D3C943404200D30131640D03D0D7
:1023F000661CF60A07D0E41B00207F00791C8907C1
:102400008912803C24031D0DDF0F6E1E36059B1BB9
:102410006D0503D3DB43524200D301336D0D03D06E
:102420006E1CF60A07D0ED1B00227F007B1C9B0769
:102430009B12803D2D032F1B661B58D4A446202ED3
:1024400046DA20371400BC401D00BD40F240334145
:102450002A4380185941CB0F05D0C943C0430022FD
:1024600064425041514162464D0D28D10D0D07D1B6
:1024700000281FD0241940414941013A0D0DF9D0DF
:10248000640006D3013000D30131002C01D1400893
:102490004000013A0BD4941CE40A04D11205114403
:1024A000DB071944F0BDD907204B194300E0D907D9
:1024B0000020F0BD0029DDD1002CDBD1F0BD0132C0
:1024C000C6074008CD0728434908002EE1D0D9E7C8
:1024D0003C2E29DA203E40371400BC4000D00124B5
:1024E000F24014431A00BB401C43D317ACE7AC4680
:1024F000202F08DA20360400B4400D00B540F84023
:1025000039412843A5E73C2F0CDA203F4036040030
:10251000B44000D00124F84004430800B1400C430B
:10252000C117EAE710001900002494E70000F07FCB
:10253000F0B50C0D661E3605891BE60A6405640DB0
:1025400002D0651CED0A04D0002001210905803C61
:102550002403A4461C0D671E3F05DB1BE70A640528
:10256000640D02D0651CED0A04D0002201231B0576
:10257000803C24037740644497B484B296B2744399
:10258000070C7E43150C6F4380B26843361802D3A4
:10259000012000043F183004350C00197D418446A9
:1025A00088B29AB250430C0C62431F0C7C438EB22B
:1025B0007E43921902D301263604A4191604170C7F
:1025C0003618674101BC81B29AB25143040C624390
:1025D0001B0C5C4380B25843121802D30120000444
:1025E00024181004130C401863412D185E4100207C
:1025F000474106BC88B293B258430C0C6343120C9B
:10260000544389B251435B1802D301210904641871
:1026100019041A0C091862416D18564100204741EF
:1026200018BCF902720D1143F0026A0D1043ED025D
:102630000A0D03D16D1940414941013B124E9B1BCC
:102640007600B3420ED26D0007D3013000267141EF
:102650006646354301D1400840001B05C918E40710
:102660002144F0BD0BDA013306D1013004D1013130
:102670004F0D01D04908F2E7E1070020F0BD013617
:1026800031050020EBE70000FF030000F0B51C0D52
:10269000671E3F05DB1BE70A6405640D02D0661C5C
:1026A000F60A04D0002201231B05803C2403D02518
:1026B0002D060026F6432E661E096E66CE0FF6190D
:1026C000B44649004F0D02D07E1CF60A03D000200C
:1026D0000021403F3F033E1BB600B444013F7F054D
:1026E000C91B49082E6F013676089C02950D2543BB
:1026F0007543ED137543AD1301356D10F603761B6D
:102700000CB4CC02450D2C43A2B2B3B25A43270CF1
:102710007B43350C6F43A4B26C431B1902D30124D5
:1027200024043F191C041D0CA4187D4124196D417B
:10273000009A91B2ACB26143170C7C432B0C5F43FF
:1027400092B25A43A41802D301221204BF182204E1
:10275000230C52187B41019C6C431B19520ED9016A
:102760000A434401A01A81B2B2B2514303145A433E
:10277000360C734387B27743D617D21900277E41B0
:1027800036049B191704160C7F185E417316ED185A
:10279000F301002680337541A90F06D16400690A50
:1027A000E8055B0A184309D22FE0042294448033E1
:1027B0007541A90AA8059B0A184326D340414941FF
:1027C0002404009A019B0D005543641B4343E41A03
:1027D00095B286B27543170C7E43030C5F4392B2E9
:1027E0005A43B61802D301221204BF183204330C24
:1027F00052197B4152429C41002C02D400220130EC
:1028000051414008CA071043490802B06246D70741
:102810009210084BD218084B9A4203D2120589181D
:10282000C919F0BD0020002A01DC3900F0BD0133D8
:102830001905F5E7FD030000FE070000002200B5C2
:10284000203200F004F8080000BD000000220B1543
:102850000AD410B5944600F031F81414013400DAAB
:102860000021CB17144C2047002000217047624400
:10287000343A0CD40C2A07DA0400914090405242BA
:102880002032D440214310BDD843D94310BD20325B
:1028900007D40C469440524220321141D04020438C
:1028A00010BD0800C917203203D452422032104113
:1028B00010BD1800190010BD6F2800100A0DCC0FB4
:1028C000531E1B05C91A520503D3C943404200D306
:1028D0000131520D03D0531CDB0A07D0121B00201C
:1028E0006400611C89078912803A1203014BD21AD5
:1028F00070470000FF03000051434343C9188C4652
:10290000110C83B24B4310B4040C614392B280B2F9
:10291000504362431C041B0C001910BC59411304A2
:10292000120CC0185141614470470000132310B5C8
:102930001C781348FFF718F8012C0BD004DD0100B8
:102940008022104800F04AF80F48FFF705F80F4BB7
:10295000186010BD0B4C01005422200000F03EF81E
:102960000B4B6365A365E36523666366A366E36655
:1029700023676367A367E3672362E361E4E7C04615
:1029800053460000081A00204C3300003426002073
:102990009529001007B5604601880A0A0230DF2A2F
:1029A000FAD1C9B2820804D30288408800041043D7
:1029B00000E00068014A5050039007BD081A00204B
:1029C00001480421014B18472010002079190010FC
:1029D000014B1B681847000020100020014B5B686A
:1029E00018470000201000207047C046F8B5DE46AA
:1029F00057464E464546E0B599460D9B070088462A
:102A000093469B0728D00B9B002B3CD016000B9CB9
:102A10000A9D3619321B013C4B464146285DB8479A
:102A2000002CF7D135000D9B9B070ED55B46EC1AA9
:102A30000C9BA34209D91E002A004B464146202088
:102A40000134B8470135B442F6D32800F0BCBB4688
:102A5000B246A946A046F8BD0B9B0C9A934214D2ED
:102A600013005D460C000B9A9E1A76192A004B46FD
:102A7000013521002020B847B542F7D10B9BA04675
:102A8000002BC4D1E1E71500CDE75E46002BBED197
:102A90005D46DAE7F0B54F46D6464646C0B584B047
:102AA0009C460EAB1F78129B9146BA460D9C109E19
:102AB000119D9B074CD4002D41D1B44248D2012333
:102AC000129F1F40B8460C9B5F1E302303E0013469
:102AD0003B55A64201D9202CF9D14346002B00D109
:102AE00087E00C9B5F1E3023A54204D830E0013400
:102AF0003B55AC422CD0202CF9D1129BDB060DD5D6
:102B0000129B5B0557D4A64267D0A54265D00F9BA8
:102B1000102B53D0022B5BD0202C36D12023129CBB
:102B200001930C9B4A460093039463460295FFF77A
:102B30005DFF04B0E0BCBA46B146A846F0BD012333
:102B4000129A13409846012313422DD1B442BAD3AE
:102B5000129BDB061ED5129B5B05D8D4002CD2D16C
:102B60000F9B102B60D00F9B022B71D030230124C0
:102B70000C9A13705346002B11D1129B5B0740D562
:102B80002B260C9A631C1655C9E723000134302606
:102B90000C9AD654202CC1D05346002BEDD02D26B4
:102BA0000C9A631C1655BAE7002F34D0013DB4428D
:102BB00000D288E795E70F9B102BAFD1129B9B06A5
:102BC0003CD5202CAAD058230C9A13550134A3E7E6
:102BD000202CA3D02300013407E0631E012CBFD0BA
:102BE0000F9A102A36D0022AD1D162260C9AD654D6
:102BF00092E7129BDB06CDD5129B5B0500D482E7E2
:102C000085E7129A2300160700D488E720260C9A3D
:102C10000133165583E70C2313405F1EBB41ED1AA9
:102C2000B44200D24FE75CE7129B9B060ED4782398
:102C30000C9A02241370302353709BE7202C00D190
:102C40006CE778230C9A1355013465E75823EFE7B6
:102C50006033EDE70C9AA61EB618129A920602D5BA
:102C60005822327093E77822327090E710B500282E
:102C700000D110BD01F036FCFBE7C04610B50028BE
:102C800003D04A680B681100984710BDF0B54E4656
:102C9000DE4657464546E0B595B08346894692469E
:102CA00098461E9A1F9B10001900209EFFF7C9FA34
:102CB000002800D0D2E11E981F990122C44B524235
:102CC000FFF7A4FA002800D001E11E981F99012205
:102CD000C04B5242FFF7B0FA002800D0D6E01E9851
:102CE0001F990022BC4BFFF7A7FA002800D0B5E0DF
:102CF0001E981F990022B94BFFF788FA002800D0D0
:102D0000ACE01E981F9900220023FFF77FFA0028ED
:102D100000D0D1E000230B93229B5B0500D4062654
:102D20000024302306E006AA013417321355013E71
:102D3000202C01D0092EF6D81E981F99FFF7AAFA69
:102D4000A74BF2009B180CCB050008920993FFF7E4
:102D500089FA02000B001E981F99FFF7E4F9089A00
:102D6000099BFFF710FA06900791FFF7B7FA0700E3
:102D7000FFF774FA02000B0006980799FFF7D3F9E2
:102D80000022984B06900791FFF756FA002800D1D1
:102D9000E9E001373800FFF761FA02000B000898FC
:102DA0000999FFF739FA002801D000270135002ED4
:102DB00000D1B7E0069513E0172306AA9B180A2155
:102DC000380001341D19FEF773FF303129703800C7
:102DD0000A21013EFEF76CFF092F00D8E1E0070051
:102DE000202CE9D1069D20240CAB0693172706ABB7
:102DF000FF180DE028000A21FEF732FF01343031C0
:102E0000280039550A21FEF72BFF051E00D1B7E037
:102E1000202CEFD10323229A1340012B17D1219BA1
:102E2000002B14D00B9B002B00D1E3E0219B013B36
:102E30002193202B0BD93023219A06E006A90134D7
:102E400017310B55944200D3A0E0202CF6D1229BE1
:102E500001940393219B0293069B21E0229B5246FF
:102E60000493219B4946039358461E9B1F9C029640
:102E700000930194434600F043F90400200015B08C
:102E8000F0BCBB46B246A946A046F0BD229B5B07FC
:102E90000FD40322544B229901920391219902915C
:102EA00000935246434649465846FFF79FFD0400AB
:102EB000E4E704224D4BEEE71E9A1F9B0020002101
:102EC000FFF731F901231E901F910B9324E7022392
:102ED000229A54461A40229B06929B0700D1ACE0EE
:102EE0002600434D08942F1F3200E8784346494698
:102EF000013DD8470136BD42F6D1089C069B0434FB
:102F0000002BBBD05746219AE31B9A42B6D9150035
:102F100022004346494620200134D847E31BAB42F8
:102F2000F6D3ABE72800FFF79DF902000B001E98CF
:102F30001F99FFF7F8F82B4B002206000F00FFF750
:102F400065F90CAB0693002800D04FE70022300053
:102F50003900244BFFF770F9002800D046E7012321
:102F600001359D4342E70022069807991D4BFFF764
:102F70004DF9002800D01AE7002F59D1013716E784
:102F80000323229A1340012B00D1A6E0202C00D16C
:102F90005DE70B9B002B3AD02D23069A1355013485
:102FA00055E7069D202C00D11DE73023361906E099
:102FB00006AA013417321355202C00D113E7A6427C
:102FC000F6D12E230CAA0134069293550EE7C04683
:102FD000FFFFEFFFFFFFEF7F65CDCD4165CDCDC199
:102FE000E08A00100000E03F0C8800100488001008
:102FF000148800100C23229A134257D0219B013BC6
:103000002193A34200D916E7202C00D11FE7229B71
:103010005B0704D52B23069A1355013417E7229B2F
:103020001B0700D413E72023069A135501340EE73B
:10303000FB0700D4BBE60137B9E6219B042B00D87F
:103040004EE755464F46043CE4182A0043460135F6
:1030500039002020D847AC42F7D141E70227229B14
:1030600055461F409B0726D006975F46234EEC1C13
:103070002A00B078434649460135B847013EAC4284
:10308000F6D1069F002F00D1F8E65746219AE31BA0
:103090009A4200D8F2E61500220043464946202015
:1030A0000134D847E31BAB42F6D3E7E6219BA342AA
:1030B00000D9C0E6CBE6219B032BD5D90697544611
:1030C0004F46033DED1822004346013439002020CD
:1030D000D847A542F7D1069FC6E7219B002B00D118
:1030E00054E70B9B002B85D0219B013B21939C42F5
:1030F00000D2A0E6202C00D04EE7A8E610880010F1
:10310000F0B54546DE4657464E46E0B59BB0249C9A
:10311000259D824688469346994622002B00200032
:103120002900FFF78EF8002800D0C1E0012220001E
:1031300029007C4B5242FFF77FF8002800D0B7E00F
:10314000012220002900784B5242FFF75FF8002847
:1031500000D0ADE00022002320002900FFF756F840
:10316000002800D0BBE108940995089809998023AC
:10317000289ADB001A400F928022289E12011640E6
:1031800032000E96289E0F000A901E4200D0A4E046
:103190000B00034300D0CBE0002A00D012E2320043
:1031A00006332693022313400C930223134200D0CC
:1031B0000AE2279B042B00D215E200270426043BD9
:1031C0000E930022002320002900FFF71FF800289B
:1031D00000D0C8E1554B289A134004930E9B0393EB
:1031E000269B0293089B099C0093019441464B4601
:1031F0005A465046FFF74AFD02002020289B002532
:10320000034059424B415B421840531C08934146CE
:103210004B464530D047FB17FC185C40FB0F1F277F
:103220000A93731E0E930AABFF1806E020000A21D2
:10323000FEF73EFD0400202D08D00A212000FEF7F5
:1032400037FD013530317955092CEFD80523069328
:103250000E9B56460593002304930A3303930A9B5F
:103260004146029312AB009330004B46089A0195F9
:10327000FFF710FC0C9B002B28D05F46279BC41B3C
:10328000A34223D982461D003A194B4641462020CD
:103290000134B047A542F7D850465946279C421AF8
:1032A00001320023944200D395E1013018180DE05B
:1032B000289B009401950493279B0393269B0293DC
:1032C0004B465A4641465046FFF7E0FC1BB0F0BC67
:1032D000BB46B246A946A046F0BD01432AD10E9B8B
:1032E0003200002B00D15DE70027269B0026BB4261
:1032F00000DD82E10022002320002900FEF786FF86
:10330000002800D04BE1289B084A02961A408023EF
:10331000DB0013430493279B0393089B099C0093B2
:103320000194CDE7FFFFEF7FFFFFEFFFFFF7FFFF08
:1033300006232693B24B7800400DC018FEF792FF8B
:10334000B04AB14BFEF71FFFB04AB14BFEF7F4FE97
:103350003F03B04B3F0B3B430C900D9100220A986A
:103360001900AD4BFEF7DFFEAC4AAD4BFEF70BFF8D
:1033700002000B000C980D99FEF7DEFEFEF78AFFA7
:103380000700FEF76FFFA74AA74B0A900B91FEF7C5
:10339000FAFE0022A54BFEF7CFFEFEF77BFFA44A04
:1033A00006000A980B99A34BFEF7EDFE0A900B91CD
:1033B0003000FEF757FFA04AA04BFEF7E4FE0200E4
:1033C0000B000A980B99FEF7AEFE02000B000A9064
:1033D0000B91FEF7D8FE0C900D910A980B99020004
:1033E0000B00FEF7A9FE0022109011910C980D9988
:1033F000934BFEF7AAFE0022924BFEF79DFE0200C1
:103400000B000C980D99FEF7A0FE00228E4BFEF7E4
:1034100093FE02000B000C980D99FEF796FE0A9A97
:103420000B9B0C900D9180210020C905FEF77BFEBF
:1034300002000B000C980D99FEF77EFE02000B00B7
:1034400010981199FEF781FE0022724BFEF774FE70
:103450007E4B0022F6183305FEF795FE02000B00A6
:103460000A900B9108980999FEF7D0FE002808D021
:103470000A980B990022734BFEF767FE0A900B9196
:10348000013F0A990B9A0B0011003A006332C62AD9
:1034900012D802222898042610400E9A0C90002A76
:1034A00026D1279B042B05D9002800D0A1E0279B1B
:1034B000043B0E93042642E00222289810400E9A04
:1034C0000C90002A13D1279B052B00D889E00028F7
:1034D00000D084E0279B0526053B0E9332E0802335
:1034E0001B069C46AC446346089409933DE60526BA
:1034F0000B4300D1F9E608980999554A554BFEF758
:1035000093FE002808D0089809990022524BFEF734
:103510007DFE002800D0E8E6269B002B34D00F9BD0
:10352000002B31D0269B013B2693279BB34204D925
:103530000C9B002B59D002230C9300230E93002FD9
:1035400000D13EE60A9A0B9B08980999FEF7FDFD0B
:10355000002208900991002320002900FEF756FE62
:10356000002800D136E6089C099D289A80203B4B14
:1035700000061340220004930E9B0393269B0293A4
:103580002B180092019331E6279BB342D5D90C9BAF
:10359000002B2AD000230E9302330C93CFE7289BF5
:1035A0002E4A8020089C099D1A408023DB0013438B
:1035B00022000493279B000603932B18009201938B
:1035C00002967DE6052695E600230E93023300273A
:1035D00004260C93F5E54B1E1B191B1A65E6022306
:1035E0000C930526AEE70423E7E5279B9B1B0E9370
:1035F000A5E7022304260C93A1E7DB1B5E1E79E6F8
:1036000001FCFFFFFB799F501344D33FB3C8608B8D
:10361000288AC63F0000F03F0000F83F61436F6317
:10362000A787D23F71A379094F930A400000E03F7A
:103630001655B5BBB16B0240EF39FAFE422EE63F9C
:1036400000002C400000244000001840FF03000050
:103650002D431CEBE2361A3F80842E41FFF7FFFF1B
:10366000F0B55746DE464E464546E0B5A3B01F00CE
:103670002C9B92460C93C94AC94B8B460B901A60FF
:10368000002900D1BFE1002338789946002800D1F5
:10369000C1E1C44B4C460993C34B0E935B460A935E
:1036A00008E0220053460A990B9DA8470134387858
:1036B000002876D001372528F3D110239B46083BFC
:1036C0009946043B9846033B002602259C463878E1
:1036D000791C0300203BDBB2102B03D8099A9B0016
:1036E000D3589F460300303B092B36D900252A28A2
:1036F00000D1A7E000230D932E283FD00300683BA4
:10370000DBB2122B1BD80E9A9B00D3589F46634600
:103710000F001E43DBE70F002E43D8E743460F00A0
:103720001E43D4E75B460F001E43D0E74B460F0015
:103730001E43CCE7802378785B001E4301310F00E5
:10374000672845D82428ACD90300253BDBB2422B9F
:10375000A7D896499B00CB589F460025AB005D1922
:103760006D002D1808780F000300303B303D01310B
:10377000092BF3D900230D932E28BFD130228020AE
:1037800052429046C000064378780B00804442467F
:10379000092A00D851E12A2800D15EE10F00013149
:1037A000ACE70A9BA1469B46CA4503D801235B426E
:1037B0005344994653464A46594600200B9DA84714
:1037C000200023B0F0BCBB46B246A946A046F0BDDF
:1037D0000300693BDBB20F2B00D962E7012199405E
:1037E0008846734A11408B46110042460A4200D077
:1037F00013E10A2B2FD0072B00D052E70C9D01CDEF
:10380000002800D134E121231E43B0461F260D9A23
:1038100012ABF618A14694465946340002E000095E
:1038200020290AD00F26064032003732092E00D850
:10383000073A013162540F28F1D863464C468B4653
:103840000D9322E10C9B20CB002D52DB78780C935A
:103850000F0001314EE70C9B0D9904CB90469B461F
:10386000002900D128E1434618784144002801D1BD
:1038700000F029FC0D9A94460A0004E059780133BF
:10388000002900D195E19A42F8D163460D93434651
:10389000D31A0F93730500D46CE10F9B0D9A9342DA
:1038A00000D90F9202231A0032400C92334200D109
:1038B00091E20C930D9BB9461E1943461B1BA8466B
:1038C00022001F000B9D08E0541C53460A99A8478C
:1038D000385D002800D163E122009642F4D14546CC
:1038E0004F4634000C9B002B00D097E15B460C93B5
:1038F000DDE60222787816430F006D420C93013109
:10390000F8E678786C2800D159E180235B001E43EB
:10391000013114E780239B0078781E4301310EE7C4
:103920007878682800D150E1802301311E4306E7F2
:10393000672800D1C2E0472800D134E1452800D1F2
:1039400034E107210C9B0D9A07338B431900049631
:10395000039502920CC90B98009201930C912200DE
:1039600053460A99FFF7CCFB0400A0E6462800D195
:10397000A8E007210C9B0D9A07338B43190004968E
:10398000039502920CC90B98009201930C912200AE
:1039900053460A99FFF77AF9040088E66136001069
:1039A000082600204489001088890010D48900105E
:1039B000419000002200534625200A990B9DA847FC
:1039C000013474E60C9B04339B46631C9846B6078F
:1039D00000D4FFE00C9B220018780A9953460B9EF6
:1039E000B0476419012D00D849E245460B9EB84600
:1039F0000A9F2A005346013539002020B047A542CE
:103A0000F7D1474672E7DB4B38780B930023994692
:103A1000002800D03DE60024C6E66F2855D000D827
:103A2000BCE21023782800D19EE09E430A239C46E6
:103A300000230F930A339B464DE000218A00521861
:103A4000520001331118187830390200303A092A2F
:103A5000F4D90D911F00591C50E60C9BB87804CB8B
:103A60000237D143C9170A400D920C93791C45E6E1
:103A700010233000984311331843802380463000D0
:103A8000DB0018401E4200D1C0E6434606930823DF
:103A900005930D9B220004931023039300230293AC
:103AA0005B4601931AAB00930A9953460B98FEF7B5
:103AB000F1FF0C950400FAE50139D4E680231B01DF
:103AC0001E433EE720231E4353E708239C46002362
:103AD0000F9308339B4680233000DB0018401E42C2
:103AE00000D11AE10D233100994380230A009B0085
:103AF0001A409146194200D0C3E180230A005B00BE
:103B00001A4090460C9A04320F92194200D08FE26C
:103B10004B0600D597E10B0600D4E5E20C9B1B8811
:103B200099464B46002B00D005E2103399430028FC
:103B300000D100E2002398460D9B069104935B465A
:103B400003930023059502934346D9E0582808D0F3
:103B5000622878D102239C4600230F9302339B46B0
:103B6000B9E720231E43103B9C4600230F931033DC
:103B70009B46B0E702231A0032400C92334200D138
:103B800005E20C934346B9460B9E0A9FA8461D1BAF
:103B90002200534639000134B047285D0028F7D190
:103BA00045464F469EE680231B011E4320231E43AD
:103BB000C7E662460D9242469B1A0F936AE6C023FF
:103BC0009B00B8781E43F91CB9E5C023B8781E43A2
:103BD000F91CB4E5012D00D84AE1631E9946A944B9
:103BE0004B4652462600A146BA461C001700A8467E
:103BF0000B9D32003B00013620200A99A847A642BF
:103C0000F7D13B0057469A464C460C9B3200187839
:103C10000A9953460B9D4444A84767E6A0460F9B6C
:103C20009D4200D862E62C190B9E4546B8460A9F75
:103C3000E41A2A005346013539002020B047A54236
:103C4000F7D1474652E680233200DB001A40904607
:103C50001E4200D1F3E011218E43B44698468023E2
:103C600062469B001A40934662461A4259D180230D
:103C70005B001A4091460C9A04320F9262461A4237
:103C800000D0A0E163465B0600D5D4E063461B0686
:103C900000D412E20C9B00229B5ED81719184140F9
:103CA00089B2DA0F0C92002B00D187E188461F26DB
:103CB00012ABBB461495F71845464E46E046A14662
:103CC00006E028000A21FDF7F3FF0500202E08D0AA
:103CD0000A212800FDF7ECFF01363031B955092DD6
:103CE000EFD84C46C446B1465F46149D63460693E2
:103CF0000D9B059504930A2303930C9B02934B465B
:103D000001931AAB220000930A9953460B98FEF7D1
:103D1000C1FE0F9B04000C93C9E40C2331009943AE
:103D2000E3E60822072191460C9B07338B43994415
:103D30004A460ACB08000C92DA0F9346184300D08B
:103D400085E0002399464346002B2FD10022002313
:103D50001092119300231F26994612ABF6185B466A
:103D60001495BB46E04637000F934E46A146109C83
:103D7000119D05E0E929001004000D00202E0CD053
:103D80000A22002320002900FDF7D0FF013630323F
:103D9000BA55002DF0D1092CEED80F9B1094119537
:103DA0005F464C46C446B1469B46149D6346069307
:103DB0000D9B059504930A2303935B4602934B46A0
:103DC00001931AAB220000930A9953460B98FEF711
:103DD00061FE04006BE40F9B9D4200D896E18023B6
:103DE000DB000C930F9B2E19F61A43460F930D9B85
:103DF000A84699465346BA461F000B9D22003B0039
:103E0000013420200A99A847B442F7D10F9B4546B8
:103E100098464B460D933B0057469A4643461878C2
:103E2000002800D162E56B1C0F930C9B002B00D186
:103E3000A8E600233DE50C9B1B78190031E7102311
:103E40009E43B4460BE70C9B1B78994669E6DA174C
:103E5000129213924A401092129813990A005A40F3
:103E60001192109A119B121A8B411092119371E7C3
:103E70000C9B220018780A9953460B9CA047444695
:103E800034E50822072690460C9B0733B343984439
:103E900042460C921A685B68149208931300089AC1
:103EA000134305D11033994300239846002838D195
:103EB00061208B0600D5412000231F2698465A46D4
:103EC00012ABF618030018920F9A0A3BB1461695EA
:103ED000179419974446664690469B46149F089D42
:103EE000159103E007000D00202C13D032000023B1
:103EF00038002900FDF71AFF5B46D2B2D318092A11
:103F000001D8130030334A4601341355A845E9D18E
:103F1000BE42E7D9189BA0469B461599169D179C53
:103F2000199F0D9B069104935B460393002305950F
:103F30000293434644E761208B0600D541201F26AB
:103F400012ABF21803000A3B0C934B464646A146BF
:103F5000A8461C005D461491BB46170002E0040011
:103F6000202E0DD029002000FDF7A2FE0C9BCB18BF
:103F7000092901D80B0030330136BB55AC42EED2D3
:103F80005F464C46AB4614994546B046D4E50F9B78
:103F90009D4200D926E701330F93F3E51023320049
:103FA0009A439446692800D0A2E080233200DB00C7
:103FB0001A4090461E4200D151E64CE64346002B83
:103FC00000D093E673E60C9B1B68DA0F002B70D0D1
:103FD000D9175B184B4098461F2612ABF618A1461E
:103FE00014955C464546BB46E04637000C9206E019
:103FF00028000A21FDF75CFE0500202C08D00A21CC
:104000002800FDF755FE013430313955092DEFD820
:104010005F46C446A3464C46149D0C9A63460693DD
:104020000D9B059504930A23029203935B4667E672
:104030000C9B1B689846002B03D110339943002832
:104040002DD161208B0600D541201F2612ABF6181A
:1040500003000A3B4A460C93149143463100A8469C
:10406000A1465E461400BB461D000F0002E005009D
:10407000202C0DD031002800FDF71AFE0C9BCB1828
:10408000092901D80B00303301343B55B542EED23B
:1040900023005F464C464546B346994614990D9B0E
:1040A000069104935B4603930023059502934B46C8
:1040B00026E64346002BB1D18EE70C9B1B68D81730
:1040C00019184140EDE580233200DB001A400F92C1
:1040D0001E420FD00230020032400F92304219D0FF
:1040E0000023A0460F939AE50C9B1B68994618E5A0
:1040F00016009BE402231A0032400C92334200D097
:104100008CE5002D00D06DE6FFF7F0FB01330F9337
:10411000FFF7D0FB0C93F4E700B585B003910121C4
:1041200002900093034813004A4202A9FFF798FA4D
:1041300005B000BD7D2C001010B5094A03001468BD
:1041400084B0002C08D0012200910648524203A9F5
:10415000A047012004B010BD00F00EFA0020F9E7DE
:10416000082600206D2C001000BEFDE77047C046F9
:10417000094A1368002B06D008491818884208D845
:10418000106018007047064B0449181813608842E5
:10419000F6D901235B42F4E700220020000004204E
:1041A000642600208C4610B51100002805D1044B70
:1041B00060460CCB00F038F910BD01204042FBE70F
:1041C000E8880010013810B51400012807D808004D
:1041D00001230022210000F0ADF8200010BD0120D5
:1041E0004042FBE7012040427047C0460120404268
:1041F0007047C046012040427047C046022200235B
:1042000082425B411800704710B5FFF7ADFFC04612
:1042100070B5FDF701FC074D074EB54209D20024E9
:10422000013E761BB608013608CD01349847B442EA
:10423000FAD170BDD4860010D8860010030010B5E6
:10424000080011001B68984710BDC046F8B5437DB3
:1042500007000D001600002B38D0002A1ADD0B785D
:104260000A2B18D00020012E09D0012421006B5CFC
:1042700001340A2B1AD0B442F8D1864203DD311A38
:104280003B6828189847AD19013D2B780D3B5A42E1
:1042900053413B75F8BD037D002BE3D102210E484D
:1042A0003B689847012EEED00120DEE76B1E5B5C79
:1042B0000D2BE0D0884203DA091A3B68281898478A
:1042C000054802213B6898472000D4E703681100A5
:1042D00028009847DEE7C046308B0010F8B50B6821
:1042E0000D005A1CCB180A601871802A00D0F8BD46
:1042F0000E4B1C68002C15D00D4E0F1D02E02469DA
:10430000002C0FD02368002BF9D03368002B01D08C
:10431000A342F4D1200039002A68FFF797FF2469EF
:10432000002CEFD100232B60E1E7C046F0210020F4
:10433000FC210020F0B54646D6464F46C0B582B0B7
:1043400090461C0006000D00FDF78EF800232F4A52
:1043500012184B41002B02DA01222D4B52422D49FB
:1043600008008A4604F050F981466B1C03D13000E6
:1043700003F09CFC0500002C27D0274F274B1C681E
:10438000002C18D04346002B21D1254B984602E043
:104390002469002C0FD02368002BF9D043461B68FA
:1043A000002B01D09C42F3D120002A003100B847F5
:1043B0002469002CEFD14B46002B23D1280002B0FA
:1043C000E0BCBA46B146A846F0BD164FD6E7144B3E
:1043D000984602E02469002CEDD02368002BF9D028
:1043E00043461B68002B01D0A342F3D12A003100C1
:1043F0002000B8476B460A222000DA71D91D093A1D
:10440000B847E7E7504604F01FF9D7E740420F00EE
:10441000FFFFFF7FB01600204D420010F02100206A
:10442000FC2100203D420010F0B54F464646D646DE
:104430009946194BC0B5924607000E009846174D95
:1044400043461C68002C03D114E02469002C11D0D1
:104450002B68002B01D0A342F7D1A368002BF4D026
:104460003100380098470028EFDDE0BCBA46B1467D
:10447000A846F0BD0A4B5B6A994508D8084A926A7B
:10448000524502D302204042EFE79945FAD101207C
:104490000021FCF7F3FFD3E7F0210020FC210020EE
:1044A000004005400A4A1368002B05D10CE01A00B1
:1044B0001B691032002B07D08342F8D1002902D1AA
:1044C00018691060196170470029FCD01060FAE784
:1044D000F021002010B500F0A9F900F05DFB0120EB
:1044E00010BDC046F0B5CE46474680B583B06B469A
:1044F0000600DD1D2870FCF7B7FF0023194A1218CB
:104500004B41002B02DA0122174B52421749080097
:10451000894604F079F8164B80461C68002C14D0AC
:10452000144F02E02469002C0FD02368002BF9D02F
:104530003B68002B01D09C42F4D1200001222900CD
:10454000FFF784FE2469002CEFD14346002B05D1F0
:10455000300003B0C0BCB946B046F0BD484604F0D8
:1045600073F8F5E740420F00FFFFFF7FB016002011
:10457000F0210020FC21002070B5040003F096FB20
:1045800001230100050001222000FFF7D3FE084BA4
:104590001C68002C06D06368002B05D0984724695E
:1045A000002CF8D1280070BD2469002CF3D1F9E764
:1045B000F0210020F0B5CE46474680B5A3B00400F8
:1045C0000E00FCF751FF0023264A12184B41002B26
:1045D00002DA0122244B5242244804F015F8002349
:1045E0002200019380463300214801A9FFF794FD82
:1045F000204F019B81463C68002B19D0002C2FD006
:104600001D4E02E02469002C0FD02368002BF9D046
:104610003368002B01D0A342F4D12000019A02A9F3
:10462000FFF714FE2469002CEFD100233C680193AE
:10463000002C06D06368002B0CD098472469002C0E
:10464000F8D14346002B07D1484623B0C0BCB94639
:10465000B046F0BD2469EBE7044803F0F5FFF3E74B
:104660000194EEE740420F00FFFFFF7FB0160020ED
:10467000DD420010F0210020FC2100200FB400B525
:1046800083B004A901C90191FFF794FF03B008BCEE
:1046900004B01847F0B5002915DD0E4B0D271A6838
:1046A0000D4B0E4CD3185D426B41451820215B0029
:1046B0001E5F0478A64207D093691942FCD10130ED
:1046C0001460A842F5D1F0BD93691942FCD117607E
:1046D000F2E7C046442600200080FCBF40260020B0
:1046E0001F4B30B51B680D1E9C462ADD441E102151
:1046F00000201C4B1A689369194214D10130936948
:104700001942FCD1136823548542F4D16346002B2F
:1047100007D050239363516B183B0B40124952183A
:104720001360280030BD6346002B07D050239363ED
:10473000516B183B0B400C49521813600028F1D103
:104740000BE0002B09D05022064B1B689A63596B73
:10475000183A0A4004495B181A6003204042E1E716
:10476000882100204426002034100000064B10B59C
:104770001B68002B06D00021044A12689163044A8A
:104780001068984710BDC0468821002044260020AC
:10479000902100200822034B19688B691A42FCD132
:1047A0007047C0464426002070B51A4E1A4B326836
:1047B0000400D31858424341184D143318002B6895
:1047C000002C02D0002B0FD070BD002BFCD00600B7
:1047D00000219463FBF7F8FE30001149FCF732F832
:1047E000104B2C601C60EFE72C6004000D4B19602F
:1047F0000B49FBF721FF01212000FBF7E5FE5022CA
:1048000033689A63596B183A0A4007495B181A6073
:10481000DAE7C046442600200080FCBF8821002043
:104820006D47001090210020341000000D4B10B592
:104830001B780D4B0D4C1B780D4B02211B780D4B3B
:1048400000202360FBF7A0FD02210120FBF79CFD67
:10485000E12120684902FCF757FE01210648FFF7D5
:1048600021FE10BD288E0010248E0010442600204A
:10487000208E00100040034030100020024B1860D2
:10488000024B19607047C0468C2100209421002003
:1048900010B5024B1878FBF7B5FE10BD5F2600205F
:1048A000154B70B51A68002A22D0EFF3108172B64A
:1048B00010680028FCD0BFF35F8F00200F4A5960BA
:1048C00010701B68BFF35F8F186081F3108800249D
:1048D00000250B4E3078FBF789FE002804D1002418
:1048E00000252900200070BD3078FBF78BFEF8E72B
:1048F000FA240025A400ECE71426002060260020FE
:104900005F26002070B5050000200E0001F078FB46
:10491000002834D0002001F089FB00282FD0FCF7BC
:10492000A3FD0023174A12184B41002B16DB164C2F
:10493000200003F069FE002821D0002001F060FB78
:1049400000280FD101200021404200F089FD0325FD
:104950006D42200003F078FE280070BD01220B4B51
:104960005242E4E7002001F061FB0028EAD0290070
:104970003200002001F064FB051EEAD1E7E70325C1
:104980006D42E9E740420F0038260020FFFFFF7F1D
:1049900010B5FCF769FD00230D4A12184B41002B9E
:1049A00002DA01220B4B52420B4803F02DFE002885
:1049B0000CD001200021404200F052FD002001F007
:1049C00083FB0028F5D1044803F03EFE10BDC0462D
:1049D00040420F00FFFFFF7F38260020F8B5CE468B
:1049E000474680B505000C00FCF73EFD0023344A25
:1049F00012184B41002B02DA0122324B524232494B
:104A00000800884603F000FE002803D1C0BCB94668
:104A1000B046F8BD002001F0F3FA002848D0002687
:104A2000002C41DD294B994613E0A919002001F023
:104A300087FB070001200021404200F011FD00200B
:104A400001F042FBFCF710FD204BF61903C3B44202
:104A50002ADD002001F094FBA71B0200B84200DD14
:104A60003A00002AE1D101200021404200F0F8FC88
:104A7000002001F029FB002001F0C2FA002813D029
:104A8000002001F07DFB0028E1D1FCF7EDFC4B4656
:104A90000F000CCB002184460D4812184B419F4259
:104AA00002D8D4D19445D2D9404603F0CDFDADE72C
:104AB00000200021054B03C3404603F0C5FDA5E7D8
:104AC00040420F00FFFFFF7F382600200019002022
:104AD00020A1070030B5002185B0284803F0A4FDCF
:104AE00000281CD1264B1A68002A16D0EFF310813B
:104AF00072B610680028FCD0BFF35F8F01242148F4
:104B0000596002781B68D2B20470BFF35F8F002037
:104B1000186081F31088002A17D005B030BD01203D
:104B20000021404200F09CFC002001F07FFA0500CB
:104B3000124803F089FD002DEFD0134B1B68002BAA
:104B4000EBD0124A10689847E7E7FCF727FA040011
:104B5000FCF78AFCFA220023920012184B41002B2A
:104B600002DA01220A4B52420121029100210191F5
:104B7000084920000091FCF715FACEE738260020FE
:104B800014260020602600208C2100209421002083
:104B9000FFFFFF7FA1480010D02310B51B0684B093
:104BA0001C68FCF7FBF9FCF7FBFAA04202D00020DE
:104BB00004B010BD284B002100201B7801F0A6FC9A
:104BC00026480368002B44D00120FBF77FFFFF231A
:104BD000234C244920701840FBF72EFD207801213A
:104BE000FBF7F2FC0520FBF717FD002824D1082273
:104BF00000211D48FDF7ECFEFCF7D0F90400FCF79E
:104C000033FCFA220023920012184B41002B02DAE7
:104C10000122164B524201210291002101911449B7
:104C200020000091FCF7BEF90028C0DB11480121EB
:104C3000FFF738FC0120BBE70120FBF783FC0100F4
:104C40000948FBF7A3FF002205200B49FBF71EFDD7
:104C5000ECE7FBF77FFFB7E72C8E0010382600202B
:104C60005F260020D54A001014260020FFFFFF7F9A
:104C7000A1480010481000209148001000487047DB
:104C8000C88B001000487047748B001010B50400EA
:104C900016480378002B20D0002C06D1144B154861
:104CA0004380063BFF3B038010BD052C1CD8124BF4
:104CB000A400E4580F480123811C013C04E00133A7
:104CC0000A800231142B0CD0E25C002AF7D1C022FA
:104CD000DBB25B0092001343E5E7112100F016F808
:104CE000DAE7CA239B00DEE70020DDE74826002044
:104CF00009040000C82100205C8B001010B5024898
:104D000000F0F4F810BDC0462C26002030B5012973
:104D100000D1BBE0744B01391A7812111400303401
:104D2000092A00DDB5E00470012900D1DAE00F2284
:104D30001C78224014003034092A00D9ACE04470B9
:104D4000022900D1CEE05A78944612111400303472
:104D5000092A00DDA3E08470032900D1C2E0644683
:104D60000F22224014003034092A00D99AE0C4707E
:104D7000042900D1B6E09A78944612111400303418
:104D8000092A00DD91E00471052900D1AAE06446FA
:104D90000F22224014003034092A00D988E04471DF
:104DA000062900D19EE03025AC46DC7822119444DF
:104DB000092A00DD7FE062468271072900D191E077
:104DC0000F22224014003034092A00D977E0C47140
:104DD000082900D186E03025AC461C792211944484
:104DE000092A00DD6EE062460272092900D179E0ED
:104DF0000F22224014003034092A67D844720A294D
:104E000000D16FE03025AC465C7922119444092A28
:104E10005FDC624682720B2964D00F2222401400AC
:104E20003034092A59D8C4720C295BD03025AC46DD
:104E30009C7922119444092A02DD0735AC4694443A
:104E4000624602730D294DD00F22224014003034E7
:104E5000092A01D93732140044730E2942D0DA7975
:104E600013111C003034092B01DD37331C0084730F
:104E70000F2937D00F2313401A003732092B01D8DE
:104E800030331A00C27310292CD010300023037065
:104E900030BD3732140046E7373214004FE737325F
:104EA000140058E73732140061E7373214006AE71C
:104EB0003732140073E70735AC4694447BE737324A
:104EC000140084E70735AC4694448CE7373214006D
:104ED00094E70735AC4694449BE737321400C4721C
:104EE0000C29A3D14018D1E72C26002010B588B09A
:104EF00004000D2200216846FDF76AFD0D22002105
:104F000004A8FDF765FD6A464B236846137004A9A3
:104F100000230D2203F0A0FB152108222000694484
:104F2000FDF75CFD08B010BD7047C0460022014B84
:104F30001A7070475E2600204B790020FF2B0BD1A2
:104F40008B79002B08D1CB79012B05D1082A03D905
:104F5000024B8A7809301A707047C0465E260020DE
:104F60000120704710B5012913D1154953791079E3
:104F700009781B0203430020994200D010BD5378EA
:104F8000012B08D0022BF9D1642200210020FCF76C
:104F90008DFC0120F2E7D178937809021943802330
:104FA0000A005B001A40194206D00A06D20F480ACE
:104FB00003231940FCF702FD01204042F8E7C046F8
:104FC0005E26002000487047848C00109446012320
:104FD00010B501290AD152780023012A06D1624670
:104FE0001179527912020A43072A01D0180010BD24
:104FF000A6336146024A00F0EBFE0300F6E7C04626
:10500000DC8B00100123037000487047A88C00104F
:105010004B780A781B0213438A7810B512041A439E
:10502000CB781B0613439622D200934200D010BDCA
:105030000022012011004042FCF7C0FCF8B500F04E
:105040003BF90C23194DFF22AB6705201849FBF7EC
:105050001DFB184C402200212000FDF7B9FC402721
:10506000002301262121144A66702783A260136061
:1050700063545F31618445396354104A1049636059
:10508000E2602787A1620B606362E26203F0C4FA08
:1050900080239B052E64EB6490230A4A0120EA508A
:1050A0008022094B5202DA64F8BDC046000011505C
:1050B000110500200422002084001050000110502F
:1050C0008000105010D001000020115010B50121B7
:1050D0000520FBF779FA10BD10B500220021024827
:1050E00000F00AF910BDC04624220020044B1970BC
:1050F000002904D080219023024A8902D1507047B0
:105100005A260020002011500B785B0600D0704713
:105110004B78052BFBD18A78014B1A60F7E7C04624
:1051200000001150F8B5CE464746CB7880B59B07B6
:105130009A0F1000012A58D08C780A794B797F2178
:105140001B022140E50913434A0091462C4E521997
:105150005201B218947001246C40547000245B0515
:105160005B0DD4701383D076CA00012D2CD0254F4F
:10517000D2198F01BC46B4446746BA601460002956
:105180002CD0214AC900891879603F339B09022835
:1051900032D09A014B461D4C5B1921685B01F61811
:1051A0001B4B8A18F16022609A4227D8194A83065D
:1051B0004A40134380221206134372681360012091
:1051C000C0BCB946B046F8BD134FD2198F01BC46DA
:1051D000B4446746BA621460002908D100236D0107
:1051E00075196B600D4BEB60E9E70020E8E7094AB1
:1051F000C90089187962C8E7DA01CBE7FCF706FC39
:1052000004220020840010500400105010260020BA
:10521000FF0F10500000105080001050000110507F
:1052200010B503F0F9F910BD7F2010B5084040001B
:10523000C90940181100044A400180181A0000F002
:105240005BF8012010BDC046042200207F23180017
:1052500000B5084083B00B4204D14B424B41084A91
:10526000013393668022C9094000064B4018400173
:105270000021C018120103F0BFF903B000BDC04601
:1052800000201150042200207F22130010B50B4093
:105290000A4200D110BDC9095B005B1804485B01DC
:1052A000C018002300220349C37003F0A5F9F1E7F9
:1052B00004220020FFF7FFFF80220A4B520410B5A2
:1052C0001A60094B09491A6010000B689843FBD11A
:1052D0008022002152010648FDF77AFB0922054B86
:1052E0005A6710BD00E0004000F0004008C00040D8
:1052F0000000105000001150002310B5C38201338C
:10530000828283760161040003F0AEF9002804D0A4
:1053100080219023074A8902D150200003F0B4F97C
:10532000002802D00123237710BD200003F0A4F948
:10533000FAE7C046002011507047C0467047C0468B
:1053400000207047002070477047C0467047C04635
:105350007047C0467047C046024B5878431E98417C
:10536000C0B27047681D0020024B18784007C00F7C
:105370007047C046681D0020F0B5D6464F464646E9
:10538000C0B52C4B814698461B788A46FF2B4BD1E3
:1053900000293BD0002154222748FDF719FB0022A9
:1053A000264C274B20001A70FBF7D4FB254B1C60C2
:1053B000254C2000143CFBF7DBFB200001F098FBA0
:1053C000224B234D1C60234B002B04D02800FFF7F9
:1053D00019FE214B186000242B78204F1E4E0DE043
:1053E000336862019B18002B10D05B68002B0DD036
:1053F000984701342B78E4B2A34209D3A342EFD8F3
:10540000E31A5B01DB195B68002BF1D100200CE093
:1054100042464B46514648461370FFF70FFE0028A0
:10542000F4D04846FFF752FE0120E0BCBA46B14630
:10543000A846F0BD7C100020681D0020601D0020E3
:105440005B260020BC1D002074100020C01D002021
:105450005926002005500010801C0020708D00107F
:10546000F0B5DE4657464E464546E0B5C84B91B0CE
:1054700003931B78FF2B00D142E1C64BC64E1F00A1
:10548000C64B0DAC0293C64B019335686A69EFF3C6
:10549000108172B61368002BFCD0BFF35F8FA96137
:1054A0002800210001F05AF96A69AB69BFF35F8FE8
:1054B0000021116083F31088002800D120E1637877
:1054C000082BE2D89B00FB589F466368002BDCD07A
:1054D000A0689847D9E77F222179B04D0A40530050
:1054E000EB189846C80980444046012330300579BE
:1054F0009D430571057903339D430571002A00D151
:1055000005E14346A74A1B7D1278934200D3F5E09C
:10551000A54A5B011568ED18002D00D1F0E0A368E5
:1055200062792078AD69A847AFE7A04B1A78002AC6
:1055300000D1E5E01A78013A1A701B78002BA4D14B
:105540000122964D01212B78042013432B70342324
:10555000EA5C8A43EA54EA5C8243EA540133EA5C37
:105560008A43EA54EA5C8243EA54237800209B464B
:1055700000F088FC602223791A40602A00D1F1E013
:10558000402A00D1F7E0DB06DB0E012B00D115E14C
:10559000022B00D1CAE0002B00D0E3E0202A00D18A
:1055A00011E2002A00D0DDE06379092B00D9D9E0AF
:1055B0007F4A9B00D3589F46784D2B78DB0700D459
:1055C00063E7FFF7C7FE60E7029BDB78DB0700D4E9
:1055D0005BE76068FFF7B2FE57E7704D2B78DB079B
:1055E00000D452E728780007C00FFFF7B1FE4CE760
:1055F00023786B4A994693466A4B6B4A9846924683
:105600003A00002547461B78B0464E4691460EE0CC
:1056100053461B686A019B18002B00D17DE0DB68B4
:105620003000984701353B78EDB2AB420CD3AB422A
:10563000EED8EB1A5B015B44DB683000984701351C
:105640003B78EDB2AB42F2D2544D542200212800F7
:10565000FDF7BEF91022FF21281DFDF7B9F928003A
:105660002022FF21143046464F46FDF7B1F900F0E5
:10567000FFFB2379AB7008E723784B4A9946494BE7
:10568000924698463200BB464E4600254746914614
:105690001B780DE053461B686A019B18002B40D015
:1056A000DB683000984701353B78EDB2AB420DD353
:1056B0009D42EFD3019AEB1A5B01D318DB683000EF
:1056C000984701353B78EDB2AB42F1D2029D5422AE
:1056D00000212800FDF77CF91022FF213548FDF755
:1056E00077F928002022FF2114304E465F46FDF74F
:1056F0006FF900F0BDFBFFF729FEC6E6934213D019
:1057000011B0F0BCBB46B246A946A046F0BDA368A6
:105710006279207800F0CAFBB7E646464F461F4D37
:10572000A5E74E465F46E4E71D4DF8E67023217A73
:105730000B4217D1C80982460F330B405B009846D5
:105740001848EB1853441B7D0078834264D21648F6
:105750005B01006881469944002A00D155E14B461F
:10576000002B61D120780021FFF770FD8021207887
:10577000FFF76CFD89E6104800F084FB01215846D4
:105780000EAAFFF723FC002800D07EE6EAE7C04619
:105790007C100020C88C0010C01D0020681D002057
:1057A000708D001059260020801C00205B260020F0
:1057B000EC8C00106C1D0020CD4F0010237A228944
:1057C0000F2BCFD8FF231340D14AEB181B79127847
:1057D000934234D3C6D1CF4D686900F053FB012109
:1057E00058466B690EAA9847002800D04DE6602203
:1057F000150023791D401A42B4D163790A3B012B6D
:10580000B0D800F03FFB63790A2B00D18AE15846FB
:105810000EA900F0C7FA38E6834200D0F0E0BD4B95
:105820009946002A00D1F0E04B46586900F02AFB67
:105830004B46012158465B690EAA9847A3E7B64A32
:105840005B011568ED18002DC6D18BE7A379994649
:105850006B789945DBD06B78002B00D02CE14B4660
:105860006B70002B00D124E148460138C0B2FFF72D
:1058700009FA002800D174E143780793022B00D085
:105880006FE10122C179B1468B11491113400A40E1
:10589000302112015B0113432A78A8468A4313433F
:1058A0002B7009239A4682445646BA46C3788278BA
:1058B0001B021343C3180593954B0493954B089310
:1058C000954B0993954B0A93059BB34200D84BE146
:1058D000737801220B2B03D13378F278F6187378A2
:1058E000042B00D03AE1059B00279B1B9BB206933B
:1058F000049B0B921D7819E0099A7B011568ED183D
:10590000002D00D12AE1310058462B69069A9847AC
:105910008446082803D9069A824200D30BE1049BEF
:1059200001371D78FFB2BD4200D217E1BD42E3D876
:10593000089B7D1B6D015D19E5E76B780CAA0232AF
:105940001370584601230EA900F042FA9DE5E08845
:10595000030AC0B20F2B00D904E771499A008A5894
:1059600097460EA800F094FA5846A179FFF7B4FBC9
:1059700002222B7813432B7087E5E388012B00D09C
:10598000F0E608222B78584693430EA92B7000F0BE
:1059900009FA7AE5022029780CAB9A1C8B06890853
:1059A000DB0F01400B431380584602230EA900F081
:1059B0000FFA6AE5E388012B00D0D3E608222B78A2
:1059C00013432B7023E7237A22890F2B00D9C9E6D2
:1059D000FF2313404E4AEB181B791278934228D2CA
:1059E0004D4A5B011568ED18002D00D1BAE66869D3
:1059F00000F048FA012158466B690EAA9847C2E6A2
:105A0000002A00D0AEE600239946627902201300F6
:105A100004928343012B11D0002A00D0A2E62B0070
:105A20004344534430331B790CAA9B07DB0F0232EB
:105A3000B9E7934200D095E6364DD8E7E388002BCE
:105A400012D1039B1878049B012B23D0FFF7FEFB98
:105A500043460221EB18534430331A790A4301219B
:105A60001A711A790A431A714B46002B00D10CE5C2
:105A7000586900F007FA4B4601215B690EAA5846A7
:105A80009847002000F0FEF93523EB5CDB0700D5DA
:105A9000FBE4BCE6FFF7F8FB43460221EB18534456
:105AA00030331A798A431A711A7904998A431A7120
:105AB000DAE7FFF74BFCAAE600215846FFF716FB92
:105AC0005846FFF7ADFB00229246124AAB7805928A
:105AD000114A049306922A000D4B55469846924669
:105AE0001B780EE0069B6A011B689B18002B54D0A4
:105AF000DB6858469847434601351B78EDB2AB4208
:105B000037D3AB42EED8059AEB1A5B01D318EFE717
:105B100059260020708D0010801C00207C1D002064
:105B2000148D00100CAB9A1C584601230EA9157059
:105B300000F04EF9A9E40B9A012A4CD0002A3CD07F
:105B40000023B07804E00133DBB20F71934234D20A
:105B5000C118C9B241440D79FF2DF4D04E464546D7
:105B6000574600236B70FDE54E465746FFF7ECFBAA
:105B70004DE65546542200212800FCF729FF10224B
:105B8000FF21281DFCF724FF28002022FF211430CC
:105B9000FCF71EFF049BAB7061E65546FAE7FFF782
:105BA00011FA021E00D1DDE5D37891781B020B4378
:105BB00058460EA900F00CF9E5E565463B003100BA
:105BC0002A000A9800F046FD049B76191B78BB4218
:105BD00000D379E6C2E7174B29699942B0D1079AF9
:105BE000AEE7FFF7ADFB021E00D1BBE558461378C8
:105BF0000EA900F0EDF8C6E52189FFF747F8021E6F
:105C0000F4D1AFE5022B0FD0FFF79CFB021ECBD1E6
:105C1000A8E5FFF733F8021E00D1A3E5122358468A
:105C20000EA900F0D5F8AEE5FFF72CF8021EBBD1A7
:105C300098E5C0467D620010F0B54F464646D64610
:105C4000C0B50C0016001F0082B0002A3AD07023A5
:105C500098461D4B002599461C4B9A461AE04B4628
:105C60001B78200001935346997800F0B9FC002876
:105C70001CD021000198FFF755FA002816D0A37810
:105C8000DA09012A19D00A9A01351370B54219DAD6
:105C90002378E4186378052B08D1E3789B079B0FE2
:105CA000BB4203D14246A3781A42D8D0002002B0AA
:105CB000E0BCBA46B146A846F0BD0B9A0135137058
:105CC000B542E5DB0120F2E77C100020681D0020D2
:105CD000702270B58B780C001A4201D0002070BD84
:105CE000064B20001D78064B997800F079FC0028BF
:105CF000F4D021002800FFF715FAF0E77C1000200F
:105D0000681D00207F20074B10B51A680840CB099A
:105D100034334000C018044B1100C01800F01CFCC4
:105D200010BDC046BC1D0020681D00207F20074B11
:105D300010B51A680840CB0934334000C018044B32
:105D40001100C01800F030FC10BDC046BC1D002082
:105D5000681D002070B57F24C80984460C400F4898
:105D600064000419644430342079C00701D5002050
:105D700070BD0B48012500788446207928432071A6
:105D80006046FFF751FA0028F2D1012223799343AC
:105D900023712379033293432371E8E7681D0020C0
:105DA0007C10002070B5094C0600082220000D0070
:105DB000FCF714FE00238021E360A3602B78300001
:105DC000994300220023FFF7C5FF70BD481D002046
:105DD000F0B5C646244C170080460822200000B5C6
:105DE0000D001E00FCF7FAFD0023A760E381EB79AC
:105DF000AA791B0213431A1CB34200D9321C96B273
:105E0000A281002B0CD0002E15D0002F2AD0402EBE
:105E10001AD8237896B27F2B1BD80021134A0EE0A4
:105E200080212B780022994340460023FFF792FF00
:105E300080BCB846F0BD7F2300222178994333000F
:105E40004046FFF787FFF3E74022237896B27F2B87
:105E5000E3D9064C320039002000FCF7BFFD802159
:105E60002200ECE70020E3E7481D0020081D002089
:105E700010B5142200210248FCF7AAFD10BDC0464F
:105E8000481D0020014B18617047C046481D002086
:105E900010B5054C010008222000FCF79FFD0023EF
:105EA000A360E36010BDC046481D002070B5374CAC
:105EB0001D0023780600DA09C9098A4210D00020A3
:105EC000002D00D070BD21003000FFF71DF92369BF
:105ED000002B03D022000321300098470120F1E776
:105EE0007F2B06D8A0680028ECD02A002849FCF7B0
:105EF00075FDE289A1685219E38892B24919E281DD
:105F0000A160934214D03F2D12D9A389981A051C81
:105F100080B2402828D82078ADB27F2826D800212A
:105F20009A4230D01A4A2B003000FFF713FFC9E71E
:105F30002369002B05D02200022130009847002859
:105F400008D0802123780022994330000023FFF7F6
:105F500001FFB7E700213000FFF778F9300080211A
:105F6000FFF774F90120ADE74025D4E79A4207D046
:105F7000074C2A002000FCF731FD80212200D2E7E7
:105F800080210022CFE70022CDE7C046481D002037
:105F9000081D002070B50400FFF7DEF9002800D1CD
:105FA00070BDFFF7E1F90028FAD1C8236343124A14
:105FB0002500D418E1780029F2D010339E18300063
:105FC00000F0B6FB3F28EBD90020E178FFF79AFEFE
:105FD0000028E5D0300000F0ABFBE1783F2807D97E
:105FE000064BEA01D21800204023FFF7B3FED7E7A3
:105FF0000020FFF79BFED3E7B8160020841C00208A
:1060000010B50400FFF7A8F9002801D1002010BD49
:10601000FFF7AAF90028F9D1C8226243024B0130E8
:106020009B181B791840F2E7B8160020C82310B55A
:1060300043430248181800F05DFB10BDC81600204D
:10604000F8B5C82343431D4D1033EE1880230400D8
:106050005B029A4200D31A4A300092B200F0CCFBA5
:106060000700FFF779F9002801D13800F8BDFFF7E4
:106070007BF90028F9D1C8236343ED18EB78002B96
:10608000F3D0300000F054FB3F28EED90020E9782F
:10609000FFF738FE0028E8D0300000F049FBE9782F
:1060A0003F2807D9074BE201D21800204023FFF711
:1060B00051FEDAE70020FFF739FED6E7B8160020D8
:1060C000FFFF0000841C0020F8B50400FFF744F92E
:1060D000002801D10020F8BDFFF746F90028F9D1CA
:1060E000C82325005D432B00134E2433F7183800D6
:1060F00000F000FB0028EDD075190020A978FFF70B
:1061000001FE0028E6D00D4AE3019C182100402240
:10611000380000F071FBA9780300051E07D02200AB
:106120000020FFF717FE0028D4D02800D3E7002076
:10613000FFF7FCFDCEE7C046B8160020C41C0020C7
:1061400070B5C82444430C4B0500E41880235B025F
:106150009A4200D3094A200092B200F015FC0600D2
:10616000200000F0C7FA3F2801D8300070BD280099
:10617000FFF7AAFFF9E7C046DC160020FFFF00008A
:10618000C82310B543430248181800F0D1FA10BDD7
:10619000DC160020F0B50025184C83B0C822002181
:1061A0002000FCF715FC164B21001D70FF236371C6
:1061B000E1235B02A360200008234022A37338314F
:1061C0000095073B103000F05FFA27000123210003
:1061D00020002600402278310093B837243000F0A8
:1061E00053FAC0363800FAF7B5FC3000FAF7B2FCC3
:1061F000E56127622663656303B0F0BDB816002031
:10620000041D00200A4B196B1A6A00290CD0002AC1
:1062100007D00022DA615A631A6300221A62012051
:1062200070475A631A63FAE7002AF8D0D961F4E795
:10623000B816002070B5052200210D48FCF7C8FBF8
:106240000C4D2B78DA0707D50B4C9B070CD5012199
:10625000200000F06DFC70BD0548103000F048FCD7
:106260002B78054C9B07F2D4200000F041FCEEE7B0
:10627000B8160020041D0020DC160020F0B54B7974
:10628000070083B0022B02D18B79022B03D00024AC
:10629000200003B0F0BD214B1E009B78002BF6D1EF
:1062A0008B78092433700D784D196B78242B07D027
:1062B0000CE02B78ED181C196B78A4B2242B05D1B7
:1062C000A242F6D20020FFF765FEE1E71A00052B97
:1062D00015D0042AF6D16B790A2BF3D1104B2E7806
:1062E00001930133009338000223A919023AFFF702
:1062F000A3FC0028CBD00E34A419A4B2E2E72900F5
:106300003800FFF7E5FC0028C1D0AB7873702B781C
:106310001C19ED186A78A4B2DBE7C046B816002055
:10632000BA16002060238C461100127870B5134015
:106330000022202B08D1324C4B7926000D7924788D
:106340001B022B439C4201D0100070BD4B78222BC6
:106350001CD008D8202B39D0212BF5D16346012B36
:1063600043D00122F0E7232BEED16346012B42D02C
:10637000032BF6D1234B002BF3D08B78C978002068
:106380000902194300E000BF0122DDE76346012B4B
:1063900031D0032BE5D10125CB788A781B0213433A
:1063A0001C001D4033000121243318006940347162
:1063B00000F0BEFB144B002BD3D0012362081A401F
:1063C0002900002000E000BF0122BDE76346012B49
:1063D0000BD0032BC5D10D4B002BC2D031000020B8
:1063E0000831FEF715FE0122AEE7094A0723FFF741
:1063F000EFFC0122A8E7FFF7D5FC0122A4E7C04685
:10640000B81600200000000000000000115000102D
:10641000C0160020F8B54746CE4680B5344C1F0064
:10642000E37880460D008B423BD0A37800208B425E
:1064300011D0C0BCB946B046F8BD2E4B002B04D0DD
:106440002D4800F06DF900284FD00020FFF7A2FD85
:10645000A378AB420AD1294B002B02D0002000E0E8
:1064600000BF0020FFF730FE002801D00120E0E748
:10647000234C200000F03EF90028F7D1002FF5D082
:10648000BB06F3D1243C4046A178FFF73BFC002833
:10649000ECD0002300224046A178FFF75BFC0120EE
:1064A000C7E7184E14483100BAB200F06DFA164B27
:1064B000002BC2D06379FF2BBFD0002FBDD0BC46CC
:1064C000B444E14603E001364E45B6D063793278F4
:1064D0009A42F8D1084800F023F90028F3D1064B7E
:1064E000103B597900E000BFEDE700E000BFACE7EA
:1064F000B816002000000000C816002000000000B0
:10650000DC160020841C00200000000000B5030001
:1065100083B0002910D00020012B07D80A78002A68
:1065200004D00C48C2540120012A01D003B000BDA0
:106530001800FEF721FFF9E701236A46002001A9B0
:106540009380FEF719FF0028F0D00122014B1A704A
:10655000ECE7C0465C1D002070B5040023780800FD
:10656000DB070E00DD0F002B16D123785B0701D56A
:10657000280070BD0121494202F02EF82378DB0784
:10658000DD0F002B0AD123785B0708D4042223787F
:1065900001251343237002E00025E9E700253000C0
:1065A00002F052F8E4E7C04670B50D000121040086
:1065B0004942280002F010F823785B07DE0F002B19
:1065C00004DB280002F040F8300070BD2378DB07C0
:1065D00004D40422237893432370F2E70026F0E7E3
:1065E000437902791B021343C2785B0592075B0D66
:1065F000920F022A1AD0032A0BD00020012A07D1B9
:1066000002394A425141104A891899424041C0B268
:10661000704702394A1E91410C4A4942114080227A
:106620000020D200891899424041F1E7022904D0A4
:10663000002040229A424041EAE7054A9818434226
:106640005841C0B2E4E7C046FF03000040FCFFFF32
:1066500000FEFFFF8446881830B51C00814206D238
:106660004A78052A04D00A7889188842F8D830BDBB
:106670007F228B781A4052006244DB09D4540A7896
:1066800089188842ECD8F2E7F0B5C64600B59846BE
:106690006B461E7E802304000F0015001B029A42E9
:1066A00026D8C068002803D00121494201F094FF98
:1066B0002069002803D00121494201F08DFF4246A4
:1066C0005204F303520C1343E3800023E068638118
:1066D0002760A5802381002801D001F0B5FF206943
:1066E000002801D001F0B0FF012080BCB846F0BD09
:1066F0000020FAE7038941899C4682889BB288B2D0
:106700008C4507D31B1A9BB2101C9A4200D9181C47
:1067100080B270475100091A5B189BB2F4E7C0467B
:1067200003894089181A43425841C0B27047C04695
:10673000038941899C4682889BB288B28C4507D3E5
:106740001B1A9BB200209A4201D9D21A90B270470C
:106750005100091A5B189BB2F4E7C04670B50400FB
:1067600000690D00002803D00121494201F034FFE7
:10677000238962899C4698B291B2A388944532D30A
:10678000421A92B2002A27D0934208D298422FD3BD
:10679000C01A81B261818B4203D8C91A89B28B4277
:1067A000FBD9E28823685204520C5143280059183F
:1067B000FCF714F9618901254A1C92B2A388914221
:1067C0000DD900225B00D21A20696281002801D015
:1067D00001F03AFF280070BD0025628992B25B008B
:1067E0009A42F1DBEFE75A00521A821892B2C9E7D7
:1067F000C01881B26181CEE7F0B54646D6464F4615
:10680000C0B5060000698A46904682B0002803D0D1
:106810000121494201F0E0FE31897289B5888BB2CD
:1068200094B2914255D31F1BBFB2002F4BD0BD4233
:1068300005D2AB4252D25B199CB22F007481434601
:10684000B8453ED89FB2A54203D8641BA4B2A54266
:10685000FBD9F28831685204500C020062432B1BB2
:106860009BB28918019002009F4225D943439BB2F5
:106870001A0050469946FCF7B1F85046019A7D1B24
:106880006419544331684844A2B2FCF7A7F87189EF
:10689000B588CB199BB26A00994216D99B1A306908
:1068A0007381002801D001F0CFFE380002B0E0BCB7
:1068B000BA46B146A846F0BD50467A43FCF78EF87A
:1068C000E5E73B1CBEE773899BB26A009342E6DBB7
:1068D000E4E76F003F1BDF19BFB2A6E75B1B9CB26A
:1068E000ABE7C046F8B50400C0680F00002803D02D
:1068F0000121494201F070FE258920896189A28821
:10690000ADB283B28EB2884228D39B1B9BB29A420F
:1069100009D8E679F60906D1E068002801D001F02F
:1069200093FE3000F8BD2B0095421CD39B1A9BB2FE
:106930009342FBD2E28820685204520C5343390040
:10694000C018FCF74BF86B1C9BB2A2889D4216D96D
:10695000002352009B1A01262381DDE75100891B89
:106960005B189BB2D3E7E28820685204520C534371
:106970003900C018FCF732F80135A288ABB25200DA
:106980009342E8DBE6E7C046F0B54E464546DE46B4
:106990005746E0B589460500160083B0002A6BD043
:1069A000C068002803D00121494201F015FE2F895B
:1069B000EA79BBB298466B89AF889BB2D2093DD1C8
:1069C000984562D27A00D31A43449BB2BB4261D24B
:1069D000FB1A1A1C9BB2B34200D9321C96B2F31BAD
:1069E00001934346F3189BB29B46EA884446B84558
:1069F00003D3E41BA4B2BC42FBD252043B1B570C92
:106A00003A00624328689BB28018B34256D33A00DA
:106A100049467243FBF7E2FFAB885B00D84501D8DB
:106A20009B4502DB5A46D31A9B465B4637002B81B7
:106A3000E868002821D001F007FE1EE0BE422BD2FC
:106A400098454CD34246D21A92B27900F01B921963
:106A500001908A42C5DBDA1992B29346921B92B238
:106A60009046934240D94346591A8BB29846F31840
:106A70009BB29B46EA88B9E70027380003B0F0BC18
:106A8000BB46B246A946A046F0BD4246D31A9BB2C9
:106A9000BB429DD30027CBE7002FC9D0CC46EA8864
:106AA000F61B5104490C714398468C44D9190023B4
:106AB00089B2E1468B463E00019397E77B439BB248
:106AC0001A0049469A46FBF789FF4946019B286808
:106AD000E2187A43514492B2FBF780FF9CE77900B9
:106AE000CA1A424492B2B1E79142BCDDC2E7C04645
:106AF00010B50400C068002803D00121494201F00C
:106B00006BFD2069002803D00121494201F064FD9A
:106B10000023E06863812381002801D001F094FD07
:106B20002069002801D001F08FFD012010BDC04672
:106B300070B50400C0680D00002803D0012149424F
:106B400001F04AFD2069002803D00121494201F0EB
:106B500043FD7F21E279EB011140E0681943E171C7
:106B6000002801D001F070FD2069002801D001F05B
:106B70006BFD012070BDC046F0B5DE4657464E465F
:106B80004546E0B5060083B01F000CAB080019783D
:106B9000002393463268D36601335060D366002FDA
:106BA0003BDD7B1E994601234B409A460020802402
:106BB00040238846556F102DFCD00025AC46002898
:106BC00002D13579A9028C464D46411B4D424D41BB
:106BD00051460D4061466D020D43802149000D4331
:106BE000414615611559556B2B420AD00120536D52
:106BF0004042317103B0F0BCBB46B246A946A04644
:106C0000F0BD956F002DEDD08846594612690A54A3
:106C10000130874203D03268CCE70020E9E74146E3
:106C2000E7E7C046F0B54E464546DE465746844641
:106C3000E0B585B098460EAB91461A7863460800D9
:106C400019680023CB6601334860CB664346039244
:106C5000002B4EDD01275E1E6346802457401A79C3
:106C6000A24680254C469202002010239146AD009A
:106C70000194841B62426241019C3A40245C5202AE
:106C800022434C462243019C0A614A6B1342FCD0CA
:106C900052468A5801949146002A10D1B04223D01E
:106CA0000022013091468045E3D16346039A1A7170
:106CB00005B0F0BCBB46B246A946A046F0BD4A6D41
:106CC000012293464A6B2A42FCD00A6E5A4601942E
:106CD000002AE5D04C46002C03D009232340082B82
:106CE000E3D001204042E0E7039A002AD8D193463E
:106CF000E8E70020D9E7C046F0B5D6464F464646FD
:106D00008246C0B505200C00FAF772FD0500600848
:106D100021004019FAF7CCFF47003F180600052173
:106D20003800FAF7C5FFA0461C4B321A0400680071
:106D30009146401998452BD81949FAF7B9FF013007
:106D4000534600221B68DA66196804325140023249
:106D50000A408021490159180A604A46DA61012235
:106D60001C624F2F00D92209A0215A50DA6F31003E
:106D700050400C4A00049A18000C106001222800B0
:106D8000DA66FAF795FFE0BCBA46B146A846F0BD10
:106D90000549FAF78DFF0130D2E7C0463F420F00A8
:106DA000809698007C10000040787D01104A70B5F4
:106DB000821A531E9A41072352429A430D4B1032B6
:106DC0001A600D4B0D4C1A60150023689D432B1E55
:106DD000FAD166240268FF340571D5661460633CFD
:106DE0008833FF3CD5639563D450FFF785FF70BDB2
:106DF0008010002000E0004000F0004008C000408B
:106E000010B582B06C46247C0094FFF70BFF02B0F3
:106E100010BDC04610B582B06C46247C0094FFF7CC
:106E2000ABFE02B010BDC046F0B505002D241D4ECE
:106E300083B0325DA1B22800013400F0ADFA882C95
:106E4000F7D140228721280000F0A6FA6B460127DF
:106E5000DC1D22003021280000F078FA22003121C8
:106E60002800267800F072FA0028F2D1237836093B
:106E70005E403742EDD001228621280000F08CFAD6
:106E800000228721280000F087FA09220821280023
:106E900000F082FA00220B21280000F07DFA03B0F6
:106EA000F0BDC046638D001010B50122862100F0B0
:106EB00073FA10BD10B54022872100F06DFA10BDA5
:106EC000F0B583B06B460500DC1D22000F003021B9
:106ED00000F03CFA220031212800267800F036FA32
:106EE000002805D1227833095A40012313403B7012
:106EF00003B0F0BD70B582B06B46DE1D0C003200F1
:106F00004B21050000F022FA3378142B1CD0002806
:106F100017D1642C45D028D8212C23D0322C3DD039
:106F2000142C0ED122241E225E21280000F04EFADD
:106F3000220006006121280000F048FA304340B2E8
:106F400000E0012002B070BD0028FAD1322C30D010
:106F500014D8142C38D0212C28D00F2CF1D1272470
:106F60001D22E1E76E246022DEE7C82C12D0FA234E
:106F70005B009C42E5D1164C164AD5E7C82C20D0C0
:106F8000FA235B009C4219D0642CDAD1E224124A25
:106F9000A400C9E7BE24114AA400C5E7C624AD2257
:106FA000C2E7F524E62264005200BDE76E24D62233
:106FB000BAE7F424D72264005200B5E7084C094A26
:106FC000B2E7094C094AAFE76E245122ACE7C0464C
:106FD000A40400008F040000E1020000D9020000B8
:106FE000C10500009105000096040000E1030000C7
:106FF00070B582B06B469D1D2A000E005E21040014
:1070000000F07CF9D7222B885200934200D17DE01A
:1070100011D8512B00D187E069D80F251D2B00D046
:107020006FE0002803D1012E41D0022E13D00120A1
:10703000404202B070BD3E4A934269D06AD83D4A90
:10704000934265D03C4A934270D0163AFF3A642589
:107050009342E6D0EBE70A224B21200000F09CF996
:107060000F2206006021200000F096F90D22632116
:107070000643200000F090F9B82269210643200061
:1070800000F08AF92D4A06437821200000F09EF98D
:107090002B4A06437A21200000F098F9304340B291
:1070A0000028C6D129002000FFF724FFC1E71422E1
:1070B0004B21200000F070F907220600602120001B
:1070C00000F06AF9052263210643200000F064F90C
:1070D000382269210643200000F05EF9194A064370
:1070E0007821200000F072F9174A0643D2E7AD2B51
:1070F0000CD02125D62B00D193E7602B00D190E74F
:1071000095E705351E2B00D18BE790E7322588E700
:10711000C82586E70D4A934203D00D4A934200D01A
:1071200085E7FA256D007CE714257AE7642578E782
:10713000E1030000D9020000E10200000D0F000091
:107140000E0E000005070000060600008F04000078
:1071500091050000F0B583B06A46941D22000F002F
:10716000DE21050000F0CAF8238806009B05980D73
:1071700020807843FBF772F8074B084AFBF703F8C7
:10718000FBF7ACF86C210200280000F039F933005D
:10719000034358B203B0F0BD3333F13F33333333DD
:1071A00010B50A00E52100F0D1F810BD30B583B06C
:1071B0006B469C1D1023FF330D002200190000F0C8
:1071C0009DF823882B8003B030BDC04630B587B012
:1071D00001AD0C0011232A00892100F05BF8002882
:1071E00021D11F232A781340172B1ED923700B237C
:1071F0006B441A785B781B0213435BBADB00A380F5
:10720000EB78238113236B441A785B781B021343BA
:107210005BBADB00E38011236B441A785B781B02B6
:1072200013435BBA638007B030BD014AD35CDDE72E
:10723000EC8D001030B5144B83B0050019600800C8
:107240001249FFF7B3FD03210420F9F79DF803214C
:107250000520F9F799F8002201210420F9F7ACF88C
:10726000002201210520F9F7A7F86B469C1D21009B
:107270002800FFF79BFF2288054B9A4201D103B0FB
:1072800030BD01204042FAE704260020A08601001C
:10729000CCEA0000F0B5CE46474691461E005A1C87
:1072A000802380B59B0083B09A421FD80027114AE3
:1072B000114D49BA11800223C1B22868009788464F
:1072C000FFF79EFD022811D1FF24344023002868D7
:1072D0004A4641460097FFF79DFD201A431E9841FC
:1072E000404203B0C0BCB946B046F0BD01204042A8
:1072F000F7E7C046841F002004260020F0B50026D2
:107300001500104F104A83B049BAC4B211803868D2
:10731000022321000096FFF773FD02280FD10223FC
:1073200038682A0021000096FFF774FD0238431EDA
:10733000984140422B885BBA2B8003B0F0BD0120FE
:107340004042F7E704260020841F0020F0B5002506
:1073500017000F4E0F4A83B049BAC4B2118030688B
:10736000022321000095FFF74BFD02280CD10123D9
:1073700030683A0021000095FFF74CFD0138431EAC
:107380009841404203B0F0BD01204042FAE7C046B8
:1073900004260020841F0020130000B5094A83B092
:1073A0009370094B49BA1180C1B218680023009349
:1073B0000333FFF725FD0338431E9841404203B0D5
:1073C00000BDC046841F002004260020130000B525
:1073D000094A5BBA83B05380084B49BA1180C1B2E5
:1073E0001868002300930433FFF70AFD0438431E96
:1073F0009841404203B000BD841F002004260020B5
:1074000030B50D4C85B012BA49BA050003922180FF
:10741000042203A9A01CFBF7E1FA084B220018681C
:107420000023E9B200930633FFF7EAFC0638431E57
:107430009841404205B030BD841F00200426002042
:1074400010B50800F9F70AFF002010BDF0B54E4650
:10745000DE46574645460C00E0B50B34814685B004
:10746000162C21D8102900D9D0E000F0A1FA102460
:1074700018230221C94DEB181A005F68083A974299
:1074800000D172E103227B68B9689343FA68CA604D
:1074900091600121FB185A6848460A435A6000F07F
:1074A0008FFA38000830B5E007239C4300D5ADE0E3
:1074B000A14200D9AAE000F07BFAFC235B009C42C9
:1074C00000D2B9E1610A00D1ABE0042900D980E122
:1074D00038239C46A1098C44E0463931CB00082270
:1074E00052429446AD4DEB189C446346DF68BC4560
:1074F00012D00B00032661469C4607E0F868002A7C
:1075000000DB2CE1814200D12DE107007B68B34311
:107510001A1B0F2AF2DD41462A002F6908329742D2
:1075200000D10BE103207B688343181B0F2800DD8B
:1075300086E12A616A610028ABDA6A689446802293
:107540009200934200D316E1DA08580901238340E0
:10755000604618438446D3005B199A686860FB60F4
:10756000BA609F60D76001208B10984060455FD85B
:10757000634603420AD10323994363464000043122
:10758000034203D1400004310342FBD00323A84649
:107590009C4683460D00E80040440600AA46F36876
:1075A0000BE061465A688A43171B1900DB680F2FEE
:1075B00000DD1BE1002F00DB2FE19E42F1D153469D
:1075C00001339A4608369B07E9D1032205E0036898
:1075D0000838013D834200D0E2E12A42F7D1424619
:1075E000594653688B4353605A46520093469A4219
:1075F0001DD8002A06D11AE05246043292465A4655
:10760000520093461342F7D05546C4E70C234A462E
:107610001360002005B0F0BCBB46B246A946A046A8
:10762000F0BD80233F22402190469B0057E745460E
:107630000322AF687B6893439A46A34202D31B1B85
:107640000F2B7EDC564B08201B6810331E1900F0F0
:1076500017FB544B834601931B68013304D0731E00
:107660001B18424213401E003100484600F0F0FA59
:107670008046431C00D1FDE05346FB18834200D9ED
:10768000F6E0494A11680292891911605A46013A96
:10769000834200D139E101980068013000D13FE117
:1076A0004046C31A5B1802990B6041460723080045
:1076B00018400190194200D1F9E0C446310001336D
:1076C0001B1A9C44614403915B4411405B1A1A40AD
:1076D00011004846E046160000F0BAFA431C00D1FB
:1076E0003AE1029B1968891919604346C21A0120C0
:1076F00092190243AB605A60AF4213D053460F2B2E
:1077000000D811E107220C3B93437A680240052020
:107710001A437A60FA18506090600F2B00D921E16B
:1077200043465A68214B1868884200D21960204BA2
:107730001868884200D2196047469DE06B689C46F5
:1077400011E701222100134311433C197960484697
:10775000AC60636000F034F9380008305AE7BA686A
:10776000D060826095E66146D6E6DF680231BB42B2
:1077700000D1D1E686E65A0A042A73D9142A00D920
:10778000A7E010005C325B30D200AA18083A16005D
:1077900092688846964210D181E0C0469810002039
:1077A000401B002090100020101B0020381B0020E0
:1077B0003C1B00209268964204D003215068884305
:1077C0009842F7D84146D668FE60BA60B760D76085
:1077D000C9E614295CD9542900D982E06E239C465D
:1077E000210B8C446F31E046CB0078E601200E007F
:1077F0004546091904437460B4680835E3603843AA
:107800009C60A960E9604860CD6048468D60B750D3
:1078100000F0D6F830000830FCE601200C008A1891
:10782000516808340143516022684846D3609A6029
:1078300000F0C6F82000EDE62300E108083319E661
:107840000126391934437C6029616961CA608A6004
:10785000320002434A60F850484600F0B1F8380060
:107860000830D7E69A09100039323830D2008CE758
:10787000AF4242D0AF687A6803239A43131BA242F7
:1078800002D30F2B00DD5CE7484600F099F8C0E614
:107890005B239C468C445C31E046CB001FE6012311
:1078A0008010834060461843844668608CE733004C
:1078B0005946434401931340CB1A1A4011004846DD
:1078C000160000F0C5F9431C00D00AE70026019815
:1078D00007E7542A2BD81A0B10006F326E30D200F3
:1078E00053E7AA235B0099422BD8DD3B9C46E10B72
:1078F0008C447831E046CB00F1E52B4A11680292C6
:10790000891911605A46013AC5E6104200D0C2E614
:1079100052460123A86892191A438046426001E743
:107920004146019B1960C0E643465860ACE7AA2077
:107930004000824221D8DA0B100078327730D20032
:1079400023E71A4B994221D87C239C46A10C8C44F6
:107950007D31E046CB00C2E50198039B0838002644
:107960001818BEE639004846083100F027FA029B95
:107970001968AB6898465A68D4E60C4882420BD81E
:107980009A0C10007D327C30D200FEE6FE237E226F
:107990007F2190469B00A2E5FE227E209200F4E625
:1079A00043465B6820E6C046101B002054050000DB
:1079B00010B5024800F076F910BDC046081B002043
:1079C00010B5024800F070F910BDC046081B002039
:1079D000184B70B51D680400002D02D06B6B002B96
:1079E00024D0636EDB0702D4A3899B051AD5636894
:1079F000013B6360002B0BDB23685A1C22601D785F
:107A0000636EDB0702D4A3899B0507D5280070BDF0
:107A10002800210000F010F80500F1E7A06D00F04B
:107A200043F9F3E7A06D00F03DF9E0E7280000F02E
:107A3000E3F8D6E7AC14002070B505000C00002870
:107A400002D0436B002B1BD080220C23E15E9201FD
:107A5000636E114204D10A43A2810C4A134063664B
:107A60009B0410D42100280000F0C4FA00280AD199
:107A70006368013B636023685A1C2260187870BDFC
:107A800000F0BAF8E0E701204042F8E7FFDFFFFF2F
:107A900010B5034A0349044800F07AFA10BDC04605
:107AA000A0140020F1800010B014002041680B4B9E
:107AB00010B50400994201D000F01AFBA168084BF0
:107AC000994202D0200000F013FBE168054B994277
:107AD00002D0200000F00CFB10BDC046441B00206B
:107AE000AC1B0020141C0020F0B53A4C3A4B3B4A2A
:107AF000200083B000251A600423082200215C3096
:107B0000E36025606560A560656625616561A561C6
:107B1000FAF75EFF2000324F324E334B3349583074
:107B20000093236201916162E461A762E66200F062
:107B3000B5F8CC23E5502E4B200063678023082244
:107B40000021C430E550A566E5662567A567E567B1
:107B5000FAF73EFF2200842320006832E250009AA8
:107B600001990433E2500433E1500433E750C0304C
:107B70000433E65000F092F8D0232000E55004339F
:107B8000E5500433E5501B4A5C33E550583BE25066
:107B90000433E5502D300433E5500822043300212E
:107BA000FF30E550FAF714FF2000EC23D030E0500E
:107BB0002000009A01990433E2500433E150293047
:107BC0000433E750FF300433E65000F067F803B0A9
:107BD000F0BDC046441B00207C1C0020917A0010A0
:107BE000DD83001009840010758300109D83001050
:107BF000090001001200020070B50500094C2000C8
:107C000000F050F86B6B002B05D1074B6B63074BF3
:107C10001B68002B03D0200000F046F870BDFFF772
:107C200063FFF8E70C1B0020AD7A00107C1C0020DD
:107C300010B5024800F036F810BDC0460C1B0020FD
:107C400010B5024800F030F810BDC0460C1B0020F3
:107C5000002370B5064C050008002360FCF788FA85
:107C6000431C00D070BD2368002BFBD02B60F9E7CC
:107C7000F8210020014B18687047C046AC14002062
:107C8000802310B55B01082801D1180010BDFFF753
:107C9000F1FF16230360173BF7E7C0467047C04665
:107CA0007047C0467047C0467047C04603008446D0
:107CB0009B070BD00300032102E001330B4206D0E7
:107CC0001A78002AF9D16246981A70470300196899
:107CD0000C4A0D488A188A4302420FD15968094A52
:107CE00004338A188A43024208D15968054A04338A
:107CF0008A188A430242F1D000E001331A78002A40
:107D0000FBD1E0E7FFFEFEFE80808080F0B5C64636
:107D1000050000B5804608200C00FFF7B1FF060003
:107D20002800FFF745FE224F3100BB685D68032342
:107D30009D4328001138001B8019F9F7B9FF441E34
:107D40007443A64207DC00214046FFF781FFBB6871
:107D50005B19984206D04046FFF732FE002080BCF7
:107D6000B846F0BD40466142FFF772FF01300DD0CA
:107D700001222D1BBB6815430E4A5D601368404607
:107D80001B1B1360FFF71CFE0120E8E700214046A3
:107D9000FFF75EFFBA68831A0F2BDCDD064C05493E
:107DA0002468001B086001210B435360D3E7C046E1
:107DB00098100020101B002090100020F0B5C6463F
:107DC0000C00804600B5002940D0FFF7F1FD2100EE
:107DD00008394E68012533000320AB43CA18944686
:107DE0005268824328003040070064488468644534
:107DF00000D171E064466260A41864682C40002FD2
:107E000027D10E685E4F891B9B198E68BE4256D0E3
:107E1000CF68F760BE60002C1DD062461D434D60E8
:107E200013608022920093422DD2DA085C0901236C
:107E3000A340446823434360D3001B189A68CB6077
:107E40008A609960D1604046FFF7BAFD80BCB846B1
:107E5000F0BD002C0FD19B18624601249268484D5A
:107E60001C43CE18AA4259D06546ED68D560AA6079
:107E70004C603360D5E7624635434D601360802225
:107E800092009342D1D35A0A042A3DD89A09140089
:107E900039323834D60086193268083E03259642B6
:107EA00003D14CE09268964203D05068A8439842B0
:107EB000F8D8D668CE608A60B160D160C3E7002C84
:107EC00033D1D218604663468068DB681543C360CF
:107ED00098604D608A50B6E79A18002F06D10B685B
:107EE000C91A8C68D218CB68E3609C6001231343E5
:107EF0004B60244B81601B689342A4D8224B4046C0
:107F00001968FFF703FF9EE7142A13D9542A1DD8D6
:107F10001A0B14006F326E34D600BCE7D16091604A
:107F2000CA608A604C6033608DE762461D434D60D5
:107F3000136088E714005C325B34D600ABE70123A2
:107F4000A410A340446823434360B3E7AA24640019
:107F5000A24205D8DA0B140078327734D6009AE7BB
:107F60000A4CA24205D89A0C14007D327C34D6000B
:107F700091E7FE267E24B6008DE7C04698100020CB
:107F8000A010002094100020401B00205405000089
:107F9000F8B54746CE46884680B58146170000268C
:107FA0007D68013D0ED4BC68A389012B07D90E2240
:107FB000A35E013303D021004846C047064368341E
:107FC000013DF1D23F68002FEAD13000C0BCB94674
:107FD000B046F8BD09238A89002010B51340092B4B
:107FE00000D010BD024B186800F090F9F9E7C046C8
:107FF000AC14002070B505000C00002802D0436BC3
:10800000002B56D0002363600C22A35E9A065AD43C
:108010005A071AD4DA0659D508261E4239D1042245
:108020001343A3812369002B3ED00C23E65EB307E4
:108030001ED1226928006369E169266A2260B0477F
:108040006060002838DD002070BD216B0029E9D078
:1080500023004033994202D02800FFF7AFFE0023EF
:108060002363E36B6360002BDCD0A36B2360EAE740
:1080700001231C4AA3811C491C48FFF789FF0923DF
:10808000A6813340092BD4D12100280000F09AF8B2
:10809000CFE72100280000F039F9002813D1A38987
:1080A000A060B343A061BAE72100280000F000FA05
:1080B000BBE7FFF7A1FDA5E70C22A35E00280BD1CB
:1080C00020221343A38101204042BDE709222A60F8
:1080D00040221343A381F6E700226260402213434B
:1080E000A381F0E7A0140020D57F0010B014002079
:1080F00070B505000C1E42D0002802D0436B002B47
:1081000049D0FFF795FD01210C22A35E626E0A4261
:1081100031D19B0542D52100280000F053F8E36AD5
:108120000600002B04D02800E1699847002828DBCE
:10813000A3891B062AD4216B002908D023004033D1
:10814000994202D02800FFF739FE00232363616CB7
:10815000002904D02800FFF731FE002363640023C8
:10816000A381636EDB0728D5A06DFFF799FDFFF7AC
:1081700067FD300070BD002BCDD1FFF761FD0026FB
:10818000F7E70126A38976421B06D4D5280021698A
:10819000FFF714FECFE7FFF72FFDB2E7A06DFFF763
:1081A00081FD0C22A35E002BB5D10122636E134228
:1081B000E3D1A06DFFF778FDDFE7A06DFFF774FD59
:1081C000D2E7C046F0B5C64600B50C228B5E8046AD
:1081D0000C001A0754D48021626809011943A18157
:1081E000002A00DC6DE0A56A002D45D042464046DD
:1081F000166800220260DB0468D400220123E169D2
:10820000A8470200431C00D16DE00C23E15EA56A83
:10821000490706D56368D21A236B002B01D0E36BA4
:10822000D21A0023E1694046A8470C23E15E431CB3
:108230004ED143461A681D2A61D8324BD340DB0722
:108240005DD5314B0B40A38100236360236923601C
:10825000C90403D543461B68002B42D04346216B1B
:108260001E60002908D023004033994202D04046C6
:10827000FFF7A4FD00232363002080BCB846F0BDB7
:108280000E69002EF8D00D680022AD1B0E609B0712
:1082900000D14A69A260002D04DCEDE736182D1AE2
:1082A000002DE9DD2B0032004046E169676AB847DE
:1082B0000028F3DC4022A38913430120A38140421C
:1082C000DBE7E26B002A00DD8DE7D5E7226D9FE753
:1082D0000D4B0B40A3810023636023692360C90415
:1082E000BCD52065BAE743461B68002B00D18CE75C
:1082F0001D2B01D0162BDDD143461E60BCE7402369
:108300000B43DAE701004020FFF7FFFF70B50500DF
:108310000C00002802D0436B002B27D00C22A35E58
:10832000002B11D0626ED20701D49B050ED5280018
:108330002100FFF747FF636E0500DB0702D4A38926
:108340009B050FD5280070BD0025FBE7A06DFFF74A
:10835000A9FC28002100FFF735FF636E0500DB074D
:10836000F0D4ECE7A06DFFF79FFCEBE7FFF744FCD0
:10837000D4E7C04670B50C000E25495F00F070F8D8
:10838000002803DB236D1B18236570BDA389024AF7
:108390001340A381F9E7C046FFEFFFFFF8B51600D1
:1083A0001F000C228B5E05000C00DA050AD40A4A75
:1083B00028001340A38132000E23E15E3B0000F051
:1083C00063F8F8BD00220E23C95E022300F034F8E2
:1083D0000C22A35EEBE7C046FFEFFFFF70B50C0079
:1083E0000E25495F00F028F80C22A35E421C05D040
:1083F0008022520113432065A38170BD014A1340BE
:10840000FAE7C046FFEFFFFF10B50E23C95E00F08C
:1084100001F810BD002370B5064C0500080023606C
:10842000FBF7E0FE431C00D070BD2368002BFBD09F
:108430002B60F9E7F821002070B505000800110055
:108440000022064C22601A00FBF7D0FE431C00D02D
:1084500070BD2368002BFBD02B60F9E7F8210020CA
:1084600070B50500080011000022064C22601A00B9
:10847000FBF798FE431C00D070BD2368002BFBD097
:108480002B60F9E7F821002070B505000800110005
:108490000022064C22601A00FBF794FE431C00D019
:1084A00070BD2368002BFBD02B60F9E7F82100207A
:1084B00070B50C23CA5E05000C0096B0930707D573
:1084C00023004333236023610123636116B070BD31
:1084D0000E23C95E002931DB6A4600F055F80028FA
:1084E0002ADB80212800C900019EFEF7AFFF0C2285
:1084F000A35E00283DD0802213438022D200626117
:10850000F0223100120211400A008021A381206074
:10851000206189018A4234D10E23E15E280000F0F7
:1085200047F80C22A35E00282BD00322934301229C
:1085300013438022120119E00C23E25E80231340D2
:108540005A425341F0225B429200134040331900DB
:1085500028001E00FEF77AFF0C22A35E002808D038
:108560008022134300222060206166611343A381AF
:10857000ACE79A05AAD40322934302221343A381B2
:108580009EE780221201F1E7002370B5074C050039
:10859000080011002360FBF72DFE431C00D070BDC6
:1085A0002368002BFBD02B60F9E7C046F8210020A0
:1085B000002370B5064C050008002360FBF71EFE83
:1085C000431C00D070BD2368002BFBD02B60F9E763
:1085D000F82100200000000001B40248844601BCDC
:1085E000604700BF9901002001B40248844601BCE5
:1085F000604700BF090F002001B40248844601BC57
:10860000604700BF3D0C002001B40248844601BC15
:10861000604700BF0101002001B40248844601BC4C
:10862000604700BF2104002001B40248844601BC19
:10863000604700BFC100002001B40248844601BC6D
:10864000604700BF090F002001B40248844601BC06
:10865000604700BF2502002001B40248844601BCE7
:10866000604700BFD902002001B40248844601BC23
:10867000604700BFD90B002001B40248844601BC0A
:10868000604700BF8D0C002001B40248844601BC45
:10869000604700BF010C0020411A00106D1A001045
:1086A000511C0010C1290010F52200102D290010C6
:1086B000791B0010891A0010A91A0010BD1A0010A9
:1086C000050B0010C51A0010D10E0010091A001079
:0886D00081050010FD4C0010B3
:1086D8004572726F7220696E697469616C697A6932
:1086E8006E672073656E736F722E000053656E732C
:1086F8006F7220626F6F7465642E0000537461742A
:108708007573203D202532642C2064697374203DE4
:10871800202535642C20416D6269656E74203D20EA
:108728002532642C205369676E616C203D20253505
:10873800642C20236F665370616473203D202535B7
:10874800640A00000A2A2A2A2050414E4943202A56
:108758002A2A0A004E6F207370696E6C6F636B7300
:108768002061726520617661696C61626C650000E8
:108778004E6F20757365722049525173206172657E
:1087880020617661696C61626C65000048617264A1
:108798007761726520616C61726D20256420616C5F
:1087A800726561647920636C61696D6564000000BD
:1087B80048617264206173736572740052656C65F8
:1087C80061736500626F6F74325F7732357130386C
:1087D80030000000322E332E310000007069636FC4
:1087E8000000000073616D706C696E670000000026
:1087F800536570203234203230323600666E692B71
:1088080000000000666E69006E616E00666E692D7C
:10881800000000005541525420737464696E0000D2
:1088280055415254207374646F7574005541525405
:1088380020737464696E202F207374646F757400DC
:1088480055534220737464696E202F207374646FCB
:108858007574000052617370626572727920506994
:10886800000000005069636F00000000426F6172F1
:10887800642043444300000052657365740000009F
:10888800556E68616E646C65642049525120307879
:1088980025780A00657020253032582077617320CA
:1088A800616C726561647920617661696C61626C82
:1088B8006500000043616E277420636F6E74696EF3
:1088C80075652078666572206F6E20696E616374C5
:1088D8006976652065702025303258000000000058
:1088E800FFFFFFFFFFFFFF7F06005250D3F07542E6
:1088F800C487001006005250E182887FCC870010A0
:1089080006005250ABB36053DC870010060052508B
:10891800BBFF3CB6E487001006005250861C0302D9
:10892800EC870010060052505422A29DF8870010D0
:1089380005005250DE65F46828A400102C3700109A
:10894800E4360010E436001024370010E436001036
:10895800E4360010E4360010E4360010E436001067
:10896800E4360010E43600101C370010E43600101E
:1089780016370010E4360010E43600100E370010E9
:10898800203900103E370010143900103E3700100F
:10899800023900103E3700103E3700103E370010F5
:1089A8003E3700103E3700103E3700103E370010AB
:1089B800343700103E3700103E3700103E370010A5
:1089C8003E3700103E37001034370010B43900101D
:1089D800A2360010A2360010A2360010A2360010EF
:1089E800A2360010A2360010A2360010A2360010DF
:1089F800A2360010A2360010A2360010A2360010CF
:108A0800A2360010A2360010A2360010A2360010BE
:108A1800A2360010A2360010A2360010A2360010AE
:108A2800A2360010A2360010A2360010A23600109E
:108A3800A2360010A2360010A2360010A23600108E
:108A4800A2360010A2360010A236001030390010ED
:108A58006C39001030390010A2360010A236001010
:108A6800A2360010A2360010A2360010A23600105E
:108A7800A2360010A2360010A2360010A23600104E
:108A8800A2360010A2360010A2360010A23600103E
:108A9800A2360010A23600104C3B0010A23600107F
:108AA800A2360010A2360010A2360010A23600101E
:108AB800A2360010A2360010A2360010A23600100E
:108AC8004C3B0010C43900104C3B001030390010EA
:108AD8006C39001030390010000000000000F03F31
:108AE8000000000000002440000000000000594081
:108AF8000000000000408F40000000000088C340D4
:108B080000000000006AF8400000000080842E4148
:108B180000000000D01263410000000084D7974194
:108B28000000000065CDCD410D0A0000060052503E
:108B380053B4F4A134880010080052501200000009
:108B480008005250921000000600525053B4F4A18D
:108B580048880010000000005C8800106C88001035
:108B680048260020748800108088001009025400EC
:108B7800030100807D080B000202020000090400C6
:108B8800000102020004052400200105240100015F
:108B980004240206052406000107058103080010C5
:108BA80009040100020A0000000705020240000053
:108BB800070582024000000904020000FF000105C9
:108BC80012011002EF0201408A2E0A000001010280
:108BD800030100000A00000000000306A6000800C8
:108BE800020002009C001400030057494E555342EE
:108BF80000000000000000000000800004000100E8
:108C0800280044006500760069006300650049009B
:108C18006E00740065007200660061006300650004
:108C2800470055004900440000004E007B006200E8
:108C380063003700330039003800630031002D002D
:108C480037003300630064002D00340063006200C5
:108C580037002D0039003800620038002D00390037
:108C6800310033006100380066006300610037009E
:108C78006200660036007D0000000000050F21003C
:108C8800011C100500DF60DDD88945C74C9CD26502
:108C98009D9E648A9F00000306A600010000000054
:108CA80000000000294F0010000000002D4F0010A8
:108CB800394F0010654F0010614F00100000000090
:108CC8008A540010F055001078560010C85500104E
:108CD800DA550010B85500102A550010D654001067
:108CE800CA540010945900107A59001064570010A3
:108CF800B459001064570010625900104E59001002
:108D0800645700103A5900104C580010645700106E
:108D1800125C0010045C0010F85B0010645700102F
:108D280064570010E25B0010045C001064570010E8
:108D380064570010645700106457001064570010FF
:108D480064570010645700109E5B0010580D0020F7
:108D5800580D0020A20D0020C20D0020020E002098
:108D6800140E0020500D0020000000009561001036
:108D780005620010356200107D6200102563001046
:108D88001564001000000000000000010200020845
:108D9800000810010100000000FF000F00000000A3
:108DA80000200B0000020A2100000500000000C896
:108DB800000038FF010008000001CC0F01F10D018F
:108DC80068008008B8000000000F8900000000005B
:108DD8000000010F0D0E0E000002C7FF9B000000EF
:108DE80001000000FFFFFF05020401070300FFFF69
:0C8DF800090DFFFFFFFF0A06FFFF0B0C38
:108E0400F0880010FC8800100889001014890010F4
:108E1400208900102C89001038890010488B00101C
:0C8E2400408B0010348B0010508B0010AD
:108E300003000068EFF3108C72B60268002AFCD0C1
:108E4000BFF35F8F04229A56002A0BDB002900D063
:108E50000A6000201B68BFF35F8F00221A608CF34A
:108E600010887047D0221206126801201A71F1E7AB
:108E7000F0B5C646160000B504001F000268EFF307
:108E8000108172B61368002BFCD0BFF35F8F0423F0
:108E9000E3562268002B2BDBBFF35F8F00201060AE
:108EA00081F31088D02212061278002552B2904623
:108EB0009A420ED1002080BCB846F0BDBFF35F8F50
:108EC000156081F310883000390000F0E9FE0028B9
:108ED000F0D12268EFF3108172B61368002BFCD03A
:108EE000BFF35F8F237922687F2BE7D9434602E0E7
:108EF000D0231B061B682371BFF35F8F0023136011
:108F000081F310880120D6E7F0B5C64600B50F0002
:108F1000040000F0CDFEFA220E0005000023380008
:108F20000021920000F0ACFE4019714106000F1EB6
:108F300002DA0126164F7642D0231B061B68002555
:108F400098460AE0BFF35F8F156081F31088300008
:108F5000390000F0A5FE002818D12268EFF3108137
:108F600072B61368002BFCD0BFF35F8F23792268A1
:108F70007F2BE7D943462371BFF35F8F0023136034
:108F800081F31088012080BCB846F0BD0020FAE7CC
:108F9000FFFFFF7F0268EFF3108172B61368002BAA
:108FA000FCD0BFF35F8FFF2303710368BFF35F8FB4
:108FB00000221A6081F3108840BF7047084B9C461E
:108FC0001B78002B0BD18023064807495B051A68E4
:108FD000C25004338B42FAD10123624613707047AA
:108FE0005C260020841E00100001001010B5014B0B
:108FF000984710BD851E0020084B5A6842609A6849
:109000008260DA68C2601A6902615A6942619B69CA
:109010008361A0235B051B6803607047000002406A
:109020004268084B5A6082689A60C268DA600269D6
:109030001A6142695A6182699A61A02302685B05DC
:109040001A60704700000240F0B5D6464F464646CB
:109050000023C0B5182788B01E0081460D00988AED
:1090600046493B88140098473B8880464449B08A6B
:109070009847002343490600988A3B8898478246D0
:10908000FFF79CFF01A8FFF7B7FFC047B0473E4B73
:1090900021001A6880239B005340C0229200134095
:1090A0003A4A1360002C1CD00823C0209C4640057F
:1090B000163F6246836A1A401F4239D0631A00295C
:1090C0002BD1002A0BD1002C0BD0C0230822022662
:1090D0005B059B6A1A401E4242D0002AF5D0002C44
:1090E00030D1294B1A68C0239B009343274A136051
:1090F000D047FFF77BFF01A8FFF792FF08B0E0BC65
:10910000BA46B146A846F0BD002C2BD1C02252056C
:10911000966A08223240B6072BD50D2B19D9002AA2
:10912000F2D1C0225205966A08223240B607F4D422
:10913000002A04D10B002343002BBAD1D1E70B0046
:10914000002CF9D0036E013C2B70230001350B433A
:10915000F2E74B461B780139036601239944E7E7A0
:109160000021E5E7C0235B051B6E013C2B70013538
:109170009FE70B00A242DFD1DCE7C0464946000072
:1091800045580000464300000C8001400C9001400F
:109190000022154B10B59A60DA601A615A619A6123
:1091A000DA611A625A629A62DA621A635A639A63DD
:1091B000DA631A645A649A64DA641A655A659A65BD
:1091C000DA651A665A669A66DA661A675A679A679D
:1091D000DA67F03292000021044800F071FD044B80
:1091E000044A1A6010BDC0460000105044220020FE
:1091F0001026002080011050F0B54746CE4680B5BD
:109200001C4B00249F6D012685B0002F1BD01A4BEC
:1092100098461A4B994604E00134E4B27600202CBB
:1092200011D03E42F8D043469E65012365086D008B
:10923000A343ED186D014D44280000F013FC0028F5
:1092400006D1B743E8D105B0C0BCB946B046F0BDC1
:10925000EB8AE0210393002301A8AA78C9000180CA
:1092600001210271437100F01DFC280000F098FB01
:10927000E7E7C046000011500030115004220020E2
:109280009823C64AF0B5D55880232E009B0210249F
:1092900085B01E401D4274D0C14BC24C9A6AC24B6D
:1092A00000261A603B23E35C022B00D14BE17B23B9
:1092B000E35C022B00D1EFE0BB23E35C022B00D187
:1092C000F6E0FB23E35C022B00D1FDE03C23FF33FF
:1092D000E35C022B00D129E17C23FF33E35C022B0A
:1092E00000D10AE1BC23FF33E35C022B00D13BE158
:1092F000FC23FF33E35C022B00D1F1E0AB4BE35CDA
:10930000022B00D170E1AA4BE35C022B00D101E1FA
:10931000A84BE35C022B00D171E1A74BE35C022B6D
:1093200000D12EE1A54BE35C022B00D19CE1A44BC4
:10933000E35C022B00D16DE1A24BE35C022B00D178
:109340009DE1A14BE35C022B00D17BE1002E08D113
:109350009E4B1B78002B04D180219D4A90338902BB
:10936000D150C02269468D4B92009B6C80265B05D4
:109370008A805B0D012101A8029300F093FB954CBC
:10938000B602EB0600D57BE080235B021D422FD0A6
:109390000224844F1E43BB7E002B14D000F0A0FC9F
:1093A000012800D970E0C02200213800920100F0AD
:1093B000FDFA380000F0F4FA00F092FC012802D91E
:1093C000834B5C661C660123FB702037012C20D187
:1093D000C0236A46DB0093807F4A02AB03CA03C303
:1093E000012101A800F05EFB8022794B92021A65F0
:1093F00080235B011D420ED18023DB011D4221D160
:1094000080231B021D422DD1AE4200D0BEE105B02B
:10941000F0BD0124BFE700241E43604B1C60FFF732
:10942000B7FE80236A465B0093801472012101A875
:1094300000F038FB8022664B12031A658023DB01A3
:109440001D42DDD01E4380236A46DB00938001214C
:1094500001A800F027FB10225D4B1A6580231B0238
:109460001D42D1D01E43A0236A46DB009380012118
:1094700001A800F017FB8022554B12011A65C3E7C3
:10948000FFF7BAFE26007FE7544B444A1C66536E32
:109490002340A342FBD186E77833E75C002F00D15D
:1094A0000AE70233E25C002A00D00DE13E0003E748
:1094B000B833E75C002F00D103E70233E25C002AF7
:1094C00000D0F9E03E00FCE6F833E75C002F00D165
:1094D000FCE60233E25C002A00D041E13E00F5E602
:1094E000F933FF33E75C002F00D107E70233E25C7A
:1094F000002A00D02BE13E0000E77933FF33E75C20
:10950000002F00D1EEE60233E25C002A00D015E124
:109510003E00E7E6324BE75C002F00D1F8E602336D
:10952000E25C002A00D001E13E00F1E63933FF336E
:10953000E75C002F00D1CFE60233E25C002A00D0C6
:10954000EBE03E00C8E63833E65C002E00D1AEE624
:109550000233E25C002A00D1A9E62000002220307C
:10956000E25400F04BFAA2E6B933FF33E75C002F78
:1095700000D1BDE60233E25C002A00D0C4E03E0028
:10958000B6E6184BE75C002F00D1CBE60233E25C75
:10959000002A00D0B0E03E00C4E6C04600001150F2
:1095A0000040054004220020F42100203B0200007E
:1095B0007B020000BB020000FB0200003B03000036
:1095C0007B030000BB030000FB0300005A260020C1
:1095D0000030115010000200000010500020115007
:1095E0007A020000FA0200006B4BE75C002F00D10A
:1095F00089E60233E25C002A76D13E0083E6674BBF
:10960000E75C002F00D188E60233E25C002A63D1D8
:109610003E0082E6624BE75C002F00D18CE602330D
:10962000E25C002A00D0A3E05E4BE35C022B30D169
:109630005D4BE35C002B27D15C4BE35C022B00D03D
:109640008FE63E005A4BE35C002B00D17EE6FF2301
:109650009B00E25C002A00D183E60022E2541C3B1E
:10966000E01800F0CBF97CE6524BE75C002F00D10C
:109670005DE60233E25C002A16D13E0057E64A4B13
:10968000E35C002B00D15CE6EF239B00E25C002A48
:1096900075D1464BE35C022B00D062E6444BE35CA1
:1096A000002B00D15DE6D2E70022E2541C3BE0181B
:1096B00000F0A4F93E003AE620000022A030E25477
:1096C0003E0000F09BF9FCE5200000226030E254EF
:1096D0003E0000F093F9EFE50022E2541C3BE01855
:1096E00000F08CF93E0018E60022E2541C3BE01822
:1096F00000F084F93E0006E60022E2541C3BE0182C
:1097000000F07CF93E000DE620000022A130FF3081
:10971000E2543E0000F072F9EAE520000022213018
:10972000FF30E2543E0000F069F9D5E50022E25432
:109730001C3BE01800F062F93E00E9E52000002241
:109740006130FF30E2543E0000F058F9CAE52000D5
:109750000022E130FF30E2543E0000F04FF9CDE549
:1097600020000022E030E2543E0000F047F9ADE571
:109770000022E2541C3BE01800F040F954E70022BC
:10978000E2541C3BE01800F039F982E731000A4846
:10979000694000F07DFAC0463A020000BA020000BB
:1097A0007A030000BB030000BA030000FB030000C3
:1097B000FA0300003A03000088880010F0B58C46D8
:1097C000838A018B020083B00E1C994200D91E1CB3
:1097D000B6B29B1B9CB2D37880211800451EA841CD
:1097E000C90031434003084301214B40D3705378F3
:1097F0009482002B32D11169002E2AD06346D4689E
:109800009B01E418731E0193062B32D923000B43EE
:109810009B072ED1631A013B022B2AD90023B708DC
:10982000BF00CD58E5500433BB42FAD19E420ED062
:10983000019DE418EF1ACD18C95C21700199994275
:1098400005D06B786370012F01D0AB78A3701169DC
:10985000948A802389191B0211611843002C02D1BC
:109860008023DB0118436346002B00D0000403B0C3
:10987000F0BD0023CD5CE55401339E42FAD1E6E70A
:109880008368F0B51A68002900D0120C437892055D
:10989000950D002B09D1C38AEB18C382038BAB4211
:1098A00001D9002383822800F0BD0469002D28D04F
:1098B000C36889016F1EBC465E18062F27D9013187
:1098C0005B18E31A022B22D9230033439B071ED1D6
:1098D0000023120E9200F158E15004339A42FAD15B
:1098E00095420DD063469F1AA318B45CB1181C7042
:1098F000944505D04A785A70012F01D08A789A7021
:109900000469C38A6419EB18C3820461C6E70022A4
:10991000B35CA35401329542FAD10469F1E7C04621
:1099200010B50400836800211B68FFF7A9FF636876
:109930001B685B0002D5238B834200D010BD012140
:109940002000FFF79DFFF9E7084B1A6C00239207F0
:1099500003D48278D209012A01D018007047C37E4F
:10996000023B5A425341DBB2F7E7C04600001150B8
:1099700010B5FFF7E9FF00280AD0064B064A9B6A9C
:10998000064912685B189B1A0020C6229A42404181
:1099900010BDC04600400540F4210020E0FCFFFF60
:1099A00000238376436103617047C04610B5836826
:1099B000002901D01C682140002A12D08024E40034
:1099C000114322420DD01A6822420CD1084A0A40A3
:1099D0001A60084A126C920703D40C23033BFDD291
:1099E0008368196010BD8178034800F051F9C046C2
:1099F000FFFBFFFF000011509C880010436870B50A
:109A00000021802504001E68FFF7D8FE124B6D016F
:109A10001A6C0543A37892070ED55B060ED00F4B48
:109A20001E4080239B0533436268002113602000A1
:109A30002A00FFF7BBFF70BDDB09F0D0A38A002B23
:109A4000EDD001212000FFF7B9FEA023044ADB0579
:109A5000324005431343E7E700001150FFFFFFAF1B
:109A6000FFFFFFDF70B5857E0400002D14D0FFF7E7
:109A700057FFA38A002B01D1280070BD2000FFF7FB
:109A800077FF002803D0012300252377F4E7200087
:109A9000FFF7B4FF0025EFE78178014800F0F8F800
:109AA000BC880010F0B54746CE4680B54378050027
:109AB0000F0085B0062B07D8684A9B00D3589F46F5
:109AC000674A137801331370664B1C686269EFF3C1
:109AD000108172B61368002BFCD0BFF35F8FA161B9
:109AE0002000290000F0F4F86269A369BFF35F8FDA
:109AF0000021116083F31088002804D105B0C0BC98
:109B0000B946B046F0BD3A006978287800F0F0F820
:109B1000F4E70121544B1A788A431A701A780131FC
:109B20008A431A7000225A701A7802318A431A70D6
:109B3000CAE74E4B00241E001A784D4B98464D4BF9
:109B4000994610E04B461B6861015B18002B06D05C
:109B5000DB69002B03D06968287898473278013494
:109B6000E4B2944217D8A242ECD8A31A5B01434452
:109B7000EEE73D4B1A78D207C0D504211A780A4384
:109B80001A70A1E7384B1A78D207B7D504211A7892
:109B90008A431A7098E7344A1378904611005B079D
:109BA00028D51378042201AC93430B7020000021C8
:109BB000083200F085F82B78237005236370294B59
:109BC0001B6818005A69EFF3108172B61368002BF6
:109BD000FCD0BFF35F8F06008161210000F078F8B0
:109BE0007269B369BFF35F8F0021116083F310883E
:109BF00000282CD14346DB78DB0700D47EE72B78A6
:109C000001AC2370032363706B686360154B1D68A0
:109C10006A69EFF3108172B61368002BFCD0BFF3B2
:109C20005F8FA9612800210000F052F86A69AB69D2
:109C3000BFF35F8F0021116083F31088002800D1EB
:109C40005CE73A006178207800F052F856E73A0075
:109C50006178207800F04CF8CCE7C046548D0010B5
:109C60005B260020C01D0020681D00205926002012
:109C7000708D0010801C00207047C046000000005E
:109C800001B40248844601BC604700BFF9280010B7
:109C900001B40248844601BC604700BF250400109F
:109CA00001B40248844601BC604700BF2513001080
:109CB00001B40248844601BC604700BF691400102B
:109CC00001B40248844601BC604700BFD12900109E
:109CD00001B40248844601BC604700BFE56800103B
:109CE00001B40248844601BC604700BF190400105B
:109CF00001B40248844601BC604700BF39530010DC
:109D00001000000000000000000001000000000042
:109D10000000000000000200000000000000000041
:109D2000000003000000000000000000000004002C
:109D3000000000000000000000000500000000001E
:109D4000000000000000FF000000000001B54868AE
:109D500001318E460047704609380149884701BDE8
:109D6000010A0010000000000000000000000000D8
:109D7000000000000000000080170020000000002C
:109D8000503300004C3300005433000052330000C5
:109D90004D5300004D430000533400004334000095
:109DA0009546001095470010E1460010A9470010A5
:109DB0000000000000010000DD4900109149001082
:109DC000054900107D48001000000000000100005F
:109DD000C41D002010000C00000000000000000066
:109DE000000000000000000000000000FF00000074
:109DF000008004400000000000400440000000001B
:109E0000FFFFFFFF00000200000000000000000054
:109E10009810002098100020A0100020A010002012
:109E2000A8100020A8100020B0100020B0100020C2
:109E3000B8100020B8100020C0100020C010002072
:109E4000C8100020C8100020D0100020D010002022
:109E5000D8100020D8100020E0100020E0100020D2
:109E6000E8100020E8100020F0100020F010002082
:109E7000F8100020F8100020001100200011002030
:109E800008110020081100201011002010110020DE
:109E9000181100201811002020110020201100208E
:109EA000281100202811002030110020301100203E
:109EB00038110020381100204011002040110020EE
:109EC000481100204811002050110020501100209E
:109ED000581100205811002060110020601100204E
:109EE00068110020681100207011002070110020FE
:109EF00078110020781100208011002080110020AE
:109F0000881100208811002090110020901100205D
:109F10009811002098110020A0110020A01100200D
:109F2000A8110020A8110020B0110020B0110020BD
:109F3000B8110020B8110020C0110020C01100206D
:109F4000C8110020C8110020D0110020D01100201D
:109F5000D8110020D8110020E0110020E0110020CD
:109F6000E8110020E8110020F0110020F01100207D
:109F7000F8110020F811002000120020001200202B
:109F800008120020081200201012002010120020D9
:109F90001812002018120020201200202012002089
:109FA0002812002028120020301200203012002039
:109FB00038120020381200204012002040120020E9
:109FC0004812002048120020501200205012002099
:109FD0005812002058120020601200206012002049
:109FE00068120020681200207012002070120020F9
:109FF00078120020781200208012002080120020A9
:10A000008812002088120020901200209012002058
:10A010009812002098120020A0120020A012002008
:10A02000A8120020A8120020B0120020B0120020B8
:10A03000B8120020B8120020C0120020C012002068
:10A04000C8120020C8120020D0120020D012002018
:10A05000D8120020D8120020E0120020E0120020C8
:10A06000E8120020E8120020F0120020F012002078
:10A07000F8120020F8120020001300200013002026
:10A0800008130020081300201013002010130020D4
:10A090001813002018130020201300202013002084
:10A0A0002813002028130020301300203013002034
:10A0B00038130020381300204013002040130020E4
:10A0C0004813002048130020501300205013002094
:10A0D0005813002058130020601300206013002044
:10A0E00068130020681300207013002070130020F4
:10A0F00078130020781300208013002080130020A4
:10A100008813002088130020901300209013002053
:10A110009813002098130020A0130020A013002003
:10A12000A8130020A8130020B0130020B0130020B3
:10A13000B8130020B8130020C0130020C013002063
:10A14000C8130020C8130020D0130020D013002013
:10A15000D8130020D8130020E0130020E0130020C3
:10A16000E8130020E8130020F0130020F013002073
:10A17000F8130020F8130020001400200014002021
:10A1800008140020081400201014002010140020CF
:10A19000181400201814002020140020201400207F
:10A1A000281400202814002030140020301400202F
:10A1B00038140020381400204014002040140020DF
:10A1C000481400204814002050140020501400208F
:10A1D000581400205814002060140020601400203F
:10A1E00068140020681400207014002070140020EF
:10A1F000781400207814002080140020801400209F
:10A20000881400208814002090140020901400204E
:10A210000000000003000000441B0020B0140020D8
:10A2200000000000441B0020AC1B0020141C002078
:10A23000000000000000000000000000000000001E
:10A24000000000000000000000000000000000000E
:10A2500000000000000000000000000000000000FE
:10A2600000000000000000000000000000000000EE
:10A2700000000000000000000000000000000000DE
:10A2800000000000000000000000000000000000CE
:10A2900000000000000000000000000000000000BE
:10A2A00000000000000000000000000000000000AE
:10A2B000000000000000000001000000000000009D
:10A2C0000E33CDAB34126DE6ECDE05000B00000062
:10A2D000000000000000000000000000000000007E
:10A2E000000000000000000000000000000000006E
:10A2F000000000000000000000000000000000005E
:10A30000000000000000000000000000000000004D
:10A31000000000000000000000000000000000003D
:10A32000000000000000000000000000000000002D
:10A33000000000000000000000000000000000001D
:10A34000000000000000000000000000000000000D
:10A3500000000000000000000000000000000000FD
:10A3600000000000000000000000000000000000ED
:10A3700000000000000000000000000000000000DD
:10A3800000000000000000000000000000000000CD
:10A3900000000000000000000000000000000000BD
:10A3A00000000000000000000000000000000000AD
:10A3B000000000000000000000000000000000009D
:10A3C000000000000000000000000000000000008D
:10A3D000000000000000000000000000000000007D
:10A3E000000000000000000000000000000000006D
:10A3F000000000000000000000000000000000005D
:10A40000000000000000000000000000000000004C
:10A41000000000000000000000000000000000003C
:08A42000000000000000000034
:04000005100001E9FD
:00000001FF
