
/Users/jialo.mi/GitHub/School/Y2T1/INF2004 Embedded Systems/VL53L1X-C-API-for-Raspberry-Pi-Pico-main/VL53L1X-C-API-for-Raspberry-Pi-Pico-main/build/sampling/sampling.elf:     file format elf32-littlearm

Sections:
Idx Name          Size      VMA       LMA       File off  Algn
  0 .boot2        00000100  10000000  10000000  00001000  2**0
                  CONTENTS, ALLOC, LOAD, READONLY, CODE
  1 .text         000085d8  10000100  10000100  00001100  2**3
                  CONTENTS, ALLOC, LOAD, READONLY, CODE
  2 .rodata       0000072c  100086d8  100086d8  000096d8  2**3
                  CONTENTS, ALLOC, LOAD, READONLY, DATA
  3 .binary_info  0000002c  10008e04  10008e04  00009e04  2**2
                  CONTENTS, ALLOC, LOAD, READONLY, DATA
  4 .xip_ram      00000000  15000000  15000000  0000b6b8  2**0
                  CONTENTS
  5 .ram_vector_table 000000c0  20000000  20000000  0000c000  2**2
                  ALLOC
  6 .uninitialized_data 00000000  200000c0  200000c0  0000b6b8  2**0
                  CONTENTS
  7 .data         000015f8  200000c0  10008e30  0000a0c0  2**4
                  CONTENTS, ALLOC, LOAD, READONLY, CODE
  8 .tdata        00000000  200016b8  200016b8  0000b6b8  2**0
                  CONTENTS, ALLOC, LOAD, DATA, THREAD_LOCAL
  9 .tbss         00000000  200016b8  200016b8  00000000  2**0
                  ALLOC, THREAD_LOCAL
 10 .tbss_space   00000000  200016b8  200016b8  0000b6b8  2**0
                  CONTENTS
 11 .bss          00000fac  200016b8  1000a428  0000b6b8  2**3
                  ALLOC
 12 .tls0         00000000  20002664  20002664  0000b6b8  2**0
                  CONTENTS
 13 .tls1         00000000  20002664  20002664  0000b6b8  2**0
                  CONTENTS
 14 .persistent_data 00000000  20002664  20002664  0000b6b8  2**0
                  CONTENTS
 15 .dummy_pre_heap 00000000  20002664  20002664  0000b6b8  2**0
                  CONTENTS
 16 .heap         00000800  20002664  20002664  0000c664  2**2
                  ALLOC, READONLY
 17 .scratch_x    00000000  20040000  20040000  0000b6b8  2**0
                  CONTENTS
 18 .scratch_y    00000000  20041000  20041000  0000b6b8  2**0
                  CONTENTS
 19 .stack_dummy  00000800  20041000  20041000  0000c000  2**5
                  ALLOC, READONLY
 20 .debug_info   00038847  00000000  00000000  0000b6b8  2**0
                  CONTENTS, READONLY, DEBUGGING, OCTETS
 21 .debug_abbrev 0000990b  00000000  00000000  00043eff  2**0
                  CONTENTS, READONLY, DEBUGGING, OCTETS
 22 .debug_loclists 0001dd07  00000000  00000000  0004d80a  2**0
                  CONTENTS, READONLY, DEBUGGING, OCTETS
 23 .debug_aranges 00001970  00000000  00000000  0006b518  2**3
                  CONTENTS, READONLY, DEBUGGING, OCTETS
 24 .debug_rnglists 00004c56  00000000  00000000  0006ce88  2**0
                  CONTENTS, READONLY, DEBUGGING, OCTETS
 25 .debug_line   000282be  00000000  00000000  00071ade  2**0
                  CONTENTS, READONLY, DEBUGGING, OCTETS
 26 .debug_str    0000a26a  00000000  00000000  00099d9c  2**0
                  CONTENTS, READONLY, DEBUGGING, OCTETS
 27 .comment      00000045  00000000  00000000  000a4006  2**0
                  CONTENTS, READONLY
 28 .ARM.attributes 0000002a  00000000  00000000  000a404b  2**0
                  CONTENTS, READONLY
 29 .debug_frame  00003e78  00000000  00000000  000a4078  2**2
                  CONTENTS, READONLY, DEBUGGING, OCTETS
 30 .debug_line_str 000003d5  00000000  00000000  000a7ef0  2**0
                  CONTENTS, READONLY, DEBUGGING, OCTETS

/Users/jialo.mi/GitHub/School/Y2T1/INF2004 Embedded Systems/VL53L1X-C-API-for-Raspberry-Pi-Pico-main/VL53L1X-C-API-for-Raspberry-Pi-Pico-main/build/sampling/sampling.elf:     file format elf32-littlearm


Disassembly of section .boot2:

10000000 <__boot2_start__>:
10000000:	4b32b500 	.word	0x4b32b500
10000004:	60582021 	.word	0x60582021
10000008:	21026898 	.word	0x21026898
1000000c:	60984388 	.word	0x60984388
10000010:	611860d8 	.word	0x611860d8
10000014:	4b2e6158 	.word	0x4b2e6158
10000018:	60992100 	.word	0x60992100
1000001c:	61592102 	.word	0x61592102
10000020:	22f02101 	.word	0x22f02101
10000024:	492b5099 	.word	0x492b5099
10000028:	21016019 	.word	0x21016019
1000002c:	20356099 	.word	0x20356099
10000030:	f844f000 	.word	0xf844f000
10000034:	42902202 	.word	0x42902202
10000038:	2106d014 	.word	0x2106d014
1000003c:	f0006619 	.word	0xf0006619
10000040:	6e19f834 	.word	0x6e19f834
10000044:	66192101 	.word	0x66192101
10000048:	66182000 	.word	0x66182000
1000004c:	f000661a 	.word	0xf000661a
10000050:	6e19f82c 	.word	0x6e19f82c
10000054:	6e196e19 	.word	0x6e196e19
10000058:	f0002005 	.word	0xf0002005
1000005c:	2101f82f 	.word	0x2101f82f
10000060:	d1f94208 	.word	0xd1f94208
10000064:	60992100 	.word	0x60992100
10000068:	6019491b 	.word	0x6019491b
1000006c:	60592100 	.word	0x60592100
10000070:	481b491a 	.word	0x481b491a
10000074:	21016001 	.word	0x21016001
10000078:	21eb6099 	.word	0x21eb6099
1000007c:	21a06619 	.word	0x21a06619
10000080:	f0006619 	.word	0xf0006619
10000084:	2100f812 	.word	0x2100f812
10000088:	49166099 	.word	0x49166099
1000008c:	60014814 	.word	0x60014814
10000090:	60992101 	.word	0x60992101
10000094:	2800bc01 	.word	0x2800bc01
10000098:	4700d000 	.word	0x4700d000
1000009c:	49134812 	.word	0x49134812
100000a0:	c8036008 	.word	0xc8036008
100000a4:	8808f380 	.word	0x8808f380
100000a8:	b5034708 	.word	0xb5034708
100000ac:	20046a99 	.word	0x20046a99
100000b0:	d0fb4201 	.word	0xd0fb4201
100000b4:	42012001 	.word	0x42012001
100000b8:	bd03d1f8 	.word	0xbd03d1f8
100000bc:	6618b502 	.word	0x6618b502
100000c0:	f7ff6618 	.word	0xf7ff6618
100000c4:	6e18fff2 	.word	0x6e18fff2
100000c8:	bd026e18 	.word	0xbd026e18
100000cc:	40020000 	.word	0x40020000
100000d0:	18000000 	.word	0x18000000
100000d4:	00070000 	.word	0x00070000
100000d8:	005f0300 	.word	0x005f0300
100000dc:	00002221 	.word	0x00002221
100000e0:	180000f4 	.word	0x180000f4
100000e4:	a0002022 	.word	0xa0002022
100000e8:	10000100 	.word	0x10000100
100000ec:	e000ed08 	.word	0xe000ed08
	...
100000fc:	7a4eb274 	.word	0x7a4eb274

Disassembly of section .text:

10000100 <__VECTOR_TABLE>:
10000100:	20042000 	.word	0x20042000
10000104:	100001f7 	.word	0x100001f7
10000108:	100001cb 	.word	0x100001cb
1000010c:	100001cd 	.word	0x100001cd
10000110:	100001c9 	.word	0x100001c9
10000114:	100001c9 	.word	0x100001c9
10000118:	100001c9 	.word	0x100001c9
1000011c:	100001c9 	.word	0x100001c9
10000120:	100001c9 	.word	0x100001c9
10000124:	100001c9 	.word	0x100001c9
10000128:	100001c9 	.word	0x100001c9
1000012c:	100001cf 	.word	0x100001cf
10000130:	100001c9 	.word	0x100001c9
10000134:	100001c9 	.word	0x100001c9
10000138:	100001d1 	.word	0x100001d1
1000013c:	100001d3 	.word	0x100001d3
10000140:	100001c1 	.word	0x100001c1
10000144:	100001c1 	.word	0x100001c1
10000148:	100001c1 	.word	0x100001c1
1000014c:	100001c1 	.word	0x100001c1
10000150:	100001c1 	.word	0x100001c1
10000154:	100001c1 	.word	0x100001c1
10000158:	100001c1 	.word	0x100001c1
1000015c:	100001c1 	.word	0x100001c1
10000160:	100001c1 	.word	0x100001c1
10000164:	100001c1 	.word	0x100001c1
10000168:	100001c1 	.word	0x100001c1
1000016c:	100001c1 	.word	0x100001c1
10000170:	100001c1 	.word	0x100001c1
10000174:	100001c1 	.word	0x100001c1
10000178:	100001c1 	.word	0x100001c1
1000017c:	100001c1 	.word	0x100001c1
10000180:	100001c1 	.word	0x100001c1
10000184:	100001c1 	.word	0x100001c1
10000188:	100001c1 	.word	0x100001c1
1000018c:	100001c1 	.word	0x100001c1
10000190:	100001c1 	.word	0x100001c1
10000194:	100001c1 	.word	0x100001c1
10000198:	100001c1 	.word	0x100001c1
1000019c:	100001c1 	.word	0x100001c1
100001a0:	100001c1 	.word	0x100001c1
100001a4:	100001c1 	.word	0x100001c1
100001a8:	100001c1 	.word	0x100001c1
100001ac:	100001c1 	.word	0x100001c1
100001b0:	100001c1 	.word	0x100001c1
100001b4:	100001c1 	.word	0x100001c1
100001b8:	100001c1 	.word	0x100001c1
100001bc:	100001c1 	.word	0x100001c1

100001c0 <__unhandled_user_irq>:
100001c0:	f3ef 8005 	mrs	r0, IPSR
100001c4:	3810      	subs	r0, #16

100001c6 <unhandled_user_irq_num_in_r0>:
100001c6:	be00      	bkpt	0x0000

100001c8 <isr_invalid>:
100001c8:	be00      	bkpt	0x0000

100001ca <isr_nmi>:
100001ca:	be00      	bkpt	0x0000

100001cc <isr_hardfault>:
100001cc:	be00      	bkpt	0x0000

100001ce <isr_svcall>:
100001ce:	be00      	bkpt	0x0000

100001d0 <isr_pendsv>:
100001d0:	be00      	bkpt	0x0000

100001d2 <isr_systick>:
100001d2:	be00      	bkpt	0x0000

100001d4 <__default_isrs_end>:
100001d4:	7188ebf2 	.word	0x7188ebf2
100001d8:	10008e04 	.word	0x10008e04
100001dc:	10008e30 	.word	0x10008e30
100001e0:	10000238 	.word	0x10000238
100001e4:	e71aa390 	.word	0xe71aa390

100001e8 <_entry_point>:
100001e8:	2000      	movs	r0, #0

100001ea <_enter_vtable_in_r0>:
100001ea:	491e      	ldr	r1, [pc, #120]	@ (10000264 <data_cpy_table+0x2c>)
100001ec:	6008      	str	r0, [r1, #0]
100001ee:	c806      	ldmia	r0!, {r1, r2}
100001f0:	f381 8808 	msr	MSP, r1
100001f4:	4710      	bx	r2

100001f6 <_reset_handler>:
100001f6:	481c      	ldr	r0, [pc, #112]	@ (10000268 <data_cpy_table+0x30>)
100001f8:	6800      	ldr	r0, [r0, #0]
100001fa:	2800      	cmp	r0, #0
100001fc:	d001      	beq.n	10000202 <hold_non_core0_in_bootrom+0x4>

100001fe <hold_non_core0_in_bootrom>:
100001fe:	2000      	movs	r0, #0
10000200:	e7f3      	b.n	100001ea <_enter_vtable_in_r0>
10000202:	a40d      	add	r4, pc, #52	@ (adr r4, 10000238 <data_cpy_table>)
10000204:	cc0e      	ldmia	r4!, {r1, r2, r3}
10000206:	2900      	cmp	r1, #0
10000208:	d002      	beq.n	10000210 <hold_non_core0_in_bootrom+0x12>
1000020a:	f000 f812 	bl	10000232 <data_cpy>
1000020e:	e7f9      	b.n	10000204 <hold_non_core0_in_bootrom+0x6>
10000210:	4916      	ldr	r1, [pc, #88]	@ (1000026c <data_cpy_table+0x34>)
10000212:	4a17      	ldr	r2, [pc, #92]	@ (10000270 <data_cpy_table+0x38>)
10000214:	2000      	movs	r0, #0
10000216:	e000      	b.n	1000021a <bss_fill_test>

10000218 <bss_fill_loop>:
10000218:	c101      	stmia	r1!, {r0}

1000021a <bss_fill_test>:
1000021a:	4291      	cmp	r1, r2
1000021c:	d1fc      	bne.n	10000218 <bss_fill_loop>

1000021e <platform_entry>:
1000021e:	4915      	ldr	r1, [pc, #84]	@ (10000274 <data_cpy_table+0x3c>)
10000220:	4788      	blx	r1
10000222:	4915      	ldr	r1, [pc, #84]	@ (10000278 <data_cpy_table+0x40>)
10000224:	4788      	blx	r1
10000226:	4915      	ldr	r1, [pc, #84]	@ (1000027c <data_cpy_table+0x44>)
10000228:	4788      	blx	r1
1000022a:	be00      	bkpt	0x0000
1000022c:	e7fd      	b.n	1000022a <platform_entry+0xc>

1000022e <data_cpy_loop>:
1000022e:	c901      	ldmia	r1!, {r0}
10000230:	c201      	stmia	r2!, {r0}

10000232 <data_cpy>:
10000232:	429a      	cmp	r2, r3
10000234:	d3fb      	bcc.n	1000022e <data_cpy_loop>

10000236 <data_cpy_done>:
10000236:	4770      	bx	lr

10000238 <data_cpy_table>:
10000238:	10008e30 	.word	0x10008e30
1000023c:	200000c0 	.word	0x200000c0
10000240:	200016b8 	.word	0x200016b8
10000244:	1000a428 	.word	0x1000a428
10000248:	20040000 	.word	0x20040000
1000024c:	20040000 	.word	0x20040000
10000250:	1000a428 	.word	0x1000a428
10000254:	20041000 	.word	0x20041000
10000258:	20041000 	.word	0x20041000
1000025c:	00000000 	.word	0x00000000
10000260:	4770      	bx	lr
10000262:	0000      	.short	0x0000
10000264:	e000ed08 	.word	0xe000ed08
10000268:	d0000000 	.word	0xd0000000
1000026c:	200016b8 	.word	0x200016b8
10000270:	20002664 	.word	0x20002664
10000274:	10004211 	.word	0x10004211
10000278:	10000281 	.word	0x10000281
1000027c:	10004209 	.word	0x10004209

10000280 <main>:
10000280:	b5f0      	push	{r4, r5, r6, r7, lr}
10000282:	46c6      	mov	lr, r8
10000284:	25d0      	movs	r5, #208	@ 0xd0
10000286:	2680      	movs	r6, #128	@ 0x80
10000288:	240a      	movs	r4, #10
1000028a:	b500      	push	{lr}
1000028c:	b086      	sub	sp, #24
1000028e:	f004 f921 	bl	100044d4 <stdio_init_all>
10000292:	062d      	lsls	r5, r5, #24
10000294:	2019      	movs	r0, #25
10000296:	04b6      	lsls	r6, r6, #18
10000298:	f000 f8a0 	bl	100003dc <gpio_init>
1000029c:	626e      	str	r6, [r5, #36]	@ 0x24
1000029e:	20fa      	movs	r0, #250	@ 0xfa
100002a0:	616e      	str	r6, [r5, #20]
100002a2:	f000 ffdb 	bl	1000125c <sleep_ms>
100002a6:	3c01      	subs	r4, #1
100002a8:	20fa      	movs	r0, #250	@ 0xfa
100002aa:	61ae      	str	r6, [r5, #24]
100002ac:	f000 ffd6 	bl	1000125c <sleep_ms>
100002b0:	2c00      	cmp	r4, #0
100002b2:	d1f4      	bne.n	1000029e <main+0x1e>
100002b4:	2029      	movs	r0, #41	@ 0x29
100002b6:	492f      	ldr	r1, [pc, #188]	@ (10000374 <main+0xf4>)
100002b8:	f006 ffbc 	bl	10007234 <VL53L1X_I2C_Init>
100002bc:	340a      	adds	r4, #10
100002be:	446c      	add	r4, sp
100002c0:	2800      	cmp	r0, #0
100002c2:	db4e      	blt.n	10000362 <main+0xe2>
100002c4:	0021      	movs	r1, r4
100002c6:	2029      	movs	r0, #41	@ 0x29
100002c8:	f006 ff6a 	bl	100071a0 <VL53L1X_BootState>
100002cc:	2102      	movs	r1, #2
100002ce:	2029      	movs	r0, #41	@ 0x29
100002d0:	f007 f8b6 	bl	10007440 <VL53L1X_WaitMs>
100002d4:	7823      	ldrb	r3, [r4, #0]
100002d6:	2b00      	cmp	r3, #0
100002d8:	d0f4      	beq.n	100002c4 <main+0x44>
100002da:	4827      	ldr	r0, [pc, #156]	@ (10000378 <main+0xf8>)
100002dc:	f004 f94c 	bl	10004578 <__wrap_puts>
100002e0:	2029      	movs	r0, #41	@ 0x29
100002e2:	f006 fda1 	bl	10006e28 <VL53L1X_SensorInit>
100002e6:	2101      	movs	r1, #1
100002e8:	2029      	movs	r0, #41	@ 0x29
100002ea:	f006 fe81 	bl	10006ff0 <VL53L1X_SetDistanceMode>
100002ee:	2164      	movs	r1, #100	@ 0x64
100002f0:	2029      	movs	r0, #41	@ 0x29
100002f2:	f006 fdff 	bl	10006ef4 <VL53L1X_SetTimingBudgetInMs>
100002f6:	2164      	movs	r1, #100	@ 0x64
100002f8:	2029      	movs	r0, #41	@ 0x29
100002fa:	f006 ff2b 	bl	10007154 <VL53L1X_SetInterMeasurementInMs>
100002fe:	2029      	movs	r0, #41	@ 0x29
10000300:	f006 fdd8 	bl	10006eb4 <VL53L1X_StartRanging>
10000304:	4b1d      	ldr	r3, [pc, #116]	@ (1000037c <main+0xfc>)
10000306:	240b      	movs	r4, #11
10000308:	2601      	movs	r6, #1
1000030a:	4698      	mov	r8, r3
1000030c:	4f1c      	ldr	r7, [pc, #112]	@ (10000380 <main+0x100>)
1000030e:	446c      	add	r4, sp
10000310:	ad03      	add	r5, sp, #12
10000312:	4643      	mov	r3, r8
10000314:	681b      	ldr	r3, [r3, #0]
10000316:	6858      	ldr	r0, [r3, #4]
10000318:	f007 fb5a 	bl	100079d0 <getc>
1000031c:	0021      	movs	r1, r4
1000031e:	2029      	movs	r0, #41	@ 0x29
10000320:	f006 fdce 	bl	10006ec0 <VL53L1X_CheckForDataReady>
10000324:	2001      	movs	r0, #1
10000326:	2100      	movs	r1, #0
10000328:	f000 ff3c 	bl	100011a4 <sleep_us>
1000032c:	7823      	ldrb	r3, [r4, #0]
1000032e:	2b00      	cmp	r3, #0
10000330:	d0f4      	beq.n	1000031c <main+0x9c>
10000332:	0029      	movs	r1, r5
10000334:	2029      	movs	r0, #41	@ 0x29
10000336:	f006 ff49 	bl	100071cc <VL53L1X_GetResult>
1000033a:	8928      	ldrh	r0, [r5, #8]
1000033c:	88ab      	ldrh	r3, [r5, #4]
1000033e:	886a      	ldrh	r2, [r5, #2]
10000340:	7829      	ldrb	r1, [r5, #0]
10000342:	9001      	str	r0, [sp, #4]
10000344:	88e8      	ldrh	r0, [r5, #6]
10000346:	9000      	str	r0, [sp, #0]
10000348:	0038      	movs	r0, r7
1000034a:	f004 f997 	bl	1000467c <__wrap_printf>
1000034e:	2029      	movs	r0, #41	@ 0x29
10000350:	f006 fdaa 	bl	10006ea8 <VL53L1X_ClearInterrupt>
10000354:	2e00      	cmp	r6, #0
10000356:	d002      	beq.n	1000035e <main+0xde>
10000358:	2029      	movs	r0, #41	@ 0x29
1000035a:	f006 fda5 	bl	10006ea8 <VL53L1X_ClearInterrupt>
1000035e:	2600      	movs	r6, #0
10000360:	e7d7      	b.n	10000312 <main+0x92>
10000362:	4808      	ldr	r0, [pc, #32]	@ (10000384 <main+0x104>)
10000364:	f004 f908 	bl	10004578 <__wrap_puts>
10000368:	2000      	movs	r0, #0
1000036a:	b006      	add	sp, #24
1000036c:	bc80      	pop	{r7}
1000036e:	46b8      	mov	r8, r7
10000370:	bdf0      	pop	{r4, r5, r6, r7, pc}
10000372:	46c0      	nop			@ (mov r8, r8)
10000374:	20001088 	.word	0x20001088
10000378:	100086f4 	.word	0x100086f4
1000037c:	200014ac 	.word	0x200014ac
10000380:	10008704 	.word	0x10008704
10000384:	100086d8 	.word	0x100086d8

10000388 <gpio_set_function>:
10000388:	b510      	push	{r4, lr}
1000038a:	2440      	movs	r4, #64	@ 0x40
1000038c:	4a07      	ldr	r2, [pc, #28]	@ (100003ac <gpio_set_function+0x24>)
1000038e:	0083      	lsls	r3, r0, #2
10000390:	189a      	adds	r2, r3, r2
10000392:	6812      	ldr	r2, [r2, #0]
10000394:	00c0      	lsls	r0, r0, #3
10000396:	4054      	eors	r4, r2
10000398:	22c0      	movs	r2, #192	@ 0xc0
1000039a:	4022      	ands	r2, r4
1000039c:	4c04      	ldr	r4, [pc, #16]	@ (100003b0 <gpio_set_function+0x28>)
1000039e:	191b      	adds	r3, r3, r4
100003a0:	601a      	str	r2, [r3, #0]
100003a2:	4b04      	ldr	r3, [pc, #16]	@ (100003b4 <gpio_set_function+0x2c>)
100003a4:	18c0      	adds	r0, r0, r3
100003a6:	6041      	str	r1, [r0, #4]
100003a8:	bd10      	pop	{r4, pc}
100003aa:	46c0      	nop			@ (mov r8, r8)
100003ac:	4001c004 	.word	0x4001c004
100003b0:	4001d004 	.word	0x4001d004
100003b4:	40014000 	.word	0x40014000

100003b8 <gpio_set_pulls>:
100003b8:	4b06      	ldr	r3, [pc, #24]	@ (100003d4 <gpio_set_pulls+0x1c>)
100003ba:	0080      	lsls	r0, r0, #2
100003bc:	18c3      	adds	r3, r0, r3
100003be:	681b      	ldr	r3, [r3, #0]
100003c0:	00c9      	lsls	r1, r1, #3
100003c2:	0092      	lsls	r2, r2, #2
100003c4:	430a      	orrs	r2, r1
100003c6:	405a      	eors	r2, r3
100003c8:	230c      	movs	r3, #12
100003ca:	4013      	ands	r3, r2
100003cc:	4a02      	ldr	r2, [pc, #8]	@ (100003d8 <gpio_set_pulls+0x20>)
100003ce:	1880      	adds	r0, r0, r2
100003d0:	6003      	str	r3, [r0, #0]
100003d2:	4770      	bx	lr
100003d4:	4001c004 	.word	0x4001c004
100003d8:	4001d004 	.word	0x4001d004

100003dc <gpio_init>:
100003dc:	2301      	movs	r3, #1
100003de:	22d0      	movs	r2, #208	@ 0xd0
100003e0:	4083      	lsls	r3, r0
100003e2:	0612      	lsls	r2, r2, #24
100003e4:	6293      	str	r3, [r2, #40]	@ 0x28
100003e6:	6193      	str	r3, [r2, #24]
100003e8:	4a08      	ldr	r2, [pc, #32]	@ (1000040c <gpio_init+0x30>)
100003ea:	0083      	lsls	r3, r0, #2
100003ec:	189a      	adds	r2, r3, r2
100003ee:	6811      	ldr	r1, [r2, #0]
100003f0:	2240      	movs	r2, #64	@ 0x40
100003f2:	4051      	eors	r1, r2
100003f4:	3280      	adds	r2, #128	@ 0x80
100003f6:	400a      	ands	r2, r1
100003f8:	4905      	ldr	r1, [pc, #20]	@ (10000410 <gpio_init+0x34>)
100003fa:	00c0      	lsls	r0, r0, #3
100003fc:	185b      	adds	r3, r3, r1
100003fe:	601a      	str	r2, [r3, #0]
10000400:	4b04      	ldr	r3, [pc, #16]	@ (10000414 <gpio_init+0x38>)
10000402:	18c0      	adds	r0, r0, r3
10000404:	2305      	movs	r3, #5
10000406:	6043      	str	r3, [r0, #4]
10000408:	4770      	bx	lr
1000040a:	46c0      	nop			@ (mov r8, r8)
1000040c:	4001c004 	.word	0x4001c004
10000410:	4001d004 	.word	0x4001d004
10000414:	40014000 	.word	0x40014000

10000418 <rp2040_chip_version>:
10000418:	2380      	movs	r3, #128	@ 0x80
1000041a:	05db      	lsls	r3, r3, #23
1000041c:	6818      	ldr	r0, [r3, #0]
1000041e:	0f00      	lsrs	r0, r0, #28
10000420:	4770      	bx	lr
10000422:	46c0      	nop			@ (mov r8, r8)

10000424 <panic>:
10000424:	b40f      	push	{r0, r1, r2, r3}
10000426:	b500      	push	{lr}
10000428:	4808      	ldr	r0, [pc, #32]	@ (1000044c <panic+0x28>)
1000042a:	b083      	sub	sp, #12
1000042c:	f004 f8a4 	bl	10004578 <__wrap_puts>
10000430:	9b04      	ldr	r3, [sp, #16]
10000432:	2b00      	cmp	r3, #0
10000434:	d007      	beq.n	10000446 <panic+0x22>
10000436:	a905      	add	r1, sp, #20
10000438:	0018      	movs	r0, r3
1000043a:	9101      	str	r1, [sp, #4]
1000043c:	f003 fe7c 	bl	10004138 <weak_raw_vprintf>
10000440:	4803      	ldr	r0, [pc, #12]	@ (10000450 <panic+0x2c>)
10000442:	f004 f899 	bl	10004578 <__wrap_puts>
10000446:	2001      	movs	r0, #1
10000448:	f003 fe8e 	bl	10004168 <_exit>
1000044c:	1000874c 	.word	0x1000874c
10000450:	10008808 	.word	0x10008808

10000454 <hw_claim_or_assert>:
10000454:	b570      	push	{r4, r5, r6, lr}
10000456:	468c      	mov	ip, r1
10000458:	0016      	movs	r6, r2
1000045a:	f3ef 8410 	mrs	r4, PRIMASK
1000045e:	b672      	cpsid	i
10000460:	490f      	ldr	r1, [pc, #60]	@ (100004a0 <hw_claim_or_assert+0x4c>)
10000462:	680b      	ldr	r3, [r1, #0]
10000464:	2b00      	cmp	r3, #0
10000466:	d0fc      	beq.n	10000462 <hw_claim_or_assert+0xe>
10000468:	f3bf 8f5f 	dmb	sy
1000046c:	4663      	mov	r3, ip
1000046e:	08db      	lsrs	r3, r3, #3
10000470:	18c5      	adds	r5, r0, r3
10000472:	2207      	movs	r2, #7
10000474:	5cc0      	ldrb	r0, [r0, r3]
10000476:	4663      	mov	r3, ip
10000478:	401a      	ands	r2, r3
1000047a:	2301      	movs	r3, #1
1000047c:	4093      	lsls	r3, r2
1000047e:	001a      	movs	r2, r3
10000480:	4002      	ands	r2, r0
10000482:	4203      	tst	r3, r0
10000484:	d107      	bne.n	10000496 <hw_claim_or_assert+0x42>
10000486:	4318      	orrs	r0, r3
10000488:	7028      	strb	r0, [r5, #0]
1000048a:	f3bf 8f5f 	dmb	sy
1000048e:	600a      	str	r2, [r1, #0]
10000490:	f384 8810 	msr	PRIMASK, r4
10000494:	bd70      	pop	{r4, r5, r6, pc}
10000496:	4661      	mov	r1, ip
10000498:	0030      	movs	r0, r6
1000049a:	f7ff ffc3 	bl	10000424 <panic>
1000049e:	46c0      	nop			@ (mov r8, r8)
100004a0:	d000012c 	.word	0xd000012c

100004a4 <hw_claim_unused_from_range>:
100004a4:	b5f8      	push	{r3, r4, r5, r6, r7, lr}
100004a6:	46ce      	mov	lr, r9
100004a8:	4647      	mov	r7, r8
100004aa:	468c      	mov	ip, r1
100004ac:	b580      	push	{r7, lr}
100004ae:	001c      	movs	r4, r3
100004b0:	f3ef 8810 	mrs	r8, PRIMASK
100004b4:	b672      	cpsid	i
100004b6:	491c      	ldr	r1, [pc, #112]	@ (10000528 <hw_claim_unused_from_range+0x84>)
100004b8:	680b      	ldr	r3, [r1, #0]
100004ba:	2b00      	cmp	r3, #0
100004bc:	d0fc      	beq.n	100004b8 <hw_claim_unused_from_range+0x14>
100004be:	f3bf 8f5f 	dmb	sy
100004c2:	42a2      	cmp	r2, r4
100004c4:	d821      	bhi.n	1000050a <hw_claim_unused_from_range+0x66>
100004c6:	2307      	movs	r3, #7
100004c8:	4699      	mov	r9, r3
100004ca:	e002      	b.n	100004d2 <hw_claim_unused_from_range+0x2e>
100004cc:	3201      	adds	r2, #1
100004ce:	4294      	cmp	r4, r2
100004d0:	d318      	bcc.n	10000504 <hw_claim_unused_from_range+0x60>
100004d2:	4649      	mov	r1, r9
100004d4:	2601      	movs	r6, #1
100004d6:	4011      	ands	r1, r2
100004d8:	408e      	lsls	r6, r1
100004da:	08d3      	lsrs	r3, r2, #3
100004dc:	18c7      	adds	r7, r0, r3
100004de:	5cc3      	ldrb	r3, [r0, r3]
100004e0:	421e      	tst	r6, r3
100004e2:	d1f3      	bne.n	100004cc <hw_claim_unused_from_range+0x28>
100004e4:	0010      	movs	r0, r2
100004e6:	4333      	orrs	r3, r6
100004e8:	703b      	strb	r3, [r7, #0]
100004ea:	f3bf 8f5f 	dmb	sy
100004ee:	2200      	movs	r2, #0
100004f0:	4b0d      	ldr	r3, [pc, #52]	@ (10000528 <hw_claim_unused_from_range+0x84>)
100004f2:	601a      	str	r2, [r3, #0]
100004f4:	f388 8810 	msr	PRIMASK, r8
100004f8:	2800      	cmp	r0, #0
100004fa:	db0e      	blt.n	1000051a <hw_claim_unused_from_range+0x76>
100004fc:	bcc0      	pop	{r6, r7}
100004fe:	46b9      	mov	r9, r7
10000500:	46b0      	mov	r8, r6
10000502:	bdf8      	pop	{r3, r4, r5, r6, r7, pc}
10000504:	2001      	movs	r0, #1
10000506:	4240      	negs	r0, r0
10000508:	e7ef      	b.n	100004ea <hw_claim_unused_from_range+0x46>
1000050a:	f3bf 8f5f 	dmb	sy
1000050e:	2300      	movs	r3, #0
10000510:	600b      	str	r3, [r1, #0]
10000512:	f388 8810 	msr	PRIMASK, r8
10000516:	2001      	movs	r0, #1
10000518:	4240      	negs	r0, r0
1000051a:	4663      	mov	r3, ip
1000051c:	2b00      	cmp	r3, #0
1000051e:	d0ed      	beq.n	100004fc <hw_claim_unused_from_range+0x58>
10000520:	9808      	ldr	r0, [sp, #32]
10000522:	f7ff ff7f 	bl	10000424 <panic>
10000526:	46c0      	nop			@ (mov r8, r8)
10000528:	d000012c 	.word	0xd000012c

1000052c <next_striped_spin_lock_num>:
1000052c:	4a04      	ldr	r2, [pc, #16]	@ (10000540 <next_striped_spin_lock_num+0x14>)
1000052e:	7810      	ldrb	r0, [r2, #0]
10000530:	1c43      	adds	r3, r0, #1
10000532:	b2db      	uxtb	r3, r3
10000534:	2b17      	cmp	r3, #23
10000536:	d900      	bls.n	1000053a <next_striped_spin_lock_num+0xe>
10000538:	2310      	movs	r3, #16
1000053a:	7013      	strb	r3, [r2, #0]
1000053c:	4770      	bx	lr
1000053e:	46c0      	nop			@ (mov r8, r8)
10000540:	20000f90 	.word	0x20000f90

10000544 <spin_lock_claim_unused>:
10000544:	b500      	push	{lr}
10000546:	4b05      	ldr	r3, [pc, #20]	@ (1000055c <spin_lock_claim_unused+0x18>)
10000548:	b083      	sub	sp, #12
1000054a:	0001      	movs	r1, r0
1000054c:	9300      	str	r3, [sp, #0]
1000054e:	2218      	movs	r2, #24
10000550:	231f      	movs	r3, #31
10000552:	4803      	ldr	r0, [pc, #12]	@ (10000560 <spin_lock_claim_unused+0x1c>)
10000554:	f7ff ffa6 	bl	100004a4 <hw_claim_unused_from_range>
10000558:	b003      	add	sp, #12
1000055a:	bd00      	pop	{pc}
1000055c:	1000875c 	.word	0x1000875c
10000560:	20002198 	.word	0x20002198

10000564 <spin_locks_reset>:
10000564:	2100      	movs	r1, #0
10000566:	4b04      	ldr	r3, [pc, #16]	@ (10000578 <spin_locks_reset+0x14>)
10000568:	4a04      	ldr	r2, [pc, #16]	@ (1000057c <spin_locks_reset+0x18>)
1000056a:	f3bf 8f5f 	dmb	sy
1000056e:	c302      	stmia	r3!, {r1}
10000570:	4293      	cmp	r3, r2
10000572:	d1fa      	bne.n	1000056a <spin_locks_reset+0x6>
10000574:	4770      	bx	lr
10000576:	46c0      	nop			@ (mov r8, r8)
10000578:	d0000100 	.word	0xd0000100
1000057c:	d0000180 	.word	0xd0000180

10000580 <runtime_init_per_core_irq_priorities>:
10000580:	4b08      	ldr	r3, [pc, #32]	@ (100005a4 <runtime_init_per_core_irq_priorities+0x24>)
10000582:	4a09      	ldr	r2, [pc, #36]	@ (100005a8 <runtime_init_per_core_irq_priorities+0x28>)
10000584:	6013      	str	r3, [r2, #0]
10000586:	4a09      	ldr	r2, [pc, #36]	@ (100005ac <runtime_init_per_core_irq_priorities+0x2c>)
10000588:	6013      	str	r3, [r2, #0]
1000058a:	4a09      	ldr	r2, [pc, #36]	@ (100005b0 <runtime_init_per_core_irq_priorities+0x30>)
1000058c:	6013      	str	r3, [r2, #0]
1000058e:	4a09      	ldr	r2, [pc, #36]	@ (100005b4 <runtime_init_per_core_irq_priorities+0x34>)
10000590:	6013      	str	r3, [r2, #0]
10000592:	4a09      	ldr	r2, [pc, #36]	@ (100005b8 <runtime_init_per_core_irq_priorities+0x38>)
10000594:	6013      	str	r3, [r2, #0]
10000596:	4a09      	ldr	r2, [pc, #36]	@ (100005bc <runtime_init_per_core_irq_priorities+0x3c>)
10000598:	6013      	str	r3, [r2, #0]
1000059a:	4a09      	ldr	r2, [pc, #36]	@ (100005c0 <runtime_init_per_core_irq_priorities+0x40>)
1000059c:	6013      	str	r3, [r2, #0]
1000059e:	4a09      	ldr	r2, [pc, #36]	@ (100005c4 <runtime_init_per_core_irq_priorities+0x44>)
100005a0:	6013      	str	r3, [r2, #0]
100005a2:	4770      	bx	lr
100005a4:	80808080 	.word	0x80808080
100005a8:	e000e400 	.word	0xe000e400
100005ac:	e000e404 	.word	0xe000e404
100005b0:	e000e408 	.word	0xe000e408
100005b4:	e000e40c 	.word	0xe000e40c
100005b8:	e000e410 	.word	0xe000e410
100005bc:	e000e414 	.word	0xe000e414
100005c0:	e000e418 	.word	0xe000e418
100005c4:	e000e41c 	.word	0xe000e41c

100005c8 <irq_set_enabled>:
100005c8:	231f      	movs	r3, #31
100005ca:	4018      	ands	r0, r3
100005cc:	3b1e      	subs	r3, #30
100005ce:	4083      	lsls	r3, r0
100005d0:	2900      	cmp	r1, #0
100005d2:	d005      	beq.n	100005e0 <irq_set_enabled+0x18>
100005d4:	21c0      	movs	r1, #192	@ 0xc0
100005d6:	4a04      	ldr	r2, [pc, #16]	@ (100005e8 <irq_set_enabled+0x20>)
100005d8:	0049      	lsls	r1, r1, #1
100005da:	5053      	str	r3, [r2, r1]
100005dc:	6013      	str	r3, [r2, #0]
100005de:	4770      	bx	lr
100005e0:	2280      	movs	r2, #128	@ 0x80
100005e2:	4901      	ldr	r1, [pc, #4]	@ (100005e8 <irq_set_enabled+0x20>)
100005e4:	508b      	str	r3, [r1, r2]
100005e6:	e7fa      	b.n	100005de <irq_set_enabled+0x16>
100005e8:	e000e100 	.word	0xe000e100

100005ec <irq_is_enabled>:
100005ec:	2201      	movs	r2, #1
100005ee:	4082      	lsls	r2, r0
100005f0:	4b03      	ldr	r3, [pc, #12]	@ (10000600 <irq_is_enabled+0x14>)
100005f2:	681b      	ldr	r3, [r3, #0]
100005f4:	4013      	ands	r3, r2
100005f6:	1e5a      	subs	r2, r3, #1
100005f8:	4193      	sbcs	r3, r2
100005fa:	b2d8      	uxtb	r0, r3
100005fc:	4770      	bx	lr
100005fe:	46c0      	nop			@ (mov r8, r8)
10000600:	e000e100 	.word	0xe000e100

10000604 <irq_set_pending>:
10000604:	2301      	movs	r3, #1
10000606:	2280      	movs	r2, #128	@ 0x80
10000608:	4083      	lsls	r3, r0
1000060a:	4902      	ldr	r1, [pc, #8]	@ (10000614 <irq_set_pending+0x10>)
1000060c:	0052      	lsls	r2, r2, #1
1000060e:	508b      	str	r3, [r1, r2]
10000610:	4770      	bx	lr
10000612:	46c0      	nop			@ (mov r8, r8)
10000614:	e000e100 	.word	0xe000e100

10000618 <irq_has_shared_handler>:
10000618:	4b05      	ldr	r3, [pc, #20]	@ (10000630 <irq_has_shared_handler+0x18>)
1000061a:	3010      	adds	r0, #16
1000061c:	689b      	ldr	r3, [r3, #8]
1000061e:	0080      	lsls	r0, r0, #2
10000620:	58c3      	ldr	r3, [r0, r3]
10000622:	4a04      	ldr	r2, [pc, #16]	@ (10000634 <irq_has_shared_handler+0x1c>)
10000624:	2000      	movs	r0, #0
10000626:	1a9b      	subs	r3, r3, r2
10000628:	2247      	movs	r2, #71	@ 0x47
1000062a:	429a      	cmp	r2, r3
1000062c:	4140      	adcs	r0, r0
1000062e:	4770      	bx	lr
10000630:	e000ed00 	.word	0xe000ed00
10000634:	20000f94 	.word	0x20000f94

10000638 <irq_set_exclusive_handler>:
10000638:	b510      	push	{r4, lr}
1000063a:	f3ef 8c10 	mrs	ip, PRIMASK
1000063e:	b672      	cpsid	i
10000640:	4a0f      	ldr	r2, [pc, #60]	@ (10000680 <irq_set_exclusive_handler+0x48>)
10000642:	6813      	ldr	r3, [r2, #0]
10000644:	2b00      	cmp	r3, #0
10000646:	d0fc      	beq.n	10000642 <irq_set_exclusive_handler+0xa>
10000648:	f3bf 8f5f 	dmb	sy
1000064c:	4b0d      	ldr	r3, [pc, #52]	@ (10000684 <irq_set_exclusive_handler+0x4c>)
1000064e:	3010      	adds	r0, #16
10000650:	689b      	ldr	r3, [r3, #8]
10000652:	0080      	lsls	r0, r0, #2
10000654:	581b      	ldr	r3, [r3, r0]
10000656:	4a0c      	ldr	r2, [pc, #48]	@ (10000688 <irq_set_exclusive_handler+0x50>)
10000658:	4293      	cmp	r3, r2
1000065a:	d001      	beq.n	10000660 <irq_set_exclusive_handler+0x28>
1000065c:	4299      	cmp	r1, r3
1000065e:	d10c      	bne.n	1000067a <irq_set_exclusive_handler+0x42>
10000660:	4b08      	ldr	r3, [pc, #32]	@ (10000684 <irq_set_exclusive_handler+0x4c>)
10000662:	689b      	ldr	r3, [r3, #8]
10000664:	5019      	str	r1, [r3, r0]
10000666:	f3bf 8f5f 	dmb	sy
1000066a:	f3bf 8f5f 	dmb	sy
1000066e:	2200      	movs	r2, #0
10000670:	4b03      	ldr	r3, [pc, #12]	@ (10000680 <irq_set_exclusive_handler+0x48>)
10000672:	601a      	str	r2, [r3, #0]
10000674:	f38c 8810 	msr	PRIMASK, ip
10000678:	bd10      	pop	{r4, pc}
1000067a:	f001 f9c7 	bl	10001a0c <hard_assertion_failure>
1000067e:	46c0      	nop			@ (mov r8, r8)
10000680:	d0000124 	.word	0xd0000124
10000684:	e000ed00 	.word	0xe000ed00
10000688:	100001c1 	.word	0x100001c1

1000068c <irq_add_shared_handler>:
1000068c:	b5f0      	push	{r4, r5, r6, r7, lr}
1000068e:	46de      	mov	lr, fp
10000690:	4657      	mov	r7, sl
10000692:	464e      	mov	r6, r9
10000694:	4645      	mov	r5, r8
10000696:	b5e0      	push	{r5, r6, r7, lr}
10000698:	468b      	mov	fp, r1
1000069a:	b085      	sub	sp, #20
1000069c:	f3ef 8810 	mrs	r8, PRIMASK
100006a0:	b672      	cpsid	i
100006a2:	0016      	movs	r6, r2
100006a4:	4a5b      	ldr	r2, [pc, #364]	@ (10000814 <irq_add_shared_handler+0x188>)
100006a6:	6813      	ldr	r3, [r2, #0]
100006a8:	2b00      	cmp	r3, #0
100006aa:	d0fc      	beq.n	100006a6 <irq_add_shared_handler+0x1a>
100006ac:	46b2      	mov	sl, r6
100006ae:	f3bf 8f5f 	dmb	sy
100006b2:	2500      	movs	r5, #0
100006b4:	4958      	ldr	r1, [pc, #352]	@ (10000818 <irq_add_shared_handler+0x18c>)
100006b6:	574d      	ldrsb	r5, [r1, r5]
100006b8:	2d00      	cmp	r5, #0
100006ba:	da00      	bge.n	100006be <irq_add_shared_handler+0x32>
100006bc:	e0a8      	b.n	10000810 <irq_add_shared_handler+0x184>
100006be:	006b      	lsls	r3, r5, #1
100006c0:	4a56      	ldr	r2, [pc, #344]	@ (1000081c <irq_add_shared_handler+0x190>)
100006c2:	9301      	str	r3, [sp, #4]
100006c4:	195b      	adds	r3, r3, r5
100006c6:	009b      	lsls	r3, r3, #2
100006c8:	18d4      	adds	r4, r2, r3
100006ca:	79a7      	ldrb	r7, [r4, #6]
100006cc:	3010      	adds	r0, #16
100006ce:	700f      	strb	r7, [r1, #0]
100006d0:	4953      	ldr	r1, [pc, #332]	@ (10000820 <irq_add_shared_handler+0x194>)
100006d2:	0080      	lsls	r0, r0, #2
100006d4:	6889      	ldr	r1, [r1, #8]
100006d6:	4684      	mov	ip, r0
100006d8:	580f      	ldr	r7, [r1, r0]
100006da:	1ab9      	subs	r1, r7, r2
100006dc:	2947      	cmp	r1, #71	@ 0x47
100006de:	d833      	bhi.n	10000748 <irq_add_shared_handler+0xbc>
100006e0:	2001      	movs	r0, #1
100006e2:	0039      	movs	r1, r7
100006e4:	4381      	bics	r1, r0
100006e6:	79ce      	ldrb	r6, [r1, #7]
100006e8:	4556      	cmp	r6, sl
100006ea:	d800      	bhi.n	100006ee <irq_add_shared_handler+0x62>
100006ec:	e06a      	b.n	100007c4 <irq_add_shared_handler+0x138>
100006ee:	46a1      	mov	r9, r4
100006f0:	4656      	mov	r6, sl
100006f2:	9303      	str	r3, [sp, #12]
100006f4:	e007      	b.n	10000706 <irq_add_shared_handler+0x7a>
100006f6:	0058      	lsls	r0, r3, #1
100006f8:	18c0      	adds	r0, r0, r3
100006fa:	0080      	lsls	r0, r0, #2
100006fc:	1810      	adds	r0, r2, r0
100006fe:	79c4      	ldrb	r4, [r0, #7]
10000700:	42b4      	cmp	r4, r6
10000702:	d94d      	bls.n	100007a0 <irq_add_shared_handler+0x114>
10000704:	0001      	movs	r1, r0
10000706:	2306      	movs	r3, #6
10000708:	56cb      	ldrsb	r3, [r1, r3]
1000070a:	2b00      	cmp	r3, #0
1000070c:	daf3      	bge.n	100006f6 <irq_add_shared_handler+0x6a>
1000070e:	1d08      	adds	r0, r1, #4
10000710:	464c      	mov	r4, r9
10000712:	46b2      	mov	sl, r6
10000714:	4681      	mov	r9, r0
10000716:	9302      	str	r3, [sp, #8]
10000718:	4b42      	ldr	r3, [pc, #264]	@ (10000824 <irq_add_shared_handler+0x198>)
1000071a:	464e      	mov	r6, r9
1000071c:	3c04      	subs	r4, #4
1000071e:	1ba4      	subs	r4, r4, r6
10000720:	0524      	lsls	r4, r4, #20
10000722:	4e41      	ldr	r6, [pc, #260]	@ (10000828 <irq_add_shared_handler+0x19c>)
10000724:	0d64      	lsrs	r4, r4, #21
10000726:	4334      	orrs	r4, r6
10000728:	808c      	strh	r4, [r1, #4]
1000072a:	718d      	strb	r5, [r1, #6]
1000072c:	9901      	ldr	r1, [sp, #4]
1000072e:	1949      	adds	r1, r1, r5
10000730:	0089      	lsls	r1, r1, #2
10000732:	1852      	adds	r2, r2, r1
10000734:	8093      	strh	r3, [r2, #4]
10000736:	9b02      	ldr	r3, [sp, #8]
10000738:	493c      	ldr	r1, [pc, #240]	@ (1000082c <irq_add_shared_handler+0x1a0>)
1000073a:	7193      	strb	r3, [r2, #6]
1000073c:	4653      	mov	r3, sl
1000073e:	71d3      	strb	r3, [r2, #7]
10000740:	465b      	mov	r3, fp
10000742:	6011      	str	r1, [r2, #0]
10000744:	6093      	str	r3, [r2, #8]
10000746:	e017      	b.n	10000778 <irq_add_shared_handler+0xec>
10000748:	4939      	ldr	r1, [pc, #228]	@ (10000830 <irq_add_shared_handler+0x1a4>)
1000074a:	428f      	cmp	r7, r1
1000074c:	d160      	bne.n	10000810 <irq_add_shared_handler+0x184>
1000074e:	4939      	ldr	r1, [pc, #228]	@ (10000834 <irq_add_shared_handler+0x1a8>)
10000750:	2701      	movs	r7, #1
10000752:	52d1      	strh	r1, [r2, r3]
10000754:	4938      	ldr	r1, [pc, #224]	@ (10000838 <irq_add_shared_handler+0x1ac>)
10000756:	3302      	adds	r3, #2
10000758:	18d3      	adds	r3, r2, r3
1000075a:	3904      	subs	r1, #4
1000075c:	1acb      	subs	r3, r1, r3
1000075e:	4a32      	ldr	r2, [pc, #200]	@ (10000828 <irq_add_shared_handler+0x19c>)
10000760:	051b      	lsls	r3, r3, #20
10000762:	0d5b      	lsrs	r3, r3, #21
10000764:	4313      	orrs	r3, r2
10000766:	8063      	strh	r3, [r4, #2]
10000768:	4b34      	ldr	r3, [pc, #208]	@ (1000083c <irq_add_shared_handler+0x1b0>)
1000076a:	71e6      	strb	r6, [r4, #7]
1000076c:	80a3      	strh	r3, [r4, #4]
1000076e:	23ff      	movs	r3, #255	@ 0xff
10000770:	71a3      	strb	r3, [r4, #6]
10000772:	465b      	mov	r3, fp
10000774:	4327      	orrs	r7, r4
10000776:	60a3      	str	r3, [r4, #8]
10000778:	4662      	mov	r2, ip
1000077a:	4b29      	ldr	r3, [pc, #164]	@ (10000820 <irq_add_shared_handler+0x194>)
1000077c:	689b      	ldr	r3, [r3, #8]
1000077e:	509f      	str	r7, [r3, r2]
10000780:	f3bf 8f5f 	dmb	sy
10000784:	f3bf 8f5f 	dmb	sy
10000788:	2200      	movs	r2, #0
1000078a:	4b22      	ldr	r3, [pc, #136]	@ (10000814 <irq_add_shared_handler+0x188>)
1000078c:	601a      	str	r2, [r3, #0]
1000078e:	f388 8810 	msr	PRIMASK, r8
10000792:	b005      	add	sp, #20
10000794:	bcf0      	pop	{r4, r5, r6, r7}
10000796:	46bb      	mov	fp, r7
10000798:	46b2      	mov	sl, r6
1000079a:	46a9      	mov	r9, r5
1000079c:	46a0      	mov	r8, r4
1000079e:	bdf0      	pop	{r4, r5, r6, r7, pc}
100007a0:	46b2      	mov	sl, r6
100007a2:	1d0e      	adds	r6, r1, #4
100007a4:	464c      	mov	r4, r9
100007a6:	46b1      	mov	r9, r6
100007a8:	8888      	ldrh	r0, [r1, #4]
100007aa:	9302      	str	r3, [sp, #8]
100007ac:	9b03      	ldr	r3, [sp, #12]
100007ae:	0540      	lsls	r0, r0, #21
100007b0:	1500      	asrs	r0, r0, #20
100007b2:	3304      	adds	r3, #4
100007b4:	4448      	add	r0, r9
100007b6:	18d3      	adds	r3, r2, r3
100007b8:	1ac3      	subs	r3, r0, r3
100007ba:	051b      	lsls	r3, r3, #20
100007bc:	481a      	ldr	r0, [pc, #104]	@ (10000828 <irq_add_shared_handler+0x19c>)
100007be:	0d5b      	lsrs	r3, r3, #21
100007c0:	4303      	orrs	r3, r0
100007c2:	e7aa      	b.n	1000071a <irq_add_shared_handler+0x8e>
100007c4:	1c9e      	adds	r6, r3, #2
100007c6:	46b1      	mov	r9, r6
100007c8:	4491      	add	r9, r2
100007ca:	464e      	mov	r6, r9
100007cc:	000f      	movs	r7, r1
100007ce:	4d1c      	ldr	r5, [pc, #112]	@ (10000840 <irq_add_shared_handler+0x1b4>)
100007d0:	1abf      	subs	r7, r7, r2
100007d2:	417f      	adcs	r7, r7
100007d4:	437d      	muls	r5, r7
100007d6:	0d2d      	lsrs	r5, r5, #20
100007d8:	4f16      	ldr	r7, [pc, #88]	@ (10000834 <irq_add_shared_handler+0x1a8>)
100007da:	71a5      	strb	r5, [r4, #6]
100007dc:	52d7      	strh	r7, [r2, r3]
100007de:	4f16      	ldr	r7, [pc, #88]	@ (10000838 <irq_add_shared_handler+0x1ac>)
100007e0:	3304      	adds	r3, #4
100007e2:	3f04      	subs	r7, #4
100007e4:	18d3      	adds	r3, r2, r3
100007e6:	1bbf      	subs	r7, r7, r6
100007e8:	1acb      	subs	r3, r1, r3
100007ea:	053f      	lsls	r7, r7, #20
100007ec:	3b04      	subs	r3, #4
100007ee:	0d7e      	lsrs	r6, r7, #21
100007f0:	051b      	lsls	r3, r3, #20
100007f2:	4f0d      	ldr	r7, [pc, #52]	@ (10000828 <irq_add_shared_handler+0x19c>)
100007f4:	0d5b      	lsrs	r3, r3, #21
100007f6:	433e      	orrs	r6, r7
100007f8:	431f      	orrs	r7, r3
100007fa:	4653      	mov	r3, sl
100007fc:	71e3      	strb	r3, [r4, #7]
100007fe:	465b      	mov	r3, fp
10000800:	60a3      	str	r3, [r4, #8]
10000802:	4b0a      	ldr	r3, [pc, #40]	@ (1000082c <irq_add_shared_handler+0x1a0>)
10000804:	80a7      	strh	r7, [r4, #4]
10000806:	8066      	strh	r6, [r4, #2]
10000808:	4304      	orrs	r4, r0
1000080a:	0027      	movs	r7, r4
1000080c:	600b      	str	r3, [r1, #0]
1000080e:	e7b3      	b.n	10000778 <irq_add_shared_handler+0xec>
10000810:	f001 f8fc 	bl	10001a0c <hard_assertion_failure>
10000814:	d0000124 	.word	0xd0000124
10000818:	2000265d 	.word	0x2000265d
1000081c:	20000f94 	.word	0x20000f94
10000820:	e000ed00 	.word	0xe000ed00
10000824:	0000bd01 	.word	0x0000bd01
10000828:	ffffe000 	.word	0xffffe000
1000082c:	47804801 	.word	0x47804801
10000830:	100001c1 	.word	0x100001c1
10000834:	ffffa100 	.word	0xffffa100
10000838:	20000fdc 	.word	0x20000fdc
1000083c:	ffffbd01 	.word	0xffffbd01
10000840:	0000aaaa 	.word	0x0000aaaa

10000844 <irq_remove_handler>:
10000844:	b5f0      	push	{r4, r5, r6, r7, lr}
10000846:	46de      	mov	lr, fp
10000848:	4657      	mov	r7, sl
1000084a:	464e      	mov	r6, r9
1000084c:	4645      	mov	r5, r8
1000084e:	b5e0      	push	{r5, r6, r7, lr}
10000850:	b083      	sub	sp, #12
10000852:	f3ef 8910 	mrs	r9, PRIMASK
10000856:	b672      	cpsid	i
10000858:	4a5d      	ldr	r2, [pc, #372]	@ (100009d0 <irq_remove_handler+0x18c>)
1000085a:	6813      	ldr	r3, [r2, #0]
1000085c:	2b00      	cmp	r3, #0
1000085e:	d0fc      	beq.n	1000085a <irq_remove_handler+0x16>
10000860:	f3bf 8f5f 	dmb	sy
10000864:	4b5b      	ldr	r3, [pc, #364]	@ (100009d4 <irq_remove_handler+0x190>)
10000866:	4e5c      	ldr	r6, [pc, #368]	@ (100009d8 <irq_remove_handler+0x194>)
10000868:	689a      	ldr	r2, [r3, #8]
1000086a:	0003      	movs	r3, r0
1000086c:	3310      	adds	r3, #16
1000086e:	009c      	lsls	r4, r3, #2
10000870:	5912      	ldr	r2, [r2, r4]
10000872:	4698      	mov	r8, r3
10000874:	42b2      	cmp	r2, r6
10000876:	d03b      	beq.n	100008f0 <irq_remove_handler+0xac>
10000878:	428a      	cmp	r2, r1
1000087a:	d04c      	beq.n	10000916 <irq_remove_handler+0xd2>
1000087c:	4f57      	ldr	r7, [pc, #348]	@ (100009dc <irq_remove_handler+0x198>)
1000087e:	46bc      	mov	ip, r7
10000880:	1bd7      	subs	r7, r2, r7
10000882:	2f47      	cmp	r7, #71	@ 0x47
10000884:	d834      	bhi.n	100008f0 <irq_remove_handler+0xac>
10000886:	4b56      	ldr	r3, [pc, #344]	@ (100009e0 <irq_remove_handler+0x19c>)
10000888:	271f      	movs	r7, #31
1000088a:	681d      	ldr	r5, [r3, #0]
1000088c:	4007      	ands	r7, r0
1000088e:	46aa      	mov	sl, r5
10000890:	2501      	movs	r5, #1
10000892:	40bd      	lsls	r5, r7
10000894:	2780      	movs	r7, #128	@ 0x80
10000896:	9501      	str	r5, [sp, #4]
10000898:	51dd      	str	r5, [r3, r7]
1000089a:	f3bf 8f5f 	dmb	sy
1000089e:	f3ef 8505 	mrs	r5, IPSR
100008a2:	46ab      	mov	fp, r5
100008a4:	2d00      	cmp	r5, #0
100008a6:	d138      	bne.n	1000091a <irq_remove_handler+0xd6>
100008a8:	2301      	movs	r3, #1
100008aa:	001d      	movs	r5, r3
100008ac:	4085      	lsls	r5, r0
100008ae:	0028      	movs	r0, r5
100008b0:	4655      	mov	r5, sl
100008b2:	4005      	ands	r5, r0
100008b4:	0010      	movs	r0, r2
100008b6:	4398      	bics	r0, r3
100008b8:	6887      	ldr	r7, [r0, #8]
100008ba:	46aa      	mov	sl, r5
100008bc:	42b9      	cmp	r1, r7
100008be:	d108      	bne.n	100008d2 <irq_remove_handler+0x8e>
100008c0:	e07c      	b.n	100009bc <irq_remove_handler+0x178>
100008c2:	0073      	lsls	r3, r6, #1
100008c4:	199b      	adds	r3, r3, r6
100008c6:	009b      	lsls	r3, r3, #2
100008c8:	4463      	add	r3, ip
100008ca:	689f      	ldr	r7, [r3, #8]
100008cc:	42b9      	cmp	r1, r7
100008ce:	d02d      	beq.n	1000092c <irq_remove_handler+0xe8>
100008d0:	0018      	movs	r0, r3
100008d2:	2606      	movs	r6, #6
100008d4:	5786      	ldrsb	r6, [r0, r6]
100008d6:	2e00      	cmp	r6, #0
100008d8:	daf3      	bge.n	100008c2 <irq_remove_handler+0x7e>
100008da:	42b9      	cmp	r1, r7
100008dc:	d04c      	beq.n	10000978 <irq_remove_handler+0x134>
100008de:	4653      	mov	r3, sl
100008e0:	2b00      	cmp	r3, #0
100008e2:	d01e      	beq.n	10000922 <irq_remove_handler+0xde>
100008e4:	21c0      	movs	r1, #192	@ 0xc0
100008e6:	4b3e      	ldr	r3, [pc, #248]	@ (100009e0 <irq_remove_handler+0x19c>)
100008e8:	9801      	ldr	r0, [sp, #4]
100008ea:	0049      	lsls	r1, r1, #1
100008ec:	5058      	str	r0, [r3, r1]
100008ee:	6018      	str	r0, [r3, #0]
100008f0:	4b38      	ldr	r3, [pc, #224]	@ (100009d4 <irq_remove_handler+0x190>)
100008f2:	689b      	ldr	r3, [r3, #8]
100008f4:	511a      	str	r2, [r3, r4]
100008f6:	f3bf 8f5f 	dmb	sy
100008fa:	f3bf 8f5f 	dmb	sy
100008fe:	2200      	movs	r2, #0
10000900:	4b33      	ldr	r3, [pc, #204]	@ (100009d0 <irq_remove_handler+0x18c>)
10000902:	601a      	str	r2, [r3, #0]
10000904:	f389 8810 	msr	PRIMASK, r9
10000908:	b003      	add	sp, #12
1000090a:	bcf0      	pop	{r4, r5, r6, r7}
1000090c:	46bb      	mov	fp, r7
1000090e:	46b2      	mov	sl, r6
10000910:	46a9      	mov	r9, r5
10000912:	46a0      	mov	r8, r4
10000914:	bdf0      	pop	{r4, r5, r6, r7, pc}
10000916:	0032      	movs	r2, r6
10000918:	e7ea      	b.n	100008f0 <irq_remove_handler+0xac>
1000091a:	45a8      	cmp	r8, r5
1000091c:	d0c4      	beq.n	100008a8 <irq_remove_handler+0x64>
1000091e:	f001 f875 	bl	10001a0c <hard_assertion_failure>
10000922:	2380      	movs	r3, #128	@ 0x80
10000924:	492e      	ldr	r1, [pc, #184]	@ (100009e0 <irq_remove_handler+0x19c>)
10000926:	9801      	ldr	r0, [sp, #4]
10000928:	50c8      	str	r0, [r1, r3]
1000092a:	e7e1      	b.n	100008f0 <irq_remove_handler+0xac>
1000092c:	2706      	movs	r7, #6
1000092e:	57df      	ldrsb	r7, [r3, r7]
10000930:	2f00      	cmp	r7, #0
10000932:	db22      	blt.n	1000097a <irq_remove_handler+0x136>
10000934:	0079      	lsls	r1, r7, #1
10000936:	19c8      	adds	r0, r1, r7
10000938:	0085      	lsls	r5, r0, #2
1000093a:	002e      	movs	r6, r5
1000093c:	4466      	add	r6, ip
1000093e:	68b0      	ldr	r0, [r6, #8]
10000940:	6098      	str	r0, [r3, #8]
10000942:	79f0      	ldrb	r0, [r6, #7]
10000944:	71d8      	strb	r0, [r3, #7]
10000946:	2006      	movs	r0, #6
10000948:	5630      	ldrsb	r0, [r6, r0]
1000094a:	7198      	strb	r0, [r3, #6]
1000094c:	2800      	cmp	r0, #0
1000094e:	db26      	blt.n	1000099e <irq_remove_handler+0x15a>
10000950:	4660      	mov	r0, ip
10000952:	88b6      	ldrh	r6, [r6, #4]
10000954:	1ac0      	subs	r0, r0, r3
10000956:	0576      	lsls	r6, r6, #21
10000958:	1536      	asrs	r6, r6, #20
1000095a:	1976      	adds	r6, r6, r5
1000095c:	1980      	adds	r0, r0, r6
1000095e:	0500      	lsls	r0, r0, #20
10000960:	4e20      	ldr	r6, [pc, #128]	@ (100009e4 <irq_remove_handler+0x1a0>)
10000962:	0d40      	lsrs	r0, r0, #21
10000964:	4330      	orrs	r0, r6
10000966:	8098      	strh	r0, [r3, #4]
10000968:	19cb      	adds	r3, r1, r7
1000096a:	491f      	ldr	r1, [pc, #124]	@ (100009e8 <irq_remove_handler+0x1a4>)
1000096c:	009b      	lsls	r3, r3, #2
1000096e:	7808      	ldrb	r0, [r1, #0]
10000970:	4463      	add	r3, ip
10000972:	7198      	strb	r0, [r3, #6]
10000974:	700f      	strb	r7, [r1, #0]
10000976:	e7b2      	b.n	100008de <irq_remove_handler+0x9a>
10000978:	0003      	movs	r3, r0
1000097a:	4659      	mov	r1, fp
1000097c:	2900      	cmp	r1, #0
1000097e:	d110      	bne.n	100009a2 <irq_remove_handler+0x15e>
10000980:	31ff      	adds	r1, #255	@ 0xff
10000982:	7181      	strb	r1, [r0, #6]
10000984:	4919      	ldr	r1, [pc, #100]	@ (100009ec <irq_remove_handler+0x1a8>)
10000986:	8081      	strh	r1, [r0, #4]
10000988:	4817      	ldr	r0, [pc, #92]	@ (100009e8 <irq_remove_handler+0x1a4>)
1000098a:	4665      	mov	r5, ip
1000098c:	7801      	ldrb	r1, [r0, #0]
1000098e:	7199      	strb	r1, [r3, #6]
10000990:	4917      	ldr	r1, [pc, #92]	@ (100009f0 <irq_remove_handler+0x1ac>)
10000992:	1b5b      	subs	r3, r3, r5
10000994:	415b      	adcs	r3, r3
10000996:	4359      	muls	r1, r3
10000998:	0d09      	lsrs	r1, r1, #20
1000099a:	7001      	strb	r1, [r0, #0]
1000099c:	e79f      	b.n	100008de <irq_remove_handler+0x9a>
1000099e:	4813      	ldr	r0, [pc, #76]	@ (100009ec <irq_remove_handler+0x1a8>)
100009a0:	e7e1      	b.n	10000966 <irq_remove_handler+0x122>
100009a2:	4914      	ldr	r1, [pc, #80]	@ (100009f4 <irq_remove_handler+0x1b0>)
100009a4:	4814      	ldr	r0, [pc, #80]	@ (100009f8 <irq_remove_handler+0x1b4>)
100009a6:	1ac9      	subs	r1, r1, r3
100009a8:	3908      	subs	r1, #8
100009aa:	024e      	lsls	r6, r1, #9
100009ac:	0d76      	lsrs	r6, r6, #21
100009ae:	4330      	orrs	r0, r6
100009b0:	8098      	strh	r0, [r3, #4]
100009b2:	4812      	ldr	r0, [pc, #72]	@ (100009fc <irq_remove_handler+0x1b8>)
100009b4:	0849      	lsrs	r1, r1, #1
100009b6:	4301      	orrs	r1, r0
100009b8:	80d9      	strh	r1, [r3, #6]
100009ba:	e790      	b.n	100008de <irq_remove_handler+0x9a>
100009bc:	2706      	movs	r7, #6
100009be:	57c7      	ldrsb	r7, [r0, r7]
100009c0:	0003      	movs	r3, r0
100009c2:	2f00      	cmp	r7, #0
100009c4:	dab6      	bge.n	10000934 <irq_remove_handler+0xf0>
100009c6:	4659      	mov	r1, fp
100009c8:	2900      	cmp	r1, #0
100009ca:	d1ea      	bne.n	100009a2 <irq_remove_handler+0x15e>
100009cc:	0032      	movs	r2, r6
100009ce:	e7db      	b.n	10000988 <irq_remove_handler+0x144>
100009d0:	d0000124 	.word	0xd0000124
100009d4:	e000ed00 	.word	0xe000ed00
100009d8:	100001c1 	.word	0x100001c1
100009dc:	20000f94 	.word	0x20000f94
100009e0:	e000e100 	.word	0xe000e100
100009e4:	ffffe000 	.word	0xffffe000
100009e8:	2000265d 	.word	0x2000265d
100009ec:	ffffbd01 	.word	0xffffbd01
100009f0:	0000aaaa 	.word	0x0000aaaa
100009f4:	20000fe6 	.word	0x20000fe6
100009f8:	fffff000 	.word	0xfffff000
100009fc:	fffff800 	.word	0xfffff800

10000a00 <irq_add_tail_to_free_list>:
10000a00:	2301      	movs	r3, #1
10000a02:	4303      	orrs	r3, r0
10000a04:	b570      	push	{r4, r5, r6, lr}
10000a06:	469c      	mov	ip, r3
10000a08:	f3ef 8105 	mrs	r1, IPSR
10000a0c:	f3ef 8510 	mrs	r5, PRIMASK
10000a10:	b672      	cpsid	i
10000a12:	4a27      	ldr	r2, [pc, #156]	@ (10000ab0 <irq_add_tail_to_free_list+0xb0>)
10000a14:	6813      	ldr	r3, [r2, #0]
10000a16:	2b00      	cmp	r3, #0
10000a18:	d0fc      	beq.n	10000a14 <irq_add_tail_to_free_list+0x14>
10000a1a:	f3bf 8f5f 	dmb	sy
10000a1e:	4a25      	ldr	r2, [pc, #148]	@ (10000ab4 <irq_add_tail_to_free_list+0xb4>)
10000a20:	0004      	movs	r4, r0
10000a22:	4b25      	ldr	r3, [pc, #148]	@ (10000ab8 <irq_add_tail_to_free_list+0xb8>)
10000a24:	1aa4      	subs	r4, r4, r2
10000a26:	4164      	adcs	r4, r4
10000a28:	4363      	muls	r3, r4
10000a2a:	0d1b      	lsrs	r3, r3, #20
10000a2c:	4c23      	ldr	r4, [pc, #140]	@ (10000abc <irq_add_tail_to_free_list+0xbc>)
10000a2e:	0089      	lsls	r1, r1, #2
10000a30:	68a6      	ldr	r6, [r4, #8]
10000a32:	b25b      	sxtb	r3, r3
10000a34:	5876      	ldr	r6, [r6, r1]
10000a36:	4566      	cmp	r6, ip
10000a38:	d024      	beq.n	10000a84 <irq_add_tail_to_free_list+0x84>
10000a3a:	2106      	movs	r1, #6
10000a3c:	5651      	ldrsb	r1, [r2, r1]
10000a3e:	4299      	cmp	r1, r3
10000a40:	d024      	beq.n	10000a8c <irq_add_tail_to_free_list+0x8c>
10000a42:	2112      	movs	r1, #18
10000a44:	5651      	ldrsb	r1, [r2, r1]
10000a46:	4299      	cmp	r1, r3
10000a48:	d02a      	beq.n	10000aa0 <irq_add_tail_to_free_list+0xa0>
10000a4a:	211e      	movs	r1, #30
10000a4c:	5651      	ldrsb	r1, [r2, r1]
10000a4e:	4299      	cmp	r1, r3
10000a50:	d028      	beq.n	10000aa4 <irq_add_tail_to_free_list+0xa4>
10000a52:	212a      	movs	r1, #42	@ 0x2a
10000a54:	5651      	ldrsb	r1, [r2, r1]
10000a56:	4299      	cmp	r1, r3
10000a58:	d026      	beq.n	10000aa8 <irq_add_tail_to_free_list+0xa8>
10000a5a:	2136      	movs	r1, #54	@ 0x36
10000a5c:	5651      	ldrsb	r1, [r2, r1]
10000a5e:	4299      	cmp	r1, r3
10000a60:	d024      	beq.n	10000aac <irq_add_tail_to_free_list+0xac>
10000a62:	2142      	movs	r1, #66	@ 0x42
10000a64:	5651      	ldrsb	r1, [r2, r1]
10000a66:	2405      	movs	r4, #5
10000a68:	4299      	cmp	r1, r3
10000a6a:	d010      	beq.n	10000a8e <irq_add_tail_to_free_list+0x8e>
10000a6c:	4a14      	ldr	r2, [pc, #80]	@ (10000ac0 <irq_add_tail_to_free_list+0xc0>)
10000a6e:	7811      	ldrb	r1, [r2, #0]
10000a70:	7013      	strb	r3, [r2, #0]
10000a72:	7181      	strb	r1, [r0, #6]
10000a74:	f3bf 8f5f 	dmb	sy
10000a78:	2200      	movs	r2, #0
10000a7a:	4b0d      	ldr	r3, [pc, #52]	@ (10000ab0 <irq_add_tail_to_free_list+0xb0>)
10000a7c:	601a      	str	r2, [r3, #0]
10000a7e:	f385 8810 	msr	PRIMASK, r5
10000a82:	bd70      	pop	{r4, r5, r6, pc}
10000a84:	68a2      	ldr	r2, [r4, #8]
10000a86:	4c0f      	ldr	r4, [pc, #60]	@ (10000ac4 <irq_add_tail_to_free_list+0xc4>)
10000a88:	5054      	str	r4, [r2, r1]
10000a8a:	e7ef      	b.n	10000a6c <irq_add_tail_to_free_list+0x6c>
10000a8c:	2400      	movs	r4, #0
10000a8e:	0061      	lsls	r1, r4, #1
10000a90:	1909      	adds	r1, r1, r4
10000a92:	0089      	lsls	r1, r1, #2
10000a94:	1852      	adds	r2, r2, r1
10000a96:	21ff      	movs	r1, #255	@ 0xff
10000a98:	7191      	strb	r1, [r2, #6]
10000a9a:	490b      	ldr	r1, [pc, #44]	@ (10000ac8 <irq_add_tail_to_free_list+0xc8>)
10000a9c:	8091      	strh	r1, [r2, #4]
10000a9e:	e7e5      	b.n	10000a6c <irq_add_tail_to_free_list+0x6c>
10000aa0:	2401      	movs	r4, #1
10000aa2:	e7f4      	b.n	10000a8e <irq_add_tail_to_free_list+0x8e>
10000aa4:	2402      	movs	r4, #2
10000aa6:	e7f2      	b.n	10000a8e <irq_add_tail_to_free_list+0x8e>
10000aa8:	2403      	movs	r4, #3
10000aaa:	e7f0      	b.n	10000a8e <irq_add_tail_to_free_list+0x8e>
10000aac:	2404      	movs	r4, #4
10000aae:	e7ee      	b.n	10000a8e <irq_add_tail_to_free_list+0x8e>
10000ab0:	d0000124 	.word	0xd0000124
10000ab4:	20000f94 	.word	0x20000f94
10000ab8:	0000aaaa 	.word	0x0000aaaa
10000abc:	e000ed00 	.word	0xe000ed00
10000ac0:	2000265d 	.word	0x2000265d
10000ac4:	100001c1 	.word	0x100001c1
10000ac8:	ffffbd01 	.word	0xffffbd01

10000acc <user_irq_claim_unused>:
10000acc:	b500      	push	{lr}
10000ace:	4b07      	ldr	r3, [pc, #28]	@ (10000aec <user_irq_claim_unused+0x20>)
10000ad0:	b083      	sub	sp, #12
10000ad2:	0001      	movs	r1, r0
10000ad4:	9300      	str	r3, [sp, #0]
10000ad6:	2200      	movs	r2, #0
10000ad8:	2305      	movs	r3, #5
10000ada:	4805      	ldr	r0, [pc, #20]	@ (10000af0 <user_irq_claim_unused+0x24>)
10000adc:	f7ff fce2 	bl	100004a4 <hw_claim_unused_from_range>
10000ae0:	2800      	cmp	r0, #0
10000ae2:	db01      	blt.n	10000ae8 <user_irq_claim_unused+0x1c>
10000ae4:	231f      	movs	r3, #31
10000ae6:	1a18      	subs	r0, r3, r0
10000ae8:	b003      	add	sp, #12
10000aea:	bd00      	pop	{pc}
10000aec:	10008778 	.word	0x10008778
10000af0:	20002661 	.word	0x20002661

10000af4 <lock_init>:
10000af4:	4b02      	ldr	r3, [pc, #8]	@ (10000b00 <lock_init+0xc>)
10000af6:	18c9      	adds	r1, r1, r3
10000af8:	0089      	lsls	r1, r1, #2
10000afa:	6001      	str	r1, [r0, #0]
10000afc:	4770      	bx	lr
10000afe:	46c0      	nop			@ (mov r8, r8)
10000b00:	34000040 	.word	0x34000040

10000b04 <runtime_init_mutex>:
10000b04:	b570      	push	{r4, r5, r6, lr}
10000b06:	4c11      	ldr	r4, [pc, #68]	@ (10000b4c <runtime_init_mutex+0x48>)
10000b08:	4d11      	ldr	r5, [pc, #68]	@ (10000b50 <runtime_init_mutex+0x4c>)
10000b0a:	42ac      	cmp	r4, r5
10000b0c:	d20f      	bcs.n	10000b2e <runtime_init_mutex+0x2a>
10000b0e:	26ff      	movs	r6, #255	@ 0xff
10000b10:	6823      	ldr	r3, [r4, #0]
10000b12:	2b00      	cmp	r3, #0
10000b14:	d00c      	beq.n	10000b30 <runtime_init_mutex+0x2c>
10000b16:	f7ff fd09 	bl	1000052c <next_striped_spin_lock_num>
10000b1a:	0001      	movs	r1, r0
10000b1c:	0020      	movs	r0, r4
10000b1e:	f7ff ffe9 	bl	10000af4 <lock_init>
10000b22:	80a6      	strh	r6, [r4, #4]
10000b24:	f3bf 8f5f 	dmb	sy
10000b28:	3408      	adds	r4, #8
10000b2a:	42ac      	cmp	r4, r5
10000b2c:	d3f0      	bcc.n	10000b10 <runtime_init_mutex+0xc>
10000b2e:	bd70      	pop	{r4, r5, r6, pc}
10000b30:	f7ff fcfc 	bl	1000052c <next_striped_spin_lock_num>
10000b34:	0001      	movs	r1, r0
10000b36:	0020      	movs	r0, r4
10000b38:	f7ff ffdc 	bl	10000af4 <lock_init>
10000b3c:	7126      	strb	r6, [r4, #4]
10000b3e:	f3bf 8f5f 	dmb	sy
10000b42:	3408      	adds	r4, #8
10000b44:	42ac      	cmp	r4, r5
10000b46:	d3e3      	bcc.n	10000b10 <runtime_init_mutex+0xc>
10000b48:	e7f1      	b.n	10000b2e <runtime_init_mutex+0x2a>
10000b4a:	46c0      	nop			@ (mov r8, r8)
10000b4c:	200016b0 	.word	0x200016b0
10000b50:	200016b8 	.word	0x200016b8

10000b54 <mutex_init>:
10000b54:	b510      	push	{r4, lr}
10000b56:	0004      	movs	r4, r0
10000b58:	f7ff fce8 	bl	1000052c <next_striped_spin_lock_num>
10000b5c:	0001      	movs	r1, r0
10000b5e:	0020      	movs	r0, r4
10000b60:	f7ff ffc8 	bl	10000af4 <lock_init>
10000b64:	23ff      	movs	r3, #255	@ 0xff
10000b66:	7123      	strb	r3, [r4, #4]
10000b68:	f3bf 8f5f 	dmb	sy
10000b6c:	bd10      	pop	{r4, pc}
10000b6e:	46c0      	nop			@ (mov r8, r8)

10000b70 <critical_section_init>:
10000b70:	b510      	push	{r4, lr}
10000b72:	0004      	movs	r4, r0
10000b74:	2001      	movs	r0, #1
10000b76:	f7ff fce5 	bl	10000544 <spin_lock_claim_unused>
10000b7a:	4b03      	ldr	r3, [pc, #12]	@ (10000b88 <critical_section_init+0x18>)
10000b7c:	18c0      	adds	r0, r0, r3
10000b7e:	0080      	lsls	r0, r0, #2
10000b80:	6020      	str	r0, [r4, #0]
10000b82:	f3bf 8f5f 	dmb	sy
10000b86:	bd10      	pop	{r4, pc}
10000b88:	34000040 	.word	0x34000040

10000b8c <critical_section_init_with_lock_num>:
10000b8c:	4b03      	ldr	r3, [pc, #12]	@ (10000b9c <critical_section_init_with_lock_num+0x10>)
10000b8e:	18c9      	adds	r1, r1, r3
10000b90:	0089      	lsls	r1, r1, #2
10000b92:	6001      	str	r1, [r0, #0]
10000b94:	f3bf 8f5f 	dmb	sy
10000b98:	4770      	bx	lr
10000b9a:	46c0      	nop			@ (mov r8, r8)
10000b9c:	34000040 	.word	0x34000040

10000ba0 <sleep_until_callback>:
10000ba0:	bf40      	sev
10000ba2:	2000      	movs	r0, #0
10000ba4:	2100      	movs	r1, #0
10000ba6:	4770      	bx	lr

10000ba8 <alarm_pool_irq_handler>:
10000ba8:	b5f0      	push	{r4, r5, r6, r7, lr}
10000baa:	46de      	mov	lr, fp
10000bac:	4657      	mov	r7, sl
10000bae:	464e      	mov	r6, r9
10000bb0:	4645      	mov	r5, r8
10000bb2:	b5e0      	push	{r5, r6, r7, lr}
10000bb4:	b085      	sub	sp, #20
10000bb6:	f3ef 8305 	mrs	r3, IPSR
10000bba:	2203      	movs	r2, #3
10000bbc:	401a      	ands	r2, r3
10000bbe:	4bb1      	ldr	r3, [pc, #708]	@ (10000e84 <alarm_pool_irq_handler+0x2dc>)
10000bc0:	0091      	lsls	r1, r2, #2
10000bc2:	585b      	ldr	r3, [r3, r1]
10000bc4:	9203      	str	r2, [sp, #12]
10000bc6:	4698      	mov	r8, r3
10000bc8:	2301      	movs	r3, #1
10000bca:	4093      	lsls	r3, r2
10000bcc:	001a      	movs	r2, r3
10000bce:	9301      	str	r3, [sp, #4]
10000bd0:	4bad      	ldr	r3, [pc, #692]	@ (10000e88 <alarm_pool_irq_handler+0x2e0>)
10000bd2:	9102      	str	r1, [sp, #8]
10000bd4:	601a      	str	r2, [r3, #0]
10000bd6:	2308      	movs	r3, #8
10000bd8:	4443      	add	r3, r8
10000bda:	4699      	mov	r9, r3
10000bdc:	9b01      	ldr	r3, [sp, #4]
10000bde:	48ab      	ldr	r0, [pc, #684]	@ (10000e8c <alarm_pool_irq_handler+0x2e4>)
10000be0:	6343      	str	r3, [r0, #52]	@ 0x34
10000be2:	4643      	mov	r3, r8
10000be4:	2208      	movs	r2, #8
10000be6:	5e9b      	ldrsh	r3, [r3, r2]
10000be8:	469a      	mov	sl, r3
10000bea:	2b00      	cmp	r3, #0
10000bec:	db00      	blt.n	10000bf0 <alarm_pool_irq_handler+0x48>
10000bee:	e0b9      	b.n	10000d64 <alarm_pool_irq_handler+0x1bc>
10000bf0:	4643      	mov	r3, r8
10000bf2:	889b      	ldrh	r3, [r3, #4]
10000bf4:	b21b      	sxth	r3, r3
10000bf6:	2b00      	cmp	r3, #0
10000bf8:	da00      	bge.n	10000bfc <alarm_pool_irq_handler+0x54>
10000bfa:	e126      	b.n	10000e4a <alarm_pool_irq_handler+0x2a2>
10000bfc:	4643      	mov	r3, r8
10000bfe:	691b      	ldr	r3, [r3, #16]
10000c00:	f3ef 8210 	mrs	r2, PRIMASK
10000c04:	b672      	cpsid	i
10000c06:	6819      	ldr	r1, [r3, #0]
10000c08:	2900      	cmp	r1, #0
10000c0a:	d0fc      	beq.n	10000c06 <alarm_pool_irq_handler+0x5e>
10000c0c:	f3bf 8f5f 	dmb	sy
10000c10:	4643      	mov	r3, r8
10000c12:	889e      	ldrh	r6, [r3, #4]
10000c14:	2301      	movs	r3, #1
10000c16:	4641      	mov	r1, r8
10000c18:	425b      	negs	r3, r3
10000c1a:	808b      	strh	r3, [r1, #4]
10000c1c:	b236      	sxth	r6, r6
10000c1e:	690b      	ldr	r3, [r1, #16]
10000c20:	f3bf 8f5f 	dmb	sy
10000c24:	2100      	movs	r1, #0
10000c26:	6019      	str	r1, [r3, #0]
10000c28:	f382 8810 	msr	PRIMASK, r2
10000c2c:	2e00      	cmp	r6, #0
10000c2e:	db26      	blt.n	10000c7e <alarm_pool_irq_handler+0xd6>
10000c30:	4643      	mov	r3, r8
10000c32:	695d      	ldr	r5, [r3, #20]
10000c34:	0074      	lsls	r4, r6, #1
10000c36:	19a4      	adds	r4, r4, r6
10000c38:	2008      	movs	r0, #8
10000c3a:	5e1a      	ldrsh	r2, [r3, r0]
10000c3c:	00e4      	lsls	r4, r4, #3
10000c3e:	4649      	mov	r1, r9
10000c40:	192c      	adds	r4, r5, r4
10000c42:	2a00      	cmp	r2, #0
10000c44:	db14      	blt.n	10000c70 <alarm_pool_irq_handler+0xc8>
10000c46:	68a0      	ldr	r0, [r4, #8]
10000c48:	469a      	mov	sl, r3
10000c4a:	4680      	mov	r8, r0
10000c4c:	68e0      	ldr	r0, [r4, #12]
10000c4e:	e007      	b.n	10000c60 <alarm_pool_irq_handler+0xb8>
10000c50:	4283      	cmp	r3, r0
10000c52:	d100      	bne.n	10000c56 <alarm_pool_irq_handler+0xae>
10000c54:	e081      	b.n	10000d5a <alarm_pool_irq_handler+0x1b2>
10000c56:	2300      	movs	r3, #0
10000c58:	5efa      	ldrsh	r2, [r7, r3]
10000c5a:	0039      	movs	r1, r7
10000c5c:	2a00      	cmp	r2, #0
10000c5e:	db06      	blt.n	10000c6e <alarm_pool_irq_handler+0xc6>
10000c60:	0057      	lsls	r7, r2, #1
10000c62:	18bf      	adds	r7, r7, r2
10000c64:	00ff      	lsls	r7, r7, #3
10000c66:	19ef      	adds	r7, r5, r7
10000c68:	68fb      	ldr	r3, [r7, #12]
10000c6a:	4283      	cmp	r3, r0
10000c6c:	ddf0      	ble.n	10000c50 <alarm_pool_irq_handler+0xa8>
10000c6e:	4653      	mov	r3, sl
10000c70:	800e      	strh	r6, [r1, #0]
10000c72:	2100      	movs	r1, #0
10000c74:	5e66      	ldrsh	r6, [r4, r1]
10000c76:	8022      	strh	r2, [r4, #0]
10000c78:	2e00      	cmp	r6, #0
10000c7a:	dadb      	bge.n	10000c34 <alarm_pool_irq_handler+0x8c>
10000c7c:	4698      	mov	r8, r3
10000c7e:	4643      	mov	r3, r8
10000c80:	2108      	movs	r1, #8
10000c82:	5e59      	ldrsh	r1, [r3, r1]
10000c84:	2900      	cmp	r1, #0
10000c86:	da00      	bge.n	10000c8a <alarm_pool_irq_handler+0xe2>
10000c88:	e0df      	b.n	10000e4a <alarm_pool_irq_handler+0x2a2>
10000c8a:	4643      	mov	r3, r8
10000c8c:	695a      	ldr	r2, [r3, #20]
10000c8e:	004b      	lsls	r3, r1, #1
10000c90:	487e      	ldr	r0, [pc, #504]	@ (10000e8c <alarm_pool_irq_handler+0x2e4>)
10000c92:	185b      	adds	r3, r3, r1
10000c94:	9902      	ldr	r1, [sp, #8]
10000c96:	00db      	lsls	r3, r3, #3
10000c98:	18d3      	adds	r3, r2, r3
10000c9a:	1809      	adds	r1, r1, r0
10000c9c:	6a82      	ldr	r2, [r0, #40]	@ 0x28
10000c9e:	689d      	ldr	r5, [r3, #8]
10000ca0:	68dc      	ldr	r4, [r3, #12]
10000ca2:	690b      	ldr	r3, [r1, #16]
10000ca4:	1aae      	subs	r6, r5, r2
10000ca6:	1a9b      	subs	r3, r3, r2
10000ca8:	429e      	cmp	r6, r3
10000caa:	d31b      	bcc.n	10000ce4 <alarm_pool_irq_handler+0x13c>
10000cac:	2301      	movs	r3, #1
10000cae:	6a02      	ldr	r2, [r0, #32]
10000cb0:	9803      	ldr	r0, [sp, #12]
10000cb2:	4083      	lsls	r3, r0
10000cb4:	421a      	tst	r2, r3
10000cb6:	d015      	beq.n	10000ce4 <alarm_pool_irq_handler+0x13c>
10000cb8:	4643      	mov	r3, r8
10000cba:	799b      	ldrb	r3, [r3, #6]
10000cbc:	2b00      	cmp	r3, #0
10000cbe:	d116      	bne.n	10000cee <alarm_pool_irq_handler+0x146>
10000cc0:	4872      	ldr	r0, [pc, #456]	@ (10000e8c <alarm_pool_irq_handler+0x2e4>)
10000cc2:	f000 fbc9 	bl	10001458 <timer_time_us_64>
10000cc6:	428c      	cmp	r4, r1
10000cc8:	dc04      	bgt.n	10000cd4 <alarm_pool_irq_handler+0x12c>
10000cca:	d000      	beq.n	10000cce <alarm_pool_irq_handler+0x126>
10000ccc:	e786      	b.n	10000bdc <alarm_pool_irq_handler+0x34>
10000cce:	4285      	cmp	r5, r0
10000cd0:	d800      	bhi.n	10000cd4 <alarm_pool_irq_handler+0x12c>
10000cd2:	e783      	b.n	10000bdc <alarm_pool_irq_handler+0x34>
10000cd4:	bf40      	sev
10000cd6:	b005      	add	sp, #20
10000cd8:	bcf0      	pop	{r4, r5, r6, r7}
10000cda:	46bb      	mov	fp, r7
10000cdc:	46b2      	mov	sl, r6
10000cde:	46a9      	mov	r9, r5
10000ce0:	46a0      	mov	r8, r4
10000ce2:	bdf0      	pop	{r4, r5, r6, r7, pc}
10000ce4:	4643      	mov	r3, r8
10000ce6:	610d      	str	r5, [r1, #16]
10000ce8:	799b      	ldrb	r3, [r3, #6]
10000cea:	2b00      	cmp	r3, #0
10000cec:	d0e8      	beq.n	10000cc0 <alarm_pool_irq_handler+0x118>
10000cee:	2300      	movs	r3, #0
10000cf0:	4642      	mov	r2, r8
10000cf2:	7193      	strb	r3, [r2, #6]
10000cf4:	4643      	mov	r3, r8
10000cf6:	2208      	movs	r2, #8
10000cf8:	5e9a      	ldrsh	r2, [r3, r2]
10000cfa:	1c53      	adds	r3, r2, #1
10000cfc:	d0e0      	beq.n	10000cc0 <alarm_pool_irq_handler+0x118>
10000cfe:	4647      	mov	r7, r8
10000d00:	4648      	mov	r0, r9
10000d02:	2600      	movs	r6, #0
10000d04:	46a8      	mov	r8, r5
10000d06:	46a3      	mov	fp, r4
10000d08:	e002      	b.n	10000d10 <alarm_pool_irq_handler+0x168>
10000d0a:	0008      	movs	r0, r1
10000d0c:	1c53      	adds	r3, r2, #1
10000d0e:	d020      	beq.n	10000d52 <alarm_pool_irq_handler+0x1aa>
10000d10:	0053      	lsls	r3, r2, #1
10000d12:	697d      	ldr	r5, [r7, #20]
10000d14:	189b      	adds	r3, r3, r2
10000d16:	00db      	lsls	r3, r3, #3
10000d18:	18e9      	adds	r1, r5, r3
10000d1a:	0014      	movs	r4, r2
10000d1c:	5eea      	ldrsh	r2, [r5, r3]
10000d1e:	884b      	ldrh	r3, [r1, #2]
10000d20:	b21b      	sxth	r3, r3
10000d22:	2b00      	cmp	r3, #0
10000d24:	daf1      	bge.n	10000d0a <alarm_pool_irq_handler+0x162>
10000d26:	8002      	strh	r2, [r0, #0]
10000d28:	693b      	ldr	r3, [r7, #16]
10000d2a:	f3ef 8a10 	mrs	sl, PRIMASK
10000d2e:	b672      	cpsid	i
10000d30:	001d      	movs	r5, r3
10000d32:	682b      	ldr	r3, [r5, #0]
10000d34:	2b00      	cmp	r3, #0
10000d36:	d0fc      	beq.n	10000d32 <alarm_pool_irq_handler+0x18a>
10000d38:	f3bf 8f5f 	dmb	sy
10000d3c:	887b      	ldrh	r3, [r7, #2]
10000d3e:	800b      	strh	r3, [r1, #0]
10000d40:	693b      	ldr	r3, [r7, #16]
10000d42:	807c      	strh	r4, [r7, #2]
10000d44:	f3bf 8f5f 	dmb	sy
10000d48:	601e      	str	r6, [r3, #0]
10000d4a:	f38a 8810 	msr	PRIMASK, sl
10000d4e:	1c53      	adds	r3, r2, #1
10000d50:	d1de      	bne.n	10000d10 <alarm_pool_irq_handler+0x168>
10000d52:	4645      	mov	r5, r8
10000d54:	465c      	mov	r4, fp
10000d56:	46b8      	mov	r8, r7
10000d58:	e7b2      	b.n	10000cc0 <alarm_pool_irq_handler+0x118>
10000d5a:	68bb      	ldr	r3, [r7, #8]
10000d5c:	4543      	cmp	r3, r8
10000d5e:	d800      	bhi.n	10000d62 <alarm_pool_irq_handler+0x1ba>
10000d60:	e779      	b.n	10000c56 <alarm_pool_irq_handler+0xae>
10000d62:	e784      	b.n	10000c6e <alarm_pool_irq_handler+0xc6>
10000d64:	4642      	mov	r2, r8
10000d66:	6952      	ldr	r2, [r2, #20]
10000d68:	005b      	lsls	r3, r3, #1
10000d6a:	4693      	mov	fp, r2
10000d6c:	4453      	add	r3, sl
10000d6e:	00db      	lsls	r3, r3, #3
10000d70:	449b      	add	fp, r3
10000d72:	465b      	mov	r3, fp
10000d74:	689e      	ldr	r6, [r3, #8]
10000d76:	68df      	ldr	r7, [r3, #12]
10000d78:	f000 fb6e 	bl	10001458 <timer_time_us_64>
10000d7c:	428f      	cmp	r7, r1
10000d7e:	dc2a      	bgt.n	10000dd6 <alarm_pool_irq_handler+0x22e>
10000d80:	d030      	beq.n	10000de4 <alarm_pool_irq_handler+0x23c>
10000d82:	465b      	mov	r3, fp
10000d84:	465a      	mov	r2, fp
10000d86:	691b      	ldr	r3, [r3, #16]
10000d88:	6954      	ldr	r4, [r2, #20]
10000d8a:	2b02      	cmp	r3, #2
10000d8c:	d032      	beq.n	10000df4 <alarm_pool_irq_handler+0x24c>
10000d8e:	4641      	mov	r1, r8
10000d90:	2008      	movs	r0, #8
10000d92:	5e08      	ldrsh	r0, [r1, r0]
10000d94:	8852      	ldrh	r2, [r2, #2]
10000d96:	0400      	lsls	r0, r0, #16
10000d98:	0021      	movs	r1, r4
10000d9a:	4310      	orrs	r0, r2
10000d9c:	4798      	blx	r3
10000d9e:	0004      	movs	r4, r0
10000da0:	000d      	movs	r5, r1
10000da2:	0023      	movs	r3, r4
10000da4:	432b      	orrs	r3, r5
10000da6:	d02e      	beq.n	10000e06 <alarm_pool_irq_handler+0x25e>
10000da8:	2d00      	cmp	r5, #0
10000daa:	da48      	bge.n	10000e3e <alarm_pool_irq_handler+0x296>
10000dac:	0030      	movs	r0, r6
10000dae:	0039      	movs	r1, r7
10000db0:	1b00      	subs	r0, r0, r4
10000db2:	41a9      	sbcs	r1, r5
10000db4:	465b      	mov	r3, fp
10000db6:	6098      	str	r0, [r3, #8]
10000db8:	60d9      	str	r1, [r3, #12]
10000dba:	2200      	movs	r2, #0
10000dbc:	5e9b      	ldrsh	r3, [r3, r2]
10000dbe:	2b00      	cmp	r3, #0
10000dc0:	db09      	blt.n	10000dd6 <alarm_pool_irq_handler+0x22e>
10000dc2:	4642      	mov	r2, r8
10000dc4:	005e      	lsls	r6, r3, #1
10000dc6:	6954      	ldr	r4, [r2, #20]
10000dc8:	18f2      	adds	r2, r6, r3
10000dca:	00d2      	lsls	r2, r2, #3
10000dcc:	18a2      	adds	r2, r4, r2
10000dce:	6897      	ldr	r7, [r2, #8]
10000dd0:	68d2      	ldr	r2, [r2, #12]
10000dd2:	428a      	cmp	r2, r1
10000dd4:	dd5c      	ble.n	10000e90 <alarm_pool_irq_handler+0x2e8>
10000dd6:	4643      	mov	r3, r8
10000dd8:	889b      	ldrh	r3, [r3, #4]
10000dda:	b21b      	sxth	r3, r3
10000ddc:	2b00      	cmp	r3, #0
10000dde:	da00      	bge.n	10000de2 <alarm_pool_irq_handler+0x23a>
10000de0:	e74d      	b.n	10000c7e <alarm_pool_irq_handler+0xd6>
10000de2:	e70b      	b.n	10000bfc <alarm_pool_irq_handler+0x54>
10000de4:	4286      	cmp	r6, r0
10000de6:	d8f6      	bhi.n	10000dd6 <alarm_pool_irq_handler+0x22e>
10000de8:	465b      	mov	r3, fp
10000dea:	465a      	mov	r2, fp
10000dec:	691b      	ldr	r3, [r3, #16]
10000dee:	6954      	ldr	r4, [r2, #20]
10000df0:	2b02      	cmp	r3, #2
10000df2:	d1cc      	bne.n	10000d8e <alarm_pool_irq_handler+0x1e6>
10000df4:	0020      	movs	r0, r4
10000df6:	6923      	ldr	r3, [r4, #16]
10000df8:	4798      	blx	r3
10000dfa:	2800      	cmp	r0, #0
10000dfc:	d003      	beq.n	10000e06 <alarm_pool_irq_handler+0x25e>
10000dfe:	cc30      	ldmia	r4, {r4, r5}
10000e00:	0023      	movs	r3, r4
10000e02:	432b      	orrs	r3, r5
10000e04:	d1d0      	bne.n	10000da8 <alarm_pool_irq_handler+0x200>
10000e06:	465b      	mov	r3, fp
10000e08:	4642      	mov	r2, r8
10000e0a:	881b      	ldrh	r3, [r3, #0]
10000e0c:	8113      	strh	r3, [r2, #8]
10000e0e:	6912      	ldr	r2, [r2, #16]
10000e10:	f3ef 8310 	mrs	r3, PRIMASK
10000e14:	b672      	cpsid	i
10000e16:	6811      	ldr	r1, [r2, #0]
10000e18:	2900      	cmp	r1, #0
10000e1a:	d0fc      	beq.n	10000e16 <alarm_pool_irq_handler+0x26e>
10000e1c:	f3bf 8f5f 	dmb	sy
10000e20:	4642      	mov	r2, r8
10000e22:	4659      	mov	r1, fp
10000e24:	8852      	ldrh	r2, [r2, #2]
10000e26:	800a      	strh	r2, [r1, #0]
10000e28:	4642      	mov	r2, r8
10000e2a:	4651      	mov	r1, sl
10000e2c:	8051      	strh	r1, [r2, #2]
10000e2e:	6912      	ldr	r2, [r2, #16]
10000e30:	f3bf 8f5f 	dmb	sy
10000e34:	2100      	movs	r1, #0
10000e36:	6011      	str	r1, [r2, #0]
10000e38:	f383 8810 	msr	PRIMASK, r3
10000e3c:	e7cb      	b.n	10000dd6 <alarm_pool_irq_handler+0x22e>
10000e3e:	4813      	ldr	r0, [pc, #76]	@ (10000e8c <alarm_pool_irq_handler+0x2e4>)
10000e40:	f000 fb0a 	bl	10001458 <timer_time_us_64>
10000e44:	1900      	adds	r0, r0, r4
10000e46:	4169      	adcs	r1, r5
10000e48:	e7b4      	b.n	10000db4 <alarm_pool_irq_handler+0x20c>
10000e4a:	4c10      	ldr	r4, [pc, #64]	@ (10000e8c <alarm_pool_irq_handler+0x2e4>)
10000e4c:	0020      	movs	r0, r4
10000e4e:	f000 fb03 	bl	10001458 <timer_time_us_64>
10000e52:	2280      	movs	r2, #128	@ 0x80
10000e54:	2300      	movs	r3, #0
10000e56:	0612      	lsls	r2, r2, #24
10000e58:	1880      	adds	r0, r0, r2
10000e5a:	4159      	adcs	r1, r3
10000e5c:	9a02      	ldr	r2, [sp, #8]
10000e5e:	6aa5      	ldr	r5, [r4, #40]	@ 0x28
10000e60:	1912      	adds	r2, r2, r4
10000e62:	6913      	ldr	r3, [r2, #16]
10000e64:	1b46      	subs	r6, r0, r5
10000e66:	1b5b      	subs	r3, r3, r5
10000e68:	429e      	cmp	r6, r3
10000e6a:	d201      	bcs.n	10000e70 <alarm_pool_irq_handler+0x2c8>
10000e6c:	6110      	str	r0, [r2, #16]
10000e6e:	e731      	b.n	10000cd4 <alarm_pool_irq_handler+0x12c>
10000e70:	2301      	movs	r3, #1
10000e72:	9d03      	ldr	r5, [sp, #12]
10000e74:	6a24      	ldr	r4, [r4, #32]
10000e76:	40ab      	lsls	r3, r5
10000e78:	421c      	tst	r4, r3
10000e7a:	d000      	beq.n	10000e7e <alarm_pool_irq_handler+0x2d6>
10000e7c:	e72a      	b.n	10000cd4 <alarm_pool_irq_handler+0x12c>
10000e7e:	6110      	str	r0, [r2, #16]
10000e80:	e728      	b.n	10000cd4 <alarm_pool_irq_handler+0x12c>
10000e82:	46c0      	nop			@ (mov r8, r8)
10000e84:	2000261c 	.word	0x2000261c
10000e88:	4005703c 	.word	0x4005703c
10000e8c:	40054000 	.word	0x40054000
10000e90:	428a      	cmp	r2, r1
10000e92:	d101      	bne.n	10000e98 <alarm_pool_irq_handler+0x2f0>
10000e94:	4287      	cmp	r7, r0
10000e96:	d89e      	bhi.n	10000dd6 <alarm_pool_irq_handler+0x22e>
10000e98:	4645      	mov	r5, r8
10000e9a:	812b      	strh	r3, [r5, #8]
10000e9c:	3508      	adds	r5, #8
10000e9e:	e005      	b.n	10000eac <alarm_pool_irq_handler+0x304>
10000ea0:	005e      	lsls	r6, r3, #1
10000ea2:	18f2      	adds	r2, r6, r3
10000ea4:	00d2      	lsls	r2, r2, #3
10000ea6:	18a2      	adds	r2, r4, r2
10000ea8:	6897      	ldr	r7, [r2, #8]
10000eaa:	68d2      	ldr	r2, [r2, #12]
10000eac:	428a      	cmp	r2, r1
10000eae:	dc06      	bgt.n	10000ebe <alarm_pool_irq_handler+0x316>
10000eb0:	d00a      	beq.n	10000ec8 <alarm_pool_irq_handler+0x320>
10000eb2:	18f3      	adds	r3, r6, r3
10000eb4:	00db      	lsls	r3, r3, #3
10000eb6:	18e5      	adds	r5, r4, r3
10000eb8:	5ee3      	ldrsh	r3, [r4, r3]
10000eba:	2b00      	cmp	r3, #0
10000ebc:	daf0      	bge.n	10000ea0 <alarm_pool_irq_handler+0x2f8>
10000ebe:	465a      	mov	r2, fp
10000ec0:	8013      	strh	r3, [r2, #0]
10000ec2:	4653      	mov	r3, sl
10000ec4:	802b      	strh	r3, [r5, #0]
10000ec6:	e786      	b.n	10000dd6 <alarm_pool_irq_handler+0x22e>
10000ec8:	4287      	cmp	r7, r0
10000eca:	d9f2      	bls.n	10000eb2 <alarm_pool_irq_handler+0x30a>
10000ecc:	e7f7      	b.n	10000ebe <alarm_pool_irq_handler+0x316>
10000ece:	46c0      	nop			@ (mov r8, r8)

10000ed0 <runtime_init_default_alarm_pool>:
10000ed0:	b570      	push	{r4, r5, r6, lr}
10000ed2:	4c2b      	ldr	r4, [pc, #172]	@ (10000f80 <runtime_init_default_alarm_pool+0xb0>)
10000ed4:	6925      	ldr	r5, [r4, #16]
10000ed6:	2d00      	cmp	r5, #0
10000ed8:	d000      	beq.n	10000edc <runtime_init_default_alarm_pool+0xc>
10000eda:	bd70      	pop	{r4, r5, r6, pc}
10000edc:	4e29      	ldr	r6, [pc, #164]	@ (10000f84 <runtime_init_default_alarm_pool+0xb4>)
10000ede:	2103      	movs	r1, #3
10000ee0:	4828      	ldr	r0, [pc, #160]	@ (10000f84 <runtime_init_default_alarm_pool+0xb4>)
10000ee2:	f000 faaf 	bl	10001444 <timer_hardware_alarm_claim>
10000ee6:	60e6      	str	r6, [r4, #12]
10000ee8:	f7ff fb20 	bl	1000052c <next_striped_spin_lock_num>
10000eec:	4b26      	ldr	r3, [pc, #152]	@ (10000f88 <runtime_init_default_alarm_pool+0xb8>)
10000eee:	2203      	movs	r2, #3
10000ef0:	18c0      	adds	r0, r0, r3
10000ef2:	23d0      	movs	r3, #208	@ 0xd0
10000ef4:	7022      	strb	r2, [r4, #0]
10000ef6:	061b      	lsls	r3, r3, #24
10000ef8:	681b      	ldr	r3, [r3, #0]
10000efa:	2101      	movs	r1, #1
10000efc:	7063      	strb	r3, [r4, #1]
10000efe:	4b23      	ldr	r3, [pc, #140]	@ (10000f8c <runtime_init_default_alarm_pool+0xbc>)
10000f00:	0080      	lsls	r0, r0, #2
10000f02:	60a3      	str	r3, [r4, #8]
10000f04:	230f      	movs	r3, #15
10000f06:	6120      	str	r0, [r4, #16]
10000f08:	2002      	movs	r0, #2
10000f0a:	8063      	strh	r3, [r4, #2]
10000f0c:	6963      	ldr	r3, [r4, #20]
10000f0e:	4249      	negs	r1, r1
10000f10:	80a1      	strh	r1, [r4, #4]
10000f12:	8019      	strh	r1, [r3, #0]
10000f14:	3102      	adds	r1, #2
10000f16:	8619      	strh	r1, [r3, #48]	@ 0x30
10000f18:	3147      	adds	r1, #71	@ 0x47
10000f1a:	831d      	strh	r5, [r3, #24]
10000f1c:	5258      	strh	r0, [r3, r1]
10000f1e:	3118      	adds	r1, #24
10000f20:	525a      	strh	r2, [r3, r1]
10000f22:	3275      	adds	r2, #117	@ 0x75
10000f24:	395c      	subs	r1, #92	@ 0x5c
10000f26:	5299      	strh	r1, [r3, r2]
10000f28:	3218      	adds	r2, #24
10000f2a:	3101      	adds	r1, #1
10000f2c:	5299      	strh	r1, [r3, r2]
10000f2e:	3218      	adds	r2, #24
10000f30:	3101      	adds	r1, #1
10000f32:	5299      	strh	r1, [r3, r2]
10000f34:	3218      	adds	r2, #24
10000f36:	3101      	adds	r1, #1
10000f38:	5299      	strh	r1, [r3, r2]
10000f3a:	3508      	adds	r5, #8
10000f3c:	3218      	adds	r2, #24
10000f3e:	529d      	strh	r5, [r3, r2]
10000f40:	3102      	adds	r1, #2
10000f42:	3218      	adds	r2, #24
10000f44:	5299      	strh	r1, [r3, r2]
10000f46:	3218      	adds	r2, #24
10000f48:	3101      	adds	r1, #1
10000f4a:	5299      	strh	r1, [r3, r2]
10000f4c:	3218      	adds	r2, #24
10000f4e:	3101      	adds	r1, #1
10000f50:	5299      	strh	r1, [r3, r2]
10000f52:	3218      	adds	r2, #24
10000f54:	3101      	adds	r1, #1
10000f56:	5299      	strh	r1, [r3, r2]
10000f58:	3218      	adds	r2, #24
10000f5a:	3101      	adds	r1, #1
10000f5c:	5299      	strh	r1, [r3, r2]
10000f5e:	3218      	adds	r2, #24
10000f60:	3101      	adds	r1, #1
10000f62:	5299      	strh	r1, [r3, r2]
10000f64:	4b0a      	ldr	r3, [pc, #40]	@ (10000f90 <runtime_init_default_alarm_pool+0xc0>)
10000f66:	490b      	ldr	r1, [pc, #44]	@ (10000f94 <runtime_init_default_alarm_pool+0xc4>)
10000f68:	60dc      	str	r4, [r3, #12]
10000f6a:	3001      	adds	r0, #1
10000f6c:	6235      	str	r5, [r6, #32]
10000f6e:	f7ff fb63 	bl	10000638 <irq_set_exclusive_handler>
10000f72:	2101      	movs	r1, #1
10000f74:	2003      	movs	r0, #3
10000f76:	f7ff fb27 	bl	100005c8 <irq_set_enabled>
10000f7a:	4b07      	ldr	r3, [pc, #28]	@ (10000f98 <runtime_init_default_alarm_pool+0xc8>)
10000f7c:	601d      	str	r5, [r3, #0]
10000f7e:	e7ac      	b.n	10000eda <runtime_init_default_alarm_pool+0xa>
10000f80:	20000ff4 	.word	0x20000ff4
10000f84:	40054000 	.word	0x40054000
10000f88:	34000040 	.word	0x34000040
10000f8c:	0010ffff 	.word	0x0010ffff
10000f90:	2000261c 	.word	0x2000261c
10000f94:	10000ba9 	.word	0x10000ba9
10000f98:	40056038 	.word	0x40056038

10000f9c <alarm_pool_get_default>:
10000f9c:	4800      	ldr	r0, [pc, #0]	@ (10000fa0 <alarm_pool_get_default+0x4>)
10000f9e:	4770      	bx	lr
10000fa0:	20000ff4 	.word	0x20000ff4

10000fa4 <alarm_pool_add_alarm_at>:
10000fa4:	b5f8      	push	{r3, r4, r5, r6, r7, lr}
10000fa6:	001f      	movs	r7, r3
10000fa8:	ab08      	add	r3, sp, #32
10000faa:	781b      	ldrb	r3, [r3, #0]
10000fac:	0004      	movs	r4, r0
10000fae:	0016      	movs	r6, r2
10000fb0:	2b00      	cmp	r3, #0
10000fb2:	d107      	bne.n	10000fc4 <alarm_pool_add_alarm_at+0x20>
10000fb4:	f000 fa58 	bl	10001468 <time_us_64>
10000fb8:	0032      	movs	r2, r6
10000fba:	003b      	movs	r3, r7
10000fbc:	1a12      	subs	r2, r2, r0
10000fbe:	418b      	sbcs	r3, r1
10000fc0:	2b00      	cmp	r3, #0
10000fc2:	db51      	blt.n	10001068 <alarm_pool_add_alarm_at+0xc4>
10000fc4:	6922      	ldr	r2, [r4, #16]
10000fc6:	f3ef 8c10 	mrs	ip, PRIMASK
10000fca:	b672      	cpsid	i
10000fcc:	6813      	ldr	r3, [r2, #0]
10000fce:	2b00      	cmp	r3, #0
10000fd0:	d0fc      	beq.n	10000fcc <alarm_pool_add_alarm_at+0x28>
10000fd2:	f3bf 8f5f 	dmb	sy
10000fd6:	2302      	movs	r3, #2
10000fd8:	5ee1      	ldrsh	r1, [r4, r3]
10000fda:	6925      	ldr	r5, [r4, #16]
10000fdc:	2900      	cmp	r1, #0
10000fde:	db3a      	blt.n	10001056 <alarm_pool_add_alarm_at+0xb2>
10000fe0:	004b      	lsls	r3, r1, #1
10000fe2:	6960      	ldr	r0, [r4, #20]
10000fe4:	185b      	adds	r3, r3, r1
10000fe6:	00db      	lsls	r3, r3, #3
10000fe8:	18c2      	adds	r2, r0, r3
10000fea:	5ac3      	ldrh	r3, [r0, r3]
10000fec:	8063      	strh	r3, [r4, #2]
10000fee:	f3bf 8f5f 	dmb	sy
10000ff2:	2300      	movs	r3, #0
10000ff4:	602b      	str	r3, [r5, #0]
10000ff6:	f38c 8810 	msr	PRIMASK, ip
10000ffa:	9b06      	ldr	r3, [sp, #24]
10000ffc:	6096      	str	r6, [r2, #8]
10000ffe:	60d7      	str	r7, [r2, #12]
10001000:	6113      	str	r3, [r2, #16]
10001002:	9b07      	ldr	r3, [sp, #28]
10001004:	6153      	str	r3, [r2, #20]
10001006:	8853      	ldrh	r3, [r2, #2]
10001008:	3301      	adds	r3, #1
1000100a:	045b      	lsls	r3, r3, #17
1000100c:	0c5b      	lsrs	r3, r3, #17
1000100e:	1c18      	adds	r0, r3, #0
10001010:	2b00      	cmp	r3, #0
10001012:	d01e      	beq.n	10001052 <alarm_pool_add_alarm_at+0xae>
10001014:	b283      	uxth	r3, r0
10001016:	8050      	strh	r0, [r2, #2]
10001018:	0408      	lsls	r0, r1, #16
1000101a:	4318      	orrs	r0, r3
1000101c:	6925      	ldr	r5, [r4, #16]
1000101e:	f3ef 8610 	mrs	r6, PRIMASK
10001022:	b672      	cpsid	i
10001024:	682b      	ldr	r3, [r5, #0]
10001026:	2b00      	cmp	r3, #0
10001028:	d0fc      	beq.n	10001024 <alarm_pool_add_alarm_at+0x80>
1000102a:	f3bf 8f5f 	dmb	sy
1000102e:	88a3      	ldrh	r3, [r4, #4]
10001030:	8013      	strh	r3, [r2, #0]
10001032:	80a1      	strh	r1, [r4, #4]
10001034:	6923      	ldr	r3, [r4, #16]
10001036:	f3bf 8f5f 	dmb	sy
1000103a:	2200      	movs	r2, #0
1000103c:	601a      	str	r2, [r3, #0]
1000103e:	f386 8810 	msr	PRIMASK, r6
10001042:	7823      	ldrb	r3, [r4, #0]
10001044:	3201      	adds	r2, #1
10001046:	409a      	lsls	r2, r3
10001048:	4908      	ldr	r1, [pc, #32]	@ (1000106c <alarm_pool_add_alarm_at+0xc8>)
1000104a:	68e3      	ldr	r3, [r4, #12]
1000104c:	185b      	adds	r3, r3, r1
1000104e:	601a      	str	r2, [r3, #0]
10001050:	bdf8      	pop	{r3, r4, r5, r6, r7, pc}
10001052:	2001      	movs	r0, #1
10001054:	e7de      	b.n	10001014 <alarm_pool_add_alarm_at+0x70>
10001056:	f3bf 8f5f 	dmb	sy
1000105a:	2300      	movs	r3, #0
1000105c:	602b      	str	r3, [r5, #0]
1000105e:	f38c 8810 	msr	PRIMASK, ip
10001062:	2001      	movs	r0, #1
10001064:	4240      	negs	r0, r0
10001066:	e7f3      	b.n	10001050 <alarm_pool_add_alarm_at+0xac>
10001068:	2000      	movs	r0, #0
1000106a:	e7f1      	b.n	10001050 <alarm_pool_add_alarm_at+0xac>
1000106c:	0000203c 	.word	0x0000203c

10001070 <alarm_pool_add_alarm_at_force_in_context>:
10001070:	b570      	push	{r4, r5, r6, lr}
10001072:	b082      	sub	sp, #8
10001074:	9200      	str	r2, [sp, #0]
10001076:	9301      	str	r3, [sp, #4]
10001078:	0001      	movs	r1, r0
1000107a:	6902      	ldr	r2, [r0, #16]
1000107c:	f3ef 8410 	mrs	r4, PRIMASK
10001080:	b672      	cpsid	i
10001082:	6813      	ldr	r3, [r2, #0]
10001084:	2b00      	cmp	r3, #0
10001086:	d0fc      	beq.n	10001082 <alarm_pool_add_alarm_at_force_in_context+0x12>
10001088:	f3bf 8f5f 	dmb	sy
1000108c:	2302      	movs	r3, #2
1000108e:	5ec8      	ldrsh	r0, [r1, r3]
10001090:	690d      	ldr	r5, [r1, #16]
10001092:	2800      	cmp	r0, #0
10001094:	db3f      	blt.n	10001116 <alarm_pool_add_alarm_at_force_in_context+0xa6>
10001096:	694a      	ldr	r2, [r1, #20]
10001098:	0043      	lsls	r3, r0, #1
1000109a:	0016      	movs	r6, r2
1000109c:	181b      	adds	r3, r3, r0
1000109e:	00db      	lsls	r3, r3, #3
100010a0:	18d2      	adds	r2, r2, r3
100010a2:	5af3      	ldrh	r3, [r6, r3]
100010a4:	804b      	strh	r3, [r1, #2]
100010a6:	f3bf 8f5f 	dmb	sy
100010aa:	2300      	movs	r3, #0
100010ac:	602b      	str	r3, [r5, #0]
100010ae:	f384 8810 	msr	PRIMASK, r4
100010b2:	9b06      	ldr	r3, [sp, #24]
100010b4:	6113      	str	r3, [r2, #16]
100010b6:	9b07      	ldr	r3, [sp, #28]
100010b8:	6153      	str	r3, [r2, #20]
100010ba:	9b00      	ldr	r3, [sp, #0]
100010bc:	9c01      	ldr	r4, [sp, #4]
100010be:	6093      	str	r3, [r2, #8]
100010c0:	60d4      	str	r4, [r2, #12]
100010c2:	8853      	ldrh	r3, [r2, #2]
100010c4:	3301      	adds	r3, #1
100010c6:	045b      	lsls	r3, r3, #17
100010c8:	0c5b      	lsrs	r3, r3, #17
100010ca:	1c1d      	adds	r5, r3, #0
100010cc:	2b00      	cmp	r3, #0
100010ce:	d020      	beq.n	10001112 <alarm_pool_add_alarm_at_force_in_context+0xa2>
100010d0:	b2ac      	uxth	r4, r5
100010d2:	0403      	lsls	r3, r0, #16
100010d4:	8055      	strh	r5, [r2, #2]
100010d6:	4323      	orrs	r3, r4
100010d8:	690d      	ldr	r5, [r1, #16]
100010da:	f3ef 8c10 	mrs	ip, PRIMASK
100010de:	b672      	cpsid	i
100010e0:	682c      	ldr	r4, [r5, #0]
100010e2:	2c00      	cmp	r4, #0
100010e4:	d0fc      	beq.n	100010e0 <alarm_pool_add_alarm_at_force_in_context+0x70>
100010e6:	f3bf 8f5f 	dmb	sy
100010ea:	888c      	ldrh	r4, [r1, #4]
100010ec:	8014      	strh	r4, [r2, #0]
100010ee:	8088      	strh	r0, [r1, #4]
100010f0:	690a      	ldr	r2, [r1, #16]
100010f2:	f3bf 8f5f 	dmb	sy
100010f6:	2000      	movs	r0, #0
100010f8:	6010      	str	r0, [r2, #0]
100010fa:	f38c 8810 	msr	PRIMASK, ip
100010fe:	780a      	ldrb	r2, [r1, #0]
10001100:	3001      	adds	r0, #1
10001102:	4090      	lsls	r0, r2
10001104:	68ca      	ldr	r2, [r1, #12]
10001106:	4908      	ldr	r1, [pc, #32]	@ (10001128 <alarm_pool_add_alarm_at_force_in_context+0xb8>)
10001108:	1852      	adds	r2, r2, r1
1000110a:	6010      	str	r0, [r2, #0]
1000110c:	0018      	movs	r0, r3
1000110e:	b002      	add	sp, #8
10001110:	bd70      	pop	{r4, r5, r6, pc}
10001112:	2501      	movs	r5, #1
10001114:	e7dc      	b.n	100010d0 <alarm_pool_add_alarm_at_force_in_context+0x60>
10001116:	f3bf 8f5f 	dmb	sy
1000111a:	2300      	movs	r3, #0
1000111c:	602b      	str	r3, [r5, #0]
1000111e:	f384 8810 	msr	PRIMASK, r4
10001122:	3b01      	subs	r3, #1
10001124:	e7f2      	b.n	1000110c <alarm_pool_add_alarm_at_force_in_context+0x9c>
10001126:	46c0      	nop			@ (mov r8, r8)
10001128:	0000203c 	.word	0x0000203c

1000112c <alarm_pool_cancel_alarm>:
1000112c:	b510      	push	{r4, lr}
1000112e:	8943      	ldrh	r3, [r0, #10]
10001130:	140a      	asrs	r2, r1, #16
10001132:	4293      	cmp	r3, r2
10001134:	dd1a      	ble.n	1000116c <alarm_pool_cancel_alarm+0x40>
10001136:	0053      	lsls	r3, r2, #1
10001138:	189b      	adds	r3, r3, r2
1000113a:	6942      	ldr	r2, [r0, #20]
1000113c:	00db      	lsls	r3, r3, #3
1000113e:	18d3      	adds	r3, r2, r3
10001140:	6904      	ldr	r4, [r0, #16]
10001142:	f3ef 8c10 	mrs	ip, PRIMASK
10001146:	b672      	cpsid	i
10001148:	6822      	ldr	r2, [r4, #0]
1000114a:	2a00      	cmp	r2, #0
1000114c:	d0fc      	beq.n	10001148 <alarm_pool_cancel_alarm+0x1c>
1000114e:	f3bf 8f5f 	dmb	sy
10001152:	885a      	ldrh	r2, [r3, #2]
10001154:	0409      	lsls	r1, r1, #16
10001156:	b294      	uxth	r4, r2
10001158:	0c09      	lsrs	r1, r1, #16
1000115a:	428a      	cmp	r2, r1
1000115c:	d008      	beq.n	10001170 <alarm_pool_cancel_alarm+0x44>
1000115e:	6903      	ldr	r3, [r0, #16]
10001160:	f3bf 8f5f 	dmb	sy
10001164:	2200      	movs	r2, #0
10001166:	601a      	str	r2, [r3, #0]
10001168:	f38c 8810 	msr	PRIMASK, ip
1000116c:	2000      	movs	r0, #0
1000116e:	bd10      	pop	{r4, pc}
10001170:	4a09      	ldr	r2, [pc, #36]	@ (10001198 <alarm_pool_cancel_alarm+0x6c>)
10001172:	4322      	orrs	r2, r4
10001174:	805a      	strh	r2, [r3, #2]
10001176:	2301      	movs	r3, #1
10001178:	6902      	ldr	r2, [r0, #16]
1000117a:	7183      	strb	r3, [r0, #6]
1000117c:	f3bf 8f5f 	dmb	sy
10001180:	2100      	movs	r1, #0
10001182:	6011      	str	r1, [r2, #0]
10001184:	f38c 8810 	msr	PRIMASK, ip
10001188:	7802      	ldrb	r2, [r0, #0]
1000118a:	4904      	ldr	r1, [pc, #16]	@ (1000119c <alarm_pool_cancel_alarm+0x70>)
1000118c:	4093      	lsls	r3, r2
1000118e:	68c2      	ldr	r2, [r0, #12]
10001190:	2001      	movs	r0, #1
10001192:	1852      	adds	r2, r2, r1
10001194:	6013      	str	r3, [r2, #0]
10001196:	e7ea      	b.n	1000116e <alarm_pool_cancel_alarm+0x42>
10001198:	ffff8000 	.word	0xffff8000
1000119c:	0000203c 	.word	0x0000203c

100011a0 <alarm_pool_core_num>:
100011a0:	7840      	ldrb	r0, [r0, #1]
100011a2:	4770      	bx	lr

100011a4 <sleep_us>:
100011a4:	b5f0      	push	{r4, r5, r6, r7, lr}
100011a6:	b083      	sub	sp, #12
100011a8:	0004      	movs	r4, r0
100011aa:	000d      	movs	r5, r1
100011ac:	f000 f95c 	bl	10001468 <time_us_64>
100011b0:	1824      	adds	r4, r4, r0
100011b2:	414d      	adcs	r5, r1
100011b4:	2d00      	cmp	r5, #0
100011b6:	da02      	bge.n	100011be <sleep_us+0x1a>
100011b8:	2401      	movs	r4, #1
100011ba:	4d24      	ldr	r5, [pc, #144]	@ (1000124c <sleep_us+0xa8>)
100011bc:	4264      	negs	r4, r4
100011be:	2606      	movs	r6, #6
100011c0:	4276      	negs	r6, r6
100011c2:	17f7      	asrs	r7, r6, #31
100011c4:	1936      	adds	r6, r6, r4
100011c6:	416f      	adcs	r7, r5
100011c8:	42af      	cmp	r7, r5
100011ca:	d812      	bhi.n	100011f2 <sleep_us+0x4e>
100011cc:	d00f      	beq.n	100011ee <sleep_us+0x4a>
100011ce:	f000 f94b 	bl	10001468 <time_us_64>
100011d2:	0032      	movs	r2, r6
100011d4:	003b      	movs	r3, r7
100011d6:	1a12      	subs	r2, r2, r0
100011d8:	418b      	sbcs	r3, r1
100011da:	2b00      	cmp	r3, #0
100011dc:	dc13      	bgt.n	10001206 <sleep_us+0x62>
100011de:	2b00      	cmp	r3, #0
100011e0:	d030      	beq.n	10001244 <sleep_us+0xa0>
100011e2:	0020      	movs	r0, r4
100011e4:	0029      	movs	r1, r5
100011e6:	f000 f97f 	bl	100014e8 <busy_wait_until>
100011ea:	b003      	add	sp, #12
100011ec:	bdf0      	pop	{r4, r5, r6, r7, pc}
100011ee:	42a6      	cmp	r6, r4
100011f0:	d9ed      	bls.n	100011ce <sleep_us+0x2a>
100011f2:	2600      	movs	r6, #0
100011f4:	2700      	movs	r7, #0
100011f6:	f000 f937 	bl	10001468 <time_us_64>
100011fa:	0032      	movs	r2, r6
100011fc:	003b      	movs	r3, r7
100011fe:	1a12      	subs	r2, r2, r0
10001200:	418b      	sbcs	r3, r1
10001202:	2b00      	cmp	r3, #0
10001204:	ddeb      	ble.n	100011de <sleep_us+0x3a>
10001206:	f000 f92f 	bl	10001468 <time_us_64>
1000120a:	0032      	movs	r2, r6
1000120c:	003b      	movs	r3, r7
1000120e:	1a12      	subs	r2, r2, r0
10001210:	418b      	sbcs	r3, r1
10001212:	2b00      	cmp	r3, #0
10001214:	db0a      	blt.n	1000122c <sleep_us+0x88>
10001216:	2300      	movs	r3, #0
10001218:	9301      	str	r3, [sp, #4]
1000121a:	4b0d      	ldr	r3, [pc, #52]	@ (10001250 <sleep_us+0xac>)
1000121c:	0032      	movs	r2, r6
1000121e:	9300      	str	r3, [sp, #0]
10001220:	480c      	ldr	r0, [pc, #48]	@ (10001254 <sleep_us+0xb0>)
10001222:	003b      	movs	r3, r7
10001224:	f7ff ff24 	bl	10001070 <alarm_pool_add_alarm_at_force_in_context>
10001228:	3001      	adds	r0, #1
1000122a:	d0da      	beq.n	100011e2 <sleep_us+0x3e>
1000122c:	0039      	movs	r1, r7
1000122e:	4a0a      	ldr	r2, [pc, #40]	@ (10001258 <sleep_us+0xb4>)
10001230:	6a53      	ldr	r3, [r2, #36]	@ 0x24
10001232:	4299      	cmp	r1, r3
10001234:	d804      	bhi.n	10001240 <sleep_us+0x9c>
10001236:	6a90      	ldr	r0, [r2, #40]	@ 0x28
10001238:	42b0      	cmp	r0, r6
1000123a:	d2d2      	bcs.n	100011e2 <sleep_us+0x3e>
1000123c:	4299      	cmp	r1, r3
1000123e:	d1d0      	bne.n	100011e2 <sleep_us+0x3e>
10001240:	bf20      	wfe
10001242:	e7f5      	b.n	10001230 <sleep_us+0x8c>
10001244:	2a00      	cmp	r2, #0
10001246:	d0cc      	beq.n	100011e2 <sleep_us+0x3e>
10001248:	e7dd      	b.n	10001206 <sleep_us+0x62>
1000124a:	46c0      	nop			@ (mov r8, r8)
1000124c:	7fffffff 	.word	0x7fffffff
10001250:	10000ba1 	.word	0x10000ba1
10001254:	20000ff4 	.word	0x20000ff4
10001258:	40054000 	.word	0x40054000

1000125c <sleep_ms>:
1000125c:	b5f0      	push	{r4, r5, r6, r7, lr}
1000125e:	b083      	sub	sp, #12
10001260:	0004      	movs	r4, r0
10001262:	f000 f901 	bl	10001468 <time_us_64>
10001266:	22fa      	movs	r2, #250	@ 0xfa
10001268:	0006      	movs	r6, r0
1000126a:	000f      	movs	r7, r1
1000126c:	0020      	movs	r0, r4
1000126e:	2300      	movs	r3, #0
10001270:	2100      	movs	r1, #0
10001272:	0092      	lsls	r2, r2, #2
10001274:	f001 fb40 	bl	100028f8 <__wrap___aeabi_lmul>
10001278:	1980      	adds	r0, r0, r6
1000127a:	4179      	adcs	r1, r7
1000127c:	0004      	movs	r4, r0
1000127e:	1e0d      	subs	r5, r1, #0
10001280:	da02      	bge.n	10001288 <sleep_ms+0x2c>
10001282:	2401      	movs	r4, #1
10001284:	4d23      	ldr	r5, [pc, #140]	@ (10001314 <sleep_ms+0xb8>)
10001286:	4264      	negs	r4, r4
10001288:	2606      	movs	r6, #6
1000128a:	4276      	negs	r6, r6
1000128c:	17f7      	asrs	r7, r6, #31
1000128e:	1936      	adds	r6, r6, r4
10001290:	416f      	adcs	r7, r5
10001292:	42af      	cmp	r7, r5
10001294:	d812      	bhi.n	100012bc <sleep_ms+0x60>
10001296:	d00f      	beq.n	100012b8 <sleep_ms+0x5c>
10001298:	f000 f8e6 	bl	10001468 <time_us_64>
1000129c:	0032      	movs	r2, r6
1000129e:	003b      	movs	r3, r7
100012a0:	1a12      	subs	r2, r2, r0
100012a2:	418b      	sbcs	r3, r1
100012a4:	2b00      	cmp	r3, #0
100012a6:	dc13      	bgt.n	100012d0 <sleep_ms+0x74>
100012a8:	2b00      	cmp	r3, #0
100012aa:	d030      	beq.n	1000130e <sleep_ms+0xb2>
100012ac:	0020      	movs	r0, r4
100012ae:	0029      	movs	r1, r5
100012b0:	f000 f91a 	bl	100014e8 <busy_wait_until>
100012b4:	b003      	add	sp, #12
100012b6:	bdf0      	pop	{r4, r5, r6, r7, pc}
100012b8:	42a6      	cmp	r6, r4
100012ba:	d9ed      	bls.n	10001298 <sleep_ms+0x3c>
100012bc:	2600      	movs	r6, #0
100012be:	2700      	movs	r7, #0
100012c0:	f000 f8d2 	bl	10001468 <time_us_64>
100012c4:	0032      	movs	r2, r6
100012c6:	003b      	movs	r3, r7
100012c8:	1a12      	subs	r2, r2, r0
100012ca:	418b      	sbcs	r3, r1
100012cc:	2b00      	cmp	r3, #0
100012ce:	ddeb      	ble.n	100012a8 <sleep_ms+0x4c>
100012d0:	f000 f8ca 	bl	10001468 <time_us_64>
100012d4:	0032      	movs	r2, r6
100012d6:	003b      	movs	r3, r7
100012d8:	1a12      	subs	r2, r2, r0
100012da:	418b      	sbcs	r3, r1
100012dc:	2b00      	cmp	r3, #0
100012de:	db0a      	blt.n	100012f6 <sleep_ms+0x9a>
100012e0:	2300      	movs	r3, #0
100012e2:	9301      	str	r3, [sp, #4]
100012e4:	4b0c      	ldr	r3, [pc, #48]	@ (10001318 <sleep_ms+0xbc>)
100012e6:	0032      	movs	r2, r6
100012e8:	9300      	str	r3, [sp, #0]
100012ea:	480c      	ldr	r0, [pc, #48]	@ (1000131c <sleep_ms+0xc0>)
100012ec:	003b      	movs	r3, r7
100012ee:	f7ff febf 	bl	10001070 <alarm_pool_add_alarm_at_force_in_context>
100012f2:	3001      	adds	r0, #1
100012f4:	d0da      	beq.n	100012ac <sleep_ms+0x50>
100012f6:	0039      	movs	r1, r7
100012f8:	4a09      	ldr	r2, [pc, #36]	@ (10001320 <sleep_ms+0xc4>)
100012fa:	6a53      	ldr	r3, [r2, #36]	@ 0x24
100012fc:	4299      	cmp	r1, r3
100012fe:	d804      	bhi.n	1000130a <sleep_ms+0xae>
10001300:	6a90      	ldr	r0, [r2, #40]	@ 0x28
10001302:	42b0      	cmp	r0, r6
10001304:	d2d2      	bcs.n	100012ac <sleep_ms+0x50>
10001306:	4299      	cmp	r1, r3
10001308:	d1d0      	bne.n	100012ac <sleep_ms+0x50>
1000130a:	bf20      	wfe
1000130c:	e7f5      	b.n	100012fa <sleep_ms+0x9e>
1000130e:	2a00      	cmp	r2, #0
10001310:	d0cc      	beq.n	100012ac <sleep_ms+0x50>
10001312:	e7dd      	b.n	100012d0 <sleep_ms+0x74>
10001314:	7fffffff 	.word	0x7fffffff
10001318:	10000ba1 	.word	0x10000ba1
1000131c:	20000ff4 	.word	0x20000ff4
10001320:	40054000 	.word	0x40054000

10001324 <best_effort_wfe_or_timeout>:
10001324:	b5f0      	push	{r4, r5, r6, r7, lr}
10001326:	46ce      	mov	lr, r9
10001328:	4647      	mov	r7, r8
1000132a:	b580      	push	{r7, lr}
1000132c:	0004      	movs	r4, r0
1000132e:	000d      	movs	r5, r1
10001330:	b085      	sub	sp, #20
10001332:	f3ef 8605 	mrs	r6, IPSR
10001336:	4689      	mov	r9, r1
10001338:	2e00      	cmp	r6, #0
1000133a:	d010      	beq.n	1000135e <best_effort_wfe_or_timeout+0x3a>
1000133c:	493e      	ldr	r1, [pc, #248]	@ (10001438 <best_effort_wfe_or_timeout+0x114>)
1000133e:	2000      	movs	r0, #0
10001340:	6a4b      	ldr	r3, [r1, #36]	@ 0x24
10001342:	42ab      	cmp	r3, r5
10001344:	d306      	bcc.n	10001354 <best_effort_wfe_or_timeout+0x30>
10001346:	6a8a      	ldr	r2, [r1, #40]	@ 0x28
10001348:	1b5b      	subs	r3, r3, r5
1000134a:	1e59      	subs	r1, r3, #1
1000134c:	418b      	sbcs	r3, r1
1000134e:	42a2      	cmp	r2, r4
10001350:	4140      	adcs	r0, r0
10001352:	4318      	orrs	r0, r3
10001354:	b005      	add	sp, #20
10001356:	bcc0      	pop	{r6, r7}
10001358:	46b9      	mov	r9, r7
1000135a:	46b0      	mov	r8, r6
1000135c:	bdf0      	pop	{r4, r5, r6, r7, pc}
1000135e:	4f37      	ldr	r7, [pc, #220]	@ (1000143c <best_effort_wfe_or_timeout+0x118>)
10001360:	68fb      	ldr	r3, [r7, #12]
10001362:	783a      	ldrb	r2, [r7, #0]
10001364:	4698      	mov	r8, r3
10001366:	0018      	movs	r0, r3
10001368:	9203      	str	r2, [sp, #12]
1000136a:	f000 f875 	bl	10001458 <timer_time_us_64>
1000136e:	9a03      	ldr	r2, [sp, #12]
10001370:	1d13      	adds	r3, r2, #4
10001372:	4642      	mov	r2, r8
10001374:	009b      	lsls	r3, r3, #2
10001376:	589b      	ldr	r3, [r3, r2]
10001378:	0022      	movs	r2, r4
1000137a:	1a1b      	subs	r3, r3, r0
1000137c:	469c      	mov	ip, r3
1000137e:	002b      	movs	r3, r5
10001380:	1a12      	subs	r2, r2, r0
10001382:	418b      	sbcs	r3, r1
10001384:	429e      	cmp	r6, r3
10001386:	dc1a      	bgt.n	100013be <best_effort_wfe_or_timeout+0x9a>
10001388:	d017      	beq.n	100013ba <best_effort_wfe_or_timeout+0x96>
1000138a:	4b2b      	ldr	r3, [pc, #172]	@ (10001438 <best_effort_wfe_or_timeout+0x114>)
1000138c:	6a5a      	ldr	r2, [r3, #36]	@ 0x24
1000138e:	454a      	cmp	r2, r9
10001390:	d305      	bcc.n	1000139e <best_effort_wfe_or_timeout+0x7a>
10001392:	6a9b      	ldr	r3, [r3, #40]	@ 0x28
10001394:	2001      	movs	r0, #1
10001396:	42a3      	cmp	r3, r4
10001398:	d2dc      	bcs.n	10001354 <best_effort_wfe_or_timeout+0x30>
1000139a:	454a      	cmp	r2, r9
1000139c:	d1da      	bne.n	10001354 <best_effort_wfe_or_timeout+0x30>
1000139e:	bf20      	wfe
100013a0:	4b25      	ldr	r3, [pc, #148]	@ (10001438 <best_effort_wfe_or_timeout+0x114>)
100013a2:	6a58      	ldr	r0, [r3, #36]	@ 0x24
100013a4:	4548      	cmp	r0, r9
100013a6:	d33c      	bcc.n	10001422 <best_effort_wfe_or_timeout+0xfe>
100013a8:	1b40      	subs	r0, r0, r5
100013aa:	6a9a      	ldr	r2, [r3, #40]	@ 0x28
100013ac:	1e43      	subs	r3, r0, #1
100013ae:	4198      	sbcs	r0, r3
100013b0:	2300      	movs	r3, #0
100013b2:	42a2      	cmp	r2, r4
100013b4:	415b      	adcs	r3, r3
100013b6:	4318      	orrs	r0, r3
100013b8:	e7cc      	b.n	10001354 <best_effort_wfe_or_timeout+0x30>
100013ba:	4594      	cmp	ip, r2
100013bc:	d9e5      	bls.n	1000138a <best_effort_wfe_or_timeout+0x66>
100013be:	f000 f853 	bl	10001468 <time_us_64>
100013c2:	0022      	movs	r2, r4
100013c4:	002b      	movs	r3, r5
100013c6:	1a12      	subs	r2, r2, r0
100013c8:	418b      	sbcs	r3, r1
100013ca:	2b00      	cmp	r3, #0
100013cc:	db25      	blt.n	1000141a <best_effort_wfe_or_timeout+0xf6>
100013ce:	2300      	movs	r3, #0
100013d0:	9301      	str	r3, [sp, #4]
100013d2:	4b1b      	ldr	r3, [pc, #108]	@ (10001440 <best_effort_wfe_or_timeout+0x11c>)
100013d4:	0022      	movs	r2, r4
100013d6:	9300      	str	r3, [sp, #0]
100013d8:	0038      	movs	r0, r7
100013da:	002b      	movs	r3, r5
100013dc:	f7ff fe48 	bl	10001070 <alarm_pool_add_alarm_at_force_in_context>
100013e0:	2800      	cmp	r0, #0
100013e2:	dd1a      	ble.n	1000141a <best_effort_wfe_or_timeout+0xf6>
100013e4:	4b14      	ldr	r3, [pc, #80]	@ (10001438 <best_effort_wfe_or_timeout+0x114>)
100013e6:	6a5a      	ldr	r2, [r3, #36]	@ 0x24
100013e8:	454a      	cmp	r2, r9
100013ea:	d304      	bcc.n	100013f6 <best_effort_wfe_or_timeout+0xd2>
100013ec:	6a9b      	ldr	r3, [r3, #40]	@ 0x28
100013ee:	42a3      	cmp	r3, r4
100013f0:	d202      	bcs.n	100013f8 <best_effort_wfe_or_timeout+0xd4>
100013f2:	454a      	cmp	r2, r9
100013f4:	d100      	bne.n	100013f8 <best_effort_wfe_or_timeout+0xd4>
100013f6:	bf20      	wfe
100013f8:	0001      	movs	r1, r0
100013fa:	0038      	movs	r0, r7
100013fc:	f7ff fe96 	bl	1000112c <alarm_pool_cancel_alarm>
10001400:	4a0d      	ldr	r2, [pc, #52]	@ (10001438 <best_effort_wfe_or_timeout+0x114>)
10001402:	2000      	movs	r0, #0
10001404:	6a53      	ldr	r3, [r2, #36]	@ 0x24
10001406:	454b      	cmp	r3, r9
10001408:	d3a4      	bcc.n	10001354 <best_effort_wfe_or_timeout+0x30>
1000140a:	6a92      	ldr	r2, [r2, #40]	@ 0x28
1000140c:	1b5b      	subs	r3, r3, r5
1000140e:	1e59      	subs	r1, r3, #1
10001410:	418b      	sbcs	r3, r1
10001412:	42a2      	cmp	r2, r4
10001414:	4140      	adcs	r0, r0
10001416:	4318      	orrs	r0, r3
10001418:	e79c      	b.n	10001354 <best_effort_wfe_or_timeout+0x30>
1000141a:	4a07      	ldr	r2, [pc, #28]	@ (10001438 <best_effort_wfe_or_timeout+0x114>)
1000141c:	6a53      	ldr	r3, [r2, #36]	@ 0x24
1000141e:	454b      	cmp	r3, r9
10001420:	d201      	bcs.n	10001426 <best_effort_wfe_or_timeout+0x102>
10001422:	2000      	movs	r0, #0
10001424:	e796      	b.n	10001354 <best_effort_wfe_or_timeout+0x30>
10001426:	2000      	movs	r0, #0
10001428:	6a92      	ldr	r2, [r2, #40]	@ 0x28
1000142a:	1b5b      	subs	r3, r3, r5
1000142c:	42a2      	cmp	r2, r4
1000142e:	4140      	adcs	r0, r0
10001430:	1e5a      	subs	r2, r3, #1
10001432:	4193      	sbcs	r3, r2
10001434:	4318      	orrs	r0, r3
10001436:	e78d      	b.n	10001354 <best_effort_wfe_or_timeout+0x30>
10001438:	40054000 	.word	0x40054000
1000143c:	20000ff4 	.word	0x20000ff4
10001440:	10000ba1 	.word	0x10000ba1

10001444 <timer_hardware_alarm_claim>:
10001444:	b510      	push	{r4, lr}
10001446:	4a02      	ldr	r2, [pc, #8]	@ (10001450 <timer_hardware_alarm_claim+0xc>)
10001448:	4802      	ldr	r0, [pc, #8]	@ (10001454 <timer_hardware_alarm_claim+0x10>)
1000144a:	f7ff f803 	bl	10000454 <hw_claim_or_assert>
1000144e:	bd10      	pop	{r4, pc}
10001450:	10008794 	.word	0x10008794
10001454:	2000219c 	.word	0x2000219c

10001458 <timer_time_us_64>:
10001458:	0003      	movs	r3, r0
1000145a:	6a41      	ldr	r1, [r0, #36]	@ 0x24
1000145c:	000a      	movs	r2, r1
1000145e:	6a98      	ldr	r0, [r3, #40]	@ 0x28
10001460:	6a59      	ldr	r1, [r3, #36]	@ 0x24
10001462:	428a      	cmp	r2, r1
10001464:	d1fa      	bne.n	1000145c <timer_time_us_64+0x4>
10001466:	4770      	bx	lr

10001468 <time_us_64>:
10001468:	4b03      	ldr	r3, [pc, #12]	@ (10001478 <time_us_64+0x10>)
1000146a:	6a59      	ldr	r1, [r3, #36]	@ 0x24
1000146c:	000a      	movs	r2, r1
1000146e:	6a98      	ldr	r0, [r3, #40]	@ 0x28
10001470:	6a59      	ldr	r1, [r3, #36]	@ 0x24
10001472:	4291      	cmp	r1, r2
10001474:	d1fa      	bne.n	1000146c <time_us_64+0x4>
10001476:	4770      	bx	lr
10001478:	40054000 	.word	0x40054000

1000147c <busy_wait_us>:
1000147c:	b570      	push	{r4, r5, r6, lr}
1000147e:	0005      	movs	r5, r0
10001480:	000e      	movs	r6, r1
10001482:	4a18      	ldr	r2, [pc, #96]	@ (100014e4 <busy_wait_us+0x68>)
10001484:	6a53      	ldr	r3, [r2, #36]	@ 0x24
10001486:	0019      	movs	r1, r3
10001488:	6a94      	ldr	r4, [r2, #40]	@ 0x28
1000148a:	6a53      	ldr	r3, [r2, #36]	@ 0x24
1000148c:	428b      	cmp	r3, r1
1000148e:	d1fa      	bne.n	10001486 <busy_wait_us+0xa>
10001490:	0020      	movs	r0, r4
10001492:	0019      	movs	r1, r3
10001494:	002c      	movs	r4, r5
10001496:	0035      	movs	r5, r6
10001498:	1824      	adds	r4, r4, r0
1000149a:	414d      	adcs	r5, r1
1000149c:	42ab      	cmp	r3, r5
1000149e:	d816      	bhi.n	100014ce <busy_wait_us+0x52>
100014a0:	d013      	beq.n	100014ca <busy_wait_us+0x4e>
100014a2:	4b10      	ldr	r3, [pc, #64]	@ (100014e4 <busy_wait_us+0x68>)
100014a4:	002a      	movs	r2, r5
100014a6:	6a5b      	ldr	r3, [r3, #36]	@ 0x24
100014a8:	429d      	cmp	r5, r3
100014aa:	d903      	bls.n	100014b4 <busy_wait_us+0x38>
100014ac:	490d      	ldr	r1, [pc, #52]	@ (100014e4 <busy_wait_us+0x68>)
100014ae:	6a4b      	ldr	r3, [r1, #36]	@ 0x24
100014b0:	4293      	cmp	r3, r2
100014b2:	d3fc      	bcc.n	100014ae <busy_wait_us+0x32>
100014b4:	4293      	cmp	r3, r2
100014b6:	d107      	bne.n	100014c8 <busy_wait_us+0x4c>
100014b8:	4a0a      	ldr	r2, [pc, #40]	@ (100014e4 <busy_wait_us+0x68>)
100014ba:	e002      	b.n	100014c2 <busy_wait_us+0x46>
100014bc:	6a51      	ldr	r1, [r2, #36]	@ 0x24
100014be:	4299      	cmp	r1, r3
100014c0:	d102      	bne.n	100014c8 <busy_wait_us+0x4c>
100014c2:	6a91      	ldr	r1, [r2, #40]	@ 0x28
100014c4:	42a1      	cmp	r1, r4
100014c6:	d3f9      	bcc.n	100014bc <busy_wait_us+0x40>
100014c8:	bd70      	pop	{r4, r5, r6, pc}
100014ca:	42a0      	cmp	r0, r4
100014cc:	d9e9      	bls.n	100014a2 <busy_wait_us+0x26>
100014ce:	4b05      	ldr	r3, [pc, #20]	@ (100014e4 <busy_wait_us+0x68>)
100014d0:	6a5b      	ldr	r3, [r3, #36]	@ 0x24
100014d2:	001c      	movs	r4, r3
100014d4:	1c5a      	adds	r2, r3, #1
100014d6:	d0ef      	beq.n	100014b8 <busy_wait_us+0x3c>
100014d8:	2201      	movs	r2, #1
100014da:	2401      	movs	r4, #1
100014dc:	4264      	negs	r4, r4
100014de:	17e5      	asrs	r5, r4, #31
100014e0:	4252      	negs	r2, r2
100014e2:	e7e3      	b.n	100014ac <busy_wait_us+0x30>
100014e4:	40054000 	.word	0x40054000

100014e8 <busy_wait_until>:
100014e8:	4a06      	ldr	r2, [pc, #24]	@ (10001504 <busy_wait_until+0x1c>)
100014ea:	6a53      	ldr	r3, [r2, #36]	@ 0x24
100014ec:	4299      	cmp	r1, r3
100014ee:	d8fc      	bhi.n	100014ea <busy_wait_until+0x2>
100014f0:	d107      	bne.n	10001502 <busy_wait_until+0x1a>
100014f2:	4b04      	ldr	r3, [pc, #16]	@ (10001504 <busy_wait_until+0x1c>)
100014f4:	e002      	b.n	100014fc <busy_wait_until+0x14>
100014f6:	6a5a      	ldr	r2, [r3, #36]	@ 0x24
100014f8:	4291      	cmp	r1, r2
100014fa:	d102      	bne.n	10001502 <busy_wait_until+0x1a>
100014fc:	6a9a      	ldr	r2, [r3, #40]	@ 0x28
100014fe:	4290      	cmp	r0, r2
10001500:	d8f9      	bhi.n	100014f6 <busy_wait_until+0xe>
10001502:	4770      	bx	lr
10001504:	40054000 	.word	0x40054000

10001508 <uart_init>:
10001508:	b5f8      	push	{r3, r4, r5, r6, r7, lr}
1000150a:	0004      	movs	r4, r0
1000150c:	2006      	movs	r0, #6
1000150e:	000d      	movs	r5, r1
10001510:	f000 f96e 	bl	100017f0 <clock_get_hz>
10001514:	2800      	cmp	r0, #0
10001516:	d043      	beq.n	100015a0 <uart_init+0x98>
10001518:	4b36      	ldr	r3, [pc, #216]	@ (100015f4 <uart_init+0xec>)
1000151a:	4937      	ldr	r1, [pc, #220]	@ (100015f8 <uart_init+0xf0>)
1000151c:	18e3      	adds	r3, r4, r3
1000151e:	1e5a      	subs	r2, r3, #1
10001520:	4193      	sbcs	r3, r2
10001522:	2280      	movs	r2, #128	@ 0x80
10001524:	425b      	negs	r3, r3
10001526:	0d9b      	lsrs	r3, r3, #22
10001528:	0412      	lsls	r2, r2, #16
1000152a:	059b      	lsls	r3, r3, #22
1000152c:	189b      	adds	r3, r3, r2
1000152e:	4a33      	ldr	r2, [pc, #204]	@ (100015fc <uart_init+0xf4>)
10001530:	6013      	str	r3, [r2, #0]
10001532:	4a33      	ldr	r2, [pc, #204]	@ (10001600 <uart_init+0xf8>)
10001534:	6013      	str	r3, [r2, #0]
10001536:	0018      	movs	r0, r3
10001538:	680a      	ldr	r2, [r1, #0]
1000153a:	4390      	bics	r0, r2
1000153c:	d1fb      	bne.n	10001536 <uart_init+0x2e>
1000153e:	4b2d      	ldr	r3, [pc, #180]	@ (100015f4 <uart_init+0xec>)
10001540:	4a30      	ldr	r2, [pc, #192]	@ (10001604 <uart_init+0xfc>)
10001542:	18e3      	adds	r3, r4, r3
10001544:	4259      	negs	r1, r3
10001546:	414b      	adcs	r3, r1
10001548:	2180      	movs	r1, #128	@ 0x80
1000154a:	005b      	lsls	r3, r3, #1
1000154c:	0049      	lsls	r1, r1, #1
1000154e:	2006      	movs	r0, #6
10001550:	5299      	strh	r1, [r3, r2]
10001552:	f000 f94d 	bl	100017f0 <clock_get_hz>
10001556:	0029      	movs	r1, r5
10001558:	00c0      	lsls	r0, r0, #3
1000155a:	f000 fba9 	bl	10001cb0 <__wrap___aeabi_uidiv>
1000155e:	3001      	adds	r0, #1
10001560:	09c3      	lsrs	r3, r0, #7
10001562:	d11e      	bne.n	100015a2 <uart_init+0x9a>
10001564:	2740      	movs	r7, #64	@ 0x40
10001566:	2201      	movs	r2, #1
10001568:	6262      	str	r2, [r4, #36]	@ 0x24
1000156a:	62a3      	str	r3, [r4, #40]	@ 0x28
1000156c:	6b26      	ldr	r6, [r4, #48]	@ 0x30
1000156e:	07f3      	lsls	r3, r6, #31
10001570:	d422      	bmi.n	100015b8 <uart_init+0xb0>
10001572:	6ae3      	ldr	r3, [r4, #44]	@ 0x2c
10001574:	4b24      	ldr	r3, [pc, #144]	@ (10001608 <uart_init+0x100>)
10001576:	2006      	movs	r0, #6
10001578:	18e5      	adds	r5, r4, r3
1000157a:	2300      	movs	r3, #0
1000157c:	602b      	str	r3, [r5, #0]
1000157e:	6326      	str	r6, [r4, #48]	@ 0x30
10001580:	f000 f936 	bl	100017f0 <clock_get_hz>
10001584:	0039      	movs	r1, r7
10001586:	0080      	lsls	r0, r0, #2
10001588:	f000 fb92 	bl	10001cb0 <__wrap___aeabi_uidiv>
1000158c:	2370      	movs	r3, #112	@ 0x70
1000158e:	6ae2      	ldr	r2, [r4, #44]	@ 0x2c
10001590:	405a      	eors	r2, r3
10001592:	330e      	adds	r3, #14
10001594:	4013      	ands	r3, r2
10001596:	602b      	str	r3, [r5, #0]
10001598:	4b1c      	ldr	r3, [pc, #112]	@ (1000160c <uart_init+0x104>)
1000159a:	6323      	str	r3, [r4, #48]	@ 0x30
1000159c:	2303      	movs	r3, #3
1000159e:	64a3      	str	r3, [r4, #72]	@ 0x48
100015a0:	bdf8      	pop	{r3, r4, r5, r6, r7, pc}
100015a2:	4a1b      	ldr	r2, [pc, #108]	@ (10001610 <uart_init+0x108>)
100015a4:	4293      	cmp	r3, r2
100015a6:	d91d      	bls.n	100015e4 <uart_init+0xdc>
100015a8:	2300      	movs	r3, #0
100015aa:	4a1a      	ldr	r2, [pc, #104]	@ (10001614 <uart_init+0x10c>)
100015ac:	4f1a      	ldr	r7, [pc, #104]	@ (10001618 <uart_init+0x110>)
100015ae:	6262      	str	r2, [r4, #36]	@ 0x24
100015b0:	62a3      	str	r3, [r4, #40]	@ 0x28
100015b2:	6b26      	ldr	r6, [r4, #48]	@ 0x30
100015b4:	07f3      	lsls	r3, r6, #31
100015b6:	d5dc      	bpl.n	10001572 <uart_init+0x6a>
100015b8:	4b18      	ldr	r3, [pc, #96]	@ (1000161c <uart_init+0x114>)
100015ba:	4a14      	ldr	r2, [pc, #80]	@ (1000160c <uart_init+0x104>)
100015bc:	18e3      	adds	r3, r4, r3
100015be:	601a      	str	r2, [r3, #0]
100015c0:	6a65      	ldr	r5, [r4, #36]	@ 0x24
100015c2:	6aa3      	ldr	r3, [r4, #40]	@ 0x28
100015c4:	2006      	movs	r0, #6
100015c6:	01ad      	lsls	r5, r5, #6
100015c8:	18ed      	adds	r5, r5, r3
100015ca:	f000 f911 	bl	100017f0 <clock_get_hz>
100015ce:	4914      	ldr	r1, [pc, #80]	@ (10001620 <uart_init+0x118>)
100015d0:	f000 fb6e 	bl	10001cb0 <__wrap___aeabi_uidiv>
100015d4:	0001      	movs	r1, r0
100015d6:	02a8      	lsls	r0, r5, #10
100015d8:	f000 fb6a 	bl	10001cb0 <__wrap___aeabi_uidiv>
100015dc:	2100      	movs	r1, #0
100015de:	f7ff ff4d 	bl	1000147c <busy_wait_us>
100015e2:	e7c6      	b.n	10001572 <uart_init+0x6a>
100015e4:	0640      	lsls	r0, r0, #25
100015e6:	019a      	lsls	r2, r3, #6
100015e8:	0e80      	lsrs	r0, r0, #26
100015ea:	1817      	adds	r7, r2, r0
100015ec:	001a      	movs	r2, r3
100015ee:	0003      	movs	r3, r0
100015f0:	e7ba      	b.n	10001568 <uart_init+0x60>
100015f2:	46c0      	nop			@ (mov r8, r8)
100015f4:	bffc8000 	.word	0xbffc8000
100015f8:	4000c008 	.word	0x4000c008
100015fc:	4000e000 	.word	0x4000e000
10001600:	4000f000 	.word	0x4000f000
10001604:	20002640 	.word	0x20002640
10001608:	0000102c 	.word	0x0000102c
1000160c:	00000301 	.word	0x00000301
10001610:	0000fffe 	.word	0x0000fffe
10001614:	0000ffff 	.word	0x0000ffff
10001618:	003fffc0 	.word	0x003fffc0
1000161c:	00003030 	.word	0x00003030
10001620:	00000e4e 	.word	0x00000e4e

10001624 <clock_configure_int_divider>:
10001624:	b5f8      	push	{r3, r4, r5, r6, r7, lr}
10001626:	46de      	mov	lr, fp
10001628:	464e      	mov	r6, r9
1000162a:	4645      	mov	r5, r8
1000162c:	4657      	mov	r7, sl
1000162e:	b5e0      	push	{r5, r6, r7, lr}
10001630:	0005      	movs	r5, r0
10001632:	468b      	mov	fp, r1
10001634:	0018      	movs	r0, r3
10001636:	990a      	ldr	r1, [sp, #40]	@ 0x28
10001638:	4691      	mov	r9, r2
1000163a:	f000 fb39 	bl	10001cb0 <__wrap___aeabi_uidiv>
1000163e:	9b0a      	ldr	r3, [sp, #40]	@ 0x28
10001640:	006c      	lsls	r4, r5, #1
10001642:	021e      	lsls	r6, r3, #8
10001644:	1964      	adds	r4, r4, r5
10001646:	4b30      	ldr	r3, [pc, #192]	@ (10001708 <clock_configure_int_divider+0xe4>)
10001648:	00a4      	lsls	r4, r4, #2
1000164a:	18e4      	adds	r4, r4, r3
1000164c:	6863      	ldr	r3, [r4, #4]
1000164e:	4680      	mov	r8, r0
10001650:	429e      	cmp	r6, r3
10001652:	d900      	bls.n	10001656 <clock_configure_int_divider+0x32>
10001654:	6066      	str	r6, [r4, #4]
10001656:	1f2f      	subs	r7, r5, #4
10001658:	b2fb      	uxtb	r3, r7
1000165a:	469a      	mov	sl, r3
1000165c:	2b01      	cmp	r3, #1
1000165e:	d92f      	bls.n	100016c0 <clock_configure_int_divider+0x9c>
10001660:	23c0      	movs	r3, #192	@ 0xc0
10001662:	2280      	movs	r2, #128	@ 0x80
10001664:	4f29      	ldr	r7, [pc, #164]	@ (1000170c <clock_configure_int_divider+0xe8>)
10001666:	00ad      	lsls	r5, r5, #2
10001668:	019b      	lsls	r3, r3, #6
1000166a:	5979      	ldr	r1, [r7, r5]
1000166c:	0112      	lsls	r2, r2, #4
1000166e:	18e3      	adds	r3, r4, r3
10001670:	601a      	str	r2, [r3, #0]
10001672:	2900      	cmp	r1, #0
10001674:	d11b      	bne.n	100016ae <clock_configure_int_divider+0x8a>
10001676:	464b      	mov	r3, r9
10001678:	6822      	ldr	r2, [r4, #0]
1000167a:	015b      	lsls	r3, r3, #5
1000167c:	4053      	eors	r3, r2
1000167e:	22e0      	movs	r2, #224	@ 0xe0
10001680:	4013      	ands	r3, r2
10001682:	2280      	movs	r2, #128	@ 0x80
10001684:	0152      	lsls	r2, r2, #5
10001686:	18a2      	adds	r2, r4, r2
10001688:	6013      	str	r3, [r2, #0]
1000168a:	4653      	mov	r3, sl
1000168c:	2b01      	cmp	r3, #1
1000168e:	d92f      	bls.n	100016f0 <clock_configure_int_divider+0xcc>
10001690:	2380      	movs	r3, #128	@ 0x80
10001692:	2280      	movs	r2, #128	@ 0x80
10001694:	019b      	lsls	r3, r3, #6
10001696:	18e3      	adds	r3, r4, r3
10001698:	0112      	lsls	r2, r2, #4
1000169a:	601a      	str	r2, [r3, #0]
1000169c:	4643      	mov	r3, r8
1000169e:	6066      	str	r6, [r4, #4]
100016a0:	517b      	str	r3, [r7, r5]
100016a2:	bcf0      	pop	{r4, r5, r6, r7}
100016a4:	46bb      	mov	fp, r7
100016a6:	46b2      	mov	sl, r6
100016a8:	46a9      	mov	r9, r5
100016aa:	46a0      	mov	r8, r4
100016ac:	bdf8      	pop	{r3, r4, r5, r6, r7, pc}
100016ae:	6978      	ldr	r0, [r7, #20]
100016b0:	f000 fafe 	bl	10001cb0 <__wrap___aeabi_uidiv>
100016b4:	3001      	adds	r0, #1
100016b6:	0043      	lsls	r3, r0, #1
100016b8:	181b      	adds	r3, r3, r0
100016ba:	3b03      	subs	r3, #3
100016bc:	d2fd      	bcs.n	100016ba <clock_configure_int_divider+0x96>
100016be:	e7da      	b.n	10001676 <clock_configure_int_divider+0x52>
100016c0:	465b      	mov	r3, fp
100016c2:	2b01      	cmp	r3, #1
100016c4:	d1cc      	bne.n	10001660 <clock_configure_int_divider+0x3c>
100016c6:	23c0      	movs	r3, #192	@ 0xc0
100016c8:	2203      	movs	r2, #3
100016ca:	019b      	lsls	r3, r3, #6
100016cc:	18e3      	adds	r3, r4, r3
100016ce:	601a      	str	r2, [r3, #0]
100016d0:	3a02      	subs	r2, #2
100016d2:	68a3      	ldr	r3, [r4, #8]
100016d4:	421a      	tst	r2, r3
100016d6:	d0fc      	beq.n	100016d2 <clock_configure_int_divider+0xae>
100016d8:	464a      	mov	r2, r9
100016da:	6823      	ldr	r3, [r4, #0]
100016dc:	0152      	lsls	r2, r2, #5
100016de:	405a      	eors	r2, r3
100016e0:	23e0      	movs	r3, #224	@ 0xe0
100016e2:	4013      	ands	r3, r2
100016e4:	2280      	movs	r2, #128	@ 0x80
100016e6:	0152      	lsls	r2, r2, #5
100016e8:	18a2      	adds	r2, r4, r2
100016ea:	4f08      	ldr	r7, [pc, #32]	@ (1000170c <clock_configure_int_divider+0xe8>)
100016ec:	6013      	str	r3, [r2, #0]
100016ee:	00ad      	lsls	r5, r5, #2
100016f0:	4658      	mov	r0, fp
100016f2:	2303      	movs	r3, #3
100016f4:	6821      	ldr	r1, [r4, #0]
100016f6:	4041      	eors	r1, r0
100016f8:	400b      	ands	r3, r1
100016fa:	6013      	str	r3, [r2, #0]
100016fc:	2201      	movs	r2, #1
100016fe:	4082      	lsls	r2, r0
10001700:	68a3      	ldr	r3, [r4, #8]
10001702:	421a      	tst	r2, r3
10001704:	d0fc      	beq.n	10001700 <clock_configure_int_divider+0xdc>
10001706:	e7c3      	b.n	10001690 <clock_configure_int_divider+0x6c>
10001708:	40008000 	.word	0x40008000
1000170c:	200021a0 	.word	0x200021a0

10001710 <clock_configure_undivided>:
10001710:	b5f0      	push	{r4, r5, r6, r7, lr}
10001712:	46d6      	mov	lr, sl
10001714:	464f      	mov	r7, r9
10001716:	4646      	mov	r6, r8
10001718:	0044      	lsls	r4, r0, #1
1000171a:	4698      	mov	r8, r3
1000171c:	1824      	adds	r4, r4, r0
1000171e:	4b32      	ldr	r3, [pc, #200]	@ (100017e8 <clock_configure_undivided+0xd8>)
10001720:	00a4      	lsls	r4, r4, #2
10001722:	18e4      	adds	r4, r4, r3
10001724:	6863      	ldr	r3, [r4, #4]
10001726:	468a      	mov	sl, r1
10001728:	4691      	mov	r9, r2
1000172a:	b5c0      	push	{r6, r7, lr}
1000172c:	2bff      	cmp	r3, #255	@ 0xff
1000172e:	d802      	bhi.n	10001736 <clock_configure_undivided+0x26>
10001730:	2380      	movs	r3, #128	@ 0x80
10001732:	005b      	lsls	r3, r3, #1
10001734:	6063      	str	r3, [r4, #4]
10001736:	1f06      	subs	r6, r0, #4
10001738:	b2f6      	uxtb	r6, r6
1000173a:	2e01      	cmp	r6, #1
1000173c:	d92f      	bls.n	1000179e <clock_configure_undivided+0x8e>
1000173e:	23c0      	movs	r3, #192	@ 0xc0
10001740:	2280      	movs	r2, #128	@ 0x80
10001742:	4f2a      	ldr	r7, [pc, #168]	@ (100017ec <clock_configure_undivided+0xdc>)
10001744:	0085      	lsls	r5, r0, #2
10001746:	019b      	lsls	r3, r3, #6
10001748:	5979      	ldr	r1, [r7, r5]
1000174a:	0112      	lsls	r2, r2, #4
1000174c:	18e3      	adds	r3, r4, r3
1000174e:	601a      	str	r2, [r3, #0]
10001750:	2900      	cmp	r1, #0
10001752:	d11b      	bne.n	1000178c <clock_configure_undivided+0x7c>
10001754:	464b      	mov	r3, r9
10001756:	6822      	ldr	r2, [r4, #0]
10001758:	015b      	lsls	r3, r3, #5
1000175a:	4053      	eors	r3, r2
1000175c:	22e0      	movs	r2, #224	@ 0xe0
1000175e:	4013      	ands	r3, r2
10001760:	2280      	movs	r2, #128	@ 0x80
10001762:	0152      	lsls	r2, r2, #5
10001764:	18a2      	adds	r2, r4, r2
10001766:	6013      	str	r3, [r2, #0]
10001768:	2e01      	cmp	r6, #1
1000176a:	d930      	bls.n	100017ce <clock_configure_undivided+0xbe>
1000176c:	2380      	movs	r3, #128	@ 0x80
1000176e:	2280      	movs	r2, #128	@ 0x80
10001770:	019b      	lsls	r3, r3, #6
10001772:	18e3      	adds	r3, r4, r3
10001774:	0112      	lsls	r2, r2, #4
10001776:	601a      	str	r2, [r3, #0]
10001778:	2380      	movs	r3, #128	@ 0x80
1000177a:	005b      	lsls	r3, r3, #1
1000177c:	6063      	str	r3, [r4, #4]
1000177e:	4643      	mov	r3, r8
10001780:	517b      	str	r3, [r7, r5]
10001782:	bce0      	pop	{r5, r6, r7}
10001784:	46ba      	mov	sl, r7
10001786:	46b1      	mov	r9, r6
10001788:	46a8      	mov	r8, r5
1000178a:	bdf0      	pop	{r4, r5, r6, r7, pc}
1000178c:	6978      	ldr	r0, [r7, #20]
1000178e:	f000 fa8f 	bl	10001cb0 <__wrap___aeabi_uidiv>
10001792:	3001      	adds	r0, #1
10001794:	0043      	lsls	r3, r0, #1
10001796:	181b      	adds	r3, r3, r0
10001798:	3b03      	subs	r3, #3
1000179a:	d2fd      	bcs.n	10001798 <clock_configure_undivided+0x88>
1000179c:	e7da      	b.n	10001754 <clock_configure_undivided+0x44>
1000179e:	4653      	mov	r3, sl
100017a0:	2b01      	cmp	r3, #1
100017a2:	d1cc      	bne.n	1000173e <clock_configure_undivided+0x2e>
100017a4:	23c0      	movs	r3, #192	@ 0xc0
100017a6:	2203      	movs	r2, #3
100017a8:	019b      	lsls	r3, r3, #6
100017aa:	18e3      	adds	r3, r4, r3
100017ac:	601a      	str	r2, [r3, #0]
100017ae:	3a02      	subs	r2, #2
100017b0:	68a3      	ldr	r3, [r4, #8]
100017b2:	421a      	tst	r2, r3
100017b4:	d0fc      	beq.n	100017b0 <clock_configure_undivided+0xa0>
100017b6:	464a      	mov	r2, r9
100017b8:	6823      	ldr	r3, [r4, #0]
100017ba:	0152      	lsls	r2, r2, #5
100017bc:	405a      	eors	r2, r3
100017be:	23e0      	movs	r3, #224	@ 0xe0
100017c0:	4013      	ands	r3, r2
100017c2:	2280      	movs	r2, #128	@ 0x80
100017c4:	0152      	lsls	r2, r2, #5
100017c6:	18a2      	adds	r2, r4, r2
100017c8:	4f08      	ldr	r7, [pc, #32]	@ (100017ec <clock_configure_undivided+0xdc>)
100017ca:	6013      	str	r3, [r2, #0]
100017cc:	0085      	lsls	r5, r0, #2
100017ce:	4650      	mov	r0, sl
100017d0:	2303      	movs	r3, #3
100017d2:	6821      	ldr	r1, [r4, #0]
100017d4:	4041      	eors	r1, r0
100017d6:	400b      	ands	r3, r1
100017d8:	6013      	str	r3, [r2, #0]
100017da:	2201      	movs	r2, #1
100017dc:	4082      	lsls	r2, r0
100017de:	68a3      	ldr	r3, [r4, #8]
100017e0:	421a      	tst	r2, r3
100017e2:	d0fc      	beq.n	100017de <clock_configure_undivided+0xce>
100017e4:	e7c2      	b.n	1000176c <clock_configure_undivided+0x5c>
100017e6:	46c0      	nop			@ (mov r8, r8)
100017e8:	40008000 	.word	0x40008000
100017ec:	200021a0 	.word	0x200021a0

100017f0 <clock_get_hz>:
100017f0:	4b01      	ldr	r3, [pc, #4]	@ (100017f8 <clock_get_hz+0x8>)
100017f2:	0080      	lsls	r0, r0, #2
100017f4:	58c0      	ldr	r0, [r0, r3]
100017f6:	4770      	bx	lr
100017f8:	200021a0 	.word	0x200021a0

100017fc <pll_init>:
100017fc:	b5f0      	push	{r4, r5, r6, r7, lr}
100017fe:	46c6      	mov	lr, r8
10001800:	0004      	movs	r4, r0
10001802:	b500      	push	{lr}
10001804:	4823      	ldr	r0, [pc, #140]	@ (10001894 <pll_init+0x98>)
10001806:	0016      	movs	r6, r2
10001808:	4698      	mov	r8, r3
1000180a:	000d      	movs	r5, r1
1000180c:	f000 fa50 	bl	10001cb0 <__wrap___aeabi_uidiv>
10001810:	0001      	movs	r1, r0
10001812:	0030      	movs	r0, r6
10001814:	f000 fa4c 	bl	10001cb0 <__wrap___aeabi_uidiv>
10001818:	4643      	mov	r3, r8
1000181a:	9a06      	ldr	r2, [sp, #24]
1000181c:	041b      	lsls	r3, r3, #16
1000181e:	0312      	lsls	r2, r2, #12
10001820:	4313      	orrs	r3, r2
10001822:	469c      	mov	ip, r3
10001824:	6823      	ldr	r3, [r4, #0]
10001826:	0006      	movs	r6, r0
10001828:	2b00      	cmp	r3, #0
1000182a:	db22      	blt.n	10001872 <pll_init+0x76>
1000182c:	4b1a      	ldr	r3, [pc, #104]	@ (10001898 <pll_init+0x9c>)
1000182e:	481b      	ldr	r0, [pc, #108]	@ (1000189c <pll_init+0xa0>)
10001830:	18e2      	adds	r2, r4, r3
10001832:	1e53      	subs	r3, r2, #1
10001834:	419a      	sbcs	r2, r3
10001836:	2380      	movs	r3, #128	@ 0x80
10001838:	4252      	negs	r2, r2
1000183a:	0b12      	lsrs	r2, r2, #12
1000183c:	019b      	lsls	r3, r3, #6
1000183e:	0312      	lsls	r2, r2, #12
10001840:	18d2      	adds	r2, r2, r3
10001842:	4b17      	ldr	r3, [pc, #92]	@ (100018a0 <pll_init+0xa4>)
10001844:	601a      	str	r2, [r3, #0]
10001846:	4b17      	ldr	r3, [pc, #92]	@ (100018a4 <pll_init+0xa8>)
10001848:	601a      	str	r2, [r3, #0]
1000184a:	0013      	movs	r3, r2
1000184c:	6801      	ldr	r1, [r0, #0]
1000184e:	438b      	bics	r3, r1
10001850:	d1fb      	bne.n	1000184a <pll_init+0x4e>
10001852:	2221      	movs	r2, #33	@ 0x21
10001854:	4b14      	ldr	r3, [pc, #80]	@ (100018a8 <pll_init+0xac>)
10001856:	6025      	str	r5, [r4, #0]
10001858:	18e3      	adds	r3, r4, r3
1000185a:	60a6      	str	r6, [r4, #8]
1000185c:	601a      	str	r2, [r3, #0]
1000185e:	6822      	ldr	r2, [r4, #0]
10001860:	2a00      	cmp	r2, #0
10001862:	dafc      	bge.n	1000185e <pll_init+0x62>
10001864:	4662      	mov	r2, ip
10001866:	60e2      	str	r2, [r4, #12]
10001868:	2208      	movs	r2, #8
1000186a:	601a      	str	r2, [r3, #0]
1000186c:	bc80      	pop	{r7}
1000186e:	46b8      	mov	r8, r7
10001870:	bdf0      	pop	{r4, r5, r6, r7, pc}
10001872:	233f      	movs	r3, #63	@ 0x3f
10001874:	6822      	ldr	r2, [r4, #0]
10001876:	4013      	ands	r3, r2
10001878:	42ab      	cmp	r3, r5
1000187a:	d1d7      	bne.n	1000182c <pll_init+0x30>
1000187c:	68a3      	ldr	r3, [r4, #8]
1000187e:	051b      	lsls	r3, r3, #20
10001880:	0d1b      	lsrs	r3, r3, #20
10001882:	4283      	cmp	r3, r0
10001884:	d1d2      	bne.n	1000182c <pll_init+0x30>
10001886:	22ee      	movs	r2, #238	@ 0xee
10001888:	68e3      	ldr	r3, [r4, #12]
1000188a:	02d2      	lsls	r2, r2, #11
1000188c:	4013      	ands	r3, r2
1000188e:	4563      	cmp	r3, ip
10001890:	d1cc      	bne.n	1000182c <pll_init+0x30>
10001892:	e7eb      	b.n	1000186c <pll_init+0x70>
10001894:	00b71b00 	.word	0x00b71b00
10001898:	bffd4000 	.word	0xbffd4000
1000189c:	4000c008 	.word	0x4000c008
100018a0:	4000e000 	.word	0x4000e000
100018a4:	4000f000 	.word	0x4000f000
100018a8:	00003004 	.word	0x00003004

100018ac <watchdog_reboot>:
100018ac:	b510      	push	{r4, lr}
100018ae:	2480      	movs	r4, #128	@ 0x80
100018b0:	4b1c      	ldr	r3, [pc, #112]	@ (10001924 <watchdog_reboot+0x78>)
100018b2:	05e4      	lsls	r4, r4, #23
100018b4:	601c      	str	r4, [r3, #0]
100018b6:	2800      	cmp	r0, #0
100018b8:	d01a      	beq.n	100018f0 <watchdog_reboot+0x44>
100018ba:	2301      	movs	r3, #1
100018bc:	4c1a      	ldr	r4, [pc, #104]	@ (10001928 <watchdog_reboot+0x7c>)
100018be:	4318      	orrs	r0, r3
100018c0:	4b1a      	ldr	r3, [pc, #104]	@ (1000192c <watchdog_reboot+0x80>)
100018c2:	61dc      	str	r4, [r3, #28]
100018c4:	4c1a      	ldr	r4, [pc, #104]	@ (10001930 <watchdog_reboot+0x84>)
100018c6:	4044      	eors	r4, r0
100018c8:	621c      	str	r4, [r3, #32]
100018ca:	6259      	str	r1, [r3, #36]	@ 0x24
100018cc:	6298      	str	r0, [r3, #40]	@ 0x28
100018ce:	2180      	movs	r1, #128	@ 0x80
100018d0:	4b14      	ldr	r3, [pc, #80]	@ (10001924 <watchdog_reboot+0x78>)
100018d2:	05c9      	lsls	r1, r1, #23
100018d4:	6019      	str	r1, [r3, #0]
100018d6:	4817      	ldr	r0, [pc, #92]	@ (10001934 <watchdog_reboot+0x88>)
100018d8:	4917      	ldr	r1, [pc, #92]	@ (10001938 <watchdog_reboot+0x8c>)
100018da:	6008      	str	r0, [r1, #0]
100018dc:	21e0      	movs	r1, #224	@ 0xe0
100018de:	04c9      	lsls	r1, r1, #19
100018e0:	6019      	str	r1, [r3, #0]
100018e2:	2a00      	cmp	r2, #0
100018e4:	d107      	bne.n	100018f6 <watchdog_reboot+0x4a>
100018e6:	2280      	movs	r2, #128	@ 0x80
100018e8:	4b14      	ldr	r3, [pc, #80]	@ (1000193c <watchdog_reboot+0x90>)
100018ea:	0612      	lsls	r2, r2, #24
100018ec:	601a      	str	r2, [r3, #0]
100018ee:	bd10      	pop	{r4, pc}
100018f0:	4b0e      	ldr	r3, [pc, #56]	@ (1000192c <watchdog_reboot+0x80>)
100018f2:	61d8      	str	r0, [r3, #28]
100018f4:	e7eb      	b.n	100018ce <watchdog_reboot+0x22>
100018f6:	0153      	lsls	r3, r2, #5
100018f8:	1a9b      	subs	r3, r3, r2
100018fa:	009b      	lsls	r3, r3, #2
100018fc:	189a      	adds	r2, r3, r2
100018fe:	2380      	movs	r3, #128	@ 0x80
10001900:	0112      	lsls	r2, r2, #4
10001902:	045b      	lsls	r3, r3, #17
10001904:	429a      	cmp	r2, r3
10001906:	d209      	bcs.n	1000191c <watchdog_reboot+0x70>
10001908:	0013      	movs	r3, r2
1000190a:	490d      	ldr	r1, [pc, #52]	@ (10001940 <watchdog_reboot+0x94>)
1000190c:	600b      	str	r3, [r1, #0]
1000190e:	4b07      	ldr	r3, [pc, #28]	@ (1000192c <watchdog_reboot+0x80>)
10001910:	605a      	str	r2, [r3, #4]
10001912:	2280      	movs	r2, #128	@ 0x80
10001914:	4b09      	ldr	r3, [pc, #36]	@ (1000193c <watchdog_reboot+0x90>)
10001916:	05d2      	lsls	r2, r2, #23
10001918:	601a      	str	r2, [r3, #0]
1000191a:	e7e8      	b.n	100018ee <watchdog_reboot+0x42>
1000191c:	4b09      	ldr	r3, [pc, #36]	@ (10001944 <watchdog_reboot+0x98>)
1000191e:	001a      	movs	r2, r3
10001920:	e7f3      	b.n	1000190a <watchdog_reboot+0x5e>
10001922:	46c0      	nop			@ (mov r8, r8)
10001924:	4005b000 	.word	0x4005b000
10001928:	b007c0d3 	.word	0xb007c0d3
1000192c:	40058000 	.word	0x40058000
10001930:	4ff83f2d 	.word	0x4ff83f2d
10001934:	0001fffc 	.word	0x0001fffc
10001938:	40012008 	.word	0x40012008
1000193c:	4005a000 	.word	0x4005a000
10001940:	2000260c 	.word	0x2000260c
10001944:	00ffffff 	.word	0x00ffffff

10001948 <tick_start>:
10001948:	2380      	movs	r3, #128	@ 0x80
1000194a:	4a02      	ldr	r2, [pc, #8]	@ (10001954 <tick_start+0xc>)
1000194c:	009b      	lsls	r3, r3, #2
1000194e:	430b      	orrs	r3, r1
10001950:	62d3      	str	r3, [r2, #44]	@ 0x2c
10001952:	4770      	bx	lr
10001954:	40058000 	.word	0x40058000

10001958 <rom_func_lookup>:
10001958:	2300      	movs	r3, #0
1000195a:	b510      	push	{r4, lr}
1000195c:	0001      	movs	r1, r0
1000195e:	8a98      	ldrh	r0, [r3, #20]
10001960:	8b1b      	ldrh	r3, [r3, #24]
10001962:	4798      	blx	r3
10001964:	bd10      	pop	{r4, pc}
10001966:	46c0      	nop			@ (mov r8, r8)

10001968 <rom_data_lookup>:
10001968:	2316      	movs	r3, #22
1000196a:	b510      	push	{r4, lr}
1000196c:	0001      	movs	r1, r0
1000196e:	8818      	ldrh	r0, [r3, #0]
10001970:	885b      	ldrh	r3, [r3, #2]
10001972:	4798      	blx	r3
10001974:	bd10      	pop	{r4, pc}
10001976:	46c0      	nop			@ (mov r8, r8)

10001978 <rom_funcs_lookup>:
10001978:	b5f8      	push	{r3, r4, r5, r6, r7, lr}
1000197a:	4647      	mov	r7, r8
1000197c:	46ce      	mov	lr, r9
1000197e:	b580      	push	{r7, lr}
10001980:	1e0f      	subs	r7, r1, #0
10001982:	d018      	beq.n	100019b6 <rom_funcs_lookup+0x3e>
10001984:	2314      	movs	r3, #20
10001986:	4699      	mov	r9, r3
10001988:	3304      	adds	r3, #4
1000198a:	0004      	movs	r4, r0
1000198c:	2500      	movs	r5, #0
1000198e:	2601      	movs	r6, #1
10001990:	4698      	mov	r8, r3
10001992:	464b      	mov	r3, r9
10001994:	8818      	ldrh	r0, [r3, #0]
10001996:	4643      	mov	r3, r8
10001998:	6821      	ldr	r1, [r4, #0]
1000199a:	881b      	ldrh	r3, [r3, #0]
1000199c:	4798      	blx	r3
1000199e:	c401      	stmia	r4!, {r0}
100019a0:	1e43      	subs	r3, r0, #1
100019a2:	4198      	sbcs	r0, r3
100019a4:	3501      	adds	r5, #1
100019a6:	4006      	ands	r6, r0
100019a8:	42af      	cmp	r7, r5
100019aa:	d1f2      	bne.n	10001992 <rom_funcs_lookup+0x1a>
100019ac:	0030      	movs	r0, r6
100019ae:	bcc0      	pop	{r6, r7}
100019b0:	46b9      	mov	r9, r7
100019b2:	46b0      	mov	r8, r6
100019b4:	bdf8      	pop	{r3, r4, r5, r6, r7, pc}
100019b6:	2601      	movs	r6, #1
100019b8:	e7f8      	b.n	100019ac <rom_funcs_lookup+0x34>
100019ba:	46c0      	nop			@ (mov r8, r8)

100019bc <rom_reset_usb_boot_extra>:
100019bc:	2300      	movs	r3, #0
100019be:	b570      	push	{r4, r5, r6, lr}
100019c0:	0004      	movs	r4, r0
100019c2:	000d      	movs	r5, r1
100019c4:	8a98      	ldrh	r0, [r3, #20]
100019c6:	4905      	ldr	r1, [pc, #20]	@ (100019dc <rom_reset_usb_boot_extra+0x20>)
100019c8:	8b1b      	ldrh	r3, [r3, #24]
100019ca:	4798      	blx	r3
100019cc:	0003      	movs	r3, r0
100019ce:	2000      	movs	r0, #0
100019d0:	2c00      	cmp	r4, #0
100019d2:	db01      	blt.n	100019d8 <rom_reset_usb_boot_extra+0x1c>
100019d4:	3001      	adds	r0, #1
100019d6:	40a0      	lsls	r0, r4
100019d8:	0029      	movs	r1, r5
100019da:	4798      	blx	r3
100019dc:	00004255 	.word	0x00004255

100019e0 <xosc_init>:
100019e0:	23aa      	movs	r3, #170	@ 0xaa
100019e2:	4a06      	ldr	r2, [pc, #24]	@ (100019fc <xosc_init+0x1c>)
100019e4:	011b      	lsls	r3, r3, #4
100019e6:	6013      	str	r3, [r2, #0]
100019e8:	238d      	movs	r3, #141	@ 0x8d
100019ea:	005b      	lsls	r3, r3, #1
100019ec:	60d3      	str	r3, [r2, #12]
100019ee:	4904      	ldr	r1, [pc, #16]	@ (10001a00 <xosc_init+0x20>)
100019f0:	4b04      	ldr	r3, [pc, #16]	@ (10001a04 <xosc_init+0x24>)
100019f2:	6019      	str	r1, [r3, #0]
100019f4:	6853      	ldr	r3, [r2, #4]
100019f6:	2b00      	cmp	r3, #0
100019f8:	dafc      	bge.n	100019f4 <xosc_init+0x14>
100019fa:	4770      	bx	lr
100019fc:	40024000 	.word	0x40024000
10001a00:	00fab000 	.word	0x00fab000
10001a04:	40026000 	.word	0x40026000

10001a08 <first_per_core_initializer>:
10001a08:	4770      	bx	lr
10001a0a:	46c0      	nop			@ (mov r8, r8)

10001a0c <hard_assertion_failure>:
10001a0c:	b510      	push	{r4, lr}
10001a0e:	4801      	ldr	r0, [pc, #4]	@ (10001a14 <hard_assertion_failure+0x8>)
10001a10:	f7fe fd08 	bl	10000424 <panic>
10001a14:	100087b8 	.word	0x100087b8

10001a18 <runtime_run_initializers>:
10001a18:	b570      	push	{r4, r5, r6, lr}
10001a1a:	4d07      	ldr	r5, [pc, #28]	@ (10001a38 <runtime_run_initializers+0x20>)
10001a1c:	4e07      	ldr	r6, [pc, #28]	@ (10001a3c <runtime_run_initializers+0x24>)
10001a1e:	42b5      	cmp	r5, r6
10001a20:	d209      	bcs.n	10001a36 <runtime_run_initializers+0x1e>
10001a22:	2400      	movs	r4, #0
10001a24:	3e01      	subs	r6, #1
10001a26:	1b76      	subs	r6, r6, r5
10001a28:	08b6      	lsrs	r6, r6, #2
10001a2a:	3601      	adds	r6, #1
10001a2c:	cd08      	ldmia	r5!, {r3}
10001a2e:	3401      	adds	r4, #1
10001a30:	4798      	blx	r3
10001a32:	42b4      	cmp	r4, r6
10001a34:	d1fa      	bne.n	10001a2c <runtime_run_initializers+0x14>
10001a36:	bd70      	pop	{r4, r5, r6, pc}
10001a38:	10008698 	.word	0x10008698
10001a3c:	100086d4 	.word	0x100086d4

10001a40 <runtime_init_early_resets>:
10001a40:	4b05      	ldr	r3, [pc, #20]	@ (10001a58 <runtime_init_early_resets+0x18>)
10001a42:	4a06      	ldr	r2, [pc, #24]	@ (10001a5c <runtime_init_early_resets+0x1c>)
10001a44:	4906      	ldr	r1, [pc, #24]	@ (10001a60 <runtime_init_early_resets+0x20>)
10001a46:	601a      	str	r2, [r3, #0]
10001a48:	4a06      	ldr	r2, [pc, #24]	@ (10001a64 <runtime_init_early_resets+0x24>)
10001a4a:	4b07      	ldr	r3, [pc, #28]	@ (10001a68 <runtime_init_early_resets+0x28>)
10001a4c:	601a      	str	r2, [r3, #0]
10001a4e:	0010      	movs	r0, r2
10001a50:	680b      	ldr	r3, [r1, #0]
10001a52:	4398      	bics	r0, r3
10001a54:	d1fb      	bne.n	10001a4e <runtime_init_early_resets+0xe>
10001a56:	4770      	bx	lr
10001a58:	4000e000 	.word	0x4000e000
10001a5c:	fefbcdbf 	.word	0xfefbcdbf
10001a60:	4000c008 	.word	0x4000c008
10001a64:	003c7ffe 	.word	0x003c7ffe
10001a68:	4000f000 	.word	0x4000f000

10001a6c <runtime_init_usb_power_down>:
10001a6c:	4b04      	ldr	r3, [pc, #16]	@ (10001a80 <runtime_init_usb_power_down+0x14>)
10001a6e:	6cdb      	ldr	r3, [r3, #76]	@ 0x4c
10001a70:	2b00      	cmp	r3, #0
10001a72:	d103      	bne.n	10001a7c <runtime_init_usb_power_down+0x10>
10001a74:	2280      	movs	r2, #128	@ 0x80
10001a76:	4b03      	ldr	r3, [pc, #12]	@ (10001a84 <runtime_init_usb_power_down+0x18>)
10001a78:	02d2      	lsls	r2, r2, #11
10001a7a:	601a      	str	r2, [r3, #0]
10001a7c:	4770      	bx	lr
10001a7e:	46c0      	nop			@ (mov r8, r8)
10001a80:	50110000 	.word	0x50110000
10001a84:	5011204c 	.word	0x5011204c

10001a88 <runtime_init_post_clock_resets>:
10001a88:	4a04      	ldr	r2, [pc, #16]	@ (10001a9c <runtime_init_post_clock_resets+0x14>)
10001a8a:	4b05      	ldr	r3, [pc, #20]	@ (10001aa0 <runtime_init_post_clock_resets+0x18>)
10001a8c:	601a      	str	r2, [r3, #0]
10001a8e:	4a05      	ldr	r2, [pc, #20]	@ (10001aa4 <runtime_init_post_clock_resets+0x1c>)
10001a90:	6813      	ldr	r3, [r2, #0]
10001a92:	01db      	lsls	r3, r3, #7
10001a94:	3380      	adds	r3, #128	@ 0x80
10001a96:	d1fb      	bne.n	10001a90 <runtime_init_post_clock_resets+0x8>
10001a98:	4770      	bx	lr
10001a9a:	46c0      	nop			@ (mov r8, r8)
10001a9c:	01ffffff 	.word	0x01ffffff
10001aa0:	4000f000 	.word	0x4000f000
10001aa4:	4000c008 	.word	0x4000c008

10001aa8 <runtime_init_rp2040_gpio_ie_disable>:
10001aa8:	2240      	movs	r2, #64	@ 0x40
10001aaa:	4b03      	ldr	r3, [pc, #12]	@ (10001ab8 <runtime_init_rp2040_gpio_ie_disable+0x10>)
10001aac:	679a      	str	r2, [r3, #120]	@ 0x78
10001aae:	675a      	str	r2, [r3, #116]	@ 0x74
10001ab0:	671a      	str	r2, [r3, #112]	@ 0x70
10001ab2:	66da      	str	r2, [r3, #108]	@ 0x6c
10001ab4:	4770      	bx	lr
10001ab6:	46c0      	nop			@ (mov r8, r8)
10001ab8:	4001f000 	.word	0x4001f000

10001abc <runtime_init_spin_locks_reset>:
10001abc:	b510      	push	{r4, lr}
10001abe:	f7fe fd51 	bl	10000564 <spin_locks_reset>
10001ac2:	bd10      	pop	{r4, pc}

10001ac4 <runtime_init_install_ram_vector_table>:
10001ac4:	b570      	push	{r4, r5, r6, lr}
10001ac6:	4927      	ldr	r1, [pc, #156]	@ (10001b64 <runtime_init_install_ram_vector_table+0xa0>)
10001ac8:	4e27      	ldr	r6, [pc, #156]	@ (10001b68 <runtime_init_install_ram_vector_table+0xa4>)
10001aca:	4d28      	ldr	r5, [pc, #160]	@ (10001b6c <runtime_init_install_ram_vector_table+0xa8>)
10001acc:	1a76      	subs	r6, r6, r1
10001ace:	08b4      	lsrs	r4, r6, #2
10001ad0:	0022      	movs	r2, r4
10001ad2:	2c30      	cmp	r4, #48	@ 0x30
10001ad4:	d900      	bls.n	10001ad8 <runtime_init_install_ram_vector_table+0x14>
10001ad6:	2230      	movs	r2, #48	@ 0x30
10001ad8:	0028      	movs	r0, r5
10001ada:	0092      	lsls	r2, r2, #2
10001adc:	f000 ff7e 	bl	100029dc <__wrap___aeabi_memcpy>
10001ae0:	2c2f      	cmp	r4, #47	@ 0x2f
10001ae2:	d83b      	bhi.n	10001b5c <runtime_init_install_ram_vector_table+0x98>
10001ae4:	0023      	movs	r3, r4
10001ae6:	3b2a      	subs	r3, #42	@ 0x2a
10001ae8:	4a21      	ldr	r2, [pc, #132]	@ (10001b70 <runtime_init_install_ram_vector_table+0xac>)
10001aea:	2b05      	cmp	r3, #5
10001aec:	d91b      	bls.n	10001b26 <runtime_init_install_ram_vector_table+0x62>
10001aee:	2030      	movs	r0, #48	@ 0x30
10001af0:	19ae      	adds	r6, r5, r6
10001af2:	0771      	lsls	r1, r6, #29
10001af4:	1b00      	subs	r0, r0, r4
10001af6:	0026      	movs	r6, r4
10001af8:	0fcb      	lsrs	r3, r1, #31
10001afa:	2900      	cmp	r1, #0
10001afc:	da02      	bge.n	10001b04 <runtime_init_install_ram_vector_table+0x40>
10001afe:	00a1      	lsls	r1, r4, #2
10001b00:	506a      	str	r2, [r5, r1]
10001b02:	1c66      	adds	r6, r4, #1
10001b04:	1ac0      	subs	r0, r0, r3
10001b06:	18e3      	adds	r3, r4, r3
10001b08:	009b      	lsls	r3, r3, #2
10001b0a:	0841      	lsrs	r1, r0, #1
10001b0c:	18eb      	adds	r3, r5, r3
10001b0e:	00c9      	lsls	r1, r1, #3
10001b10:	18c9      	adds	r1, r1, r3
10001b12:	601a      	str	r2, [r3, #0]
10001b14:	605a      	str	r2, [r3, #4]
10001b16:	3308      	adds	r3, #8
10001b18:	428b      	cmp	r3, r1
10001b1a:	d1fa      	bne.n	10001b12 <runtime_init_install_ram_vector_table+0x4e>
10001b1c:	2301      	movs	r3, #1
10001b1e:	4203      	tst	r3, r0
10001b20:	d01c      	beq.n	10001b5c <runtime_init_install_ram_vector_table+0x98>
10001b22:	4398      	bics	r0, r3
10001b24:	1984      	adds	r4, r0, r6
10001b26:	00a3      	lsls	r3, r4, #2
10001b28:	50ea      	str	r2, [r5, r3]
10001b2a:	1c63      	adds	r3, r4, #1
10001b2c:	2c2f      	cmp	r4, #47	@ 0x2f
10001b2e:	d015      	beq.n	10001b5c <runtime_init_install_ram_vector_table+0x98>
10001b30:	009b      	lsls	r3, r3, #2
10001b32:	50ea      	str	r2, [r5, r3]
10001b34:	1ca3      	adds	r3, r4, #2
10001b36:	2c2e      	cmp	r4, #46	@ 0x2e
10001b38:	d010      	beq.n	10001b5c <runtime_init_install_ram_vector_table+0x98>
10001b3a:	009b      	lsls	r3, r3, #2
10001b3c:	50ea      	str	r2, [r5, r3]
10001b3e:	1ce3      	adds	r3, r4, #3
10001b40:	2c2d      	cmp	r4, #45	@ 0x2d
10001b42:	d00b      	beq.n	10001b5c <runtime_init_install_ram_vector_table+0x98>
10001b44:	009b      	lsls	r3, r3, #2
10001b46:	50ea      	str	r2, [r5, r3]
10001b48:	1d23      	adds	r3, r4, #4
10001b4a:	2c2c      	cmp	r4, #44	@ 0x2c
10001b4c:	d006      	beq.n	10001b5c <runtime_init_install_ram_vector_table+0x98>
10001b4e:	009b      	lsls	r3, r3, #2
10001b50:	50ea      	str	r2, [r5, r3]
10001b52:	1d63      	adds	r3, r4, #5
10001b54:	2c2b      	cmp	r4, #43	@ 0x2b
10001b56:	d001      	beq.n	10001b5c <runtime_init_install_ram_vector_table+0x98>
10001b58:	009b      	lsls	r3, r3, #2
10001b5a:	50ea      	str	r2, [r5, r3]
10001b5c:	4b05      	ldr	r3, [pc, #20]	@ (10001b74 <runtime_init_install_ram_vector_table+0xb0>)
10001b5e:	609d      	str	r5, [r3, #8]
10001b60:	bd70      	pop	{r4, r5, r6, pc}
10001b62:	46c0      	nop			@ (mov r8, r8)
10001b64:	10000100 	.word	0x10000100
10001b68:	100001c0 	.word	0x100001c0
10001b6c:	20000000 	.word	0x20000000
10001b70:	100001c1 	.word	0x100001c1
10001b74:	e000ed00 	.word	0xe000ed00

10001b78 <runtime_init_clocks>:
10001b78:	2300      	movs	r3, #0
10001b7a:	b510      	push	{r4, lr}
10001b7c:	4c29      	ldr	r4, [pc, #164]	@ (10001c24 <runtime_init_clocks+0xac>)
10001b7e:	b082      	sub	sp, #8
10001b80:	67a3      	str	r3, [r4, #120]	@ 0x78
10001b82:	f7ff ff2d 	bl	100019e0 <xosc_init>
10001b86:	2201      	movs	r2, #1
10001b88:	4b27      	ldr	r3, [pc, #156]	@ (10001c28 <runtime_init_clocks+0xb0>)
10001b8a:	601a      	str	r2, [r3, #0]
10001b8c:	6c63      	ldr	r3, [r4, #68]	@ 0x44
10001b8e:	2b01      	cmp	r3, #1
10001b90:	d1fc      	bne.n	10001b8c <runtime_init_clocks+0x14>
10001b92:	2203      	movs	r2, #3
10001b94:	4b25      	ldr	r3, [pc, #148]	@ (10001c2c <runtime_init_clocks+0xb4>)
10001b96:	601a      	str	r2, [r3, #0]
10001b98:	4a22      	ldr	r2, [pc, #136]	@ (10001c24 <runtime_init_clocks+0xac>)
10001b9a:	6b93      	ldr	r3, [r2, #56]	@ 0x38
10001b9c:	2b01      	cmp	r3, #1
10001b9e:	d1fc      	bne.n	10001b9a <runtime_init_clocks+0x22>
10001ba0:	3301      	adds	r3, #1
10001ba2:	9300      	str	r3, [sp, #0]
10001ba4:	2101      	movs	r1, #1
10001ba6:	4a22      	ldr	r2, [pc, #136]	@ (10001c30 <runtime_init_clocks+0xb8>)
10001ba8:	4822      	ldr	r0, [pc, #136]	@ (10001c34 <runtime_init_clocks+0xbc>)
10001baa:	3304      	adds	r3, #4
10001bac:	f7ff fe26 	bl	100017fc <pll_init>
10001bb0:	2305      	movs	r3, #5
10001bb2:	2101      	movs	r1, #1
10001bb4:	9300      	str	r3, [sp, #0]
10001bb6:	4a20      	ldr	r2, [pc, #128]	@ (10001c38 <runtime_init_clocks+0xc0>)
10001bb8:	4820      	ldr	r0, [pc, #128]	@ (10001c3c <runtime_init_clocks+0xc4>)
10001bba:	f7ff fe1f 	bl	100017fc <pll_init>
10001bbe:	2200      	movs	r2, #0
10001bc0:	2102      	movs	r1, #2
10001bc2:	2004      	movs	r0, #4
10001bc4:	4b1e      	ldr	r3, [pc, #120]	@ (10001c40 <runtime_init_clocks+0xc8>)
10001bc6:	f7ff fda3 	bl	10001710 <clock_configure_undivided>
10001bca:	2200      	movs	r2, #0
10001bcc:	2101      	movs	r1, #1
10001bce:	2005      	movs	r0, #5
10001bd0:	4b1c      	ldr	r3, [pc, #112]	@ (10001c44 <runtime_init_clocks+0xcc>)
10001bd2:	f7ff fd9d 	bl	10001710 <clock_configure_undivided>
10001bd6:	2200      	movs	r2, #0
10001bd8:	2100      	movs	r1, #0
10001bda:	2007      	movs	r0, #7
10001bdc:	4b1a      	ldr	r3, [pc, #104]	@ (10001c48 <runtime_init_clocks+0xd0>)
10001bde:	f7ff fd97 	bl	10001710 <clock_configure_undivided>
10001be2:	2200      	movs	r2, #0
10001be4:	2100      	movs	r1, #0
10001be6:	2008      	movs	r0, #8
10001be8:	4b17      	ldr	r3, [pc, #92]	@ (10001c48 <runtime_init_clocks+0xd0>)
10001bea:	f7ff fd91 	bl	10001710 <clock_configure_undivided>
10001bee:	2380      	movs	r3, #128	@ 0x80
10001bf0:	00db      	lsls	r3, r3, #3
10001bf2:	9300      	str	r3, [sp, #0]
10001bf4:	2200      	movs	r2, #0
10001bf6:	2100      	movs	r1, #0
10001bf8:	2009      	movs	r0, #9
10001bfa:	4b13      	ldr	r3, [pc, #76]	@ (10001c48 <runtime_init_clocks+0xd0>)
10001bfc:	f7ff fd12 	bl	10001624 <clock_configure_int_divider>
10001c00:	2200      	movs	r2, #0
10001c02:	4b10      	ldr	r3, [pc, #64]	@ (10001c44 <runtime_init_clocks+0xcc>)
10001c04:	2100      	movs	r1, #0
10001c06:	2006      	movs	r0, #6
10001c08:	f7ff fd82 	bl	10001710 <clock_configure_undivided>
10001c0c:	2004      	movs	r0, #4
10001c0e:	f7ff fdef 	bl	100017f0 <clock_get_hz>
10001c12:	490e      	ldr	r1, [pc, #56]	@ (10001c4c <runtime_init_clocks+0xd4>)
10001c14:	f000 f84c 	bl	10001cb0 <__wrap___aeabi_uidiv>
10001c18:	0001      	movs	r1, r0
10001c1a:	2000      	movs	r0, #0
10001c1c:	f7ff fe94 	bl	10001948 <tick_start>
10001c20:	b002      	add	sp, #8
10001c22:	bd10      	pop	{r4, pc}
10001c24:	40008000 	.word	0x40008000
10001c28:	4000b03c 	.word	0x4000b03c
10001c2c:	4000b030 	.word	0x4000b030
10001c30:	59682f00 	.word	0x59682f00
10001c34:	40028000 	.word	0x40028000
10001c38:	47868c00 	.word	0x47868c00
10001c3c:	4002c000 	.word	0x4002c000
10001c40:	00b71b00 	.word	0x00b71b00
10001c44:	07735940 	.word	0x07735940
10001c48:	02dc6c00 	.word	0x02dc6c00
10001c4c:	000f4240 	.word	0x000f4240

10001c50 <__aeabi_bits_init>:
10001c50:	4801      	ldr	r0, [pc, #4]	@ (10001c58 <__aeabi_bits_init+0x8>)
10001c52:	2104      	movs	r1, #4
10001c54:	4b01      	ldr	r3, [pc, #4]	@ (10001c5c <__aeabi_bits_init+0xc>)
10001c56:	4718      	bx	r3
10001c58:	20001010 	.word	0x20001010
10001c5c:	10001979 	.word	0x10001979

10001c60 <__wrap___aeabi_idiv>:
10001c60:	4a12      	ldr	r2, [pc, #72]	@ (10001cac <divmod_s32s32_savestate+0x18>)
10001c62:	6f93      	ldr	r3, [r2, #120]	@ 0x78
10001c64:	089b      	lsrs	r3, r3, #2
10001c66:	d215      	bcs.n	10001c94 <divmod_s32s32_savestate>

10001c68 <divmod_s32s32_core>:
10001c68:	6690      	str	r0, [r2, #104]	@ 0x68
10001c6a:	66d1      	str	r1, [r2, #108]	@ 0x6c
10001c6c:	2900      	cmp	r1, #0
10001c6e:	d005      	beq.n	10001c7c <divmod_s32s32_core+0x14>
10001c70:	e7ff      	b.n	10001c72 <divmod_s32s32_core+0xa>
10001c72:	e7ff      	b.n	10001c74 <divmod_s32s32_core+0xc>
10001c74:	e7ff      	b.n	10001c76 <divmod_s32s32_core+0xe>
10001c76:	6f51      	ldr	r1, [r2, #116]	@ 0x74
10001c78:	6f10      	ldr	r0, [r2, #112]	@ 0x70
10001c7a:	4770      	bx	lr
10001c7c:	b504      	push	{r2, lr}
10001c7e:	2180      	movs	r1, #128	@ 0x80
10001c80:	0609      	lsls	r1, r1, #24
10001c82:	17c2      	asrs	r2, r0, #31
10001c84:	4051      	eors	r1, r2
10001c86:	2800      	cmp	r0, #0
10001c88:	d000      	beq.n	10001c8c <divmod_s32s32_core+0x24>
10001c8a:	43c8      	mvns	r0, r1
10001c8c:	f006 fcac 	bl	100085e8 <____aeabi_idiv0_veneer>
10001c90:	2100      	movs	r1, #0
10001c92:	bd04      	pop	{r2, pc}

10001c94 <divmod_s32s32_savestate>:
10001c94:	b5f0      	push	{r4, r5, r6, r7, lr}
10001c96:	6e14      	ldr	r4, [r2, #96]	@ 0x60
10001c98:	6e55      	ldr	r5, [r2, #100]	@ 0x64
10001c9a:	6f57      	ldr	r7, [r2, #116]	@ 0x74
10001c9c:	6f16      	ldr	r6, [r2, #112]	@ 0x70
10001c9e:	f7ff ffe3 	bl	10001c68 <divmod_s32s32_core>
10001ca2:	6614      	str	r4, [r2, #96]	@ 0x60
10001ca4:	6655      	str	r5, [r2, #100]	@ 0x64
10001ca6:	6757      	str	r7, [r2, #116]	@ 0x74
10001ca8:	6716      	str	r6, [r2, #112]	@ 0x70
10001caa:	bdf0      	pop	{r4, r5, r6, r7, pc}
10001cac:	d0000000 	.word	0xd0000000

10001cb0 <__wrap___aeabi_uidiv>:
10001cb0:	4a11      	ldr	r2, [pc, #68]	@ (10001cf8 <divmod_u32u32_savestate+0x18>)
10001cb2:	6f93      	ldr	r3, [r2, #120]	@ 0x78
10001cb4:	089b      	lsrs	r3, r3, #2
10001cb6:	d213      	bcs.n	10001ce0 <divmod_u32u32_savestate>

10001cb8 <divmod_u32u32_core>:
10001cb8:	6610      	str	r0, [r2, #96]	@ 0x60
10001cba:	6651      	str	r1, [r2, #100]	@ 0x64
10001cbc:	2900      	cmp	r1, #0
10001cbe:	d005      	beq.n	10001ccc <divmod_u32u32_core+0x14>
10001cc0:	e7ff      	b.n	10001cc2 <divmod_u32u32_core+0xa>
10001cc2:	e7ff      	b.n	10001cc4 <divmod_u32u32_core+0xc>
10001cc4:	e7ff      	b.n	10001cc6 <divmod_u32u32_core+0xe>
10001cc6:	6f51      	ldr	r1, [r2, #116]	@ 0x74
10001cc8:	6f10      	ldr	r0, [r2, #112]	@ 0x70
10001cca:	4770      	bx	lr
10001ccc:	b504      	push	{r2, lr}
10001cce:	2800      	cmp	r0, #0
10001cd0:	d001      	beq.n	10001cd6 <divmod_u32u32_core+0x1e>
10001cd2:	2000      	movs	r0, #0
10001cd4:	43c0      	mvns	r0, r0
10001cd6:	f006 fc87 	bl	100085e8 <____aeabi_idiv0_veneer>
10001cda:	2100      	movs	r1, #0
10001cdc:	bd04      	pop	{r2, pc}
10001cde:	46c0      	nop			@ (mov r8, r8)

10001ce0 <divmod_u32u32_savestate>:
10001ce0:	b5f0      	push	{r4, r5, r6, r7, lr}
10001ce2:	6e14      	ldr	r4, [r2, #96]	@ 0x60
10001ce4:	6e55      	ldr	r5, [r2, #100]	@ 0x64
10001ce6:	6f57      	ldr	r7, [r2, #116]	@ 0x74
10001ce8:	6f16      	ldr	r6, [r2, #112]	@ 0x70
10001cea:	f7ff ffe5 	bl	10001cb8 <divmod_u32u32_core>
10001cee:	6614      	str	r4, [r2, #96]	@ 0x60
10001cf0:	6655      	str	r5, [r2, #100]	@ 0x64
10001cf2:	6757      	str	r7, [r2, #116]	@ 0x74
10001cf4:	6716      	str	r6, [r2, #112]	@ 0x70
10001cf6:	bdf0      	pop	{r4, r5, r6, r7, pc}
10001cf8:	d0000000 	.word	0xd0000000

10001cfc <__wrap___aeabi_ldivmod>:
10001cfc:	4694      	mov	ip, r2
10001cfe:	4a4a      	ldr	r2, [pc, #296]	@ (10001e28 <udiv0+0x1a>)
10001d00:	6f92      	ldr	r2, [r2, #120]	@ 0x78
10001d02:	0892      	lsrs	r2, r2, #2
10001d04:	4662      	mov	r2, ip
10001d06:	d201      	bcs.n	10001d0c <divmod_s64s64_savestate>
10001d08:	e028      	b.n	10001d5c <divmod_s64s64_unsafe>
10001d0a:	46c0      	nop			@ (mov r8, r8)

10001d0c <divmod_s64s64_savestate>:
10001d0c:	b5f0      	push	{r4, r5, r6, r7, lr}
10001d0e:	4e46      	ldr	r6, [pc, #280]	@ (10001e28 <udiv0+0x1a>)
10001d10:	6e34      	ldr	r4, [r6, #96]	@ 0x60
10001d12:	6e75      	ldr	r5, [r6, #100]	@ 0x64
10001d14:	6f77      	ldr	r7, [r6, #116]	@ 0x74
10001d16:	6f36      	ldr	r6, [r6, #112]	@ 0x70
10001d18:	f000 f820 	bl	10001d5c <divmod_s64s64_unsafe>
10001d1c:	4694      	mov	ip, r2
10001d1e:	4a42      	ldr	r2, [pc, #264]	@ (10001e28 <udiv0+0x1a>)
10001d20:	6614      	str	r4, [r2, #96]	@ 0x60
10001d22:	6655      	str	r5, [r2, #100]	@ 0x64
10001d24:	6757      	str	r7, [r2, #116]	@ 0x74
10001d26:	6716      	str	r6, [r2, #112]	@ 0x70
10001d28:	4662      	mov	r2, ip
10001d2a:	bdf0      	pop	{r4, r5, r6, r7, pc}

10001d2c <__wrap___aeabi_uldivmod>:
10001d2c:	4694      	mov	ip, r2
10001d2e:	4a3e      	ldr	r2, [pc, #248]	@ (10001e28 <udiv0+0x1a>)
10001d30:	6f92      	ldr	r2, [r2, #120]	@ 0x78
10001d32:	0892      	lsrs	r2, r2, #2
10001d34:	4662      	mov	r2, ip
10001d36:	d201      	bcs.n	10001d3c <divmod_u64u64_savestate>
10001d38:	e054      	b.n	10001de4 <divmod_u64u64_unsafe>
10001d3a:	46c0      	nop			@ (mov r8, r8)

10001d3c <divmod_u64u64_savestate>:
10001d3c:	b5f0      	push	{r4, r5, r6, r7, lr}
10001d3e:	4e3a      	ldr	r6, [pc, #232]	@ (10001e28 <udiv0+0x1a>)
10001d40:	6e34      	ldr	r4, [r6, #96]	@ 0x60
10001d42:	6e75      	ldr	r5, [r6, #100]	@ 0x64
10001d44:	6f77      	ldr	r7, [r6, #116]	@ 0x74
10001d46:	6f36      	ldr	r6, [r6, #112]	@ 0x70
10001d48:	f000 f84c 	bl	10001de4 <divmod_u64u64_unsafe>
10001d4c:	4694      	mov	ip, r2
10001d4e:	4a36      	ldr	r2, [pc, #216]	@ (10001e28 <udiv0+0x1a>)
10001d50:	6614      	str	r4, [r2, #96]	@ 0x60
10001d52:	6655      	str	r5, [r2, #100]	@ 0x64
10001d54:	6757      	str	r7, [r2, #116]	@ 0x74
10001d56:	6716      	str	r6, [r2, #112]	@ 0x70
10001d58:	4662      	mov	r2, ip
10001d5a:	bdf0      	pop	{r4, r5, r6, r7, pc}

10001d5c <divmod_s64s64_unsafe>:
10001d5c:	2b00      	cmp	r3, #0
10001d5e:	db24      	blt.n	10001daa <l46_1+0x26>
10001d60:	d011      	beq.n	10001d86 <l46_1+0x2>
10001d62:	2900      	cmp	r1, #0
10001d64:	da3e      	bge.n	10001de4 <divmod_u64u64_unsafe>
10001d66:	b500      	push	{lr}
10001d68:	43c9      	mvns	r1, r1
10001d6a:	4240      	negs	r0, r0
10001d6c:	d100      	bne.n	10001d70 <l44_1>
10001d6e:	3101      	adds	r1, #1

10001d70 <l44_1>:
10001d70:	f000 f838 	bl	10001de4 <divmod_u64u64_unsafe>
10001d74:	43c9      	mvns	r1, r1
10001d76:	4240      	negs	r0, r0
10001d78:	d100      	bne.n	10001d7c <l45_1>
10001d7a:	3101      	adds	r1, #1

10001d7c <l45_1>:
10001d7c:	43db      	mvns	r3, r3
10001d7e:	4252      	negs	r2, r2
10001d80:	d100      	bne.n	10001d84 <l46_1>
10001d82:	3301      	adds	r3, #1

10001d84 <l46_1>:
10001d84:	bd00      	pop	{pc}
10001d86:	2a00      	cmp	r2, #0
10001d88:	d1eb      	bne.n	10001d62 <divmod_s64s64_unsafe+0x6>
10001d8a:	2800      	cmp	r0, #0
10001d8c:	d101      	bne.n	10001d92 <l46_1+0xe>
10001d8e:	2900      	cmp	r1, #0
10001d90:	d005      	beq.n	10001d9e <l46_1+0x1a>
10001d92:	2000      	movs	r0, #0
10001d94:	0fc9      	lsrs	r1, r1, #31
10001d96:	07c9      	lsls	r1, r1, #31
10001d98:	d101      	bne.n	10001d9e <l46_1+0x1a>
10001d9a:	43c0      	mvns	r0, r0
10001d9c:	0841      	lsrs	r1, r0, #1
10001d9e:	b500      	push	{lr}
10001da0:	f006 fc4a 	bl	10008638 <____aeabi_ldiv0_veneer>
10001da4:	2200      	movs	r2, #0
10001da6:	2300      	movs	r3, #0
10001da8:	bd00      	pop	{pc}
10001daa:	b500      	push	{lr}
10001dac:	2900      	cmp	r1, #0
10001dae:	db0a      	blt.n	10001dc6 <l48_1+0x2>
10001db0:	43db      	mvns	r3, r3
10001db2:	4252      	negs	r2, r2
10001db4:	d100      	bne.n	10001db8 <l47_1>
10001db6:	3301      	adds	r3, #1

10001db8 <l47_1>:
10001db8:	f000 f814 	bl	10001de4 <divmod_u64u64_unsafe>
10001dbc:	43c9      	mvns	r1, r1
10001dbe:	4240      	negs	r0, r0
10001dc0:	d100      	bne.n	10001dc4 <l48_1>
10001dc2:	3101      	adds	r1, #1

10001dc4 <l48_1>:
10001dc4:	bd00      	pop	{pc}
10001dc6:	43c9      	mvns	r1, r1
10001dc8:	4240      	negs	r0, r0
10001dca:	d100      	bne.n	10001dce <l49_1>
10001dcc:	3101      	adds	r1, #1

10001dce <l49_1>:
10001dce:	43db      	mvns	r3, r3
10001dd0:	4252      	negs	r2, r2
10001dd2:	d100      	bne.n	10001dd6 <l50_1>
10001dd4:	3301      	adds	r3, #1

10001dd6 <l50_1>:
10001dd6:	f000 f805 	bl	10001de4 <divmod_u64u64_unsafe>
10001dda:	43db      	mvns	r3, r3
10001ddc:	4252      	negs	r2, r2
10001dde:	d100      	bne.n	10001de2 <l51_1>
10001de0:	3301      	adds	r3, #1

10001de2 <l51_1>:
10001de2:	bd00      	pop	{pc}

10001de4 <divmod_u64u64_unsafe>:
10001de4:	2900      	cmp	r1, #0
10001de6:	d123      	bne.n	10001e30 <y64>
10001de8:	2b00      	cmp	r3, #0
10001dea:	d118      	bne.n	10001e1e <udiv0+0x10>
10001dec:	2a00      	cmp	r2, #0
10001dee:	d00c      	beq.n	10001e0a <divmod_u64u64_unsafe+0x26>
10001df0:	46bc      	mov	ip, r7
10001df2:	4f0d      	ldr	r7, [pc, #52]	@ (10001e28 <udiv0+0x1a>)
10001df4:	6638      	str	r0, [r7, #96]	@ 0x60
10001df6:	667a      	str	r2, [r7, #100]	@ 0x64
10001df8:	2100      	movs	r1, #0
10001dfa:	2300      	movs	r3, #0
10001dfc:	e7ff      	b.n	10001dfe <divmod_u64u64_unsafe+0x1a>
10001dfe:	e7ff      	b.n	10001e00 <divmod_u64u64_unsafe+0x1c>
10001e00:	e7ff      	b.n	10001e02 <divmod_u64u64_unsafe+0x1e>
10001e02:	6f7a      	ldr	r2, [r7, #116]	@ 0x74
10001e04:	6f38      	ldr	r0, [r7, #112]	@ 0x70
10001e06:	4667      	mov	r7, ip
10001e08:	4770      	bx	lr
10001e0a:	2800      	cmp	r0, #0
10001e0c:	d001      	beq.n	10001e12 <udiv0+0x4>

10001e0e <udiv0>:
10001e0e:	4807      	ldr	r0, [pc, #28]	@ (10001e2c <udiv0+0x1e>)
10001e10:	0001      	movs	r1, r0
10001e12:	b500      	push	{lr}
10001e14:	f006 fc10 	bl	10008638 <____aeabi_ldiv0_veneer>
10001e18:	2200      	movs	r2, #0
10001e1a:	2300      	movs	r3, #0
10001e1c:	bd00      	pop	{pc}
10001e1e:	0002      	movs	r2, r0
10001e20:	000b      	movs	r3, r1
10001e22:	2000      	movs	r0, #0
10001e24:	2100      	movs	r1, #0
10001e26:	4770      	bx	lr
10001e28:	d0000000 	.word	0xd0000000
10001e2c:	ffffffff 	.word	0xffffffff

10001e30 <y64>:
10001e30:	2b00      	cmp	r3, #0
10001e32:	d000      	beq.n	10001e36 <y64+0x6>
10001e34:	e0bf      	b.n	10001fb6 <y64_x48>
10001e36:	0c13      	lsrs	r3, r2, #16
10001e38:	d128      	bne.n	10001e8c <y64_x32>
10001e3a:	2a00      	cmp	r2, #0
10001e3c:	d0e7      	beq.n	10001e0e <udiv0>
10001e3e:	b480      	push	{r7}
10001e40:	4f11      	ldr	r7, [pc, #68]	@ (10001e88 <y64+0x58>)
10001e42:	6639      	str	r1, [r7, #96]	@ 0x60
10001e44:	667a      	str	r2, [r7, #100]	@ 0x64
10001e46:	e7ff      	b.n	10001e48 <y64+0x18>
10001e48:	e7ff      	b.n	10001e4a <y64+0x1a>
10001e4a:	b430      	push	{r4, r5}
10001e4c:	0c04      	lsrs	r4, r0, #16
10001e4e:	6f7b      	ldr	r3, [r7, #116]	@ 0x74
10001e50:	6f39      	ldr	r1, [r7, #112]	@ 0x70
10001e52:	041b      	lsls	r3, r3, #16
10001e54:	4323      	orrs	r3, r4
10001e56:	663b      	str	r3, [r7, #96]	@ 0x60
10001e58:	667a      	str	r2, [r7, #100]	@ 0x64
10001e5a:	e7ff      	b.n	10001e5c <y64+0x2c>
10001e5c:	e7ff      	b.n	10001e5e <y64+0x2e>
10001e5e:	e7ff      	b.n	10001e60 <y64+0x30>
10001e60:	46c0      	nop			@ (mov r8, r8)
10001e62:	b284      	uxth	r4, r0
10001e64:	6f7b      	ldr	r3, [r7, #116]	@ 0x74
10001e66:	6f3d      	ldr	r5, [r7, #112]	@ 0x70
10001e68:	041b      	lsls	r3, r3, #16
10001e6a:	4323      	orrs	r3, r4
10001e6c:	663b      	str	r3, [r7, #96]	@ 0x60
10001e6e:	667a      	str	r2, [r7, #100]	@ 0x64
10001e70:	e7ff      	b.n	10001e72 <y64+0x42>
10001e72:	e7ff      	b.n	10001e74 <y64+0x44>
10001e74:	46c0      	nop			@ (mov r8, r8)
10001e76:	2300      	movs	r3, #0
10001e78:	042c      	lsls	r4, r5, #16
10001e7a:	0c2d      	lsrs	r5, r5, #16
10001e7c:	6f7a      	ldr	r2, [r7, #116]	@ 0x74
10001e7e:	6f38      	ldr	r0, [r7, #112]	@ 0x70
10001e80:	1900      	adds	r0, r0, r4
10001e82:	4169      	adcs	r1, r5
10001e84:	bcb0      	pop	{r4, r5, r7}
10001e86:	4770      	bx	lr
10001e88:	d0000000 	.word	0xd0000000

10001e8c <y64_x32>:
10001e8c:	b5f0      	push	{r4, r5, r6, r7, lr}
10001e8e:	4694      	mov	ip, r2
10001e90:	2500      	movs	r5, #0
10001e92:	0e14      	lsrs	r4, r2, #24
10001e94:	d101      	bne.n	10001e9a <y64_x32+0xe>
10001e96:	0212      	lsls	r2, r2, #8
10001e98:	3508      	adds	r5, #8
10001e9a:	0f14      	lsrs	r4, r2, #28
10001e9c:	d101      	bne.n	10001ea2 <y64_x32+0x16>
10001e9e:	0112      	lsls	r2, r2, #4
10001ea0:	3504      	adds	r5, #4
10001ea2:	0f94      	lsrs	r4, r2, #30
10001ea4:	d101      	bne.n	10001eaa <y64_x32+0x1e>
10001ea6:	0092      	lsls	r2, r2, #2
10001ea8:	3502      	adds	r5, #2
10001eaa:	0fd4      	lsrs	r4, r2, #31
10001eac:	d101      	bne.n	10001eb2 <y64_x32+0x26>
10001eae:	0052      	lsls	r2, r2, #1
10001eb0:	3501      	adds	r5, #1
10001eb2:	0bd4      	lsrs	r4, r2, #15
10001eb4:	3401      	adds	r4, #1
10001eb6:	4f25      	ldr	r7, [pc, #148]	@ (10001f4c <y64_x32+0xc0>)
10001eb8:	667c      	str	r4, [r7, #100]	@ 0x64
10001eba:	4c25      	ldr	r4, [pc, #148]	@ (10001f50 <y64_x32+0xc4>)
10001ebc:	663c      	str	r4, [r7, #96]	@ 0x60
10001ebe:	0c0e      	lsrs	r6, r1, #16
10001ec0:	b293      	uxth	r3, r2
10001ec2:	e7ff      	b.n	10001ec4 <y64_x32+0x38>
10001ec4:	e7ff      	b.n	10001ec6 <y64_x32+0x3a>
10001ec6:	e7ff      	b.n	10001ec8 <y64_x32+0x3c>
10001ec8:	6f3c      	ldr	r4, [r7, #112]	@ 0x70
10001eca:	4366      	muls	r6, r4
10001ecc:	0c36      	lsrs	r6, r6, #16
10001ece:	0377      	lsls	r7, r6, #13
10001ed0:	46be      	mov	lr, r7
10001ed2:	4373      	muls	r3, r6
10001ed4:	0bdf      	lsrs	r7, r3, #15
10001ed6:	045b      	lsls	r3, r3, #17
10001ed8:	1ac0      	subs	r0, r0, r3
10001eda:	41b9      	sbcs	r1, r7
10001edc:	0c13      	lsrs	r3, r2, #16
10001ede:	4373      	muls	r3, r6
10001ee0:	18db      	adds	r3, r3, r3
10001ee2:	1ac9      	subs	r1, r1, r3
10001ee4:	08ce      	lsrs	r6, r1, #3
10001ee6:	4366      	muls	r6, r4
10001ee8:	0c36      	lsrs	r6, r6, #16
10001eea:	44b6      	add	lr, r6
10001eec:	b293      	uxth	r3, r2
10001eee:	4373      	muls	r3, r6
10001ef0:	0f1f      	lsrs	r7, r3, #28
10001ef2:	011b      	lsls	r3, r3, #4
10001ef4:	1ac0      	subs	r0, r0, r3
10001ef6:	41b9      	sbcs	r1, r7
10001ef8:	0c13      	lsrs	r3, r2, #16
10001efa:	4373      	muls	r3, r6
10001efc:	0b1f      	lsrs	r7, r3, #12
10001efe:	051b      	lsls	r3, r3, #20
10001f00:	1ac0      	subs	r0, r0, r3
10001f02:	41b9      	sbcs	r1, r7
10001f04:	0d86      	lsrs	r6, r0, #22
10001f06:	028f      	lsls	r7, r1, #10
10001f08:	433e      	orrs	r6, r7
10001f0a:	4366      	muls	r6, r4
10001f0c:	0c36      	lsrs	r6, r6, #16
10001f0e:	2d09      	cmp	r5, #9
10001f10:	db24      	blt.n	10001f5c <last0>
10001f12:	0a52      	lsrs	r2, r2, #9
10001f14:	4372      	muls	r2, r6
10001f16:	1a80      	subs	r0, r0, r2
10001f18:	0377      	lsls	r7, r6, #13
10001f1a:	0a46      	lsrs	r6, r0, #9
10001f1c:	4366      	muls	r6, r4
10001f1e:	0c36      	lsrs	r6, r6, #16
10001f20:	2316      	movs	r3, #22
10001f22:	1b5b      	subs	r3, r3, r5
10001f24:	40de      	lsrs	r6, r3
10001f26:	40df      	lsrs	r7, r3
10001f28:	19bf      	adds	r7, r7, r6
10001f2a:	4664      	mov	r4, ip
10001f2c:	4366      	muls	r6, r4
10001f2e:	1b82      	subs	r2, r0, r6
10001f30:	4670      	mov	r0, lr
10001f32:	3504      	adds	r5, #4
10001f34:	3306      	adds	r3, #6
10001f36:	0001      	movs	r1, r0
10001f38:	40d9      	lsrs	r1, r3
10001f3a:	40a8      	lsls	r0, r5
10001f3c:	19c0      	adds	r0, r0, r7
10001f3e:	d300      	bcc.n	10001f42 <y64_x32+0xb6>
10001f40:	3101      	adds	r1, #1
10001f42:	42a2      	cmp	r2, r4
10001f44:	d206      	bcs.n	10001f54 <y64_x32+0xc8>
10001f46:	2300      	movs	r3, #0
10001f48:	bdf0      	pop	{r4, r5, r6, r7, pc}
10001f4a:	0000      	.short	0x0000
10001f4c:	d0000000 	.word	0xd0000000
10001f50:	ffffffff 	.word	0xffffffff
10001f54:	1b12      	subs	r2, r2, r4
10001f56:	3001      	adds	r0, #1
10001f58:	d3f3      	bcc.n	10001f42 <y64_x32+0xb6>
10001f5a:	e7f1      	b.n	10001f40 <y64_x32+0xb4>

10001f5c <last0>:
10001f5c:	2709      	movs	r7, #9
10001f5e:	1b7f      	subs	r7, r7, r5
10001f60:	40fe      	lsrs	r6, r7
10001f62:	4664      	mov	r4, ip
10001f64:	b2a2      	uxth	r2, r4
10001f66:	4372      	muls	r2, r6
10001f68:	1a80      	subs	r0, r0, r2
10001f6a:	d200      	bcs.n	10001f6e <last0+0x12>
10001f6c:	3901      	subs	r1, #1
10001f6e:	0c22      	lsrs	r2, r4, #16
10001f70:	4372      	muls	r2, r6
10001f72:	0c13      	lsrs	r3, r2, #16
10001f74:	0412      	lsls	r2, r2, #16
10001f76:	1a82      	subs	r2, r0, r2
10001f78:	4199      	sbcs	r1, r3
10001f7a:	000b      	movs	r3, r1
10001f7c:	4670      	mov	r0, lr
10001f7e:	3504      	adds	r5, #4
10001f80:	3713      	adds	r7, #19
10001f82:	0001      	movs	r1, r0
10001f84:	40f9      	lsrs	r1, r7
10001f86:	40a8      	lsls	r0, r5
10001f88:	1980      	adds	r0, r0, r6
10001f8a:	d300      	bcc.n	10001f8e <last0+0x32>
10001f8c:	3101      	adds	r1, #1
10001f8e:	2b00      	cmp	r3, #0
10001f90:	d102      	bne.n	10001f98 <last0+0x3c>
10001f92:	42a2      	cmp	r2, r4
10001f94:	d20a      	bcs.n	10001fac <last0+0x50>
10001f96:	bdf0      	pop	{r4, r5, r6, r7, pc}
10001f98:	3001      	adds	r0, #1
10001f9a:	d300      	bcc.n	10001f9e <last0+0x42>
10001f9c:	3101      	adds	r1, #1
10001f9e:	1b12      	subs	r2, r2, r4
10001fa0:	d2fa      	bcs.n	10001f98 <last0+0x3c>
10001fa2:	3b01      	subs	r3, #1
10001fa4:	d1f8      	bne.n	10001f98 <last0+0x3c>
10001fa6:	42a2      	cmp	r2, r4
10001fa8:	d200      	bcs.n	10001fac <last0+0x50>
10001faa:	bdf0      	pop	{r4, r5, r6, r7, pc}
10001fac:	3001      	adds	r0, #1
10001fae:	d300      	bcc.n	10001fb2 <last0+0x56>
10001fb0:	3101      	adds	r1, #1
10001fb2:	1b12      	subs	r2, r2, r4
10001fb4:	e7f7      	b.n	10001fa6 <last0+0x4a>

10001fb6 <y64_x48>:
10001fb6:	b5f0      	push	{r4, r5, r6, r7, lr}
10001fb8:	0c1c      	lsrs	r4, r3, #16
10001fba:	d000      	beq.n	10001fbe <y64_x48+0x8>
10001fbc:	e080      	b.n	100020c0 <y64_x64>
10001fbe:	b40c      	push	{r2, r3}
10001fc0:	2500      	movs	r5, #0
10001fc2:	0a1c      	lsrs	r4, r3, #8
10001fc4:	d104      	bne.n	10001fd0 <y64_x48+0x1a>
10001fc6:	021b      	lsls	r3, r3, #8
10001fc8:	0e16      	lsrs	r6, r2, #24
10001fca:	4333      	orrs	r3, r6
10001fcc:	0212      	lsls	r2, r2, #8
10001fce:	3508      	adds	r5, #8
10001fd0:	0b1c      	lsrs	r4, r3, #12
10001fd2:	d104      	bne.n	10001fde <y64_x48+0x28>
10001fd4:	011b      	lsls	r3, r3, #4
10001fd6:	0f16      	lsrs	r6, r2, #28
10001fd8:	4333      	orrs	r3, r6
10001fda:	0112      	lsls	r2, r2, #4
10001fdc:	3504      	adds	r5, #4
10001fde:	0b9c      	lsrs	r4, r3, #14
10001fe0:	d104      	bne.n	10001fec <y64_x48+0x36>
10001fe2:	009b      	lsls	r3, r3, #2
10001fe4:	0f96      	lsrs	r6, r2, #30
10001fe6:	4333      	orrs	r3, r6
10001fe8:	0092      	lsls	r2, r2, #2
10001fea:	3502      	adds	r5, #2
10001fec:	0bdc      	lsrs	r4, r3, #15
10001fee:	d102      	bne.n	10001ff6 <y64_x48+0x40>
10001ff0:	1892      	adds	r2, r2, r2
10001ff2:	415b      	adcs	r3, r3
10001ff4:	3501      	adds	r5, #1
10001ff6:	001c      	movs	r4, r3
10001ff8:	1897      	adds	r7, r2, r2
10001ffa:	4164      	adcs	r4, r4
10001ffc:	3401      	adds	r4, #1
10001ffe:	4f46      	ldr	r7, [pc, #280]	@ (10002118 <y64_x64+0x58>)
10002000:	667c      	str	r4, [r7, #100]	@ 0x64
10002002:	4c46      	ldr	r4, [pc, #280]	@ (1000211c <y64_x64+0x5c>)
10002004:	663c      	str	r4, [r7, #96]	@ 0x60
10002006:	0c0e      	lsrs	r6, r1, #16
10002008:	e7ff      	b.n	1000200a <y64_x48+0x54>
1000200a:	e7ff      	b.n	1000200c <y64_x48+0x56>
1000200c:	e7ff      	b.n	1000200e <y64_x48+0x58>
1000200e:	46c0      	nop			@ (mov r8, r8)
10002010:	6f3c      	ldr	r4, [r7, #112]	@ 0x70
10002012:	4366      	muls	r6, r4
10002014:	0c36      	lsrs	r6, r6, #16
10002016:	0377      	lsls	r7, r6, #13
10002018:	46be      	mov	lr, r7
1000201a:	b297      	uxth	r7, r2
1000201c:	4377      	muls	r7, r6
1000201e:	1bc0      	subs	r0, r0, r7
10002020:	d200      	bcs.n	10002024 <y64_x48+0x6e>
10002022:	3901      	subs	r1, #1
10002024:	1bc0      	subs	r0, r0, r7
10002026:	d200      	bcs.n	1000202a <y64_x48+0x74>
10002028:	3901      	subs	r1, #1
1000202a:	b29f      	uxth	r7, r3
1000202c:	4377      	muls	r7, r6
1000202e:	1bc9      	subs	r1, r1, r7
10002030:	1bc9      	subs	r1, r1, r7
10002032:	0c17      	lsrs	r7, r2, #16
10002034:	4377      	muls	r7, r6
10002036:	047e      	lsls	r6, r7, #17
10002038:	0bff      	lsrs	r7, r7, #15
1000203a:	1b80      	subs	r0, r0, r6
1000203c:	41b9      	sbcs	r1, r7
1000203e:	08ce      	lsrs	r6, r1, #3
10002040:	4366      	muls	r6, r4
10002042:	0c36      	lsrs	r6, r6, #16
10002044:	2d0c      	cmp	r5, #12
10002046:	db33      	blt.n	100020b0 <last1>
10002048:	44b6      	add	lr, r6
1000204a:	0b12      	lsrs	r2, r2, #12
1000204c:	051f      	lsls	r7, r3, #20
1000204e:	433a      	orrs	r2, r7
10002050:	0b1b      	lsrs	r3, r3, #12
10002052:	b297      	uxth	r7, r2
10002054:	4377      	muls	r7, r6
10002056:	1bc0      	subs	r0, r0, r7
10002058:	d200      	bcs.n	1000205c <y64_x48+0xa6>
1000205a:	3901      	subs	r1, #1
1000205c:	b29f      	uxth	r7, r3
1000205e:	4377      	muls	r7, r6
10002060:	1bc9      	subs	r1, r1, r7
10002062:	0c17      	lsrs	r7, r2, #16
10002064:	4377      	muls	r7, r6
10002066:	043e      	lsls	r6, r7, #16
10002068:	0c3f      	lsrs	r7, r7, #16
1000206a:	1b80      	subs	r0, r0, r6
1000206c:	41b9      	sbcs	r1, r7
1000206e:	0d86      	lsrs	r6, r0, #22
10002070:	028f      	lsls	r7, r1, #10
10002072:	433e      	orrs	r6, r7
10002074:	4366      	muls	r6, r4
10002076:	2729      	movs	r7, #41	@ 0x29
10002078:	1b7f      	subs	r7, r7, r5
1000207a:	40fe      	lsrs	r6, r7
1000207c:	3d0c      	subs	r5, #12
1000207e:	4677      	mov	r7, lr
10002080:	40af      	lsls	r7, r5
10002082:	19bf      	adds	r7, r7, r6
10002084:	bc30      	pop	{r4, r5}
10002086:	b2a2      	uxth	r2, r4
10002088:	b2ab      	uxth	r3, r5
1000208a:	4372      	muls	r2, r6
1000208c:	4373      	muls	r3, r6
1000208e:	1a80      	subs	r0, r0, r2
10002090:	4199      	sbcs	r1, r3
10002092:	0c22      	lsrs	r2, r4, #16
10002094:	4372      	muls	r2, r6
10002096:	0c13      	lsrs	r3, r2, #16
10002098:	0412      	lsls	r2, r2, #16
1000209a:	1a80      	subs	r0, r0, r2
1000209c:	4199      	sbcs	r1, r3
1000209e:	0002      	movs	r2, r0
100020a0:	000b      	movs	r3, r1
100020a2:	3701      	adds	r7, #1
100020a4:	1b00      	subs	r0, r0, r4
100020a6:	41a9      	sbcs	r1, r5
100020a8:	d2f9      	bcs.n	1000209e <y64_x48+0xe8>
100020aa:	1e78      	subs	r0, r7, #1
100020ac:	2100      	movs	r1, #0
100020ae:	bdf0      	pop	{r4, r5, r6, r7, pc}

100020b0 <last1>:
100020b0:	270c      	movs	r7, #12
100020b2:	1b7f      	subs	r7, r7, r5
100020b4:	40fe      	lsrs	r6, r7
100020b6:	4677      	mov	r7, lr
100020b8:	0b7f      	lsrs	r7, r7, #13
100020ba:	40af      	lsls	r7, r5
100020bc:	19ff      	adds	r7, r7, r7
100020be:	e7e0      	b.n	10002082 <y64_x48+0xcc>

100020c0 <y64_x64>:
100020c0:	2400      	movs	r4, #0
100020c2:	1c5d      	adds	r5, r3, #1
100020c4:	d007      	beq.n	100020d6 <y64_x64+0x16>
100020c6:	4f14      	ldr	r7, [pc, #80]	@ (10002118 <y64_x64+0x58>)
100020c8:	667d      	str	r5, [r7, #100]	@ 0x64
100020ca:	6639      	str	r1, [r7, #96]	@ 0x60
100020cc:	e7ff      	b.n	100020ce <y64_x64+0xe>
100020ce:	e7ff      	b.n	100020d0 <y64_x64+0x10>
100020d0:	e7ff      	b.n	100020d2 <y64_x64+0x12>
100020d2:	e7ff      	b.n	100020d4 <y64_x64+0x14>
100020d4:	6f3c      	ldr	r4, [r7, #112]	@ 0x70
100020d6:	b295      	uxth	r5, r2
100020d8:	b29e      	uxth	r6, r3
100020da:	4365      	muls	r5, r4
100020dc:	4366      	muls	r6, r4
100020de:	1b40      	subs	r0, r0, r5
100020e0:	41b1      	sbcs	r1, r6
100020e2:	0c15      	lsrs	r5, r2, #16
100020e4:	0c1e      	lsrs	r6, r3, #16
100020e6:	4365      	muls	r5, r4
100020e8:	4366      	muls	r6, r4
100020ea:	0436      	lsls	r6, r6, #16
100020ec:	0c2f      	lsrs	r7, r5, #16
100020ee:	433e      	orrs	r6, r7
100020f0:	042d      	lsls	r5, r5, #16
100020f2:	1b40      	subs	r0, r0, r5
100020f4:	41b1      	sbcs	r1, r6
100020f6:	4299      	cmp	r1, r3
100020f8:	d204      	bcs.n	10002104 <y64_x64+0x44>
100020fa:	0002      	movs	r2, r0
100020fc:	000b      	movs	r3, r1
100020fe:	0020      	movs	r0, r4
10002100:	2100      	movs	r1, #0
10002102:	bdf0      	pop	{r4, r5, r6, r7, pc}
10002104:	d101      	bne.n	1000210a <y64_x64+0x4a>
10002106:	4290      	cmp	r0, r2
10002108:	d3f7      	bcc.n	100020fa <y64_x64+0x3a>
1000210a:	1a80      	subs	r0, r0, r2
1000210c:	4199      	sbcs	r1, r3
1000210e:	3401      	adds	r4, #1
10002110:	4299      	cmp	r1, r3
10002112:	d3f2      	bcc.n	100020fa <y64_x64+0x3a>
10002114:	e7f6      	b.n	10002104 <y64_x64+0x44>
10002116:	0000      	.short	0x0000
10002118:	d0000000 	.word	0xd0000000
1000211c:	ffffffff 	.word	0xffffffff

10002120 <__wrap___aeabi_drsub>:
10002120:	4048      	eors	r0, r1
10002122:	4041      	eors	r1, r0
10002124:	4048      	eors	r0, r1

10002126 <__wrap___aeabi_dsub>:
10002126:	b418      	push	{r3, r4}
10002128:	4b1b      	ldr	r3, [pc, #108]	@ (10002198 <__wrap___aeabi_dmul+0x12>)
1000212a:	685b      	ldr	r3, [r3, #4]
1000212c:	46fc      	mov	ip, pc
1000212e:	9301      	str	r3, [sp, #4]
10002130:	bd08      	pop	{r3, pc}
10002132:	df04      	.short	0xdf04
10002134:	100023cb 	.word	0x100023cb

10002138 <__wrap___aeabi_dadd>:
10002138:	b418      	push	{r3, r4}
1000213a:	4b17      	ldr	r3, [pc, #92]	@ (10002198 <__wrap___aeabi_dmul+0x12>)
1000213c:	681b      	ldr	r3, [r3, #0]
1000213e:	46fc      	mov	ip, pc
10002140:	9301      	str	r3, [sp, #4]
10002142:	bd08      	pop	{r3, pc}
10002144:	23d5df00 	.word	0x23d5df00
10002148:	1000      	.short	0x1000

1000214a <__wrap___aeabi_ddiv>:
1000214a:	4694      	mov	ip, r2
1000214c:	4a13      	ldr	r2, [pc, #76]	@ (1000219c <__wrap___aeabi_dmul+0x16>)
1000214e:	6f92      	ldr	r2, [r2, #120]	@ 0x78
10002150:	0892      	lsrs	r2, r2, #2
10002152:	d209      	bcs.n	10002168 <ddiv_save_state>
10002154:	4662      	mov	r2, ip

10002156 <ddiv_shim_call>:
10002156:	b418      	push	{r3, r4}
10002158:	4b0f      	ldr	r3, [pc, #60]	@ (10002198 <__wrap___aeabi_dmul+0x12>)
1000215a:	68db      	ldr	r3, [r3, #12]
1000215c:	46fc      	mov	ip, pc
1000215e:	9301      	str	r3, [sp, #4]
10002160:	bd08      	pop	{r3, pc}
10002162:	df0c      	.short	0xdf0c
10002164:	1000268d 	.word	0x1000268d

10002168 <ddiv_save_state>:
10002168:	4a0c      	ldr	r2, [pc, #48]	@ (1000219c <__wrap___aeabi_dmul+0x16>)
1000216a:	b5f0      	push	{r4, r5, r6, r7, lr}
1000216c:	6e14      	ldr	r4, [r2, #96]	@ 0x60
1000216e:	6e55      	ldr	r5, [r2, #100]	@ 0x64
10002170:	6f57      	ldr	r7, [r2, #116]	@ 0x74
10002172:	6f16      	ldr	r6, [r2, #112]	@ 0x70
10002174:	4662      	mov	r2, ip
10002176:	f7ff ffee 	bl	10002156 <ddiv_shim_call>
1000217a:	4a08      	ldr	r2, [pc, #32]	@ (1000219c <__wrap___aeabi_dmul+0x16>)
1000217c:	6614      	str	r4, [r2, #96]	@ 0x60
1000217e:	6655      	str	r5, [r2, #100]	@ 0x64
10002180:	6757      	str	r7, [r2, #116]	@ 0x74
10002182:	6716      	str	r6, [r2, #112]	@ 0x70
10002184:	bdf0      	pop	{r4, r5, r6, r7, pc}

10002186 <__wrap___aeabi_dmul>:
10002186:	b418      	push	{r3, r4}
10002188:	4b03      	ldr	r3, [pc, #12]	@ (10002198 <__wrap___aeabi_dmul+0x12>)
1000218a:	689b      	ldr	r3, [r3, #8]
1000218c:	46fc      	mov	ip, pc
1000218e:	9301      	str	r3, [sp, #4]
10002190:	bd08      	pop	{r3, pc}
10002192:	df08      	.short	0xdf08
10002194:	10002531 	.word	0x10002531
10002198:	20001908 	.word	0x20001908
1000219c:	d0000000 	.word	0xd0000000

100021a0 <__wrap___aeabi_cdrcmple>:
100021a0:	b5ff      	push	{r0, r1, r2, r3, r4, r5, r6, r7, lr}
100021a2:	4050      	eors	r0, r2
100021a4:	4042      	eors	r2, r0
100021a6:	4050      	eors	r0, r2
100021a8:	4059      	eors	r1, r3
100021aa:	404b      	eors	r3, r1
100021ac:	4059      	eors	r1, r3
100021ae:	e000      	b.n	100021b2 <__aeabi_dfcmple_guts>

100021b0 <__wrap___aeabi_cdcmpeq>:
100021b0:	b5ff      	push	{r0, r1, r2, r3, r4, r5, r6, r7, lr}

100021b2 <__aeabi_dfcmple_guts>:
100021b2:	4f15      	ldr	r7, [pc, #84]	@ (10002208 <__aeabi_dfcmple_guts+0x56>)
100021b4:	004c      	lsls	r4, r1, #1
100021b6:	0d64      	lsrs	r4, r4, #21
100021b8:	d003      	beq.n	100021c2 <__aeabi_dfcmple_guts+0x10>
100021ba:	42bc      	cmp	r4, r7
100021bc:	d104      	bne.n	100021c8 <__aeabi_dfcmple_guts+0x16>
100021be:	030c      	lsls	r4, r1, #12
100021c0:	d814      	bhi.n	100021ec <__aeabi_dfcmple_guts+0x3a>
100021c2:	2000      	movs	r0, #0
100021c4:	0d09      	lsrs	r1, r1, #20
100021c6:	0509      	lsls	r1, r1, #20
100021c8:	005c      	lsls	r4, r3, #1
100021ca:	0d64      	lsrs	r4, r4, #21
100021cc:	d003      	beq.n	100021d6 <__aeabi_dfcmple_guts+0x24>
100021ce:	42bc      	cmp	r4, r7
100021d0:	d104      	bne.n	100021dc <__aeabi_dfcmple_guts+0x2a>
100021d2:	031c      	lsls	r4, r3, #12
100021d4:	d80a      	bhi.n	100021ec <__aeabi_dfcmple_guts+0x3a>
100021d6:	2200      	movs	r2, #0
100021d8:	0d1b      	lsrs	r3, r3, #20
100021da:	051b      	lsls	r3, r3, #20
100021dc:	2601      	movs	r6, #1
100021de:	404b      	eors	r3, r1
100021e0:	d409      	bmi.n	100021f6 <__aeabi_dfcmple_guts+0x44>
100021e2:	404b      	eors	r3, r1
100021e4:	d503      	bpl.n	100021ee <__aeabi_dfcmple_guts+0x3c>
100021e6:	428b      	cmp	r3, r1
100021e8:	d100      	bne.n	100021ec <__aeabi_dfcmple_guts+0x3a>
100021ea:	4282      	cmp	r2, r0
100021ec:	bdff      	pop	{r0, r1, r2, r3, r4, r5, r6, r7, pc}
100021ee:	4299      	cmp	r1, r3
100021f0:	d1fc      	bne.n	100021ec <__aeabi_dfcmple_guts+0x3a>
100021f2:	4290      	cmp	r0, r2
100021f4:	bdff      	pop	{r0, r1, r2, r3, r4, r5, r6, r7, pc}
100021f6:	430b      	orrs	r3, r1
100021f8:	18db      	adds	r3, r3, r3
100021fa:	4303      	orrs	r3, r0
100021fc:	4313      	orrs	r3, r2
100021fe:	d0f5      	beq.n	100021ec <__aeabi_dfcmple_guts+0x3a>
10002200:	43c9      	mvns	r1, r1
10002202:	1849      	adds	r1, r1, r1
10002204:	bdff      	pop	{r0, r1, r2, r3, r4, r5, r6, r7, pc}
10002206:	0000      	.short	0x0000
10002208:	000007ff 	.word	0x000007ff

1000220c <__wrap___aeabi_dcmplt>:
1000220c:	b500      	push	{lr}
1000220e:	f7ff ffcf 	bl	100021b0 <__wrap___aeabi_cdcmpeq>
10002212:	4180      	sbcs	r0, r0
10002214:	bd00      	pop	{pc}
10002216:	46c0      	nop			@ (mov r8, r8)

10002218 <__wrap___aeabi_dcmple>:
10002218:	b500      	push	{lr}
1000221a:	f7ff ffc9 	bl	100021b0 <__wrap___aeabi_cdcmpeq>
1000221e:	d901      	bls.n	10002224 <__wrap___aeabi_dcmple+0xc>
10002220:	2000      	movs	r0, #0
10002222:	bd00      	pop	{pc}
10002224:	2001      	movs	r0, #1
10002226:	bd00      	pop	{pc}

10002228 <__wrap___aeabi_dcmpge>:
10002228:	b500      	push	{lr}
1000222a:	f7ff ffb9 	bl	100021a0 <__wrap___aeabi_cdrcmple>
1000222e:	d901      	bls.n	10002234 <__wrap___aeabi_dcmpge+0xc>
10002230:	2000      	movs	r0, #0
10002232:	bd00      	pop	{pc}
10002234:	2001      	movs	r0, #1
10002236:	bd00      	pop	{pc}

10002238 <__wrap___aeabi_dcmpgt>:
10002238:	b500      	push	{lr}
1000223a:	f7ff ffb1 	bl	100021a0 <__wrap___aeabi_cdrcmple>
1000223e:	4180      	sbcs	r0, r0
10002240:	bd00      	pop	{pc}

10002242 <__wrap___aeabi_dcmpun>:
10002242:	2001      	movs	r0, #1
10002244:	0540      	lsls	r0, r0, #21
10002246:	004a      	lsls	r2, r1, #1
10002248:	1812      	adds	r2, r2, r0
1000224a:	d804      	bhi.n	10002256 <__wrap___aeabi_dcmpun+0x14>
1000224c:	005a      	lsls	r2, r3, #1
1000224e:	1812      	adds	r2, r2, r0
10002250:	d801      	bhi.n	10002256 <__wrap___aeabi_dcmpun+0x14>
10002252:	2000      	movs	r0, #0
10002254:	4770      	bx	lr
10002256:	2001      	movs	r0, #1
10002258:	4770      	bx	lr
	...

1000225c <__wrap___aeabi_ui2d>:
1000225c:	2100      	movs	r1, #0
1000225e:	2800      	cmp	r0, #0
10002260:	d105      	bne.n	1000226e <__wrap___aeabi_i2d+0xa>
10002262:	4770      	bx	lr

10002264 <__wrap___aeabi_i2d>:
10002264:	17c1      	asrs	r1, r0, #31
10002266:	4048      	eors	r0, r1
10002268:	1a40      	subs	r0, r0, r1
1000226a:	d0fa      	beq.n	10002262 <__wrap___aeabi_ui2d+0x6>
1000226c:	07c9      	lsls	r1, r1, #31
1000226e:	b513      	push	{r0, r1, r4, lr}
10002270:	4b06      	ldr	r3, [pc, #24]	@ (1000228c <__wrap___aeabi_i2d+0x28>)
10002272:	681b      	ldr	r3, [r3, #0]
10002274:	4798      	blx	r3
10002276:	bc0c      	pop	{r2, r3}
10002278:	1c44      	adds	r4, r0, #1
1000227a:	40a2      	lsls	r2, r4
1000227c:	0510      	lsls	r0, r2, #20
1000227e:	0b12      	lsrs	r2, r2, #12
10002280:	4903      	ldr	r1, [pc, #12]	@ (10002290 <__wrap___aeabi_i2d+0x2c>)
10002282:	1b09      	subs	r1, r1, r4
10002284:	0509      	lsls	r1, r1, #20
10002286:	4319      	orrs	r1, r3
10002288:	4311      	orrs	r1, r2
1000228a:	bd10      	pop	{r4, pc}
1000228c:	20002634 	.word	0x20002634
10002290:	0000041f 	.word	0x0000041f

10002294 <__wrap___aeabi_d2iz>:
10002294:	b510      	push	{r4, lr}
10002296:	004c      	lsls	r4, r1, #1
10002298:	0d62      	lsrs	r2, r4, #21
1000229a:	2380      	movs	r3, #128	@ 0x80
1000229c:	18d2      	adds	r2, r2, r3
1000229e:	00db      	lsls	r3, r3, #3
100022a0:	1ad2      	subs	r2, r2, r3
100022a2:	055b      	lsls	r3, r3, #21
100022a4:	2a7e      	cmp	r2, #126	@ 0x7e
100022a6:	dd10      	ble.n	100022ca <__wrap___aeabi_d2iz+0x36>
100022a8:	3a9e      	subs	r2, #158	@ 0x9e
100022aa:	da13      	bge.n	100022d4 <__wrap___aeabi_d2iz+0x40>
100022ac:	17cc      	asrs	r4, r1, #31
100022ae:	0309      	lsls	r1, r1, #12
100022b0:	0849      	lsrs	r1, r1, #1
100022b2:	4319      	orrs	r1, r3
100022b4:	4252      	negs	r2, r2
100022b6:	40d1      	lsrs	r1, r2
100022b8:	0064      	lsls	r4, r4, #1
100022ba:	3401      	adds	r4, #1
100022bc:	3215      	adds	r2, #21
100022be:	2a20      	cmp	r2, #32
100022c0:	da05      	bge.n	100022ce <__wrap___aeabi_d2iz+0x3a>
100022c2:	40d0      	lsrs	r0, r2
100022c4:	4308      	orrs	r0, r1
100022c6:	4360      	muls	r0, r4
100022c8:	bd10      	pop	{r4, pc}
100022ca:	2000      	movs	r0, #0
100022cc:	bd10      	pop	{r4, pc}
100022ce:	4608      	mov	r0, r1
100022d0:	4360      	muls	r0, r4
100022d2:	bd10      	pop	{r4, pc}
100022d4:	0fc8      	lsrs	r0, r1, #31
100022d6:	18c0      	adds	r0, r0, r3
100022d8:	3801      	subs	r0, #1
100022da:	bd10      	pop	{r4, pc}

100022dc <__wrap___aeabi_d2uiz>:
100022dc:	b418      	push	{r3, r4}
100022de:	4b04      	ldr	r3, [pc, #16]	@ (100022f0 <__wrap___aeabi_d2uiz+0x14>)
100022e0:	6a5b      	ldr	r3, [r3, #36]	@ 0x24
100022e2:	46fc      	mov	ip, pc
100022e4:	9301      	str	r3, [sp, #4]
100022e6:	bd08      	pop	{r3, pc}
100022e8:	283ddf24 	.word	0x283ddf24
100022ec:	00001000 	.word	0x00001000
100022f0:	20001908 	.word	0x20001908

100022f4 <__aeabi_double_init>:
100022f4:	2313      	movs	r3, #19
100022f6:	b570      	push	{r4, r5, r6, lr}
100022f8:	781d      	ldrb	r5, [r3, #0]
100022fa:	2d01      	cmp	r5, #1
100022fc:	d019      	beq.n	10002332 <__aeabi_double_init+0x3e>
100022fe:	dd14      	ble.n	1000232a <__aeabi_double_init+0x36>
10002300:	481f      	ldr	r0, [pc, #124]	@ (10002380 <__aeabi_double_init+0x8c>)
10002302:	f7ff fb31 	bl	10001968 <rom_data_lookup>
10002306:	0006      	movs	r6, r0
10002308:	481e      	ldr	r0, [pc, #120]	@ (10002384 <__aeabi_double_init+0x90>)
1000230a:	f7ff fb2d 	bl	10001968 <rom_data_lookup>
1000230e:	4c1e      	ldr	r4, [pc, #120]	@ (10002388 <__aeabi_double_init+0x94>)
10002310:	2280      	movs	r2, #128	@ 0x80
10002312:	0031      	movs	r1, r6
10002314:	0020      	movs	r0, r4
10002316:	f000 fb61 	bl	100029dc <__wrap___aeabi_memcpy>
1000231a:	2d02      	cmp	r5, #2
1000231c:	d02d      	beq.n	1000237a <__aeabi_double_init+0x86>
1000231e:	481b      	ldr	r0, [pc, #108]	@ (1000238c <__aeabi_double_init+0x98>)
10002320:	f7ff fb1a 	bl	10001958 <rom_func_lookup>
10002324:	4b1a      	ldr	r3, [pc, #104]	@ (10002390 <__aeabi_double_init+0x9c>)
10002326:	6018      	str	r0, [r3, #0]
10002328:	bd70      	pop	{r4, r5, r6, pc}
1000232a:	4b1a      	ldr	r3, [pc, #104]	@ (10002394 <__aeabi_double_init+0xa0>)
1000232c:	4c16      	ldr	r4, [pc, #88]	@ (10002388 <__aeabi_double_init+0x94>)
1000232e:	64a3      	str	r3, [r4, #72]	@ 0x48
10002330:	e7f5      	b.n	1000231e <__aeabi_double_init+0x2a>
10002332:	4b18      	ldr	r3, [pc, #96]	@ (10002394 <__aeabi_double_init+0xa0>)
10002334:	4c14      	ldr	r4, [pc, #80]	@ (10002388 <__aeabi_double_init+0x94>)
10002336:	6023      	str	r3, [r4, #0]
10002338:	6063      	str	r3, [r4, #4]
1000233a:	60a3      	str	r3, [r4, #8]
1000233c:	60e3      	str	r3, [r4, #12]
1000233e:	6123      	str	r3, [r4, #16]
10002340:	6163      	str	r3, [r4, #20]
10002342:	61a3      	str	r3, [r4, #24]
10002344:	61e3      	str	r3, [r4, #28]
10002346:	6223      	str	r3, [r4, #32]
10002348:	6263      	str	r3, [r4, #36]	@ 0x24
1000234a:	62a3      	str	r3, [r4, #40]	@ 0x28
1000234c:	62e3      	str	r3, [r4, #44]	@ 0x2c
1000234e:	6323      	str	r3, [r4, #48]	@ 0x30
10002350:	6363      	str	r3, [r4, #52]	@ 0x34
10002352:	63a3      	str	r3, [r4, #56]	@ 0x38
10002354:	63e3      	str	r3, [r4, #60]	@ 0x3c
10002356:	6423      	str	r3, [r4, #64]	@ 0x40
10002358:	6463      	str	r3, [r4, #68]	@ 0x44
1000235a:	64a3      	str	r3, [r4, #72]	@ 0x48
1000235c:	64e3      	str	r3, [r4, #76]	@ 0x4c
1000235e:	6523      	str	r3, [r4, #80]	@ 0x50
10002360:	6563      	str	r3, [r4, #84]	@ 0x54
10002362:	65a3      	str	r3, [r4, #88]	@ 0x58
10002364:	65e3      	str	r3, [r4, #92]	@ 0x5c
10002366:	6623      	str	r3, [r4, #96]	@ 0x60
10002368:	6663      	str	r3, [r4, #100]	@ 0x64
1000236a:	66a3      	str	r3, [r4, #104]	@ 0x68
1000236c:	66e3      	str	r3, [r4, #108]	@ 0x6c
1000236e:	6723      	str	r3, [r4, #112]	@ 0x70
10002370:	6763      	str	r3, [r4, #116]	@ 0x74
10002372:	67a3      	str	r3, [r4, #120]	@ 0x78
10002374:	67e3      	str	r3, [r4, #124]	@ 0x7c
10002376:	64a3      	str	r3, [r4, #72]	@ 0x48
10002378:	e7d1      	b.n	1000231e <__aeabi_double_init+0x2a>
1000237a:	4b06      	ldr	r3, [pc, #24]	@ (10002394 <__aeabi_double_init+0xa0>)
1000237c:	64a3      	str	r3, [r4, #72]	@ 0x48
1000237e:	e7ce      	b.n	1000231e <__aeabi_double_init+0x2a>
10002380:	00004453 	.word	0x00004453
10002384:	00004653 	.word	0x00004653
10002388:	20001908 	.word	0x20001908
1000238c:	0000334c 	.word	0x0000334c
10002390:	20002634 	.word	0x20002634
10002394:	10002399 	.word	0x10002399

10002398 <double_table_shim_on_use_helper>:
10002398:	b507      	push	{r0, r1, r2, lr}
1000239a:	4660      	mov	r0, ip
1000239c:	8801      	ldrh	r1, [r0, #0]
1000239e:	0a0a      	lsrs	r2, r1, #8
100023a0:	3002      	adds	r0, #2
100023a2:	2adf      	cmp	r2, #223	@ 0xdf
100023a4:	d1fa      	bne.n	1000239c <double_table_shim_on_use_helper+0x4>
100023a6:	b2c9      	uxtb	r1, r1
100023a8:	0882      	lsrs	r2, r0, #2
100023aa:	d304      	bcc.n	100023b6 <double_table_shim_on_use_helper+0x1e>
100023ac:	8802      	ldrh	r2, [r0, #0]
100023ae:	8840      	ldrh	r0, [r0, #2]
100023b0:	0400      	lsls	r0, r0, #16
100023b2:	4310      	orrs	r0, r2
100023b4:	e000      	b.n	100023b8 <double_table_shim_on_use_helper+0x20>
100023b6:	6800      	ldr	r0, [r0, #0]
100023b8:	4a01      	ldr	r2, [pc, #4]	@ (100023c0 <double_table_shim_on_use_helper+0x28>)
100023ba:	5050      	str	r0, [r2, r1]
100023bc:	9003      	str	r0, [sp, #12]
100023be:	bd07      	pop	{r0, r1, r2, pc}
100023c0:	20001908 	.word	0x20001908

100023c4 <drsub_shim>:
100023c4:	b40f      	push	{r0, r1, r2, r3}
100023c6:	bc03      	pop	{r0, r1}
100023c8:	bc0c      	pop	{r2, r3}

100023ca <dsub_shim>:
100023ca:	b5f0      	push	{r4, r5, r6, r7, lr}
100023cc:	2401      	movs	r4, #1
100023ce:	07e4      	lsls	r4, r4, #31
100023d0:	4063      	eors	r3, r4
100023d2:	e000      	b.n	100023d6 <da_entry>

100023d4 <dadd_shim>:
100023d4:	b5f0      	push	{r4, r5, r6, r7, lr}

100023d6 <da_entry>:
100023d6:	0d0c      	lsrs	r4, r1, #20
100023d8:	0fcf      	lsrs	r7, r1, #31
100023da:	1e66      	subs	r6, r4, #1
100023dc:	0536      	lsls	r6, r6, #20
100023de:	1b89      	subs	r1, r1, r6
100023e0:	0564      	lsls	r4, r4, #21
100023e2:	d303      	bcc.n	100023ec <l8_1>
100023e4:	43c9      	mvns	r1, r1
100023e6:	4240      	negs	r0, r0
100023e8:	d300      	bcc.n	100023ec <l8_1>
100023ea:	3101      	adds	r1, #1

100023ec <l8_1>:
100023ec:	0d64      	lsrs	r4, r4, #21
100023ee:	d003      	beq.n	100023f8 <l8_2>
100023f0:	1c66      	adds	r6, r4, #1
100023f2:	0af6      	lsrs	r6, r6, #11
100023f4:	d007      	beq.n	10002406 <l8_3>
100023f6:	1be4      	subs	r4, r4, r7

100023f8 <l8_2>:
100023f8:	2000      	movs	r0, #0
100023fa:	007f      	lsls	r7, r7, #1
100023fc:	1c79      	adds	r1, r7, #1
100023fe:	0789      	lsls	r1, r1, #30
10002400:	1289      	asrs	r1, r1, #10
10002402:	3c80      	subs	r4, #128	@ 0x80
10002404:	0324      	lsls	r4, r4, #12

10002406 <l8_3>:
10002406:	0d1d      	lsrs	r5, r3, #20
10002408:	0fdf      	lsrs	r7, r3, #31
1000240a:	1e6e      	subs	r6, r5, #1
1000240c:	0536      	lsls	r6, r6, #20
1000240e:	1b9b      	subs	r3, r3, r6
10002410:	056d      	lsls	r5, r5, #21
10002412:	d303      	bcc.n	1000241c <l9_1>
10002414:	43db      	mvns	r3, r3
10002416:	4252      	negs	r2, r2
10002418:	d300      	bcc.n	1000241c <l9_1>
1000241a:	3301      	adds	r3, #1

1000241c <l9_1>:
1000241c:	0d6d      	lsrs	r5, r5, #21
1000241e:	d003      	beq.n	10002428 <l9_2>
10002420:	1c6e      	adds	r6, r5, #1
10002422:	0af6      	lsrs	r6, r6, #11
10002424:	d007      	beq.n	10002436 <l9_3>
10002426:	1bed      	subs	r5, r5, r7

10002428 <l9_2>:
10002428:	2200      	movs	r2, #0
1000242a:	007f      	lsls	r7, r7, #1
1000242c:	1c7b      	adds	r3, r7, #1
1000242e:	079b      	lsls	r3, r3, #30
10002430:	129b      	asrs	r3, r3, #10
10002432:	3d80      	subs	r5, #128	@ 0x80
10002434:	032d      	lsls	r5, r5, #12

10002436 <l9_3>:
10002436:	1b2f      	subs	r7, r5, r4
10002438:	1b66      	subs	r6, r4, r5
1000243a:	d458      	bmi.n	100024ee <da_ygtx>
1000243c:	46a4      	mov	ip, r4
1000243e:	2e20      	cmp	r6, #32
10002440:	da46      	bge.n	100024d0 <da_xrgty>
10002442:	3720      	adds	r7, #32
10002444:	0014      	movs	r4, r2
10002446:	40bc      	lsls	r4, r7

10002448 <da_xgty0>:
10002448:	001d      	movs	r5, r3
1000244a:	40bd      	lsls	r5, r7
1000244c:	40f2      	lsrs	r2, r6
1000244e:	4133      	asrs	r3, r6
10002450:	432a      	orrs	r2, r5

10002452 <da_add>:
10002452:	1880      	adds	r0, r0, r2
10002454:	4159      	adcs	r1, r3

10002456 <da_pack>:
10002456:	0fcb      	lsrs	r3, r1, #31
10002458:	d005      	beq.n	10002466 <da_pack+0x10>
1000245a:	43c9      	mvns	r1, r1
1000245c:	43c0      	mvns	r0, r0
1000245e:	2200      	movs	r2, #0
10002460:	4264      	negs	r4, r4
10002462:	4150      	adcs	r0, r2
10002464:	4151      	adcs	r1, r2
10002466:	4662      	mov	r2, ip
10002468:	0d4d      	lsrs	r5, r1, #21
1000246a:	d128      	bne.n	100024be <da_0>
1000246c:	0d0d      	lsrs	r5, r1, #20
1000246e:	d107      	bne.n	10002480 <da_1>
10002470:	2800      	cmp	r0, #0
10002472:	d01f      	beq.n	100024b4 <da_5>

10002474 <da_2>:
10002474:	1924      	adds	r4, r4, r4
10002476:	4140      	adcs	r0, r0
10002478:	4149      	adcs	r1, r1
1000247a:	3a01      	subs	r2, #1
1000247c:	0d0d      	lsrs	r5, r1, #20
1000247e:	d0f9      	beq.n	10002474 <da_2>

10002480 <da_1>:
10002480:	0064      	lsls	r4, r4, #1
10002482:	d306      	bcc.n	10002492 <da_3>

10002484 <da_4>:
10002484:	3001      	adds	r0, #1
10002486:	d300      	bcc.n	1000248a <da_4+0x6>
10002488:	3101      	adds	r1, #1
1000248a:	2c00      	cmp	r4, #0
1000248c:	d101      	bne.n	10002492 <da_3>
1000248e:	0840      	lsrs	r0, r0, #1
10002490:	0040      	lsls	r0, r0, #1

10002492 <da_3>:
10002492:	3a01      	subs	r2, #1
10002494:	d40b      	bmi.n	100024ae <da_6>
10002496:	1c94      	adds	r4, r2, #2
10002498:	0ae4      	lsrs	r4, r4, #11
1000249a:	d104      	bne.n	100024a6 <da_7>
1000249c:	0512      	lsls	r2, r2, #20
1000249e:	4411      	add	r1, r2
100024a0:	07db      	lsls	r3, r3, #31
100024a2:	4419      	add	r1, r3
100024a4:	bdf0      	pop	{r4, r5, r6, r7, pc}

100024a6 <da_7>:
100024a6:	07d9      	lsls	r1, r3, #31
100024a8:	4b20      	ldr	r3, [pc, #128]	@ (1000252c <da_xmgty+0x4>)
100024aa:	4319      	orrs	r1, r3
100024ac:	e000      	b.n	100024b0 <da_6+0x2>

100024ae <da_6>:
100024ae:	07d9      	lsls	r1, r3, #31
100024b0:	2000      	movs	r0, #0
100024b2:	bdf0      	pop	{r4, r5, r6, r7, pc}

100024b4 <da_5>:
100024b4:	2900      	cmp	r1, #0
100024b6:	d1dd      	bne.n	10002474 <da_2>
100024b8:	2c00      	cmp	r4, #0
100024ba:	d1db      	bne.n	10002474 <da_2>
100024bc:	bdf0      	pop	{r4, r5, r6, r7, pc}

100024be <da_0>:
100024be:	3201      	adds	r2, #1
100024c0:	07c6      	lsls	r6, r0, #31
100024c2:	0840      	lsrs	r0, r0, #1
100024c4:	07cd      	lsls	r5, r1, #31
100024c6:	4328      	orrs	r0, r5
100024c8:	0849      	lsrs	r1, r1, #1
100024ca:	2e00      	cmp	r6, #0
100024cc:	d0e1      	beq.n	10002492 <da_3>
100024ce:	e7d9      	b.n	10002484 <da_4>

100024d0 <da_xrgty>:
100024d0:	2e3c      	cmp	r6, #60	@ 0x3c
100024d2:	da29      	bge.n	10002528 <da_xmgty>
100024d4:	3e20      	subs	r6, #32
100024d6:	3740      	adds	r7, #64	@ 0x40
100024d8:	0014      	movs	r4, r2
100024da:	40bc      	lsls	r4, r7
100024dc:	d000      	beq.n	100024e0 <da_xrgty+0x10>
100024de:	2401      	movs	r4, #1
100024e0:	40f2      	lsrs	r2, r6
100024e2:	4314      	orrs	r4, r2
100024e4:	001a      	movs	r2, r3
100024e6:	40bb      	lsls	r3, r7
100024e8:	431c      	orrs	r4, r3
100024ea:	17d3      	asrs	r3, r2, #31
100024ec:	e7ac      	b.n	10002448 <da_xgty0>

100024ee <da_ygtx>:
100024ee:	46ac      	mov	ip, r5
100024f0:	2f20      	cmp	r7, #32
100024f2:	da08      	bge.n	10002506 <da_yrgtx>
100024f4:	3620      	adds	r6, #32
100024f6:	0004      	movs	r4, r0
100024f8:	40b4      	lsls	r4, r6

100024fa <da_ygtx0>:
100024fa:	000d      	movs	r5, r1
100024fc:	40b5      	lsls	r5, r6
100024fe:	40f8      	lsrs	r0, r7
10002500:	4139      	asrs	r1, r7
10002502:	4328      	orrs	r0, r5
10002504:	e7a5      	b.n	10002452 <da_add>

10002506 <da_yrgtx>:
10002506:	2f3c      	cmp	r7, #60	@ 0x3c
10002508:	da0c      	bge.n	10002524 <da_ymgtx>
1000250a:	3f20      	subs	r7, #32
1000250c:	3640      	adds	r6, #64	@ 0x40
1000250e:	0004      	movs	r4, r0
10002510:	40b4      	lsls	r4, r6
10002512:	d000      	beq.n	10002516 <da_yrgtx+0x10>
10002514:	2401      	movs	r4, #1
10002516:	40f8      	lsrs	r0, r7
10002518:	4304      	orrs	r4, r0
1000251a:	0008      	movs	r0, r1
1000251c:	40b1      	lsls	r1, r6
1000251e:	430c      	orrs	r4, r1
10002520:	17c1      	asrs	r1, r0, #31
10002522:	e7ea      	b.n	100024fa <da_ygtx0>

10002524 <da_ymgtx>:
10002524:	0010      	movs	r0, r2
10002526:	0019      	movs	r1, r3

10002528 <da_xmgty>:
10002528:	2400      	movs	r4, #0
1000252a:	e794      	b.n	10002456 <da_pack>
1000252c:	7ff00000 	.word	0x7ff00000

10002530 <dmul_shim>:
10002530:	b5f0      	push	{r4, r5, r6, r7, lr}
10002532:	0d0c      	lsrs	r4, r1, #20
10002534:	1e66      	subs	r6, r4, #1
10002536:	0536      	lsls	r6, r6, #20
10002538:	1b89      	subs	r1, r1, r6
1000253a:	0ae6      	lsrs	r6, r4, #11
1000253c:	0564      	lsls	r4, r4, #21
1000253e:	0d64      	lsrs	r4, r4, #21
10002540:	d002      	beq.n	10002548 <l12_1>
10002542:	1c65      	adds	r5, r4, #1
10002544:	0aed      	lsrs	r5, r5, #11
10002546:	d004      	beq.n	10002552 <l12_2>

10002548 <l12_1>:
10002548:	2000      	movs	r0, #0
1000254a:	2101      	movs	r1, #1
1000254c:	0509      	lsls	r1, r1, #20
1000254e:	3c80      	subs	r4, #128	@ 0x80
10002550:	0324      	lsls	r4, r4, #12

10002552 <l12_2>:
10002552:	46a4      	mov	ip, r4
10002554:	0d1c      	lsrs	r4, r3, #20
10002556:	1e67      	subs	r7, r4, #1
10002558:	053f      	lsls	r7, r7, #20
1000255a:	1bdb      	subs	r3, r3, r7
1000255c:	0ae7      	lsrs	r7, r4, #11
1000255e:	0564      	lsls	r4, r4, #21
10002560:	0d64      	lsrs	r4, r4, #21
10002562:	d002      	beq.n	1000256a <l13_1>
10002564:	1c65      	adds	r5, r4, #1
10002566:	0aed      	lsrs	r5, r5, #11
10002568:	d004      	beq.n	10002574 <l13_2>

1000256a <l13_1>:
1000256a:	2200      	movs	r2, #0
1000256c:	2301      	movs	r3, #1
1000256e:	051b      	lsls	r3, r3, #20
10002570:	3c80      	subs	r4, #128	@ 0x80
10002572:	0324      	lsls	r4, r4, #12

10002574 <l13_2>:
10002574:	4077      	eors	r7, r6
10002576:	4464      	add	r4, ip
10002578:	b497      	push	{r0, r1, r2, r4, r7}
1000257a:	b284      	uxth	r4, r0
1000257c:	b296      	uxth	r6, r2
1000257e:	4374      	muls	r4, r6
10002580:	0c07      	lsrs	r7, r0, #16
10002582:	437e      	muls	r6, r7
10002584:	0c15      	lsrs	r5, r2, #16
10002586:	436f      	muls	r7, r5
10002588:	b280      	uxth	r0, r0
1000258a:	4368      	muls	r0, r5
1000258c:	1836      	adds	r6, r6, r0
1000258e:	d302      	bcc.n	10002596 <l14_1>
10002590:	2001      	movs	r0, #1
10002592:	0400      	lsls	r0, r0, #16
10002594:	183f      	adds	r7, r7, r0

10002596 <l14_1>:
10002596:	0430      	lsls	r0, r6, #16
10002598:	0c35      	lsrs	r5, r6, #16
1000259a:	1900      	adds	r0, r0, r4
1000259c:	417d      	adcs	r5, r7
1000259e:	4684      	mov	ip, r0
100025a0:	b288      	uxth	r0, r1
100025a2:	b29a      	uxth	r2, r3
100025a4:	4350      	muls	r0, r2
100025a6:	0c0c      	lsrs	r4, r1, #16
100025a8:	4362      	muls	r2, r4
100025aa:	0c1f      	lsrs	r7, r3, #16
100025ac:	437c      	muls	r4, r7
100025ae:	b28e      	uxth	r6, r1
100025b0:	437e      	muls	r6, r7
100025b2:	1992      	adds	r2, r2, r6
100025b4:	d302      	bcc.n	100025bc <l15_1>
100025b6:	2601      	movs	r6, #1
100025b8:	0436      	lsls	r6, r6, #16
100025ba:	19a4      	adds	r4, r4, r6

100025bc <l15_1>:
100025bc:	0416      	lsls	r6, r2, #16
100025be:	0c17      	lsrs	r7, r2, #16
100025c0:	1836      	adds	r6, r6, r0
100025c2:	4167      	adcs	r7, r4
100025c4:	bc01      	pop	{r0}
100025c6:	b281      	uxth	r1, r0
100025c8:	b29a      	uxth	r2, r3
100025ca:	4351      	muls	r1, r2
100025cc:	0c04      	lsrs	r4, r0, #16
100025ce:	4362      	muls	r2, r4
100025d0:	0c1b      	lsrs	r3, r3, #16
100025d2:	435c      	muls	r4, r3
100025d4:	b280      	uxth	r0, r0
100025d6:	4358      	muls	r0, r3
100025d8:	1812      	adds	r2, r2, r0
100025da:	d302      	bcc.n	100025e2 <l16_1>
100025dc:	2001      	movs	r0, #1
100025de:	0400      	lsls	r0, r0, #16
100025e0:	1824      	adds	r4, r4, r0

100025e2 <l16_1>:
100025e2:	0410      	lsls	r0, r2, #16
100025e4:	0c13      	lsrs	r3, r2, #16
100025e6:	1840      	adds	r0, r0, r1
100025e8:	4163      	adcs	r3, r4
100025ea:	182d      	adds	r5, r5, r0
100025ec:	415e      	adcs	r6, r3
100025ee:	2000      	movs	r0, #0
100025f0:	4147      	adcs	r7, r0
100025f2:	bc06      	pop	{r1, r2}
100025f4:	b288      	uxth	r0, r1
100025f6:	b293      	uxth	r3, r2
100025f8:	4358      	muls	r0, r3
100025fa:	0c0c      	lsrs	r4, r1, #16
100025fc:	4363      	muls	r3, r4
100025fe:	0c12      	lsrs	r2, r2, #16
10002600:	4354      	muls	r4, r2
10002602:	b289      	uxth	r1, r1
10002604:	4351      	muls	r1, r2
10002606:	185b      	adds	r3, r3, r1
10002608:	d302      	bcc.n	10002610 <l17_1>
1000260a:	2101      	movs	r1, #1
1000260c:	0409      	lsls	r1, r1, #16
1000260e:	1864      	adds	r4, r4, r1

10002610 <l17_1>:
10002610:	0419      	lsls	r1, r3, #16
10002612:	0c1a      	lsrs	r2, r3, #16
10002614:	1809      	adds	r1, r1, r0
10002616:	4162      	adcs	r2, r4
10002618:	186d      	adds	r5, r5, r1
1000261a:	4156      	adcs	r6, r2
1000261c:	2000      	movs	r0, #0
1000261e:	4147      	adcs	r7, r0
10002620:	bc18      	pop	{r3, r4}
10002622:	02f9      	lsls	r1, r7, #11
10002624:	0d72      	lsrs	r2, r6, #21
10002626:	4311      	orrs	r1, r2
10002628:	02f0      	lsls	r0, r6, #11
1000262a:	0d6a      	lsrs	r2, r5, #21
1000262c:	4310      	orrs	r0, r2
1000262e:	02ed      	lsls	r5, r5, #11
10002630:	0d0a      	lsrs	r2, r1, #20
10002632:	d103      	bne.n	1000263c <l17_1+0x2c>
10002634:	196d      	adds	r5, r5, r5
10002636:	4140      	adcs	r0, r0
10002638:	4149      	adcs	r1, r1
1000263a:	3b01      	subs	r3, #1
1000263c:	4e12      	ldr	r6, [pc, #72]	@ (10002688 <dm_1+0xa>)
1000263e:	1b9b      	subs	r3, r3, r6
10002640:	0076      	lsls	r6, r6, #1
10002642:	42b3      	cmp	r3, r6
10002644:	d20e      	bcs.n	10002664 <dm_0>
10002646:	006d      	lsls	r5, r5, #1
10002648:	d307      	bcc.n	1000265a <l17_1+0x4a>
1000264a:	3001      	adds	r0, #1
1000264c:	2600      	movs	r6, #0
1000264e:	4171      	adcs	r1, r6
10002650:	4666      	mov	r6, ip
10002652:	4335      	orrs	r5, r6
10002654:	d101      	bne.n	1000265a <l17_1+0x4a>
10002656:	0840      	lsrs	r0, r0, #1
10002658:	0040      	lsls	r0, r0, #1
1000265a:	051b      	lsls	r3, r3, #20
1000265c:	18c9      	adds	r1, r1, r3

1000265e <dm_2>:
1000265e:	07e4      	lsls	r4, r4, #31
10002660:	4421      	add	r1, r4
10002662:	bdf0      	pop	{r4, r5, r6, r7, pc}

10002664 <dm_0>:
10002664:	da0b      	bge.n	1000267e <dm_1>
10002666:	3301      	adds	r3, #1
10002668:	d106      	bne.n	10002678 <dm_0+0x14>
1000266a:	3001      	adds	r0, #1
1000266c:	d104      	bne.n	10002678 <dm_0+0x14>
1000266e:	3101      	adds	r1, #1
10002670:	0d4f      	lsrs	r7, r1, #21
10002672:	d001      	beq.n	10002678 <dm_0+0x14>
10002674:	0849      	lsrs	r1, r1, #1
10002676:	e7f2      	b.n	1000265e <dm_2>
10002678:	07e1      	lsls	r1, r4, #31
1000267a:	2000      	movs	r0, #0
1000267c:	bdf0      	pop	{r4, r5, r6, r7, pc}

1000267e <dm_1>:
1000267e:	3601      	adds	r6, #1
10002680:	0531      	lsls	r1, r6, #20
10002682:	2000      	movs	r0, #0
10002684:	e7eb      	b.n	1000265e <dm_2>
10002686:	0000      	.short	0x0000
10002688:	000003ff 	.word	0x000003ff

1000268c <ddiv_shim>:
1000268c:	b5f0      	push	{r4, r5, r6, r7, lr}

1000268e <ddiv0>:
1000268e:	0d1c      	lsrs	r4, r3, #20
10002690:	1e67      	subs	r7, r4, #1
10002692:	053f      	lsls	r7, r7, #20
10002694:	1bdb      	subs	r3, r3, r7
10002696:	0ae7      	lsrs	r7, r4, #11
10002698:	0564      	lsls	r4, r4, #21
1000269a:	0d64      	lsrs	r4, r4, #21
1000269c:	d002      	beq.n	100026a4 <l20_1>
1000269e:	1c66      	adds	r6, r4, #1
100026a0:	0af6      	lsrs	r6, r6, #11
100026a2:	d004      	beq.n	100026ae <l20_2>

100026a4 <l20_1>:
100026a4:	2200      	movs	r2, #0
100026a6:	2301      	movs	r3, #1
100026a8:	051b      	lsls	r3, r3, #20
100026aa:	3c80      	subs	r4, #128	@ 0x80
100026ac:	0324      	lsls	r4, r4, #12

100026ae <l20_2>:
100026ae:	25d0      	movs	r5, #208	@ 0xd0
100026b0:	062d      	lsls	r5, r5, #24
100026b2:	2600      	movs	r6, #0
100026b4:	43f6      	mvns	r6, r6
100026b6:	662e      	str	r6, [r5, #96]	@ 0x60
100026b8:	091e      	lsrs	r6, r3, #4
100026ba:	666e      	str	r6, [r5, #100]	@ 0x64
100026bc:	0fce      	lsrs	r6, r1, #31
100026be:	19f6      	adds	r6, r6, r7
100026c0:	46b4      	mov	ip, r6
100026c2:	0049      	lsls	r1, r1, #1
100026c4:	0d4f      	lsrs	r7, r1, #21
100026c6:	d002      	beq.n	100026ce <l20_2+0x20>
100026c8:	1c7e      	adds	r6, r7, #1
100026ca:	0af6      	lsrs	r6, r6, #11
100026cc:	d003      	beq.n	100026d6 <l20_2+0x28>
100026ce:	2000      	movs	r0, #0
100026d0:	2100      	movs	r1, #0
100026d2:	3f40      	subs	r7, #64	@ 0x40
100026d4:	033f      	lsls	r7, r7, #12
100026d6:	1b3e      	subs	r6, r7, r4
100026d8:	00b6      	lsls	r6, r6, #2
100026da:	44b4      	add	ip, r6
100026dc:	3f01      	subs	r7, #1
100026de:	057f      	lsls	r7, r7, #21
100026e0:	1bc9      	subs	r1, r1, r7
100026e2:	0849      	lsrs	r1, r1, #1
100026e4:	6f2e      	ldr	r6, [r5, #112]	@ 0x70
100026e6:	3601      	adds	r6, #1
100026e8:	0876      	lsrs	r6, r6, #1
100026ea:	029c      	lsls	r4, r3, #10
100026ec:	0d95      	lsrs	r5, r2, #22
100026ee:	4325      	orrs	r5, r4
100026f0:	4375      	muls	r5, r6
100026f2:	13ed      	asrs	r5, r5, #15
100026f4:	4375      	muls	r5, r6
100026f6:	13ad      	asrs	r5, r5, #14
100026f8:	3501      	adds	r5, #1
100026fa:	106d      	asrs	r5, r5, #1
100026fc:	03f6      	lsls	r6, r6, #15
100026fe:	1b76      	subs	r6, r6, r5
10002700:	b40c      	push	{r2, r3}
10002702:	02cc      	lsls	r4, r1, #11
10002704:	0d45      	lsrs	r5, r0, #21
10002706:	432c      	orrs	r4, r5
10002708:	b2a2      	uxth	r2, r4
1000270a:	b2b3      	uxth	r3, r6
1000270c:	435a      	muls	r2, r3
1000270e:	0c27      	lsrs	r7, r4, #16
10002710:	437b      	muls	r3, r7
10002712:	0c35      	lsrs	r5, r6, #16
10002714:	436f      	muls	r7, r5
10002716:	b2a4      	uxth	r4, r4
10002718:	436c      	muls	r4, r5
1000271a:	191b      	adds	r3, r3, r4
1000271c:	d302      	bcc.n	10002724 <l21_1>
1000271e:	2401      	movs	r4, #1
10002720:	0424      	lsls	r4, r4, #16
10002722:	193f      	adds	r7, r7, r4

10002724 <l21_1>:
10002724:	041c      	lsls	r4, r3, #16
10002726:	0c1d      	lsrs	r5, r3, #16
10002728:	18a4      	adds	r4, r4, r2
1000272a:	417d      	adcs	r5, r7
1000272c:	1924      	adds	r4, r4, r4
1000272e:	416d      	adcs	r5, r5
10002730:	9a00      	ldr	r2, [sp, #0]
10002732:	b291      	uxth	r1, r2
10002734:	b2ac      	uxth	r4, r5
10002736:	4361      	muls	r1, r4
10002738:	0c17      	lsrs	r7, r2, #16
1000273a:	437c      	muls	r4, r7
1000273c:	0c2b      	lsrs	r3, r5, #16
1000273e:	435f      	muls	r7, r3
10002740:	b292      	uxth	r2, r2
10002742:	435a      	muls	r2, r3
10002744:	18a4      	adds	r4, r4, r2
10002746:	d302      	bcc.n	1000274e <l22_1>
10002748:	2201      	movs	r2, #1
1000274a:	0412      	lsls	r2, r2, #16
1000274c:	18bf      	adds	r7, r7, r2

1000274e <l22_1>:
1000274e:	0422      	lsls	r2, r4, #16
10002750:	0c23      	lsrs	r3, r4, #16
10002752:	1852      	adds	r2, r2, r1
10002754:	417b      	adcs	r3, r7
10002756:	9c01      	ldr	r4, [sp, #4]
10002758:	436c      	muls	r4, r5
1000275a:	191b      	adds	r3, r3, r4
1000275c:	0e52      	lsrs	r2, r2, #25
1000275e:	01d9      	lsls	r1, r3, #7
10002760:	430a      	orrs	r2, r1
10002762:	0144      	lsls	r4, r0, #5
10002764:	1aa0      	subs	r0, r4, r2
10002766:	b281      	uxth	r1, r0
10002768:	b2b2      	uxth	r2, r6
1000276a:	4351      	muls	r1, r2
1000276c:	1403      	asrs	r3, r0, #16
1000276e:	435a      	muls	r2, r3
10002770:	0c36      	lsrs	r6, r6, #16
10002772:	4373      	muls	r3, r6
10002774:	b287      	uxth	r7, r0
10002776:	4377      	muls	r7, r6
10002778:	17d6      	asrs	r6, r2, #31
1000277a:	19d2      	adds	r2, r2, r7
1000277c:	2700      	movs	r7, #0
1000277e:	417e      	adcs	r6, r7
10002780:	0436      	lsls	r6, r6, #16
10002782:	199b      	adds	r3, r3, r6
10002784:	0417      	lsls	r7, r2, #16
10002786:	0c16      	lsrs	r6, r2, #16
10002788:	187f      	adds	r7, r7, r1
1000278a:	415e      	adcs	r6, r3
1000278c:	1673      	asrs	r3, r6, #25
1000278e:	18ed      	adds	r5, r5, r3
10002790:	01f3      	lsls	r3, r6, #7
10002792:	2600      	movs	r6, #0
10002794:	3380      	adds	r3, #128	@ 0x80
10002796:	4175      	adcs	r5, r6
10002798:	0fa9      	lsrs	r1, r5, #30
1000279a:	d106      	bne.n	100027aa <dd_0>
1000279c:	0064      	lsls	r4, r4, #1
1000279e:	0a69      	lsrs	r1, r5, #9
100027a0:	05e8      	lsls	r0, r5, #23
100027a2:	0a5b      	lsrs	r3, r3, #9
100027a4:	4318      	orrs	r0, r3
100027a6:	d209      	bcs.n	100027bc <dd_1>
100027a8:	e02f      	b.n	1000280a <dd_2>

100027aa <dd_0>:
100027aa:	2204      	movs	r2, #4
100027ac:	4494      	add	ip, r2
100027ae:	3380      	adds	r3, #128	@ 0x80
100027b0:	4175      	adcs	r5, r6
100027b2:	0aa9      	lsrs	r1, r5, #10
100027b4:	05a8      	lsls	r0, r5, #22
100027b6:	0a9b      	lsrs	r3, r3, #10
100027b8:	4318      	orrs	r0, r3
100027ba:	d326      	bcc.n	1000280a <dd_2>

100027bc <dd_1>:
100027bc:	4140      	adcs	r0, r0
100027be:	4149      	adcs	r1, r1
100027c0:	0424      	lsls	r4, r4, #16
100027c2:	9a00      	ldr	r2, [sp, #0]
100027c4:	9b01      	ldr	r3, [sp, #4]
100027c6:	000d      	movs	r5, r1
100027c8:	4355      	muls	r5, r2
100027ca:	1b64      	subs	r4, r4, r5
100027cc:	4343      	muls	r3, r0
100027ce:	1ae4      	subs	r4, r4, r3
100027d0:	b295      	uxth	r5, r2
100027d2:	b286      	uxth	r6, r0
100027d4:	4375      	muls	r5, r6
100027d6:	0c17      	lsrs	r7, r2, #16
100027d8:	437e      	muls	r6, r7
100027da:	0c03      	lsrs	r3, r0, #16
100027dc:	435f      	muls	r7, r3
100027de:	b292      	uxth	r2, r2
100027e0:	435a      	muls	r2, r3
100027e2:	18b6      	adds	r6, r6, r2
100027e4:	d302      	bcc.n	100027ec <l24_1>
100027e6:	2201      	movs	r2, #1
100027e8:	0412      	lsls	r2, r2, #16
100027ea:	18bf      	adds	r7, r7, r2

100027ec <l24_1>:
100027ec:	0432      	lsls	r2, r6, #16
100027ee:	0c33      	lsrs	r3, r6, #16
100027f0:	1952      	adds	r2, r2, r5
100027f2:	417b      	adcs	r3, r7
100027f4:	4252      	negs	r2, r2
100027f6:	419c      	sbcs	r4, r3
100027f8:	2c00      	cmp	r4, #0
100027fa:	d402      	bmi.n	10002802 <l24_1+0x16>
100027fc:	2200      	movs	r2, #0
100027fe:	3001      	adds	r0, #1
10002800:	4151      	adcs	r1, r2
10002802:	0840      	lsrs	r0, r0, #1
10002804:	07ca      	lsls	r2, r1, #31
10002806:	4310      	orrs	r0, r2
10002808:	0849      	lsrs	r1, r1, #1

1000280a <dd_2>:
1000280a:	b002      	add	sp, #8
1000280c:	4662      	mov	r2, ip
1000280e:	07d7      	lsls	r7, r2, #31
10002810:	1092      	asrs	r2, r2, #2
10002812:	4b08      	ldr	r3, [pc, #32]	@ (10002834 <dd_4+0x6>)
10002814:	18d2      	adds	r2, r2, r3
10002816:	4b08      	ldr	r3, [pc, #32]	@ (10002838 <dd_4+0xa>)
10002818:	429a      	cmp	r2, r3
1000281a:	d203      	bcs.n	10002824 <dd_3>
1000281c:	0512      	lsls	r2, r2, #20
1000281e:	1889      	adds	r1, r1, r2

10002820 <dd_5>:
10002820:	19c9      	adds	r1, r1, r7
10002822:	bdf0      	pop	{r4, r5, r6, r7, pc}

10002824 <dd_3>:
10002824:	2000      	movs	r0, #0
10002826:	2a00      	cmp	r2, #0
10002828:	dc01      	bgt.n	1000282e <dd_4>
1000282a:	0039      	movs	r1, r7
1000282c:	bdf0      	pop	{r4, r5, r6, r7, pc}

1000282e <dd_4>:
1000282e:	3301      	adds	r3, #1
10002830:	0519      	lsls	r1, r3, #20
10002832:	e7f5      	b.n	10002820 <dd_5>
10002834:	000003fd 	.word	0x000003fd
10002838:	000007fe 	.word	0x000007fe

1000283c <double2uint_shim>:
1000283c:	2200      	movs	r2, #0

1000283e <double2ufix_shim>:
1000283e:	b500      	push	{lr}
10002840:	3220      	adds	r2, #32
10002842:	f000 f804 	bl	1000284e <double2ufix64_shim>
10002846:	0008      	movs	r0, r1
10002848:	bd00      	pop	{pc}
	...

1000284c <double2uint64_shim>:
1000284c:	2200      	movs	r2, #0

1000284e <double2ufix64_shim>:
1000284e:	150b      	asrs	r3, r1, #20
10002850:	d40a      	bmi.n	10002868 <ret_dzero>

10002852 <d2fix>:
10002852:	b510      	push	{r4, lr}
10002854:	4694      	mov	ip, r2
10002856:	f000 f831 	bl	100028bc <dunpacks>
1000285a:	1414      	asrs	r4, r2, #16
1000285c:	3401      	adds	r4, #1
1000285e:	da00      	bge.n	10002862 <d2fix+0x10>
10002860:	2100      	movs	r1, #0
10002862:	17cb      	asrs	r3, r1, #31
10002864:	4c14      	ldr	r4, [pc, #80]	@ (100028b8 <d2fix_a+0x4a>)
10002866:	4720      	bx	r4

10002868 <ret_dzero>:
10002868:	2000      	movs	r0, #0
1000286a:	2100      	movs	r1, #0
1000286c:	4770      	bx	lr

1000286e <d2fix_a>:
1000286e:	4462      	add	r2, ip
10002870:	3a34      	subs	r2, #52	@ 0x34
10002872:	d40c      	bmi.n	1000288e <d2fix_a+0x20>
10002874:	2a0c      	cmp	r2, #12
10002876:	da07      	bge.n	10002888 <d2fix_a+0x1a>
10002878:	0004      	movs	r4, r0
1000287a:	4091      	lsls	r1, r2
1000287c:	4090      	lsls	r0, r2
1000287e:	4252      	negs	r2, r2
10002880:	3220      	adds	r2, #32
10002882:	40d4      	lsrs	r4, r2
10002884:	4321      	orrs	r1, r4
10002886:	bd10      	pop	{r4, pc}
10002888:	43d8      	mvns	r0, r3
1000288a:	43d9      	mvns	r1, r3
1000288c:	bd10      	pop	{r4, pc}
1000288e:	3220      	adds	r2, #32
10002890:	d407      	bmi.n	100028a2 <d2fix_a+0x34>
10002892:	460c      	mov	r4, r1
10002894:	4094      	lsls	r4, r2
10002896:	4252      	negs	r2, r2
10002898:	3220      	adds	r2, #32
1000289a:	4111      	asrs	r1, r2
1000289c:	40d0      	lsrs	r0, r2
1000289e:	4320      	orrs	r0, r4
100028a0:	bd10      	pop	{r4, pc}
100028a2:	0008      	movs	r0, r1
100028a4:	17c9      	asrs	r1, r1, #31
100028a6:	3220      	adds	r2, #32
100028a8:	d403      	bmi.n	100028b2 <d2fix_a+0x44>
100028aa:	4252      	negs	r2, r2
100028ac:	3220      	adds	r2, #32
100028ae:	4110      	asrs	r0, r2
100028b0:	bd10      	pop	{r4, pc}
100028b2:	0018      	movs	r0, r3
100028b4:	0019      	movs	r1, r3
100028b6:	bd10      	pop	{r4, pc}
100028b8:	1000286f 	.word	0x1000286f

100028bc <dunpacks>:
100028bc:	0d0a      	lsrs	r2, r1, #20
100028be:	0fcc      	lsrs	r4, r1, #31
100028c0:	1e53      	subs	r3, r2, #1
100028c2:	051b      	lsls	r3, r3, #20
100028c4:	1ac9      	subs	r1, r1, r3
100028c6:	0552      	lsls	r2, r2, #21
100028c8:	d303      	bcc.n	100028d2 <l60_1>
100028ca:	43c9      	mvns	r1, r1
100028cc:	4240      	negs	r0, r0
100028ce:	d300      	bcc.n	100028d2 <l60_1>
100028d0:	3101      	adds	r1, #1

100028d2 <l60_1>:
100028d2:	0d52      	lsrs	r2, r2, #21
100028d4:	d003      	beq.n	100028de <l60_2>
100028d6:	1c53      	adds	r3, r2, #1
100028d8:	0adb      	lsrs	r3, r3, #11
100028da:	d007      	beq.n	100028ec <l60_3>
100028dc:	1b12      	subs	r2, r2, r4

100028de <l60_2>:
100028de:	2000      	movs	r0, #0
100028e0:	0064      	lsls	r4, r4, #1
100028e2:	1c61      	adds	r1, r4, #1
100028e4:	0789      	lsls	r1, r1, #30
100028e6:	1289      	asrs	r1, r1, #10
100028e8:	3a80      	subs	r2, #128	@ 0x80
100028ea:	0312      	lsls	r2, r2, #12

100028ec <l60_3>:
100028ec:	4b01      	ldr	r3, [pc, #4]	@ (100028f4 <l60_3+0x8>)
100028ee:	1ad2      	subs	r2, r2, r3
100028f0:	4770      	bx	lr
100028f2:	0000      	.short	0x0000
100028f4:	000003ff 	.word	0x000003ff

100028f8 <__wrap___aeabi_lmul>:
100028f8:	4351      	muls	r1, r2
100028fa:	4343      	muls	r3, r0
100028fc:	18c9      	adds	r1, r1, r3
100028fe:	468c      	mov	ip, r1
10002900:	0c11      	lsrs	r1, r2, #16
10002902:	b283      	uxth	r3, r0
10002904:	434b      	muls	r3, r1
10002906:	b410      	push	{r4}
10002908:	0c04      	lsrs	r4, r0, #16
1000290a:	4361      	muls	r1, r4
1000290c:	b292      	uxth	r2, r2
1000290e:	b280      	uxth	r0, r0
10002910:	4350      	muls	r0, r2
10002912:	4362      	muls	r2, r4
10002914:	041c      	lsls	r4, r3, #16
10002916:	0c1b      	lsrs	r3, r3, #16
10002918:	1900      	adds	r0, r0, r4
1000291a:	bc10      	pop	{r4}
1000291c:	4159      	adcs	r1, r3
1000291e:	0413      	lsls	r3, r2, #16
10002920:	0c12      	lsrs	r2, r2, #16
10002922:	18c0      	adds	r0, r0, r3
10002924:	4151      	adcs	r1, r2
10002926:	4461      	add	r1, ip
10002928:	4770      	bx	lr
	...

1000292c <__aeabi_float_init>:
1000292c:	2313      	movs	r3, #19
1000292e:	b510      	push	{r4, lr}
10002930:	781c      	ldrb	r4, [r3, #0]
10002932:	4813      	ldr	r0, [pc, #76]	@ (10002980 <__aeabi_float_init+0x54>)
10002934:	f7ff f818 	bl	10001968 <rom_data_lookup>
10002938:	2c01      	cmp	r4, #1
1000293a:	d00b      	beq.n	10002954 <__aeabi_float_init+0x28>
1000293c:	dd04      	ble.n	10002948 <__aeabi_float_init+0x1c>
1000293e:	0001      	movs	r1, r0
10002940:	2280      	movs	r2, #128	@ 0x80
10002942:	4810      	ldr	r0, [pc, #64]	@ (10002984 <__aeabi_float_init+0x58>)
10002944:	f000 f84a 	bl	100029dc <__wrap___aeabi_memcpy>
10002948:	480f      	ldr	r0, [pc, #60]	@ (10002988 <__aeabi_float_init+0x5c>)
1000294a:	f7ff f805 	bl	10001958 <rom_func_lookup>
1000294e:	4b0f      	ldr	r3, [pc, #60]	@ (1000298c <__aeabi_float_init+0x60>)
10002950:	6018      	str	r0, [r3, #0]
10002952:	bd10      	pop	{r4, pc}
10002954:	4c0b      	ldr	r4, [pc, #44]	@ (10002984 <__aeabi_float_init+0x58>)
10002956:	0001      	movs	r1, r0
10002958:	2254      	movs	r2, #84	@ 0x54
1000295a:	0020      	movs	r0, r4
1000295c:	f000 f83e 	bl	100029dc <__wrap___aeabi_memcpy>
10002960:	4b0b      	ldr	r3, [pc, #44]	@ (10002990 <__aeabi_float_init+0x64>)
10002962:	6563      	str	r3, [r4, #84]	@ 0x54
10002964:	65a3      	str	r3, [r4, #88]	@ 0x58
10002966:	65e3      	str	r3, [r4, #92]	@ 0x5c
10002968:	6623      	str	r3, [r4, #96]	@ 0x60
1000296a:	6663      	str	r3, [r4, #100]	@ 0x64
1000296c:	66a3      	str	r3, [r4, #104]	@ 0x68
1000296e:	66e3      	str	r3, [r4, #108]	@ 0x6c
10002970:	6723      	str	r3, [r4, #112]	@ 0x70
10002972:	6763      	str	r3, [r4, #116]	@ 0x74
10002974:	67a3      	str	r3, [r4, #120]	@ 0x78
10002976:	67e3      	str	r3, [r4, #124]	@ 0x7c
10002978:	6223      	str	r3, [r4, #32]
1000297a:	61e3      	str	r3, [r4, #28]
1000297c:	e7e4      	b.n	10002948 <__aeabi_float_init+0x1c>
1000297e:	46c0      	nop			@ (mov r8, r8)
10002980:	00004653 	.word	0x00004653
10002984:	20001a08 	.word	0x20001a08
10002988:	0000334c 	.word	0x0000334c
1000298c:	20002634 	.word	0x20002634
10002990:	10002995 	.word	0x10002995

10002994 <float_table_shim_on_use_helper>:
10002994:	b507      	push	{r0, r1, r2, lr}
10002996:	4660      	mov	r0, ip
10002998:	8801      	ldrh	r1, [r0, #0]
1000299a:	0a0a      	lsrs	r2, r1, #8
1000299c:	3002      	adds	r0, #2
1000299e:	2adf      	cmp	r2, #223	@ 0xdf
100029a0:	d1fa      	bne.n	10002998 <float_table_shim_on_use_helper+0x4>
100029a2:	b2c9      	uxtb	r1, r1
100029a4:	0882      	lsrs	r2, r0, #2
100029a6:	d304      	bcc.n	100029b2 <float_table_shim_on_use_helper+0x1e>
100029a8:	8802      	ldrh	r2, [r0, #0]
100029aa:	8840      	ldrh	r0, [r0, #2]
100029ac:	0400      	lsls	r0, r0, #16
100029ae:	4310      	orrs	r0, r2
100029b0:	e000      	b.n	100029b4 <float_table_shim_on_use_helper+0x20>
100029b2:	6800      	ldr	r0, [r0, #0]
100029b4:	4a01      	ldr	r2, [pc, #4]	@ (100029bc <float_table_shim_on_use_helper+0x28>)
100029b6:	5050      	str	r0, [r2, r1]
100029b8:	9003      	str	r0, [sp, #12]
100029ba:	bd07      	pop	{r0, r1, r2, pc}
100029bc:	20001a08 	.word	0x20001a08

100029c0 <__aeabi_mem_init>:
100029c0:	4801      	ldr	r0, [pc, #4]	@ (100029c8 <__aeabi_mem_init+0x8>)
100029c2:	2104      	movs	r1, #4
100029c4:	4b01      	ldr	r3, [pc, #4]	@ (100029cc <__aeabi_mem_init+0xc>)
100029c6:	4718      	bx	r3
100029c8:	20001020 	.word	0x20001020
100029cc:	10001979 	.word	0x10001979

100029d0 <__wrap_memset>:
100029d0:	4b01      	ldr	r3, [pc, #4]	@ (100029d8 <__wrap_memset+0x8>)
100029d2:	681b      	ldr	r3, [r3, #0]
100029d4:	4718      	bx	r3
100029d6:	0000      	.short	0x0000
100029d8:	20001020 	.word	0x20001020

100029dc <__wrap___aeabi_memcpy>:
100029dc:	4b01      	ldr	r3, [pc, #4]	@ (100029e4 <__wrap___aeabi_memcpy+0x8>)
100029de:	685b      	ldr	r3, [r3, #4]
100029e0:	4718      	bx	r3
100029e2:	0000      	.short	0x0000
100029e4:	20001020 	.word	0x20001020

100029e8 <_out_null>:
100029e8:	4770      	bx	lr
100029ea:	46c0      	nop			@ (mov r8, r8)

100029ec <_out_rev>:
100029ec:	b5f8      	push	{r3, r4, r5, r6, r7, lr}
100029ee:	46de      	mov	lr, fp
100029f0:	4657      	mov	r7, sl
100029f2:	464e      	mov	r6, r9
100029f4:	4645      	mov	r5, r8
100029f6:	b5e0      	push	{r5, r6, r7, lr}
100029f8:	4699      	mov	r9, r3
100029fa:	9b0d      	ldr	r3, [sp, #52]	@ 0x34
100029fc:	0007      	movs	r7, r0
100029fe:	4688      	mov	r8, r1
10002a00:	4693      	mov	fp, r2
10002a02:	079b      	lsls	r3, r3, #30
10002a04:	d028      	beq.n	10002a58 <_out_rev+0x6c>
10002a06:	9b0b      	ldr	r3, [sp, #44]	@ 0x2c
10002a08:	2b00      	cmp	r3, #0
10002a0a:	d03c      	beq.n	10002a86 <_out_rev+0x9a>
10002a0c:	0016      	movs	r6, r2
10002a0e:	9c0b      	ldr	r4, [sp, #44]	@ 0x2c
10002a10:	9d0a      	ldr	r5, [sp, #40]	@ 0x28
10002a12:	1936      	adds	r6, r6, r4
10002a14:	1b32      	subs	r2, r6, r4
10002a16:	3c01      	subs	r4, #1
10002a18:	464b      	mov	r3, r9
10002a1a:	4641      	mov	r1, r8
10002a1c:	5d28      	ldrb	r0, [r5, r4]
10002a1e:	47b8      	blx	r7
10002a20:	2c00      	cmp	r4, #0
10002a22:	d1f7      	bne.n	10002a14 <_out_rev+0x28>
10002a24:	0035      	movs	r5, r6
10002a26:	9b0d      	ldr	r3, [sp, #52]	@ 0x34
10002a28:	079b      	lsls	r3, r3, #30
10002a2a:	d50e      	bpl.n	10002a4a <_out_rev+0x5e>
10002a2c:	465b      	mov	r3, fp
10002a2e:	1aec      	subs	r4, r5, r3
10002a30:	9b0c      	ldr	r3, [sp, #48]	@ 0x30
10002a32:	42a3      	cmp	r3, r4
10002a34:	d909      	bls.n	10002a4a <_out_rev+0x5e>
10002a36:	001e      	movs	r6, r3
10002a38:	002a      	movs	r2, r5
10002a3a:	464b      	mov	r3, r9
10002a3c:	4641      	mov	r1, r8
10002a3e:	2020      	movs	r0, #32
10002a40:	3401      	adds	r4, #1
10002a42:	47b8      	blx	r7
10002a44:	3501      	adds	r5, #1
10002a46:	42b4      	cmp	r4, r6
10002a48:	d3f6      	bcc.n	10002a38 <_out_rev+0x4c>
10002a4a:	0028      	movs	r0, r5
10002a4c:	bcf0      	pop	{r4, r5, r6, r7}
10002a4e:	46bb      	mov	fp, r7
10002a50:	46b2      	mov	sl, r6
10002a52:	46a9      	mov	r9, r5
10002a54:	46a0      	mov	r8, r4
10002a56:	bdf8      	pop	{r3, r4, r5, r6, r7, pc}
10002a58:	9b0b      	ldr	r3, [sp, #44]	@ 0x2c
10002a5a:	9a0c      	ldr	r2, [sp, #48]	@ 0x30
10002a5c:	4293      	cmp	r3, r2
10002a5e:	d214      	bcs.n	10002a8a <_out_rev+0x9e>
10002a60:	0013      	movs	r3, r2
10002a62:	465d      	mov	r5, fp
10002a64:	000c      	movs	r4, r1
10002a66:	9a0b      	ldr	r2, [sp, #44]	@ 0x2c
10002a68:	1a9e      	subs	r6, r3, r2
10002a6a:	1976      	adds	r6, r6, r5
10002a6c:	002a      	movs	r2, r5
10002a6e:	464b      	mov	r3, r9
10002a70:	3501      	adds	r5, #1
10002a72:	0021      	movs	r1, r4
10002a74:	2020      	movs	r0, #32
10002a76:	47b8      	blx	r7
10002a78:	42b5      	cmp	r5, r6
10002a7a:	d1f7      	bne.n	10002a6c <_out_rev+0x80>
10002a7c:	9b0b      	ldr	r3, [sp, #44]	@ 0x2c
10002a7e:	46a0      	mov	r8, r4
10002a80:	2b00      	cmp	r3, #0
10002a82:	d1c4      	bne.n	10002a0e <_out_rev+0x22>
10002a84:	e7e1      	b.n	10002a4a <_out_rev+0x5e>
10002a86:	0015      	movs	r5, r2
10002a88:	e7cd      	b.n	10002a26 <_out_rev+0x3a>
10002a8a:	465e      	mov	r6, fp
10002a8c:	2b00      	cmp	r3, #0
10002a8e:	d1be      	bne.n	10002a0e <_out_rev+0x22>
10002a90:	465d      	mov	r5, fp
10002a92:	e7da      	b.n	10002a4a <_out_rev+0x5e>

10002a94 <_ntoa_format>:
10002a94:	b5f0      	push	{r4, r5, r6, r7, lr}
10002a96:	464f      	mov	r7, r9
10002a98:	46d6      	mov	lr, sl
10002a9a:	4646      	mov	r6, r8
10002a9c:	b5c0      	push	{r6, r7, lr}
10002a9e:	b084      	sub	sp, #16
10002aa0:	469c      	mov	ip, r3
10002aa2:	ab0e      	add	r3, sp, #56	@ 0x38
10002aa4:	781f      	ldrb	r7, [r3, #0]
10002aa6:	9b12      	ldr	r3, [sp, #72]	@ 0x48
10002aa8:	4691      	mov	r9, r2
10002aaa:	46ba      	mov	sl, r7
10002aac:	9c0d      	ldr	r4, [sp, #52]	@ 0x34
10002aae:	9e10      	ldr	r6, [sp, #64]	@ 0x40
10002ab0:	9d11      	ldr	r5, [sp, #68]	@ 0x44
10002ab2:	079b      	lsls	r3, r3, #30
10002ab4:	d44c      	bmi.n	10002b50 <_ntoa_format+0xbc>
10002ab6:	2d00      	cmp	r5, #0
10002ab8:	d141      	bne.n	10002b3e <_ntoa_format+0xaa>
10002aba:	42b4      	cmp	r4, r6
10002abc:	d248      	bcs.n	10002b50 <_ntoa_format+0xbc>
10002abe:	2301      	movs	r3, #1
10002ac0:	9f12      	ldr	r7, [sp, #72]	@ 0x48
10002ac2:	401f      	ands	r7, r3
10002ac4:	46b8      	mov	r8, r7
10002ac6:	9b0c      	ldr	r3, [sp, #48]	@ 0x30
10002ac8:	1e5f      	subs	r7, r3, #1
10002aca:	2330      	movs	r3, #48	@ 0x30
10002acc:	e003      	b.n	10002ad6 <_ntoa_format+0x42>
10002ace:	3401      	adds	r4, #1
10002ad0:	553b      	strb	r3, [r7, r4]
10002ad2:	42a6      	cmp	r6, r4
10002ad4:	d901      	bls.n	10002ada <_ntoa_format+0x46>
10002ad6:	2c20      	cmp	r4, #32
10002ad8:	d1f9      	bne.n	10002ace <_ntoa_format+0x3a>
10002ada:	4643      	mov	r3, r8
10002adc:	2b00      	cmp	r3, #0
10002ade:	d100      	bne.n	10002ae2 <_ntoa_format+0x4e>
10002ae0:	e087      	b.n	10002bf2 <_ntoa_format+0x15e>
10002ae2:	9b0c      	ldr	r3, [sp, #48]	@ 0x30
10002ae4:	1e5f      	subs	r7, r3, #1
10002ae6:	2330      	movs	r3, #48	@ 0x30
10002ae8:	42a5      	cmp	r5, r4
10002aea:	d804      	bhi.n	10002af6 <_ntoa_format+0x62>
10002aec:	e030      	b.n	10002b50 <_ntoa_format+0xbc>
10002aee:	3401      	adds	r4, #1
10002af0:	553b      	strb	r3, [r7, r4]
10002af2:	42ac      	cmp	r4, r5
10002af4:	d02c      	beq.n	10002b50 <_ntoa_format+0xbc>
10002af6:	2c20      	cmp	r4, #32
10002af8:	d1f9      	bne.n	10002aee <_ntoa_format+0x5a>
10002afa:	9b12      	ldr	r3, [sp, #72]	@ 0x48
10002afc:	06db      	lsls	r3, r3, #27
10002afe:	d50d      	bpl.n	10002b1c <_ntoa_format+0x88>
10002b00:	9b12      	ldr	r3, [sp, #72]	@ 0x48
10002b02:	055b      	lsls	r3, r3, #21
10002b04:	d457      	bmi.n	10002bb6 <_ntoa_format+0x122>
10002b06:	42a6      	cmp	r6, r4
10002b08:	d067      	beq.n	10002bda <_ntoa_format+0x146>
10002b0a:	42a5      	cmp	r5, r4
10002b0c:	d065      	beq.n	10002bda <_ntoa_format+0x146>
10002b0e:	9b0f      	ldr	r3, [sp, #60]	@ 0x3c
10002b10:	2b10      	cmp	r3, #16
10002b12:	d053      	beq.n	10002bbc <_ntoa_format+0x128>
10002b14:	2b02      	cmp	r3, #2
10002b16:	d05b      	beq.n	10002bd0 <_ntoa_format+0x13c>
10002b18:	2c20      	cmp	r4, #32
10002b1a:	d136      	bne.n	10002b8a <_ntoa_format+0xf6>
10002b1c:	2320      	movs	r3, #32
10002b1e:	9c12      	ldr	r4, [sp, #72]	@ 0x48
10002b20:	9301      	str	r3, [sp, #4]
10002b22:	9b0c      	ldr	r3, [sp, #48]	@ 0x30
10002b24:	464a      	mov	r2, r9
10002b26:	9300      	str	r3, [sp, #0]
10002b28:	9403      	str	r4, [sp, #12]
10002b2a:	4663      	mov	r3, ip
10002b2c:	9502      	str	r5, [sp, #8]
10002b2e:	f7ff ff5d 	bl	100029ec <_out_rev>
10002b32:	b004      	add	sp, #16
10002b34:	bce0      	pop	{r5, r6, r7}
10002b36:	46ba      	mov	sl, r7
10002b38:	46b1      	mov	r9, r6
10002b3a:	46a8      	mov	r8, r5
10002b3c:	bdf0      	pop	{r4, r5, r6, r7, pc}
10002b3e:	2301      	movs	r3, #1
10002b40:	9a12      	ldr	r2, [sp, #72]	@ 0x48
10002b42:	4013      	ands	r3, r2
10002b44:	4698      	mov	r8, r3
10002b46:	2301      	movs	r3, #1
10002b48:	4213      	tst	r3, r2
10002b4a:	d12d      	bne.n	10002ba8 <_ntoa_format+0x114>
10002b4c:	42b4      	cmp	r4, r6
10002b4e:	d3ba      	bcc.n	10002ac6 <_ntoa_format+0x32>
10002b50:	9b12      	ldr	r3, [sp, #72]	@ 0x48
10002b52:	06db      	lsls	r3, r3, #27
10002b54:	d51e      	bpl.n	10002b94 <_ntoa_format+0x100>
10002b56:	9b12      	ldr	r3, [sp, #72]	@ 0x48
10002b58:	055b      	lsls	r3, r3, #21
10002b5a:	d4d8      	bmi.n	10002b0e <_ntoa_format+0x7a>
10002b5c:	2c00      	cmp	r4, #0
10002b5e:	d1d2      	bne.n	10002b06 <_ntoa_format+0x72>
10002b60:	9b0f      	ldr	r3, [sp, #60]	@ 0x3c
10002b62:	2b10      	cmp	r3, #16
10002b64:	d060      	beq.n	10002c28 <_ntoa_format+0x194>
10002b66:	9b0f      	ldr	r3, [sp, #60]	@ 0x3c
10002b68:	2b02      	cmp	r3, #2
10002b6a:	d071      	beq.n	10002c50 <_ntoa_format+0x1bc>
10002b6c:	2330      	movs	r3, #48	@ 0x30
10002b6e:	2401      	movs	r4, #1
10002b70:	9a0c      	ldr	r2, [sp, #48]	@ 0x30
10002b72:	7013      	strb	r3, [r2, #0]
10002b74:	4653      	mov	r3, sl
10002b76:	2b00      	cmp	r3, #0
10002b78:	d111      	bne.n	10002b9e <_ntoa_format+0x10a>
10002b7a:	9b12      	ldr	r3, [sp, #72]	@ 0x48
10002b7c:	075b      	lsls	r3, r3, #29
10002b7e:	d540      	bpl.n	10002c02 <_ntoa_format+0x16e>
10002b80:	262b      	movs	r6, #43	@ 0x2b
10002b82:	9a0c      	ldr	r2, [sp, #48]	@ 0x30
10002b84:	1c63      	adds	r3, r4, #1
10002b86:	5516      	strb	r6, [r2, r4]
10002b88:	e7c9      	b.n	10002b1e <_ntoa_format+0x8a>
10002b8a:	0023      	movs	r3, r4
10002b8c:	3401      	adds	r4, #1
10002b8e:	2630      	movs	r6, #48	@ 0x30
10002b90:	9a0c      	ldr	r2, [sp, #48]	@ 0x30
10002b92:	54d6      	strb	r6, [r2, r3]
10002b94:	2c20      	cmp	r4, #32
10002b96:	d0c1      	beq.n	10002b1c <_ntoa_format+0x88>
10002b98:	4653      	mov	r3, sl
10002b9a:	2b00      	cmp	r3, #0
10002b9c:	d0ed      	beq.n	10002b7a <_ntoa_format+0xe6>
10002b9e:	262d      	movs	r6, #45	@ 0x2d
10002ba0:	9a0c      	ldr	r2, [sp, #48]	@ 0x30
10002ba2:	1c63      	adds	r3, r4, #1
10002ba4:	5516      	strb	r6, [r2, r4]
10002ba6:	e7ba      	b.n	10002b1e <_ntoa_format+0x8a>
10002ba8:	2f00      	cmp	r7, #0
10002baa:	d034      	beq.n	10002c16 <_ntoa_format+0x182>
10002bac:	3d01      	subs	r5, #1
10002bae:	42b4      	cmp	r4, r6
10002bb0:	d200      	bcs.n	10002bb4 <_ntoa_format+0x120>
10002bb2:	e788      	b.n	10002ac6 <_ntoa_format+0x32>
10002bb4:	e795      	b.n	10002ae2 <_ntoa_format+0x4e>
10002bb6:	9b0f      	ldr	r3, [sp, #60]	@ 0x3c
10002bb8:	2b10      	cmp	r3, #16
10002bba:	d1af      	bne.n	10002b1c <_ntoa_format+0x88>
10002bbc:	9b12      	ldr	r3, [sp, #72]	@ 0x48
10002bbe:	069b      	lsls	r3, r3, #26
10002bc0:	d53c      	bpl.n	10002c3c <_ntoa_format+0x1a8>
10002bc2:	2c20      	cmp	r4, #32
10002bc4:	d0aa      	beq.n	10002b1c <_ntoa_format+0x88>
10002bc6:	2358      	movs	r3, #88	@ 0x58
10002bc8:	9a0c      	ldr	r2, [sp, #48]	@ 0x30
10002bca:	5513      	strb	r3, [r2, r4]
10002bcc:	3401      	adds	r4, #1
10002bce:	e7a3      	b.n	10002b18 <_ntoa_format+0x84>
10002bd0:	2c20      	cmp	r4, #32
10002bd2:	d0a3      	beq.n	10002b1c <_ntoa_format+0x88>
10002bd4:	0023      	movs	r3, r4
10002bd6:	3401      	adds	r4, #1
10002bd8:	e007      	b.n	10002bea <_ntoa_format+0x156>
10002bda:	1e63      	subs	r3, r4, #1
10002bdc:	2c01      	cmp	r4, #1
10002bde:	d0bf      	beq.n	10002b60 <_ntoa_format+0xcc>
10002be0:	9a0f      	ldr	r2, [sp, #60]	@ 0x3c
10002be2:	2a10      	cmp	r2, #16
10002be4:	d036      	beq.n	10002c54 <_ntoa_format+0x1c0>
10002be6:	2a02      	cmp	r2, #2
10002be8:	d1d1      	bne.n	10002b8e <_ntoa_format+0xfa>
10002bea:	2662      	movs	r6, #98	@ 0x62
10002bec:	9a0c      	ldr	r2, [sp, #48]	@ 0x30
10002bee:	54d6      	strb	r6, [r2, r3]
10002bf0:	e792      	b.n	10002b18 <_ntoa_format+0x84>
10002bf2:	9b12      	ldr	r3, [sp, #72]	@ 0x48
10002bf4:	06db      	lsls	r3, r3, #27
10002bf6:	d5cd      	bpl.n	10002b94 <_ntoa_format+0x100>
10002bf8:	9b12      	ldr	r3, [sp, #72]	@ 0x48
10002bfa:	055b      	lsls	r3, r3, #21
10002bfc:	d400      	bmi.n	10002c00 <_ntoa_format+0x16c>
10002bfe:	e782      	b.n	10002b06 <_ntoa_format+0x72>
10002c00:	e785      	b.n	10002b0e <_ntoa_format+0x7a>
10002c02:	9a12      	ldr	r2, [sp, #72]	@ 0x48
10002c04:	0023      	movs	r3, r4
10002c06:	0716      	lsls	r6, r2, #28
10002c08:	d400      	bmi.n	10002c0c <_ntoa_format+0x178>
10002c0a:	e788      	b.n	10002b1e <_ntoa_format+0x8a>
10002c0c:	2620      	movs	r6, #32
10002c0e:	9a0c      	ldr	r2, [sp, #48]	@ 0x30
10002c10:	3301      	adds	r3, #1
10002c12:	5516      	strb	r6, [r2, r4]
10002c14:	e783      	b.n	10002b1e <_ntoa_format+0x8a>
10002c16:	230c      	movs	r3, #12
10002c18:	4013      	ands	r3, r2
10002c1a:	1e5f      	subs	r7, r3, #1
10002c1c:	41bb      	sbcs	r3, r7
10002c1e:	1aed      	subs	r5, r5, r3
10002c20:	42b4      	cmp	r4, r6
10002c22:	d200      	bcs.n	10002c26 <_ntoa_format+0x192>
10002c24:	e74f      	b.n	10002ac6 <_ntoa_format+0x32>
10002c26:	e75c      	b.n	10002ae2 <_ntoa_format+0x4e>
10002c28:	9b12      	ldr	r3, [sp, #72]	@ 0x48
10002c2a:	069b      	lsls	r3, r3, #26
10002c2c:	d40e      	bmi.n	10002c4c <_ntoa_format+0x1b8>
10002c2e:	2378      	movs	r3, #120	@ 0x78
10002c30:	9a0c      	ldr	r2, [sp, #48]	@ 0x30
10002c32:	2402      	movs	r4, #2
10002c34:	7013      	strb	r3, [r2, #0]
10002c36:	2330      	movs	r3, #48	@ 0x30
10002c38:	7053      	strb	r3, [r2, #1]
10002c3a:	e79b      	b.n	10002b74 <_ntoa_format+0xe0>
10002c3c:	2c20      	cmp	r4, #32
10002c3e:	d100      	bne.n	10002c42 <_ntoa_format+0x1ae>
10002c40:	e76c      	b.n	10002b1c <_ntoa_format+0x88>
10002c42:	2378      	movs	r3, #120	@ 0x78
10002c44:	9a0c      	ldr	r2, [sp, #48]	@ 0x30
10002c46:	5513      	strb	r3, [r2, r4]
10002c48:	3401      	adds	r4, #1
10002c4a:	e765      	b.n	10002b18 <_ntoa_format+0x84>
10002c4c:	2358      	movs	r3, #88	@ 0x58
10002c4e:	e7ef      	b.n	10002c30 <_ntoa_format+0x19c>
10002c50:	3360      	adds	r3, #96	@ 0x60
10002c52:	e7ed      	b.n	10002c30 <_ntoa_format+0x19c>
10002c54:	9a0c      	ldr	r2, [sp, #48]	@ 0x30
10002c56:	1ea6      	subs	r6, r4, #2
10002c58:	18b6      	adds	r6, r6, r2
10002c5a:	9a12      	ldr	r2, [sp, #72]	@ 0x48
10002c5c:	0692      	lsls	r2, r2, #26
10002c5e:	d502      	bpl.n	10002c66 <_ntoa_format+0x1d2>
10002c60:	2258      	movs	r2, #88	@ 0x58
10002c62:	7032      	strb	r2, [r6, #0]
10002c64:	e793      	b.n	10002b8e <_ntoa_format+0xfa>
10002c66:	2278      	movs	r2, #120	@ 0x78
10002c68:	7032      	strb	r2, [r6, #0]
10002c6a:	e790      	b.n	10002b8e <_ntoa_format+0xfa>

10002c6c <_out_char>:
10002c6c:	b510      	push	{r4, lr}
10002c6e:	2800      	cmp	r0, #0
10002c70:	d100      	bne.n	10002c74 <_out_char+0x8>
10002c72:	bd10      	pop	{r4, pc}
10002c74:	f001 fc36 	bl	100044e4 <__wrap_putchar>
10002c78:	e7fb      	b.n	10002c72 <_out_char+0x6>
10002c7a:	46c0      	nop			@ (mov r8, r8)

10002c7c <_out_fct>:
10002c7c:	b510      	push	{r4, lr}
10002c7e:	2800      	cmp	r0, #0
10002c80:	d003      	beq.n	10002c8a <_out_fct+0xe>
10002c82:	684a      	ldr	r2, [r1, #4]
10002c84:	680b      	ldr	r3, [r1, #0]
10002c86:	0011      	movs	r1, r2
10002c88:	4798      	blx	r3
10002c8a:	bd10      	pop	{r4, pc}

10002c8c <_ftoa>:
10002c8c:	b5f0      	push	{r4, r5, r6, r7, lr}
10002c8e:	464e      	mov	r6, r9
10002c90:	46de      	mov	lr, fp
10002c92:	4657      	mov	r7, sl
10002c94:	4645      	mov	r5, r8
10002c96:	b5e0      	push	{r5, r6, r7, lr}
10002c98:	b095      	sub	sp, #84	@ 0x54
10002c9a:	4683      	mov	fp, r0
10002c9c:	4689      	mov	r9, r1
10002c9e:	4692      	mov	sl, r2
10002ca0:	4698      	mov	r8, r3
10002ca2:	9a1e      	ldr	r2, [sp, #120]	@ 0x78
10002ca4:	9b1f      	ldr	r3, [sp, #124]	@ 0x7c
10002ca6:	0010      	movs	r0, r2
10002ca8:	0019      	movs	r1, r3
10002caa:	9e20      	ldr	r6, [sp, #128]	@ 0x80
10002cac:	f7ff fac9 	bl	10002242 <__wrap___aeabi_dcmpun>
10002cb0:	2800      	cmp	r0, #0
10002cb2:	d000      	beq.n	10002cb6 <_ftoa+0x2a>
10002cb4:	e1d2      	b.n	1000305c <_ftoa+0x3d0>
10002cb6:	981e      	ldr	r0, [sp, #120]	@ 0x78
10002cb8:	991f      	ldr	r1, [sp, #124]	@ 0x7c
10002cba:	2201      	movs	r2, #1
10002cbc:	4bc4      	ldr	r3, [pc, #784]	@ (10002fd0 <_ftoa+0x344>)
10002cbe:	4252      	negs	r2, r2
10002cc0:	f7ff faa4 	bl	1000220c <__wrap___aeabi_dcmplt>
10002cc4:	2800      	cmp	r0, #0
10002cc6:	d000      	beq.n	10002cca <_ftoa+0x3e>
10002cc8:	e101      	b.n	10002ece <_ftoa+0x242>
10002cca:	981e      	ldr	r0, [sp, #120]	@ 0x78
10002ccc:	991f      	ldr	r1, [sp, #124]	@ 0x7c
10002cce:	2201      	movs	r2, #1
10002cd0:	4bc0      	ldr	r3, [pc, #768]	@ (10002fd4 <_ftoa+0x348>)
10002cd2:	4252      	negs	r2, r2
10002cd4:	f7ff fab0 	bl	10002238 <__wrap___aeabi_dcmpgt>
10002cd8:	2800      	cmp	r0, #0
10002cda:	d000      	beq.n	10002cde <_ftoa+0x52>
10002cdc:	e0d6      	b.n	10002e8c <_ftoa+0x200>
10002cde:	981e      	ldr	r0, [sp, #120]	@ 0x78
10002ce0:	991f      	ldr	r1, [sp, #124]	@ 0x7c
10002ce2:	2200      	movs	r2, #0
10002ce4:	4bbc      	ldr	r3, [pc, #752]	@ (10002fd8 <_ftoa+0x34c>)
10002ce6:	f7ff faa7 	bl	10002238 <__wrap___aeabi_dcmpgt>
10002cea:	2800      	cmp	r0, #0
10002cec:	d000      	beq.n	10002cf0 <_ftoa+0x64>
10002cee:	e0b5      	b.n	10002e5c <_ftoa+0x1d0>
10002cf0:	981e      	ldr	r0, [sp, #120]	@ 0x78
10002cf2:	991f      	ldr	r1, [sp, #124]	@ 0x7c
10002cf4:	2200      	movs	r2, #0
10002cf6:	4bb9      	ldr	r3, [pc, #740]	@ (10002fdc <_ftoa+0x350>)
10002cf8:	f7ff fa88 	bl	1000220c <__wrap___aeabi_dcmplt>
10002cfc:	2800      	cmp	r0, #0
10002cfe:	d000      	beq.n	10002d02 <_ftoa+0x76>
10002d00:	e0ac      	b.n	10002e5c <_ftoa+0x1d0>
10002d02:	981e      	ldr	r0, [sp, #120]	@ 0x78
10002d04:	991f      	ldr	r1, [sp, #124]	@ 0x7c
10002d06:	2200      	movs	r2, #0
10002d08:	2300      	movs	r3, #0
10002d0a:	f7ff fa7f 	bl	1000220c <__wrap___aeabi_dcmplt>
10002d0e:	2800      	cmp	r0, #0
10002d10:	d000      	beq.n	10002d14 <_ftoa+0x88>
10002d12:	e0d1      	b.n	10002eb8 <_ftoa+0x22c>
10002d14:	2300      	movs	r3, #0
10002d16:	930b      	str	r3, [sp, #44]	@ 0x2c
10002d18:	9b22      	ldr	r3, [sp, #136]	@ 0x88
10002d1a:	055b      	lsls	r3, r3, #21
10002d1c:	d400      	bmi.n	10002d20 <_ftoa+0x94>
10002d1e:	2606      	movs	r6, #6
10002d20:	2400      	movs	r4, #0
10002d22:	2330      	movs	r3, #48	@ 0x30
10002d24:	e006      	b.n	10002d34 <_ftoa+0xa8>
10002d26:	aa06      	add	r2, sp, #24
10002d28:	3401      	adds	r4, #1
10002d2a:	3217      	adds	r2, #23
10002d2c:	5513      	strb	r3, [r2, r4]
10002d2e:	3e01      	subs	r6, #1
10002d30:	2c20      	cmp	r4, #32
10002d32:	d001      	beq.n	10002d38 <_ftoa+0xac>
10002d34:	2e09      	cmp	r6, #9
10002d36:	d8f6      	bhi.n	10002d26 <_ftoa+0x9a>
10002d38:	981e      	ldr	r0, [sp, #120]	@ 0x78
10002d3a:	991f      	ldr	r1, [sp, #124]	@ 0x7c
10002d3c:	f7ff faaa 	bl	10002294 <__wrap___aeabi_d2iz>
10002d40:	4ba7      	ldr	r3, [pc, #668]	@ (10002fe0 <_ftoa+0x354>)
10002d42:	00f2      	lsls	r2, r6, #3
10002d44:	189b      	adds	r3, r3, r2
10002d46:	cb0c      	ldmia	r3, {r2, r3}
10002d48:	0005      	movs	r5, r0
10002d4a:	9208      	str	r2, [sp, #32]
10002d4c:	9309      	str	r3, [sp, #36]	@ 0x24
10002d4e:	f7ff fa89 	bl	10002264 <__wrap___aeabi_i2d>
10002d52:	0002      	movs	r2, r0
10002d54:	000b      	movs	r3, r1
10002d56:	981e      	ldr	r0, [sp, #120]	@ 0x78
10002d58:	991f      	ldr	r1, [sp, #124]	@ 0x7c
10002d5a:	f7ff f9e4 	bl	10002126 <__wrap___aeabi_dsub>
10002d5e:	9a08      	ldr	r2, [sp, #32]
10002d60:	9b09      	ldr	r3, [sp, #36]	@ 0x24
10002d62:	f7ff fa10 	bl	10002186 <__wrap___aeabi_dmul>
10002d66:	9006      	str	r0, [sp, #24]
10002d68:	9107      	str	r1, [sp, #28]
10002d6a:	f7ff fab7 	bl	100022dc <__wrap___aeabi_d2uiz>
10002d6e:	0007      	movs	r7, r0
10002d70:	f7ff fa74 	bl	1000225c <__wrap___aeabi_ui2d>
10002d74:	0002      	movs	r2, r0
10002d76:	000b      	movs	r3, r1
10002d78:	9806      	ldr	r0, [sp, #24]
10002d7a:	9907      	ldr	r1, [sp, #28]
10002d7c:	f7ff f9d3 	bl	10002126 <__wrap___aeabi_dsub>
10002d80:	2200      	movs	r2, #0
10002d82:	4b98      	ldr	r3, [pc, #608]	@ (10002fe4 <_ftoa+0x358>)
10002d84:	9006      	str	r0, [sp, #24]
10002d86:	9107      	str	r1, [sp, #28]
10002d88:	f7ff fa56 	bl	10002238 <__wrap___aeabi_dcmpgt>
10002d8c:	2800      	cmp	r0, #0
10002d8e:	d100      	bne.n	10002d92 <_ftoa+0x106>
10002d90:	e0e9      	b.n	10002f66 <_ftoa+0x2da>
10002d92:	3701      	adds	r7, #1
10002d94:	0038      	movs	r0, r7
10002d96:	f7ff fa61 	bl	1000225c <__wrap___aeabi_ui2d>
10002d9a:	0002      	movs	r2, r0
10002d9c:	000b      	movs	r3, r1
10002d9e:	9808      	ldr	r0, [sp, #32]
10002da0:	9909      	ldr	r1, [sp, #36]	@ 0x24
10002da2:	f7ff fa39 	bl	10002218 <__wrap___aeabi_dcmple>
10002da6:	2800      	cmp	r0, #0
10002da8:	d001      	beq.n	10002dae <_ftoa+0x122>
10002daa:	2700      	movs	r7, #0
10002dac:	3501      	adds	r5, #1
10002dae:	2e00      	cmp	r6, #0
10002db0:	d100      	bne.n	10002db4 <_ftoa+0x128>
10002db2:	e0b7      	b.n	10002f24 <_ftoa+0x298>
10002db4:	9506      	str	r5, [sp, #24]
10002db6:	e013      	b.n	10002de0 <_ftoa+0x154>
10002db8:	2317      	movs	r3, #23
10002dba:	aa06      	add	r2, sp, #24
10002dbc:	189b      	adds	r3, r3, r2
10002dbe:	210a      	movs	r1, #10
10002dc0:	0038      	movs	r0, r7
10002dc2:	3401      	adds	r4, #1
10002dc4:	191d      	adds	r5, r3, r4
10002dc6:	f7fe ff73 	bl	10001cb0 <__wrap___aeabi_uidiv>
10002dca:	3130      	adds	r1, #48	@ 0x30
10002dcc:	7029      	strb	r1, [r5, #0]
10002dce:	0038      	movs	r0, r7
10002dd0:	210a      	movs	r1, #10
10002dd2:	3e01      	subs	r6, #1
10002dd4:	f7fe ff6c 	bl	10001cb0 <__wrap___aeabi_uidiv>
10002dd8:	2f09      	cmp	r7, #9
10002dda:	d800      	bhi.n	10002dde <_ftoa+0x152>
10002ddc:	e0e1      	b.n	10002fa2 <_ftoa+0x316>
10002dde:	0007      	movs	r7, r0
10002de0:	2c20      	cmp	r4, #32
10002de2:	d1e9      	bne.n	10002db8 <_ftoa+0x12c>
10002de4:	9d06      	ldr	r5, [sp, #24]
10002de6:	2420      	movs	r4, #32
10002de8:	ab0c      	add	r3, sp, #48	@ 0x30
10002dea:	9306      	str	r3, [sp, #24]
10002dec:	2717      	movs	r7, #23
10002dee:	ab06      	add	r3, sp, #24
10002df0:	18ff      	adds	r7, r7, r3
10002df2:	e00d      	b.n	10002e10 <_ftoa+0x184>
10002df4:	0028      	movs	r0, r5
10002df6:	210a      	movs	r1, #10
10002df8:	f7fe ff32 	bl	10001c60 <__wrap___aeabi_idiv>
10002dfc:	3401      	adds	r4, #1
10002dfe:	3130      	adds	r1, #48	@ 0x30
10002e00:	0028      	movs	r0, r5
10002e02:	5539      	strb	r1, [r7, r4]
10002e04:	210a      	movs	r1, #10
10002e06:	f7fe ff2b 	bl	10001c60 <__wrap___aeabi_idiv>
10002e0a:	1e05      	subs	r5, r0, #0
10002e0c:	d100      	bne.n	10002e10 <_ftoa+0x184>
10002e0e:	e0b7      	b.n	10002f80 <_ftoa+0x2f4>
10002e10:	2c20      	cmp	r4, #32
10002e12:	d1ef      	bne.n	10002df4 <_ftoa+0x168>
10002e14:	2303      	movs	r3, #3
10002e16:	9a22      	ldr	r2, [sp, #136]	@ 0x88
10002e18:	4013      	ands	r3, r2
10002e1a:	2b01      	cmp	r3, #1
10002e1c:	d117      	bne.n	10002e4e <_ftoa+0x1c2>
10002e1e:	9b21      	ldr	r3, [sp, #132]	@ 0x84
10002e20:	2b00      	cmp	r3, #0
10002e22:	d014      	beq.n	10002e4e <_ftoa+0x1c2>
10002e24:	9b0b      	ldr	r3, [sp, #44]	@ 0x2c
10002e26:	2b00      	cmp	r3, #0
10002e28:	d100      	bne.n	10002e2c <_ftoa+0x1a0>
10002e2a:	e0e3      	b.n	10002ff4 <_ftoa+0x368>
10002e2c:	9b21      	ldr	r3, [sp, #132]	@ 0x84
10002e2e:	3b01      	subs	r3, #1
10002e30:	9321      	str	r3, [sp, #132]	@ 0x84
10002e32:	2b20      	cmp	r3, #32
10002e34:	d90b      	bls.n	10002e4e <_ftoa+0x1c2>
10002e36:	2330      	movs	r3, #48	@ 0x30
10002e38:	9a21      	ldr	r2, [sp, #132]	@ 0x84
10002e3a:	e006      	b.n	10002e4a <_ftoa+0x1be>
10002e3c:	a906      	add	r1, sp, #24
10002e3e:	3401      	adds	r4, #1
10002e40:	3117      	adds	r1, #23
10002e42:	550b      	strb	r3, [r1, r4]
10002e44:	4294      	cmp	r4, r2
10002e46:	d300      	bcc.n	10002e4a <_ftoa+0x1be>
10002e48:	e0a0      	b.n	10002f8c <_ftoa+0x300>
10002e4a:	2c20      	cmp	r4, #32
10002e4c:	d1f6      	bne.n	10002e3c <_ftoa+0x1b0>
10002e4e:	9b22      	ldr	r3, [sp, #136]	@ 0x88
10002e50:	9401      	str	r4, [sp, #4]
10002e52:	9303      	str	r3, [sp, #12]
10002e54:	9b21      	ldr	r3, [sp, #132]	@ 0x84
10002e56:	9302      	str	r3, [sp, #8]
10002e58:	9b06      	ldr	r3, [sp, #24]
10002e5a:	e021      	b.n	10002ea0 <_ftoa+0x214>
10002e5c:	9b22      	ldr	r3, [sp, #136]	@ 0x88
10002e5e:	4652      	mov	r2, sl
10002e60:	9304      	str	r3, [sp, #16]
10002e62:	9b21      	ldr	r3, [sp, #132]	@ 0x84
10002e64:	4649      	mov	r1, r9
10002e66:	9303      	str	r3, [sp, #12]
10002e68:	4658      	mov	r0, fp
10002e6a:	9b1e      	ldr	r3, [sp, #120]	@ 0x78
10002e6c:	9c1f      	ldr	r4, [sp, #124]	@ 0x7c
10002e6e:	9602      	str	r6, [sp, #8]
10002e70:	9300      	str	r3, [sp, #0]
10002e72:	9401      	str	r4, [sp, #4]
10002e74:	4643      	mov	r3, r8
10002e76:	f000 f943 	bl	10003100 <_etoa>
10002e7a:	0004      	movs	r4, r0
10002e7c:	0020      	movs	r0, r4
10002e7e:	b015      	add	sp, #84	@ 0x54
10002e80:	bcf0      	pop	{r4, r5, r6, r7}
10002e82:	46bb      	mov	fp, r7
10002e84:	46b2      	mov	sl, r6
10002e86:	46a9      	mov	r9, r5
10002e88:	46a0      	mov	r8, r4
10002e8a:	bdf0      	pop	{r4, r5, r6, r7, pc}
10002e8c:	9b22      	ldr	r3, [sp, #136]	@ 0x88
10002e8e:	075b      	lsls	r3, r3, #29
10002e90:	d40f      	bmi.n	10002eb2 <_ftoa+0x226>
10002e92:	2203      	movs	r2, #3
10002e94:	4b54      	ldr	r3, [pc, #336]	@ (10002fe8 <_ftoa+0x35c>)
10002e96:	9922      	ldr	r1, [sp, #136]	@ 0x88
10002e98:	9201      	str	r2, [sp, #4]
10002e9a:	9103      	str	r1, [sp, #12]
10002e9c:	9921      	ldr	r1, [sp, #132]	@ 0x84
10002e9e:	9102      	str	r1, [sp, #8]
10002ea0:	9300      	str	r3, [sp, #0]
10002ea2:	4652      	mov	r2, sl
10002ea4:	4643      	mov	r3, r8
10002ea6:	4649      	mov	r1, r9
10002ea8:	4658      	mov	r0, fp
10002eaa:	f7ff fd9f 	bl	100029ec <_out_rev>
10002eae:	0004      	movs	r4, r0
10002eb0:	e7e4      	b.n	10002e7c <_ftoa+0x1f0>
10002eb2:	2204      	movs	r2, #4
10002eb4:	4b4d      	ldr	r3, [pc, #308]	@ (10002fec <_ftoa+0x360>)
10002eb6:	e7ee      	b.n	10002e96 <_ftoa+0x20a>
10002eb8:	9a1e      	ldr	r2, [sp, #120]	@ 0x78
10002eba:	9b1f      	ldr	r3, [sp, #124]	@ 0x7c
10002ebc:	2000      	movs	r0, #0
10002ebe:	2100      	movs	r1, #0
10002ec0:	f7ff f931 	bl	10002126 <__wrap___aeabi_dsub>
10002ec4:	2301      	movs	r3, #1
10002ec6:	901e      	str	r0, [sp, #120]	@ 0x78
10002ec8:	911f      	str	r1, [sp, #124]	@ 0x7c
10002eca:	930b      	str	r3, [sp, #44]	@ 0x2c
10002ecc:	e724      	b.n	10002d18 <_ftoa+0x8c>
10002ece:	2302      	movs	r3, #2
10002ed0:	9a22      	ldr	r2, [sp, #136]	@ 0x88
10002ed2:	4654      	mov	r4, sl
10002ed4:	401a      	ands	r2, r3
10002ed6:	9b22      	ldr	r3, [sp, #136]	@ 0x88
10002ed8:	9206      	str	r2, [sp, #24]
10002eda:	079b      	lsls	r3, r3, #30
10002edc:	d100      	bne.n	10002ee0 <_ftoa+0x254>
10002ede:	e0ac      	b.n	1000303a <_ftoa+0x3ae>
10002ee0:	0026      	movs	r6, r4
10002ee2:	4d43      	ldr	r5, [pc, #268]	@ (10002ff0 <_ftoa+0x364>)
10002ee4:	9408      	str	r4, [sp, #32]
10002ee6:	1f2f      	subs	r7, r5, #4
10002ee8:	0032      	movs	r2, r6
10002eea:	78e8      	ldrb	r0, [r5, #3]
10002eec:	4643      	mov	r3, r8
10002eee:	4649      	mov	r1, r9
10002ef0:	3d01      	subs	r5, #1
10002ef2:	47d8      	blx	fp
10002ef4:	3601      	adds	r6, #1
10002ef6:	42bd      	cmp	r5, r7
10002ef8:	d1f6      	bne.n	10002ee8 <_ftoa+0x25c>
10002efa:	9c08      	ldr	r4, [sp, #32]
10002efc:	9b06      	ldr	r3, [sp, #24]
10002efe:	3404      	adds	r4, #4
10002f00:	2b00      	cmp	r3, #0
10002f02:	d0bb      	beq.n	10002e7c <_ftoa+0x1f0>
10002f04:	4657      	mov	r7, sl
10002f06:	9a21      	ldr	r2, [sp, #132]	@ 0x84
10002f08:	1be3      	subs	r3, r4, r7
10002f0a:	429a      	cmp	r2, r3
10002f0c:	d9b6      	bls.n	10002e7c <_ftoa+0x1f0>
10002f0e:	0015      	movs	r5, r2
10002f10:	0022      	movs	r2, r4
10002f12:	4643      	mov	r3, r8
10002f14:	4649      	mov	r1, r9
10002f16:	2020      	movs	r0, #32
10002f18:	3401      	adds	r4, #1
10002f1a:	47d8      	blx	fp
10002f1c:	1be3      	subs	r3, r4, r7
10002f1e:	42ab      	cmp	r3, r5
10002f20:	d3f6      	bcc.n	10002f10 <_ftoa+0x284>
10002f22:	e7ab      	b.n	10002e7c <_ftoa+0x1f0>
10002f24:	0028      	movs	r0, r5
10002f26:	f7ff f99d 	bl	10002264 <__wrap___aeabi_i2d>
10002f2a:	0002      	movs	r2, r0
10002f2c:	000b      	movs	r3, r1
10002f2e:	981e      	ldr	r0, [sp, #120]	@ 0x78
10002f30:	991f      	ldr	r1, [sp, #124]	@ 0x7c
10002f32:	f7ff f8f8 	bl	10002126 <__wrap___aeabi_dsub>
10002f36:	4b2b      	ldr	r3, [pc, #172]	@ (10002fe4 <_ftoa+0x358>)
10002f38:	2200      	movs	r2, #0
10002f3a:	0006      	movs	r6, r0
10002f3c:	000f      	movs	r7, r1
10002f3e:	f7ff f965 	bl	1000220c <__wrap___aeabi_dcmplt>
10002f42:	ab0c      	add	r3, sp, #48	@ 0x30
10002f44:	9306      	str	r3, [sp, #24]
10002f46:	2800      	cmp	r0, #0
10002f48:	d000      	beq.n	10002f4c <_ftoa+0x2c0>
10002f4a:	e74f      	b.n	10002dec <_ftoa+0x160>
10002f4c:	2200      	movs	r2, #0
10002f4e:	0030      	movs	r0, r6
10002f50:	0039      	movs	r1, r7
10002f52:	4b24      	ldr	r3, [pc, #144]	@ (10002fe4 <_ftoa+0x358>)
10002f54:	f7ff f970 	bl	10002238 <__wrap___aeabi_dcmpgt>
10002f58:	2800      	cmp	r0, #0
10002f5a:	d000      	beq.n	10002f5e <_ftoa+0x2d2>
10002f5c:	e746      	b.n	10002dec <_ftoa+0x160>
10002f5e:	2301      	movs	r3, #1
10002f60:	3501      	adds	r5, #1
10002f62:	439d      	bics	r5, r3
10002f64:	e742      	b.n	10002dec <_ftoa+0x160>
10002f66:	2200      	movs	r2, #0
10002f68:	9806      	ldr	r0, [sp, #24]
10002f6a:	9907      	ldr	r1, [sp, #28]
10002f6c:	4b1d      	ldr	r3, [pc, #116]	@ (10002fe4 <_ftoa+0x358>)
10002f6e:	f7ff f94d 	bl	1000220c <__wrap___aeabi_dcmplt>
10002f72:	2800      	cmp	r0, #0
10002f74:	d000      	beq.n	10002f78 <_ftoa+0x2ec>
10002f76:	e71a      	b.n	10002dae <_ftoa+0x122>
10002f78:	2f00      	cmp	r7, #0
10002f7a:	d159      	bne.n	10003030 <_ftoa+0x3a4>
10002f7c:	3701      	adds	r7, #1
10002f7e:	e716      	b.n	10002dae <_ftoa+0x122>
10002f80:	2303      	movs	r3, #3
10002f82:	9a22      	ldr	r2, [sp, #136]	@ 0x88
10002f84:	4013      	ands	r3, r2
10002f86:	2b01      	cmp	r3, #1
10002f88:	d100      	bne.n	10002f8c <_ftoa+0x300>
10002f8a:	e0a6      	b.n	100030da <_ftoa+0x44e>
10002f8c:	2c20      	cmp	r4, #32
10002f8e:	d100      	bne.n	10002f92 <_ftoa+0x306>
10002f90:	e75d      	b.n	10002e4e <_ftoa+0x1c2>
10002f92:	9b0b      	ldr	r3, [sp, #44]	@ 0x2c
10002f94:	2b00      	cmp	r3, #0
10002f96:	d03a      	beq.n	1000300e <_ftoa+0x382>
10002f98:	232d      	movs	r3, #45	@ 0x2d
10002f9a:	9a06      	ldr	r2, [sp, #24]
10002f9c:	5513      	strb	r3, [r2, r4]
10002f9e:	3401      	adds	r4, #1
10002fa0:	e755      	b.n	10002e4e <_ftoa+0x1c2>
10002fa2:	9d06      	ldr	r5, [sp, #24]
10002fa4:	2c20      	cmp	r4, #32
10002fa6:	d100      	bne.n	10002faa <_ftoa+0x31e>
10002fa8:	e71d      	b.n	10002de6 <_ftoa+0x15a>
10002faa:	2330      	movs	r3, #48	@ 0x30
10002fac:	1936      	adds	r6, r6, r4
10002fae:	e006      	b.n	10002fbe <_ftoa+0x332>
10002fb0:	aa06      	add	r2, sp, #24
10002fb2:	3401      	adds	r4, #1
10002fb4:	3217      	adds	r2, #23
10002fb6:	5513      	strb	r3, [r2, r4]
10002fb8:	2c20      	cmp	r4, #32
10002fba:	d100      	bne.n	10002fbe <_ftoa+0x332>
10002fbc:	e713      	b.n	10002de6 <_ftoa+0x15a>
10002fbe:	42a6      	cmp	r6, r4
10002fc0:	d1f6      	bne.n	10002fb0 <_ftoa+0x324>
10002fc2:	232e      	movs	r3, #46	@ 0x2e
10002fc4:	aa0c      	add	r2, sp, #48	@ 0x30
10002fc6:	3401      	adds	r4, #1
10002fc8:	9206      	str	r2, [sp, #24]
10002fca:	5593      	strb	r3, [r2, r6]
10002fcc:	e70e      	b.n	10002dec <_ftoa+0x160>
10002fce:	46c0      	nop			@ (mov r8, r8)
10002fd0:	ffefffff 	.word	0xffefffff
10002fd4:	7fefffff 	.word	0x7fefffff
10002fd8:	41cdcd65 	.word	0x41cdcd65
10002fdc:	c1cdcd65 	.word	0xc1cdcd65
10002fe0:	10008ae0 	.word	0x10008ae0
10002fe4:	3fe00000 	.word	0x3fe00000
10002fe8:	1000880c 	.word	0x1000880c
10002fec:	10008804 	.word	0x10008804
10002ff0:	10008814 	.word	0x10008814
10002ff4:	230c      	movs	r3, #12
10002ff6:	9a22      	ldr	r2, [sp, #136]	@ 0x88
10002ff8:	4213      	tst	r3, r2
10002ffa:	d057      	beq.n	100030ac <_ftoa+0x420>
10002ffc:	9b21      	ldr	r3, [sp, #132]	@ 0x84
10002ffe:	3b01      	subs	r3, #1
10003000:	9321      	str	r3, [sp, #132]	@ 0x84
10003002:	42a3      	cmp	r3, r4
10003004:	d900      	bls.n	10003008 <_ftoa+0x37c>
10003006:	e716      	b.n	10002e36 <_ftoa+0x1aa>
10003008:	2c20      	cmp	r4, #32
1000300a:	d100      	bne.n	1000300e <_ftoa+0x382>
1000300c:	e71f      	b.n	10002e4e <_ftoa+0x1c2>
1000300e:	9b22      	ldr	r3, [sp, #136]	@ 0x88
10003010:	075b      	lsls	r3, r3, #29
10003012:	d504      	bpl.n	1000301e <_ftoa+0x392>
10003014:	232b      	movs	r3, #43	@ 0x2b
10003016:	9a06      	ldr	r2, [sp, #24]
10003018:	5513      	strb	r3, [r2, r4]
1000301a:	3401      	adds	r4, #1
1000301c:	e717      	b.n	10002e4e <_ftoa+0x1c2>
1000301e:	9b22      	ldr	r3, [sp, #136]	@ 0x88
10003020:	071b      	lsls	r3, r3, #28
10003022:	d400      	bmi.n	10003026 <_ftoa+0x39a>
10003024:	e713      	b.n	10002e4e <_ftoa+0x1c2>
10003026:	2320      	movs	r3, #32
10003028:	9a06      	ldr	r2, [sp, #24]
1000302a:	5513      	strb	r3, [r2, r4]
1000302c:	3401      	adds	r4, #1
1000302e:	e70e      	b.n	10002e4e <_ftoa+0x1c2>
10003030:	07fb      	lsls	r3, r7, #31
10003032:	d400      	bmi.n	10003036 <_ftoa+0x3aa>
10003034:	e6bb      	b.n	10002dae <_ftoa+0x122>
10003036:	3701      	adds	r7, #1
10003038:	e6b9      	b.n	10002dae <_ftoa+0x122>
1000303a:	9b21      	ldr	r3, [sp, #132]	@ 0x84
1000303c:	2b04      	cmp	r3, #4
1000303e:	d800      	bhi.n	10003042 <_ftoa+0x3b6>
10003040:	e74e      	b.n	10002ee0 <_ftoa+0x254>
10003042:	4655      	mov	r5, sl
10003044:	464f      	mov	r7, r9
10003046:	3c04      	subs	r4, #4
10003048:	18e4      	adds	r4, r4, r3
1000304a:	002a      	movs	r2, r5
1000304c:	4643      	mov	r3, r8
1000304e:	3501      	adds	r5, #1
10003050:	0039      	movs	r1, r7
10003052:	2020      	movs	r0, #32
10003054:	47d8      	blx	fp
10003056:	42ac      	cmp	r4, r5
10003058:	d1f7      	bne.n	1000304a <_ftoa+0x3be>
1000305a:	e741      	b.n	10002ee0 <_ftoa+0x254>
1000305c:	2702      	movs	r7, #2
1000305e:	9b22      	ldr	r3, [sp, #136]	@ 0x88
10003060:	4655      	mov	r5, sl
10003062:	401f      	ands	r7, r3
10003064:	079b      	lsls	r3, r3, #30
10003066:	d026      	beq.n	100030b6 <_ftoa+0x42a>
10003068:	9706      	str	r7, [sp, #24]
1000306a:	465f      	mov	r7, fp
1000306c:	4e23      	ldr	r6, [pc, #140]	@ (100030fc <_ftoa+0x470>)
1000306e:	1cec      	adds	r4, r5, #3
10003070:	002a      	movs	r2, r5
10003072:	78b0      	ldrb	r0, [r6, #2]
10003074:	4643      	mov	r3, r8
10003076:	4649      	mov	r1, r9
10003078:	3501      	adds	r5, #1
1000307a:	47b8      	blx	r7
1000307c:	3e01      	subs	r6, #1
1000307e:	42ac      	cmp	r4, r5
10003080:	d1f6      	bne.n	10003070 <_ftoa+0x3e4>
10003082:	9f06      	ldr	r7, [sp, #24]
10003084:	2f00      	cmp	r7, #0
10003086:	d100      	bne.n	1000308a <_ftoa+0x3fe>
10003088:	e6f8      	b.n	10002e7c <_ftoa+0x1f0>
1000308a:	4657      	mov	r7, sl
1000308c:	9a21      	ldr	r2, [sp, #132]	@ 0x84
1000308e:	1be3      	subs	r3, r4, r7
10003090:	429a      	cmp	r2, r3
10003092:	d800      	bhi.n	10003096 <_ftoa+0x40a>
10003094:	e6f2      	b.n	10002e7c <_ftoa+0x1f0>
10003096:	0015      	movs	r5, r2
10003098:	0022      	movs	r2, r4
1000309a:	4643      	mov	r3, r8
1000309c:	4649      	mov	r1, r9
1000309e:	2020      	movs	r0, #32
100030a0:	3401      	adds	r4, #1
100030a2:	47d8      	blx	fp
100030a4:	1be3      	subs	r3, r4, r7
100030a6:	42ab      	cmp	r3, r5
100030a8:	d3f6      	bcc.n	10003098 <_ftoa+0x40c>
100030aa:	e6e7      	b.n	10002e7c <_ftoa+0x1f0>
100030ac:	9b21      	ldr	r3, [sp, #132]	@ 0x84
100030ae:	42a3      	cmp	r3, r4
100030b0:	d900      	bls.n	100030b4 <_ftoa+0x428>
100030b2:	e6c0      	b.n	10002e36 <_ftoa+0x1aa>
100030b4:	e6cb      	b.n	10002e4e <_ftoa+0x1c2>
100030b6:	9b21      	ldr	r3, [sp, #132]	@ 0x84
100030b8:	2b03      	cmp	r3, #3
100030ba:	d9d5      	bls.n	10003068 <_ftoa+0x3dc>
100030bc:	9706      	str	r7, [sp, #24]
100030be:	4654      	mov	r4, sl
100030c0:	464f      	mov	r7, r9
100030c2:	3d03      	subs	r5, #3
100030c4:	18ed      	adds	r5, r5, r3
100030c6:	0022      	movs	r2, r4
100030c8:	4643      	mov	r3, r8
100030ca:	3401      	adds	r4, #1
100030cc:	0039      	movs	r1, r7
100030ce:	2020      	movs	r0, #32
100030d0:	47d8      	blx	fp
100030d2:	42a5      	cmp	r5, r4
100030d4:	d1f7      	bne.n	100030c6 <_ftoa+0x43a>
100030d6:	9f06      	ldr	r7, [sp, #24]
100030d8:	e7c6      	b.n	10003068 <_ftoa+0x3dc>
100030da:	9b21      	ldr	r3, [sp, #132]	@ 0x84
100030dc:	2b00      	cmp	r3, #0
100030de:	d100      	bne.n	100030e2 <_ftoa+0x456>
100030e0:	e754      	b.n	10002f8c <_ftoa+0x300>
100030e2:	9b0b      	ldr	r3, [sp, #44]	@ 0x2c
100030e4:	2b00      	cmp	r3, #0
100030e6:	d085      	beq.n	10002ff4 <_ftoa+0x368>
100030e8:	9b21      	ldr	r3, [sp, #132]	@ 0x84
100030ea:	3b01      	subs	r3, #1
100030ec:	9321      	str	r3, [sp, #132]	@ 0x84
100030ee:	429c      	cmp	r4, r3
100030f0:	d200      	bcs.n	100030f4 <_ftoa+0x468>
100030f2:	e6a0      	b.n	10002e36 <_ftoa+0x1aa>
100030f4:	2c20      	cmp	r4, #32
100030f6:	d000      	beq.n	100030fa <_ftoa+0x46e>
100030f8:	e74e      	b.n	10002f98 <_ftoa+0x30c>
100030fa:	e6a8      	b.n	10002e4e <_ftoa+0x1c2>
100030fc:	10008810 	.word	0x10008810

10003100 <_etoa>:
10003100:	b5f0      	push	{r4, r5, r6, r7, lr}
10003102:	4645      	mov	r5, r8
10003104:	46de      	mov	lr, fp
10003106:	4657      	mov	r7, sl
10003108:	464e      	mov	r6, r9
1000310a:	b5e0      	push	{r5, r6, r7, lr}
1000310c:	b09b      	sub	sp, #108	@ 0x6c
1000310e:	9c24      	ldr	r4, [sp, #144]	@ 0x90
10003110:	9d25      	ldr	r5, [sp, #148]	@ 0x94
10003112:	4682      	mov	sl, r0
10003114:	4688      	mov	r8, r1
10003116:	4693      	mov	fp, r2
10003118:	4699      	mov	r9, r3
1000311a:	0022      	movs	r2, r4
1000311c:	002b      	movs	r3, r5
1000311e:	0020      	movs	r0, r4
10003120:	0029      	movs	r1, r5
10003122:	f7ff f88e 	bl	10002242 <__wrap___aeabi_dcmpun>
10003126:	2800      	cmp	r0, #0
10003128:	d000      	beq.n	1000312c <_etoa+0x2c>
1000312a:	e0c1      	b.n	100032b0 <_etoa+0x1b0>
1000312c:	2201      	movs	r2, #1
1000312e:	0020      	movs	r0, r4
10003130:	0029      	movs	r1, r5
10003132:	4b7c      	ldr	r3, [pc, #496]	@ (10003324 <_etoa+0x224>)
10003134:	4252      	negs	r2, r2
10003136:	f7ff f87f 	bl	10002238 <__wrap___aeabi_dcmpgt>
1000313a:	2800      	cmp	r0, #0
1000313c:	d000      	beq.n	10003140 <_etoa+0x40>
1000313e:	e0b7      	b.n	100032b0 <_etoa+0x1b0>
10003140:	2201      	movs	r2, #1
10003142:	0020      	movs	r0, r4
10003144:	0029      	movs	r1, r5
10003146:	4b78      	ldr	r3, [pc, #480]	@ (10003328 <_etoa+0x228>)
10003148:	4252      	negs	r2, r2
1000314a:	f7ff f85f 	bl	1000220c <__wrap___aeabi_dcmplt>
1000314e:	2800      	cmp	r0, #0
10003150:	d000      	beq.n	10003154 <_etoa+0x54>
10003152:	e0ad      	b.n	100032b0 <_etoa+0x1b0>
10003154:	2200      	movs	r2, #0
10003156:	2300      	movs	r3, #0
10003158:	0020      	movs	r0, r4
1000315a:	0029      	movs	r1, r5
1000315c:	f7ff f856 	bl	1000220c <__wrap___aeabi_dcmplt>
10003160:	2800      	cmp	r0, #0
10003162:	d000      	beq.n	10003166 <_etoa+0x66>
10003164:	e1bb      	b.n	100034de <_etoa+0x3de>
10003166:	9408      	str	r4, [sp, #32]
10003168:	9509      	str	r5, [sp, #36]	@ 0x24
1000316a:	9808      	ldr	r0, [sp, #32]
1000316c:	9909      	ldr	r1, [sp, #36]	@ 0x24
1000316e:	2380      	movs	r3, #128	@ 0x80
10003170:	9a28      	ldr	r2, [sp, #160]	@ 0xa0
10003172:	00db      	lsls	r3, r3, #3
10003174:	401a      	ands	r2, r3
10003176:	920f      	str	r2, [sp, #60]	@ 0x3c
10003178:	2280      	movs	r2, #128	@ 0x80
1000317a:	9e28      	ldr	r6, [sp, #160]	@ 0xa0
1000317c:	0112      	lsls	r2, r2, #4
1000317e:	4016      	ands	r6, r2
10003180:	0032      	movs	r2, r6
10003182:	960e      	str	r6, [sp, #56]	@ 0x38
10003184:	9e28      	ldr	r6, [sp, #160]	@ 0xa0
10003186:	000f      	movs	r7, r1
10003188:	900a      	str	r0, [sp, #40]	@ 0x28
1000318a:	421e      	tst	r6, r3
1000318c:	d000      	beq.n	10003190 <_etoa+0x90>
1000318e:	e0a4      	b.n	100032da <_etoa+0x1da>
10003190:	000b      	movs	r3, r1
10003192:	4303      	orrs	r3, r0
10003194:	d000      	beq.n	10003198 <_etoa+0x98>
10003196:	e0cb      	b.n	10003330 <_etoa+0x230>
10003198:	2a00      	cmp	r2, #0
1000319a:	d000      	beq.n	1000319e <_etoa+0x9e>
1000319c:	e212      	b.n	100035c4 <_etoa+0x4c4>
1000319e:	0032      	movs	r2, r6
100031a0:	3306      	adds	r3, #6
100031a2:	9326      	str	r3, [sp, #152]	@ 0x98
100031a4:	2302      	movs	r3, #2
100031a6:	4013      	ands	r3, r2
100031a8:	930c      	str	r3, [sp, #48]	@ 0x30
100031aa:	2302      	movs	r3, #2
100031ac:	4213      	tst	r3, r2
100031ae:	d000      	beq.n	100031b2 <_etoa+0xb2>
100031b0:	e20a      	b.n	100035c8 <_etoa+0x4c8>
100031b2:	9b27      	ldr	r3, [sp, #156]	@ 0x9c
100031b4:	2b04      	cmp	r3, #4
100031b6:	d200      	bcs.n	100031ba <_etoa+0xba>
100031b8:	e215      	b.n	100035e6 <_etoa+0x4e6>
100031ba:	2700      	movs	r7, #0
100031bc:	2604      	movs	r6, #4
100031be:	3b04      	subs	r3, #4
100031c0:	930e      	str	r3, [sp, #56]	@ 0x38
100031c2:	2200      	movs	r2, #0
100031c4:	2300      	movs	r3, #0
100031c6:	0020      	movs	r0, r4
100031c8:	0029      	movs	r1, r5
100031ca:	f7ff f81f 	bl	1000220c <__wrap___aeabi_dcmplt>
100031ce:	2800      	cmp	r0, #0
100031d0:	d000      	beq.n	100031d4 <_etoa+0xd4>
100031d2:	e1c8      	b.n	10003566 <_etoa+0x466>
100031d4:	4b55      	ldr	r3, [pc, #340]	@ (1000332c <_etoa+0x22c>)
100031d6:	9a28      	ldr	r2, [sp, #160]	@ 0xa0
100031d8:	4013      	ands	r3, r2
100031da:	9304      	str	r3, [sp, #16]
100031dc:	9b0e      	ldr	r3, [sp, #56]	@ 0x38
100031de:	9303      	str	r3, [sp, #12]
100031e0:	9b26      	ldr	r3, [sp, #152]	@ 0x98
100031e2:	9302      	str	r3, [sp, #8]
100031e4:	9b08      	ldr	r3, [sp, #32]
100031e6:	9c09      	ldr	r4, [sp, #36]	@ 0x24
100031e8:	9300      	str	r3, [sp, #0]
100031ea:	9401      	str	r4, [sp, #4]
100031ec:	4641      	mov	r1, r8
100031ee:	464b      	mov	r3, r9
100031f0:	465a      	mov	r2, fp
100031f2:	4650      	mov	r0, sl
100031f4:	f7ff fd4a 	bl	10002c8c <_ftoa>
100031f8:	0002      	movs	r2, r0
100031fa:	2020      	movs	r0, #32
100031fc:	9b28      	ldr	r3, [sp, #160]	@ 0xa0
100031fe:	2500      	movs	r5, #0
10003200:	4003      	ands	r3, r0
10003202:	4259      	negs	r1, r3
10003204:	414b      	adcs	r3, r1
10003206:	425b      	negs	r3, r3
10003208:	4018      	ands	r0, r3
1000320a:	1c53      	adds	r3, r2, #1
1000320c:	9308      	str	r3, [sp, #32]
1000320e:	4641      	mov	r1, r8
10003210:	464b      	mov	r3, r9
10003212:	3045      	adds	r0, #69	@ 0x45
10003214:	47d0      	blx	sl
10003216:	17fb      	asrs	r3, r7, #31
10003218:	18fc      	adds	r4, r7, r3
1000321a:	405c      	eors	r4, r3
1000321c:	0ffb      	lsrs	r3, r7, #31
1000321e:	271f      	movs	r7, #31
10003220:	930a      	str	r3, [sp, #40]	@ 0x28
10003222:	1e73      	subs	r3, r6, #1
10003224:	930e      	str	r3, [sp, #56]	@ 0x38
10003226:	ab0a      	add	r3, sp, #40	@ 0x28
10003228:	18ff      	adds	r7, r7, r3
1000322a:	e006      	b.n	1000323a <_etoa+0x13a>
1000322c:	0020      	movs	r0, r4
1000322e:	210a      	movs	r1, #10
10003230:	f7fe fd3e 	bl	10001cb0 <__wrap___aeabi_uidiv>
10003234:	0004      	movs	r4, r0
10003236:	2d20      	cmp	r5, #32
10003238:	d008      	beq.n	1000324c <_etoa+0x14c>
1000323a:	210a      	movs	r1, #10
1000323c:	0020      	movs	r0, r4
1000323e:	f7fe fd37 	bl	10001cb0 <__wrap___aeabi_uidiv>
10003242:	3501      	adds	r5, #1
10003244:	3130      	adds	r1, #48	@ 0x30
10003246:	5579      	strb	r1, [r7, r5]
10003248:	2c09      	cmp	r4, #9
1000324a:	d8ef      	bhi.n	1000322c <_etoa+0x12c>
1000324c:	2305      	movs	r3, #5
1000324e:	9306      	str	r3, [sp, #24]
10003250:	9b0e      	ldr	r3, [sp, #56]	@ 0x38
10003252:	4656      	mov	r6, sl
10003254:	9305      	str	r3, [sp, #20]
10003256:	2300      	movs	r3, #0
10003258:	9304      	str	r3, [sp, #16]
1000325a:	330a      	adds	r3, #10
1000325c:	9303      	str	r3, [sp, #12]
1000325e:	9b0a      	ldr	r3, [sp, #40]	@ 0x28
10003260:	4641      	mov	r1, r8
10003262:	9302      	str	r3, [sp, #8]
10003264:	ab12      	add	r3, sp, #72	@ 0x48
10003266:	9300      	str	r3, [sp, #0]
10003268:	0030      	movs	r0, r6
1000326a:	464b      	mov	r3, r9
1000326c:	9a08      	ldr	r2, [sp, #32]
1000326e:	9501      	str	r5, [sp, #4]
10003270:	f7ff fc10 	bl	10002a94 <_ntoa_format>
10003274:	9b0c      	ldr	r3, [sp, #48]	@ 0x30
10003276:	2b00      	cmp	r3, #0
10003278:	d028      	beq.n	100032cc <_etoa+0x1cc>
1000327a:	465f      	mov	r7, fp
1000327c:	9b27      	ldr	r3, [sp, #156]	@ 0x9c
1000327e:	1bc4      	subs	r4, r0, r7
10003280:	42a3      	cmp	r3, r4
10003282:	d923      	bls.n	100032cc <_etoa+0x1cc>
10003284:	4682      	mov	sl, r0
10003286:	001d      	movs	r5, r3
10003288:	193a      	adds	r2, r7, r4
1000328a:	464b      	mov	r3, r9
1000328c:	4641      	mov	r1, r8
1000328e:	2020      	movs	r0, #32
10003290:	3401      	adds	r4, #1
10003292:	47b0      	blx	r6
10003294:	42a5      	cmp	r5, r4
10003296:	d8f7      	bhi.n	10003288 <_etoa+0x188>
10003298:	4650      	mov	r0, sl
1000329a:	4659      	mov	r1, fp
1000329c:	9c27      	ldr	r4, [sp, #156]	@ 0x9c
1000329e:	1a42      	subs	r2, r0, r1
100032a0:	3201      	adds	r2, #1
100032a2:	2300      	movs	r3, #0
100032a4:	4294      	cmp	r4, r2
100032a6:	d300      	bcc.n	100032aa <_etoa+0x1aa>
100032a8:	e195      	b.n	100035d6 <_etoa+0x4d6>
100032aa:	3001      	adds	r0, #1
100032ac:	1818      	adds	r0, r3, r0
100032ae:	e00d      	b.n	100032cc <_etoa+0x1cc>
100032b0:	9b28      	ldr	r3, [sp, #160]	@ 0xa0
100032b2:	9400      	str	r4, [sp, #0]
100032b4:	9501      	str	r5, [sp, #4]
100032b6:	9304      	str	r3, [sp, #16]
100032b8:	9b27      	ldr	r3, [sp, #156]	@ 0x9c
100032ba:	9303      	str	r3, [sp, #12]
100032bc:	9b26      	ldr	r3, [sp, #152]	@ 0x98
100032be:	9302      	str	r3, [sp, #8]
100032c0:	464b      	mov	r3, r9
100032c2:	465a      	mov	r2, fp
100032c4:	4641      	mov	r1, r8
100032c6:	4650      	mov	r0, sl
100032c8:	f7ff fce0 	bl	10002c8c <_ftoa>
100032cc:	b01b      	add	sp, #108	@ 0x6c
100032ce:	bcf0      	pop	{r4, r5, r6, r7}
100032d0:	46bb      	mov	fp, r7
100032d2:	46b2      	mov	sl, r6
100032d4:	46a9      	mov	r9, r5
100032d6:	46a0      	mov	r8, r4
100032d8:	bdf0      	pop	{r4, r5, r6, r7, pc}
100032da:	4301      	orrs	r1, r0
100032dc:	d12a      	bne.n	10003334 <_etoa+0x234>
100032de:	9b0e      	ldr	r3, [sp, #56]	@ 0x38
100032e0:	0032      	movs	r2, r6
100032e2:	2b00      	cmp	r3, #0
100032e4:	d100      	bne.n	100032e8 <_etoa+0x1e8>
100032e6:	e75d      	b.n	100031a4 <_etoa+0xa4>
100032e8:	2700      	movs	r7, #0
100032ea:	9b26      	ldr	r3, [sp, #152]	@ 0x98
100032ec:	2600      	movs	r6, #0
100032ee:	42bb      	cmp	r3, r7
100032f0:	dd00      	ble.n	100032f4 <_etoa+0x1f4>
100032f2:	e182      	b.n	100035fa <_etoa+0x4fa>
100032f4:	2200      	movs	r2, #0
100032f6:	2300      	movs	r3, #0
100032f8:	0020      	movs	r0, r4
100032fa:	0029      	movs	r1, r5
100032fc:	f7fe ff86 	bl	1000220c <__wrap___aeabi_dcmplt>
10003300:	2800      	cmp	r0, #0
10003302:	d000      	beq.n	10003306 <_etoa+0x206>
10003304:	e14b      	b.n	1000359e <_etoa+0x49e>
10003306:	9b28      	ldr	r3, [sp, #160]	@ 0xa0
10003308:	4a08      	ldr	r2, [pc, #32]	@ (1000332c <_etoa+0x22c>)
1000330a:	9602      	str	r6, [sp, #8]
1000330c:	401a      	ands	r2, r3
1000330e:	2380      	movs	r3, #128	@ 0x80
10003310:	00db      	lsls	r3, r3, #3
10003312:	4313      	orrs	r3, r2
10003314:	9304      	str	r3, [sp, #16]
10003316:	9b27      	ldr	r3, [sp, #156]	@ 0x9c
10003318:	9303      	str	r3, [sp, #12]
1000331a:	9b08      	ldr	r3, [sp, #32]
1000331c:	9c09      	ldr	r4, [sp, #36]	@ 0x24
1000331e:	9300      	str	r3, [sp, #0]
10003320:	9401      	str	r4, [sp, #4]
10003322:	e7cd      	b.n	100032c0 <_etoa+0x1c0>
10003324:	7fefffff 	.word	0x7fefffff
10003328:	ffefffff 	.word	0xffefffff
1000332c:	fffff7ff 	.word	0xfffff7ff
10003330:	2306      	movs	r3, #6
10003332:	9326      	str	r3, [sp, #152]	@ 0x98
10003334:	4bb2      	ldr	r3, [pc, #712]	@ (10003600 <_etoa+0x500>)
10003336:	0078      	lsls	r0, r7, #1
10003338:	0d40      	lsrs	r0, r0, #21
1000333a:	18c0      	adds	r0, r0, r3
1000333c:	f7fe ff92 	bl	10002264 <__wrap___aeabi_i2d>
10003340:	4ab0      	ldr	r2, [pc, #704]	@ (10003604 <_etoa+0x504>)
10003342:	4bb1      	ldr	r3, [pc, #708]	@ (10003608 <_etoa+0x508>)
10003344:	f7fe ff1f 	bl	10002186 <__wrap___aeabi_dmul>
10003348:	4ab0      	ldr	r2, [pc, #704]	@ (1000360c <_etoa+0x50c>)
1000334a:	4bb1      	ldr	r3, [pc, #708]	@ (10003610 <_etoa+0x510>)
1000334c:	f7fe fef4 	bl	10002138 <__wrap___aeabi_dadd>
10003350:	033f      	lsls	r7, r7, #12
10003352:	4bb0      	ldr	r3, [pc, #704]	@ (10003614 <_etoa+0x514>)
10003354:	0b3f      	lsrs	r7, r7, #12
10003356:	433b      	orrs	r3, r7
10003358:	900c      	str	r0, [sp, #48]	@ 0x30
1000335a:	910d      	str	r1, [sp, #52]	@ 0x34
1000335c:	2200      	movs	r2, #0
1000335e:	980a      	ldr	r0, [sp, #40]	@ 0x28
10003360:	0019      	movs	r1, r3
10003362:	4bad      	ldr	r3, [pc, #692]	@ (10003618 <_etoa+0x518>)
10003364:	f7fe fedf 	bl	10002126 <__wrap___aeabi_dsub>
10003368:	4aac      	ldr	r2, [pc, #688]	@ (1000361c <_etoa+0x51c>)
1000336a:	4bad      	ldr	r3, [pc, #692]	@ (10003620 <_etoa+0x520>)
1000336c:	f7fe ff0b 	bl	10002186 <__wrap___aeabi_dmul>
10003370:	0002      	movs	r2, r0
10003372:	000b      	movs	r3, r1
10003374:	980c      	ldr	r0, [sp, #48]	@ 0x30
10003376:	990d      	ldr	r1, [sp, #52]	@ 0x34
10003378:	f7fe fede 	bl	10002138 <__wrap___aeabi_dadd>
1000337c:	f7fe ff8a 	bl	10002294 <__wrap___aeabi_d2iz>
10003380:	0007      	movs	r7, r0
10003382:	f7fe ff6f 	bl	10002264 <__wrap___aeabi_i2d>
10003386:	4aa7      	ldr	r2, [pc, #668]	@ (10003624 <_etoa+0x524>)
10003388:	4ba7      	ldr	r3, [pc, #668]	@ (10003628 <_etoa+0x528>)
1000338a:	900a      	str	r0, [sp, #40]	@ 0x28
1000338c:	910b      	str	r1, [sp, #44]	@ 0x2c
1000338e:	f7fe fefa 	bl	10002186 <__wrap___aeabi_dmul>
10003392:	2200      	movs	r2, #0
10003394:	4ba5      	ldr	r3, [pc, #660]	@ (1000362c <_etoa+0x52c>)
10003396:	f7fe fecf 	bl	10002138 <__wrap___aeabi_dadd>
1000339a:	f7fe ff7b 	bl	10002294 <__wrap___aeabi_d2iz>
1000339e:	4aa4      	ldr	r2, [pc, #656]	@ (10003630 <_etoa+0x530>)
100033a0:	0006      	movs	r6, r0
100033a2:	980a      	ldr	r0, [sp, #40]	@ 0x28
100033a4:	990b      	ldr	r1, [sp, #44]	@ 0x2c
100033a6:	4ba3      	ldr	r3, [pc, #652]	@ (10003634 <_etoa+0x534>)
100033a8:	f7fe feed 	bl	10002186 <__wrap___aeabi_dmul>
100033ac:	900a      	str	r0, [sp, #40]	@ 0x28
100033ae:	910b      	str	r1, [sp, #44]	@ 0x2c
100033b0:	0030      	movs	r0, r6
100033b2:	f7fe ff57 	bl	10002264 <__wrap___aeabi_i2d>
100033b6:	4aa0      	ldr	r2, [pc, #640]	@ (10003638 <_etoa+0x538>)
100033b8:	4ba0      	ldr	r3, [pc, #640]	@ (1000363c <_etoa+0x53c>)
100033ba:	f7fe fee4 	bl	10002186 <__wrap___aeabi_dmul>
100033be:	0002      	movs	r2, r0
100033c0:	000b      	movs	r3, r1
100033c2:	980a      	ldr	r0, [sp, #40]	@ 0x28
100033c4:	990b      	ldr	r1, [sp, #44]	@ 0x2c
100033c6:	f7fe feae 	bl	10002126 <__wrap___aeabi_dsub>
100033ca:	0002      	movs	r2, r0
100033cc:	000b      	movs	r3, r1
100033ce:	900a      	str	r0, [sp, #40]	@ 0x28
100033d0:	910b      	str	r1, [sp, #44]	@ 0x2c
100033d2:	f7fe fed8 	bl	10002186 <__wrap___aeabi_dmul>
100033d6:	900c      	str	r0, [sp, #48]	@ 0x30
100033d8:	910d      	str	r1, [sp, #52]	@ 0x34
100033da:	980a      	ldr	r0, [sp, #40]	@ 0x28
100033dc:	990b      	ldr	r1, [sp, #44]	@ 0x2c
100033de:	0002      	movs	r2, r0
100033e0:	000b      	movs	r3, r1
100033e2:	f7fe fea9 	bl	10002138 <__wrap___aeabi_dadd>
100033e6:	2200      	movs	r2, #0
100033e8:	9010      	str	r0, [sp, #64]	@ 0x40
100033ea:	9111      	str	r1, [sp, #68]	@ 0x44
100033ec:	980c      	ldr	r0, [sp, #48]	@ 0x30
100033ee:	990d      	ldr	r1, [sp, #52]	@ 0x34
100033f0:	4b93      	ldr	r3, [pc, #588]	@ (10003640 <_etoa+0x540>)
100033f2:	f7fe feaa 	bl	1000214a <__wrap___aeabi_ddiv>
100033f6:	2200      	movs	r2, #0
100033f8:	4b92      	ldr	r3, [pc, #584]	@ (10003644 <_etoa+0x544>)
100033fa:	f7fe fe9d 	bl	10002138 <__wrap___aeabi_dadd>
100033fe:	0002      	movs	r2, r0
10003400:	000b      	movs	r3, r1
10003402:	980c      	ldr	r0, [sp, #48]	@ 0x30
10003404:	990d      	ldr	r1, [sp, #52]	@ 0x34
10003406:	f7fe fea0 	bl	1000214a <__wrap___aeabi_ddiv>
1000340a:	2200      	movs	r2, #0
1000340c:	4b8e      	ldr	r3, [pc, #568]	@ (10003648 <_etoa+0x548>)
1000340e:	f7fe fe93 	bl	10002138 <__wrap___aeabi_dadd>
10003412:	0002      	movs	r2, r0
10003414:	000b      	movs	r3, r1
10003416:	980c      	ldr	r0, [sp, #48]	@ 0x30
10003418:	990d      	ldr	r1, [sp, #52]	@ 0x34
1000341a:	f7fe fe96 	bl	1000214a <__wrap___aeabi_ddiv>
1000341e:	9a0a      	ldr	r2, [sp, #40]	@ 0x28
10003420:	9b0b      	ldr	r3, [sp, #44]	@ 0x2c
10003422:	900c      	str	r0, [sp, #48]	@ 0x30
10003424:	910d      	str	r1, [sp, #52]	@ 0x34
10003426:	2180      	movs	r1, #128	@ 0x80
10003428:	2000      	movs	r0, #0
1000342a:	05c9      	lsls	r1, r1, #23
1000342c:	f7fe fe7b 	bl	10002126 <__wrap___aeabi_dsub>
10003430:	0002      	movs	r2, r0
10003432:	000b      	movs	r3, r1
10003434:	980c      	ldr	r0, [sp, #48]	@ 0x30
10003436:	990d      	ldr	r1, [sp, #52]	@ 0x34
10003438:	f7fe fe7e 	bl	10002138 <__wrap___aeabi_dadd>
1000343c:	0002      	movs	r2, r0
1000343e:	000b      	movs	r3, r1
10003440:	9810      	ldr	r0, [sp, #64]	@ 0x40
10003442:	9911      	ldr	r1, [sp, #68]	@ 0x44
10003444:	f7fe fe81 	bl	1000214a <__wrap___aeabi_ddiv>
10003448:	2200      	movs	r2, #0
1000344a:	4b72      	ldr	r3, [pc, #456]	@ (10003614 <_etoa+0x514>)
1000344c:	f7fe fe74 	bl	10002138 <__wrap___aeabi_dadd>
10003450:	4b7e      	ldr	r3, [pc, #504]	@ (1000364c <_etoa+0x54c>)
10003452:	2200      	movs	r2, #0
10003454:	18f6      	adds	r6, r6, r3
10003456:	0533      	lsls	r3, r6, #20
10003458:	f7fe fe95 	bl	10002186 <__wrap___aeabi_dmul>
1000345c:	0002      	movs	r2, r0
1000345e:	000b      	movs	r3, r1
10003460:	900a      	str	r0, [sp, #40]	@ 0x28
10003462:	910b      	str	r1, [sp, #44]	@ 0x2c
10003464:	9808      	ldr	r0, [sp, #32]
10003466:	9909      	ldr	r1, [sp, #36]	@ 0x24
10003468:	f7fe fed0 	bl	1000220c <__wrap___aeabi_dcmplt>
1000346c:	2800      	cmp	r0, #0
1000346e:	d008      	beq.n	10003482 <_etoa+0x382>
10003470:	980a      	ldr	r0, [sp, #40]	@ 0x28
10003472:	990b      	ldr	r1, [sp, #44]	@ 0x2c
10003474:	2200      	movs	r2, #0
10003476:	4b73      	ldr	r3, [pc, #460]	@ (10003644 <_etoa+0x544>)
10003478:	f7fe fe67 	bl	1000214a <__wrap___aeabi_ddiv>
1000347c:	900a      	str	r0, [sp, #40]	@ 0x28
1000347e:	910b      	str	r1, [sp, #44]	@ 0x2c
10003480:	3f01      	subs	r7, #1
10003482:	990a      	ldr	r1, [sp, #40]	@ 0x28
10003484:	9a0b      	ldr	r2, [sp, #44]	@ 0x2c
10003486:	000b      	movs	r3, r1
10003488:	0011      	movs	r1, r2
1000348a:	003a      	movs	r2, r7
1000348c:	3263      	adds	r2, #99	@ 0x63
1000348e:	2ac6      	cmp	r2, #198	@ 0xc6
10003490:	d812      	bhi.n	100034b8 <_etoa+0x3b8>
10003492:	2202      	movs	r2, #2
10003494:	9828      	ldr	r0, [sp, #160]	@ 0xa0
10003496:	2604      	movs	r6, #4
10003498:	4010      	ands	r0, r2
1000349a:	9a0e      	ldr	r2, [sp, #56]	@ 0x38
1000349c:	900c      	str	r0, [sp, #48]	@ 0x30
1000349e:	2a00      	cmp	r2, #0
100034a0:	d126      	bne.n	100034f0 <_etoa+0x3f0>
100034a2:	9b27      	ldr	r3, [sp, #156]	@ 0x9c
100034a4:	2b04      	cmp	r3, #4
100034a6:	d905      	bls.n	100034b4 <_etoa+0x3b4>
100034a8:	2800      	cmp	r0, #0
100034aa:	d000      	beq.n	100034ae <_etoa+0x3ae>
100034ac:	e0a1      	b.n	100035f2 <_etoa+0x4f2>
100034ae:	9b27      	ldr	r3, [sp, #156]	@ 0x9c
100034b0:	3b04      	subs	r3, #4
100034b2:	930e      	str	r3, [sp, #56]	@ 0x38
100034b4:	2604      	movs	r6, #4
100034b6:	e042      	b.n	1000353e <_etoa+0x43e>
100034b8:	2202      	movs	r2, #2
100034ba:	9828      	ldr	r0, [sp, #160]	@ 0xa0
100034bc:	4010      	ands	r0, r2
100034be:	9a0e      	ldr	r2, [sp, #56]	@ 0x38
100034c0:	900c      	str	r0, [sp, #48]	@ 0x30
100034c2:	2a00      	cmp	r2, #0
100034c4:	d113      	bne.n	100034ee <_etoa+0x3ee>
100034c6:	9b27      	ldr	r3, [sp, #156]	@ 0x9c
100034c8:	2b05      	cmp	r3, #5
100034ca:	d800      	bhi.n	100034ce <_etoa+0x3ce>
100034cc:	e089      	b.n	100035e2 <_etoa+0x4e2>
100034ce:	2800      	cmp	r0, #0
100034d0:	d000      	beq.n	100034d4 <_etoa+0x3d4>
100034d2:	e084      	b.n	100035de <_etoa+0x4de>
100034d4:	9b27      	ldr	r3, [sp, #156]	@ 0x9c
100034d6:	2605      	movs	r6, #5
100034d8:	3b05      	subs	r3, #5
100034da:	930e      	str	r3, [sp, #56]	@ 0x38
100034dc:	e032      	b.n	10003544 <_etoa+0x444>
100034de:	2380      	movs	r3, #128	@ 0x80
100034e0:	061b      	lsls	r3, r3, #24
100034e2:	469c      	mov	ip, r3
100034e4:	44ac      	add	ip, r5
100034e6:	4663      	mov	r3, ip
100034e8:	9408      	str	r4, [sp, #32]
100034ea:	9309      	str	r3, [sp, #36]	@ 0x24
100034ec:	e63d      	b.n	1000316a <_etoa+0x6a>
100034ee:	2605      	movs	r6, #5
100034f0:	430b      	orrs	r3, r1
100034f2:	d100      	bne.n	100034f6 <_etoa+0x3f6>
100034f4:	e6f9      	b.n	100032ea <_etoa+0x1ea>
100034f6:	9808      	ldr	r0, [sp, #32]
100034f8:	9909      	ldr	r1, [sp, #36]	@ 0x24
100034fa:	4a55      	ldr	r2, [pc, #340]	@ (10003650 <_etoa+0x550>)
100034fc:	4b55      	ldr	r3, [pc, #340]	@ (10003654 <_etoa+0x554>)
100034fe:	f7fe fe93 	bl	10002228 <__wrap___aeabi_dcmpge>
10003502:	2800      	cmp	r0, #0
10003504:	d008      	beq.n	10003518 <_etoa+0x418>
10003506:	9808      	ldr	r0, [sp, #32]
10003508:	9909      	ldr	r1, [sp, #36]	@ 0x24
1000350a:	2200      	movs	r2, #0
1000350c:	4b52      	ldr	r3, [pc, #328]	@ (10003658 <_etoa+0x558>)
1000350e:	f7fe fe7d 	bl	1000220c <__wrap___aeabi_dcmplt>
10003512:	2800      	cmp	r0, #0
10003514:	d000      	beq.n	10003518 <_etoa+0x418>
10003516:	e6e8      	b.n	100032ea <_etoa+0x1ea>
10003518:	9b26      	ldr	r3, [sp, #152]	@ 0x98
1000351a:	2b00      	cmp	r3, #0
1000351c:	d034      	beq.n	10003588 <_etoa+0x488>
1000351e:	9b0f      	ldr	r3, [sp, #60]	@ 0x3c
10003520:	2b00      	cmp	r3, #0
10003522:	d031      	beq.n	10003588 <_etoa+0x488>
10003524:	9b26      	ldr	r3, [sp, #152]	@ 0x98
10003526:	3b01      	subs	r3, #1
10003528:	9326      	str	r3, [sp, #152]	@ 0x98
1000352a:	9b27      	ldr	r3, [sp, #156]	@ 0x9c
1000352c:	42b3      	cmp	r3, r6
1000352e:	d904      	bls.n	1000353a <_etoa+0x43a>
10003530:	9b0c      	ldr	r3, [sp, #48]	@ 0x30
10003532:	2b00      	cmp	r3, #0
10003534:	d059      	beq.n	100035ea <_etoa+0x4ea>
10003536:	2302      	movs	r3, #2
10003538:	930c      	str	r3, [sp, #48]	@ 0x30
1000353a:	2300      	movs	r3, #0
1000353c:	930e      	str	r3, [sp, #56]	@ 0x38
1000353e:	2f00      	cmp	r7, #0
10003540:	d100      	bne.n	10003544 <_etoa+0x444>
10003542:	e63e      	b.n	100031c2 <_etoa+0xc2>
10003544:	9a0a      	ldr	r2, [sp, #40]	@ 0x28
10003546:	9b0b      	ldr	r3, [sp, #44]	@ 0x2c
10003548:	9808      	ldr	r0, [sp, #32]
1000354a:	9909      	ldr	r1, [sp, #36]	@ 0x24
1000354c:	f7fe fdfd 	bl	1000214a <__wrap___aeabi_ddiv>
10003550:	2200      	movs	r2, #0
10003552:	9008      	str	r0, [sp, #32]
10003554:	9109      	str	r1, [sp, #36]	@ 0x24
10003556:	2300      	movs	r3, #0
10003558:	0020      	movs	r0, r4
1000355a:	0029      	movs	r1, r5
1000355c:	f7fe fe56 	bl	1000220c <__wrap___aeabi_dcmplt>
10003560:	2800      	cmp	r0, #0
10003562:	d100      	bne.n	10003566 <_etoa+0x466>
10003564:	e636      	b.n	100031d4 <_etoa+0xd4>
10003566:	9c08      	ldr	r4, [sp, #32]
10003568:	9d09      	ldr	r5, [sp, #36]	@ 0x24
1000356a:	9a28      	ldr	r2, [sp, #160]	@ 0xa0
1000356c:	2080      	movs	r0, #128	@ 0x80
1000356e:	4b3b      	ldr	r3, [pc, #236]	@ (1000365c <_etoa+0x55c>)
10003570:	0600      	lsls	r0, r0, #24
10003572:	4013      	ands	r3, r2
10003574:	0022      	movs	r2, r4
10003576:	9304      	str	r3, [sp, #16]
10003578:	9b0e      	ldr	r3, [sp, #56]	@ 0x38
1000357a:	9303      	str	r3, [sp, #12]
1000357c:	9b26      	ldr	r3, [sp, #152]	@ 0x98
1000357e:	9302      	str	r3, [sp, #8]
10003580:	182b      	adds	r3, r5, r0
10003582:	9200      	str	r2, [sp, #0]
10003584:	9301      	str	r3, [sp, #4]
10003586:	e631      	b.n	100031ec <_etoa+0xec>
10003588:	9b27      	ldr	r3, [sp, #156]	@ 0x9c
1000358a:	42b3      	cmp	r3, r6
1000358c:	d9d5      	bls.n	1000353a <_etoa+0x43a>
1000358e:	9b0c      	ldr	r3, [sp, #48]	@ 0x30
10003590:	2b00      	cmp	r3, #0
10003592:	d02a      	beq.n	100035ea <_etoa+0x4ea>
10003594:	2300      	movs	r3, #0
10003596:	930e      	str	r3, [sp, #56]	@ 0x38
10003598:	3302      	adds	r3, #2
1000359a:	930c      	str	r3, [sp, #48]	@ 0x30
1000359c:	e7cf      	b.n	1000353e <_etoa+0x43e>
1000359e:	9b28      	ldr	r3, [sp, #160]	@ 0xa0
100035a0:	4a2e      	ldr	r2, [pc, #184]	@ (1000365c <_etoa+0x55c>)
100035a2:	2080      	movs	r0, #128	@ 0x80
100035a4:	9c08      	ldr	r4, [sp, #32]
100035a6:	9d09      	ldr	r5, [sp, #36]	@ 0x24
100035a8:	401a      	ands	r2, r3
100035aa:	2380      	movs	r3, #128	@ 0x80
100035ac:	00db      	lsls	r3, r3, #3
100035ae:	4313      	orrs	r3, r2
100035b0:	0022      	movs	r2, r4
100035b2:	9304      	str	r3, [sp, #16]
100035b4:	9b27      	ldr	r3, [sp, #156]	@ 0x9c
100035b6:	0600      	lsls	r0, r0, #24
100035b8:	9303      	str	r3, [sp, #12]
100035ba:	182b      	adds	r3, r5, r0
100035bc:	9200      	str	r2, [sp, #0]
100035be:	9301      	str	r3, [sp, #4]
100035c0:	9602      	str	r6, [sp, #8]
100035c2:	e67d      	b.n	100032c0 <_etoa+0x1c0>
100035c4:	2605      	movs	r6, #5
100035c6:	e695      	b.n	100032f4 <_etoa+0x1f4>
100035c8:	2300      	movs	r3, #0
100035ca:	930e      	str	r3, [sp, #56]	@ 0x38
100035cc:	3302      	adds	r3, #2
100035ce:	2700      	movs	r7, #0
100035d0:	2604      	movs	r6, #4
100035d2:	930c      	str	r3, [sp, #48]	@ 0x30
100035d4:	e5f5      	b.n	100031c2 <_etoa+0xc2>
100035d6:	1e4b      	subs	r3, r1, #1
100035d8:	191b      	adds	r3, r3, r4
100035da:	1a1b      	subs	r3, r3, r0
100035dc:	e665      	b.n	100032aa <_etoa+0x1aa>
100035de:	2302      	movs	r3, #2
100035e0:	930c      	str	r3, [sp, #48]	@ 0x30
100035e2:	2605      	movs	r6, #5
100035e4:	e7ae      	b.n	10003544 <_etoa+0x444>
100035e6:	2304      	movs	r3, #4
100035e8:	e5e7      	b.n	100031ba <_etoa+0xba>
100035ea:	9b27      	ldr	r3, [sp, #156]	@ 0x9c
100035ec:	1b9b      	subs	r3, r3, r6
100035ee:	930e      	str	r3, [sp, #56]	@ 0x38
100035f0:	e7a5      	b.n	1000353e <_etoa+0x43e>
100035f2:	2302      	movs	r3, #2
100035f4:	2604      	movs	r6, #4
100035f6:	930c      	str	r3, [sp, #48]	@ 0x30
100035f8:	e7a1      	b.n	1000353e <_etoa+0x43e>
100035fa:	1bdb      	subs	r3, r3, r7
100035fc:	1e5e      	subs	r6, r3, #1
100035fe:	e679      	b.n	100032f4 <_etoa+0x1f4>
10003600:	fffffc01 	.word	0xfffffc01
10003604:	509f79fb 	.word	0x509f79fb
10003608:	3fd34413 	.word	0x3fd34413
1000360c:	8b60c8b3 	.word	0x8b60c8b3
10003610:	3fc68a28 	.word	0x3fc68a28
10003614:	3ff00000 	.word	0x3ff00000
10003618:	3ff80000 	.word	0x3ff80000
1000361c:	636f4361 	.word	0x636f4361
10003620:	3fd287a7 	.word	0x3fd287a7
10003624:	0979a371 	.word	0x0979a371
10003628:	400a934f 	.word	0x400a934f
1000362c:	3fe00000 	.word	0x3fe00000
10003630:	bbb55516 	.word	0xbbb55516
10003634:	40026bb1 	.word	0x40026bb1
10003638:	fefa39ef 	.word	0xfefa39ef
1000363c:	3fe62e42 	.word	0x3fe62e42
10003640:	402c0000 	.word	0x402c0000
10003644:	40240000 	.word	0x40240000
10003648:	40180000 	.word	0x40180000
1000364c:	000003ff 	.word	0x000003ff
10003650:	eb1c432d 	.word	0xeb1c432d
10003654:	3f1a36e2 	.word	0x3f1a36e2
10003658:	412e8480 	.word	0x412e8480
1000365c:	fffff7ff 	.word	0xfffff7ff

10003660 <_vsnprintf>:
10003660:	b5f0      	push	{r4, r5, r6, r7, lr}
10003662:	4657      	mov	r7, sl
10003664:	46de      	mov	lr, fp
10003666:	464e      	mov	r6, r9
10003668:	4645      	mov	r5, r8
1000366a:	b5e0      	push	{r5, r6, r7, lr}
1000366c:	b0a3      	sub	sp, #140	@ 0x8c
1000366e:	001f      	movs	r7, r3
10003670:	9b2c      	ldr	r3, [sp, #176]	@ 0xb0
10003672:	4692      	mov	sl, r2
10003674:	930c      	str	r3, [sp, #48]	@ 0x30
10003676:	4ac9      	ldr	r2, [pc, #804]	@ (1000399c <_vsnprintf+0x33c>)
10003678:	4bc9      	ldr	r3, [pc, #804]	@ (100039a0 <_vsnprintf+0x340>)
1000367a:	468b      	mov	fp, r1
1000367c:	900b      	str	r0, [sp, #44]	@ 0x2c
1000367e:	601a      	str	r2, [r3, #0]
10003680:	2900      	cmp	r1, #0
10003682:	d100      	bne.n	10003686 <_vsnprintf+0x26>
10003684:	e1bf      	b.n	10003a06 <_vsnprintf+0x3a6>
10003686:	2300      	movs	r3, #0
10003688:	7838      	ldrb	r0, [r7, #0]
1000368a:	4699      	mov	r9, r3
1000368c:	2800      	cmp	r0, #0
1000368e:	d100      	bne.n	10003692 <_vsnprintf+0x32>
10003690:	e1c1      	b.n	10003a16 <_vsnprintf+0x3b6>
10003692:	4bc4      	ldr	r3, [pc, #784]	@ (100039a4 <_vsnprintf+0x344>)
10003694:	464c      	mov	r4, r9
10003696:	9309      	str	r3, [sp, #36]	@ 0x24
10003698:	4bc3      	ldr	r3, [pc, #780]	@ (100039a8 <_vsnprintf+0x348>)
1000369a:	930e      	str	r3, [sp, #56]	@ 0x38
1000369c:	465b      	mov	r3, fp
1000369e:	930a      	str	r3, [sp, #40]	@ 0x28
100036a0:	e008      	b.n	100036b4 <_vsnprintf+0x54>
100036a2:	0022      	movs	r2, r4
100036a4:	4653      	mov	r3, sl
100036a6:	990a      	ldr	r1, [sp, #40]	@ 0x28
100036a8:	9d0b      	ldr	r5, [sp, #44]	@ 0x2c
100036aa:	47a8      	blx	r5
100036ac:	3401      	adds	r4, #1
100036ae:	7838      	ldrb	r0, [r7, #0]
100036b0:	2800      	cmp	r0, #0
100036b2:	d076      	beq.n	100037a2 <_vsnprintf+0x142>
100036b4:	3701      	adds	r7, #1
100036b6:	2825      	cmp	r0, #37	@ 0x25
100036b8:	d1f3      	bne.n	100036a2 <_vsnprintf+0x42>
100036ba:	2310      	movs	r3, #16
100036bc:	469b      	mov	fp, r3
100036be:	3b08      	subs	r3, #8
100036c0:	4699      	mov	r9, r3
100036c2:	3b04      	subs	r3, #4
100036c4:	4698      	mov	r8, r3
100036c6:	3b03      	subs	r3, #3
100036c8:	2600      	movs	r6, #0
100036ca:	2502      	movs	r5, #2
100036cc:	469c      	mov	ip, r3
100036ce:	7838      	ldrb	r0, [r7, #0]
100036d0:	1c79      	adds	r1, r7, #1
100036d2:	0003      	movs	r3, r0
100036d4:	3b20      	subs	r3, #32
100036d6:	b2db      	uxtb	r3, r3
100036d8:	2b10      	cmp	r3, #16
100036da:	d803      	bhi.n	100036e4 <_vsnprintf+0x84>
100036dc:	9a09      	ldr	r2, [sp, #36]	@ 0x24
100036de:	009b      	lsls	r3, r3, #2
100036e0:	58d3      	ldr	r3, [r2, r3]
100036e2:	469f      	mov	pc, r3
100036e4:	0003      	movs	r3, r0
100036e6:	3b30      	subs	r3, #48	@ 0x30
100036e8:	2b09      	cmp	r3, #9
100036ea:	d936      	bls.n	1000375a <_vsnprintf+0xfa>
100036ec:	2500      	movs	r5, #0
100036ee:	282a      	cmp	r0, #42	@ 0x2a
100036f0:	d100      	bne.n	100036f4 <_vsnprintf+0x94>
100036f2:	e0a7      	b.n	10003844 <_vsnprintf+0x1e4>
100036f4:	2300      	movs	r3, #0
100036f6:	930d      	str	r3, [sp, #52]	@ 0x34
100036f8:	282e      	cmp	r0, #46	@ 0x2e
100036fa:	d03f      	beq.n	1000377c <_vsnprintf+0x11c>
100036fc:	0003      	movs	r3, r0
100036fe:	3b68      	subs	r3, #104	@ 0x68
10003700:	b2db      	uxtb	r3, r3
10003702:	2b12      	cmp	r3, #18
10003704:	d81b      	bhi.n	1000373e <_vsnprintf+0xde>
10003706:	9a0e      	ldr	r2, [sp, #56]	@ 0x38
10003708:	009b      	lsls	r3, r3, #2
1000370a:	58d3      	ldr	r3, [r2, r3]
1000370c:	469f      	mov	pc, r3
1000370e:	4663      	mov	r3, ip
10003710:	000f      	movs	r7, r1
10003712:	431e      	orrs	r6, r3
10003714:	e7db      	b.n	100036ce <_vsnprintf+0x6e>
10003716:	000f      	movs	r7, r1
10003718:	432e      	orrs	r6, r5
1000371a:	e7d8      	b.n	100036ce <_vsnprintf+0x6e>
1000371c:	4643      	mov	r3, r8
1000371e:	000f      	movs	r7, r1
10003720:	431e      	orrs	r6, r3
10003722:	e7d4      	b.n	100036ce <_vsnprintf+0x6e>
10003724:	465b      	mov	r3, fp
10003726:	000f      	movs	r7, r1
10003728:	431e      	orrs	r6, r3
1000372a:	e7d0      	b.n	100036ce <_vsnprintf+0x6e>
1000372c:	464b      	mov	r3, r9
1000372e:	000f      	movs	r7, r1
10003730:	431e      	orrs	r6, r3
10003732:	e7cc      	b.n	100036ce <_vsnprintf+0x6e>
10003734:	2380      	movs	r3, #128	@ 0x80
10003736:	7878      	ldrb	r0, [r7, #1]
10003738:	005b      	lsls	r3, r3, #1
1000373a:	431e      	orrs	r6, r3
1000373c:	3101      	adds	r1, #1
1000373e:	000f      	movs	r7, r1
10003740:	2867      	cmp	r0, #103	@ 0x67
10003742:	d845      	bhi.n	100037d0 <_vsnprintf+0x170>
10003744:	2824      	cmp	r0, #36	@ 0x24
10003746:	d9ac      	bls.n	100036a2 <_vsnprintf+0x42>
10003748:	0003      	movs	r3, r0
1000374a:	3b25      	subs	r3, #37	@ 0x25
1000374c:	b2db      	uxtb	r3, r3
1000374e:	2b42      	cmp	r3, #66	@ 0x42
10003750:	d8a7      	bhi.n	100036a2 <_vsnprintf+0x42>
10003752:	4996      	ldr	r1, [pc, #600]	@ (100039ac <_vsnprintf+0x34c>)
10003754:	009b      	lsls	r3, r3, #2
10003756:	58cb      	ldr	r3, [r1, r3]
10003758:	469f      	mov	pc, r3
1000375a:	2500      	movs	r5, #0
1000375c:	00ab      	lsls	r3, r5, #2
1000375e:	195d      	adds	r5, r3, r5
10003760:	006d      	lsls	r5, r5, #1
10003762:	182d      	adds	r5, r5, r0
10003764:	7808      	ldrb	r0, [r1, #0]
10003766:	000f      	movs	r7, r1
10003768:	0003      	movs	r3, r0
1000376a:	3b30      	subs	r3, #48	@ 0x30
1000376c:	3d30      	subs	r5, #48	@ 0x30
1000376e:	3101      	adds	r1, #1
10003770:	2b09      	cmp	r3, #9
10003772:	d9f3      	bls.n	1000375c <_vsnprintf+0xfc>
10003774:	2300      	movs	r3, #0
10003776:	930d      	str	r3, [sp, #52]	@ 0x34
10003778:	282e      	cmp	r0, #46	@ 0x2e
1000377a:	d1bf      	bne.n	100036fc <_vsnprintf+0x9c>
1000377c:	2230      	movs	r2, #48	@ 0x30
1000377e:	2080      	movs	r0, #128	@ 0x80
10003780:	4252      	negs	r2, r2
10003782:	4690      	mov	r8, r2
10003784:	00c0      	lsls	r0, r0, #3
10003786:	4306      	orrs	r6, r0
10003788:	7878      	ldrb	r0, [r7, #1]
1000378a:	000b      	movs	r3, r1
1000378c:	4480      	add	r8, r0
1000378e:	4642      	mov	r2, r8
10003790:	2a09      	cmp	r2, #9
10003792:	d800      	bhi.n	10003796 <_vsnprintf+0x136>
10003794:	e151      	b.n	10003a3a <_vsnprintf+0x3da>
10003796:	282a      	cmp	r0, #42	@ 0x2a
10003798:	d100      	bne.n	1000379c <_vsnprintf+0x13c>
1000379a:	e15e      	b.n	10003a5a <_vsnprintf+0x3fa>
1000379c:	000f      	movs	r7, r1
1000379e:	3101      	adds	r1, #1
100037a0:	e7ac      	b.n	100036fc <_vsnprintf+0x9c>
100037a2:	9b0a      	ldr	r3, [sp, #40]	@ 0x28
100037a4:	46a1      	mov	r9, r4
100037a6:	469b      	mov	fp, r3
100037a8:	45ca      	cmp	sl, r9
100037aa:	d803      	bhi.n	100037b4 <_vsnprintf+0x154>
100037ac:	2301      	movs	r3, #1
100037ae:	425b      	negs	r3, r3
100037b0:	4453      	add	r3, sl
100037b2:	4699      	mov	r9, r3
100037b4:	4653      	mov	r3, sl
100037b6:	464a      	mov	r2, r9
100037b8:	4659      	mov	r1, fp
100037ba:	2000      	movs	r0, #0
100037bc:	9d0b      	ldr	r5, [sp, #44]	@ 0x2c
100037be:	47a8      	blx	r5
100037c0:	0020      	movs	r0, r4
100037c2:	b023      	add	sp, #140	@ 0x8c
100037c4:	bcf0      	pop	{r4, r5, r6, r7}
100037c6:	46bb      	mov	fp, r7
100037c8:	46b2      	mov	sl, r6
100037ca:	46a9      	mov	r9, r5
100037cc:	46a0      	mov	r8, r4
100037ce:	bdf0      	pop	{r4, r5, r6, r7, pc}
100037d0:	0003      	movs	r3, r0
100037d2:	3b69      	subs	r3, #105	@ 0x69
100037d4:	b2db      	uxtb	r3, r3
100037d6:	2b0f      	cmp	r3, #15
100037d8:	d900      	bls.n	100037dc <_vsnprintf+0x17c>
100037da:	e762      	b.n	100036a2 <_vsnprintf+0x42>
100037dc:	2101      	movs	r1, #1
100037de:	4099      	lsls	r1, r3
100037e0:	4688      	mov	r8, r1
100037e2:	4a73      	ldr	r2, [pc, #460]	@ (100039b0 <_vsnprintf+0x350>)
100037e4:	4011      	ands	r1, r2
100037e6:	468b      	mov	fp, r1
100037e8:	0011      	movs	r1, r2
100037ea:	4642      	mov	r2, r8
100037ec:	420a      	tst	r2, r1
100037ee:	d000      	beq.n	100037f2 <_vsnprintf+0x192>
100037f0:	e113      	b.n	10003a1a <_vsnprintf+0x3ba>
100037f2:	2b0a      	cmp	r3, #10
100037f4:	d02f      	beq.n	10003856 <_vsnprintf+0x1f6>
100037f6:	2b07      	cmp	r3, #7
100037f8:	d000      	beq.n	100037fc <_vsnprintf+0x19c>
100037fa:	e752      	b.n	100036a2 <_vsnprintf+0x42>
100037fc:	9d0c      	ldr	r5, [sp, #48]	@ 0x30
100037fe:	cd01      	ldmia	r5!, {r0}
10003800:	2800      	cmp	r0, #0
10003802:	d100      	bne.n	10003806 <_vsnprintf+0x1a6>
10003804:	e134      	b.n	10003a70 <_vsnprintf+0x410>
10003806:	2321      	movs	r3, #33	@ 0x21
10003808:	431e      	orrs	r6, r3
1000380a:	46b0      	mov	r8, r6
1000380c:	261f      	movs	r6, #31
1000380e:	9a0d      	ldr	r2, [sp, #52]	@ 0x34
10003810:	ab12      	add	r3, sp, #72	@ 0x48
10003812:	18f6      	adds	r6, r6, r3
10003814:	46a1      	mov	r9, r4
10003816:	4694      	mov	ip, r2
10003818:	4659      	mov	r1, fp
1000381a:	0034      	movs	r4, r6
1000381c:	e002      	b.n	10003824 <_vsnprintf+0x1c4>
1000381e:	0900      	lsrs	r0, r0, #4
10003820:	2920      	cmp	r1, #32
10003822:	d00a      	beq.n	1000383a <_vsnprintf+0x1da>
10003824:	260f      	movs	r6, #15
10003826:	4006      	ands	r6, r0
10003828:	0032      	movs	r2, r6
1000382a:	3237      	adds	r2, #55	@ 0x37
1000382c:	2e09      	cmp	r6, #9
1000382e:	d800      	bhi.n	10003832 <_vsnprintf+0x1d2>
10003830:	3a07      	subs	r2, #7
10003832:	3101      	adds	r1, #1
10003834:	5462      	strb	r2, [r4, r1]
10003836:	280f      	cmp	r0, #15
10003838:	d8f1      	bhi.n	1000381e <_vsnprintf+0x1be>
1000383a:	4663      	mov	r3, ip
1000383c:	464c      	mov	r4, r9
1000383e:	468b      	mov	fp, r1
10003840:	930d      	str	r3, [sp, #52]	@ 0x34
10003842:	e122      	b.n	10003a8a <_vsnprintf+0x42a>
10003844:	9b0c      	ldr	r3, [sp, #48]	@ 0x30
10003846:	cb20      	ldmia	r3!, {r5}
10003848:	2d00      	cmp	r5, #0
1000384a:	db52      	blt.n	100038f2 <_vsnprintf+0x292>
1000384c:	7878      	ldrb	r0, [r7, #1]
1000384e:	930c      	str	r3, [sp, #48]	@ 0x30
10003850:	000f      	movs	r7, r1
10003852:	3101      	adds	r1, #1
10003854:	e74e      	b.n	100036f4 <_vsnprintf+0x94>
10003856:	9b0c      	ldr	r3, [sp, #48]	@ 0x30
10003858:	990d      	ldr	r1, [sp, #52]	@ 0x34
1000385a:	cb04      	ldmia	r3!, {r2}
1000385c:	4690      	mov	r8, r2
1000385e:	469b      	mov	fp, r3
10003860:	2900      	cmp	r1, #0
10003862:	d100      	bne.n	10003866 <_vsnprintf+0x206>
10003864:	e128      	b.n	10003ab8 <_vsnprintf+0x458>
10003866:	4643      	mov	r3, r8
10003868:	7818      	ldrb	r0, [r3, #0]
1000386a:	4441      	add	r1, r8
1000386c:	2800      	cmp	r0, #0
1000386e:	d101      	bne.n	10003874 <_vsnprintf+0x214>
10003870:	f000 fc29 	bl	100040c6 <_vsnprintf+0xa66>
10003874:	9a0d      	ldr	r2, [sp, #52]	@ 0x34
10003876:	4694      	mov	ip, r2
10003878:	000a      	movs	r2, r1
1000387a:	e004      	b.n	10003886 <_vsnprintf+0x226>
1000387c:	7859      	ldrb	r1, [r3, #1]
1000387e:	3301      	adds	r3, #1
10003880:	2900      	cmp	r1, #0
10003882:	d100      	bne.n	10003886 <_vsnprintf+0x226>
10003884:	e195      	b.n	10003bb2 <_vsnprintf+0x552>
10003886:	429a      	cmp	r2, r3
10003888:	d1f8      	bne.n	1000387c <_vsnprintf+0x21c>
1000388a:	4663      	mov	r3, ip
1000388c:	930d      	str	r3, [sp, #52]	@ 0x34
1000388e:	4643      	mov	r3, r8
10003890:	1ad3      	subs	r3, r2, r3
10003892:	930f      	str	r3, [sp, #60]	@ 0x3c
10003894:	0573      	lsls	r3, r6, #21
10003896:	d400      	bmi.n	1000389a <_vsnprintf+0x23a>
10003898:	e16c      	b.n	10003b74 <_vsnprintf+0x514>
1000389a:	9b0f      	ldr	r3, [sp, #60]	@ 0x3c
1000389c:	9a0d      	ldr	r2, [sp, #52]	@ 0x34
1000389e:	4293      	cmp	r3, r2
100038a0:	d900      	bls.n	100038a4 <_vsnprintf+0x244>
100038a2:	920f      	str	r2, [sp, #60]	@ 0x3c
100038a4:	2302      	movs	r3, #2
100038a6:	001a      	movs	r2, r3
100038a8:	4032      	ands	r2, r6
100038aa:	920c      	str	r2, [sp, #48]	@ 0x30
100038ac:	4233      	tst	r3, r6
100038ae:	d100      	bne.n	100038b2 <_vsnprintf+0x252>
100038b0:	e291      	b.n	10003dd6 <_vsnprintf+0x776>
100038b2:	930c      	str	r3, [sp, #48]	@ 0x30
100038b4:	9b0d      	ldr	r3, [sp, #52]	@ 0x34
100038b6:	46b9      	mov	r9, r7
100038b8:	191e      	adds	r6, r3, r4
100038ba:	4643      	mov	r3, r8
100038bc:	1b1b      	subs	r3, r3, r4
100038be:	46a8      	mov	r8, r5
100038c0:	0022      	movs	r2, r4
100038c2:	001f      	movs	r7, r3
100038c4:	9d0b      	ldr	r5, [sp, #44]	@ 0x2c
100038c6:	e008      	b.n	100038da <_vsnprintf+0x27a>
100038c8:	1c54      	adds	r4, r2, #1
100038ca:	4653      	mov	r3, sl
100038cc:	990a      	ldr	r1, [sp, #40]	@ 0x28
100038ce:	47a8      	blx	r5
100038d0:	5d38      	ldrb	r0, [r7, r4]
100038d2:	2800      	cmp	r0, #0
100038d4:	d100      	bne.n	100038d8 <_vsnprintf+0x278>
100038d6:	e163      	b.n	10003ba0 <_vsnprintf+0x540>
100038d8:	0022      	movs	r2, r4
100038da:	4296      	cmp	r6, r2
100038dc:	d1f4      	bne.n	100038c8 <_vsnprintf+0x268>
100038de:	4645      	mov	r5, r8
100038e0:	464f      	mov	r7, r9
100038e2:	0034      	movs	r4, r6
100038e4:	9b0c      	ldr	r3, [sp, #48]	@ 0x30
100038e6:	2b00      	cmp	r3, #0
100038e8:	d000      	beq.n	100038ec <_vsnprintf+0x28c>
100038ea:	e197      	b.n	10003c1c <_vsnprintf+0x5bc>
100038ec:	465b      	mov	r3, fp
100038ee:	930c      	str	r3, [sp, #48]	@ 0x30
100038f0:	e6dd      	b.n	100036ae <_vsnprintf+0x4e>
100038f2:	2202      	movs	r2, #2
100038f4:	7878      	ldrb	r0, [r7, #1]
100038f6:	4316      	orrs	r6, r2
100038f8:	000f      	movs	r7, r1
100038fa:	426d      	negs	r5, r5
100038fc:	930c      	str	r3, [sp, #48]	@ 0x30
100038fe:	3101      	adds	r1, #1
10003900:	e6f8      	b.n	100036f4 <_vsnprintf+0x94>
10003902:	7878      	ldrb	r0, [r7, #1]
10003904:	286c      	cmp	r0, #108	@ 0x6c
10003906:	d100      	bne.n	1000390a <_vsnprintf+0x2aa>
10003908:	e159      	b.n	10003bbe <_vsnprintf+0x55e>
1000390a:	2380      	movs	r3, #128	@ 0x80
1000390c:	005b      	lsls	r3, r3, #1
1000390e:	431e      	orrs	r6, r3
10003910:	3101      	adds	r1, #1
10003912:	e714      	b.n	1000373e <_vsnprintf+0xde>
10003914:	2380      	movs	r3, #128	@ 0x80
10003916:	009b      	lsls	r3, r3, #2
10003918:	7878      	ldrb	r0, [r7, #1]
1000391a:	431e      	orrs	r6, r3
1000391c:	3101      	adds	r1, #1
1000391e:	e70e      	b.n	1000373e <_vsnprintf+0xde>
10003920:	7878      	ldrb	r0, [r7, #1]
10003922:	2868      	cmp	r0, #104	@ 0x68
10003924:	d100      	bne.n	10003928 <_vsnprintf+0x2c8>
10003926:	e150      	b.n	10003bca <_vsnprintf+0x56a>
10003928:	2380      	movs	r3, #128	@ 0x80
1000392a:	3101      	adds	r1, #1
1000392c:	431e      	orrs	r6, r3
1000392e:	e706      	b.n	1000373e <_vsnprintf+0xde>
10003930:	2867      	cmp	r0, #103	@ 0x67
10003932:	d100      	bne.n	10003936 <_vsnprintf+0x2d6>
10003934:	e0c2      	b.n	10003abc <_vsnprintf+0x45c>
10003936:	2847      	cmp	r0, #71	@ 0x47
10003938:	d100      	bne.n	1000393c <_vsnprintf+0x2dc>
1000393a:	e134      	b.n	10003ba6 <_vsnprintf+0x546>
1000393c:	2845      	cmp	r0, #69	@ 0x45
1000393e:	d100      	bne.n	10003942 <_vsnprintf+0x2e2>
10003940:	e134      	b.n	10003bac <_vsnprintf+0x54c>
10003942:	2107      	movs	r1, #7
10003944:	9b0c      	ldr	r3, [sp, #48]	@ 0x30
10003946:	9a0d      	ldr	r2, [sp, #52]	@ 0x34
10003948:	3307      	adds	r3, #7
1000394a:	438b      	bics	r3, r1
1000394c:	0019      	movs	r1, r3
1000394e:	9604      	str	r6, [sp, #16]
10003950:	9503      	str	r5, [sp, #12]
10003952:	9202      	str	r2, [sp, #8]
10003954:	c90c      	ldmia	r1!, {r2, r3}
10003956:	980b      	ldr	r0, [sp, #44]	@ 0x2c
10003958:	9200      	str	r2, [sp, #0]
1000395a:	9301      	str	r3, [sp, #4]
1000395c:	910c      	str	r1, [sp, #48]	@ 0x30
1000395e:	0022      	movs	r2, r4
10003960:	4653      	mov	r3, sl
10003962:	990a      	ldr	r1, [sp, #40]	@ 0x28
10003964:	f7ff fbcc 	bl	10003100 <_etoa>
10003968:	0004      	movs	r4, r0
1000396a:	e6a0      	b.n	100036ae <_vsnprintf+0x4e>
1000396c:	2846      	cmp	r0, #70	@ 0x46
1000396e:	d100      	bne.n	10003972 <_vsnprintf+0x312>
10003970:	e0a8      	b.n	10003ac4 <_vsnprintf+0x464>
10003972:	2107      	movs	r1, #7
10003974:	9b0c      	ldr	r3, [sp, #48]	@ 0x30
10003976:	9a0d      	ldr	r2, [sp, #52]	@ 0x34
10003978:	3307      	adds	r3, #7
1000397a:	438b      	bics	r3, r1
1000397c:	0019      	movs	r1, r3
1000397e:	9604      	str	r6, [sp, #16]
10003980:	9503      	str	r5, [sp, #12]
10003982:	9202      	str	r2, [sp, #8]
10003984:	c90c      	ldmia	r1!, {r2, r3}
10003986:	980b      	ldr	r0, [sp, #44]	@ 0x2c
10003988:	9200      	str	r2, [sp, #0]
1000398a:	9301      	str	r3, [sp, #4]
1000398c:	910c      	str	r1, [sp, #48]	@ 0x30
1000398e:	0022      	movs	r2, r4
10003990:	4653      	mov	r3, sl
10003992:	990a      	ldr	r1, [sp, #40]	@ 0x28
10003994:	f7ff f97a 	bl	10002c8c <_ftoa>
10003998:	0004      	movs	r4, r0
1000399a:	e688      	b.n	100036ae <_vsnprintf+0x4e>
1000399c:	10003661 	.word	0x10003661
100039a0:	20002608 	.word	0x20002608
100039a4:	10008944 	.word	0x10008944
100039a8:	10008988 	.word	0x10008988
100039ac:	100089d4 	.word	0x100089d4
100039b0:	00009041 	.word	0x00009041
100039b4:	0022      	movs	r2, r4
100039b6:	4653      	mov	r3, sl
100039b8:	2025      	movs	r0, #37	@ 0x25
100039ba:	990a      	ldr	r1, [sp, #40]	@ 0x28
100039bc:	9d0b      	ldr	r5, [sp, #44]	@ 0x2c
100039be:	47a8      	blx	r5
100039c0:	3401      	adds	r4, #1
100039c2:	e674      	b.n	100036ae <_vsnprintf+0x4e>
100039c4:	9b0c      	ldr	r3, [sp, #48]	@ 0x30
100039c6:	3304      	adds	r3, #4
100039c8:	469b      	mov	fp, r3
100039ca:	1c63      	adds	r3, r4, #1
100039cc:	4698      	mov	r8, r3
100039ce:	07b6      	lsls	r6, r6, #30
100039d0:	d400      	bmi.n	100039d4 <_vsnprintf+0x374>
100039d2:	e0ff      	b.n	10003bd4 <_vsnprintf+0x574>
100039d4:	9b0c      	ldr	r3, [sp, #48]	@ 0x30
100039d6:	0022      	movs	r2, r4
100039d8:	7818      	ldrb	r0, [r3, #0]
100039da:	990a      	ldr	r1, [sp, #40]	@ 0x28
100039dc:	4653      	mov	r3, sl
100039de:	9e0b      	ldr	r6, [sp, #44]	@ 0x2c
100039e0:	47b0      	blx	r6
100039e2:	1964      	adds	r4, r4, r5
100039e4:	2d01      	cmp	r5, #1
100039e6:	d800      	bhi.n	100039ea <_vsnprintf+0x38a>
100039e8:	e249      	b.n	10003e7e <_vsnprintf+0x81e>
100039ea:	4645      	mov	r5, r8
100039ec:	9e0b      	ldr	r6, [sp, #44]	@ 0x2c
100039ee:	46b8      	mov	r8, r7
100039f0:	9f0a      	ldr	r7, [sp, #40]	@ 0x28
100039f2:	002a      	movs	r2, r5
100039f4:	4653      	mov	r3, sl
100039f6:	3501      	adds	r5, #1
100039f8:	0039      	movs	r1, r7
100039fa:	2020      	movs	r0, #32
100039fc:	47b0      	blx	r6
100039fe:	42a5      	cmp	r5, r4
10003a00:	d1f7      	bne.n	100039f2 <_vsnprintf+0x392>
10003a02:	4647      	mov	r7, r8
10003a04:	e772      	b.n	100038ec <_vsnprintf+0x28c>
10003a06:	4bdb      	ldr	r3, [pc, #876]	@ (10003d74 <_vsnprintf+0x714>)
10003a08:	7838      	ldrb	r0, [r7, #0]
10003a0a:	930b      	str	r3, [sp, #44]	@ 0x2c
10003a0c:	2300      	movs	r3, #0
10003a0e:	4699      	mov	r9, r3
10003a10:	2800      	cmp	r0, #0
10003a12:	d000      	beq.n	10003a16 <_vsnprintf+0x3b6>
10003a14:	e63d      	b.n	10003692 <_vsnprintf+0x32>
10003a16:	2400      	movs	r4, #0
10003a18:	e6c6      	b.n	100037a8 <_vsnprintf+0x148>
10003a1a:	286f      	cmp	r0, #111	@ 0x6f
10003a1c:	d055      	beq.n	10003aca <_vsnprintf+0x46a>
10003a1e:	d800      	bhi.n	10003a22 <_vsnprintf+0x3c2>
10003a20:	e2bc      	b.n	10003f9c <_vsnprintf+0x93c>
10003a22:	2310      	movs	r3, #16
10003a24:	2878      	cmp	r0, #120	@ 0x78
10003a26:	d100      	bne.n	10003a2a <_vsnprintf+0x3ca>
10003a28:	e09e      	b.n	10003b68 <_vsnprintf+0x508>
10003a2a:	439e      	bics	r6, r3
10003a2c:	230a      	movs	r3, #10
10003a2e:	469c      	mov	ip, r3
10003a30:	2300      	movs	r3, #0
10003a32:	930f      	str	r3, [sp, #60]	@ 0x3c
10003a34:	330a      	adds	r3, #10
10003a36:	469b      	mov	fp, r3
10003a38:	e04d      	b.n	10003ad6 <_vsnprintf+0x476>
10003a3a:	2100      	movs	r1, #0
10003a3c:	008a      	lsls	r2, r1, #2
10003a3e:	1852      	adds	r2, r2, r1
10003a40:	0052      	lsls	r2, r2, #1
10003a42:	3301      	adds	r3, #1
10003a44:	1811      	adds	r1, r2, r0
10003a46:	7818      	ldrb	r0, [r3, #0]
10003a48:	3930      	subs	r1, #48	@ 0x30
10003a4a:	0002      	movs	r2, r0
10003a4c:	3a30      	subs	r2, #48	@ 0x30
10003a4e:	2a09      	cmp	r2, #9
10003a50:	d9f4      	bls.n	10003a3c <_vsnprintf+0x3dc>
10003a52:	910d      	str	r1, [sp, #52]	@ 0x34
10003a54:	001f      	movs	r7, r3
10003a56:	1c59      	adds	r1, r3, #1
10003a58:	e650      	b.n	100036fc <_vsnprintf+0x9c>
10003a5a:	9b0c      	ldr	r3, [sp, #48]	@ 0x30
10003a5c:	78b8      	ldrb	r0, [r7, #2]
10003a5e:	cb04      	ldmia	r3!, {r2}
10003a60:	3702      	adds	r7, #2
10003a62:	43d1      	mvns	r1, r2
10003a64:	17c9      	asrs	r1, r1, #31
10003a66:	400a      	ands	r2, r1
10003a68:	920d      	str	r2, [sp, #52]	@ 0x34
10003a6a:	930c      	str	r3, [sp, #48]	@ 0x30
10003a6c:	1c79      	adds	r1, r7, #1
10003a6e:	e645      	b.n	100036fc <_vsnprintf+0x9c>
10003a70:	2310      	movs	r3, #16
10003a72:	0030      	movs	r0, r6
10003a74:	4398      	bics	r0, r3
10003a76:	3311      	adds	r3, #17
10003a78:	4318      	orrs	r0, r3
10003a7a:	2380      	movs	r3, #128	@ 0x80
10003a7c:	4680      	mov	r8, r0
10003a7e:	0030      	movs	r0, r6
10003a80:	00db      	lsls	r3, r3, #3
10003a82:	4018      	ands	r0, r3
10003a84:	421e      	tst	r6, r3
10003a86:	d100      	bne.n	10003a8a <_vsnprintf+0x42a>
10003a88:	e6c0      	b.n	1000380c <_vsnprintf+0x1ac>
10003a8a:	4643      	mov	r3, r8
10003a8c:	9306      	str	r3, [sp, #24]
10003a8e:	2308      	movs	r3, #8
10003a90:	9305      	str	r3, [sp, #20]
10003a92:	9b0d      	ldr	r3, [sp, #52]	@ 0x34
10003a94:	0022      	movs	r2, r4
10003a96:	9304      	str	r3, [sp, #16]
10003a98:	2310      	movs	r3, #16
10003a9a:	9303      	str	r3, [sp, #12]
10003a9c:	2300      	movs	r3, #0
10003a9e:	9302      	str	r3, [sp, #8]
10003aa0:	465b      	mov	r3, fp
10003aa2:	9301      	str	r3, [sp, #4]
10003aa4:	ab1a      	add	r3, sp, #104	@ 0x68
10003aa6:	9300      	str	r3, [sp, #0]
10003aa8:	990a      	ldr	r1, [sp, #40]	@ 0x28
10003aaa:	4653      	mov	r3, sl
10003aac:	980b      	ldr	r0, [sp, #44]	@ 0x2c
10003aae:	f7fe fff1 	bl	10002a94 <_ntoa_format>
10003ab2:	950c      	str	r5, [sp, #48]	@ 0x30
10003ab4:	0004      	movs	r4, r0
10003ab6:	e5fa      	b.n	100036ae <_vsnprintf+0x4e>
10003ab8:	3901      	subs	r1, #1
10003aba:	e6d4      	b.n	10003866 <_vsnprintf+0x206>
10003abc:	2380      	movs	r3, #128	@ 0x80
10003abe:	011b      	lsls	r3, r3, #4
10003ac0:	431e      	orrs	r6, r3
10003ac2:	e73e      	b.n	10003942 <_vsnprintf+0x2e2>
10003ac4:	2320      	movs	r3, #32
10003ac6:	431e      	orrs	r6, r3
10003ac8:	e753      	b.n	10003972 <_vsnprintf+0x312>
10003aca:	2308      	movs	r3, #8
10003acc:	469c      	mov	ip, r3
10003ace:	2300      	movs	r3, #0
10003ad0:	930f      	str	r3, [sp, #60]	@ 0x3c
10003ad2:	3308      	adds	r3, #8
10003ad4:	469b      	mov	fp, r3
10003ad6:	2380      	movs	r3, #128	@ 0x80
10003ad8:	0030      	movs	r0, r6
10003ada:	00db      	lsls	r3, r3, #3
10003adc:	4018      	ands	r0, r3
10003ade:	421e      	tst	r6, r3
10003ae0:	d100      	bne.n	10003ae4 <_vsnprintf+0x484>
10003ae2:	e11a      	b.n	10003d1a <_vsnprintf+0x6ba>
10003ae4:	230d      	movs	r3, #13
10003ae6:	0031      	movs	r1, r6
10003ae8:	4399      	bics	r1, r3
10003aea:	2380      	movs	r3, #128	@ 0x80
10003aec:	000a      	movs	r2, r1
10003aee:	009b      	lsls	r3, r3, #2
10003af0:	401a      	ands	r2, r3
10003af2:	4691      	mov	r9, r2
10003af4:	4219      	tst	r1, r3
10003af6:	d000      	beq.n	10003afa <_vsnprintf+0x49a>
10003af8:	e1c3      	b.n	10003e82 <_vsnprintf+0x822>
10003afa:	2380      	movs	r3, #128	@ 0x80
10003afc:	000a      	movs	r2, r1
10003afe:	005b      	lsls	r3, r3, #1
10003b00:	401a      	ands	r2, r3
10003b02:	4690      	mov	r8, r2
10003b04:	9a0c      	ldr	r2, [sp, #48]	@ 0x30
10003b06:	3204      	adds	r2, #4
10003b08:	920f      	str	r2, [sp, #60]	@ 0x3c
10003b0a:	4219      	tst	r1, r3
10003b0c:	d000      	beq.n	10003b10 <_vsnprintf+0x4b0>
10003b0e:	e28f      	b.n	10004030 <_vsnprintf+0x9d0>
10003b10:	064b      	lsls	r3, r1, #25
10003b12:	d500      	bpl.n	10003b16 <_vsnprintf+0x4b6>
10003b14:	e197      	b.n	10003e46 <_vsnprintf+0x7e6>
10003b16:	060b      	lsls	r3, r1, #24
10003b18:	d400      	bmi.n	10003b1c <_vsnprintf+0x4bc>
10003b1a:	e2e5      	b.n	100040e8 <_vsnprintf+0xa88>
10003b1c:	9b0c      	ldr	r3, [sp, #48]	@ 0x30
10003b1e:	881b      	ldrh	r3, [r3, #0]
10003b20:	4699      	mov	r9, r3
10003b22:	464b      	mov	r3, r9
10003b24:	2b00      	cmp	r3, #0
10003b26:	d000      	beq.n	10003b2a <_vsnprintf+0x4ca>
10003b28:	e205      	b.n	10003f36 <_vsnprintf+0x8d6>
10003b2a:	3310      	adds	r3, #16
10003b2c:	4399      	bics	r1, r3
10003b2e:	2800      	cmp	r0, #0
10003b30:	d100      	bne.n	10003b34 <_vsnprintf+0x4d4>
10003b32:	e200      	b.n	10003f36 <_vsnprintf+0x8d6>
10003b34:	2300      	movs	r3, #0
10003b36:	4698      	mov	r8, r3
10003b38:	9b0d      	ldr	r3, [sp, #52]	@ 0x34
10003b3a:	9106      	str	r1, [sp, #24]
10003b3c:	9304      	str	r3, [sp, #16]
10003b3e:	465b      	mov	r3, fp
10003b40:	9303      	str	r3, [sp, #12]
10003b42:	2300      	movs	r3, #0
10003b44:	9505      	str	r5, [sp, #20]
10003b46:	9302      	str	r3, [sp, #8]
10003b48:	4643      	mov	r3, r8
10003b4a:	e0d9      	b.n	10003d00 <_vsnprintf+0x6a0>
10003b4c:	2858      	cmp	r0, #88	@ 0x58
10003b4e:	d008      	beq.n	10003b62 <_vsnprintf+0x502>
10003b50:	2862      	cmp	r0, #98	@ 0x62
10003b52:	d178      	bne.n	10003c46 <_vsnprintf+0x5e6>
10003b54:	2302      	movs	r3, #2
10003b56:	469c      	mov	ip, r3
10003b58:	2300      	movs	r3, #0
10003b5a:	930f      	str	r3, [sp, #60]	@ 0x3c
10003b5c:	3302      	adds	r3, #2
10003b5e:	469b      	mov	fp, r3
10003b60:	e7b9      	b.n	10003ad6 <_vsnprintf+0x476>
10003b62:	2320      	movs	r3, #32
10003b64:	431e      	orrs	r6, r3
10003b66:	3b10      	subs	r3, #16
10003b68:	469c      	mov	ip, r3
10003b6a:	2300      	movs	r3, #0
10003b6c:	930f      	str	r3, [sp, #60]	@ 0x3c
10003b6e:	3310      	adds	r3, #16
10003b70:	469b      	mov	fp, r3
10003b72:	e7b0      	b.n	10003ad6 <_vsnprintf+0x476>
10003b74:	2302      	movs	r3, #2
10003b76:	001a      	movs	r2, r3
10003b78:	4032      	ands	r2, r6
10003b7a:	920c      	str	r2, [sp, #48]	@ 0x30
10003b7c:	4233      	tst	r3, r6
10003b7e:	d100      	bne.n	10003b82 <_vsnprintf+0x522>
10003b80:	e205      	b.n	10003f8e <_vsnprintf+0x92e>
10003b82:	930c      	str	r3, [sp, #48]	@ 0x30
10003b84:	4643      	mov	r3, r8
10003b86:	46b9      	mov	r9, r7
10003b88:	9e0b      	ldr	r6, [sp, #44]	@ 0x2c
10003b8a:	9f0a      	ldr	r7, [sp, #40]	@ 0x28
10003b8c:	46a8      	mov	r8, r5
10003b8e:	1b1d      	subs	r5, r3, r4
10003b90:	0022      	movs	r2, r4
10003b92:	4653      	mov	r3, sl
10003b94:	0039      	movs	r1, r7
10003b96:	3401      	adds	r4, #1
10003b98:	47b0      	blx	r6
10003b9a:	5d28      	ldrb	r0, [r5, r4]
10003b9c:	2800      	cmp	r0, #0
10003b9e:	d1f7      	bne.n	10003b90 <_vsnprintf+0x530>
10003ba0:	4645      	mov	r5, r8
10003ba2:	464f      	mov	r7, r9
10003ba4:	e69e      	b.n	100038e4 <_vsnprintf+0x284>
10003ba6:	2380      	movs	r3, #128	@ 0x80
10003ba8:	011b      	lsls	r3, r3, #4
10003baa:	431e      	orrs	r6, r3
10003bac:	2320      	movs	r3, #32
10003bae:	431e      	orrs	r6, r3
10003bb0:	e6c7      	b.n	10003942 <_vsnprintf+0x2e2>
10003bb2:	4662      	mov	r2, ip
10003bb4:	920d      	str	r2, [sp, #52]	@ 0x34
10003bb6:	4642      	mov	r2, r8
10003bb8:	1a9b      	subs	r3, r3, r2
10003bba:	930f      	str	r3, [sp, #60]	@ 0x3c
10003bbc:	e66a      	b.n	10003894 <_vsnprintf+0x234>
10003bbe:	23c0      	movs	r3, #192	@ 0xc0
10003bc0:	009b      	lsls	r3, r3, #2
10003bc2:	78b8      	ldrb	r0, [r7, #2]
10003bc4:	431e      	orrs	r6, r3
10003bc6:	1cf9      	adds	r1, r7, #3
10003bc8:	e5b9      	b.n	1000373e <_vsnprintf+0xde>
10003bca:	23c0      	movs	r3, #192	@ 0xc0
10003bcc:	78b8      	ldrb	r0, [r7, #2]
10003bce:	431e      	orrs	r6, r3
10003bd0:	1cf9      	adds	r1, r7, #3
10003bd2:	e5b4      	b.n	1000373e <_vsnprintf+0xde>
10003bd4:	2d01      	cmp	r5, #1
10003bd6:	d800      	bhi.n	10003bda <_vsnprintf+0x57a>
10003bd8:	e14a      	b.n	10003e70 <_vsnprintf+0x810>
10003bda:	1e63      	subs	r3, r4, #1
10003bdc:	4699      	mov	r9, r3
10003bde:	44a9      	add	r9, r5
10003be0:	464b      	mov	r3, r9
10003be2:	4652      	mov	r2, sl
10003be4:	0026      	movs	r6, r4
10003be6:	46a1      	mov	r9, r4
10003be8:	46ba      	mov	sl, r7
10003bea:	001c      	movs	r4, r3
10003bec:	0017      	movs	r7, r2
10003bee:	46a8      	mov	r8, r5
10003bf0:	9d0b      	ldr	r5, [sp, #44]	@ 0x2c
10003bf2:	0032      	movs	r2, r6
10003bf4:	003b      	movs	r3, r7
10003bf6:	3601      	adds	r6, #1
10003bf8:	2020      	movs	r0, #32
10003bfa:	990a      	ldr	r1, [sp, #40]	@ 0x28
10003bfc:	47a8      	blx	r5
10003bfe:	42a6      	cmp	r6, r4
10003c00:	d1f7      	bne.n	10003bf2 <_vsnprintf+0x592>
10003c02:	003b      	movs	r3, r7
10003c04:	4657      	mov	r7, sl
10003c06:	469a      	mov	sl, r3
10003c08:	464c      	mov	r4, r9
10003c0a:	9b0c      	ldr	r3, [sp, #48]	@ 0x30
10003c0c:	0032      	movs	r2, r6
10003c0e:	7818      	ldrb	r0, [r3, #0]
10003c10:	990a      	ldr	r1, [sp, #40]	@ 0x28
10003c12:	4653      	mov	r3, sl
10003c14:	9d0b      	ldr	r5, [sp, #44]	@ 0x2c
10003c16:	4444      	add	r4, r8
10003c18:	47a8      	blx	r5
10003c1a:	e667      	b.n	100038ec <_vsnprintf+0x28c>
10003c1c:	46a0      	mov	r8, r4
10003c1e:	9b0f      	ldr	r3, [sp, #60]	@ 0x3c
10003c20:	429d      	cmp	r5, r3
10003c22:	d800      	bhi.n	10003c26 <_vsnprintf+0x5c6>
10003c24:	e662      	b.n	100038ec <_vsnprintf+0x28c>
10003c26:	192c      	adds	r4, r5, r4
10003c28:	9e0b      	ldr	r6, [sp, #44]	@ 0x2c
10003c2a:	4645      	mov	r5, r8
10003c2c:	46b8      	mov	r8, r7
10003c2e:	9f0a      	ldr	r7, [sp, #40]	@ 0x28
10003c30:	1ae4      	subs	r4, r4, r3
10003c32:	002a      	movs	r2, r5
10003c34:	4653      	mov	r3, sl
10003c36:	3501      	adds	r5, #1
10003c38:	0039      	movs	r1, r7
10003c3a:	2020      	movs	r0, #32
10003c3c:	47b0      	blx	r6
10003c3e:	42a5      	cmp	r5, r4
10003c40:	d1f7      	bne.n	10003c32 <_vsnprintf+0x5d2>
10003c42:	4647      	mov	r7, r8
10003c44:	e652      	b.n	100038ec <_vsnprintf+0x28c>
10003c46:	2380      	movs	r3, #128	@ 0x80
10003c48:	0032      	movs	r2, r6
10003c4a:	00db      	lsls	r3, r3, #3
10003c4c:	401a      	ands	r2, r3
10003c4e:	4690      	mov	r8, r2
10003c50:	421e      	tst	r6, r3
10003c52:	d100      	bne.n	10003c56 <_vsnprintf+0x5f6>
10003c54:	e0f3      	b.n	10003e3e <_vsnprintf+0x7de>
10003c56:	2111      	movs	r1, #17
10003c58:	438e      	bics	r6, r1
10003c5a:	46b4      	mov	ip, r6
10003c5c:	4698      	mov	r8, r3
10003c5e:	2380      	movs	r3, #128	@ 0x80
10003c60:	4662      	mov	r2, ip
10003c62:	009b      	lsls	r3, r3, #2
10003c64:	401a      	ands	r2, r3
10003c66:	4693      	mov	fp, r2
10003c68:	4662      	mov	r2, ip
10003c6a:	421a      	tst	r2, r3
10003c6c:	d159      	bne.n	10003d22 <_vsnprintf+0x6c2>
10003c6e:	2380      	movs	r3, #128	@ 0x80
10003c70:	005b      	lsls	r3, r3, #1
10003c72:	401a      	ands	r2, r3
10003c74:	4691      	mov	r9, r2
10003c76:	9a0c      	ldr	r2, [sp, #48]	@ 0x30
10003c78:	3204      	adds	r2, #4
10003c7a:	920f      	str	r2, [sp, #60]	@ 0x3c
10003c7c:	4662      	mov	r2, ip
10003c7e:	421a      	tst	r2, r3
10003c80:	d000      	beq.n	10003c84 <_vsnprintf+0x624>
10003c82:	e1a0      	b.n	10003fc6 <_vsnprintf+0x966>
10003c84:	4663      	mov	r3, ip
10003c86:	065b      	lsls	r3, r3, #25
10003c88:	d500      	bpl.n	10003c8c <_vsnprintf+0x62c>
10003c8a:	e0d4      	b.n	10003e36 <_vsnprintf+0x7d6>
10003c8c:	4663      	mov	r3, ip
10003c8e:	061b      	lsls	r3, r3, #24
10003c90:	d400      	bmi.n	10003c94 <_vsnprintf+0x634>
10003c92:	e212      	b.n	100040ba <_vsnprintf+0xa5a>
10003c94:	9b0c      	ldr	r3, [sp, #48]	@ 0x30
10003c96:	2200      	movs	r2, #0
10003c98:	5e9b      	ldrsh	r3, [r3, r2]
10003c9a:	17d8      	asrs	r0, r3, #31
10003c9c:	1819      	adds	r1, r3, r0
10003c9e:	4041      	eors	r1, r0
10003ca0:	b289      	uxth	r1, r1
10003ca2:	0fda      	lsrs	r2, r3, #31
10003ca4:	920c      	str	r2, [sp, #48]	@ 0x30
10003ca6:	2b00      	cmp	r3, #0
10003ca8:	d100      	bne.n	10003cac <_vsnprintf+0x64c>
10003caa:	e187      	b.n	10003fbc <_vsnprintf+0x95c>
10003cac:	4688      	mov	r8, r1
10003cae:	261f      	movs	r6, #31
10003cb0:	ab12      	add	r3, sp, #72	@ 0x48
10003cb2:	46bb      	mov	fp, r7
10003cb4:	9514      	str	r5, [sp, #80]	@ 0x50
10003cb6:	18f7      	adds	r7, r6, r3
10003cb8:	4645      	mov	r5, r8
10003cba:	464e      	mov	r6, r9
10003cbc:	46e0      	mov	r8, ip
10003cbe:	46a1      	mov	r9, r4
10003cc0:	e006      	b.n	10003cd0 <_vsnprintf+0x670>
10003cc2:	0028      	movs	r0, r5
10003cc4:	210a      	movs	r1, #10
10003cc6:	f7fd fff3 	bl	10001cb0 <__wrap___aeabi_uidiv>
10003cca:	0005      	movs	r5, r0
10003ccc:	2e20      	cmp	r6, #32
10003cce:	d008      	beq.n	10003ce2 <_vsnprintf+0x682>
10003cd0:	210a      	movs	r1, #10
10003cd2:	0028      	movs	r0, r5
10003cd4:	f7fd ffec 	bl	10001cb0 <__wrap___aeabi_uidiv>
10003cd8:	3601      	adds	r6, #1
10003cda:	3130      	adds	r1, #48	@ 0x30
10003cdc:	55b9      	strb	r1, [r7, r6]
10003cde:	2d09      	cmp	r5, #9
10003ce0:	d8ef      	bhi.n	10003cc2 <_vsnprintf+0x662>
10003ce2:	464c      	mov	r4, r9
10003ce4:	46c4      	mov	ip, r8
10003ce6:	46b1      	mov	r9, r6
10003ce8:	465f      	mov	r7, fp
10003cea:	9d14      	ldr	r5, [sp, #80]	@ 0x50
10003cec:	4663      	mov	r3, ip
10003cee:	9306      	str	r3, [sp, #24]
10003cf0:	9b0d      	ldr	r3, [sp, #52]	@ 0x34
10003cf2:	9505      	str	r5, [sp, #20]
10003cf4:	9304      	str	r3, [sp, #16]
10003cf6:	230a      	movs	r3, #10
10003cf8:	9303      	str	r3, [sp, #12]
10003cfa:	9b0c      	ldr	r3, [sp, #48]	@ 0x30
10003cfc:	9302      	str	r3, [sp, #8]
10003cfe:	464b      	mov	r3, r9
10003d00:	9301      	str	r3, [sp, #4]
10003d02:	ab1a      	add	r3, sp, #104	@ 0x68
10003d04:	0022      	movs	r2, r4
10003d06:	9300      	str	r3, [sp, #0]
10003d08:	990a      	ldr	r1, [sp, #40]	@ 0x28
10003d0a:	4653      	mov	r3, sl
10003d0c:	980b      	ldr	r0, [sp, #44]	@ 0x2c
10003d0e:	f7fe fec1 	bl	10002a94 <_ntoa_format>
10003d12:	9b0f      	ldr	r3, [sp, #60]	@ 0x3c
10003d14:	0004      	movs	r4, r0
10003d16:	930c      	str	r3, [sp, #48]	@ 0x30
10003d18:	e4c9      	b.n	100036ae <_vsnprintf+0x4e>
10003d1a:	230c      	movs	r3, #12
10003d1c:	0031      	movs	r1, r6
10003d1e:	4399      	bics	r1, r3
10003d20:	e6e3      	b.n	10003aea <_vsnprintf+0x48a>
10003d22:	2208      	movs	r2, #8
10003d24:	2107      	movs	r1, #7
10003d26:	4691      	mov	r9, r2
10003d28:	9b0c      	ldr	r3, [sp, #48]	@ 0x30
10003d2a:	3307      	adds	r3, #7
10003d2c:	438b      	bics	r3, r1
10003d2e:	4499      	add	r9, r3
10003d30:	464a      	mov	r2, r9
10003d32:	cb0a      	ldmia	r3, {r1, r3}
10003d34:	0008      	movs	r0, r1
10003d36:	920c      	str	r2, [sp, #48]	@ 0x30
10003d38:	0fda      	lsrs	r2, r3, #31
10003d3a:	4693      	mov	fp, r2
10003d3c:	4318      	orrs	r0, r3
10003d3e:	d000      	beq.n	10003d42 <_vsnprintf+0x6e2>
10003d40:	e085      	b.n	10003e4e <_vsnprintf+0x7ee>
10003d42:	2300      	movs	r3, #0
10003d44:	4699      	mov	r9, r3
10003d46:	4643      	mov	r3, r8
10003d48:	2b00      	cmp	r3, #0
10003d4a:	d12f      	bne.n	10003dac <_vsnprintf+0x74c>
10003d4c:	2200      	movs	r2, #0
10003d4e:	2300      	movs	r3, #0
10003d50:	9210      	str	r2, [sp, #64]	@ 0x40
10003d52:	9311      	str	r3, [sp, #68]	@ 0x44
10003d54:	2300      	movs	r3, #0
10003d56:	261f      	movs	r6, #31
10003d58:	4699      	mov	r9, r3
10003d5a:	ab12      	add	r3, sp, #72	@ 0x48
10003d5c:	18f6      	adds	r6, r6, r3
10003d5e:	465b      	mov	r3, fp
10003d60:	9514      	str	r5, [sp, #80]	@ 0x50
10003d62:	46bb      	mov	fp, r7
10003d64:	46e0      	mov	r8, ip
10003d66:	0037      	movs	r7, r6
10003d68:	930f      	str	r3, [sp, #60]	@ 0x3c
10003d6a:	464e      	mov	r6, r9
10003d6c:	46a1      	mov	r9, r4
10003d6e:	9c10      	ldr	r4, [sp, #64]	@ 0x40
10003d70:	9d11      	ldr	r5, [sp, #68]	@ 0x44
10003d72:	e005      	b.n	10003d80 <_vsnprintf+0x720>
10003d74:	100029e9 	.word	0x100029e9
10003d78:	0004      	movs	r4, r0
10003d7a:	000d      	movs	r5, r1
10003d7c:	2e20      	cmp	r6, #32
10003d7e:	d00c      	beq.n	10003d9a <_vsnprintf+0x73a>
10003d80:	220a      	movs	r2, #10
10003d82:	2300      	movs	r3, #0
10003d84:	0020      	movs	r0, r4
10003d86:	0029      	movs	r1, r5
10003d88:	f7fd ffd0 	bl	10001d2c <__wrap___aeabi_uldivmod>
10003d8c:	3601      	adds	r6, #1
10003d8e:	3230      	adds	r2, #48	@ 0x30
10003d90:	55ba      	strb	r2, [r7, r6]
10003d92:	2d00      	cmp	r5, #0
10003d94:	d1f0      	bne.n	10003d78 <_vsnprintf+0x718>
10003d96:	2c09      	cmp	r4, #9
10003d98:	d8ee      	bhi.n	10003d78 <_vsnprintf+0x718>
10003d9a:	9b0f      	ldr	r3, [sp, #60]	@ 0x3c
10003d9c:	9410      	str	r4, [sp, #64]	@ 0x40
10003d9e:	9511      	str	r5, [sp, #68]	@ 0x44
10003da0:	465f      	mov	r7, fp
10003da2:	464c      	mov	r4, r9
10003da4:	46c4      	mov	ip, r8
10003da6:	46b1      	mov	r9, r6
10003da8:	469b      	mov	fp, r3
10003daa:	9d14      	ldr	r5, [sp, #80]	@ 0x50
10003dac:	4663      	mov	r3, ip
10003dae:	9306      	str	r3, [sp, #24]
10003db0:	9b0d      	ldr	r3, [sp, #52]	@ 0x34
10003db2:	9505      	str	r5, [sp, #20]
10003db4:	9304      	str	r3, [sp, #16]
10003db6:	230a      	movs	r3, #10
10003db8:	9303      	str	r3, [sp, #12]
10003dba:	465b      	mov	r3, fp
10003dbc:	9302      	str	r3, [sp, #8]
10003dbe:	464b      	mov	r3, r9
10003dc0:	9301      	str	r3, [sp, #4]
10003dc2:	ab1a      	add	r3, sp, #104	@ 0x68
10003dc4:	0022      	movs	r2, r4
10003dc6:	9300      	str	r3, [sp, #0]
10003dc8:	990a      	ldr	r1, [sp, #40]	@ 0x28
10003dca:	4653      	mov	r3, sl
10003dcc:	980b      	ldr	r0, [sp, #44]	@ 0x2c
10003dce:	f7fe fe61 	bl	10002a94 <_ntoa_format>
10003dd2:	0004      	movs	r4, r0
10003dd4:	e46b      	b.n	100036ae <_vsnprintf+0x4e>
10003dd6:	9b0f      	ldr	r3, [sp, #60]	@ 0x3c
10003dd8:	429d      	cmp	r5, r3
10003dda:	d800      	bhi.n	10003dde <_vsnprintf+0x77e>
10003ddc:	e196      	b.n	1000410c <_vsnprintf+0xaac>
10003dde:	2380      	movs	r3, #128	@ 0x80
10003de0:	00db      	lsls	r3, r3, #3
10003de2:	930c      	str	r3, [sp, #48]	@ 0x30
10003de4:	9b0f      	ldr	r3, [sp, #60]	@ 0x3c
10003de6:	192e      	adds	r6, r5, r4
10003de8:	1af6      	subs	r6, r6, r3
10003dea:	4643      	mov	r3, r8
10003dec:	930f      	str	r3, [sp, #60]	@ 0x3c
10003dee:	9b0d      	ldr	r3, [sp, #52]	@ 0x34
10003df0:	46a8      	mov	r8, r5
10003df2:	4699      	mov	r9, r3
10003df4:	4653      	mov	r3, sl
10003df6:	46ba      	mov	sl, r7
10003df8:	001f      	movs	r7, r3
10003dfa:	9d0b      	ldr	r5, [sp, #44]	@ 0x2c
10003dfc:	0022      	movs	r2, r4
10003dfe:	003b      	movs	r3, r7
10003e00:	3401      	adds	r4, #1
10003e02:	2020      	movs	r0, #32
10003e04:	990a      	ldr	r1, [sp, #40]	@ 0x28
10003e06:	47a8      	blx	r5
10003e08:	42b4      	cmp	r4, r6
10003e0a:	d1f7      	bne.n	10003dfc <_vsnprintf+0x79c>
10003e0c:	9b0f      	ldr	r3, [sp, #60]	@ 0x3c
10003e0e:	4645      	mov	r5, r8
10003e10:	4698      	mov	r8, r3
10003e12:	464b      	mov	r3, r9
10003e14:	930d      	str	r3, [sp, #52]	@ 0x34
10003e16:	003b      	movs	r3, r7
10003e18:	4657      	mov	r7, sl
10003e1a:	469a      	mov	sl, r3
10003e1c:	4643      	mov	r3, r8
10003e1e:	7818      	ldrb	r0, [r3, #0]
10003e20:	2800      	cmp	r0, #0
10003e22:	d100      	bne.n	10003e26 <_vsnprintf+0x7c6>
10003e24:	e562      	b.n	100038ec <_vsnprintf+0x28c>
10003e26:	1c6b      	adds	r3, r5, #1
10003e28:	930f      	str	r3, [sp, #60]	@ 0x3c
10003e2a:	9b0c      	ldr	r3, [sp, #48]	@ 0x30
10003e2c:	2b00      	cmp	r3, #0
10003e2e:	d100      	bne.n	10003e32 <_vsnprintf+0x7d2>
10003e30:	e6a8      	b.n	10003b84 <_vsnprintf+0x524>
10003e32:	2300      	movs	r3, #0
10003e34:	e53d      	b.n	100038b2 <_vsnprintf+0x252>
10003e36:	9b0c      	ldr	r3, [sp, #48]	@ 0x30
10003e38:	781b      	ldrb	r3, [r3, #0]
10003e3a:	0019      	movs	r1, r3
10003e3c:	e731      	b.n	10003ca2 <_vsnprintf+0x642>
10003e3e:	2310      	movs	r3, #16
10003e40:	439e      	bics	r6, r3
10003e42:	46b4      	mov	ip, r6
10003e44:	e70b      	b.n	10003c5e <_vsnprintf+0x5fe>
10003e46:	9b0c      	ldr	r3, [sp, #48]	@ 0x30
10003e48:	781b      	ldrb	r3, [r3, #0]
10003e4a:	4699      	mov	r9, r3
10003e4c:	e669      	b.n	10003b22 <_vsnprintf+0x4c2>
10003e4e:	17da      	asrs	r2, r3, #31
10003e50:	9212      	str	r2, [sp, #72]	@ 0x48
10003e52:	9213      	str	r2, [sp, #76]	@ 0x4c
10003e54:	404a      	eors	r2, r1
10003e56:	9210      	str	r2, [sp, #64]	@ 0x40
10003e58:	9812      	ldr	r0, [sp, #72]	@ 0x48
10003e5a:	9913      	ldr	r1, [sp, #76]	@ 0x4c
10003e5c:	000a      	movs	r2, r1
10003e5e:	405a      	eors	r2, r3
10003e60:	9211      	str	r2, [sp, #68]	@ 0x44
10003e62:	9a10      	ldr	r2, [sp, #64]	@ 0x40
10003e64:	9b11      	ldr	r3, [sp, #68]	@ 0x44
10003e66:	1a12      	subs	r2, r2, r0
10003e68:	418b      	sbcs	r3, r1
10003e6a:	9210      	str	r2, [sp, #64]	@ 0x40
10003e6c:	9311      	str	r3, [sp, #68]	@ 0x44
10003e6e:	e771      	b.n	10003d54 <_vsnprintf+0x6f4>
10003e70:	9b0c      	ldr	r3, [sp, #48]	@ 0x30
10003e72:	0022      	movs	r2, r4
10003e74:	7818      	ldrb	r0, [r3, #0]
10003e76:	990a      	ldr	r1, [sp, #40]	@ 0x28
10003e78:	4653      	mov	r3, sl
10003e7a:	9c0b      	ldr	r4, [sp, #44]	@ 0x2c
10003e7c:	47a0      	blx	r4
10003e7e:	4644      	mov	r4, r8
10003e80:	e534      	b.n	100038ec <_vsnprintf+0x28c>
10003e82:	2208      	movs	r2, #8
10003e84:	2607      	movs	r6, #7
10003e86:	4690      	mov	r8, r2
10003e88:	9b0c      	ldr	r3, [sp, #48]	@ 0x30
10003e8a:	3307      	adds	r3, #7
10003e8c:	43b3      	bics	r3, r6
10003e8e:	4498      	add	r8, r3
10003e90:	4642      	mov	r2, r8
10003e92:	920c      	str	r2, [sp, #48]	@ 0x30
10003e94:	681a      	ldr	r2, [r3, #0]
10003e96:	685b      	ldr	r3, [r3, #4]
10003e98:	9214      	str	r2, [sp, #80]	@ 0x50
10003e9a:	9308      	str	r3, [sp, #32]
10003e9c:	0013      	movs	r3, r2
10003e9e:	9a08      	ldr	r2, [sp, #32]
10003ea0:	4313      	orrs	r3, r2
10003ea2:	d105      	bne.n	10003eb0 <_vsnprintf+0x850>
10003ea4:	3310      	adds	r3, #16
10003ea6:	4399      	bics	r1, r3
10003ea8:	2300      	movs	r3, #0
10003eaa:	4698      	mov	r8, r3
10003eac:	2800      	cmp	r0, #0
10003eae:	d138      	bne.n	10003f22 <_vsnprintf+0x8c2>
10003eb0:	2061      	movs	r0, #97	@ 0x61
10003eb2:	068b      	lsls	r3, r1, #26
10003eb4:	d500      	bpl.n	10003eb8 <_vsnprintf+0x858>
10003eb6:	2041      	movs	r0, #65	@ 0x41
10003eb8:	2300      	movs	r3, #0
10003eba:	261f      	movs	r6, #31
10003ebc:	4698      	mov	r8, r3
10003ebe:	465a      	mov	r2, fp
10003ec0:	ab12      	add	r3, sp, #72	@ 0x48
10003ec2:	18f6      	adds	r6, r6, r3
10003ec4:	0003      	movs	r3, r0
10003ec6:	9218      	str	r2, [sp, #96]	@ 0x60
10003ec8:	9a0f      	ldr	r2, [sp, #60]	@ 0x3c
10003eca:	3b0a      	subs	r3, #10
10003ecc:	46b1      	mov	r9, r6
10003ece:	9516      	str	r5, [sp, #88]	@ 0x58
10003ed0:	9417      	str	r4, [sp, #92]	@ 0x5c
10003ed2:	9719      	str	r7, [sp, #100]	@ 0x64
10003ed4:	4644      	mov	r4, r8
10003ed6:	4666      	mov	r6, ip
10003ed8:	4690      	mov	r8, r2
10003eda:	469b      	mov	fp, r3
10003edc:	9f14      	ldr	r7, [sp, #80]	@ 0x50
10003ede:	9d08      	ldr	r5, [sp, #32]
10003ee0:	9115      	str	r1, [sp, #84]	@ 0x54
10003ee2:	e003      	b.n	10003eec <_vsnprintf+0x88c>
10003ee4:	0007      	movs	r7, r0
10003ee6:	000d      	movs	r5, r1
10003ee8:	2c20      	cmp	r4, #32
10003eea:	d013      	beq.n	10003f14 <_vsnprintf+0x8b4>
10003eec:	0032      	movs	r2, r6
10003eee:	2300      	movs	r3, #0
10003ef0:	0038      	movs	r0, r7
10003ef2:	0029      	movs	r1, r5
10003ef4:	f7fd ff1a 	bl	10001d2c <__wrap___aeabi_uldivmod>
10003ef8:	465b      	mov	r3, fp
10003efa:	b2d2      	uxtb	r2, r2
10003efc:	18d3      	adds	r3, r2, r3
10003efe:	2a09      	cmp	r2, #9
10003f00:	d801      	bhi.n	10003f06 <_vsnprintf+0x8a6>
10003f02:	0013      	movs	r3, r2
10003f04:	3330      	adds	r3, #48	@ 0x30
10003f06:	464a      	mov	r2, r9
10003f08:	3401      	adds	r4, #1
10003f0a:	5513      	strb	r3, [r2, r4]
10003f0c:	45a8      	cmp	r8, r5
10003f0e:	d1e9      	bne.n	10003ee4 <_vsnprintf+0x884>
10003f10:	42be      	cmp	r6, r7
10003f12:	d9e7      	bls.n	10003ee4 <_vsnprintf+0x884>
10003f14:	9b18      	ldr	r3, [sp, #96]	@ 0x60
10003f16:	46a0      	mov	r8, r4
10003f18:	469b      	mov	fp, r3
10003f1a:	9915      	ldr	r1, [sp, #84]	@ 0x54
10003f1c:	9d16      	ldr	r5, [sp, #88]	@ 0x58
10003f1e:	9c17      	ldr	r4, [sp, #92]	@ 0x5c
10003f20:	9f19      	ldr	r7, [sp, #100]	@ 0x64
10003f22:	9b0d      	ldr	r3, [sp, #52]	@ 0x34
10003f24:	9106      	str	r1, [sp, #24]
10003f26:	9304      	str	r3, [sp, #16]
10003f28:	465b      	mov	r3, fp
10003f2a:	9303      	str	r3, [sp, #12]
10003f2c:	2300      	movs	r3, #0
10003f2e:	9505      	str	r5, [sp, #20]
10003f30:	9302      	str	r3, [sp, #8]
10003f32:	4643      	mov	r3, r8
10003f34:	e744      	b.n	10003dc0 <_vsnprintf+0x760>
10003f36:	2061      	movs	r0, #97	@ 0x61
10003f38:	068b      	lsls	r3, r1, #26
10003f3a:	d500      	bpl.n	10003f3e <_vsnprintf+0x8de>
10003f3c:	2041      	movs	r0, #65	@ 0x41
10003f3e:	261f      	movs	r6, #31
10003f40:	ab12      	add	r3, sp, #72	@ 0x48
10003f42:	18f2      	adds	r2, r6, r3
10003f44:	0003      	movs	r3, r0
10003f46:	3b0a      	subs	r3, #10
10003f48:	930c      	str	r3, [sp, #48]	@ 0x30
10003f4a:	464b      	mov	r3, r9
10003f4c:	4646      	mov	r6, r8
10003f4e:	46a1      	mov	r9, r4
10003f50:	46a8      	mov	r8, r5
10003f52:	001c      	movs	r4, r3
10003f54:	465d      	mov	r5, fp
10003f56:	9114      	str	r1, [sp, #80]	@ 0x50
10003f58:	46bb      	mov	fp, r7
10003f5a:	0017      	movs	r7, r2
10003f5c:	e002      	b.n	10003f64 <_vsnprintf+0x904>
10003f5e:	0004      	movs	r4, r0
10003f60:	2e20      	cmp	r6, #32
10003f62:	d00d      	beq.n	10003f80 <_vsnprintf+0x920>
10003f64:	0029      	movs	r1, r5
10003f66:	0020      	movs	r0, r4
10003f68:	f7fd fea2 	bl	10001cb0 <__wrap___aeabi_uidiv>
10003f6c:	9b0c      	ldr	r3, [sp, #48]	@ 0x30
10003f6e:	18cb      	adds	r3, r1, r3
10003f70:	2909      	cmp	r1, #9
10003f72:	d801      	bhi.n	10003f78 <_vsnprintf+0x918>
10003f74:	000b      	movs	r3, r1
10003f76:	3330      	adds	r3, #48	@ 0x30
10003f78:	3601      	adds	r6, #1
10003f7a:	55bb      	strb	r3, [r7, r6]
10003f7c:	42ac      	cmp	r4, r5
10003f7e:	d2ee      	bcs.n	10003f5e <_vsnprintf+0x8fe>
10003f80:	465f      	mov	r7, fp
10003f82:	464c      	mov	r4, r9
10003f84:	46ab      	mov	fp, r5
10003f86:	9914      	ldr	r1, [sp, #80]	@ 0x50
10003f88:	4645      	mov	r5, r8
10003f8a:	46b0      	mov	r8, r6
10003f8c:	e5d4      	b.n	10003b38 <_vsnprintf+0x4d8>
10003f8e:	9b0f      	ldr	r3, [sp, #60]	@ 0x3c
10003f90:	429d      	cmp	r5, r3
10003f92:	d900      	bls.n	10003f96 <_vsnprintf+0x936>
10003f94:	e726      	b.n	10003de4 <_vsnprintf+0x784>
10003f96:	3301      	adds	r3, #1
10003f98:	930f      	str	r3, [sp, #60]	@ 0x3c
10003f9a:	e5f3      	b.n	10003b84 <_vsnprintf+0x524>
10003f9c:	2310      	movs	r3, #16
10003f9e:	0032      	movs	r2, r6
10003fa0:	439a      	bics	r2, r3
10003fa2:	4694      	mov	ip, r2
10003fa4:	2869      	cmp	r0, #105	@ 0x69
10003fa6:	d000      	beq.n	10003faa <_vsnprintf+0x94a>
10003fa8:	e0a2      	b.n	100040f0 <_vsnprintf+0xa90>
10003faa:	2380      	movs	r3, #128	@ 0x80
10003fac:	0032      	movs	r2, r6
10003fae:	00db      	lsls	r3, r3, #3
10003fb0:	401a      	ands	r2, r3
10003fb2:	4690      	mov	r8, r2
10003fb4:	421e      	tst	r6, r3
10003fb6:	d100      	bne.n	10003fba <_vsnprintf+0x95a>
10003fb8:	e651      	b.n	10003c5e <_vsnprintf+0x5fe>
10003fba:	e64c      	b.n	10003c56 <_vsnprintf+0x5f6>
10003fbc:	4643      	mov	r3, r8
10003fbe:	2b00      	cmp	r3, #0
10003fc0:	d000      	beq.n	10003fc4 <_vsnprintf+0x964>
10003fc2:	e693      	b.n	10003cec <_vsnprintf+0x68c>
10003fc4:	e673      	b.n	10003cae <_vsnprintf+0x64e>
10003fc6:	9b0c      	ldr	r3, [sp, #48]	@ 0x30
10003fc8:	681b      	ldr	r3, [r3, #0]
10003fca:	0fda      	lsrs	r2, r3, #31
10003fcc:	2b00      	cmp	r3, #0
10003fce:	d070      	beq.n	100040b2 <_vsnprintf+0xa52>
10003fd0:	17d9      	asrs	r1, r3, #31
10003fd2:	185b      	adds	r3, r3, r1
10003fd4:	404b      	eors	r3, r1
10003fd6:	4698      	mov	r8, r3
10003fd8:	261f      	movs	r6, #31
10003fda:	ab12      	add	r3, sp, #72	@ 0x48
10003fdc:	18f6      	adds	r6, r6, r3
10003fde:	46a1      	mov	r9, r4
10003fe0:	9514      	str	r5, [sp, #80]	@ 0x50
10003fe2:	465c      	mov	r4, fp
10003fe4:	4645      	mov	r5, r8
10003fe6:	46bb      	mov	fp, r7
10003fe8:	46e0      	mov	r8, ip
10003fea:	0037      	movs	r7, r6
10003fec:	920c      	str	r2, [sp, #48]	@ 0x30
10003fee:	e006      	b.n	10003ffe <_vsnprintf+0x99e>
10003ff0:	0028      	movs	r0, r5
10003ff2:	210a      	movs	r1, #10
10003ff4:	f7fd fe5c 	bl	10001cb0 <__wrap___aeabi_uidiv>
10003ff8:	0005      	movs	r5, r0
10003ffa:	2c20      	cmp	r4, #32
10003ffc:	d008      	beq.n	10004010 <_vsnprintf+0x9b0>
10003ffe:	210a      	movs	r1, #10
10004000:	0028      	movs	r0, r5
10004002:	f7fd fe55 	bl	10001cb0 <__wrap___aeabi_uidiv>
10004006:	3401      	adds	r4, #1
10004008:	3130      	adds	r1, #48	@ 0x30
1000400a:	5539      	strb	r1, [r7, r4]
1000400c:	2d09      	cmp	r5, #9
1000400e:	d8ef      	bhi.n	10003ff0 <_vsnprintf+0x990>
10004010:	465f      	mov	r7, fp
10004012:	46c4      	mov	ip, r8
10004014:	46a3      	mov	fp, r4
10004016:	464c      	mov	r4, r9
10004018:	9d14      	ldr	r5, [sp, #80]	@ 0x50
1000401a:	9a0c      	ldr	r2, [sp, #48]	@ 0x30
1000401c:	4663      	mov	r3, ip
1000401e:	9306      	str	r3, [sp, #24]
10004020:	9b0d      	ldr	r3, [sp, #52]	@ 0x34
10004022:	9505      	str	r5, [sp, #20]
10004024:	9304      	str	r3, [sp, #16]
10004026:	230a      	movs	r3, #10
10004028:	9202      	str	r2, [sp, #8]
1000402a:	9303      	str	r3, [sp, #12]
1000402c:	465b      	mov	r3, fp
1000402e:	e667      	b.n	10003d00 <_vsnprintf+0x6a0>
10004030:	9b0c      	ldr	r3, [sp, #48]	@ 0x30
10004032:	681b      	ldr	r3, [r3, #0]
10004034:	4698      	mov	r8, r3
10004036:	2b00      	cmp	r3, #0
10004038:	d103      	bne.n	10004042 <_vsnprintf+0x9e2>
1000403a:	3310      	adds	r3, #16
1000403c:	4399      	bics	r1, r3
1000403e:	2800      	cmp	r0, #0
10004040:	d12d      	bne.n	1000409e <_vsnprintf+0xa3e>
10004042:	2061      	movs	r0, #97	@ 0x61
10004044:	068b      	lsls	r3, r1, #26
10004046:	d500      	bpl.n	1000404a <_vsnprintf+0x9ea>
10004048:	2041      	movs	r0, #65	@ 0x41
1000404a:	261f      	movs	r6, #31
1000404c:	ab12      	add	r3, sp, #72	@ 0x48
1000404e:	18f6      	adds	r6, r6, r3
10004050:	0003      	movs	r3, r0
10004052:	3b0a      	subs	r3, #10
10004054:	464a      	mov	r2, r9
10004056:	930c      	str	r3, [sp, #48]	@ 0x30
10004058:	9114      	str	r1, [sp, #80]	@ 0x50
1000405a:	4643      	mov	r3, r8
1000405c:	0031      	movs	r1, r6
1000405e:	46a8      	mov	r8, r5
10004060:	46a1      	mov	r9, r4
10004062:	465e      	mov	r6, fp
10004064:	0014      	movs	r4, r2
10004066:	46bb      	mov	fp, r7
10004068:	001d      	movs	r5, r3
1000406a:	000f      	movs	r7, r1
1000406c:	e002      	b.n	10004074 <_vsnprintf+0xa14>
1000406e:	0005      	movs	r5, r0
10004070:	2c20      	cmp	r4, #32
10004072:	d00d      	beq.n	10004090 <_vsnprintf+0xa30>
10004074:	0031      	movs	r1, r6
10004076:	0028      	movs	r0, r5
10004078:	f7fd fe1a 	bl	10001cb0 <__wrap___aeabi_uidiv>
1000407c:	9b0c      	ldr	r3, [sp, #48]	@ 0x30
1000407e:	18cb      	adds	r3, r1, r3
10004080:	2909      	cmp	r1, #9
10004082:	d801      	bhi.n	10004088 <_vsnprintf+0xa28>
10004084:	000b      	movs	r3, r1
10004086:	3330      	adds	r3, #48	@ 0x30
10004088:	3401      	adds	r4, #1
1000408a:	553b      	strb	r3, [r7, r4]
1000408c:	42b5      	cmp	r5, r6
1000408e:	d2ee      	bcs.n	1000406e <_vsnprintf+0xa0e>
10004090:	0023      	movs	r3, r4
10004092:	465f      	mov	r7, fp
10004094:	464c      	mov	r4, r9
10004096:	4645      	mov	r5, r8
10004098:	46b3      	mov	fp, r6
1000409a:	4699      	mov	r9, r3
1000409c:	9914      	ldr	r1, [sp, #80]	@ 0x50
1000409e:	9b0d      	ldr	r3, [sp, #52]	@ 0x34
100040a0:	9106      	str	r1, [sp, #24]
100040a2:	9304      	str	r3, [sp, #16]
100040a4:	465b      	mov	r3, fp
100040a6:	9303      	str	r3, [sp, #12]
100040a8:	2300      	movs	r3, #0
100040aa:	9505      	str	r5, [sp, #20]
100040ac:	9302      	str	r3, [sp, #8]
100040ae:	464b      	mov	r3, r9
100040b0:	e626      	b.n	10003d00 <_vsnprintf+0x6a0>
100040b2:	4643      	mov	r3, r8
100040b4:	2b00      	cmp	r3, #0
100040b6:	d1b1      	bne.n	1000401c <_vsnprintf+0x9bc>
100040b8:	e78e      	b.n	10003fd8 <_vsnprintf+0x978>
100040ba:	9b0c      	ldr	r3, [sp, #48]	@ 0x30
100040bc:	681b      	ldr	r3, [r3, #0]
100040be:	17d8      	asrs	r0, r3, #31
100040c0:	1819      	adds	r1, r3, r0
100040c2:	4041      	eors	r1, r0
100040c4:	e5ed      	b.n	10003ca2 <_vsnprintf+0x642>
100040c6:	2380      	movs	r3, #128	@ 0x80
100040c8:	0032      	movs	r2, r6
100040ca:	00db      	lsls	r3, r3, #3
100040cc:	401a      	ands	r2, r3
100040ce:	920f      	str	r2, [sp, #60]	@ 0x3c
100040d0:	421e      	tst	r6, r3
100040d2:	d00f      	beq.n	100040f4 <_vsnprintf+0xa94>
100040d4:	3002      	adds	r0, #2
100040d6:	0002      	movs	r2, r0
100040d8:	4032      	ands	r2, r6
100040da:	920f      	str	r2, [sp, #60]	@ 0x3c
100040dc:	4230      	tst	r0, r6
100040de:	d019      	beq.n	10004114 <_vsnprintf+0xab4>
100040e0:	2300      	movs	r3, #0
100040e2:	46a0      	mov	r8, r4
100040e4:	930f      	str	r3, [sp, #60]	@ 0x3c
100040e6:	e59a      	b.n	10003c1e <_vsnprintf+0x5be>
100040e8:	9b0c      	ldr	r3, [sp, #48]	@ 0x30
100040ea:	681b      	ldr	r3, [r3, #0]
100040ec:	4699      	mov	r9, r3
100040ee:	e518      	b.n	10003b22 <_vsnprintf+0x4c2>
100040f0:	0016      	movs	r6, r2
100040f2:	e49b      	b.n	10003a2c <_vsnprintf+0x3cc>
100040f4:	2302      	movs	r3, #2
100040f6:	001a      	movs	r2, r3
100040f8:	4032      	ands	r2, r6
100040fa:	920c      	str	r2, [sp, #48]	@ 0x30
100040fc:	4233      	tst	r3, r6
100040fe:	d000      	beq.n	10004102 <_vsnprintf+0xaa2>
10004100:	e58c      	b.n	10003c1c <_vsnprintf+0x5bc>
10004102:	2d00      	cmp	r5, #0
10004104:	d000      	beq.n	10004108 <_vsnprintf+0xaa8>
10004106:	e66d      	b.n	10003de4 <_vsnprintf+0x784>
10004108:	f7ff fbf0 	bl	100038ec <_vsnprintf+0x28c>
1000410c:	3301      	adds	r3, #1
1000410e:	930f      	str	r3, [sp, #60]	@ 0x3c
10004110:	f7ff fbd0 	bl	100038b4 <_vsnprintf+0x254>
10004114:	930c      	str	r3, [sp, #48]	@ 0x30
10004116:	e7f4      	b.n	10004102 <_vsnprintf+0xaa2>

10004118 <vfctprintf>:
10004118:	b500      	push	{lr}
1000411a:	b085      	sub	sp, #20
1000411c:	9103      	str	r1, [sp, #12]
1000411e:	2101      	movs	r1, #1
10004120:	9002      	str	r0, [sp, #8]
10004122:	9300      	str	r3, [sp, #0]
10004124:	4803      	ldr	r0, [pc, #12]	@ (10004134 <vfctprintf+0x1c>)
10004126:	0013      	movs	r3, r2
10004128:	424a      	negs	r2, r1
1000412a:	a902      	add	r1, sp, #8
1000412c:	f7ff fa98 	bl	10003660 <_vsnprintf>
10004130:	b005      	add	sp, #20
10004132:	bd00      	pop	{pc}
10004134:	10002c7d 	.word	0x10002c7d

10004138 <weak_raw_vprintf>:
10004138:	b510      	push	{r4, lr}
1000413a:	4a09      	ldr	r2, [pc, #36]	@ (10004160 <weak_raw_vprintf+0x28>)
1000413c:	0003      	movs	r3, r0
1000413e:	6814      	ldr	r4, [r2, #0]
10004140:	b084      	sub	sp, #16
10004142:	2c00      	cmp	r4, #0
10004144:	d008      	beq.n	10004158 <weak_raw_vprintf+0x20>
10004146:	2201      	movs	r2, #1
10004148:	9100      	str	r1, [sp, #0]
1000414a:	4806      	ldr	r0, [pc, #24]	@ (10004164 <weak_raw_vprintf+0x2c>)
1000414c:	4252      	negs	r2, r2
1000414e:	a903      	add	r1, sp, #12
10004150:	47a0      	blx	r4
10004152:	2001      	movs	r0, #1
10004154:	b004      	add	sp, #16
10004156:	bd10      	pop	{r4, pc}
10004158:	f000 fa0e 	bl	10004578 <__wrap_puts>
1000415c:	2000      	movs	r0, #0
1000415e:	e7f9      	b.n	10004154 <weak_raw_vprintf+0x1c>
10004160:	20002608 	.word	0x20002608
10004164:	10002c6d 	.word	0x10002c6d

10004168 <_exit>:
10004168:	be00      	bkpt	0x0000
1000416a:	e7fd      	b.n	10004168 <_exit>

1000416c <_fini>:
1000416c:	4770      	bx	lr
1000416e:	46c0      	nop			@ (mov r8, r8)

10004170 <_sbrk>:
10004170:	4a09      	ldr	r2, [pc, #36]	@ (10004198 <_sbrk+0x28>)
10004172:	6813      	ldr	r3, [r2, #0]
10004174:	2b00      	cmp	r3, #0
10004176:	d006      	beq.n	10004186 <_sbrk+0x16>
10004178:	4908      	ldr	r1, [pc, #32]	@ (1000419c <_sbrk+0x2c>)
1000417a:	1818      	adds	r0, r3, r0
1000417c:	4288      	cmp	r0, r1
1000417e:	d808      	bhi.n	10004192 <_sbrk+0x22>
10004180:	6010      	str	r0, [r2, #0]
10004182:	0018      	movs	r0, r3
10004184:	4770      	bx	lr
10004186:	4b06      	ldr	r3, [pc, #24]	@ (100041a0 <_sbrk+0x30>)
10004188:	4904      	ldr	r1, [pc, #16]	@ (1000419c <_sbrk+0x2c>)
1000418a:	1818      	adds	r0, r3, r0
1000418c:	6013      	str	r3, [r2, #0]
1000418e:	4288      	cmp	r0, r1
10004190:	d9f6      	bls.n	10004180 <_sbrk+0x10>
10004192:	2301      	movs	r3, #1
10004194:	425b      	negs	r3, r3
10004196:	e7f4      	b.n	10004182 <_sbrk+0x12>
10004198:	20002200 	.word	0x20002200
1000419c:	20040000 	.word	0x20040000
100041a0:	20002664 	.word	0x20002664

100041a4 <_read>:
100041a4:	468c      	mov	ip, r1
100041a6:	b510      	push	{r4, lr}
100041a8:	0011      	movs	r1, r2
100041aa:	2800      	cmp	r0, #0
100041ac:	d105      	bne.n	100041ba <_read+0x16>
100041ae:	4b04      	ldr	r3, [pc, #16]	@ (100041c0 <_read+0x1c>)
100041b0:	4660      	mov	r0, ip
100041b2:	cb0c      	ldmia	r3, {r2, r3}
100041b4:	f000 f938 	bl	10004428 <stdio_get_until>
100041b8:	bd10      	pop	{r4, pc}
100041ba:	2001      	movs	r0, #1
100041bc:	4240      	negs	r0, r0
100041be:	e7fb      	b.n	100041b8 <_read+0x14>
100041c0:	100088e8 	.word	0x100088e8

100041c4 <_write>:
100041c4:	3801      	subs	r0, #1
100041c6:	b510      	push	{r4, lr}
100041c8:	0014      	movs	r4, r2
100041ca:	2801      	cmp	r0, #1
100041cc:	d807      	bhi.n	100041de <_write+0x1a>
100041ce:	0008      	movs	r0, r1
100041d0:	2301      	movs	r3, #1
100041d2:	2200      	movs	r2, #0
100041d4:	0021      	movs	r1, r4
100041d6:	f000 f8ad 	bl	10004334 <stdio_put_string>
100041da:	0020      	movs	r0, r4
100041dc:	bd10      	pop	{r4, pc}
100041de:	2001      	movs	r0, #1
100041e0:	4240      	negs	r0, r0
100041e2:	e7fb      	b.n	100041dc <_write+0x18>

100041e4 <_close>:
100041e4:	2001      	movs	r0, #1
100041e6:	4240      	negs	r0, r0
100041e8:	4770      	bx	lr
100041ea:	46c0      	nop			@ (mov r8, r8)

100041ec <_lseek>:
100041ec:	2001      	movs	r0, #1
100041ee:	4240      	negs	r0, r0
100041f0:	4770      	bx	lr
100041f2:	46c0      	nop			@ (mov r8, r8)

100041f4 <_fstat>:
100041f4:	2001      	movs	r0, #1
100041f6:	4240      	negs	r0, r0
100041f8:	4770      	bx	lr
100041fa:	46c0      	nop			@ (mov r8, r8)

100041fc <_isatty>:
100041fc:	2202      	movs	r2, #2
100041fe:	2300      	movs	r3, #0
10004200:	4282      	cmp	r2, r0
10004202:	415b      	adcs	r3, r3
10004204:	0018      	movs	r0, r3
10004206:	4770      	bx	lr

10004208 <exit>:
10004208:	b510      	push	{r4, lr}
1000420a:	f7ff ffad 	bl	10004168 <_exit>
1000420e:	46c0      	nop			@ (mov r8, r8)

10004210 <runtime_init>:
10004210:	b570      	push	{r4, r5, r6, lr}
10004212:	f7fd fc01 	bl	10001a18 <runtime_run_initializers>
10004216:	4d07      	ldr	r5, [pc, #28]	@ (10004234 <runtime_init+0x24>)
10004218:	4e07      	ldr	r6, [pc, #28]	@ (10004238 <runtime_init+0x28>)
1000421a:	42b5      	cmp	r5, r6
1000421c:	d209      	bcs.n	10004232 <runtime_init+0x22>
1000421e:	2400      	movs	r4, #0
10004220:	3e01      	subs	r6, #1
10004222:	1b76      	subs	r6, r6, r5
10004224:	08b6      	lsrs	r6, r6, #2
10004226:	3601      	adds	r6, #1
10004228:	cd08      	ldmia	r5!, {r3}
1000422a:	3401      	adds	r4, #1
1000422c:	4798      	blx	r3
1000422e:	42b4      	cmp	r4, r6
10004230:	d1fa      	bne.n	10004228 <runtime_init+0x18>
10004232:	bd70      	pop	{r4, r5, r6, pc}
10004234:	100086d4 	.word	0x100086d4
10004238:	100086d8 	.word	0x100086d8

1000423c <stdio_out_chars_no_crlf>:
1000423c:	0003      	movs	r3, r0
1000423e:	b510      	push	{r4, lr}
10004240:	0008      	movs	r0, r1
10004242:	0011      	movs	r1, r2
10004244:	681b      	ldr	r3, [r3, #0]
10004246:	4798      	blx	r3
10004248:	bd10      	pop	{r4, pc}
1000424a:	46c0      	nop			@ (mov r8, r8)

1000424c <stdio_out_chars_crlf>:
1000424c:	b5f8      	push	{r3, r4, r5, r6, r7, lr}
1000424e:	7d43      	ldrb	r3, [r0, #21]
10004250:	0007      	movs	r7, r0
10004252:	000d      	movs	r5, r1
10004254:	0016      	movs	r6, r2
10004256:	2b00      	cmp	r3, #0
10004258:	d038      	beq.n	100042cc <stdio_out_chars_crlf+0x80>
1000425a:	2a00      	cmp	r2, #0
1000425c:	dd1a      	ble.n	10004294 <stdio_out_chars_crlf+0x48>
1000425e:	780b      	ldrb	r3, [r1, #0]
10004260:	2b0a      	cmp	r3, #10
10004262:	d018      	beq.n	10004296 <stdio_out_chars_crlf+0x4a>
10004264:	2000      	movs	r0, #0
10004266:	2e01      	cmp	r6, #1
10004268:	d009      	beq.n	1000427e <stdio_out_chars_crlf+0x32>
1000426a:	2401      	movs	r4, #1
1000426c:	0021      	movs	r1, r4
1000426e:	5c6b      	ldrb	r3, [r5, r1]
10004270:	3401      	adds	r4, #1
10004272:	2b0a      	cmp	r3, #10
10004274:	d01a      	beq.n	100042ac <stdio_out_chars_crlf+0x60>
10004276:	42b4      	cmp	r4, r6
10004278:	d1f8      	bne.n	1000426c <stdio_out_chars_crlf+0x20>
1000427a:	4286      	cmp	r6, r0
1000427c:	dd03      	ble.n	10004286 <stdio_out_chars_crlf+0x3a>
1000427e:	1a31      	subs	r1, r6, r0
10004280:	683b      	ldr	r3, [r7, #0]
10004282:	1828      	adds	r0, r5, r0
10004284:	4798      	blx	r3
10004286:	19ad      	adds	r5, r5, r6
10004288:	3d01      	subs	r5, #1
1000428a:	782b      	ldrb	r3, [r5, #0]
1000428c:	3b0d      	subs	r3, #13
1000428e:	425a      	negs	r2, r3
10004290:	4153      	adcs	r3, r2
10004292:	753b      	strb	r3, [r7, #20]
10004294:	bdf8      	pop	{r3, r4, r5, r6, r7, pc}
10004296:	7d03      	ldrb	r3, [r0, #20]
10004298:	2b00      	cmp	r3, #0
1000429a:	d1e3      	bne.n	10004264 <stdio_out_chars_crlf+0x18>
1000429c:	2102      	movs	r1, #2
1000429e:	480e      	ldr	r0, [pc, #56]	@ (100042d8 <stdio_out_chars_crlf+0x8c>)
100042a0:	683b      	ldr	r3, [r7, #0]
100042a2:	4798      	blx	r3
100042a4:	2e01      	cmp	r6, #1
100042a6:	d0ee      	beq.n	10004286 <stdio_out_chars_crlf+0x3a>
100042a8:	2001      	movs	r0, #1
100042aa:	e7de      	b.n	1000426a <stdio_out_chars_crlf+0x1e>
100042ac:	1e6b      	subs	r3, r5, #1
100042ae:	5c5b      	ldrb	r3, [r3, r1]
100042b0:	2b0d      	cmp	r3, #13
100042b2:	d0e0      	beq.n	10004276 <stdio_out_chars_crlf+0x2a>
100042b4:	4288      	cmp	r0, r1
100042b6:	da03      	bge.n	100042c0 <stdio_out_chars_crlf+0x74>
100042b8:	1a09      	subs	r1, r1, r0
100042ba:	683b      	ldr	r3, [r7, #0]
100042bc:	1828      	adds	r0, r5, r0
100042be:	4798      	blx	r3
100042c0:	4805      	ldr	r0, [pc, #20]	@ (100042d8 <stdio_out_chars_crlf+0x8c>)
100042c2:	2102      	movs	r1, #2
100042c4:	683b      	ldr	r3, [r7, #0]
100042c6:	4798      	blx	r3
100042c8:	0020      	movs	r0, r4
100042ca:	e7d4      	b.n	10004276 <stdio_out_chars_crlf+0x2a>
100042cc:	6803      	ldr	r3, [r0, #0]
100042ce:	0011      	movs	r1, r2
100042d0:	0028      	movs	r0, r5
100042d2:	4798      	blx	r3
100042d4:	e7de      	b.n	10004294 <stdio_out_chars_crlf+0x48>
100042d6:	46c0      	nop			@ (mov r8, r8)
100042d8:	10008b30 	.word	0x10008b30

100042dc <stdio_buffered_printer>:
100042dc:	b5f8      	push	{r3, r4, r5, r6, r7, lr}
100042de:	680b      	ldr	r3, [r1, #0]
100042e0:	000d      	movs	r5, r1
100042e2:	1c5a      	adds	r2, r3, #1
100042e4:	18cb      	adds	r3, r1, r3
100042e6:	600a      	str	r2, [r1, #0]
100042e8:	7118      	strb	r0, [r3, #4]
100042ea:	2a80      	cmp	r2, #128	@ 0x80
100042ec:	d000      	beq.n	100042f0 <stdio_buffered_printer+0x14>
100042ee:	bdf8      	pop	{r3, r4, r5, r6, r7, pc}
100042f0:	4b0e      	ldr	r3, [pc, #56]	@ (1000432c <stdio_buffered_printer+0x50>)
100042f2:	681c      	ldr	r4, [r3, #0]
100042f4:	2c00      	cmp	r4, #0
100042f6:	d015      	beq.n	10004324 <stdio_buffered_printer+0x48>
100042f8:	4e0d      	ldr	r6, [pc, #52]	@ (10004330 <stdio_buffered_printer+0x54>)
100042fa:	1d0f      	adds	r7, r1, #4
100042fc:	e002      	b.n	10004304 <stdio_buffered_printer+0x28>
100042fe:	6924      	ldr	r4, [r4, #16]
10004300:	2c00      	cmp	r4, #0
10004302:	d00f      	beq.n	10004324 <stdio_buffered_printer+0x48>
10004304:	6823      	ldr	r3, [r4, #0]
10004306:	2b00      	cmp	r3, #0
10004308:	d0f9      	beq.n	100042fe <stdio_buffered_printer+0x22>
1000430a:	6833      	ldr	r3, [r6, #0]
1000430c:	2b00      	cmp	r3, #0
1000430e:	d001      	beq.n	10004314 <stdio_buffered_printer+0x38>
10004310:	42a3      	cmp	r3, r4
10004312:	d1f4      	bne.n	100042fe <stdio_buffered_printer+0x22>
10004314:	0020      	movs	r0, r4
10004316:	0039      	movs	r1, r7
10004318:	682a      	ldr	r2, [r5, #0]
1000431a:	f7ff ff97 	bl	1000424c <stdio_out_chars_crlf>
1000431e:	6924      	ldr	r4, [r4, #16]
10004320:	2c00      	cmp	r4, #0
10004322:	d1ef      	bne.n	10004304 <stdio_buffered_printer+0x28>
10004324:	2300      	movs	r3, #0
10004326:	602b      	str	r3, [r5, #0]
10004328:	e7e1      	b.n	100042ee <stdio_buffered_printer+0x12>
1000432a:	46c0      	nop			@ (mov r8, r8)
1000432c:	200021f0 	.word	0x200021f0
10004330:	200021fc 	.word	0x200021fc

10004334 <stdio_put_string>:
10004334:	b5f0      	push	{r4, r5, r6, r7, lr}
10004336:	4646      	mov	r6, r8
10004338:	46d6      	mov	lr, sl
1000433a:	464f      	mov	r7, r9
1000433c:	b5c0      	push	{r6, r7, lr}
1000433e:	b082      	sub	sp, #8
10004340:	4690      	mov	r8, r2
10004342:	001c      	movs	r4, r3
10004344:	0006      	movs	r6, r0
10004346:	000d      	movs	r5, r1
10004348:	f7fd f88e 	bl	10001468 <time_us_64>
1000434c:	2300      	movs	r3, #0
1000434e:	4a2f      	ldr	r2, [pc, #188]	@ (1000440c <stdio_put_string+0xd8>)
10004350:	1812      	adds	r2, r2, r0
10004352:	414b      	adcs	r3, r1
10004354:	2b00      	cmp	r3, #0
10004356:	da02      	bge.n	1000435e <stdio_put_string+0x2a>
10004358:	2201      	movs	r2, #1
1000435a:	4b2d      	ldr	r3, [pc, #180]	@ (10004410 <stdio_put_string+0xdc>)
1000435c:	4252      	negs	r2, r2
1000435e:	492d      	ldr	r1, [pc, #180]	@ (10004414 <stdio_put_string+0xe0>)
10004360:	0008      	movs	r0, r1
10004362:	468a      	mov	sl, r1
10004364:	f004 f950 	bl	10008608 <__mutex_try_enter_block_until_veneer>
10004368:	4681      	mov	r9, r0
1000436a:	1c6b      	adds	r3, r5, #1
1000436c:	d103      	bne.n	10004376 <stdio_put_string+0x42>
1000436e:	0030      	movs	r0, r6
10004370:	f003 fc9c 	bl	10007cac <strlen>
10004374:	0005      	movs	r5, r0
10004376:	2c00      	cmp	r4, #0
10004378:	d027      	beq.n	100043ca <stdio_put_string+0x96>
1000437a:	4f27      	ldr	r7, [pc, #156]	@ (10004418 <stdio_put_string+0xe4>)
1000437c:	4b27      	ldr	r3, [pc, #156]	@ (1000441c <stdio_put_string+0xe8>)
1000437e:	681c      	ldr	r4, [r3, #0]
10004380:	2c00      	cmp	r4, #0
10004382:	d018      	beq.n	100043b6 <stdio_put_string+0x82>
10004384:	4643      	mov	r3, r8
10004386:	2b00      	cmp	r3, #0
10004388:	d121      	bne.n	100043ce <stdio_put_string+0x9a>
1000438a:	4b25      	ldr	r3, [pc, #148]	@ (10004420 <stdio_put_string+0xec>)
1000438c:	4698      	mov	r8, r3
1000438e:	e002      	b.n	10004396 <stdio_put_string+0x62>
10004390:	6924      	ldr	r4, [r4, #16]
10004392:	2c00      	cmp	r4, #0
10004394:	d00f      	beq.n	100043b6 <stdio_put_string+0x82>
10004396:	6823      	ldr	r3, [r4, #0]
10004398:	2b00      	cmp	r3, #0
1000439a:	d0f9      	beq.n	10004390 <stdio_put_string+0x5c>
1000439c:	4643      	mov	r3, r8
1000439e:	681b      	ldr	r3, [r3, #0]
100043a0:	2b00      	cmp	r3, #0
100043a2:	d001      	beq.n	100043a8 <stdio_put_string+0x74>
100043a4:	429c      	cmp	r4, r3
100043a6:	d1f3      	bne.n	10004390 <stdio_put_string+0x5c>
100043a8:	0020      	movs	r0, r4
100043aa:	002a      	movs	r2, r5
100043ac:	0031      	movs	r1, r6
100043ae:	47b8      	blx	r7
100043b0:	6924      	ldr	r4, [r4, #16]
100043b2:	2c00      	cmp	r4, #0
100043b4:	d1ef      	bne.n	10004396 <stdio_put_string+0x62>
100043b6:	464b      	mov	r3, r9
100043b8:	2b00      	cmp	r3, #0
100043ba:	d123      	bne.n	10004404 <stdio_put_string+0xd0>
100043bc:	0028      	movs	r0, r5
100043be:	b002      	add	sp, #8
100043c0:	bce0      	pop	{r5, r6, r7}
100043c2:	46ba      	mov	sl, r7
100043c4:	46b1      	mov	r9, r6
100043c6:	46a8      	mov	r8, r5
100043c8:	bdf0      	pop	{r4, r5, r6, r7, pc}
100043ca:	4f16      	ldr	r7, [pc, #88]	@ (10004424 <stdio_put_string+0xf0>)
100043cc:	e7d6      	b.n	1000437c <stdio_put_string+0x48>
100043ce:	4b14      	ldr	r3, [pc, #80]	@ (10004420 <stdio_put_string+0xec>)
100043d0:	4698      	mov	r8, r3
100043d2:	e002      	b.n	100043da <stdio_put_string+0xa6>
100043d4:	6924      	ldr	r4, [r4, #16]
100043d6:	2c00      	cmp	r4, #0
100043d8:	d0ed      	beq.n	100043b6 <stdio_put_string+0x82>
100043da:	6823      	ldr	r3, [r4, #0]
100043dc:	2b00      	cmp	r3, #0
100043de:	d0f9      	beq.n	100043d4 <stdio_put_string+0xa0>
100043e0:	4643      	mov	r3, r8
100043e2:	681b      	ldr	r3, [r3, #0]
100043e4:	2b00      	cmp	r3, #0
100043e6:	d001      	beq.n	100043ec <stdio_put_string+0xb8>
100043e8:	42a3      	cmp	r3, r4
100043ea:	d1f3      	bne.n	100043d4 <stdio_put_string+0xa0>
100043ec:	002a      	movs	r2, r5
100043ee:	0031      	movs	r1, r6
100043f0:	0020      	movs	r0, r4
100043f2:	47b8      	blx	r7
100043f4:	466b      	mov	r3, sp
100043f6:	220a      	movs	r2, #10
100043f8:	0020      	movs	r0, r4
100043fa:	71da      	strb	r2, [r3, #7]
100043fc:	1dd9      	adds	r1, r3, #7
100043fe:	3a09      	subs	r2, #9
10004400:	47b8      	blx	r7
10004402:	e7e7      	b.n	100043d4 <stdio_put_string+0xa0>
10004404:	4650      	mov	r0, sl
10004406:	f004 f91f 	bl	10008648 <__mutex_exit_veneer>
1000440a:	e7d7      	b.n	100043bc <stdio_put_string+0x88>
1000440c:	000f4240 	.word	0x000f4240
10004410:	7fffffff 	.word	0x7fffffff
10004414:	200016b0 	.word	0x200016b0
10004418:	1000424d 	.word	0x1000424d
1000441c:	200021f0 	.word	0x200021f0
10004420:	200021fc 	.word	0x200021fc
10004424:	1000423d 	.word	0x1000423d

10004428 <stdio_get_until>:
10004428:	b5f0      	push	{r4, r5, r6, r7, lr}
1000442a:	464f      	mov	r7, r9
1000442c:	4646      	mov	r6, r8
1000442e:	46d6      	mov	lr, sl
10004430:	4699      	mov	r9, r3
10004432:	4b19      	ldr	r3, [pc, #100]	@ (10004498 <stdio_get_until+0x70>)
10004434:	b5c0      	push	{r6, r7, lr}
10004436:	4692      	mov	sl, r2
10004438:	0007      	movs	r7, r0
1000443a:	000e      	movs	r6, r1
1000443c:	4698      	mov	r8, r3
1000443e:	4d17      	ldr	r5, [pc, #92]	@ (1000449c <stdio_get_until+0x74>)
10004440:	4643      	mov	r3, r8
10004442:	681c      	ldr	r4, [r3, #0]
10004444:	2c00      	cmp	r4, #0
10004446:	d103      	bne.n	10004450 <stdio_get_until+0x28>
10004448:	e014      	b.n	10004474 <stdio_get_until+0x4c>
1000444a:	6924      	ldr	r4, [r4, #16]
1000444c:	2c00      	cmp	r4, #0
1000444e:	d011      	beq.n	10004474 <stdio_get_until+0x4c>
10004450:	682b      	ldr	r3, [r5, #0]
10004452:	2b00      	cmp	r3, #0
10004454:	d001      	beq.n	1000445a <stdio_get_until+0x32>
10004456:	42a3      	cmp	r3, r4
10004458:	d1f7      	bne.n	1000444a <stdio_get_until+0x22>
1000445a:	68a3      	ldr	r3, [r4, #8]
1000445c:	2b00      	cmp	r3, #0
1000445e:	d0f4      	beq.n	1000444a <stdio_get_until+0x22>
10004460:	0031      	movs	r1, r6
10004462:	0038      	movs	r0, r7
10004464:	4798      	blx	r3
10004466:	2800      	cmp	r0, #0
10004468:	ddef      	ble.n	1000444a <stdio_get_until+0x22>
1000446a:	bce0      	pop	{r5, r6, r7}
1000446c:	46ba      	mov	sl, r7
1000446e:	46b1      	mov	r9, r6
10004470:	46a8      	mov	r8, r5
10004472:	bdf0      	pop	{r4, r5, r6, r7, pc}
10004474:	4b0a      	ldr	r3, [pc, #40]	@ (100044a0 <stdio_get_until+0x78>)
10004476:	6a5b      	ldr	r3, [r3, #36]	@ 0x24
10004478:	4599      	cmp	r9, r3
1000447a:	d808      	bhi.n	1000448e <stdio_get_until+0x66>
1000447c:	4a08      	ldr	r2, [pc, #32]	@ (100044a0 <stdio_get_until+0x78>)
1000447e:	6a92      	ldr	r2, [r2, #40]	@ 0x28
10004480:	4552      	cmp	r2, sl
10004482:	d302      	bcc.n	1000448a <stdio_get_until+0x62>
10004484:	2002      	movs	r0, #2
10004486:	4240      	negs	r0, r0
10004488:	e7ef      	b.n	1000446a <stdio_get_until+0x42>
1000448a:	4599      	cmp	r9, r3
1000448c:	d1fa      	bne.n	10004484 <stdio_get_until+0x5c>
1000448e:	2001      	movs	r0, #1
10004490:	2100      	movs	r1, #0
10004492:	f7fc fff3 	bl	1000147c <busy_wait_us>
10004496:	e7d3      	b.n	10004440 <stdio_get_until+0x18>
10004498:	200021f0 	.word	0x200021f0
1000449c:	200021fc 	.word	0x200021fc
100044a0:	40054000 	.word	0x40054000

100044a4 <stdio_set_driver_enabled>:
100044a4:	4a0a      	ldr	r2, [pc, #40]	@ (100044d0 <stdio_set_driver_enabled+0x2c>)
100044a6:	6813      	ldr	r3, [r2, #0]
100044a8:	2b00      	cmp	r3, #0
100044aa:	d105      	bne.n	100044b8 <stdio_set_driver_enabled+0x14>
100044ac:	e00c      	b.n	100044c8 <stdio_set_driver_enabled+0x24>
100044ae:	001a      	movs	r2, r3
100044b0:	691b      	ldr	r3, [r3, #16]
100044b2:	3210      	adds	r2, #16
100044b4:	2b00      	cmp	r3, #0
100044b6:	d007      	beq.n	100044c8 <stdio_set_driver_enabled+0x24>
100044b8:	4283      	cmp	r3, r0
100044ba:	d1f8      	bne.n	100044ae <stdio_set_driver_enabled+0xa>
100044bc:	2900      	cmp	r1, #0
100044be:	d102      	bne.n	100044c6 <stdio_set_driver_enabled+0x22>
100044c0:	6918      	ldr	r0, [r3, #16]
100044c2:	6010      	str	r0, [r2, #0]
100044c4:	6119      	str	r1, [r3, #16]
100044c6:	4770      	bx	lr
100044c8:	2900      	cmp	r1, #0
100044ca:	d0fc      	beq.n	100044c6 <stdio_set_driver_enabled+0x22>
100044cc:	6010      	str	r0, [r2, #0]
100044ce:	e7fa      	b.n	100044c6 <stdio_set_driver_enabled+0x22>
100044d0:	200021f0 	.word	0x200021f0

100044d4 <stdio_init_all>:
100044d4:	b510      	push	{r4, lr}
100044d6:	f000 f9a9 	bl	1000482c <stdio_uart_init>
100044da:	f000 fb5d 	bl	10004b98 <stdio_usb_init>
100044de:	2001      	movs	r0, #1
100044e0:	bd10      	pop	{r4, pc}
100044e2:	46c0      	nop			@ (mov r8, r8)

100044e4 <__wrap_putchar>:
100044e4:	b5f0      	push	{r4, r5, r6, r7, lr}
100044e6:	46ce      	mov	lr, r9
100044e8:	4647      	mov	r7, r8
100044ea:	b580      	push	{r7, lr}
100044ec:	b083      	sub	sp, #12
100044ee:	466b      	mov	r3, sp
100044f0:	0006      	movs	r6, r0
100044f2:	1ddd      	adds	r5, r3, #7
100044f4:	7028      	strb	r0, [r5, #0]
100044f6:	f7fc ffb7 	bl	10001468 <time_us_64>
100044fa:	2300      	movs	r3, #0
100044fc:	4a19      	ldr	r2, [pc, #100]	@ (10004564 <__wrap_putchar+0x80>)
100044fe:	1812      	adds	r2, r2, r0
10004500:	414b      	adcs	r3, r1
10004502:	2b00      	cmp	r3, #0
10004504:	da02      	bge.n	1000450c <__wrap_putchar+0x28>
10004506:	2201      	movs	r2, #1
10004508:	4b17      	ldr	r3, [pc, #92]	@ (10004568 <__wrap_putchar+0x84>)
1000450a:	4252      	negs	r2, r2
1000450c:	4917      	ldr	r1, [pc, #92]	@ (1000456c <__wrap_putchar+0x88>)
1000450e:	0008      	movs	r0, r1
10004510:	4689      	mov	r9, r1
10004512:	f004 f879 	bl	10008608 <__mutex_try_enter_block_until_veneer>
10004516:	4b16      	ldr	r3, [pc, #88]	@ (10004570 <__wrap_putchar+0x8c>)
10004518:	4680      	mov	r8, r0
1000451a:	681c      	ldr	r4, [r3, #0]
1000451c:	2c00      	cmp	r4, #0
1000451e:	d014      	beq.n	1000454a <__wrap_putchar+0x66>
10004520:	4f14      	ldr	r7, [pc, #80]	@ (10004574 <__wrap_putchar+0x90>)
10004522:	e002      	b.n	1000452a <__wrap_putchar+0x46>
10004524:	6924      	ldr	r4, [r4, #16]
10004526:	2c00      	cmp	r4, #0
10004528:	d00f      	beq.n	1000454a <__wrap_putchar+0x66>
1000452a:	6823      	ldr	r3, [r4, #0]
1000452c:	2b00      	cmp	r3, #0
1000452e:	d0f9      	beq.n	10004524 <__wrap_putchar+0x40>
10004530:	683b      	ldr	r3, [r7, #0]
10004532:	2b00      	cmp	r3, #0
10004534:	d001      	beq.n	1000453a <__wrap_putchar+0x56>
10004536:	429c      	cmp	r4, r3
10004538:	d1f4      	bne.n	10004524 <__wrap_putchar+0x40>
1000453a:	0020      	movs	r0, r4
1000453c:	2201      	movs	r2, #1
1000453e:	0029      	movs	r1, r5
10004540:	f7ff fe84 	bl	1000424c <stdio_out_chars_crlf>
10004544:	6924      	ldr	r4, [r4, #16]
10004546:	2c00      	cmp	r4, #0
10004548:	d1ef      	bne.n	1000452a <__wrap_putchar+0x46>
1000454a:	4643      	mov	r3, r8
1000454c:	2b00      	cmp	r3, #0
1000454e:	d105      	bne.n	1000455c <__wrap_putchar+0x78>
10004550:	0030      	movs	r0, r6
10004552:	b003      	add	sp, #12
10004554:	bcc0      	pop	{r6, r7}
10004556:	46b9      	mov	r9, r7
10004558:	46b0      	mov	r8, r6
1000455a:	bdf0      	pop	{r4, r5, r6, r7, pc}
1000455c:	4648      	mov	r0, r9
1000455e:	f004 f873 	bl	10008648 <__mutex_exit_veneer>
10004562:	e7f5      	b.n	10004550 <__wrap_putchar+0x6c>
10004564:	000f4240 	.word	0x000f4240
10004568:	7fffffff 	.word	0x7fffffff
1000456c:	200016b0 	.word	0x200016b0
10004570:	200021f0 	.word	0x200021f0
10004574:	200021fc 	.word	0x200021fc

10004578 <__wrap_puts>:
10004578:	b570      	push	{r4, r5, r6, lr}
1000457a:	0004      	movs	r4, r0
1000457c:	f003 fb96 	bl	10007cac <strlen>
10004580:	2301      	movs	r3, #1
10004582:	0001      	movs	r1, r0
10004584:	0005      	movs	r5, r0
10004586:	2201      	movs	r2, #1
10004588:	0020      	movs	r0, r4
1000458a:	f7ff fed3 	bl	10004334 <stdio_put_string>
1000458e:	4b08      	ldr	r3, [pc, #32]	@ (100045b0 <__wrap_puts+0x38>)
10004590:	681c      	ldr	r4, [r3, #0]
10004592:	2c00      	cmp	r4, #0
10004594:	d006      	beq.n	100045a4 <__wrap_puts+0x2c>
10004596:	6863      	ldr	r3, [r4, #4]
10004598:	2b00      	cmp	r3, #0
1000459a:	d005      	beq.n	100045a8 <__wrap_puts+0x30>
1000459c:	4798      	blx	r3
1000459e:	6924      	ldr	r4, [r4, #16]
100045a0:	2c00      	cmp	r4, #0
100045a2:	d1f8      	bne.n	10004596 <__wrap_puts+0x1e>
100045a4:	0028      	movs	r0, r5
100045a6:	bd70      	pop	{r4, r5, r6, pc}
100045a8:	6924      	ldr	r4, [r4, #16]
100045aa:	2c00      	cmp	r4, #0
100045ac:	d1f3      	bne.n	10004596 <__wrap_puts+0x1e>
100045ae:	e7f9      	b.n	100045a4 <__wrap_puts+0x2c>
100045b0:	200021f0 	.word	0x200021f0

100045b4 <__wrap_vprintf>:
100045b4:	b5f0      	push	{r4, r5, r6, r7, lr}
100045b6:	46ce      	mov	lr, r9
100045b8:	4647      	mov	r7, r8
100045ba:	b580      	push	{r7, lr}
100045bc:	b0a3      	sub	sp, #140	@ 0x8c
100045be:	0004      	movs	r4, r0
100045c0:	000e      	movs	r6, r1
100045c2:	f7fc ff51 	bl	10001468 <time_us_64>
100045c6:	2300      	movs	r3, #0
100045c8:	4a26      	ldr	r2, [pc, #152]	@ (10004664 <__wrap_vprintf+0xb0>)
100045ca:	1812      	adds	r2, r2, r0
100045cc:	414b      	adcs	r3, r1
100045ce:	2b00      	cmp	r3, #0
100045d0:	da02      	bge.n	100045d8 <__wrap_vprintf+0x24>
100045d2:	2201      	movs	r2, #1
100045d4:	4b24      	ldr	r3, [pc, #144]	@ (10004668 <__wrap_vprintf+0xb4>)
100045d6:	4252      	negs	r2, r2
100045d8:	4824      	ldr	r0, [pc, #144]	@ (1000466c <__wrap_vprintf+0xb8>)
100045da:	f004 f815 	bl	10008608 <__mutex_try_enter_block_until_veneer>
100045de:	2300      	movs	r3, #0
100045e0:	0022      	movs	r2, r4
100045e2:	9301      	str	r3, [sp, #4]
100045e4:	4680      	mov	r8, r0
100045e6:	0033      	movs	r3, r6
100045e8:	4821      	ldr	r0, [pc, #132]	@ (10004670 <__wrap_vprintf+0xbc>)
100045ea:	a901      	add	r1, sp, #4
100045ec:	f7ff fd94 	bl	10004118 <vfctprintf>
100045f0:	4f20      	ldr	r7, [pc, #128]	@ (10004674 <__wrap_vprintf+0xc0>)
100045f2:	9b01      	ldr	r3, [sp, #4]
100045f4:	4681      	mov	r9, r0
100045f6:	683c      	ldr	r4, [r7, #0]
100045f8:	2b00      	cmp	r3, #0
100045fa:	d019      	beq.n	10004630 <__wrap_vprintf+0x7c>
100045fc:	2c00      	cmp	r4, #0
100045fe:	d02f      	beq.n	10004660 <__wrap_vprintf+0xac>
10004600:	4e1d      	ldr	r6, [pc, #116]	@ (10004678 <__wrap_vprintf+0xc4>)
10004602:	e002      	b.n	1000460a <__wrap_vprintf+0x56>
10004604:	6924      	ldr	r4, [r4, #16]
10004606:	2c00      	cmp	r4, #0
10004608:	d00f      	beq.n	1000462a <__wrap_vprintf+0x76>
1000460a:	6823      	ldr	r3, [r4, #0]
1000460c:	2b00      	cmp	r3, #0
1000460e:	d0f9      	beq.n	10004604 <__wrap_vprintf+0x50>
10004610:	6833      	ldr	r3, [r6, #0]
10004612:	2b00      	cmp	r3, #0
10004614:	d001      	beq.n	1000461a <__wrap_vprintf+0x66>
10004616:	42a3      	cmp	r3, r4
10004618:	d1f4      	bne.n	10004604 <__wrap_vprintf+0x50>
1000461a:	0020      	movs	r0, r4
1000461c:	9a01      	ldr	r2, [sp, #4]
1000461e:	a902      	add	r1, sp, #8
10004620:	f7ff fe14 	bl	1000424c <stdio_out_chars_crlf>
10004624:	6924      	ldr	r4, [r4, #16]
10004626:	2c00      	cmp	r4, #0
10004628:	d1ef      	bne.n	1000460a <__wrap_vprintf+0x56>
1000462a:	2300      	movs	r3, #0
1000462c:	683c      	ldr	r4, [r7, #0]
1000462e:	9301      	str	r3, [sp, #4]
10004630:	2c00      	cmp	r4, #0
10004632:	d006      	beq.n	10004642 <__wrap_vprintf+0x8e>
10004634:	6863      	ldr	r3, [r4, #4]
10004636:	2b00      	cmp	r3, #0
10004638:	d00c      	beq.n	10004654 <__wrap_vprintf+0xa0>
1000463a:	4798      	blx	r3
1000463c:	6924      	ldr	r4, [r4, #16]
1000463e:	2c00      	cmp	r4, #0
10004640:	d1f8      	bne.n	10004634 <__wrap_vprintf+0x80>
10004642:	4643      	mov	r3, r8
10004644:	2b00      	cmp	r3, #0
10004646:	d107      	bne.n	10004658 <__wrap_vprintf+0xa4>
10004648:	4648      	mov	r0, r9
1000464a:	b023      	add	sp, #140	@ 0x8c
1000464c:	bcc0      	pop	{r6, r7}
1000464e:	46b9      	mov	r9, r7
10004650:	46b0      	mov	r8, r6
10004652:	bdf0      	pop	{r4, r5, r6, r7, pc}
10004654:	6924      	ldr	r4, [r4, #16]
10004656:	e7eb      	b.n	10004630 <__wrap_vprintf+0x7c>
10004658:	4804      	ldr	r0, [pc, #16]	@ (1000466c <__wrap_vprintf+0xb8>)
1000465a:	f003 fff5 	bl	10008648 <__mutex_exit_veneer>
1000465e:	e7f3      	b.n	10004648 <__wrap_vprintf+0x94>
10004660:	9401      	str	r4, [sp, #4]
10004662:	e7ee      	b.n	10004642 <__wrap_vprintf+0x8e>
10004664:	000f4240 	.word	0x000f4240
10004668:	7fffffff 	.word	0x7fffffff
1000466c:	200016b0 	.word	0x200016b0
10004670:	100042dd 	.word	0x100042dd
10004674:	200021f0 	.word	0x200021f0
10004678:	200021fc 	.word	0x200021fc

1000467c <__wrap_printf>:
1000467c:	b40f      	push	{r0, r1, r2, r3}
1000467e:	b500      	push	{lr}
10004680:	b083      	sub	sp, #12
10004682:	a904      	add	r1, sp, #16
10004684:	c901      	ldmia	r1!, {r0}
10004686:	9101      	str	r1, [sp, #4]
10004688:	f7ff ff94 	bl	100045b4 <__wrap_vprintf>
1000468c:	b003      	add	sp, #12
1000468e:	bc08      	pop	{r3}
10004690:	b004      	add	sp, #16
10004692:	4718      	bx	r3

10004694 <stdio_uart_out_chars>:
10004694:	b5f0      	push	{r4, r5, r6, r7, lr}
10004696:	2900      	cmp	r1, #0
10004698:	dd15      	ble.n	100046c6 <stdio_uart_out_chars+0x32>
1000469a:	4b0e      	ldr	r3, [pc, #56]	@ (100046d4 <stdio_uart_out_chars+0x40>)
1000469c:	270d      	movs	r7, #13
1000469e:	681a      	ldr	r2, [r3, #0]
100046a0:	4b0d      	ldr	r3, [pc, #52]	@ (100046d8 <stdio_uart_out_chars+0x44>)
100046a2:	4c0e      	ldr	r4, [pc, #56]	@ (100046dc <stdio_uart_out_chars+0x48>)
100046a4:	18d3      	adds	r3, r2, r3
100046a6:	425d      	negs	r5, r3
100046a8:	416b      	adcs	r3, r5
100046aa:	1845      	adds	r5, r0, r1
100046ac:	2120      	movs	r1, #32
100046ae:	005b      	lsls	r3, r3, #1
100046b0:	5f1e      	ldrsh	r6, [r3, r4]
100046b2:	7804      	ldrb	r4, [r0, #0]
100046b4:	42a6      	cmp	r6, r4
100046b6:	d007      	beq.n	100046c8 <stdio_uart_out_chars+0x34>
100046b8:	6993      	ldr	r3, [r2, #24]
100046ba:	4219      	tst	r1, r3
100046bc:	d1fc      	bne.n	100046b8 <stdio_uart_out_chars+0x24>
100046be:	3001      	adds	r0, #1
100046c0:	6014      	str	r4, [r2, #0]
100046c2:	42a8      	cmp	r0, r5
100046c4:	d1f5      	bne.n	100046b2 <stdio_uart_out_chars+0x1e>
100046c6:	bdf0      	pop	{r4, r5, r6, r7, pc}
100046c8:	6993      	ldr	r3, [r2, #24]
100046ca:	4219      	tst	r1, r3
100046cc:	d1fc      	bne.n	100046c8 <stdio_uart_out_chars+0x34>
100046ce:	6017      	str	r7, [r2, #0]
100046d0:	e7f2      	b.n	100046b8 <stdio_uart_out_chars+0x24>
100046d2:	46c0      	nop			@ (mov r8, r8)
100046d4:	20002644 	.word	0x20002644
100046d8:	bffc8000 	.word	0xbffc8000
100046dc:	20002640 	.word	0x20002640

100046e0 <stdio_uart_in_chars>:
100046e0:	4b1f      	ldr	r3, [pc, #124]	@ (10004760 <stdio_uart_in_chars+0x80>)
100046e2:	b530      	push	{r4, r5, lr}
100046e4:	681b      	ldr	r3, [r3, #0]
100046e6:	1e0d      	subs	r5, r1, #0
100046e8:	469c      	mov	ip, r3
100046ea:	dd2a      	ble.n	10004742 <stdio_uart_in_chars+0x62>
100046ec:	1e44      	subs	r4, r0, #1
100046ee:	2110      	movs	r1, #16
100046f0:	2000      	movs	r0, #0
100046f2:	4b1c      	ldr	r3, [pc, #112]	@ (10004764 <stdio_uart_in_chars+0x84>)
100046f4:	681a      	ldr	r2, [r3, #0]
100046f6:	6993      	ldr	r3, [r2, #24]
100046f8:	4219      	tst	r1, r3
100046fa:	d114      	bne.n	10004726 <stdio_uart_in_chars+0x46>
100046fc:	3001      	adds	r0, #1
100046fe:	6993      	ldr	r3, [r2, #24]
10004700:	4219      	tst	r1, r3
10004702:	d1fc      	bne.n	100046fe <stdio_uart_in_chars+0x1e>
10004704:	6813      	ldr	r3, [r2, #0]
10004706:	5423      	strb	r3, [r4, r0]
10004708:	4285      	cmp	r5, r0
1000470a:	d1f4      	bne.n	100046f6 <stdio_uart_in_chars+0x16>
1000470c:	4663      	mov	r3, ip
1000470e:	2b00      	cmp	r3, #0
10004710:	d007      	beq.n	10004722 <stdio_uart_in_chars+0x42>
10004712:	2350      	movs	r3, #80	@ 0x50
10004714:	6393      	str	r3, [r2, #56]	@ 0x38
10004716:	6b51      	ldr	r1, [r2, #52]	@ 0x34
10004718:	3b18      	subs	r3, #24
1000471a:	400b      	ands	r3, r1
1000471c:	4912      	ldr	r1, [pc, #72]	@ (10004768 <stdio_uart_in_chars+0x88>)
1000471e:	1852      	adds	r2, r2, r1
10004720:	6013      	str	r3, [r2, #0]
10004722:	0028      	movs	r0, r5
10004724:	bd30      	pop	{r4, r5, pc}
10004726:	4663      	mov	r3, ip
10004728:	2b00      	cmp	r3, #0
1000472a:	d007      	beq.n	1000473c <stdio_uart_in_chars+0x5c>
1000472c:	2350      	movs	r3, #80	@ 0x50
1000472e:	6393      	str	r3, [r2, #56]	@ 0x38
10004730:	6b51      	ldr	r1, [r2, #52]	@ 0x34
10004732:	3b18      	subs	r3, #24
10004734:	400b      	ands	r3, r1
10004736:	490c      	ldr	r1, [pc, #48]	@ (10004768 <stdio_uart_in_chars+0x88>)
10004738:	1852      	adds	r2, r2, r1
1000473a:	6013      	str	r3, [r2, #0]
1000473c:	2800      	cmp	r0, #0
1000473e:	d1f1      	bne.n	10004724 <stdio_uart_in_chars+0x44>
10004740:	e00b      	b.n	1000475a <stdio_uart_in_chars+0x7a>
10004742:	2b00      	cmp	r3, #0
10004744:	d009      	beq.n	1000475a <stdio_uart_in_chars+0x7a>
10004746:	2250      	movs	r2, #80	@ 0x50
10004748:	4b06      	ldr	r3, [pc, #24]	@ (10004764 <stdio_uart_in_chars+0x84>)
1000474a:	681b      	ldr	r3, [r3, #0]
1000474c:	639a      	str	r2, [r3, #56]	@ 0x38
1000474e:	6b59      	ldr	r1, [r3, #52]	@ 0x34
10004750:	3a18      	subs	r2, #24
10004752:	400a      	ands	r2, r1
10004754:	4904      	ldr	r1, [pc, #16]	@ (10004768 <stdio_uart_in_chars+0x88>)
10004756:	185b      	adds	r3, r3, r1
10004758:	601a      	str	r2, [r3, #0]
1000475a:	2003      	movs	r0, #3
1000475c:	4240      	negs	r0, r0
1000475e:	e7e1      	b.n	10004724 <stdio_uart_in_chars+0x44>
10004760:	20002188 	.word	0x20002188
10004764:	20002644 	.word	0x20002644
10004768:	00001034 	.word	0x00001034

1000476c <on_uart_rx>:
1000476c:	4b06      	ldr	r3, [pc, #24]	@ (10004788 <on_uart_rx+0x1c>)
1000476e:	b510      	push	{r4, lr}
10004770:	681b      	ldr	r3, [r3, #0]
10004772:	2b00      	cmp	r3, #0
10004774:	d006      	beq.n	10004784 <on_uart_rx+0x18>
10004776:	2100      	movs	r1, #0
10004778:	4a04      	ldr	r2, [pc, #16]	@ (1000478c <on_uart_rx+0x20>)
1000477a:	6812      	ldr	r2, [r2, #0]
1000477c:	6391      	str	r1, [r2, #56]	@ 0x38
1000477e:	4a04      	ldr	r2, [pc, #16]	@ (10004790 <on_uart_rx+0x24>)
10004780:	6810      	ldr	r0, [r2, #0]
10004782:	4798      	blx	r3
10004784:	bd10      	pop	{r4, pc}
10004786:	46c0      	nop			@ (mov r8, r8)
10004788:	20002188 	.word	0x20002188
1000478c:	20002644 	.word	0x20002644
10004790:	20002190 	.word	0x20002190

10004794 <stdio_uart_out_flush>:
10004794:	2208      	movs	r2, #8
10004796:	4b03      	ldr	r3, [pc, #12]	@ (100047a4 <stdio_uart_out_flush+0x10>)
10004798:	6819      	ldr	r1, [r3, #0]
1000479a:	698b      	ldr	r3, [r1, #24]
1000479c:	421a      	tst	r2, r3
1000479e:	d1fc      	bne.n	1000479a <stdio_uart_out_flush+0x6>
100047a0:	4770      	bx	lr
100047a2:	46c0      	nop			@ (mov r8, r8)
100047a4:	20002644 	.word	0x20002644

100047a8 <stdio_uart_set_chars_available_callback>:
100047a8:	b570      	push	{r4, r5, r6, lr}
100047aa:	4e1a      	ldr	r6, [pc, #104]	@ (10004814 <stdio_uart_set_chars_available_callback+0x6c>)
100047ac:	4b1a      	ldr	r3, [pc, #104]	@ (10004818 <stdio_uart_set_chars_available_callback+0x70>)
100047ae:	6832      	ldr	r2, [r6, #0]
100047b0:	0004      	movs	r4, r0
100047b2:	18d3      	adds	r3, r2, r3
100047b4:	4258      	negs	r0, r3
100047b6:	4143      	adcs	r3, r0
100047b8:	4d18      	ldr	r5, [pc, #96]	@ (1000481c <stdio_uart_set_chars_available_callback+0x74>)
100047ba:	3314      	adds	r3, #20
100047bc:	0018      	movs	r0, r3
100047be:	682b      	ldr	r3, [r5, #0]
100047c0:	2c00      	cmp	r4, #0
100047c2:	d002      	beq.n	100047ca <stdio_uart_set_chars_available_callback+0x22>
100047c4:	2b00      	cmp	r3, #0
100047c6:	d00f      	beq.n	100047e8 <stdio_uart_set_chars_available_callback+0x40>
100047c8:	bd70      	pop	{r4, r5, r6, pc}
100047ca:	2b00      	cmp	r3, #0
100047cc:	d0fc      	beq.n	100047c8 <stdio_uart_set_chars_available_callback+0x20>
100047ce:	0006      	movs	r6, r0
100047d0:	2100      	movs	r1, #0
100047d2:	6394      	str	r4, [r2, #56]	@ 0x38
100047d4:	f7fb fef8 	bl	100005c8 <irq_set_enabled>
100047d8:	0030      	movs	r0, r6
100047da:	4911      	ldr	r1, [pc, #68]	@ (10004820 <stdio_uart_set_chars_available_callback+0x78>)
100047dc:	f7fc f832 	bl	10000844 <irq_remove_handler>
100047e0:	4b10      	ldr	r3, [pc, #64]	@ (10004824 <stdio_uart_set_chars_available_callback+0x7c>)
100047e2:	602c      	str	r4, [r5, #0]
100047e4:	601c      	str	r4, [r3, #0]
100047e6:	e7ef      	b.n	100047c8 <stdio_uart_set_chars_available_callback+0x20>
100047e8:	602c      	str	r4, [r5, #0]
100047ea:	0004      	movs	r4, r0
100047ec:	4b0d      	ldr	r3, [pc, #52]	@ (10004824 <stdio_uart_set_chars_available_callback+0x7c>)
100047ee:	6019      	str	r1, [r3, #0]
100047f0:	490b      	ldr	r1, [pc, #44]	@ (10004820 <stdio_uart_set_chars_available_callback+0x78>)
100047f2:	f7fb ff21 	bl	10000638 <irq_set_exclusive_handler>
100047f6:	2101      	movs	r1, #1
100047f8:	0020      	movs	r0, r4
100047fa:	f7fb fee5 	bl	100005c8 <irq_set_enabled>
100047fe:	2250      	movs	r2, #80	@ 0x50
10004800:	6833      	ldr	r3, [r6, #0]
10004802:	639a      	str	r2, [r3, #56]	@ 0x38
10004804:	6b59      	ldr	r1, [r3, #52]	@ 0x34
10004806:	3a18      	subs	r2, #24
10004808:	400a      	ands	r2, r1
1000480a:	4907      	ldr	r1, [pc, #28]	@ (10004828 <stdio_uart_set_chars_available_callback+0x80>)
1000480c:	185b      	adds	r3, r3, r1
1000480e:	601a      	str	r2, [r3, #0]
10004810:	e7da      	b.n	100047c8 <stdio_uart_set_chars_available_callback+0x20>
10004812:	46c0      	nop			@ (mov r8, r8)
10004814:	20002644 	.word	0x20002644
10004818:	bffc8000 	.word	0xbffc8000
1000481c:	20002188 	.word	0x20002188
10004820:	1000476d 	.word	0x1000476d
10004824:	20002190 	.word	0x20002190
10004828:	00001034 	.word	0x00001034

1000482c <stdio_uart_init>:
1000482c:	4b0d      	ldr	r3, [pc, #52]	@ (10004864 <stdio_uart_init+0x38>)
1000482e:	b510      	push	{r4, lr}
10004830:	781b      	ldrb	r3, [r3, #0]
10004832:	4b0d      	ldr	r3, [pc, #52]	@ (10004868 <stdio_uart_init+0x3c>)
10004834:	4c0d      	ldr	r4, [pc, #52]	@ (1000486c <stdio_uart_init+0x40>)
10004836:	781b      	ldrb	r3, [r3, #0]
10004838:	4b0d      	ldr	r3, [pc, #52]	@ (10004870 <stdio_uart_init+0x44>)
1000483a:	2102      	movs	r1, #2
1000483c:	781b      	ldrb	r3, [r3, #0]
1000483e:	4b0d      	ldr	r3, [pc, #52]	@ (10004874 <stdio_uart_init+0x48>)
10004840:	2000      	movs	r0, #0
10004842:	6023      	str	r3, [r4, #0]
10004844:	f7fb fda0 	bl	10000388 <gpio_set_function>
10004848:	2102      	movs	r1, #2
1000484a:	2001      	movs	r0, #1
1000484c:	f7fb fd9c 	bl	10000388 <gpio_set_function>
10004850:	21e1      	movs	r1, #225	@ 0xe1
10004852:	6820      	ldr	r0, [r4, #0]
10004854:	0249      	lsls	r1, r1, #9
10004856:	f7fc fe57 	bl	10001508 <uart_init>
1000485a:	2101      	movs	r1, #1
1000485c:	4806      	ldr	r0, [pc, #24]	@ (10004878 <stdio_uart_init+0x4c>)
1000485e:	f7ff fe21 	bl	100044a4 <stdio_set_driver_enabled>
10004862:	bd10      	pop	{r4, pc}
10004864:	10008e28 	.word	0x10008e28
10004868:	10008e24 	.word	0x10008e24
1000486c:	20002644 	.word	0x20002644
10004870:	10008e20 	.word	0x10008e20
10004874:	40034000 	.word	0x40034000
10004878:	20001030 	.word	0x20001030

1000487c <stdio_usb_set_chars_available_callback>:
1000487c:	4b02      	ldr	r3, [pc, #8]	@ (10004888 <stdio_usb_set_chars_available_callback+0xc>)
1000487e:	6018      	str	r0, [r3, #0]
10004880:	4b02      	ldr	r3, [pc, #8]	@ (1000488c <stdio_usb_set_chars_available_callback+0x10>)
10004882:	6019      	str	r1, [r3, #0]
10004884:	4770      	bx	lr
10004886:	46c0      	nop			@ (mov r8, r8)
10004888:	2000218c 	.word	0x2000218c
1000488c:	20002194 	.word	0x20002194

10004890 <usb_irq>:
10004890:	b510      	push	{r4, lr}
10004892:	4b02      	ldr	r3, [pc, #8]	@ (1000489c <usb_irq+0xc>)
10004894:	7818      	ldrb	r0, [r3, #0]
10004896:	f7fb feb5 	bl	10000604 <irq_set_pending>
1000489a:	bd10      	pop	{r4, pc}
1000489c:	2000265f 	.word	0x2000265f

100048a0 <timer_task>:
100048a0:	4b15      	ldr	r3, [pc, #84]	@ (100048f8 <timer_task+0x58>)
100048a2:	b570      	push	{r4, r5, r6, lr}
100048a4:	681a      	ldr	r2, [r3, #0]
100048a6:	2a00      	cmp	r2, #0
100048a8:	d022      	beq.n	100048f0 <timer_task+0x50>
100048aa:	f3ef 8110 	mrs	r1, PRIMASK
100048ae:	b672      	cpsid	i
100048b0:	6810      	ldr	r0, [r2, #0]
100048b2:	2800      	cmp	r0, #0
100048b4:	d0fc      	beq.n	100048b0 <timer_task+0x10>
100048b6:	f3bf 8f5f 	dmb	sy
100048ba:	2000      	movs	r0, #0
100048bc:	4a0f      	ldr	r2, [pc, #60]	@ (100048fc <timer_task+0x5c>)
100048be:	6059      	str	r1, [r3, #4]
100048c0:	7010      	strb	r0, [r2, #0]
100048c2:	681b      	ldr	r3, [r3, #0]
100048c4:	f3bf 8f5f 	dmb	sy
100048c8:	6018      	str	r0, [r3, #0]
100048ca:	f381 8810 	msr	PRIMASK, r1
100048ce:	2400      	movs	r4, #0
100048d0:	2500      	movs	r5, #0
100048d2:	4e0b      	ldr	r6, [pc, #44]	@ (10004900 <timer_task+0x60>)
100048d4:	7830      	ldrb	r0, [r6, #0]
100048d6:	f7fb fe89 	bl	100005ec <irq_is_enabled>
100048da:	2800      	cmp	r0, #0
100048dc:	d104      	bne.n	100048e8 <timer_task+0x48>
100048de:	2400      	movs	r4, #0
100048e0:	2500      	movs	r5, #0
100048e2:	0029      	movs	r1, r5
100048e4:	0020      	movs	r0, r4
100048e6:	bd70      	pop	{r4, r5, r6, pc}
100048e8:	7830      	ldrb	r0, [r6, #0]
100048ea:	f7fb fe8b 	bl	10000604 <irq_set_pending>
100048ee:	e7f8      	b.n	100048e2 <timer_task+0x42>
100048f0:	24fa      	movs	r4, #250	@ 0xfa
100048f2:	2500      	movs	r5, #0
100048f4:	00a4      	lsls	r4, r4, #2
100048f6:	e7ec      	b.n	100048d2 <timer_task+0x32>
100048f8:	20002614 	.word	0x20002614
100048fc:	20002660 	.word	0x20002660
10004900:	2000265f 	.word	0x2000265f

10004904 <stdio_usb_in_chars>:
10004904:	b570      	push	{r4, r5, r6, lr}
10004906:	0005      	movs	r5, r0
10004908:	2000      	movs	r0, #0
1000490a:	000e      	movs	r6, r1
1000490c:	f001 fb78 	bl	10006000 <tud_cdc_n_connected>
10004910:	2800      	cmp	r0, #0
10004912:	d034      	beq.n	1000497e <stdio_usb_in_chars+0x7a>
10004914:	2000      	movs	r0, #0
10004916:	f001 fb89 	bl	1000602c <tud_cdc_n_available>
1000491a:	2800      	cmp	r0, #0
1000491c:	d02f      	beq.n	1000497e <stdio_usb_in_chars+0x7a>
1000491e:	f7fc fda3 	bl	10001468 <time_us_64>
10004922:	2300      	movs	r3, #0
10004924:	4a17      	ldr	r2, [pc, #92]	@ (10004984 <stdio_usb_in_chars+0x80>)
10004926:	1812      	adds	r2, r2, r0
10004928:	414b      	adcs	r3, r1
1000492a:	2b00      	cmp	r3, #0
1000492c:	db16      	blt.n	1000495c <stdio_usb_in_chars+0x58>
1000492e:	4c16      	ldr	r4, [pc, #88]	@ (10004988 <stdio_usb_in_chars+0x84>)
10004930:	0020      	movs	r0, r4
10004932:	f003 fe69 	bl	10008608 <__mutex_try_enter_block_until_veneer>
10004936:	2800      	cmp	r0, #0
10004938:	d021      	beq.n	1000497e <stdio_usb_in_chars+0x7a>
1000493a:	2000      	movs	r0, #0
1000493c:	f001 fb60 	bl	10006000 <tud_cdc_n_connected>
10004940:	2800      	cmp	r0, #0
10004942:	d10f      	bne.n	10004964 <stdio_usb_in_chars+0x60>
10004944:	2001      	movs	r0, #1
10004946:	2100      	movs	r1, #0
10004948:	4240      	negs	r0, r0
1000494a:	f000 fd89 	bl	10005460 <tud_task_ext>
1000494e:	2503      	movs	r5, #3
10004950:	426d      	negs	r5, r5
10004952:	0020      	movs	r0, r4
10004954:	f003 fe78 	bl	10008648 <__mutex_exit_veneer>
10004958:	0028      	movs	r0, r5
1000495a:	bd70      	pop	{r4, r5, r6, pc}
1000495c:	2201      	movs	r2, #1
1000495e:	4b0b      	ldr	r3, [pc, #44]	@ (1000498c <stdio_usb_in_chars+0x88>)
10004960:	4252      	negs	r2, r2
10004962:	e7e4      	b.n	1000492e <stdio_usb_in_chars+0x2a>
10004964:	2000      	movs	r0, #0
10004966:	f001 fb61 	bl	1000602c <tud_cdc_n_available>
1000496a:	2800      	cmp	r0, #0
1000496c:	d0ea      	beq.n	10004944 <stdio_usb_in_chars+0x40>
1000496e:	0029      	movs	r1, r5
10004970:	0032      	movs	r2, r6
10004972:	2000      	movs	r0, #0
10004974:	f001 fb64 	bl	10006040 <tud_cdc_n_read>
10004978:	1e05      	subs	r5, r0, #0
1000497a:	d1ea      	bne.n	10004952 <stdio_usb_in_chars+0x4e>
1000497c:	e7e7      	b.n	1000494e <stdio_usb_in_chars+0x4a>
1000497e:	2503      	movs	r5, #3
10004980:	426d      	negs	r5, r5
10004982:	e7e9      	b.n	10004958 <stdio_usb_in_chars+0x54>
10004984:	000f4240 	.word	0x000f4240
10004988:	20002638 	.word	0x20002638
1000498c:	7fffffff 	.word	0x7fffffff

10004990 <stdio_usb_out_flush>:
10004990:	b510      	push	{r4, lr}
10004992:	f7fc fd69 	bl	10001468 <time_us_64>
10004996:	2300      	movs	r3, #0
10004998:	4a0d      	ldr	r2, [pc, #52]	@ (100049d0 <stdio_usb_out_flush+0x40>)
1000499a:	1812      	adds	r2, r2, r0
1000499c:	414b      	adcs	r3, r1
1000499e:	2b00      	cmp	r3, #0
100049a0:	da02      	bge.n	100049a8 <stdio_usb_out_flush+0x18>
100049a2:	2201      	movs	r2, #1
100049a4:	4b0b      	ldr	r3, [pc, #44]	@ (100049d4 <stdio_usb_out_flush+0x44>)
100049a6:	4252      	negs	r2, r2
100049a8:	480b      	ldr	r0, [pc, #44]	@ (100049d8 <stdio_usb_out_flush+0x48>)
100049aa:	f003 fe2d 	bl	10008608 <__mutex_try_enter_block_until_veneer>
100049ae:	2800      	cmp	r0, #0
100049b0:	d00c      	beq.n	100049cc <stdio_usb_out_flush+0x3c>
100049b2:	2001      	movs	r0, #1
100049b4:	2100      	movs	r1, #0
100049b6:	4240      	negs	r0, r0
100049b8:	f000 fd52 	bl	10005460 <tud_task_ext>
100049bc:	2000      	movs	r0, #0
100049be:	f001 fb83 	bl	100060c8 <tud_cdc_n_write_flush>
100049c2:	2800      	cmp	r0, #0
100049c4:	d1f5      	bne.n	100049b2 <stdio_usb_out_flush+0x22>
100049c6:	4804      	ldr	r0, [pc, #16]	@ (100049d8 <stdio_usb_out_flush+0x48>)
100049c8:	f003 fe3e 	bl	10008648 <__mutex_exit_veneer>
100049cc:	bd10      	pop	{r4, pc}
100049ce:	46c0      	nop			@ (mov r8, r8)
100049d0:	000f4240 	.word	0x000f4240
100049d4:	7fffffff 	.word	0x7fffffff
100049d8:	20002638 	.word	0x20002638

100049dc <stdio_usb_out_chars>:
100049dc:	b5f8      	push	{r3, r4, r5, r6, r7, lr}
100049de:	46ce      	mov	lr, r9
100049e0:	4647      	mov	r7, r8
100049e2:	b580      	push	{r7, lr}
100049e4:	0005      	movs	r5, r0
100049e6:	000c      	movs	r4, r1
100049e8:	f7fc fd3e 	bl	10001468 <time_us_64>
100049ec:	2300      	movs	r3, #0
100049ee:	4a34      	ldr	r2, [pc, #208]	@ (10004ac0 <stdio_usb_out_chars+0xe4>)
100049f0:	1812      	adds	r2, r2, r0
100049f2:	414b      	adcs	r3, r1
100049f4:	2b00      	cmp	r3, #0
100049f6:	da02      	bge.n	100049fe <stdio_usb_out_chars+0x22>
100049f8:	2201      	movs	r2, #1
100049fa:	4b32      	ldr	r3, [pc, #200]	@ (10004ac4 <stdio_usb_out_chars+0xe8>)
100049fc:	4252      	negs	r2, r2
100049fe:	4932      	ldr	r1, [pc, #200]	@ (10004ac8 <stdio_usb_out_chars+0xec>)
10004a00:	0008      	movs	r0, r1
10004a02:	4688      	mov	r8, r1
10004a04:	f003 fe00 	bl	10008608 <__mutex_try_enter_block_until_veneer>
10004a08:	2800      	cmp	r0, #0
10004a0a:	d103      	bne.n	10004a14 <stdio_usb_out_chars+0x38>
10004a0c:	bcc0      	pop	{r6, r7}
10004a0e:	46b9      	mov	r9, r7
10004a10:	46b0      	mov	r8, r6
10004a12:	bdf8      	pop	{r3, r4, r5, r6, r7, pc}
10004a14:	2000      	movs	r0, #0
10004a16:	f001 faf3 	bl	10006000 <tud_cdc_n_connected>
10004a1a:	2800      	cmp	r0, #0
10004a1c:	d048      	beq.n	10004ab0 <stdio_usb_out_chars+0xd4>
10004a1e:	2600      	movs	r6, #0
10004a20:	2c00      	cmp	r4, #0
10004a22:	dd41      	ble.n	10004aa8 <stdio_usb_out_chars+0xcc>
10004a24:	4b29      	ldr	r3, [pc, #164]	@ (10004acc <stdio_usb_out_chars+0xf0>)
10004a26:	4699      	mov	r9, r3
10004a28:	e013      	b.n	10004a52 <stdio_usb_out_chars+0x76>
10004a2a:	19a9      	adds	r1, r5, r6
10004a2c:	2000      	movs	r0, #0
10004a2e:	f001 fb87 	bl	10006140 <tud_cdc_n_write>
10004a32:	0007      	movs	r7, r0
10004a34:	2001      	movs	r0, #1
10004a36:	2100      	movs	r1, #0
10004a38:	4240      	negs	r0, r0
10004a3a:	f000 fd11 	bl	10005460 <tud_task_ext>
10004a3e:	2000      	movs	r0, #0
10004a40:	f001 fb42 	bl	100060c8 <tud_cdc_n_write_flush>
10004a44:	f7fc fd10 	bl	10001468 <time_us_64>
10004a48:	4b20      	ldr	r3, [pc, #128]	@ (10004acc <stdio_usb_out_chars+0xf0>)
10004a4a:	19f6      	adds	r6, r6, r7
10004a4c:	c303      	stmia	r3!, {r0, r1}
10004a4e:	42b4      	cmp	r4, r6
10004a50:	dd2a      	ble.n	10004aa8 <stdio_usb_out_chars+0xcc>
10004a52:	2000      	movs	r0, #0
10004a54:	f001 fb94 	bl	10006180 <tud_cdc_n_write_available>
10004a58:	1ba7      	subs	r7, r4, r6
10004a5a:	0002      	movs	r2, r0
10004a5c:	42b8      	cmp	r0, r7
10004a5e:	dd00      	ble.n	10004a62 <stdio_usb_out_chars+0x86>
10004a60:	003a      	movs	r2, r7
10004a62:	2a00      	cmp	r2, #0
10004a64:	d1e1      	bne.n	10004a2a <stdio_usb_out_chars+0x4e>
10004a66:	2001      	movs	r0, #1
10004a68:	2100      	movs	r1, #0
10004a6a:	4240      	negs	r0, r0
10004a6c:	f000 fcf8 	bl	10005460 <tud_task_ext>
10004a70:	2000      	movs	r0, #0
10004a72:	f001 fb29 	bl	100060c8 <tud_cdc_n_write_flush>
10004a76:	2000      	movs	r0, #0
10004a78:	f001 fac2 	bl	10006000 <tud_cdc_n_connected>
10004a7c:	2800      	cmp	r0, #0
10004a7e:	d013      	beq.n	10004aa8 <stdio_usb_out_chars+0xcc>
10004a80:	2000      	movs	r0, #0
10004a82:	f001 fb7d 	bl	10006180 <tud_cdc_n_write_available>
10004a86:	2800      	cmp	r0, #0
10004a88:	d1e1      	bne.n	10004a4e <stdio_usb_out_chars+0x72>
10004a8a:	f7fc fced 	bl	10001468 <time_us_64>
10004a8e:	464b      	mov	r3, r9
10004a90:	000f      	movs	r7, r1
10004a92:	cb0c      	ldmia	r3, {r2, r3}
10004a94:	2100      	movs	r1, #0
10004a96:	4684      	mov	ip, r0
10004a98:	480d      	ldr	r0, [pc, #52]	@ (10004ad0 <stdio_usb_out_chars+0xf4>)
10004a9a:	1812      	adds	r2, r2, r0
10004a9c:	414b      	adcs	r3, r1
10004a9e:	429f      	cmp	r7, r3
10004aa0:	d802      	bhi.n	10004aa8 <stdio_usb_out_chars+0xcc>
10004aa2:	d1d4      	bne.n	10004a4e <stdio_usb_out_chars+0x72>
10004aa4:	4594      	cmp	ip, r2
10004aa6:	d9d2      	bls.n	10004a4e <stdio_usb_out_chars+0x72>
10004aa8:	4640      	mov	r0, r8
10004aaa:	f003 fdcd 	bl	10008648 <__mutex_exit_veneer>
10004aae:	e7ad      	b.n	10004a0c <stdio_usb_out_chars+0x30>
10004ab0:	2000      	movs	r0, #0
10004ab2:	2100      	movs	r1, #0
10004ab4:	4b05      	ldr	r3, [pc, #20]	@ (10004acc <stdio_usb_out_chars+0xf0>)
10004ab6:	c303      	stmia	r3!, {r0, r1}
10004ab8:	4640      	mov	r0, r8
10004aba:	f003 fdc5 	bl	10008648 <__mutex_exit_veneer>
10004abe:	e7a5      	b.n	10004a0c <stdio_usb_out_chars+0x30>
10004ac0:	000f4240 	.word	0x000f4240
10004ac4:	7fffffff 	.word	0x7fffffff
10004ac8:	20002638 	.word	0x20002638
10004acc:	20001900 	.word	0x20001900
10004ad0:	0007a120 	.word	0x0007a120

10004ad4 <low_priority_worker_irq>:
10004ad4:	b530      	push	{r4, r5, lr}
10004ad6:	2100      	movs	r1, #0
10004ad8:	b085      	sub	sp, #20
10004ada:	4828      	ldr	r0, [pc, #160]	@ (10004b7c <low_priority_worker_irq+0xa8>)
10004adc:	f003 fda4 	bl	10008628 <__mutex_try_enter_veneer>
10004ae0:	2800      	cmp	r0, #0
10004ae2:	d11c      	bne.n	10004b1e <low_priority_worker_irq+0x4a>
10004ae4:	4b26      	ldr	r3, [pc, #152]	@ (10004b80 <low_priority_worker_irq+0xac>)
10004ae6:	681a      	ldr	r2, [r3, #0]
10004ae8:	2a00      	cmp	r2, #0
10004aea:	d016      	beq.n	10004b1a <low_priority_worker_irq+0x46>
10004aec:	f3ef 8110 	mrs	r1, PRIMASK
10004af0:	b672      	cpsid	i
10004af2:	6810      	ldr	r0, [r2, #0]
10004af4:	2800      	cmp	r0, #0
10004af6:	d0fc      	beq.n	10004af2 <low_priority_worker_irq+0x1e>
10004af8:	f3bf 8f5f 	dmb	sy
10004afc:	2401      	movs	r4, #1
10004afe:	4821      	ldr	r0, [pc, #132]	@ (10004b84 <low_priority_worker_irq+0xb0>)
10004b00:	6059      	str	r1, [r3, #4]
10004b02:	7802      	ldrb	r2, [r0, #0]
10004b04:	681b      	ldr	r3, [r3, #0]
10004b06:	b2d2      	uxtb	r2, r2
10004b08:	7004      	strb	r4, [r0, #0]
10004b0a:	f3bf 8f5f 	dmb	sy
10004b0e:	2000      	movs	r0, #0
10004b10:	6018      	str	r0, [r3, #0]
10004b12:	f381 8810 	msr	PRIMASK, r1
10004b16:	2a00      	cmp	r2, #0
10004b18:	d017      	beq.n	10004b4a <low_priority_worker_irq+0x76>
10004b1a:	b005      	add	sp, #20
10004b1c:	bd30      	pop	{r4, r5, pc}
10004b1e:	2001      	movs	r0, #1
10004b20:	2100      	movs	r1, #0
10004b22:	4240      	negs	r0, r0
10004b24:	f000 fc9c 	bl	10005460 <tud_task_ext>
10004b28:	2000      	movs	r0, #0
10004b2a:	f001 fa7f 	bl	1000602c <tud_cdc_n_available>
10004b2e:	0005      	movs	r5, r0
10004b30:	4812      	ldr	r0, [pc, #72]	@ (10004b7c <low_priority_worker_irq+0xa8>)
10004b32:	f003 fd89 	bl	10008648 <__mutex_exit_veneer>
10004b36:	2d00      	cmp	r5, #0
10004b38:	d0ef      	beq.n	10004b1a <low_priority_worker_irq+0x46>
10004b3a:	4b13      	ldr	r3, [pc, #76]	@ (10004b88 <low_priority_worker_irq+0xb4>)
10004b3c:	681b      	ldr	r3, [r3, #0]
10004b3e:	2b00      	cmp	r3, #0
10004b40:	d0eb      	beq.n	10004b1a <low_priority_worker_irq+0x46>
10004b42:	4a12      	ldr	r2, [pc, #72]	@ (10004b8c <low_priority_worker_irq+0xb8>)
10004b44:	6810      	ldr	r0, [r2, #0]
10004b46:	4798      	blx	r3
10004b48:	e7e7      	b.n	10004b1a <low_priority_worker_irq+0x46>
10004b4a:	f7fc fa27 	bl	10000f9c <alarm_pool_get_default>
10004b4e:	0004      	movs	r4, r0
10004b50:	f7fc fc8a 	bl	10001468 <time_us_64>
10004b54:	22fa      	movs	r2, #250	@ 0xfa
10004b56:	2300      	movs	r3, #0
10004b58:	0092      	lsls	r2, r2, #2
10004b5a:	1812      	adds	r2, r2, r0
10004b5c:	414b      	adcs	r3, r1
10004b5e:	2b00      	cmp	r3, #0
10004b60:	da02      	bge.n	10004b68 <low_priority_worker_irq+0x94>
10004b62:	2201      	movs	r2, #1
10004b64:	4b0a      	ldr	r3, [pc, #40]	@ (10004b90 <low_priority_worker_irq+0xbc>)
10004b66:	4252      	negs	r2, r2
10004b68:	2101      	movs	r1, #1
10004b6a:	9102      	str	r1, [sp, #8]
10004b6c:	2100      	movs	r1, #0
10004b6e:	9101      	str	r1, [sp, #4]
10004b70:	4908      	ldr	r1, [pc, #32]	@ (10004b94 <low_priority_worker_irq+0xc0>)
10004b72:	0020      	movs	r0, r4
10004b74:	9100      	str	r1, [sp, #0]
10004b76:	f7fc fa15 	bl	10000fa4 <alarm_pool_add_alarm_at>
10004b7a:	e7ce      	b.n	10004b1a <low_priority_worker_irq+0x46>
10004b7c:	20002638 	.word	0x20002638
10004b80:	20002614 	.word	0x20002614
10004b84:	20002660 	.word	0x20002660
10004b88:	2000218c 	.word	0x2000218c
10004b8c:	20002194 	.word	0x20002194
10004b90:	7fffffff 	.word	0x7fffffff
10004b94:	100048a1 	.word	0x100048a1

10004b98 <stdio_usb_init>:
10004b98:	23d0      	movs	r3, #208	@ 0xd0
10004b9a:	b510      	push	{r4, lr}
10004b9c:	061b      	lsls	r3, r3, #24
10004b9e:	b084      	sub	sp, #16
10004ba0:	681c      	ldr	r4, [r3, #0]
10004ba2:	f7fc f9fb 	bl	10000f9c <alarm_pool_get_default>
10004ba6:	f7fc fafb 	bl	100011a0 <alarm_pool_core_num>
10004baa:	42a0      	cmp	r0, r4
10004bac:	d002      	beq.n	10004bb4 <stdio_usb_init+0x1c>
10004bae:	2000      	movs	r0, #0
10004bb0:	b004      	add	sp, #16
10004bb2:	bd10      	pop	{r4, pc}
10004bb4:	4b28      	ldr	r3, [pc, #160]	@ (10004c58 <stdio_usb_init+0xc0>)
10004bb6:	2100      	movs	r1, #0
10004bb8:	2000      	movs	r0, #0
10004bba:	781b      	ldrb	r3, [r3, #0]
10004bbc:	f001 fca6 	bl	1000650c <tusb_rhport_init>
10004bc0:	4826      	ldr	r0, [pc, #152]	@ (10004c5c <stdio_usb_init+0xc4>)
10004bc2:	6803      	ldr	r3, [r0, #0]
10004bc4:	2b00      	cmp	r3, #0
10004bc6:	d044      	beq.n	10004c52 <stdio_usb_init+0xba>
10004bc8:	2001      	movs	r0, #1
10004bca:	f7fb ff7f 	bl	10000acc <user_irq_claim_unused>
10004bce:	23ff      	movs	r3, #255	@ 0xff
10004bd0:	4c23      	ldr	r4, [pc, #140]	@ (10004c60 <stdio_usb_init+0xc8>)
10004bd2:	4924      	ldr	r1, [pc, #144]	@ (10004c64 <stdio_usb_init+0xcc>)
10004bd4:	7020      	strb	r0, [r4, #0]
10004bd6:	4018      	ands	r0, r3
10004bd8:	f7fb fd2e 	bl	10000638 <irq_set_exclusive_handler>
10004bdc:	7820      	ldrb	r0, [r4, #0]
10004bde:	2101      	movs	r1, #1
10004be0:	f7fb fcf2 	bl	100005c8 <irq_set_enabled>
10004be4:	2005      	movs	r0, #5
10004be6:	f7fb fd17 	bl	10000618 <irq_has_shared_handler>
10004bea:	2800      	cmp	r0, #0
10004bec:	d124      	bne.n	10004c38 <stdio_usb_init+0xa0>
10004bee:	2208      	movs	r2, #8
10004bf0:	2100      	movs	r1, #0
10004bf2:	481d      	ldr	r0, [pc, #116]	@ (10004c68 <stdio_usb_init+0xd0>)
10004bf4:	f7fd feec 	bl	100029d0 <__wrap_memset>
10004bf8:	f7fc f9d0 	bl	10000f9c <alarm_pool_get_default>
10004bfc:	0004      	movs	r4, r0
10004bfe:	f7fc fc33 	bl	10001468 <time_us_64>
10004c02:	22fa      	movs	r2, #250	@ 0xfa
10004c04:	2300      	movs	r3, #0
10004c06:	0092      	lsls	r2, r2, #2
10004c08:	1812      	adds	r2, r2, r0
10004c0a:	414b      	adcs	r3, r1
10004c0c:	2b00      	cmp	r3, #0
10004c0e:	da02      	bge.n	10004c16 <stdio_usb_init+0x7e>
10004c10:	2201      	movs	r2, #1
10004c12:	4b16      	ldr	r3, [pc, #88]	@ (10004c6c <stdio_usb_init+0xd4>)
10004c14:	4252      	negs	r2, r2
10004c16:	2101      	movs	r1, #1
10004c18:	9102      	str	r1, [sp, #8]
10004c1a:	2100      	movs	r1, #0
10004c1c:	9101      	str	r1, [sp, #4]
10004c1e:	4914      	ldr	r1, [pc, #80]	@ (10004c70 <stdio_usb_init+0xd8>)
10004c20:	0020      	movs	r0, r4
10004c22:	9100      	str	r1, [sp, #0]
10004c24:	f7fc f9be 	bl	10000fa4 <alarm_pool_add_alarm_at>
10004c28:	2800      	cmp	r0, #0
10004c2a:	dbc0      	blt.n	10004bae <stdio_usb_init+0x16>
10004c2c:	4811      	ldr	r0, [pc, #68]	@ (10004c74 <stdio_usb_init+0xdc>)
10004c2e:	2101      	movs	r1, #1
10004c30:	f7ff fc38 	bl	100044a4 <stdio_set_driver_enabled>
10004c34:	2001      	movs	r0, #1
10004c36:	e7bb      	b.n	10004bb0 <stdio_usb_init+0x18>
10004c38:	2001      	movs	r0, #1
10004c3a:	f7fb fc83 	bl	10000544 <spin_lock_claim_unused>
10004c3e:	0001      	movs	r1, r0
10004c40:	4809      	ldr	r0, [pc, #36]	@ (10004c68 <stdio_usb_init+0xd0>)
10004c42:	f7fb ffa3 	bl	10000b8c <critical_section_init_with_lock_num>
10004c46:	2200      	movs	r2, #0
10004c48:	2005      	movs	r0, #5
10004c4a:	490b      	ldr	r1, [pc, #44]	@ (10004c78 <stdio_usb_init+0xe0>)
10004c4c:	f7fb fd1e 	bl	1000068c <irq_add_shared_handler>
10004c50:	e7ec      	b.n	10004c2c <stdio_usb_init+0x94>
10004c52:	f7fb ff7f 	bl	10000b54 <mutex_init>
10004c56:	e7b7      	b.n	10004bc8 <stdio_usb_init+0x30>
10004c58:	10008e2c 	.word	0x10008e2c
10004c5c:	20002638 	.word	0x20002638
10004c60:	2000265f 	.word	0x2000265f
10004c64:	10004ad5 	.word	0x10004ad5
10004c68:	20002614 	.word	0x20002614
10004c6c:	7fffffff 	.word	0x7fffffff
10004c70:	100048a1 	.word	0x100048a1
10004c74:	20001048 	.word	0x20001048
10004c78:	10004891 	.word	0x10004891

10004c7c <tud_descriptor_device_cb>:
10004c7c:	4800      	ldr	r0, [pc, #0]	@ (10004c80 <tud_descriptor_device_cb+0x4>)
10004c7e:	4770      	bx	lr
10004c80:	10008bc8 	.word	0x10008bc8

10004c84 <tud_descriptor_configuration_cb>:
10004c84:	4800      	ldr	r0, [pc, #0]	@ (10004c88 <tud_descriptor_configuration_cb+0x4>)
10004c86:	4770      	bx	lr
10004c88:	10008b74 	.word	0x10008b74

10004c8c <tud_descriptor_string_cb>:
10004c8c:	b510      	push	{r4, lr}
10004c8e:	0004      	movs	r4, r0
10004c90:	4816      	ldr	r0, [pc, #88]	@ (10004cec <tud_descriptor_string_cb+0x60>)
10004c92:	7803      	ldrb	r3, [r0, #0]
10004c94:	2b00      	cmp	r3, #0
10004c96:	d020      	beq.n	10004cda <tud_descriptor_string_cb+0x4e>
10004c98:	2c00      	cmp	r4, #0
10004c9a:	d106      	bne.n	10004caa <tud_descriptor_string_cb+0x1e>
10004c9c:	4b14      	ldr	r3, [pc, #80]	@ (10004cf0 <tud_descriptor_string_cb+0x64>)
10004c9e:	4815      	ldr	r0, [pc, #84]	@ (10004cf4 <tud_descriptor_string_cb+0x68>)
10004ca0:	8043      	strh	r3, [r0, #2]
10004ca2:	3b06      	subs	r3, #6
10004ca4:	3bff      	subs	r3, #255	@ 0xff
10004ca6:	8003      	strh	r3, [r0, #0]
10004ca8:	bd10      	pop	{r4, pc}
10004caa:	2c05      	cmp	r4, #5
10004cac:	d81c      	bhi.n	10004ce8 <tud_descriptor_string_cb+0x5c>
10004cae:	4b12      	ldr	r3, [pc, #72]	@ (10004cf8 <tud_descriptor_string_cb+0x6c>)
10004cb0:	00a4      	lsls	r4, r4, #2
10004cb2:	58e4      	ldr	r4, [r4, r3]
10004cb4:	480f      	ldr	r0, [pc, #60]	@ (10004cf4 <tud_descriptor_string_cb+0x68>)
10004cb6:	2301      	movs	r3, #1
10004cb8:	1c81      	adds	r1, r0, #2
10004cba:	3c01      	subs	r4, #1
10004cbc:	e004      	b.n	10004cc8 <tud_descriptor_string_cb+0x3c>
10004cbe:	3301      	adds	r3, #1
10004cc0:	800a      	strh	r2, [r1, #0]
10004cc2:	3102      	adds	r1, #2
10004cc4:	2b14      	cmp	r3, #20
10004cc6:	d00c      	beq.n	10004ce2 <tud_descriptor_string_cb+0x56>
10004cc8:	5ce2      	ldrb	r2, [r4, r3]
10004cca:	2a00      	cmp	r2, #0
10004ccc:	d1f7      	bne.n	10004cbe <tud_descriptor_string_cb+0x32>
10004cce:	22c0      	movs	r2, #192	@ 0xc0
10004cd0:	b2db      	uxtb	r3, r3
10004cd2:	005b      	lsls	r3, r3, #1
10004cd4:	0092      	lsls	r2, r2, #2
10004cd6:	4313      	orrs	r3, r2
10004cd8:	e7e5      	b.n	10004ca6 <tud_descriptor_string_cb+0x1a>
10004cda:	2111      	movs	r1, #17
10004cdc:	f000 f816 	bl	10004d0c <pico_get_unique_board_id_string>
10004ce0:	e7da      	b.n	10004c98 <tud_descriptor_string_cb+0xc>
10004ce2:	23ca      	movs	r3, #202	@ 0xca
10004ce4:	009b      	lsls	r3, r3, #2
10004ce6:	e7de      	b.n	10004ca6 <tud_descriptor_string_cb+0x1a>
10004ce8:	2000      	movs	r0, #0
10004cea:	e7dd      	b.n	10004ca8 <tud_descriptor_string_cb+0x1c>
10004cec:	20002648 	.word	0x20002648
10004cf0:	00000409 	.word	0x00000409
10004cf4:	200021c8 	.word	0x200021c8
10004cf8:	10008b5c 	.word	0x10008b5c

10004cfc <_retrieve_unique_id_on_boot>:
10004cfc:	b510      	push	{r4, lr}
10004cfe:	4802      	ldr	r0, [pc, #8]	@ (10004d08 <_retrieve_unique_id_on_boot+0xc>)
10004d00:	f000 f8f4 	bl	10004eec <flash_get_unique_id>
10004d04:	bd10      	pop	{r4, pc}
10004d06:	46c0      	nop			@ (mov r8, r8)
10004d08:	2000262c 	.word	0x2000262c

10004d0c <pico_get_unique_board_id_string>:
10004d0c:	b530      	push	{r4, r5, lr}
10004d0e:	2901      	cmp	r1, #1
10004d10:	d100      	bne.n	10004d14 <pico_get_unique_board_id_string+0x8>
10004d12:	e0bb      	b.n	10004e8c <pico_get_unique_board_id_string+0x180>
10004d14:	4b74      	ldr	r3, [pc, #464]	@ (10004ee8 <pico_get_unique_board_id_string+0x1dc>)
10004d16:	3901      	subs	r1, #1
10004d18:	781a      	ldrb	r2, [r3, #0]
10004d1a:	1112      	asrs	r2, r2, #4
10004d1c:	0014      	movs	r4, r2
10004d1e:	3430      	adds	r4, #48	@ 0x30
10004d20:	2a09      	cmp	r2, #9
10004d22:	dd00      	ble.n	10004d26 <pico_get_unique_board_id_string+0x1a>
10004d24:	e0b5      	b.n	10004e92 <pico_get_unique_board_id_string+0x186>
10004d26:	7004      	strb	r4, [r0, #0]
10004d28:	2901      	cmp	r1, #1
10004d2a:	d100      	bne.n	10004d2e <pico_get_unique_board_id_string+0x22>
10004d2c:	e0da      	b.n	10004ee4 <pico_get_unique_board_id_string+0x1d8>
10004d2e:	220f      	movs	r2, #15
10004d30:	781c      	ldrb	r4, [r3, #0]
10004d32:	4022      	ands	r2, r4
10004d34:	0014      	movs	r4, r2
10004d36:	3430      	adds	r4, #48	@ 0x30
10004d38:	2a09      	cmp	r2, #9
10004d3a:	d900      	bls.n	10004d3e <pico_get_unique_board_id_string+0x32>
10004d3c:	e0ac      	b.n	10004e98 <pico_get_unique_board_id_string+0x18c>
10004d3e:	7044      	strb	r4, [r0, #1]
10004d40:	2902      	cmp	r1, #2
10004d42:	d100      	bne.n	10004d46 <pico_get_unique_board_id_string+0x3a>
10004d44:	e0ce      	b.n	10004ee4 <pico_get_unique_board_id_string+0x1d8>
10004d46:	785a      	ldrb	r2, [r3, #1]
10004d48:	4694      	mov	ip, r2
10004d4a:	1112      	asrs	r2, r2, #4
10004d4c:	0014      	movs	r4, r2
10004d4e:	3430      	adds	r4, #48	@ 0x30
10004d50:	2a09      	cmp	r2, #9
10004d52:	dd00      	ble.n	10004d56 <pico_get_unique_board_id_string+0x4a>
10004d54:	e0a3      	b.n	10004e9e <pico_get_unique_board_id_string+0x192>
10004d56:	7084      	strb	r4, [r0, #2]
10004d58:	2903      	cmp	r1, #3
10004d5a:	d100      	bne.n	10004d5e <pico_get_unique_board_id_string+0x52>
10004d5c:	e0c2      	b.n	10004ee4 <pico_get_unique_board_id_string+0x1d8>
10004d5e:	4664      	mov	r4, ip
10004d60:	220f      	movs	r2, #15
10004d62:	4022      	ands	r2, r4
10004d64:	0014      	movs	r4, r2
10004d66:	3430      	adds	r4, #48	@ 0x30
10004d68:	2a09      	cmp	r2, #9
10004d6a:	d900      	bls.n	10004d6e <pico_get_unique_board_id_string+0x62>
10004d6c:	e09a      	b.n	10004ea4 <pico_get_unique_board_id_string+0x198>
10004d6e:	70c4      	strb	r4, [r0, #3]
10004d70:	2904      	cmp	r1, #4
10004d72:	d100      	bne.n	10004d76 <pico_get_unique_board_id_string+0x6a>
10004d74:	e0b6      	b.n	10004ee4 <pico_get_unique_board_id_string+0x1d8>
10004d76:	789a      	ldrb	r2, [r3, #2]
10004d78:	4694      	mov	ip, r2
10004d7a:	1112      	asrs	r2, r2, #4
10004d7c:	0014      	movs	r4, r2
10004d7e:	3430      	adds	r4, #48	@ 0x30
10004d80:	2a09      	cmp	r2, #9
10004d82:	dd00      	ble.n	10004d86 <pico_get_unique_board_id_string+0x7a>
10004d84:	e091      	b.n	10004eaa <pico_get_unique_board_id_string+0x19e>
10004d86:	7104      	strb	r4, [r0, #4]
10004d88:	2905      	cmp	r1, #5
10004d8a:	d100      	bne.n	10004d8e <pico_get_unique_board_id_string+0x82>
10004d8c:	e0aa      	b.n	10004ee4 <pico_get_unique_board_id_string+0x1d8>
10004d8e:	4664      	mov	r4, ip
10004d90:	220f      	movs	r2, #15
10004d92:	4022      	ands	r2, r4
10004d94:	0014      	movs	r4, r2
10004d96:	3430      	adds	r4, #48	@ 0x30
10004d98:	2a09      	cmp	r2, #9
10004d9a:	d900      	bls.n	10004d9e <pico_get_unique_board_id_string+0x92>
10004d9c:	e088      	b.n	10004eb0 <pico_get_unique_board_id_string+0x1a4>
10004d9e:	7144      	strb	r4, [r0, #5]
10004da0:	2906      	cmp	r1, #6
10004da2:	d100      	bne.n	10004da6 <pico_get_unique_board_id_string+0x9a>
10004da4:	e09e      	b.n	10004ee4 <pico_get_unique_board_id_string+0x1d8>
10004da6:	2530      	movs	r5, #48	@ 0x30
10004da8:	46ac      	mov	ip, r5
10004daa:	78dc      	ldrb	r4, [r3, #3]
10004dac:	1122      	asrs	r2, r4, #4
10004dae:	4494      	add	ip, r2
10004db0:	2a09      	cmp	r2, #9
10004db2:	dd00      	ble.n	10004db6 <pico_get_unique_board_id_string+0xaa>
10004db4:	e07f      	b.n	10004eb6 <pico_get_unique_board_id_string+0x1aa>
10004db6:	4662      	mov	r2, ip
10004db8:	7182      	strb	r2, [r0, #6]
10004dba:	2907      	cmp	r1, #7
10004dbc:	d100      	bne.n	10004dc0 <pico_get_unique_board_id_string+0xb4>
10004dbe:	e091      	b.n	10004ee4 <pico_get_unique_board_id_string+0x1d8>
10004dc0:	220f      	movs	r2, #15
10004dc2:	4022      	ands	r2, r4
10004dc4:	0014      	movs	r4, r2
10004dc6:	3430      	adds	r4, #48	@ 0x30
10004dc8:	2a09      	cmp	r2, #9
10004dca:	d900      	bls.n	10004dce <pico_get_unique_board_id_string+0xc2>
10004dcc:	e077      	b.n	10004ebe <pico_get_unique_board_id_string+0x1b2>
10004dce:	71c4      	strb	r4, [r0, #7]
10004dd0:	2908      	cmp	r1, #8
10004dd2:	d100      	bne.n	10004dd6 <pico_get_unique_board_id_string+0xca>
10004dd4:	e086      	b.n	10004ee4 <pico_get_unique_board_id_string+0x1d8>
10004dd6:	2530      	movs	r5, #48	@ 0x30
10004dd8:	46ac      	mov	ip, r5
10004dda:	791c      	ldrb	r4, [r3, #4]
10004ddc:	1122      	asrs	r2, r4, #4
10004dde:	4494      	add	ip, r2
10004de0:	2a09      	cmp	r2, #9
10004de2:	dd00      	ble.n	10004de6 <pico_get_unique_board_id_string+0xda>
10004de4:	e06e      	b.n	10004ec4 <pico_get_unique_board_id_string+0x1b8>
10004de6:	4662      	mov	r2, ip
10004de8:	7202      	strb	r2, [r0, #8]
10004dea:	2909      	cmp	r1, #9
10004dec:	d100      	bne.n	10004df0 <pico_get_unique_board_id_string+0xe4>
10004dee:	e079      	b.n	10004ee4 <pico_get_unique_board_id_string+0x1d8>
10004df0:	220f      	movs	r2, #15
10004df2:	4022      	ands	r2, r4
10004df4:	0014      	movs	r4, r2
10004df6:	3430      	adds	r4, #48	@ 0x30
10004df8:	2a09      	cmp	r2, #9
10004dfa:	d867      	bhi.n	10004ecc <pico_get_unique_board_id_string+0x1c0>
10004dfc:	7244      	strb	r4, [r0, #9]
10004dfe:	290a      	cmp	r1, #10
10004e00:	d100      	bne.n	10004e04 <pico_get_unique_board_id_string+0xf8>
10004e02:	e06f      	b.n	10004ee4 <pico_get_unique_board_id_string+0x1d8>
10004e04:	2530      	movs	r5, #48	@ 0x30
10004e06:	46ac      	mov	ip, r5
10004e08:	795c      	ldrb	r4, [r3, #5]
10004e0a:	1122      	asrs	r2, r4, #4
10004e0c:	4494      	add	ip, r2
10004e0e:	2a09      	cmp	r2, #9
10004e10:	dc5f      	bgt.n	10004ed2 <pico_get_unique_board_id_string+0x1c6>
10004e12:	4662      	mov	r2, ip
10004e14:	7282      	strb	r2, [r0, #10]
10004e16:	290b      	cmp	r1, #11
10004e18:	d064      	beq.n	10004ee4 <pico_get_unique_board_id_string+0x1d8>
10004e1a:	220f      	movs	r2, #15
10004e1c:	4022      	ands	r2, r4
10004e1e:	0014      	movs	r4, r2
10004e20:	3430      	adds	r4, #48	@ 0x30
10004e22:	2a09      	cmp	r2, #9
10004e24:	d859      	bhi.n	10004eda <pico_get_unique_board_id_string+0x1ce>
10004e26:	72c4      	strb	r4, [r0, #11]
10004e28:	290c      	cmp	r1, #12
10004e2a:	d05b      	beq.n	10004ee4 <pico_get_unique_board_id_string+0x1d8>
10004e2c:	2530      	movs	r5, #48	@ 0x30
10004e2e:	46ac      	mov	ip, r5
10004e30:	799c      	ldrb	r4, [r3, #6]
10004e32:	1122      	asrs	r2, r4, #4
10004e34:	4494      	add	ip, r2
10004e36:	2a09      	cmp	r2, #9
10004e38:	dd02      	ble.n	10004e40 <pico_get_unique_board_id_string+0x134>
10004e3a:	3507      	adds	r5, #7
10004e3c:	46ac      	mov	ip, r5
10004e3e:	4494      	add	ip, r2
10004e40:	4662      	mov	r2, ip
10004e42:	7302      	strb	r2, [r0, #12]
10004e44:	290d      	cmp	r1, #13
10004e46:	d04d      	beq.n	10004ee4 <pico_get_unique_board_id_string+0x1d8>
10004e48:	220f      	movs	r2, #15
10004e4a:	4022      	ands	r2, r4
10004e4c:	0014      	movs	r4, r2
10004e4e:	3430      	adds	r4, #48	@ 0x30
10004e50:	2a09      	cmp	r2, #9
10004e52:	d901      	bls.n	10004e58 <pico_get_unique_board_id_string+0x14c>
10004e54:	3237      	adds	r2, #55	@ 0x37
10004e56:	0014      	movs	r4, r2
10004e58:	7344      	strb	r4, [r0, #13]
10004e5a:	290e      	cmp	r1, #14
10004e5c:	d042      	beq.n	10004ee4 <pico_get_unique_board_id_string+0x1d8>
10004e5e:	79da      	ldrb	r2, [r3, #7]
10004e60:	1113      	asrs	r3, r2, #4
10004e62:	001c      	movs	r4, r3
10004e64:	3430      	adds	r4, #48	@ 0x30
10004e66:	2b09      	cmp	r3, #9
10004e68:	dd01      	ble.n	10004e6e <pico_get_unique_board_id_string+0x162>
10004e6a:	3337      	adds	r3, #55	@ 0x37
10004e6c:	001c      	movs	r4, r3
10004e6e:	7384      	strb	r4, [r0, #14]
10004e70:	290f      	cmp	r1, #15
10004e72:	d037      	beq.n	10004ee4 <pico_get_unique_board_id_string+0x1d8>
10004e74:	230f      	movs	r3, #15
10004e76:	4013      	ands	r3, r2
10004e78:	001a      	movs	r2, r3
10004e7a:	3237      	adds	r2, #55	@ 0x37
10004e7c:	2b09      	cmp	r3, #9
10004e7e:	d801      	bhi.n	10004e84 <pico_get_unique_board_id_string+0x178>
10004e80:	3330      	adds	r3, #48	@ 0x30
10004e82:	001a      	movs	r2, r3
10004e84:	73c2      	strb	r2, [r0, #15]
10004e86:	2910      	cmp	r1, #16
10004e88:	d02c      	beq.n	10004ee4 <pico_get_unique_board_id_string+0x1d8>
10004e8a:	3010      	adds	r0, #16
10004e8c:	2300      	movs	r3, #0
10004e8e:	7003      	strb	r3, [r0, #0]
10004e90:	bd30      	pop	{r4, r5, pc}
10004e92:	3237      	adds	r2, #55	@ 0x37
10004e94:	0014      	movs	r4, r2
10004e96:	e746      	b.n	10004d26 <pico_get_unique_board_id_string+0x1a>
10004e98:	3237      	adds	r2, #55	@ 0x37
10004e9a:	0014      	movs	r4, r2
10004e9c:	e74f      	b.n	10004d3e <pico_get_unique_board_id_string+0x32>
10004e9e:	3237      	adds	r2, #55	@ 0x37
10004ea0:	0014      	movs	r4, r2
10004ea2:	e758      	b.n	10004d56 <pico_get_unique_board_id_string+0x4a>
10004ea4:	3237      	adds	r2, #55	@ 0x37
10004ea6:	0014      	movs	r4, r2
10004ea8:	e761      	b.n	10004d6e <pico_get_unique_board_id_string+0x62>
10004eaa:	3237      	adds	r2, #55	@ 0x37
10004eac:	0014      	movs	r4, r2
10004eae:	e76a      	b.n	10004d86 <pico_get_unique_board_id_string+0x7a>
10004eb0:	3237      	adds	r2, #55	@ 0x37
10004eb2:	0014      	movs	r4, r2
10004eb4:	e773      	b.n	10004d9e <pico_get_unique_board_id_string+0x92>
10004eb6:	3507      	adds	r5, #7
10004eb8:	46ac      	mov	ip, r5
10004eba:	4494      	add	ip, r2
10004ebc:	e77b      	b.n	10004db6 <pico_get_unique_board_id_string+0xaa>
10004ebe:	3237      	adds	r2, #55	@ 0x37
10004ec0:	0014      	movs	r4, r2
10004ec2:	e784      	b.n	10004dce <pico_get_unique_board_id_string+0xc2>
10004ec4:	3507      	adds	r5, #7
10004ec6:	46ac      	mov	ip, r5
10004ec8:	4494      	add	ip, r2
10004eca:	e78c      	b.n	10004de6 <pico_get_unique_board_id_string+0xda>
10004ecc:	3237      	adds	r2, #55	@ 0x37
10004ece:	0014      	movs	r4, r2
10004ed0:	e794      	b.n	10004dfc <pico_get_unique_board_id_string+0xf0>
10004ed2:	3507      	adds	r5, #7
10004ed4:	46ac      	mov	ip, r5
10004ed6:	4494      	add	ip, r2
10004ed8:	e79b      	b.n	10004e12 <pico_get_unique_board_id_string+0x106>
10004eda:	3237      	adds	r2, #55	@ 0x37
10004edc:	0014      	movs	r4, r2
10004ede:	72c4      	strb	r4, [r0, #11]
10004ee0:	290c      	cmp	r1, #12
10004ee2:	d1a3      	bne.n	10004e2c <pico_get_unique_board_id_string+0x120>
10004ee4:	1840      	adds	r0, r0, r1
10004ee6:	e7d1      	b.n	10004e8c <pico_get_unique_board_id_string+0x180>
10004ee8:	2000262c 	.word	0x2000262c

10004eec <flash_get_unique_id>:
10004eec:	b510      	push	{r4, lr}
10004eee:	b088      	sub	sp, #32
10004ef0:	0004      	movs	r4, r0
10004ef2:	220d      	movs	r2, #13
10004ef4:	2100      	movs	r1, #0
10004ef6:	4668      	mov	r0, sp
10004ef8:	f7fd fd6a 	bl	100029d0 <__wrap_memset>
10004efc:	220d      	movs	r2, #13
10004efe:	2100      	movs	r1, #0
10004f00:	a804      	add	r0, sp, #16
10004f02:	f7fd fd65 	bl	100029d0 <__wrap_memset>
10004f06:	466a      	mov	r2, sp
10004f08:	234b      	movs	r3, #75	@ 0x4b
10004f0a:	4668      	mov	r0, sp
10004f0c:	7013      	strb	r3, [r2, #0]
10004f0e:	a904      	add	r1, sp, #16
10004f10:	2300      	movs	r3, #0
10004f12:	220d      	movs	r2, #13
10004f14:	f003 fba0 	bl	10008658 <__flash_do_cmd_cs_veneer>
10004f18:	2115      	movs	r1, #21
10004f1a:	2208      	movs	r2, #8
10004f1c:	0020      	movs	r0, r4
10004f1e:	4469      	add	r1, sp
10004f20:	f7fd fd5c 	bl	100029dc <__wrap___aeabi_memcpy>
10004f24:	b008      	add	sp, #32
10004f26:	bd10      	pop	{r4, pc}

10004f28 <usb_reset_interface_init>:
10004f28:	4770      	bx	lr
10004f2a:	46c0      	nop			@ (mov r8, r8)

10004f2c <usb_reset_interface_reset>:
10004f2c:	2200      	movs	r2, #0
10004f2e:	4b01      	ldr	r3, [pc, #4]	@ (10004f34 <usb_reset_interface_reset+0x8>)
10004f30:	701a      	strb	r2, [r3, #0]
10004f32:	4770      	bx	lr
10004f34:	2000265e 	.word	0x2000265e

10004f38 <usb_reset_interface_open>:
10004f38:	794b      	ldrb	r3, [r1, #5]
10004f3a:	2000      	movs	r0, #0
10004f3c:	2bff      	cmp	r3, #255	@ 0xff
10004f3e:	d10b      	bne.n	10004f58 <usb_reset_interface_open+0x20>
10004f40:	798b      	ldrb	r3, [r1, #6]
10004f42:	2b00      	cmp	r3, #0
10004f44:	d108      	bne.n	10004f58 <usb_reset_interface_open+0x20>
10004f46:	79cb      	ldrb	r3, [r1, #7]
10004f48:	2b01      	cmp	r3, #1
10004f4a:	d105      	bne.n	10004f58 <usb_reset_interface_open+0x20>
10004f4c:	2a08      	cmp	r2, #8
10004f4e:	d903      	bls.n	10004f58 <usb_reset_interface_open+0x20>
10004f50:	4b02      	ldr	r3, [pc, #8]	@ (10004f5c <usb_reset_interface_open+0x24>)
10004f52:	788a      	ldrb	r2, [r1, #2]
10004f54:	3009      	adds	r0, #9
10004f56:	701a      	strb	r2, [r3, #0]
10004f58:	4770      	bx	lr
10004f5a:	46c0      	nop			@ (mov r8, r8)
10004f5c:	2000265e 	.word	0x2000265e

10004f60 <usb_reset_interface_xfer_cb>:
10004f60:	2001      	movs	r0, #1
10004f62:	4770      	bx	lr

10004f64 <usb_reset_interface_control_xfer_cb>:
10004f64:	b510      	push	{r4, lr}
10004f66:	2901      	cmp	r1, #1
10004f68:	d113      	bne.n	10004f92 <usb_reset_interface_control_xfer_cb+0x2e>
10004f6a:	4915      	ldr	r1, [pc, #84]	@ (10004fc0 <usb_reset_interface_control_xfer_cb+0x5c>)
10004f6c:	7953      	ldrb	r3, [r2, #5]
10004f6e:	7910      	ldrb	r0, [r2, #4]
10004f70:	7809      	ldrb	r1, [r1, #0]
10004f72:	021b      	lsls	r3, r3, #8
10004f74:	4303      	orrs	r3, r0
10004f76:	2000      	movs	r0, #0
10004f78:	4299      	cmp	r1, r3
10004f7a:	d000      	beq.n	10004f7e <usb_reset_interface_control_xfer_cb+0x1a>
10004f7c:	bd10      	pop	{r4, pc}
10004f7e:	7853      	ldrb	r3, [r2, #1]
10004f80:	2b01      	cmp	r3, #1
10004f82:	d008      	beq.n	10004f96 <usb_reset_interface_control_xfer_cb+0x32>
10004f84:	2b02      	cmp	r3, #2
10004f86:	d1f9      	bne.n	10004f7c <usb_reset_interface_control_xfer_cb+0x18>
10004f88:	2264      	movs	r2, #100	@ 0x64
10004f8a:	2100      	movs	r1, #0
10004f8c:	2000      	movs	r0, #0
10004f8e:	f7fc fc8d 	bl	100018ac <watchdog_reboot>
10004f92:	2001      	movs	r0, #1
10004f94:	e7f2      	b.n	10004f7c <usb_reset_interface_control_xfer_cb+0x18>
10004f96:	78d1      	ldrb	r1, [r2, #3]
10004f98:	7893      	ldrb	r3, [r2, #2]
10004f9a:	0209      	lsls	r1, r1, #8
10004f9c:	4319      	orrs	r1, r3
10004f9e:	2380      	movs	r3, #128	@ 0x80
10004fa0:	000a      	movs	r2, r1
10004fa2:	005b      	lsls	r3, r3, #1
10004fa4:	401a      	ands	r2, r3
10004fa6:	4219      	tst	r1, r3
10004fa8:	d006      	beq.n	10004fb8 <usb_reset_interface_control_xfer_cb+0x54>
10004faa:	060a      	lsls	r2, r1, #24
10004fac:	0fd2      	lsrs	r2, r2, #31
10004fae:	0a48      	lsrs	r0, r1, #9
10004fb0:	2303      	movs	r3, #3
10004fb2:	4019      	ands	r1, r3
10004fb4:	f7fc fd02 	bl	100019bc <rom_reset_usb_boot_extra>
10004fb8:	2001      	movs	r0, #1
10004fba:	4240      	negs	r0, r0
10004fbc:	e7f8      	b.n	10004fb0 <usb_reset_interface_control_xfer_cb+0x4c>
10004fbe:	46c0      	nop			@ (mov r8, r8)
10004fc0:	2000265e 	.word	0x2000265e

10004fc4 <tud_descriptor_bos_cb>:
10004fc4:	4800      	ldr	r0, [pc, #0]	@ (10004fc8 <tud_descriptor_bos_cb+0x4>)
10004fc6:	4770      	bx	lr
10004fc8:	10008c84 	.word	0x10008c84

10004fcc <tud_vendor_control_xfer_cb>:
10004fcc:	4694      	mov	ip, r2
10004fce:	2301      	movs	r3, #1
10004fd0:	b510      	push	{r4, lr}
10004fd2:	2901      	cmp	r1, #1
10004fd4:	d10a      	bne.n	10004fec <tud_vendor_control_xfer_cb+0x20>
10004fd6:	7852      	ldrb	r2, [r2, #1]
10004fd8:	2300      	movs	r3, #0
10004fda:	2a01      	cmp	r2, #1
10004fdc:	d106      	bne.n	10004fec <tud_vendor_control_xfer_cb+0x20>
10004fde:	4662      	mov	r2, ip
10004fe0:	7911      	ldrb	r1, [r2, #4]
10004fe2:	7952      	ldrb	r2, [r2, #5]
10004fe4:	0212      	lsls	r2, r2, #8
10004fe6:	430a      	orrs	r2, r1
10004fe8:	2a07      	cmp	r2, #7
10004fea:	d001      	beq.n	10004ff0 <tud_vendor_control_xfer_cb+0x24>
10004fec:	0018      	movs	r0, r3
10004fee:	bd10      	pop	{r4, pc}
10004ff0:	33a6      	adds	r3, #166	@ 0xa6
10004ff2:	4661      	mov	r1, ip
10004ff4:	4a02      	ldr	r2, [pc, #8]	@ (10005000 <tud_vendor_control_xfer_cb+0x34>)
10004ff6:	f000 feeb 	bl	10005dd0 <tud_control_xfer>
10004ffa:	0003      	movs	r3, r0
10004ffc:	e7f6      	b.n	10004fec <tud_vendor_control_xfer_cb+0x20>
10004ffe:	46c0      	nop			@ (mov r8, r8)
10005000:	10008bdc 	.word	0x10008bdc

10005004 <usbd_app_driver_get_cb>:
10005004:	2301      	movs	r3, #1
10005006:	7003      	strb	r3, [r0, #0]
10005008:	4800      	ldr	r0, [pc, #0]	@ (1000500c <usbd_app_driver_get_cb+0x8>)
1000500a:	4770      	bx	lr
1000500c:	10008ca8 	.word	0x10008ca8

10005010 <tud_cdc_line_coding_cb>:
10005010:	784b      	ldrb	r3, [r1, #1]
10005012:	780a      	ldrb	r2, [r1, #0]
10005014:	021b      	lsls	r3, r3, #8
10005016:	4313      	orrs	r3, r2
10005018:	788a      	ldrb	r2, [r1, #2]
1000501a:	b510      	push	{r4, lr}
1000501c:	0412      	lsls	r2, r2, #16
1000501e:	431a      	orrs	r2, r3
10005020:	78cb      	ldrb	r3, [r1, #3]
10005022:	061b      	lsls	r3, r3, #24
10005024:	4313      	orrs	r3, r2
10005026:	2296      	movs	r2, #150	@ 0x96
10005028:	00d2      	lsls	r2, r2, #3
1000502a:	4293      	cmp	r3, r2
1000502c:	d000      	beq.n	10005030 <tud_cdc_line_coding_cb+0x20>
1000502e:	bd10      	pop	{r4, pc}
10005030:	2200      	movs	r2, #0
10005032:	2001      	movs	r0, #1
10005034:	0011      	movs	r1, r2
10005036:	4240      	negs	r0, r0
10005038:	f7fc fcc0 	bl	100019bc <rom_reset_usb_boot_extra>

1000503c <dcd_init>:
1000503c:	b5f8      	push	{r3, r4, r5, r6, r7, lr}
1000503e:	f000 f93b 	bl	100052b8 <rp2040_usb_init>
10005042:	230c      	movs	r3, #12
10005044:	4d19      	ldr	r5, [pc, #100]	@ (100050ac <dcd_init+0x70>)
10005046:	22ff      	movs	r2, #255	@ 0xff
10005048:	67ab      	str	r3, [r5, #120]	@ 0x78
1000504a:	2005      	movs	r0, #5
1000504c:	4918      	ldr	r1, [pc, #96]	@ (100050b0 <dcd_init+0x74>)
1000504e:	f7fb fb1d 	bl	1000068c <irq_add_shared_handler>
10005052:	4c18      	ldr	r4, [pc, #96]	@ (100050b4 <dcd_init+0x78>)
10005054:	2240      	movs	r2, #64	@ 0x40
10005056:	2100      	movs	r1, #0
10005058:	0020      	movs	r0, r4
1000505a:	f7fd fcb9 	bl	100029d0 <__wrap_memset>
1000505e:	2740      	movs	r7, #64	@ 0x40
10005060:	2300      	movs	r3, #0
10005062:	2601      	movs	r6, #1
10005064:	2121      	movs	r1, #33	@ 0x21
10005066:	4a14      	ldr	r2, [pc, #80]	@ (100050b8 <dcd_init+0x7c>)
10005068:	7066      	strb	r6, [r4, #1]
1000506a:	8327      	strh	r7, [r4, #24]
1000506c:	60a2      	str	r2, [r4, #8]
1000506e:	6013      	str	r3, [r2, #0]
10005070:	5463      	strb	r3, [r4, r1]
10005072:	315f      	adds	r1, #95	@ 0x5f
10005074:	8461      	strh	r1, [r4, #34]	@ 0x22
10005076:	3945      	subs	r1, #69	@ 0x45
10005078:	5463      	strb	r3, [r4, r1]
1000507a:	4a10      	ldr	r2, [pc, #64]	@ (100050bc <dcd_init+0x80>)
1000507c:	4910      	ldr	r1, [pc, #64]	@ (100050c0 <dcd_init+0x84>)
1000507e:	6063      	str	r3, [r4, #4]
10005080:	60e2      	str	r2, [r4, #12]
10005082:	8727      	strh	r7, [r4, #56]	@ 0x38
10005084:	62a1      	str	r1, [r4, #40]	@ 0x28
10005086:	600b      	str	r3, [r1, #0]
10005088:	6263      	str	r3, [r4, #36]	@ 0x24
1000508a:	62e2      	str	r2, [r4, #44]	@ 0x2c
1000508c:	f003 fac4 	bl	10008618 <__reset_non_control_endpoints_veneer>
10005090:	2380      	movs	r3, #128	@ 0x80
10005092:	059b      	lsls	r3, r3, #22
10005094:	642e      	str	r6, [r5, #64]	@ 0x40
10005096:	64eb      	str	r3, [r5, #76]	@ 0x4c
10005098:	2390      	movs	r3, #144	@ 0x90
1000509a:	4a0a      	ldr	r2, [pc, #40]	@ (100050c4 <dcd_init+0x88>)
1000509c:	2001      	movs	r0, #1
1000509e:	50ea      	str	r2, [r5, r3]
100050a0:	2280      	movs	r2, #128	@ 0x80
100050a2:	4b09      	ldr	r3, [pc, #36]	@ (100050c8 <dcd_init+0x8c>)
100050a4:	0252      	lsls	r2, r2, #9
100050a6:	64da      	str	r2, [r3, #76]	@ 0x4c
100050a8:	bdf8      	pop	{r3, r4, r5, r6, r7, pc}
100050aa:	46c0      	nop			@ (mov r8, r8)
100050ac:	50110000 	.word	0x50110000
100050b0:	20000511 	.word	0x20000511
100050b4:	20002204 	.word	0x20002204
100050b8:	50100084 	.word	0x50100084
100050bc:	50100100 	.word	0x50100100
100050c0:	50100080 	.word	0x50100080
100050c4:	0001d010 	.word	0x0001d010
100050c8:	50112000 	.word	0x50112000

100050cc <dcd_int_enable>:
100050cc:	b510      	push	{r4, lr}
100050ce:	2101      	movs	r1, #1
100050d0:	2005      	movs	r0, #5
100050d2:	f7fb fa79 	bl	100005c8 <irq_set_enabled>
100050d6:	bd10      	pop	{r4, pc}

100050d8 <dcd_set_address>:
100050d8:	b510      	push	{r4, lr}
100050da:	2200      	movs	r2, #0
100050dc:	2100      	movs	r1, #0
100050de:	4802      	ldr	r0, [pc, #8]	@ (100050e8 <dcd_set_address+0x10>)
100050e0:	f000 f90a 	bl	100052f8 <hw_endpoint_xfer_start>
100050e4:	bd10      	pop	{r4, pc}
100050e6:	46c0      	nop			@ (mov r8, r8)
100050e8:	20002224 	.word	0x20002224

100050ec <dcd_sof_enable>:
100050ec:	4b04      	ldr	r3, [pc, #16]	@ (10005100 <dcd_sof_enable+0x14>)
100050ee:	7019      	strb	r1, [r3, #0]
100050f0:	2900      	cmp	r1, #0
100050f2:	d004      	beq.n	100050fe <dcd_sof_enable+0x12>
100050f4:	2180      	movs	r1, #128	@ 0x80
100050f6:	2390      	movs	r3, #144	@ 0x90
100050f8:	4a02      	ldr	r2, [pc, #8]	@ (10005104 <dcd_sof_enable+0x18>)
100050fa:	0289      	lsls	r1, r1, #10
100050fc:	50d1      	str	r1, [r2, r3]
100050fe:	4770      	bx	lr
10005100:	2000265a 	.word	0x2000265a
10005104:	50112000 	.word	0x50112000

10005108 <dcd_edpt0_status_complete>:
10005108:	780b      	ldrb	r3, [r1, #0]
1000510a:	065b      	lsls	r3, r3, #25
1000510c:	d000      	beq.n	10005110 <dcd_edpt0_status_complete+0x8>
1000510e:	4770      	bx	lr
10005110:	784b      	ldrb	r3, [r1, #1]
10005112:	2b05      	cmp	r3, #5
10005114:	d1fb      	bne.n	1000510e <dcd_edpt0_status_complete+0x6>
10005116:	788a      	ldrb	r2, [r1, #2]
10005118:	4b01      	ldr	r3, [pc, #4]	@ (10005120 <dcd_edpt0_status_complete+0x18>)
1000511a:	601a      	str	r2, [r3, #0]
1000511c:	e7f7      	b.n	1000510e <dcd_edpt0_status_complete+0x6>
1000511e:	46c0      	nop			@ (mov r8, r8)
10005120:	50110000 	.word	0x50110000

10005124 <dcd_edpt_open>:
10005124:	b5f8      	push	{r3, r4, r5, r6, r7, lr}
10005126:	46ce      	mov	lr, r9
10005128:	4647      	mov	r7, r8
1000512a:	78cb      	ldrb	r3, [r1, #3]
1000512c:	b580      	push	{r7, lr}
1000512e:	079b      	lsls	r3, r3, #30
10005130:	0f9a      	lsrs	r2, r3, #30
10005132:	0010      	movs	r0, r2
10005134:	2a01      	cmp	r2, #1
10005136:	d058      	beq.n	100051ea <dcd_edpt_open+0xc6>
10005138:	788c      	ldrb	r4, [r1, #2]
1000513a:	790a      	ldrb	r2, [r1, #4]
1000513c:	794b      	ldrb	r3, [r1, #5]
1000513e:	217f      	movs	r1, #127	@ 0x7f
10005140:	021b      	lsls	r3, r3, #8
10005142:	4021      	ands	r1, r4
10005144:	09e5      	lsrs	r5, r4, #7
10005146:	4313      	orrs	r3, r2
10005148:	004a      	lsls	r2, r1, #1
1000514a:	4691      	mov	r9, r2
1000514c:	4e2c      	ldr	r6, [pc, #176]	@ (10005200 <dcd_edpt_open+0xdc>)
1000514e:	1952      	adds	r2, r2, r5
10005150:	0152      	lsls	r2, r2, #5
10005152:	18b2      	adds	r2, r6, r2
10005154:	7094      	strb	r4, [r2, #2]
10005156:	2401      	movs	r4, #1
10005158:	406c      	eors	r4, r5
1000515a:	7054      	strb	r4, [r2, #1]
1000515c:	2400      	movs	r4, #0
1000515e:	055b      	lsls	r3, r3, #21
10005160:	0d5b      	lsrs	r3, r3, #21
10005162:	70d4      	strb	r4, [r2, #3]
10005164:	8313      	strh	r3, [r2, #24]
10005166:	76d0      	strb	r0, [r2, #27]
10005168:	00ca      	lsls	r2, r1, #3
1000516a:	2d01      	cmp	r5, #1
1000516c:	d02c      	beq.n	100051c8 <dcd_edpt_open+0xa4>
1000516e:	4f25      	ldr	r7, [pc, #148]	@ (10005204 <dcd_edpt_open+0xe0>)
10005170:	19d2      	adds	r2, r2, r7
10005172:	018f      	lsls	r7, r1, #6
10005174:	46bc      	mov	ip, r7
10005176:	44b4      	add	ip, r6
10005178:	4667      	mov	r7, ip
1000517a:	60ba      	str	r2, [r7, #8]
1000517c:	6014      	str	r4, [r2, #0]
1000517e:	2900      	cmp	r1, #0
10005180:	d02c      	beq.n	100051dc <dcd_edpt_open+0xb8>
10005182:	4a21      	ldr	r2, [pc, #132]	@ (10005208 <dcd_edpt_open+0xe4>)
10005184:	00c9      	lsls	r1, r1, #3
10005186:	1889      	adds	r1, r1, r2
10005188:	6079      	str	r1, [r7, #4]
1000518a:	333f      	adds	r3, #63	@ 0x3f
1000518c:	099b      	lsrs	r3, r3, #6
1000518e:	2802      	cmp	r0, #2
10005190:	d032      	beq.n	100051f8 <dcd_edpt_open+0xd4>
10005192:	019a      	lsls	r2, r3, #6
10005194:	464b      	mov	r3, r9
10005196:	4c1d      	ldr	r4, [pc, #116]	@ (1000520c <dcd_edpt_open+0xe8>)
10005198:	195b      	adds	r3, r3, r5
1000519a:	6821      	ldr	r1, [r4, #0]
1000519c:	015b      	lsls	r3, r3, #5
1000519e:	18f6      	adds	r6, r6, r3
100051a0:	4b1b      	ldr	r3, [pc, #108]	@ (10005210 <dcd_edpt_open+0xec>)
100051a2:	188a      	adds	r2, r1, r2
100051a4:	60f1      	str	r1, [r6, #12]
100051a6:	6022      	str	r2, [r4, #0]
100051a8:	429a      	cmp	r2, r3
100051aa:	d827      	bhi.n	100051fc <dcd_edpt_open+0xd8>
100051ac:	4a19      	ldr	r2, [pc, #100]	@ (10005214 <dcd_edpt_open+0xf0>)
100051ae:	0683      	lsls	r3, r0, #26
100051b0:	404a      	eors	r2, r1
100051b2:	4313      	orrs	r3, r2
100051b4:	2280      	movs	r2, #128	@ 0x80
100051b6:	0612      	lsls	r2, r2, #24
100051b8:	4313      	orrs	r3, r2
100051ba:	6872      	ldr	r2, [r6, #4]
100051bc:	6013      	str	r3, [r2, #0]
100051be:	2001      	movs	r0, #1
100051c0:	bcc0      	pop	{r6, r7}
100051c2:	46b9      	mov	r9, r7
100051c4:	46b0      	mov	r8, r6
100051c6:	bdf8      	pop	{r3, r4, r5, r6, r7, pc}
100051c8:	4f13      	ldr	r7, [pc, #76]	@ (10005218 <dcd_edpt_open+0xf4>)
100051ca:	19d2      	adds	r2, r2, r7
100051cc:	018f      	lsls	r7, r1, #6
100051ce:	46bc      	mov	ip, r7
100051d0:	44b4      	add	ip, r6
100051d2:	4667      	mov	r7, ip
100051d4:	62ba      	str	r2, [r7, #40]	@ 0x28
100051d6:	6014      	str	r4, [r2, #0]
100051d8:	2900      	cmp	r1, #0
100051da:	d108      	bne.n	100051ee <dcd_edpt_open+0xca>
100051dc:	2300      	movs	r3, #0
100051de:	016d      	lsls	r5, r5, #5
100051e0:	1975      	adds	r5, r6, r5
100051e2:	606b      	str	r3, [r5, #4]
100051e4:	4b0d      	ldr	r3, [pc, #52]	@ (1000521c <dcd_edpt_open+0xf8>)
100051e6:	60eb      	str	r3, [r5, #12]
100051e8:	e7e9      	b.n	100051be <dcd_edpt_open+0x9a>
100051ea:	2000      	movs	r0, #0
100051ec:	e7e8      	b.n	100051c0 <dcd_edpt_open+0x9c>
100051ee:	4a09      	ldr	r2, [pc, #36]	@ (10005214 <dcd_edpt_open+0xf0>)
100051f0:	00c9      	lsls	r1, r1, #3
100051f2:	1889      	adds	r1, r1, r2
100051f4:	6279      	str	r1, [r7, #36]	@ 0x24
100051f6:	e7c8      	b.n	1000518a <dcd_edpt_open+0x66>
100051f8:	01da      	lsls	r2, r3, #7
100051fa:	e7cb      	b.n	10005194 <dcd_edpt_open+0x70>
100051fc:	f7fc fc06 	bl	10001a0c <hard_assertion_failure>
10005200:	20002204 	.word	0x20002204
10005204:	50100084 	.word	0x50100084
10005208:	50100004 	.word	0x50100004
1000520c:	20002610 	.word	0x20002610
10005210:	50100fff 	.word	0x50100fff
10005214:	50100000 	.word	0x50100000
10005218:	50100080 	.word	0x50100080
1000521c:	50100100 	.word	0x50100100

10005220 <dcd_edpt_close_all>:
10005220:	b510      	push	{r4, lr}
10005222:	f003 f9f9 	bl	10008618 <__reset_non_control_endpoints_veneer>
10005226:	bd10      	pop	{r4, pc}

10005228 <dcd_edpt_xfer>:
10005228:	207f      	movs	r0, #127	@ 0x7f
1000522a:	b510      	push	{r4, lr}
1000522c:	4008      	ands	r0, r1
1000522e:	0040      	lsls	r0, r0, #1
10005230:	09c9      	lsrs	r1, r1, #7
10005232:	1840      	adds	r0, r0, r1
10005234:	0011      	movs	r1, r2
10005236:	4a04      	ldr	r2, [pc, #16]	@ (10005248 <dcd_edpt_xfer+0x20>)
10005238:	0140      	lsls	r0, r0, #5
1000523a:	1880      	adds	r0, r0, r2
1000523c:	001a      	movs	r2, r3
1000523e:	f000 f85b 	bl	100052f8 <hw_endpoint_xfer_start>
10005242:	2001      	movs	r0, #1
10005244:	bd10      	pop	{r4, pc}
10005246:	46c0      	nop			@ (mov r8, r8)
10005248:	20002204 	.word	0x20002204

1000524c <dcd_edpt_stall>:
1000524c:	237f      	movs	r3, #127	@ 0x7f
1000524e:	0018      	movs	r0, r3
10005250:	b500      	push	{lr}
10005252:	4008      	ands	r0, r1
10005254:	b083      	sub	sp, #12
10005256:	420b      	tst	r3, r1
10005258:	d104      	bne.n	10005264 <dcd_edpt_stall+0x18>
1000525a:	424b      	negs	r3, r1
1000525c:	414b      	adcs	r3, r1
1000525e:	4a08      	ldr	r2, [pc, #32]	@ (10005280 <dcd_edpt_stall+0x34>)
10005260:	3301      	adds	r3, #1
10005262:	6693      	str	r3, [r2, #104]	@ 0x68
10005264:	2280      	movs	r2, #128	@ 0x80
10005266:	09c9      	lsrs	r1, r1, #7
10005268:	0040      	lsls	r0, r0, #1
1000526a:	4b06      	ldr	r3, [pc, #24]	@ (10005284 <dcd_edpt_stall+0x38>)
1000526c:	1840      	adds	r0, r0, r1
1000526e:	0140      	lsls	r0, r0, #5
10005270:	2100      	movs	r1, #0
10005272:	18c0      	adds	r0, r0, r3
10005274:	0112      	lsls	r2, r2, #4
10005276:	f003 f9bf 	bl	100085f8 <___hw_endpoint_buffer_control_update32_veneer>
1000527a:	b003      	add	sp, #12
1000527c:	bd00      	pop	{pc}
1000527e:	46c0      	nop			@ (mov r8, r8)
10005280:	50112000 	.word	0x50112000
10005284:	20002204 	.word	0x20002204

10005288 <dcd_edpt_clear_stall>:
10005288:	227f      	movs	r2, #127	@ 0x7f
1000528a:	0013      	movs	r3, r2
1000528c:	b510      	push	{r4, lr}
1000528e:	400b      	ands	r3, r1
10005290:	420a      	tst	r2, r1
10005292:	d100      	bne.n	10005296 <dcd_edpt_clear_stall+0xe>
10005294:	bd10      	pop	{r4, pc}
10005296:	09c9      	lsrs	r1, r1, #7
10005298:	005b      	lsls	r3, r3, #1
1000529a:	185b      	adds	r3, r3, r1
1000529c:	4804      	ldr	r0, [pc, #16]	@ (100052b0 <dcd_edpt_clear_stall+0x28>)
1000529e:	015b      	lsls	r3, r3, #5
100052a0:	18c0      	adds	r0, r0, r3
100052a2:	2300      	movs	r3, #0
100052a4:	2200      	movs	r2, #0
100052a6:	4903      	ldr	r1, [pc, #12]	@ (100052b4 <dcd_edpt_clear_stall+0x2c>)
100052a8:	70c3      	strb	r3, [r0, #3]
100052aa:	f003 f9a5 	bl	100085f8 <___hw_endpoint_buffer_control_update32_veneer>
100052ae:	e7f1      	b.n	10005294 <dcd_edpt_clear_stall+0xc>
100052b0:	20002204 	.word	0x20002204
100052b4:	fffff7ff 	.word	0xfffff7ff

100052b8 <rp2040_usb_init>:
100052b8:	2280      	movs	r2, #128	@ 0x80
100052ba:	4b0a      	ldr	r3, [pc, #40]	@ (100052e4 <rp2040_usb_init+0x2c>)
100052bc:	0452      	lsls	r2, r2, #17
100052be:	b510      	push	{r4, lr}
100052c0:	601a      	str	r2, [r3, #0]
100052c2:	4b09      	ldr	r3, [pc, #36]	@ (100052e8 <rp2040_usb_init+0x30>)
100052c4:	4909      	ldr	r1, [pc, #36]	@ (100052ec <rp2040_usb_init+0x34>)
100052c6:	601a      	str	r2, [r3, #0]
100052c8:	0010      	movs	r0, r2
100052ca:	680b      	ldr	r3, [r1, #0]
100052cc:	4398      	bics	r0, r3
100052ce:	d1fb      	bne.n	100052c8 <rp2040_usb_init+0x10>
100052d0:	2280      	movs	r2, #128	@ 0x80
100052d2:	2100      	movs	r1, #0
100052d4:	0152      	lsls	r2, r2, #5
100052d6:	4806      	ldr	r0, [pc, #24]	@ (100052f0 <rp2040_usb_init+0x38>)
100052d8:	f7fd fb7a 	bl	100029d0 <__wrap_memset>
100052dc:	2209      	movs	r2, #9
100052de:	4b05      	ldr	r3, [pc, #20]	@ (100052f4 <rp2040_usb_init+0x3c>)
100052e0:	675a      	str	r2, [r3, #116]	@ 0x74
100052e2:	bd10      	pop	{r4, pc}
100052e4:	4000e000 	.word	0x4000e000
100052e8:	4000f000 	.word	0x4000f000
100052ec:	4000c008 	.word	0x4000c008
100052f0:	50100000 	.word	0x50100000
100052f4:	50110000 	.word	0x50110000

100052f8 <hw_endpoint_xfer_start>:
100052f8:	2300      	movs	r3, #0
100052fa:	b510      	push	{r4, lr}
100052fc:	82c3      	strh	r3, [r0, #22]
100052fe:	3301      	adds	r3, #1
10005300:	8282      	strh	r2, [r0, #20]
10005302:	7683      	strb	r3, [r0, #26]
10005304:	6101      	str	r1, [r0, #16]
10005306:	0004      	movs	r4, r0
10005308:	f003 f9ae 	bl	10008668 <__e15_is_bulkin_ep_veneer>
1000530c:	2800      	cmp	r0, #0
1000530e:	d004      	beq.n	1000531a <hw_endpoint_xfer_start+0x22>
10005310:	2180      	movs	r1, #128	@ 0x80
10005312:	2390      	movs	r3, #144	@ 0x90
10005314:	4a07      	ldr	r2, [pc, #28]	@ (10005334 <hw_endpoint_xfer_start+0x3c>)
10005316:	0289      	lsls	r1, r1, #10
10005318:	50d1      	str	r1, [r2, r3]
1000531a:	0020      	movs	r0, r4
1000531c:	f003 f9b4 	bl	10008688 <__e15_is_critical_frame_period_veneer>
10005320:	2800      	cmp	r0, #0
10005322:	d002      	beq.n	1000532a <hw_endpoint_xfer_start+0x32>
10005324:	2301      	movs	r3, #1
10005326:	7723      	strb	r3, [r4, #28]
10005328:	bd10      	pop	{r4, pc}
1000532a:	0020      	movs	r0, r4
1000532c:	f003 f9a4 	bl	10008678 <__hw_endpoint_start_next_buffer_veneer>
10005330:	e7fa      	b.n	10005328 <hw_endpoint_xfer_start+0x30>
10005332:	46c0      	nop			@ (mov r8, r8)
10005334:	50112000 	.word	0x50112000

10005338 <tud_event_hook_cb>:
10005338:	4770      	bx	lr
1000533a:	46c0      	nop			@ (mov r8, r8)

1000533c <tud_sof_cb>:
1000533c:	4770      	bx	lr
1000533e:	46c0      	nop			@ (mov r8, r8)

10005340 <tud_descriptor_device_qualifier_cb>:
10005340:	2000      	movs	r0, #0
10005342:	4770      	bx	lr

10005344 <tud_descriptor_other_speed_configuration_cb>:
10005344:	2000      	movs	r0, #0
10005346:	4770      	bx	lr

10005348 <tud_mount_cb>:
10005348:	4770      	bx	lr
1000534a:	46c0      	nop			@ (mov r8, r8)

1000534c <tud_umount_cb>:
1000534c:	4770      	bx	lr
1000534e:	46c0      	nop			@ (mov r8, r8)

10005350 <tud_suspend_cb>:
10005350:	4770      	bx	lr
10005352:	46c0      	nop			@ (mov r8, r8)

10005354 <tud_resume_cb>:
10005354:	4770      	bx	lr
10005356:	46c0      	nop			@ (mov r8, r8)

10005358 <tud_mounted>:
10005358:	4b02      	ldr	r3, [pc, #8]	@ (10005364 <tud_mounted+0xc>)
1000535a:	7858      	ldrb	r0, [r3, #1]
1000535c:	1e43      	subs	r3, r0, #1
1000535e:	4198      	sbcs	r0, r3
10005360:	b2c0      	uxtb	r0, r0
10005362:	4770      	bx	lr
10005364:	20001d68 	.word	0x20001d68

10005368 <tud_suspended>:
10005368:	4b02      	ldr	r3, [pc, #8]	@ (10005374 <tud_suspended+0xc>)
1000536a:	7818      	ldrb	r0, [r3, #0]
1000536c:	0740      	lsls	r0, r0, #29
1000536e:	0fc0      	lsrs	r0, r0, #31
10005370:	4770      	bx	lr
10005372:	46c0      	nop			@ (mov r8, r8)
10005374:	20001d68 	.word	0x20001d68

10005378 <tud_rhport_init>:
10005378:	b5f0      	push	{r4, r5, r6, r7, lr}
1000537a:	46d6      	mov	lr, sl
1000537c:	464f      	mov	r7, r9
1000537e:	4646      	mov	r6, r8
10005380:	b5c0      	push	{r6, r7, lr}
10005382:	4b2c      	ldr	r3, [pc, #176]	@ (10005434 <tud_rhport_init+0xbc>)
10005384:	4681      	mov	r9, r0
10005386:	4698      	mov	r8, r3
10005388:	781b      	ldrb	r3, [r3, #0]
1000538a:	468a      	mov	sl, r1
1000538c:	2bff      	cmp	r3, #255	@ 0xff
1000538e:	d14b      	bne.n	10005428 <tud_rhport_init+0xb0>
10005390:	2900      	cmp	r1, #0
10005392:	d03b      	beq.n	1000540c <tud_rhport_init+0x94>
10005394:	2100      	movs	r1, #0
10005396:	2254      	movs	r2, #84	@ 0x54
10005398:	4827      	ldr	r0, [pc, #156]	@ (10005438 <tud_rhport_init+0xc0>)
1000539a:	f7fd fb19 	bl	100029d0 <__wrap_memset>
1000539e:	2200      	movs	r2, #0
100053a0:	4c26      	ldr	r4, [pc, #152]	@ (1000543c <tud_rhport_init+0xc4>)
100053a2:	4b27      	ldr	r3, [pc, #156]	@ (10005440 <tud_rhport_init+0xc8>)
100053a4:	0020      	movs	r0, r4
100053a6:	701a      	strb	r2, [r3, #0]
100053a8:	f7fb fbd4 	bl	10000b54 <mutex_init>
100053ac:	4b25      	ldr	r3, [pc, #148]	@ (10005444 <tud_rhport_init+0xcc>)
100053ae:	601c      	str	r4, [r3, #0]
100053b0:	4c25      	ldr	r4, [pc, #148]	@ (10005448 <tud_rhport_init+0xd0>)
100053b2:	0020      	movs	r0, r4
100053b4:	3c14      	subs	r4, #20
100053b6:	f7fb fbdb 	bl	10000b70 <critical_section_init>
100053ba:	0020      	movs	r0, r4
100053bc:	f001 fb98 	bl	10006af0 <tu_fifo_clear>
100053c0:	4b22      	ldr	r3, [pc, #136]	@ (1000544c <tud_rhport_init+0xd4>)
100053c2:	4d23      	ldr	r5, [pc, #140]	@ (10005450 <tud_rhport_init+0xd8>)
100053c4:	601c      	str	r4, [r3, #0]
100053c6:	4b23      	ldr	r3, [pc, #140]	@ (10005454 <tud_rhport_init+0xdc>)
100053c8:	2b00      	cmp	r3, #0
100053ca:	d004      	beq.n	100053d6 <tud_rhport_init+0x5e>
100053cc:	0028      	movs	r0, r5
100053ce:	f7ff fe19 	bl	10005004 <usbd_app_driver_get_cb>
100053d2:	4b21      	ldr	r3, [pc, #132]	@ (10005458 <tud_rhport_init+0xe0>)
100053d4:	6018      	str	r0, [r3, #0]
100053d6:	2400      	movs	r4, #0
100053d8:	782b      	ldrb	r3, [r5, #0]
100053da:	4f20      	ldr	r7, [pc, #128]	@ (1000545c <tud_rhport_init+0xe4>)
100053dc:	4e1e      	ldr	r6, [pc, #120]	@ (10005458 <tud_rhport_init+0xe0>)
100053de:	e00d      	b.n	100053fc <tud_rhport_init+0x84>
100053e0:	6833      	ldr	r3, [r6, #0]
100053e2:	0162      	lsls	r2, r4, #5
100053e4:	189b      	adds	r3, r3, r2
100053e6:	2b00      	cmp	r3, #0
100053e8:	d010      	beq.n	1000540c <tud_rhport_init+0x94>
100053ea:	685b      	ldr	r3, [r3, #4]
100053ec:	2b00      	cmp	r3, #0
100053ee:	d00d      	beq.n	1000540c <tud_rhport_init+0x94>
100053f0:	4798      	blx	r3
100053f2:	3401      	adds	r4, #1
100053f4:	782b      	ldrb	r3, [r5, #0]
100053f6:	b2e4      	uxtb	r4, r4
100053f8:	42a3      	cmp	r3, r4
100053fa:	d309      	bcc.n	10005410 <tud_rhport_init+0x98>
100053fc:	42a3      	cmp	r3, r4
100053fe:	d8ef      	bhi.n	100053e0 <tud_rhport_init+0x68>
10005400:	1ae3      	subs	r3, r4, r3
10005402:	015b      	lsls	r3, r3, #5
10005404:	19db      	adds	r3, r3, r7
10005406:	685b      	ldr	r3, [r3, #4]
10005408:	2b00      	cmp	r3, #0
1000540a:	d1f1      	bne.n	100053f0 <tud_rhport_init+0x78>
1000540c:	2000      	movs	r0, #0
1000540e:	e00c      	b.n	1000542a <tud_rhport_init+0xb2>
10005410:	4642      	mov	r2, r8
10005412:	464b      	mov	r3, r9
10005414:	4651      	mov	r1, sl
10005416:	4648      	mov	r0, r9
10005418:	7013      	strb	r3, [r2, #0]
1000541a:	f7ff fe0f 	bl	1000503c <dcd_init>
1000541e:	2800      	cmp	r0, #0
10005420:	d0f4      	beq.n	1000540c <tud_rhport_init+0x94>
10005422:	4648      	mov	r0, r9
10005424:	f7ff fe52 	bl	100050cc <dcd_int_enable>
10005428:	2001      	movs	r0, #1
1000542a:	bce0      	pop	{r5, r6, r7}
1000542c:	46ba      	mov	sl, r7
1000542e:	46b1      	mov	r9, r6
10005430:	46a8      	mov	r8, r5
10005432:	bdf0      	pop	{r4, r5, r6, r7, pc}
10005434:	2000107c 	.word	0x2000107c
10005438:	20001d68 	.word	0x20001d68
1000543c:	20001d60 	.word	0x20001d60
10005440:	2000265b 	.word	0x2000265b
10005444:	20001dbc 	.word	0x20001dbc
10005448:	20001074 	.word	0x20001074
1000544c:	20001dc0 	.word	0x20001dc0
10005450:	20002659 	.word	0x20002659
10005454:	10005005 	.word	0x10005005
10005458:	20001c80 	.word	0x20001c80
1000545c:	10008d70 	.word	0x10008d70

10005460 <tud_task_ext>:
10005460:	b5f0      	push	{r4, r5, r6, r7, lr}
10005462:	46de      	mov	lr, fp
10005464:	4657      	mov	r7, sl
10005466:	464e      	mov	r6, r9
10005468:	4645      	mov	r5, r8
1000546a:	b5e0      	push	{r5, r6, r7, lr}
1000546c:	4bc8      	ldr	r3, [pc, #800]	@ (10005790 <tud_task_ext+0x330>)
1000546e:	b091      	sub	sp, #68	@ 0x44
10005470:	9303      	str	r3, [sp, #12]
10005472:	781b      	ldrb	r3, [r3, #0]
10005474:	2bff      	cmp	r3, #255	@ 0xff
10005476:	d100      	bne.n	1000547a <tud_task_ext+0x1a>
10005478:	e142      	b.n	10005700 <tud_task_ext+0x2a0>
1000547a:	4bc6      	ldr	r3, [pc, #792]	@ (10005794 <tud_task_ext+0x334>)
1000547c:	4ec6      	ldr	r6, [pc, #792]	@ (10005798 <tud_task_ext+0x338>)
1000547e:	001f      	movs	r7, r3
10005480:	4bc6      	ldr	r3, [pc, #792]	@ (1000579c <tud_task_ext+0x33c>)
10005482:	ac0d      	add	r4, sp, #52	@ 0x34
10005484:	9302      	str	r3, [sp, #8]
10005486:	4bc6      	ldr	r3, [pc, #792]	@ (100057a0 <tud_task_ext+0x340>)
10005488:	9301      	str	r3, [sp, #4]
1000548a:	6835      	ldr	r5, [r6, #0]
1000548c:	696a      	ldr	r2, [r5, #20]
1000548e:	f3ef 8110 	mrs	r1, PRIMASK
10005492:	b672      	cpsid	i
10005494:	6813      	ldr	r3, [r2, #0]
10005496:	2b00      	cmp	r3, #0
10005498:	d0fc      	beq.n	10005494 <tud_task_ext+0x34>
1000549a:	f3bf 8f5f 	dmb	sy
1000549e:	61a9      	str	r1, [r5, #24]
100054a0:	0028      	movs	r0, r5
100054a2:	0021      	movs	r1, r4
100054a4:	f001 f95a 	bl	1000675c <tu_fifo_read>
100054a8:	696a      	ldr	r2, [r5, #20]
100054aa:	69ab      	ldr	r3, [r5, #24]
100054ac:	f3bf 8f5f 	dmb	sy
100054b0:	2100      	movs	r1, #0
100054b2:	6011      	str	r1, [r2, #0]
100054b4:	f383 8810 	msr	PRIMASK, r3
100054b8:	2800      	cmp	r0, #0
100054ba:	d100      	bne.n	100054be <tud_task_ext+0x5e>
100054bc:	e120      	b.n	10005700 <tud_task_ext+0x2a0>
100054be:	7863      	ldrb	r3, [r4, #1]
100054c0:	2b08      	cmp	r3, #8
100054c2:	d8e2      	bhi.n	1000548a <tud_task_ext+0x2a>
100054c4:	009b      	lsls	r3, r3, #2
100054c6:	58fb      	ldr	r3, [r7, r3]
100054c8:	469f      	mov	pc, r3
100054ca:	6863      	ldr	r3, [r4, #4]
100054cc:	2b00      	cmp	r3, #0
100054ce:	d0dc      	beq.n	1000548a <tud_task_ext+0x2a>
100054d0:	68a0      	ldr	r0, [r4, #8]
100054d2:	4798      	blx	r3
100054d4:	e7d9      	b.n	1000548a <tud_task_ext+0x2a>
100054d6:	227f      	movs	r2, #127	@ 0x7f
100054d8:	7921      	ldrb	r1, [r4, #4]
100054da:	4db0      	ldr	r5, [pc, #704]	@ (1000579c <tud_task_ext+0x33c>)
100054dc:	400a      	ands	r2, r1
100054de:	0053      	lsls	r3, r2, #1
100054e0:	18eb      	adds	r3, r5, r3
100054e2:	4698      	mov	r8, r3
100054e4:	09c8      	lsrs	r0, r1, #7
100054e6:	4480      	add	r8, r0
100054e8:	4640      	mov	r0, r8
100054ea:	2301      	movs	r3, #1
100054ec:	3030      	adds	r0, #48	@ 0x30
100054ee:	7905      	ldrb	r5, [r0, #4]
100054f0:	439d      	bics	r5, r3
100054f2:	7105      	strb	r5, [r0, #4]
100054f4:	7905      	ldrb	r5, [r0, #4]
100054f6:	3303      	adds	r3, #3
100054f8:	439d      	bics	r5, r3
100054fa:	7105      	strb	r5, [r0, #4]
100054fc:	2a00      	cmp	r2, #0
100054fe:	d100      	bne.n	10005502 <tud_task_ext+0xa2>
10005500:	e105      	b.n	1000570e <tud_task_ext+0x2ae>
10005502:	4643      	mov	r3, r8
10005504:	4aa7      	ldr	r2, [pc, #668]	@ (100057a4 <tud_task_ext+0x344>)
10005506:	7d1b      	ldrb	r3, [r3, #20]
10005508:	7812      	ldrb	r2, [r2, #0]
1000550a:	4293      	cmp	r3, r2
1000550c:	d300      	bcc.n	10005510 <tud_task_ext+0xb0>
1000550e:	e0f5      	b.n	100056fc <tud_task_ext+0x29c>
10005510:	4aa5      	ldr	r2, [pc, #660]	@ (100057a8 <tud_task_ext+0x348>)
10005512:	015b      	lsls	r3, r3, #5
10005514:	6815      	ldr	r5, [r2, #0]
10005516:	18ed      	adds	r5, r5, r3
10005518:	2d00      	cmp	r5, #0
1000551a:	d100      	bne.n	1000551e <tud_task_ext+0xbe>
1000551c:	e0f0      	b.n	10005700 <tud_task_ext+0x2a0>
1000551e:	68a3      	ldr	r3, [r4, #8]
10005520:	7962      	ldrb	r2, [r4, #5]
10005522:	7820      	ldrb	r0, [r4, #0]
10005524:	69ad      	ldr	r5, [r5, #24]
10005526:	47a8      	blx	r5
10005528:	e7af      	b.n	1000548a <tud_task_ext+0x2a>
1000552a:	4ba0      	ldr	r3, [pc, #640]	@ (100057ac <tud_task_ext+0x34c>)
1000552c:	781a      	ldrb	r2, [r3, #0]
1000552e:	2a00      	cmp	r2, #0
10005530:	d100      	bne.n	10005534 <tud_task_ext+0xd4>
10005532:	e0e5      	b.n	10005700 <tud_task_ext+0x2a0>
10005534:	781a      	ldrb	r2, [r3, #0]
10005536:	3a01      	subs	r2, #1
10005538:	701a      	strb	r2, [r3, #0]
1000553a:	781b      	ldrb	r3, [r3, #0]
1000553c:	2b00      	cmp	r3, #0
1000553e:	d1a4      	bne.n	1000548a <tud_task_ext+0x2a>
10005540:	2201      	movs	r2, #1
10005542:	4d96      	ldr	r5, [pc, #600]	@ (1000579c <tud_task_ext+0x33c>)
10005544:	2101      	movs	r1, #1
10005546:	782b      	ldrb	r3, [r5, #0]
10005548:	2004      	movs	r0, #4
1000554a:	4313      	orrs	r3, r2
1000554c:	702b      	strb	r3, [r5, #0]
1000554e:	2334      	movs	r3, #52	@ 0x34
10005550:	5cea      	ldrb	r2, [r5, r3]
10005552:	438a      	bics	r2, r1
10005554:	54ea      	strb	r2, [r5, r3]
10005556:	5cea      	ldrb	r2, [r5, r3]
10005558:	4382      	bics	r2, r0
1000555a:	54ea      	strb	r2, [r5, r3]
1000555c:	3301      	adds	r3, #1
1000555e:	5cea      	ldrb	r2, [r5, r3]
10005560:	438a      	bics	r2, r1
10005562:	54ea      	strb	r2, [r5, r3]
10005564:	5cea      	ldrb	r2, [r5, r3]
10005566:	4382      	bics	r2, r0
10005568:	54ea      	strb	r2, [r5, r3]
1000556a:	7823      	ldrb	r3, [r4, #0]
1000556c:	2000      	movs	r0, #0
1000556e:	469b      	mov	fp, r3
10005570:	f000 fc88 	bl	10005e84 <usbd_control_set_complete_callback>
10005574:	2260      	movs	r2, #96	@ 0x60
10005576:	7923      	ldrb	r3, [r4, #4]
10005578:	401a      	ands	r2, r3
1000557a:	2a60      	cmp	r2, #96	@ 0x60
1000557c:	d100      	bne.n	10005580 <tud_task_ext+0x120>
1000557e:	e0f1      	b.n	10005764 <tud_task_ext+0x304>
10005580:	2a40      	cmp	r2, #64	@ 0x40
10005582:	d100      	bne.n	10005586 <tud_task_ext+0x126>
10005584:	e0f7      	b.n	10005776 <tud_task_ext+0x316>
10005586:	06db      	lsls	r3, r3, #27
10005588:	0edb      	lsrs	r3, r3, #27
1000558a:	2b01      	cmp	r3, #1
1000558c:	d100      	bne.n	10005590 <tud_task_ext+0x130>
1000558e:	e115      	b.n	100057bc <tud_task_ext+0x35c>
10005590:	2b02      	cmp	r3, #2
10005592:	d100      	bne.n	10005596 <tud_task_ext+0x136>
10005594:	e0ca      	b.n	1000572c <tud_task_ext+0x2cc>
10005596:	2b00      	cmp	r3, #0
10005598:	d000      	beq.n	1000559c <tud_task_ext+0x13c>
1000559a:	e0e3      	b.n	10005764 <tud_task_ext+0x304>
1000559c:	2a20      	cmp	r2, #32
1000559e:	d100      	bne.n	100055a2 <tud_task_ext+0x142>
100055a0:	e211      	b.n	100059c6 <tud_task_ext+0x566>
100055a2:	2a00      	cmp	r2, #0
100055a4:	d000      	beq.n	100055a8 <tud_task_ext+0x148>
100055a6:	e0dd      	b.n	10005764 <tud_task_ext+0x304>
100055a8:	7963      	ldrb	r3, [r4, #5]
100055aa:	2b09      	cmp	r3, #9
100055ac:	d900      	bls.n	100055b0 <tud_task_ext+0x150>
100055ae:	e0d9      	b.n	10005764 <tud_task_ext+0x304>
100055b0:	4a7f      	ldr	r2, [pc, #508]	@ (100057b0 <tud_task_ext+0x350>)
100055b2:	009b      	lsls	r3, r3, #2
100055b4:	58d3      	ldr	r3, [r2, r3]
100055b6:	469f      	mov	pc, r3
100055b8:	4d78      	ldr	r5, [pc, #480]	@ (1000579c <tud_task_ext+0x33c>)
100055ba:	782b      	ldrb	r3, [r5, #0]
100055bc:	07db      	lsls	r3, r3, #31
100055be:	d400      	bmi.n	100055c2 <tud_task_ext+0x162>
100055c0:	e763      	b.n	1000548a <tud_task_ext+0x2a>
100055c2:	f7ff fec7 	bl	10005354 <tud_resume_cb>
100055c6:	e760      	b.n	1000548a <tud_task_ext+0x2a>
100055c8:	9b02      	ldr	r3, [sp, #8]
100055ca:	78db      	ldrb	r3, [r3, #3]
100055cc:	07db      	lsls	r3, r3, #31
100055ce:	d400      	bmi.n	100055d2 <tud_task_ext+0x172>
100055d0:	e75b      	b.n	1000548a <tud_task_ext+0x2a>
100055d2:	6860      	ldr	r0, [r4, #4]
100055d4:	f7ff feb2 	bl	1000533c <tud_sof_cb>
100055d8:	e757      	b.n	1000548a <tud_task_ext+0x2a>
100055da:	4d70      	ldr	r5, [pc, #448]	@ (1000579c <tud_task_ext+0x33c>)
100055dc:	782b      	ldrb	r3, [r5, #0]
100055de:	07db      	lsls	r3, r3, #31
100055e0:	d400      	bmi.n	100055e4 <tud_task_ext+0x184>
100055e2:	e752      	b.n	1000548a <tud_task_ext+0x2a>
100055e4:	7828      	ldrb	r0, [r5, #0]
100055e6:	0700      	lsls	r0, r0, #28
100055e8:	0fc0      	lsrs	r0, r0, #31
100055ea:	f7ff feb1 	bl	10005350 <tud_suspend_cb>
100055ee:	e74c      	b.n	1000548a <tud_task_ext+0x2a>
100055f0:	7823      	ldrb	r3, [r4, #0]
100055f2:	4a6b      	ldr	r2, [pc, #428]	@ (100057a0 <tud_task_ext+0x340>)
100055f4:	4699      	mov	r9, r3
100055f6:	4693      	mov	fp, r2
100055f8:	4b6a      	ldr	r3, [pc, #424]	@ (100057a4 <tud_task_ext+0x344>)
100055fa:	4a6b      	ldr	r2, [pc, #428]	@ (100057a8 <tud_task_ext+0x348>)
100055fc:	4698      	mov	r8, r3
100055fe:	4692      	mov	sl, r2
10005600:	003a      	movs	r2, r7
10005602:	2500      	movs	r5, #0
10005604:	4647      	mov	r7, r8
10005606:	781b      	ldrb	r3, [r3, #0]
10005608:	46b0      	mov	r8, r6
1000560a:	464e      	mov	r6, r9
1000560c:	4691      	mov	r9, r2
1000560e:	e00e      	b.n	1000562e <tud_task_ext+0x1ce>
10005610:	4653      	mov	r3, sl
10005612:	681b      	ldr	r3, [r3, #0]
10005614:	016a      	lsls	r2, r5, #5
10005616:	189b      	adds	r3, r3, r2
10005618:	2b00      	cmp	r3, #0
1000561a:	d100      	bne.n	1000561e <tud_task_ext+0x1be>
1000561c:	e07d      	b.n	1000571a <tud_task_ext+0x2ba>
1000561e:	68db      	ldr	r3, [r3, #12]
10005620:	0030      	movs	r0, r6
10005622:	4798      	blx	r3
10005624:	3501      	adds	r5, #1
10005626:	783b      	ldrb	r3, [r7, #0]
10005628:	b2ed      	uxtb	r5, r5
1000562a:	42ab      	cmp	r3, r5
1000562c:	d30c      	bcc.n	10005648 <tud_task_ext+0x1e8>
1000562e:	42ab      	cmp	r3, r5
10005630:	d8ee      	bhi.n	10005610 <tud_task_ext+0x1b0>
10005632:	1aeb      	subs	r3, r5, r3
10005634:	015b      	lsls	r3, r3, #5
10005636:	445b      	add	r3, fp
10005638:	68db      	ldr	r3, [r3, #12]
1000563a:	0030      	movs	r0, r6
1000563c:	4798      	blx	r3
1000563e:	3501      	adds	r5, #1
10005640:	783b      	ldrb	r3, [r7, #0]
10005642:	b2ed      	uxtb	r5, r5
10005644:	42ab      	cmp	r3, r5
10005646:	d2f2      	bcs.n	1000562e <tud_task_ext+0x1ce>
10005648:	4d54      	ldr	r5, [pc, #336]	@ (1000579c <tud_task_ext+0x33c>)
1000564a:	2254      	movs	r2, #84	@ 0x54
1000564c:	2100      	movs	r1, #0
1000564e:	0028      	movs	r0, r5
10005650:	f7fd f9be 	bl	100029d0 <__wrap_memset>
10005654:	2210      	movs	r2, #16
10005656:	21ff      	movs	r1, #255	@ 0xff
10005658:	1d28      	adds	r0, r5, #4
1000565a:	f7fd f9b9 	bl	100029d0 <__wrap_memset>
1000565e:	0028      	movs	r0, r5
10005660:	2220      	movs	r2, #32
10005662:	21ff      	movs	r1, #255	@ 0xff
10005664:	3014      	adds	r0, #20
10005666:	4646      	mov	r6, r8
10005668:	464f      	mov	r7, r9
1000566a:	f7fd f9b1 	bl	100029d0 <__wrap_memset>
1000566e:	f000 fbff 	bl	10005e70 <usbd_control_reset>
10005672:	7923      	ldrb	r3, [r4, #4]
10005674:	70ab      	strb	r3, [r5, #2]
10005676:	e708      	b.n	1000548a <tud_task_ext+0x2a>
10005678:	7823      	ldrb	r3, [r4, #0]
1000567a:	4a4b      	ldr	r2, [pc, #300]	@ (100057a8 <tud_task_ext+0x348>)
1000567c:	4699      	mov	r9, r3
1000567e:	4b49      	ldr	r3, [pc, #292]	@ (100057a4 <tud_task_ext+0x344>)
10005680:	4692      	mov	sl, r2
10005682:	4698      	mov	r8, r3
10005684:	0032      	movs	r2, r6
10005686:	46bb      	mov	fp, r7
10005688:	464e      	mov	r6, r9
1000568a:	2500      	movs	r5, #0
1000568c:	4647      	mov	r7, r8
1000568e:	4691      	mov	r9, r2
10005690:	781b      	ldrb	r3, [r3, #0]
10005692:	e00d      	b.n	100056b0 <tud_task_ext+0x250>
10005694:	4653      	mov	r3, sl
10005696:	681b      	ldr	r3, [r3, #0]
10005698:	016a      	lsls	r2, r5, #5
1000569a:	189b      	adds	r3, r3, r2
1000569c:	2b00      	cmp	r3, #0
1000569e:	d040      	beq.n	10005722 <tud_task_ext+0x2c2>
100056a0:	68db      	ldr	r3, [r3, #12]
100056a2:	0030      	movs	r0, r6
100056a4:	4798      	blx	r3
100056a6:	3501      	adds	r5, #1
100056a8:	783b      	ldrb	r3, [r7, #0]
100056aa:	b2ed      	uxtb	r5, r5
100056ac:	42ab      	cmp	r3, r5
100056ae:	d30d      	bcc.n	100056cc <tud_task_ext+0x26c>
100056b0:	429d      	cmp	r5, r3
100056b2:	d3ef      	bcc.n	10005694 <tud_task_ext+0x234>
100056b4:	9a01      	ldr	r2, [sp, #4]
100056b6:	1aeb      	subs	r3, r5, r3
100056b8:	015b      	lsls	r3, r3, #5
100056ba:	18d3      	adds	r3, r2, r3
100056bc:	68db      	ldr	r3, [r3, #12]
100056be:	0030      	movs	r0, r6
100056c0:	4798      	blx	r3
100056c2:	3501      	adds	r5, #1
100056c4:	783b      	ldrb	r3, [r7, #0]
100056c6:	b2ed      	uxtb	r5, r5
100056c8:	42ab      	cmp	r3, r5
100056ca:	d2f1      	bcs.n	100056b0 <tud_task_ext+0x250>
100056cc:	9d02      	ldr	r5, [sp, #8]
100056ce:	2254      	movs	r2, #84	@ 0x54
100056d0:	2100      	movs	r1, #0
100056d2:	0028      	movs	r0, r5
100056d4:	f7fd f97c 	bl	100029d0 <__wrap_memset>
100056d8:	2210      	movs	r2, #16
100056da:	21ff      	movs	r1, #255	@ 0xff
100056dc:	4835      	ldr	r0, [pc, #212]	@ (100057b4 <tud_task_ext+0x354>)
100056de:	f7fd f977 	bl	100029d0 <__wrap_memset>
100056e2:	0028      	movs	r0, r5
100056e4:	2220      	movs	r2, #32
100056e6:	21ff      	movs	r1, #255	@ 0xff
100056e8:	3014      	adds	r0, #20
100056ea:	464e      	mov	r6, r9
100056ec:	465f      	mov	r7, fp
100056ee:	f7fd f96f 	bl	100029d0 <__wrap_memset>
100056f2:	f000 fbbd 	bl	10005e70 <usbd_control_reset>
100056f6:	f7ff fe29 	bl	1000534c <tud_umount_cb>
100056fa:	e6c6      	b.n	1000548a <tud_task_ext+0x2a>
100056fc:	4293      	cmp	r3, r2
100056fe:	d013      	beq.n	10005728 <tud_task_ext+0x2c8>
10005700:	b011      	add	sp, #68	@ 0x44
10005702:	bcf0      	pop	{r4, r5, r6, r7}
10005704:	46bb      	mov	fp, r7
10005706:	46b2      	mov	sl, r6
10005708:	46a9      	mov	r9, r5
1000570a:	46a0      	mov	r8, r4
1000570c:	bdf0      	pop	{r4, r5, r6, r7, pc}
1000570e:	68a3      	ldr	r3, [r4, #8]
10005710:	7962      	ldrb	r2, [r4, #5]
10005712:	7820      	ldrb	r0, [r4, #0]
10005714:	f000 fbca 	bl	10005eac <usbd_control_xfer_cb>
10005718:	e6b7      	b.n	1000548a <tud_task_ext+0x2a>
1000571a:	4646      	mov	r6, r8
1000571c:	464f      	mov	r7, r9
1000571e:	4d1f      	ldr	r5, [pc, #124]	@ (1000579c <tud_task_ext+0x33c>)
10005720:	e7a5      	b.n	1000566e <tud_task_ext+0x20e>
10005722:	464e      	mov	r6, r9
10005724:	465f      	mov	r7, fp
10005726:	e7e4      	b.n	100056f2 <tud_task_ext+0x292>
10005728:	4d1d      	ldr	r5, [pc, #116]	@ (100057a0 <tud_task_ext+0x340>)
1000572a:	e6f8      	b.n	1000551e <tud_task_ext+0xbe>
1000572c:	2370      	movs	r3, #112	@ 0x70
1000572e:	7a21      	ldrb	r1, [r4, #8]
10005730:	420b      	tst	r3, r1
10005732:	d117      	bne.n	10005764 <tud_task_ext+0x304>
10005734:	09c8      	lsrs	r0, r1, #7
10005736:	4682      	mov	sl, r0
10005738:	330f      	adds	r3, #15
1000573a:	400b      	ands	r3, r1
1000573c:	005b      	lsls	r3, r3, #1
1000573e:	4698      	mov	r8, r3
10005740:	4818      	ldr	r0, [pc, #96]	@ (100057a4 <tud_task_ext+0x344>)
10005742:	18eb      	adds	r3, r5, r3
10005744:	4453      	add	r3, sl
10005746:	7d1b      	ldrb	r3, [r3, #20]
10005748:	7800      	ldrb	r0, [r0, #0]
1000574a:	4283      	cmp	r3, r0
1000574c:	d264      	bcs.n	10005818 <tud_task_ext+0x3b8>
1000574e:	4816      	ldr	r0, [pc, #88]	@ (100057a8 <tud_task_ext+0x348>)
10005750:	015b      	lsls	r3, r3, #5
10005752:	6800      	ldr	r0, [r0, #0]
10005754:	4681      	mov	r9, r0
10005756:	4499      	add	r9, r3
10005758:	2a00      	cmp	r2, #0
1000575a:	d100      	bne.n	1000575e <tud_task_ext+0x2fe>
1000575c:	e155      	b.n	10005a0a <tud_task_ext+0x5aa>
1000575e:	464b      	mov	r3, r9
10005760:	2b00      	cmp	r3, #0
10005762:	d161      	bne.n	10005828 <tud_task_ext+0x3c8>
10005764:	7820      	ldrb	r0, [r4, #0]
10005766:	2100      	movs	r1, #0
10005768:	f7ff fd70 	bl	1000524c <dcd_edpt_stall>
1000576c:	2180      	movs	r1, #128	@ 0x80
1000576e:	7820      	ldrb	r0, [r4, #0]
10005770:	f7ff fd6c 	bl	1000524c <dcd_edpt_stall>
10005774:	e689      	b.n	1000548a <tud_task_ext+0x2a>
10005776:	4810      	ldr	r0, [pc, #64]	@ (100057b8 <tud_task_ext+0x358>)
10005778:	f000 fb84 	bl	10005e84 <usbd_control_set_complete_callback>
1000577c:	2101      	movs	r1, #1
1000577e:	4658      	mov	r0, fp
10005780:	aa0e      	add	r2, sp, #56	@ 0x38
10005782:	f7ff fc23 	bl	10004fcc <tud_vendor_control_xfer_cb>
10005786:	2800      	cmp	r0, #0
10005788:	d000      	beq.n	1000578c <tud_task_ext+0x32c>
1000578a:	e67e      	b.n	1000548a <tud_task_ext+0x2a>
1000578c:	e7ea      	b.n	10005764 <tud_task_ext+0x304>
1000578e:	46c0      	nop			@ (mov r8, r8)
10005790:	2000107c 	.word	0x2000107c
10005794:	10008cc8 	.word	0x10008cc8
10005798:	20001dc0 	.word	0x20001dc0
1000579c:	20001d68 	.word	0x20001d68
100057a0:	10008d70 	.word	0x10008d70
100057a4:	20002659 	.word	0x20002659
100057a8:	20001c80 	.word	0x20001c80
100057ac:	2000265b 	.word	0x2000265b
100057b0:	10008cec 	.word	0x10008cec
100057b4:	20001d6c 	.word	0x20001d6c
100057b8:	10004fcd 	.word	0x10004fcd
100057bc:	7a23      	ldrb	r3, [r4, #8]
100057be:	8922      	ldrh	r2, [r4, #8]
100057c0:	2b0f      	cmp	r3, #15
100057c2:	d8cf      	bhi.n	10005764 <tud_task_ext+0x304>
100057c4:	23ff      	movs	r3, #255	@ 0xff
100057c6:	4013      	ands	r3, r2
100057c8:	4ad1      	ldr	r2, [pc, #836]	@ (10005b10 <tud_task_ext+0x6b0>)
100057ca:	18eb      	adds	r3, r5, r3
100057cc:	791b      	ldrb	r3, [r3, #4]
100057ce:	7812      	ldrb	r2, [r2, #0]
100057d0:	4293      	cmp	r3, r2
100057d2:	d334      	bcc.n	1000583e <tud_task_ext+0x3de>
100057d4:	d1c6      	bne.n	10005764 <tud_task_ext+0x304>
100057d6:	4dcf      	ldr	r5, [pc, #828]	@ (10005b14 <tud_task_ext+0x6b4>)
100057d8:	6968      	ldr	r0, [r5, #20]
100057da:	f000 fb53 	bl	10005e84 <usbd_control_set_complete_callback>
100057de:	2101      	movs	r1, #1
100057e0:	4658      	mov	r0, fp
100057e2:	696b      	ldr	r3, [r5, #20]
100057e4:	aa0e      	add	r2, sp, #56	@ 0x38
100057e6:	4798      	blx	r3
100057e8:	2800      	cmp	r0, #0
100057ea:	d000      	beq.n	100057ee <tud_task_ext+0x38e>
100057ec:	e64d      	b.n	1000548a <tud_task_ext+0x2a>
100057ee:	2260      	movs	r2, #96	@ 0x60
100057f0:	0015      	movs	r5, r2
100057f2:	7923      	ldrb	r3, [r4, #4]
100057f4:	401d      	ands	r5, r3
100057f6:	421a      	tst	r2, r3
100057f8:	d1b4      	bne.n	10005764 <tud_task_ext+0x304>
100057fa:	7963      	ldrb	r3, [r4, #5]
100057fc:	3b0a      	subs	r3, #10
100057fe:	2b01      	cmp	r3, #1
10005800:	d8b0      	bhi.n	10005764 <tud_task_ext+0x304>
10005802:	f000 fb3f 	bl	10005e84 <usbd_control_set_complete_callback>
10005806:	7963      	ldrb	r3, [r4, #5]
10005808:	2b0a      	cmp	r3, #10
1000580a:	d100      	bne.n	1000580e <tud_task_ext+0x3ae>
1000580c:	e18a      	b.n	10005b24 <tud_task_ext+0x6c4>
1000580e:	4658      	mov	r0, fp
10005810:	a90e      	add	r1, sp, #56	@ 0x38
10005812:	f000 fac7 	bl	10005da4 <tud_control_status>
10005816:	e638      	b.n	1000548a <tud_task_ext+0x2a>
10005818:	4283      	cmp	r3, r0
1000581a:	d000      	beq.n	1000581e <tud_task_ext+0x3be>
1000581c:	e0f0      	b.n	10005a00 <tud_task_ext+0x5a0>
1000581e:	4bbd      	ldr	r3, [pc, #756]	@ (10005b14 <tud_task_ext+0x6b4>)
10005820:	4699      	mov	r9, r3
10005822:	2a00      	cmp	r2, #0
10005824:	d100      	bne.n	10005828 <tud_task_ext+0x3c8>
10005826:	e0f0      	b.n	10005a0a <tud_task_ext+0x5aa>
10005828:	464b      	mov	r3, r9
1000582a:	6958      	ldr	r0, [r3, #20]
1000582c:	f000 fb2a 	bl	10005e84 <usbd_control_set_complete_callback>
10005830:	464b      	mov	r3, r9
10005832:	2101      	movs	r1, #1
10005834:	4658      	mov	r0, fp
10005836:	695b      	ldr	r3, [r3, #20]
10005838:	aa0e      	add	r2, sp, #56	@ 0x38
1000583a:	4798      	blx	r3
1000583c:	e7a3      	b.n	10005786 <tud_task_ext+0x326>
1000583e:	4ab6      	ldr	r2, [pc, #728]	@ (10005b18 <tud_task_ext+0x6b8>)
10005840:	015b      	lsls	r3, r3, #5
10005842:	6815      	ldr	r5, [r2, #0]
10005844:	18ed      	adds	r5, r5, r3
10005846:	2d00      	cmp	r5, #0
10005848:	d1c6      	bne.n	100057d8 <tud_task_ext+0x378>
1000584a:	e78b      	b.n	10005764 <tud_task_ext+0x304>
1000584c:	79a3      	ldrb	r3, [r4, #6]
1000584e:	4699      	mov	r9, r3
10005850:	786b      	ldrb	r3, [r5, #1]
10005852:	4599      	cmp	r9, r3
10005854:	d0db      	beq.n	1000580e <tud_task_ext+0x3ae>
10005856:	786b      	ldrb	r3, [r5, #1]
10005858:	2b00      	cmp	r3, #0
1000585a:	d000      	beq.n	1000585e <tud_task_ext+0x3fe>
1000585c:	e12c      	b.n	10005ab8 <tud_task_ext+0x658>
1000585e:	464b      	mov	r3, r9
10005860:	706b      	strb	r3, [r5, #1]
10005862:	2b00      	cmp	r3, #0
10005864:	d100      	bne.n	10005868 <tud_task_ext+0x408>
10005866:	e124      	b.n	10005ab2 <tud_task_ext+0x652>
10005868:	4648      	mov	r0, r9
1000586a:	3801      	subs	r0, #1
1000586c:	b2c0      	uxtb	r0, r0
1000586e:	f7ff fa09 	bl	10004c84 <tud_descriptor_configuration_cb>
10005872:	2800      	cmp	r0, #0
10005874:	d100      	bne.n	10005878 <tud_task_ext+0x418>
10005876:	e174      	b.n	10005b62 <tud_task_ext+0x702>
10005878:	7843      	ldrb	r3, [r0, #1]
1000587a:	9307      	str	r3, [sp, #28]
1000587c:	2b02      	cmp	r3, #2
1000587e:	d000      	beq.n	10005882 <tud_task_ext+0x422>
10005880:	e16f      	b.n	10005b62 <tud_task_ext+0x702>
10005882:	2201      	movs	r2, #1
10005884:	79c1      	ldrb	r1, [r0, #7]
10005886:	46b1      	mov	r9, r6
10005888:	118b      	asrs	r3, r1, #6
1000588a:	1149      	asrs	r1, r1, #5
1000588c:	4013      	ands	r3, r2
1000588e:	400a      	ands	r2, r1
10005890:	2130      	movs	r1, #48	@ 0x30
10005892:	0112      	lsls	r2, r2, #4
10005894:	015b      	lsls	r3, r3, #5
10005896:	4313      	orrs	r3, r2
10005898:	782a      	ldrb	r2, [r5, #0]
1000589a:	46a8      	mov	r8, r5
1000589c:	438a      	bics	r2, r1
1000589e:	4313      	orrs	r3, r2
100058a0:	702b      	strb	r3, [r5, #0]
100058a2:	2309      	movs	r3, #9
100058a4:	469a      	mov	sl, r3
100058a6:	4482      	add	sl, r0
100058a8:	4656      	mov	r6, sl
100058aa:	46ba      	mov	sl, r7
100058ac:	78c3      	ldrb	r3, [r0, #3]
100058ae:	7882      	ldrb	r2, [r0, #2]
100058b0:	021b      	lsls	r3, r3, #8
100058b2:	4313      	orrs	r3, r2
100058b4:	18c3      	adds	r3, r0, r3
100058b6:	9305      	str	r3, [sp, #20]
100058b8:	4b95      	ldr	r3, [pc, #596]	@ (10005b10 <tud_task_ext+0x6b0>)
100058ba:	9304      	str	r3, [sp, #16]
100058bc:	4b95      	ldr	r3, [pc, #596]	@ (10005b14 <tud_task_ext+0x6b4>)
100058be:	9308      	str	r3, [sp, #32]
100058c0:	4b95      	ldr	r3, [pc, #596]	@ (10005b18 <tud_task_ext+0x6b8>)
100058c2:	9309      	str	r3, [sp, #36]	@ 0x24
100058c4:	4b95      	ldr	r3, [pc, #596]	@ (10005b1c <tud_task_ext+0x6bc>)
100058c6:	930a      	str	r3, [sp, #40]	@ 0x28
100058c8:	9b05      	ldr	r3, [sp, #20]
100058ca:	42b3      	cmp	r3, r6
100058cc:	d800      	bhi.n	100058d0 <tud_task_ext+0x470>
100058ce:	e14b      	b.n	10005b68 <tud_task_ext+0x708>
100058d0:	7873      	ldrb	r3, [r6, #1]
100058d2:	2201      	movs	r2, #1
100058d4:	2b0b      	cmp	r3, #11
100058d6:	d103      	bne.n	100058e0 <tud_task_ext+0x480>
100058d8:	7833      	ldrb	r3, [r6, #0]
100058da:	78f2      	ldrb	r2, [r6, #3]
100058dc:	18f6      	adds	r6, r6, r3
100058de:	7873      	ldrb	r3, [r6, #1]
100058e0:	2b04      	cmp	r3, #4
100058e2:	d000      	beq.n	100058e6 <tud_task_ext+0x486>
100058e4:	e13a      	b.n	10005b5c <tud_task_ext+0x6fc>
100058e6:	9b05      	ldr	r3, [sp, #20]
100058e8:	2700      	movs	r7, #0
100058ea:	1b9b      	subs	r3, r3, r6
100058ec:	b29b      	uxth	r3, r3
100058ee:	9306      	str	r3, [sp, #24]
100058f0:	9b04      	ldr	r3, [sp, #16]
100058f2:	920b      	str	r2, [sp, #44]	@ 0x2c
100058f4:	781d      	ldrb	r5, [r3, #0]
100058f6:	e019      	b.n	1000592c <tud_task_ext+0x4cc>
100058f8:	9a09      	ldr	r2, [sp, #36]	@ 0x24
100058fa:	017b      	lsls	r3, r7, #5
100058fc:	6815      	ldr	r5, [r2, #0]
100058fe:	18ed      	adds	r5, r5, r3
10005900:	2d00      	cmp	r5, #0
10005902:	d100      	bne.n	10005906 <tud_task_ext+0x4a6>
10005904:	e12a      	b.n	10005b5c <tud_task_ext+0x6fc>
10005906:	0031      	movs	r1, r6
10005908:	4658      	mov	r0, fp
1000590a:	692b      	ldr	r3, [r5, #16]
1000590c:	9a06      	ldr	r2, [sp, #24]
1000590e:	4798      	blx	r3
10005910:	4684      	mov	ip, r0
10005912:	2808      	cmp	r0, #8
10005914:	d903      	bls.n	1000591e <tud_task_ext+0x4be>
10005916:	9a06      	ldr	r2, [sp, #24]
10005918:	4282      	cmp	r2, r0
1000591a:	d300      	bcc.n	1000591e <tud_task_ext+0x4be>
1000591c:	e10b      	b.n	10005b36 <tud_task_ext+0x6d6>
1000591e:	9b04      	ldr	r3, [sp, #16]
10005920:	3701      	adds	r7, #1
10005922:	781d      	ldrb	r5, [r3, #0]
10005924:	b2ff      	uxtb	r7, r7
10005926:	42bd      	cmp	r5, r7
10005928:	d200      	bcs.n	1000592c <tud_task_ext+0x4cc>
1000592a:	e117      	b.n	10005b5c <tud_task_ext+0x6fc>
1000592c:	42bd      	cmp	r5, r7
1000592e:	d8e3      	bhi.n	100058f8 <tud_task_ext+0x498>
10005930:	9b08      	ldr	r3, [sp, #32]
10005932:	1b7d      	subs	r5, r7, r5
10005934:	016d      	lsls	r5, r5, #5
10005936:	195d      	adds	r5, r3, r5
10005938:	e7e5      	b.n	10005906 <tud_task_ext+0x4a6>
1000593a:	786b      	ldrb	r3, [r5, #1]
1000593c:	aa0c      	add	r2, sp, #48	@ 0x30
1000593e:	3202      	adds	r2, #2
10005940:	7013      	strb	r3, [r2, #0]
10005942:	4658      	mov	r0, fp
10005944:	2301      	movs	r3, #1
10005946:	a90e      	add	r1, sp, #56	@ 0x38
10005948:	f000 fa42 	bl	10005dd0 <tud_control_xfer>
1000594c:	e59d      	b.n	1000548a <tud_task_ext+0x2a>
1000594e:	88e0      	ldrh	r0, [r4, #6]
10005950:	0a03      	lsrs	r3, r0, #8
10005952:	b2c0      	uxtb	r0, r0
10005954:	2b0f      	cmp	r3, #15
10005956:	d900      	bls.n	1000595a <tud_task_ext+0x4fa>
10005958:	e704      	b.n	10005764 <tud_task_ext+0x304>
1000595a:	4971      	ldr	r1, [pc, #452]	@ (10005b20 <tud_task_ext+0x6c0>)
1000595c:	009a      	lsls	r2, r3, #2
1000595e:	588a      	ldr	r2, [r1, r2]
10005960:	4697      	mov	pc, r2
10005962:	a80e      	add	r0, sp, #56	@ 0x38
10005964:	f000 fa94 	bl	10005e90 <usbd_control_set_request>
10005968:	4658      	mov	r0, fp
1000596a:	79a1      	ldrb	r1, [r4, #6]
1000596c:	f7ff fbb4 	bl	100050d8 <dcd_set_address>
10005970:	2202      	movs	r2, #2
10005972:	782b      	ldrb	r3, [r5, #0]
10005974:	4313      	orrs	r3, r2
10005976:	702b      	strb	r3, [r5, #0]
10005978:	e587      	b.n	1000548a <tud_task_ext+0x2a>
1000597a:	88e3      	ldrh	r3, [r4, #6]
1000597c:	2b01      	cmp	r3, #1
1000597e:	d000      	beq.n	10005982 <tud_task_ext+0x522>
10005980:	e6f0      	b.n	10005764 <tud_task_ext+0x304>
10005982:	2208      	movs	r2, #8
10005984:	782b      	ldrb	r3, [r5, #0]
10005986:	4658      	mov	r0, fp
10005988:	4393      	bics	r3, r2
1000598a:	a90e      	add	r1, sp, #56	@ 0x38
1000598c:	702b      	strb	r3, [r5, #0]
1000598e:	f000 fa09 	bl	10005da4 <tud_control_status>
10005992:	e57a      	b.n	1000548a <tud_task_ext+0x2a>
10005994:	2002      	movs	r0, #2
10005996:	7829      	ldrb	r1, [r5, #0]
10005998:	ab0c      	add	r3, sp, #48	@ 0x30
1000599a:	1c9a      	adds	r2, r3, #2
1000599c:	068b      	lsls	r3, r1, #26
1000599e:	0889      	lsrs	r1, r1, #2
100059a0:	0fdb      	lsrs	r3, r3, #31
100059a2:	4001      	ands	r1, r0
100059a4:	430b      	orrs	r3, r1
100059a6:	8013      	strh	r3, [r2, #0]
100059a8:	4658      	mov	r0, fp
100059aa:	2302      	movs	r3, #2
100059ac:	a90e      	add	r1, sp, #56	@ 0x38
100059ae:	f000 fa0f 	bl	10005dd0 <tud_control_xfer>
100059b2:	e56a      	b.n	1000548a <tud_task_ext+0x2a>
100059b4:	88e3      	ldrh	r3, [r4, #6]
100059b6:	2b01      	cmp	r3, #1
100059b8:	d000      	beq.n	100059bc <tud_task_ext+0x55c>
100059ba:	e6d3      	b.n	10005764 <tud_task_ext+0x304>
100059bc:	2208      	movs	r2, #8
100059be:	782b      	ldrb	r3, [r5, #0]
100059c0:	4313      	orrs	r3, r2
100059c2:	702b      	strb	r3, [r5, #0]
100059c4:	e723      	b.n	1000580e <tud_task_ext+0x3ae>
100059c6:	7a23      	ldrb	r3, [r4, #8]
100059c8:	8922      	ldrh	r2, [r4, #8]
100059ca:	2b0f      	cmp	r3, #15
100059cc:	d900      	bls.n	100059d0 <tud_task_ext+0x570>
100059ce:	e6c9      	b.n	10005764 <tud_task_ext+0x304>
100059d0:	23ff      	movs	r3, #255	@ 0xff
100059d2:	4013      	ands	r3, r2
100059d4:	4a4e      	ldr	r2, [pc, #312]	@ (10005b10 <tud_task_ext+0x6b0>)
100059d6:	18eb      	adds	r3, r5, r3
100059d8:	791b      	ldrb	r3, [r3, #4]
100059da:	7812      	ldrb	r2, [r2, #0]
100059dc:	4293      	cmp	r3, r2
100059de:	d228      	bcs.n	10005a32 <tud_task_ext+0x5d2>
100059e0:	4a4d      	ldr	r2, [pc, #308]	@ (10005b18 <tud_task_ext+0x6b8>)
100059e2:	015b      	lsls	r3, r3, #5
100059e4:	6815      	ldr	r5, [r2, #0]
100059e6:	18ed      	adds	r5, r5, r3
100059e8:	2d00      	cmp	r5, #0
100059ea:	d100      	bne.n	100059ee <tud_task_ext+0x58e>
100059ec:	e6ba      	b.n	10005764 <tud_task_ext+0x304>
100059ee:	6968      	ldr	r0, [r5, #20]
100059f0:	f000 fa48 	bl	10005e84 <usbd_control_set_complete_callback>
100059f4:	2101      	movs	r1, #1
100059f6:	4658      	mov	r0, fp
100059f8:	696b      	ldr	r3, [r5, #20]
100059fa:	aa0e      	add	r2, sp, #56	@ 0x38
100059fc:	4798      	blx	r3
100059fe:	e6c2      	b.n	10005786 <tud_task_ext+0x326>
10005a00:	2a00      	cmp	r2, #0
10005a02:	d000      	beq.n	10005a06 <tud_task_ext+0x5a6>
10005a04:	e6ae      	b.n	10005764 <tud_task_ext+0x304>
10005a06:	2300      	movs	r3, #0
10005a08:	4699      	mov	r9, r3
10005a0a:	7962      	ldrb	r2, [r4, #5]
10005a0c:	2002      	movs	r0, #2
10005a0e:	0013      	movs	r3, r2
10005a10:	9204      	str	r2, [sp, #16]
10005a12:	4383      	bics	r3, r0
10005a14:	2b01      	cmp	r3, #1
10005a16:	d011      	beq.n	10005a3c <tud_task_ext+0x5dc>
10005a18:	2a00      	cmp	r2, #0
10005a1a:	d000      	beq.n	10005a1e <tud_task_ext+0x5be>
10005a1c:	e6a2      	b.n	10005764 <tud_task_ext+0x304>
10005a1e:	002b      	movs	r3, r5
10005a20:	4443      	add	r3, r8
10005a22:	4453      	add	r3, sl
10005a24:	3330      	adds	r3, #48	@ 0x30
10005a26:	791b      	ldrb	r3, [r3, #4]
10005a28:	aa0c      	add	r2, sp, #48	@ 0x30
10005a2a:	079b      	lsls	r3, r3, #30
10005a2c:	0fdb      	lsrs	r3, r3, #31
10005a2e:	3202      	adds	r2, #2
10005a30:	e7b9      	b.n	100059a6 <tud_task_ext+0x546>
10005a32:	4293      	cmp	r3, r2
10005a34:	d000      	beq.n	10005a38 <tud_task_ext+0x5d8>
10005a36:	e695      	b.n	10005764 <tud_task_ext+0x304>
10005a38:	4d36      	ldr	r5, [pc, #216]	@ (10005b14 <tud_task_ext+0x6b4>)
10005a3a:	e7d8      	b.n	100059ee <tud_task_ext+0x58e>
10005a3c:	88e3      	ldrh	r3, [r4, #6]
10005a3e:	2b00      	cmp	r3, #0
10005a40:	d112      	bne.n	10005a68 <tud_task_ext+0x608>
10005a42:	9b03      	ldr	r3, [sp, #12]
10005a44:	7818      	ldrb	r0, [r3, #0]
10005a46:	9b04      	ldr	r3, [sp, #16]
10005a48:	2b01      	cmp	r3, #1
10005a4a:	d023      	beq.n	10005a94 <tud_task_ext+0x634>
10005a4c:	f7ff fbfe 	bl	1000524c <dcd_edpt_stall>
10005a50:	4643      	mov	r3, r8
10005a52:	2102      	movs	r1, #2
10005a54:	18eb      	adds	r3, r5, r3
10005a56:	4453      	add	r3, sl
10005a58:	3330      	adds	r3, #48	@ 0x30
10005a5a:	791a      	ldrb	r2, [r3, #4]
10005a5c:	430a      	orrs	r2, r1
10005a5e:	2101      	movs	r1, #1
10005a60:	711a      	strb	r2, [r3, #4]
10005a62:	791a      	ldrb	r2, [r3, #4]
10005a64:	430a      	orrs	r2, r1
10005a66:	711a      	strb	r2, [r3, #4]
10005a68:	464b      	mov	r3, r9
10005a6a:	2b00      	cmp	r3, #0
10005a6c:	d100      	bne.n	10005a70 <tud_task_ext+0x610>
10005a6e:	e50c      	b.n	1000548a <tud_task_ext+0x2a>
10005a70:	6958      	ldr	r0, [r3, #20]
10005a72:	f000 fa07 	bl	10005e84 <usbd_control_set_complete_callback>
10005a76:	464b      	mov	r3, r9
10005a78:	2101      	movs	r1, #1
10005a7a:	695b      	ldr	r3, [r3, #20]
10005a7c:	aa0e      	add	r2, sp, #56	@ 0x38
10005a7e:	4658      	mov	r0, fp
10005a80:	4798      	blx	r3
10005a82:	2000      	movs	r0, #0
10005a84:	f000 f9fe 	bl	10005e84 <usbd_control_set_complete_callback>
10005a88:	2335      	movs	r3, #53	@ 0x35
10005a8a:	5ceb      	ldrb	r3, [r5, r3]
10005a8c:	07db      	lsls	r3, r3, #31
10005a8e:	d500      	bpl.n	10005a92 <tud_task_ext+0x632>
10005a90:	e4fb      	b.n	1000548a <tud_task_ext+0x2a>
10005a92:	e6bc      	b.n	1000580e <tud_task_ext+0x3ae>
10005a94:	f7ff fbf8 	bl	10005288 <dcd_edpt_clear_stall>
10005a98:	4643      	mov	r3, r8
10005a9a:	2102      	movs	r1, #2
10005a9c:	18eb      	adds	r3, r5, r3
10005a9e:	4453      	add	r3, sl
10005aa0:	3330      	adds	r3, #48	@ 0x30
10005aa2:	791a      	ldrb	r2, [r3, #4]
10005aa4:	438a      	bics	r2, r1
10005aa6:	711a      	strb	r2, [r3, #4]
10005aa8:	791a      	ldrb	r2, [r3, #4]
10005aaa:	9904      	ldr	r1, [sp, #16]
10005aac:	438a      	bics	r2, r1
10005aae:	711a      	strb	r2, [r3, #4]
10005ab0:	e7da      	b.n	10005a68 <tud_task_ext+0x608>
10005ab2:	f7ff fc4b 	bl	1000534c <tud_umount_cb>
10005ab6:	e6aa      	b.n	1000580e <tud_task_ext+0x3ae>
10005ab8:	2100      	movs	r1, #0
10005aba:	4658      	mov	r0, fp
10005abc:	f7ff fb16 	bl	100050ec <dcd_sof_enable>
10005ac0:	4658      	mov	r0, fp
10005ac2:	f7ff fbad 	bl	10005220 <dcd_edpt_close_all>
10005ac6:	2200      	movs	r2, #0
10005ac8:	4692      	mov	sl, r2
10005aca:	4a12      	ldr	r2, [pc, #72]	@ (10005b14 <tud_task_ext+0x6b4>)
10005acc:	78ab      	ldrb	r3, [r5, #2]
10005ace:	9205      	str	r2, [sp, #20]
10005ad0:	4a11      	ldr	r2, [pc, #68]	@ (10005b18 <tud_task_ext+0x6b8>)
10005ad2:	9304      	str	r3, [sp, #16]
10005ad4:	9206      	str	r2, [sp, #24]
10005ad6:	002a      	movs	r2, r5
10005ad8:	4b0d      	ldr	r3, [pc, #52]	@ (10005b10 <tud_task_ext+0x6b0>)
10005ada:	4655      	mov	r5, sl
10005adc:	4698      	mov	r8, r3
10005ade:	4692      	mov	sl, r2
10005ae0:	781b      	ldrb	r3, [r3, #0]
10005ae2:	e00e      	b.n	10005b02 <tud_task_ext+0x6a2>
10005ae4:	9b06      	ldr	r3, [sp, #24]
10005ae6:	016a      	lsls	r2, r5, #5
10005ae8:	681b      	ldr	r3, [r3, #0]
10005aea:	189b      	adds	r3, r3, r2
10005aec:	2b00      	cmp	r3, #0
10005aee:	d054      	beq.n	10005b9a <tud_task_ext+0x73a>
10005af0:	68db      	ldr	r3, [r3, #12]
10005af2:	4658      	mov	r0, fp
10005af4:	4798      	blx	r3
10005af6:	4643      	mov	r3, r8
10005af8:	3501      	adds	r5, #1
10005afa:	781b      	ldrb	r3, [r3, #0]
10005afc:	b2ed      	uxtb	r5, r5
10005afe:	42ab      	cmp	r3, r5
10005b00:	d337      	bcc.n	10005b72 <tud_task_ext+0x712>
10005b02:	42ab      	cmp	r3, r5
10005b04:	d8ee      	bhi.n	10005ae4 <tud_task_ext+0x684>
10005b06:	9a05      	ldr	r2, [sp, #20]
10005b08:	1aeb      	subs	r3, r5, r3
10005b0a:	015b      	lsls	r3, r3, #5
10005b0c:	18d3      	adds	r3, r2, r3
10005b0e:	e7ef      	b.n	10005af0 <tud_task_ext+0x690>
10005b10:	20002659 	.word	0x20002659
10005b14:	10008d70 	.word	0x10008d70
10005b18:	20001c80 	.word	0x20001c80
10005b1c:	20001d7c 	.word	0x20001d7c
10005b20:	10008d14 	.word	0x10008d14
10005b24:	ab0c      	add	r3, sp, #48	@ 0x30
10005b26:	1c9a      	adds	r2, r3, #2
10005b28:	4658      	mov	r0, fp
10005b2a:	2301      	movs	r3, #1
10005b2c:	a90e      	add	r1, sp, #56	@ 0x38
10005b2e:	7015      	strb	r5, [r2, #0]
10005b30:	f000 f94e 	bl	10005dd0 <tud_control_xfer>
10005b34:	e4a9      	b.n	1000548a <tud_task_ext+0x2a>
10005b36:	9a0b      	ldr	r2, [sp, #44]	@ 0x2c
10005b38:	2a01      	cmp	r2, #1
10005b3a:	d04c      	beq.n	10005bd6 <tud_task_ext+0x776>
10005b3c:	2a00      	cmp	r2, #0
10005b3e:	d03c      	beq.n	10005bba <tud_task_ext+0x75a>
10005b40:	2300      	movs	r3, #0
10005b42:	78b0      	ldrb	r0, [r6, #2]
10005b44:	e004      	b.n	10005b50 <tud_task_ext+0x6f0>
10005b46:	3301      	adds	r3, #1
10005b48:	b2db      	uxtb	r3, r3
10005b4a:	710f      	strb	r7, [r1, #4]
10005b4c:	4293      	cmp	r3, r2
10005b4e:	d234      	bcs.n	10005bba <tud_task_ext+0x75a>
10005b50:	18c1      	adds	r1, r0, r3
10005b52:	b2c9      	uxtb	r1, r1
10005b54:	4441      	add	r1, r8
10005b56:	790d      	ldrb	r5, [r1, #4]
10005b58:	2dff      	cmp	r5, #255	@ 0xff
10005b5a:	d0f4      	beq.n	10005b46 <tud_task_ext+0x6e6>
10005b5c:	464e      	mov	r6, r9
10005b5e:	4645      	mov	r5, r8
10005b60:	4657      	mov	r7, sl
10005b62:	2300      	movs	r3, #0
10005b64:	706b      	strb	r3, [r5, #1]
10005b66:	e5fd      	b.n	10005764 <tud_task_ext+0x304>
10005b68:	464e      	mov	r6, r9
10005b6a:	4657      	mov	r7, sl
10005b6c:	f7ff fbec 	bl	10005348 <tud_mount_cb>
10005b70:	e64d      	b.n	1000580e <tud_task_ext+0x3ae>
10005b72:	4655      	mov	r5, sl
10005b74:	2254      	movs	r2, #84	@ 0x54
10005b76:	2100      	movs	r1, #0
10005b78:	0028      	movs	r0, r5
10005b7a:	f7fc ff29 	bl	100029d0 <__wrap_memset>
10005b7e:	2210      	movs	r2, #16
10005b80:	21ff      	movs	r1, #255	@ 0xff
10005b82:	1d28      	adds	r0, r5, #4
10005b84:	f7fc ff24 	bl	100029d0 <__wrap_memset>
10005b88:	0028      	movs	r0, r5
10005b8a:	2220      	movs	r2, #32
10005b8c:	21ff      	movs	r1, #255	@ 0xff
10005b8e:	3014      	adds	r0, #20
10005b90:	f7fc ff1e 	bl	100029d0 <__wrap_memset>
10005b94:	9b04      	ldr	r3, [sp, #16]
10005b96:	70ab      	strb	r3, [r5, #2]
10005b98:	e661      	b.n	1000585e <tud_task_ext+0x3fe>
10005b9a:	4655      	mov	r5, sl
10005b9c:	e7fa      	b.n	10005b94 <tud_task_ext+0x734>
10005b9e:	f7ff fa11 	bl	10004fc4 <tud_descriptor_bos_cb>
10005ba2:	1e02      	subs	r2, r0, #0
10005ba4:	d100      	bne.n	10005ba8 <tud_task_ext+0x748>
10005ba6:	e5dd      	b.n	10005764 <tud_task_ext+0x304>
10005ba8:	78d3      	ldrb	r3, [r2, #3]
10005baa:	7891      	ldrb	r1, [r2, #2]
10005bac:	021b      	lsls	r3, r3, #8
10005bae:	430b      	orrs	r3, r1
10005bb0:	4658      	mov	r0, fp
10005bb2:	a90e      	add	r1, sp, #56	@ 0x38
10005bb4:	f000 f90c 	bl	10005dd0 <tud_control_xfer>
10005bb8:	e5e5      	b.n	10005786 <tud_task_ext+0x326>
10005bba:	4665      	mov	r5, ip
10005bbc:	003b      	movs	r3, r7
10005bbe:	0031      	movs	r1, r6
10005bc0:	002a      	movs	r2, r5
10005bc2:	980a      	ldr	r0, [sp, #40]	@ 0x28
10005bc4:	f000 fd46 	bl	10006654 <tu_edpt_bind_driver>
10005bc8:	9b04      	ldr	r3, [sp, #16]
10005bca:	1976      	adds	r6, r6, r5
10005bcc:	781b      	ldrb	r3, [r3, #0]
10005bce:	42bb      	cmp	r3, r7
10005bd0:	d300      	bcc.n	10005bd4 <tud_task_ext+0x774>
10005bd2:	e679      	b.n	100058c8 <tud_task_ext+0x468>
10005bd4:	e7c2      	b.n	10005b5c <tud_task_ext+0x6fc>
10005bd6:	4b17      	ldr	r3, [pc, #92]	@ (10005c34 <tud_task_ext+0x7d4>)
10005bd8:	6929      	ldr	r1, [r5, #16]
10005bda:	4299      	cmp	r1, r3
10005bdc:	d1b0      	bne.n	10005b40 <tud_task_ext+0x6e0>
10005bde:	9a07      	ldr	r2, [sp, #28]
10005be0:	e7ae      	b.n	10005b40 <tud_task_ext+0x6e0>
10005be2:	f7ff fbad 	bl	10005340 <tud_descriptor_device_qualifier_cb>
10005be6:	1e02      	subs	r2, r0, #0
10005be8:	d100      	bne.n	10005bec <tud_task_ext+0x78c>
10005bea:	e5bb      	b.n	10005764 <tud_task_ext+0x304>
10005bec:	4658      	mov	r0, fp
10005bee:	7813      	ldrb	r3, [r2, #0]
10005bf0:	a90e      	add	r1, sp, #56	@ 0x38
10005bf2:	f000 f8ed 	bl	10005dd0 <tud_control_xfer>
10005bf6:	e5c6      	b.n	10005786 <tud_task_ext+0x326>
10005bf8:	8921      	ldrh	r1, [r4, #8]
10005bfa:	f7ff f847 	bl	10004c8c <tud_descriptor_string_cb>
10005bfe:	1e02      	subs	r2, r0, #0
10005c00:	d1f4      	bne.n	10005bec <tud_task_ext+0x78c>
10005c02:	e5af      	b.n	10005764 <tud_task_ext+0x304>
10005c04:	2b02      	cmp	r3, #2
10005c06:	d00f      	beq.n	10005c28 <tud_task_ext+0x7c8>
10005c08:	f7ff fb9c 	bl	10005344 <tud_descriptor_other_speed_configuration_cb>
10005c0c:	1e02      	subs	r2, r0, #0
10005c0e:	d1cb      	bne.n	10005ba8 <tud_task_ext+0x748>
10005c10:	e5a8      	b.n	10005764 <tud_task_ext+0x304>
10005c12:	f7ff f833 	bl	10004c7c <tud_descriptor_device_cb>
10005c16:	1e02      	subs	r2, r0, #0
10005c18:	d100      	bne.n	10005c1c <tud_task_ext+0x7bc>
10005c1a:	e5a3      	b.n	10005764 <tud_task_ext+0x304>
10005c1c:	2312      	movs	r3, #18
10005c1e:	4658      	mov	r0, fp
10005c20:	a90e      	add	r1, sp, #56	@ 0x38
10005c22:	f000 f8d5 	bl	10005dd0 <tud_control_xfer>
10005c26:	e5ae      	b.n	10005786 <tud_task_ext+0x326>
10005c28:	f7ff f82c 	bl	10004c84 <tud_descriptor_configuration_cb>
10005c2c:	1e02      	subs	r2, r0, #0
10005c2e:	d1bb      	bne.n	10005ba8 <tud_task_ext+0x748>
10005c30:	e598      	b.n	10005764 <tud_task_ext+0x304>
10005c32:	46c0      	nop			@ (mov r8, r8)
10005c34:	1000627d 	.word	0x1000627d

10005c38 <usbd_open_edpt_pair>:
10005c38:	b5f0      	push	{r4, r5, r6, r7, lr}
10005c3a:	464f      	mov	r7, r9
10005c3c:	4646      	mov	r6, r8
10005c3e:	46d6      	mov	lr, sl
10005c40:	b5c0      	push	{r6, r7, lr}
10005c42:	000c      	movs	r4, r1
10005c44:	0016      	movs	r6, r2
10005c46:	001f      	movs	r7, r3
10005c48:	b082      	sub	sp, #8
10005c4a:	2a00      	cmp	r2, #0
10005c4c:	d03a      	beq.n	10005cc4 <usbd_open_edpt_pair+0x8c>
10005c4e:	2370      	movs	r3, #112	@ 0x70
10005c50:	4698      	mov	r8, r3
10005c52:	4b1d      	ldr	r3, [pc, #116]	@ (10005cc8 <usbd_open_edpt_pair+0x90>)
10005c54:	2500      	movs	r5, #0
10005c56:	4699      	mov	r9, r3
10005c58:	4b1c      	ldr	r3, [pc, #112]	@ (10005ccc <usbd_open_edpt_pair+0x94>)
10005c5a:	469a      	mov	sl, r3
10005c5c:	e01a      	b.n	10005c94 <usbd_open_edpt_pair+0x5c>
10005c5e:	464b      	mov	r3, r9
10005c60:	781b      	ldrb	r3, [r3, #0]
10005c62:	0020      	movs	r0, r4
10005c64:	9301      	str	r3, [sp, #4]
10005c66:	4653      	mov	r3, sl
10005c68:	7899      	ldrb	r1, [r3, #2]
10005c6a:	f000 fcb9 	bl	100065e0 <tu_edpt_validate>
10005c6e:	2800      	cmp	r0, #0
10005c70:	d01c      	beq.n	10005cac <usbd_open_edpt_pair+0x74>
10005c72:	0021      	movs	r1, r4
10005c74:	9801      	ldr	r0, [sp, #4]
10005c76:	f7ff fa55 	bl	10005124 <dcd_edpt_open>
10005c7a:	2800      	cmp	r0, #0
10005c7c:	d016      	beq.n	10005cac <usbd_open_edpt_pair+0x74>
10005c7e:	78a3      	ldrb	r3, [r4, #2]
10005c80:	09da      	lsrs	r2, r3, #7
10005c82:	2a01      	cmp	r2, #1
10005c84:	d019      	beq.n	10005cba <usbd_open_edpt_pair+0x82>
10005c86:	9a0a      	ldr	r2, [sp, #40]	@ 0x28
10005c88:	3501      	adds	r5, #1
10005c8a:	7013      	strb	r3, [r2, #0]
10005c8c:	42b5      	cmp	r5, r6
10005c8e:	da19      	bge.n	10005cc4 <usbd_open_edpt_pair+0x8c>
10005c90:	7823      	ldrb	r3, [r4, #0]
10005c92:	18e4      	adds	r4, r4, r3
10005c94:	7863      	ldrb	r3, [r4, #1]
10005c96:	2b05      	cmp	r3, #5
10005c98:	d108      	bne.n	10005cac <usbd_open_edpt_pair+0x74>
10005c9a:	78e3      	ldrb	r3, [r4, #3]
10005c9c:	079b      	lsls	r3, r3, #30
10005c9e:	0f9b      	lsrs	r3, r3, #30
10005ca0:	42bb      	cmp	r3, r7
10005ca2:	d103      	bne.n	10005cac <usbd_open_edpt_pair+0x74>
10005ca4:	4642      	mov	r2, r8
10005ca6:	78a3      	ldrb	r3, [r4, #2]
10005ca8:	421a      	tst	r2, r3
10005caa:	d0d8      	beq.n	10005c5e <usbd_open_edpt_pair+0x26>
10005cac:	2000      	movs	r0, #0
10005cae:	b002      	add	sp, #8
10005cb0:	bce0      	pop	{r5, r6, r7}
10005cb2:	46ba      	mov	sl, r7
10005cb4:	46b1      	mov	r9, r6
10005cb6:	46a8      	mov	r8, r5
10005cb8:	bdf0      	pop	{r4, r5, r6, r7, pc}
10005cba:	9a0b      	ldr	r2, [sp, #44]	@ 0x2c
10005cbc:	3501      	adds	r5, #1
10005cbe:	7013      	strb	r3, [r2, #0]
10005cc0:	42b5      	cmp	r5, r6
10005cc2:	dbe5      	blt.n	10005c90 <usbd_open_edpt_pair+0x58>
10005cc4:	2001      	movs	r0, #1
10005cc6:	e7f2      	b.n	10005cae <usbd_open_edpt_pair+0x76>
10005cc8:	2000107c 	.word	0x2000107c
10005ccc:	20001d68 	.word	0x20001d68

10005cd0 <usbd_edpt_open>:
10005cd0:	2270      	movs	r2, #112	@ 0x70
10005cd2:	b570      	push	{r4, r5, r6, lr}
10005cd4:	788b      	ldrb	r3, [r1, #2]
10005cd6:	000c      	movs	r4, r1
10005cd8:	421a      	tst	r2, r3
10005cda:	d001      	beq.n	10005ce0 <usbd_edpt_open+0x10>
10005cdc:	2000      	movs	r0, #0
10005cde:	bd70      	pop	{r4, r5, r6, pc}
10005ce0:	4b06      	ldr	r3, [pc, #24]	@ (10005cfc <usbd_edpt_open+0x2c>)
10005ce2:	0020      	movs	r0, r4
10005ce4:	781d      	ldrb	r5, [r3, #0]
10005ce6:	4b06      	ldr	r3, [pc, #24]	@ (10005d00 <usbd_edpt_open+0x30>)
10005ce8:	7899      	ldrb	r1, [r3, #2]
10005cea:	f000 fc79 	bl	100065e0 <tu_edpt_validate>
10005cee:	2800      	cmp	r0, #0
10005cf0:	d0f4      	beq.n	10005cdc <usbd_edpt_open+0xc>
10005cf2:	0021      	movs	r1, r4
10005cf4:	0028      	movs	r0, r5
10005cf6:	f7ff fa15 	bl	10005124 <dcd_edpt_open>
10005cfa:	e7f0      	b.n	10005cde <usbd_edpt_open+0xe>
10005cfc:	2000107c 	.word	0x2000107c
10005d00:	20001d68 	.word	0x20001d68

10005d04 <usbd_edpt_claim>:
10005d04:	207f      	movs	r0, #127	@ 0x7f
10005d06:	4b07      	ldr	r3, [pc, #28]	@ (10005d24 <usbd_edpt_claim+0x20>)
10005d08:	b510      	push	{r4, lr}
10005d0a:	681a      	ldr	r2, [r3, #0]
10005d0c:	4008      	ands	r0, r1
10005d0e:	09cb      	lsrs	r3, r1, #7
10005d10:	3334      	adds	r3, #52	@ 0x34
10005d12:	0040      	lsls	r0, r0, #1
10005d14:	18c0      	adds	r0, r0, r3
10005d16:	4b04      	ldr	r3, [pc, #16]	@ (10005d28 <usbd_edpt_claim+0x24>)
10005d18:	0011      	movs	r1, r2
10005d1a:	18c0      	adds	r0, r0, r3
10005d1c:	f000 fc1c 	bl	10006558 <tu_edpt_claim>
10005d20:	bd10      	pop	{r4, pc}
10005d22:	46c0      	nop			@ (mov r8, r8)
10005d24:	20001dbc 	.word	0x20001dbc
10005d28:	20001d68 	.word	0x20001d68

10005d2c <usbd_edpt_release>:
10005d2c:	207f      	movs	r0, #127	@ 0x7f
10005d2e:	4b07      	ldr	r3, [pc, #28]	@ (10005d4c <usbd_edpt_release+0x20>)
10005d30:	b510      	push	{r4, lr}
10005d32:	681a      	ldr	r2, [r3, #0]
10005d34:	4008      	ands	r0, r1
10005d36:	09cb      	lsrs	r3, r1, #7
10005d38:	3334      	adds	r3, #52	@ 0x34
10005d3a:	0040      	lsls	r0, r0, #1
10005d3c:	18c0      	adds	r0, r0, r3
10005d3e:	4b04      	ldr	r3, [pc, #16]	@ (10005d50 <usbd_edpt_release+0x24>)
10005d40:	0011      	movs	r1, r2
10005d42:	18c0      	adds	r0, r0, r3
10005d44:	f000 fc30 	bl	100065a8 <tu_edpt_release>
10005d48:	bd10      	pop	{r4, pc}
10005d4a:	46c0      	nop			@ (mov r8, r8)
10005d4c:	20001dbc 	.word	0x20001dbc
10005d50:	20001d68 	.word	0x20001d68

10005d54 <usbd_edpt_xfer>:
10005d54:	b570      	push	{r4, r5, r6, lr}
10005d56:	247f      	movs	r4, #127	@ 0x7f
10005d58:	09c8      	lsrs	r0, r1, #7
10005d5a:	4684      	mov	ip, r0
10005d5c:	400c      	ands	r4, r1
10005d5e:	480f      	ldr	r0, [pc, #60]	@ (10005d9c <usbd_edpt_xfer+0x48>)
10005d60:	0064      	lsls	r4, r4, #1
10005d62:	1904      	adds	r4, r0, r4
10005d64:	4464      	add	r4, ip
10005d66:	3430      	adds	r4, #48	@ 0x30
10005d68:	7920      	ldrb	r0, [r4, #4]
10005d6a:	07c0      	lsls	r0, r0, #31
10005d6c:	d501      	bpl.n	10005d72 <usbd_edpt_xfer+0x1e>
10005d6e:	2000      	movs	r0, #0
10005d70:	bd70      	pop	{r4, r5, r6, pc}
10005d72:	480b      	ldr	r0, [pc, #44]	@ (10005da0 <usbd_edpt_xfer+0x4c>)
10005d74:	2501      	movs	r5, #1
10005d76:	7800      	ldrb	r0, [r0, #0]
10005d78:	4684      	mov	ip, r0
10005d7a:	7920      	ldrb	r0, [r4, #4]
10005d7c:	4328      	orrs	r0, r5
10005d7e:	7120      	strb	r0, [r4, #4]
10005d80:	4660      	mov	r0, ip
10005d82:	f7ff fa51 	bl	10005228 <dcd_edpt_xfer>
10005d86:	2800      	cmp	r0, #0
10005d88:	d1f2      	bne.n	10005d70 <usbd_edpt_xfer+0x1c>
10005d8a:	2201      	movs	r2, #1
10005d8c:	7923      	ldrb	r3, [r4, #4]
10005d8e:	4393      	bics	r3, r2
10005d90:	7123      	strb	r3, [r4, #4]
10005d92:	7923      	ldrb	r3, [r4, #4]
10005d94:	3203      	adds	r2, #3
10005d96:	4393      	bics	r3, r2
10005d98:	7123      	strb	r3, [r4, #4]
10005d9a:	e7e8      	b.n	10005d6e <usbd_edpt_xfer+0x1a>
10005d9c:	20001d68 	.word	0x20001d68
10005da0:	2000107c 	.word	0x2000107c

10005da4 <tud_control_status>:
10005da4:	b570      	push	{r4, r5, r6, lr}
10005da6:	4c09      	ldr	r4, [pc, #36]	@ (10005dcc <tud_control_status+0x28>)
10005da8:	0006      	movs	r6, r0
10005daa:	2208      	movs	r2, #8
10005dac:	0020      	movs	r0, r4
10005dae:	000d      	movs	r5, r1
10005db0:	f7fc fe14 	bl	100029dc <__wrap___aeabi_memcpy>
10005db4:	2300      	movs	r3, #0
10005db6:	2180      	movs	r1, #128	@ 0x80
10005db8:	60e3      	str	r3, [r4, #12]
10005dba:	60a3      	str	r3, [r4, #8]
10005dbc:	782b      	ldrb	r3, [r5, #0]
10005dbe:	0030      	movs	r0, r6
10005dc0:	4399      	bics	r1, r3
10005dc2:	2200      	movs	r2, #0
10005dc4:	2300      	movs	r3, #0
10005dc6:	f7ff ffc5 	bl	10005d54 <usbd_edpt_xfer>
10005dca:	bd70      	pop	{r4, r5, r6, pc}
10005dcc:	20001d48 	.word	0x20001d48

10005dd0 <tud_control_xfer>:
10005dd0:	b5f0      	push	{r4, r5, r6, r7, lr}
10005dd2:	46c6      	mov	lr, r8
10005dd4:	4c24      	ldr	r4, [pc, #144]	@ (10005e68 <tud_control_xfer+0x98>)
10005dd6:	0017      	movs	r7, r2
10005dd8:	4680      	mov	r8, r0
10005dda:	2208      	movs	r2, #8
10005ddc:	0020      	movs	r0, r4
10005dde:	b500      	push	{lr}
10005de0:	000d      	movs	r5, r1
10005de2:	001e      	movs	r6, r3
10005de4:	f7fc fdfa 	bl	100029dc <__wrap___aeabi_memcpy>
10005de8:	2300      	movs	r3, #0
10005dea:	60a7      	str	r7, [r4, #8]
10005dec:	81e3      	strh	r3, [r4, #14]
10005dee:	79eb      	ldrb	r3, [r5, #7]
10005df0:	79aa      	ldrb	r2, [r5, #6]
10005df2:	021b      	lsls	r3, r3, #8
10005df4:	4313      	orrs	r3, r2
10005df6:	1c1a      	adds	r2, r3, #0
10005df8:	42b3      	cmp	r3, r6
10005dfa:	d900      	bls.n	10005dfe <tud_control_xfer+0x2e>
10005dfc:	1c32      	adds	r2, r6, #0
10005dfe:	b296      	uxth	r6, r2
10005e00:	81a2      	strh	r2, [r4, #12]
10005e02:	2b00      	cmp	r3, #0
10005e04:	d00c      	beq.n	10005e20 <tud_control_xfer+0x50>
10005e06:	2e00      	cmp	r6, #0
10005e08:	d015      	beq.n	10005e36 <tud_control_xfer+0x66>
10005e0a:	2f00      	cmp	r7, #0
10005e0c:	d02a      	beq.n	10005e64 <tud_control_xfer+0x94>
10005e0e:	2e40      	cmp	r6, #64	@ 0x40
10005e10:	d81a      	bhi.n	10005e48 <tud_control_xfer+0x78>
10005e12:	7823      	ldrb	r3, [r4, #0]
10005e14:	b296      	uxth	r6, r2
10005e16:	2b7f      	cmp	r3, #127	@ 0x7f
10005e18:	d81b      	bhi.n	10005e52 <tud_control_xfer+0x82>
10005e1a:	2100      	movs	r1, #0
10005e1c:	4a13      	ldr	r2, [pc, #76]	@ (10005e6c <tud_control_xfer+0x9c>)
10005e1e:	e00e      	b.n	10005e3e <tud_control_xfer+0x6e>
10005e20:	2180      	movs	r1, #128	@ 0x80
10005e22:	782b      	ldrb	r3, [r5, #0]
10005e24:	2200      	movs	r2, #0
10005e26:	4399      	bics	r1, r3
10005e28:	4640      	mov	r0, r8
10005e2a:	2300      	movs	r3, #0
10005e2c:	f7ff ff92 	bl	10005d54 <usbd_edpt_xfer>
10005e30:	bc80      	pop	{r7}
10005e32:	46b8      	mov	r8, r7
10005e34:	bdf0      	pop	{r4, r5, r6, r7, pc}
10005e36:	237f      	movs	r3, #127	@ 0x7f
10005e38:	2200      	movs	r2, #0
10005e3a:	7821      	ldrb	r1, [r4, #0]
10005e3c:	4399      	bics	r1, r3
10005e3e:	0033      	movs	r3, r6
10005e40:	4640      	mov	r0, r8
10005e42:	f7ff ff87 	bl	10005d54 <usbd_edpt_xfer>
10005e46:	e7f3      	b.n	10005e30 <tud_control_xfer+0x60>
10005e48:	2240      	movs	r2, #64	@ 0x40
10005e4a:	7823      	ldrb	r3, [r4, #0]
10005e4c:	b296      	uxth	r6, r2
10005e4e:	2b7f      	cmp	r3, #127	@ 0x7f
10005e50:	d9e3      	bls.n	10005e1a <tud_control_xfer+0x4a>
10005e52:	4c06      	ldr	r4, [pc, #24]	@ (10005e6c <tud_control_xfer+0x9c>)
10005e54:	0032      	movs	r2, r6
10005e56:	0039      	movs	r1, r7
10005e58:	0020      	movs	r0, r4
10005e5a:	f7fc fdbf 	bl	100029dc <__wrap___aeabi_memcpy>
10005e5e:	2180      	movs	r1, #128	@ 0x80
10005e60:	0022      	movs	r2, r4
10005e62:	e7ec      	b.n	10005e3e <tud_control_xfer+0x6e>
10005e64:	2000      	movs	r0, #0
10005e66:	e7e3      	b.n	10005e30 <tud_control_xfer+0x60>
10005e68:	20001d48 	.word	0x20001d48
10005e6c:	20001d08 	.word	0x20001d08

10005e70 <usbd_control_reset>:
10005e70:	b510      	push	{r4, lr}
10005e72:	2214      	movs	r2, #20
10005e74:	2100      	movs	r1, #0
10005e76:	4802      	ldr	r0, [pc, #8]	@ (10005e80 <usbd_control_reset+0x10>)
10005e78:	f7fc fdaa 	bl	100029d0 <__wrap_memset>
10005e7c:	bd10      	pop	{r4, pc}
10005e7e:	46c0      	nop			@ (mov r8, r8)
10005e80:	20001d48 	.word	0x20001d48

10005e84 <usbd_control_set_complete_callback>:
10005e84:	4b01      	ldr	r3, [pc, #4]	@ (10005e8c <usbd_control_set_complete_callback+0x8>)
10005e86:	6118      	str	r0, [r3, #16]
10005e88:	4770      	bx	lr
10005e8a:	46c0      	nop			@ (mov r8, r8)
10005e8c:	20001d48 	.word	0x20001d48

10005e90 <usbd_control_set_request>:
10005e90:	b510      	push	{r4, lr}
10005e92:	4c05      	ldr	r4, [pc, #20]	@ (10005ea8 <usbd_control_set_request+0x18>)
10005e94:	0001      	movs	r1, r0
10005e96:	2208      	movs	r2, #8
10005e98:	0020      	movs	r0, r4
10005e9a:	f7fc fd9f 	bl	100029dc <__wrap___aeabi_memcpy>
10005e9e:	2300      	movs	r3, #0
10005ea0:	60a3      	str	r3, [r4, #8]
10005ea2:	60e3      	str	r3, [r4, #12]
10005ea4:	bd10      	pop	{r4, pc}
10005ea6:	46c0      	nop			@ (mov r8, r8)
10005ea8:	20001d48 	.word	0x20001d48

10005eac <usbd_control_xfer_cb>:
10005eac:	b570      	push	{r4, r5, r6, lr}
10005eae:	4c37      	ldr	r4, [pc, #220]	@ (10005f8c <usbd_control_xfer_cb+0xe0>)
10005eb0:	001d      	movs	r5, r3
10005eb2:	7823      	ldrb	r3, [r4, #0]
10005eb4:	0006      	movs	r6, r0
10005eb6:	09da      	lsrs	r2, r3, #7
10005eb8:	09c9      	lsrs	r1, r1, #7
10005eba:	428a      	cmp	r2, r1
10005ebc:	d010      	beq.n	10005ee0 <usbd_control_xfer_cb+0x34>
10005ebe:	2000      	movs	r0, #0
10005ec0:	2d00      	cmp	r5, #0
10005ec2:	d000      	beq.n	10005ec6 <usbd_control_xfer_cb+0x1a>
10005ec4:	bd70      	pop	{r4, r5, r6, pc}
10005ec6:	0021      	movs	r1, r4
10005ec8:	0030      	movs	r0, r6
10005eca:	f7ff f91d 	bl	10005108 <dcd_edpt0_status_complete>
10005ece:	6923      	ldr	r3, [r4, #16]
10005ed0:	2b00      	cmp	r3, #0
10005ed2:	d003      	beq.n	10005edc <usbd_control_xfer_cb+0x30>
10005ed4:	0022      	movs	r2, r4
10005ed6:	2103      	movs	r1, #3
10005ed8:	0030      	movs	r0, r6
10005eda:	4798      	blx	r3
10005edc:	2001      	movs	r0, #1
10005ede:	e7f1      	b.n	10005ec4 <usbd_control_xfer_cb+0x18>
10005ee0:	2b7f      	cmp	r3, #127	@ 0x7f
10005ee2:	d806      	bhi.n	10005ef2 <usbd_control_xfer_cb+0x46>
10005ee4:	68a0      	ldr	r0, [r4, #8]
10005ee6:	2800      	cmp	r0, #0
10005ee8:	d0ec      	beq.n	10005ec4 <usbd_control_xfer_cb+0x18>
10005eea:	002a      	movs	r2, r5
10005eec:	4928      	ldr	r1, [pc, #160]	@ (10005f90 <usbd_control_xfer_cb+0xe4>)
10005eee:	f7fc fd75 	bl	100029dc <__wrap___aeabi_memcpy>
10005ef2:	89e2      	ldrh	r2, [r4, #14]
10005ef4:	68a1      	ldr	r1, [r4, #8]
10005ef6:	1952      	adds	r2, r2, r5
10005ef8:	88e3      	ldrh	r3, [r4, #6]
10005efa:	b292      	uxth	r2, r2
10005efc:	1949      	adds	r1, r1, r5
10005efe:	81e2      	strh	r2, [r4, #14]
10005f00:	60a1      	str	r1, [r4, #8]
10005f02:	4293      	cmp	r3, r2
10005f04:	d014      	beq.n	10005f30 <usbd_control_xfer_cb+0x84>
10005f06:	2d3f      	cmp	r5, #63	@ 0x3f
10005f08:	d912      	bls.n	10005f30 <usbd_control_xfer_cb+0x84>
10005f0a:	89a3      	ldrh	r3, [r4, #12]
10005f0c:	1a98      	subs	r0, r3, r2
10005f0e:	1c05      	adds	r5, r0, #0
10005f10:	b280      	uxth	r0, r0
10005f12:	2840      	cmp	r0, #64	@ 0x40
10005f14:	d828      	bhi.n	10005f68 <usbd_control_xfer_cb+0xbc>
10005f16:	7820      	ldrb	r0, [r4, #0]
10005f18:	b2ad      	uxth	r5, r5
10005f1a:	287f      	cmp	r0, #127	@ 0x7f
10005f1c:	d826      	bhi.n	10005f6c <usbd_control_xfer_cb+0xc0>
10005f1e:	2100      	movs	r1, #0
10005f20:	429a      	cmp	r2, r3
10005f22:	d030      	beq.n	10005f86 <usbd_control_xfer_cb+0xda>
10005f24:	4a1a      	ldr	r2, [pc, #104]	@ (10005f90 <usbd_control_xfer_cb+0xe4>)
10005f26:	002b      	movs	r3, r5
10005f28:	0030      	movs	r0, r6
10005f2a:	f7ff ff13 	bl	10005d54 <usbd_edpt_xfer>
10005f2e:	e7c9      	b.n	10005ec4 <usbd_control_xfer_cb+0x18>
10005f30:	6923      	ldr	r3, [r4, #16]
10005f32:	2b00      	cmp	r3, #0
10005f34:	d005      	beq.n	10005f42 <usbd_control_xfer_cb+0x96>
10005f36:	0022      	movs	r2, r4
10005f38:	2102      	movs	r1, #2
10005f3a:	0030      	movs	r0, r6
10005f3c:	4798      	blx	r3
10005f3e:	2800      	cmp	r0, #0
10005f40:	d008      	beq.n	10005f54 <usbd_control_xfer_cb+0xa8>
10005f42:	2180      	movs	r1, #128	@ 0x80
10005f44:	7823      	ldrb	r3, [r4, #0]
10005f46:	2200      	movs	r2, #0
10005f48:	4399      	bics	r1, r3
10005f4a:	0030      	movs	r0, r6
10005f4c:	2300      	movs	r3, #0
10005f4e:	f7ff ff01 	bl	10005d54 <usbd_edpt_xfer>
10005f52:	e7b7      	b.n	10005ec4 <usbd_control_xfer_cb+0x18>
10005f54:	2100      	movs	r1, #0
10005f56:	0030      	movs	r0, r6
10005f58:	f7ff f978 	bl	1000524c <dcd_edpt_stall>
10005f5c:	0030      	movs	r0, r6
10005f5e:	2180      	movs	r1, #128	@ 0x80
10005f60:	f7ff f974 	bl	1000524c <dcd_edpt_stall>
10005f64:	2001      	movs	r0, #1
10005f66:	e7ad      	b.n	10005ec4 <usbd_control_xfer_cb+0x18>
10005f68:	2540      	movs	r5, #64	@ 0x40
10005f6a:	e7d4      	b.n	10005f16 <usbd_control_xfer_cb+0x6a>
10005f6c:	429a      	cmp	r2, r3
10005f6e:	d007      	beq.n	10005f80 <usbd_control_xfer_cb+0xd4>
10005f70:	4c07      	ldr	r4, [pc, #28]	@ (10005f90 <usbd_control_xfer_cb+0xe4>)
10005f72:	002a      	movs	r2, r5
10005f74:	0020      	movs	r0, r4
10005f76:	f7fc fd31 	bl	100029dc <__wrap___aeabi_memcpy>
10005f7a:	2180      	movs	r1, #128	@ 0x80
10005f7c:	0022      	movs	r2, r4
10005f7e:	e7d2      	b.n	10005f26 <usbd_control_xfer_cb+0x7a>
10005f80:	2180      	movs	r1, #128	@ 0x80
10005f82:	2200      	movs	r2, #0
10005f84:	e7cf      	b.n	10005f26 <usbd_control_xfer_cb+0x7a>
10005f86:	2200      	movs	r2, #0
10005f88:	e7cd      	b.n	10005f26 <usbd_control_xfer_cb+0x7a>
10005f8a:	46c0      	nop			@ (mov r8, r8)
10005f8c:	20001d48 	.word	0x20001d48
10005f90:	20001d08 	.word	0x20001d08

10005f94 <_prep_out_transaction.isra.0>:
10005f94:	b570      	push	{r4, r5, r6, lr}
10005f96:	0004      	movs	r4, r0
10005f98:	f7ff f9de 	bl	10005358 <tud_mounted>
10005f9c:	2800      	cmp	r0, #0
10005f9e:	d100      	bne.n	10005fa2 <_prep_out_transaction.isra.0+0xe>
10005fa0:	bd70      	pop	{r4, r5, r6, pc}
10005fa2:	f7ff f9e1 	bl	10005368 <tud_suspended>
10005fa6:	2800      	cmp	r0, #0
10005fa8:	d1fa      	bne.n	10005fa0 <_prep_out_transaction.isra.0+0xc>
10005faa:	23c8      	movs	r3, #200	@ 0xc8
10005fac:	4363      	muls	r3, r4
10005fae:	4a12      	ldr	r2, [pc, #72]	@ (10005ff8 <_prep_out_transaction.isra.0+0x64>)
10005fb0:	0025      	movs	r5, r4
10005fb2:	18d4      	adds	r4, r2, r3
10005fb4:	78e1      	ldrb	r1, [r4, #3]
10005fb6:	2900      	cmp	r1, #0
10005fb8:	d0f2      	beq.n	10005fa0 <_prep_out_transaction.isra.0+0xc>
10005fba:	3310      	adds	r3, #16
10005fbc:	189e      	adds	r6, r3, r2
10005fbe:	0030      	movs	r0, r6
10005fc0:	f000 fbb6 	bl	10006730 <tu_fifo_remaining>
10005fc4:	283f      	cmp	r0, #63	@ 0x3f
10005fc6:	d9eb      	bls.n	10005fa0 <_prep_out_transaction.isra.0+0xc>
10005fc8:	2000      	movs	r0, #0
10005fca:	78e1      	ldrb	r1, [r4, #3]
10005fcc:	f7ff fe9a 	bl	10005d04 <usbd_edpt_claim>
10005fd0:	2800      	cmp	r0, #0
10005fd2:	d0e5      	beq.n	10005fa0 <_prep_out_transaction.isra.0+0xc>
10005fd4:	0030      	movs	r0, r6
10005fd6:	f000 fbab 	bl	10006730 <tu_fifo_remaining>
10005fda:	78e1      	ldrb	r1, [r4, #3]
10005fdc:	283f      	cmp	r0, #63	@ 0x3f
10005fde:	d907      	bls.n	10005ff0 <_prep_out_transaction.isra.0+0x5c>
10005fe0:	4b06      	ldr	r3, [pc, #24]	@ (10005ffc <_prep_out_transaction.isra.0+0x68>)
10005fe2:	01ea      	lsls	r2, r5, #7
10005fe4:	18d2      	adds	r2, r2, r3
10005fe6:	2000      	movs	r0, #0
10005fe8:	2340      	movs	r3, #64	@ 0x40
10005fea:	f7ff feb3 	bl	10005d54 <usbd_edpt_xfer>
10005fee:	e7d7      	b.n	10005fa0 <_prep_out_transaction.isra.0+0xc>
10005ff0:	2000      	movs	r0, #0
10005ff2:	f7ff fe9b 	bl	10005d2c <usbd_edpt_release>
10005ff6:	e7d3      	b.n	10005fa0 <_prep_out_transaction.isra.0+0xc>
10005ff8:	200016b8 	.word	0x200016b8
10005ffc:	20001c84 	.word	0x20001c84

10006000 <tud_cdc_n_connected>:
10006000:	b510      	push	{r4, lr}
10006002:	0004      	movs	r4, r0
10006004:	f7ff f9a8 	bl	10005358 <tud_mounted>
10006008:	2800      	cmp	r0, #0
1000600a:	d101      	bne.n	10006010 <tud_cdc_n_connected+0x10>
1000600c:	2000      	movs	r0, #0
1000600e:	bd10      	pop	{r4, pc}
10006010:	f7ff f9aa 	bl	10005368 <tud_suspended>
10006014:	2800      	cmp	r0, #0
10006016:	d1f9      	bne.n	1000600c <tud_cdc_n_connected+0xc>
10006018:	22c8      	movs	r2, #200	@ 0xc8
1000601a:	4362      	muls	r2, r4
1000601c:	4b02      	ldr	r3, [pc, #8]	@ (10006028 <tud_cdc_n_connected+0x28>)
1000601e:	3001      	adds	r0, #1
10006020:	189b      	adds	r3, r3, r2
10006022:	791b      	ldrb	r3, [r3, #4]
10006024:	4018      	ands	r0, r3
10006026:	e7f2      	b.n	1000600e <tud_cdc_n_connected+0xe>
10006028:	200016b8 	.word	0x200016b8

1000602c <tud_cdc_n_available>:
1000602c:	23c8      	movs	r3, #200	@ 0xc8
1000602e:	b510      	push	{r4, lr}
10006030:	4343      	muls	r3, r0
10006032:	4802      	ldr	r0, [pc, #8]	@ (1000603c <tud_cdc_n_available+0x10>)
10006034:	1818      	adds	r0, r3, r0
10006036:	f000 fb5d 	bl	100066f4 <tu_fifo_count>
1000603a:	bd10      	pop	{r4, pc}
1000603c:	200016c8 	.word	0x200016c8

10006040 <tud_cdc_n_read>:
10006040:	b5f8      	push	{r3, r4, r5, r6, r7, lr}
10006042:	23c8      	movs	r3, #200	@ 0xc8
10006044:	4343      	muls	r3, r0
10006046:	4d1d      	ldr	r5, [pc, #116]	@ (100060bc <tud_cdc_n_read+0x7c>)
10006048:	3310      	adds	r3, #16
1000604a:	18ee      	adds	r6, r5, r3
1000604c:	2380      	movs	r3, #128	@ 0x80
1000604e:	0004      	movs	r4, r0
10006050:	025b      	lsls	r3, r3, #9
10006052:	429a      	cmp	r2, r3
10006054:	d300      	bcc.n	10006058 <tud_cdc_n_read+0x18>
10006056:	4a1a      	ldr	r2, [pc, #104]	@ (100060c0 <tud_cdc_n_read+0x80>)
10006058:	0030      	movs	r0, r6
1000605a:	b292      	uxth	r2, r2
1000605c:	f000 fbcc 	bl	100067f8 <tu_fifo_read_n>
10006060:	0007      	movs	r7, r0
10006062:	f7ff f979 	bl	10005358 <tud_mounted>
10006066:	2800      	cmp	r0, #0
10006068:	d101      	bne.n	1000606e <tud_cdc_n_read+0x2e>
1000606a:	0038      	movs	r0, r7
1000606c:	bdf8      	pop	{r3, r4, r5, r6, r7, pc}
1000606e:	f7ff f97b 	bl	10005368 <tud_suspended>
10006072:	2800      	cmp	r0, #0
10006074:	d1f9      	bne.n	1000606a <tud_cdc_n_read+0x2a>
10006076:	23c8      	movs	r3, #200	@ 0xc8
10006078:	4363      	muls	r3, r4
1000607a:	18ed      	adds	r5, r5, r3
1000607c:	78eb      	ldrb	r3, [r5, #3]
1000607e:	2b00      	cmp	r3, #0
10006080:	d0f3      	beq.n	1000606a <tud_cdc_n_read+0x2a>
10006082:	0030      	movs	r0, r6
10006084:	f000 fb54 	bl	10006730 <tu_fifo_remaining>
10006088:	283f      	cmp	r0, #63	@ 0x3f
1000608a:	d9ee      	bls.n	1000606a <tud_cdc_n_read+0x2a>
1000608c:	2000      	movs	r0, #0
1000608e:	78e9      	ldrb	r1, [r5, #3]
10006090:	f7ff fe38 	bl	10005d04 <usbd_edpt_claim>
10006094:	2800      	cmp	r0, #0
10006096:	d0e8      	beq.n	1000606a <tud_cdc_n_read+0x2a>
10006098:	0030      	movs	r0, r6
1000609a:	f000 fb49 	bl	10006730 <tu_fifo_remaining>
1000609e:	78e9      	ldrb	r1, [r5, #3]
100060a0:	283f      	cmp	r0, #63	@ 0x3f
100060a2:	d907      	bls.n	100060b4 <tud_cdc_n_read+0x74>
100060a4:	4b07      	ldr	r3, [pc, #28]	@ (100060c4 <tud_cdc_n_read+0x84>)
100060a6:	01e2      	lsls	r2, r4, #7
100060a8:	18d2      	adds	r2, r2, r3
100060aa:	2000      	movs	r0, #0
100060ac:	2340      	movs	r3, #64	@ 0x40
100060ae:	f7ff fe51 	bl	10005d54 <usbd_edpt_xfer>
100060b2:	e7da      	b.n	1000606a <tud_cdc_n_read+0x2a>
100060b4:	2000      	movs	r0, #0
100060b6:	f7ff fe39 	bl	10005d2c <usbd_edpt_release>
100060ba:	e7d6      	b.n	1000606a <tud_cdc_n_read+0x2a>
100060bc:	200016b8 	.word	0x200016b8
100060c0:	0000ffff 	.word	0x0000ffff
100060c4:	20001c84 	.word	0x20001c84

100060c8 <tud_cdc_n_write_flush>:
100060c8:	b5f8      	push	{r3, r4, r5, r6, r7, lr}
100060ca:	0004      	movs	r4, r0
100060cc:	f7ff f944 	bl	10005358 <tud_mounted>
100060d0:	2800      	cmp	r0, #0
100060d2:	d101      	bne.n	100060d8 <tud_cdc_n_write_flush+0x10>
100060d4:	2000      	movs	r0, #0
100060d6:	bdf8      	pop	{r3, r4, r5, r6, r7, pc}
100060d8:	f7ff f946 	bl	10005368 <tud_suspended>
100060dc:	2800      	cmp	r0, #0
100060de:	d1f9      	bne.n	100060d4 <tud_cdc_n_write_flush+0xc>
100060e0:	23c8      	movs	r3, #200	@ 0xc8
100060e2:	0025      	movs	r5, r4
100060e4:	435d      	muls	r5, r3
100060e6:	002b      	movs	r3, r5
100060e8:	4e13      	ldr	r6, [pc, #76]	@ (10006138 <tud_cdc_n_write_flush+0x70>)
100060ea:	3324      	adds	r3, #36	@ 0x24
100060ec:	18f7      	adds	r7, r6, r3
100060ee:	0038      	movs	r0, r7
100060f0:	f000 fb00 	bl	100066f4 <tu_fifo_count>
100060f4:	2800      	cmp	r0, #0
100060f6:	d0ed      	beq.n	100060d4 <tud_cdc_n_write_flush+0xc>
100060f8:	1975      	adds	r5, r6, r5
100060fa:	2000      	movs	r0, #0
100060fc:	78a9      	ldrb	r1, [r5, #2]
100060fe:	f7ff fe01 	bl	10005d04 <usbd_edpt_claim>
10006102:	2800      	cmp	r0, #0
10006104:	d0e6      	beq.n	100060d4 <tud_cdc_n_write_flush+0xc>
10006106:	4a0d      	ldr	r2, [pc, #52]	@ (1000613c <tud_cdc_n_write_flush+0x74>)
10006108:	01e3      	lsls	r3, r4, #7
1000610a:	189c      	adds	r4, r3, r2
1000610c:	0021      	movs	r1, r4
1000610e:	2240      	movs	r2, #64	@ 0x40
10006110:	0038      	movs	r0, r7
10006112:	f000 fb71 	bl	100067f8 <tu_fifo_read_n>
10006116:	78a9      	ldrb	r1, [r5, #2]
10006118:	0003      	movs	r3, r0
1000611a:	1e05      	subs	r5, r0, #0
1000611c:	d007      	beq.n	1000612e <tud_cdc_n_write_flush+0x66>
1000611e:	0022      	movs	r2, r4
10006120:	2000      	movs	r0, #0
10006122:	f7ff fe17 	bl	10005d54 <usbd_edpt_xfer>
10006126:	2800      	cmp	r0, #0
10006128:	d0d4      	beq.n	100060d4 <tud_cdc_n_write_flush+0xc>
1000612a:	0028      	movs	r0, r5
1000612c:	e7d3      	b.n	100060d6 <tud_cdc_n_write_flush+0xe>
1000612e:	2000      	movs	r0, #0
10006130:	f7ff fdfc 	bl	10005d2c <usbd_edpt_release>
10006134:	e7ce      	b.n	100060d4 <tud_cdc_n_write_flush+0xc>
10006136:	46c0      	nop			@ (mov r8, r8)
10006138:	200016b8 	.word	0x200016b8
1000613c:	20001cc4 	.word	0x20001cc4

10006140 <tud_cdc_n_write>:
10006140:	b570      	push	{r4, r5, r6, lr}
10006142:	24c8      	movs	r4, #200	@ 0xc8
10006144:	4344      	muls	r4, r0
10006146:	4b0c      	ldr	r3, [pc, #48]	@ (10006178 <tud_cdc_n_write+0x38>)
10006148:	0005      	movs	r5, r0
1000614a:	18e4      	adds	r4, r4, r3
1000614c:	2380      	movs	r3, #128	@ 0x80
1000614e:	025b      	lsls	r3, r3, #9
10006150:	429a      	cmp	r2, r3
10006152:	d300      	bcc.n	10006156 <tud_cdc_n_write+0x16>
10006154:	4a09      	ldr	r2, [pc, #36]	@ (1000617c <tud_cdc_n_write+0x3c>)
10006156:	0020      	movs	r0, r4
10006158:	b292      	uxth	r2, r2
1000615a:	f000 fc15 	bl	10006988 <tu_fifo_write_n>
1000615e:	0006      	movs	r6, r0
10006160:	0020      	movs	r0, r4
10006162:	f000 fac7 	bl	100066f4 <tu_fifo_count>
10006166:	283f      	cmp	r0, #63	@ 0x3f
10006168:	d801      	bhi.n	1000616e <tud_cdc_n_write+0x2e>
1000616a:	0030      	movs	r0, r6
1000616c:	bd70      	pop	{r4, r5, r6, pc}
1000616e:	0028      	movs	r0, r5
10006170:	f7ff ffaa 	bl	100060c8 <tud_cdc_n_write_flush>
10006174:	e7f9      	b.n	1000616a <tud_cdc_n_write+0x2a>
10006176:	46c0      	nop			@ (mov r8, r8)
10006178:	200016dc 	.word	0x200016dc
1000617c:	0000ffff 	.word	0x0000ffff

10006180 <tud_cdc_n_write_available>:
10006180:	23c8      	movs	r3, #200	@ 0xc8
10006182:	b510      	push	{r4, lr}
10006184:	4343      	muls	r3, r0
10006186:	4802      	ldr	r0, [pc, #8]	@ (10006190 <tud_cdc_n_write_available+0x10>)
10006188:	1818      	adds	r0, r3, r0
1000618a:	f000 fad1 	bl	10006730 <tu_fifo_remaining>
1000618e:	bd10      	pop	{r4, pc}
10006190:	200016dc 	.word	0x200016dc

10006194 <cdcd_init>:
10006194:	b5f0      	push	{r4, r5, r6, r7, lr}
10006196:	2500      	movs	r5, #0
10006198:	4c18      	ldr	r4, [pc, #96]	@ (100061fc <cdcd_init+0x68>)
1000619a:	b083      	sub	sp, #12
1000619c:	22c8      	movs	r2, #200	@ 0xc8
1000619e:	2100      	movs	r1, #0
100061a0:	0020      	movs	r0, r4
100061a2:	f7fc fc15 	bl	100029d0 <__wrap_memset>
100061a6:	4b16      	ldr	r3, [pc, #88]	@ (10006200 <cdcd_init+0x6c>)
100061a8:	0021      	movs	r1, r4
100061aa:	701d      	strb	r5, [r3, #0]
100061ac:	23ff      	movs	r3, #255	@ 0xff
100061ae:	7163      	strb	r3, [r4, #5]
100061b0:	23e1      	movs	r3, #225	@ 0xe1
100061b2:	025b      	lsls	r3, r3, #9
100061b4:	60a3      	str	r3, [r4, #8]
100061b6:	0020      	movs	r0, r4
100061b8:	2308      	movs	r3, #8
100061ba:	2240      	movs	r2, #64	@ 0x40
100061bc:	73a3      	strb	r3, [r4, #14]
100061be:	3138      	adds	r1, #56	@ 0x38
100061c0:	9500      	str	r5, [sp, #0]
100061c2:	3b07      	subs	r3, #7
100061c4:	3010      	adds	r0, #16
100061c6:	f000 fa5f 	bl	10006688 <tu_fifo_config>
100061ca:	0027      	movs	r7, r4
100061cc:	2301      	movs	r3, #1
100061ce:	0021      	movs	r1, r4
100061d0:	0020      	movs	r0, r4
100061d2:	0026      	movs	r6, r4
100061d4:	2240      	movs	r2, #64	@ 0x40
100061d6:	3178      	adds	r1, #120	@ 0x78
100061d8:	9300      	str	r3, [sp, #0]
100061da:	37b8      	adds	r7, #184	@ 0xb8
100061dc:	3024      	adds	r0, #36	@ 0x24
100061de:	f000 fa53 	bl	10006688 <tu_fifo_config>
100061e2:	36c0      	adds	r6, #192	@ 0xc0
100061e4:	0038      	movs	r0, r7
100061e6:	f7fa fcb5 	bl	10000b54 <mutex_init>
100061ea:	0030      	movs	r0, r6
100061ec:	f7fa fcb2 	bl	10000b54 <mutex_init>
100061f0:	61e5      	str	r5, [r4, #28]
100061f2:	6227      	str	r7, [r4, #32]
100061f4:	6326      	str	r6, [r4, #48]	@ 0x30
100061f6:	6365      	str	r5, [r4, #52]	@ 0x34
100061f8:	b003      	add	sp, #12
100061fa:	bdf0      	pop	{r4, r5, r6, r7, pc}
100061fc:	200016b8 	.word	0x200016b8
10006200:	20001d04 	.word	0x20001d04

10006204 <cdcd_deinit>:
10006204:	4b0a      	ldr	r3, [pc, #40]	@ (10006230 <cdcd_deinit+0x2c>)
10006206:	6b19      	ldr	r1, [r3, #48]	@ 0x30
10006208:	6a1a      	ldr	r2, [r3, #32]
1000620a:	2900      	cmp	r1, #0
1000620c:	d00c      	beq.n	10006228 <cdcd_deinit+0x24>
1000620e:	2a00      	cmp	r2, #0
10006210:	d007      	beq.n	10006222 <cdcd_deinit+0x1e>
10006212:	2200      	movs	r2, #0
10006214:	61da      	str	r2, [r3, #28]
10006216:	635a      	str	r2, [r3, #52]	@ 0x34
10006218:	631a      	str	r2, [r3, #48]	@ 0x30
1000621a:	2200      	movs	r2, #0
1000621c:	621a      	str	r2, [r3, #32]
1000621e:	2001      	movs	r0, #1
10006220:	4770      	bx	lr
10006222:	635a      	str	r2, [r3, #52]	@ 0x34
10006224:	631a      	str	r2, [r3, #48]	@ 0x30
10006226:	e7fa      	b.n	1000621e <cdcd_deinit+0x1a>
10006228:	2a00      	cmp	r2, #0
1000622a:	d0f8      	beq.n	1000621e <cdcd_deinit+0x1a>
1000622c:	61d9      	str	r1, [r3, #28]
1000622e:	e7f4      	b.n	1000621a <cdcd_deinit+0x16>
10006230:	200016b8 	.word	0x200016b8

10006234 <cdcd_reset>:
10006234:	b570      	push	{r4, r5, r6, lr}
10006236:	2205      	movs	r2, #5
10006238:	2100      	movs	r1, #0
1000623a:	480d      	ldr	r0, [pc, #52]	@ (10006270 <cdcd_reset+0x3c>)
1000623c:	f7fc fbc8 	bl	100029d0 <__wrap_memset>
10006240:	4d0c      	ldr	r5, [pc, #48]	@ (10006274 <cdcd_reset+0x40>)
10006242:	782b      	ldrb	r3, [r5, #0]
10006244:	07da      	lsls	r2, r3, #31
10006246:	d507      	bpl.n	10006258 <cdcd_reset+0x24>
10006248:	4c0b      	ldr	r4, [pc, #44]	@ (10006278 <cdcd_reset+0x44>)
1000624a:	079b      	lsls	r3, r3, #30
1000624c:	d50c      	bpl.n	10006268 <cdcd_reset+0x34>
1000624e:	2101      	movs	r1, #1
10006250:	0020      	movs	r0, r4
10006252:	f000 fc6d 	bl	10006b30 <tu_fifo_set_overwritable>
10006256:	bd70      	pop	{r4, r5, r6, pc}
10006258:	4805      	ldr	r0, [pc, #20]	@ (10006270 <cdcd_reset+0x3c>)
1000625a:	3010      	adds	r0, #16
1000625c:	f000 fc48 	bl	10006af0 <tu_fifo_clear>
10006260:	782b      	ldrb	r3, [r5, #0]
10006262:	4c05      	ldr	r4, [pc, #20]	@ (10006278 <cdcd_reset+0x44>)
10006264:	079b      	lsls	r3, r3, #30
10006266:	d4f2      	bmi.n	1000624e <cdcd_reset+0x1a>
10006268:	0020      	movs	r0, r4
1000626a:	f000 fc41 	bl	10006af0 <tu_fifo_clear>
1000626e:	e7ee      	b.n	1000624e <cdcd_reset+0x1a>
10006270:	200016b8 	.word	0x200016b8
10006274:	20001d04 	.word	0x20001d04
10006278:	200016dc 	.word	0x200016dc

1000627c <cdcd_open>:
1000627c:	b5f0      	push	{r4, r5, r6, r7, lr}
1000627e:	794b      	ldrb	r3, [r1, #5]
10006280:	0007      	movs	r7, r0
10006282:	b083      	sub	sp, #12
10006284:	2b02      	cmp	r3, #2
10006286:	d102      	bne.n	1000628e <cdcd_open+0x12>
10006288:	798b      	ldrb	r3, [r1, #6]
1000628a:	2b02      	cmp	r3, #2
1000628c:	d003      	beq.n	10006296 <cdcd_open+0x1a>
1000628e:	2400      	movs	r4, #0
10006290:	0020      	movs	r0, r4
10006292:	b003      	add	sp, #12
10006294:	bdf0      	pop	{r4, r5, r6, r7, pc}
10006296:	4b21      	ldr	r3, [pc, #132]	@ (1000631c <cdcd_open+0xa0>)
10006298:	001e      	movs	r6, r3
1000629a:	789b      	ldrb	r3, [r3, #2]
1000629c:	2b00      	cmp	r3, #0
1000629e:	d1f6      	bne.n	1000628e <cdcd_open+0x12>
100062a0:	788b      	ldrb	r3, [r1, #2]
100062a2:	2409      	movs	r4, #9
100062a4:	7033      	strb	r3, [r6, #0]
100062a6:	780d      	ldrb	r5, [r1, #0]
100062a8:	194d      	adds	r5, r1, r5
100062aa:	786b      	ldrb	r3, [r5, #1]
100062ac:	2b24      	cmp	r3, #36	@ 0x24
100062ae:	d007      	beq.n	100062c0 <cdcd_open+0x44>
100062b0:	e00c      	b.n	100062cc <cdcd_open+0x50>
100062b2:	782b      	ldrb	r3, [r5, #0]
100062b4:	18ed      	adds	r5, r5, r3
100062b6:	191c      	adds	r4, r3, r4
100062b8:	786b      	ldrb	r3, [r5, #1]
100062ba:	b2a4      	uxth	r4, r4
100062bc:	2b24      	cmp	r3, #36	@ 0x24
100062be:	d105      	bne.n	100062cc <cdcd_open+0x50>
100062c0:	42a2      	cmp	r2, r4
100062c2:	d2f6      	bcs.n	100062b2 <cdcd_open+0x36>
100062c4:	2000      	movs	r0, #0
100062c6:	f7ff fe65 	bl	10005f94 <_prep_out_transaction.isra.0>
100062ca:	e7e1      	b.n	10006290 <cdcd_open+0x14>
100062cc:	001a      	movs	r2, r3
100062ce:	2b05      	cmp	r3, #5
100062d0:	d015      	beq.n	100062fe <cdcd_open+0x82>
100062d2:	2a04      	cmp	r2, #4
100062d4:	d1f6      	bne.n	100062c4 <cdcd_open+0x48>
100062d6:	796b      	ldrb	r3, [r5, #5]
100062d8:	2b0a      	cmp	r3, #10
100062da:	d1f3      	bne.n	100062c4 <cdcd_open+0x48>
100062dc:	4b10      	ldr	r3, [pc, #64]	@ (10006320 <cdcd_open+0xa4>)
100062de:	782e      	ldrb	r6, [r5, #0]
100062e0:	9301      	str	r3, [sp, #4]
100062e2:	3301      	adds	r3, #1
100062e4:	9300      	str	r3, [sp, #0]
100062e6:	0038      	movs	r0, r7
100062e8:	2302      	movs	r3, #2
100062ea:	19a9      	adds	r1, r5, r6
100062ec:	3a02      	subs	r2, #2
100062ee:	f7ff fca3 	bl	10005c38 <usbd_open_edpt_pair>
100062f2:	2800      	cmp	r0, #0
100062f4:	d0cb      	beq.n	1000628e <cdcd_open+0x12>
100062f6:	340e      	adds	r4, #14
100062f8:	19a4      	adds	r4, r4, r6
100062fa:	b2a4      	uxth	r4, r4
100062fc:	e7e2      	b.n	100062c4 <cdcd_open+0x48>
100062fe:	0029      	movs	r1, r5
10006300:	0038      	movs	r0, r7
10006302:	f7ff fce5 	bl	10005cd0 <usbd_edpt_open>
10006306:	2800      	cmp	r0, #0
10006308:	d0c1      	beq.n	1000628e <cdcd_open+0x12>
1000630a:	78ab      	ldrb	r3, [r5, #2]
1000630c:	7073      	strb	r3, [r6, #1]
1000630e:	782b      	ldrb	r3, [r5, #0]
10006310:	191c      	adds	r4, r3, r4
10006312:	18ed      	adds	r5, r5, r3
10006314:	786a      	ldrb	r2, [r5, #1]
10006316:	b2a4      	uxth	r4, r4
10006318:	e7db      	b.n	100062d2 <cdcd_open+0x56>
1000631a:	46c0      	nop			@ (mov r8, r8)
1000631c:	200016b8 	.word	0x200016b8
10006320:	200016ba 	.word	0x200016ba

10006324 <cdcd_control_xfer_cb>:
10006324:	2360      	movs	r3, #96	@ 0x60
10006326:	468c      	mov	ip, r1
10006328:	0011      	movs	r1, r2
1000632a:	7812      	ldrb	r2, [r2, #0]
1000632c:	b570      	push	{r4, r5, r6, lr}
1000632e:	4013      	ands	r3, r2
10006330:	2200      	movs	r2, #0
10006332:	2b20      	cmp	r3, #32
10006334:	d108      	bne.n	10006348 <cdcd_control_xfer_cb+0x24>
10006336:	4c32      	ldr	r4, [pc, #200]	@ (10006400 <cdcd_control_xfer_cb+0xdc>)
10006338:	794b      	ldrb	r3, [r1, #5]
1000633a:	0026      	movs	r6, r4
1000633c:	790d      	ldrb	r5, [r1, #4]
1000633e:	7824      	ldrb	r4, [r4, #0]
10006340:	021b      	lsls	r3, r3, #8
10006342:	432b      	orrs	r3, r5
10006344:	429c      	cmp	r4, r3
10006346:	d001      	beq.n	1000634c <cdcd_control_xfer_cb+0x28>
10006348:	0010      	movs	r0, r2
1000634a:	bd70      	pop	{r4, r5, r6, pc}
1000634c:	784b      	ldrb	r3, [r1, #1]
1000634e:	2b22      	cmp	r3, #34	@ 0x22
10006350:	d01c      	beq.n	1000638c <cdcd_control_xfer_cb+0x68>
10006352:	d808      	bhi.n	10006366 <cdcd_control_xfer_cb+0x42>
10006354:	2b20      	cmp	r3, #32
10006356:	d039      	beq.n	100063cc <cdcd_control_xfer_cb+0xa8>
10006358:	2b21      	cmp	r3, #33	@ 0x21
1000635a:	d1f5      	bne.n	10006348 <cdcd_control_xfer_cb+0x24>
1000635c:	4663      	mov	r3, ip
1000635e:	2b01      	cmp	r3, #1
10006360:	d043      	beq.n	100063ea <cdcd_control_xfer_cb+0xc6>
10006362:	2201      	movs	r2, #1
10006364:	e7f0      	b.n	10006348 <cdcd_control_xfer_cb+0x24>
10006366:	2b23      	cmp	r3, #35	@ 0x23
10006368:	d1ee      	bne.n	10006348 <cdcd_control_xfer_cb+0x24>
1000636a:	4663      	mov	r3, ip
1000636c:	2b01      	cmp	r3, #1
1000636e:	d042      	beq.n	100063f6 <cdcd_control_xfer_cb+0xd2>
10006370:	2b03      	cmp	r3, #3
10006372:	d1f6      	bne.n	10006362 <cdcd_control_xfer_cb+0x3e>
10006374:	4b23      	ldr	r3, [pc, #140]	@ (10006404 <cdcd_control_xfer_cb+0xe0>)
10006376:	2b00      	cmp	r3, #0
10006378:	d0f3      	beq.n	10006362 <cdcd_control_xfer_cb+0x3e>
1000637a:	788b      	ldrb	r3, [r1, #2]
1000637c:	78c9      	ldrb	r1, [r1, #3]
1000637e:	2000      	movs	r0, #0
10006380:	0209      	lsls	r1, r1, #8
10006382:	4319      	orrs	r1, r3
10006384:	e000      	b.n	10006388 <cdcd_control_xfer_cb+0x64>
10006386:	bf00      	nop
10006388:	2201      	movs	r2, #1
1000638a:	e7dd      	b.n	10006348 <cdcd_control_xfer_cb+0x24>
1000638c:	4663      	mov	r3, ip
1000638e:	2b01      	cmp	r3, #1
10006390:	d031      	beq.n	100063f6 <cdcd_control_xfer_cb+0xd2>
10006392:	2b03      	cmp	r3, #3
10006394:	d1e5      	bne.n	10006362 <cdcd_control_xfer_cb+0x3e>
10006396:	2501      	movs	r5, #1
10006398:	78cb      	ldrb	r3, [r1, #3]
1000639a:	788a      	ldrb	r2, [r1, #2]
1000639c:	021b      	lsls	r3, r3, #8
1000639e:	4313      	orrs	r3, r2
100063a0:	001c      	movs	r4, r3
100063a2:	401d      	ands	r5, r3
100063a4:	0033      	movs	r3, r6
100063a6:	2101      	movs	r1, #1
100063a8:	3324      	adds	r3, #36	@ 0x24
100063aa:	0018      	movs	r0, r3
100063ac:	4069      	eors	r1, r5
100063ae:	7134      	strb	r4, [r6, #4]
100063b0:	f000 fbbe 	bl	10006b30 <tu_fifo_set_overwritable>
100063b4:	4b14      	ldr	r3, [pc, #80]	@ (10006408 <cdcd_control_xfer_cb+0xe4>)
100063b6:	2b00      	cmp	r3, #0
100063b8:	d0d3      	beq.n	10006362 <cdcd_control_xfer_cb+0x3e>
100063ba:	2301      	movs	r3, #1
100063bc:	0862      	lsrs	r2, r4, #1
100063be:	401a      	ands	r2, r3
100063c0:	0029      	movs	r1, r5
100063c2:	2000      	movs	r0, #0
100063c4:	e000      	b.n	100063c8 <cdcd_control_xfer_cb+0xa4>
100063c6:	bf00      	nop
100063c8:	2201      	movs	r2, #1
100063ca:	e7bd      	b.n	10006348 <cdcd_control_xfer_cb+0x24>
100063cc:	4663      	mov	r3, ip
100063ce:	2b01      	cmp	r3, #1
100063d0:	d00b      	beq.n	100063ea <cdcd_control_xfer_cb+0xc6>
100063d2:	2b03      	cmp	r3, #3
100063d4:	d1c5      	bne.n	10006362 <cdcd_control_xfer_cb+0x3e>
100063d6:	4b0d      	ldr	r3, [pc, #52]	@ (1000640c <cdcd_control_xfer_cb+0xe8>)
100063d8:	2b00      	cmp	r3, #0
100063da:	d0c2      	beq.n	10006362 <cdcd_control_xfer_cb+0x3e>
100063dc:	0031      	movs	r1, r6
100063de:	2000      	movs	r0, #0
100063e0:	3108      	adds	r1, #8
100063e2:	f7fe fe15 	bl	10005010 <tud_cdc_line_coding_cb>
100063e6:	2201      	movs	r2, #1
100063e8:	e7ae      	b.n	10006348 <cdcd_control_xfer_cb+0x24>
100063ea:	4a09      	ldr	r2, [pc, #36]	@ (10006410 <cdcd_control_xfer_cb+0xec>)
100063ec:	2307      	movs	r3, #7
100063ee:	f7ff fcef 	bl	10005dd0 <tud_control_xfer>
100063f2:	2201      	movs	r2, #1
100063f4:	e7a8      	b.n	10006348 <cdcd_control_xfer_cb+0x24>
100063f6:	f7ff fcd5 	bl	10005da4 <tud_control_status>
100063fa:	2201      	movs	r2, #1
100063fc:	e7a4      	b.n	10006348 <cdcd_control_xfer_cb+0x24>
100063fe:	46c0      	nop			@ (mov r8, r8)
10006400:	200016b8 	.word	0x200016b8
	...
1000640c:	10005011 	.word	0x10005011
10006410:	200016c0 	.word	0x200016c0

10006414 <cdcd_xfer_cb>:
10006414:	b5f8      	push	{r3, r4, r5, r6, r7, lr}
10006416:	4647      	mov	r7, r8
10006418:	46ce      	mov	lr, r9
1000641a:	b580      	push	{r7, lr}
1000641c:	4c34      	ldr	r4, [pc, #208]	@ (100064f0 <cdcd_xfer_cb+0xdc>)
1000641e:	001f      	movs	r7, r3
10006420:	78e3      	ldrb	r3, [r4, #3]
10006422:	4680      	mov	r8, r0
10006424:	000d      	movs	r5, r1
10006426:	428b      	cmp	r3, r1
10006428:	d03b      	beq.n	100064a2 <cdcd_xfer_cb+0x8e>
1000642a:	78a3      	ldrb	r3, [r4, #2]
1000642c:	2000      	movs	r0, #0
1000642e:	428b      	cmp	r3, r1
10006430:	d011      	beq.n	10006456 <cdcd_xfer_cb+0x42>
10006432:	bcc0      	pop	{r6, r7}
10006434:	46b9      	mov	r9, r7
10006436:	46b0      	mov	r8, r6
10006438:	bdf8      	pop	{r3, r4, r5, r6, r7, pc}
1000643a:	4b2e      	ldr	r3, [pc, #184]	@ (100064f4 <cdcd_xfer_cb+0xe0>)
1000643c:	2b00      	cmp	r3, #0
1000643e:	d004      	beq.n	1000644a <cdcd_xfer_cb+0x36>
10006440:	482d      	ldr	r0, [pc, #180]	@ (100064f8 <cdcd_xfer_cb+0xe4>)
10006442:	f000 f96d 	bl	10006720 <tu_fifo_empty>
10006446:	2800      	cmp	r0, #0
10006448:	d04f      	beq.n	100064ea <cdcd_xfer_cb+0xd6>
1000644a:	2000      	movs	r0, #0
1000644c:	f7ff fda2 	bl	10005f94 <_prep_out_transaction.isra.0>
10006450:	78a3      	ldrb	r3, [r4, #2]
10006452:	42ab      	cmp	r3, r5
10006454:	d10a      	bne.n	1000646c <cdcd_xfer_cb+0x58>
10006456:	4b29      	ldr	r3, [pc, #164]	@ (100064fc <cdcd_xfer_cb+0xe8>)
10006458:	2b00      	cmp	r3, #0
1000645a:	d002      	beq.n	10006462 <cdcd_xfer_cb+0x4e>
1000645c:	2000      	movs	r0, #0
1000645e:	e000      	b.n	10006462 <cdcd_xfer_cb+0x4e>
10006460:	bf00      	nop
10006462:	2000      	movs	r0, #0
10006464:	f7ff fe30 	bl	100060c8 <tud_cdc_n_write_flush>
10006468:	2800      	cmp	r0, #0
1000646a:	d001      	beq.n	10006470 <cdcd_xfer_cb+0x5c>
1000646c:	2001      	movs	r0, #1
1000646e:	e7e0      	b.n	10006432 <cdcd_xfer_cb+0x1e>
10006470:	4c23      	ldr	r4, [pc, #140]	@ (10006500 <cdcd_xfer_cb+0xec>)
10006472:	0020      	movs	r0, r4
10006474:	f000 f93e 	bl	100066f4 <tu_fifo_count>
10006478:	2800      	cmp	r0, #0
1000647a:	d1f7      	bne.n	1000646c <cdcd_xfer_cb+0x58>
1000647c:	2f00      	cmp	r7, #0
1000647e:	d0f5      	beq.n	1000646c <cdcd_xfer_cb+0x58>
10006480:	06bb      	lsls	r3, r7, #26
10006482:	d1f3      	bne.n	1000646c <cdcd_xfer_cb+0x58>
10006484:	3c24      	subs	r4, #36	@ 0x24
10006486:	4640      	mov	r0, r8
10006488:	78a1      	ldrb	r1, [r4, #2]
1000648a:	f7ff fc3b 	bl	10005d04 <usbd_edpt_claim>
1000648e:	2800      	cmp	r0, #0
10006490:	d0ec      	beq.n	1000646c <cdcd_xfer_cb+0x58>
10006492:	2300      	movs	r3, #0
10006494:	2200      	movs	r2, #0
10006496:	4640      	mov	r0, r8
10006498:	78a1      	ldrb	r1, [r4, #2]
1000649a:	f7ff fc5b 	bl	10005d54 <usbd_edpt_xfer>
1000649e:	2001      	movs	r0, #1
100064a0:	e7c7      	b.n	10006432 <cdcd_xfer_cb+0x1e>
100064a2:	4e18      	ldr	r6, [pc, #96]	@ (10006504 <cdcd_xfer_cb+0xf0>)
100064a4:	4814      	ldr	r0, [pc, #80]	@ (100064f8 <cdcd_xfer_cb+0xe4>)
100064a6:	0031      	movs	r1, r6
100064a8:	b2ba      	uxth	r2, r7
100064aa:	f000 fa6d 	bl	10006988 <tu_fifo_write_n>
100064ae:	4b16      	ldr	r3, [pc, #88]	@ (10006508 <cdcd_xfer_cb+0xf4>)
100064b0:	2b00      	cmp	r3, #0
100064b2:	d0c2      	beq.n	1000643a <cdcd_xfer_cb+0x26>
100064b4:	7963      	ldrb	r3, [r4, #5]
100064b6:	2bff      	cmp	r3, #255	@ 0xff
100064b8:	d0bf      	beq.n	1000643a <cdcd_xfer_cb+0x26>
100064ba:	2f00      	cmp	r7, #0
100064bc:	d0bd      	beq.n	1000643a <cdcd_xfer_cb+0x26>
100064be:	46bc      	mov	ip, r7
100064c0:	44b4      	add	ip, r6
100064c2:	46e1      	mov	r9, ip
100064c4:	e003      	b.n	100064ce <cdcd_xfer_cb+0xba>
100064c6:	3601      	adds	r6, #1
100064c8:	454e      	cmp	r6, r9
100064ca:	d0b6      	beq.n	1000643a <cdcd_xfer_cb+0x26>
100064cc:	7963      	ldrb	r3, [r4, #5]
100064ce:	7832      	ldrb	r2, [r6, #0]
100064d0:	429a      	cmp	r2, r3
100064d2:	d1f8      	bne.n	100064c6 <cdcd_xfer_cb+0xb2>
100064d4:	4808      	ldr	r0, [pc, #32]	@ (100064f8 <cdcd_xfer_cb+0xe4>)
100064d6:	f000 f923 	bl	10006720 <tu_fifo_empty>
100064da:	2800      	cmp	r0, #0
100064dc:	d1f3      	bne.n	100064c6 <cdcd_xfer_cb+0xb2>
100064de:	4b06      	ldr	r3, [pc, #24]	@ (100064f8 <cdcd_xfer_cb+0xe4>)
100064e0:	3b10      	subs	r3, #16
100064e2:	7959      	ldrb	r1, [r3, #5]
100064e4:	e000      	b.n	100064e8 <cdcd_xfer_cb+0xd4>
100064e6:	bf00      	nop
100064e8:	e7ed      	b.n	100064c6 <cdcd_xfer_cb+0xb2>
100064ea:	e000      	b.n	100064ee <cdcd_xfer_cb+0xda>
100064ec:	bf00      	nop
100064ee:	e7ac      	b.n	1000644a <cdcd_xfer_cb+0x36>
100064f0:	200016b8 	.word	0x200016b8
100064f4:	00000000 	.word	0x00000000
100064f8:	200016c8 	.word	0x200016c8
100064fc:	00000000 	.word	0x00000000
10006500:	200016dc 	.word	0x200016dc
10006504:	20001c84 	.word	0x20001c84
10006508:	00000000 	.word	0x00000000

1000650c <tusb_rhport_init>:
1000650c:	b500      	push	{lr}
1000650e:	0003      	movs	r3, r0
10006510:	b083      	sub	sp, #12
10006512:	2900      	cmp	r1, #0
10006514:	d010      	beq.n	10006538 <tusb_rhport_init+0x2c>
10006516:	2000      	movs	r0, #0
10006518:	2b01      	cmp	r3, #1
1000651a:	d807      	bhi.n	1000652c <tusb_rhport_init+0x20>
1000651c:	780a      	ldrb	r2, [r1, #0]
1000651e:	2a00      	cmp	r2, #0
10006520:	d004      	beq.n	1000652c <tusb_rhport_init+0x20>
10006522:	480c      	ldr	r0, [pc, #48]	@ (10006554 <tusb_rhport_init+0x48>)
10006524:	54c2      	strb	r2, [r0, r3]
10006526:	2001      	movs	r0, #1
10006528:	2a01      	cmp	r2, #1
1000652a:	d001      	beq.n	10006530 <tusb_rhport_init+0x24>
1000652c:	b003      	add	sp, #12
1000652e:	bd00      	pop	{pc}
10006530:	0018      	movs	r0, r3
10006532:	f7fe ff21 	bl	10005378 <tud_rhport_init>
10006536:	e7f9      	b.n	1000652c <tusb_rhport_init+0x20>
10006538:	2301      	movs	r3, #1
1000653a:	466a      	mov	r2, sp
1000653c:	2000      	movs	r0, #0
1000653e:	a901      	add	r1, sp, #4
10006540:	8093      	strh	r3, [r2, #4]
10006542:	f7fe ff19 	bl	10005378 <tud_rhport_init>
10006546:	2800      	cmp	r0, #0
10006548:	d0f0      	beq.n	1000652c <tusb_rhport_init+0x20>
1000654a:	2201      	movs	r2, #1
1000654c:	4b01      	ldr	r3, [pc, #4]	@ (10006554 <tusb_rhport_init+0x48>)
1000654e:	701a      	strb	r2, [r3, #0]
10006550:	e7ec      	b.n	1000652c <tusb_rhport_init+0x20>
10006552:	46c0      	nop			@ (mov r8, r8)
10006554:	20001d5c 	.word	0x20001d5c

10006558 <tu_edpt_claim>:
10006558:	b570      	push	{r4, r5, r6, lr}
1000655a:	0004      	movs	r4, r0
1000655c:	7823      	ldrb	r3, [r4, #0]
1000655e:	0008      	movs	r0, r1
10006560:	07db      	lsls	r3, r3, #31
10006562:	000e      	movs	r6, r1
10006564:	0fdd      	lsrs	r5, r3, #31
10006566:	2b00      	cmp	r3, #0
10006568:	d116      	bne.n	10006598 <tu_edpt_claim+0x40>
1000656a:	7823      	ldrb	r3, [r4, #0]
1000656c:	075b      	lsls	r3, r3, #29
1000656e:	d501      	bpl.n	10006574 <tu_edpt_claim+0x1c>
10006570:	0028      	movs	r0, r5
10006572:	bd70      	pop	{r4, r5, r6, pc}
10006574:	2101      	movs	r1, #1
10006576:	4249      	negs	r1, r1
10006578:	f002 f82e 	bl	100085d8 <__mutex_enter_timeout_ms_veneer>
1000657c:	7823      	ldrb	r3, [r4, #0]
1000657e:	07db      	lsls	r3, r3, #31
10006580:	0fdd      	lsrs	r5, r3, #31
10006582:	2b00      	cmp	r3, #0
10006584:	d10a      	bne.n	1000659c <tu_edpt_claim+0x44>
10006586:	7823      	ldrb	r3, [r4, #0]
10006588:	075b      	lsls	r3, r3, #29
1000658a:	d408      	bmi.n	1000659e <tu_edpt_claim+0x46>
1000658c:	2204      	movs	r2, #4
1000658e:	7823      	ldrb	r3, [r4, #0]
10006590:	2501      	movs	r5, #1
10006592:	4313      	orrs	r3, r2
10006594:	7023      	strb	r3, [r4, #0]
10006596:	e002      	b.n	1000659e <tu_edpt_claim+0x46>
10006598:	2500      	movs	r5, #0
1000659a:	e7e9      	b.n	10006570 <tu_edpt_claim+0x18>
1000659c:	2500      	movs	r5, #0
1000659e:	0030      	movs	r0, r6
100065a0:	f002 f852 	bl	10008648 <__mutex_exit_veneer>
100065a4:	e7e4      	b.n	10006570 <tu_edpt_claim+0x18>
100065a6:	46c0      	nop			@ (mov r8, r8)

100065a8 <tu_edpt_release>:
100065a8:	b570      	push	{r4, r5, r6, lr}
100065aa:	000d      	movs	r5, r1
100065ac:	2101      	movs	r1, #1
100065ae:	0004      	movs	r4, r0
100065b0:	4249      	negs	r1, r1
100065b2:	0028      	movs	r0, r5
100065b4:	f002 f810 	bl	100085d8 <__mutex_enter_timeout_ms_veneer>
100065b8:	7823      	ldrb	r3, [r4, #0]
100065ba:	075b      	lsls	r3, r3, #29
100065bc:	0fde      	lsrs	r6, r3, #31
100065be:	2b00      	cmp	r3, #0
100065c0:	db04      	blt.n	100065cc <tu_edpt_release+0x24>
100065c2:	0028      	movs	r0, r5
100065c4:	f002 f840 	bl	10008648 <__mutex_exit_veneer>
100065c8:	0030      	movs	r0, r6
100065ca:	bd70      	pop	{r4, r5, r6, pc}
100065cc:	7823      	ldrb	r3, [r4, #0]
100065ce:	07db      	lsls	r3, r3, #31
100065d0:	d404      	bmi.n	100065dc <tu_edpt_release+0x34>
100065d2:	2204      	movs	r2, #4
100065d4:	7823      	ldrb	r3, [r4, #0]
100065d6:	4393      	bics	r3, r2
100065d8:	7023      	strb	r3, [r4, #0]
100065da:	e7f2      	b.n	100065c2 <tu_edpt_release+0x1a>
100065dc:	2600      	movs	r6, #0
100065de:	e7f0      	b.n	100065c2 <tu_edpt_release+0x1a>

100065e0 <tu_edpt_validate>:
100065e0:	7943      	ldrb	r3, [r0, #5]
100065e2:	7902      	ldrb	r2, [r0, #4]
100065e4:	021b      	lsls	r3, r3, #8
100065e6:	4313      	orrs	r3, r2
100065e8:	78c2      	ldrb	r2, [r0, #3]
100065ea:	055b      	lsls	r3, r3, #21
100065ec:	0792      	lsls	r2, r2, #30
100065ee:	0d5b      	lsrs	r3, r3, #21
100065f0:	0f92      	lsrs	r2, r2, #30
100065f2:	2a02      	cmp	r2, #2
100065f4:	d01a      	beq.n	1000662c <tu_edpt_validate+0x4c>
100065f6:	2a03      	cmp	r2, #3
100065f8:	d00b      	beq.n	10006612 <tu_edpt_validate+0x32>
100065fa:	2000      	movs	r0, #0
100065fc:	2a01      	cmp	r2, #1
100065fe:	d107      	bne.n	10006610 <tu_edpt_validate+0x30>
10006600:	3902      	subs	r1, #2
10006602:	424a      	negs	r2, r1
10006604:	4151      	adcs	r1, r2
10006606:	4a10      	ldr	r2, [pc, #64]	@ (10006648 <tu_edpt_validate+0x68>)
10006608:	1889      	adds	r1, r1, r2
1000660a:	4299      	cmp	r1, r3
1000660c:	4140      	adcs	r0, r0
1000660e:	b2c0      	uxtb	r0, r0
10006610:	4770      	bx	lr
10006612:	3902      	subs	r1, #2
10006614:	1e4a      	subs	r2, r1, #1
10006616:	4191      	sbcs	r1, r2
10006618:	4a0c      	ldr	r2, [pc, #48]	@ (1000664c <tu_edpt_validate+0x6c>)
1000661a:	4249      	negs	r1, r1
1000661c:	4011      	ands	r1, r2
1000661e:	2280      	movs	r2, #128	@ 0x80
10006620:	2000      	movs	r0, #0
10006622:	00d2      	lsls	r2, r2, #3
10006624:	1889      	adds	r1, r1, r2
10006626:	4299      	cmp	r1, r3
10006628:	4140      	adcs	r0, r0
1000662a:	e7f1      	b.n	10006610 <tu_edpt_validate+0x30>
1000662c:	2902      	cmp	r1, #2
1000662e:	d004      	beq.n	1000663a <tu_edpt_validate+0x5a>
10006630:	2000      	movs	r0, #0
10006632:	2240      	movs	r2, #64	@ 0x40
10006634:	429a      	cmp	r2, r3
10006636:	4140      	adcs	r0, r0
10006638:	e7ea      	b.n	10006610 <tu_edpt_validate+0x30>
1000663a:	4a05      	ldr	r2, [pc, #20]	@ (10006650 <tu_edpt_validate+0x70>)
1000663c:	1898      	adds	r0, r3, r2
1000663e:	4243      	negs	r3, r0
10006640:	4158      	adcs	r0, r3
10006642:	b2c0      	uxtb	r0, r0
10006644:	e7e4      	b.n	10006610 <tu_edpt_validate+0x30>
10006646:	46c0      	nop			@ (mov r8, r8)
10006648:	000003ff 	.word	0x000003ff
1000664c:	fffffc40 	.word	0xfffffc40
10006650:	fffffe00 	.word	0xfffffe00

10006654 <tu_edpt_bind_driver>:
10006654:	4684      	mov	ip, r0
10006656:	1888      	adds	r0, r1, r2
10006658:	b530      	push	{r4, r5, lr}
1000665a:	001c      	movs	r4, r3
1000665c:	4281      	cmp	r1, r0
1000665e:	d206      	bcs.n	1000666e <tu_edpt_bind_driver+0x1a>
10006660:	784a      	ldrb	r2, [r1, #1]
10006662:	2a05      	cmp	r2, #5
10006664:	d004      	beq.n	10006670 <tu_edpt_bind_driver+0x1c>
10006666:	780a      	ldrb	r2, [r1, #0]
10006668:	1889      	adds	r1, r1, r2
1000666a:	4288      	cmp	r0, r1
1000666c:	d8f8      	bhi.n	10006660 <tu_edpt_bind_driver+0xc>
1000666e:	bd30      	pop	{r4, r5, pc}
10006670:	227f      	movs	r2, #127	@ 0x7f
10006672:	788b      	ldrb	r3, [r1, #2]
10006674:	401a      	ands	r2, r3
10006676:	0052      	lsls	r2, r2, #1
10006678:	4462      	add	r2, ip
1000667a:	09db      	lsrs	r3, r3, #7
1000667c:	54d4      	strb	r4, [r2, r3]
1000667e:	780a      	ldrb	r2, [r1, #0]
10006680:	1889      	adds	r1, r1, r2
10006682:	4288      	cmp	r0, r1
10006684:	d8ec      	bhi.n	10006660 <tu_edpt_bind_driver+0xc>
10006686:	e7f2      	b.n	1000666e <tu_edpt_bind_driver+0x1a>

10006688 <tu_fifo_config>:
10006688:	b5f0      	push	{r4, r5, r6, r7, lr}
1000668a:	46c6      	mov	lr, r8
1000668c:	b500      	push	{lr}
1000668e:	4698      	mov	r8, r3
10006690:	466b      	mov	r3, sp
10006692:	7e1e      	ldrb	r6, [r3, #24]
10006694:	2380      	movs	r3, #128	@ 0x80
10006696:	0004      	movs	r4, r0
10006698:	000f      	movs	r7, r1
1000669a:	0015      	movs	r5, r2
1000669c:	021b      	lsls	r3, r3, #8
1000669e:	429a      	cmp	r2, r3
100066a0:	d826      	bhi.n	100066f0 <tu_fifo_config+0x68>
100066a2:	68c0      	ldr	r0, [r0, #12]
100066a4:	2800      	cmp	r0, #0
100066a6:	d003      	beq.n	100066b0 <tu_fifo_config+0x28>
100066a8:	2101      	movs	r1, #1
100066aa:	4249      	negs	r1, r1
100066ac:	f001 ff94 	bl	100085d8 <__mutex_enter_timeout_ms_veneer>
100066b0:	6920      	ldr	r0, [r4, #16]
100066b2:	2800      	cmp	r0, #0
100066b4:	d003      	beq.n	100066be <tu_fifo_config+0x36>
100066b6:	2101      	movs	r1, #1
100066b8:	4249      	negs	r1, r1
100066ba:	f001 ff8d 	bl	100085d8 <__mutex_enter_timeout_ms_veneer>
100066be:	4642      	mov	r2, r8
100066c0:	0452      	lsls	r2, r2, #17
100066c2:	03f3      	lsls	r3, r6, #15
100066c4:	0c52      	lsrs	r2, r2, #17
100066c6:	4313      	orrs	r3, r2
100066c8:	80e3      	strh	r3, [r4, #6]
100066ca:	2300      	movs	r3, #0
100066cc:	68e0      	ldr	r0, [r4, #12]
100066ce:	8163      	strh	r3, [r4, #10]
100066d0:	6027      	str	r7, [r4, #0]
100066d2:	80a5      	strh	r5, [r4, #4]
100066d4:	8123      	strh	r3, [r4, #8]
100066d6:	2800      	cmp	r0, #0
100066d8:	d001      	beq.n	100066de <tu_fifo_config+0x56>
100066da:	f001 ffb5 	bl	10008648 <__mutex_exit_veneer>
100066de:	6920      	ldr	r0, [r4, #16]
100066e0:	2800      	cmp	r0, #0
100066e2:	d001      	beq.n	100066e8 <tu_fifo_config+0x60>
100066e4:	f001 ffb0 	bl	10008648 <__mutex_exit_veneer>
100066e8:	2001      	movs	r0, #1
100066ea:	bc80      	pop	{r7}
100066ec:	46b8      	mov	r8, r7
100066ee:	bdf0      	pop	{r4, r5, r6, r7, pc}
100066f0:	2000      	movs	r0, #0
100066f2:	e7fa      	b.n	100066ea <tu_fifo_config+0x62>

100066f4 <tu_fifo_count>:
100066f4:	8903      	ldrh	r3, [r0, #8]
100066f6:	8941      	ldrh	r1, [r0, #10]
100066f8:	469c      	mov	ip, r3
100066fa:	8882      	ldrh	r2, [r0, #4]
100066fc:	b29b      	uxth	r3, r3
100066fe:	b288      	uxth	r0, r1
10006700:	458c      	cmp	ip, r1
10006702:	d307      	bcc.n	10006714 <tu_fifo_count+0x20>
10006704:	1a1b      	subs	r3, r3, r0
10006706:	b29b      	uxth	r3, r3
10006708:	1c10      	adds	r0, r2, #0
1000670a:	429a      	cmp	r2, r3
1000670c:	d900      	bls.n	10006710 <tu_fifo_count+0x1c>
1000670e:	1c18      	adds	r0, r3, #0
10006710:	b280      	uxth	r0, r0
10006712:	4770      	bx	lr
10006714:	0051      	lsls	r1, r2, #1
10006716:	1a09      	subs	r1, r1, r0
10006718:	185b      	adds	r3, r3, r1
1000671a:	b29b      	uxth	r3, r3
1000671c:	e7f4      	b.n	10006708 <tu_fifo_count+0x14>
1000671e:	46c0      	nop			@ (mov r8, r8)

10006720 <tu_fifo_empty>:
10006720:	8903      	ldrh	r3, [r0, #8]
10006722:	8940      	ldrh	r0, [r0, #10]
10006724:	1a18      	subs	r0, r3, r0
10006726:	4243      	negs	r3, r0
10006728:	4158      	adcs	r0, r3
1000672a:	b2c0      	uxtb	r0, r0
1000672c:	4770      	bx	lr
1000672e:	46c0      	nop			@ (mov r8, r8)

10006730 <tu_fifo_remaining>:
10006730:	8903      	ldrh	r3, [r0, #8]
10006732:	8941      	ldrh	r1, [r0, #10]
10006734:	469c      	mov	ip, r3
10006736:	8882      	ldrh	r2, [r0, #4]
10006738:	b29b      	uxth	r3, r3
1000673a:	b288      	uxth	r0, r1
1000673c:	458c      	cmp	ip, r1
1000673e:	d307      	bcc.n	10006750 <tu_fifo_remaining+0x20>
10006740:	1a1b      	subs	r3, r3, r0
10006742:	b29b      	uxth	r3, r3
10006744:	2000      	movs	r0, #0
10006746:	429a      	cmp	r2, r3
10006748:	d901      	bls.n	1000674e <tu_fifo_remaining+0x1e>
1000674a:	1ad2      	subs	r2, r2, r3
1000674c:	b290      	uxth	r0, r2
1000674e:	4770      	bx	lr
10006750:	0051      	lsls	r1, r2, #1
10006752:	1a09      	subs	r1, r1, r0
10006754:	185b      	adds	r3, r3, r1
10006756:	b29b      	uxth	r3, r3
10006758:	e7f4      	b.n	10006744 <tu_fifo_remaining+0x14>
1000675a:	46c0      	nop			@ (mov r8, r8)

1000675c <tu_fifo_read>:
1000675c:	b570      	push	{r4, r5, r6, lr}
1000675e:	0004      	movs	r4, r0
10006760:	6900      	ldr	r0, [r0, #16]
10006762:	000d      	movs	r5, r1
10006764:	2800      	cmp	r0, #0
10006766:	d003      	beq.n	10006770 <tu_fifo_read+0x14>
10006768:	2101      	movs	r1, #1
1000676a:	4249      	negs	r1, r1
1000676c:	f001 ff34 	bl	100085d8 <__mutex_enter_timeout_ms_veneer>
10006770:	8923      	ldrh	r3, [r4, #8]
10006772:	8962      	ldrh	r2, [r4, #10]
10006774:	469c      	mov	ip, r3
10006776:	b298      	uxth	r0, r3
10006778:	b291      	uxth	r1, r2
1000677a:	88a3      	ldrh	r3, [r4, #4]
1000677c:	4594      	cmp	ip, r2
1000677e:	d332      	bcc.n	100067e6 <tu_fifo_read+0x8a>
10006780:	1a42      	subs	r2, r0, r1
10006782:	b292      	uxth	r2, r2
10006784:	2a00      	cmp	r2, #0
10006786:	d027      	beq.n	100067d8 <tu_fifo_read+0x7c>
10006788:	4293      	cmp	r3, r2
1000678a:	d208      	bcs.n	1000679e <tu_fifo_read+0x42>
1000678c:	4298      	cmp	r0, r3
1000678e:	d32f      	bcc.n	100067f0 <tu_fifo_read+0x94>
10006790:	1ac0      	subs	r0, r0, r3
10006792:	b281      	uxth	r1, r0
10006794:	8161      	strh	r1, [r4, #10]
10006796:	428b      	cmp	r3, r1
10006798:	d803      	bhi.n	100067a2 <tu_fifo_read+0x46>
1000679a:	1ac9      	subs	r1, r1, r3
1000679c:	b289      	uxth	r1, r1
1000679e:	428b      	cmp	r3, r1
100067a0:	d9fb      	bls.n	1000679a <tu_fifo_read+0x3e>
100067a2:	88e2      	ldrh	r2, [r4, #6]
100067a4:	6823      	ldr	r3, [r4, #0]
100067a6:	0452      	lsls	r2, r2, #17
100067a8:	0c52      	lsrs	r2, r2, #17
100067aa:	4351      	muls	r1, r2
100067ac:	0028      	movs	r0, r5
100067ae:	1859      	adds	r1, r3, r1
100067b0:	f7fc f914 	bl	100029dc <__wrap___aeabi_memcpy>
100067b4:	8961      	ldrh	r1, [r4, #10]
100067b6:	2501      	movs	r5, #1
100067b8:	1c4a      	adds	r2, r1, #1
100067ba:	b292      	uxth	r2, r2
100067bc:	88a3      	ldrh	r3, [r4, #4]
100067be:	4291      	cmp	r1, r2
100067c0:	d90d      	bls.n	100067de <tu_fifo_read+0x82>
100067c2:	2200      	movs	r2, #0
100067c4:	005b      	lsls	r3, r3, #1
100067c6:	1ad2      	subs	r2, r2, r3
100067c8:	6920      	ldr	r0, [r4, #16]
100067ca:	8162      	strh	r2, [r4, #10]
100067cc:	2800      	cmp	r0, #0
100067ce:	d001      	beq.n	100067d4 <tu_fifo_read+0x78>
100067d0:	f001 ff3a 	bl	10008648 <__mutex_exit_veneer>
100067d4:	0028      	movs	r0, r5
100067d6:	bd70      	pop	{r4, r5, r6, pc}
100067d8:	2500      	movs	r5, #0
100067da:	8962      	ldrh	r2, [r4, #10]
100067dc:	b292      	uxth	r2, r2
100067de:	005b      	lsls	r3, r3, #1
100067e0:	429a      	cmp	r2, r3
100067e2:	dbf1      	blt.n	100067c8 <tu_fifo_read+0x6c>
100067e4:	e7ef      	b.n	100067c6 <tu_fifo_read+0x6a>
100067e6:	005a      	lsls	r2, r3, #1
100067e8:	1a52      	subs	r2, r2, r1
100067ea:	1882      	adds	r2, r0, r2
100067ec:	b292      	uxth	r2, r2
100067ee:	e7c9      	b.n	10006784 <tu_fifo_read+0x28>
100067f0:	18c0      	adds	r0, r0, r3
100067f2:	b281      	uxth	r1, r0
100067f4:	8161      	strh	r1, [r4, #10]
100067f6:	e7ce      	b.n	10006796 <tu_fifo_read+0x3a>

100067f8 <tu_fifo_read_n>:
100067f8:	b5f0      	push	{r4, r5, r6, r7, lr}
100067fa:	4646      	mov	r6, r8
100067fc:	46d6      	mov	lr, sl
100067fe:	464f      	mov	r7, r9
10006800:	b5c0      	push	{r6, r7, lr}
10006802:	0006      	movs	r6, r0
10006804:	6900      	ldr	r0, [r0, #16]
10006806:	468a      	mov	sl, r1
10006808:	4690      	mov	r8, r2
1000680a:	b082      	sub	sp, #8
1000680c:	2800      	cmp	r0, #0
1000680e:	d003      	beq.n	10006818 <tu_fifo_read_n+0x20>
10006810:	2101      	movs	r1, #1
10006812:	4249      	negs	r1, r1
10006814:	f001 fee0 	bl	100085d8 <__mutex_enter_timeout_ms_veneer>
10006818:	8931      	ldrh	r1, [r6, #8]
1000681a:	8972      	ldrh	r2, [r6, #10]
1000681c:	88b5      	ldrh	r5, [r6, #4]
1000681e:	b28b      	uxth	r3, r1
10006820:	b294      	uxth	r4, r2
10006822:	4291      	cmp	r1, r2
10006824:	d355      	bcc.n	100068d2 <tu_fifo_read_n+0xda>
10006826:	1b1f      	subs	r7, r3, r4
10006828:	b2bf      	uxth	r7, r7
1000682a:	2f00      	cmp	r7, #0
1000682c:	d04b      	beq.n	100068c6 <tu_fifo_read_n+0xce>
1000682e:	42bd      	cmp	r5, r7
10006830:	d205      	bcs.n	1000683e <tu_fifo_read_n+0x46>
10006832:	42ab      	cmp	r3, r5
10006834:	d252      	bcs.n	100068dc <tu_fifo_read_n+0xe4>
10006836:	195b      	adds	r3, r3, r5
10006838:	b29c      	uxth	r4, r3
1000683a:	002f      	movs	r7, r5
1000683c:	8174      	strh	r4, [r6, #10]
1000683e:	4643      	mov	r3, r8
10006840:	45b8      	cmp	r8, r7
10006842:	d83e      	bhi.n	100068c2 <tu_fifo_read_n+0xca>
10006844:	b29f      	uxth	r7, r3
10006846:	42a5      	cmp	r5, r4
10006848:	d803      	bhi.n	10006852 <tu_fifo_read_n+0x5a>
1000684a:	1b64      	subs	r4, r4, r5
1000684c:	b2a4      	uxth	r4, r4
1000684e:	42a5      	cmp	r5, r4
10006850:	d9fb      	bls.n	1000684a <tu_fifo_read_n+0x52>
10006852:	88f2      	ldrh	r2, [r6, #6]
10006854:	6831      	ldr	r1, [r6, #0]
10006856:	0452      	lsls	r2, r2, #17
10006858:	0c50      	lsrs	r0, r2, #17
1000685a:	0002      	movs	r2, r0
1000685c:	4362      	muls	r2, r4
1000685e:	1b2b      	subs	r3, r5, r4
10006860:	b29b      	uxth	r3, r3
10006862:	1889      	adds	r1, r1, r2
10006864:	9001      	str	r0, [sp, #4]
10006866:	0002      	movs	r2, r0
10006868:	429f      	cmp	r7, r3
1000686a:	d925      	bls.n	100068b8 <tu_fifo_read_n+0xc0>
1000686c:	4343      	muls	r3, r0
1000686e:	b29b      	uxth	r3, r3
10006870:	001a      	movs	r2, r3
10006872:	4650      	mov	r0, sl
10006874:	4699      	mov	r9, r3
10006876:	f7fc f8b1 	bl	100029dc <__wrap___aeabi_memcpy>
1000687a:	4650      	mov	r0, sl
1000687c:	9a01      	ldr	r2, [sp, #4]
1000687e:	1b7d      	subs	r5, r7, r5
10006880:	1964      	adds	r4, r4, r5
10006882:	4354      	muls	r4, r2
10006884:	6831      	ldr	r1, [r6, #0]
10006886:	4448      	add	r0, r9
10006888:	b2a2      	uxth	r2, r4
1000688a:	f7fc f8a7 	bl	100029dc <__wrap___aeabi_memcpy>
1000688e:	8971      	ldrh	r1, [r6, #10]
10006890:	88b5      	ldrh	r5, [r6, #4]
10006892:	19cb      	adds	r3, r1, r7
10006894:	b29b      	uxth	r3, r3
10006896:	006a      	lsls	r2, r5, #1
10006898:	4299      	cmp	r1, r3
1000689a:	d916      	bls.n	100068ca <tu_fifo_read_n+0xd2>
1000689c:	1a9b      	subs	r3, r3, r2
1000689e:	6930      	ldr	r0, [r6, #16]
100068a0:	8173      	strh	r3, [r6, #10]
100068a2:	2800      	cmp	r0, #0
100068a4:	d001      	beq.n	100068aa <tu_fifo_read_n+0xb2>
100068a6:	f001 fecf 	bl	10008648 <__mutex_exit_veneer>
100068aa:	0038      	movs	r0, r7
100068ac:	b002      	add	sp, #8
100068ae:	bce0      	pop	{r5, r6, r7}
100068b0:	46ba      	mov	sl, r7
100068b2:	46b1      	mov	r9, r6
100068b4:	46a8      	mov	r8, r5
100068b6:	bdf0      	pop	{r4, r5, r6, r7, pc}
100068b8:	4650      	mov	r0, sl
100068ba:	437a      	muls	r2, r7
100068bc:	f7fc f88e 	bl	100029dc <__wrap___aeabi_memcpy>
100068c0:	e7e5      	b.n	1000688e <tu_fifo_read_n+0x96>
100068c2:	1c3b      	adds	r3, r7, #0
100068c4:	e7be      	b.n	10006844 <tu_fifo_read_n+0x4c>
100068c6:	8973      	ldrh	r3, [r6, #10]
100068c8:	b29b      	uxth	r3, r3
100068ca:	006a      	lsls	r2, r5, #1
100068cc:	4293      	cmp	r3, r2
100068ce:	dbe6      	blt.n	1000689e <tu_fifo_read_n+0xa6>
100068d0:	e7e4      	b.n	1000689c <tu_fifo_read_n+0xa4>
100068d2:	006f      	lsls	r7, r5, #1
100068d4:	1b3f      	subs	r7, r7, r4
100068d6:	19df      	adds	r7, r3, r7
100068d8:	b2bf      	uxth	r7, r7
100068da:	e7a6      	b.n	1000682a <tu_fifo_read_n+0x32>
100068dc:	1b5b      	subs	r3, r3, r5
100068de:	b29c      	uxth	r4, r3
100068e0:	e7ab      	b.n	1000683a <tu_fifo_read_n+0x42>
100068e2:	46c0      	nop			@ (mov r8, r8)

100068e4 <tu_fifo_write>:
100068e4:	b5f8      	push	{r3, r4, r5, r6, r7, lr}
100068e6:	0004      	movs	r4, r0
100068e8:	68c0      	ldr	r0, [r0, #12]
100068ea:	000f      	movs	r7, r1
100068ec:	2800      	cmp	r0, #0
100068ee:	d003      	beq.n	100068f8 <tu_fifo_write+0x14>
100068f0:	2101      	movs	r1, #1
100068f2:	4249      	negs	r1, r1
100068f4:	f001 fe70 	bl	100085d8 <__mutex_enter_timeout_ms_veneer>
100068f8:	8925      	ldrh	r5, [r4, #8]
100068fa:	8920      	ldrh	r0, [r4, #8]
100068fc:	8961      	ldrh	r1, [r4, #10]
100068fe:	88a2      	ldrh	r2, [r4, #4]
10006900:	b2ad      	uxth	r5, r5
10006902:	b283      	uxth	r3, r0
10006904:	b28e      	uxth	r6, r1
10006906:	4288      	cmp	r0, r1
10006908:	d328      	bcc.n	1000695c <tu_fifo_write+0x78>
1000690a:	1b9b      	subs	r3, r3, r6
1000690c:	b29b      	uxth	r3, r3
1000690e:	429a      	cmp	r2, r3
10006910:	d809      	bhi.n	10006926 <tu_fifo_write+0x42>
10006912:	79e6      	ldrb	r6, [r4, #7]
10006914:	09f6      	lsrs	r6, r6, #7
10006916:	d106      	bne.n	10006926 <tu_fifo_write+0x42>
10006918:	68e0      	ldr	r0, [r4, #12]
1000691a:	2800      	cmp	r0, #0
1000691c:	d001      	beq.n	10006922 <tu_fifo_write+0x3e>
1000691e:	f001 fe93 	bl	10008648 <__mutex_exit_veneer>
10006922:	0030      	movs	r0, r6
10006924:	bdf8      	pop	{r3, r4, r5, r6, r7, pc}
10006926:	002b      	movs	r3, r5
10006928:	4295      	cmp	r5, r2
1000692a:	d31c      	bcc.n	10006966 <tu_fifo_write+0x82>
1000692c:	1a9b      	subs	r3, r3, r2
1000692e:	b29b      	uxth	r3, r3
10006930:	4293      	cmp	r3, r2
10006932:	d2fb      	bcs.n	1000692c <tu_fifo_write+0x48>
10006934:	88e2      	ldrh	r2, [r4, #6]
10006936:	6820      	ldr	r0, [r4, #0]
10006938:	0452      	lsls	r2, r2, #17
1000693a:	0c52      	lsrs	r2, r2, #17
1000693c:	4353      	muls	r3, r2
1000693e:	0039      	movs	r1, r7
10006940:	18c0      	adds	r0, r0, r3
10006942:	f7fc f84b 	bl	100029dc <__wrap___aeabi_memcpy>
10006946:	1c6b      	adds	r3, r5, #1
10006948:	b29b      	uxth	r3, r3
1000694a:	88a2      	ldrh	r2, [r4, #4]
1000694c:	429d      	cmp	r5, r3
1000694e:	d916      	bls.n	1000697e <tu_fifo_write+0x9a>
10006950:	2300      	movs	r3, #0
10006952:	0052      	lsls	r2, r2, #1
10006954:	1a9b      	subs	r3, r3, r2
10006956:	2601      	movs	r6, #1
10006958:	8123      	strh	r3, [r4, #8]
1000695a:	e7dd      	b.n	10006918 <tu_fifo_write+0x34>
1000695c:	0051      	lsls	r1, r2, #1
1000695e:	1b89      	subs	r1, r1, r6
10006960:	185b      	adds	r3, r3, r1
10006962:	b29b      	uxth	r3, r3
10006964:	e7d3      	b.n	1000690e <tu_fifo_write+0x2a>
10006966:	88e2      	ldrh	r2, [r4, #6]
10006968:	6820      	ldr	r0, [r4, #0]
1000696a:	0452      	lsls	r2, r2, #17
1000696c:	0c52      	lsrs	r2, r2, #17
1000696e:	4353      	muls	r3, r2
10006970:	0039      	movs	r1, r7
10006972:	18c0      	adds	r0, r0, r3
10006974:	f7fc f832 	bl	100029dc <__wrap___aeabi_memcpy>
10006978:	3501      	adds	r5, #1
1000697a:	88a2      	ldrh	r2, [r4, #4]
1000697c:	b2ab      	uxth	r3, r5
1000697e:	0052      	lsls	r2, r2, #1
10006980:	4293      	cmp	r3, r2
10006982:	dbe8      	blt.n	10006956 <tu_fifo_write+0x72>
10006984:	e7e6      	b.n	10006954 <tu_fifo_write+0x70>
10006986:	46c0      	nop			@ (mov r8, r8)

10006988 <tu_fifo_write_n>:
10006988:	b5f0      	push	{r4, r5, r6, r7, lr}
1000698a:	464e      	mov	r6, r9
1000698c:	4645      	mov	r5, r8
1000698e:	46de      	mov	lr, fp
10006990:	4657      	mov	r7, sl
10006992:	b5e0      	push	{r5, r6, r7, lr}
10006994:	4689      	mov	r9, r1
10006996:	0005      	movs	r5, r0
10006998:	0016      	movs	r6, r2
1000699a:	b083      	sub	sp, #12
1000699c:	2a00      	cmp	r2, #0
1000699e:	d06b      	beq.n	10006a78 <tu_fifo_write_n+0xf0>
100069a0:	68c0      	ldr	r0, [r0, #12]
100069a2:	2800      	cmp	r0, #0
100069a4:	d003      	beq.n	100069ae <tu_fifo_write_n+0x26>
100069a6:	2101      	movs	r1, #1
100069a8:	4249      	negs	r1, r1
100069aa:	f001 fe15 	bl	100085d8 <__mutex_enter_timeout_ms_veneer>
100069ae:	892f      	ldrh	r7, [r5, #8]
100069b0:	79ea      	ldrb	r2, [r5, #7]
100069b2:	b2bb      	uxth	r3, r7
100069b4:	4698      	mov	r8, r3
100069b6:	896b      	ldrh	r3, [r5, #10]
100069b8:	88af      	ldrh	r7, [r5, #4]
100069ba:	b29b      	uxth	r3, r3
100069bc:	09d2      	lsrs	r2, r2, #7
100069be:	d13d      	bne.n	10006a3c <tu_fifo_write_n+0xb4>
100069c0:	4598      	cmp	r8, r3
100069c2:	d262      	bcs.n	10006a8a <tu_fifo_write_n+0x102>
100069c4:	007a      	lsls	r2, r7, #1
100069c6:	1ad3      	subs	r3, r2, r3
100069c8:	4443      	add	r3, r8
100069ca:	b29b      	uxth	r3, r3
100069cc:	42bb      	cmp	r3, r7
100069ce:	d261      	bcs.n	10006a94 <tu_fifo_write_n+0x10c>
100069d0:	1afb      	subs	r3, r7, r3
100069d2:	1c1a      	adds	r2, r3, #0
100069d4:	b29b      	uxth	r3, r3
100069d6:	42b3      	cmp	r3, r6
100069d8:	d900      	bls.n	100069dc <tu_fifo_write_n+0x54>
100069da:	1c32      	adds	r2, r6, #0
100069dc:	b296      	uxth	r6, r2
100069de:	1bf3      	subs	r3, r6, r7
100069e0:	9301      	str	r3, [sp, #4]
100069e2:	4643      	mov	r3, r8
100069e4:	18f3      	adds	r3, r6, r3
100069e6:	b29b      	uxth	r3, r3
100069e8:	469b      	mov	fp, r3
100069ea:	88ea      	ldrh	r2, [r5, #6]
100069ec:	4644      	mov	r4, r8
100069ee:	45b8      	cmp	r8, r7
100069f0:	d303      	bcc.n	100069fa <tu_fifo_write_n+0x72>
100069f2:	1be4      	subs	r4, r4, r7
100069f4:	b2a4      	uxth	r4, r4
100069f6:	42bc      	cmp	r4, r7
100069f8:	d2fb      	bcs.n	100069f2 <tu_fifo_write_n+0x6a>
100069fa:	0452      	lsls	r2, r2, #17
100069fc:	1b3b      	subs	r3, r7, r4
100069fe:	0c57      	lsrs	r7, r2, #17
10006a00:	003a      	movs	r2, r7
10006a02:	4362      	muls	r2, r4
10006a04:	6828      	ldr	r0, [r5, #0]
10006a06:	b29b      	uxth	r3, r3
10006a08:	1880      	adds	r0, r0, r2
10006a0a:	42b3      	cmp	r3, r6
10006a0c:	d356      	bcc.n	10006abc <tu_fifo_write_n+0x134>
10006a0e:	003a      	movs	r2, r7
10006a10:	4649      	mov	r1, r9
10006a12:	4372      	muls	r2, r6
10006a14:	f7fb ffe2 	bl	100029dc <__wrap___aeabi_memcpy>
10006a18:	88ab      	ldrh	r3, [r5, #4]
10006a1a:	005b      	lsls	r3, r3, #1
10006a1c:	45d8      	cmp	r8, fp
10006a1e:	d801      	bhi.n	10006a24 <tu_fifo_write_n+0x9c>
10006a20:	459b      	cmp	fp, r3
10006a22:	db02      	blt.n	10006a2a <tu_fifo_write_n+0xa2>
10006a24:	465a      	mov	r2, fp
10006a26:	1ad3      	subs	r3, r2, r3
10006a28:	469b      	mov	fp, r3
10006a2a:	465b      	mov	r3, fp
10006a2c:	0037      	movs	r7, r6
10006a2e:	812b      	strh	r3, [r5, #8]
10006a30:	68e8      	ldr	r0, [r5, #12]
10006a32:	2800      	cmp	r0, #0
10006a34:	d021      	beq.n	10006a7a <tu_fifo_write_n+0xf2>
10006a36:	f001 fe07 	bl	10008648 <__mutex_exit_veneer>
10006a3a:	e01e      	b.n	10006a7a <tu_fifo_write_n+0xf2>
10006a3c:	42be      	cmp	r6, r7
10006a3e:	d22b      	bcs.n	10006a98 <tu_fifo_write_n+0x110>
10006a40:	4598      	cmp	r8, r3
10006a42:	d34c      	bcc.n	10006ade <tu_fifo_write_n+0x156>
10006a44:	4642      	mov	r2, r8
10006a46:	1ad2      	subs	r2, r2, r3
10006a48:	b292      	uxth	r2, r2
10006a4a:	0079      	lsls	r1, r7, #1
10006a4c:	1bf0      	subs	r0, r6, r7
10006a4e:	1992      	adds	r2, r2, r6
10006a50:	9001      	str	r0, [sp, #4]
10006a52:	428a      	cmp	r2, r1
10006a54:	dbc5      	blt.n	100069e2 <tu_fifo_write_n+0x5a>
10006a56:	19da      	adds	r2, r3, r7
10006a58:	b292      	uxth	r2, r2
10006a5a:	4693      	mov	fp, r2
10006a5c:	1b92      	subs	r2, r2, r6
10006a5e:	b292      	uxth	r2, r2
10006a60:	4690      	mov	r8, r2
10006a62:	4293      	cmp	r3, r2
10006a64:	d940      	bls.n	10006ae8 <tu_fifo_write_n+0x160>
10006a66:	4643      	mov	r3, r8
10006a68:	1a59      	subs	r1, r3, r1
10006a6a:	b28b      	uxth	r3, r1
10006a6c:	4698      	mov	r8, r3
10006a6e:	18f3      	adds	r3, r6, r3
10006a70:	b29b      	uxth	r3, r3
10006a72:	469b      	mov	fp, r3
10006a74:	88ea      	ldrh	r2, [r5, #6]
10006a76:	e7b9      	b.n	100069ec <tu_fifo_write_n+0x64>
10006a78:	2700      	movs	r7, #0
10006a7a:	0038      	movs	r0, r7
10006a7c:	b003      	add	sp, #12
10006a7e:	bcf0      	pop	{r4, r5, r6, r7}
10006a80:	46bb      	mov	fp, r7
10006a82:	46b2      	mov	sl, r6
10006a84:	46a9      	mov	r9, r5
10006a86:	46a0      	mov	r8, r4
10006a88:	bdf0      	pop	{r4, r5, r6, r7, pc}
10006a8a:	4642      	mov	r2, r8
10006a8c:	1ad3      	subs	r3, r2, r3
10006a8e:	b29b      	uxth	r3, r3
10006a90:	42bb      	cmp	r3, r7
10006a92:	d39d      	bcc.n	100069d0 <tu_fifo_write_n+0x48>
10006a94:	2700      	movs	r7, #0
10006a96:	e7cb      	b.n	10006a30 <tu_fifo_write_n+0xa8>
10006a98:	2f00      	cmp	r7, #0
10006a9a:	d0c9      	beq.n	10006a30 <tu_fifo_write_n+0xa8>
10006a9c:	46cc      	mov	ip, r9
10006a9e:	88ea      	ldrh	r2, [r5, #6]
10006aa0:	1bf6      	subs	r6, r6, r7
10006aa2:	0451      	lsls	r1, r2, #17
10006aa4:	0c49      	lsrs	r1, r1, #17
10006aa6:	4371      	muls	r1, r6
10006aa8:	4698      	mov	r8, r3
10006aaa:	448c      	add	ip, r1
10006aac:	19d9      	adds	r1, r3, r7
10006aae:	2300      	movs	r3, #0
10006ab0:	b289      	uxth	r1, r1
10006ab2:	46e1      	mov	r9, ip
10006ab4:	468b      	mov	fp, r1
10006ab6:	003e      	movs	r6, r7
10006ab8:	9301      	str	r3, [sp, #4]
10006aba:	e797      	b.n	100069ec <tu_fifo_write_n+0x64>
10006abc:	437b      	muls	r3, r7
10006abe:	b29b      	uxth	r3, r3
10006ac0:	001a      	movs	r2, r3
10006ac2:	4649      	mov	r1, r9
10006ac4:	469a      	mov	sl, r3
10006ac6:	f7fb ff89 	bl	100029dc <__wrap___aeabi_memcpy>
10006aca:	4649      	mov	r1, r9
10006acc:	9b01      	ldr	r3, [sp, #4]
10006ace:	6828      	ldr	r0, [r5, #0]
10006ad0:	18e2      	adds	r2, r4, r3
10006ad2:	437a      	muls	r2, r7
10006ad4:	4451      	add	r1, sl
10006ad6:	b292      	uxth	r2, r2
10006ad8:	f7fb ff80 	bl	100029dc <__wrap___aeabi_memcpy>
10006adc:	e79c      	b.n	10006a18 <tu_fifo_write_n+0x90>
10006ade:	0079      	lsls	r1, r7, #1
10006ae0:	1aca      	subs	r2, r1, r3
10006ae2:	4442      	add	r2, r8
10006ae4:	b292      	uxth	r2, r2
10006ae6:	e7b1      	b.n	10006a4c <tu_fifo_write_n+0xc4>
10006ae8:	4291      	cmp	r1, r2
10006aea:	ddbc      	ble.n	10006a66 <tu_fifo_write_n+0xde>
10006aec:	e7c2      	b.n	10006a74 <tu_fifo_write_n+0xec>
10006aee:	46c0      	nop			@ (mov r8, r8)

10006af0 <tu_fifo_clear>:
10006af0:	b510      	push	{r4, lr}
10006af2:	0004      	movs	r4, r0
10006af4:	68c0      	ldr	r0, [r0, #12]
10006af6:	2800      	cmp	r0, #0
10006af8:	d003      	beq.n	10006b02 <tu_fifo_clear+0x12>
10006afa:	2101      	movs	r1, #1
10006afc:	4249      	negs	r1, r1
10006afe:	f001 fd6b 	bl	100085d8 <__mutex_enter_timeout_ms_veneer>
10006b02:	6920      	ldr	r0, [r4, #16]
10006b04:	2800      	cmp	r0, #0
10006b06:	d003      	beq.n	10006b10 <tu_fifo_clear+0x20>
10006b08:	2101      	movs	r1, #1
10006b0a:	4249      	negs	r1, r1
10006b0c:	f001 fd64 	bl	100085d8 <__mutex_enter_timeout_ms_veneer>
10006b10:	2300      	movs	r3, #0
10006b12:	68e0      	ldr	r0, [r4, #12]
10006b14:	8163      	strh	r3, [r4, #10]
10006b16:	8123      	strh	r3, [r4, #8]
10006b18:	2800      	cmp	r0, #0
10006b1a:	d001      	beq.n	10006b20 <tu_fifo_clear+0x30>
10006b1c:	f001 fd94 	bl	10008648 <__mutex_exit_veneer>
10006b20:	6920      	ldr	r0, [r4, #16]
10006b22:	2800      	cmp	r0, #0
10006b24:	d001      	beq.n	10006b2a <tu_fifo_clear+0x3a>
10006b26:	f001 fd8f 	bl	10008648 <__mutex_exit_veneer>
10006b2a:	2001      	movs	r0, #1
10006b2c:	bd10      	pop	{r4, pc}
10006b2e:	46c0      	nop			@ (mov r8, r8)

10006b30 <tu_fifo_set_overwritable>:
10006b30:	b570      	push	{r4, r5, r6, lr}
10006b32:	0004      	movs	r4, r0
10006b34:	68c0      	ldr	r0, [r0, #12]
10006b36:	000d      	movs	r5, r1
10006b38:	2800      	cmp	r0, #0
10006b3a:	d003      	beq.n	10006b44 <tu_fifo_set_overwritable+0x14>
10006b3c:	2101      	movs	r1, #1
10006b3e:	4249      	negs	r1, r1
10006b40:	f001 fd4a 	bl	100085d8 <__mutex_enter_timeout_ms_veneer>
10006b44:	6920      	ldr	r0, [r4, #16]
10006b46:	2800      	cmp	r0, #0
10006b48:	d003      	beq.n	10006b52 <tu_fifo_set_overwritable+0x22>
10006b4a:	2101      	movs	r1, #1
10006b4c:	4249      	negs	r1, r1
10006b4e:	f001 fd43 	bl	100085d8 <__mutex_enter_timeout_ms_veneer>
10006b52:	217f      	movs	r1, #127	@ 0x7f
10006b54:	79e2      	ldrb	r2, [r4, #7]
10006b56:	01eb      	lsls	r3, r5, #7
10006b58:	4011      	ands	r1, r2
10006b5a:	68e0      	ldr	r0, [r4, #12]
10006b5c:	4319      	orrs	r1, r3
10006b5e:	71e1      	strb	r1, [r4, #7]
10006b60:	2800      	cmp	r0, #0
10006b62:	d001      	beq.n	10006b68 <tu_fifo_set_overwritable+0x38>
10006b64:	f001 fd70 	bl	10008648 <__mutex_exit_veneer>
10006b68:	6920      	ldr	r0, [r4, #16]
10006b6a:	2800      	cmp	r0, #0
10006b6c:	d001      	beq.n	10006b72 <tu_fifo_set_overwritable+0x42>
10006b6e:	f001 fd6b 	bl	10008648 <__mutex_exit_veneer>
10006b72:	2001      	movs	r0, #1
10006b74:	bd70      	pop	{r4, r5, r6, pc}
10006b76:	46c0      	nop			@ (mov r8, r8)

10006b78 <i2c_read_blocking_internal.constprop.0>:
10006b78:	b5f0      	push	{r4, r5, r6, r7, lr}
10006b7a:	46de      	mov	lr, fp
10006b7c:	4657      	mov	r7, sl
10006b7e:	464e      	mov	r6, r9
10006b80:	4645      	mov	r5, r8
10006b82:	b5e0      	push	{r5, r6, r7, lr}
10006b84:	0006      	movs	r6, r0
10006b86:	b083      	sub	sp, #12
10006b88:	001f      	movs	r7, r3
10006b8a:	ab0c      	add	r3, sp, #48	@ 0x30
10006b8c:	0008      	movs	r0, r1
10006b8e:	7819      	ldrb	r1, [r3, #0]
10006b90:	2300      	movs	r3, #0
10006b92:	4693      	mov	fp, r2
10006b94:	6832      	ldr	r2, [r6, #0]
10006b96:	66d3      	str	r3, [r2, #108]	@ 0x6c
10006b98:	3301      	adds	r3, #1
10006b9a:	6050      	str	r0, [r2, #4]
10006b9c:	66d3      	str	r3, [r2, #108]	@ 0x6c
10006b9e:	2f00      	cmp	r7, #0
10006ba0:	dd3b      	ble.n	10006c1a <i2c_read_blocking_internal.constprop.0+0xa2>
10006ba2:	1e7b      	subs	r3, r7, #1
10006ba4:	4699      	mov	r9, r3
10006ba6:	2301      	movs	r3, #1
10006ba8:	404b      	eors	r3, r1
10006baa:	469a      	mov	sl, r3
10006bac:	2000      	movs	r0, #0
10006bae:	2480      	movs	r4, #128	@ 0x80
10006bb0:	2340      	movs	r3, #64	@ 0x40
10006bb2:	4688      	mov	r8, r1
10006bb4:	6f55      	ldr	r5, [r2, #116]	@ 0x74
10006bb6:	2d10      	cmp	r5, #16
10006bb8:	d0fc      	beq.n	10006bb4 <i2c_read_blocking_internal.constprop.0+0x3c>
10006bba:	2500      	movs	r5, #0
10006bbc:	46ac      	mov	ip, r5
10006bbe:	2800      	cmp	r0, #0
10006bc0:	d102      	bne.n	10006bc8 <i2c_read_blocking_internal.constprop.0+0x50>
10006bc2:	7935      	ldrb	r5, [r6, #4]
10006bc4:	02a9      	lsls	r1, r5, #10
10006bc6:	468c      	mov	ip, r1
10006bc8:	464d      	mov	r5, r9
10006bca:	1b41      	subs	r1, r0, r5
10006bcc:	424d      	negs	r5, r1
10006bce:	414d      	adcs	r5, r1
10006bd0:	4651      	mov	r1, sl
10006bd2:	400d      	ands	r5, r1
10006bd4:	4661      	mov	r1, ip
10006bd6:	026d      	lsls	r5, r5, #9
10006bd8:	430d      	orrs	r5, r1
10006bda:	2180      	movs	r1, #128	@ 0x80
10006bdc:	0049      	lsls	r1, r1, #1
10006bde:	430d      	orrs	r5, r1
10006be0:	4641      	mov	r1, r8
10006be2:	6115      	str	r5, [r2, #16]
10006be4:	5915      	ldr	r5, [r2, r4]
10006be6:	6b55      	ldr	r5, [r2, #52]	@ 0x34
10006be8:	422b      	tst	r3, r5
10006bea:	d00a      	beq.n	10006c02 <i2c_read_blocking_internal.constprop.0+0x8a>
10006bec:	2001      	movs	r0, #1
10006bee:	6d53      	ldr	r3, [r2, #84]	@ 0x54
10006bf0:	4240      	negs	r0, r0
10006bf2:	7131      	strb	r1, [r6, #4]
10006bf4:	b003      	add	sp, #12
10006bf6:	bcf0      	pop	{r4, r5, r6, r7}
10006bf8:	46bb      	mov	fp, r7
10006bfa:	46b2      	mov	sl, r6
10006bfc:	46a9      	mov	r9, r5
10006bfe:	46a0      	mov	r8, r4
10006c00:	bdf0      	pop	{r4, r5, r6, r7, pc}
10006c02:	6f95      	ldr	r5, [r2, #120]	@ 0x78
10006c04:	2d00      	cmp	r5, #0
10006c06:	d0ed      	beq.n	10006be4 <i2c_read_blocking_internal.constprop.0+0x6c>
10006c08:	4688      	mov	r8, r1
10006c0a:	4659      	mov	r1, fp
10006c0c:	6912      	ldr	r2, [r2, #16]
10006c0e:	540a      	strb	r2, [r1, r0]
10006c10:	3001      	adds	r0, #1
10006c12:	4287      	cmp	r7, r0
10006c14:	d003      	beq.n	10006c1e <i2c_read_blocking_internal.constprop.0+0xa6>
10006c16:	6832      	ldr	r2, [r6, #0]
10006c18:	e7cc      	b.n	10006bb4 <i2c_read_blocking_internal.constprop.0+0x3c>
10006c1a:	2000      	movs	r0, #0
10006c1c:	e7e9      	b.n	10006bf2 <i2c_read_blocking_internal.constprop.0+0x7a>
10006c1e:	4641      	mov	r1, r8
10006c20:	e7e7      	b.n	10006bf2 <i2c_read_blocking_internal.constprop.0+0x7a>
10006c22:	46c0      	nop			@ (mov r8, r8)

10006c24 <i2c_write_blocking_internal.constprop.0>:
10006c24:	b5f0      	push	{r4, r5, r6, r7, lr}
10006c26:	464e      	mov	r6, r9
10006c28:	4645      	mov	r5, r8
10006c2a:	46de      	mov	lr, fp
10006c2c:	4657      	mov	r7, sl
10006c2e:	4684      	mov	ip, r0
10006c30:	b5e0      	push	{r5, r6, r7, lr}
10006c32:	b085      	sub	sp, #20
10006c34:	4698      	mov	r8, r3
10006c36:	ab0e      	add	r3, sp, #56	@ 0x38
10006c38:	4691      	mov	r9, r2
10006c3a:	781a      	ldrb	r2, [r3, #0]
10006c3c:	4663      	mov	r3, ip
10006c3e:	0008      	movs	r0, r1
10006c40:	6819      	ldr	r1, [r3, #0]
10006c42:	2300      	movs	r3, #0
10006c44:	66cb      	str	r3, [r1, #108]	@ 0x6c
10006c46:	3301      	adds	r3, #1
10006c48:	6048      	str	r0, [r1, #4]
10006c4a:	66cb      	str	r3, [r1, #108]	@ 0x6c
10006c4c:	4643      	mov	r3, r8
10006c4e:	9203      	str	r2, [sp, #12]
10006c50:	2b00      	cmp	r3, #0
10006c52:	dd4e      	ble.n	10006cf2 <i2c_write_blocking_internal.constprop.0+0xce>
10006c54:	2701      	movs	r7, #1
10006c56:	1e5e      	subs	r6, r3, #1
10006c58:	4663      	mov	r3, ip
10006c5a:	2480      	movs	r4, #128	@ 0x80
10006c5c:	4057      	eors	r7, r2
10006c5e:	791a      	ldrb	r2, [r3, #4]
10006c60:	46a2      	mov	sl, r4
10006c62:	2580      	movs	r5, #128	@ 0x80
10006c64:	464c      	mov	r4, r9
10006c66:	0292      	lsls	r2, r2, #10
10006c68:	2000      	movs	r0, #0
10006c6a:	2310      	movs	r3, #16
10006c6c:	4691      	mov	r9, r2
10006c6e:	00ad      	lsls	r5, r5, #2
10006c70:	9401      	str	r4, [sp, #4]
10006c72:	1b84      	subs	r4, r0, r6
10006c74:	4262      	negs	r2, r4
10006c76:	4162      	adcs	r2, r4
10006c78:	9c01      	ldr	r4, [sp, #4]
10006c7a:	403a      	ands	r2, r7
10006c7c:	5c24      	ldrb	r4, [r4, r0]
10006c7e:	0252      	lsls	r2, r2, #9
10006c80:	4322      	orrs	r2, r4
10006c82:	464c      	mov	r4, r9
10006c84:	4322      	orrs	r2, r4
10006c86:	9c01      	ldr	r4, [sp, #4]
10006c88:	610a      	str	r2, [r1, #16]
10006c8a:	6b4a      	ldr	r2, [r1, #52]	@ 0x34
10006c8c:	4213      	tst	r3, r2
10006c8e:	d0fc      	beq.n	10006c8a <i2c_write_blocking_internal.constprop.0+0x66>
10006c90:	4652      	mov	r2, sl
10006c92:	588a      	ldr	r2, [r1, r2]
10006c94:	9401      	str	r4, [sp, #4]
10006c96:	4691      	mov	r9, r2
10006c98:	2a00      	cmp	r2, #0
10006c9a:	d110      	bne.n	10006cbe <i2c_write_blocking_internal.constprop.0+0x9a>
10006c9c:	42b0      	cmp	r0, r6
10006c9e:	d023      	beq.n	10006ce8 <i2c_write_blocking_internal.constprop.0+0xc4>
10006ca0:	2200      	movs	r2, #0
10006ca2:	3001      	adds	r0, #1
10006ca4:	4691      	mov	r9, r2
10006ca6:	4580      	cmp	r8, r0
10006ca8:	d1e3      	bne.n	10006c72 <i2c_write_blocking_internal.constprop.0+0x4e>
10006caa:	4663      	mov	r3, ip
10006cac:	9a03      	ldr	r2, [sp, #12]
10006cae:	711a      	strb	r2, [r3, #4]
10006cb0:	b005      	add	sp, #20
10006cb2:	bcf0      	pop	{r4, r5, r6, r7}
10006cb4:	46bb      	mov	fp, r7
10006cb6:	46b2      	mov	sl, r6
10006cb8:	46a9      	mov	r9, r5
10006cba:	46a0      	mov	r8, r4
10006cbc:	bdf0      	pop	{r4, r5, r6, r7, pc}
10006cbe:	6d4a      	ldr	r2, [r1, #84]	@ 0x54
10006cc0:	2201      	movs	r2, #1
10006cc2:	4693      	mov	fp, r2
10006cc4:	6b4a      	ldr	r2, [r1, #52]	@ 0x34
10006cc6:	422a      	tst	r2, r5
10006cc8:	d0fc      	beq.n	10006cc4 <i2c_write_blocking_internal.constprop.0+0xa0>
10006cca:	6e0a      	ldr	r2, [r1, #96]	@ 0x60
10006ccc:	465a      	mov	r2, fp
10006cce:	9401      	str	r4, [sp, #4]
10006cd0:	2a00      	cmp	r2, #0
10006cd2:	d0e5      	beq.n	10006ca0 <i2c_write_blocking_internal.constprop.0+0x7c>
10006cd4:	464c      	mov	r4, r9
10006cd6:	2c00      	cmp	r4, #0
10006cd8:	d003      	beq.n	10006ce2 <i2c_write_blocking_internal.constprop.0+0xbe>
10006cda:	2309      	movs	r3, #9
10006cdc:	4023      	ands	r3, r4
10006cde:	2b08      	cmp	r3, #8
10006ce0:	d0e3      	beq.n	10006caa <i2c_write_blocking_internal.constprop.0+0x86>
10006ce2:	2001      	movs	r0, #1
10006ce4:	4240      	negs	r0, r0
10006ce6:	e7e0      	b.n	10006caa <i2c_write_blocking_internal.constprop.0+0x86>
10006ce8:	9a03      	ldr	r2, [sp, #12]
10006cea:	2a00      	cmp	r2, #0
10006cec:	d1d8      	bne.n	10006ca0 <i2c_write_blocking_internal.constprop.0+0x7c>
10006cee:	4693      	mov	fp, r2
10006cf0:	e7e8      	b.n	10006cc4 <i2c_write_blocking_internal.constprop.0+0xa0>
10006cf2:	2000      	movs	r0, #0
10006cf4:	e7d9      	b.n	10006caa <i2c_write_blocking_internal.constprop.0+0x86>
10006cf6:	46c0      	nop			@ (mov r8, r8)

10006cf8 <i2c_set_baudrate>:
10006cf8:	b5f0      	push	{r4, r5, r6, r7, lr}
10006cfa:	46d6      	mov	lr, sl
10006cfc:	464f      	mov	r7, r9
10006cfe:	4646      	mov	r6, r8
10006d00:	4682      	mov	sl, r0
10006d02:	b5c0      	push	{r6, r7, lr}
10006d04:	2005      	movs	r0, #5
10006d06:	000c      	movs	r4, r1
10006d08:	f7fa fd72 	bl	100017f0 <clock_get_hz>
10006d0c:	0005      	movs	r5, r0
10006d0e:	0860      	lsrs	r0, r4, #1
10006d10:	0021      	movs	r1, r4
10006d12:	1940      	adds	r0, r0, r5
10006d14:	f7fa ffcc 	bl	10001cb0 <__wrap___aeabi_uidiv>
10006d18:	0047      	lsls	r7, r0, #1
10006d1a:	183f      	adds	r7, r7, r0
10006d1c:	0006      	movs	r6, r0
10006d1e:	2105      	movs	r1, #5
10006d20:	0038      	movs	r0, r7
10006d22:	f7fa ffc5 	bl	10001cb0 <__wrap___aeabi_uidiv>
10006d26:	46a0      	mov	r8, r4
10006d28:	4b1c      	ldr	r3, [pc, #112]	@ (10006d9c <i2c_set_baudrate+0xa4>)
10006d2a:	1a32      	subs	r2, r6, r0
10006d2c:	0004      	movs	r4, r0
10006d2e:	0068      	lsls	r0, r5, #1
10006d30:	4691      	mov	r9, r2
10006d32:	1940      	adds	r0, r0, r5
10006d34:	4598      	cmp	r8, r3
10006d36:	d82b      	bhi.n	10006d90 <i2c_set_baudrate+0x98>
10006d38:	4919      	ldr	r1, [pc, #100]	@ (10006da0 <i2c_set_baudrate+0xa8>)
10006d3a:	f7fa ffb9 	bl	10001cb0 <__wrap___aeabi_uidiv>
10006d3e:	3001      	adds	r0, #1
10006d40:	4653      	mov	r3, sl
10006d42:	2200      	movs	r2, #0
10006d44:	681b      	ldr	r3, [r3, #0]
10006d46:	66da      	str	r2, [r3, #108]	@ 0x6c
10006d48:	6819      	ldr	r1, [r3, #0]
10006d4a:	3204      	adds	r2, #4
10006d4c:	4051      	eors	r1, r2
10006d4e:	3202      	adds	r2, #2
10006d50:	400a      	ands	r2, r1
10006d52:	2180      	movs	r1, #128	@ 0x80
10006d54:	0149      	lsls	r1, r1, #5
10006d56:	1859      	adds	r1, r3, r1
10006d58:	600a      	str	r2, [r1, #0]
10006d5a:	464a      	mov	r2, r9
10006d5c:	61da      	str	r2, [r3, #28]
10006d5e:	2201      	movs	r2, #1
10006d60:	621c      	str	r4, [r3, #32]
10006d62:	2f4f      	cmp	r7, #79	@ 0x4f
10006d64:	d900      	bls.n	10006d68 <i2c_set_baudrate+0x70>
10006d66:	0922      	lsrs	r2, r4, #4
10006d68:	21a0      	movs	r1, #160	@ 0xa0
10006d6a:	505a      	str	r2, [r3, r1]
10006d6c:	6fda      	ldr	r2, [r3, #124]	@ 0x7c
10006d6e:	0031      	movs	r1, r6
10006d70:	4050      	eors	r0, r2
10006d72:	4a0c      	ldr	r2, [pc, #48]	@ (10006da4 <i2c_set_baudrate+0xac>)
10006d74:	0400      	lsls	r0, r0, #16
10006d76:	189a      	adds	r2, r3, r2
10006d78:	0c00      	lsrs	r0, r0, #16
10006d7a:	6010      	str	r0, [r2, #0]
10006d7c:	2201      	movs	r2, #1
10006d7e:	0028      	movs	r0, r5
10006d80:	66da      	str	r2, [r3, #108]	@ 0x6c
10006d82:	f7fa ff95 	bl	10001cb0 <__wrap___aeabi_uidiv>
10006d86:	bce0      	pop	{r5, r6, r7}
10006d88:	46ba      	mov	sl, r7
10006d8a:	46b1      	mov	r9, r6
10006d8c:	46a8      	mov	r8, r5
10006d8e:	bdf0      	pop	{r4, r5, r6, r7, pc}
10006d90:	4905      	ldr	r1, [pc, #20]	@ (10006da8 <i2c_set_baudrate+0xb0>)
10006d92:	f7fa ff8d 	bl	10001cb0 <__wrap___aeabi_uidiv>
10006d96:	3001      	adds	r0, #1
10006d98:	e7d2      	b.n	10006d40 <i2c_set_baudrate+0x48>
10006d9a:	46c0      	nop			@ (mov r8, r8)
10006d9c:	000f423f 	.word	0x000f423f
10006da0:	00989680 	.word	0x00989680
10006da4:	0000107c 	.word	0x0000107c
10006da8:	017d7840 	.word	0x017d7840

10006dac <i2c_init>:
10006dac:	4a10      	ldr	r2, [pc, #64]	@ (10006df0 <i2c_init+0x44>)
10006dae:	b570      	push	{r4, r5, r6, lr}
10006db0:	1a82      	subs	r2, r0, r2
10006db2:	1e53      	subs	r3, r2, #1
10006db4:	419a      	sbcs	r2, r3
10006db6:	2307      	movs	r3, #7
10006db8:	4252      	negs	r2, r2
10006dba:	439a      	bics	r2, r3
10006dbc:	4b0d      	ldr	r3, [pc, #52]	@ (10006df4 <i2c_init+0x48>)
10006dbe:	3210      	adds	r2, #16
10006dc0:	601a      	str	r2, [r3, #0]
10006dc2:	4b0d      	ldr	r3, [pc, #52]	@ (10006df8 <i2c_init+0x4c>)
10006dc4:	4c0d      	ldr	r4, [pc, #52]	@ (10006dfc <i2c_init+0x50>)
10006dc6:	601a      	str	r2, [r3, #0]
10006dc8:	0015      	movs	r5, r2
10006dca:	6823      	ldr	r3, [r4, #0]
10006dcc:	439d      	bics	r5, r3
10006dce:	1e2b      	subs	r3, r5, #0
10006dd0:	d1fa      	bne.n	10006dc8 <i2c_init+0x1c>
10006dd2:	2466      	movs	r4, #102	@ 0x66
10006dd4:	6802      	ldr	r2, [r0, #0]
10006dd6:	34ff      	adds	r4, #255	@ 0xff
10006dd8:	7105      	strb	r5, [r0, #4]
10006dda:	66d5      	str	r5, [r2, #108]	@ 0x6c
10006ddc:	6014      	str	r4, [r2, #0]
10006dde:	3c63      	subs	r4, #99	@ 0x63
10006de0:	3388      	adds	r3, #136	@ 0x88
10006de2:	3cff      	subs	r4, #255	@ 0xff
10006de4:	63d5      	str	r5, [r2, #60]	@ 0x3c
10006de6:	6395      	str	r5, [r2, #56]	@ 0x38
10006de8:	50d4      	str	r4, [r2, r3]
10006dea:	f7ff ff85 	bl	10006cf8 <i2c_set_baudrate>
10006dee:	bd70      	pop	{r4, r5, r6, pc}
10006df0:	20001080 	.word	0x20001080
10006df4:	4000e000 	.word	0x4000e000
10006df8:	4000f000 	.word	0x4000f000
10006dfc:	4000c008 	.word	0x4000c008

10006e00 <i2c_write_blocking>:
10006e00:	b510      	push	{r4, lr}
10006e02:	b082      	sub	sp, #8
10006e04:	466c      	mov	r4, sp
10006e06:	7c24      	ldrb	r4, [r4, #16]
10006e08:	9400      	str	r4, [sp, #0]
10006e0a:	f7ff ff0b 	bl	10006c24 <i2c_write_blocking_internal.constprop.0>
10006e0e:	b002      	add	sp, #8
10006e10:	bd10      	pop	{r4, pc}
10006e12:	46c0      	nop			@ (mov r8, r8)

10006e14 <i2c_read_blocking>:
10006e14:	b510      	push	{r4, lr}
10006e16:	b082      	sub	sp, #8
10006e18:	466c      	mov	r4, sp
10006e1a:	7c24      	ldrb	r4, [r4, #16]
10006e1c:	9400      	str	r4, [sp, #0]
10006e1e:	f7ff feab 	bl	10006b78 <i2c_read_blocking_internal.constprop.0>
10006e22:	b002      	add	sp, #8
10006e24:	bd10      	pop	{r4, pc}
10006e26:	46c0      	nop			@ (mov r8, r8)

10006e28 <VL53L1X_SensorInit>:
10006e28:	b5f0      	push	{r4, r5, r6, r7, lr}
10006e2a:	0005      	movs	r5, r0
10006e2c:	242d      	movs	r4, #45	@ 0x2d
10006e2e:	4e1d      	ldr	r6, [pc, #116]	@ (10006ea4 <VL53L1X_SensorInit+0x7c>)
10006e30:	b083      	sub	sp, #12
10006e32:	5d32      	ldrb	r2, [r6, r4]
10006e34:	b2a1      	uxth	r1, r4
10006e36:	0028      	movs	r0, r5
10006e38:	3401      	adds	r4, #1
10006e3a:	f000 faad 	bl	10007398 <VL53L1X_WrByte>
10006e3e:	2c88      	cmp	r4, #136	@ 0x88
10006e40:	d1f7      	bne.n	10006e32 <VL53L1X_SensorInit+0xa>
10006e42:	2240      	movs	r2, #64	@ 0x40
10006e44:	2187      	movs	r1, #135	@ 0x87
10006e46:	0028      	movs	r0, r5
10006e48:	f000 faa6 	bl	10007398 <VL53L1X_WrByte>
10006e4c:	466b      	mov	r3, sp
10006e4e:	2701      	movs	r7, #1
10006e50:	1ddc      	adds	r4, r3, #7
10006e52:	0022      	movs	r2, r4
10006e54:	2130      	movs	r1, #48	@ 0x30
10006e56:	0028      	movs	r0, r5
10006e58:	f000 fa78 	bl	1000734c <VL53L1X_RdByte>
10006e5c:	0022      	movs	r2, r4
10006e5e:	2131      	movs	r1, #49	@ 0x31
10006e60:	0028      	movs	r0, r5
10006e62:	7826      	ldrb	r6, [r4, #0]
10006e64:	f000 fa72 	bl	1000734c <VL53L1X_RdByte>
10006e68:	2800      	cmp	r0, #0
10006e6a:	d1f2      	bne.n	10006e52 <VL53L1X_SensorInit+0x2a>
10006e6c:	7823      	ldrb	r3, [r4, #0]
10006e6e:	0936      	lsrs	r6, r6, #4
10006e70:	405e      	eors	r6, r3
10006e72:	4237      	tst	r7, r6
10006e74:	d0ed      	beq.n	10006e52 <VL53L1X_SensorInit+0x2a>
10006e76:	2201      	movs	r2, #1
10006e78:	2186      	movs	r1, #134	@ 0x86
10006e7a:	0028      	movs	r0, r5
10006e7c:	f000 fa8c 	bl	10007398 <VL53L1X_WrByte>
10006e80:	2200      	movs	r2, #0
10006e82:	2187      	movs	r1, #135	@ 0x87
10006e84:	0028      	movs	r0, r5
10006e86:	f000 fa87 	bl	10007398 <VL53L1X_WrByte>
10006e8a:	2209      	movs	r2, #9
10006e8c:	2108      	movs	r1, #8
10006e8e:	0028      	movs	r0, r5
10006e90:	f000 fa82 	bl	10007398 <VL53L1X_WrByte>
10006e94:	2200      	movs	r2, #0
10006e96:	210b      	movs	r1, #11
10006e98:	0028      	movs	r0, r5
10006e9a:	f000 fa7d 	bl	10007398 <VL53L1X_WrByte>
10006e9e:	b003      	add	sp, #12
10006ea0:	bdf0      	pop	{r4, r5, r6, r7, pc}
10006ea2:	46c0      	nop			@ (mov r8, r8)
10006ea4:	10008d63 	.word	0x10008d63

10006ea8 <VL53L1X_ClearInterrupt>:
10006ea8:	b510      	push	{r4, lr}
10006eaa:	2201      	movs	r2, #1
10006eac:	2186      	movs	r1, #134	@ 0x86
10006eae:	f000 fa73 	bl	10007398 <VL53L1X_WrByte>
10006eb2:	bd10      	pop	{r4, pc}

10006eb4 <VL53L1X_StartRanging>:
10006eb4:	b510      	push	{r4, lr}
10006eb6:	2240      	movs	r2, #64	@ 0x40
10006eb8:	2187      	movs	r1, #135	@ 0x87
10006eba:	f000 fa6d 	bl	10007398 <VL53L1X_WrByte>
10006ebe:	bd10      	pop	{r4, pc}

10006ec0 <VL53L1X_CheckForDataReady>:
10006ec0:	b5f0      	push	{r4, r5, r6, r7, lr}
10006ec2:	b083      	sub	sp, #12
10006ec4:	466b      	mov	r3, sp
10006ec6:	0005      	movs	r5, r0
10006ec8:	1ddc      	adds	r4, r3, #7
10006eca:	0022      	movs	r2, r4
10006ecc:	000f      	movs	r7, r1
10006ece:	2130      	movs	r1, #48	@ 0x30
10006ed0:	f000 fa3c 	bl	1000734c <VL53L1X_RdByte>
10006ed4:	0022      	movs	r2, r4
10006ed6:	2131      	movs	r1, #49	@ 0x31
10006ed8:	0028      	movs	r0, r5
10006eda:	7826      	ldrb	r6, [r4, #0]
10006edc:	f000 fa36 	bl	1000734c <VL53L1X_RdByte>
10006ee0:	2800      	cmp	r0, #0
10006ee2:	d105      	bne.n	10006ef0 <VL53L1X_CheckForDataReady+0x30>
10006ee4:	7822      	ldrb	r2, [r4, #0]
10006ee6:	0933      	lsrs	r3, r6, #4
10006ee8:	405a      	eors	r2, r3
10006eea:	2301      	movs	r3, #1
10006eec:	4013      	ands	r3, r2
10006eee:	703b      	strb	r3, [r7, #0]
10006ef0:	b003      	add	sp, #12
10006ef2:	bdf0      	pop	{r4, r5, r6, r7, pc}

10006ef4 <VL53L1X_SetTimingBudgetInMs>:
10006ef4:	b570      	push	{r4, r5, r6, lr}
10006ef6:	b082      	sub	sp, #8
10006ef8:	466b      	mov	r3, sp
10006efa:	1dde      	adds	r6, r3, #7
10006efc:	000c      	movs	r4, r1
10006efe:	0032      	movs	r2, r6
10006f00:	214b      	movs	r1, #75	@ 0x4b
10006f02:	0005      	movs	r5, r0
10006f04:	f000 fa22 	bl	1000734c <VL53L1X_RdByte>
10006f08:	7833      	ldrb	r3, [r6, #0]
10006f0a:	2b14      	cmp	r3, #20
10006f0c:	d01c      	beq.n	10006f48 <VL53L1X_SetTimingBudgetInMs+0x54>
10006f0e:	2800      	cmp	r0, #0
10006f10:	d117      	bne.n	10006f42 <VL53L1X_SetTimingBudgetInMs+0x4e>
10006f12:	2c64      	cmp	r4, #100	@ 0x64
10006f14:	d045      	beq.n	10006fa2 <VL53L1X_SetTimingBudgetInMs+0xae>
10006f16:	d828      	bhi.n	10006f6a <VL53L1X_SetTimingBudgetInMs+0x76>
10006f18:	2c21      	cmp	r4, #33	@ 0x21
10006f1a:	d023      	beq.n	10006f64 <VL53L1X_SetTimingBudgetInMs+0x70>
10006f1c:	2c32      	cmp	r4, #50	@ 0x32
10006f1e:	d03d      	beq.n	10006f9c <VL53L1X_SetTimingBudgetInMs+0xa8>
10006f20:	2c14      	cmp	r4, #20
10006f22:	d10e      	bne.n	10006f42 <VL53L1X_SetTimingBudgetInMs+0x4e>
10006f24:	2422      	movs	r4, #34	@ 0x22
10006f26:	221e      	movs	r2, #30
10006f28:	215e      	movs	r1, #94	@ 0x5e
10006f2a:	0028      	movs	r0, r5
10006f2c:	f000 fa4e 	bl	100073cc <VL53L1X_WrWord>
10006f30:	0022      	movs	r2, r4
10006f32:	0006      	movs	r6, r0
10006f34:	2161      	movs	r1, #97	@ 0x61
10006f36:	0028      	movs	r0, r5
10006f38:	f000 fa48 	bl	100073cc <VL53L1X_WrWord>
10006f3c:	4330      	orrs	r0, r6
10006f3e:	b240      	sxtb	r0, r0
10006f40:	e000      	b.n	10006f44 <VL53L1X_SetTimingBudgetInMs+0x50>
10006f42:	2001      	movs	r0, #1
10006f44:	b002      	add	sp, #8
10006f46:	bd70      	pop	{r4, r5, r6, pc}
10006f48:	2800      	cmp	r0, #0
10006f4a:	d1fa      	bne.n	10006f42 <VL53L1X_SetTimingBudgetInMs+0x4e>
10006f4c:	2c32      	cmp	r4, #50	@ 0x32
10006f4e:	d030      	beq.n	10006fb2 <VL53L1X_SetTimingBudgetInMs+0xbe>
10006f50:	d814      	bhi.n	10006f7c <VL53L1X_SetTimingBudgetInMs+0x88>
10006f52:	2c14      	cmp	r4, #20
10006f54:	d038      	beq.n	10006fc8 <VL53L1X_SetTimingBudgetInMs+0xd4>
10006f56:	2c21      	cmp	r4, #33	@ 0x21
10006f58:	d028      	beq.n	10006fac <VL53L1X_SetTimingBudgetInMs+0xb8>
10006f5a:	2c0f      	cmp	r4, #15
10006f5c:	d1f1      	bne.n	10006f42 <VL53L1X_SetTimingBudgetInMs+0x4e>
10006f5e:	2427      	movs	r4, #39	@ 0x27
10006f60:	221d      	movs	r2, #29
10006f62:	e7e1      	b.n	10006f28 <VL53L1X_SetTimingBudgetInMs+0x34>
10006f64:	246e      	movs	r4, #110	@ 0x6e
10006f66:	2260      	movs	r2, #96	@ 0x60
10006f68:	e7de      	b.n	10006f28 <VL53L1X_SetTimingBudgetInMs+0x34>
10006f6a:	2cc8      	cmp	r4, #200	@ 0xc8
10006f6c:	d012      	beq.n	10006f94 <VL53L1X_SetTimingBudgetInMs+0xa0>
10006f6e:	23fa      	movs	r3, #250	@ 0xfa
10006f70:	005b      	lsls	r3, r3, #1
10006f72:	429c      	cmp	r4, r3
10006f74:	d1e5      	bne.n	10006f42 <VL53L1X_SetTimingBudgetInMs+0x4e>
10006f76:	4c16      	ldr	r4, [pc, #88]	@ (10006fd0 <VL53L1X_SetTimingBudgetInMs+0xdc>)
10006f78:	4a16      	ldr	r2, [pc, #88]	@ (10006fd4 <VL53L1X_SetTimingBudgetInMs+0xe0>)
10006f7a:	e7d5      	b.n	10006f28 <VL53L1X_SetTimingBudgetInMs+0x34>
10006f7c:	2cc8      	cmp	r4, #200	@ 0xc8
10006f7e:	d020      	beq.n	10006fc2 <VL53L1X_SetTimingBudgetInMs+0xce>
10006f80:	23fa      	movs	r3, #250	@ 0xfa
10006f82:	005b      	lsls	r3, r3, #1
10006f84:	429c      	cmp	r4, r3
10006f86:	d019      	beq.n	10006fbc <VL53L1X_SetTimingBudgetInMs+0xc8>
10006f88:	2c64      	cmp	r4, #100	@ 0x64
10006f8a:	d1da      	bne.n	10006f42 <VL53L1X_SetTimingBudgetInMs+0x4e>
10006f8c:	24e2      	movs	r4, #226	@ 0xe2
10006f8e:	4a12      	ldr	r2, [pc, #72]	@ (10006fd8 <VL53L1X_SetTimingBudgetInMs+0xe4>)
10006f90:	00a4      	lsls	r4, r4, #2
10006f92:	e7c9      	b.n	10006f28 <VL53L1X_SetTimingBudgetInMs+0x34>
10006f94:	24be      	movs	r4, #190	@ 0xbe
10006f96:	4a11      	ldr	r2, [pc, #68]	@ (10006fdc <VL53L1X_SetTimingBudgetInMs+0xe8>)
10006f98:	00a4      	lsls	r4, r4, #2
10006f9a:	e7c5      	b.n	10006f28 <VL53L1X_SetTimingBudgetInMs+0x34>
10006f9c:	24c6      	movs	r4, #198	@ 0xc6
10006f9e:	22ad      	movs	r2, #173	@ 0xad
10006fa0:	e7c2      	b.n	10006f28 <VL53L1X_SetTimingBudgetInMs+0x34>
10006fa2:	24f5      	movs	r4, #245	@ 0xf5
10006fa4:	22e6      	movs	r2, #230	@ 0xe6
10006fa6:	0064      	lsls	r4, r4, #1
10006fa8:	0052      	lsls	r2, r2, #1
10006faa:	e7bd      	b.n	10006f28 <VL53L1X_SetTimingBudgetInMs+0x34>
10006fac:	246e      	movs	r4, #110	@ 0x6e
10006fae:	22d6      	movs	r2, #214	@ 0xd6
10006fb0:	e7ba      	b.n	10006f28 <VL53L1X_SetTimingBudgetInMs+0x34>
10006fb2:	24f4      	movs	r4, #244	@ 0xf4
10006fb4:	22d7      	movs	r2, #215	@ 0xd7
10006fb6:	0064      	lsls	r4, r4, #1
10006fb8:	0052      	lsls	r2, r2, #1
10006fba:	e7b5      	b.n	10006f28 <VL53L1X_SetTimingBudgetInMs+0x34>
10006fbc:	4c08      	ldr	r4, [pc, #32]	@ (10006fe0 <VL53L1X_SetTimingBudgetInMs+0xec>)
10006fbe:	4a09      	ldr	r2, [pc, #36]	@ (10006fe4 <VL53L1X_SetTimingBudgetInMs+0xf0>)
10006fc0:	e7b2      	b.n	10006f28 <VL53L1X_SetTimingBudgetInMs+0x34>
10006fc2:	4c09      	ldr	r4, [pc, #36]	@ (10006fe8 <VL53L1X_SetTimingBudgetInMs+0xf4>)
10006fc4:	4a09      	ldr	r2, [pc, #36]	@ (10006fec <VL53L1X_SetTimingBudgetInMs+0xf8>)
10006fc6:	e7af      	b.n	10006f28 <VL53L1X_SetTimingBudgetInMs+0x34>
10006fc8:	246e      	movs	r4, #110	@ 0x6e
10006fca:	2251      	movs	r2, #81	@ 0x51
10006fcc:	e7ac      	b.n	10006f28 <VL53L1X_SetTimingBudgetInMs+0x34>
10006fce:	46c0      	nop			@ (mov r8, r8)
10006fd0:	000004a4 	.word	0x000004a4
10006fd4:	0000048f 	.word	0x0000048f
10006fd8:	000002e1 	.word	0x000002e1
10006fdc:	000002d9 	.word	0x000002d9
10006fe0:	000005c1 	.word	0x000005c1
10006fe4:	00000591 	.word	0x00000591
10006fe8:	00000496 	.word	0x00000496
10006fec:	000003e1 	.word	0x000003e1

10006ff0 <VL53L1X_SetDistanceMode>:
10006ff0:	b570      	push	{r4, r5, r6, lr}
10006ff2:	b082      	sub	sp, #8
10006ff4:	466b      	mov	r3, sp
10006ff6:	1d9d      	adds	r5, r3, #6
10006ff8:	002a      	movs	r2, r5
10006ffa:	000e      	movs	r6, r1
10006ffc:	215e      	movs	r1, #94	@ 0x5e
10006ffe:	0004      	movs	r4, r0
10007000:	f000 f97c 	bl	100072fc <VL53L1X_RdWord>
10007004:	22d7      	movs	r2, #215	@ 0xd7
10007006:	882b      	ldrh	r3, [r5, #0]
10007008:	0052      	lsls	r2, r2, #1
1000700a:	4293      	cmp	r3, r2
1000700c:	d100      	bne.n	10007010 <VL53L1X_SetDistanceMode+0x20>
1000700e:	e07d      	b.n	1000710c <VL53L1X_SetDistanceMode+0x11c>
10007010:	d811      	bhi.n	10007036 <VL53L1X_SetDistanceMode+0x46>
10007012:	2b51      	cmp	r3, #81	@ 0x51
10007014:	d100      	bne.n	10007018 <VL53L1X_SetDistanceMode+0x28>
10007016:	e087      	b.n	10007128 <VL53L1X_SetDistanceMode+0x138>
10007018:	d869      	bhi.n	100070ee <VL53L1X_SetDistanceMode+0xfe>
1000701a:	250f      	movs	r5, #15
1000701c:	2b1d      	cmp	r3, #29
1000701e:	d000      	beq.n	10007022 <VL53L1X_SetDistanceMode+0x32>
10007020:	e06f      	b.n	10007102 <VL53L1X_SetDistanceMode+0x112>
10007022:	2800      	cmp	r0, #0
10007024:	d103      	bne.n	1000702e <VL53L1X_SetDistanceMode+0x3e>
10007026:	2e01      	cmp	r6, #1
10007028:	d041      	beq.n	100070ae <VL53L1X_SetDistanceMode+0xbe>
1000702a:	2e02      	cmp	r6, #2
1000702c:	d013      	beq.n	10007056 <VL53L1X_SetDistanceMode+0x66>
1000702e:	2001      	movs	r0, #1
10007030:	4240      	negs	r0, r0
10007032:	b002      	add	sp, #8
10007034:	bd70      	pop	{r4, r5, r6, pc}
10007036:	4a3e      	ldr	r2, [pc, #248]	@ (10007130 <VL53L1X_SetDistanceMode+0x140>)
10007038:	4293      	cmp	r3, r2
1000703a:	d069      	beq.n	10007110 <VL53L1X_SetDistanceMode+0x120>
1000703c:	d86a      	bhi.n	10007114 <VL53L1X_SetDistanceMode+0x124>
1000703e:	4a3d      	ldr	r2, [pc, #244]	@ (10007134 <VL53L1X_SetDistanceMode+0x144>)
10007040:	4293      	cmp	r3, r2
10007042:	d065      	beq.n	10007110 <VL53L1X_SetDistanceMode+0x120>
10007044:	4a3c      	ldr	r2, [pc, #240]	@ (10007138 <VL53L1X_SetDistanceMode+0x148>)
10007046:	4293      	cmp	r3, r2
10007048:	d070      	beq.n	1000712c <VL53L1X_SetDistanceMode+0x13c>
1000704a:	3a16      	subs	r2, #22
1000704c:	3aff      	subs	r2, #255	@ 0xff
1000704e:	2564      	movs	r5, #100	@ 0x64
10007050:	4293      	cmp	r3, r2
10007052:	d0e6      	beq.n	10007022 <VL53L1X_SetDistanceMode+0x32>
10007054:	e7eb      	b.n	1000702e <VL53L1X_SetDistanceMode+0x3e>
10007056:	220a      	movs	r2, #10
10007058:	214b      	movs	r1, #75	@ 0x4b
1000705a:	0020      	movs	r0, r4
1000705c:	f000 f99c 	bl	10007398 <VL53L1X_WrByte>
10007060:	220f      	movs	r2, #15
10007062:	0006      	movs	r6, r0
10007064:	2160      	movs	r1, #96	@ 0x60
10007066:	0020      	movs	r0, r4
10007068:	f000 f996 	bl	10007398 <VL53L1X_WrByte>
1000706c:	220d      	movs	r2, #13
1000706e:	2163      	movs	r1, #99	@ 0x63
10007070:	4306      	orrs	r6, r0
10007072:	0020      	movs	r0, r4
10007074:	f000 f990 	bl	10007398 <VL53L1X_WrByte>
10007078:	22b8      	movs	r2, #184	@ 0xb8
1000707a:	2169      	movs	r1, #105	@ 0x69
1000707c:	4306      	orrs	r6, r0
1000707e:	0020      	movs	r0, r4
10007080:	f000 f98a 	bl	10007398 <VL53L1X_WrByte>
10007084:	4a2d      	ldr	r2, [pc, #180]	@ (1000713c <VL53L1X_SetDistanceMode+0x14c>)
10007086:	4306      	orrs	r6, r0
10007088:	2178      	movs	r1, #120	@ 0x78
1000708a:	0020      	movs	r0, r4
1000708c:	f000 f99e 	bl	100073cc <VL53L1X_WrWord>
10007090:	4a2b      	ldr	r2, [pc, #172]	@ (10007140 <VL53L1X_SetDistanceMode+0x150>)
10007092:	4306      	orrs	r6, r0
10007094:	217a      	movs	r1, #122	@ 0x7a
10007096:	0020      	movs	r0, r4
10007098:	f000 f998 	bl	100073cc <VL53L1X_WrWord>
1000709c:	4330      	orrs	r0, r6
1000709e:	b240      	sxtb	r0, r0
100070a0:	2800      	cmp	r0, #0
100070a2:	d1c6      	bne.n	10007032 <VL53L1X_SetDistanceMode+0x42>
100070a4:	0029      	movs	r1, r5
100070a6:	0020      	movs	r0, r4
100070a8:	f7ff ff24 	bl	10006ef4 <VL53L1X_SetTimingBudgetInMs>
100070ac:	e7c1      	b.n	10007032 <VL53L1X_SetDistanceMode+0x42>
100070ae:	2214      	movs	r2, #20
100070b0:	214b      	movs	r1, #75	@ 0x4b
100070b2:	0020      	movs	r0, r4
100070b4:	f000 f970 	bl	10007398 <VL53L1X_WrByte>
100070b8:	2207      	movs	r2, #7
100070ba:	0006      	movs	r6, r0
100070bc:	2160      	movs	r1, #96	@ 0x60
100070be:	0020      	movs	r0, r4
100070c0:	f000 f96a 	bl	10007398 <VL53L1X_WrByte>
100070c4:	2205      	movs	r2, #5
100070c6:	2163      	movs	r1, #99	@ 0x63
100070c8:	4306      	orrs	r6, r0
100070ca:	0020      	movs	r0, r4
100070cc:	f000 f964 	bl	10007398 <VL53L1X_WrByte>
100070d0:	2238      	movs	r2, #56	@ 0x38
100070d2:	2169      	movs	r1, #105	@ 0x69
100070d4:	4306      	orrs	r6, r0
100070d6:	0020      	movs	r0, r4
100070d8:	f000 f95e 	bl	10007398 <VL53L1X_WrByte>
100070dc:	4a19      	ldr	r2, [pc, #100]	@ (10007144 <VL53L1X_SetDistanceMode+0x154>)
100070de:	4306      	orrs	r6, r0
100070e0:	2178      	movs	r1, #120	@ 0x78
100070e2:	0020      	movs	r0, r4
100070e4:	f000 f972 	bl	100073cc <VL53L1X_WrWord>
100070e8:	4a17      	ldr	r2, [pc, #92]	@ (10007148 <VL53L1X_SetDistanceMode+0x158>)
100070ea:	4306      	orrs	r6, r0
100070ec:	e7d2      	b.n	10007094 <VL53L1X_SetDistanceMode+0xa4>
100070ee:	2bad      	cmp	r3, #173	@ 0xad
100070f0:	d00c      	beq.n	1000710c <VL53L1X_SetDistanceMode+0x11c>
100070f2:	2521      	movs	r5, #33	@ 0x21
100070f4:	2bd6      	cmp	r3, #214	@ 0xd6
100070f6:	d100      	bne.n	100070fa <VL53L1X_SetDistanceMode+0x10a>
100070f8:	e793      	b.n	10007022 <VL53L1X_SetDistanceMode+0x32>
100070fa:	2b60      	cmp	r3, #96	@ 0x60
100070fc:	d100      	bne.n	10007100 <VL53L1X_SetDistanceMode+0x110>
100070fe:	e790      	b.n	10007022 <VL53L1X_SetDistanceMode+0x32>
10007100:	e795      	b.n	1000702e <VL53L1X_SetDistanceMode+0x3e>
10007102:	3505      	adds	r5, #5
10007104:	2b1e      	cmp	r3, #30
10007106:	d100      	bne.n	1000710a <VL53L1X_SetDistanceMode+0x11a>
10007108:	e78b      	b.n	10007022 <VL53L1X_SetDistanceMode+0x32>
1000710a:	e790      	b.n	1000702e <VL53L1X_SetDistanceMode+0x3e>
1000710c:	2532      	movs	r5, #50	@ 0x32
1000710e:	e788      	b.n	10007022 <VL53L1X_SetDistanceMode+0x32>
10007110:	25c8      	movs	r5, #200	@ 0xc8
10007112:	e786      	b.n	10007022 <VL53L1X_SetDistanceMode+0x32>
10007114:	4a0d      	ldr	r2, [pc, #52]	@ (1000714c <VL53L1X_SetDistanceMode+0x15c>)
10007116:	4293      	cmp	r3, r2
10007118:	d003      	beq.n	10007122 <VL53L1X_SetDistanceMode+0x132>
1000711a:	4a0d      	ldr	r2, [pc, #52]	@ (10007150 <VL53L1X_SetDistanceMode+0x160>)
1000711c:	4293      	cmp	r3, r2
1000711e:	d000      	beq.n	10007122 <VL53L1X_SetDistanceMode+0x132>
10007120:	e785      	b.n	1000702e <VL53L1X_SetDistanceMode+0x3e>
10007122:	25fa      	movs	r5, #250	@ 0xfa
10007124:	006d      	lsls	r5, r5, #1
10007126:	e77c      	b.n	10007022 <VL53L1X_SetDistanceMode+0x32>
10007128:	2514      	movs	r5, #20
1000712a:	e77a      	b.n	10007022 <VL53L1X_SetDistanceMode+0x32>
1000712c:	2564      	movs	r5, #100	@ 0x64
1000712e:	e778      	b.n	10007022 <VL53L1X_SetDistanceMode+0x32>
10007130:	000003e1 	.word	0x000003e1
10007134:	000002d9 	.word	0x000002d9
10007138:	000002e1 	.word	0x000002e1
1000713c:	00000f0d 	.word	0x00000f0d
10007140:	00000e0e 	.word	0x00000e0e
10007144:	00000705 	.word	0x00000705
10007148:	00000606 	.word	0x00000606
1000714c:	0000048f 	.word	0x0000048f
10007150:	00000591 	.word	0x00000591

10007154 <VL53L1X_SetInterMeasurementInMs>:
10007154:	b5f0      	push	{r4, r5, r6, r7, lr}
10007156:	b083      	sub	sp, #12
10007158:	466a      	mov	r2, sp
1000715a:	1d94      	adds	r4, r2, #6
1000715c:	0022      	movs	r2, r4
1000715e:	000f      	movs	r7, r1
10007160:	21de      	movs	r1, #222	@ 0xde
10007162:	0005      	movs	r5, r0
10007164:	f000 f8ca 	bl	100072fc <VL53L1X_RdWord>
10007168:	8823      	ldrh	r3, [r4, #0]
1000716a:	0006      	movs	r6, r0
1000716c:	059b      	lsls	r3, r3, #22
1000716e:	0d98      	lsrs	r0, r3, #22
10007170:	8020      	strh	r0, [r4, #0]
10007172:	4378      	muls	r0, r7
10007174:	f7fb f872 	bl	1000225c <__wrap___aeabi_ui2d>
10007178:	4b07      	ldr	r3, [pc, #28]	@ (10007198 <VL53L1X_SetInterMeasurementInMs+0x44>)
1000717a:	4a08      	ldr	r2, [pc, #32]	@ (1000719c <VL53L1X_SetInterMeasurementInMs+0x48>)
1000717c:	f7fb f803 	bl	10002186 <__wrap___aeabi_dmul>
10007180:	f7fb f8ac 	bl	100022dc <__wrap___aeabi_d2uiz>
10007184:	216c      	movs	r1, #108	@ 0x6c
10007186:	0002      	movs	r2, r0
10007188:	0028      	movs	r0, r5
1000718a:	f000 f939 	bl	10007400 <VL53L1X_WrDWord>
1000718e:	0033      	movs	r3, r6
10007190:	4303      	orrs	r3, r0
10007192:	b258      	sxtb	r0, r3
10007194:	b003      	add	sp, #12
10007196:	bdf0      	pop	{r4, r5, r6, r7, pc}
10007198:	3ff13333 	.word	0x3ff13333
1000719c:	33333333 	.word	0x33333333

100071a0 <VL53L1X_BootState>:
100071a0:	b510      	push	{r4, lr}
100071a2:	000a      	movs	r2, r1
100071a4:	21e5      	movs	r1, #229	@ 0xe5
100071a6:	f000 f8d1 	bl	1000734c <VL53L1X_RdByte>
100071aa:	bd10      	pop	{r4, pc}

100071ac <VL53L1X_GetSensorId>:
100071ac:	b530      	push	{r4, r5, lr}
100071ae:	b083      	sub	sp, #12
100071b0:	466b      	mov	r3, sp
100071b2:	1d9c      	adds	r4, r3, #6
100071b4:	2310      	movs	r3, #16
100071b6:	33ff      	adds	r3, #255	@ 0xff
100071b8:	000d      	movs	r5, r1
100071ba:	0022      	movs	r2, r4
100071bc:	0019      	movs	r1, r3
100071be:	f000 f89d 	bl	100072fc <VL53L1X_RdWord>
100071c2:	8823      	ldrh	r3, [r4, #0]
100071c4:	802b      	strh	r3, [r5, #0]
100071c6:	b003      	add	sp, #12
100071c8:	bd30      	pop	{r4, r5, pc}
100071ca:	46c0      	nop			@ (mov r8, r8)

100071cc <VL53L1X_GetResult>:
100071cc:	b530      	push	{r4, r5, lr}
100071ce:	b087      	sub	sp, #28
100071d0:	ad01      	add	r5, sp, #4
100071d2:	000c      	movs	r4, r1
100071d4:	2311      	movs	r3, #17
100071d6:	002a      	movs	r2, r5
100071d8:	2189      	movs	r1, #137	@ 0x89
100071da:	f000 f85b 	bl	10007294 <VL53L1X_ReadMulti>
100071de:	2800      	cmp	r0, #0
100071e0:	d121      	bne.n	10007226 <VL53L1X_GetResult+0x5a>
100071e2:	231f      	movs	r3, #31
100071e4:	782a      	ldrb	r2, [r5, #0]
100071e6:	4013      	ands	r3, r2
100071e8:	2b17      	cmp	r3, #23
100071ea:	d91e      	bls.n	1000722a <VL53L1X_GetResult+0x5e>
100071ec:	7023      	strb	r3, [r4, #0]
100071ee:	230b      	movs	r3, #11
100071f0:	446b      	add	r3, sp
100071f2:	781a      	ldrb	r2, [r3, #0]
100071f4:	785b      	ldrb	r3, [r3, #1]
100071f6:	021b      	lsls	r3, r3, #8
100071f8:	4313      	orrs	r3, r2
100071fa:	ba5b      	rev16	r3, r3
100071fc:	00db      	lsls	r3, r3, #3
100071fe:	80a3      	strh	r3, [r4, #4]
10007200:	78eb      	ldrb	r3, [r5, #3]
10007202:	8123      	strh	r3, [r4, #8]
10007204:	2313      	movs	r3, #19
10007206:	446b      	add	r3, sp
10007208:	781a      	ldrb	r2, [r3, #0]
1000720a:	785b      	ldrb	r3, [r3, #1]
1000720c:	021b      	lsls	r3, r3, #8
1000720e:	4313      	orrs	r3, r2
10007210:	ba5b      	rev16	r3, r3
10007212:	00db      	lsls	r3, r3, #3
10007214:	80e3      	strh	r3, [r4, #6]
10007216:	2311      	movs	r3, #17
10007218:	446b      	add	r3, sp
1000721a:	781a      	ldrb	r2, [r3, #0]
1000721c:	785b      	ldrb	r3, [r3, #1]
1000721e:	021b      	lsls	r3, r3, #8
10007220:	4313      	orrs	r3, r2
10007222:	ba5b      	rev16	r3, r3
10007224:	8063      	strh	r3, [r4, #2]
10007226:	b007      	add	sp, #28
10007228:	bd30      	pop	{r4, r5, pc}
1000722a:	4a01      	ldr	r2, [pc, #4]	@ (10007230 <VL53L1X_GetResult+0x64>)
1000722c:	5cd3      	ldrb	r3, [r2, r3]
1000722e:	e7dd      	b.n	100071ec <VL53L1X_GetResult+0x20>
10007230:	10008dec 	.word	0x10008dec

10007234 <VL53L1X_I2C_Init>:
10007234:	b530      	push	{r4, r5, lr}
10007236:	4b14      	ldr	r3, [pc, #80]	@ (10007288 <VL53L1X_I2C_Init+0x54>)
10007238:	b083      	sub	sp, #12
1000723a:	0005      	movs	r5, r0
1000723c:	6019      	str	r1, [r3, #0]
1000723e:	0008      	movs	r0, r1
10007240:	4912      	ldr	r1, [pc, #72]	@ (1000728c <VL53L1X_I2C_Init+0x58>)
10007242:	f7ff fdb3 	bl	10006dac <i2c_init>
10007246:	2103      	movs	r1, #3
10007248:	2004      	movs	r0, #4
1000724a:	f7f9 f89d 	bl	10000388 <gpio_set_function>
1000724e:	2103      	movs	r1, #3
10007250:	2005      	movs	r0, #5
10007252:	f7f9 f899 	bl	10000388 <gpio_set_function>
10007256:	2200      	movs	r2, #0
10007258:	2101      	movs	r1, #1
1000725a:	2004      	movs	r0, #4
1000725c:	f7f9 f8ac 	bl	100003b8 <gpio_set_pulls>
10007260:	2200      	movs	r2, #0
10007262:	2101      	movs	r1, #1
10007264:	2005      	movs	r0, #5
10007266:	f7f9 f8a7 	bl	100003b8 <gpio_set_pulls>
1000726a:	466b      	mov	r3, sp
1000726c:	1d9c      	adds	r4, r3, #6
1000726e:	0021      	movs	r1, r4
10007270:	0028      	movs	r0, r5
10007272:	f7ff ff9b 	bl	100071ac <VL53L1X_GetSensorId>
10007276:	8822      	ldrh	r2, [r4, #0]
10007278:	4b05      	ldr	r3, [pc, #20]	@ (10007290 <VL53L1X_I2C_Init+0x5c>)
1000727a:	429a      	cmp	r2, r3
1000727c:	d101      	bne.n	10007282 <VL53L1X_I2C_Init+0x4e>
1000727e:	b003      	add	sp, #12
10007280:	bd30      	pop	{r4, r5, pc}
10007282:	2001      	movs	r0, #1
10007284:	4240      	negs	r0, r0
10007286:	e7fa      	b.n	1000727e <VL53L1X_I2C_Init+0x4a>
10007288:	20002604 	.word	0x20002604
1000728c:	000186a0 	.word	0x000186a0
10007290:	0000eacc 	.word	0x0000eacc

10007294 <VL53L1X_ReadMulti>:
10007294:	b5f0      	push	{r4, r5, r6, r7, lr}
10007296:	46ce      	mov	lr, r9
10007298:	4647      	mov	r7, r8
1000729a:	4691      	mov	r9, r2
1000729c:	001e      	movs	r6, r3
1000729e:	1c5a      	adds	r2, r3, #1
100072a0:	2380      	movs	r3, #128	@ 0x80
100072a2:	b580      	push	{r7, lr}
100072a4:	009b      	lsls	r3, r3, #2
100072a6:	b083      	sub	sp, #12
100072a8:	429a      	cmp	r2, r3
100072aa:	d81f      	bhi.n	100072ec <VL53L1X_ReadMulti+0x58>
100072ac:	2700      	movs	r7, #0
100072ae:	4a11      	ldr	r2, [pc, #68]	@ (100072f4 <VL53L1X_ReadMulti+0x60>)
100072b0:	4d11      	ldr	r5, [pc, #68]	@ (100072f8 <VL53L1X_ReadMulti+0x64>)
100072b2:	ba49      	rev16	r1, r1
100072b4:	8011      	strh	r1, [r2, #0]
100072b6:	2302      	movs	r3, #2
100072b8:	b2c1      	uxtb	r1, r0
100072ba:	6828      	ldr	r0, [r5, #0]
100072bc:	9700      	str	r7, [sp, #0]
100072be:	4688      	mov	r8, r1
100072c0:	f7ff fd9e 	bl	10006e00 <i2c_write_blocking>
100072c4:	2802      	cmp	r0, #2
100072c6:	d111      	bne.n	100072ec <VL53L1X_ReadMulti+0x58>
100072c8:	24ff      	movs	r4, #255	@ 0xff
100072ca:	4034      	ands	r4, r6
100072cc:	0023      	movs	r3, r4
100072ce:	6828      	ldr	r0, [r5, #0]
100072d0:	464a      	mov	r2, r9
100072d2:	4641      	mov	r1, r8
100072d4:	9700      	str	r7, [sp, #0]
100072d6:	f7ff fd9d 	bl	10006e14 <i2c_read_blocking>
100072da:	1a20      	subs	r0, r4, r0
100072dc:	1e43      	subs	r3, r0, #1
100072de:	4198      	sbcs	r0, r3
100072e0:	4240      	negs	r0, r0
100072e2:	b003      	add	sp, #12
100072e4:	bcc0      	pop	{r6, r7}
100072e6:	46b9      	mov	r9, r7
100072e8:	46b0      	mov	r8, r6
100072ea:	bdf0      	pop	{r4, r5, r6, r7, pc}
100072ec:	2001      	movs	r0, #1
100072ee:	4240      	negs	r0, r0
100072f0:	e7f7      	b.n	100072e2 <VL53L1X_ReadMulti+0x4e>
100072f2:	46c0      	nop			@ (mov r8, r8)
100072f4:	20001f84 	.word	0x20001f84
100072f8:	20002604 	.word	0x20002604

100072fc <VL53L1X_RdWord>:
100072fc:	b5f0      	push	{r4, r5, r6, r7, lr}
100072fe:	2600      	movs	r6, #0
10007300:	0015      	movs	r5, r2
10007302:	4f10      	ldr	r7, [pc, #64]	@ (10007344 <VL53L1X_RdWord+0x48>)
10007304:	4a10      	ldr	r2, [pc, #64]	@ (10007348 <VL53L1X_RdWord+0x4c>)
10007306:	b083      	sub	sp, #12
10007308:	ba49      	rev16	r1, r1
1000730a:	b2c4      	uxtb	r4, r0
1000730c:	8011      	strh	r1, [r2, #0]
1000730e:	6838      	ldr	r0, [r7, #0]
10007310:	2302      	movs	r3, #2
10007312:	0021      	movs	r1, r4
10007314:	9600      	str	r6, [sp, #0]
10007316:	f7ff fd73 	bl	10006e00 <i2c_write_blocking>
1000731a:	2802      	cmp	r0, #2
1000731c:	d10f      	bne.n	1000733e <VL53L1X_RdWord+0x42>
1000731e:	2302      	movs	r3, #2
10007320:	6838      	ldr	r0, [r7, #0]
10007322:	002a      	movs	r2, r5
10007324:	0021      	movs	r1, r4
10007326:	9600      	str	r6, [sp, #0]
10007328:	f7ff fd74 	bl	10006e14 <i2c_read_blocking>
1000732c:	3802      	subs	r0, #2
1000732e:	1e43      	subs	r3, r0, #1
10007330:	4198      	sbcs	r0, r3
10007332:	4240      	negs	r0, r0
10007334:	882b      	ldrh	r3, [r5, #0]
10007336:	ba5b      	rev16	r3, r3
10007338:	802b      	strh	r3, [r5, #0]
1000733a:	b003      	add	sp, #12
1000733c:	bdf0      	pop	{r4, r5, r6, r7, pc}
1000733e:	2001      	movs	r0, #1
10007340:	4240      	negs	r0, r0
10007342:	e7f7      	b.n	10007334 <VL53L1X_RdWord+0x38>
10007344:	20002604 	.word	0x20002604
10007348:	20001f84 	.word	0x20001f84

1000734c <VL53L1X_RdByte>:
1000734c:	b5f0      	push	{r4, r5, r6, r7, lr}
1000734e:	2500      	movs	r5, #0
10007350:	0017      	movs	r7, r2
10007352:	4e0f      	ldr	r6, [pc, #60]	@ (10007390 <VL53L1X_RdByte+0x44>)
10007354:	4a0f      	ldr	r2, [pc, #60]	@ (10007394 <VL53L1X_RdByte+0x48>)
10007356:	b083      	sub	sp, #12
10007358:	ba49      	rev16	r1, r1
1000735a:	b2c4      	uxtb	r4, r0
1000735c:	8011      	strh	r1, [r2, #0]
1000735e:	6830      	ldr	r0, [r6, #0]
10007360:	2302      	movs	r3, #2
10007362:	0021      	movs	r1, r4
10007364:	9500      	str	r5, [sp, #0]
10007366:	f7ff fd4b 	bl	10006e00 <i2c_write_blocking>
1000736a:	2802      	cmp	r0, #2
1000736c:	d10c      	bne.n	10007388 <VL53L1X_RdByte+0x3c>
1000736e:	2301      	movs	r3, #1
10007370:	6830      	ldr	r0, [r6, #0]
10007372:	003a      	movs	r2, r7
10007374:	0021      	movs	r1, r4
10007376:	9500      	str	r5, [sp, #0]
10007378:	f7ff fd4c 	bl	10006e14 <i2c_read_blocking>
1000737c:	3801      	subs	r0, #1
1000737e:	1e43      	subs	r3, r0, #1
10007380:	4198      	sbcs	r0, r3
10007382:	4240      	negs	r0, r0
10007384:	b003      	add	sp, #12
10007386:	bdf0      	pop	{r4, r5, r6, r7, pc}
10007388:	2001      	movs	r0, #1
1000738a:	4240      	negs	r0, r0
1000738c:	e7fa      	b.n	10007384 <VL53L1X_RdByte+0x38>
1000738e:	46c0      	nop			@ (mov r8, r8)
10007390:	20002604 	.word	0x20002604
10007394:	20001f84 	.word	0x20001f84

10007398 <VL53L1X_WrByte>:
10007398:	0013      	movs	r3, r2
1000739a:	b500      	push	{lr}
1000739c:	4a09      	ldr	r2, [pc, #36]	@ (100073c4 <VL53L1X_WrByte+0x2c>)
1000739e:	b083      	sub	sp, #12
100073a0:	7093      	strb	r3, [r2, #2]
100073a2:	4b09      	ldr	r3, [pc, #36]	@ (100073c8 <VL53L1X_WrByte+0x30>)
100073a4:	ba49      	rev16	r1, r1
100073a6:	8011      	strh	r1, [r2, #0]
100073a8:	b2c1      	uxtb	r1, r0
100073aa:	6818      	ldr	r0, [r3, #0]
100073ac:	2300      	movs	r3, #0
100073ae:	9300      	str	r3, [sp, #0]
100073b0:	3303      	adds	r3, #3
100073b2:	f7ff fd25 	bl	10006e00 <i2c_write_blocking>
100073b6:	3803      	subs	r0, #3
100073b8:	1e43      	subs	r3, r0, #1
100073ba:	4198      	sbcs	r0, r3
100073bc:	4240      	negs	r0, r0
100073be:	b003      	add	sp, #12
100073c0:	bd00      	pop	{pc}
100073c2:	46c0      	nop			@ (mov r8, r8)
100073c4:	20001f84 	.word	0x20001f84
100073c8:	20002604 	.word	0x20002604

100073cc <VL53L1X_WrWord>:
100073cc:	0013      	movs	r3, r2
100073ce:	b500      	push	{lr}
100073d0:	4a09      	ldr	r2, [pc, #36]	@ (100073f8 <VL53L1X_WrWord+0x2c>)
100073d2:	ba5b      	rev16	r3, r3
100073d4:	b083      	sub	sp, #12
100073d6:	8053      	strh	r3, [r2, #2]
100073d8:	4b08      	ldr	r3, [pc, #32]	@ (100073fc <VL53L1X_WrWord+0x30>)
100073da:	ba49      	rev16	r1, r1
100073dc:	8011      	strh	r1, [r2, #0]
100073de:	b2c1      	uxtb	r1, r0
100073e0:	6818      	ldr	r0, [r3, #0]
100073e2:	2300      	movs	r3, #0
100073e4:	9300      	str	r3, [sp, #0]
100073e6:	3304      	adds	r3, #4
100073e8:	f7ff fd0a 	bl	10006e00 <i2c_write_blocking>
100073ec:	3804      	subs	r0, #4
100073ee:	1e43      	subs	r3, r0, #1
100073f0:	4198      	sbcs	r0, r3
100073f2:	4240      	negs	r0, r0
100073f4:	b003      	add	sp, #12
100073f6:	bd00      	pop	{pc}
100073f8:	20001f84 	.word	0x20001f84
100073fc:	20002604 	.word	0x20002604

10007400 <VL53L1X_WrDWord>:
10007400:	b530      	push	{r4, r5, lr}
10007402:	4c0d      	ldr	r4, [pc, #52]	@ (10007438 <VL53L1X_WrDWord+0x38>)
10007404:	b085      	sub	sp, #20
10007406:	ba12      	rev	r2, r2
10007408:	ba49      	rev16	r1, r1
1000740a:	0005      	movs	r5, r0
1000740c:	9203      	str	r2, [sp, #12]
1000740e:	8021      	strh	r1, [r4, #0]
10007410:	2204      	movs	r2, #4
10007412:	a903      	add	r1, sp, #12
10007414:	1ca0      	adds	r0, r4, #2
10007416:	f7fb fae1 	bl	100029dc <__wrap___aeabi_memcpy>
1000741a:	4b08      	ldr	r3, [pc, #32]	@ (1000743c <VL53L1X_WrDWord+0x3c>)
1000741c:	0022      	movs	r2, r4
1000741e:	6818      	ldr	r0, [r3, #0]
10007420:	2300      	movs	r3, #0
10007422:	b2e9      	uxtb	r1, r5
10007424:	9300      	str	r3, [sp, #0]
10007426:	3306      	adds	r3, #6
10007428:	f7ff fcea 	bl	10006e00 <i2c_write_blocking>
1000742c:	3806      	subs	r0, #6
1000742e:	1e43      	subs	r3, r0, #1
10007430:	4198      	sbcs	r0, r3
10007432:	4240      	negs	r0, r0
10007434:	b005      	add	sp, #20
10007436:	bd30      	pop	{r4, r5, pc}
10007438:	20001f84 	.word	0x20001f84
1000743c:	20002604 	.word	0x20002604

10007440 <VL53L1X_WaitMs>:
10007440:	b510      	push	{r4, lr}
10007442:	0008      	movs	r0, r1
10007444:	f7f9 ff0a 	bl	1000125c <sleep_ms>
10007448:	2000      	movs	r0, #0
1000744a:	bd10      	pop	{r4, pc}

1000744c <_malloc_r>:
1000744c:	b5f0      	push	{r4, r5, r6, r7, lr}
1000744e:	464e      	mov	r6, r9
10007450:	46de      	mov	lr, fp
10007452:	4657      	mov	r7, sl
10007454:	4645      	mov	r5, r8
10007456:	000c      	movs	r4, r1
10007458:	b5e0      	push	{r5, r6, r7, lr}
1000745a:	340b      	adds	r4, #11
1000745c:	4681      	mov	r9, r0
1000745e:	b085      	sub	sp, #20
10007460:	2c16      	cmp	r4, #22
10007462:	d821      	bhi.n	100074a8 <_malloc_r+0x5c>
10007464:	2910      	cmp	r1, #16
10007466:	d900      	bls.n	1000746a <_malloc_r+0x1e>
10007468:	e0d0      	b.n	1000760c <_malloc_r+0x1c0>
1000746a:	f000 faa1 	bl	100079b0 <__malloc_lock>
1000746e:	2410      	movs	r4, #16
10007470:	2318      	movs	r3, #24
10007472:	2102      	movs	r1, #2
10007474:	4dc9      	ldr	r5, [pc, #804]	@ (1000779c <_malloc_r+0x350>)
10007476:	18eb      	adds	r3, r5, r3
10007478:	001a      	movs	r2, r3
1000747a:	685f      	ldr	r7, [r3, #4]
1000747c:	3a08      	subs	r2, #8
1000747e:	4297      	cmp	r7, r2
10007480:	d100      	bne.n	10007484 <_malloc_r+0x38>
10007482:	e172      	b.n	1000776a <_malloc_r+0x31e>
10007484:	2203      	movs	r2, #3
10007486:	687b      	ldr	r3, [r7, #4]
10007488:	68b9      	ldr	r1, [r7, #8]
1000748a:	4393      	bics	r3, r2
1000748c:	68fa      	ldr	r2, [r7, #12]
1000748e:	60ca      	str	r2, [r1, #12]
10007490:	6091      	str	r1, [r2, #8]
10007492:	2101      	movs	r1, #1
10007494:	18fb      	adds	r3, r7, r3
10007496:	685a      	ldr	r2, [r3, #4]
10007498:	4648      	mov	r0, r9
1000749a:	430a      	orrs	r2, r1
1000749c:	605a      	str	r2, [r3, #4]
1000749e:	f000 fa8f 	bl	100079c0 <__malloc_unlock>
100074a2:	0038      	movs	r0, r7
100074a4:	3008      	adds	r0, #8
100074a6:	e0b5      	b.n	10007614 <_malloc_r+0x1c8>
100074a8:	2307      	movs	r3, #7
100074aa:	439c      	bics	r4, r3
100074ac:	d500      	bpl.n	100074b0 <_malloc_r+0x64>
100074ae:	e0ad      	b.n	1000760c <_malloc_r+0x1c0>
100074b0:	42a1      	cmp	r1, r4
100074b2:	d900      	bls.n	100074b6 <_malloc_r+0x6a>
100074b4:	e0aa      	b.n	1000760c <_malloc_r+0x1c0>
100074b6:	f000 fa7b 	bl	100079b0 <__malloc_lock>
100074ba:	23fc      	movs	r3, #252	@ 0xfc
100074bc:	005b      	lsls	r3, r3, #1
100074be:	429c      	cmp	r4, r3
100074c0:	d200      	bcs.n	100074c4 <_malloc_r+0x78>
100074c2:	e1b9      	b.n	10007838 <_malloc_r+0x3ec>
100074c4:	0a61      	lsrs	r1, r4, #9
100074c6:	d100      	bne.n	100074ca <_malloc_r+0x7e>
100074c8:	e0ab      	b.n	10007622 <_malloc_r+0x1d6>
100074ca:	2904      	cmp	r1, #4
100074cc:	d900      	bls.n	100074d0 <_malloc_r+0x84>
100074ce:	e180      	b.n	100077d2 <_malloc_r+0x386>
100074d0:	2338      	movs	r3, #56	@ 0x38
100074d2:	469c      	mov	ip, r3
100074d4:	09a1      	lsrs	r1, r4, #6
100074d6:	448c      	add	ip, r1
100074d8:	46e0      	mov	r8, ip
100074da:	3139      	adds	r1, #57	@ 0x39
100074dc:	00cb      	lsls	r3, r1, #3
100074de:	2208      	movs	r2, #8
100074e0:	4252      	negs	r2, r2
100074e2:	4694      	mov	ip, r2
100074e4:	4dad      	ldr	r5, [pc, #692]	@ (1000779c <_malloc_r+0x350>)
100074e6:	18eb      	adds	r3, r5, r3
100074e8:	449c      	add	ip, r3
100074ea:	4663      	mov	r3, ip
100074ec:	68df      	ldr	r7, [r3, #12]
100074ee:	45bc      	cmp	ip, r7
100074f0:	d012      	beq.n	10007518 <_malloc_r+0xcc>
100074f2:	000b      	movs	r3, r1
100074f4:	2603      	movs	r6, #3
100074f6:	4661      	mov	r1, ip
100074f8:	469c      	mov	ip, r3
100074fa:	e007      	b.n	1000750c <_malloc_r+0xc0>
100074fc:	68f8      	ldr	r0, [r7, #12]
100074fe:	2a00      	cmp	r2, #0
10007500:	db00      	blt.n	10007504 <_malloc_r+0xb8>
10007502:	e12c      	b.n	1000775e <_malloc_r+0x312>
10007504:	4281      	cmp	r1, r0
10007506:	d100      	bne.n	1000750a <_malloc_r+0xbe>
10007508:	e12d      	b.n	10007766 <_malloc_r+0x31a>
1000750a:	0007      	movs	r7, r0
1000750c:	687b      	ldr	r3, [r7, #4]
1000750e:	43b3      	bics	r3, r6
10007510:	1b1a      	subs	r2, r3, r4
10007512:	2a0f      	cmp	r2, #15
10007514:	ddf2      	ble.n	100074fc <_malloc_r+0xb0>
10007516:	4641      	mov	r1, r8
10007518:	002a      	movs	r2, r5
1000751a:	692f      	ldr	r7, [r5, #16]
1000751c:	3208      	adds	r2, #8
1000751e:	4297      	cmp	r7, r2
10007520:	d100      	bne.n	10007524 <_malloc_r+0xd8>
10007522:	e10b      	b.n	1000773c <_malloc_r+0x2f0>
10007524:	2003      	movs	r0, #3
10007526:	687b      	ldr	r3, [r7, #4]
10007528:	4383      	bics	r3, r0
1000752a:	1b18      	subs	r0, r3, r4
1000752c:	280f      	cmp	r0, #15
1000752e:	dd00      	ble.n	10007532 <_malloc_r+0xe6>
10007530:	e186      	b.n	10007840 <_malloc_r+0x3f4>
10007532:	612a      	str	r2, [r5, #16]
10007534:	616a      	str	r2, [r5, #20]
10007536:	2800      	cmp	r0, #0
10007538:	daab      	bge.n	10007492 <_malloc_r+0x46>
1000753a:	686a      	ldr	r2, [r5, #4]
1000753c:	4694      	mov	ip, r2
1000753e:	2280      	movs	r2, #128	@ 0x80
10007540:	0092      	lsls	r2, r2, #2
10007542:	4293      	cmp	r3, r2
10007544:	d300      	bcc.n	10007548 <_malloc_r+0xfc>
10007546:	e116      	b.n	10007776 <_malloc_r+0x32a>
10007548:	08da      	lsrs	r2, r3, #3
1000754a:	0958      	lsrs	r0, r3, #5
1000754c:	2301      	movs	r3, #1
1000754e:	4083      	lsls	r3, r0
10007550:	4660      	mov	r0, ip
10007552:	4318      	orrs	r0, r3
10007554:	4684      	mov	ip, r0
10007556:	00d3      	lsls	r3, r2, #3
10007558:	195b      	adds	r3, r3, r5
1000755a:	689a      	ldr	r2, [r3, #8]
1000755c:	6068      	str	r0, [r5, #4]
1000755e:	60fb      	str	r3, [r7, #12]
10007560:	60ba      	str	r2, [r7, #8]
10007562:	609f      	str	r7, [r3, #8]
10007564:	60d7      	str	r7, [r2, #12]
10007566:	2001      	movs	r0, #1
10007568:	108b      	asrs	r3, r1, #2
1000756a:	4098      	lsls	r0, r3
1000756c:	4560      	cmp	r0, ip
1000756e:	d85f      	bhi.n	10007630 <_malloc_r+0x1e4>
10007570:	4663      	mov	r3, ip
10007572:	4203      	tst	r3, r0
10007574:	d10a      	bne.n	1000758c <_malloc_r+0x140>
10007576:	2303      	movs	r3, #3
10007578:	4399      	bics	r1, r3
1000757a:	4663      	mov	r3, ip
1000757c:	0040      	lsls	r0, r0, #1
1000757e:	3104      	adds	r1, #4
10007580:	4203      	tst	r3, r0
10007582:	d103      	bne.n	1000758c <_malloc_r+0x140>
10007584:	0040      	lsls	r0, r0, #1
10007586:	3104      	adds	r1, #4
10007588:	4203      	tst	r3, r0
1000758a:	d0fb      	beq.n	10007584 <_malloc_r+0x138>
1000758c:	2303      	movs	r3, #3
1000758e:	46a8      	mov	r8, r5
10007590:	469c      	mov	ip, r3
10007592:	4683      	mov	fp, r0
10007594:	000d      	movs	r5, r1
10007596:	00e8      	lsls	r0, r5, #3
10007598:	4440      	add	r0, r8
1000759a:	0006      	movs	r6, r0
1000759c:	46aa      	mov	sl, r5
1000759e:	68f3      	ldr	r3, [r6, #12]
100075a0:	e00b      	b.n	100075ba <_malloc_r+0x16e>
100075a2:	4661      	mov	r1, ip
100075a4:	685a      	ldr	r2, [r3, #4]
100075a6:	438a      	bics	r2, r1
100075a8:	1b17      	subs	r7, r2, r4
100075aa:	0019      	movs	r1, r3
100075ac:	68db      	ldr	r3, [r3, #12]
100075ae:	2f0f      	cmp	r7, #15
100075b0:	dd00      	ble.n	100075b4 <_malloc_r+0x168>
100075b2:	e11b      	b.n	100077ec <_malloc_r+0x3a0>
100075b4:	2f00      	cmp	r7, #0
100075b6:	db00      	blt.n	100075ba <_malloc_r+0x16e>
100075b8:	e12f      	b.n	1000781a <_malloc_r+0x3ce>
100075ba:	429e      	cmp	r6, r3
100075bc:	d1f1      	bne.n	100075a2 <_malloc_r+0x156>
100075be:	4653      	mov	r3, sl
100075c0:	3301      	adds	r3, #1
100075c2:	469a      	mov	sl, r3
100075c4:	3608      	adds	r6, #8
100075c6:	079b      	lsls	r3, r3, #30
100075c8:	d1e9      	bne.n	1000759e <_malloc_r+0x152>
100075ca:	2203      	movs	r2, #3
100075cc:	e005      	b.n	100075da <_malloc_r+0x18e>
100075ce:	6803      	ldr	r3, [r0, #0]
100075d0:	3808      	subs	r0, #8
100075d2:	3d01      	subs	r5, #1
100075d4:	4283      	cmp	r3, r0
100075d6:	d000      	beq.n	100075da <_malloc_r+0x18e>
100075d8:	e1e2      	b.n	100079a0 <_malloc_r+0x554>
100075da:	422a      	tst	r2, r5
100075dc:	d1f7      	bne.n	100075ce <_malloc_r+0x182>
100075de:	4642      	mov	r2, r8
100075e0:	4659      	mov	r1, fp
100075e2:	6853      	ldr	r3, [r2, #4]
100075e4:	438b      	bics	r3, r1
100075e6:	6053      	str	r3, [r2, #4]
100075e8:	465a      	mov	r2, fp
100075ea:	0052      	lsls	r2, r2, #1
100075ec:	4693      	mov	fp, r2
100075ee:	429a      	cmp	r2, r3
100075f0:	d81d      	bhi.n	1000762e <_malloc_r+0x1e2>
100075f2:	2a00      	cmp	r2, #0
100075f4:	d106      	bne.n	10007604 <_malloc_r+0x1b8>
100075f6:	e01a      	b.n	1000762e <_malloc_r+0x1e2>
100075f8:	4652      	mov	r2, sl
100075fa:	3204      	adds	r2, #4
100075fc:	4692      	mov	sl, r2
100075fe:	465a      	mov	r2, fp
10007600:	0052      	lsls	r2, r2, #1
10007602:	4693      	mov	fp, r2
10007604:	4213      	tst	r3, r2
10007606:	d0f7      	beq.n	100075f8 <_malloc_r+0x1ac>
10007608:	4655      	mov	r5, sl
1000760a:	e7c4      	b.n	10007596 <_malloc_r+0x14a>
1000760c:	230c      	movs	r3, #12
1000760e:	464a      	mov	r2, r9
10007610:	6013      	str	r3, [r2, #0]
10007612:	2000      	movs	r0, #0
10007614:	b005      	add	sp, #20
10007616:	bcf0      	pop	{r4, r5, r6, r7}
10007618:	46bb      	mov	fp, r7
1000761a:	46b2      	mov	sl, r6
1000761c:	46a9      	mov	r9, r5
1000761e:	46a0      	mov	r8, r4
10007620:	bdf0      	pop	{r4, r5, r6, r7, pc}
10007622:	2380      	movs	r3, #128	@ 0x80
10007624:	223f      	movs	r2, #63	@ 0x3f
10007626:	2140      	movs	r1, #64	@ 0x40
10007628:	4690      	mov	r8, r2
1000762a:	009b      	lsls	r3, r3, #2
1000762c:	e757      	b.n	100074de <_malloc_r+0x92>
1000762e:	4645      	mov	r5, r8
10007630:	2203      	movs	r2, #3
10007632:	68af      	ldr	r7, [r5, #8]
10007634:	687b      	ldr	r3, [r7, #4]
10007636:	4393      	bics	r3, r2
10007638:	469a      	mov	sl, r3
1000763a:	42a3      	cmp	r3, r4
1000763c:	d302      	bcc.n	10007644 <_malloc_r+0x1f8>
1000763e:	1b1b      	subs	r3, r3, r4
10007640:	2b0f      	cmp	r3, #15
10007642:	dc7e      	bgt.n	10007742 <_malloc_r+0x2f6>
10007644:	4b56      	ldr	r3, [pc, #344]	@ (100077a0 <_malloc_r+0x354>)
10007646:	2008      	movs	r0, #8
10007648:	681b      	ldr	r3, [r3, #0]
1000764a:	3310      	adds	r3, #16
1000764c:	191e      	adds	r6, r3, r4
1000764e:	f000 fb17 	bl	10007c80 <sysconf>
10007652:	4b54      	ldr	r3, [pc, #336]	@ (100077a4 <_malloc_r+0x358>)
10007654:	4683      	mov	fp, r0
10007656:	9301      	str	r3, [sp, #4]
10007658:	681b      	ldr	r3, [r3, #0]
1000765a:	3301      	adds	r3, #1
1000765c:	d004      	beq.n	10007668 <_malloc_r+0x21c>
1000765e:	1e73      	subs	r3, r6, #1
10007660:	181b      	adds	r3, r3, r0
10007662:	4242      	negs	r2, r0
10007664:	4013      	ands	r3, r2
10007666:	001e      	movs	r6, r3
10007668:	0031      	movs	r1, r6
1000766a:	4648      	mov	r0, r9
1000766c:	f000 faf0 	bl	10007c50 <_sbrk_r>
10007670:	4680      	mov	r8, r0
10007672:	1c43      	adds	r3, r0, #1
10007674:	d100      	bne.n	10007678 <_malloc_r+0x22c>
10007676:	e0fd      	b.n	10007874 <_malloc_r+0x428>
10007678:	4653      	mov	r3, sl
1000767a:	18fb      	adds	r3, r7, r3
1000767c:	4283      	cmp	r3, r0
1000767e:	d900      	bls.n	10007682 <_malloc_r+0x236>
10007680:	e0f6      	b.n	10007870 <_malloc_r+0x424>
10007682:	4a49      	ldr	r2, [pc, #292]	@ (100077a8 <_malloc_r+0x35c>)
10007684:	6811      	ldr	r1, [r2, #0]
10007686:	9202      	str	r2, [sp, #8]
10007688:	1989      	adds	r1, r1, r6
1000768a:	6011      	str	r1, [r2, #0]
1000768c:	465a      	mov	r2, fp
1000768e:	3a01      	subs	r2, #1
10007690:	4283      	cmp	r3, r0
10007692:	d100      	bne.n	10007696 <_malloc_r+0x24a>
10007694:	e139      	b.n	1000790a <_malloc_r+0x4be>
10007696:	9801      	ldr	r0, [sp, #4]
10007698:	6800      	ldr	r0, [r0, #0]
1000769a:	3001      	adds	r0, #1
1000769c:	d100      	bne.n	100076a0 <_malloc_r+0x254>
1000769e:	e13f      	b.n	10007920 <_malloc_r+0x4d4>
100076a0:	4640      	mov	r0, r8
100076a2:	1ac3      	subs	r3, r0, r3
100076a4:	185b      	adds	r3, r3, r1
100076a6:	9902      	ldr	r1, [sp, #8]
100076a8:	600b      	str	r3, [r1, #0]
100076aa:	4641      	mov	r1, r8
100076ac:	2307      	movs	r3, #7
100076ae:	0008      	movs	r0, r1
100076b0:	4018      	ands	r0, r3
100076b2:	9001      	str	r0, [sp, #4]
100076b4:	4219      	tst	r1, r3
100076b6:	d100      	bne.n	100076ba <_malloc_r+0x26e>
100076b8:	e0f9      	b.n	100078ae <_malloc_r+0x462>
100076ba:	46c4      	mov	ip, r8
100076bc:	0031      	movs	r1, r6
100076be:	3301      	adds	r3, #1
100076c0:	1a1b      	subs	r3, r3, r0
100076c2:	449c      	add	ip, r3
100076c4:	4461      	add	r1, ip
100076c6:	9103      	str	r1, [sp, #12]
100076c8:	445b      	add	r3, fp
100076ca:	4011      	ands	r1, r2
100076cc:	1a5b      	subs	r3, r3, r1
100076ce:	401a      	ands	r2, r3
100076d0:	0011      	movs	r1, r2
100076d2:	4648      	mov	r0, r9
100076d4:	46e0      	mov	r8, ip
100076d6:	0016      	movs	r6, r2
100076d8:	f000 faba 	bl	10007c50 <_sbrk_r>
100076dc:	1c43      	adds	r3, r0, #1
100076de:	d100      	bne.n	100076e2 <_malloc_r+0x296>
100076e0:	e13a      	b.n	10007958 <_malloc_r+0x50c>
100076e2:	9b02      	ldr	r3, [sp, #8]
100076e4:	6819      	ldr	r1, [r3, #0]
100076e6:	1989      	adds	r1, r1, r6
100076e8:	6019      	str	r1, [r3, #0]
100076ea:	4643      	mov	r3, r8
100076ec:	1ac2      	subs	r2, r0, r3
100076ee:	2001      	movs	r0, #1
100076f0:	1992      	adds	r2, r2, r6
100076f2:	4302      	orrs	r2, r0
100076f4:	60ab      	str	r3, [r5, #8]
100076f6:	605a      	str	r2, [r3, #4]
100076f8:	42af      	cmp	r7, r5
100076fa:	d013      	beq.n	10007724 <_malloc_r+0x2d8>
100076fc:	4653      	mov	r3, sl
100076fe:	2b0f      	cmp	r3, #15
10007700:	d800      	bhi.n	10007704 <_malloc_r+0x2b8>
10007702:	e111      	b.n	10007928 <_malloc_r+0x4dc>
10007704:	2207      	movs	r2, #7
10007706:	3b0c      	subs	r3, #12
10007708:	4393      	bics	r3, r2
1000770a:	687a      	ldr	r2, [r7, #4]
1000770c:	4002      	ands	r2, r0
1000770e:	2005      	movs	r0, #5
10007710:	431a      	orrs	r2, r3
10007712:	607a      	str	r2, [r7, #4]
10007714:	18fa      	adds	r2, r7, r3
10007716:	6050      	str	r0, [r2, #4]
10007718:	6090      	str	r0, [r2, #8]
1000771a:	2b0f      	cmp	r3, #15
1000771c:	d900      	bls.n	10007720 <_malloc_r+0x2d4>
1000771e:	e121      	b.n	10007964 <_malloc_r+0x518>
10007720:	4643      	mov	r3, r8
10007722:	685a      	ldr	r2, [r3, #4]
10007724:	4b21      	ldr	r3, [pc, #132]	@ (100077ac <_malloc_r+0x360>)
10007726:	6818      	ldr	r0, [r3, #0]
10007728:	4288      	cmp	r0, r1
1000772a:	d200      	bcs.n	1000772e <_malloc_r+0x2e2>
1000772c:	6019      	str	r1, [r3, #0]
1000772e:	4b20      	ldr	r3, [pc, #128]	@ (100077b0 <_malloc_r+0x364>)
10007730:	6818      	ldr	r0, [r3, #0]
10007732:	4288      	cmp	r0, r1
10007734:	d200      	bcs.n	10007738 <_malloc_r+0x2ec>
10007736:	6019      	str	r1, [r3, #0]
10007738:	4647      	mov	r7, r8
1000773a:	e09d      	b.n	10007878 <_malloc_r+0x42c>
1000773c:	686b      	ldr	r3, [r5, #4]
1000773e:	469c      	mov	ip, r3
10007740:	e711      	b.n	10007566 <_malloc_r+0x11a>
10007742:	2201      	movs	r2, #1
10007744:	0021      	movs	r1, r4
10007746:	4313      	orrs	r3, r2
10007748:	4311      	orrs	r1, r2
1000774a:	193c      	adds	r4, r7, r4
1000774c:	6079      	str	r1, [r7, #4]
1000774e:	4648      	mov	r0, r9
10007750:	60ac      	str	r4, [r5, #8]
10007752:	6063      	str	r3, [r4, #4]
10007754:	f000 f934 	bl	100079c0 <__malloc_unlock>
10007758:	0038      	movs	r0, r7
1000775a:	3008      	adds	r0, #8
1000775c:	e75a      	b.n	10007614 <_malloc_r+0x1c8>
1000775e:	68ba      	ldr	r2, [r7, #8]
10007760:	60d0      	str	r0, [r2, #12]
10007762:	6082      	str	r2, [r0, #8]
10007764:	e695      	b.n	10007492 <_malloc_r+0x46>
10007766:	4661      	mov	r1, ip
10007768:	e6d6      	b.n	10007518 <_malloc_r+0xcc>
1000776a:	68df      	ldr	r7, [r3, #12]
1000776c:	3102      	adds	r1, #2
1000776e:	42bb      	cmp	r3, r7
10007770:	d100      	bne.n	10007774 <_malloc_r+0x328>
10007772:	e6d1      	b.n	10007518 <_malloc_r+0xcc>
10007774:	e686      	b.n	10007484 <_malloc_r+0x38>
10007776:	0a5a      	lsrs	r2, r3, #9
10007778:	2a04      	cmp	r2, #4
1000777a:	d973      	bls.n	10007864 <_malloc_r+0x418>
1000777c:	2a14      	cmp	r2, #20
1000777e:	d900      	bls.n	10007782 <_malloc_r+0x336>
10007780:	e0a7      	b.n	100078d2 <_malloc_r+0x486>
10007782:	0010      	movs	r0, r2
10007784:	325c      	adds	r2, #92	@ 0x5c
10007786:	305b      	adds	r0, #91	@ 0x5b
10007788:	00d2      	lsls	r2, r2, #3
1000778a:	18aa      	adds	r2, r5, r2
1000778c:	3a08      	subs	r2, #8
1000778e:	0016      	movs	r6, r2
10007790:	6892      	ldr	r2, [r2, #8]
10007792:	4688      	mov	r8, r1
10007794:	4296      	cmp	r6, r2
10007796:	d110      	bne.n	100077ba <_malloc_r+0x36e>
10007798:	e081      	b.n	1000789e <_malloc_r+0x452>
1000779a:	46c0      	nop			@ (mov r8, r8)
1000779c:	20001098 	.word	0x20001098
100077a0:	20001b40 	.word	0x20001b40
100077a4:	20001090 	.word	0x20001090
100077a8:	20001b10 	.word	0x20001b10
100077ac:	20001b38 	.word	0x20001b38
100077b0:	20001b3c 	.word	0x20001b3c
100077b4:	6892      	ldr	r2, [r2, #8]
100077b6:	4296      	cmp	r6, r2
100077b8:	d004      	beq.n	100077c4 <_malloc_r+0x378>
100077ba:	2103      	movs	r1, #3
100077bc:	6850      	ldr	r0, [r2, #4]
100077be:	4388      	bics	r0, r1
100077c0:	4298      	cmp	r0, r3
100077c2:	d8f7      	bhi.n	100077b4 <_malloc_r+0x368>
100077c4:	4641      	mov	r1, r8
100077c6:	68d6      	ldr	r6, [r2, #12]
100077c8:	60fe      	str	r6, [r7, #12]
100077ca:	60ba      	str	r2, [r7, #8]
100077cc:	60b7      	str	r7, [r6, #8]
100077ce:	60d7      	str	r7, [r2, #12]
100077d0:	e6c9      	b.n	10007566 <_malloc_r+0x11a>
100077d2:	2914      	cmp	r1, #20
100077d4:	d95c      	bls.n	10007890 <_malloc_r+0x444>
100077d6:	2954      	cmp	r1, #84	@ 0x54
100077d8:	d900      	bls.n	100077dc <_malloc_r+0x390>
100077da:	e082      	b.n	100078e2 <_malloc_r+0x496>
100077dc:	236e      	movs	r3, #110	@ 0x6e
100077de:	469c      	mov	ip, r3
100077e0:	0b21      	lsrs	r1, r4, #12
100077e2:	448c      	add	ip, r1
100077e4:	316f      	adds	r1, #111	@ 0x6f
100077e6:	46e0      	mov	r8, ip
100077e8:	00cb      	lsls	r3, r1, #3
100077ea:	e678      	b.n	100074de <_malloc_r+0x92>
100077ec:	2001      	movs	r0, #1
100077ee:	000e      	movs	r6, r1
100077f0:	4645      	mov	r5, r8
100077f2:	1909      	adds	r1, r1, r4
100077f4:	4304      	orrs	r4, r0
100077f6:	6074      	str	r4, [r6, #4]
100077f8:	68b4      	ldr	r4, [r6, #8]
100077fa:	3508      	adds	r5, #8
100077fc:	60e3      	str	r3, [r4, #12]
100077fe:	4338      	orrs	r0, r7
10007800:	609c      	str	r4, [r3, #8]
10007802:	60a9      	str	r1, [r5, #8]
10007804:	60e9      	str	r1, [r5, #12]
10007806:	6048      	str	r0, [r1, #4]
10007808:	60cd      	str	r5, [r1, #12]
1000780a:	4648      	mov	r0, r9
1000780c:	608d      	str	r5, [r1, #8]
1000780e:	50b7      	str	r7, [r6, r2]
10007810:	f000 f8d6 	bl	100079c0 <__malloc_unlock>
10007814:	0030      	movs	r0, r6
10007816:	3008      	adds	r0, #8
10007818:	e6fc      	b.n	10007614 <_malloc_r+0x1c8>
1000781a:	2001      	movs	r0, #1
1000781c:	000c      	movs	r4, r1
1000781e:	188a      	adds	r2, r1, r2
10007820:	6851      	ldr	r1, [r2, #4]
10007822:	3408      	adds	r4, #8
10007824:	4301      	orrs	r1, r0
10007826:	6051      	str	r1, [r2, #4]
10007828:	6822      	ldr	r2, [r4, #0]
1000782a:	4648      	mov	r0, r9
1000782c:	60d3      	str	r3, [r2, #12]
1000782e:	609a      	str	r2, [r3, #8]
10007830:	f000 f8c6 	bl	100079c0 <__malloc_unlock>
10007834:	0020      	movs	r0, r4
10007836:	e6ed      	b.n	10007614 <_malloc_r+0x1c8>
10007838:	0023      	movs	r3, r4
1000783a:	08e1      	lsrs	r1, r4, #3
1000783c:	3308      	adds	r3, #8
1000783e:	e619      	b.n	10007474 <_malloc_r+0x28>
10007840:	2601      	movs	r6, #1
10007842:	1939      	adds	r1, r7, r4
10007844:	4334      	orrs	r4, r6
10007846:	607c      	str	r4, [r7, #4]
10007848:	6129      	str	r1, [r5, #16]
1000784a:	6169      	str	r1, [r5, #20]
1000784c:	60ca      	str	r2, [r1, #12]
1000784e:	608a      	str	r2, [r1, #8]
10007850:	0032      	movs	r2, r6
10007852:	4302      	orrs	r2, r0
10007854:	604a      	str	r2, [r1, #4]
10007856:	50f8      	str	r0, [r7, r3]
10007858:	4648      	mov	r0, r9
1000785a:	f000 f8b1 	bl	100079c0 <__malloc_unlock>
1000785e:	0038      	movs	r0, r7
10007860:	3008      	adds	r0, #8
10007862:	e6d7      	b.n	10007614 <_malloc_r+0x1c8>
10007864:	099a      	lsrs	r2, r3, #6
10007866:	0010      	movs	r0, r2
10007868:	3239      	adds	r2, #57	@ 0x39
1000786a:	3038      	adds	r0, #56	@ 0x38
1000786c:	00d2      	lsls	r2, r2, #3
1000786e:	e78c      	b.n	1000778a <_malloc_r+0x33e>
10007870:	42af      	cmp	r7, r5
10007872:	d042      	beq.n	100078fa <_malloc_r+0x4ae>
10007874:	68af      	ldr	r7, [r5, #8]
10007876:	687a      	ldr	r2, [r7, #4]
10007878:	2303      	movs	r3, #3
1000787a:	439a      	bics	r2, r3
1000787c:	1b13      	subs	r3, r2, r4
1000787e:	42a2      	cmp	r2, r4
10007880:	d302      	bcc.n	10007888 <_malloc_r+0x43c>
10007882:	2b0f      	cmp	r3, #15
10007884:	dd00      	ble.n	10007888 <_malloc_r+0x43c>
10007886:	e75c      	b.n	10007742 <_malloc_r+0x2f6>
10007888:	4648      	mov	r0, r9
1000788a:	f000 f899 	bl	100079c0 <__malloc_unlock>
1000788e:	e6c0      	b.n	10007612 <_malloc_r+0x1c6>
10007890:	235b      	movs	r3, #91	@ 0x5b
10007892:	469c      	mov	ip, r3
10007894:	448c      	add	ip, r1
10007896:	315c      	adds	r1, #92	@ 0x5c
10007898:	46e0      	mov	r8, ip
1000789a:	00cb      	lsls	r3, r1, #3
1000789c:	e61f      	b.n	100074de <_malloc_r+0x92>
1000789e:	2301      	movs	r3, #1
100078a0:	1080      	asrs	r0, r0, #2
100078a2:	4083      	lsls	r3, r0
100078a4:	4660      	mov	r0, ip
100078a6:	4318      	orrs	r0, r3
100078a8:	4684      	mov	ip, r0
100078aa:	6068      	str	r0, [r5, #4]
100078ac:	e78c      	b.n	100077c8 <_malloc_r+0x37c>
100078ae:	0033      	movs	r3, r6
100078b0:	4659      	mov	r1, fp
100078b2:	4443      	add	r3, r8
100078b4:	9301      	str	r3, [sp, #4]
100078b6:	4013      	ands	r3, r2
100078b8:	1acb      	subs	r3, r1, r3
100078ba:	401a      	ands	r2, r3
100078bc:	0011      	movs	r1, r2
100078be:	4648      	mov	r0, r9
100078c0:	0016      	movs	r6, r2
100078c2:	f000 f9c5 	bl	10007c50 <_sbrk_r>
100078c6:	1c43      	adds	r3, r0, #1
100078c8:	d000      	beq.n	100078cc <_malloc_r+0x480>
100078ca:	e70a      	b.n	100076e2 <_malloc_r+0x296>
100078cc:	2600      	movs	r6, #0
100078ce:	9801      	ldr	r0, [sp, #4]
100078d0:	e707      	b.n	100076e2 <_malloc_r+0x296>
100078d2:	2a54      	cmp	r2, #84	@ 0x54
100078d4:	d82b      	bhi.n	1000792e <_malloc_r+0x4e2>
100078d6:	0b1a      	lsrs	r2, r3, #12
100078d8:	0010      	movs	r0, r2
100078da:	326f      	adds	r2, #111	@ 0x6f
100078dc:	306e      	adds	r0, #110	@ 0x6e
100078de:	00d2      	lsls	r2, r2, #3
100078e0:	e753      	b.n	1000778a <_malloc_r+0x33e>
100078e2:	23aa      	movs	r3, #170	@ 0xaa
100078e4:	005b      	lsls	r3, r3, #1
100078e6:	4299      	cmp	r1, r3
100078e8:	d82b      	bhi.n	10007942 <_malloc_r+0x4f6>
100078ea:	3bdd      	subs	r3, #221	@ 0xdd
100078ec:	469c      	mov	ip, r3
100078ee:	0be1      	lsrs	r1, r4, #15
100078f0:	448c      	add	ip, r1
100078f2:	3178      	adds	r1, #120	@ 0x78
100078f4:	46e0      	mov	r8, ip
100078f6:	00cb      	lsls	r3, r1, #3
100078f8:	e5f1      	b.n	100074de <_malloc_r+0x92>
100078fa:	4a2b      	ldr	r2, [pc, #172]	@ (100079a8 <_malloc_r+0x55c>)
100078fc:	6811      	ldr	r1, [r2, #0]
100078fe:	9202      	str	r2, [sp, #8]
10007900:	1989      	adds	r1, r1, r6
10007902:	6011      	str	r1, [r2, #0]
10007904:	465a      	mov	r2, fp
10007906:	3a01      	subs	r2, #1
10007908:	e6c5      	b.n	10007696 <_malloc_r+0x24a>
1000790a:	4210      	tst	r0, r2
1000790c:	d000      	beq.n	10007910 <_malloc_r+0x4c4>
1000790e:	e6c2      	b.n	10007696 <_malloc_r+0x24a>
10007910:	4652      	mov	r2, sl
10007912:	2301      	movs	r3, #1
10007914:	68a8      	ldr	r0, [r5, #8]
10007916:	1992      	adds	r2, r2, r6
10007918:	431a      	orrs	r2, r3
1000791a:	4680      	mov	r8, r0
1000791c:	6042      	str	r2, [r0, #4]
1000791e:	e701      	b.n	10007724 <_malloc_r+0x2d8>
10007920:	4641      	mov	r1, r8
10007922:	9b01      	ldr	r3, [sp, #4]
10007924:	6019      	str	r1, [r3, #0]
10007926:	e6c0      	b.n	100076aa <_malloc_r+0x25e>
10007928:	4643      	mov	r3, r8
1000792a:	6058      	str	r0, [r3, #4]
1000792c:	e7ac      	b.n	10007888 <_malloc_r+0x43c>
1000792e:	20aa      	movs	r0, #170	@ 0xaa
10007930:	0040      	lsls	r0, r0, #1
10007932:	4282      	cmp	r2, r0
10007934:	d821      	bhi.n	1000797a <_malloc_r+0x52e>
10007936:	0bda      	lsrs	r2, r3, #15
10007938:	0010      	movs	r0, r2
1000793a:	3278      	adds	r2, #120	@ 0x78
1000793c:	3077      	adds	r0, #119	@ 0x77
1000793e:	00d2      	lsls	r2, r2, #3
10007940:	e723      	b.n	1000778a <_malloc_r+0x33e>
10007942:	4b1a      	ldr	r3, [pc, #104]	@ (100079ac <_malloc_r+0x560>)
10007944:	4299      	cmp	r1, r3
10007946:	d821      	bhi.n	1000798c <_malloc_r+0x540>
10007948:	237c      	movs	r3, #124	@ 0x7c
1000794a:	469c      	mov	ip, r3
1000794c:	0ca1      	lsrs	r1, r4, #18
1000794e:	448c      	add	ip, r1
10007950:	317d      	adds	r1, #125	@ 0x7d
10007952:	46e0      	mov	r8, ip
10007954:	00cb      	lsls	r3, r1, #3
10007956:	e5c2      	b.n	100074de <_malloc_r+0x92>
10007958:	9801      	ldr	r0, [sp, #4]
1000795a:	9b03      	ldr	r3, [sp, #12]
1000795c:	3808      	subs	r0, #8
1000795e:	2600      	movs	r6, #0
10007960:	1818      	adds	r0, r3, r0
10007962:	e6be      	b.n	100076e2 <_malloc_r+0x296>
10007964:	0039      	movs	r1, r7
10007966:	4648      	mov	r0, r9
10007968:	3108      	adds	r1, #8
1000796a:	f000 fa27 	bl	10007dbc <_free_r>
1000796e:	9b02      	ldr	r3, [sp, #8]
10007970:	6819      	ldr	r1, [r3, #0]
10007972:	68ab      	ldr	r3, [r5, #8]
10007974:	4698      	mov	r8, r3
10007976:	685a      	ldr	r2, [r3, #4]
10007978:	e6d4      	b.n	10007724 <_malloc_r+0x2d8>
1000797a:	480c      	ldr	r0, [pc, #48]	@ (100079ac <_malloc_r+0x560>)
1000797c:	4282      	cmp	r2, r0
1000797e:	d80b      	bhi.n	10007998 <_malloc_r+0x54c>
10007980:	0c9a      	lsrs	r2, r3, #18
10007982:	0010      	movs	r0, r2
10007984:	327d      	adds	r2, #125	@ 0x7d
10007986:	307c      	adds	r0, #124	@ 0x7c
10007988:	00d2      	lsls	r2, r2, #3
1000798a:	e6fe      	b.n	1000778a <_malloc_r+0x33e>
1000798c:	23fe      	movs	r3, #254	@ 0xfe
1000798e:	227e      	movs	r2, #126	@ 0x7e
10007990:	217f      	movs	r1, #127	@ 0x7f
10007992:	4690      	mov	r8, r2
10007994:	009b      	lsls	r3, r3, #2
10007996:	e5a2      	b.n	100074de <_malloc_r+0x92>
10007998:	22fe      	movs	r2, #254	@ 0xfe
1000799a:	207e      	movs	r0, #126	@ 0x7e
1000799c:	0092      	lsls	r2, r2, #2
1000799e:	e6f4      	b.n	1000778a <_malloc_r+0x33e>
100079a0:	4643      	mov	r3, r8
100079a2:	685b      	ldr	r3, [r3, #4]
100079a4:	e620      	b.n	100075e8 <_malloc_r+0x19c>
100079a6:	46c0      	nop			@ (mov r8, r8)
100079a8:	20001b10 	.word	0x20001b10
100079ac:	00000554 	.word	0x00000554

100079b0 <__malloc_lock>:
100079b0:	b510      	push	{r4, lr}
100079b2:	4802      	ldr	r0, [pc, #8]	@ (100079bc <__malloc_lock+0xc>)
100079b4:	f000 f976 	bl	10007ca4 <__retarget_lock_acquire_recursive>
100079b8:	bd10      	pop	{r4, pc}
100079ba:	46c0      	nop			@ (mov r8, r8)
100079bc:	20001b08 	.word	0x20001b08

100079c0 <__malloc_unlock>:
100079c0:	b510      	push	{r4, lr}
100079c2:	4802      	ldr	r0, [pc, #8]	@ (100079cc <__malloc_unlock+0xc>)
100079c4:	f000 f970 	bl	10007ca8 <__retarget_lock_release_recursive>
100079c8:	bd10      	pop	{r4, pc}
100079ca:	46c0      	nop			@ (mov r8, r8)
100079cc:	20001b08 	.word	0x20001b08

100079d0 <getc>:
100079d0:	4b18      	ldr	r3, [pc, #96]	@ (10007a34 <getc+0x64>)
100079d2:	b570      	push	{r4, r5, r6, lr}
100079d4:	681d      	ldr	r5, [r3, #0]
100079d6:	0004      	movs	r4, r0
100079d8:	2d00      	cmp	r5, #0
100079da:	d002      	beq.n	100079e2 <getc+0x12>
100079dc:	6b6b      	ldr	r3, [r5, #52]	@ 0x34
100079de:	2b00      	cmp	r3, #0
100079e0:	d024      	beq.n	10007a2c <getc+0x5c>
100079e2:	6e63      	ldr	r3, [r4, #100]	@ 0x64
100079e4:	07db      	lsls	r3, r3, #31
100079e6:	d402      	bmi.n	100079ee <getc+0x1e>
100079e8:	89a3      	ldrh	r3, [r4, #12]
100079ea:	059b      	lsls	r3, r3, #22
100079ec:	d51a      	bpl.n	10007a24 <getc+0x54>
100079ee:	6863      	ldr	r3, [r4, #4]
100079f0:	3b01      	subs	r3, #1
100079f2:	6063      	str	r3, [r4, #4]
100079f4:	2b00      	cmp	r3, #0
100079f6:	db0b      	blt.n	10007a10 <getc+0x40>
100079f8:	6823      	ldr	r3, [r4, #0]
100079fa:	1c5a      	adds	r2, r3, #1
100079fc:	6022      	str	r2, [r4, #0]
100079fe:	781d      	ldrb	r5, [r3, #0]
10007a00:	6e63      	ldr	r3, [r4, #100]	@ 0x64
10007a02:	07db      	lsls	r3, r3, #31
10007a04:	d402      	bmi.n	10007a0c <getc+0x3c>
10007a06:	89a3      	ldrh	r3, [r4, #12]
10007a08:	059b      	lsls	r3, r3, #22
10007a0a:	d507      	bpl.n	10007a1c <getc+0x4c>
10007a0c:	0028      	movs	r0, r5
10007a0e:	bd70      	pop	{r4, r5, r6, pc}
10007a10:	0028      	movs	r0, r5
10007a12:	0021      	movs	r1, r4
10007a14:	f000 f810 	bl	10007a38 <__srget_r>
10007a18:	0005      	movs	r5, r0
10007a1a:	e7f1      	b.n	10007a00 <getc+0x30>
10007a1c:	6da0      	ldr	r0, [r4, #88]	@ 0x58
10007a1e:	f000 f943 	bl	10007ca8 <__retarget_lock_release_recursive>
10007a22:	e7f3      	b.n	10007a0c <getc+0x3c>
10007a24:	6da0      	ldr	r0, [r4, #88]	@ 0x58
10007a26:	f000 f93d 	bl	10007ca4 <__retarget_lock_acquire_recursive>
10007a2a:	e7e0      	b.n	100079ee <getc+0x1e>
10007a2c:	0028      	movs	r0, r5
10007a2e:	f000 f8e3 	bl	10007bf8 <__sinit>
10007a32:	e7d6      	b.n	100079e2 <getc+0x12>
10007a34:	200014ac 	.word	0x200014ac

10007a38 <__srget_r>:
10007a38:	b570      	push	{r4, r5, r6, lr}
10007a3a:	0005      	movs	r5, r0
10007a3c:	000c      	movs	r4, r1
10007a3e:	2800      	cmp	r0, #0
10007a40:	d002      	beq.n	10007a48 <__srget_r+0x10>
10007a42:	6b43      	ldr	r3, [r0, #52]	@ 0x34
10007a44:	2b00      	cmp	r3, #0
10007a46:	d01b      	beq.n	10007a80 <__srget_r+0x48>
10007a48:	2280      	movs	r2, #128	@ 0x80
10007a4a:	230c      	movs	r3, #12
10007a4c:	5ee1      	ldrsh	r1, [r4, r3]
10007a4e:	0192      	lsls	r2, r2, #6
10007a50:	6e63      	ldr	r3, [r4, #100]	@ 0x64
10007a52:	4211      	tst	r1, r2
10007a54:	d104      	bne.n	10007a60 <__srget_r+0x28>
10007a56:	430a      	orrs	r2, r1
10007a58:	81a2      	strh	r2, [r4, #12]
10007a5a:	4a0c      	ldr	r2, [pc, #48]	@ (10007a8c <__srget_r+0x54>)
10007a5c:	4013      	ands	r3, r2
10007a5e:	6663      	str	r3, [r4, #100]	@ 0x64
10007a60:	049b      	lsls	r3, r3, #18
10007a62:	d410      	bmi.n	10007a86 <__srget_r+0x4e>
10007a64:	0021      	movs	r1, r4
10007a66:	0028      	movs	r0, r5
10007a68:	f000 fac4 	bl	10007ff4 <__srefill_r>
10007a6c:	2800      	cmp	r0, #0
10007a6e:	d10a      	bne.n	10007a86 <__srget_r+0x4e>
10007a70:	6863      	ldr	r3, [r4, #4]
10007a72:	3b01      	subs	r3, #1
10007a74:	6063      	str	r3, [r4, #4]
10007a76:	6823      	ldr	r3, [r4, #0]
10007a78:	1c5a      	adds	r2, r3, #1
10007a7a:	6022      	str	r2, [r4, #0]
10007a7c:	7818      	ldrb	r0, [r3, #0]
10007a7e:	bd70      	pop	{r4, r5, r6, pc}
10007a80:	f000 f8ba 	bl	10007bf8 <__sinit>
10007a84:	e7e0      	b.n	10007a48 <__srget_r+0x10>
10007a86:	2001      	movs	r0, #1
10007a88:	4240      	negs	r0, r0
10007a8a:	e7f8      	b.n	10007a7e <__srget_r+0x46>
10007a8c:	ffffdfff 	.word	0xffffdfff

10007a90 <stdio_exit_handler>:
10007a90:	b510      	push	{r4, lr}
10007a92:	4a03      	ldr	r2, [pc, #12]	@ (10007aa0 <stdio_exit_handler+0x10>)
10007a94:	4903      	ldr	r1, [pc, #12]	@ (10007aa4 <stdio_exit_handler+0x14>)
10007a96:	4804      	ldr	r0, [pc, #16]	@ (10007aa8 <stdio_exit_handler+0x18>)
10007a98:	f000 fa7a 	bl	10007f90 <_fwalk_sglue>
10007a9c:	bd10      	pop	{r4, pc}
10007a9e:	46c0      	nop			@ (mov r8, r8)
10007aa0:	200014a0 	.word	0x200014a0
10007aa4:	100080f1 	.word	0x100080f1
10007aa8:	200014b0 	.word	0x200014b0

10007aac <cleanup_stdio>:
10007aac:	6841      	ldr	r1, [r0, #4]
10007aae:	4b0b      	ldr	r3, [pc, #44]	@ (10007adc <cleanup_stdio+0x30>)
10007ab0:	b510      	push	{r4, lr}
10007ab2:	0004      	movs	r4, r0
10007ab4:	4299      	cmp	r1, r3
10007ab6:	d001      	beq.n	10007abc <cleanup_stdio+0x10>
10007ab8:	f000 fb1a 	bl	100080f0 <_fclose_r>
10007abc:	68a1      	ldr	r1, [r4, #8]
10007abe:	4b08      	ldr	r3, [pc, #32]	@ (10007ae0 <cleanup_stdio+0x34>)
10007ac0:	4299      	cmp	r1, r3
10007ac2:	d002      	beq.n	10007aca <cleanup_stdio+0x1e>
10007ac4:	0020      	movs	r0, r4
10007ac6:	f000 fb13 	bl	100080f0 <_fclose_r>
10007aca:	68e1      	ldr	r1, [r4, #12]
10007acc:	4b05      	ldr	r3, [pc, #20]	@ (10007ae4 <cleanup_stdio+0x38>)
10007ace:	4299      	cmp	r1, r3
10007ad0:	d002      	beq.n	10007ad8 <cleanup_stdio+0x2c>
10007ad2:	0020      	movs	r0, r4
10007ad4:	f000 fb0c 	bl	100080f0 <_fclose_r>
10007ad8:	bd10      	pop	{r4, pc}
10007ada:	46c0      	nop			@ (mov r8, r8)
10007adc:	20001b44 	.word	0x20001b44
10007ae0:	20001bac 	.word	0x20001bac
10007ae4:	20001c14 	.word	0x20001c14

10007ae8 <global_stdio_init.part.0>:
10007ae8:	b5f0      	push	{r4, r5, r6, r7, lr}
10007aea:	4c3a      	ldr	r4, [pc, #232]	@ (10007bd4 <global_stdio_init.part.0+0xec>)
10007aec:	4b3a      	ldr	r3, [pc, #232]	@ (10007bd8 <global_stdio_init.part.0+0xf0>)
10007aee:	4a3b      	ldr	r2, [pc, #236]	@ (10007bdc <global_stdio_init.part.0+0xf4>)
10007af0:	0020      	movs	r0, r4
10007af2:	b083      	sub	sp, #12
10007af4:	2500      	movs	r5, #0
10007af6:	601a      	str	r2, [r3, #0]
10007af8:	2304      	movs	r3, #4
10007afa:	2208      	movs	r2, #8
10007afc:	2100      	movs	r1, #0
10007afe:	305c      	adds	r0, #92	@ 0x5c
10007b00:	60e3      	str	r3, [r4, #12]
10007b02:	6025      	str	r5, [r4, #0]
10007b04:	6065      	str	r5, [r4, #4]
10007b06:	60a5      	str	r5, [r4, #8]
10007b08:	6665      	str	r5, [r4, #100]	@ 0x64
10007b0a:	6125      	str	r5, [r4, #16]
10007b0c:	6165      	str	r5, [r4, #20]
10007b0e:	61a5      	str	r5, [r4, #24]
10007b10:	f7fa ff5e 	bl	100029d0 <__wrap_memset>
10007b14:	0020      	movs	r0, r4
10007b16:	4f32      	ldr	r7, [pc, #200]	@ (10007be0 <global_stdio_init.part.0+0xf8>)
10007b18:	4e32      	ldr	r6, [pc, #200]	@ (10007be4 <global_stdio_init.part.0+0xfc>)
10007b1a:	4b33      	ldr	r3, [pc, #204]	@ (10007be8 <global_stdio_init.part.0+0x100>)
10007b1c:	4933      	ldr	r1, [pc, #204]	@ (10007bec <global_stdio_init.part.0+0x104>)
10007b1e:	3058      	adds	r0, #88	@ 0x58
10007b20:	9300      	str	r3, [sp, #0]
10007b22:	6223      	str	r3, [r4, #32]
10007b24:	9101      	str	r1, [sp, #4]
10007b26:	6261      	str	r1, [r4, #36]	@ 0x24
10007b28:	61e4      	str	r4, [r4, #28]
10007b2a:	62a7      	str	r7, [r4, #40]	@ 0x28
10007b2c:	62e6      	str	r6, [r4, #44]	@ 0x2c
10007b2e:	f000 f8b5 	bl	10007c9c <__retarget_lock_init_recursive>
10007b32:	23cc      	movs	r3, #204	@ 0xcc
10007b34:	50e5      	str	r5, [r4, r3]
10007b36:	4b2e      	ldr	r3, [pc, #184]	@ (10007bf0 <global_stdio_init.part.0+0x108>)
10007b38:	0020      	movs	r0, r4
10007b3a:	6763      	str	r3, [r4, #116]	@ 0x74
10007b3c:	2380      	movs	r3, #128	@ 0x80
10007b3e:	2208      	movs	r2, #8
10007b40:	2100      	movs	r1, #0
10007b42:	30c4      	adds	r0, #196	@ 0xc4
10007b44:	50e5      	str	r5, [r4, r3]
10007b46:	66a5      	str	r5, [r4, #104]	@ 0x68
10007b48:	66e5      	str	r5, [r4, #108]	@ 0x6c
10007b4a:	6725      	str	r5, [r4, #112]	@ 0x70
10007b4c:	67a5      	str	r5, [r4, #120]	@ 0x78
10007b4e:	67e5      	str	r5, [r4, #124]	@ 0x7c
10007b50:	f7fa ff3e 	bl	100029d0 <__wrap_memset>
10007b54:	0022      	movs	r2, r4
10007b56:	2384      	movs	r3, #132	@ 0x84
10007b58:	0020      	movs	r0, r4
10007b5a:	3268      	adds	r2, #104	@ 0x68
10007b5c:	50e2      	str	r2, [r4, r3]
10007b5e:	9a00      	ldr	r2, [sp, #0]
10007b60:	9901      	ldr	r1, [sp, #4]
10007b62:	3304      	adds	r3, #4
10007b64:	50e2      	str	r2, [r4, r3]
10007b66:	3304      	adds	r3, #4
10007b68:	50e1      	str	r1, [r4, r3]
10007b6a:	3304      	adds	r3, #4
10007b6c:	50e7      	str	r7, [r4, r3]
10007b6e:	30c0      	adds	r0, #192	@ 0xc0
10007b70:	3304      	adds	r3, #4
10007b72:	50e6      	str	r6, [r4, r3]
10007b74:	f000 f892 	bl	10007c9c <__retarget_lock_init_recursive>
10007b78:	23d0      	movs	r3, #208	@ 0xd0
10007b7a:	0020      	movs	r0, r4
10007b7c:	50e5      	str	r5, [r4, r3]
10007b7e:	3304      	adds	r3, #4
10007b80:	50e5      	str	r5, [r4, r3]
10007b82:	3304      	adds	r3, #4
10007b84:	50e5      	str	r5, [r4, r3]
10007b86:	4a1b      	ldr	r2, [pc, #108]	@ (10007bf4 <global_stdio_init.part.0+0x10c>)
10007b88:	335c      	adds	r3, #92	@ 0x5c
10007b8a:	50e5      	str	r5, [r4, r3]
10007b8c:	3b58      	subs	r3, #88	@ 0x58
10007b8e:	50e2      	str	r2, [r4, r3]
10007b90:	3304      	adds	r3, #4
10007b92:	50e5      	str	r5, [r4, r3]
10007b94:	302d      	adds	r0, #45	@ 0x2d
10007b96:	3304      	adds	r3, #4
10007b98:	50e5      	str	r5, [r4, r3]
10007b9a:	2208      	movs	r2, #8
10007b9c:	3304      	adds	r3, #4
10007b9e:	2100      	movs	r1, #0
10007ba0:	30ff      	adds	r0, #255	@ 0xff
10007ba2:	50e5      	str	r5, [r4, r3]
10007ba4:	f7fa ff14 	bl	100029d0 <__wrap_memset>
10007ba8:	0020      	movs	r0, r4
10007baa:	23ec      	movs	r3, #236	@ 0xec
10007bac:	30d0      	adds	r0, #208	@ 0xd0
10007bae:	50e0      	str	r0, [r4, r3]
10007bb0:	0020      	movs	r0, r4
10007bb2:	9a00      	ldr	r2, [sp, #0]
10007bb4:	9901      	ldr	r1, [sp, #4]
10007bb6:	3304      	adds	r3, #4
10007bb8:	50e2      	str	r2, [r4, r3]
10007bba:	3304      	adds	r3, #4
10007bbc:	50e1      	str	r1, [r4, r3]
10007bbe:	3029      	adds	r0, #41	@ 0x29
10007bc0:	3304      	adds	r3, #4
10007bc2:	50e7      	str	r7, [r4, r3]
10007bc4:	30ff      	adds	r0, #255	@ 0xff
10007bc6:	3304      	adds	r3, #4
10007bc8:	50e6      	str	r6, [r4, r3]
10007bca:	f000 f867 	bl	10007c9c <__retarget_lock_init_recursive>
10007bce:	b003      	add	sp, #12
10007bd0:	bdf0      	pop	{r4, r5, r6, r7, pc}
10007bd2:	46c0      	nop			@ (mov r8, r8)
10007bd4:	20001b44 	.word	0x20001b44
10007bd8:	20001c7c 	.word	0x20001c7c
10007bdc:	10007a91 	.word	0x10007a91
10007be0:	100083dd 	.word	0x100083dd
10007be4:	10008409 	.word	0x10008409
10007be8:	10008375 	.word	0x10008375
10007bec:	1000839d 	.word	0x1000839d
10007bf0:	00010009 	.word	0x00010009
10007bf4:	00020012 	.word	0x00020012

10007bf8 <__sinit>:
10007bf8:	b570      	push	{r4, r5, r6, lr}
10007bfa:	0005      	movs	r5, r0
10007bfc:	4c09      	ldr	r4, [pc, #36]	@ (10007c24 <__sinit+0x2c>)
10007bfe:	0020      	movs	r0, r4
10007c00:	f000 f850 	bl	10007ca4 <__retarget_lock_acquire_recursive>
10007c04:	6b6b      	ldr	r3, [r5, #52]	@ 0x34
10007c06:	2b00      	cmp	r3, #0
10007c08:	d105      	bne.n	10007c16 <__sinit+0x1e>
10007c0a:	4b07      	ldr	r3, [pc, #28]	@ (10007c28 <__sinit+0x30>)
10007c0c:	636b      	str	r3, [r5, #52]	@ 0x34
10007c0e:	4b07      	ldr	r3, [pc, #28]	@ (10007c2c <__sinit+0x34>)
10007c10:	681b      	ldr	r3, [r3, #0]
10007c12:	2b00      	cmp	r3, #0
10007c14:	d003      	beq.n	10007c1e <__sinit+0x26>
10007c16:	0020      	movs	r0, r4
10007c18:	f000 f846 	bl	10007ca8 <__retarget_lock_release_recursive>
10007c1c:	bd70      	pop	{r4, r5, r6, pc}
10007c1e:	f7ff ff63 	bl	10007ae8 <global_stdio_init.part.0>
10007c22:	e7f8      	b.n	10007c16 <__sinit+0x1e>
10007c24:	20001b0c 	.word	0x20001b0c
10007c28:	10007aad 	.word	0x10007aad
10007c2c:	20001c7c 	.word	0x20001c7c

10007c30 <__sfp_lock_acquire>:
10007c30:	b510      	push	{r4, lr}
10007c32:	4802      	ldr	r0, [pc, #8]	@ (10007c3c <__sfp_lock_acquire+0xc>)
10007c34:	f000 f836 	bl	10007ca4 <__retarget_lock_acquire_recursive>
10007c38:	bd10      	pop	{r4, pc}
10007c3a:	46c0      	nop			@ (mov r8, r8)
10007c3c:	20001b0c 	.word	0x20001b0c

10007c40 <__sfp_lock_release>:
10007c40:	b510      	push	{r4, lr}
10007c42:	4802      	ldr	r0, [pc, #8]	@ (10007c4c <__sfp_lock_release+0xc>)
10007c44:	f000 f830 	bl	10007ca8 <__retarget_lock_release_recursive>
10007c48:	bd10      	pop	{r4, pc}
10007c4a:	46c0      	nop			@ (mov r8, r8)
10007c4c:	20001b0c 	.word	0x20001b0c

10007c50 <_sbrk_r>:
10007c50:	2300      	movs	r3, #0
10007c52:	b570      	push	{r4, r5, r6, lr}
10007c54:	4c06      	ldr	r4, [pc, #24]	@ (10007c70 <_sbrk_r+0x20>)
10007c56:	0005      	movs	r5, r0
10007c58:	0008      	movs	r0, r1
10007c5a:	6023      	str	r3, [r4, #0]
10007c5c:	f7fc fa88 	bl	10004170 <_sbrk>
10007c60:	1c43      	adds	r3, r0, #1
10007c62:	d000      	beq.n	10007c66 <_sbrk_r+0x16>
10007c64:	bd70      	pop	{r4, r5, r6, pc}
10007c66:	6823      	ldr	r3, [r4, #0]
10007c68:	2b00      	cmp	r3, #0
10007c6a:	d0fb      	beq.n	10007c64 <_sbrk_r+0x14>
10007c6c:	602b      	str	r3, [r5, #0]
10007c6e:	e7f9      	b.n	10007c64 <_sbrk_r+0x14>
10007c70:	200021f8 	.word	0x200021f8

10007c74 <__errno>:
10007c74:	4b01      	ldr	r3, [pc, #4]	@ (10007c7c <__errno+0x8>)
10007c76:	6818      	ldr	r0, [r3, #0]
10007c78:	4770      	bx	lr
10007c7a:	46c0      	nop			@ (mov r8, r8)
10007c7c:	200014ac 	.word	0x200014ac

10007c80 <sysconf>:
10007c80:	2380      	movs	r3, #128	@ 0x80
10007c82:	b510      	push	{r4, lr}
10007c84:	015b      	lsls	r3, r3, #5
10007c86:	2808      	cmp	r0, #8
10007c88:	d101      	bne.n	10007c8e <sysconf+0xe>
10007c8a:	0018      	movs	r0, r3
10007c8c:	bd10      	pop	{r4, pc}
10007c8e:	f7ff fff1 	bl	10007c74 <__errno>
10007c92:	2316      	movs	r3, #22
10007c94:	6003      	str	r3, [r0, #0]
10007c96:	3b17      	subs	r3, #23
10007c98:	e7f7      	b.n	10007c8a <sysconf+0xa>
10007c9a:	46c0      	nop			@ (mov r8, r8)

10007c9c <__retarget_lock_init_recursive>:
10007c9c:	4770      	bx	lr
10007c9e:	46c0      	nop			@ (mov r8, r8)

10007ca0 <__retarget_lock_close_recursive>:
10007ca0:	4770      	bx	lr
10007ca2:	46c0      	nop			@ (mov r8, r8)

10007ca4 <__retarget_lock_acquire_recursive>:
10007ca4:	4770      	bx	lr
10007ca6:	46c0      	nop			@ (mov r8, r8)

10007ca8 <__retarget_lock_release_recursive>:
10007ca8:	4770      	bx	lr
10007caa:	46c0      	nop			@ (mov r8, r8)

10007cac <strlen>:
10007cac:	0003      	movs	r3, r0
10007cae:	4684      	mov	ip, r0
10007cb0:	079b      	lsls	r3, r3, #30
10007cb2:	d00b      	beq.n	10007ccc <strlen+0x20>
10007cb4:	0003      	movs	r3, r0
10007cb6:	2103      	movs	r1, #3
10007cb8:	e002      	b.n	10007cc0 <strlen+0x14>
10007cba:	3301      	adds	r3, #1
10007cbc:	420b      	tst	r3, r1
10007cbe:	d006      	beq.n	10007cce <strlen+0x22>
10007cc0:	781a      	ldrb	r2, [r3, #0]
10007cc2:	2a00      	cmp	r2, #0
10007cc4:	d1f9      	bne.n	10007cba <strlen+0xe>
10007cc6:	4662      	mov	r2, ip
10007cc8:	1a98      	subs	r0, r3, r2
10007cca:	4770      	bx	lr
10007ccc:	0003      	movs	r3, r0
10007cce:	6819      	ldr	r1, [r3, #0]
10007cd0:	4a0c      	ldr	r2, [pc, #48]	@ (10007d04 <strlen+0x58>)
10007cd2:	480d      	ldr	r0, [pc, #52]	@ (10007d08 <strlen+0x5c>)
10007cd4:	188a      	adds	r2, r1, r2
10007cd6:	438a      	bics	r2, r1
10007cd8:	4202      	tst	r2, r0
10007cda:	d10f      	bne.n	10007cfc <strlen+0x50>
10007cdc:	6859      	ldr	r1, [r3, #4]
10007cde:	4a09      	ldr	r2, [pc, #36]	@ (10007d04 <strlen+0x58>)
10007ce0:	3304      	adds	r3, #4
10007ce2:	188a      	adds	r2, r1, r2
10007ce4:	438a      	bics	r2, r1
10007ce6:	4202      	tst	r2, r0
10007ce8:	d108      	bne.n	10007cfc <strlen+0x50>
10007cea:	6859      	ldr	r1, [r3, #4]
10007cec:	4a05      	ldr	r2, [pc, #20]	@ (10007d04 <strlen+0x58>)
10007cee:	3304      	adds	r3, #4
10007cf0:	188a      	adds	r2, r1, r2
10007cf2:	438a      	bics	r2, r1
10007cf4:	4202      	tst	r2, r0
10007cf6:	d0f1      	beq.n	10007cdc <strlen+0x30>
10007cf8:	e000      	b.n	10007cfc <strlen+0x50>
10007cfa:	3301      	adds	r3, #1
10007cfc:	781a      	ldrb	r2, [r3, #0]
10007cfe:	2a00      	cmp	r2, #0
10007d00:	d1fb      	bne.n	10007cfa <strlen+0x4e>
10007d02:	e7e0      	b.n	10007cc6 <strlen+0x1a>
10007d04:	fefefeff 	.word	0xfefefeff
10007d08:	80808080 	.word	0x80808080

10007d0c <_malloc_trim_r>:
10007d0c:	b5f0      	push	{r4, r5, r6, r7, lr}
10007d0e:	46c6      	mov	lr, r8
10007d10:	0005      	movs	r5, r0
10007d12:	b500      	push	{lr}
10007d14:	4680      	mov	r8, r0
10007d16:	2008      	movs	r0, #8
10007d18:	000c      	movs	r4, r1
10007d1a:	f7ff ffb1 	bl	10007c80 <sysconf>
10007d1e:	0006      	movs	r6, r0
10007d20:	0028      	movs	r0, r5
10007d22:	f7ff fe45 	bl	100079b0 <__malloc_lock>
10007d26:	4f22      	ldr	r7, [pc, #136]	@ (10007db0 <_malloc_trim_r+0xa4>)
10007d28:	0031      	movs	r1, r6
10007d2a:	68bb      	ldr	r3, [r7, #8]
10007d2c:	685d      	ldr	r5, [r3, #4]
10007d2e:	2303      	movs	r3, #3
10007d30:	439d      	bics	r5, r3
10007d32:	0028      	movs	r0, r5
10007d34:	3811      	subs	r0, #17
10007d36:	1b00      	subs	r0, r0, r4
10007d38:	1980      	adds	r0, r0, r6
10007d3a:	f7f9 ffb9 	bl	10001cb0 <__wrap___aeabi_uidiv>
10007d3e:	1e44      	subs	r4, r0, #1
10007d40:	4374      	muls	r4, r6
10007d42:	42a6      	cmp	r6, r4
10007d44:	dc07      	bgt.n	10007d56 <_malloc_trim_r+0x4a>
10007d46:	2100      	movs	r1, #0
10007d48:	4640      	mov	r0, r8
10007d4a:	f7ff ff81 	bl	10007c50 <_sbrk_r>
10007d4e:	68bb      	ldr	r3, [r7, #8]
10007d50:	195b      	adds	r3, r3, r5
10007d52:	4298      	cmp	r0, r3
10007d54:	d006      	beq.n	10007d64 <_malloc_trim_r+0x58>
10007d56:	4640      	mov	r0, r8
10007d58:	f7ff fe32 	bl	100079c0 <__malloc_unlock>
10007d5c:	2000      	movs	r0, #0
10007d5e:	bc80      	pop	{r7}
10007d60:	46b8      	mov	r8, r7
10007d62:	bdf0      	pop	{r4, r5, r6, r7, pc}
10007d64:	4640      	mov	r0, r8
10007d66:	4261      	negs	r1, r4
10007d68:	f7ff ff72 	bl	10007c50 <_sbrk_r>
10007d6c:	3001      	adds	r0, #1
10007d6e:	d00d      	beq.n	10007d8c <_malloc_trim_r+0x80>
10007d70:	2201      	movs	r2, #1
10007d72:	1b2d      	subs	r5, r5, r4
10007d74:	68bb      	ldr	r3, [r7, #8]
10007d76:	4315      	orrs	r5, r2
10007d78:	4a0e      	ldr	r2, [pc, #56]	@ (10007db4 <_malloc_trim_r+0xa8>)
10007d7a:	605d      	str	r5, [r3, #4]
10007d7c:	6813      	ldr	r3, [r2, #0]
10007d7e:	4640      	mov	r0, r8
10007d80:	1b1b      	subs	r3, r3, r4
10007d82:	6013      	str	r3, [r2, #0]
10007d84:	f7ff fe1c 	bl	100079c0 <__malloc_unlock>
10007d88:	2001      	movs	r0, #1
10007d8a:	e7e8      	b.n	10007d5e <_malloc_trim_r+0x52>
10007d8c:	2100      	movs	r1, #0
10007d8e:	4640      	mov	r0, r8
10007d90:	f7ff ff5e 	bl	10007c50 <_sbrk_r>
10007d94:	68ba      	ldr	r2, [r7, #8]
10007d96:	1a83      	subs	r3, r0, r2
10007d98:	2b0f      	cmp	r3, #15
10007d9a:	dddc      	ble.n	10007d56 <_malloc_trim_r+0x4a>
10007d9c:	4c06      	ldr	r4, [pc, #24]	@ (10007db8 <_malloc_trim_r+0xac>)
10007d9e:	4905      	ldr	r1, [pc, #20]	@ (10007db4 <_malloc_trim_r+0xa8>)
10007da0:	6824      	ldr	r4, [r4, #0]
10007da2:	1b00      	subs	r0, r0, r4
10007da4:	6008      	str	r0, [r1, #0]
10007da6:	2101      	movs	r1, #1
10007da8:	430b      	orrs	r3, r1
10007daa:	6053      	str	r3, [r2, #4]
10007dac:	e7d3      	b.n	10007d56 <_malloc_trim_r+0x4a>
10007dae:	46c0      	nop			@ (mov r8, r8)
10007db0:	20001098 	.word	0x20001098
10007db4:	20001b10 	.word	0x20001b10
10007db8:	20001090 	.word	0x20001090

10007dbc <_free_r>:
10007dbc:	b5f0      	push	{r4, r5, r6, r7, lr}
10007dbe:	46c6      	mov	lr, r8
10007dc0:	000c      	movs	r4, r1
10007dc2:	4680      	mov	r8, r0
10007dc4:	b500      	push	{lr}
10007dc6:	2900      	cmp	r1, #0
10007dc8:	d040      	beq.n	10007e4c <_free_r+0x90>
10007dca:	f7ff fdf1 	bl	100079b0 <__malloc_lock>
10007dce:	0021      	movs	r1, r4
10007dd0:	3908      	subs	r1, #8
10007dd2:	684e      	ldr	r6, [r1, #4]
10007dd4:	2501      	movs	r5, #1
10007dd6:	0033      	movs	r3, r6
10007dd8:	2003      	movs	r0, #3
10007dda:	43ab      	bics	r3, r5
10007ddc:	18ca      	adds	r2, r1, r3
10007dde:	4694      	mov	ip, r2
10007de0:	6852      	ldr	r2, [r2, #4]
10007de2:	4382      	bics	r2, r0
10007de4:	0028      	movs	r0, r5
10007de6:	4030      	ands	r0, r6
10007de8:	0007      	movs	r7, r0
10007dea:	4864      	ldr	r0, [pc, #400]	@ (10007f7c <_free_r+0x1c0>)
10007dec:	6884      	ldr	r4, [r0, #8]
10007dee:	4564      	cmp	r4, ip
10007df0:	d100      	bne.n	10007df4 <_free_r+0x38>
10007df2:	e071      	b.n	10007ed8 <_free_r+0x11c>
10007df4:	4664      	mov	r4, ip
10007df6:	6062      	str	r2, [r4, #4]
10007df8:	18a4      	adds	r4, r4, r2
10007dfa:	6864      	ldr	r4, [r4, #4]
10007dfc:	402c      	ands	r4, r5
10007dfe:	2f00      	cmp	r7, #0
10007e00:	d127      	bne.n	10007e52 <_free_r+0x96>
10007e02:	680e      	ldr	r6, [r1, #0]
10007e04:	4f5e      	ldr	r7, [pc, #376]	@ (10007f80 <_free_r+0x1c4>)
10007e06:	1b89      	subs	r1, r1, r6
10007e08:	199b      	adds	r3, r3, r6
10007e0a:	688e      	ldr	r6, [r1, #8]
10007e0c:	42be      	cmp	r6, r7
10007e0e:	d056      	beq.n	10007ebe <_free_r+0x102>
10007e10:	68cf      	ldr	r7, [r1, #12]
10007e12:	60f7      	str	r7, [r6, #12]
10007e14:	60be      	str	r6, [r7, #8]
10007e16:	2c00      	cmp	r4, #0
10007e18:	d01d      	beq.n	10007e56 <_free_r+0x9a>
10007e1a:	4662      	mov	r2, ip
10007e1c:	431d      	orrs	r5, r3
10007e1e:	604d      	str	r5, [r1, #4]
10007e20:	6013      	str	r3, [r2, #0]
10007e22:	2280      	movs	r2, #128	@ 0x80
10007e24:	0092      	lsls	r2, r2, #2
10007e26:	4293      	cmp	r3, r2
10007e28:	d22d      	bcs.n	10007e86 <_free_r+0xca>
10007e2a:	08da      	lsrs	r2, r3, #3
10007e2c:	095c      	lsrs	r4, r3, #5
10007e2e:	2301      	movs	r3, #1
10007e30:	40a3      	lsls	r3, r4
10007e32:	6844      	ldr	r4, [r0, #4]
10007e34:	4323      	orrs	r3, r4
10007e36:	6043      	str	r3, [r0, #4]
10007e38:	00d3      	lsls	r3, r2, #3
10007e3a:	181b      	adds	r3, r3, r0
10007e3c:	689a      	ldr	r2, [r3, #8]
10007e3e:	60cb      	str	r3, [r1, #12]
10007e40:	608a      	str	r2, [r1, #8]
10007e42:	6099      	str	r1, [r3, #8]
10007e44:	60d1      	str	r1, [r2, #12]
10007e46:	4640      	mov	r0, r8
10007e48:	f7ff fdba 	bl	100079c0 <__malloc_unlock>
10007e4c:	bc80      	pop	{r7}
10007e4e:	46b8      	mov	r8, r7
10007e50:	bdf0      	pop	{r4, r5, r6, r7, pc}
10007e52:	2c00      	cmp	r4, #0
10007e54:	d10f      	bne.n	10007e76 <_free_r+0xba>
10007e56:	189b      	adds	r3, r3, r2
10007e58:	4662      	mov	r2, ip
10007e5a:	2401      	movs	r4, #1
10007e5c:	6892      	ldr	r2, [r2, #8]
10007e5e:	4d48      	ldr	r5, [pc, #288]	@ (10007f80 <_free_r+0x1c4>)
10007e60:	431c      	orrs	r4, r3
10007e62:	18ce      	adds	r6, r1, r3
10007e64:	42aa      	cmp	r2, r5
10007e66:	d059      	beq.n	10007f1c <_free_r+0x160>
10007e68:	4665      	mov	r5, ip
10007e6a:	68ed      	ldr	r5, [r5, #12]
10007e6c:	60d5      	str	r5, [r2, #12]
10007e6e:	60aa      	str	r2, [r5, #8]
10007e70:	604c      	str	r4, [r1, #4]
10007e72:	6033      	str	r3, [r6, #0]
10007e74:	e7d5      	b.n	10007e22 <_free_r+0x66>
10007e76:	4662      	mov	r2, ip
10007e78:	4335      	orrs	r5, r6
10007e7a:	604d      	str	r5, [r1, #4]
10007e7c:	6013      	str	r3, [r2, #0]
10007e7e:	2280      	movs	r2, #128	@ 0x80
10007e80:	0092      	lsls	r2, r2, #2
10007e82:	4293      	cmp	r3, r2
10007e84:	d3d1      	bcc.n	10007e2a <_free_r+0x6e>
10007e86:	0a5a      	lsrs	r2, r3, #9
10007e88:	2a04      	cmp	r2, #4
10007e8a:	d83d      	bhi.n	10007f08 <_free_r+0x14c>
10007e8c:	099a      	lsrs	r2, r3, #6
10007e8e:	0014      	movs	r4, r2
10007e90:	3239      	adds	r2, #57	@ 0x39
10007e92:	3438      	adds	r4, #56	@ 0x38
10007e94:	00d6      	lsls	r6, r2, #3
10007e96:	1986      	adds	r6, r0, r6
10007e98:	6832      	ldr	r2, [r6, #0]
10007e9a:	3e08      	subs	r6, #8
10007e9c:	2503      	movs	r5, #3
10007e9e:	4296      	cmp	r6, r2
10007ea0:	d103      	bne.n	10007eaa <_free_r+0xee>
10007ea2:	e04c      	b.n	10007f3e <_free_r+0x182>
10007ea4:	6892      	ldr	r2, [r2, #8]
10007ea6:	4296      	cmp	r6, r2
10007ea8:	d003      	beq.n	10007eb2 <_free_r+0xf6>
10007eaa:	6850      	ldr	r0, [r2, #4]
10007eac:	43a8      	bics	r0, r5
10007eae:	4298      	cmp	r0, r3
10007eb0:	d8f8      	bhi.n	10007ea4 <_free_r+0xe8>
10007eb2:	68d6      	ldr	r6, [r2, #12]
10007eb4:	60ce      	str	r6, [r1, #12]
10007eb6:	608a      	str	r2, [r1, #8]
10007eb8:	60b1      	str	r1, [r6, #8]
10007eba:	60d1      	str	r1, [r2, #12]
10007ebc:	e7c3      	b.n	10007e46 <_free_r+0x8a>
10007ebe:	2c00      	cmp	r4, #0
10007ec0:	d133      	bne.n	10007f2a <_free_r+0x16e>
10007ec2:	18d2      	adds	r2, r2, r3
10007ec4:	4660      	mov	r0, ip
10007ec6:	4663      	mov	r3, ip
10007ec8:	6880      	ldr	r0, [r0, #8]
10007eca:	68db      	ldr	r3, [r3, #12]
10007ecc:	4315      	orrs	r5, r2
10007ece:	60c3      	str	r3, [r0, #12]
10007ed0:	6098      	str	r0, [r3, #8]
10007ed2:	604d      	str	r5, [r1, #4]
10007ed4:	508a      	str	r2, [r1, r2]
10007ed6:	e7b6      	b.n	10007e46 <_free_r+0x8a>
10007ed8:	189a      	adds	r2, r3, r2
10007eda:	2f00      	cmp	r7, #0
10007edc:	d106      	bne.n	10007eec <_free_r+0x130>
10007ede:	680b      	ldr	r3, [r1, #0]
10007ee0:	1ac9      	subs	r1, r1, r3
10007ee2:	688c      	ldr	r4, [r1, #8]
10007ee4:	18d2      	adds	r2, r2, r3
10007ee6:	68cb      	ldr	r3, [r1, #12]
10007ee8:	60e3      	str	r3, [r4, #12]
10007eea:	609c      	str	r4, [r3, #8]
10007eec:	2301      	movs	r3, #1
10007eee:	4313      	orrs	r3, r2
10007ef0:	604b      	str	r3, [r1, #4]
10007ef2:	4b24      	ldr	r3, [pc, #144]	@ (10007f84 <_free_r+0x1c8>)
10007ef4:	6081      	str	r1, [r0, #8]
10007ef6:	681b      	ldr	r3, [r3, #0]
10007ef8:	4293      	cmp	r3, r2
10007efa:	d8a4      	bhi.n	10007e46 <_free_r+0x8a>
10007efc:	4b22      	ldr	r3, [pc, #136]	@ (10007f88 <_free_r+0x1cc>)
10007efe:	4640      	mov	r0, r8
10007f00:	6819      	ldr	r1, [r3, #0]
10007f02:	f7ff ff03 	bl	10007d0c <_malloc_trim_r>
10007f06:	e79e      	b.n	10007e46 <_free_r+0x8a>
10007f08:	2a14      	cmp	r2, #20
10007f0a:	d913      	bls.n	10007f34 <_free_r+0x178>
10007f0c:	2a54      	cmp	r2, #84	@ 0x54
10007f0e:	d81d      	bhi.n	10007f4c <_free_r+0x190>
10007f10:	0b1a      	lsrs	r2, r3, #12
10007f12:	0014      	movs	r4, r2
10007f14:	326f      	adds	r2, #111	@ 0x6f
10007f16:	346e      	adds	r4, #110	@ 0x6e
10007f18:	00d6      	lsls	r6, r2, #3
10007f1a:	e7bc      	b.n	10007e96 <_free_r+0xda>
10007f1c:	60d1      	str	r1, [r2, #12]
10007f1e:	6091      	str	r1, [r2, #8]
10007f20:	60ca      	str	r2, [r1, #12]
10007f22:	608a      	str	r2, [r1, #8]
10007f24:	604c      	str	r4, [r1, #4]
10007f26:	6033      	str	r3, [r6, #0]
10007f28:	e78d      	b.n	10007e46 <_free_r+0x8a>
10007f2a:	4662      	mov	r2, ip
10007f2c:	431d      	orrs	r5, r3
10007f2e:	604d      	str	r5, [r1, #4]
10007f30:	6013      	str	r3, [r2, #0]
10007f32:	e788      	b.n	10007e46 <_free_r+0x8a>
10007f34:	0014      	movs	r4, r2
10007f36:	325c      	adds	r2, #92	@ 0x5c
10007f38:	345b      	adds	r4, #91	@ 0x5b
10007f3a:	00d6      	lsls	r6, r2, #3
10007f3c:	e7ab      	b.n	10007e96 <_free_r+0xda>
10007f3e:	2301      	movs	r3, #1
10007f40:	10a4      	asrs	r4, r4, #2
10007f42:	40a3      	lsls	r3, r4
10007f44:	6844      	ldr	r4, [r0, #4]
10007f46:	4323      	orrs	r3, r4
10007f48:	6043      	str	r3, [r0, #4]
10007f4a:	e7b3      	b.n	10007eb4 <_free_r+0xf8>
10007f4c:	24aa      	movs	r4, #170	@ 0xaa
10007f4e:	0064      	lsls	r4, r4, #1
10007f50:	42a2      	cmp	r2, r4
10007f52:	d805      	bhi.n	10007f60 <_free_r+0x1a4>
10007f54:	0bda      	lsrs	r2, r3, #15
10007f56:	0014      	movs	r4, r2
10007f58:	3278      	adds	r2, #120	@ 0x78
10007f5a:	3477      	adds	r4, #119	@ 0x77
10007f5c:	00d6      	lsls	r6, r2, #3
10007f5e:	e79a      	b.n	10007e96 <_free_r+0xda>
10007f60:	4c0a      	ldr	r4, [pc, #40]	@ (10007f8c <_free_r+0x1d0>)
10007f62:	42a2      	cmp	r2, r4
10007f64:	d805      	bhi.n	10007f72 <_free_r+0x1b6>
10007f66:	0c9a      	lsrs	r2, r3, #18
10007f68:	0014      	movs	r4, r2
10007f6a:	327d      	adds	r2, #125	@ 0x7d
10007f6c:	347c      	adds	r4, #124	@ 0x7c
10007f6e:	00d6      	lsls	r6, r2, #3
10007f70:	e791      	b.n	10007e96 <_free_r+0xda>
10007f72:	26fe      	movs	r6, #254	@ 0xfe
10007f74:	247e      	movs	r4, #126	@ 0x7e
10007f76:	00b6      	lsls	r6, r6, #2
10007f78:	e78d      	b.n	10007e96 <_free_r+0xda>
10007f7a:	46c0      	nop			@ (mov r8, r8)
10007f7c:	20001098 	.word	0x20001098
10007f80:	200010a0 	.word	0x200010a0
10007f84:	20001094 	.word	0x20001094
10007f88:	20001b40 	.word	0x20001b40
10007f8c:	00000554 	.word	0x00000554

10007f90 <_fwalk_sglue>:
10007f90:	b5f8      	push	{r3, r4, r5, r6, r7, lr}
10007f92:	4647      	mov	r7, r8
10007f94:	46ce      	mov	lr, r9
10007f96:	4688      	mov	r8, r1
10007f98:	b580      	push	{r7, lr}
10007f9a:	4681      	mov	r9, r0
10007f9c:	0017      	movs	r7, r2
10007f9e:	2600      	movs	r6, #0
10007fa0:	687d      	ldr	r5, [r7, #4]
10007fa2:	3d01      	subs	r5, #1
10007fa4:	d40e      	bmi.n	10007fc4 <_fwalk_sglue+0x34>
10007fa6:	68bc      	ldr	r4, [r7, #8]
10007fa8:	89a3      	ldrh	r3, [r4, #12]
10007faa:	2b01      	cmp	r3, #1
10007fac:	d907      	bls.n	10007fbe <_fwalk_sglue+0x2e>
10007fae:	220e      	movs	r2, #14
10007fb0:	5ea3      	ldrsh	r3, [r4, r2]
10007fb2:	3301      	adds	r3, #1
10007fb4:	d003      	beq.n	10007fbe <_fwalk_sglue+0x2e>
10007fb6:	0021      	movs	r1, r4
10007fb8:	4648      	mov	r0, r9
10007fba:	47c0      	blx	r8
10007fbc:	4306      	orrs	r6, r0
10007fbe:	3468      	adds	r4, #104	@ 0x68
10007fc0:	3d01      	subs	r5, #1
10007fc2:	d2f1      	bcs.n	10007fa8 <_fwalk_sglue+0x18>
10007fc4:	683f      	ldr	r7, [r7, #0]
10007fc6:	2f00      	cmp	r7, #0
10007fc8:	d1ea      	bne.n	10007fa0 <_fwalk_sglue+0x10>
10007fca:	0030      	movs	r0, r6
10007fcc:	bcc0      	pop	{r6, r7}
10007fce:	46b9      	mov	r9, r7
10007fd0:	46b0      	mov	r8, r6
10007fd2:	bdf8      	pop	{r3, r4, r5, r6, r7, pc}

10007fd4 <lflush>:
10007fd4:	2309      	movs	r3, #9
10007fd6:	898a      	ldrh	r2, [r1, #12]
10007fd8:	2000      	movs	r0, #0
10007fda:	b510      	push	{r4, lr}
10007fdc:	4013      	ands	r3, r2
10007fde:	2b09      	cmp	r3, #9
10007fe0:	d000      	beq.n	10007fe4 <lflush+0x10>
10007fe2:	bd10      	pop	{r4, pc}
10007fe4:	4b02      	ldr	r3, [pc, #8]	@ (10007ff0 <lflush+0x1c>)
10007fe6:	6818      	ldr	r0, [r3, #0]
10007fe8:	f000 f990 	bl	1000830c <_fflush_r>
10007fec:	e7f9      	b.n	10007fe2 <lflush+0xe>
10007fee:	46c0      	nop			@ (mov r8, r8)
10007ff0:	200014ac 	.word	0x200014ac

10007ff4 <__srefill_r>:
10007ff4:	b570      	push	{r4, r5, r6, lr}
10007ff6:	0005      	movs	r5, r0
10007ff8:	000c      	movs	r4, r1
10007ffa:	2800      	cmp	r0, #0
10007ffc:	d002      	beq.n	10008004 <__srefill_r+0x10>
10007ffe:	6b43      	ldr	r3, [r0, #52]	@ 0x34
10008000:	2b00      	cmp	r3, #0
10008002:	d056      	beq.n	100080b2 <__srefill_r+0xbe>
10008004:	2300      	movs	r3, #0
10008006:	6063      	str	r3, [r4, #4]
10008008:	220c      	movs	r2, #12
1000800a:	5ea3      	ldrsh	r3, [r4, r2]
1000800c:	069a      	lsls	r2, r3, #26
1000800e:	d45a      	bmi.n	100080c6 <__srefill_r+0xd2>
10008010:	075a      	lsls	r2, r3, #29
10008012:	d41a      	bmi.n	1000804a <__srefill_r+0x56>
10008014:	06da      	lsls	r2, r3, #27
10008016:	d559      	bpl.n	100080cc <__srefill_r+0xd8>
10008018:	2608      	movs	r6, #8
1000801a:	421e      	tst	r6, r3
1000801c:	d139      	bne.n	10008092 <__srefill_r+0x9e>
1000801e:	2204      	movs	r2, #4
10008020:	4313      	orrs	r3, r2
10008022:	81a3      	strh	r3, [r4, #12]
10008024:	6923      	ldr	r3, [r4, #16]
10008026:	2b00      	cmp	r3, #0
10008028:	d03e      	beq.n	100080a8 <__srefill_r+0xb4>
1000802a:	230c      	movs	r3, #12
1000802c:	5ee6      	ldrsh	r6, [r4, r3]
1000802e:	07b3      	lsls	r3, r6, #30
10008030:	d11e      	bne.n	10008070 <__srefill_r+0x7c>
10008032:	6922      	ldr	r2, [r4, #16]
10008034:	0028      	movs	r0, r5
10008036:	6963      	ldr	r3, [r4, #20]
10008038:	69e1      	ldr	r1, [r4, #28]
1000803a:	6a26      	ldr	r6, [r4, #32]
1000803c:	6022      	str	r2, [r4, #0]
1000803e:	47b0      	blx	r6
10008040:	6060      	str	r0, [r4, #4]
10008042:	2800      	cmp	r0, #0
10008044:	dd38      	ble.n	100080b8 <__srefill_r+0xc4>
10008046:	2000      	movs	r0, #0
10008048:	bd70      	pop	{r4, r5, r6, pc}
1000804a:	6b21      	ldr	r1, [r4, #48]	@ 0x30
1000804c:	2900      	cmp	r1, #0
1000804e:	d0e9      	beq.n	10008024 <__srefill_r+0x30>
10008050:	0023      	movs	r3, r4
10008052:	3340      	adds	r3, #64	@ 0x40
10008054:	4299      	cmp	r1, r3
10008056:	d002      	beq.n	1000805e <__srefill_r+0x6a>
10008058:	0028      	movs	r0, r5
1000805a:	f7ff feaf 	bl	10007dbc <_free_r>
1000805e:	2300      	movs	r3, #0
10008060:	6323      	str	r3, [r4, #48]	@ 0x30
10008062:	6be3      	ldr	r3, [r4, #60]	@ 0x3c
10008064:	6063      	str	r3, [r4, #4]
10008066:	2b00      	cmp	r3, #0
10008068:	d0dc      	beq.n	10008024 <__srefill_r+0x30>
1000806a:	6ba3      	ldr	r3, [r4, #56]	@ 0x38
1000806c:	6023      	str	r3, [r4, #0]
1000806e:	e7ea      	b.n	10008046 <__srefill_r+0x52>
10008070:	2301      	movs	r3, #1
10008072:	4a1c      	ldr	r2, [pc, #112]	@ (100080e4 <__srefill_r+0xf0>)
10008074:	81a3      	strh	r3, [r4, #12]
10008076:	491c      	ldr	r1, [pc, #112]	@ (100080e8 <__srefill_r+0xf4>)
10008078:	481c      	ldr	r0, [pc, #112]	@ (100080ec <__srefill_r+0xf8>)
1000807a:	f7ff ff89 	bl	10007f90 <_fwalk_sglue>
1000807e:	2309      	movs	r3, #9
10008080:	81a6      	strh	r6, [r4, #12]
10008082:	4033      	ands	r3, r6
10008084:	2b09      	cmp	r3, #9
10008086:	d1d4      	bne.n	10008032 <__srefill_r+0x3e>
10008088:	0021      	movs	r1, r4
1000808a:	0028      	movs	r0, r5
1000808c:	f000 f89a 	bl	100081c4 <__sflush_r>
10008090:	e7cf      	b.n	10008032 <__srefill_r+0x3e>
10008092:	0021      	movs	r1, r4
10008094:	0028      	movs	r0, r5
10008096:	f000 f939 	bl	1000830c <_fflush_r>
1000809a:	2800      	cmp	r0, #0
1000809c:	d113      	bne.n	100080c6 <__srefill_r+0xd2>
1000809e:	89a3      	ldrh	r3, [r4, #12]
100080a0:	60a0      	str	r0, [r4, #8]
100080a2:	43b3      	bics	r3, r6
100080a4:	61a0      	str	r0, [r4, #24]
100080a6:	e7ba      	b.n	1000801e <__srefill_r+0x2a>
100080a8:	0021      	movs	r1, r4
100080aa:	0028      	movs	r0, r5
100080ac:	f000 fa00 	bl	100084b0 <__smakebuf_r>
100080b0:	e7bb      	b.n	1000802a <__srefill_r+0x36>
100080b2:	f7ff fda1 	bl	10007bf8 <__sinit>
100080b6:	e7a5      	b.n	10008004 <__srefill_r+0x10>
100080b8:	220c      	movs	r2, #12
100080ba:	5ea3      	ldrsh	r3, [r4, r2]
100080bc:	2800      	cmp	r0, #0
100080be:	d10b      	bne.n	100080d8 <__srefill_r+0xe4>
100080c0:	2220      	movs	r2, #32
100080c2:	4313      	orrs	r3, r2
100080c4:	81a3      	strh	r3, [r4, #12]
100080c6:	2001      	movs	r0, #1
100080c8:	4240      	negs	r0, r0
100080ca:	e7bd      	b.n	10008048 <__srefill_r+0x54>
100080cc:	2209      	movs	r2, #9
100080ce:	602a      	str	r2, [r5, #0]
100080d0:	2240      	movs	r2, #64	@ 0x40
100080d2:	4313      	orrs	r3, r2
100080d4:	81a3      	strh	r3, [r4, #12]
100080d6:	e7f6      	b.n	100080c6 <__srefill_r+0xd2>
100080d8:	2200      	movs	r2, #0
100080da:	6062      	str	r2, [r4, #4]
100080dc:	2240      	movs	r2, #64	@ 0x40
100080de:	4313      	orrs	r3, r2
100080e0:	81a3      	strh	r3, [r4, #12]
100080e2:	e7f0      	b.n	100080c6 <__srefill_r+0xd2>
100080e4:	200014a0 	.word	0x200014a0
100080e8:	10007fd5 	.word	0x10007fd5
100080ec:	200014b0 	.word	0x200014b0

100080f0 <_fclose_r>:
100080f0:	b570      	push	{r4, r5, r6, lr}
100080f2:	0005      	movs	r5, r0
100080f4:	1e0c      	subs	r4, r1, #0
100080f6:	d042      	beq.n	1000817e <_fclose_r+0x8e>
100080f8:	2800      	cmp	r0, #0
100080fa:	d002      	beq.n	10008102 <_fclose_r+0x12>
100080fc:	6b43      	ldr	r3, [r0, #52]	@ 0x34
100080fe:	2b00      	cmp	r3, #0
10008100:	d049      	beq.n	10008196 <_fclose_r+0xa6>
10008102:	f7ff fd95 	bl	10007c30 <__sfp_lock_acquire>
10008106:	2101      	movs	r1, #1
10008108:	220c      	movs	r2, #12
1000810a:	5ea3      	ldrsh	r3, [r4, r2]
1000810c:	6e62      	ldr	r2, [r4, #100]	@ 0x64
1000810e:	420a      	tst	r2, r1
10008110:	d131      	bne.n	10008176 <_fclose_r+0x86>
10008112:	059b      	lsls	r3, r3, #22
10008114:	d542      	bpl.n	1000819c <_fclose_r+0xac>
10008116:	0021      	movs	r1, r4
10008118:	0028      	movs	r0, r5
1000811a:	f000 f853 	bl	100081c4 <__sflush_r>
1000811e:	6ae3      	ldr	r3, [r4, #44]	@ 0x2c
10008120:	0006      	movs	r6, r0
10008122:	2b00      	cmp	r3, #0
10008124:	d004      	beq.n	10008130 <_fclose_r+0x40>
10008126:	0028      	movs	r0, r5
10008128:	69e1      	ldr	r1, [r4, #28]
1000812a:	4798      	blx	r3
1000812c:	2800      	cmp	r0, #0
1000812e:	db28      	blt.n	10008182 <_fclose_r+0x92>
10008130:	89a3      	ldrh	r3, [r4, #12]
10008132:	061b      	lsls	r3, r3, #24
10008134:	d42a      	bmi.n	1000818c <_fclose_r+0x9c>
10008136:	6b21      	ldr	r1, [r4, #48]	@ 0x30
10008138:	2900      	cmp	r1, #0
1000813a:	d008      	beq.n	1000814e <_fclose_r+0x5e>
1000813c:	0023      	movs	r3, r4
1000813e:	3340      	adds	r3, #64	@ 0x40
10008140:	4299      	cmp	r1, r3
10008142:	d002      	beq.n	1000814a <_fclose_r+0x5a>
10008144:	0028      	movs	r0, r5
10008146:	f7ff fe39 	bl	10007dbc <_free_r>
1000814a:	2300      	movs	r3, #0
1000814c:	6323      	str	r3, [r4, #48]	@ 0x30
1000814e:	6c61      	ldr	r1, [r4, #68]	@ 0x44
10008150:	2900      	cmp	r1, #0
10008152:	d004      	beq.n	1000815e <_fclose_r+0x6e>
10008154:	0028      	movs	r0, r5
10008156:	f7ff fe31 	bl	10007dbc <_free_r>
1000815a:	2300      	movs	r3, #0
1000815c:	6463      	str	r3, [r4, #68]	@ 0x44
1000815e:	2300      	movs	r3, #0
10008160:	81a3      	strh	r3, [r4, #12]
10008162:	6e63      	ldr	r3, [r4, #100]	@ 0x64
10008164:	07db      	lsls	r3, r3, #31
10008166:	d528      	bpl.n	100081ba <_fclose_r+0xca>
10008168:	6da0      	ldr	r0, [r4, #88]	@ 0x58
1000816a:	f7ff fd99 	bl	10007ca0 <__retarget_lock_close_recursive>
1000816e:	f7ff fd67 	bl	10007c40 <__sfp_lock_release>
10008172:	0030      	movs	r0, r6
10008174:	bd70      	pop	{r4, r5, r6, pc}
10008176:	2b00      	cmp	r3, #0
10008178:	d1cd      	bne.n	10008116 <_fclose_r+0x26>
1000817a:	f7ff fd61 	bl	10007c40 <__sfp_lock_release>
1000817e:	2600      	movs	r6, #0
10008180:	e7f7      	b.n	10008172 <_fclose_r+0x82>
10008182:	2601      	movs	r6, #1
10008184:	89a3      	ldrh	r3, [r4, #12]
10008186:	4276      	negs	r6, r6
10008188:	061b      	lsls	r3, r3, #24
1000818a:	d5d4      	bpl.n	10008136 <_fclose_r+0x46>
1000818c:	0028      	movs	r0, r5
1000818e:	6921      	ldr	r1, [r4, #16]
10008190:	f7ff fe14 	bl	10007dbc <_free_r>
10008194:	e7cf      	b.n	10008136 <_fclose_r+0x46>
10008196:	f7ff fd2f 	bl	10007bf8 <__sinit>
1000819a:	e7b2      	b.n	10008102 <_fclose_r+0x12>
1000819c:	6da0      	ldr	r0, [r4, #88]	@ 0x58
1000819e:	f7ff fd81 	bl	10007ca4 <__retarget_lock_acquire_recursive>
100081a2:	220c      	movs	r2, #12
100081a4:	5ea3      	ldrsh	r3, [r4, r2]
100081a6:	2b00      	cmp	r3, #0
100081a8:	d1b5      	bne.n	10008116 <_fclose_r+0x26>
100081aa:	2201      	movs	r2, #1
100081ac:	6e63      	ldr	r3, [r4, #100]	@ 0x64
100081ae:	4213      	tst	r3, r2
100081b0:	d1e3      	bne.n	1000817a <_fclose_r+0x8a>
100081b2:	6da0      	ldr	r0, [r4, #88]	@ 0x58
100081b4:	f7ff fd78 	bl	10007ca8 <__retarget_lock_release_recursive>
100081b8:	e7df      	b.n	1000817a <_fclose_r+0x8a>
100081ba:	6da0      	ldr	r0, [r4, #88]	@ 0x58
100081bc:	f7ff fd74 	bl	10007ca8 <__retarget_lock_release_recursive>
100081c0:	e7d2      	b.n	10008168 <_fclose_r+0x78>
100081c2:	46c0      	nop			@ (mov r8, r8)

100081c4 <__sflush_r>:
100081c4:	b5f0      	push	{r4, r5, r6, r7, lr}
100081c6:	46c6      	mov	lr, r8
100081c8:	b500      	push	{lr}
100081ca:	220c      	movs	r2, #12
100081cc:	5e8b      	ldrsh	r3, [r1, r2]
100081ce:	4680      	mov	r8, r0
100081d0:	000c      	movs	r4, r1
100081d2:	071a      	lsls	r2, r3, #28
100081d4:	d454      	bmi.n	10008280 <__sflush_r+0xbc>
100081d6:	2180      	movs	r1, #128	@ 0x80
100081d8:	6862      	ldr	r2, [r4, #4]
100081da:	0109      	lsls	r1, r1, #4
100081dc:	4319      	orrs	r1, r3
100081de:	81a1      	strh	r1, [r4, #12]
100081e0:	2a00      	cmp	r2, #0
100081e2:	dc00      	bgt.n	100081e6 <__sflush_r+0x22>
100081e4:	e06d      	b.n	100082c2 <__sflush_r+0xfe>
100081e6:	6aa5      	ldr	r5, [r4, #40]	@ 0x28
100081e8:	2d00      	cmp	r5, #0
100081ea:	d045      	beq.n	10008278 <__sflush_r+0xb4>
100081ec:	4642      	mov	r2, r8
100081ee:	4640      	mov	r0, r8
100081f0:	6816      	ldr	r6, [r2, #0]
100081f2:	2200      	movs	r2, #0
100081f4:	6002      	str	r2, [r0, #0]
100081f6:	04db      	lsls	r3, r3, #19
100081f8:	d468      	bmi.n	100082cc <__sflush_r+0x108>
100081fa:	2200      	movs	r2, #0
100081fc:	2301      	movs	r3, #1
100081fe:	69e1      	ldr	r1, [r4, #28]
10008200:	47a8      	blx	r5
10008202:	0002      	movs	r2, r0
10008204:	1c43      	adds	r3, r0, #1
10008206:	d100      	bne.n	1000820a <__sflush_r+0x46>
10008208:	e06d      	b.n	100082e6 <__sflush_r+0x122>
1000820a:	230c      	movs	r3, #12
1000820c:	5ee1      	ldrsh	r1, [r4, r3]
1000820e:	6aa5      	ldr	r5, [r4, #40]	@ 0x28
10008210:	0749      	lsls	r1, r1, #29
10008212:	d506      	bpl.n	10008222 <__sflush_r+0x5e>
10008214:	6863      	ldr	r3, [r4, #4]
10008216:	1ad2      	subs	r2, r2, r3
10008218:	6b23      	ldr	r3, [r4, #48]	@ 0x30
1000821a:	2b00      	cmp	r3, #0
1000821c:	d001      	beq.n	10008222 <__sflush_r+0x5e>
1000821e:	6be3      	ldr	r3, [r4, #60]	@ 0x3c
10008220:	1ad2      	subs	r2, r2, r3
10008222:	2300      	movs	r3, #0
10008224:	69e1      	ldr	r1, [r4, #28]
10008226:	4640      	mov	r0, r8
10008228:	47a8      	blx	r5
1000822a:	230c      	movs	r3, #12
1000822c:	5ee1      	ldrsh	r1, [r4, r3]
1000822e:	1c43      	adds	r3, r0, #1
10008230:	d14e      	bne.n	100082d0 <__sflush_r+0x10c>
10008232:	4643      	mov	r3, r8
10008234:	681a      	ldr	r2, [r3, #0]
10008236:	2a1d      	cmp	r2, #29
10008238:	d861      	bhi.n	100082fe <__sflush_r+0x13a>
1000823a:	4b32      	ldr	r3, [pc, #200]	@ (10008304 <__sflush_r+0x140>)
1000823c:	40d3      	lsrs	r3, r2
1000823e:	07db      	lsls	r3, r3, #31
10008240:	d55d      	bpl.n	100082fe <__sflush_r+0x13a>
10008242:	4b31      	ldr	r3, [pc, #196]	@ (10008308 <__sflush_r+0x144>)
10008244:	400b      	ands	r3, r1
10008246:	81a3      	strh	r3, [r4, #12]
10008248:	2300      	movs	r3, #0
1000824a:	6063      	str	r3, [r4, #4]
1000824c:	6923      	ldr	r3, [r4, #16]
1000824e:	6023      	str	r3, [r4, #0]
10008250:	04c9      	lsls	r1, r1, #19
10008252:	d503      	bpl.n	1000825c <__sflush_r+0x98>
10008254:	4643      	mov	r3, r8
10008256:	681b      	ldr	r3, [r3, #0]
10008258:	2b00      	cmp	r3, #0
1000825a:	d042      	beq.n	100082e2 <__sflush_r+0x11e>
1000825c:	4643      	mov	r3, r8
1000825e:	6b21      	ldr	r1, [r4, #48]	@ 0x30
10008260:	601e      	str	r6, [r3, #0]
10008262:	2900      	cmp	r1, #0
10008264:	d008      	beq.n	10008278 <__sflush_r+0xb4>
10008266:	0023      	movs	r3, r4
10008268:	3340      	adds	r3, #64	@ 0x40
1000826a:	4299      	cmp	r1, r3
1000826c:	d002      	beq.n	10008274 <__sflush_r+0xb0>
1000826e:	4640      	mov	r0, r8
10008270:	f7ff fda4 	bl	10007dbc <_free_r>
10008274:	2300      	movs	r3, #0
10008276:	6323      	str	r3, [r4, #48]	@ 0x30
10008278:	2000      	movs	r0, #0
1000827a:	bc80      	pop	{r7}
1000827c:	46b8      	mov	r8, r7
1000827e:	bdf0      	pop	{r4, r5, r6, r7, pc}
10008280:	690e      	ldr	r6, [r1, #16]
10008282:	2e00      	cmp	r6, #0
10008284:	d0f8      	beq.n	10008278 <__sflush_r+0xb4>
10008286:	680d      	ldr	r5, [r1, #0]
10008288:	2200      	movs	r2, #0
1000828a:	1bad      	subs	r5, r5, r6
1000828c:	600e      	str	r6, [r1, #0]
1000828e:	079b      	lsls	r3, r3, #30
10008290:	d100      	bne.n	10008294 <__sflush_r+0xd0>
10008292:	694a      	ldr	r2, [r1, #20]
10008294:	60a2      	str	r2, [r4, #8]
10008296:	2d00      	cmp	r5, #0
10008298:	dc04      	bgt.n	100082a4 <__sflush_r+0xe0>
1000829a:	e7ed      	b.n	10008278 <__sflush_r+0xb4>
1000829c:	1836      	adds	r6, r6, r0
1000829e:	1a2d      	subs	r5, r5, r0
100082a0:	2d00      	cmp	r5, #0
100082a2:	dde9      	ble.n	10008278 <__sflush_r+0xb4>
100082a4:	002b      	movs	r3, r5
100082a6:	0032      	movs	r2, r6
100082a8:	4640      	mov	r0, r8
100082aa:	69e1      	ldr	r1, [r4, #28]
100082ac:	6a67      	ldr	r7, [r4, #36]	@ 0x24
100082ae:	47b8      	blx	r7
100082b0:	2800      	cmp	r0, #0
100082b2:	dcf3      	bgt.n	1000829c <__sflush_r+0xd8>
100082b4:	2240      	movs	r2, #64	@ 0x40
100082b6:	89a3      	ldrh	r3, [r4, #12]
100082b8:	4313      	orrs	r3, r2
100082ba:	2001      	movs	r0, #1
100082bc:	81a3      	strh	r3, [r4, #12]
100082be:	4240      	negs	r0, r0
100082c0:	e7db      	b.n	1000827a <__sflush_r+0xb6>
100082c2:	6be2      	ldr	r2, [r4, #60]	@ 0x3c
100082c4:	2a00      	cmp	r2, #0
100082c6:	dd00      	ble.n	100082ca <__sflush_r+0x106>
100082c8:	e78d      	b.n	100081e6 <__sflush_r+0x22>
100082ca:	e7d5      	b.n	10008278 <__sflush_r+0xb4>
100082cc:	6d22      	ldr	r2, [r4, #80]	@ 0x50
100082ce:	e79f      	b.n	10008210 <__sflush_r+0x4c>
100082d0:	4b0d      	ldr	r3, [pc, #52]	@ (10008308 <__sflush_r+0x144>)
100082d2:	400b      	ands	r3, r1
100082d4:	81a3      	strh	r3, [r4, #12]
100082d6:	2300      	movs	r3, #0
100082d8:	6063      	str	r3, [r4, #4]
100082da:	6923      	ldr	r3, [r4, #16]
100082dc:	6023      	str	r3, [r4, #0]
100082de:	04c9      	lsls	r1, r1, #19
100082e0:	d5bc      	bpl.n	1000825c <__sflush_r+0x98>
100082e2:	6520      	str	r0, [r4, #80]	@ 0x50
100082e4:	e7ba      	b.n	1000825c <__sflush_r+0x98>
100082e6:	4643      	mov	r3, r8
100082e8:	681b      	ldr	r3, [r3, #0]
100082ea:	2b00      	cmp	r3, #0
100082ec:	d100      	bne.n	100082f0 <__sflush_r+0x12c>
100082ee:	e78c      	b.n	1000820a <__sflush_r+0x46>
100082f0:	2b1d      	cmp	r3, #29
100082f2:	d001      	beq.n	100082f8 <__sflush_r+0x134>
100082f4:	2b16      	cmp	r3, #22
100082f6:	d1dd      	bne.n	100082b4 <__sflush_r+0xf0>
100082f8:	4643      	mov	r3, r8
100082fa:	601e      	str	r6, [r3, #0]
100082fc:	e7bc      	b.n	10008278 <__sflush_r+0xb4>
100082fe:	2340      	movs	r3, #64	@ 0x40
10008300:	430b      	orrs	r3, r1
10008302:	e7da      	b.n	100082ba <__sflush_r+0xf6>
10008304:	20400001 	.word	0x20400001
10008308:	fffff7ff 	.word	0xfffff7ff

1000830c <_fflush_r>:
1000830c:	b570      	push	{r4, r5, r6, lr}
1000830e:	0005      	movs	r5, r0
10008310:	000c      	movs	r4, r1
10008312:	2800      	cmp	r0, #0
10008314:	d002      	beq.n	1000831c <_fflush_r+0x10>
10008316:	6b43      	ldr	r3, [r0, #52]	@ 0x34
10008318:	2b00      	cmp	r3, #0
1000831a:	d027      	beq.n	1000836c <_fflush_r+0x60>
1000831c:	220c      	movs	r2, #12
1000831e:	5ea3      	ldrsh	r3, [r4, r2]
10008320:	2b00      	cmp	r3, #0
10008322:	d011      	beq.n	10008348 <_fflush_r+0x3c>
10008324:	6e62      	ldr	r2, [r4, #100]	@ 0x64
10008326:	07d2      	lsls	r2, r2, #31
10008328:	d401      	bmi.n	1000832e <_fflush_r+0x22>
1000832a:	059b      	lsls	r3, r3, #22
1000832c:	d50e      	bpl.n	1000834c <_fflush_r+0x40>
1000832e:	0028      	movs	r0, r5
10008330:	0021      	movs	r1, r4
10008332:	f7ff ff47 	bl	100081c4 <__sflush_r>
10008336:	6e63      	ldr	r3, [r4, #100]	@ 0x64
10008338:	0005      	movs	r5, r0
1000833a:	07db      	lsls	r3, r3, #31
1000833c:	d402      	bmi.n	10008344 <_fflush_r+0x38>
1000833e:	89a3      	ldrh	r3, [r4, #12]
10008340:	059b      	lsls	r3, r3, #22
10008342:	d50f      	bpl.n	10008364 <_fflush_r+0x58>
10008344:	0028      	movs	r0, r5
10008346:	bd70      	pop	{r4, r5, r6, pc}
10008348:	2500      	movs	r5, #0
1000834a:	e7fb      	b.n	10008344 <_fflush_r+0x38>
1000834c:	6da0      	ldr	r0, [r4, #88]	@ 0x58
1000834e:	f7ff fca9 	bl	10007ca4 <__retarget_lock_acquire_recursive>
10008352:	0028      	movs	r0, r5
10008354:	0021      	movs	r1, r4
10008356:	f7ff ff35 	bl	100081c4 <__sflush_r>
1000835a:	6e63      	ldr	r3, [r4, #100]	@ 0x64
1000835c:	0005      	movs	r5, r0
1000835e:	07db      	lsls	r3, r3, #31
10008360:	d4f0      	bmi.n	10008344 <_fflush_r+0x38>
10008362:	e7ec      	b.n	1000833e <_fflush_r+0x32>
10008364:	6da0      	ldr	r0, [r4, #88]	@ 0x58
10008366:	f7ff fc9f 	bl	10007ca8 <__retarget_lock_release_recursive>
1000836a:	e7eb      	b.n	10008344 <_fflush_r+0x38>
1000836c:	f7ff fc44 	bl	10007bf8 <__sinit>
10008370:	e7d4      	b.n	1000831c <_fflush_r+0x10>
10008372:	46c0      	nop			@ (mov r8, r8)

10008374 <__sread>:
10008374:	b570      	push	{r4, r5, r6, lr}
10008376:	000c      	movs	r4, r1
10008378:	250e      	movs	r5, #14
1000837a:	5f49      	ldrsh	r1, [r1, r5]
1000837c:	f000 f870 	bl	10008460 <_read_r>
10008380:	2800      	cmp	r0, #0
10008382:	db03      	blt.n	1000838c <__sread+0x18>
10008384:	6d23      	ldr	r3, [r4, #80]	@ 0x50
10008386:	181b      	adds	r3, r3, r0
10008388:	6523      	str	r3, [r4, #80]	@ 0x50
1000838a:	bd70      	pop	{r4, r5, r6, pc}
1000838c:	89a3      	ldrh	r3, [r4, #12]
1000838e:	4a02      	ldr	r2, [pc, #8]	@ (10008398 <__sread+0x24>)
10008390:	4013      	ands	r3, r2
10008392:	81a3      	strh	r3, [r4, #12]
10008394:	e7f9      	b.n	1000838a <__sread+0x16>
10008396:	46c0      	nop			@ (mov r8, r8)
10008398:	ffffefff 	.word	0xffffefff

1000839c <__swrite>:
1000839c:	b5f8      	push	{r3, r4, r5, r6, r7, lr}
1000839e:	0016      	movs	r6, r2
100083a0:	001f      	movs	r7, r3
100083a2:	220c      	movs	r2, #12
100083a4:	5e8b      	ldrsh	r3, [r1, r2]
100083a6:	0005      	movs	r5, r0
100083a8:	000c      	movs	r4, r1
100083aa:	05da      	lsls	r2, r3, #23
100083ac:	d40a      	bmi.n	100083c4 <__swrite+0x28>
100083ae:	4a0a      	ldr	r2, [pc, #40]	@ (100083d8 <__swrite+0x3c>)
100083b0:	0028      	movs	r0, r5
100083b2:	4013      	ands	r3, r2
100083b4:	81a3      	strh	r3, [r4, #12]
100083b6:	0032      	movs	r2, r6
100083b8:	230e      	movs	r3, #14
100083ba:	5ee1      	ldrsh	r1, [r4, r3]
100083bc:	003b      	movs	r3, r7
100083be:	f000 f863 	bl	10008488 <_write_r>
100083c2:	bdf8      	pop	{r3, r4, r5, r6, r7, pc}
100083c4:	2200      	movs	r2, #0
100083c6:	230e      	movs	r3, #14
100083c8:	5ec9      	ldrsh	r1, [r1, r3]
100083ca:	2302      	movs	r3, #2
100083cc:	f000 f834 	bl	10008438 <_lseek_r>
100083d0:	220c      	movs	r2, #12
100083d2:	5ea3      	ldrsh	r3, [r4, r2]
100083d4:	e7eb      	b.n	100083ae <__swrite+0x12>
100083d6:	46c0      	nop			@ (mov r8, r8)
100083d8:	ffffefff 	.word	0xffffefff

100083dc <__sseek>:
100083dc:	b570      	push	{r4, r5, r6, lr}
100083de:	000c      	movs	r4, r1
100083e0:	250e      	movs	r5, #14
100083e2:	5f49      	ldrsh	r1, [r1, r5]
100083e4:	f000 f828 	bl	10008438 <_lseek_r>
100083e8:	220c      	movs	r2, #12
100083ea:	5ea3      	ldrsh	r3, [r4, r2]
100083ec:	1c42      	adds	r2, r0, #1
100083ee:	d005      	beq.n	100083fc <__sseek+0x20>
100083f0:	2280      	movs	r2, #128	@ 0x80
100083f2:	0152      	lsls	r2, r2, #5
100083f4:	4313      	orrs	r3, r2
100083f6:	6520      	str	r0, [r4, #80]	@ 0x50
100083f8:	81a3      	strh	r3, [r4, #12]
100083fa:	bd70      	pop	{r4, r5, r6, pc}
100083fc:	4a01      	ldr	r2, [pc, #4]	@ (10008404 <__sseek+0x28>)
100083fe:	4013      	ands	r3, r2
10008400:	e7fa      	b.n	100083f8 <__sseek+0x1c>
10008402:	46c0      	nop			@ (mov r8, r8)
10008404:	ffffefff 	.word	0xffffefff

10008408 <__sclose>:
10008408:	b510      	push	{r4, lr}
1000840a:	230e      	movs	r3, #14
1000840c:	5ec9      	ldrsh	r1, [r1, r3]
1000840e:	f000 f801 	bl	10008414 <_close_r>
10008412:	bd10      	pop	{r4, pc}

10008414 <_close_r>:
10008414:	2300      	movs	r3, #0
10008416:	b570      	push	{r4, r5, r6, lr}
10008418:	4c06      	ldr	r4, [pc, #24]	@ (10008434 <_close_r+0x20>)
1000841a:	0005      	movs	r5, r0
1000841c:	0008      	movs	r0, r1
1000841e:	6023      	str	r3, [r4, #0]
10008420:	f7fb fee0 	bl	100041e4 <_close>
10008424:	1c43      	adds	r3, r0, #1
10008426:	d000      	beq.n	1000842a <_close_r+0x16>
10008428:	bd70      	pop	{r4, r5, r6, pc}
1000842a:	6823      	ldr	r3, [r4, #0]
1000842c:	2b00      	cmp	r3, #0
1000842e:	d0fb      	beq.n	10008428 <_close_r+0x14>
10008430:	602b      	str	r3, [r5, #0]
10008432:	e7f9      	b.n	10008428 <_close_r+0x14>
10008434:	200021f8 	.word	0x200021f8

10008438 <_lseek_r>:
10008438:	b570      	push	{r4, r5, r6, lr}
1000843a:	0005      	movs	r5, r0
1000843c:	0008      	movs	r0, r1
1000843e:	0011      	movs	r1, r2
10008440:	2200      	movs	r2, #0
10008442:	4c06      	ldr	r4, [pc, #24]	@ (1000845c <_lseek_r+0x24>)
10008444:	6022      	str	r2, [r4, #0]
10008446:	001a      	movs	r2, r3
10008448:	f7fb fed0 	bl	100041ec <_lseek>
1000844c:	1c43      	adds	r3, r0, #1
1000844e:	d000      	beq.n	10008452 <_lseek_r+0x1a>
10008450:	bd70      	pop	{r4, r5, r6, pc}
10008452:	6823      	ldr	r3, [r4, #0]
10008454:	2b00      	cmp	r3, #0
10008456:	d0fb      	beq.n	10008450 <_lseek_r+0x18>
10008458:	602b      	str	r3, [r5, #0]
1000845a:	e7f9      	b.n	10008450 <_lseek_r+0x18>
1000845c:	200021f8 	.word	0x200021f8

10008460 <_read_r>:
10008460:	b570      	push	{r4, r5, r6, lr}
10008462:	0005      	movs	r5, r0
10008464:	0008      	movs	r0, r1
10008466:	0011      	movs	r1, r2
10008468:	2200      	movs	r2, #0
1000846a:	4c06      	ldr	r4, [pc, #24]	@ (10008484 <_read_r+0x24>)
1000846c:	6022      	str	r2, [r4, #0]
1000846e:	001a      	movs	r2, r3
10008470:	f7fb fe98 	bl	100041a4 <_read>
10008474:	1c43      	adds	r3, r0, #1
10008476:	d000      	beq.n	1000847a <_read_r+0x1a>
10008478:	bd70      	pop	{r4, r5, r6, pc}
1000847a:	6823      	ldr	r3, [r4, #0]
1000847c:	2b00      	cmp	r3, #0
1000847e:	d0fb      	beq.n	10008478 <_read_r+0x18>
10008480:	602b      	str	r3, [r5, #0]
10008482:	e7f9      	b.n	10008478 <_read_r+0x18>
10008484:	200021f8 	.word	0x200021f8

10008488 <_write_r>:
10008488:	b570      	push	{r4, r5, r6, lr}
1000848a:	0005      	movs	r5, r0
1000848c:	0008      	movs	r0, r1
1000848e:	0011      	movs	r1, r2
10008490:	2200      	movs	r2, #0
10008492:	4c06      	ldr	r4, [pc, #24]	@ (100084ac <_write_r+0x24>)
10008494:	6022      	str	r2, [r4, #0]
10008496:	001a      	movs	r2, r3
10008498:	f7fb fe94 	bl	100041c4 <_write>
1000849c:	1c43      	adds	r3, r0, #1
1000849e:	d000      	beq.n	100084a2 <_write_r+0x1a>
100084a0:	bd70      	pop	{r4, r5, r6, pc}
100084a2:	6823      	ldr	r3, [r4, #0]
100084a4:	2b00      	cmp	r3, #0
100084a6:	d0fb      	beq.n	100084a0 <_write_r+0x18>
100084a8:	602b      	str	r3, [r5, #0]
100084aa:	e7f9      	b.n	100084a0 <_write_r+0x18>
100084ac:	200021f8 	.word	0x200021f8

100084b0 <__smakebuf_r>:
100084b0:	b570      	push	{r4, r5, r6, lr}
100084b2:	230c      	movs	r3, #12
100084b4:	5eca      	ldrsh	r2, [r1, r3]
100084b6:	0005      	movs	r5, r0
100084b8:	000c      	movs	r4, r1
100084ba:	b096      	sub	sp, #88	@ 0x58
100084bc:	0793      	lsls	r3, r2, #30
100084be:	d507      	bpl.n	100084d0 <__smakebuf_r+0x20>
100084c0:	0023      	movs	r3, r4
100084c2:	3343      	adds	r3, #67	@ 0x43
100084c4:	6023      	str	r3, [r4, #0]
100084c6:	6123      	str	r3, [r4, #16]
100084c8:	2301      	movs	r3, #1
100084ca:	6163      	str	r3, [r4, #20]
100084cc:	b016      	add	sp, #88	@ 0x58
100084ce:	bd70      	pop	{r4, r5, r6, pc}
100084d0:	230e      	movs	r3, #14
100084d2:	5ec9      	ldrsh	r1, [r1, r3]
100084d4:	2900      	cmp	r1, #0
100084d6:	db31      	blt.n	1000853c <__smakebuf_r+0x8c>
100084d8:	466a      	mov	r2, sp
100084da:	f000 f855 	bl	10008588 <_fstat_r>
100084de:	2800      	cmp	r0, #0
100084e0:	db2a      	blt.n	10008538 <__smakebuf_r+0x88>
100084e2:	2180      	movs	r1, #128	@ 0x80
100084e4:	0028      	movs	r0, r5
100084e6:	00c9      	lsls	r1, r1, #3
100084e8:	9e01      	ldr	r6, [sp, #4]
100084ea:	f7fe ffaf 	bl	1000744c <_malloc_r>
100084ee:	220c      	movs	r2, #12
100084f0:	5ea3      	ldrsh	r3, [r4, r2]
100084f2:	2800      	cmp	r0, #0
100084f4:	d03d      	beq.n	10008572 <__smakebuf_r+0xc2>
100084f6:	2280      	movs	r2, #128	@ 0x80
100084f8:	4313      	orrs	r3, r2
100084fa:	2280      	movs	r2, #128	@ 0x80
100084fc:	00d2      	lsls	r2, r2, #3
100084fe:	6162      	str	r2, [r4, #20]
10008500:	22f0      	movs	r2, #240	@ 0xf0
10008502:	0031      	movs	r1, r6
10008504:	0212      	lsls	r2, r2, #8
10008506:	4011      	ands	r1, r2
10008508:	000a      	movs	r2, r1
1000850a:	2180      	movs	r1, #128	@ 0x80
1000850c:	81a3      	strh	r3, [r4, #12]
1000850e:	6020      	str	r0, [r4, #0]
10008510:	6120      	str	r0, [r4, #16]
10008512:	0189      	lsls	r1, r1, #6
10008514:	428a      	cmp	r2, r1
10008516:	d134      	bne.n	10008582 <__smakebuf_r+0xd2>
10008518:	230e      	movs	r3, #14
1000851a:	5ee1      	ldrsh	r1, [r4, r3]
1000851c:	0028      	movs	r0, r5
1000851e:	f000 f847 	bl	100085b0 <_isatty_r>
10008522:	220c      	movs	r2, #12
10008524:	5ea3      	ldrsh	r3, [r4, r2]
10008526:	2800      	cmp	r0, #0
10008528:	d02b      	beq.n	10008582 <__smakebuf_r+0xd2>
1000852a:	2203      	movs	r2, #3
1000852c:	4393      	bics	r3, r2
1000852e:	2201      	movs	r2, #1
10008530:	4313      	orrs	r3, r2
10008532:	2280      	movs	r2, #128	@ 0x80
10008534:	0112      	lsls	r2, r2, #4
10008536:	e019      	b.n	1000856c <__smakebuf_r+0xbc>
10008538:	230c      	movs	r3, #12
1000853a:	5ee2      	ldrsh	r2, [r4, r3]
1000853c:	2380      	movs	r3, #128	@ 0x80
1000853e:	4013      	ands	r3, r2
10008540:	425a      	negs	r2, r3
10008542:	4153      	adcs	r3, r2
10008544:	22f0      	movs	r2, #240	@ 0xf0
10008546:	425b      	negs	r3, r3
10008548:	0092      	lsls	r2, r2, #2
1000854a:	4013      	ands	r3, r2
1000854c:	3340      	adds	r3, #64	@ 0x40
1000854e:	0019      	movs	r1, r3
10008550:	0028      	movs	r0, r5
10008552:	001e      	movs	r6, r3
10008554:	f7fe ff7a 	bl	1000744c <_malloc_r>
10008558:	220c      	movs	r2, #12
1000855a:	5ea3      	ldrsh	r3, [r4, r2]
1000855c:	2800      	cmp	r0, #0
1000855e:	d008      	beq.n	10008572 <__smakebuf_r+0xc2>
10008560:	2280      	movs	r2, #128	@ 0x80
10008562:	4313      	orrs	r3, r2
10008564:	2200      	movs	r2, #0
10008566:	6020      	str	r0, [r4, #0]
10008568:	6120      	str	r0, [r4, #16]
1000856a:	6166      	str	r6, [r4, #20]
1000856c:	4313      	orrs	r3, r2
1000856e:	81a3      	strh	r3, [r4, #12]
10008570:	e7ac      	b.n	100084cc <__smakebuf_r+0x1c>
10008572:	059a      	lsls	r2, r3, #22
10008574:	d4aa      	bmi.n	100084cc <__smakebuf_r+0x1c>
10008576:	2203      	movs	r2, #3
10008578:	4393      	bics	r3, r2
1000857a:	2202      	movs	r2, #2
1000857c:	4313      	orrs	r3, r2
1000857e:	81a3      	strh	r3, [r4, #12]
10008580:	e79e      	b.n	100084c0 <__smakebuf_r+0x10>
10008582:	2280      	movs	r2, #128	@ 0x80
10008584:	0112      	lsls	r2, r2, #4
10008586:	e7f1      	b.n	1000856c <__smakebuf_r+0xbc>

10008588 <_fstat_r>:
10008588:	2300      	movs	r3, #0
1000858a:	b570      	push	{r4, r5, r6, lr}
1000858c:	4c07      	ldr	r4, [pc, #28]	@ (100085ac <_fstat_r+0x24>)
1000858e:	0005      	movs	r5, r0
10008590:	0008      	movs	r0, r1
10008592:	0011      	movs	r1, r2
10008594:	6023      	str	r3, [r4, #0]
10008596:	f7fb fe2d 	bl	100041f4 <_fstat>
1000859a:	1c43      	adds	r3, r0, #1
1000859c:	d000      	beq.n	100085a0 <_fstat_r+0x18>
1000859e:	bd70      	pop	{r4, r5, r6, pc}
100085a0:	6823      	ldr	r3, [r4, #0]
100085a2:	2b00      	cmp	r3, #0
100085a4:	d0fb      	beq.n	1000859e <_fstat_r+0x16>
100085a6:	602b      	str	r3, [r5, #0]
100085a8:	e7f9      	b.n	1000859e <_fstat_r+0x16>
100085aa:	46c0      	nop			@ (mov r8, r8)
100085ac:	200021f8 	.word	0x200021f8

100085b0 <_isatty_r>:
100085b0:	2300      	movs	r3, #0
100085b2:	b570      	push	{r4, r5, r6, lr}
100085b4:	4c06      	ldr	r4, [pc, #24]	@ (100085d0 <_isatty_r+0x20>)
100085b6:	0005      	movs	r5, r0
100085b8:	0008      	movs	r0, r1
100085ba:	6023      	str	r3, [r4, #0]
100085bc:	f7fb fe1e 	bl	100041fc <_isatty>
100085c0:	1c43      	adds	r3, r0, #1
100085c2:	d000      	beq.n	100085c6 <_isatty_r+0x16>
100085c4:	bd70      	pop	{r4, r5, r6, pc}
100085c6:	6823      	ldr	r3, [r4, #0]
100085c8:	2b00      	cmp	r3, #0
100085ca:	d0fb      	beq.n	100085c4 <_isatty_r+0x14>
100085cc:	602b      	str	r3, [r5, #0]
100085ce:	e7f9      	b.n	100085c4 <_isatty_r+0x14>
100085d0:	200021f8 	.word	0x200021f8
100085d4:	00000000 	.word	0x00000000

100085d8 <__mutex_enter_timeout_ms_veneer>:
100085d8:	b401      	push	{r0}
100085da:	4802      	ldr	r0, [pc, #8]	@ (100085e4 <__mutex_enter_timeout_ms_veneer+0xc>)
100085dc:	4684      	mov	ip, r0
100085de:	bc01      	pop	{r0}
100085e0:	4760      	bx	ip
100085e2:	bf00      	nop
100085e4:	20000199 	.word	0x20000199

100085e8 <____aeabi_idiv0_veneer>:
100085e8:	b401      	push	{r0}
100085ea:	4802      	ldr	r0, [pc, #8]	@ (100085f4 <____aeabi_idiv0_veneer+0xc>)
100085ec:	4684      	mov	ip, r0
100085ee:	bc01      	pop	{r0}
100085f0:	4760      	bx	ip
100085f2:	bf00      	nop
100085f4:	20000f09 	.word	0x20000f09

100085f8 <___hw_endpoint_buffer_control_update32_veneer>:
100085f8:	b401      	push	{r0}
100085fa:	4802      	ldr	r0, [pc, #8]	@ (10008604 <___hw_endpoint_buffer_control_update32_veneer+0xc>)
100085fc:	4684      	mov	ip, r0
100085fe:	bc01      	pop	{r0}
10008600:	4760      	bx	ip
10008602:	bf00      	nop
10008604:	20000c3d 	.word	0x20000c3d

10008608 <__mutex_try_enter_block_until_veneer>:
10008608:	b401      	push	{r0}
1000860a:	4802      	ldr	r0, [pc, #8]	@ (10008614 <__mutex_try_enter_block_until_veneer+0xc>)
1000860c:	4684      	mov	ip, r0
1000860e:	bc01      	pop	{r0}
10008610:	4760      	bx	ip
10008612:	bf00      	nop
10008614:	20000101 	.word	0x20000101

10008618 <__reset_non_control_endpoints_veneer>:
10008618:	b401      	push	{r0}
1000861a:	4802      	ldr	r0, [pc, #8]	@ (10008624 <__reset_non_control_endpoints_veneer+0xc>)
1000861c:	4684      	mov	ip, r0
1000861e:	bc01      	pop	{r0}
10008620:	4760      	bx	ip
10008622:	bf00      	nop
10008624:	20000421 	.word	0x20000421

10008628 <__mutex_try_enter_veneer>:
10008628:	b401      	push	{r0}
1000862a:	4802      	ldr	r0, [pc, #8]	@ (10008634 <__mutex_try_enter_veneer+0xc>)
1000862c:	4684      	mov	ip, r0
1000862e:	bc01      	pop	{r0}
10008630:	4760      	bx	ip
10008632:	bf00      	nop
10008634:	200000c1 	.word	0x200000c1

10008638 <____aeabi_ldiv0_veneer>:
10008638:	b401      	push	{r0}
1000863a:	4802      	ldr	r0, [pc, #8]	@ (10008644 <____aeabi_ldiv0_veneer+0xc>)
1000863c:	4684      	mov	ip, r0
1000863e:	bc01      	pop	{r0}
10008640:	4760      	bx	ip
10008642:	bf00      	nop
10008644:	20000f09 	.word	0x20000f09

10008648 <__mutex_exit_veneer>:
10008648:	b401      	push	{r0}
1000864a:	4802      	ldr	r0, [pc, #8]	@ (10008654 <__mutex_exit_veneer+0xc>)
1000864c:	4684      	mov	ip, r0
1000864e:	bc01      	pop	{r0}
10008650:	4760      	bx	ip
10008652:	bf00      	nop
10008654:	20000225 	.word	0x20000225

10008658 <__flash_do_cmd_cs_veneer>:
10008658:	b401      	push	{r0}
1000865a:	4802      	ldr	r0, [pc, #8]	@ (10008664 <__flash_do_cmd_cs_veneer+0xc>)
1000865c:	4684      	mov	ip, r0
1000865e:	bc01      	pop	{r0}
10008660:	4760      	bx	ip
10008662:	bf00      	nop
10008664:	200002d9 	.word	0x200002d9

10008668 <__e15_is_bulkin_ep_veneer>:
10008668:	b401      	push	{r0}
1000866a:	4802      	ldr	r0, [pc, #8]	@ (10008674 <__e15_is_bulkin_ep_veneer+0xc>)
1000866c:	4684      	mov	ip, r0
1000866e:	bc01      	pop	{r0}
10008670:	4760      	bx	ip
10008672:	bf00      	nop
10008674:	20000bd9 	.word	0x20000bd9

10008678 <__hw_endpoint_start_next_buffer_veneer>:
10008678:	b401      	push	{r0}
1000867a:	4802      	ldr	r0, [pc, #8]	@ (10008684 <__hw_endpoint_start_next_buffer_veneer+0xc>)
1000867c:	4684      	mov	ip, r0
1000867e:	bc01      	pop	{r0}
10008680:	4760      	bx	ip
10008682:	bf00      	nop
10008684:	20000c8d 	.word	0x20000c8d

10008688 <__e15_is_critical_frame_period_veneer>:
10008688:	b401      	push	{r0}
1000868a:	4802      	ldr	r0, [pc, #8]	@ (10008694 <__e15_is_critical_frame_period_veneer+0xc>)
1000868c:	4684      	mov	ip, r0
1000868e:	bc01      	pop	{r0}
10008690:	4760      	bx	ip
10008692:	bf00      	nop
10008694:	20000c01 	.word	0x20000c01

10008698 <__pre_init_runtime_init_early_resets>:
10008698:	10001a41                                A...

1000869c <__pre_init_runtime_init_usb_power_down>:
1000869c:	10001a6d 10001c51 100029c1 100022f5     m...Q....)..."..
100086ac:	1000292d                                -)..

100086b0 <__pre_init_runtime_init_clocks>:
100086b0:	10001b79                                y...

100086b4 <__pre_init_runtime_init_post_clock_resets>:
100086b4:	10001a89                                ....

100086b8 <__pre_init_runtime_init_rp2040_gpio_ie_disable>:
100086b8:	10001aa9                                ....

100086bc <__pre_init_runtime_init_spin_locks_reset>:
100086bc:	10001abd                                ....

100086c0 <__pre_init_runtime_init_mutex>:
100086c0:	10000b05                                ....

100086c4 <__pre_init_runtime_init_install_ram_vector_table>:
100086c4:	10001ac5                                ....

100086c8 <__pre_init_runtime_init_default_alarm_pool>:
100086c8:	10000ed1                                ....

100086cc <__pre_init_first_per_core_initializer>:
100086cc:	10001a09                                ....

100086d0 <__pre_init_runtime_init_per_core_irq_priorities>:
100086d0:	10000581                                ....

100086d4 <__init_array_start>:
100086d4:	10004cfd 	.word	0x10004cfd

Disassembly of section .data:

200000c0 <mutex_try_enter>:
200000c0:	0003      	movs	r3, r0
200000c2:	6800      	ldr	r0, [r0, #0]
200000c4:	f3ef 8c10 	mrs	ip, PRIMASK
200000c8:	b672      	cpsid	i
200000ca:	6802      	ldr	r2, [r0, #0]
200000cc:	2a00      	cmp	r2, #0
200000ce:	d0fc      	beq.n	200000ca <mutex_try_enter+0xa>
200000d0:	f3bf 8f5f 	dmb	sy
200000d4:	2204      	movs	r2, #4
200000d6:	569a      	ldrsb	r2, [r3, r2]
200000d8:	2a00      	cmp	r2, #0
200000da:	db0b      	blt.n	200000f4 <mutex_try_enter+0x34>
200000dc:	2900      	cmp	r1, #0
200000de:	d000      	beq.n	200000e2 <mutex_try_enter+0x22>
200000e0:	600a      	str	r2, [r1, #0]
200000e2:	2000      	movs	r0, #0
200000e4:	681b      	ldr	r3, [r3, #0]
200000e6:	f3bf 8f5f 	dmb	sy
200000ea:	2200      	movs	r2, #0
200000ec:	601a      	str	r2, [r3, #0]
200000ee:	f38c 8810 	msr	PRIMASK, ip
200000f2:	4770      	bx	lr
200000f4:	22d0      	movs	r2, #208	@ 0xd0
200000f6:	0612      	lsls	r2, r2, #24
200000f8:	6812      	ldr	r2, [r2, #0]
200000fa:	2001      	movs	r0, #1
200000fc:	711a      	strb	r2, [r3, #4]
200000fe:	e7f1      	b.n	200000e4 <mutex_try_enter+0x24>

20000100 <mutex_try_enter_block_until>:
20000100:	b5f0      	push	{r4, r5, r6, r7, lr}
20000102:	46c6      	mov	lr, r8
20000104:	0016      	movs	r6, r2
20000106:	b500      	push	{lr}
20000108:	0004      	movs	r4, r0
2000010a:	001f      	movs	r7, r3
2000010c:	6802      	ldr	r2, [r0, #0]
2000010e:	f3ef 8110 	mrs	r1, PRIMASK
20000112:	b672      	cpsid	i
20000114:	6813      	ldr	r3, [r2, #0]
20000116:	2b00      	cmp	r3, #0
20000118:	d0fc      	beq.n	20000114 <mutex_try_enter_block_until+0x14>
2000011a:	f3bf 8f5f 	dmb	sy
2000011e:	2304      	movs	r3, #4
20000120:	56e3      	ldrsb	r3, [r4, r3]
20000122:	6822      	ldr	r2, [r4, #0]
20000124:	2b00      	cmp	r3, #0
20000126:	db2b      	blt.n	20000180 <mutex_try_enter_block_until+0x80>
20000128:	f3bf 8f5f 	dmb	sy
2000012c:	2000      	movs	r0, #0
2000012e:	6010      	str	r0, [r2, #0]
20000130:	f381 8810 	msr	PRIMASK, r1
20000134:	22d0      	movs	r2, #208	@ 0xd0
20000136:	0612      	lsls	r2, r2, #24
20000138:	7812      	ldrb	r2, [r2, #0]
2000013a:	2500      	movs	r5, #0
2000013c:	b252      	sxtb	r2, r2
2000013e:	4690      	mov	r8, r2
20000140:	429a      	cmp	r2, r3
20000142:	d10e      	bne.n	20000162 <mutex_try_enter_block_until+0x62>
20000144:	2000      	movs	r0, #0
20000146:	bc80      	pop	{r7}
20000148:	46b8      	mov	r8, r7
2000014a:	bdf0      	pop	{r4, r5, r6, r7, pc}
2000014c:	f3bf 8f5f 	dmb	sy
20000150:	6015      	str	r5, [r2, #0]
20000152:	f381 8810 	msr	PRIMASK, r1
20000156:	0030      	movs	r0, r6
20000158:	0039      	movs	r1, r7
2000015a:	f000 fee9 	bl	20000f30 <__best_effort_wfe_or_timeout_veneer>
2000015e:	2800      	cmp	r0, #0
20000160:	d1f0      	bne.n	20000144 <mutex_try_enter_block_until+0x44>
20000162:	6822      	ldr	r2, [r4, #0]
20000164:	f3ef 8110 	mrs	r1, PRIMASK
20000168:	b672      	cpsid	i
2000016a:	6813      	ldr	r3, [r2, #0]
2000016c:	2b00      	cmp	r3, #0
2000016e:	d0fc      	beq.n	2000016a <mutex_try_enter_block_until+0x6a>
20000170:	f3bf 8f5f 	dmb	sy
20000174:	7923      	ldrb	r3, [r4, #4]
20000176:	6822      	ldr	r2, [r4, #0]
20000178:	2b7f      	cmp	r3, #127	@ 0x7f
2000017a:	d9e7      	bls.n	2000014c <mutex_try_enter_block_until+0x4c>
2000017c:	4643      	mov	r3, r8
2000017e:	e002      	b.n	20000186 <mutex_try_enter_block_until+0x86>
20000180:	23d0      	movs	r3, #208	@ 0xd0
20000182:	061b      	lsls	r3, r3, #24
20000184:	681b      	ldr	r3, [r3, #0]
20000186:	7123      	strb	r3, [r4, #4]
20000188:	f3bf 8f5f 	dmb	sy
2000018c:	2300      	movs	r3, #0
2000018e:	6013      	str	r3, [r2, #0]
20000190:	f381 8810 	msr	PRIMASK, r1
20000194:	2001      	movs	r0, #1
20000196:	e7d6      	b.n	20000146 <mutex_try_enter_block_until+0x46>

20000198 <mutex_enter_timeout_ms>:
20000198:	b5f0      	push	{r4, r5, r6, r7, lr}
2000019a:	46c6      	mov	lr, r8
2000019c:	b500      	push	{lr}
2000019e:	000f      	movs	r7, r1
200001a0:	0004      	movs	r4, r0
200001a2:	f000 fecd 	bl	20000f40 <__time_us_64_veneer>
200001a6:	22fa      	movs	r2, #250	@ 0xfa
200001a8:	000e      	movs	r6, r1
200001aa:	0005      	movs	r5, r0
200001ac:	2300      	movs	r3, #0
200001ae:	0038      	movs	r0, r7
200001b0:	2100      	movs	r1, #0
200001b2:	0092      	lsls	r2, r2, #2
200001b4:	f000 feac 	bl	20000f10 <____wrap___aeabi_lmul_veneer>
200001b8:	1940      	adds	r0, r0, r5
200001ba:	4171      	adcs	r1, r6
200001bc:	0006      	movs	r6, r0
200001be:	1e0f      	subs	r7, r1, #0
200001c0:	da02      	bge.n	200001c8 <mutex_enter_timeout_ms+0x30>
200001c2:	2601      	movs	r6, #1
200001c4:	4f16      	ldr	r7, [pc, #88]	@ (20000220 <mutex_enter_timeout_ms+0x88>)
200001c6:	4276      	negs	r6, r6
200001c8:	23d0      	movs	r3, #208	@ 0xd0
200001ca:	061b      	lsls	r3, r3, #24
200001cc:	681b      	ldr	r3, [r3, #0]
200001ce:	2500      	movs	r5, #0
200001d0:	4698      	mov	r8, r3
200001d2:	e00a      	b.n	200001ea <mutex_enter_timeout_ms+0x52>
200001d4:	f3bf 8f5f 	dmb	sy
200001d8:	6015      	str	r5, [r2, #0]
200001da:	f381 8810 	msr	PRIMASK, r1
200001de:	0030      	movs	r0, r6
200001e0:	0039      	movs	r1, r7
200001e2:	f000 fea5 	bl	20000f30 <__best_effort_wfe_or_timeout_veneer>
200001e6:	2800      	cmp	r0, #0
200001e8:	d118      	bne.n	2000021c <mutex_enter_timeout_ms+0x84>
200001ea:	6822      	ldr	r2, [r4, #0]
200001ec:	f3ef 8110 	mrs	r1, PRIMASK
200001f0:	b672      	cpsid	i
200001f2:	6813      	ldr	r3, [r2, #0]
200001f4:	2b00      	cmp	r3, #0
200001f6:	d0fc      	beq.n	200001f2 <mutex_enter_timeout_ms+0x5a>
200001f8:	f3bf 8f5f 	dmb	sy
200001fc:	7923      	ldrb	r3, [r4, #4]
200001fe:	6822      	ldr	r2, [r4, #0]
20000200:	2b7f      	cmp	r3, #127	@ 0x7f
20000202:	d9e7      	bls.n	200001d4 <mutex_enter_timeout_ms+0x3c>
20000204:	4643      	mov	r3, r8
20000206:	7123      	strb	r3, [r4, #4]
20000208:	f3bf 8f5f 	dmb	sy
2000020c:	2300      	movs	r3, #0
2000020e:	6013      	str	r3, [r2, #0]
20000210:	f381 8810 	msr	PRIMASK, r1
20000214:	2001      	movs	r0, #1
20000216:	bc80      	pop	{r7}
20000218:	46b8      	mov	r8, r7
2000021a:	bdf0      	pop	{r4, r5, r6, r7, pc}
2000021c:	2000      	movs	r0, #0
2000021e:	e7fa      	b.n	20000216 <mutex_enter_timeout_ms+0x7e>
20000220:	7fffffff 	.word	0x7fffffff

20000224 <mutex_exit>:
20000224:	6802      	ldr	r2, [r0, #0]
20000226:	f3ef 8110 	mrs	r1, PRIMASK
2000022a:	b672      	cpsid	i
2000022c:	6813      	ldr	r3, [r2, #0]
2000022e:	2b00      	cmp	r3, #0
20000230:	d0fc      	beq.n	2000022c <mutex_exit+0x8>
20000232:	f3bf 8f5f 	dmb	sy
20000236:	23ff      	movs	r3, #255	@ 0xff
20000238:	7103      	strb	r3, [r0, #4]
2000023a:	6803      	ldr	r3, [r0, #0]
2000023c:	f3bf 8f5f 	dmb	sy
20000240:	2200      	movs	r2, #0
20000242:	601a      	str	r2, [r3, #0]
20000244:	f381 8810 	msr	PRIMASK, r1
20000248:	bf40      	sev
2000024a:	4770      	bx	lr

2000024c <flash_init_boot2_copyout>:
2000024c:	4b08      	ldr	r3, [pc, #32]	@ (20000270 <flash_init_boot2_copyout+0x24>)
2000024e:	469c      	mov	ip, r3
20000250:	781b      	ldrb	r3, [r3, #0]
20000252:	2b00      	cmp	r3, #0
20000254:	d10b      	bne.n	2000026e <flash_init_boot2_copyout+0x22>
20000256:	2380      	movs	r3, #128	@ 0x80
20000258:	4806      	ldr	r0, [pc, #24]	@ (20000274 <flash_init_boot2_copyout+0x28>)
2000025a:	4907      	ldr	r1, [pc, #28]	@ (20000278 <flash_init_boot2_copyout+0x2c>)
2000025c:	055b      	lsls	r3, r3, #21
2000025e:	681a      	ldr	r2, [r3, #0]
20000260:	50c2      	str	r2, [r0, r3]
20000262:	3304      	adds	r3, #4
20000264:	428b      	cmp	r3, r1
20000266:	d1fa      	bne.n	2000025e <flash_init_boot2_copyout+0x12>
20000268:	2301      	movs	r3, #1
2000026a:	4662      	mov	r2, ip
2000026c:	7013      	strb	r3, [r2, #0]
2000026e:	4770      	bx	lr
20000270:	2000265c 	.word	0x2000265c
20000274:	10001e84 	.word	0x10001e84
20000278:	10000100 	.word	0x10000100

2000027c <flash_enable_xip_via_boot2>:
2000027c:	b510      	push	{r4, lr}
2000027e:	4b01      	ldr	r3, [pc, #4]	@ (20000284 <flash_enable_xip_via_boot2+0x8>)
20000280:	4798      	blx	r3
20000282:	bd10      	pop	{r4, pc}
20000284:	20001e85 	.word	0x20001e85

20000288 <flash_save_hardware_state>:
20000288:	4b08      	ldr	r3, [pc, #32]	@ (200002ac <flash_save_hardware_state+0x24>)
2000028a:	685a      	ldr	r2, [r3, #4]
2000028c:	6042      	str	r2, [r0, #4]
2000028e:	689a      	ldr	r2, [r3, #8]
20000290:	6082      	str	r2, [r0, #8]
20000292:	68da      	ldr	r2, [r3, #12]
20000294:	60c2      	str	r2, [r0, #12]
20000296:	691a      	ldr	r2, [r3, #16]
20000298:	6102      	str	r2, [r0, #16]
2000029a:	695a      	ldr	r2, [r3, #20]
2000029c:	6142      	str	r2, [r0, #20]
2000029e:	699b      	ldr	r3, [r3, #24]
200002a0:	6183      	str	r3, [r0, #24]
200002a2:	23a0      	movs	r3, #160	@ 0xa0
200002a4:	055b      	lsls	r3, r3, #21
200002a6:	681b      	ldr	r3, [r3, #0]
200002a8:	6003      	str	r3, [r0, #0]
200002aa:	4770      	bx	lr
200002ac:	40020000 	.word	0x40020000

200002b0 <flash_restore_hardware_state>:
200002b0:	6842      	ldr	r2, [r0, #4]
200002b2:	4b08      	ldr	r3, [pc, #32]	@ (200002d4 <flash_restore_hardware_state+0x24>)
200002b4:	605a      	str	r2, [r3, #4]
200002b6:	6882      	ldr	r2, [r0, #8]
200002b8:	609a      	str	r2, [r3, #8]
200002ba:	68c2      	ldr	r2, [r0, #12]
200002bc:	60da      	str	r2, [r3, #12]
200002be:	6902      	ldr	r2, [r0, #16]
200002c0:	611a      	str	r2, [r3, #16]
200002c2:	6942      	ldr	r2, [r0, #20]
200002c4:	615a      	str	r2, [r3, #20]
200002c6:	6982      	ldr	r2, [r0, #24]
200002c8:	619a      	str	r2, [r3, #24]
200002ca:	23a0      	movs	r3, #160	@ 0xa0
200002cc:	6802      	ldr	r2, [r0, #0]
200002ce:	055b      	lsls	r3, r3, #21
200002d0:	601a      	str	r2, [r3, #0]
200002d2:	4770      	bx	lr
200002d4:	40020000 	.word	0x40020000

200002d8 <flash_do_cmd_cs>:
200002d8:	b5f0      	push	{r4, r5, r6, r7, lr}
200002da:	46d6      	mov	lr, sl
200002dc:	464f      	mov	r7, r9
200002de:	4646      	mov	r6, r8
200002e0:	2300      	movs	r3, #0
200002e2:	b5c0      	push	{r6, r7, lr}
200002e4:	2718      	movs	r7, #24
200002e6:	b088      	sub	sp, #32
200002e8:	001e      	movs	r6, r3
200002ea:	4681      	mov	r9, r0
200002ec:	000d      	movs	r5, r1
200002ee:	8a98      	ldrh	r0, [r3, #20]
200002f0:	4946      	ldr	r1, [pc, #280]	@ (2000040c <flash_do_cmd_cs+0x134>)
200002f2:	883b      	ldrh	r3, [r7, #0]
200002f4:	0014      	movs	r4, r2
200002f6:	4798      	blx	r3
200002f8:	883b      	ldrh	r3, [r7, #0]
200002fa:	4680      	mov	r8, r0
200002fc:	4944      	ldr	r1, [pc, #272]	@ (20000410 <flash_do_cmd_cs+0x138>)
200002fe:	8ab0      	ldrh	r0, [r6, #20]
20000300:	4798      	blx	r3
20000302:	2300      	movs	r3, #0
20000304:	4943      	ldr	r1, [pc, #268]	@ (20000414 <flash_do_cmd_cs+0x13c>)
20000306:	0006      	movs	r6, r0
20000308:	8a98      	ldrh	r0, [r3, #20]
2000030a:	883b      	ldrh	r3, [r7, #0]
2000030c:	4798      	blx	r3
2000030e:	4682      	mov	sl, r0
20000310:	f7ff ff9c 	bl	2000024c <flash_init_boot2_copyout>
20000314:	a801      	add	r0, sp, #4
20000316:	f7ff ffb7 	bl	20000288 <flash_save_hardware_state>
2000031a:	47c0      	blx	r8
2000031c:	47b0      	blx	r6
2000031e:	4b3e      	ldr	r3, [pc, #248]	@ (20000418 <flash_do_cmd_cs+0x140>)
20000320:	0021      	movs	r1, r4
20000322:	681a      	ldr	r2, [r3, #0]
20000324:	2380      	movs	r3, #128	@ 0x80
20000326:	009b      	lsls	r3, r3, #2
20000328:	4053      	eors	r3, r2
2000032a:	22c0      	movs	r2, #192	@ 0xc0
2000032c:	0092      	lsls	r2, r2, #2
2000032e:	4013      	ands	r3, r2
20000330:	4a3a      	ldr	r2, [pc, #232]	@ (2000041c <flash_do_cmd_cs+0x144>)
20000332:	6013      	str	r3, [r2, #0]
20000334:	2c00      	cmp	r4, #0
20000336:	d01c      	beq.n	20000372 <flash_do_cmd_cs+0x9a>
20000338:	2308      	movs	r3, #8
2000033a:	20c0      	movs	r0, #192	@ 0xc0
2000033c:	469c      	mov	ip, r3
2000033e:	0540      	lsls	r0, r0, #21
20000340:	3f16      	subs	r7, #22
20000342:	4662      	mov	r2, ip
20000344:	6a83      	ldr	r3, [r0, #40]	@ 0x28
20000346:	401a      	ands	r2, r3
20000348:	421f      	tst	r7, r3
2000034a:	d039      	beq.n	200003c0 <flash_do_cmd_cs+0xe8>
2000034c:	1a63      	subs	r3, r4, r1
2000034e:	2900      	cmp	r1, #0
20000350:	d12b      	bne.n	200003aa <flash_do_cmd_cs+0xd2>
20000352:	2a00      	cmp	r2, #0
20000354:	d10b      	bne.n	2000036e <flash_do_cmd_cs+0x96>
20000356:	2c00      	cmp	r4, #0
20000358:	d00b      	beq.n	20000372 <flash_do_cmd_cs+0x9a>
2000035a:	23c0      	movs	r3, #192	@ 0xc0
2000035c:	2208      	movs	r2, #8
2000035e:	2602      	movs	r6, #2
20000360:	055b      	lsls	r3, r3, #21
20000362:	6a9b      	ldr	r3, [r3, #40]	@ 0x28
20000364:	401a      	ands	r2, r3
20000366:	421e      	tst	r6, r3
20000368:	d042      	beq.n	200003f0 <flash_do_cmd_cs+0x118>
2000036a:	2a00      	cmp	r2, #0
2000036c:	d0f5      	beq.n	2000035a <flash_do_cmd_cs+0x82>
2000036e:	2c00      	cmp	r4, #0
20000370:	d130      	bne.n	200003d4 <flash_do_cmd_cs+0xfc>
20000372:	4b29      	ldr	r3, [pc, #164]	@ (20000418 <flash_do_cmd_cs+0x140>)
20000374:	681a      	ldr	r2, [r3, #0]
20000376:	23c0      	movs	r3, #192	@ 0xc0
20000378:	009b      	lsls	r3, r3, #2
2000037a:	4393      	bics	r3, r2
2000037c:	4a27      	ldr	r2, [pc, #156]	@ (2000041c <flash_do_cmd_cs+0x144>)
2000037e:	6013      	str	r3, [r2, #0]
20000380:	47d0      	blx	sl
20000382:	f7ff ff7b 	bl	2000027c <flash_enable_xip_via_boot2>
20000386:	a801      	add	r0, sp, #4
20000388:	f7ff ff92 	bl	200002b0 <flash_restore_hardware_state>
2000038c:	b008      	add	sp, #32
2000038e:	bce0      	pop	{r5, r6, r7}
20000390:	46ba      	mov	sl, r7
20000392:	46b1      	mov	r9, r6
20000394:	46a8      	mov	r8, r5
20000396:	bdf0      	pop	{r4, r5, r6, r7, pc}
20000398:	2c00      	cmp	r4, #0
2000039a:	d12b      	bne.n	200003f4 <flash_do_cmd_cs+0x11c>
2000039c:	22c0      	movs	r2, #192	@ 0xc0
2000039e:	0552      	lsls	r2, r2, #21
200003a0:	6a96      	ldr	r6, [r2, #40]	@ 0x28
200003a2:	2208      	movs	r2, #8
200003a4:	4032      	ands	r2, r6
200003a6:	07b6      	lsls	r6, r6, #30
200003a8:	d52b      	bpl.n	20000402 <flash_do_cmd_cs+0x12a>
200003aa:	2b0d      	cmp	r3, #13
200003ac:	d919      	bls.n	200003e2 <flash_do_cmd_cs+0x10a>
200003ae:	2a00      	cmp	r2, #0
200003b0:	d1f2      	bne.n	20000398 <flash_do_cmd_cs+0xc0>
200003b2:	22c0      	movs	r2, #192	@ 0xc0
200003b4:	0552      	lsls	r2, r2, #21
200003b6:	6a96      	ldr	r6, [r2, #40]	@ 0x28
200003b8:	2208      	movs	r2, #8
200003ba:	4032      	ands	r2, r6
200003bc:	07b6      	lsls	r6, r6, #30
200003be:	d4f4      	bmi.n	200003aa <flash_do_cmd_cs+0xd2>
200003c0:	2a00      	cmp	r2, #0
200003c2:	d104      	bne.n	200003ce <flash_do_cmd_cs+0xf6>
200003c4:	000b      	movs	r3, r1
200003c6:	4323      	orrs	r3, r4
200003c8:	2b00      	cmp	r3, #0
200003ca:	d1ba      	bne.n	20000342 <flash_do_cmd_cs+0x6a>
200003cc:	e7d1      	b.n	20000372 <flash_do_cmd_cs+0x9a>
200003ce:	000b      	movs	r3, r1
200003d0:	2c00      	cmp	r4, #0
200003d2:	d0f9      	beq.n	200003c8 <flash_do_cmd_cs+0xf0>
200003d4:	6e03      	ldr	r3, [r0, #96]	@ 0x60
200003d6:	3c01      	subs	r4, #1
200003d8:	702b      	strb	r3, [r5, #0]
200003da:	0023      	movs	r3, r4
200003dc:	3501      	adds	r5, #1
200003de:	430b      	orrs	r3, r1
200003e0:	e7f2      	b.n	200003c8 <flash_do_cmd_cs+0xf0>
200003e2:	464b      	mov	r3, r9
200003e4:	781b      	ldrb	r3, [r3, #0]
200003e6:	3901      	subs	r1, #1
200003e8:	6603      	str	r3, [r0, #96]	@ 0x60
200003ea:	2301      	movs	r3, #1
200003ec:	4499      	add	r9, r3
200003ee:	e7e7      	b.n	200003c0 <flash_do_cmd_cs+0xe8>
200003f0:	2100      	movs	r1, #0
200003f2:	e7e5      	b.n	200003c0 <flash_do_cmd_cs+0xe8>
200003f4:	23c0      	movs	r3, #192	@ 0xc0
200003f6:	055b      	lsls	r3, r3, #21
200003f8:	6e1b      	ldr	r3, [r3, #96]	@ 0x60
200003fa:	3c01      	subs	r4, #1
200003fc:	702b      	strb	r3, [r5, #0]
200003fe:	3501      	adds	r5, #1
20000400:	e79f      	b.n	20000342 <flash_do_cmd_cs+0x6a>
20000402:	000b      	movs	r3, r1
20000404:	42a2      	cmp	r2, r4
20000406:	d1df      	bne.n	200003c8 <flash_do_cmd_cs+0xf0>
20000408:	e7dc      	b.n	200003c4 <flash_do_cmd_cs+0xec>
2000040a:	46c0      	nop			@ (mov r8, r8)
2000040c:	00004649 	.word	0x00004649
20000410:	00005845 	.word	0x00005845
20000414:	00004346 	.word	0x00004346
20000418:	4001800c 	.word	0x4001800c
2000041c:	4001900c 	.word	0x4001900c

20000420 <reset_non_control_endpoints>:
20000420:	2200      	movs	r2, #0
20000422:	4b15      	ldr	r3, [pc, #84]	@ (20000478 <reset_non_control_endpoints+0x58>)
20000424:	b510      	push	{r4, lr}
20000426:	609a      	str	r2, [r3, #8]
20000428:	60da      	str	r2, [r3, #12]
2000042a:	611a      	str	r2, [r3, #16]
2000042c:	615a      	str	r2, [r3, #20]
2000042e:	619a      	str	r2, [r3, #24]
20000430:	61da      	str	r2, [r3, #28]
20000432:	621a      	str	r2, [r3, #32]
20000434:	625a      	str	r2, [r3, #36]	@ 0x24
20000436:	629a      	str	r2, [r3, #40]	@ 0x28
20000438:	62da      	str	r2, [r3, #44]	@ 0x2c
2000043a:	631a      	str	r2, [r3, #48]	@ 0x30
2000043c:	635a      	str	r2, [r3, #52]	@ 0x34
2000043e:	639a      	str	r2, [r3, #56]	@ 0x38
20000440:	63da      	str	r2, [r3, #60]	@ 0x3c
20000442:	641a      	str	r2, [r3, #64]	@ 0x40
20000444:	645a      	str	r2, [r3, #68]	@ 0x44
20000446:	649a      	str	r2, [r3, #72]	@ 0x48
20000448:	64da      	str	r2, [r3, #76]	@ 0x4c
2000044a:	651a      	str	r2, [r3, #80]	@ 0x50
2000044c:	655a      	str	r2, [r3, #84]	@ 0x54
2000044e:	659a      	str	r2, [r3, #88]	@ 0x58
20000450:	65da      	str	r2, [r3, #92]	@ 0x5c
20000452:	661a      	str	r2, [r3, #96]	@ 0x60
20000454:	665a      	str	r2, [r3, #100]	@ 0x64
20000456:	669a      	str	r2, [r3, #104]	@ 0x68
20000458:	66da      	str	r2, [r3, #108]	@ 0x6c
2000045a:	671a      	str	r2, [r3, #112]	@ 0x70
2000045c:	675a      	str	r2, [r3, #116]	@ 0x74
2000045e:	679a      	str	r2, [r3, #120]	@ 0x78
20000460:	67da      	str	r2, [r3, #124]	@ 0x7c
20000462:	32f0      	adds	r2, #240	@ 0xf0
20000464:	0092      	lsls	r2, r2, #2
20000466:	2100      	movs	r1, #0
20000468:	4804      	ldr	r0, [pc, #16]	@ (2000047c <reset_non_control_endpoints+0x5c>)
2000046a:	f000 fd71 	bl	20000f50 <____wrap_memset_veneer>
2000046e:	4b04      	ldr	r3, [pc, #16]	@ (20000480 <reset_non_control_endpoints+0x60>)
20000470:	4a04      	ldr	r2, [pc, #16]	@ (20000484 <reset_non_control_endpoints+0x64>)
20000472:	601a      	str	r2, [r3, #0]
20000474:	bd10      	pop	{r4, pc}
20000476:	46c0      	nop			@ (mov r8, r8)
20000478:	50100000 	.word	0x50100000
2000047c:	20002244 	.word	0x20002244
20000480:	20002610 	.word	0x20002610
20000484:	50100180 	.word	0x50100180

20000488 <hw_handle_buff_status>:
20000488:	b5f0      	push	{r4, r5, r6, r7, lr}
2000048a:	4647      	mov	r7, r8
2000048c:	46ce      	mov	lr, r9
2000048e:	b580      	push	{r7, lr}
20000490:	4b1c      	ldr	r3, [pc, #112]	@ (20000504 <hw_handle_buff_status+0x7c>)
20000492:	2400      	movs	r4, #0
20000494:	6d9f      	ldr	r7, [r3, #88]	@ 0x58
20000496:	2601      	movs	r6, #1
20000498:	b085      	sub	sp, #20
2000049a:	2f00      	cmp	r7, #0
2000049c:	d01b      	beq.n	200004d6 <hw_handle_buff_status+0x4e>
2000049e:	4b1a      	ldr	r3, [pc, #104]	@ (20000508 <hw_handle_buff_status+0x80>)
200004a0:	4698      	mov	r8, r3
200004a2:	4b1a      	ldr	r3, [pc, #104]	@ (2000050c <hw_handle_buff_status+0x84>)
200004a4:	4699      	mov	r9, r3
200004a6:	e004      	b.n	200004b2 <hw_handle_buff_status+0x2a>
200004a8:	3401      	adds	r4, #1
200004aa:	b2e4      	uxtb	r4, r4
200004ac:	0076      	lsls	r6, r6, #1
200004ae:	2c20      	cmp	r4, #32
200004b0:	d011      	beq.n	200004d6 <hw_handle_buff_status+0x4e>
200004b2:	423e      	tst	r6, r7
200004b4:	d0f8      	beq.n	200004a8 <hw_handle_buff_status+0x20>
200004b6:	4643      	mov	r3, r8
200004b8:	659e      	str	r6, [r3, #88]	@ 0x58
200004ba:	2301      	movs	r3, #1
200004bc:	0865      	lsrs	r5, r4, #1
200004be:	006d      	lsls	r5, r5, #1
200004c0:	43a3      	bics	r3, r4
200004c2:	18ed      	adds	r5, r5, r3
200004c4:	016d      	lsls	r5, r5, #5
200004c6:	444d      	add	r5, r9
200004c8:	0028      	movs	r0, r5
200004ca:	f000 fc13 	bl	20000cf4 <hw_endpoint_xfer_continue>
200004ce:	2800      	cmp	r0, #0
200004d0:	d106      	bne.n	200004e0 <hw_handle_buff_status+0x58>
200004d2:	43b7      	bics	r7, r6
200004d4:	d1e8      	bne.n	200004a8 <hw_handle_buff_status+0x20>
200004d6:	b005      	add	sp, #20
200004d8:	bcc0      	pop	{r6, r7}
200004da:	46b9      	mov	r9, r7
200004dc:	46b0      	mov	r8, r6
200004de:	bdf0      	pop	{r4, r5, r6, r7, pc}
200004e0:	8aeb      	ldrh	r3, [r5, #22]
200004e2:	21e0      	movs	r1, #224	@ 0xe0
200004e4:	9303      	str	r3, [sp, #12]
200004e6:	2300      	movs	r3, #0
200004e8:	a801      	add	r0, sp, #4
200004ea:	78aa      	ldrb	r2, [r5, #2]
200004ec:	00c9      	lsls	r1, r1, #3
200004ee:	8001      	strh	r1, [r0, #0]
200004f0:	2101      	movs	r1, #1
200004f2:	7102      	strb	r2, [r0, #4]
200004f4:	7143      	strb	r3, [r0, #5]
200004f6:	f000 fc1d 	bl	20000d34 <dcd_event_handler>
200004fa:	0028      	movs	r0, r5
200004fc:	f000 fb98 	bl	20000c30 <hw_endpoint_reset_transfer>
20000500:	e7e7      	b.n	200004d2 <hw_handle_buff_status+0x4a>
20000502:	46c0      	nop			@ (mov r8, r8)
20000504:	50110000 	.word	0x50110000
20000508:	50113000 	.word	0x50113000
2000050c:	20002204 	.word	0x20002204

20000510 <dcd_rp2040_irq>:
20000510:	2398      	movs	r3, #152	@ 0x98
20000512:	4ac6      	ldr	r2, [pc, #792]	@ (2000082c <dcd_rp2040_irq+0x31c>)
20000514:	b5f0      	push	{r4, r5, r6, r7, lr}
20000516:	58d5      	ldr	r5, [r2, r3]
20000518:	2380      	movs	r3, #128	@ 0x80
2000051a:	002e      	movs	r6, r5
2000051c:	029b      	lsls	r3, r3, #10
2000051e:	2410      	movs	r4, #16
20000520:	b085      	sub	sp, #20
20000522:	401e      	ands	r6, r3
20000524:	421d      	tst	r5, r3
20000526:	d074      	beq.n	20000612 <dcd_rp2040_irq+0x102>
20000528:	4bc1      	ldr	r3, [pc, #772]	@ (20000830 <dcd_rp2040_irq+0x320>)
2000052a:	4cc2      	ldr	r4, [pc, #776]	@ (20000834 <dcd_rp2040_irq+0x324>)
2000052c:	6a9a      	ldr	r2, [r3, #40]	@ 0x28
2000052e:	4bc2      	ldr	r3, [pc, #776]	@ (20000838 <dcd_rp2040_irq+0x328>)
20000530:	2600      	movs	r6, #0
20000532:	601a      	str	r2, [r3, #0]
20000534:	233b      	movs	r3, #59	@ 0x3b
20000536:	5ce3      	ldrb	r3, [r4, r3]
20000538:	2b02      	cmp	r3, #2
2000053a:	d100      	bne.n	2000053e <dcd_rp2040_irq+0x2e>
2000053c:	e14b      	b.n	200007d6 <dcd_rp2040_irq+0x2c6>
2000053e:	237b      	movs	r3, #123	@ 0x7b
20000540:	5ce3      	ldrb	r3, [r4, r3]
20000542:	2b02      	cmp	r3, #2
20000544:	d100      	bne.n	20000548 <dcd_rp2040_irq+0x38>
20000546:	e0ef      	b.n	20000728 <dcd_rp2040_irq+0x218>
20000548:	23bb      	movs	r3, #187	@ 0xbb
2000054a:	5ce3      	ldrb	r3, [r4, r3]
2000054c:	2b02      	cmp	r3, #2
2000054e:	d100      	bne.n	20000552 <dcd_rp2040_irq+0x42>
20000550:	e0f6      	b.n	20000740 <dcd_rp2040_irq+0x230>
20000552:	23fb      	movs	r3, #251	@ 0xfb
20000554:	5ce3      	ldrb	r3, [r4, r3]
20000556:	2b02      	cmp	r3, #2
20000558:	d100      	bne.n	2000055c <dcd_rp2040_irq+0x4c>
2000055a:	e0fd      	b.n	20000758 <dcd_rp2040_irq+0x248>
2000055c:	233c      	movs	r3, #60	@ 0x3c
2000055e:	33ff      	adds	r3, #255	@ 0xff
20000560:	5ce3      	ldrb	r3, [r4, r3]
20000562:	2b02      	cmp	r3, #2
20000564:	d100      	bne.n	20000568 <dcd_rp2040_irq+0x58>
20000566:	e129      	b.n	200007bc <dcd_rp2040_irq+0x2ac>
20000568:	237c      	movs	r3, #124	@ 0x7c
2000056a:	33ff      	adds	r3, #255	@ 0xff
2000056c:	5ce3      	ldrb	r3, [r4, r3]
2000056e:	2b02      	cmp	r3, #2
20000570:	d100      	bne.n	20000574 <dcd_rp2040_irq+0x64>
20000572:	e10a      	b.n	2000078a <dcd_rp2040_irq+0x27a>
20000574:	23bc      	movs	r3, #188	@ 0xbc
20000576:	33ff      	adds	r3, #255	@ 0xff
20000578:	5ce3      	ldrb	r3, [r4, r3]
2000057a:	2b02      	cmp	r3, #2
2000057c:	d100      	bne.n	20000580 <dcd_rp2040_irq+0x70>
2000057e:	e13b      	b.n	200007f8 <dcd_rp2040_irq+0x2e8>
20000580:	23fc      	movs	r3, #252	@ 0xfc
20000582:	33ff      	adds	r3, #255	@ 0xff
20000584:	5ce3      	ldrb	r3, [r4, r3]
20000586:	2b02      	cmp	r3, #2
20000588:	d100      	bne.n	2000058c <dcd_rp2040_irq+0x7c>
2000058a:	e0f1      	b.n	20000770 <dcd_rp2040_irq+0x260>
2000058c:	4bab      	ldr	r3, [pc, #684]	@ (2000083c <dcd_rp2040_irq+0x32c>)
2000058e:	5ce3      	ldrb	r3, [r4, r3]
20000590:	2b02      	cmp	r3, #2
20000592:	d100      	bne.n	20000596 <dcd_rp2040_irq+0x86>
20000594:	e170      	b.n	20000878 <dcd_rp2040_irq+0x368>
20000596:	4baa      	ldr	r3, [pc, #680]	@ (20000840 <dcd_rp2040_irq+0x330>)
20000598:	5ce3      	ldrb	r3, [r4, r3]
2000059a:	2b02      	cmp	r3, #2
2000059c:	d100      	bne.n	200005a0 <dcd_rp2040_irq+0x90>
2000059e:	e101      	b.n	200007a4 <dcd_rp2040_irq+0x294>
200005a0:	4ba8      	ldr	r3, [pc, #672]	@ (20000844 <dcd_rp2040_irq+0x334>)
200005a2:	5ce3      	ldrb	r3, [r4, r3]
200005a4:	2b02      	cmp	r3, #2
200005a6:	d100      	bne.n	200005aa <dcd_rp2040_irq+0x9a>
200005a8:	e171      	b.n	2000088e <dcd_rp2040_irq+0x37e>
200005aa:	4ba7      	ldr	r3, [pc, #668]	@ (20000848 <dcd_rp2040_irq+0x338>)
200005ac:	5ce3      	ldrb	r3, [r4, r3]
200005ae:	2b02      	cmp	r3, #2
200005b0:	d100      	bne.n	200005b4 <dcd_rp2040_irq+0xa4>
200005b2:	e12e      	b.n	20000812 <dcd_rp2040_irq+0x302>
200005b4:	4ba5      	ldr	r3, [pc, #660]	@ (2000084c <dcd_rp2040_irq+0x33c>)
200005b6:	5ce3      	ldrb	r3, [r4, r3]
200005b8:	2b02      	cmp	r3, #2
200005ba:	d100      	bne.n	200005be <dcd_rp2040_irq+0xae>
200005bc:	e19c      	b.n	200008f8 <dcd_rp2040_irq+0x3e8>
200005be:	4ba4      	ldr	r3, [pc, #656]	@ (20000850 <dcd_rp2040_irq+0x340>)
200005c0:	5ce3      	ldrb	r3, [r4, r3]
200005c2:	2b02      	cmp	r3, #2
200005c4:	d100      	bne.n	200005c8 <dcd_rp2040_irq+0xb8>
200005c6:	e16d      	b.n	200008a4 <dcd_rp2040_irq+0x394>
200005c8:	4ba2      	ldr	r3, [pc, #648]	@ (20000854 <dcd_rp2040_irq+0x344>)
200005ca:	5ce3      	ldrb	r3, [r4, r3]
200005cc:	2b02      	cmp	r3, #2
200005ce:	d100      	bne.n	200005d2 <dcd_rp2040_irq+0xc2>
200005d0:	e19d      	b.n	2000090e <dcd_rp2040_irq+0x3fe>
200005d2:	4ba1      	ldr	r3, [pc, #644]	@ (20000858 <dcd_rp2040_irq+0x348>)
200005d4:	5ce3      	ldrb	r3, [r4, r3]
200005d6:	2b02      	cmp	r3, #2
200005d8:	d100      	bne.n	200005dc <dcd_rp2040_irq+0xcc>
200005da:	e17b      	b.n	200008d4 <dcd_rp2040_irq+0x3c4>
200005dc:	2e00      	cmp	r6, #0
200005de:	d108      	bne.n	200005f2 <dcd_rp2040_irq+0xe2>
200005e0:	4b9e      	ldr	r3, [pc, #632]	@ (2000085c <dcd_rp2040_irq+0x34c>)
200005e2:	781b      	ldrb	r3, [r3, #0]
200005e4:	2b00      	cmp	r3, #0
200005e6:	d104      	bne.n	200005f2 <dcd_rp2040_irq+0xe2>
200005e8:	2180      	movs	r1, #128	@ 0x80
200005ea:	4a9d      	ldr	r2, [pc, #628]	@ (20000860 <dcd_rp2040_irq+0x350>)
200005ec:	3390      	adds	r3, #144	@ 0x90
200005ee:	0289      	lsls	r1, r1, #10
200005f0:	50d1      	str	r1, [r2, r3]
200005f2:	22c0      	movs	r2, #192	@ 0xc0
200005f4:	4669      	mov	r1, sp
200005f6:	4b8d      	ldr	r3, [pc, #564]	@ (2000082c <dcd_rp2040_irq+0x31c>)
200005f8:	0092      	lsls	r2, r2, #2
200005fa:	6c9b      	ldr	r3, [r3, #72]	@ 0x48
200005fc:	2680      	movs	r6, #128	@ 0x80
200005fe:	055b      	lsls	r3, r3, #21
20000600:	808a      	strh	r2, [r1, #4]
20000602:	0d5b      	lsrs	r3, r3, #21
20000604:	2101      	movs	r1, #1
20000606:	a801      	add	r0, sp, #4
20000608:	9302      	str	r3, [sp, #8]
2000060a:	f000 fb93 	bl	20000d34 <dcd_event_handler>
2000060e:	4c95      	ldr	r4, [pc, #596]	@ (20000864 <dcd_rp2040_irq+0x354>)
20000610:	02b6      	lsls	r6, r6, #10
20000612:	06eb      	lsls	r3, r5, #27
20000614:	d500      	bpl.n	20000618 <dcd_rp2040_irq+0x108>
20000616:	e07b      	b.n	20000710 <dcd_rp2040_irq+0x200>
20000618:	2380      	movs	r3, #128	@ 0x80
2000061a:	025b      	lsls	r3, r3, #9
2000061c:	421d      	tst	r5, r3
2000061e:	d02f      	beq.n	20000680 <dcd_rp2040_irq+0x170>
20000620:	2402      	movs	r4, #2
20000622:	4f84      	ldr	r7, [pc, #528]	@ (20000834 <dcd_rp2040_irq+0x324>)
20000624:	431e      	orrs	r6, r3
20000626:	7ebb      	ldrb	r3, [r7, #26]
20000628:	2b00      	cmp	r3, #0
2000062a:	d014      	beq.n	20000656 <dcd_rp2040_irq+0x146>
2000062c:	f000 fca0 	bl	20000f70 <__rp2040_chip_version_veneer>
20000630:	2801      	cmp	r0, #1
20000632:	d900      	bls.n	20000636 <dcd_rp2040_irq+0x126>
20000634:	e070      	b.n	20000718 <dcd_rp2040_irq+0x208>
20000636:	22c0      	movs	r2, #192	@ 0xc0
20000638:	2100      	movs	r1, #0
2000063a:	0038      	movs	r0, r7
2000063c:	0192      	lsls	r2, r2, #6
2000063e:	f000 fafd 	bl	20000c3c <_hw_endpoint_buffer_control_update32>
20000642:	0038      	movs	r0, r7
20000644:	f000 faf4 	bl	20000c30 <hw_endpoint_reset_transfer>
20000648:	f000 fc92 	bl	20000f70 <__rp2040_chip_version_veneer>
2000064c:	2801      	cmp	r0, #1
2000064e:	d902      	bls.n	20000656 <dcd_rp2040_irq+0x146>
20000650:	4b83      	ldr	r3, [pc, #524]	@ (20000860 <dcd_rp2040_irq+0x350>)
20000652:	665c      	str	r4, [r3, #100]	@ 0x64
20000654:	661c      	str	r4, [r3, #96]	@ 0x60
20000656:	2301      	movs	r3, #1
20000658:	70fb      	strb	r3, [r7, #3]
2000065a:	3720      	adds	r7, #32
2000065c:	2c01      	cmp	r4, #1
2000065e:	d120      	bne.n	200006a2 <dcd_rp2040_irq+0x192>
20000660:	23c0      	movs	r3, #192	@ 0xc0
20000662:	466a      	mov	r2, sp
20000664:	00db      	lsls	r3, r3, #3
20000666:	8093      	strh	r3, [r2, #4]
20000668:	4a7f      	ldr	r2, [pc, #508]	@ (20000868 <dcd_rp2040_irq+0x358>)
2000066a:	ab02      	add	r3, sp, #8
2000066c:	ca03      	ldmia	r2!, {r0, r1}
2000066e:	c303      	stmia	r3!, {r0, r1}
20000670:	2101      	movs	r1, #1
20000672:	a801      	add	r0, sp, #4
20000674:	f000 fb5e 	bl	20000d34 <dcd_event_handler>
20000678:	2280      	movs	r2, #128	@ 0x80
2000067a:	4b79      	ldr	r3, [pc, #484]	@ (20000860 <dcd_rp2040_irq+0x350>)
2000067c:	0292      	lsls	r2, r2, #10
2000067e:	651a      	str	r2, [r3, #80]	@ 0x50
20000680:	2380      	movs	r3, #128	@ 0x80
20000682:	015b      	lsls	r3, r3, #5
20000684:	421d      	tst	r5, r3
20000686:	d10e      	bne.n	200006a6 <dcd_rp2040_irq+0x196>
20000688:	2380      	movs	r3, #128	@ 0x80
2000068a:	01db      	lsls	r3, r3, #7
2000068c:	421d      	tst	r5, r3
2000068e:	d121      	bne.n	200006d4 <dcd_rp2040_irq+0x1c4>
20000690:	2380      	movs	r3, #128	@ 0x80
20000692:	021b      	lsls	r3, r3, #8
20000694:	421d      	tst	r5, r3
20000696:	d12d      	bne.n	200006f4 <dcd_rp2040_irq+0x1e4>
20000698:	42ae      	cmp	r6, r5
2000069a:	d000      	beq.n	2000069e <dcd_rp2040_irq+0x18e>
2000069c:	e1be      	b.n	20000a1c <dcd_rp2040_irq+0x50c>
2000069e:	b005      	add	sp, #20
200006a0:	bdf0      	pop	{r4, r5, r6, r7, pc}
200006a2:	2401      	movs	r4, #1
200006a4:	e7bf      	b.n	20000626 <dcd_rp2040_irq+0x116>
200006a6:	2400      	movs	r4, #0
200006a8:	431e      	orrs	r6, r3
200006aa:	4b60      	ldr	r3, [pc, #384]	@ (2000082c <dcd_rp2040_irq+0x31c>)
200006ac:	601c      	str	r4, [r3, #0]
200006ae:	f7ff feb7 	bl	20000420 <reset_non_control_endpoints>
200006b2:	2380      	movs	r3, #128	@ 0x80
200006b4:	466a      	mov	r2, sp
200006b6:	005b      	lsls	r3, r3, #1
200006b8:	8093      	strh	r3, [r2, #4]
200006ba:	7214      	strb	r4, [r2, #8]
200006bc:	2101      	movs	r1, #1
200006be:	a801      	add	r0, sp, #4
200006c0:	f000 fb38 	bl	20000d34 <dcd_event_handler>
200006c4:	2280      	movs	r2, #128	@ 0x80
200006c6:	4b66      	ldr	r3, [pc, #408]	@ (20000860 <dcd_rp2040_irq+0x350>)
200006c8:	0312      	lsls	r2, r2, #12
200006ca:	651a      	str	r2, [r3, #80]	@ 0x50
200006cc:	2380      	movs	r3, #128	@ 0x80
200006ce:	01db      	lsls	r3, r3, #7
200006d0:	421d      	tst	r5, r3
200006d2:	d0dd      	beq.n	20000690 <dcd_rp2040_irq+0x180>
200006d4:	431e      	orrs	r6, r3
200006d6:	2380      	movs	r3, #128	@ 0x80
200006d8:	466a      	mov	r2, sp
200006da:	00db      	lsls	r3, r3, #3
200006dc:	8093      	strh	r3, [r2, #4]
200006de:	2101      	movs	r1, #1
200006e0:	a801      	add	r0, sp, #4
200006e2:	f000 fb27 	bl	20000d34 <dcd_event_handler>
200006e6:	2210      	movs	r2, #16
200006e8:	4b5d      	ldr	r3, [pc, #372]	@ (20000860 <dcd_rp2040_irq+0x350>)
200006ea:	651a      	str	r2, [r3, #80]	@ 0x50
200006ec:	2380      	movs	r3, #128	@ 0x80
200006ee:	021b      	lsls	r3, r3, #8
200006f0:	421d      	tst	r5, r3
200006f2:	d0d1      	beq.n	20000698 <dcd_rp2040_irq+0x188>
200006f4:	431e      	orrs	r6, r3
200006f6:	23a0      	movs	r3, #160	@ 0xa0
200006f8:	466a      	mov	r2, sp
200006fa:	00db      	lsls	r3, r3, #3
200006fc:	8093      	strh	r3, [r2, #4]
200006fe:	2101      	movs	r1, #1
20000700:	a801      	add	r0, sp, #4
20000702:	f000 fb17 	bl	20000d34 <dcd_event_handler>
20000706:	2280      	movs	r2, #128	@ 0x80
20000708:	4b55      	ldr	r3, [pc, #340]	@ (20000860 <dcd_rp2040_irq+0x350>)
2000070a:	0112      	lsls	r2, r2, #4
2000070c:	651a      	str	r2, [r3, #80]	@ 0x50
2000070e:	e7c3      	b.n	20000698 <dcd_rp2040_irq+0x188>
20000710:	f7ff feba 	bl	20000488 <hw_handle_buff_status>
20000714:	0026      	movs	r6, r4
20000716:	e77f      	b.n	20000618 <dcd_rp2040_irq+0x108>
20000718:	4b54      	ldr	r3, [pc, #336]	@ (2000086c <dcd_rp2040_irq+0x35c>)
2000071a:	4a44      	ldr	r2, [pc, #272]	@ (2000082c <dcd_rp2040_irq+0x31c>)
2000071c:	661c      	str	r4, [r3, #96]	@ 0x60
2000071e:	6e53      	ldr	r3, [r2, #100]	@ 0x64
20000720:	4023      	ands	r3, r4
20000722:	42a3      	cmp	r3, r4
20000724:	d1fb      	bne.n	2000071e <dcd_rp2040_irq+0x20e>
20000726:	e786      	b.n	20000636 <dcd_rp2040_irq+0x126>
20000728:	3378      	adds	r3, #120	@ 0x78
2000072a:	5ce7      	ldrb	r7, [r4, r3]
2000072c:	2f00      	cmp	r7, #0
2000072e:	d100      	bne.n	20000732 <dcd_rp2040_irq+0x222>
20000730:	e70a      	b.n	20000548 <dcd_rp2040_irq+0x38>
20000732:	3302      	adds	r3, #2
20000734:	5ce2      	ldrb	r2, [r4, r3]
20000736:	2a00      	cmp	r2, #0
20000738:	d000      	beq.n	2000073c <dcd_rp2040_irq+0x22c>
2000073a:	e10d      	b.n	20000958 <dcd_rp2040_irq+0x448>
2000073c:	003e      	movs	r6, r7
2000073e:	e703      	b.n	20000548 <dcd_rp2040_irq+0x38>
20000740:	33b8      	adds	r3, #184	@ 0xb8
20000742:	5ce7      	ldrb	r7, [r4, r3]
20000744:	2f00      	cmp	r7, #0
20000746:	d100      	bne.n	2000074a <dcd_rp2040_irq+0x23a>
20000748:	e703      	b.n	20000552 <dcd_rp2040_irq+0x42>
2000074a:	3302      	adds	r3, #2
2000074c:	5ce2      	ldrb	r2, [r4, r3]
2000074e:	2a00      	cmp	r2, #0
20000750:	d000      	beq.n	20000754 <dcd_rp2040_irq+0x244>
20000752:	e0f9      	b.n	20000948 <dcd_rp2040_irq+0x438>
20000754:	003e      	movs	r6, r7
20000756:	e6fc      	b.n	20000552 <dcd_rp2040_irq+0x42>
20000758:	33f8      	adds	r3, #248	@ 0xf8
2000075a:	5ce7      	ldrb	r7, [r4, r3]
2000075c:	2f00      	cmp	r7, #0
2000075e:	d100      	bne.n	20000762 <dcd_rp2040_irq+0x252>
20000760:	e6fc      	b.n	2000055c <dcd_rp2040_irq+0x4c>
20000762:	3302      	adds	r3, #2
20000764:	5ce2      	ldrb	r2, [r4, r3]
20000766:	2a00      	cmp	r2, #0
20000768:	d000      	beq.n	2000076c <dcd_rp2040_irq+0x25c>
2000076a:	e141      	b.n	200009f0 <dcd_rp2040_irq+0x4e0>
2000076c:	003e      	movs	r6, r7
2000076e:	e6f5      	b.n	2000055c <dcd_rp2040_irq+0x4c>
20000770:	33f9      	adds	r3, #249	@ 0xf9
20000772:	33ff      	adds	r3, #255	@ 0xff
20000774:	5ce7      	ldrb	r7, [r4, r3]
20000776:	2f00      	cmp	r7, #0
20000778:	d100      	bne.n	2000077c <dcd_rp2040_irq+0x26c>
2000077a:	e707      	b.n	2000058c <dcd_rp2040_irq+0x7c>
2000077c:	3302      	adds	r3, #2
2000077e:	5ce2      	ldrb	r2, [r4, r3]
20000780:	2a00      	cmp	r2, #0
20000782:	d000      	beq.n	20000786 <dcd_rp2040_irq+0x276>
20000784:	e12b      	b.n	200009de <dcd_rp2040_irq+0x4ce>
20000786:	003e      	movs	r6, r7
20000788:	e700      	b.n	2000058c <dcd_rp2040_irq+0x7c>
2000078a:	3379      	adds	r3, #121	@ 0x79
2000078c:	33ff      	adds	r3, #255	@ 0xff
2000078e:	5ce7      	ldrb	r7, [r4, r3]
20000790:	2f00      	cmp	r7, #0
20000792:	d100      	bne.n	20000796 <dcd_rp2040_irq+0x286>
20000794:	e6ee      	b.n	20000574 <dcd_rp2040_irq+0x64>
20000796:	3302      	adds	r3, #2
20000798:	5ce2      	ldrb	r2, [r4, r3]
2000079a:	2a00      	cmp	r2, #0
2000079c:	d000      	beq.n	200007a0 <dcd_rp2040_irq+0x290>
2000079e:	e115      	b.n	200009cc <dcd_rp2040_irq+0x4bc>
200007a0:	003e      	movs	r6, r7
200007a2:	e6e7      	b.n	20000574 <dcd_rp2040_irq+0x64>
200007a4:	4b32      	ldr	r3, [pc, #200]	@ (20000870 <dcd_rp2040_irq+0x360>)
200007a6:	5ce7      	ldrb	r7, [r4, r3]
200007a8:	2f00      	cmp	r7, #0
200007aa:	d100      	bne.n	200007ae <dcd_rp2040_irq+0x29e>
200007ac:	e6f8      	b.n	200005a0 <dcd_rp2040_irq+0x90>
200007ae:	3302      	adds	r3, #2
200007b0:	5ce2      	ldrb	r2, [r4, r3]
200007b2:	2a00      	cmp	r2, #0
200007b4:	d000      	beq.n	200007b8 <dcd_rp2040_irq+0x2a8>
200007b6:	e101      	b.n	200009bc <dcd_rp2040_irq+0x4ac>
200007b8:	003e      	movs	r6, r7
200007ba:	e6f1      	b.n	200005a0 <dcd_rp2040_irq+0x90>
200007bc:	3339      	adds	r3, #57	@ 0x39
200007be:	33ff      	adds	r3, #255	@ 0xff
200007c0:	5ce7      	ldrb	r7, [r4, r3]
200007c2:	2f00      	cmp	r7, #0
200007c4:	d100      	bne.n	200007c8 <dcd_rp2040_irq+0x2b8>
200007c6:	e6cf      	b.n	20000568 <dcd_rp2040_irq+0x58>
200007c8:	3302      	adds	r3, #2
200007ca:	5ce2      	ldrb	r2, [r4, r3]
200007cc:	2a00      	cmp	r2, #0
200007ce:	d000      	beq.n	200007d2 <dcd_rp2040_irq+0x2c2>
200007d0:	e0eb      	b.n	200009aa <dcd_rp2040_irq+0x49a>
200007d2:	003e      	movs	r6, r7
200007d4:	e6c8      	b.n	20000568 <dcd_rp2040_irq+0x58>
200007d6:	3338      	adds	r3, #56	@ 0x38
200007d8:	5ce6      	ldrb	r6, [r4, r3]
200007da:	2e00      	cmp	r6, #0
200007dc:	d100      	bne.n	200007e0 <dcd_rp2040_irq+0x2d0>
200007de:	e6ae      	b.n	2000053e <dcd_rp2040_irq+0x2e>
200007e0:	3302      	adds	r3, #2
200007e2:	5ce2      	ldrb	r2, [r4, r3]
200007e4:	2a00      	cmp	r2, #0
200007e6:	d100      	bne.n	200007ea <dcd_rp2040_irq+0x2da>
200007e8:	e6a9      	b.n	2000053e <dcd_rp2040_irq+0x2e>
200007ea:	0020      	movs	r0, r4
200007ec:	2200      	movs	r2, #0
200007ee:	3020      	adds	r0, #32
200007f0:	54e2      	strb	r2, [r4, r3]
200007f2:	f000 fa4b 	bl	20000c8c <hw_endpoint_start_next_buffer>
200007f6:	e6a2      	b.n	2000053e <dcd_rp2040_irq+0x2e>
200007f8:	33b9      	adds	r3, #185	@ 0xb9
200007fa:	33ff      	adds	r3, #255	@ 0xff
200007fc:	5ce7      	ldrb	r7, [r4, r3]
200007fe:	2f00      	cmp	r7, #0
20000800:	d100      	bne.n	20000804 <dcd_rp2040_irq+0x2f4>
20000802:	e6bd      	b.n	20000580 <dcd_rp2040_irq+0x70>
20000804:	3302      	adds	r3, #2
20000806:	5ce2      	ldrb	r2, [r4, r3]
20000808:	2a00      	cmp	r2, #0
2000080a:	d000      	beq.n	2000080e <dcd_rp2040_irq+0x2fe>
2000080c:	e0c4      	b.n	20000998 <dcd_rp2040_irq+0x488>
2000080e:	003e      	movs	r6, r7
20000810:	e6b6      	b.n	20000580 <dcd_rp2040_irq+0x70>
20000812:	4b18      	ldr	r3, [pc, #96]	@ (20000874 <dcd_rp2040_irq+0x364>)
20000814:	5ce7      	ldrb	r7, [r4, r3]
20000816:	2f00      	cmp	r7, #0
20000818:	d100      	bne.n	2000081c <dcd_rp2040_irq+0x30c>
2000081a:	e6cb      	b.n	200005b4 <dcd_rp2040_irq+0xa4>
2000081c:	3302      	adds	r3, #2
2000081e:	5ce2      	ldrb	r2, [r4, r3]
20000820:	2a00      	cmp	r2, #0
20000822:	d000      	beq.n	20000826 <dcd_rp2040_irq+0x316>
20000824:	e0b0      	b.n	20000988 <dcd_rp2040_irq+0x478>
20000826:	003e      	movs	r6, r7
20000828:	e6c4      	b.n	200005b4 <dcd_rp2040_irq+0xa4>
2000082a:	46c0      	nop			@ (mov r8, r8)
2000082c:	50110000 	.word	0x50110000
20000830:	40054000 	.word	0x40054000
20000834:	20002204 	.word	0x20002204
20000838:	200021f4 	.word	0x200021f4
2000083c:	0000023b 	.word	0x0000023b
20000840:	0000027b 	.word	0x0000027b
20000844:	000002bb 	.word	0x000002bb
20000848:	000002fb 	.word	0x000002fb
2000084c:	0000033b 	.word	0x0000033b
20000850:	0000037b 	.word	0x0000037b
20000854:	000003bb 	.word	0x000003bb
20000858:	000003fb 	.word	0x000003fb
2000085c:	2000265a 	.word	0x2000265a
20000860:	50113000 	.word	0x50113000
20000864:	00020010 	.word	0x00020010
20000868:	50100000 	.word	0x50100000
2000086c:	50112000 	.word	0x50112000
20000870:	0000027a 	.word	0x0000027a
20000874:	000002fa 	.word	0x000002fa
20000878:	4b6b      	ldr	r3, [pc, #428]	@ (20000a28 <dcd_rp2040_irq+0x518>)
2000087a:	5ce7      	ldrb	r7, [r4, r3]
2000087c:	2f00      	cmp	r7, #0
2000087e:	d100      	bne.n	20000882 <dcd_rp2040_irq+0x372>
20000880:	e689      	b.n	20000596 <dcd_rp2040_irq+0x86>
20000882:	3302      	adds	r3, #2
20000884:	5ce2      	ldrb	r2, [r4, r3]
20000886:	2a00      	cmp	r2, #0
20000888:	d176      	bne.n	20000978 <dcd_rp2040_irq+0x468>
2000088a:	003e      	movs	r6, r7
2000088c:	e683      	b.n	20000596 <dcd_rp2040_irq+0x86>
2000088e:	4b67      	ldr	r3, [pc, #412]	@ (20000a2c <dcd_rp2040_irq+0x51c>)
20000890:	5ce7      	ldrb	r7, [r4, r3]
20000892:	2f00      	cmp	r7, #0
20000894:	d100      	bne.n	20000898 <dcd_rp2040_irq+0x388>
20000896:	e688      	b.n	200005aa <dcd_rp2040_irq+0x9a>
20000898:	3302      	adds	r3, #2
2000089a:	5ce2      	ldrb	r2, [r4, r3]
2000089c:	2a00      	cmp	r2, #0
2000089e:	d163      	bne.n	20000968 <dcd_rp2040_irq+0x458>
200008a0:	003e      	movs	r6, r7
200008a2:	e682      	b.n	200005aa <dcd_rp2040_irq+0x9a>
200008a4:	4b62      	ldr	r3, [pc, #392]	@ (20000a30 <dcd_rp2040_irq+0x520>)
200008a6:	5ce7      	ldrb	r7, [r4, r3]
200008a8:	2f00      	cmp	r7, #0
200008aa:	d100      	bne.n	200008ae <dcd_rp2040_irq+0x39e>
200008ac:	e68c      	b.n	200005c8 <dcd_rp2040_irq+0xb8>
200008ae:	3302      	adds	r3, #2
200008b0:	5ce2      	ldrb	r2, [r4, r3]
200008b2:	2a00      	cmp	r2, #0
200008b4:	d000      	beq.n	200008b8 <dcd_rp2040_irq+0x3a8>
200008b6:	e0a3      	b.n	20000a00 <dcd_rp2040_irq+0x4f0>
200008b8:	4b5e      	ldr	r3, [pc, #376]	@ (20000a34 <dcd_rp2040_irq+0x524>)
200008ba:	5ce3      	ldrb	r3, [r4, r3]
200008bc:	2b02      	cmp	r3, #2
200008be:	d130      	bne.n	20000922 <dcd_rp2040_irq+0x412>
200008c0:	4b5d      	ldr	r3, [pc, #372]	@ (20000a38 <dcd_rp2040_irq+0x528>)
200008c2:	5ce3      	ldrb	r3, [r4, r3]
200008c4:	2b00      	cmp	r3, #0
200008c6:	d127      	bne.n	20000918 <dcd_rp2040_irq+0x408>
200008c8:	4b5c      	ldr	r3, [pc, #368]	@ (20000a3c <dcd_rp2040_irq+0x52c>)
200008ca:	5ce3      	ldrb	r3, [r4, r3]
200008cc:	2b02      	cmp	r3, #2
200008ce:	d000      	beq.n	200008d2 <dcd_rp2040_irq+0x3c2>
200008d0:	e68f      	b.n	200005f2 <dcd_rp2040_irq+0xe2>
200008d2:	003e      	movs	r6, r7
200008d4:	4b5a      	ldr	r3, [pc, #360]	@ (20000a40 <dcd_rp2040_irq+0x530>)
200008d6:	5ce3      	ldrb	r3, [r4, r3]
200008d8:	2b00      	cmp	r3, #0
200008da:	d100      	bne.n	200008de <dcd_rp2040_irq+0x3ce>
200008dc:	e67e      	b.n	200005dc <dcd_rp2040_irq+0xcc>
200008de:	23ff      	movs	r3, #255	@ 0xff
200008e0:	009b      	lsls	r3, r3, #2
200008e2:	5ce2      	ldrb	r2, [r4, r3]
200008e4:	2a00      	cmp	r2, #0
200008e6:	d100      	bne.n	200008ea <dcd_rp2040_irq+0x3da>
200008e8:	e683      	b.n	200005f2 <dcd_rp2040_irq+0xe2>
200008ea:	2200      	movs	r2, #0
200008ec:	54e2      	strb	r2, [r4, r3]
200008ee:	3b1c      	subs	r3, #28
200008f0:	18e0      	adds	r0, r4, r3
200008f2:	f000 f9cb 	bl	20000c8c <hw_endpoint_start_next_buffer>
200008f6:	e67c      	b.n	200005f2 <dcd_rp2040_irq+0xe2>
200008f8:	4b52      	ldr	r3, [pc, #328]	@ (20000a44 <dcd_rp2040_irq+0x534>)
200008fa:	5ce7      	ldrb	r7, [r4, r3]
200008fc:	2f00      	cmp	r7, #0
200008fe:	d100      	bne.n	20000902 <dcd_rp2040_irq+0x3f2>
20000900:	e65d      	b.n	200005be <dcd_rp2040_irq+0xae>
20000902:	3302      	adds	r3, #2
20000904:	5ce2      	ldrb	r2, [r4, r3]
20000906:	2a00      	cmp	r2, #0
20000908:	d116      	bne.n	20000938 <dcd_rp2040_irq+0x428>
2000090a:	003e      	movs	r6, r7
2000090c:	e657      	b.n	200005be <dcd_rp2040_irq+0xae>
2000090e:	4b4a      	ldr	r3, [pc, #296]	@ (20000a38 <dcd_rp2040_irq+0x528>)
20000910:	5ce3      	ldrb	r3, [r4, r3]
20000912:	2b00      	cmp	r3, #0
20000914:	d100      	bne.n	20000918 <dcd_rp2040_irq+0x408>
20000916:	e65c      	b.n	200005d2 <dcd_rp2040_irq+0xc2>
20000918:	23ef      	movs	r3, #239	@ 0xef
2000091a:	009b      	lsls	r3, r3, #2
2000091c:	5ce2      	ldrb	r2, [r4, r3]
2000091e:	2a00      	cmp	r2, #0
20000920:	d175      	bne.n	20000a0e <dcd_rp2040_irq+0x4fe>
20000922:	4b46      	ldr	r3, [pc, #280]	@ (20000a3c <dcd_rp2040_irq+0x52c>)
20000924:	5ce3      	ldrb	r3, [r4, r3]
20000926:	2b02      	cmp	r3, #2
20000928:	d000      	beq.n	2000092c <dcd_rp2040_irq+0x41c>
2000092a:	e662      	b.n	200005f2 <dcd_rp2040_irq+0xe2>
2000092c:	4b44      	ldr	r3, [pc, #272]	@ (20000a40 <dcd_rp2040_irq+0x530>)
2000092e:	5ce3      	ldrb	r3, [r4, r3]
20000930:	2b00      	cmp	r3, #0
20000932:	d100      	bne.n	20000936 <dcd_rp2040_irq+0x426>
20000934:	e65d      	b.n	200005f2 <dcd_rp2040_irq+0xe2>
20000936:	e7d2      	b.n	200008de <dcd_rp2040_irq+0x3ce>
20000938:	2200      	movs	r2, #0
2000093a:	54e2      	strb	r2, [r4, r3]
2000093c:	3b1c      	subs	r3, #28
2000093e:	18e0      	adds	r0, r4, r3
20000940:	f000 f9a4 	bl	20000c8c <hw_endpoint_start_next_buffer>
20000944:	003e      	movs	r6, r7
20000946:	e63a      	b.n	200005be <dcd_rp2040_irq+0xae>
20000948:	0020      	movs	r0, r4
2000094a:	2200      	movs	r2, #0
2000094c:	30a0      	adds	r0, #160	@ 0xa0
2000094e:	54e2      	strb	r2, [r4, r3]
20000950:	003e      	movs	r6, r7
20000952:	f000 f99b 	bl	20000c8c <hw_endpoint_start_next_buffer>
20000956:	e5fc      	b.n	20000552 <dcd_rp2040_irq+0x42>
20000958:	0020      	movs	r0, r4
2000095a:	2200      	movs	r2, #0
2000095c:	3060      	adds	r0, #96	@ 0x60
2000095e:	54e2      	strb	r2, [r4, r3]
20000960:	003e      	movs	r6, r7
20000962:	f000 f993 	bl	20000c8c <hw_endpoint_start_next_buffer>
20000966:	e5ef      	b.n	20000548 <dcd_rp2040_irq+0x38>
20000968:	2200      	movs	r2, #0
2000096a:	54e2      	strb	r2, [r4, r3]
2000096c:	3b1c      	subs	r3, #28
2000096e:	18e0      	adds	r0, r4, r3
20000970:	f000 f98c 	bl	20000c8c <hw_endpoint_start_next_buffer>
20000974:	003e      	movs	r6, r7
20000976:	e618      	b.n	200005aa <dcd_rp2040_irq+0x9a>
20000978:	2200      	movs	r2, #0
2000097a:	54e2      	strb	r2, [r4, r3]
2000097c:	3b1c      	subs	r3, #28
2000097e:	18e0      	adds	r0, r4, r3
20000980:	f000 f984 	bl	20000c8c <hw_endpoint_start_next_buffer>
20000984:	003e      	movs	r6, r7
20000986:	e606      	b.n	20000596 <dcd_rp2040_irq+0x86>
20000988:	2200      	movs	r2, #0
2000098a:	54e2      	strb	r2, [r4, r3]
2000098c:	3b1c      	subs	r3, #28
2000098e:	18e0      	adds	r0, r4, r3
20000990:	f000 f97c 	bl	20000c8c <hw_endpoint_start_next_buffer>
20000994:	003e      	movs	r6, r7
20000996:	e60d      	b.n	200005b4 <dcd_rp2040_irq+0xa4>
20000998:	0020      	movs	r0, r4
2000099a:	2200      	movs	r2, #0
2000099c:	30a1      	adds	r0, #161	@ 0xa1
2000099e:	30ff      	adds	r0, #255	@ 0xff
200009a0:	54e2      	strb	r2, [r4, r3]
200009a2:	003e      	movs	r6, r7
200009a4:	f000 f972 	bl	20000c8c <hw_endpoint_start_next_buffer>
200009a8:	e5ea      	b.n	20000580 <dcd_rp2040_irq+0x70>
200009aa:	0020      	movs	r0, r4
200009ac:	2200      	movs	r2, #0
200009ae:	3021      	adds	r0, #33	@ 0x21
200009b0:	30ff      	adds	r0, #255	@ 0xff
200009b2:	54e2      	strb	r2, [r4, r3]
200009b4:	003e      	movs	r6, r7
200009b6:	f000 f969 	bl	20000c8c <hw_endpoint_start_next_buffer>
200009ba:	e5d5      	b.n	20000568 <dcd_rp2040_irq+0x58>
200009bc:	2200      	movs	r2, #0
200009be:	54e2      	strb	r2, [r4, r3]
200009c0:	3b1c      	subs	r3, #28
200009c2:	18e0      	adds	r0, r4, r3
200009c4:	f000 f962 	bl	20000c8c <hw_endpoint_start_next_buffer>
200009c8:	003e      	movs	r6, r7
200009ca:	e5e9      	b.n	200005a0 <dcd_rp2040_irq+0x90>
200009cc:	0020      	movs	r0, r4
200009ce:	2200      	movs	r2, #0
200009d0:	3061      	adds	r0, #97	@ 0x61
200009d2:	30ff      	adds	r0, #255	@ 0xff
200009d4:	54e2      	strb	r2, [r4, r3]
200009d6:	003e      	movs	r6, r7
200009d8:	f000 f958 	bl	20000c8c <hw_endpoint_start_next_buffer>
200009dc:	e5ca      	b.n	20000574 <dcd_rp2040_irq+0x64>
200009de:	0020      	movs	r0, r4
200009e0:	2200      	movs	r2, #0
200009e2:	30e1      	adds	r0, #225	@ 0xe1
200009e4:	30ff      	adds	r0, #255	@ 0xff
200009e6:	54e2      	strb	r2, [r4, r3]
200009e8:	003e      	movs	r6, r7
200009ea:	f000 f94f 	bl	20000c8c <hw_endpoint_start_next_buffer>
200009ee:	e5cd      	b.n	2000058c <dcd_rp2040_irq+0x7c>
200009f0:	0020      	movs	r0, r4
200009f2:	2200      	movs	r2, #0
200009f4:	30e0      	adds	r0, #224	@ 0xe0
200009f6:	54e2      	strb	r2, [r4, r3]
200009f8:	003e      	movs	r6, r7
200009fa:	f000 f947 	bl	20000c8c <hw_endpoint_start_next_buffer>
200009fe:	e5ad      	b.n	2000055c <dcd_rp2040_irq+0x4c>
20000a00:	2200      	movs	r2, #0
20000a02:	54e2      	strb	r2, [r4, r3]
20000a04:	3b1c      	subs	r3, #28
20000a06:	18e0      	adds	r0, r4, r3
20000a08:	f000 f940 	bl	20000c8c <hw_endpoint_start_next_buffer>
20000a0c:	e754      	b.n	200008b8 <dcd_rp2040_irq+0x3a8>
20000a0e:	2200      	movs	r2, #0
20000a10:	54e2      	strb	r2, [r4, r3]
20000a12:	3b1c      	subs	r3, #28
20000a14:	18e0      	adds	r0, r4, r3
20000a16:	f000 f939 	bl	20000c8c <hw_endpoint_start_next_buffer>
20000a1a:	e782      	b.n	20000922 <dcd_rp2040_irq+0x412>
20000a1c:	0031      	movs	r1, r6
20000a1e:	480a      	ldr	r0, [pc, #40]	@ (20000a48 <dcd_rp2040_irq+0x538>)
20000a20:	4069      	eors	r1, r5
20000a22:	f000 fa7d 	bl	20000f20 <__panic_veneer>
20000a26:	46c0      	nop			@ (mov r8, r8)
20000a28:	0000023a 	.word	0x0000023a
20000a2c:	000002ba 	.word	0x000002ba
20000a30:	0000037a 	.word	0x0000037a
20000a34:	000003bb 	.word	0x000003bb
20000a38:	000003ba 	.word	0x000003ba
20000a3c:	000003fb 	.word	0x000003fb
20000a40:	000003fa 	.word	0x000003fa
20000a44:	0000033a 	.word	0x0000033a
20000a48:	10008888 	.word	0x10008888

20000a4c <prepare_ep_buffer>:
20000a4c:	b5f0      	push	{r4, r5, r6, r7, lr}
20000a4e:	468c      	mov	ip, r1
20000a50:	8a83      	ldrh	r3, [r0, #20]
20000a52:	8b01      	ldrh	r1, [r0, #24]
20000a54:	0002      	movs	r2, r0
20000a56:	b083      	sub	sp, #12
20000a58:	1c0e      	adds	r6, r1, #0
20000a5a:	4299      	cmp	r1, r3
20000a5c:	d900      	bls.n	20000a60 <prepare_ep_buffer+0x14>
20000a5e:	1c1e      	adds	r6, r3, #0
20000a60:	b2b6      	uxth	r6, r6
20000a62:	1b9b      	subs	r3, r3, r6
20000a64:	b29c      	uxth	r4, r3
20000a66:	78d3      	ldrb	r3, [r2, #3]
20000a68:	2180      	movs	r1, #128	@ 0x80
20000a6a:	0018      	movs	r0, r3
20000a6c:	1e45      	subs	r5, r0, #1
20000a6e:	41a8      	sbcs	r0, r5
20000a70:	00c9      	lsls	r1, r1, #3
20000a72:	4331      	orrs	r1, r6
20000a74:	0340      	lsls	r0, r0, #13
20000a76:	4308      	orrs	r0, r1
20000a78:	2101      	movs	r1, #1
20000a7a:	404b      	eors	r3, r1
20000a7c:	70d3      	strb	r3, [r2, #3]
20000a7e:	7853      	ldrb	r3, [r2, #1]
20000a80:	8294      	strh	r4, [r2, #20]
20000a82:	2b00      	cmp	r3, #0
20000a84:	d132      	bne.n	20000aec <prepare_ep_buffer+0xa0>
20000a86:	6911      	ldr	r1, [r2, #16]
20000a88:	2e00      	cmp	r6, #0
20000a8a:	d02a      	beq.n	20000ae2 <prepare_ep_buffer+0x96>
20000a8c:	4663      	mov	r3, ip
20000a8e:	68d4      	ldr	r4, [r2, #12]
20000a90:	019b      	lsls	r3, r3, #6
20000a92:	18e4      	adds	r4, r4, r3
20000a94:	1e73      	subs	r3, r6, #1
20000a96:	9301      	str	r3, [sp, #4]
20000a98:	2b06      	cmp	r3, #6
20000a9a:	d932      	bls.n	20000b02 <prepare_ep_buffer+0xb6>
20000a9c:	0023      	movs	r3, r4
20000a9e:	430b      	orrs	r3, r1
20000aa0:	079b      	lsls	r3, r3, #30
20000aa2:	d12e      	bne.n	20000b02 <prepare_ep_buffer+0xb6>
20000aa4:	1a63      	subs	r3, r4, r1
20000aa6:	3b01      	subs	r3, #1
20000aa8:	2b02      	cmp	r3, #2
20000aaa:	d92a      	bls.n	20000b02 <prepare_ep_buffer+0xb6>
20000aac:	2300      	movs	r3, #0
20000aae:	08b7      	lsrs	r7, r6, #2
20000ab0:	00bf      	lsls	r7, r7, #2
20000ab2:	58cd      	ldr	r5, [r1, r3]
20000ab4:	50e5      	str	r5, [r4, r3]
20000ab6:	3304      	adds	r3, #4
20000ab8:	42bb      	cmp	r3, r7
20000aba:	d1fa      	bne.n	20000ab2 <prepare_ep_buffer+0x66>
20000abc:	429e      	cmp	r6, r3
20000abe:	d00e      	beq.n	20000ade <prepare_ep_buffer+0x92>
20000ac0:	9d01      	ldr	r5, [sp, #4]
20000ac2:	18e4      	adds	r4, r4, r3
20000ac4:	1aef      	subs	r7, r5, r3
20000ac6:	18cd      	adds	r5, r1, r3
20000ac8:	5cc9      	ldrb	r1, [r1, r3]
20000aca:	7021      	strb	r1, [r4, #0]
20000acc:	9901      	ldr	r1, [sp, #4]
20000ace:	4299      	cmp	r1, r3
20000ad0:	d005      	beq.n	20000ade <prepare_ep_buffer+0x92>
20000ad2:	786b      	ldrb	r3, [r5, #1]
20000ad4:	7063      	strb	r3, [r4, #1]
20000ad6:	2f01      	cmp	r7, #1
20000ad8:	d001      	beq.n	20000ade <prepare_ep_buffer+0x92>
20000ada:	78ab      	ldrb	r3, [r5, #2]
20000adc:	70a3      	strb	r3, [r4, #2]
20000ade:	6911      	ldr	r1, [r2, #16]
20000ae0:	8a94      	ldrh	r4, [r2, #20]
20000ae2:	2380      	movs	r3, #128	@ 0x80
20000ae4:	1989      	adds	r1, r1, r6
20000ae6:	021b      	lsls	r3, r3, #8
20000ae8:	6111      	str	r1, [r2, #16]
20000aea:	4318      	orrs	r0, r3
20000aec:	2c00      	cmp	r4, #0
20000aee:	d102      	bne.n	20000af6 <prepare_ep_buffer+0xaa>
20000af0:	2380      	movs	r3, #128	@ 0x80
20000af2:	01db      	lsls	r3, r3, #7
20000af4:	4318      	orrs	r0, r3
20000af6:	4663      	mov	r3, ip
20000af8:	2b00      	cmp	r3, #0
20000afa:	d000      	beq.n	20000afe <prepare_ep_buffer+0xb2>
20000afc:	0400      	lsls	r0, r0, #16
20000afe:	b003      	add	sp, #12
20000b00:	bdf0      	pop	{r4, r5, r6, r7, pc}
20000b02:	2300      	movs	r3, #0
20000b04:	5ccd      	ldrb	r5, [r1, r3]
20000b06:	54e5      	strb	r5, [r4, r3]
20000b08:	3301      	adds	r3, #1
20000b0a:	429e      	cmp	r6, r3
20000b0c:	d1fa      	bne.n	20000b04 <prepare_ep_buffer+0xb8>
20000b0e:	e7e6      	b.n	20000ade <prepare_ep_buffer+0x92>

20000b10 <sync_ep_buffer>:
20000b10:	6883      	ldr	r3, [r0, #8]
20000b12:	b5f0      	push	{r4, r5, r6, r7, lr}
20000b14:	681a      	ldr	r2, [r3, #0]
20000b16:	2900      	cmp	r1, #0
20000b18:	d000      	beq.n	20000b1c <sync_ep_buffer+0xc>
20000b1a:	0c12      	lsrs	r2, r2, #16
20000b1c:	7843      	ldrb	r3, [r0, #1]
20000b1e:	0592      	lsls	r2, r2, #22
20000b20:	0d95      	lsrs	r5, r2, #22
20000b22:	2b00      	cmp	r3, #0
20000b24:	d109      	bne.n	20000b3a <sync_ep_buffer+0x2a>
20000b26:	8ac3      	ldrh	r3, [r0, #22]
20000b28:	18eb      	adds	r3, r5, r3
20000b2a:	82c3      	strh	r3, [r0, #22]
20000b2c:	8b03      	ldrh	r3, [r0, #24]
20000b2e:	42ab      	cmp	r3, r5
20000b30:	d901      	bls.n	20000b36 <sync_ep_buffer+0x26>
20000b32:	2300      	movs	r3, #0
20000b34:	8283      	strh	r3, [r0, #20]
20000b36:	0028      	movs	r0, r5
20000b38:	bdf0      	pop	{r4, r5, r6, r7, pc}
20000b3a:	6904      	ldr	r4, [r0, #16]
20000b3c:	2d00      	cmp	r5, #0
20000b3e:	d028      	beq.n	20000b92 <sync_ep_buffer+0x82>
20000b40:	68c3      	ldr	r3, [r0, #12]
20000b42:	0189      	lsls	r1, r1, #6
20000b44:	1e6f      	subs	r7, r5, #1
20000b46:	46bc      	mov	ip, r7
20000b48:	185e      	adds	r6, r3, r1
20000b4a:	2f06      	cmp	r7, #6
20000b4c:	d927      	bls.n	20000b9e <sync_ep_buffer+0x8e>
20000b4e:	3101      	adds	r1, #1
20000b50:	185b      	adds	r3, r3, r1
20000b52:	1ae3      	subs	r3, r4, r3
20000b54:	2b02      	cmp	r3, #2
20000b56:	d922      	bls.n	20000b9e <sync_ep_buffer+0x8e>
20000b58:	0023      	movs	r3, r4
20000b5a:	4333      	orrs	r3, r6
20000b5c:	079b      	lsls	r3, r3, #30
20000b5e:	d11e      	bne.n	20000b9e <sync_ep_buffer+0x8e>
20000b60:	2300      	movs	r3, #0
20000b62:	0e12      	lsrs	r2, r2, #24
20000b64:	0092      	lsls	r2, r2, #2
20000b66:	58f1      	ldr	r1, [r6, r3]
20000b68:	50e1      	str	r1, [r4, r3]
20000b6a:	3304      	adds	r3, #4
20000b6c:	429a      	cmp	r2, r3
20000b6e:	d1fa      	bne.n	20000b66 <sync_ep_buffer+0x56>
20000b70:	4295      	cmp	r5, r2
20000b72:	d00d      	beq.n	20000b90 <sync_ep_buffer+0x80>
20000b74:	4663      	mov	r3, ip
20000b76:	1a9f      	subs	r7, r3, r2
20000b78:	18a3      	adds	r3, r4, r2
20000b7a:	5cb4      	ldrb	r4, [r6, r2]
20000b7c:	18b1      	adds	r1, r6, r2
20000b7e:	701c      	strb	r4, [r3, #0]
20000b80:	4594      	cmp	ip, r2
20000b82:	d005      	beq.n	20000b90 <sync_ep_buffer+0x80>
20000b84:	784a      	ldrb	r2, [r1, #1]
20000b86:	705a      	strb	r2, [r3, #1]
20000b88:	2f01      	cmp	r7, #1
20000b8a:	d001      	beq.n	20000b90 <sync_ep_buffer+0x80>
20000b8c:	788a      	ldrb	r2, [r1, #2]
20000b8e:	709a      	strb	r2, [r3, #2]
20000b90:	6904      	ldr	r4, [r0, #16]
20000b92:	8ac3      	ldrh	r3, [r0, #22]
20000b94:	1964      	adds	r4, r4, r5
20000b96:	18eb      	adds	r3, r5, r3
20000b98:	82c3      	strh	r3, [r0, #22]
20000b9a:	6104      	str	r4, [r0, #16]
20000b9c:	e7c6      	b.n	20000b2c <sync_ep_buffer+0x1c>
20000b9e:	2200      	movs	r2, #0
20000ba0:	5cb3      	ldrb	r3, [r6, r2]
20000ba2:	54a3      	strb	r3, [r4, r2]
20000ba4:	3201      	adds	r2, #1
20000ba6:	4295      	cmp	r5, r2
20000ba8:	d1fa      	bne.n	20000ba0 <sync_ep_buffer+0x90>
20000baa:	6904      	ldr	r4, [r0, #16]
20000bac:	e7f1      	b.n	20000b92 <sync_ep_buffer+0x82>
20000bae:	46c0      	nop			@ (mov r8, r8)

20000bb0 <_hw_endpoint_xfer_sync>:
20000bb0:	b510      	push	{r4, lr}
20000bb2:	0004      	movs	r4, r0
20000bb4:	6883      	ldr	r3, [r0, #8]
20000bb6:	2100      	movs	r1, #0
20000bb8:	681b      	ldr	r3, [r3, #0]
20000bba:	f7ff ffa9 	bl	20000b10 <sync_ep_buffer>
20000bbe:	6863      	ldr	r3, [r4, #4]
20000bc0:	681b      	ldr	r3, [r3, #0]
20000bc2:	005b      	lsls	r3, r3, #1
20000bc4:	d502      	bpl.n	20000bcc <_hw_endpoint_xfer_sync+0x1c>
20000bc6:	8b23      	ldrh	r3, [r4, #24]
20000bc8:	4283      	cmp	r3, r0
20000bca:	d000      	beq.n	20000bce <_hw_endpoint_xfer_sync+0x1e>
20000bcc:	bd10      	pop	{r4, pc}
20000bce:	2101      	movs	r1, #1
20000bd0:	0020      	movs	r0, r4
20000bd2:	f7ff ff9d 	bl	20000b10 <sync_ep_buffer>
20000bd6:	e7f9      	b.n	20000bcc <_hw_endpoint_xfer_sync+0x1c>

20000bd8 <e15_is_bulkin_ep>:
20000bd8:	4b08      	ldr	r3, [pc, #32]	@ (20000bfc <e15_is_bulkin_ep+0x24>)
20000bda:	6c1a      	ldr	r2, [r3, #64]	@ 0x40
20000bdc:	2300      	movs	r3, #0
20000bde:	0792      	lsls	r2, r2, #30
20000be0:	d403      	bmi.n	20000bea <e15_is_bulkin_ep+0x12>
20000be2:	7882      	ldrb	r2, [r0, #2]
20000be4:	09d2      	lsrs	r2, r2, #7
20000be6:	2a01      	cmp	r2, #1
20000be8:	d001      	beq.n	20000bee <e15_is_bulkin_ep+0x16>
20000bea:	0018      	movs	r0, r3
20000bec:	4770      	bx	lr
20000bee:	7ec3      	ldrb	r3, [r0, #27]
20000bf0:	3b02      	subs	r3, #2
20000bf2:	425a      	negs	r2, r3
20000bf4:	4153      	adcs	r3, r2
20000bf6:	b2db      	uxtb	r3, r3
20000bf8:	e7f7      	b.n	20000bea <e15_is_bulkin_ep+0x12>
20000bfa:	46c0      	nop			@ (mov r8, r8)
20000bfc:	50110000 	.word	0x50110000

20000c00 <e15_is_critical_frame_period>:
20000c00:	b510      	push	{r4, lr}
20000c02:	f7ff ffe9 	bl	20000bd8 <e15_is_bulkin_ep>
20000c06:	2800      	cmp	r0, #0
20000c08:	d00a      	beq.n	20000c20 <e15_is_critical_frame_period+0x20>
20000c0a:	4b06      	ldr	r3, [pc, #24]	@ (20000c24 <e15_is_critical_frame_period+0x24>)
20000c0c:	4a06      	ldr	r2, [pc, #24]	@ (20000c28 <e15_is_critical_frame_period+0x28>)
20000c0e:	6a9b      	ldr	r3, [r3, #40]	@ 0x28
20000c10:	4906      	ldr	r1, [pc, #24]	@ (20000c2c <e15_is_critical_frame_period+0x2c>)
20000c12:	6812      	ldr	r2, [r2, #0]
20000c14:	185b      	adds	r3, r3, r1
20000c16:	1a9b      	subs	r3, r3, r2
20000c18:	2000      	movs	r0, #0
20000c1a:	22c6      	movs	r2, #198	@ 0xc6
20000c1c:	429a      	cmp	r2, r3
20000c1e:	4140      	adcs	r0, r0
20000c20:	bd10      	pop	{r4, pc}
20000c22:	46c0      	nop			@ (mov r8, r8)
20000c24:	40054000 	.word	0x40054000
20000c28:	200021f4 	.word	0x200021f4
20000c2c:	fffffce0 	.word	0xfffffce0

20000c30 <hw_endpoint_reset_transfer>:
20000c30:	2300      	movs	r3, #0
20000c32:	7683      	strb	r3, [r0, #26]
20000c34:	6143      	str	r3, [r0, #20]
20000c36:	6103      	str	r3, [r0, #16]
20000c38:	4770      	bx	lr
20000c3a:	46c0      	nop			@ (mov r8, r8)

20000c3c <_hw_endpoint_buffer_control_update32>:
20000c3c:	b510      	push	{r4, lr}
20000c3e:	6883      	ldr	r3, [r0, #8]
20000c40:	2900      	cmp	r1, #0
20000c42:	d001      	beq.n	20000c48 <_hw_endpoint_buffer_control_update32+0xc>
20000c44:	681c      	ldr	r4, [r3, #0]
20000c46:	4021      	ands	r1, r4
20000c48:	2a00      	cmp	r2, #0
20000c4a:	d012      	beq.n	20000c72 <_hw_endpoint_buffer_control_update32+0x36>
20000c4c:	2480      	movs	r4, #128	@ 0x80
20000c4e:	00e4      	lsls	r4, r4, #3
20000c50:	4311      	orrs	r1, r2
20000c52:	4222      	tst	r2, r4
20000c54:	d00d      	beq.n	20000c72 <_hw_endpoint_buffer_control_update32+0x36>
20000c56:	681a      	ldr	r2, [r3, #0]
20000c58:	4222      	tst	r2, r4
20000c5a:	d10c      	bne.n	20000c76 <_hw_endpoint_buffer_control_update32+0x3a>
20000c5c:	4a08      	ldr	r2, [pc, #32]	@ (20000c80 <_hw_endpoint_buffer_control_update32+0x44>)
20000c5e:	400a      	ands	r2, r1
20000c60:	601a      	str	r2, [r3, #0]
20000c62:	4a08      	ldr	r2, [pc, #32]	@ (20000c84 <_hw_endpoint_buffer_control_update32+0x48>)
20000c64:	6c12      	ldr	r2, [r2, #64]	@ 0x40
20000c66:	0792      	lsls	r2, r2, #30
20000c68:	d403      	bmi.n	20000c72 <_hw_endpoint_buffer_control_update32+0x36>
20000c6a:	230c      	movs	r3, #12
20000c6c:	3b03      	subs	r3, #3
20000c6e:	d2fd      	bcs.n	20000c6c <_hw_endpoint_buffer_control_update32+0x30>
20000c70:	6883      	ldr	r3, [r0, #8]
20000c72:	6019      	str	r1, [r3, #0]
20000c74:	bd10      	pop	{r4, pc}
20000c76:	7881      	ldrb	r1, [r0, #2]
20000c78:	4803      	ldr	r0, [pc, #12]	@ (20000c88 <_hw_endpoint_buffer_control_update32+0x4c>)
20000c7a:	f000 f951 	bl	20000f20 <__panic_veneer>
20000c7e:	46c0      	nop			@ (mov r8, r8)
20000c80:	fffffbff 	.word	0xfffffbff
20000c84:	50110000 	.word	0x50110000
20000c88:	1000889c 	.word	0x1000889c

20000c8c <hw_endpoint_start_next_buffer>:
20000c8c:	6843      	ldr	r3, [r0, #4]
20000c8e:	b570      	push	{r4, r5, r6, lr}
20000c90:	2100      	movs	r1, #0
20000c92:	2580      	movs	r5, #128	@ 0x80
20000c94:	0004      	movs	r4, r0
20000c96:	681e      	ldr	r6, [r3, #0]
20000c98:	f7ff fed8 	bl	20000a4c <prepare_ep_buffer>
20000c9c:	4b12      	ldr	r3, [pc, #72]	@ (20000ce8 <hw_endpoint_start_next_buffer+0x5c>)
20000c9e:	016d      	lsls	r5, r5, #5
20000ca0:	6c1a      	ldr	r2, [r3, #64]	@ 0x40
20000ca2:	4305      	orrs	r5, r0
20000ca4:	78a3      	ldrb	r3, [r4, #2]
20000ca6:	0792      	lsls	r2, r2, #30
20000ca8:	d50e      	bpl.n	20000cc8 <hw_endpoint_start_next_buffer+0x3c>
20000caa:	065b      	lsls	r3, r3, #25
20000cac:	d00e      	beq.n	20000ccc <hw_endpoint_start_next_buffer+0x40>
20000cae:	4b0f      	ldr	r3, [pc, #60]	@ (20000cec <hw_endpoint_start_next_buffer+0x60>)
20000cb0:	401e      	ands	r6, r3
20000cb2:	2380      	movs	r3, #128	@ 0x80
20000cb4:	059b      	lsls	r3, r3, #22
20000cb6:	4333      	orrs	r3, r6
20000cb8:	6862      	ldr	r2, [r4, #4]
20000cba:	2100      	movs	r1, #0
20000cbc:	6013      	str	r3, [r2, #0]
20000cbe:	0020      	movs	r0, r4
20000cc0:	002a      	movs	r2, r5
20000cc2:	f7ff ffbb 	bl	20000c3c <_hw_endpoint_buffer_control_update32>
20000cc6:	bd70      	pop	{r4, r5, r6, pc}
20000cc8:	09db      	lsrs	r3, r3, #7
20000cca:	d0f0      	beq.n	20000cae <hw_endpoint_start_next_buffer+0x22>
20000ccc:	8aa3      	ldrh	r3, [r4, #20]
20000cce:	2b00      	cmp	r3, #0
20000cd0:	d0ed      	beq.n	20000cae <hw_endpoint_start_next_buffer+0x22>
20000cd2:	2101      	movs	r1, #1
20000cd4:	0020      	movs	r0, r4
20000cd6:	f7ff feb9 	bl	20000a4c <prepare_ep_buffer>
20000cda:	23a0      	movs	r3, #160	@ 0xa0
20000cdc:	4a04      	ldr	r2, [pc, #16]	@ (20000cf0 <hw_endpoint_start_next_buffer+0x64>)
20000cde:	05db      	lsls	r3, r3, #23
20000ce0:	4032      	ands	r2, r6
20000ce2:	4305      	orrs	r5, r0
20000ce4:	4313      	orrs	r3, r2
20000ce6:	e7e7      	b.n	20000cb8 <hw_endpoint_start_next_buffer+0x2c>
20000ce8:	50110000 	.word	0x50110000
20000cec:	afffffff 	.word	0xafffffff
20000cf0:	dfffffff 	.word	0xdfffffff

20000cf4 <hw_endpoint_xfer_continue>:
20000cf4:	b570      	push	{r4, r5, r6, lr}
20000cf6:	7e85      	ldrb	r5, [r0, #26]
20000cf8:	0004      	movs	r4, r0
20000cfa:	2d00      	cmp	r5, #0
20000cfc:	d014      	beq.n	20000d28 <hw_endpoint_xfer_continue+0x34>
20000cfe:	f7ff ff57 	bl	20000bb0 <_hw_endpoint_xfer_sync>
20000d02:	8aa3      	ldrh	r3, [r4, #20]
20000d04:	2b00      	cmp	r3, #0
20000d06:	d101      	bne.n	20000d0c <hw_endpoint_xfer_continue+0x18>
20000d08:	0028      	movs	r0, r5
20000d0a:	bd70      	pop	{r4, r5, r6, pc}
20000d0c:	0020      	movs	r0, r4
20000d0e:	f7ff ff77 	bl	20000c00 <e15_is_critical_frame_period>
20000d12:	2800      	cmp	r0, #0
20000d14:	d003      	beq.n	20000d1e <hw_endpoint_xfer_continue+0x2a>
20000d16:	2301      	movs	r3, #1
20000d18:	2500      	movs	r5, #0
20000d1a:	7723      	strb	r3, [r4, #28]
20000d1c:	e7f4      	b.n	20000d08 <hw_endpoint_xfer_continue+0x14>
20000d1e:	0020      	movs	r0, r4
20000d20:	f7ff ffb4 	bl	20000c8c <hw_endpoint_start_next_buffer>
20000d24:	2500      	movs	r5, #0
20000d26:	e7ef      	b.n	20000d08 <hw_endpoint_xfer_continue+0x14>
20000d28:	7881      	ldrb	r1, [r0, #2]
20000d2a:	4801      	ldr	r0, [pc, #4]	@ (20000d30 <hw_endpoint_xfer_continue+0x3c>)
20000d2c:	f000 f8f8 	bl	20000f20 <__panic_veneer>
20000d30:	100088bc 	.word	0x100088bc

20000d34 <dcd_event_handler>:
20000d34:	b5f0      	push	{r4, r5, r6, r7, lr}
20000d36:	4647      	mov	r7, r8
20000d38:	46ce      	mov	lr, r9
20000d3a:	b580      	push	{r7, lr}
20000d3c:	7843      	ldrb	r3, [r0, #1]
20000d3e:	0005      	movs	r5, r0
20000d40:	000f      	movs	r7, r1
20000d42:	b085      	sub	sp, #20
20000d44:	2b06      	cmp	r3, #6
20000d46:	d807      	bhi.n	20000d58 <dcd_event_handler+0x24>
20000d48:	4a68      	ldr	r2, [pc, #416]	@ (20000eec <dcd_event_handler+0x1b8>)
20000d4a:	009b      	lsls	r3, r3, #2
20000d4c:	58d3      	ldr	r3, [r2, r3]
20000d4e:	469f      	mov	pc, r3
20000d50:	4a67      	ldr	r2, [pc, #412]	@ (20000ef0 <dcd_event_handler+0x1bc>)
20000d52:	7813      	ldrb	r3, [r2, #0]
20000d54:	3301      	adds	r3, #1
20000d56:	7013      	strb	r3, [r2, #0]
20000d58:	4b66      	ldr	r3, [pc, #408]	@ (20000ef4 <dcd_event_handler+0x1c0>)
20000d5a:	681c      	ldr	r4, [r3, #0]
20000d5c:	6962      	ldr	r2, [r4, #20]
20000d5e:	f3ef 8110 	mrs	r1, PRIMASK
20000d62:	b672      	cpsid	i
20000d64:	6813      	ldr	r3, [r2, #0]
20000d66:	2b00      	cmp	r3, #0
20000d68:	d0fc      	beq.n	20000d64 <dcd_event_handler+0x30>
20000d6a:	f3bf 8f5f 	dmb	sy
20000d6e:	61a1      	str	r1, [r4, #24]
20000d70:	0020      	movs	r0, r4
20000d72:	0029      	movs	r1, r5
20000d74:	f000 f8f4 	bl	20000f60 <__tu_fifo_write_veneer>
20000d78:	6962      	ldr	r2, [r4, #20]
20000d7a:	69a3      	ldr	r3, [r4, #24]
20000d7c:	f3bf 8f5f 	dmb	sy
20000d80:	2100      	movs	r1, #0
20000d82:	6011      	str	r1, [r2, #0]
20000d84:	f383 8810 	msr	PRIMASK, r3
20000d88:	2800      	cmp	r0, #0
20000d8a:	d104      	bne.n	20000d96 <dcd_event_handler+0x62>
20000d8c:	b005      	add	sp, #20
20000d8e:	bcc0      	pop	{r6, r7}
20000d90:	46b9      	mov	r9, r7
20000d92:	46b0      	mov	r8, r6
20000d94:	bdf0      	pop	{r4, r5, r6, r7, pc}
20000d96:	003a      	movs	r2, r7
20000d98:	7869      	ldrb	r1, [r5, #1]
20000d9a:	7828      	ldrb	r0, [r5, #0]
20000d9c:	f000 f8f0 	bl	20000f80 <__tud_event_hook_cb_veneer>
20000da0:	e7f4      	b.n	20000d8c <dcd_event_handler+0x58>
20000da2:	2101      	movs	r1, #1
20000da4:	4b54      	ldr	r3, [pc, #336]	@ (20000ef8 <dcd_event_handler+0x1c4>)
20000da6:	781a      	ldrb	r2, [r3, #0]
20000da8:	438a      	bics	r2, r1
20000daa:	701a      	strb	r2, [r3, #0]
20000dac:	781a      	ldrb	r2, [r3, #0]
20000dae:	3101      	adds	r1, #1
20000db0:	438a      	bics	r2, r1
20000db2:	701a      	strb	r2, [r3, #0]
20000db4:	2200      	movs	r2, #0
20000db6:	705a      	strb	r2, [r3, #1]
20000db8:	781a      	ldrb	r2, [r3, #0]
20000dba:	3102      	adds	r1, #2
20000dbc:	438a      	bics	r2, r1
20000dbe:	701a      	strb	r2, [r3, #0]
20000dc0:	e7ca      	b.n	20000d58 <dcd_event_handler+0x24>
20000dc2:	4b4e      	ldr	r3, [pc, #312]	@ (20000efc <dcd_event_handler+0x1c8>)
20000dc4:	2400      	movs	r4, #0
20000dc6:	001e      	movs	r6, r3
20000dc8:	781a      	ldrb	r2, [r3, #0]
20000dca:	4b4d      	ldr	r3, [pc, #308]	@ (20000f00 <dcd_event_handler+0x1cc>)
20000dcc:	4698      	mov	r8, r3
20000dce:	4b4d      	ldr	r3, [pc, #308]	@ (20000f04 <dcd_event_handler+0x1d0>)
20000dd0:	4699      	mov	r9, r3
20000dd2:	e010      	b.n	20000df6 <dcd_event_handler+0xc2>
20000dd4:	464b      	mov	r3, r9
20000dd6:	681b      	ldr	r3, [r3, #0]
20000dd8:	0161      	lsls	r1, r4, #5
20000dda:	185b      	adds	r3, r3, r1
20000ddc:	2b00      	cmp	r3, #0
20000dde:	d006      	beq.n	20000dee <dcd_event_handler+0xba>
20000de0:	69db      	ldr	r3, [r3, #28]
20000de2:	2b00      	cmp	r3, #0
20000de4:	d003      	beq.n	20000dee <dcd_event_handler+0xba>
20000de6:	6869      	ldr	r1, [r5, #4]
20000de8:	7828      	ldrb	r0, [r5, #0]
20000dea:	4798      	blx	r3
20000dec:	7832      	ldrb	r2, [r6, #0]
20000dee:	3401      	adds	r4, #1
20000df0:	b2e4      	uxtb	r4, r4
20000df2:	4294      	cmp	r4, r2
20000df4:	d817      	bhi.n	20000e26 <dcd_event_handler+0xf2>
20000df6:	42a2      	cmp	r2, r4
20000df8:	d8ec      	bhi.n	20000dd4 <dcd_event_handler+0xa0>
20000dfa:	1aa3      	subs	r3, r4, r2
20000dfc:	015b      	lsls	r3, r3, #5
20000dfe:	4443      	add	r3, r8
20000e00:	e7ee      	b.n	20000de0 <dcd_event_handler+0xac>
20000e02:	4b3d      	ldr	r3, [pc, #244]	@ (20000ef8 <dcd_event_handler+0x1c4>)
20000e04:	781a      	ldrb	r2, [r3, #0]
20000e06:	07d2      	lsls	r2, r2, #31
20000e08:	d5c0      	bpl.n	20000d8c <dcd_event_handler+0x58>
20000e0a:	2104      	movs	r1, #4
20000e0c:	781a      	ldrb	r2, [r3, #0]
20000e0e:	430a      	orrs	r2, r1
20000e10:	701a      	strb	r2, [r3, #0]
20000e12:	e7a1      	b.n	20000d58 <dcd_event_handler+0x24>
20000e14:	4b38      	ldr	r3, [pc, #224]	@ (20000ef8 <dcd_event_handler+0x1c4>)
20000e16:	781a      	ldrb	r2, [r3, #0]
20000e18:	07d2      	lsls	r2, r2, #31
20000e1a:	d5b7      	bpl.n	20000d8c <dcd_event_handler+0x58>
20000e1c:	2104      	movs	r1, #4
20000e1e:	781a      	ldrb	r2, [r3, #0]
20000e20:	438a      	bics	r2, r1
20000e22:	701a      	strb	r2, [r3, #0]
20000e24:	e798      	b.n	20000d58 <dcd_event_handler+0x24>
20000e26:	4a34      	ldr	r2, [pc, #208]	@ (20000ef8 <dcd_event_handler+0x1c4>)
20000e28:	7813      	ldrb	r3, [r2, #0]
20000e2a:	4690      	mov	r8, r2
20000e2c:	0011      	movs	r1, r2
20000e2e:	075b      	lsls	r3, r3, #29
20000e30:	d528      	bpl.n	20000e84 <dcd_event_handler+0x150>
20000e32:	7813      	ldrb	r3, [r2, #0]
20000e34:	2204      	movs	r2, #4
20000e36:	ac01      	add	r4, sp, #4
20000e38:	4393      	bics	r3, r2
20000e3a:	700b      	strb	r3, [r1, #0]
20000e3c:	0020      	movs	r0, r4
20000e3e:	2100      	movs	r1, #0
20000e40:	3208      	adds	r2, #8
20000e42:	f000 f885 	bl	20000f50 <____wrap_memset_veneer>
20000e46:	782b      	ldrb	r3, [r5, #0]
20000e48:	7023      	strb	r3, [r4, #0]
20000e4a:	2305      	movs	r3, #5
20000e4c:	7063      	strb	r3, [r4, #1]
20000e4e:	4b29      	ldr	r3, [pc, #164]	@ (20000ef4 <dcd_event_handler+0x1c0>)
20000e50:	681b      	ldr	r3, [r3, #0]
20000e52:	0018      	movs	r0, r3
20000e54:	695a      	ldr	r2, [r3, #20]
20000e56:	f3ef 8110 	mrs	r1, PRIMASK
20000e5a:	b672      	cpsid	i
20000e5c:	6813      	ldr	r3, [r2, #0]
20000e5e:	2b00      	cmp	r3, #0
20000e60:	d0fc      	beq.n	20000e5c <dcd_event_handler+0x128>
20000e62:	f3bf 8f5f 	dmb	sy
20000e66:	0006      	movs	r6, r0
20000e68:	6181      	str	r1, [r0, #24]
20000e6a:	0021      	movs	r1, r4
20000e6c:	f000 f878 	bl	20000f60 <__tu_fifo_write_veneer>
20000e70:	6972      	ldr	r2, [r6, #20]
20000e72:	69b3      	ldr	r3, [r6, #24]
20000e74:	f3bf 8f5f 	dmb	sy
20000e78:	2100      	movs	r1, #0
20000e7a:	6011      	str	r1, [r2, #0]
20000e7c:	f383 8810 	msr	PRIMASK, r3
20000e80:	2800      	cmp	r0, #0
20000e82:	d12c      	bne.n	20000ede <dcd_event_handler+0x1aa>
20000e84:	4643      	mov	r3, r8
20000e86:	78db      	ldrb	r3, [r3, #3]
20000e88:	07db      	lsls	r3, r3, #31
20000e8a:	d400      	bmi.n	20000e8e <dcd_event_handler+0x15a>
20000e8c:	e77e      	b.n	20000d8c <dcd_event_handler+0x58>
20000e8e:	782b      	ldrb	r3, [r5, #0]
20000e90:	ac01      	add	r4, sp, #4
20000e92:	7023      	strb	r3, [r4, #0]
20000e94:	2303      	movs	r3, #3
20000e96:	7063      	strb	r3, [r4, #1]
20000e98:	686b      	ldr	r3, [r5, #4]
20000e9a:	6063      	str	r3, [r4, #4]
20000e9c:	4b15      	ldr	r3, [pc, #84]	@ (20000ef4 <dcd_event_handler+0x1c0>)
20000e9e:	681d      	ldr	r5, [r3, #0]
20000ea0:	696a      	ldr	r2, [r5, #20]
20000ea2:	f3ef 8110 	mrs	r1, PRIMASK
20000ea6:	b672      	cpsid	i
20000ea8:	6813      	ldr	r3, [r2, #0]
20000eaa:	2b00      	cmp	r3, #0
20000eac:	d0fc      	beq.n	20000ea8 <dcd_event_handler+0x174>
20000eae:	f3bf 8f5f 	dmb	sy
20000eb2:	61a9      	str	r1, [r5, #24]
20000eb4:	0028      	movs	r0, r5
20000eb6:	0021      	movs	r1, r4
20000eb8:	f000 f852 	bl	20000f60 <__tu_fifo_write_veneer>
20000ebc:	696a      	ldr	r2, [r5, #20]
20000ebe:	69ab      	ldr	r3, [r5, #24]
20000ec0:	f3bf 8f5f 	dmb	sy
20000ec4:	2100      	movs	r1, #0
20000ec6:	6011      	str	r1, [r2, #0]
20000ec8:	f383 8810 	msr	PRIMASK, r3
20000ecc:	2800      	cmp	r0, #0
20000ece:	d100      	bne.n	20000ed2 <dcd_event_handler+0x19e>
20000ed0:	e75c      	b.n	20000d8c <dcd_event_handler+0x58>
20000ed2:	003a      	movs	r2, r7
20000ed4:	7861      	ldrb	r1, [r4, #1]
20000ed6:	7820      	ldrb	r0, [r4, #0]
20000ed8:	f000 f852 	bl	20000f80 <__tud_event_hook_cb_veneer>
20000edc:	e756      	b.n	20000d8c <dcd_event_handler+0x58>
20000ede:	003a      	movs	r2, r7
20000ee0:	7861      	ldrb	r1, [r4, #1]
20000ee2:	7820      	ldrb	r0, [r4, #0]
20000ee4:	f000 f84c 	bl	20000f80 <__tud_event_hook_cb_veneer>
20000ee8:	e7cc      	b.n	20000e84 <dcd_event_handler+0x150>
20000eea:	46c0      	nop			@ (mov r8, r8)
20000eec:	10008d54 	.word	0x10008d54
20000ef0:	2000265b 	.word	0x2000265b
20000ef4:	20001dc0 	.word	0x20001dc0
20000ef8:	20001d68 	.word	0x20001d68
20000efc:	20002659 	.word	0x20002659
20000f00:	10008d70 	.word	0x10008d70
20000f04:	20001c80 	.word	0x20001c80

20000f08 <__aeabi_idiv0>:
20000f08:	4770      	bx	lr
20000f0a:	46c0      	nop			@ (mov r8, r8)
20000f0c:	0000      	movs	r0, r0
	...

20000f10 <____wrap___aeabi_lmul_veneer>:
20000f10:	b401      	push	{r0}
20000f12:	4802      	ldr	r0, [pc, #8]	@ (20000f1c <____wrap___aeabi_lmul_veneer+0xc>)
20000f14:	4684      	mov	ip, r0
20000f16:	bc01      	pop	{r0}
20000f18:	4760      	bx	ip
20000f1a:	bf00      	nop
20000f1c:	100028f9 	.word	0x100028f9

20000f20 <__panic_veneer>:
20000f20:	b401      	push	{r0}
20000f22:	4802      	ldr	r0, [pc, #8]	@ (20000f2c <__panic_veneer+0xc>)
20000f24:	4684      	mov	ip, r0
20000f26:	bc01      	pop	{r0}
20000f28:	4760      	bx	ip
20000f2a:	bf00      	nop
20000f2c:	10000425 	.word	0x10000425

20000f30 <__best_effort_wfe_or_timeout_veneer>:
20000f30:	b401      	push	{r0}
20000f32:	4802      	ldr	r0, [pc, #8]	@ (20000f3c <__best_effort_wfe_or_timeout_veneer+0xc>)
20000f34:	4684      	mov	ip, r0
20000f36:	bc01      	pop	{r0}
20000f38:	4760      	bx	ip
20000f3a:	bf00      	nop
20000f3c:	10001325 	.word	0x10001325

20000f40 <__time_us_64_veneer>:
20000f40:	b401      	push	{r0}
20000f42:	4802      	ldr	r0, [pc, #8]	@ (20000f4c <__time_us_64_veneer+0xc>)
20000f44:	4684      	mov	ip, r0
20000f46:	bc01      	pop	{r0}
20000f48:	4760      	bx	ip
20000f4a:	bf00      	nop
20000f4c:	10001469 	.word	0x10001469

20000f50 <____wrap_memset_veneer>:
20000f50:	b401      	push	{r0}
20000f52:	4802      	ldr	r0, [pc, #8]	@ (20000f5c <____wrap_memset_veneer+0xc>)
20000f54:	4684      	mov	ip, r0
20000f56:	bc01      	pop	{r0}
20000f58:	4760      	bx	ip
20000f5a:	bf00      	nop
20000f5c:	100029d1 	.word	0x100029d1

20000f60 <__tu_fifo_write_veneer>:
20000f60:	b401      	push	{r0}
20000f62:	4802      	ldr	r0, [pc, #8]	@ (20000f6c <__tu_fifo_write_veneer+0xc>)
20000f64:	4684      	mov	ip, r0
20000f66:	bc01      	pop	{r0}
20000f68:	4760      	bx	ip
20000f6a:	bf00      	nop
20000f6c:	100068e5 	.word	0x100068e5

20000f70 <__rp2040_chip_version_veneer>:
20000f70:	b401      	push	{r0}
20000f72:	4802      	ldr	r0, [pc, #8]	@ (20000f7c <__rp2040_chip_version_veneer+0xc>)
20000f74:	4684      	mov	ip, r0
20000f76:	bc01      	pop	{r0}
20000f78:	4760      	bx	ip
20000f7a:	bf00      	nop
20000f7c:	10000419 	.word	0x10000419

20000f80 <__tud_event_hook_cb_veneer>:
20000f80:	b401      	push	{r0}
20000f82:	4802      	ldr	r0, [pc, #8]	@ (20000f8c <__tud_event_hook_cb_veneer+0xc>)
20000f84:	4684      	mov	ip, r0
20000f86:	bc01      	pop	{r0}
20000f88:	4760      	bx	ip
20000f8a:	bf00      	nop
20000f8c:	10005339 	.word	0x10005339

20000f90 <striped_spin_lock_num>:
20000f90:	00000010                                ....

20000f94 <irq_handler_chain_slots>:
20000f94:	00000000 	.word	0x00000000
20000f98:	00010000 	.word	0x00010000
	...
20000fa4:	00020000 	.word	0x00020000
	...
20000fb0:	00030000 	.word	0x00030000
	...
20000fbc:	00040000 	.word	0x00040000
	...
20000fc8:	00050000 	.word	0x00050000
	...
20000fd4:	00ff0000 	.word	0x00ff0000
20000fd8:	00000000 	.word	0x00000000

20000fdc <irq_handler_chain_first_slot>:
20000fdc:	b501      	push	{r0, lr}
20000fde:	6848      	ldr	r0, [r1, #4]
20000fe0:	3101      	adds	r1, #1
20000fe2:	468e      	mov	lr, r1
20000fe4:	4700      	bx	r0

20000fe6 <irq_handler_chain_remove_tail>:
20000fe6:	4670      	mov	r0, lr
20000fe8:	3809      	subs	r0, #9
20000fea:	4901      	ldr	r1, [pc, #4]	@ (20000ff0 <irq_handler_chain_remove_tail+0xa>)
20000fec:	4788      	blx	r1
20000fee:	bd01      	pop	{r0, pc}
20000ff0:	10000a01 	.word	0x10000a01

20000ff4 <default_alarm_pool>:
	...
20001008:	20001780 00000000                       ... ....

20001010 <aeabi_bits_funcs>:
20001010:	00003350 	.word	0x00003350
20001014:	0000334c 	.word	0x0000334c
20001018:	00003354 	.word	0x00003354
2000101c:	00003352 	.word	0x00003352

20001020 <aeabi_bits_funcs_end>:
20001020:	0000534d 	.word	0x0000534d
20001024:	0000434d 	.word	0x0000434d
20001028:	00003453 	.word	0x00003453
2000102c:	00003443 	.word	0x00003443

20001030 <stdio_uart>:
20001030:	10004695 10004795 100046e1 100047a9     .F...G...F...G..
20001040:	00000000 00000100                       ........

20001048 <stdio_usb>:
20001048:	100049dd 10004991 10004905 1000487d     .I...I...I..}H..
20001058:	00000000 00000100                       ........

20001060 <_usbd_qdef>:
20001060:	20001dc4 000c0010 00000000 00000000     ... ............
	...

2000107c <_usbd_rhport>:
2000107c:	000000ff                                ....

20001080 <i2c1_inst>:
20001080:	40048000 00000000                       ...@....

20001088 <i2c0_inst>:
20001088:	40044000 00000000                       .@.@....

20001090 <__malloc_sbrk_base>:
20001090:	ffffffff                                ....

20001094 <__malloc_trim_threshold>:
20001094:	00020000                                ....

20001098 <__malloc_av_>:
	...
200010a0:	20001098 20001098 200010a0 200010a0     ... ... ... ... 
200010b0:	200010a8 200010a8 200010b0 200010b0     ... ... ... ... 
200010c0:	200010b8 200010b8 200010c0 200010c0     ... ... ... ... 
200010d0:	200010c8 200010c8 200010d0 200010d0     ... ... ... ... 
200010e0:	200010d8 200010d8 200010e0 200010e0     ... ... ... ... 
200010f0:	200010e8 200010e8 200010f0 200010f0     ... ... ... ... 
20001100:	200010f8 200010f8 20001100 20001100     ... ... ... ... 
20001110:	20001108 20001108 20001110 20001110     ... ... ... ... 
20001120:	20001118 20001118 20001120 20001120     ... ...  ..  .. 
20001130:	20001128 20001128 20001130 20001130     (.. (.. 0.. 0.. 
20001140:	20001138 20001138 20001140 20001140     8.. 8.. @.. @.. 
20001150:	20001148 20001148 20001150 20001150     H.. H.. P.. P.. 
20001160:	20001158 20001158 20001160 20001160     X.. X.. `.. `.. 
20001170:	20001168 20001168 20001170 20001170     h.. h.. p.. p.. 
20001180:	20001178 20001178 20001180 20001180     x.. x.. ... ... 
20001190:	20001188 20001188 20001190 20001190     ... ... ... ... 
200011a0:	20001198 20001198 200011a0 200011a0     ... ... ... ... 
200011b0:	200011a8 200011a8 200011b0 200011b0     ... ... ... ... 
200011c0:	200011b8 200011b8 200011c0 200011c0     ... ... ... ... 
200011d0:	200011c8 200011c8 200011d0 200011d0     ... ... ... ... 
200011e0:	200011d8 200011d8 200011e0 200011e0     ... ... ... ... 
200011f0:	200011e8 200011e8 200011f0 200011f0     ... ... ... ... 
20001200:	200011f8 200011f8 20001200 20001200     ... ... ... ... 
20001210:	20001208 20001208 20001210 20001210     ... ... ... ... 
20001220:	20001218 20001218 20001220 20001220     ... ...  ..  .. 
20001230:	20001228 20001228 20001230 20001230     (.. (.. 0.. 0.. 
20001240:	20001238 20001238 20001240 20001240     8.. 8.. @.. @.. 
20001250:	20001248 20001248 20001250 20001250     H.. H.. P.. P.. 
20001260:	20001258 20001258 20001260 20001260     X.. X.. `.. `.. 
20001270:	20001268 20001268 20001270 20001270     h.. h.. p.. p.. 
20001280:	20001278 20001278 20001280 20001280     x.. x.. ... ... 
20001290:	20001288 20001288 20001290 20001290     ... ... ... ... 
200012a0:	20001298 20001298 200012a0 200012a0     ... ... ... ... 
200012b0:	200012a8 200012a8 200012b0 200012b0     ... ... ... ... 
200012c0:	200012b8 200012b8 200012c0 200012c0     ... ... ... ... 
200012d0:	200012c8 200012c8 200012d0 200012d0     ... ... ... ... 
200012e0:	200012d8 200012d8 200012e0 200012e0     ... ... ... ... 
200012f0:	200012e8 200012e8 200012f0 200012f0     ... ... ... ... 
20001300:	200012f8 200012f8 20001300 20001300     ... ... ... ... 
20001310:	20001308 20001308 20001310 20001310     ... ... ... ... 
20001320:	20001318 20001318 20001320 20001320     ... ...  ..  .. 
20001330:	20001328 20001328 20001330 20001330     (.. (.. 0.. 0.. 
20001340:	20001338 20001338 20001340 20001340     8.. 8.. @.. @.. 
20001350:	20001348 20001348 20001350 20001350     H.. H.. P.. P.. 
20001360:	20001358 20001358 20001360 20001360     X.. X.. `.. `.. 
20001370:	20001368 20001368 20001370 20001370     h.. h.. p.. p.. 
20001380:	20001378 20001378 20001380 20001380     x.. x.. ... ... 
20001390:	20001388 20001388 20001390 20001390     ... ... ... ... 
200013a0:	20001398 20001398 200013a0 200013a0     ... ... ... ... 
200013b0:	200013a8 200013a8 200013b0 200013b0     ... ... ... ... 
200013c0:	200013b8 200013b8 200013c0 200013c0     ... ... ... ... 
200013d0:	200013c8 200013c8 200013d0 200013d0     ... ... ... ... 
200013e0:	200013d8 200013d8 200013e0 200013e0     ... ... ... ... 
200013f0:	200013e8 200013e8 200013f0 200013f0     ... ... ... ... 
20001400:	200013f8 200013f8 20001400 20001400     ... ... ... ... 
20001410:	20001408 20001408 20001410 20001410     ... ... ... ... 
20001420:	20001418 20001418 20001420 20001420     ... ...  ..  .. 
20001430:	20001428 20001428 20001430 20001430     (.. (.. 0.. 0.. 
20001440:	20001438 20001438 20001440 20001440     8.. 8.. @.. @.. 
20001450:	20001448 20001448 20001450 20001450     H.. H.. P.. P.. 
20001460:	20001458 20001458 20001460 20001460     X.. X.. `.. `.. 
20001470:	20001468 20001468 20001470 20001470     h.. h.. p.. p.. 
20001480:	20001478 20001478 20001480 20001480     x.. x.. ... ... 
20001490:	20001488 20001488 20001490 20001490     ... ... ... ... 

200014a0 <__sglue>:
200014a0:	00000000 00000003 20001b44              ........D.. 

200014ac <_impure_ptr>:
200014ac:	200014b0                                ... 

200014b0 <_impure_data>:
200014b0:	00000000 20001b44 20001bac 20001c14     ....D.. ... ... 
	...
20001548:	00000001 00000000 abcd330e e66d1234     .........3..4.m.
20001558:	0005deec 0000000b 00000000 00000000     ................
	...

200016b0 <print_mutex>:
	...
