:020000041000EA
:1000000000B5324B212058609868022188439860DF
:10001000D860186158612E4B002199600221596106
:100020000121F02299502B49196001219960352056
:1000300000F044F80222904214D00621196600F024
:1000400034F8196E01211966002018661A6600F04E
:100050002CF8196E196E196E052000F02FF8012189
:100060000842F9D1002199601B49196000215960AB
:100070001A491B48016001219960EB211966A021F2
:10008000196600F012F800219960164914480160C1
:100090000121996001BC002800D000471248134993
:1000A000086003C880F30888084703B5996A0420EC
:1000B0000142FBD001200142F8D103BD02B5186610
:1000C0001866FFF7F2FF186E186E02BD00000240BE
:1000D000000000180000070000035F00212200005C
:1000E000F4000018222000A00001001008ED00E03C
:1000F00000000000000000000000000074B24E7A12
:1001000000200420F7010010CB010010CD010010E9
:10011000C9010010C9010010C9010010C901001077
:10012000C9010010C9010010C9010010CF01001061
:10013000C9010010C9010010D1010010D301001045
:10014000C1010010C1010010C1010010C101001067
:10015000C1010010C1010010C1010010C101001057
:10016000C1010010C1010010C1010010C101001047
:10017000C1010010C1010010C1010010C101001037
:10018000C1010010C1010010C1010010C101001027
:10019000C1010010C1010010C1010010C101001017
:1001A000C1010010C1010010C1010010C101001007
:1001B000C1010010C1010010C1010010C1010010F7
:1001C000EFF30580103800BE00BE00BE00BE00BECA
:1001D00000BE00BEF2EB88711C7F0010487F00104B
:1001E0003802001090A31AE700201E49086006C8D4
:1001F00081F3088810471C480068002801D00020BF
:10020000F3E70DA40ECC002902D000F012F8F9E7B4
:100210001649174A002000E001C19142FCD115495E
:100220008847154988471549884700BEFDE701C939
:1002300001C29A42FBD37047487F0010C0000020E3
:1002400098100020208F00100000042000000420DF
:10025000208F001000100420001004200000000077
:100260007047000008ED00E0000000D0981000206A
:10027000CC1E0020394400109503001031440010BA
:10028000F0B5D64646464F46C0B582B06B46DE1D39
:10029000002304008A46374811001700337004F029
:1002A000C3FA0123D022A34012065361642001F057
:1002B00035F9314B00259946304B984608E03378A4
:1002C000002B21D10A20013501F028F9642D18D026
:1002D0002A003900484604F0A7FA3100292007F027
:1002E00015F83900040002003378404604F09CFA07
:1002F000002CE4D03900224804F096FA012464422C
:1003000022E03378002B26D0534659002920C9B269
:1003100006F060FE002828D10A2001F0FFF85046C0
:1003200006F05EFE00281BD10221504606F03CFF7D
:100330003221504606F0BAFE504606F097FE52466D
:100340003900104804F070FA200002B0E0BCBA4650
:10035000B146A846F0BD39000B4804F065FACDE778
:1003600039000A4804F060FAC8E73900084804F088
:100370005BFAC3E7487600105876001070760010DC
:100380009C7600102C770010CC7600100C770010B3
:10039000E8760010F0B5DE464E4645465746E0B5D5
:1003A0008DB004F06DF9FA20C00001F0B7F80A2012
:1003B00004F06EF9C24804F0B5F9C24804F0B2F98D
:1003C000C14804F0AFF9C14CC149200006F0C4FD9A
:1003D0000321042000F094F90321052000F090F996
:1003E00000220121042000F0A3F9012100220520B0
:1003F00000F09EF9062000F0ADF9072000F0AAF900
:10040000082000F0A7F9D026802380224025360658
:100410005B007562642072627362B561B261B36140
:1004200001F07CF8142000F095F980235B03012192
:1004300000221420B36200F07BF96420756101F0A2
:100440006DF82100292006F09DFF002807D0A14863
:1004500004F068F9FA20800001F060F8FAE76420FF
:10046000B56101F05BF8302106209B4AFFF708FFD9
:10047000002808D0FA20800001F050F8FA2080000F
:1004800001F04CF8F6E731210720944AFFF7F8FE17
:10049000002804D0FA20800001F040F8FAE7322169
:1004A00008208F4AFFF7ECFE041E08D0FA208000D7
:1004B00001F034F8FA20800001F030F8F6E709275F
:1004C000884804F02FF9884B88491A6807918848B2
:1004D0000968069304F0A8F9864804F023F9864ACF
:1004E00008AB099208AABF18844A5C819C81DC8110
:1004F00008920123FF229A46A14690460494039451
:100500000AAD05946FE000222B789346002B15D09E
:100510000A2308AA3020991806F00EFF584576D114
:100520003900302006F016FF584570D1302006F013
:1005300097FD3B785B456AD101239B464B462B7068
:100540004346290031203B7006F096FD002871D10A
:1005500000222B789246002B13D031200BA906F0F5
:10056000EBFE504566D13900312006F0F3FE5045D0
:1005700060D1312006F074FD3B7853455AD10123F8
:100580009A464B462B704346290032203B7006F0BA
:1005900073FD00283FD12B78002B3CD00E2308AAF6
:1005A0003220991806F0C8FE002834D139003220D4
:1005B00006F0D0FE00282ED1322006F051FD3B7807
:1005C000002B28D15B46012B48D05346012B4FD03E
:1005D00001230593039B002B43D1E402E30F052085
:1005E0009A4600F09BFF802374685B031C405346CF
:1005F000002B01D0002C55D04B462B7043462900D0
:1006000030203B7006F038FD002800D17BE7012345
:100610005B429B4692E75B46012B0FD05346012B72
:1006200016D0039B002BD8D0049B002B09D101339B
:100630000393D2E701235B429A46A2E75346012B7C
:10064000F2D1059B002B19D1013304930393C4E726
:10065000039B002BF5D101330493BEE75346012BD6
:100660000CD0049B002B09D1013305930393B4E70D
:10067000012305930493039B002BAED008AAD289D3
:1006800008AB5B89019208AA928907990092069AA1
:1006900009681268089804F0C7F8002305930493CA
:1006A00003939AE7069B09981A6864321A60079BBD
:1006B000196804F0B9F8C82000F030FF9CE7C04684
:1006C00040770010647700108477001088100020B5
:1006D000A0860100A8770010CC770010D477001016
:1006E000DC770010E4770010981E0020941E002094
:1006F000FC7700101C780010447800105878001027
:1007000010B54024074A83009A181268C00054406C
:10071000C0222240044C1B191A60044BC0184160CF
:1007200010BDC04604C0014004D00140004001405B
:10073000064B8000C3181B68C90092000A435A4048
:100740000C231340024A80180360704704C0014024
:1007500004D001400123D0228340120693629361AA
:10076000084A83009A1811684022514080320A409A
:100770000549C0005B181A60044BC018052343608C
:100780007047C04604C0014004D001400040014011
:100790008023DB051868000F7047C0460FB400B512
:1007A000084883B003F0BEFF049B002B07D005A9C7
:1007B0001800019103F020FE034803F0B3FF01206D
:1007C00003F032FE70780010F877001070B58C4698
:1007D0001600EFF3108472B60F490B68002BFCD0A3
:1007E000BFF35F8F6346DB08C5180722C05C634612
:1007F0001A40012393401A000240034207D11843D4
:100800002870BFF35F8F0A6084F3108870BD614663
:100810003000FFF7C3FFC0462C0100D0F8B5CE462C
:1008200047468C4680B51C00EFF3108872B61C4911
:100830000B68002BFCD0BFF35F8FA24221D80723A7
:10084000994602E00132944218D3494601261140EC
:100850008E40D308C718C35C1E42F3D11000334347
:100860003B70BFF35F8F00220D4B1A6088F3108836
:1008700000280EDBC0BCB946B046F8BD012040429E
:10088000EFE7BFF35F8F00230B6088F31088012030
:1008900040426346002BEDD00898FFF77FFFC0462B
:1008A0002C0100D0044A1078431CDBB2172B00D96E
:1008B000102313707047C046900F002000B5054B01
:1008C00083B00100009318221F230348FFF7A6FFFF
:1008D00003B000BD80780010001A00200021044BF6
:1008E000044ABFF35F8F02C39342FAD17047C046F8
:1008F000000100D0800100D0084B094A1360094A6A
:100900001360094A1360094A1360094A1360094ACF
:100910001360094A1360094A136070478080808021
:1009200000E400E004E400E008E400E00CE400E09F
:1009300010E400E014E400E018E400E01CE400E04F
:100940001F2318401E3B8340002905D0C021044AC4
:100950004900535013607047802201498B50FAE7D9
:1009600000E100E001228240034B1B6813405A1E45
:100970009341D8B27047C04600E100E001238022D5
:100980008340024952008B507047C04600E100E0AE
:10099000054B10309B688000C358044A00209B1A06
:1009A00047229A424041704700ED00E0940F00203A
:1009B00010B5EFF3108C72B60F4A1368002BFCD001
:1009C000BFF35F8F0D4B10309B6880001B580C4AA3
:1009D000934201D099420CD1084B9B681950BFF348
:1009E0005F8FBFF35F8F0022034B1A608CF3108878
:1009F00010BD01F06BF9C046240100D000ED00E00D
:100A0000C1010010F0B5DE4657464E464546E0B5FA
:100A10008B4685B0EFF3108872B616005B4A1368F8
:100A2000002BFCD0B246BFF35F8F002558494D57CD
:100A3000002D00DAA8E06B00564A01935B199B0079
:100A4000D418A77910300F70534980008968844604
:100A50000F58B91A472933D8012039008143CE797C
:100A6000564500D86AE0A1465646039307E0580071
:100A7000C01880001018C479B4424DD90100062373
:100A8000CB56002BF3DA081D4C46B2468146029342
:100A9000424B4E46043CA41B2405414E640D344396
:100AA0008C808D7101994919890052189380029B9D
:100AB0003C4993715346D3715B461160936017E0D4
:100AC00039498F4260D139490127D152384902331F
:100AD000D3180439CB1A324A1B055B0D13436380CC
:100AE000344BE671A380FF23A3715B462743A360C9
:100AF0006246294B9B689F50BFF35F8FBFF35F8FA8
:100B00000022224B1A6088F3108805B0F0BCBB4667
:100B1000B246A946A046F0BDB2460E1D4C46B146AF
:100B200088880293039B4005001504334844D3187A
:100B3000C31A1B051A485B0D0343AAE79E1CB14666
:100B400091444E460F001C4DBF1A7F417D432D0D31
:100B5000164FA571D752164F0433043FD318BF1B4D
:100B6000CB1A3F05043B7E0D1B050D4F5B0D3E432D
:100B70001F435346E3715B46A3600A4BA780668020
:100B8000044327000B60B3E701F0A0F8240100D074
:100B9000C51E0020940F002000ED00E001BD000004
:100BA00000E0FFFF01488047C101001000A1FFFFE6
:100BB000DC0F002001BDFFFFAAAA0000F0B5DE4651
:100BC00057464E464546E0B583B0EFF3108972B6FE
:100BD0005D4A1368002BFCD0BFF35F8F5B4B5C4E0C
:100BE0009A68030010339C0012599846B2423BD0D9
:100BF0008A424CD0574FBC46D71B472F34D8564B50
:100C00001F271D680740AA460125BD408027019582
:100C1000DD51BFF35F8FEFF30585AB46002D38D173
:100C200001231D00854028005546054010009843CB
:100C30008768AA46B94208D17CE073009B199B00E3
:100C400063449F68B9422DD0180006268657002EAF
:100C5000F3DAB9424CD05346002B1ED0C0213E4B94
:100C60000198490058501860384B9B681A51BFF3DF
:100C70005F8FBFF35F8F0022334B1A6089F31088B8
:100C800003B0F0BCBB46B246A946A046F0BD320058
:100C9000EAE7A845C4D001F019F880232E4901984D
:100CA000C850E1E70627DF57002F22DB7900C8197B
:100CB00085002E006644B0689860F079D8710620EF
:100CC00030569871002826DB6046B688C01A760533
:100CD0003615761980190005204E400D3043988056
:100CE000CB191F499B000878634498710F70B2E7D5
:100CF00003005946002910D1FF31817119498180C3
:100D0000174865460178997117495B1B5B41594348
:100D1000090D01709FE71348E1E714491448C91A07
:100D200008394E02760D3043988012484908014335
:100D3000D98090E70627C7570300002FB6DA594637
:100D40000029EAD13200DBE7240100D000ED00E009
:100D5000C1010010940F002000E100E000E0FFFF5F
:100D6000C51E002001BDFFFFAAAA0000E60F00205B
:100D700000F0FFFF00F8FFFF0123034370B59C461E
:100D8000EFF30581EFF3108572B6274A1368002B45
:100D9000FCD0BFF35F8F254A0400254BA41A6441A1
:100DA00063431B0D234C8900A6685BB276586645E9
:100DB00024D006215156994224D0122151569942ED
:100DC0002AD01E215156994228D02A2151569942A3
:100DD00026D036215156994224D04221515605241D
:100DE000994210D0144A117813708171BFF35F8F4C
:100DF00000220D4B1A6085F3108870BDA2680F4C5D
:100E00005450EFE700246100091989005218FF21AE
:100E100091710B499180E5E70124F4E70224F2E7A0
:100E20000324F0E70424EEE7240100D0940F00200F
:100E3000AAAA000000ED00E0C51E0020C1010010BC
:100E400001BDFFFF00B5074B83B0010000930022F6
:100E500005230548FFF7E2FC002801DB1F23181AD1
:100E600003B000BD9C780010C91E0020024BC918B9
:100E7000890001607047C0464000003470B5114CD5
:100E8000114DAC420FD2FF262368002B0CD0FFF788
:100E900009FD01002000FFF7E9FFA680BFF35F8F87
:100EA0000834AC42F0D370BDFFF7FCFC0100200019
:100EB000FFF7DCFF2671BFF35F8F0834AC42E3D34A
:100EC000F1E7C046901000209810002010B50400F3
:100ED000FFF7E8FC01002000FFF7C8FFFF232371A4
:100EE000BFF35F8F10BDC04610B504000120FFF7AF
:100EF000E5FC034BC01880002060BFF35F8F10BD7E
:100F000040000034034BC91889000160BFF35F8FB4
:100F10007047C0464000003440BF002000217047A9
:100F2000F0B5DE4657464E464546E0B585B0EFF390
:100F3000058303221A40B14B91005B5803929846F7
:100F4000012393401A000193AD4B02911A600823CC
:100F500043449946019BAB484363434608229B5E4A
:100F60009A46002B00DBB9E043469B881BB2002B5E
:100F700000DA26E143461B69EFF3108272B6196866
:100F80000029FCD0BFF35F8F43469E880123414672
:100F90005B428B8036B20B69BFF35F8F0021196013
:100FA00082F31088002E26DB43465D697400A41985
:100FB00008201A5EE40049462C19002A14DBA068B8
:100FC0009A468046E06807E0834200D181E0002332
:100FD000FA5E3900002A06DB5700BF18FF00EF1940
:100FE000FB688342F0DD53460E800021665E22805E
:100FF000002EDBDA984643460821595E002900DAC4
:10100000DFE043465A694B007E485B180299DB00DB
:10101000D3180918826A9D68DC680B69AE1A9B1A9E
:101020009E421BD30123026A039883401A4215D0C3
:1010300043469B79002B16D1724800F06DFB8C4221
:1010400004DC00D086E7854200D883E740BF05B0C6
:10105000F0BCBB46B246A946A046F0BD43460D6172
:101060009B79002BE8D00023424693714346082227
:101070009A5E531CE0D0474648460026A846A34641
:1010800002E00800531C20D053007D699B18DB0050
:10109000E9181400EA5E4B881BB2002BF1DA0280DB
:1010A0003B69EFF3108A72B61D002B68002BFCD051
:1010B000BFF35F8F7B880B803B697C80BFF35F8FC2
:1010C0001E608AF31088531CDED145465C46B84644
:1010D000B2E7BB68434500D879E784E742465269E6
:1010E0005B0093465344DB009B445B469E68DF688D
:1010F00000F012FB8F422ADC30D05B465A461B6957
:101100005469022B32D041460820085E5288000400
:1011100021001043984704000D0023002B432ED0DC
:10112000002D48DA30003900001BA9415B46986069
:10113000D96000229B5E002B09DB42465E005469A9
:10114000F218D200A2189768D2688A425CDD434642
:101150009B881BB2002B00DA4DE70BE78642F6D8DE
:101160005B465A461B695469022BCCD12000236987
:101170009847002803D030CC23002B43D0D15B46C6
:1011800042461B8813811269EFF3108372B611680F
:101190000029FCD0BFF35F8F4246594652880A802F
:1011A0004246514651801269BFF35F8F00211160A2
:1011B00083F31088CBE7134800F0AEFA00196941B9
:1011C000B4E7104C200000F0A7FA8022002312069A
:1011D00080185941029AA56A12191369461B5B1BB4
:1011E0009E4201D2106131E70123039D246AAB4086
:1011F0001C4200D02AE7106128E7C0467C1E002070
:101200003C700540004005408A4201D187429ED88B
:1012100045462B81083505E05E00F218D200A21881
:101220009768D2688A4206DC0AD0F318DB00E5181A
:10123000E35E002BF0DA5A46138053462B8086E794
:101240008742F2D9F7E7C04670B52B4C2569002DCF
:1012500000D070BD294E0321284800F053FAE66003
:10126000FFF720FB264B0322C018D02322701B0659
:101270001B6801216370234B8000A3600F23206152
:101280000220638063694942A18019800231198676
:1012900047311D83585218315A5275325C39995270
:1012A00018320131995218320131995218320131F4
:1012B0009952083518329D5202311832995218321B
:1012C0000131995218320131995218320131995233
:1012D0001832013199521832013199520A4B0B4997
:1012E000DC6001303562FFF763FB01210320FFF76B
:1012F00027FB074B1D60ACE7F40F002000400540C2
:1013000040000034FFFF10007C1E0020210F001061
:101310003860054000487047F40F0020F8B51F0002
:1013200008AB1B7804001600002B07D100F0FCF975
:1013300032003B00121A8B41002B51DB2269EFF384
:10134000108C72B61368002BFCD0BFF35F8F0223A2
:10135000E15E256900293ADB4B0060695B18DB0020
:10136000C218C35A6380BFF35F8F00232B608CF3D6
:101370001088069B9660D7601361079B5361538862
:1013800001335B045B0C181C002B1ED083B2508011
:10139000080418432569EFF3108672B62B68002BFA
:1013A000FCD0BFF35F8FA3881380A1802369BFF3B4
:1013B0005F8F00221A6086F31088237801329A40EA
:1013C0000849E3685B181A60F8BD0120DEE7BFF347
:1013D0005F8F00232B608CF3108801204042F3E7DD
:1013E0000020F1E73C20000070B582B0009201932C
:1013F00001000269EFF3108472B61368002BFCD071
:10140000BFF35F8F0223C85E0D6900283FDB4A6986
:10141000430016001B18DB00D218F35A4B80BFF3B1
:101420005F8F00232B6084F31088069B1361079B5A
:101430005361009B019C9360D460538801335B042B
:101440005B0C1D1C002B20D0ACB203045580234341
:101450000D69EFF3108C72B62C68002CFCD0BFF332
:101460005F8F8C88148088800A69BFF35F8F0020AB
:1014700010608CF310880A7801309040CA680849DF
:1014800052181060180002B070BD0125DCE7BFF3F0
:101490005F8F00232B6084F31088013BF2E7C04686
:1014A0003C20000010B543890A1493421ADD530012
:1014B0009B184269DB00D3180469EFF3108C72B6F5
:1014C0002268002AFCD0BFF35F8F5A88090494B2C7
:1014D000090C8A4208D00369BFF35F8F00221A60AB
:1014E0008CF31088002010BD094A22435A80012342
:1014F00002698371BFF35F8F002111608CF3108844
:10150000027804499340C268012052181360EAE748
:101510000080FFFF3C20000040787047F0B583B0AA
:10152000040000F001F9FA2206000F002000002359
:101530000021920001F040FB8019794104000D1E4A
:1015400002DA0124234D644206267642F717361943
:101550006F41AF4212D80FD000F0E6F832003B00E6
:10156000121A8B41002B13DC002B30D020002900F5
:1015700000F01AF903B0F0BDA642EDD9002600270D
:1015800000F0D2F832003B00121A8B41002BEBDD49
:1015900000F0CAF832003B00121A8B41002B0ADB24
:1015A000002301930C4B320000930C483B00FFF7E3
:1015B0001BFF0130DAD03900094A536A994204D836
:1015C000906AB042D2D29942D0D120BFF5E7002A2A
:1015D000CCD0DDE7FFFFFF7F190F0010F40F0020D4
:1015E00000400540F0B5CE46474680B504000D00EA
:1015F00085B0EFF305868946002E10D03E490020C5
:101600004B6AAB4206D38A6A5B1B591E8B41A242CE
:101610004041184305B0C0BCB946B046F0BD374F95
:10162000FB683A7898461800039200F075F8039A20
:10163000131D42469B009B5822001B1A9C462B0000
:10164000121A8B419E421ADC17D02B4B5A6A4A451C
:1016500005D39B6A0120A342DCD24A45DAD120BFE0
:10166000254B586A48453CD3401B9A6A431E984113
:101670000023A2425B411843CCE79445E5D900F032
:1016800053F822002B00121A8B41002B25DB00237C
:1016900001931B4B2200009338002B00FFF7A4FEA0
:1016A00000281ADD144B5A6A4A4504D39B6AA342A8
:1016B00002D24A4500D120BF01003800FFF7F2FEF8
:1016C0000D4A0020536A4B45A4D3926A5B1B591EF6
:1016D0008B41A242404118439CE7074A536A4B455D
:1016E00001D2002096E70020926A5B1BA242404193
:1016F0005A1E934118438DE700400540F40F002027
:10170000190F001010B5024A0248FFF75FF810BD2C
:10171000B8780010041A00200300416A0A00986A91
:10172000596A8A42FAD17047034B596A0A00986A8B
:10173000596A9142FAD170470040054070B50500E2
:101740000E00184A536A1900946A536A8B42FAD100
:10175000200019002C00350024184D41AB4216D84A
:1017600013D0104B2A005B6A9D4203D90D494B6A86
:101770009342FCD3934207D10A4A02E0516A99424C
:1017800002D1916AA142F9D370BDA042E9D9054BBB
:101790005B6A1C005A1CEFD0012201246442E51749
:1017A0005242E3E700400540064A536A9942FCD89A
:1017B00007D1044B02E05A6A914202D19A6A9042E0
:1017C000F9D8704700400540F8B5040006200D0028
:1017D00000F06EF9002843D0364B3749E3185A1E03
:1017E000934180225B429B0D12049B059B18334A58
:1017F0001360334A136018000A689043FBD12D4BE5
:10180000304AE31859424B4180215B0049000620D1
:10181000995200F04DF92900C00000F0A9FB0130F9
:10182000C3091ED1402701226262A362266BF3071F
:1018300022D4E36A244B0620E51800232B6026639C
:1018400000F036F93900800000F092FB7023E26A64
:101850005A400E3313402B601C4B23630323A364B5
:10186000F8BD1B4A93421DD900231A4A1A4F6262DF
:10187000A362266BF307DCD5184B144AE3181A60F1
:10188000656AA36A0620AD01ED1800F011F914494C
:1018900000F06EFB0100A80200F06AFB0021FFF7D8
:1018A0004DFFC6E740069A01800E17181A00030084
:1018B000BAE7C0460080FCBF08C0004000E000401E
:1018C00000F00040A81E00202C10000001030000C2
:1018D000FEFF0000FFFF0000C0FF3F0030300000AF
:1018E0004E0E0000F8B5DE464E4645465746E0B57A
:1018F00005008B4618000A99914600F039FB0A9BB7
:101900006C001E026419304BA400E4186368804622
:101910009E4200D966602F1FFBB29A46012B2FD939
:10192000C0238022294FAD009B0179591201E31891
:101930001A6000291BD14B4622685B015340E0220C
:10194000134080225201A21813605346012B2FD955
:10195000802380229B01E31812011A6043466660CF
:101960007B51F0BCBB46B246A946A046F8BD78699B
:1019700000F0FEFA013043001B18033BFDD2DAE70A
:101980005B46012BCCD1C02303229B01E3181A60D4
:10199000023AA3681A42FCD04A46236852015A40D0
:1019A000E023134080225201A218084F1360AD00BB
:1019B00058460323216841400B40136001228240B6
:1019C000A3681A42FCD0C3E700800040081A002038
:1019D000F0B5D6464F464646440098462418324B4A
:1019E000A400E41863688A469146C0B5FF2B02D86C
:1019F00080235B006360061FF6B2012E2FD9C0233F
:101A000080222A4F85009B0179591201E3181A6040
:101A100000291BD14B4622685B015340E022134052
:101A200080225201A2181360012E30D98023802217
:101A30009B01E31812011A6080235B006360434638
:101A40007B51E0BCBA46B146A846F0BD786900F0CB
:101A50008FFA013043001B18033BFDD2DAE75346EF
:101A6000012BCCD1C02303229B01E3181A60023A58
:101A7000A3681A42FCD04A46236852015A40E02328
:101A8000134080225201A218084F1360850050466F
:101A90000323216841400B40136001228240A36868
:101AA0001A42FCD0C2E7C04600800040081A00205D
:101AB000014B8000C0587047081A0020F0B5C64698
:101AC000040000B52348160098460D0000F050FAB7
:101AD0000100300000F04CFA4346069A1B04120342
:101AE00013439C4623680600002B22DB1A4B1B483D
:101AF000E218531E9A4180235242120B9B0112039B
:101B0000D218174B1A60174B1A60130001688B43E9
:101B1000FBD12122144B2560E318A6601A602268CD
:101B2000002AFCDA6246E26008221A6080BCB846ED
:101B3000F0BD3F2322681340AB42D7D1A3681B05F9
:101B40001B0D8342D2D1EE22E368D20213406345DB
:101B5000CCD1EBE7001BB7000040FDBF08C0004040
:101B600000E0004000F000400430000010B5802488
:101B70001C4BE4051C6000281AD001231A4C1843A2
:101B80001A4BDC611A4C44401C62596298628021F5
:101B9000144BC9051960174817490860E021C904AA
:101BA0001960002A07D18022144B12061A6010BD5A
:101BB0000E4BD861EBE753019B1A9B009A188023C8
:101BC00012015B049A4209D213000D490B60074BC6
:101BD0005A608022094BD2051A60E8E7094B1A00C7
:101BE000F3E7C04600B00540D3C007B00080054011
:101BF0002D3FF84FFCFF01000820014000A00540E8
:101C00006C1E0020FFFFFF008023024A9B000B4355
:101C1000D362704700800540002310B50100988A08
:101C20001B8B984710BDC046162310B501001888BD
:101C30005B88984710BDC046F8B54746CE4680B58C
:101C40000F1E18D0142399460433040000250126E2
:101C500098464B461888434621681B88984701C41C
:101C6000431E984101350640AF42F2D13000C0BC5E
:101C7000B946B046F8BD0126F8E7C046002370B566
:101C800004000D00988A05491B8B9847030000202B
:101C9000002C01DB0130A04029009847554200008C
:101CA000AA23064A1B0113608D235B00D3600449FD
:101CB000044B19605368002BFCDA70470040024067
:101CC00000B0FA00006002407047C04610B50148FD
:101CD000FEF764FDDC78001070B5074D074EB54285
:101CE00009D20024013E761BB608013608CD013426
:101CF0009847B442FAD170BD0876001044760010BF
:101D0000054B064A06491A60064A074B1A6010003E
:101D10000B689843FBD1704700E00040BFCDFBFE4D
:101D200008C00040FE7F3C0000F00040044BDB6C2C
:101D3000002B03D18022034BD2021A607047C046A9
:101D4000000011504C201150044A054B1A60054AFE
:101D50001368DB018033FBD17047C046FFFFFF01F2
:101D600000F0004008C000404022034B9A675A67C9
:101D70001A67DA667047C04600F0014010B5FEF7FA
:101D8000ADFD10BD70B52749274E284D761AB40811
:101D90002200302C00D930222800920000F07EFF73
:101DA0002F2C3BD823002A3B214A052B1BD930205E
:101DB000AE197107001B2600CB0F002902DAA10023
:101DC0006A50661CC01AE3189B004108EB18C90052
:101DD000C9181A605A6008338B42FAD101230342B2
:101DE0001CD098438419A300EA50631C2F2C15D0F3
:101DF0009B00EA50A31C2E2C10D09B00EA50E31C41
:101E00002D2C0BD09B00EA50231D2C2C06D09B00C0
:101E1000EA50631D2B2C01D09B00EA50054B9D60BE
:101E200070BDC04600010010C0010010000000207D
:101E3000C101001000ED00E0002310B5294C82B074
:101E4000A367FFF72DFF0122274B1A60636C012B5C
:101E5000FCD10322254B1A60224A936B012BFCD143
:101E6000013300930121224A22480433FFF726FE62
:101E7000052301210093204A2048FFF71FFE00227E
:101E8000022104201E4BFFF7A3FD002201210520A3
:101E90001C4BFFF79DFD0022002107201A4BFFF786
:101EA00097FD002200210820174BFFF791FD8023AA
:101EB000DB000093002200210920134BFFF712FDE5
:101EC0000022104B00210620FFF782FD0420FFF7BF
:101ED000EFFD0E4900F04CF801000020FFF794FEE2
:101EE00002B010BD008000403CB0004030B0004067
:101EF000002F685900800240008C864700C00240D5
:101F0000001BB70040597307006CDC0240420F0011
:101F100001480421014B184710100020391C001003
:101F2000124A936F9B0815D29066D166002905D09E
:101F3000FFE7FFE7FFE7516F106F704704B580219F
:101F40000906C2175140002800D0C84305F02CFBF9
:101F5000002104BDF0B5146E556E576F166FFFF774
:101F6000E3FF1466556657671667F0BD000000D0A2
:101F7000114A936F9B0813D210665166002905D051
:101F8000FFE7FFE7FFE7516F106F704704B50028C8
:101F900001D00020C04305F007FB002104BDC0466E
:101FA000F0B5146E556E576F166FFFF7E5FF1466A8
:101FB000556657671667F0BD000000D094464A4A40
:101FC000926F9208624601D228E0C046F0B5464EB4
:101FD000346E756E776F366F00F020F89446424A83
:101FE00014665566576716676246F0BD94463E4ACA
:101FF000926F9208624601D254E0C046F0B53A4E64
:10200000346E756E776F366F00F04CF89446364A32
:1020100014665566576716676246F0BD002B24DBD1
:1020200011D000293EDA00B5C943404200D1013148
:1020300000F038F8C943404200D10131DB4352423D
:1020400000D1013300BD002AEBD1002801D10029C5
:1020500005D00020C90FC90701D1C043410800B510
:1020600005F0BAFA0022002300BD00B500290ADB02
:10207000DB43524200D1013300F014F8C94340421F
:1020800000D1013100BDC943404200D10131DB43E1
:10209000524200D1013300F005F8DB43524200D137
:1020A000013300BD002923D1002B18D1002A0CD008
:1020B000BC460D4F38667A6600210023FFE7FFE734
:1020C000FFE77A6F386F67467047002801D00748EE
:1020D000010000B505F080FA0022002300BD0200D7
:1020E0000B00002000217047000000D0FFFFFFFF21
:1020F000002B00D0BFE0130C28D1002AE7D080B419
:10210000114F39667A66FFE7FFE730B4040C7B6F46
:10211000396F1B0423433B667A66FFE7FFE7FFE75F
:10212000C04684B27B6F3D6F1B0423433B667A66D7
:10213000FFE7FFE7C04600232C042D0C7A6F386FB1
:1021400000196941B0BC7047000000D0F0B594465A
:102150000025140E01D112020835140F01D112010D
:102160000435940F01D192000235D40F01D15200F1
:102170000135D40B0134254F7C66254C3C660E0C92
:1021800093B2FFE7FFE7FFE73C6F6643360C770348
:10219000BE467343DF0B5B04C01AB941130C734393
:1021A000DB18C91ACE086643360CB64493B27343A3
:1021B0001F0F1B01C01AB941130C73431F0B1B05E2
:1021C000C01AB941860D8F023E436643360C092D75
:1021D00024DB520A7243801A7703460A6643360CA0
:1021E00016235B1BDE40DF40BF1964466643821B3B
:1021F0007046043506330100D940A840C01900D309
:102200000131A24206D20023F0BD0000000000D040
:10221000FFFFFFFF121B0130F3D3F1E709277F1BFC
:10222000FE406446A2B27243801A00D20139220CE9
:102230007243130C1204821A99410B007046043544
:1022400013370100F940A840801900D30131002B59
:1022500002D1A2420AD2F0BD013000D30131121BDB
:10226000FAD2013BF8D1A24200D2F0BD013000D336
:102270000131121BF7E7F0B51C0C00D080E00CB464
:1022800000251C0A04D11B02160E33431202083526
:102290001C0B04D11B01160F3343120104359C0B98
:1022A00004D19B00960F334392000235DC0B02D120
:1022B00092185B4101351C00971864410134464F68
:1022C0007C66464C3C660E0CFFE7FFE7FFE7C04626
:1022D0003C6F6643360C7703BE4697B27743C01B0C
:1022E00000D20139C01B00D201399FB27743C91B0C
:1022F000C91B170C77437E04FF0B801BB941CE0826
:102300006643360C0C2D33DBB644120B1F053A43E3
:102310001B0B97B27743C01B00D201399FB27743A2
:10232000C91B170C77433E043F0C801BB941860D37
:102330008F023E43664329277F1BFE400C3D7746B4
:10234000AF40BF1930BCA2B2ABB272437343801A24
:102350009941220C7243130C1204801A9941020015
:102360000B000137001BA941F9D2781E0021F0BDF6
:102370000C277F1BFE4077467F0BAF40FF19E0E73D
:1023800000245D1C07D0144F7D663966FFE7FFE728
:10239000FFE7FFE73C6F95B29EB265436643401B83
:1023A000B141150C1E0C6543664336042F0C3E43A9
:1023B0002D04401BB141994204D202000B002000C1
:1023C0000021F0BD01D19042F7D3801A9941013428
:1023D0009942F2D3F6E70000000000D0FFFFFFFFB4
:1023E00048404140484018B41B4B5B68FC46019391
:1023F00008BD04DF8B26001018B4174B1B68FC4681
:10240000019308BD00DF952600109446134A926F91
:10241000920809D2624618B40F4BDB68FC46019360
:1024200008BD0CDF4D2900100C4AF0B5146E556E36
:10243000576F166F6246FFF7EEFF084A146655663F
:1024400057671667F0BD18B4034B9B68FC460193B1
:1024500008BD08DFF1270010E8120020000000D0BE
:10246000FFB550404240504059404B40594000E079
:10247000FFB5154F4C00640D03D0BC4204D10C03D2
:1024800014D80020090D09055C00640D03D0BC427E
:1024900004D11C030AD800221B0D1B0501264B404A
:1024A00009D44B4003D58B4200D18242FFBD9942F3
:1024B000FCD19042FFBD0B43DB1803431343F5D01F
:1024C000C9434918FFBD0000FF07000000B5FFF732
:1024D000CFFF804100BDC04600B5FFF7C9FF01D95D
:1024E000002000BD012000BD00B5FFF7B9FF01D9F4
:1024F000002000BD012000BD00B5FFF7B1FF804105
:1025000000BD012040054A00121804D85A001218D4
:1025100001D80020704701207047000000210028EA
:1025200005D17047C1174840401AFAD0C90713B502
:10253000064B1B6898470CBC441CA2401005120BAC
:102540000349091B09051943114310BD9C1E0020B6
:102550001F04000010B54C00620D8023D218DB0070
:10256000D21A5B057E2A10DD9E3A13DACC170903D6
:10257000490819435242D140640001341532202ADF
:1025800005DAD0400843604310BD002010BD084666
:10259000604310BDC80FC018013810BD18B4044BFB
:1025A0005B6AFC46019308BD24DFFD2A0010000091
:1025B000E8120020132370B51D78012D19D014DD09
:1025C0001F48FFF731FB06001E48FFF72DFB1E4C8E
:1025D00080223100200000F061FB022D2DD01B482D
:1025E000FFF71AFB1A4B186070BD1A4B164CA36408
:1025F000F5E7184B144C23606360A360E36023612C
:102600006361A361E36123626362A362E3622363A4
:102610006363A363E36323646364A364E364236584
:102620006365A365E36523666366A366E366236764
:102630006367A367E367A364D1E7064BA364CEE7B0
:102640005344000053460000E81200204C330000C1
:102650009C1E00205926001007B5604601880A0A12
:102660000230DF2AFAD1C9B2820804D30288408836
:102670000004104300E00068014A5050039007BD79
:10268000E81200200FB403BC0CBCF0B50124E40731
:10269000634000E0F0B50C0DCF0F661E3605891BB8
:1026A000640503D3C943404200D30131640D03D014
:1026B000661CF60A07D0E41B00207F00791C8907FE
:1026C0008912803C24031D0DDF0F6E1E36059B1BF7
:1026D0006D0503D3DB43524200D301336D0D03D0AC
:1026E0006E1CF60A07D0ED1B00227F007B1C9B07A7
:1026F0009B12803D2D032F1B661B58D4A446202E11
:1027000046DA20371400BC401D00BD40F240334182
:102710002A4380185941CB0F05D0C943C04300223A
:1027200064425041514162464D0D28D10D0D07D1F3
:1027300000281FD0241940414941013A0D0DF9D01C
:10274000640006D3013000D30131002C01D14008D0
:102750004000013A0BD4941CE40A04D11205114440
:10276000DB071944F0BDD907204B194300E0D90716
:102770000020F0BD0029DDD1002CDBD1F0BD0132FD
:10278000C6074008CD0728434908002EE1D0D9E705
:102790003C2E29DA203E40371400BC4000D00124F2
:1027A000F24014431A00BB401C43D317ACE7AC46BD
:1027B000202F08DA20360400B4400D00B540F84060
:1027C00039412843A5E73C2F0CDA203F403604006E
:1027D000B44000D00124F84004430800B1400C4349
:1027E000C117EAE710001900002494E70000F07F09
:1027F000F0B50C0D661E3605891BE60A6405640DEE
:1028000002D0651CED0A04D0002001210905803C9E
:102810002403A4461C0D671E3F05DB1BE70A640565
:10282000640D02D0651CED0A04D0002201231B05B3
:10283000803C24037740644497B484B296B27443D6
:10284000070C7E43150C6F4380B26843361802D3E1
:10285000012000043F183004350C00197D418446E6
:1028600088B29AB250430C0C62431F0C7C438EB268
:102870007E43921902D301263604A4191604170CBC
:102880003618674101BC81B29AB25143040C6243CD
:102890001B0C5C4380B25843121802D30120000481
:1028A00024181004130C401863412D185E410020B9
:1028B000474106BC88B293B258430C0C6343120CD8
:1028C000544389B251435B1802D3012109046418AF
:1028D00019041A0C091862416D185641002047412D
:1028E00018BCF902720D1143F0026A0D1043ED029B
:1028F0000A0D03D16D1940414941013B124E9B1B0A
:102900007600B3420ED26D0007D30130002671412C
:102910006646354301D1400840001B05C918E4074D
:102920002144F0BD0BDA013306D1013004D101316D
:102930004F0D01D04908F2E7E1070020F0BD013654
:1029400031050020EBE70000FF030000F0B51C0D8F
:10295000671E3F05DB1BE70A6405640D02D0661C99
:10296000F60A04D0002201231B05803C2403D02555
:102970002D060026F6432E661E096E66CE0FF6194A
:10298000B44649004F0D02D07E1CF60A03D0002049
:102990000021403F3F033E1BB600B444013F7F058A
:1029A000C91B49082E6F013676089C02950D2543F8
:1029B0007543ED137543AD1301356D10F603761BAA
:1029C0000CB4CC02450D2C43A2B2B3B25A43270C2F
:1029D0007B43350C6F43A4B26C431B1902D3012413
:1029E00024043F191C041D0CA4187D4124196D41B9
:1029F000009A91B2ACB26143170C7C432B0C5F433D
:102A000092B25A43A41802D301221204BF1822041E
:102A1000230C52187B41019C6C431B19520ED901A7
:102A20000A434401A01A81B2B2B2514303145A437B
:102A3000360C734387B27743D617D21900277E41ED
:102A400036049B191704160C7F185E417316ED1897
:102A5000F301002680337541A90F06D16400690A8D
:102A6000E8055B0A184309D22FE00422944480331E
:102A70007541A90AA8059B0A184326D3404149413C
:102A80002404009A019B0D005543641B4343E41A40
:102A900095B286B27543170C7E43030C5F4392B226
:102AA0005A43B61802D301221204BF183204330C61
:102AB00052197B4152429C41002C02D40022013029
:102AC00051414008CA071043490802B06246D7077F
:102AD0009210084BD218084B9A4203D2120589185B
:102AE000C919F0BD0020002A01DC3900F0BD013316
:102AF0001905F5E7FD030000FE070000002200B500
:102B0000203200F004F8080000BD000000220B1580
:102B10000AD410B5944600F031F81414013400DAE8
:102B20000021CB17144C204700200021704762443D
:102B3000343A0CD40C2A07DA0400914090405242F7
:102B40002032D440214310BDD843D94310BD203298
:102B500007D40C469440524220321141D0402043C9
:102B600010BD0800C917203203D452422032104150
:102B700010BD1800190010BD2F2B00100A0DCC0F2E
:102B8000531E1B05C91A520503D3C943404200D343
:102B90000131520D03D0531CDB0A07D0121B002059
:102BA0006400611C89078912803A1203014BD21A12
:102BB00070470000FF03000051434343C9188C468F
:102BC000110C83B24B4310B4040C614392B280B237
:102BD000504362431C041B0C001910BC59411304E0
:102BE000120CC0185141614470470000132310B506
:102BF0001C781348FFF718F8012C0BD004DD0100F6
:102C00008022104800F04AF80F48FFF705F80F4BF4
:102C1000186010BD0B4C01005422200000F03EF85B
:102C20000B4B6365A365E36523666366A366E36692
:102C300023676367A367E3672362E361E4E7C04652
:102C400053460000E81300204C3300009C1E002077
:102C5000552C001007B5604601880A0A0230DF2AA9
:102C6000FAD1C9B2820804D3028840880004104314
:102C700000E00068014A5050039007BDE8130020AF
:102C800001480421014B184720100020391C001076
:102C9000014B1B681847000020100020014B5B68A7
:102CA00018470000201000207047C046F8B5DE46E7
:102CB00057464E464546E0B599460D9B0700884667
:102CC00093469B0728D00B9B002B3CD016000B9CF7
:102CD0000A9D3619321B013C4B464146285DB847D8
:102CE000002CF7D135000D9B9B070ED55B46EC1AE7
:102CF0000C9BA34209D91E002A004B4641462020C6
:102D00000134B8470135B442F6D32800F0BCBB46C5
:102D1000B246A946A046F8BD0B9B0C9A934214D22A
:102D200013005D460C000B9A9E1A76192A004B463A
:102D3000013521002020B847B542F7D10B9BA046B2
:102D4000002BC4D1E1E71500CDE75E46002BBED1D4
:102D50005D46DAE7F0B54F46D6464646C0B584B084
:102D60009C460EAB1F78129B9146BA460D9C109E56
:102D7000119D9B074CD4002D41D1B44248D2012370
:102D8000129F1F40B8460C9B5F1E302303E00134A6
:102D90003B55A64201D9202CF9D14346002B00D146
:102DA00087E00C9B5F1E3023A54204D830E001343D
:102DB0003B55AC422CD0202CF9D1129BDB060DD513
:102DC000129B5B0557D4A64267D0A54265D00F9BE6
:102DD000102B53D0022B5BD0202C36D12023129CF9
:102DE00001930C9B4A460093039463460295FFF7B8
:102DF0005DFF04B0E0BCBA46B146A846F0BD012371
:102E0000129A13409846012313422DD1B442BAD3EB
:102E1000129BDB061ED5129B5B05D8D4002CD2D1A9
:102E20000F9B102B60D00F9B022B71D030230124FD
:102E30000C9A13705346002B11D1129B5B0740D59F
:102E40002B260C9A631C1655C9E723000134302643
:102E50000C9AD654202CC1D05346002BEDD02D26F1
:102E60000C9A631C1655BAE7002F34D0013DB442CA
:102E700000D288E795E70F9B102BAFD1129B9B06E2
:102E80003CD5202CAAD058230C9A13550134A3E723
:102E9000202CA3D02300013407E0631E012CBFD0F7
:102EA0000F9A102A36D0022AD1D162260C9AD65413
:102EB00092E7129BDB06CDD5129B5B0500D482E71F
:102EC00085E7129A2300160700D488E720260C9A7B
:102ED0000133165583E70C2313405F1EBB41ED1AE7
:102EE000B44200D24FE75CE7129B9B060ED47823D6
:102EF0000C9A02241370302353709BE7202C00D1CE
:102F00006CE778230C9A1355013465E75823EFE7F3
:102F10006033EDE70C9AA61EB618129A920602D5F7
:102F20005822327093E77822327090E710B500286B
:102F300000D110BD01F0ACFBFBE7C04610B5002886
:102F400003D04A680B681100984710BDF0B54E4693
:102F5000DE4657464546E0B595B0834689469246DB
:102F600098461E9A1F9B10001900209EFFF7C9FA71
:102F7000002800D0D2E11E981F990122C44B524272
:102F8000FFF7A4FA002800D001E11E981F99012242
:102F9000C04B5242FFF7B0FA002800D0D6E01E988E
:102FA0001F990022BC4BFFF7A7FA002800D0B5E01C
:102FB0001E981F990022B94BFFF788FA002800D00D
:102FC000ACE01E981F9900220023FFF77FFA00282B
:102FD00000D0D1E000230B93229B5B0500D4062692
:102FE0000024302306E006AA013417321355013EAF
:102FF000202C01D0092EF6D81E981F99FFF7AAFAA7
:10300000A74BF2009B180CCB050008920993FFF721
:1030100089FA02000B001E981F99FFF7E4F9089A3D
:10302000099BFFF710FA06900791FFF7B7FA070020
:10303000FFF774FA02000B0006980799FFF7D3F91F
:103040000022984B06900791FFF756FA002800D10E
:10305000E9E001373800FFF761FA02000B00089839
:103060000999FFF739FA002801D000270135002E11
:1030700000D1B7E0069513E0172306AA9B180A2192
:10308000380001341D19FEF773FF30312970380004
:103090000A21013EFEF76CFF092F00D8E1E007008E
:1030A000202CE9D1069D20240CAB0693172706ABF4
:1030B000FF180DE028000A21FEF732FF01343031FD
:1030C000280039550A21FEF72BFF051E00D1B7E075
:1030D000202CEFD10323229A1340012B17D1219BDF
:1030E000002B14D00B9B002B00D1E3E0219B013B74
:1030F0002193202B0BD93023219A06E006A9013415
:1031000017310B55944200D3A0E0202CF6D1229B1E
:1031100001940393219B0293069B21E0229B52463C
:103120000493219B4946039358461E9B1F9C02967D
:1031300000930194434600F043F90400200015B0C9
:10314000F0BCBB46B246A946A046F0BD229B5B0739
:103150000FD40322544B2299019203912199029199
:1031600000935246434649465846FFF79FFD0400E8
:10317000E4E704224D4BEEE71E9A1F9B002000213E
:10318000FFF731F901231E901F910B9324E70223CF
:10319000229A54461A40229B06929B0700D1ACE02B
:1031A0002600434D08942F1F3200E87843464946D5
:1031B000013DD8470136BD42F6D1089C069B043438
:1031C000002BBBD05746219AE31B9A42B6D9150073
:1031D00022004346494620200134D847E31BAB4236
:1031E000F6D3ABE72800FFF79DF902000B001E980D
:1031F0001F99FFF7F8F82B4B002206000F00FFF78E
:1032000065F90CAB0693002800D04FE70022300090
:103210003900244BFFF770F9002800D046E701235E
:1032200001359D4342E70022069807991D4BFFF7A1
:103230004DF9002800D01AE7002F59D1013716E7C1
:103240000323229A1340012B00D1A6E0202C00D1A9
:103250005DE70B9B002B3AD02D23069A13550134C2
:1032600055E7069D202C00D11DE73023361906E0D6
:1032700006AA013417321355202C00D113E7A642B9
:10328000F6D12E230CAA0134069293550EE7C046C0
:10329000FFFFEFFFFFFFEF7F65CDCD4165CDCDC1D6
:1032A000F87B00100000E03F307900102879001012
:1032B000387900100C23229A134257D0219B013BEE
:1032C0002193A34200D916E7202C00D11FE7229BAF
:1032D0005B0704D52B23069A1355013417E7229B6D
:1032E0001B0700D413E72023069A135501340EE779
:1032F000FB0700D4BBE60137B9E6219B042B00D8BD
:103300004EE755464F46043CE4182A004346013533
:1033100039002020D847AC42F7D141E70227229B51
:1033200055461F409B0726D006975F46234EEC1C50
:103330002A00B078434649460135B847013EAC42C1
:10334000F6D1069F002F00D1F8E65746219AE31BDD
:103350009A4200D8F2E61500220043464946202052
:103360000134D847E31BAB42F6D3E7E6219BA342E7
:1033700000D9C0E6CBE6219B032BD5D9069754464E
:103380004F46033DED18220043460134390020200A
:10339000D847A542F7D1069FC6E7219B002B00D155
:1033A00054E70B9B002B85D0219B013B21939C4232
:1033B00000D2A0E6202C00D04EE7A8E63479001019
:1033C000F0B54546DE4657464E46E0B59BB0249CD8
:1033D000259D824688469346994622002B00200070
:1033E0002900FFF78EF8002800D0C1E0012220005C
:1033F00029007C4B5242FFF77FF8002800D0B7E04D
:10340000012220002900784B5242FFF75FF8002884
:1034100000D0ADE00022002320002900FFF756F87D
:10342000002800D0BBE108940995089809998023E9
:10343000289ADB001A400F928022289E1201164023
:1034400032000E96289E0F000A901E4200D0A4E083
:103450000B00034300D0CBE0002A00D012E2320080
:1034600006332693022313400C930223134200D009
:103470000AE2279B042B00D215E200270426043B16
:103480000E930022002320002900FFF71FF80028D8
:1034900000D0C8E1554B289A134004930E9B039328
:1034A000269B0293089B099C0093019441464B463E
:1034B0005A465046FFF74AFD02002020289B00256F
:1034C000034059424B415B421840531C089341460C
:1034D0004B464530D047FB17FC185C40FB0F1F27BD
:1034E0000A93731E0E930AABFF1806E020000A2110
:1034F000FEF73EFD0400202D08D00A212000FEF733
:1035000037FD013530317955092CEFD80523069365
:103510000E9B56460593002304930A3303930A9B9C
:103520004146029312AB009330004B46089A019536
:10353000FFF710FC0C9B002B28D05F46279BC41B79
:10354000A34223D982461D003A194B46414620200A
:103550000134B047A542F7D850465946279C421A35
:1035600001320023944200D395E1013018180DE098
:10357000289B009401950493279B0393269B029319
:103580004B465A4641465046FFF7E0FC1BB0F0BCA4
:10359000BB46B246A946A046F0BD01432AD10E9BC8
:1035A0003200002B00D15DE70027269B0026BB429E
:1035B00000DD82E10022002320002900FEF786FFC3
:1035C000002800D04BE1289B084A02961A4080232D
:1035D000DB0013430493279B0393089B099C0093F0
:1035E0000194CDE7FFFFEF7FFFFFEFFFFFF7FFFF46
:1035F00006232693B24B7800400DC018FEF792FFC9
:10360000B04AB14BFEF71FFFB04AB14BFEF7F4FED4
:103610003F03B04B3F0B3B430C900D9100220A98A7
:103620001900AD4BFEF7DFFEAC4AAD4BFEF70BFFCA
:1036300002000B000C980D99FEF7DEFEFEF78AFFE4
:103640000700FEF76FFFA74AA74B0A900B91FEF702
:10365000FAFE0022A54BFEF7CFFEFEF77BFFA44A41
:1036600006000A980B99A34BFEF7EDFE0A900B910A
:103670003000FEF757FFA04AA04BFEF7E4FE020021
:103680000B000A980B99FEF7AEFE02000B000A90A1
:103690000B91FEF7D8FE0C900D910A980B99020041
:1036A0000B00FEF7A9FE0022109011910C980D99C5
:1036B000934BFEF7AAFE0022924BFEF79DFE0200FE
:1036C0000B000C980D99FEF7A0FE00228E4BFEF722
:1036D00093FE02000B000C980D99FEF796FE0A9AD5
:1036E0000B9B0C900D9180210020C905FEF77BFEFD
:1036F00002000B000C980D99FEF77EFE02000B00F5
:1037000010981199FEF781FE0022724BFEF774FEAD
:103710007E4B0022F6183305FEF795FE02000B00E3
:103720000A900B9108980999FEF7D0FE002808D05E
:103730000A980B990022734BFEF767FE0A900B91D3
:10374000013F0A990B9A0B0011003A006332C62A16
:1037500012D802222898042610400E9A0C90002AB3
:1037600026D1279B042B05D9002800D0A1E0279B58
:10377000043B0E93042642E00222289810400E9A41
:103780000C90002A13D1279B052B00D889E0002834
:1037900000D084E0279B0526053B0E9332E0802372
:1037A0001B069C46AC446346089409933DE60526F7
:1037B0000B4300D1F9E608980999554A554BFEF795
:1037C00093FE002808D0089809990022524BFEF772
:1037D0007DFE002800D0E8E6269B002B34D00F9B0E
:1037E000002B31D0269B013B2693279BB34204D963
:1037F0000C9B002B59D002230C9300230E93002F17
:1038000000D13EE60A9A0B9B08980999FEF7FDFD48
:10381000002208900991002320002900FEF756FE9F
:10382000002800D136E6089C099D289A80203B4B51
:1038300000061340220004930E9B0393269B0293E1
:103840002B180092019331E6279BB342D5D90C9BEC
:10385000002B2AD000230E9302330C93CFE7289B32
:103860002E4A8020089C099D1A408023DB001343C8
:1038700022000493279B000603932B1800920193C8
:1038800002967DE6052695E600230E930233002777
:1038900004260C93F5E54B1E1B191B1A65E6022343
:1038A0000C930526AEE70423E7E5279B9B1B0E93AD
:1038B000A5E7022304260C93A1E7DB1B5E1E79E635
:1038C00001FCFFFFFB799F501344D33FB3C8608BCB
:1038D000288AC63F0000F03F0000F83F61436F6355
:1038E000A787D23F71A379094F930A400000E03FB8
:1038F0001655B5BBB16B0240EF39FAFE422EE63FDA
:1039000000002C400000244000001840FF0300008D
:103910002D431CEBE2361A3F80842E41FFF7FFFF58
:10392000F0B55746DE464E464546E0B5A3B01F000B
:103930002C9B92460C93C94AC94B8B460B901A603C
:10394000002900D1BFE1002338789946002800D132
:10395000C1E1C44B4C460993C34B0E935B460A939B
:1039600008E0220053460A990B9DA8470134387895
:10397000002876D001372528F3D110239B46083B39
:103980009946043B9846033B002602259C4638781E
:10399000791C0300203BDBB2102B03D8099A9B0053
:1039A000D3589F460300303B092B36D900252A28DF
:1039B00000D1A7E000230D932E283FD00300683BE1
:1039C000DBB2122B1BD80E9A9B00D3589F4663463E
:1039D0000F001E43DBE70F002E43D8E743460F00DE
:1039E0001E43D4E75B460F001E43D0E74B460F0053
:1039F0001E43CCE7802378785B001E4301310F0023
:103A0000672845D82428ACD90300253BDBB2422BDC
:103A1000A7D896499B00CB589F460025AB005D195F
:103A20006D002D1808780F000300303B303D013148
:103A3000092BF3D900230D932E28BFD130228020EB
:103A400052429046C000064378780B0080444246BC
:103A5000092A00D851E12A2800D15EE10F00013186
:103A6000ACE70A9BA1469B46CA4503D801235B42AB
:103A70005344994653464A46594600200B9DA84751
:103A8000200023B0F0BCBB46B246A946A046F0BD1C
:103A90000300693BDBB20F2B00D962E7012199409B
:103AA0008846734A11408B46110042460A4200D0B4
:103AB00013E10A2B2FD0072B00D052E70C9D01CD2C
:103AC000002800D134E121231E43B0461F260D9A61
:103AD00012ABF618A14694465946340002E000099C
:103AE00020290AD00F26064032003732092E00D88E
:103AF000073A013162540F28F1D863464C468B4691
:103B00000D9322E10C9B20CB002D52DB78780C9397
:103B10000F0001314EE70C9B0D9904CB90469B465C
:103B2000002900D128E1434618784144002801D1FA
:103B300000F029FC0D9A94460A0004E059780133FC
:103B4000002900D195E19A42F8D163460D9343468E
:103B5000D31A0F93730500D46CE10F9B0D9A934217
:103B600000D90F9202231A0032400C92334200D146
:103B700091E20C930D9BB9461E1943461B1BA846A8
:103B800022001F000B9D08E0541C53460A99A847C9
:103B9000385D002800D163E122009642F4D1454609
:103BA0004F4634000C9B002B00D097E15B460C93F2
:103BB000DDE60222787816430F006D420C93013146
:103BC000F8E678786C2800D159E180235B001E4329
:103BD000013114E780239B0078781E4301310EE702
:103BE0007878682800D150E1802301311E4306E730
:103BF000672800D1C2E0472800D134E1452800D130
:103C000034E107210C9B0D9A07338B43190004966E
:103C1000039502920CC90B98009201930C9122001B
:103C200053460A99FFF7CCFB0400A0E6462800D1D2
:103C3000A8E007210C9B0D9A07338B4319000496CB
:103C4000039502920CC90B98009201930C912200EB
:103C500053460A99FFF77AF9040088E621390010E3
:103C6000681E00205C7A0010A07A0010EC7A001028
:103C7000419000002200534625200A990B9DA84739
:103C8000013474E60C9B04339B46631C9846B607CC
:103C900000D4FFE00C9B220018780A9953460B9E33
:103CA000B0476419012D00D849E245460B9EB8463D
:103CB0000A9F2A005346013539002020B047A5420B
:103CC000F7D1474672E7DB4B38780B9300239946D0
:103CD000002800D03DE60024C6E66F2855D000D865
:103CE000BCE21023782800D19EE09E430A239C4624
:103CF00000230F930A339B464DE000218A0052189F
:103D0000520001331118187830390200303A092A6C
:103D1000F4D90D911F00591C50E60C9BB87804CBC8
:103D20000237D143C9170A400D920C93791C45E61E
:103D3000102330009843113318438023804630000D
:103D4000DB0018401E4200D1C0E64346069308231C
:103D500005930D9B220004931023039300230293E9
:103D60005B4601931AAB00930A9953460B98FEF7F2
:103D7000F1FF0C950400FAE50139D4E680231B011C
:103D80001E433EE720231E4353E708239C4600239F
:103D90000F9308339B4680233000DB0018401E42FF
:103DA00000D11AE10D233100994380230A009B00C2
:103DB0001A409146194200D0C3E180230A005B00FB
:103DC0001A4090460C9A04320F92194200D08FE2AA
:103DD0004B0600D597E10B0600D4E5E20C9B1B884F
:103DE00099464B46002B00D005E21033994300283A
:103DF00000D100E2002398460D9B069104935B4698
:103E000003930023059502934346D9E0582808D030
:103E1000622878D102239C4600230F9302339B46ED
:103E2000B9E720231E43103B9C4600230F93103319
:103E30009B46B0E702231A0032400C92334200D175
:103E400005E20C934346B9460B9E0A9FA8461D1BEC
:103E50002200534639000134B047285D0028F7D1CD
:103E600045464F469EE680231B011E4320231E43EA
:103E7000C7E662460D9242469B1A0F936AE6C0233C
:103E80009B00B8781E43F91CB9E5C023B8781E43DF
:103E9000F91CB4E5012D00D84AE1631E9946A944F6
:103EA0004B4652462600A146BA461C001700A846BB
:103EB0000B9D32003B00013620200A99A847A642FC
:103EC000F7D13B0057469A464C460C9B3200187877
:103ED0000A9953460B9D4444A84767E6A0460F9BAA
:103EE0009D4200D862E62C190B9E4546B8460A9FB3
:103EF000E41A2A005346013539002020B047A54274
:103F0000F7D1474652E680233200DB001A40904644
:103F10001E4200D1F3E011218E43B446984680231F
:103F200062469B001A40934662461A4259D180234A
:103F30005B001A4091460C9A04320F9262461A4274
:103F400000D0A0E163465B0600D5D4E063461B06C3
:103F500000D412E20C9B00229B5ED8171918414036
:103F600089B2DA0F0C92002B00D187E188461F2618
:103F700012ABBB461495F71845464E46E046A1469F
:103F800006E028000A21FDF7F3FF0500202E08D0E7
:103F90000A212800FDF7ECFF01363031B955092D13
:103FA000EFD84C46C446B1465F46149D634606931F
:103FB0000D9B059504930A2303930C9B02934B4698
:103FC00001931AAB220000930A9953460B98FEF70F
:103FD000C1FE0F9B04000C93C9E40C2331009943EC
:103FE000E3E60822072191460C9B07338B43994453
:103FF0004A460ACB08000C92DA0F9346184300D0C9
:1040000085E0002399464346002B2FD10022002350
:104010001092119300231F26994612ABF6185B46A7
:104020001495BB46E04637000F934E46A146109CC0
:10403000119D05E0A92C001004000D00202E0CD0CD
:104040000A22002320002900FDF7D0FF013630327C
:10405000BA55002DF0D1092CEED80F9B1094119574
:104060005F464C46C446B1469B46149D6346069344
:104070000D9B059504930A2303935B4602934B46DD
:1040800001931AAB220000930A9953460B98FEF74E
:1040900061FE04006BE40F9B9D4200D896E18023F3
:1040A000DB000C930F9B2E19F61A43460F930D9BC2
:1040B000A84699465346BA461F000B9D22003B0076
:1040C000013420200A99A847B442F7D10F9B4546F6
:1040D00098464B460D933B0057469A464346187800
:1040E000002800D162E56B1C0F930C9B002B00D1C4
:1040F000A8E600233DE50C9B1B78190031E710234F
:104100009E43B4460BE70C9B1B78994669E6DA1789
:10411000129213924A401092129813990A005A4030
:104120001192109A119B121A8B411092119371E700
:104130000C9B220018780A9953460B9CA0474446D2
:1041400034E50822072690460C9B0733B343984476
:1041500042460C921A685B68149208931300089AFE
:10416000134305D11033994300239846002838D1D2
:1041700061208B0600D5412000231F2698465A4611
:1041800012ABF618030018920F9A0A3BB146169527
:10419000179419974446664690469B46149F089D7F
:1041A000159103E007000D00202C13D032000023EE
:1041B00038002900FDF71AFF5B46D2B2D318092A4E
:1041C00001D8130030334A4601341355A845E9D1CC
:1041D000BE42E7D9189BA0469B461599169D179C91
:1041E000199F0D9B069104935B460393002305954D
:1041F0000293434644E761208B0600D541201F26E9
:1042000012ABF21803000A3B0C934B464646A146FC
:10421000A8461C005D461491BB46170002E004004E
:10422000202E0DD029002000FDF7A2FE0C9BCB18FC
:10423000092901D80B0030330136BB55AC42EED210
:104240005F464C46AB4614994546B046D4E50F9BB5
:104250009D4200D926E701330F93F3E51023320086
:104260009A439446692800D0A2E080233200DB0004
:104270001A4090461E4200D151E64CE64346002BC0
:1042800000D093E673E60C9B1B68DA0F002B70D00E
:10429000D9175B184B4098461F2612ABF618A1465B
:1042A00014955C464546BB46E04637000C9206E056
:1042B00028000A21FDF75CFE0500202C08D00A2109
:1042C0002800FDF755FE013430313955092DEFD85E
:1042D0005F46C446A3464C46149D0C9A634606931B
:1042E0000D9B059504930A23029203935B4667E6B0
:1042F0000C9B1B689846002B03D110339943002870
:104300002DD161208B0600D541201F2612ABF61857
:1043100003000A3B4A460C93149143463100A846D9
:10432000A1465E461400BB461D000F0002E00500DA
:10433000202C0DD031002800FDF71AFE0C9BCB1865
:10434000092901D80B00303301343B55B542EED278
:1043500023005F464C464546B346994614990D9B4B
:10436000069104935B4603930023059502934B4605
:1043700026E64346002BB1D18EE70C9B1B68D8176D
:1043800019184140EDE580233200DB001A400F92FE
:104390001E420FD00230020032400F92304219D03C
:1043A0000023A0460F939AE50C9B1B68994618E5DD
:1043B00016009BE402231A0032400C92334200D0D4
:1043C0008CE5002D00D06DE6FFF7F0FB01330F9375
:1043D000FFF7D0FB0C93F4E700B585B00391012102
:1043E00002900093034813004A4202A9FFF798FA8B
:1043F00005B000BD3D2F001010B5094A0300146838
:1044000084B0002C08D0012200910648524203A932
:10441000A047012004B010BD00F084F90020F9E7A6
:10442000681E00202D2F001000BEFDE77047C0461B
:1044300010B5FFF7F9FFC04670B5FDF74DFC074D0D
:10444000074EB54209D20024013E761BB60801365C
:1044500008CD01349847B442FAD170BD44760010BB
:1044600048760010030010B5080011001B6898473B
:1044700010BDC046F8B5437D07000D001600002BA7
:1044800038D0002A1ADD0B780A2B18D00020012E14
:1044900009D0012421006B5C01340A2B1AD0B442EC
:1044A000F8D1864203DD311A3B6828189847AD19C8
:1044B000013D2B780D3B5A4253413B75F8BD037DBE
:1044C000002BE3D102210E483B689847012EEED025
:1044D0000120DEE76B1E5B5C0D2BE0D0884203DA27
:1044E000091A3B6828189847054802213B689847F5
:1044F0002000D4E70368110028009847DEE7C04693
:10450000487C0010F8B50B680D005A1CCB180A60E7
:104510001871802A00D0F8BD0E4B1C68002C15D0F5
:104520000D4E0F1D02E02469002C0FD02368002BD4
:10453000F9D03368002B01D0A342F4D12000390018
:104540002A68FFF797FF2469002CEFD100232B6026
:10455000E1E7C046581A0020601A0020F0B5464630
:10456000D6464F46C0B582B090461C0006000D00EE
:10457000FDF7DAF800232F4A12184B41002B02DA1C
:1045800001222D4B52422D4908008A4602F0FCFFC1
:1045900081466B1C03D1300002F0A6FF0500002C01
:1045A00027D0274F274B1C68002C18D04346002BE0
:1045B00021D1254B984602E02469002C0FD02368B6
:1045C000002BF9D043461B68002B01D09C42F3D14D
:1045D00020002A003100B8472469002CEFD14B4657
:1045E000002B23D1280002B0E0BCBA46B146A84651
:1045F000F0BD164FD6E7144B984602E02469002C14
:10460000EDD02368002BF9D043461B68002B01D066
:10461000A342F3D12A0031002000B8476B460A229A
:104620002000DA71D91D093AB847E7E7504602F091
:10463000B3FFD7E740420F00FFFFFF7F901000203D
:1046400075440010581A0020601A002065440010BC
:104650000A4A1368002B05D10CE01A001B691032BE
:10466000002B07D08342F8D1002902D118691060CD
:10467000196170470029FCD01060FAE7581A002031
:1046800010B500F0A9F900F05DFB012010BDC04697
:10469000F0B5CE46474680B583B06B460600DD1DBB
:1046A0002870FDF741F80023194A12184B41002BDE
:1046B00002DA0122174B524217490800894602F0DC
:1046C00063FF164B80461C68002C14D0144F02E088
:1046D0002469002C0FD02368002BF9D03B68002BF5
:1046E00001D09C42F4D1200001222900FFF7C2FE34
:1046F0002469002CEFD14346002B05D1300003B0D4
:10470000C0BCB946B046F0BD484602F045FFF5E7EB
:1047100040420F00FFFFFF7F90100020581A00203A
:10472000601A002070B5040002F0DEFE01230100D3
:10473000050001222000FFF711FF084B1C68002C28
:1047400006D06368002B05D098472469002CF8D167
:10475000280070BD2469002CF3D1F9E7581A002015
:10476000F0B5CE46474680B5A3B004000E00FCF776
:10477000DBFF0023264A12184B41002B02DA0122EC
:10478000244B5242244802F0FFFE002322000193F2
:1047900080463300214801A9FFF71EFE204F019BF0
:1047A00081463C68002B19D0002C2FD01D4E02E012
:1047B0002469002C0FD02368002BF9D03368002B1C
:1047C00001D0A342F4D12000019A02A9FFF752FEC2
:1047D0002469002CEFD100233C680193002C06D003
:1047E0006368002B0CD098472469002CF8D143460D
:1047F000002B07D1484623B0C0BCB946B046F0BD37
:104800002469EBE7044802F0C7FEF3E70194EEE702
:1048100040420F00FFFFFF7F901000200545001071
:10482000581A0020601A00200FB400B583B004A904
:1048300001C90191FFF794FF03B008BC04B0184709
:10484000F0B5002915DD0E4B0D271A680D4B0E4CE7
:10485000D3185D426B41451820215B001E5F047830
:10486000A64207D093691942FCD101301460A842D6
:10487000F5D1F0BD93691942FCD11760F2E7C0464B
:10488000AC1E00200080FCBFA81E00201F4B30B5CE
:104890001B680D1E9C462ADD441E102100201C4B67
:1048A0001A689369194214D1013093691942FCD1F5
:1048B000136823548542F4D16346002B07D050235C
:1048C0009363516B183B0B40124952181360280038
:1048D00030BD6346002B07D050239363516B183BC8
:1048E0000B400C49521813600028F1D10BE0002B4B
:1048F00009D05022064B1B689A63596B183A0A403C
:1049000004495B181A6003204042E1E7F0190020D7
:10491000AC1E002034100000064B10B51B68002BA5
:1049200006D00021044A12689163044A106898472F
:1049300010BDC046F0190020AC1E0020F819002060
:104940000822034B19688B691A42FCD17047C04694
:10495000AC1E002070B51A4E1A4B32680400D318F2
:1049600058424341184D143318002B68002C02D0D4
:10497000002B0FD070BD002BFCD0060000219463EB
:10498000FBF7DEFF30001149FCF718F9104B2C60E3
:104990001C60EFE72C6004000D4B19600B49FCF71D
:1049A00007F801212000FBF7CBFF502233689A6300
:1049B000596B183A0A4007495B181A60DAE7C04693
:1049C000AC1E00200080FCBFF01900201949001027
:1049D000F8190020341000000D4B10B51B780D4B5A
:1049E0000D4C1B780D4B02211B780D4B00202360D2
:1049F000FBF786FE02210120FBF782FEE121206801
:104A00004902FCF7E1FE01210648FFF721FE10BD37
:104A1000407F00103C7F0010AC1E0020387F00104B
:104A20000040034030100020024B1860024B196018
:104A30007047C046F4190020FC19002010B5024B45
:104A40001878FBF79BFF10BDC71E0020154B70B5F3
:104A50001A68002A22D0EFF3108172B6106800287D
:104A6000FCD0BFF35F8F00200F4A596010701B68A5
:104A7000BFF35F8F186081F31088002400250B4E70
:104A80003078FBF76FFF002804D1002400252900AF
:104A9000200070BD3078FBF771FFF8E7FA2400259D
:104AA000A400ECE7741E0020C81E0020C71E0020D2
:104AB00070B5050000200E0001F078FB002834D00E
:104AC000002001F089FB00282FD0FCF72DFE0023E9
:104AD000174A12184B41002B16DB164C200002F02F
:104AE00053FD002821D0002001F060FB00280FD1E9
:104AF00001200021404200F089FD03256D42200085
:104B000002F04AFD280070BD01220B4B5242E4E73F
:104B1000002001F061FB0028EAD0290032000020CB
:104B200001F064FB051EEAD1E7E703256D42E9E7E2
:104B300040420F00A01E0020FFFFFF7F10B5FCF7D2
:104B4000F3FD00230D4A12184B41002B02DA01221B
:104B50000B4B52420B4802F017FD00280CD00120ED
:104B60000021404200F052FD002001F083FB0028AC
:104B7000F5D1044802F010FD10BDC04640420F00C0
:104B8000FFFFFF7FA01E0020F8B5CE46474680B548
:104B900005000C00FCF7C8FD0023344A12184B41F5
:104BA000002B02DA0122324B524232490800884679
:104BB00002F0EAFC002803D1C0BCB946B046F8BDFB
:104BC000002001F0F3FA002848D00026002C41DD37
:104BD000294B994613E0A919002001F087FB070033
:104BE00001200021404200F011FD002001F042FBB5
:104BF000FCF79AFD204BF61903C3B4422ADD0020CE
:104C000001F094FBA71B0200B84200DD3A00002A25
:104C1000E1D101200021404200F0F8FC002001F029
:104C200029FB002001F0C2FA002813D0002001F077
:104C30007DFB0028E1D1FCF777FD4B460F000CCB44
:104C4000002184460D4812184B419F4202D8D4D10E
:104C50009445D2D9404602F09FFCADE700200021E8
:104C6000054B03C3404602F097FCA5E740420F0006
:104C7000FFFFFF7FA01E0020E012002020A1070000
:104C800030B5002185B0284802F05EFC00281CD118
:104C9000264B1A68002A16D0EFF3108172B61068FE
:104CA0000028FCD0BFF35F8F0124214859600278AF
:104CB0001B68D2B20470BFF35F8F0020186081F3CD
:104CC0001088002A17D005B030BD012000214042D5
:104CD00000F09CFC002001F07FFA0500124802F071
:104CE0005BFC002DEFD0134B1B68002BEBD0124A5E
:104CF00010689847E7E7FCF70DFB0400FCF714FD8C
:104D0000FA220023920012184B41002B02DA0122F2
:104D10000A4B5242012102910021019108492000D1
:104D20000091FCF7FBFACEE7A01E0020741E0020C5
:104D3000C81E0020F4190020FC190020FFFFFF7F8F
:104D40004D4A0010D02310B51B0684B01C68FCF738
:104D5000E1FAFCF7E1FBA04202D0002004B010BD54
:104D6000284B002100201B7801F0A6FC2648036890
:104D7000002B44D00120FCF765F8FF23234C244985
:104D800020701840FBF714FE20780121FBF7D8FDB6
:104D90000520FBF7FDFD002824D1082200211D4835
:104DA000FDF776FFFCF7B6FA0400FCF7BDFCFA222B
:104DB0000023920012184B41002B02DA0122164BFD
:104DC00052420121029100210191144920000091D9
:104DD000FCF7A4FA0028C0DB11480121FFF738FCDA
:104DE0000120BBE70120FBF769FD01000948FCF742
:104DF00089F8002205200B49FBF704FEECE7FCF7DD
:104E000065F8B7E7447F0010A01E0020C71E0020F1
:104E1000814C0010741E0020FFFFFF7F4D4A0010E0
:104E2000481000203D4A001000487047E07C001008
:104E3000004870478C7C001010B5040016480378B9
:104E4000002B20D0002C06D1144B15484380063B84
:104E5000FF3B038010BD052C1CD8124BA400E45866
:104E60000F480123811C013C04E001330A80023118
:104E7000142B0CD0E25C002AF7D1C022DBB25B001D
:104E800092001343E5E7112100F016F8DAE7CA2390
:104E90009B00DEE70020DDE7B01E002009040000D3
:104EA000301A0020747C001010B5024800F0F4F8AD
:104EB00010BDC0468C1E002030B5012900D1BBE0DA
:104EC000744B01391A78121114003034092A00DDAC
:104ED000B5E00470012900D1DAE00F221C782240ED
:104EE00014003034092A00D9ACE04470022900D102
:104EF000CEE05A789446121114003034092A00DDAD
:104F0000A3E08470032900D1C2E064460F2222404E
:104F100014003034092A00D99AE0C470042900D161
:104F2000B6E09A789446121114003034092A00DD54
:104F300091E00471052900D1AAE064460F222240C5
:104F400014003034092A00D988E04471062900D1C0
:104F50009EE03025AC46DC7822119444092A00DD1D
:104F60007FE062468271072900D191E00F22224042
:104F700014003034092A00D977E0C471082900D11F
:104F800086E03025AC461C7922119444092A00DDC4
:104F90006EE062460272092900D179E00F222240B8
:104FA00014003034092A67D844720A2900D16FE00E
:104FB0003025AC465C7922119444092A5FDC6246B4
:104FC00082720B2964D00F22224014003034092A47
:104FD00059D8C4720C295BD03025AC469C7922117B
:104FE0009444092A02DD0735AC46944462460273B4
:104FF0000D294DD00F22224014003034092A01D946
:105000003732140044730E2942D0DA7913111C0090
:105010003034092B01DD37331C0084730F2937D05E
:105020000F2313401A003732092B01D830331A00EE
:10503000C27310292CD010300023037030BD3732DA
:10504000140046E7373214004FE73732140058E7B0
:105050003732140061E7373214006AE73732140040
:1050600073E70735AC4694447BE73732140084E796
:105070000735AC4694448CE73732140094E7073583
:10508000AC4694449BE737321400C4720C29A3D178
:105090004018D1E78C1E002010B588B004000D2206
:1050A00000216846FDF7F4FD0D22002104A8FDF75C
:1050B000EFFD6A464B236846137004A900230D22B6
:1050C00002F07AFA1521082220006944FDF7E6FD76
:1050D00008B010BD7047C0460022014B1A707047DF
:1050E000C61E00204B790020FF2B0BD18B79002BA3
:1050F00008D1CB79012B05D1082A03D9024B8A7834
:1051000009301A707047C046C61E00200120704743
:1051100010B5012913D115495379107909781B026B
:1051200003430020994200D010BD5378012B08D0D2
:10513000022BF9D1642200210020FCF717FD012089
:10514000F2E7D17893780902194380230A005B00C3
:105150001A40194206D00A06D20F480A0323194002
:10516000FCF78CFD01204042F8E7C046C61E002037
:10517000004870479C7D00109446012310B501291A
:105180000AD152780023012A06D162461179527958
:1051900012020A43072A01D0180010BDA633614647
:1051A000024A00F0EBFE0300F6E7C046F47C001074
:1051B0000123037000487047C07D00104B780A78C7
:1051C0001B0213438A7810B512041A43CB781B06CE
:1051D00013439622D200934200D010BD002201203A
:1051E00011004042FCF74AFDF8B500F03BF90C23F2
:1051F000194DFF22AB6705201849FBF703FC184C3B
:10520000402200212000FDF743FD40270023012616
:105210002121144A66702783A260136063545F31B2
:10522000618445396354104A10496360E2602787FE
:10523000A1620B606362E26202F096F980239B0533
:105240002E64EB6490230A4A0120EA508022094B25
:105250005202DA64F8BDC04600001150110500206A
:10526000641A00208400105000011050800010507B
:1052700010D001000020115010B501210520FBF7CE
:105280005FFB10BD10B500220021024800F00AF9B2
:1052900010BDC046841A0020044B1970002904D0A8
:1052A00080219023024A8902D1507047C21E0020FB
:1052B000002011500B785B0600D070474B78052B0F
:1052C000FBD18A78014B1A60F7E7C0460000115005
:1052D000F8B5CE464746CB7880B59B079A0F1000AD
:1052E000012A58D08C780A794B797F211B02214002
:1052F000E50913434A0091462C4E52195201B21847
:10530000947001246C40547000245B055B0DD470D4
:105310001383D076CA00012D2CD0254FD2198F01CE
:10532000BC46B4446746BA60146000292CD0214AB8
:10533000C900891879603F339B09022832D09A014D
:105340004B461D4C5B1921685B01F6181B4B8A18F4
:10535000F16022609A4227D8194A83064A401343D3
:10536000802212061343726813600120C0BCB94644
:10537000B046F8BD134FD2198F01BC46B4446746FE
:10538000BA621460002908D100236D0175196B60A1
:105390000D4BEB60E9E70020E8E7094AC9008918EE
:1053A0007962C8E7DA01CBE7FCF790FC641A0020C9
:1053B0008400105004001050701E0020FF0F105089
:1053C00000001050800010500001105010B502F085
:1053D000CBF810BD7F2010B508404000C909401827
:1053E0001100044A400180181A0000F05BF8012007
:1053F00010BDC046641A00207F23180000B5084085
:1054000083B00B4204D14B424B41084A01339366AF
:105410008022C9094000064B401840010021C018F5
:10542000120102F099F803B000BDC04600201150EF
:10543000641A00207F22130010B50B400A4200D1ED
:1054400010BDC9095B005B1804485B01C01800234C
:1054500000220349C37002F07FF8F1E7641A0020CC
:10546000FFF7FFFF80220A4B520410B51A60094B68
:1054700009491A6010000B689843FBD18022002173
:1054800052010648FDF704FC0922054B5A6710BD7E
:1054900000E0004000F0004008C000400000105054
:1054A00000001150002310B5C3820133828283763D
:1054B0000161040002F088F8002804D080219023C4
:1054C000074A8902D150200002F08EF8002802D04D
:1054D0000123237710BD200002F04EF8FAE7C04602
:1054E000002011507047C0467047C04600207047EA
:1054F000002070477047C0467047C0467047C0469E
:105500007047C046024B5878431E9841C0B270475E
:10551000D0150020024B18784007C00F7047C046D6
:10552000D0150020F0B5D6464F464646C0B52C4BA8
:10553000814698461B788A46FF2B4BD100293BD0E9
:10554000002154222748FDF7A3FB0022264C274BBD
:1055500020001A70FBF7BAFC254B1C60254C20007C
:10556000143CFBF7C1FC200001F098FB224B234DBB
:105570001C60234B002B04D02800FFF719FE214BA1
:10558000186000242B78204F1E4E0DE03368620116
:105590009B18002B10D05B68002B0DD0984701346E
:1055A0002B78E4B2A34209D3A342EFD8E31A5B01FC
:1055B000DB195B68002BF1D100200CE042464B4622
:1055C000514648461370FFF70FFE0028F4D04846B6
:1055D000FFF752FE0120E0BCBA46B146A846F0BD36
:1055E0007C100020D0150020C8150020C31E00200C
:1055F000241600207410002028160020C11E002050
:10560000B1510010E8140020887E0010F0B5DE468D
:1056100057464E464546E0B5C84B91B003931B78BC
:10562000FF2B00D142E1C64BC64E1F00C64B0DAC4E
:105630000293C64B019335686A69EFF3108172B625
:105640001368002BFCD0BFF35F8FA96128002100F5
:1056500001F05AF96A69AB69BFF35F8F00211160ED
:1056600083F31088002800D120E16378082BE2D86A
:105670009B00FB589F466368002BDCD0A0689847CE
:10568000D9E77F222179B04D0A405300EB189846A4
:10569000C809804440460123303005799D43057197
:1056A000057903339D430571002A00D105E1434686
:1056B000A74A1B7D1278934200D3F5E0A54A5B010F
:1056C0001568ED18002D00D1F0E0A368627920780C
:1056D000AD69A847AFE7A04B1A78002A00D1E5E0F2
:1056E0001A78013A1A701B78002BA4D10122964D2A
:1056F00001212B78042013432B703423EA5C8A4366
:10570000EA54EA5C8243EA540133EA5C8A43EA548D
:10571000EA5C8243EA54237800209B4600F088FC30
:10572000602223791A40602A00D1F1E0402A00D19A
:10573000F7E0DB06DB0E012B00D115E1022B00D1D7
:10574000CAE0002B00D0E3E0202A00D111E2002AB9
:1057500000D0DDE06379092B00D9D9E07F4A9B00B6
:10576000D3589F46784D2B78DB0700D463E7FFF7CB
:10577000C7FE60E7029BDB78DB0700D45BE760686D
:10578000FFF7B2FE57E7704D2B78DB0700D452E7E6
:1057900028780007C00FFFF7B1FE4CE723786B4A6B
:1057A000994693466A4B6B4A984692463A000025C2
:1057B00047461B78B0464E4691460EE053461B685E
:1057C0006A019B18002B00D17DE0DB683000984710
:1057D00001353B78EDB2AB420CD3AB42EED8EB1ABD
:1057E0005B015B44DB683000984701353B78EDB2E4
:1057F000AB42F2D2544D542200212800FDF748FA62
:105800001022FF21281DFDF743FA28002022FF2146
:10581000143046464F46FDF73BFA00F0FFFB237974
:10582000AB7008E723784B4A9946494B9246984615
:105830003200BB464E460025474691461B780DE098
:1058400053461B686A019B18002B40D0DB68300070
:10585000984701353B78EDB2AB420DD39D42EFD373
:10586000019AEB1A5B01D318DB68300098470135C9
:105870003B78EDB2AB42F1D2029D542200212800C8
:10588000FDF706FA1022FF213548FDF701FA28003E
:105890002022FF2114304E465F46FDF7F9F900F053
:1058A000BDFBFFF729FEC6E6934213D011B0F0BC52
:1058B000BB46B246A946A046F0BDA36862792078EF
:1058C00000F0CAFBB7E646464F461F4DA5E74E46D9
:1058D0005F46E4E71D4DF8E67023217A0B4217D1AD
:1058E000C80982460F330B405B0098461848EB18F6
:1058F00053441B7D0078834264D216485B010068E4
:1059000081469944002A00D155E14B46002B61D1D4
:1059100020780021FFF770FD80212078FFF76CFDD3
:1059200089E6104800F084FB012158460EAAFFF7D3
:1059300023FC002800D07EE6EAE7C0467C10002069
:10594000E07D001028160020D0150020887E001071
:10595000C11E0020E8140020C31E0020047E001099
:10596000D415002079510010237A22890F2BCFD82B
:10597000FF231340D14AEB181B791278934234D39A
:10598000C6D1CF4D686900F053FB012158466B69C1
:105990000EAA9847002800D04DE660221500237912
:1059A0001D401A42B4D163790A3B012BB0D800F0F4
:1059B0003FFB63790A2B00D18AE158460EA900F01B
:1059C000C7FA38E6834200D0F0E0BD4B9946002A82
:1059D00000D1F0E04B46586900F02AFB4B4601210C
:1059E00058465B690EAA9847A3E7B64A5B0115685B
:1059F000ED18002DC6D18BE7A37999466B789945B0
:105A0000DBD06B78002B00D02CE14B466B70002B69
:105A100000D124E148460138C0B2FFF709FA002856
:105A200000D174E143780793022B00D06FE101228B
:105A3000C179B1468B11491113400A40302112013E
:105A40005B0113432A78A8468A4313432B7009232A
:105A50009A4682445646BA46C37882781B0213435C
:105A6000C3180593954B0493954B0893954B099355
:105A7000954B0A93059BB34200D84BE17378012202
:105A80000B2B03D13378F278F6187378042B00D0FF
:105A90003AE1059B00279B1B9BB20693049B0B924C
:105AA0001D7819E0099A7B011568ED18002D00D1C9
:105AB0002AE1310058462B69069A984784460828FF
:105AC00003D9069A824200D30BE1049B01371D786B
:105AD000FFB2BD4200D217E1BD42E3D8089B7D1B57
:105AE0006D015D19E5E76B780CAA02321370584618
:105AF00001230EA900F042FA9DE5E088030AC0B236
:105B00000F2B00D904E771499A008A5897460EA8CE
:105B100000F094FA5846A179FFF7B4FB02222B78E3
:105B200013432B7087E5E388012B00D0F0E60822B1
:105B30002B78584693430EA92B7000F009FA7AE5AA
:105B4000022029780CAB9A1C8B068908DB0F0140D8
:105B50000B431380584602230EA900F00FFA6AE5A2
:105B6000E388012B00D0D3E608222B7813432B7057
:105B700023E7237A22890F2B00D9C9E6FF2313409C
:105B80004E4AEB181B791278934228D24D4A5B019A
:105B90001568ED18002D00D1BAE6686900F048FAE2
:105BA000012158466B690EAA9847C2E6002A00D028
:105BB000AEE60023994662790220130004928343E3
:105BC000012B11D0002A00D0A2E62B0043445344FD
:105BD00030331B790CAA9B07DB0F0232B9E79342E3
:105BE00000D095E6364DD8E7E388002B12D1039B11
:105BF0001878049B012B23D0FFF7FEFB43460221BC
:105C0000EB18534430331A790A4301211A711A7977
:105C10000A431A714B46002B00D10CE5586900F07D
:105C200007FA4B4601215B690EAA584698470020A7
:105C300000F0FEF93523EB5CDB0700D5FBE4BCE6A6
:105C4000FFF7F8FB43460221EB18534430331A792F
:105C50008A431A711A7904998A431A71DAE7FFF7AD
:105C60004BFCAAE600215846FFF716FB5846FFF703
:105C7000ADFB00229246124AAB780592114A04937A
:105C800006922A000D4B5546984692461B780EE028
:105C9000069B6A011B689B18002B54D0DB68584692
:105CA0009847434601351B78EDB2AB4237D3AB4240
:105CB000EED8059AEB1A5B01D318EFE7C11E00205E
:105CC000887E0010E8140020E41500202C7E0010CF
:105CD0000CAB9A1C584601230EA9157000F04EF922
:105CE000A9E40B9A012A4CD0002A3CD00023B078BA
:105CF00004E00133DBB20F71934234D2C118C9B250
:105D000041440D79FF2DF4D04E46454657460023B9
:105D10006B70FDE54E465746FFF7ECFB4DE65546EA
:105D2000542200212800FCF7B3FF1022FF21281D78
:105D3000FCF7AEFF28002022FF211430FCF7A8FF5B
:105D4000049BAB7061E65546FAE7FFF711FA021EB5
:105D500000D1DDE5D37891781B020B4358460EA99C
:105D600000F00CF9E5E565463B0031002A000A9891
:105D700000F046FD049B76191B78BB4200D379E600
:105D8000C2E7174B29699942B0D1079AAEE7FFF7EE
:105D9000ADFB021E00D1BBE5584613780EA900F0FA
:105DA000EDF8C6E52189FFF747F8021EF4D1AFE50B
:105DB000022B0FD0FFF79CFB021ECBD1A8E5FFF70B
:105DC00033F8021E00D1A3E5122358460EA900F0B5
:105DD000D5F8AEE5FFF72CF8021EBBD198E5C0461A
:105DE00029640010F0B54F464646D646C0B50C00B3
:105DF00016001F0082B0002A3AD0702398461D4B2F
:105E0000002599461C4B9A461AE04B461B78200009
:105E100001935346997800F0B9FC00281CD021006A
:105E20000198FFF755FA002816D0A378DA09012A5D
:105E300019D00A9A01351370B54219DA2378E4189B
:105E40006378052B08D1E3789B079B0FBB4203D1F6
:105E50004246A3781A42D8D0002002B0E0BCBA462D
:105E6000B146A846F0BD0B9A01351370B542E5DB8B
:105E70000120F2E77C100020D0150020702270B5C0
:105E80008B780C001A4201D0002070BD064B200018
:105E90001D78064B997800F079FC0028F4D0210099
:105EA0002800FFF715FAF0E77C100020D01500203D
:105EB0007F20074B10B51A680840CB0934334000E7
:105EC000C018044B1100C01800F01CFC10BDC046E7
:105ED00024160020D01500207F20074B10B51A682B
:105EE0000840CB0934334000C018044B1100C018DF
:105EF00000F030FC10BDC04624160020D015002054
:105F000070B57F24C80984460C400F48640004190A
:105F1000644430342079C00701D5002070BD0B489F
:105F20000125007884462079284320716046FFF7D8
:105F300051FA0028F2D10122237993432371237966
:105F4000033293432371E8E7D01500207C10002032
:105F500070B5094C0600082220000D00FCF79EFEDB
:105F600000238021E360A3602B7830009943002256
:105F70000023FFF7C5FF70BDB0150020F0B5C64681
:105F8000244C170080460822200000B50D001E009A
:105F9000FCF784FE0023A760E381EB79AA791B025A
:105FA00013431A1CB34200D9321C96B2A281002BB3
:105FB0000CD0002E15D0002F2AD0402E1AD82378CE
:105FC00096B27F2B1BD80021134A0EE080212B783C
:105FD0000022994340460023FFF792FF80BCB84659
:105FE000F0BD7F2300222178994333004046FFF71C
:105FF00087FFF3E74022237896B27F2BE3D9064C44
:10600000320039002000FCF749FE80212200ECE735
:106010000020E3E7B01500207015002010B5142211
:1060200000210248FCF734FE10BDC046B015002028
:10603000014B18617047C046B015002010B5054CE3
:10604000010008222000FCF729FE0023A360E36082
:1060500010BDC046B015002070B5374C1D00237828
:106060000600DA09C9098A4210D00020002D00D0AC
:1060700070BD21003000FFF71DF92369002B03D00C
:1060800022000321300098470120F1E77F2B06D83A
:10609000A0680028ECD02A002849FCF7FFFDE2891F
:1060A000A1685219E38892B24919E281A160934232
:1060B00014D03F2D12D9A389981A051C80B240280C
:1060C00028D82078ADB27F2826D800219A4230D037
:1060D0001A4A2B003000FFF713FFC9E72369002B92
:1060E00005D02200022130009847002808D08021E6
:1060F00023780022994330000023FFF701FFB7E720
:1061000000213000FFF778F930008021FFF774F9A3
:106110000120ADE74025D4E79A4207D0074C2A007A
:106120002000FCF7BBFD80212200D2E78021002265
:10613000CFE70022CDE7C046B01500207015002043
:1061400070B50400FFF7DEF9002800D170BDFFF73D
:10615000E1F90028FAD1C8236343124A2500D41874
:10616000E1780029F2D010339E18300000F0B6FB21
:106170003F28EBD90020E178FFF79AFE0028E5D010
:10618000300000F0ABFBE1783F2807D9064BEA016D
:10619000D21800204023FFF7B3FED7E70020FFF717
:1061A0009BFED3E798100020EC14002010B50400EB
:1061B000FFF7A8F9002801D1002010BDFFF7AAF9C8
:1061C0000028F9D1C8226243024B01309B181B7989
:1061D0001840F2E798100020C82310B54343024846
:1061E000181800F05DFB10BDA8100020F8B5C823FA
:1061F00043431D4D1033EE18802304005B029A4286
:1062000000D31A4A300092B200F0CCFB0700FFF72F
:1062100079F9002801D13800F8BDFFF77BF9002893
:10622000F9D1C8236343ED18EB78002BF3D030008D
:1062300000F054FB3F28EED90020E978FFF738FE44
:106240000028E8D0300000F049FBE9783F2807D962
:10625000074BE201D21800204023FFF751FEDAE796
:106260000020FFF739FED6E798100020FFFF00005E
:10627000EC140020F8B50400FFF744F9002801D120
:106280000020F8BDFFF746F90028F9D1C823250002
:106290005D432B00134E2433F718380000F000FB49
:1062A0000028EDD075190020A978FFF701FE00281D
:1062B000E6D00D4AE3019C1821004022380000F08E
:1062C00071FBA9780300051E07D022000020FFF70C
:1062D00017FE0028D4D02800D3E70020FFF7FCFDEC
:1062E000CEE7C046981000202C15002070B5C824B9
:1062F00044430C4B0500E41880235B029A4200D310
:10630000094A200092B200F015FC0600200000F0BF
:10631000C7FA3F2801D8300070BD2800FFF7AAFF58
:10632000F9E7C046BC100020FFFF0000C82310B5ED
:1063300043430248181800F0D1FA10BDBC100020E9
:10634000F0B50025184C83B0C82200212000FCF7CE
:106350009FFC164B21001D70FF236371E1235B023C
:10636000A360200008234022A37338310095073B27
:10637000103000F05FFA27000123210020002600E2
:10638000402278310093B837243000F053FAC036F9
:106390003800FAF79BFD3000FAF798FDE5612762B7
:1063A0002663656303B0F0BD981000206C150020D3
:1063B0000A4B196B1A6A00290CD0002A07D0002258
:1063C000DA615A631A6300221A62012070475A6325
:1063D0001A63FAE7002AF8D0D961F4E79810002090
:1063E00070B5052200210D48FCF752FC0C4D2B78AE
:1063F000DA0707D50B4C9B070CD50121200000F0D4
:106400006DFC70BD0548103000F048FC2B78054C41
:106410009B07F2D4200000F041FCEEE7981000202A
:106420006C150020BC100020F0B54B79070083B03C
:10643000022B02D18B79022B03D00024200003B061
:10644000F0BD214B1E009B78002BF6D18B780924E0
:1064500033700D784D196B78242B07D00CE02B7816
:10646000ED181C196B78A4B2242B05D1A242F6D2E8
:106470000020FFF765FEE1E71A00052B15D0042A7E
:10648000F6D16B790A2BF3D1104B2E78019301339F
:10649000009338000223A919023AFFF7A3FC002851
:1064A000CBD00E34A419A4B2E2E729003800FFF7DC
:1064B000E5FC0028C1D0AB7873702B781C19ED185F
:1064C0006A78A4B2DBE7C046981000209A1000203A
:1064D00060238C461100127870B513400022202BE7
:1064E00008D1324C4B7926000D7924781B022B43BE
:1064F0009C4201D0100070BD4B78222B1CD008D8D4
:10650000202B39D0212BF5D16346012B43D001221A
:10651000F0E7232BEED16346012B42D0032BF6D1BB
:10652000234B002BF3D08B78C97800200902194344
:1065300000E000BF0122DDE76346012B31D0032BD1
:10654000E5D10125CB788A781B0213431C001D403E
:1065500033000121243318006940347100F0BEFB80
:10656000144B002BD3D0012362081A4029000020CD
:1065700000E000BF0122BDE76346012B0BD0032BD7
:10658000C5D10D4B002BC2D0310000200831FEF7E1
:1065900015FE0122AEE7094A0723FFF7EFFC0122AF
:1065A000A8E7FFF7D5FC0122A4E7C0469810002019
:1065B0000000000000000000BD510010A0100020ED
:1065C000F8B54746CE4680B5344C1F00E378804688
:1065D0000D008B423BD0A37800208B4211D0C0BC71
:1065E000B946B046F8BD2E4B002B04D02D4800F024
:1065F0006DF900284FD00020FFF7A2FDA378AB4231
:106600000AD1294B002B02D0002000E000BF00205F
:10661000FFF730FE002801D00120E0E7234C2000E6
:1066200000F03EF90028F7D1002FF5D0BB06F3D1DA
:10663000243C4046A178FFF73BFC0028ECD0002327
:1066400000224046A178FFF75BFC0120C7E7184E07
:1066500014483100BAB200F06DFA164B002BC2D0CC
:106660006379FF2BBFD0002FBDD0BC46B444E146B8
:1066700003E001364E45B6D0637932789A42F8D1BC
:10668000084800F023F90028F3D1064B103B597954
:1066900000E000BFEDE700E000BFACE7981000208D
:1066A00000000000A810002000000000BC10002026
:1066B000EC1400200000000000B5030083B00029A6
:1066C00010D00020012B07D80A78002A04D00C48EB
:1066D000C2540120012A01D003B000BD1800FEF70A
:1066E00021FFF9E701236A46002001A99380FEF704
:1066F00019FF0028F0D00122014B1A70ECE7C046C8
:10670000C415002070B5040023780800DB070E00D4
:10671000DD0F002B16D123785B0701D5280070BD53
:106720000121494200F068FF2378DB07DD0F002BD1
:106730000AD123785B0708D4042223780125134368
:10674000237002E00025E9E70025300000F024FF77
:10675000E4E7C04670B50D0001210400494228005D
:1067600000F04AFF23785B07DE0F002B04DB2800D4
:1067700000F012FF300070BD2378DB0704D4042240
:10678000237893432370F2E70026F0E743790279F8
:106790001B021343C2785B0592075B0D920F022A1E
:1067A0001AD0032A0BD00020012A07D102394A420D
:1067B0005141104A891899424041C0B2704702398C
:1067C0004A1E91410C4A4942114080220020D200C9
:1067D000891899424041F1E7022904D00020402263
:1067E0009A424041EAE7054A981843425841C0B2EC
:1067F000E4E7C046FF03000040FCFFFF00FEFFFF90
:106800008446881830B51C00814206D24A78052A91
:1068100004D00A7889188842F8D830BD7F228B7856
:106820001A4052006244DB09D4540A78891888421D
:10683000ECD8F2E7F0B5C64600B598466B461E7E2A
:10684000802304000F0015001B029A4226D8C0685E
:10685000002803D00121494200F0CEFE2069002823
:1068600003D00121494200F0C7FE42465204F3031F
:10687000520C1343E3800023E06863812760A58006
:106880002381002801D000F087FE2069002801D074
:1068900000F082FE012080BCB846F0BD0020FAE77F
:1068A000038941899C4682889BB288B28C4507D374
:1068B0001B1A9BB2101C9A4200D9181C80B2704758
:1068C0005100091A5B189BB2F4E7C046038940895E
:1068D000181A43425841C0B27047C04603894189E3
:1068E0009C4682889BB288B28C4507D31B1A9BB208
:1068F00000209A4201D9D21A90B270475100091A69
:106900005B189BB2F4E7C04670B5040000690D0047
:10691000002803D00121494200F06EFE23896289DC
:106920009C4698B291B2A388944532D3421A92B24F
:10693000002A27D0934208D298422FD3C01A81B29E
:1069400061818B4203D8C91A89B28B42FBD9E28894
:1069500023685204520C514328005918FCF79EF941
:10696000618901254A1C92B2A38891420DD9002267
:106970005B00D21A20696281002801D000F00CFE71
:10698000280070BD0025628992B25B009A42F1DB5B
:10699000EFE75A00521A821892B2C9E7C01881B2C2
:1069A0006181CEE7F0B54646D6464F46C0B50600F3
:1069B00000698A46904682B0002803D001214942EE
:1069C00000F01AFE31897289B5888BB294B2914277
:1069D00055D31F1BBFB2002F4BD0BD4205D2AB42D7
:1069E00052D25B199CB22F0074814346B8453ED801
:1069F0009FB2A54203D8641BA4B2A542FBD9F2887A
:106A000031685204500C020062432B1B9BB2891860
:106A1000019002009F4225D943439BB21A00504681
:106A20009946FCF73BF95046019A7D1B6419544383
:106A300031684844A2B2FCF731F97189B588CB19A5
:106A40009BB26A00994216D99B1A3069738100285B
:106A500001D000F0A1FD380002B0E0BCBA46B1465A
:106A6000A846F0BD50467A43FCF718F9E5E73B1C11
:106A7000BEE773899BB26A009342E6DBE4E76F00EE
:106A80003F1BDF19BFB2A6E75B1B9CB2ABE7C0465A
:106A9000F8B50400C0680F00002803D00121494266
:106AA00000F0AAFD258920896189A288ADB283B250
:106AB0008EB2884228D39B1B9BB29A4209D8E679B2
:106AC000F60906D1E068002801D000F065FD30002D
:106AD000F8BD2B0095421CD39B1A9BB29342FBD26C
:106AE000E28820685204520C53433900C018FCF766
:106AF000D5F86B1C9BB2A2889D4216D90023520088
:106B00009B1A01262381DDE75100891B5B189BB28C
:106B1000D3E7E28820685204520C53433900C0186E
:106B2000FCF7BCF80135A288ABB252009342E8DB17
:106B3000E6E7C046F0B54E464546DE465746E0B568
:106B400089460500160083B0002A6BD0C068002873
:106B500003D00121494200F04FFD2F89EA79BBB2F1
:106B600098466B89AF889BB2D2093DD1984562D2D5
:106B70007A00D31A43449BB2BB4261D2FB1A1A1C5F
:106B80009BB2B34200D9321C96B2F31B0193434629
:106B9000F3189BB29B46EA884446B84503D3E41BEE
:106BA000A4B2BC42FBD252043B1B570C3A006243D6
:106BB00028689BB28018B34256D33A0049467243C4
:106BC000FCF76CF8AB885B00D84501D89B4502DB2D
:106BD0005A46D31A9B465B4637002B81E86800284B
:106BE00021D000F0D9FC1EE0BE422BD298454CD3F8
:106BF0004246D21A92B27900F01B921901908A4251
:106C0000C5DBDA1992B29346921B92B29046934238
:106C100040D94346591A8BB29846F3189BB29B460B
:106C2000EA88B9E70027380003B0F0BCBB46B2469B
:106C3000A946A046F0BD4246D31A9BB2BB429DD3A3
:106C40000027CBE7002FC9D0CC46EA88F61B5104B9
:106C5000490C714398468C44D919002389B2E14606
:106C60008B463E00019397E77B439BB21A0049464F
:106C70009A46FCF713F84946019B2868E2187A43C4
:106C8000514492B2FCF70AF89CE77900CA1A4244D0
:106C900092B2B1E79142BCDDC2E7C04610B5040034
:106CA000C068002803D00121494200F0A5FC2069FA
:106CB000002803D00121494200F09EFC0023E06837
:106CC00063812381002801D000F066FC2069002840
:106CD00001D000F061FC012010BDC04670B5040079
:106CE000C0680D00002803D00121494200F084FC57
:106CF0002069002803D00121494200F07DFC7F215A
:106D0000E279EB011140E0681943E171002801D0FC
:106D100000F042FC2069002801D000F03DFC012079
:106D200070BDC046F0B5DE4657464E464546E0B516
:106D3000060083B01F000CAB0800197800239346AF
:106D40003268D36601335060D366002F3BDD7B1E73
:106D5000994601234B409A460020802440238846D0
:106D6000556F102DFCD00025AC46002802D1357996
:106D7000A9028C464D46411B4D424D4151460D40A6
:106D800061466D020D43802149000D434146156166
:106D90001559556B2B420AD00120536D4042317179
:106DA00003B0F0BCBB46B246A946A046F0BD956F05
:106DB000002DEDD08846594612690A5401308742A9
:106DC00003D03268CCE70020E9E74146E7E7C04658
:106DD000F0B54E464546DE4657468446E0B585B09A
:106DE00098460EAB91461A7863460800196800234E
:106DF000CB6601334860CB6643460392002B4EDDE1
:106E000001275E1E6346802457401A79A2468025DA
:106E10004C469202002010239146AD000194841B41
:106E200062426241019C3A40245C520222434C4639
:106E30002243019C0A614A6B1342FCD052468A5895
:106E400001949146002A10D1B04223D00022013093
:106E500091468045E3D16346039A1A7105B0F0BCB0
:106E6000BB46B246A946A046F0BD4A6D01229346F4
:106E70004A6B2A42FCD00A6E5A460194002AE5D099
:106E80004C46002C03D009232340082BE3D00120DB
:106E90004042E0E7039A002AD8D19346E8E7002071
:106EA000D9E7C046F0B5D6464F4646468246C0B5FD
:106EB00005200C00FAF7FCFD0500600821004019D0
:106EC000FBF756F847003F18060005213800FBF78E
:106ED0004FF8A0461C4B321A040068009146401936
:106EE00098452BD81949FBF743F801305346002247
:106EF0001B68DA6619680432514002320A40802168
:106F0000490159180A604A46DA6101221C624F2F72
:106F100000D92209A0215A50DA6F310050400C4AA2
:106F200000049A18000C106001222800DA66FBF7B2
:106F30001FF8E0BCBA46B146A846F0BD0549FBF7CC
:106F400017F80130D2E7C0463F420F008096980004
:106F50007C10000040787D01104A70B5821A531EE3
:106F60009A41072352429A430D4B10321A600D4B3F
:106F70000D4C1A60150023689D432B1EFAD1662420
:106F80000268FF340571D5661460633C8833FF3CAA
:106F9000D5639563D450FFF785FF70BD8010002046
:106FA00000E0004000F0004008C0004010B582B092
:106FB0006C46247C0094FFF70BFF02B010BDC04666
:106FC00010B582B06C46247C0094FFF7ABFE02B093
:106FD00010BDC04610B54A08012100F051FA10BD9D
:106FE000F0B505002D241D4E83B0325DA1B22800FE
:106FF000013400F045FA882CF7D14022872128007F
:1070000000F03EFA6B460127DC1D220030212800EB
:1070100000F010FA220031212800267800F00AFA48
:107020000028F2D1237836095E403742EDD00122A4
:107030008621280000F024FA00228721280000F091
:107040001FFA09220821280000F01AFA00220B2159
:10705000280000F015FA03B0F0BDC0467B7E00109A
:1070600010B50122862100F00BFA10BD10B54022A8
:10707000872100F005FA10BDF0B583B06B4605001E
:10708000DC1D22000F00302100F0D4F92200312154
:107090002800267800F0CEF9002805D1227833099F
:1070A0005A40012313403B7003B0F0BD70B582B06D
:1070B0006B46DE1D0C0032004B21050000F0BAF9D2
:1070C0003378142B1CD0002817D1642C45D028D835
:1070D000212C23D0322C3DD0142C0ED122241E2260
:1070E0005E21280000F0E6F9220006006121280058
:1070F00000F0E0F9304340B200E0012002B070BD82
:107100000028FAD1322C30D014D8142C38D0212CAD
:1071100028D00F2CF1D127241D22E1E76E24602214
:10712000DEE7C82C12D0FA235B009C42E5D1164C56
:10713000164AD5E7C82C20D0FA235B009C4219D010
:10714000642CDAD1E224124AA400C9E7BE24114A11
:10715000A400C5E7C624AD22C2E7F524E6226400F8
:107160005200BDE76E24D622BAE7F424D722640089
:107170005200B5E7084C094AB2E7094C094AAFE7A3
:107180006E245122ACE7C046A40400008F04000026
:10719000E1020000D9020000C105000091050000D5
:1071A00096040000E103000070B582B06B469D1D9F
:1071B0002A000E005E21040000F014F9D7222B886B
:1071C0005200934200D17DE011D8512B00D187E0CD
:1071D00069D80F251D2B00D06FE0002803D1012EA8
:1071E00041D0022E13D00120404202B070BD3E4A71
:1071F000934269D06AD83D4A934265D03C4A934253
:1072000070D0163AFF3A64259342E6D0EBE70A22A3
:107210004B21200000F034F90F22060060212000ED
:1072200000F02EF90D2263210643200000F028F91A
:10723000B82269210643200000F022F92D4A0643B6
:107240007821200000F036F92B4A06437A212000ED
:1072500000F030F9304340B20028C6D129002000A8
:10726000FFF724FFC1E714224B21200000F008F9AA
:10727000072206006021200000F002F905226321A8
:107280000643200000F0FCF8382269210643200064
:1072900000F0F6F8194A06437821200000F00AF9B8
:1072A000174A0643D2E7AD2B0CD02125D62B00D1AF
:1072B00093E7602B00D190E795E705351E2B00D1B1
:1072C0008BE790E7322588E7C82586E70D4A934289
:1072D00003D00D4A934200D085E7FA256D007CE784
:1072E00014257AE7642578E7E1030000D90200005D
:1072F000E10200000D0F00000E0E00000507000067
:10730000060600008F0400009105000010B50A0079
:10731000E52100F08FF810BD30B583B06B469C1DA1
:107320001023FF330D002200190000F05BF82388C2
:107330002B8003B030BDC04630B583B06B469C1D7A
:107340000D002200962100F04DF823882B8003B019
:1073500030BDC046FF2330B583B00B706B46DC1DDB
:1073600022000D00892100F065F81F2322781340C8
:10737000172B02D8024AD35C2B7003B030BDC04635
:10738000047F001030B5144B83B00500196008006D
:107390001249FFF7E1FD03210420F9F7B1F90321B8
:1073A0000520F9F7ADF9002201210420F9F7C0F911
:1073B000002201210520F9F7BBF96B469C1D210035
:1073C0002800FFF7A9FF2288054B9A4201D103B09C
:1073D00030BD01204042FAE7641E0020A086010073
:1073E000CCEA0000F0B500261500104F104A83B01B
:1073F00049BAC4B211803868022321000096FFF711
:10740000D5FD02280FD1022338682A0021000096FA
:10741000FFF7D6FD0238431E984140422B885BBAE5
:107420002B8003B0F0BD01204042F7E7641E00202E
:10743000EC170020F0B5002517000F4E0F4A83B05F
:1074400049BAC4B211803068022321000095FFF7C9
:10745000ADFD02280CD1012330683A0021000095CF
:10746000FFF7AEFD0138431E9841404203B0F0BD26
:1074700001204042FAE7C046641E0020EC170020BD
:10748000130000B5094A83B09370094B49BA1180C3
:10749000C1B21868002300930333FFF787FD033858
:1074A000431E9841404203B000BDC046EC17002087
:1074B000641E0020130000B5094A5BBA83B05380F4
:1074C000084B49BA1180C1B21868002300930433F5
:1074D000FFF76CFD0438431E9841404203B000BDE5
:1074E000EC170020641E0020030084469B070BD08D
:1074F0000300032102E001330B4206D01A78002A70
:10750000F9D16246981A7047030019680C4A0D4871
:107510008A188A4302420FD15968094A04338A18EB
:107520008A43024208D15968054A04338A188A43BB
:107530000242F1D000E001331A78002AFBD1E0E7E3
:10754000FFFEFEFE8080808001B40248844601BCBC
:10755000604700BFC100002001B40248844601BC5E
:10756000604700BF3D0C002001B40248844601BCC6
:10757000604700BF2104002001B40248844601BCDA
:10758000604700BF8D0C002001B40248844601BC56
:10759000604700BF0101002001B40248844601BCDD
:1075A000604700BF2502002001B40248844601BCA8
:1075B000604700BF090F002001B40248844601BCA7
:1075C000604700BFD902002001B40248844601BCD4
:1075D000604700BFD90B002001B40248844601BCBB
:1075E000604700BF090F002001B40248844601BC77
:1075F000604700BF010C002001B40248844601BC72
:10760000604700BF99010020011D00102D1D0010D2
:10761000111F0010812C0010B5250010ED2B00105B
:10762000391E0010491D0010691D00107D1D00103D
:107630007D0E0010851D001049120010C91C00109D
:08764000F9080010A94E00102A
:107648005374617274696E672025732E2E2E0A009A
:10765800257320626F6F7420617474656D70742077
:1076680025642E2E2E0A0000257320426F6F745356
:10767800746174652072657475726E656420256422
:107688002C20626F6F745F73746174653D25750A91
:10769800000000004552524F523A202573204932CB
:1076A8004320636F6D6D756E69636174696F6E20D9
:1076B8006661696C656420647572696E6720626FC3
:1076C8006F740A004552524F523A20257320666162
:1076D800696C656420746F20626F6F740A00000023
:1076E8004552524F523A2025732061646472657383
:1076F80073206368616E6765206661696C65640AFA
:10770800000000004552524F523A2025732053651D
:107718006E736F72496E6974206661696C65640A7C
:10772800000000002573207265616479206174206F
:107738003078253032580A003D3D3D3D3D3D3D3DC8
:107748003D3D3D3D3D3D3D3D3D3D3D3D3D3D3D3D61
:107758003D3D3D3D3D3D3D3D3D00000020332D5428
:107768006F46204D617070696E67202B2046616BF3
:1077780065204F646F6D6574727900003D3D3D3D35
:107788003D3D3D3D3D3D3D3D3D3D3D3D3D3D3D3D21
:107798003D3D3D3D3D3D3D3D3D3D3D3D3D0A0000BE
:1077A8004552524F523A2049324320696E697469F2
:1077B800616C697A6174696F6E206661696C656471
:1077C8000000000046524F4E540000004C454654FD
:1077D8000000000052494748540000000A416C6C00
:1077E8002073656E736F72732072656164792E0AF7
:1077F80000000000537461727420706F73697469BB
:107808006F6E3A20583D256C6420593D256C640AFA
:107818000000000050726573732047503230203DDD
:107828002073696D756C61746520313030206D6D21
:1078380020666F72776172640A0000004D4F5645EA
:107848003A20583D256C6420593D256C640A000097
:107858004D41502C256C642C256C642C25752C25E9
:10786800752C25750A0000000A2A2A2A2050414E44
:107878004943202A2A2A0A004E6F207370696E6CC9
:107888006F636B732061726520617661696C6162F8
:107898006C6500004E6F20757365722049525173F4
:1078A8002061726520617661696C61626C650000B7
:1078B800486172647761726520616C61726D202520
:1078C8006420616C726561647920636C61696D65BF
:1078D800640000004861726420617373657274000B
:1078E80052656C6561736500626F6F74325F7732E1
:1078F8003571303830000000322E332E3100000050
:107908007069636F0000000032645F6D61707069B8
:107918006E670000536570203234203230323600F2
:10792800666E692B00000000666E69006E616E006D
:10793800666E692D0000000055415254207374642E
:10794800696E000055415254207374646F75740059
:107958005541525420737464696E202F20737464E7
:107968006F75740055534220737464696E202F201C
:107978007374646F7574000052617370626572721B
:1079880079205069000000005069636F0000000012
:10799800426F61726420434443000000526573657E
:1079A80074000000556E68616E646C65642049520D
:1079B8005120307825780A0065702025303258200B
:1079C80077617320616C72656164792061766169A1
:1079D8006C61626C6500000043616E277420636F00
:1079E8006E74696E75652078666572206F6E2069A1
:1079F8006E616374697665206570202530325800A1
:107A080006005250D3F07542E87800100600525034
:107A1800E182887FF078001006005250ABB36053C3
:107A28000079001006005250BBFF3CB608790010E0
:107A380006005250861C03021079001006005250AE
:107A48005422A29D1C79001005005250DE65F4688E
:107A5800208F0010EC390010A4390010A439001050
:107A6800E4390010A4390010A4390010A43900101A
:107A7800A4390010A4390010A4390010A43900104A
:107A8800DC390010A4390010D6390010A4390010D0
:107A9800A4390010CE390010E03B0010FE39001068
:107AA800D43B0010FE390010C23B0010FE39001014
:107AB800FE390010FE390010FE390010FE390010A2
:107AC800FE390010FE390010F4390010FE3900109C
:107AD800FE390010FE390010FE390010FE39001082
:107AE800F4390010743C001062390010623900103B
:107AF80062390010623900106239001062390010D2
:107B080062390010623900106239001062390010C1
:107B180062390010623900106239001062390010B1
:107B280062390010623900106239001062390010A1
:107B38006239001062390010623900106239001091
:107B48006239001062390010623900106239001081
:107B58006239001062390010623900106239001071
:107B680062390010F03B00102C3C0010F03B001074
:107B78006239001062390010623900106239001051
:107B88006239001062390010623900106239001041
:107B98006239001062390010623900106239001031
:107BA8006239001062390010623900106239001021
:107BB8000C3E001062390010623900106239001062
:107BC8006239001062390010623900106239001001
:107BD80062390010623900100C3E0010843C00101D
:107BE8000C3E0010F03B00102C3C0010F03B001045
:107BF800000000000000F03F0000000000002440EA
:107C080000000000000059400000000000408F40C4
:107C1800000000000088C34000000000006AF8402F
:107C28000000000080842E4100000000D012634153
:107C38000000000084D797410000000065CDCD41C9
:107C48000D0A00000600525053B4F4A158790010F0
:107C58000800525012000000080052509210000014
:107C68000600525053B4F4A16C79001000000000D3
:107C78008079001090790010B01E002098790010CB
:107C8800A479001009025400030100807D080B004C
:107C98000202020000090400000102020004052497
:107CA8000020010524010001042402060524060021
:107CB800010705810308001009040100020A0000F9
:107CC8000007050202400000070582024000000983
:107CD80004020000FF00010512011002EF0201403A
:107CE8008A2E0A0000010102030100000A000000B8
:107CF80000000306A6000800020002009C00140011
:107D0800030057494E555342000000000000000090
:107D1800000080000400010028004400650076008F
:107D280069006300650049006E0074006500720018
:107D38006600610063006500470055004900440083
:107D480000004E007B0062006300370033003900FA
:107D58003800630031002D003700330063006400F1
:107D68002D0034006300620037002D003900380010
:107D7800620038002D0039003100330061003800FE
:107D880066006300610037006200660036007D000F
:107D980000000000050F2100011C100500DF60DD58
:107DA800D88945C74C9CD2659D9E648A9F00000374
:107DB80006A600010000000000000000D5500010D9
:107DC80000000000D9500010E550001011510010BB
:107DD8000D51001000000000365600109C5700108E
:107DE800245800107457001086570010645700106C
:107DF800D65600108256001076560010405B0010D0
:107E0800265B001010590010605B0010105900101C
:107E18000E5B0010FA5A001010590010E65A0010B4
:107E2800F859001010590010BE5D0010B05D001028
:107E3800A45D001010590010105900108E5D00103C
:107E4800B05D0010105900101059001010590010A2
:107E58001059001010590010105900101059001036
:107E68004A5D0010580D0020580D0020A20D00207A
:107E7800C20D0020020E0020140E0020500D00201C
:107E88000000000041630010B1630010E1630010BE
:107E980029640010D1640010C165001000000000C2
:107EA80000000001020002080008100101000000A3
:107EB80000FF000F0000000000200B0000020A2154
:107EC80000000500000000C8000038FF010008009D
:107ED8000001CC0F01F10D0168008008B800000016
:107EE800000F8900000000000000010F0D0E0E00B9
:107EF8000002C7FF9B00000001000000FFFFFF0514
:107F0800020401070300FFFF090DFFFFFFFF0A0638
:047F1800FFFF0B0C50
:107F1C00087A0010147A0010207A00102C7A0010C5
:107F2C00387A0010447A0010507A0010607C0010EF
:0C7F3C00587C00104C7C0010687C001089
:107F480003000068EFF3108C72B60268002AFCD0B8
:107F5800BFF35F8F04229A56002A0BDB002900D05A
:107F68000A6000201B68BFF35F8F00221A608CF341
:107F780010887047D0221206126801201A71F1E7A2
:107F8800F0B5C646160000B504001F000268EFF3FE
:107F9800108172B61368002BFCD0BFF35F8F0423E7
:107FA800E3562268002B2BDBBFF35F8F00201060A5
:107FB80081F31088D02212061278002552B290461A
:107FC8009A420ED1002080BCB846F0BDBFF35F8F47
:107FD800156081F310883000390000F0F9FE0028A0
:107FE800F0D12268EFF3108172B61368002BFCD031
:107FF800BFF35F8F237922687F2BE7D9434602E0DE
:10800800D0231B061B682371BFF35F8F0023136007
:1080180081F310880120D6E7F0B5C64600B50F00F9
:10802800040000F0E5FEFA220E00050000233800E7
:108038000021920000F0BCFE4019714106000F1E9D
:1080480002DA0126164F7642D0231B061B6800254C
:1080580098460AE0BFF35F8F156081F310883000FF
:10806800390000F0B5FE002818D12268EFF310811E
:1080780072B61368002BFCD0BFF35F8F2379226898
:108088007F2BE7D943462371BFF35F8F002313602B
:1080980081F31088012080BCB846F0BD0020FAE7C3
:1080A800FFFFFF7F0268EFF3108172B61368002BA1
:1080B800FCD0BFF35F8FFF2303710368BFF35F8FAB
:1080C80000221A6081F3108840BF7047084B9C4615
:1080D8001B78002B0BD18023064807495B051A68DB
:1080E800C25004338B42FAD10123624613707047A1
:1080F800C41E0020EC1600100001001010B5014B42
:10810800984710BDED160020084B5A6842609A68DF
:108118008260DA68C2601A6902615A6942619B69C1
:108128008361A0235B051B68036070470000024061
:108138004268084B5A6082689A60C268DA600269CD
:108148001A6142695A6182699A61A02302685B05D3
:108158001A60704700000240F0B5D6464F464646C2
:108168000023C0B5182788B01E0081460D00988AE4
:1081780046493B88140098473B8880464449B08A62
:108188009847002343490600988A3B8898478246C7
:10819800FFF79CFF01A8FFF7B7FFC047B0473E4B6A
:1081A80021001A6880239B005340C022920013408C
:1081B8003A4A1360002C1CD00823C0209C46400576
:1081C800163F6246836A1A401F4239D0631A002953
:1081D8002BD1002A0BD1002C0BD0C0230822022659
:1081E8005B059B6A1A401E4242D0002AF5D0002C3B
:1081F80030D1294B1A68C0239B009343274A136048
:10820800D047FFF77BFF01A8FFF792FF08B0E0BC5B
:10821800BA46B146A846F0BD002C2BD1C022520563
:10822800966A08223240B6072BD50D2B19D9002A99
:10823800F2D1C0225205966A08223240B607F4D419
:10824800002A04D10B002343002BBAD1D1E70B003D
:10825800002CF9D0036E013C2B70230001350B4331
:10826800F2E74B461B780139036601239944E7E797
:108278000021E5E7C0235B051B6E013C2B7001352F
:108288009FE70B00A242DFD1DCE7C0464946000069
:1082980045580000464300000C8001400C90014006
:1082A8000022154B10B59A60DA601A615A619A611A
:1082B800DA611A625A629A62DA621A635A639A63D4
:1082C800DA631A645A649A64DA641A655A659A65B4
:1082D800DA651A665A669A66DA661A675A679A6794
:1082E800DA67F03292000021044800F079FD044B6F
:1082F800044A1A6010BDC04600001050A41A00209D
:10830800701E002080011050F0B54746CE4680B55B
:108318001C4B00249F6D012685B0002F1BD01A4BE3
:1083280098461A4B994604E00134E4B27600202CB2
:1083380011D03E42F8D043469E65012365086D0082
:10834800A343ED186D014D44280000F013FC0028EC
:1083580006D1B743E8D105B0C0BCB946B046F0BDB8
:10836800EB8AE0210393002301A8AA78C9000180C1
:1083780001210271437100F01DFC280000F098FBF8
:10838800E7E7C0460000115000301150641A002081
:108398009823C64AF0B5D55880232E009B02102496
:1083A80085B01E401D4274D0C14BC24C9A6AC24B64
:1083B80000261A603B23E35C022B00D14BE17B23B0
:1083C800E35C022B00D1EFE0BB23E35C022B00D17E
:1083D800F6E0FB23E35C022B00D1FDE03C23FF33F6
:1083E800E35C022B00D129E17C23FF33E35C022B01
:1083F80000D10AE1BC23FF33E35C022B00D13BE14F
:10840800FC23FF33E35C022B00D1F1E0AB4BE35CD0
:10841800022B00D170E1AA4BE35C022B00D101E1F1
:10842800A84BE35C022B00D171E1A74BE35C022B64
:1084380000D12EE1A54BE35C022B00D19CE1A44BBB
:10844800E35C022B00D16DE1A24BE35C022B00D16F
:108458009DE1A14BE35C022B00D17BE1002E08D10A
:108468009E4B1B78002B04D180219D4A90338902B2
:10847800D150C02269468D4B92009B6C80265B05CB
:108488008A805B0D012101A8029300F093FB954CB3
:10849800B602EB0600D57BE080235B021D422FD09D
:1084A8000224844F1E43BB7E002B14D000F0A8FC8E
:1084B800012800D970E0C02200213800920100F0A4
:1084C800FDFA380000F0F4FA00F09AFC012802D90D
:1084D800834B5C661C660123FB702037012C20D17E
:1084E800C0236A46DB0093807F4A02AB03CA03C3FA
:1084F800012101A800F05EFB8022794B92021A65E7
:1085080080235B011D420ED18023DB011D4221D156
:1085180080231B021D422DD1AE4200D0BEE105B022
:10852800F0BD0124BFE700241E43604B1C60FFF729
:10853800B7FE80236A465B0093801472012101A86C
:1085480000F038FB8022664B12031A658023DB019A
:108558001D42DDD01E4380236A46DB009380012143
:1085680001A800F027FB10225D4B1A6580231B022F
:108578001D42D1D01E43A0236A46DB00938001210F
:1085880001A800F017FB8022554B12011A65C3E7BA
:10859800FFF7BAFE26007FE7544B444A1C66536E29
:1085A8002340A342FBD186E77833E75C002F00D154
:1085B8000AE70233E25C002A00D00DE13E0003E73F
:1085C800B833E75C002F00D103E70233E25C002AEE
:1085D80000D0F9E03E00FCE6F833E75C002F00D15C
:1085E800FCE60233E25C002A00D041E13E00F5E6F9
:1085F800F933FF33E75C002F00D107E70233E25C71
:10860800002A00D02BE13E0000E77933FF33E75C16
:10861800002F00D1EEE60233E25C002A00D015E11B
:108628003E00E7E6324BE75C002F00D1F8E6023364
:10863800E25C002A00D001E13E00F1E63933FF3365
:10864800E75C002F00D1CFE60233E25C002A00D0BD
:10865800EBE03E00C8E63833E65C002E00D1AEE61B
:108668000233E25C002A00D1A9E620000022203073
:10867800E25400F04BFAA2E6B933FF33E75C002F6F
:1086880000D1BDE60233E25C002A00D0C4E03E001F
:10869800B6E6184BE75C002F00D1CBE60233E25C6C
:1086A800002A00D0B0E03E00C4E6C04600001150E9
:1086B80000400540641A00205C1A00203B020000BC
:1086C8007B020000BB020000FB0200003B0300002D
:1086D8007B030000BB030000FB030000C21E002058
:1086E80000301150100002000000105000201150FE
:1086F8007A020000FA0200006B4BE75C002F00D101
:1087080089E60233E25C002A76D13E0083E6674BB5
:10871800E75C002F00D188E60233E25C002A63D1CF
:108728003E0082E6624BE75C002F00D18CE6023304
:10873800E25C002A00D0A3E05E4BE35C022B30D160
:108748005D4BE35C002B27D15C4BE35C022B00D034
:108758008FE63E005A4BE35C002B00D17EE6FF23F8
:108768009B00E25C002A00D183E60022E2541C3B15
:10877800E01800F0CBF97CE6524BE75C002F00D103
:108788005DE60233E25C002A16D13E0057E64A4B0A
:10879800E35C002B00D15CE6EF239B00E25C002A3F
:1087A80075D1464BE35C022B00D062E6444BE35C98
:1087B800002B00D15DE6D2E70022E2541C3BE01812
:1087C80000F0A4F93E003AE620000022A030E2546E
:1087D8003E0000F09BF9FCE5200000226030E254E6
:1087E8003E0000F093F9EFE50022E2541C3BE0184C
:1087F80000F08CF93E0018E60022E2541C3BE01819
:1088080000F084F93E0006E60022E2541C3BE01822
:1088180000F07CF93E000DE620000022A130FF3078
:10882800E2543E0000F072F9EAE52000002221300F
:10883800FF30E2543E0000F069F9D5E50022E25429
:108848001C3BE01800F062F93E00E9E52000002238
:108858006130FF30E2543E0000F058F9CAE52000CC
:108868000022E130FF30E2543E0000F04FF9CDE540
:1088780020000022E030E2543E0000F047F9ADE568
:108888000022E2541C3BE01800F040F954E70022B3
:10889800E2541C3BE01800F039F982E731000A483D
:1088A800694000F075FAC0463A020000BA020000BA
:1088B8007A030000BB030000BA030000FB030000BA
:1088C800FA0300003A030000AC790010F0B58C46BA
:1088D800838A018B020083B00E1C994200D91E1CAA
:1088E800B6B29B1B9CB2D37880211800451EA841C4
:1088F800C90031434003084301214B40D3705378EA
:108908009482002B32D11169002E2AD06346D46894
:108918009B01E418731E0193062B32D923000B43E5
:108928009B072ED1631A013B022B2AD90023B708D3
:10893800BF00CD58E5500433BB42FAD19E420ED059
:10894800019DE418EF1ACD18C95C2170019999426C
:1089580005D06B786370012F01D0AB78A3701169D3
:10896800948A802389191B0211611843002C02D1B3
:108978008023DB0118436346002B00D0000403B0BA
:10898800F0BD0023CD5CE55401339E42FAD1E6E701
:108998008368F0B51A68002900D0120C4378920554
:1089A800950D002B09D1C38AEB18C382038BAB4208
:1089B80001D9002383822800F0BD0469002D28D046
:1089C800C36889016F1EBC465E18062F27D901317E
:1089D8005B18E31A022B22D9230033439B071ED1CD
:1089E8000023120E9200F158E15004339A42FAD152
:1089F80095420DD063469F1AA318B45CB1181C7039
:108A0800944505D04A785A70012F01D08A789A7017
:108A18000469C38A6419EB18C3820461C6E700229B
:108A2800B35CA35401329542FAD10469F1E7C04618
:108A380010B50400836800211B68FFF7A9FF63686D
:108A48001B685B0002D5238B834200D010BD012137
:108A58002000FFF79DFFF9E7084B1A6C00239207E7
:108A680003D48278D209012A01D018007047C37E46
:108A7800023B5A425341DBB2F7E7C04600001150AF
:108A880010B5FFF7E9FF00280AD0064B064A9B6A93
:108A9800064912685B189B1A0020C6229A42404178
:108AA80010BDC046004005405C1A0020E0FCFFFFF6
:108AB80000238376436103617047C04610B583681D
:108AC800002901D01C682140002A12D08024E4002B
:108AD800114322420DD01A6822420CD1084A0A409A
:108AE8001A60084A126C920703D40C23033BFDD288
:108AF8008368196010BD8178034800F049F9C046C1
:108B0800FFFBFFFF00001150C0790010436870B5EB
:108B18000021802504001E68FFF7D8FE124B6D0166
:108B28001A6C0543A37892070ED55B060ED00F4B3F
:108B38001E4080239B053343626800211360200098
:108B48002A00FFF7BBFF70BDDB09F0D0A38A002B1A
:108B5800EDD001212000FFF7B9FEA023044ADB0570
:108B6800324005431343E7E700001150FFFFFFAF12
:108B7800FFFFFFDF70B5857E0400002D14D0FFF7DE
:108B880057FFA38A002B01D1280070BD2000FFF7F2
:108B980077FF002803D0012300252377F4E720007E
:108BA800FFF7B4FF0025EFE78178014800F0F0F8FF
:108BB800E0790010F0B54746CE4680B54378050009
:108BC8000F0085B0062B07D8684A9B00D3589F46EC
:108BD800674A137801331370664B1C686269EFF3B8
:108BE800108172B61368002BFCD0BFF35F8FA161B0
:108BF8002000290000F0E4F86269A369BFF35F8FE1
:108C08000021116083F31088002804D105B0C0BC8E
:108C1800B946B046F0BD3A006978287800F0C0F847
:108C2800F4E70121544B1A788A431A701A780131F3
:108C38008A431A7000225A701A7802318A431A70CD
:108C4800CAE74E4B00241E001A784D4B98464D4BF0
:108C5800994610E04B461B6861015B18002B06D053
:108C6800DB69002B03D0696828789847327801348B
:108C7800E4B2944217D8A242ECD8A31A5B01434449
:108C8800EEE73D4B1A78D207C0D504211A780A437B
:108C98001A70A1E7384B1A78D207B7D504211A7889
:108CA8008A431A7098E7344A1378904611005B0794
:108CB80028D51378042201AC93430B7020000021BF
:108CC800083200F08DF82B78237005236370294B48
:108CD8001B6818005A69EFF3108172B61368002BED
:108CE800FCD0BFF35F8F06008161210000F068F8B7
:108CF8007269B369BFF35F8F0021116083F3108835
:108D080000282CD14346DB78DB0700D47EE72B789C
:108D180001AC2370032363706B686360154B1D6897
:108D28006A69EFF3108172B61368002BFCD0BFF3A9
:108D38005F8FA9612800210000F042F86A69AB69D9
:108D4800BFF35F8F0021116083F31088002800D1E2
:108D58005CE73A006178207800F022F856E73A009C
:108D68006178207800F01CF8CCE7C0466C7E0010D3
:108D7800C31E002028160020D0150020C11E002088
:108D8800887E0010E81400207047C04600000000EC
:108D980001B40248844601BC604700BF9D0700102B
:108DA80001B40248844601BC604700BFE554001086
:108DB80001B40248844601BC604700BFB92B0010CB
:108DC80001B40248844601BC604700BF916A0010A4
:108DD80001B40248844601BC604700BFE515001095
:108DE80001B40248844601BC604700BF912C0010C2
:108DF80001B40248844601BC604700BF291700102F
:108E080001B40248844601BC604700BF91070010C6
:108E18001000000000000000000001000000000039
:108E28000000000000000200000000000000000038
:108E38000000030000000000000000000000040023
:108E48000000000000000000000005000000000015
:108E5800000000000000FF000000000001B54868A5
:108E680001318E460047704609380149884701BDDF
:108E7800790D001000000000000000000000000054
:108E88000000000000000000601100200000000049
:108E9800503300004C3300005433000052330000BC
:108EA8004D5300004D43000053340000433400008C
:108EB80041480010414900108D48001055490010E4
:108EC8000000000000010000894B00103D4B00101D
:108ED800B14A0010294A00100000000000010000FB
:108EE8002C16002010000C000000000000000000FC
:108EF800000000000000000000000000FF0000006B
:108F08000080044000000000004004400000000011
:088F1800000000000000000051
:04000005100001E9FD
:00000001FF
