
/Users/jialo.mi/GitHub/School/Y2T1/INF2004 Embedded Systems/VL53L1X-C-API-for-Raspberry-Pi-Pico-main/VL53L1X-C-API-for-Raspberry-Pi-Pico-main/build/2d_mapping/2d_mapping.elf:     file format elf32-littlearm

Sections:
Idx Name          Size      VMA       LMA       File off  Algn
  0 .boot2        00000100  10000000  10000000  00001000  2**0
                  CONTENTS, ALLOC, LOAD, READONLY, CODE
  1 .text         00007548  10000100  10000100  00001100  2**3
                  CONTENTS, ALLOC, LOAD, READONLY, CODE
  2 .rodata       000008d4  10007648  10007648  00008648  2**3
                  CONTENTS, ALLOC, LOAD, READONLY, DATA
  3 .binary_info  0000002c  10007f1c  10007f1c  00008f1c  2**2
                  CONTENTS, ALLOC, LOAD, READONLY, DATA
  4 .xip_ram      00000000  15000000  15000000  0000a098  2**0
                  CONTENTS
  5 .ram_vector_table 000000c0  20000000  20000000  0000b000  2**2
                  ALLOC
  6 .uninitialized_data 00000000  200000c0  200000c0  0000a098  2**0
                  CONTENTS
  7 .data         00000fd8  200000c0  10007f48  000090c0  2**4
                  CONTENTS, ALLOC, LOAD, READONLY, CODE
  8 .tdata        00000000  20001098  20001098  0000a098  2**0
                  CONTENTS, ALLOC, LOAD, DATA, THREAD_LOCAL
  9 .tbss         00000000  20001098  20001098  00000000  2**0
                  ALLOC, THREAD_LOCAL
 10 .tbss_space   00000000  20001098  20001098  0000a098  2**0
                  CONTENTS
 11 .bss          00000e34  20001098  10008f20  0000a098  2**3
                  ALLOC
 12 .tls0         00000000  20001ecc  20001ecc  0000a098  2**0
                  CONTENTS
 13 .tls1         00000000  20001ecc  20001ecc  0000a098  2**0
                  CONTENTS
 14 .persistent_data 00000000  20001ecc  20001ecc  0000a098  2**0
                  CONTENTS
 15 .dummy_pre_heap 00000000  20001ecc  20001ecc  0000a098  2**0
                  CONTENTS
 16 .heap         00000800  20001ecc  20001ecc  0000b000  2**2
                  ALLOC, READONLY
 17 .scratch_x    00000000  20040000  20040000  0000a098  2**0
                  CONTENTS
 18 .scratch_y    00000000  20041000  20041000  0000a098  2**0
                  CONTENTS
 19 .stack_dummy  00000800  20041000  20041000  0000b000  2**5
                  ALLOC, READONLY
 20 .debug_info   00038e99  00000000  00000000  0000a098  2**0
                  CONTENTS, READONLY, DEBUGGING, OCTETS
 21 .debug_abbrev 00009979  00000000  00000000  00042f31  2**0
                  CONTENTS, READONLY, DEBUGGING, OCTETS
 22 .debug_loclists 0001e299  00000000  00000000  0004c8aa  2**0
                  CONTENTS, READONLY, DEBUGGING, OCTETS
 23 .debug_aranges 00001980  00000000  00000000  0006ab48  2**3
                  CONTENTS, READONLY, DEBUGGING, OCTETS
 24 .debug_rnglists 00004d1e  00000000  00000000  0006c4c8  2**0
                  CONTENTS, READONLY, DEBUGGING, OCTETS
 25 .debug_line   000287c6  00000000  00000000  000711e6  2**0
                  CONTENTS, READONLY, DEBUGGING, OCTETS
 26 .debug_str    0000a025  00000000  00000000  000999ac  2**0
                  CONTENTS, READONLY, DEBUGGING, OCTETS
 27 .comment      00000045  00000000  00000000  000a39d1  2**0
                  CONTENTS, READONLY
 28 .ARM.attributes 0000002a  00000000  00000000  000a3a16  2**0
                  CONTENTS, READONLY
 29 .debug_frame  000037cc  00000000  00000000  000a3a40  2**2
                  CONTENTS, READONLY, DEBUGGING, OCTETS
 30 .debug_line_str 000003d5  00000000  00000000  000a720c  2**0
                  CONTENTS, READONLY, DEBUGGING, OCTETS

/Users/jialo.mi/GitHub/School/Y2T1/INF2004 Embedded Systems/VL53L1X-C-API-for-Raspberry-Pi-Pico-main/VL53L1X-C-API-for-Raspberry-Pi-Pico-main/build/2d_mapping/2d_mapping.elf:     file format elf32-littlearm


Disassembly of section .boot2:

10000000 <__boot2_start__>:
10000000:	4b32b500 	.word	0x4b32b500
10000004:	60582021 	.word	0x60582021
10000008:	21026898 	.word	0x21026898
1000000c:	60984388 	.word	0x60984388
10000010:	611860d8 	.word	0x611860d8
10000014:	4b2e6158 	.word	0x4b2e6158
10000018:	60992100 	.word	0x60992100
1000001c:	61592102 	.word	0x61592102
10000020:	22f02101 	.word	0x22f02101
10000024:	492b5099 	.word	0x492b5099
10000028:	21016019 	.word	0x21016019
1000002c:	20356099 	.word	0x20356099
10000030:	f844f000 	.word	0xf844f000
10000034:	42902202 	.word	0x42902202
10000038:	2106d014 	.word	0x2106d014
1000003c:	f0006619 	.word	0xf0006619
10000040:	6e19f834 	.word	0x6e19f834
10000044:	66192101 	.word	0x66192101
10000048:	66182000 	.word	0x66182000
1000004c:	f000661a 	.word	0xf000661a
10000050:	6e19f82c 	.word	0x6e19f82c
10000054:	6e196e19 	.word	0x6e196e19
10000058:	f0002005 	.word	0xf0002005
1000005c:	2101f82f 	.word	0x2101f82f
10000060:	d1f94208 	.word	0xd1f94208
10000064:	60992100 	.word	0x60992100
10000068:	6019491b 	.word	0x6019491b
1000006c:	60592100 	.word	0x60592100
10000070:	481b491a 	.word	0x481b491a
10000074:	21016001 	.word	0x21016001
10000078:	21eb6099 	.word	0x21eb6099
1000007c:	21a06619 	.word	0x21a06619
10000080:	f0006619 	.word	0xf0006619
10000084:	2100f812 	.word	0x2100f812
10000088:	49166099 	.word	0x49166099
1000008c:	60014814 	.word	0x60014814
10000090:	60992101 	.word	0x60992101
10000094:	2800bc01 	.word	0x2800bc01
10000098:	4700d000 	.word	0x4700d000
1000009c:	49134812 	.word	0x49134812
100000a0:	c8036008 	.word	0xc8036008
100000a4:	8808f380 	.word	0x8808f380
100000a8:	b5034708 	.word	0xb5034708
100000ac:	20046a99 	.word	0x20046a99
100000b0:	d0fb4201 	.word	0xd0fb4201
100000b4:	42012001 	.word	0x42012001
100000b8:	bd03d1f8 	.word	0xbd03d1f8
100000bc:	6618b502 	.word	0x6618b502
100000c0:	f7ff6618 	.word	0xf7ff6618
100000c4:	6e18fff2 	.word	0x6e18fff2
100000c8:	bd026e18 	.word	0xbd026e18
100000cc:	40020000 	.word	0x40020000
100000d0:	18000000 	.word	0x18000000
100000d4:	00070000 	.word	0x00070000
100000d8:	005f0300 	.word	0x005f0300
100000dc:	00002221 	.word	0x00002221
100000e0:	180000f4 	.word	0x180000f4
100000e4:	a0002022 	.word	0xa0002022
100000e8:	10000100 	.word	0x10000100
100000ec:	e000ed08 	.word	0xe000ed08
	...
100000fc:	7a4eb274 	.word	0x7a4eb274

Disassembly of section .text:

10000100 <__VECTOR_TABLE>:
10000100:	20042000 	.word	0x20042000
10000104:	100001f7 	.word	0x100001f7
10000108:	100001cb 	.word	0x100001cb
1000010c:	100001cd 	.word	0x100001cd
10000110:	100001c9 	.word	0x100001c9
10000114:	100001c9 	.word	0x100001c9
10000118:	100001c9 	.word	0x100001c9
1000011c:	100001c9 	.word	0x100001c9
10000120:	100001c9 	.word	0x100001c9
10000124:	100001c9 	.word	0x100001c9
10000128:	100001c9 	.word	0x100001c9
1000012c:	100001cf 	.word	0x100001cf
10000130:	100001c9 	.word	0x100001c9
10000134:	100001c9 	.word	0x100001c9
10000138:	100001d1 	.word	0x100001d1
1000013c:	100001d3 	.word	0x100001d3
10000140:	100001c1 	.word	0x100001c1
10000144:	100001c1 	.word	0x100001c1
10000148:	100001c1 	.word	0x100001c1
1000014c:	100001c1 	.word	0x100001c1
10000150:	100001c1 	.word	0x100001c1
10000154:	100001c1 	.word	0x100001c1
10000158:	100001c1 	.word	0x100001c1
1000015c:	100001c1 	.word	0x100001c1
10000160:	100001c1 	.word	0x100001c1
10000164:	100001c1 	.word	0x100001c1
10000168:	100001c1 	.word	0x100001c1
1000016c:	100001c1 	.word	0x100001c1
10000170:	100001c1 	.word	0x100001c1
10000174:	100001c1 	.word	0x100001c1
10000178:	100001c1 	.word	0x100001c1
1000017c:	100001c1 	.word	0x100001c1
10000180:	100001c1 	.word	0x100001c1
10000184:	100001c1 	.word	0x100001c1
10000188:	100001c1 	.word	0x100001c1
1000018c:	100001c1 	.word	0x100001c1
10000190:	100001c1 	.word	0x100001c1
10000194:	100001c1 	.word	0x100001c1
10000198:	100001c1 	.word	0x100001c1
1000019c:	100001c1 	.word	0x100001c1
100001a0:	100001c1 	.word	0x100001c1
100001a4:	100001c1 	.word	0x100001c1
100001a8:	100001c1 	.word	0x100001c1
100001ac:	100001c1 	.word	0x100001c1
100001b0:	100001c1 	.word	0x100001c1
100001b4:	100001c1 	.word	0x100001c1
100001b8:	100001c1 	.word	0x100001c1
100001bc:	100001c1 	.word	0x100001c1

100001c0 <__unhandled_user_irq>:
100001c0:	f3ef 8005 	mrs	r0, IPSR
100001c4:	3810      	subs	r0, #16

100001c6 <unhandled_user_irq_num_in_r0>:
100001c6:	be00      	bkpt	0x0000

100001c8 <isr_invalid>:
100001c8:	be00      	bkpt	0x0000

100001ca <isr_nmi>:
100001ca:	be00      	bkpt	0x0000

100001cc <isr_hardfault>:
100001cc:	be00      	bkpt	0x0000

100001ce <isr_svcall>:
100001ce:	be00      	bkpt	0x0000

100001d0 <isr_pendsv>:
100001d0:	be00      	bkpt	0x0000

100001d2 <isr_systick>:
100001d2:	be00      	bkpt	0x0000

100001d4 <__default_isrs_end>:
100001d4:	7188ebf2 	.word	0x7188ebf2
100001d8:	10007f1c 	.word	0x10007f1c
100001dc:	10007f48 	.word	0x10007f48
100001e0:	10000238 	.word	0x10000238
100001e4:	e71aa390 	.word	0xe71aa390

100001e8 <_entry_point>:
100001e8:	2000      	movs	r0, #0

100001ea <_enter_vtable_in_r0>:
100001ea:	491e      	ldr	r1, [pc, #120]	@ (10000264 <data_cpy_table+0x2c>)
100001ec:	6008      	str	r0, [r1, #0]
100001ee:	c806      	ldmia	r0!, {r1, r2}
100001f0:	f381 8808 	msr	MSP, r1
100001f4:	4710      	bx	r2

100001f6 <_reset_handler>:
100001f6:	481c      	ldr	r0, [pc, #112]	@ (10000268 <data_cpy_table+0x30>)
100001f8:	6800      	ldr	r0, [r0, #0]
100001fa:	2800      	cmp	r0, #0
100001fc:	d001      	beq.n	10000202 <hold_non_core0_in_bootrom+0x4>

100001fe <hold_non_core0_in_bootrom>:
100001fe:	2000      	movs	r0, #0
10000200:	e7f3      	b.n	100001ea <_enter_vtable_in_r0>
10000202:	a40d      	add	r4, pc, #52	@ (adr r4, 10000238 <data_cpy_table>)
10000204:	cc0e      	ldmia	r4!, {r1, r2, r3}
10000206:	2900      	cmp	r1, #0
10000208:	d002      	beq.n	10000210 <hold_non_core0_in_bootrom+0x12>
1000020a:	f000 f812 	bl	10000232 <data_cpy>
1000020e:	e7f9      	b.n	10000204 <hold_non_core0_in_bootrom+0x6>
10000210:	4916      	ldr	r1, [pc, #88]	@ (1000026c <data_cpy_table+0x34>)
10000212:	4a17      	ldr	r2, [pc, #92]	@ (10000270 <data_cpy_table+0x38>)
10000214:	2000      	movs	r0, #0
10000216:	e000      	b.n	1000021a <bss_fill_test>

10000218 <bss_fill_loop>:
10000218:	c101      	stmia	r1!, {r0}

1000021a <bss_fill_test>:
1000021a:	4291      	cmp	r1, r2
1000021c:	d1fc      	bne.n	10000218 <bss_fill_loop>

1000021e <platform_entry>:
1000021e:	4915      	ldr	r1, [pc, #84]	@ (10000274 <data_cpy_table+0x3c>)
10000220:	4788      	blx	r1
10000222:	4915      	ldr	r1, [pc, #84]	@ (10000278 <data_cpy_table+0x40>)
10000224:	4788      	blx	r1
10000226:	4915      	ldr	r1, [pc, #84]	@ (1000027c <data_cpy_table+0x44>)
10000228:	4788      	blx	r1
1000022a:	be00      	bkpt	0x0000
1000022c:	e7fd      	b.n	1000022a <platform_entry+0xc>

1000022e <data_cpy_loop>:
1000022e:	c901      	ldmia	r1!, {r0}
10000230:	c201      	stmia	r2!, {r0}

10000232 <data_cpy>:
10000232:	429a      	cmp	r2, r3
10000234:	d3fb      	bcc.n	1000022e <data_cpy_loop>

10000236 <data_cpy_done>:
10000236:	4770      	bx	lr

10000238 <data_cpy_table>:
10000238:	10007f48 	.word	0x10007f48
1000023c:	200000c0 	.word	0x200000c0
10000240:	20001098 	.word	0x20001098
10000244:	10008f20 	.word	0x10008f20
10000248:	20040000 	.word	0x20040000
1000024c:	20040000 	.word	0x20040000
10000250:	10008f20 	.word	0x10008f20
10000254:	20041000 	.word	0x20041000
10000258:	20041000 	.word	0x20041000
1000025c:	00000000 	.word	0x00000000
10000260:	4770      	bx	lr
10000262:	0000      	.short	0x0000
10000264:	e000ed08 	.word	0xe000ed08
10000268:	d0000000 	.word	0xd0000000
1000026c:	20001098 	.word	0x20001098
10000270:	20001ecc 	.word	0x20001ecc
10000274:	10004439 	.word	0x10004439
10000278:	10000395 	.word	0x10000395
1000027c:	10004431 	.word	0x10004431

10000280 <init_sensor>:
10000280:	b5f0      	push	{r4, r5, r6, r7, lr}
10000282:	46d6      	mov	lr, sl
10000284:	4646      	mov	r6, r8
10000286:	464f      	mov	r7, r9
10000288:	b5c0      	push	{r6, r7, lr}
1000028a:	b082      	sub	sp, #8
1000028c:	466b      	mov	r3, sp
1000028e:	1dde      	adds	r6, r3, #7
10000290:	2300      	movs	r3, #0
10000292:	0004      	movs	r4, r0
10000294:	468a      	mov	sl, r1
10000296:	4837      	ldr	r0, [pc, #220]	@ (10000374 <init_sensor+0xf4>)
10000298:	0011      	movs	r1, r2
1000029a:	0017      	movs	r7, r2
1000029c:	7033      	strb	r3, [r6, #0]
1000029e:	f004 fac3 	bl	10004828 <__wrap_printf>
100002a2:	2301      	movs	r3, #1
100002a4:	22d0      	movs	r2, #208	@ 0xd0
100002a6:	40a3      	lsls	r3, r4
100002a8:	0612      	lsls	r2, r2, #24
100002aa:	6153      	str	r3, [r2, #20]
100002ac:	2064      	movs	r0, #100	@ 0x64
100002ae:	f001 f935 	bl	1000151c <sleep_ms>
100002b2:	4b31      	ldr	r3, [pc, #196]	@ (10000378 <init_sensor+0xf8>)
100002b4:	2500      	movs	r5, #0
100002b6:	4699      	mov	r9, r3
100002b8:	4b30      	ldr	r3, [pc, #192]	@ (1000037c <init_sensor+0xfc>)
100002ba:	4698      	mov	r8, r3
100002bc:	e008      	b.n	100002d0 <init_sensor+0x50>
100002be:	7833      	ldrb	r3, [r6, #0]
100002c0:	2b00      	cmp	r3, #0
100002c2:	d121      	bne.n	10000308 <init_sensor+0x88>
100002c4:	200a      	movs	r0, #10
100002c6:	3501      	adds	r5, #1
100002c8:	f001 f928 	bl	1000151c <sleep_ms>
100002cc:	2d64      	cmp	r5, #100	@ 0x64
100002ce:	d018      	beq.n	10000302 <init_sensor+0x82>
100002d0:	002a      	movs	r2, r5
100002d2:	0039      	movs	r1, r7
100002d4:	4648      	mov	r0, r9
100002d6:	f004 faa7 	bl	10004828 <__wrap_printf>
100002da:	0031      	movs	r1, r6
100002dc:	2029      	movs	r0, #41	@ 0x29
100002de:	f007 f815 	bl	1000730c <VL53L1X_BootState>
100002e2:	0039      	movs	r1, r7
100002e4:	0004      	movs	r4, r0
100002e6:	0002      	movs	r2, r0
100002e8:	7833      	ldrb	r3, [r6, #0]
100002ea:	4640      	mov	r0, r8
100002ec:	f004 fa9c 	bl	10004828 <__wrap_printf>
100002f0:	2c00      	cmp	r4, #0
100002f2:	d0e4      	beq.n	100002be <init_sensor+0x3e>
100002f4:	0039      	movs	r1, r7
100002f6:	4822      	ldr	r0, [pc, #136]	@ (10000380 <init_sensor+0x100>)
100002f8:	f004 fa96 	bl	10004828 <__wrap_printf>
100002fc:	2401      	movs	r4, #1
100002fe:	4264      	negs	r4, r4
10000300:	e022      	b.n	10000348 <init_sensor+0xc8>
10000302:	7833      	ldrb	r3, [r6, #0]
10000304:	2b00      	cmp	r3, #0
10000306:	d026      	beq.n	10000356 <init_sensor+0xd6>
10000308:	4653      	mov	r3, sl
1000030a:	0059      	lsls	r1, r3, #1
1000030c:	2029      	movs	r0, #41	@ 0x29
1000030e:	b2c9      	uxtb	r1, r1
10000310:	f006 fe60 	bl	10006fd4 <VL53L1X_SetI2CAddress>
10000314:	2800      	cmp	r0, #0
10000316:	d128      	bne.n	1000036a <init_sensor+0xea>
10000318:	200a      	movs	r0, #10
1000031a:	f001 f8ff 	bl	1000151c <sleep_ms>
1000031e:	4650      	mov	r0, sl
10000320:	f006 fe5e 	bl	10006fe0 <VL53L1X_SensorInit>
10000324:	2800      	cmp	r0, #0
10000326:	d11b      	bne.n	10000360 <init_sensor+0xe0>
10000328:	2102      	movs	r1, #2
1000032a:	4650      	mov	r0, sl
1000032c:	f006 ff3c 	bl	100071a8 <VL53L1X_SetDistanceMode>
10000330:	2132      	movs	r1, #50	@ 0x32
10000332:	4650      	mov	r0, sl
10000334:	f006 feba 	bl	100070ac <VL53L1X_SetTimingBudgetInMs>
10000338:	4650      	mov	r0, sl
1000033a:	f006 fe97 	bl	1000706c <VL53L1X_StartRanging>
1000033e:	4652      	mov	r2, sl
10000340:	0039      	movs	r1, r7
10000342:	4810      	ldr	r0, [pc, #64]	@ (10000384 <init_sensor+0x104>)
10000344:	f004 fa70 	bl	10004828 <__wrap_printf>
10000348:	0020      	movs	r0, r4
1000034a:	b002      	add	sp, #8
1000034c:	bce0      	pop	{r5, r6, r7}
1000034e:	46ba      	mov	sl, r7
10000350:	46b1      	mov	r9, r6
10000352:	46a8      	mov	r8, r5
10000354:	bdf0      	pop	{r4, r5, r6, r7, pc}
10000356:	0039      	movs	r1, r7
10000358:	480b      	ldr	r0, [pc, #44]	@ (10000388 <init_sensor+0x108>)
1000035a:	f004 fa65 	bl	10004828 <__wrap_printf>
1000035e:	e7cd      	b.n	100002fc <init_sensor+0x7c>
10000360:	0039      	movs	r1, r7
10000362:	480a      	ldr	r0, [pc, #40]	@ (1000038c <init_sensor+0x10c>)
10000364:	f004 fa60 	bl	10004828 <__wrap_printf>
10000368:	e7c8      	b.n	100002fc <init_sensor+0x7c>
1000036a:	0039      	movs	r1, r7
1000036c:	4808      	ldr	r0, [pc, #32]	@ (10000390 <init_sensor+0x110>)
1000036e:	f004 fa5b 	bl	10004828 <__wrap_printf>
10000372:	e7c3      	b.n	100002fc <init_sensor+0x7c>
10000374:	10007648 	.word	0x10007648
10000378:	10007658 	.word	0x10007658
1000037c:	10007670 	.word	0x10007670
10000380:	1000769c 	.word	0x1000769c
10000384:	1000772c 	.word	0x1000772c
10000388:	100076cc 	.word	0x100076cc
1000038c:	1000770c 	.word	0x1000770c
10000390:	100076e8 	.word	0x100076e8

10000394 <main>:
10000394:	b5f0      	push	{r4, r5, r6, r7, lr}
10000396:	46de      	mov	lr, fp
10000398:	464e      	mov	r6, r9
1000039a:	4645      	mov	r5, r8
1000039c:	4657      	mov	r7, sl
1000039e:	b5e0      	push	{r5, r6, r7, lr}
100003a0:	b08d      	sub	sp, #52	@ 0x34
100003a2:	f004 f96d 	bl	10004680 <stdio_init_all>
100003a6:	20fa      	movs	r0, #250	@ 0xfa
100003a8:	00c0      	lsls	r0, r0, #3
100003aa:	f001 f8b7 	bl	1000151c <sleep_ms>
100003ae:	200a      	movs	r0, #10
100003b0:	f004 f96e 	bl	10004690 <__wrap_putchar>
100003b4:	48c2      	ldr	r0, [pc, #776]	@ (100006c0 <main+0x32c>)
100003b6:	f004 f9b5 	bl	10004724 <__wrap_puts>
100003ba:	48c2      	ldr	r0, [pc, #776]	@ (100006c4 <main+0x330>)
100003bc:	f004 f9b2 	bl	10004724 <__wrap_puts>
100003c0:	48c1      	ldr	r0, [pc, #772]	@ (100006c8 <main+0x334>)
100003c2:	f004 f9af 	bl	10004724 <__wrap_puts>
100003c6:	4cc1      	ldr	r4, [pc, #772]	@ (100006cc <main+0x338>)
100003c8:	49c1      	ldr	r1, [pc, #772]	@ (100006d0 <main+0x33c>)
100003ca:	0020      	movs	r0, r4
100003cc:	f006 fdc4 	bl	10006f58 <i2c_init>
100003d0:	2103      	movs	r1, #3
100003d2:	2004      	movs	r0, #4
100003d4:	f000 f994 	bl	10000700 <gpio_set_function>
100003d8:	2103      	movs	r1, #3
100003da:	2005      	movs	r0, #5
100003dc:	f000 f990 	bl	10000700 <gpio_set_function>
100003e0:	2200      	movs	r2, #0
100003e2:	2101      	movs	r1, #1
100003e4:	2004      	movs	r0, #4
100003e6:	f000 f9a3 	bl	10000730 <gpio_set_pulls>
100003ea:	2101      	movs	r1, #1
100003ec:	2200      	movs	r2, #0
100003ee:	2005      	movs	r0, #5
100003f0:	f000 f99e 	bl	10000730 <gpio_set_pulls>
100003f4:	2006      	movs	r0, #6
100003f6:	f000 f9ad 	bl	10000754 <gpio_init>
100003fa:	2007      	movs	r0, #7
100003fc:	f000 f9aa 	bl	10000754 <gpio_init>
10000400:	2008      	movs	r0, #8
10000402:	f000 f9a7 	bl	10000754 <gpio_init>
10000406:	26d0      	movs	r6, #208	@ 0xd0
10000408:	2380      	movs	r3, #128	@ 0x80
1000040a:	2280      	movs	r2, #128	@ 0x80
1000040c:	2540      	movs	r5, #64	@ 0x40
1000040e:	0636      	lsls	r6, r6, #24
10000410:	005b      	lsls	r3, r3, #1
10000412:	6275      	str	r5, [r6, #36]	@ 0x24
10000414:	2064      	movs	r0, #100	@ 0x64
10000416:	6272      	str	r2, [r6, #36]	@ 0x24
10000418:	6273      	str	r3, [r6, #36]	@ 0x24
1000041a:	61b5      	str	r5, [r6, #24]
1000041c:	61b2      	str	r2, [r6, #24]
1000041e:	61b3      	str	r3, [r6, #24]
10000420:	f001 f87c 	bl	1000151c <sleep_ms>
10000424:	2014      	movs	r0, #20
10000426:	f000 f995 	bl	10000754 <gpio_init>
1000042a:	2380      	movs	r3, #128	@ 0x80
1000042c:	035b      	lsls	r3, r3, #13
1000042e:	2101      	movs	r1, #1
10000430:	2200      	movs	r2, #0
10000432:	2014      	movs	r0, #20
10000434:	62b3      	str	r3, [r6, #40]	@ 0x28
10000436:	f000 f97b 	bl	10000730 <gpio_set_pulls>
1000043a:	2064      	movs	r0, #100	@ 0x64
1000043c:	6175      	str	r5, [r6, #20]
1000043e:	f001 f86d 	bl	1000151c <sleep_ms>
10000442:	0021      	movs	r1, r4
10000444:	2029      	movs	r0, #41	@ 0x29
10000446:	f006 ff9d 	bl	10007384 <VL53L1X_I2C_Init>
1000044a:	2800      	cmp	r0, #0
1000044c:	d007      	beq.n	1000045e <main+0xca>
1000044e:	48a1      	ldr	r0, [pc, #644]	@ (100006d4 <main+0x340>)
10000450:	f004 f968 	bl	10004724 <__wrap_puts>
10000454:	20fa      	movs	r0, #250	@ 0xfa
10000456:	0080      	lsls	r0, r0, #2
10000458:	f001 f860 	bl	1000151c <sleep_ms>
1000045c:	e7fa      	b.n	10000454 <main+0xc0>
1000045e:	2064      	movs	r0, #100	@ 0x64
10000460:	61b5      	str	r5, [r6, #24]
10000462:	f001 f85b 	bl	1000151c <sleep_ms>
10000466:	2130      	movs	r1, #48	@ 0x30
10000468:	2006      	movs	r0, #6
1000046a:	4a9b      	ldr	r2, [pc, #620]	@ (100006d8 <main+0x344>)
1000046c:	f7ff ff08 	bl	10000280 <init_sensor>
10000470:	2800      	cmp	r0, #0
10000472:	d008      	beq.n	10000486 <main+0xf2>
10000474:	20fa      	movs	r0, #250	@ 0xfa
10000476:	0080      	lsls	r0, r0, #2
10000478:	f001 f850 	bl	1000151c <sleep_ms>
1000047c:	20fa      	movs	r0, #250	@ 0xfa
1000047e:	0080      	lsls	r0, r0, #2
10000480:	f001 f84c 	bl	1000151c <sleep_ms>
10000484:	e7f6      	b.n	10000474 <main+0xe0>
10000486:	2131      	movs	r1, #49	@ 0x31
10000488:	2007      	movs	r0, #7
1000048a:	4a94      	ldr	r2, [pc, #592]	@ (100006dc <main+0x348>)
1000048c:	f7ff fef8 	bl	10000280 <init_sensor>
10000490:	2800      	cmp	r0, #0
10000492:	d004      	beq.n	1000049e <main+0x10a>
10000494:	20fa      	movs	r0, #250	@ 0xfa
10000496:	0080      	lsls	r0, r0, #2
10000498:	f001 f840 	bl	1000151c <sleep_ms>
1000049c:	e7fa      	b.n	10000494 <main+0x100>
1000049e:	2132      	movs	r1, #50	@ 0x32
100004a0:	2008      	movs	r0, #8
100004a2:	4a8f      	ldr	r2, [pc, #572]	@ (100006e0 <main+0x34c>)
100004a4:	f7ff feec 	bl	10000280 <init_sensor>
100004a8:	1e04      	subs	r4, r0, #0
100004aa:	d008      	beq.n	100004be <main+0x12a>
100004ac:	20fa      	movs	r0, #250	@ 0xfa
100004ae:	0080      	lsls	r0, r0, #2
100004b0:	f001 f834 	bl	1000151c <sleep_ms>
100004b4:	20fa      	movs	r0, #250	@ 0xfa
100004b6:	0080      	lsls	r0, r0, #2
100004b8:	f001 f830 	bl	1000151c <sleep_ms>
100004bc:	e7f6      	b.n	100004ac <main+0x118>
100004be:	2709      	movs	r7, #9
100004c0:	4888      	ldr	r0, [pc, #544]	@ (100006e4 <main+0x350>)
100004c2:	f004 f92f 	bl	10004724 <__wrap_puts>
100004c6:	4b88      	ldr	r3, [pc, #544]	@ (100006e8 <main+0x354>)
100004c8:	4988      	ldr	r1, [pc, #544]	@ (100006ec <main+0x358>)
100004ca:	681a      	ldr	r2, [r3, #0]
100004cc:	9107      	str	r1, [sp, #28]
100004ce:	4888      	ldr	r0, [pc, #544]	@ (100006f0 <main+0x35c>)
100004d0:	6809      	ldr	r1, [r1, #0]
100004d2:	9306      	str	r3, [sp, #24]
100004d4:	f004 f9a8 	bl	10004828 <__wrap_printf>
100004d8:	4886      	ldr	r0, [pc, #536]	@ (100006f4 <main+0x360>)
100004da:	f004 f923 	bl	10004724 <__wrap_puts>
100004de:	4a86      	ldr	r2, [pc, #536]	@ (100006f8 <main+0x364>)
100004e0:	ab08      	add	r3, sp, #32
100004e2:	9209      	str	r2, [sp, #36]	@ 0x24
100004e4:	aa08      	add	r2, sp, #32
100004e6:	18bf      	adds	r7, r7, r2
100004e8:	4a84      	ldr	r2, [pc, #528]	@ (100006fc <main+0x368>)
100004ea:	815c      	strh	r4, [r3, #10]
100004ec:	819c      	strh	r4, [r3, #12]
100004ee:	81dc      	strh	r4, [r3, #14]
100004f0:	9208      	str	r2, [sp, #32]
100004f2:	2301      	movs	r3, #1
100004f4:	22ff      	movs	r2, #255	@ 0xff
100004f6:	469a      	mov	sl, r3
100004f8:	46a1      	mov	r9, r4
100004fa:	4690      	mov	r8, r2
100004fc:	9404      	str	r4, [sp, #16]
100004fe:	9403      	str	r4, [sp, #12]
10000500:	ad0a      	add	r5, sp, #40	@ 0x28
10000502:	9405      	str	r4, [sp, #20]
10000504:	e06f      	b.n	100005e6 <main+0x252>
10000506:	2200      	movs	r2, #0
10000508:	782b      	ldrb	r3, [r5, #0]
1000050a:	4693      	mov	fp, r2
1000050c:	2b00      	cmp	r3, #0
1000050e:	d015      	beq.n	1000053c <main+0x1a8>
10000510:	230a      	movs	r3, #10
10000512:	aa08      	add	r2, sp, #32
10000514:	2030      	movs	r0, #48	@ 0x30
10000516:	1899      	adds	r1, r3, r2
10000518:	f006 ff0e 	bl	10007338 <VL53L1X_GetDistance>
1000051c:	4558      	cmp	r0, fp
1000051e:	d176      	bne.n	1000060e <main+0x27a>
10000520:	0039      	movs	r1, r7
10000522:	2030      	movs	r0, #48	@ 0x30
10000524:	f006 ff16 	bl	10007354 <VL53L1X_GetRangeStatus>
10000528:	4558      	cmp	r0, fp
1000052a:	d170      	bne.n	1000060e <main+0x27a>
1000052c:	2030      	movs	r0, #48	@ 0x30
1000052e:	f006 fd97 	bl	10007060 <VL53L1X_ClearInterrupt>
10000532:	783b      	ldrb	r3, [r7, #0]
10000534:	455b      	cmp	r3, fp
10000536:	d16a      	bne.n	1000060e <main+0x27a>
10000538:	2301      	movs	r3, #1
1000053a:	469b      	mov	fp, r3
1000053c:	464b      	mov	r3, r9
1000053e:	702b      	strb	r3, [r5, #0]
10000540:	4643      	mov	r3, r8
10000542:	0029      	movs	r1, r5
10000544:	2031      	movs	r0, #49	@ 0x31
10000546:	703b      	strb	r3, [r7, #0]
10000548:	f006 fd96 	bl	10007078 <VL53L1X_CheckForDataReady>
1000054c:	2800      	cmp	r0, #0
1000054e:	d171      	bne.n	10000634 <main+0x2a0>
10000550:	2200      	movs	r2, #0
10000552:	782b      	ldrb	r3, [r5, #0]
10000554:	4692      	mov	sl, r2
10000556:	2b00      	cmp	r3, #0
10000558:	d013      	beq.n	10000582 <main+0x1ee>
1000055a:	2031      	movs	r0, #49	@ 0x31
1000055c:	a90b      	add	r1, sp, #44	@ 0x2c
1000055e:	f006 feeb 	bl	10007338 <VL53L1X_GetDistance>
10000562:	4550      	cmp	r0, sl
10000564:	d166      	bne.n	10000634 <main+0x2a0>
10000566:	0039      	movs	r1, r7
10000568:	2031      	movs	r0, #49	@ 0x31
1000056a:	f006 fef3 	bl	10007354 <VL53L1X_GetRangeStatus>
1000056e:	4550      	cmp	r0, sl
10000570:	d160      	bne.n	10000634 <main+0x2a0>
10000572:	2031      	movs	r0, #49	@ 0x31
10000574:	f006 fd74 	bl	10007060 <VL53L1X_ClearInterrupt>
10000578:	783b      	ldrb	r3, [r7, #0]
1000057a:	4553      	cmp	r3, sl
1000057c:	d15a      	bne.n	10000634 <main+0x2a0>
1000057e:	2301      	movs	r3, #1
10000580:	469a      	mov	sl, r3
10000582:	464b      	mov	r3, r9
10000584:	702b      	strb	r3, [r5, #0]
10000586:	4643      	mov	r3, r8
10000588:	0029      	movs	r1, r5
1000058a:	2032      	movs	r0, #50	@ 0x32
1000058c:	703b      	strb	r3, [r7, #0]
1000058e:	f006 fd73 	bl	10007078 <VL53L1X_CheckForDataReady>
10000592:	2800      	cmp	r0, #0
10000594:	d13f      	bne.n	10000616 <main+0x282>
10000596:	782b      	ldrb	r3, [r5, #0]
10000598:	2b00      	cmp	r3, #0
1000059a:	d03c      	beq.n	10000616 <main+0x282>
1000059c:	230e      	movs	r3, #14
1000059e:	aa08      	add	r2, sp, #32
100005a0:	2032      	movs	r0, #50	@ 0x32
100005a2:	1899      	adds	r1, r3, r2
100005a4:	f006 fec8 	bl	10007338 <VL53L1X_GetDistance>
100005a8:	2800      	cmp	r0, #0
100005aa:	d134      	bne.n	10000616 <main+0x282>
100005ac:	0039      	movs	r1, r7
100005ae:	2032      	movs	r0, #50	@ 0x32
100005b0:	f006 fed0 	bl	10007354 <VL53L1X_GetRangeStatus>
100005b4:	2800      	cmp	r0, #0
100005b6:	d12e      	bne.n	10000616 <main+0x282>
100005b8:	2032      	movs	r0, #50	@ 0x32
100005ba:	f006 fd51 	bl	10007060 <VL53L1X_ClearInterrupt>
100005be:	783b      	ldrb	r3, [r7, #0]
100005c0:	2b00      	cmp	r3, #0
100005c2:	d128      	bne.n	10000616 <main+0x282>
100005c4:	465b      	mov	r3, fp
100005c6:	2b01      	cmp	r3, #1
100005c8:	d048      	beq.n	1000065c <main+0x2c8>
100005ca:	4653      	mov	r3, sl
100005cc:	2b01      	cmp	r3, #1
100005ce:	d04f      	beq.n	10000670 <main+0x2dc>
100005d0:	2301      	movs	r3, #1
100005d2:	9305      	str	r3, [sp, #20]
100005d4:	9b03      	ldr	r3, [sp, #12]
100005d6:	2b00      	cmp	r3, #0
100005d8:	d143      	bne.n	10000662 <main+0x2ce>
100005da:	02e4      	lsls	r4, r4, #11
100005dc:	0fe3      	lsrs	r3, r4, #31
100005de:	2005      	movs	r0, #5
100005e0:	469a      	mov	sl, r3
100005e2:	f000 ff9b 	bl	1000151c <sleep_ms>
100005e6:	2380      	movs	r3, #128	@ 0x80
100005e8:	6874      	ldr	r4, [r6, #4]
100005ea:	035b      	lsls	r3, r3, #13
100005ec:	401c      	ands	r4, r3
100005ee:	4653      	mov	r3, sl
100005f0:	2b00      	cmp	r3, #0
100005f2:	d001      	beq.n	100005f8 <main+0x264>
100005f4:	2c00      	cmp	r4, #0
100005f6:	d055      	beq.n	100006a4 <main+0x310>
100005f8:	464b      	mov	r3, r9
100005fa:	702b      	strb	r3, [r5, #0]
100005fc:	4643      	mov	r3, r8
100005fe:	0029      	movs	r1, r5
10000600:	2030      	movs	r0, #48	@ 0x30
10000602:	703b      	strb	r3, [r7, #0]
10000604:	f006 fd38 	bl	10007078 <VL53L1X_CheckForDataReady>
10000608:	2800      	cmp	r0, #0
1000060a:	d100      	bne.n	1000060e <main+0x27a>
1000060c:	e77b      	b.n	10000506 <main+0x172>
1000060e:	2301      	movs	r3, #1
10000610:	425b      	negs	r3, r3
10000612:	469b      	mov	fp, r3
10000614:	e792      	b.n	1000053c <main+0x1a8>
10000616:	465b      	mov	r3, fp
10000618:	2b01      	cmp	r3, #1
1000061a:	d00f      	beq.n	1000063c <main+0x2a8>
1000061c:	4653      	mov	r3, sl
1000061e:	2b01      	cmp	r3, #1
10000620:	d016      	beq.n	10000650 <main+0x2bc>
10000622:	9b03      	ldr	r3, [sp, #12]
10000624:	2b00      	cmp	r3, #0
10000626:	d0d8      	beq.n	100005da <main+0x246>
10000628:	9b04      	ldr	r3, [sp, #16]
1000062a:	2b00      	cmp	r3, #0
1000062c:	d109      	bne.n	10000642 <main+0x2ae>
1000062e:	3301      	adds	r3, #1
10000630:	9303      	str	r3, [sp, #12]
10000632:	e7d2      	b.n	100005da <main+0x246>
10000634:	2301      	movs	r3, #1
10000636:	425b      	negs	r3, r3
10000638:	469a      	mov	sl, r3
1000063a:	e7a2      	b.n	10000582 <main+0x1ee>
1000063c:	4653      	mov	r3, sl
1000063e:	2b01      	cmp	r3, #1
10000640:	d1f2      	bne.n	10000628 <main+0x294>
10000642:	9b05      	ldr	r3, [sp, #20]
10000644:	2b00      	cmp	r3, #0
10000646:	d119      	bne.n	1000067c <main+0x2e8>
10000648:	3301      	adds	r3, #1
1000064a:	9304      	str	r3, [sp, #16]
1000064c:	9303      	str	r3, [sp, #12]
1000064e:	e7c4      	b.n	100005da <main+0x246>
10000650:	9b03      	ldr	r3, [sp, #12]
10000652:	2b00      	cmp	r3, #0
10000654:	d1f5      	bne.n	10000642 <main+0x2ae>
10000656:	3301      	adds	r3, #1
10000658:	9304      	str	r3, [sp, #16]
1000065a:	e7be      	b.n	100005da <main+0x246>
1000065c:	4653      	mov	r3, sl
1000065e:	2b01      	cmp	r3, #1
10000660:	d00c      	beq.n	1000067c <main+0x2e8>
10000662:	9b04      	ldr	r3, [sp, #16]
10000664:	2b00      	cmp	r3, #0
10000666:	d109      	bne.n	1000067c <main+0x2e8>
10000668:	3301      	adds	r3, #1
1000066a:	9305      	str	r3, [sp, #20]
1000066c:	9303      	str	r3, [sp, #12]
1000066e:	e7b4      	b.n	100005da <main+0x246>
10000670:	2301      	movs	r3, #1
10000672:	9305      	str	r3, [sp, #20]
10000674:	9304      	str	r3, [sp, #16]
10000676:	9b03      	ldr	r3, [sp, #12]
10000678:	2b00      	cmp	r3, #0
1000067a:	d0ae      	beq.n	100005da <main+0x246>
1000067c:	aa08      	add	r2, sp, #32
1000067e:	89d2      	ldrh	r2, [r2, #14]
10000680:	ab08      	add	r3, sp, #32
10000682:	895b      	ldrh	r3, [r3, #10]
10000684:	9201      	str	r2, [sp, #4]
10000686:	aa08      	add	r2, sp, #32
10000688:	8992      	ldrh	r2, [r2, #12]
1000068a:	9907      	ldr	r1, [sp, #28]
1000068c:	9200      	str	r2, [sp, #0]
1000068e:	9a06      	ldr	r2, [sp, #24]
10000690:	6809      	ldr	r1, [r1, #0]
10000692:	6812      	ldr	r2, [r2, #0]
10000694:	9808      	ldr	r0, [sp, #32]
10000696:	f004 f8c7 	bl	10004828 <__wrap_printf>
1000069a:	2300      	movs	r3, #0
1000069c:	9305      	str	r3, [sp, #20]
1000069e:	9304      	str	r3, [sp, #16]
100006a0:	9303      	str	r3, [sp, #12]
100006a2:	e79a      	b.n	100005da <main+0x246>
100006a4:	9b06      	ldr	r3, [sp, #24]
100006a6:	9809      	ldr	r0, [sp, #36]	@ 0x24
100006a8:	681a      	ldr	r2, [r3, #0]
100006aa:	3264      	adds	r2, #100	@ 0x64
100006ac:	601a      	str	r2, [r3, #0]
100006ae:	9b07      	ldr	r3, [sp, #28]
100006b0:	6819      	ldr	r1, [r3, #0]
100006b2:	f004 f8b9 	bl	10004828 <__wrap_printf>
100006b6:	20c8      	movs	r0, #200	@ 0xc8
100006b8:	f000 ff30 	bl	1000151c <sleep_ms>
100006bc:	e79c      	b.n	100005f8 <main+0x264>
100006be:	46c0      	nop			@ (mov r8, r8)
100006c0:	10007740 	.word	0x10007740
100006c4:	10007764 	.word	0x10007764
100006c8:	10007784 	.word	0x10007784
100006cc:	20001088 	.word	0x20001088
100006d0:	000186a0 	.word	0x000186a0
100006d4:	100077a8 	.word	0x100077a8
100006d8:	100077cc 	.word	0x100077cc
100006dc:	100077d4 	.word	0x100077d4
100006e0:	100077dc 	.word	0x100077dc
100006e4:	100077e4 	.word	0x100077e4
100006e8:	20001e98 	.word	0x20001e98
100006ec:	20001e94 	.word	0x20001e94
100006f0:	100077fc 	.word	0x100077fc
100006f4:	1000781c 	.word	0x1000781c
100006f8:	10007844 	.word	0x10007844
100006fc:	10007858 	.word	0x10007858

10000700 <gpio_set_function>:
10000700:	b510      	push	{r4, lr}
10000702:	2440      	movs	r4, #64	@ 0x40
10000704:	4a07      	ldr	r2, [pc, #28]	@ (10000724 <gpio_set_function+0x24>)
10000706:	0083      	lsls	r3, r0, #2
10000708:	189a      	adds	r2, r3, r2
1000070a:	6812      	ldr	r2, [r2, #0]
1000070c:	00c0      	lsls	r0, r0, #3
1000070e:	4054      	eors	r4, r2
10000710:	22c0      	movs	r2, #192	@ 0xc0
10000712:	4022      	ands	r2, r4
10000714:	4c04      	ldr	r4, [pc, #16]	@ (10000728 <gpio_set_function+0x28>)
10000716:	191b      	adds	r3, r3, r4
10000718:	601a      	str	r2, [r3, #0]
1000071a:	4b04      	ldr	r3, [pc, #16]	@ (1000072c <gpio_set_function+0x2c>)
1000071c:	18c0      	adds	r0, r0, r3
1000071e:	6041      	str	r1, [r0, #4]
10000720:	bd10      	pop	{r4, pc}
10000722:	46c0      	nop			@ (mov r8, r8)
10000724:	4001c004 	.word	0x4001c004
10000728:	4001d004 	.word	0x4001d004
1000072c:	40014000 	.word	0x40014000

10000730 <gpio_set_pulls>:
10000730:	4b06      	ldr	r3, [pc, #24]	@ (1000074c <gpio_set_pulls+0x1c>)
10000732:	0080      	lsls	r0, r0, #2
10000734:	18c3      	adds	r3, r0, r3
10000736:	681b      	ldr	r3, [r3, #0]
10000738:	00c9      	lsls	r1, r1, #3
1000073a:	0092      	lsls	r2, r2, #2
1000073c:	430a      	orrs	r2, r1
1000073e:	405a      	eors	r2, r3
10000740:	230c      	movs	r3, #12
10000742:	4013      	ands	r3, r2
10000744:	4a02      	ldr	r2, [pc, #8]	@ (10000750 <gpio_set_pulls+0x20>)
10000746:	1880      	adds	r0, r0, r2
10000748:	6003      	str	r3, [r0, #0]
1000074a:	4770      	bx	lr
1000074c:	4001c004 	.word	0x4001c004
10000750:	4001d004 	.word	0x4001d004

10000754 <gpio_init>:
10000754:	2301      	movs	r3, #1
10000756:	22d0      	movs	r2, #208	@ 0xd0
10000758:	4083      	lsls	r3, r0
1000075a:	0612      	lsls	r2, r2, #24
1000075c:	6293      	str	r3, [r2, #40]	@ 0x28
1000075e:	6193      	str	r3, [r2, #24]
10000760:	4a08      	ldr	r2, [pc, #32]	@ (10000784 <gpio_init+0x30>)
10000762:	0083      	lsls	r3, r0, #2
10000764:	189a      	adds	r2, r3, r2
10000766:	6811      	ldr	r1, [r2, #0]
10000768:	2240      	movs	r2, #64	@ 0x40
1000076a:	4051      	eors	r1, r2
1000076c:	3280      	adds	r2, #128	@ 0x80
1000076e:	400a      	ands	r2, r1
10000770:	4905      	ldr	r1, [pc, #20]	@ (10000788 <gpio_init+0x34>)
10000772:	00c0      	lsls	r0, r0, #3
10000774:	185b      	adds	r3, r3, r1
10000776:	601a      	str	r2, [r3, #0]
10000778:	4b04      	ldr	r3, [pc, #16]	@ (1000078c <gpio_init+0x38>)
1000077a:	18c0      	adds	r0, r0, r3
1000077c:	2305      	movs	r3, #5
1000077e:	6043      	str	r3, [r0, #4]
10000780:	4770      	bx	lr
10000782:	46c0      	nop			@ (mov r8, r8)
10000784:	4001c004 	.word	0x4001c004
10000788:	4001d004 	.word	0x4001d004
1000078c:	40014000 	.word	0x40014000

10000790 <rp2040_chip_version>:
10000790:	2380      	movs	r3, #128	@ 0x80
10000792:	05db      	lsls	r3, r3, #23
10000794:	6818      	ldr	r0, [r3, #0]
10000796:	0f00      	lsrs	r0, r0, #28
10000798:	4770      	bx	lr
1000079a:	46c0      	nop			@ (mov r8, r8)

1000079c <panic>:
1000079c:	b40f      	push	{r0, r1, r2, r3}
1000079e:	b500      	push	{lr}
100007a0:	4808      	ldr	r0, [pc, #32]	@ (100007c4 <panic+0x28>)
100007a2:	b083      	sub	sp, #12
100007a4:	f003 ffbe 	bl	10004724 <__wrap_puts>
100007a8:	9b04      	ldr	r3, [sp, #16]
100007aa:	2b00      	cmp	r3, #0
100007ac:	d007      	beq.n	100007be <panic+0x22>
100007ae:	a905      	add	r1, sp, #20
100007b0:	0018      	movs	r0, r3
100007b2:	9101      	str	r1, [sp, #4]
100007b4:	f003 fe20 	bl	100043f8 <weak_raw_vprintf>
100007b8:	4803      	ldr	r0, [pc, #12]	@ (100007c8 <panic+0x2c>)
100007ba:	f003 ffb3 	bl	10004724 <__wrap_puts>
100007be:	2001      	movs	r0, #1
100007c0:	f003 fe32 	bl	10004428 <_exit>
100007c4:	10007870 	.word	0x10007870
100007c8:	100077f8 	.word	0x100077f8

100007cc <hw_claim_or_assert>:
100007cc:	b570      	push	{r4, r5, r6, lr}
100007ce:	468c      	mov	ip, r1
100007d0:	0016      	movs	r6, r2
100007d2:	f3ef 8410 	mrs	r4, PRIMASK
100007d6:	b672      	cpsid	i
100007d8:	490f      	ldr	r1, [pc, #60]	@ (10000818 <hw_claim_or_assert+0x4c>)
100007da:	680b      	ldr	r3, [r1, #0]
100007dc:	2b00      	cmp	r3, #0
100007de:	d0fc      	beq.n	100007da <hw_claim_or_assert+0xe>
100007e0:	f3bf 8f5f 	dmb	sy
100007e4:	4663      	mov	r3, ip
100007e6:	08db      	lsrs	r3, r3, #3
100007e8:	18c5      	adds	r5, r0, r3
100007ea:	2207      	movs	r2, #7
100007ec:	5cc0      	ldrb	r0, [r0, r3]
100007ee:	4663      	mov	r3, ip
100007f0:	401a      	ands	r2, r3
100007f2:	2301      	movs	r3, #1
100007f4:	4093      	lsls	r3, r2
100007f6:	001a      	movs	r2, r3
100007f8:	4002      	ands	r2, r0
100007fa:	4203      	tst	r3, r0
100007fc:	d107      	bne.n	1000080e <hw_claim_or_assert+0x42>
100007fe:	4318      	orrs	r0, r3
10000800:	7028      	strb	r0, [r5, #0]
10000802:	f3bf 8f5f 	dmb	sy
10000806:	600a      	str	r2, [r1, #0]
10000808:	f384 8810 	msr	PRIMASK, r4
1000080c:	bd70      	pop	{r4, r5, r6, pc}
1000080e:	4661      	mov	r1, ip
10000810:	0030      	movs	r0, r6
10000812:	f7ff ffc3 	bl	1000079c <panic>
10000816:	46c0      	nop			@ (mov r8, r8)
10000818:	d000012c 	.word	0xd000012c

1000081c <hw_claim_unused_from_range>:
1000081c:	b5f8      	push	{r3, r4, r5, r6, r7, lr}
1000081e:	46ce      	mov	lr, r9
10000820:	4647      	mov	r7, r8
10000822:	468c      	mov	ip, r1
10000824:	b580      	push	{r7, lr}
10000826:	001c      	movs	r4, r3
10000828:	f3ef 8810 	mrs	r8, PRIMASK
1000082c:	b672      	cpsid	i
1000082e:	491c      	ldr	r1, [pc, #112]	@ (100008a0 <hw_claim_unused_from_range+0x84>)
10000830:	680b      	ldr	r3, [r1, #0]
10000832:	2b00      	cmp	r3, #0
10000834:	d0fc      	beq.n	10000830 <hw_claim_unused_from_range+0x14>
10000836:	f3bf 8f5f 	dmb	sy
1000083a:	42a2      	cmp	r2, r4
1000083c:	d821      	bhi.n	10000882 <hw_claim_unused_from_range+0x66>
1000083e:	2307      	movs	r3, #7
10000840:	4699      	mov	r9, r3
10000842:	e002      	b.n	1000084a <hw_claim_unused_from_range+0x2e>
10000844:	3201      	adds	r2, #1
10000846:	4294      	cmp	r4, r2
10000848:	d318      	bcc.n	1000087c <hw_claim_unused_from_range+0x60>
1000084a:	4649      	mov	r1, r9
1000084c:	2601      	movs	r6, #1
1000084e:	4011      	ands	r1, r2
10000850:	408e      	lsls	r6, r1
10000852:	08d3      	lsrs	r3, r2, #3
10000854:	18c7      	adds	r7, r0, r3
10000856:	5cc3      	ldrb	r3, [r0, r3]
10000858:	421e      	tst	r6, r3
1000085a:	d1f3      	bne.n	10000844 <hw_claim_unused_from_range+0x28>
1000085c:	0010      	movs	r0, r2
1000085e:	4333      	orrs	r3, r6
10000860:	703b      	strb	r3, [r7, #0]
10000862:	f3bf 8f5f 	dmb	sy
10000866:	2200      	movs	r2, #0
10000868:	4b0d      	ldr	r3, [pc, #52]	@ (100008a0 <hw_claim_unused_from_range+0x84>)
1000086a:	601a      	str	r2, [r3, #0]
1000086c:	f388 8810 	msr	PRIMASK, r8
10000870:	2800      	cmp	r0, #0
10000872:	db0e      	blt.n	10000892 <hw_claim_unused_from_range+0x76>
10000874:	bcc0      	pop	{r6, r7}
10000876:	46b9      	mov	r9, r7
10000878:	46b0      	mov	r8, r6
1000087a:	bdf8      	pop	{r3, r4, r5, r6, r7, pc}
1000087c:	2001      	movs	r0, #1
1000087e:	4240      	negs	r0, r0
10000880:	e7ef      	b.n	10000862 <hw_claim_unused_from_range+0x46>
10000882:	f3bf 8f5f 	dmb	sy
10000886:	2300      	movs	r3, #0
10000888:	600b      	str	r3, [r1, #0]
1000088a:	f388 8810 	msr	PRIMASK, r8
1000088e:	2001      	movs	r0, #1
10000890:	4240      	negs	r0, r0
10000892:	4663      	mov	r3, ip
10000894:	2b00      	cmp	r3, #0
10000896:	d0ed      	beq.n	10000874 <hw_claim_unused_from_range+0x58>
10000898:	9808      	ldr	r0, [sp, #32]
1000089a:	f7ff ff7f 	bl	1000079c <panic>
1000089e:	46c0      	nop			@ (mov r8, r8)
100008a0:	d000012c 	.word	0xd000012c

100008a4 <next_striped_spin_lock_num>:
100008a4:	4a04      	ldr	r2, [pc, #16]	@ (100008b8 <next_striped_spin_lock_num+0x14>)
100008a6:	7810      	ldrb	r0, [r2, #0]
100008a8:	1c43      	adds	r3, r0, #1
100008aa:	b2db      	uxtb	r3, r3
100008ac:	2b17      	cmp	r3, #23
100008ae:	d900      	bls.n	100008b2 <next_striped_spin_lock_num+0xe>
100008b0:	2310      	movs	r3, #16
100008b2:	7013      	strb	r3, [r2, #0]
100008b4:	4770      	bx	lr
100008b6:	46c0      	nop			@ (mov r8, r8)
100008b8:	20000f90 	.word	0x20000f90

100008bc <spin_lock_claim_unused>:
100008bc:	b500      	push	{lr}
100008be:	4b05      	ldr	r3, [pc, #20]	@ (100008d4 <spin_lock_claim_unused+0x18>)
100008c0:	b083      	sub	sp, #12
100008c2:	0001      	movs	r1, r0
100008c4:	9300      	str	r3, [sp, #0]
100008c6:	2218      	movs	r2, #24
100008c8:	231f      	movs	r3, #31
100008ca:	4803      	ldr	r0, [pc, #12]	@ (100008d8 <spin_lock_claim_unused+0x1c>)
100008cc:	f7ff ffa6 	bl	1000081c <hw_claim_unused_from_range>
100008d0:	b003      	add	sp, #12
100008d2:	bd00      	pop	{pc}
100008d4:	10007880 	.word	0x10007880
100008d8:	20001a00 	.word	0x20001a00

100008dc <spin_locks_reset>:
100008dc:	2100      	movs	r1, #0
100008de:	4b04      	ldr	r3, [pc, #16]	@ (100008f0 <spin_locks_reset+0x14>)
100008e0:	4a04      	ldr	r2, [pc, #16]	@ (100008f4 <spin_locks_reset+0x18>)
100008e2:	f3bf 8f5f 	dmb	sy
100008e6:	c302      	stmia	r3!, {r1}
100008e8:	4293      	cmp	r3, r2
100008ea:	d1fa      	bne.n	100008e2 <spin_locks_reset+0x6>
100008ec:	4770      	bx	lr
100008ee:	46c0      	nop			@ (mov r8, r8)
100008f0:	d0000100 	.word	0xd0000100
100008f4:	d0000180 	.word	0xd0000180

100008f8 <runtime_init_per_core_irq_priorities>:
100008f8:	4b08      	ldr	r3, [pc, #32]	@ (1000091c <runtime_init_per_core_irq_priorities+0x24>)
100008fa:	4a09      	ldr	r2, [pc, #36]	@ (10000920 <runtime_init_per_core_irq_priorities+0x28>)
100008fc:	6013      	str	r3, [r2, #0]
100008fe:	4a09      	ldr	r2, [pc, #36]	@ (10000924 <runtime_init_per_core_irq_priorities+0x2c>)
10000900:	6013      	str	r3, [r2, #0]
10000902:	4a09      	ldr	r2, [pc, #36]	@ (10000928 <runtime_init_per_core_irq_priorities+0x30>)
10000904:	6013      	str	r3, [r2, #0]
10000906:	4a09      	ldr	r2, [pc, #36]	@ (1000092c <runtime_init_per_core_irq_priorities+0x34>)
10000908:	6013      	str	r3, [r2, #0]
1000090a:	4a09      	ldr	r2, [pc, #36]	@ (10000930 <runtime_init_per_core_irq_priorities+0x38>)
1000090c:	6013      	str	r3, [r2, #0]
1000090e:	4a09      	ldr	r2, [pc, #36]	@ (10000934 <runtime_init_per_core_irq_priorities+0x3c>)
10000910:	6013      	str	r3, [r2, #0]
10000912:	4a09      	ldr	r2, [pc, #36]	@ (10000938 <runtime_init_per_core_irq_priorities+0x40>)
10000914:	6013      	str	r3, [r2, #0]
10000916:	4a09      	ldr	r2, [pc, #36]	@ (1000093c <runtime_init_per_core_irq_priorities+0x44>)
10000918:	6013      	str	r3, [r2, #0]
1000091a:	4770      	bx	lr
1000091c:	80808080 	.word	0x80808080
10000920:	e000e400 	.word	0xe000e400
10000924:	e000e404 	.word	0xe000e404
10000928:	e000e408 	.word	0xe000e408
1000092c:	e000e40c 	.word	0xe000e40c
10000930:	e000e410 	.word	0xe000e410
10000934:	e000e414 	.word	0xe000e414
10000938:	e000e418 	.word	0xe000e418
1000093c:	e000e41c 	.word	0xe000e41c

10000940 <irq_set_enabled>:
10000940:	231f      	movs	r3, #31
10000942:	4018      	ands	r0, r3
10000944:	3b1e      	subs	r3, #30
10000946:	4083      	lsls	r3, r0
10000948:	2900      	cmp	r1, #0
1000094a:	d005      	beq.n	10000958 <irq_set_enabled+0x18>
1000094c:	21c0      	movs	r1, #192	@ 0xc0
1000094e:	4a04      	ldr	r2, [pc, #16]	@ (10000960 <irq_set_enabled+0x20>)
10000950:	0049      	lsls	r1, r1, #1
10000952:	5053      	str	r3, [r2, r1]
10000954:	6013      	str	r3, [r2, #0]
10000956:	4770      	bx	lr
10000958:	2280      	movs	r2, #128	@ 0x80
1000095a:	4901      	ldr	r1, [pc, #4]	@ (10000960 <irq_set_enabled+0x20>)
1000095c:	508b      	str	r3, [r1, r2]
1000095e:	e7fa      	b.n	10000956 <irq_set_enabled+0x16>
10000960:	e000e100 	.word	0xe000e100

10000964 <irq_is_enabled>:
10000964:	2201      	movs	r2, #1
10000966:	4082      	lsls	r2, r0
10000968:	4b03      	ldr	r3, [pc, #12]	@ (10000978 <irq_is_enabled+0x14>)
1000096a:	681b      	ldr	r3, [r3, #0]
1000096c:	4013      	ands	r3, r2
1000096e:	1e5a      	subs	r2, r3, #1
10000970:	4193      	sbcs	r3, r2
10000972:	b2d8      	uxtb	r0, r3
10000974:	4770      	bx	lr
10000976:	46c0      	nop			@ (mov r8, r8)
10000978:	e000e100 	.word	0xe000e100

1000097c <irq_set_pending>:
1000097c:	2301      	movs	r3, #1
1000097e:	2280      	movs	r2, #128	@ 0x80
10000980:	4083      	lsls	r3, r0
10000982:	4902      	ldr	r1, [pc, #8]	@ (1000098c <irq_set_pending+0x10>)
10000984:	0052      	lsls	r2, r2, #1
10000986:	508b      	str	r3, [r1, r2]
10000988:	4770      	bx	lr
1000098a:	46c0      	nop			@ (mov r8, r8)
1000098c:	e000e100 	.word	0xe000e100

10000990 <irq_has_shared_handler>:
10000990:	4b05      	ldr	r3, [pc, #20]	@ (100009a8 <irq_has_shared_handler+0x18>)
10000992:	3010      	adds	r0, #16
10000994:	689b      	ldr	r3, [r3, #8]
10000996:	0080      	lsls	r0, r0, #2
10000998:	58c3      	ldr	r3, [r0, r3]
1000099a:	4a04      	ldr	r2, [pc, #16]	@ (100009ac <irq_has_shared_handler+0x1c>)
1000099c:	2000      	movs	r0, #0
1000099e:	1a9b      	subs	r3, r3, r2
100009a0:	2247      	movs	r2, #71	@ 0x47
100009a2:	429a      	cmp	r2, r3
100009a4:	4140      	adcs	r0, r0
100009a6:	4770      	bx	lr
100009a8:	e000ed00 	.word	0xe000ed00
100009ac:	20000f94 	.word	0x20000f94

100009b0 <irq_set_exclusive_handler>:
100009b0:	b510      	push	{r4, lr}
100009b2:	f3ef 8c10 	mrs	ip, PRIMASK
100009b6:	b672      	cpsid	i
100009b8:	4a0f      	ldr	r2, [pc, #60]	@ (100009f8 <irq_set_exclusive_handler+0x48>)
100009ba:	6813      	ldr	r3, [r2, #0]
100009bc:	2b00      	cmp	r3, #0
100009be:	d0fc      	beq.n	100009ba <irq_set_exclusive_handler+0xa>
100009c0:	f3bf 8f5f 	dmb	sy
100009c4:	4b0d      	ldr	r3, [pc, #52]	@ (100009fc <irq_set_exclusive_handler+0x4c>)
100009c6:	3010      	adds	r0, #16
100009c8:	689b      	ldr	r3, [r3, #8]
100009ca:	0080      	lsls	r0, r0, #2
100009cc:	581b      	ldr	r3, [r3, r0]
100009ce:	4a0c      	ldr	r2, [pc, #48]	@ (10000a00 <irq_set_exclusive_handler+0x50>)
100009d0:	4293      	cmp	r3, r2
100009d2:	d001      	beq.n	100009d8 <irq_set_exclusive_handler+0x28>
100009d4:	4299      	cmp	r1, r3
100009d6:	d10c      	bne.n	100009f2 <irq_set_exclusive_handler+0x42>
100009d8:	4b08      	ldr	r3, [pc, #32]	@ (100009fc <irq_set_exclusive_handler+0x4c>)
100009da:	689b      	ldr	r3, [r3, #8]
100009dc:	5019      	str	r1, [r3, r0]
100009de:	f3bf 8f5f 	dmb	sy
100009e2:	f3bf 8f5f 	dmb	sy
100009e6:	2200      	movs	r2, #0
100009e8:	4b03      	ldr	r3, [pc, #12]	@ (100009f8 <irq_set_exclusive_handler+0x48>)
100009ea:	601a      	str	r2, [r3, #0]
100009ec:	f38c 8810 	msr	PRIMASK, ip
100009f0:	bd10      	pop	{r4, pc}
100009f2:	f001 f96b 	bl	10001ccc <hard_assertion_failure>
100009f6:	46c0      	nop			@ (mov r8, r8)
100009f8:	d0000124 	.word	0xd0000124
100009fc:	e000ed00 	.word	0xe000ed00
10000a00:	100001c1 	.word	0x100001c1

10000a04 <irq_add_shared_handler>:
10000a04:	b5f0      	push	{r4, r5, r6, r7, lr}
10000a06:	46de      	mov	lr, fp
10000a08:	4657      	mov	r7, sl
10000a0a:	464e      	mov	r6, r9
10000a0c:	4645      	mov	r5, r8
10000a0e:	b5e0      	push	{r5, r6, r7, lr}
10000a10:	468b      	mov	fp, r1
10000a12:	b085      	sub	sp, #20
10000a14:	f3ef 8810 	mrs	r8, PRIMASK
10000a18:	b672      	cpsid	i
10000a1a:	0016      	movs	r6, r2
10000a1c:	4a5b      	ldr	r2, [pc, #364]	@ (10000b8c <irq_add_shared_handler+0x188>)
10000a1e:	6813      	ldr	r3, [r2, #0]
10000a20:	2b00      	cmp	r3, #0
10000a22:	d0fc      	beq.n	10000a1e <irq_add_shared_handler+0x1a>
10000a24:	46b2      	mov	sl, r6
10000a26:	f3bf 8f5f 	dmb	sy
10000a2a:	2500      	movs	r5, #0
10000a2c:	4958      	ldr	r1, [pc, #352]	@ (10000b90 <irq_add_shared_handler+0x18c>)
10000a2e:	574d      	ldrsb	r5, [r1, r5]
10000a30:	2d00      	cmp	r5, #0
10000a32:	da00      	bge.n	10000a36 <irq_add_shared_handler+0x32>
10000a34:	e0a8      	b.n	10000b88 <irq_add_shared_handler+0x184>
10000a36:	006b      	lsls	r3, r5, #1
10000a38:	4a56      	ldr	r2, [pc, #344]	@ (10000b94 <irq_add_shared_handler+0x190>)
10000a3a:	9301      	str	r3, [sp, #4]
10000a3c:	195b      	adds	r3, r3, r5
10000a3e:	009b      	lsls	r3, r3, #2
10000a40:	18d4      	adds	r4, r2, r3
10000a42:	79a7      	ldrb	r7, [r4, #6]
10000a44:	3010      	adds	r0, #16
10000a46:	700f      	strb	r7, [r1, #0]
10000a48:	4953      	ldr	r1, [pc, #332]	@ (10000b98 <irq_add_shared_handler+0x194>)
10000a4a:	0080      	lsls	r0, r0, #2
10000a4c:	6889      	ldr	r1, [r1, #8]
10000a4e:	4684      	mov	ip, r0
10000a50:	580f      	ldr	r7, [r1, r0]
10000a52:	1ab9      	subs	r1, r7, r2
10000a54:	2947      	cmp	r1, #71	@ 0x47
10000a56:	d833      	bhi.n	10000ac0 <irq_add_shared_handler+0xbc>
10000a58:	2001      	movs	r0, #1
10000a5a:	0039      	movs	r1, r7
10000a5c:	4381      	bics	r1, r0
10000a5e:	79ce      	ldrb	r6, [r1, #7]
10000a60:	4556      	cmp	r6, sl
10000a62:	d800      	bhi.n	10000a66 <irq_add_shared_handler+0x62>
10000a64:	e06a      	b.n	10000b3c <irq_add_shared_handler+0x138>
10000a66:	46a1      	mov	r9, r4
10000a68:	4656      	mov	r6, sl
10000a6a:	9303      	str	r3, [sp, #12]
10000a6c:	e007      	b.n	10000a7e <irq_add_shared_handler+0x7a>
10000a6e:	0058      	lsls	r0, r3, #1
10000a70:	18c0      	adds	r0, r0, r3
10000a72:	0080      	lsls	r0, r0, #2
10000a74:	1810      	adds	r0, r2, r0
10000a76:	79c4      	ldrb	r4, [r0, #7]
10000a78:	42b4      	cmp	r4, r6
10000a7a:	d94d      	bls.n	10000b18 <irq_add_shared_handler+0x114>
10000a7c:	0001      	movs	r1, r0
10000a7e:	2306      	movs	r3, #6
10000a80:	56cb      	ldrsb	r3, [r1, r3]
10000a82:	2b00      	cmp	r3, #0
10000a84:	daf3      	bge.n	10000a6e <irq_add_shared_handler+0x6a>
10000a86:	1d08      	adds	r0, r1, #4
10000a88:	464c      	mov	r4, r9
10000a8a:	46b2      	mov	sl, r6
10000a8c:	4681      	mov	r9, r0
10000a8e:	9302      	str	r3, [sp, #8]
10000a90:	4b42      	ldr	r3, [pc, #264]	@ (10000b9c <irq_add_shared_handler+0x198>)
10000a92:	464e      	mov	r6, r9
10000a94:	3c04      	subs	r4, #4
10000a96:	1ba4      	subs	r4, r4, r6
10000a98:	0524      	lsls	r4, r4, #20
10000a9a:	4e41      	ldr	r6, [pc, #260]	@ (10000ba0 <irq_add_shared_handler+0x19c>)
10000a9c:	0d64      	lsrs	r4, r4, #21
10000a9e:	4334      	orrs	r4, r6
10000aa0:	808c      	strh	r4, [r1, #4]
10000aa2:	718d      	strb	r5, [r1, #6]
10000aa4:	9901      	ldr	r1, [sp, #4]
10000aa6:	1949      	adds	r1, r1, r5
10000aa8:	0089      	lsls	r1, r1, #2
10000aaa:	1852      	adds	r2, r2, r1
10000aac:	8093      	strh	r3, [r2, #4]
10000aae:	9b02      	ldr	r3, [sp, #8]
10000ab0:	493c      	ldr	r1, [pc, #240]	@ (10000ba4 <irq_add_shared_handler+0x1a0>)
10000ab2:	7193      	strb	r3, [r2, #6]
10000ab4:	4653      	mov	r3, sl
10000ab6:	71d3      	strb	r3, [r2, #7]
10000ab8:	465b      	mov	r3, fp
10000aba:	6011      	str	r1, [r2, #0]
10000abc:	6093      	str	r3, [r2, #8]
10000abe:	e017      	b.n	10000af0 <irq_add_shared_handler+0xec>
10000ac0:	4939      	ldr	r1, [pc, #228]	@ (10000ba8 <irq_add_shared_handler+0x1a4>)
10000ac2:	428f      	cmp	r7, r1
10000ac4:	d160      	bne.n	10000b88 <irq_add_shared_handler+0x184>
10000ac6:	4939      	ldr	r1, [pc, #228]	@ (10000bac <irq_add_shared_handler+0x1a8>)
10000ac8:	2701      	movs	r7, #1
10000aca:	52d1      	strh	r1, [r2, r3]
10000acc:	4938      	ldr	r1, [pc, #224]	@ (10000bb0 <irq_add_shared_handler+0x1ac>)
10000ace:	3302      	adds	r3, #2
10000ad0:	18d3      	adds	r3, r2, r3
10000ad2:	3904      	subs	r1, #4
10000ad4:	1acb      	subs	r3, r1, r3
10000ad6:	4a32      	ldr	r2, [pc, #200]	@ (10000ba0 <irq_add_shared_handler+0x19c>)
10000ad8:	051b      	lsls	r3, r3, #20
10000ada:	0d5b      	lsrs	r3, r3, #21
10000adc:	4313      	orrs	r3, r2
10000ade:	8063      	strh	r3, [r4, #2]
10000ae0:	4b34      	ldr	r3, [pc, #208]	@ (10000bb4 <irq_add_shared_handler+0x1b0>)
10000ae2:	71e6      	strb	r6, [r4, #7]
10000ae4:	80a3      	strh	r3, [r4, #4]
10000ae6:	23ff      	movs	r3, #255	@ 0xff
10000ae8:	71a3      	strb	r3, [r4, #6]
10000aea:	465b      	mov	r3, fp
10000aec:	4327      	orrs	r7, r4
10000aee:	60a3      	str	r3, [r4, #8]
10000af0:	4662      	mov	r2, ip
10000af2:	4b29      	ldr	r3, [pc, #164]	@ (10000b98 <irq_add_shared_handler+0x194>)
10000af4:	689b      	ldr	r3, [r3, #8]
10000af6:	509f      	str	r7, [r3, r2]
10000af8:	f3bf 8f5f 	dmb	sy
10000afc:	f3bf 8f5f 	dmb	sy
10000b00:	2200      	movs	r2, #0
10000b02:	4b22      	ldr	r3, [pc, #136]	@ (10000b8c <irq_add_shared_handler+0x188>)
10000b04:	601a      	str	r2, [r3, #0]
10000b06:	f388 8810 	msr	PRIMASK, r8
10000b0a:	b005      	add	sp, #20
10000b0c:	bcf0      	pop	{r4, r5, r6, r7}
10000b0e:	46bb      	mov	fp, r7
10000b10:	46b2      	mov	sl, r6
10000b12:	46a9      	mov	r9, r5
10000b14:	46a0      	mov	r8, r4
10000b16:	bdf0      	pop	{r4, r5, r6, r7, pc}
10000b18:	46b2      	mov	sl, r6
10000b1a:	1d0e      	adds	r6, r1, #4
10000b1c:	464c      	mov	r4, r9
10000b1e:	46b1      	mov	r9, r6
10000b20:	8888      	ldrh	r0, [r1, #4]
10000b22:	9302      	str	r3, [sp, #8]
10000b24:	9b03      	ldr	r3, [sp, #12]
10000b26:	0540      	lsls	r0, r0, #21
10000b28:	1500      	asrs	r0, r0, #20
10000b2a:	3304      	adds	r3, #4
10000b2c:	4448      	add	r0, r9
10000b2e:	18d3      	adds	r3, r2, r3
10000b30:	1ac3      	subs	r3, r0, r3
10000b32:	051b      	lsls	r3, r3, #20
10000b34:	481a      	ldr	r0, [pc, #104]	@ (10000ba0 <irq_add_shared_handler+0x19c>)
10000b36:	0d5b      	lsrs	r3, r3, #21
10000b38:	4303      	orrs	r3, r0
10000b3a:	e7aa      	b.n	10000a92 <irq_add_shared_handler+0x8e>
10000b3c:	1c9e      	adds	r6, r3, #2
10000b3e:	46b1      	mov	r9, r6
10000b40:	4491      	add	r9, r2
10000b42:	464e      	mov	r6, r9
10000b44:	000f      	movs	r7, r1
10000b46:	4d1c      	ldr	r5, [pc, #112]	@ (10000bb8 <irq_add_shared_handler+0x1b4>)
10000b48:	1abf      	subs	r7, r7, r2
10000b4a:	417f      	adcs	r7, r7
10000b4c:	437d      	muls	r5, r7
10000b4e:	0d2d      	lsrs	r5, r5, #20
10000b50:	4f16      	ldr	r7, [pc, #88]	@ (10000bac <irq_add_shared_handler+0x1a8>)
10000b52:	71a5      	strb	r5, [r4, #6]
10000b54:	52d7      	strh	r7, [r2, r3]
10000b56:	4f16      	ldr	r7, [pc, #88]	@ (10000bb0 <irq_add_shared_handler+0x1ac>)
10000b58:	3304      	adds	r3, #4
10000b5a:	3f04      	subs	r7, #4
10000b5c:	18d3      	adds	r3, r2, r3
10000b5e:	1bbf      	subs	r7, r7, r6
10000b60:	1acb      	subs	r3, r1, r3
10000b62:	053f      	lsls	r7, r7, #20
10000b64:	3b04      	subs	r3, #4
10000b66:	0d7e      	lsrs	r6, r7, #21
10000b68:	051b      	lsls	r3, r3, #20
10000b6a:	4f0d      	ldr	r7, [pc, #52]	@ (10000ba0 <irq_add_shared_handler+0x19c>)
10000b6c:	0d5b      	lsrs	r3, r3, #21
10000b6e:	433e      	orrs	r6, r7
10000b70:	431f      	orrs	r7, r3
10000b72:	4653      	mov	r3, sl
10000b74:	71e3      	strb	r3, [r4, #7]
10000b76:	465b      	mov	r3, fp
10000b78:	60a3      	str	r3, [r4, #8]
10000b7a:	4b0a      	ldr	r3, [pc, #40]	@ (10000ba4 <irq_add_shared_handler+0x1a0>)
10000b7c:	80a7      	strh	r7, [r4, #4]
10000b7e:	8066      	strh	r6, [r4, #2]
10000b80:	4304      	orrs	r4, r0
10000b82:	0027      	movs	r7, r4
10000b84:	600b      	str	r3, [r1, #0]
10000b86:	e7b3      	b.n	10000af0 <irq_add_shared_handler+0xec>
10000b88:	f001 f8a0 	bl	10001ccc <hard_assertion_failure>
10000b8c:	d0000124 	.word	0xd0000124
10000b90:	20001ec5 	.word	0x20001ec5
10000b94:	20000f94 	.word	0x20000f94
10000b98:	e000ed00 	.word	0xe000ed00
10000b9c:	0000bd01 	.word	0x0000bd01
10000ba0:	ffffe000 	.word	0xffffe000
10000ba4:	47804801 	.word	0x47804801
10000ba8:	100001c1 	.word	0x100001c1
10000bac:	ffffa100 	.word	0xffffa100
10000bb0:	20000fdc 	.word	0x20000fdc
10000bb4:	ffffbd01 	.word	0xffffbd01
10000bb8:	0000aaaa 	.word	0x0000aaaa

10000bbc <irq_remove_handler>:
10000bbc:	b5f0      	push	{r4, r5, r6, r7, lr}
10000bbe:	46de      	mov	lr, fp
10000bc0:	4657      	mov	r7, sl
10000bc2:	464e      	mov	r6, r9
10000bc4:	4645      	mov	r5, r8
10000bc6:	b5e0      	push	{r5, r6, r7, lr}
10000bc8:	b083      	sub	sp, #12
10000bca:	f3ef 8910 	mrs	r9, PRIMASK
10000bce:	b672      	cpsid	i
10000bd0:	4a5d      	ldr	r2, [pc, #372]	@ (10000d48 <irq_remove_handler+0x18c>)
10000bd2:	6813      	ldr	r3, [r2, #0]
10000bd4:	2b00      	cmp	r3, #0
10000bd6:	d0fc      	beq.n	10000bd2 <irq_remove_handler+0x16>
10000bd8:	f3bf 8f5f 	dmb	sy
10000bdc:	4b5b      	ldr	r3, [pc, #364]	@ (10000d4c <irq_remove_handler+0x190>)
10000bde:	4e5c      	ldr	r6, [pc, #368]	@ (10000d50 <irq_remove_handler+0x194>)
10000be0:	689a      	ldr	r2, [r3, #8]
10000be2:	0003      	movs	r3, r0
10000be4:	3310      	adds	r3, #16
10000be6:	009c      	lsls	r4, r3, #2
10000be8:	5912      	ldr	r2, [r2, r4]
10000bea:	4698      	mov	r8, r3
10000bec:	42b2      	cmp	r2, r6
10000bee:	d03b      	beq.n	10000c68 <irq_remove_handler+0xac>
10000bf0:	428a      	cmp	r2, r1
10000bf2:	d04c      	beq.n	10000c8e <irq_remove_handler+0xd2>
10000bf4:	4f57      	ldr	r7, [pc, #348]	@ (10000d54 <irq_remove_handler+0x198>)
10000bf6:	46bc      	mov	ip, r7
10000bf8:	1bd7      	subs	r7, r2, r7
10000bfa:	2f47      	cmp	r7, #71	@ 0x47
10000bfc:	d834      	bhi.n	10000c68 <irq_remove_handler+0xac>
10000bfe:	4b56      	ldr	r3, [pc, #344]	@ (10000d58 <irq_remove_handler+0x19c>)
10000c00:	271f      	movs	r7, #31
10000c02:	681d      	ldr	r5, [r3, #0]
10000c04:	4007      	ands	r7, r0
10000c06:	46aa      	mov	sl, r5
10000c08:	2501      	movs	r5, #1
10000c0a:	40bd      	lsls	r5, r7
10000c0c:	2780      	movs	r7, #128	@ 0x80
10000c0e:	9501      	str	r5, [sp, #4]
10000c10:	51dd      	str	r5, [r3, r7]
10000c12:	f3bf 8f5f 	dmb	sy
10000c16:	f3ef 8505 	mrs	r5, IPSR
10000c1a:	46ab      	mov	fp, r5
10000c1c:	2d00      	cmp	r5, #0
10000c1e:	d138      	bne.n	10000c92 <irq_remove_handler+0xd6>
10000c20:	2301      	movs	r3, #1
10000c22:	001d      	movs	r5, r3
10000c24:	4085      	lsls	r5, r0
10000c26:	0028      	movs	r0, r5
10000c28:	4655      	mov	r5, sl
10000c2a:	4005      	ands	r5, r0
10000c2c:	0010      	movs	r0, r2
10000c2e:	4398      	bics	r0, r3
10000c30:	6887      	ldr	r7, [r0, #8]
10000c32:	46aa      	mov	sl, r5
10000c34:	42b9      	cmp	r1, r7
10000c36:	d108      	bne.n	10000c4a <irq_remove_handler+0x8e>
10000c38:	e07c      	b.n	10000d34 <irq_remove_handler+0x178>
10000c3a:	0073      	lsls	r3, r6, #1
10000c3c:	199b      	adds	r3, r3, r6
10000c3e:	009b      	lsls	r3, r3, #2
10000c40:	4463      	add	r3, ip
10000c42:	689f      	ldr	r7, [r3, #8]
10000c44:	42b9      	cmp	r1, r7
10000c46:	d02d      	beq.n	10000ca4 <irq_remove_handler+0xe8>
10000c48:	0018      	movs	r0, r3
10000c4a:	2606      	movs	r6, #6
10000c4c:	5786      	ldrsb	r6, [r0, r6]
10000c4e:	2e00      	cmp	r6, #0
10000c50:	daf3      	bge.n	10000c3a <irq_remove_handler+0x7e>
10000c52:	42b9      	cmp	r1, r7
10000c54:	d04c      	beq.n	10000cf0 <irq_remove_handler+0x134>
10000c56:	4653      	mov	r3, sl
10000c58:	2b00      	cmp	r3, #0
10000c5a:	d01e      	beq.n	10000c9a <irq_remove_handler+0xde>
10000c5c:	21c0      	movs	r1, #192	@ 0xc0
10000c5e:	4b3e      	ldr	r3, [pc, #248]	@ (10000d58 <irq_remove_handler+0x19c>)
10000c60:	9801      	ldr	r0, [sp, #4]
10000c62:	0049      	lsls	r1, r1, #1
10000c64:	5058      	str	r0, [r3, r1]
10000c66:	6018      	str	r0, [r3, #0]
10000c68:	4b38      	ldr	r3, [pc, #224]	@ (10000d4c <irq_remove_handler+0x190>)
10000c6a:	689b      	ldr	r3, [r3, #8]
10000c6c:	511a      	str	r2, [r3, r4]
10000c6e:	f3bf 8f5f 	dmb	sy
10000c72:	f3bf 8f5f 	dmb	sy
10000c76:	2200      	movs	r2, #0
10000c78:	4b33      	ldr	r3, [pc, #204]	@ (10000d48 <irq_remove_handler+0x18c>)
10000c7a:	601a      	str	r2, [r3, #0]
10000c7c:	f389 8810 	msr	PRIMASK, r9
10000c80:	b003      	add	sp, #12
10000c82:	bcf0      	pop	{r4, r5, r6, r7}
10000c84:	46bb      	mov	fp, r7
10000c86:	46b2      	mov	sl, r6
10000c88:	46a9      	mov	r9, r5
10000c8a:	46a0      	mov	r8, r4
10000c8c:	bdf0      	pop	{r4, r5, r6, r7, pc}
10000c8e:	0032      	movs	r2, r6
10000c90:	e7ea      	b.n	10000c68 <irq_remove_handler+0xac>
10000c92:	45a8      	cmp	r8, r5
10000c94:	d0c4      	beq.n	10000c20 <irq_remove_handler+0x64>
10000c96:	f001 f819 	bl	10001ccc <hard_assertion_failure>
10000c9a:	2380      	movs	r3, #128	@ 0x80
10000c9c:	492e      	ldr	r1, [pc, #184]	@ (10000d58 <irq_remove_handler+0x19c>)
10000c9e:	9801      	ldr	r0, [sp, #4]
10000ca0:	50c8      	str	r0, [r1, r3]
10000ca2:	e7e1      	b.n	10000c68 <irq_remove_handler+0xac>
10000ca4:	2706      	movs	r7, #6
10000ca6:	57df      	ldrsb	r7, [r3, r7]
10000ca8:	2f00      	cmp	r7, #0
10000caa:	db22      	blt.n	10000cf2 <irq_remove_handler+0x136>
10000cac:	0079      	lsls	r1, r7, #1
10000cae:	19c8      	adds	r0, r1, r7
10000cb0:	0085      	lsls	r5, r0, #2
10000cb2:	002e      	movs	r6, r5
10000cb4:	4466      	add	r6, ip
10000cb6:	68b0      	ldr	r0, [r6, #8]
10000cb8:	6098      	str	r0, [r3, #8]
10000cba:	79f0      	ldrb	r0, [r6, #7]
10000cbc:	71d8      	strb	r0, [r3, #7]
10000cbe:	2006      	movs	r0, #6
10000cc0:	5630      	ldrsb	r0, [r6, r0]
10000cc2:	7198      	strb	r0, [r3, #6]
10000cc4:	2800      	cmp	r0, #0
10000cc6:	db26      	blt.n	10000d16 <irq_remove_handler+0x15a>
10000cc8:	4660      	mov	r0, ip
10000cca:	88b6      	ldrh	r6, [r6, #4]
10000ccc:	1ac0      	subs	r0, r0, r3
10000cce:	0576      	lsls	r6, r6, #21
10000cd0:	1536      	asrs	r6, r6, #20
10000cd2:	1976      	adds	r6, r6, r5
10000cd4:	1980      	adds	r0, r0, r6
10000cd6:	0500      	lsls	r0, r0, #20
10000cd8:	4e20      	ldr	r6, [pc, #128]	@ (10000d5c <irq_remove_handler+0x1a0>)
10000cda:	0d40      	lsrs	r0, r0, #21
10000cdc:	4330      	orrs	r0, r6
10000cde:	8098      	strh	r0, [r3, #4]
10000ce0:	19cb      	adds	r3, r1, r7
10000ce2:	491f      	ldr	r1, [pc, #124]	@ (10000d60 <irq_remove_handler+0x1a4>)
10000ce4:	009b      	lsls	r3, r3, #2
10000ce6:	7808      	ldrb	r0, [r1, #0]
10000ce8:	4463      	add	r3, ip
10000cea:	7198      	strb	r0, [r3, #6]
10000cec:	700f      	strb	r7, [r1, #0]
10000cee:	e7b2      	b.n	10000c56 <irq_remove_handler+0x9a>
10000cf0:	0003      	movs	r3, r0
10000cf2:	4659      	mov	r1, fp
10000cf4:	2900      	cmp	r1, #0
10000cf6:	d110      	bne.n	10000d1a <irq_remove_handler+0x15e>
10000cf8:	31ff      	adds	r1, #255	@ 0xff
10000cfa:	7181      	strb	r1, [r0, #6]
10000cfc:	4919      	ldr	r1, [pc, #100]	@ (10000d64 <irq_remove_handler+0x1a8>)
10000cfe:	8081      	strh	r1, [r0, #4]
10000d00:	4817      	ldr	r0, [pc, #92]	@ (10000d60 <irq_remove_handler+0x1a4>)
10000d02:	4665      	mov	r5, ip
10000d04:	7801      	ldrb	r1, [r0, #0]
10000d06:	7199      	strb	r1, [r3, #6]
10000d08:	4917      	ldr	r1, [pc, #92]	@ (10000d68 <irq_remove_handler+0x1ac>)
10000d0a:	1b5b      	subs	r3, r3, r5
10000d0c:	415b      	adcs	r3, r3
10000d0e:	4359      	muls	r1, r3
10000d10:	0d09      	lsrs	r1, r1, #20
10000d12:	7001      	strb	r1, [r0, #0]
10000d14:	e79f      	b.n	10000c56 <irq_remove_handler+0x9a>
10000d16:	4813      	ldr	r0, [pc, #76]	@ (10000d64 <irq_remove_handler+0x1a8>)
10000d18:	e7e1      	b.n	10000cde <irq_remove_handler+0x122>
10000d1a:	4914      	ldr	r1, [pc, #80]	@ (10000d6c <irq_remove_handler+0x1b0>)
10000d1c:	4814      	ldr	r0, [pc, #80]	@ (10000d70 <irq_remove_handler+0x1b4>)
10000d1e:	1ac9      	subs	r1, r1, r3
10000d20:	3908      	subs	r1, #8
10000d22:	024e      	lsls	r6, r1, #9
10000d24:	0d76      	lsrs	r6, r6, #21
10000d26:	4330      	orrs	r0, r6
10000d28:	8098      	strh	r0, [r3, #4]
10000d2a:	4812      	ldr	r0, [pc, #72]	@ (10000d74 <irq_remove_handler+0x1b8>)
10000d2c:	0849      	lsrs	r1, r1, #1
10000d2e:	4301      	orrs	r1, r0
10000d30:	80d9      	strh	r1, [r3, #6]
10000d32:	e790      	b.n	10000c56 <irq_remove_handler+0x9a>
10000d34:	2706      	movs	r7, #6
10000d36:	57c7      	ldrsb	r7, [r0, r7]
10000d38:	0003      	movs	r3, r0
10000d3a:	2f00      	cmp	r7, #0
10000d3c:	dab6      	bge.n	10000cac <irq_remove_handler+0xf0>
10000d3e:	4659      	mov	r1, fp
10000d40:	2900      	cmp	r1, #0
10000d42:	d1ea      	bne.n	10000d1a <irq_remove_handler+0x15e>
10000d44:	0032      	movs	r2, r6
10000d46:	e7db      	b.n	10000d00 <irq_remove_handler+0x144>
10000d48:	d0000124 	.word	0xd0000124
10000d4c:	e000ed00 	.word	0xe000ed00
10000d50:	100001c1 	.word	0x100001c1
10000d54:	20000f94 	.word	0x20000f94
10000d58:	e000e100 	.word	0xe000e100
10000d5c:	ffffe000 	.word	0xffffe000
10000d60:	20001ec5 	.word	0x20001ec5
10000d64:	ffffbd01 	.word	0xffffbd01
10000d68:	0000aaaa 	.word	0x0000aaaa
10000d6c:	20000fe6 	.word	0x20000fe6
10000d70:	fffff000 	.word	0xfffff000
10000d74:	fffff800 	.word	0xfffff800

10000d78 <irq_add_tail_to_free_list>:
10000d78:	2301      	movs	r3, #1
10000d7a:	4303      	orrs	r3, r0
10000d7c:	b570      	push	{r4, r5, r6, lr}
10000d7e:	469c      	mov	ip, r3
10000d80:	f3ef 8105 	mrs	r1, IPSR
10000d84:	f3ef 8510 	mrs	r5, PRIMASK
10000d88:	b672      	cpsid	i
10000d8a:	4a27      	ldr	r2, [pc, #156]	@ (10000e28 <irq_add_tail_to_free_list+0xb0>)
10000d8c:	6813      	ldr	r3, [r2, #0]
10000d8e:	2b00      	cmp	r3, #0
10000d90:	d0fc      	beq.n	10000d8c <irq_add_tail_to_free_list+0x14>
10000d92:	f3bf 8f5f 	dmb	sy
10000d96:	4a25      	ldr	r2, [pc, #148]	@ (10000e2c <irq_add_tail_to_free_list+0xb4>)
10000d98:	0004      	movs	r4, r0
10000d9a:	4b25      	ldr	r3, [pc, #148]	@ (10000e30 <irq_add_tail_to_free_list+0xb8>)
10000d9c:	1aa4      	subs	r4, r4, r2
10000d9e:	4164      	adcs	r4, r4
10000da0:	4363      	muls	r3, r4
10000da2:	0d1b      	lsrs	r3, r3, #20
10000da4:	4c23      	ldr	r4, [pc, #140]	@ (10000e34 <irq_add_tail_to_free_list+0xbc>)
10000da6:	0089      	lsls	r1, r1, #2
10000da8:	68a6      	ldr	r6, [r4, #8]
10000daa:	b25b      	sxtb	r3, r3
10000dac:	5876      	ldr	r6, [r6, r1]
10000dae:	4566      	cmp	r6, ip
10000db0:	d024      	beq.n	10000dfc <irq_add_tail_to_free_list+0x84>
10000db2:	2106      	movs	r1, #6
10000db4:	5651      	ldrsb	r1, [r2, r1]
10000db6:	4299      	cmp	r1, r3
10000db8:	d024      	beq.n	10000e04 <irq_add_tail_to_free_list+0x8c>
10000dba:	2112      	movs	r1, #18
10000dbc:	5651      	ldrsb	r1, [r2, r1]
10000dbe:	4299      	cmp	r1, r3
10000dc0:	d02a      	beq.n	10000e18 <irq_add_tail_to_free_list+0xa0>
10000dc2:	211e      	movs	r1, #30
10000dc4:	5651      	ldrsb	r1, [r2, r1]
10000dc6:	4299      	cmp	r1, r3
10000dc8:	d028      	beq.n	10000e1c <irq_add_tail_to_free_list+0xa4>
10000dca:	212a      	movs	r1, #42	@ 0x2a
10000dcc:	5651      	ldrsb	r1, [r2, r1]
10000dce:	4299      	cmp	r1, r3
10000dd0:	d026      	beq.n	10000e20 <irq_add_tail_to_free_list+0xa8>
10000dd2:	2136      	movs	r1, #54	@ 0x36
10000dd4:	5651      	ldrsb	r1, [r2, r1]
10000dd6:	4299      	cmp	r1, r3
10000dd8:	d024      	beq.n	10000e24 <irq_add_tail_to_free_list+0xac>
10000dda:	2142      	movs	r1, #66	@ 0x42
10000ddc:	5651      	ldrsb	r1, [r2, r1]
10000dde:	2405      	movs	r4, #5
10000de0:	4299      	cmp	r1, r3
10000de2:	d010      	beq.n	10000e06 <irq_add_tail_to_free_list+0x8e>
10000de4:	4a14      	ldr	r2, [pc, #80]	@ (10000e38 <irq_add_tail_to_free_list+0xc0>)
10000de6:	7811      	ldrb	r1, [r2, #0]
10000de8:	7013      	strb	r3, [r2, #0]
10000dea:	7181      	strb	r1, [r0, #6]
10000dec:	f3bf 8f5f 	dmb	sy
10000df0:	2200      	movs	r2, #0
10000df2:	4b0d      	ldr	r3, [pc, #52]	@ (10000e28 <irq_add_tail_to_free_list+0xb0>)
10000df4:	601a      	str	r2, [r3, #0]
10000df6:	f385 8810 	msr	PRIMASK, r5
10000dfa:	bd70      	pop	{r4, r5, r6, pc}
10000dfc:	68a2      	ldr	r2, [r4, #8]
10000dfe:	4c0f      	ldr	r4, [pc, #60]	@ (10000e3c <irq_add_tail_to_free_list+0xc4>)
10000e00:	5054      	str	r4, [r2, r1]
10000e02:	e7ef      	b.n	10000de4 <irq_add_tail_to_free_list+0x6c>
10000e04:	2400      	movs	r4, #0
10000e06:	0061      	lsls	r1, r4, #1
10000e08:	1909      	adds	r1, r1, r4
10000e0a:	0089      	lsls	r1, r1, #2
10000e0c:	1852      	adds	r2, r2, r1
10000e0e:	21ff      	movs	r1, #255	@ 0xff
10000e10:	7191      	strb	r1, [r2, #6]
10000e12:	490b      	ldr	r1, [pc, #44]	@ (10000e40 <irq_add_tail_to_free_list+0xc8>)
10000e14:	8091      	strh	r1, [r2, #4]
10000e16:	e7e5      	b.n	10000de4 <irq_add_tail_to_free_list+0x6c>
10000e18:	2401      	movs	r4, #1
10000e1a:	e7f4      	b.n	10000e06 <irq_add_tail_to_free_list+0x8e>
10000e1c:	2402      	movs	r4, #2
10000e1e:	e7f2      	b.n	10000e06 <irq_add_tail_to_free_list+0x8e>
10000e20:	2403      	movs	r4, #3
10000e22:	e7f0      	b.n	10000e06 <irq_add_tail_to_free_list+0x8e>
10000e24:	2404      	movs	r4, #4
10000e26:	e7ee      	b.n	10000e06 <irq_add_tail_to_free_list+0x8e>
10000e28:	d0000124 	.word	0xd0000124
10000e2c:	20000f94 	.word	0x20000f94
10000e30:	0000aaaa 	.word	0x0000aaaa
10000e34:	e000ed00 	.word	0xe000ed00
10000e38:	20001ec5 	.word	0x20001ec5
10000e3c:	100001c1 	.word	0x100001c1
10000e40:	ffffbd01 	.word	0xffffbd01

10000e44 <user_irq_claim_unused>:
10000e44:	b500      	push	{lr}
10000e46:	4b07      	ldr	r3, [pc, #28]	@ (10000e64 <user_irq_claim_unused+0x20>)
10000e48:	b083      	sub	sp, #12
10000e4a:	0001      	movs	r1, r0
10000e4c:	9300      	str	r3, [sp, #0]
10000e4e:	2200      	movs	r2, #0
10000e50:	2305      	movs	r3, #5
10000e52:	4805      	ldr	r0, [pc, #20]	@ (10000e68 <user_irq_claim_unused+0x24>)
10000e54:	f7ff fce2 	bl	1000081c <hw_claim_unused_from_range>
10000e58:	2800      	cmp	r0, #0
10000e5a:	db01      	blt.n	10000e60 <user_irq_claim_unused+0x1c>
10000e5c:	231f      	movs	r3, #31
10000e5e:	1a18      	subs	r0, r3, r0
10000e60:	b003      	add	sp, #12
10000e62:	bd00      	pop	{pc}
10000e64:	1000789c 	.word	0x1000789c
10000e68:	20001ec9 	.word	0x20001ec9

10000e6c <lock_init>:
10000e6c:	4b02      	ldr	r3, [pc, #8]	@ (10000e78 <lock_init+0xc>)
10000e6e:	18c9      	adds	r1, r1, r3
10000e70:	0089      	lsls	r1, r1, #2
10000e72:	6001      	str	r1, [r0, #0]
10000e74:	4770      	bx	lr
10000e76:	46c0      	nop			@ (mov r8, r8)
10000e78:	34000040 	.word	0x34000040

10000e7c <runtime_init_mutex>:
10000e7c:	b570      	push	{r4, r5, r6, lr}
10000e7e:	4c11      	ldr	r4, [pc, #68]	@ (10000ec4 <runtime_init_mutex+0x48>)
10000e80:	4d11      	ldr	r5, [pc, #68]	@ (10000ec8 <runtime_init_mutex+0x4c>)
10000e82:	42ac      	cmp	r4, r5
10000e84:	d20f      	bcs.n	10000ea6 <runtime_init_mutex+0x2a>
10000e86:	26ff      	movs	r6, #255	@ 0xff
10000e88:	6823      	ldr	r3, [r4, #0]
10000e8a:	2b00      	cmp	r3, #0
10000e8c:	d00c      	beq.n	10000ea8 <runtime_init_mutex+0x2c>
10000e8e:	f7ff fd09 	bl	100008a4 <next_striped_spin_lock_num>
10000e92:	0001      	movs	r1, r0
10000e94:	0020      	movs	r0, r4
10000e96:	f7ff ffe9 	bl	10000e6c <lock_init>
10000e9a:	80a6      	strh	r6, [r4, #4]
10000e9c:	f3bf 8f5f 	dmb	sy
10000ea0:	3408      	adds	r4, #8
10000ea2:	42ac      	cmp	r4, r5
10000ea4:	d3f0      	bcc.n	10000e88 <runtime_init_mutex+0xc>
10000ea6:	bd70      	pop	{r4, r5, r6, pc}
10000ea8:	f7ff fcfc 	bl	100008a4 <next_striped_spin_lock_num>
10000eac:	0001      	movs	r1, r0
10000eae:	0020      	movs	r0, r4
10000eb0:	f7ff ffdc 	bl	10000e6c <lock_init>
10000eb4:	7126      	strb	r6, [r4, #4]
10000eb6:	f3bf 8f5f 	dmb	sy
10000eba:	3408      	adds	r4, #8
10000ebc:	42ac      	cmp	r4, r5
10000ebe:	d3e3      	bcc.n	10000e88 <runtime_init_mutex+0xc>
10000ec0:	e7f1      	b.n	10000ea6 <runtime_init_mutex+0x2a>
10000ec2:	46c0      	nop			@ (mov r8, r8)
10000ec4:	20001090 	.word	0x20001090
10000ec8:	20001098 	.word	0x20001098

10000ecc <mutex_init>:
10000ecc:	b510      	push	{r4, lr}
10000ece:	0004      	movs	r4, r0
10000ed0:	f7ff fce8 	bl	100008a4 <next_striped_spin_lock_num>
10000ed4:	0001      	movs	r1, r0
10000ed6:	0020      	movs	r0, r4
10000ed8:	f7ff ffc8 	bl	10000e6c <lock_init>
10000edc:	23ff      	movs	r3, #255	@ 0xff
10000ede:	7123      	strb	r3, [r4, #4]
10000ee0:	f3bf 8f5f 	dmb	sy
10000ee4:	bd10      	pop	{r4, pc}
10000ee6:	46c0      	nop			@ (mov r8, r8)

10000ee8 <critical_section_init>:
10000ee8:	b510      	push	{r4, lr}
10000eea:	0004      	movs	r4, r0
10000eec:	2001      	movs	r0, #1
10000eee:	f7ff fce5 	bl	100008bc <spin_lock_claim_unused>
10000ef2:	4b03      	ldr	r3, [pc, #12]	@ (10000f00 <critical_section_init+0x18>)
10000ef4:	18c0      	adds	r0, r0, r3
10000ef6:	0080      	lsls	r0, r0, #2
10000ef8:	6020      	str	r0, [r4, #0]
10000efa:	f3bf 8f5f 	dmb	sy
10000efe:	bd10      	pop	{r4, pc}
10000f00:	34000040 	.word	0x34000040

10000f04 <critical_section_init_with_lock_num>:
10000f04:	4b03      	ldr	r3, [pc, #12]	@ (10000f14 <critical_section_init_with_lock_num+0x10>)
10000f06:	18c9      	adds	r1, r1, r3
10000f08:	0089      	lsls	r1, r1, #2
10000f0a:	6001      	str	r1, [r0, #0]
10000f0c:	f3bf 8f5f 	dmb	sy
10000f10:	4770      	bx	lr
10000f12:	46c0      	nop			@ (mov r8, r8)
10000f14:	34000040 	.word	0x34000040

10000f18 <sleep_until_callback>:
10000f18:	bf40      	sev
10000f1a:	2000      	movs	r0, #0
10000f1c:	2100      	movs	r1, #0
10000f1e:	4770      	bx	lr

10000f20 <alarm_pool_irq_handler>:
10000f20:	b5f0      	push	{r4, r5, r6, r7, lr}
10000f22:	46de      	mov	lr, fp
10000f24:	4657      	mov	r7, sl
10000f26:	464e      	mov	r6, r9
10000f28:	4645      	mov	r5, r8
10000f2a:	b5e0      	push	{r5, r6, r7, lr}
10000f2c:	b085      	sub	sp, #20
10000f2e:	f3ef 8305 	mrs	r3, IPSR
10000f32:	2203      	movs	r2, #3
10000f34:	401a      	ands	r2, r3
10000f36:	4bb1      	ldr	r3, [pc, #708]	@ (100011fc <alarm_pool_irq_handler+0x2dc>)
10000f38:	0091      	lsls	r1, r2, #2
10000f3a:	585b      	ldr	r3, [r3, r1]
10000f3c:	9203      	str	r2, [sp, #12]
10000f3e:	4698      	mov	r8, r3
10000f40:	2301      	movs	r3, #1
10000f42:	4093      	lsls	r3, r2
10000f44:	001a      	movs	r2, r3
10000f46:	9301      	str	r3, [sp, #4]
10000f48:	4bad      	ldr	r3, [pc, #692]	@ (10001200 <alarm_pool_irq_handler+0x2e0>)
10000f4a:	9102      	str	r1, [sp, #8]
10000f4c:	601a      	str	r2, [r3, #0]
10000f4e:	2308      	movs	r3, #8
10000f50:	4443      	add	r3, r8
10000f52:	4699      	mov	r9, r3
10000f54:	9b01      	ldr	r3, [sp, #4]
10000f56:	48ab      	ldr	r0, [pc, #684]	@ (10001204 <alarm_pool_irq_handler+0x2e4>)
10000f58:	6343      	str	r3, [r0, #52]	@ 0x34
10000f5a:	4643      	mov	r3, r8
10000f5c:	2208      	movs	r2, #8
10000f5e:	5e9b      	ldrsh	r3, [r3, r2]
10000f60:	469a      	mov	sl, r3
10000f62:	2b00      	cmp	r3, #0
10000f64:	db00      	blt.n	10000f68 <alarm_pool_irq_handler+0x48>
10000f66:	e0b9      	b.n	100010dc <alarm_pool_irq_handler+0x1bc>
10000f68:	4643      	mov	r3, r8
10000f6a:	889b      	ldrh	r3, [r3, #4]
10000f6c:	b21b      	sxth	r3, r3
10000f6e:	2b00      	cmp	r3, #0
10000f70:	da00      	bge.n	10000f74 <alarm_pool_irq_handler+0x54>
10000f72:	e126      	b.n	100011c2 <alarm_pool_irq_handler+0x2a2>
10000f74:	4643      	mov	r3, r8
10000f76:	691b      	ldr	r3, [r3, #16]
10000f78:	f3ef 8210 	mrs	r2, PRIMASK
10000f7c:	b672      	cpsid	i
10000f7e:	6819      	ldr	r1, [r3, #0]
10000f80:	2900      	cmp	r1, #0
10000f82:	d0fc      	beq.n	10000f7e <alarm_pool_irq_handler+0x5e>
10000f84:	f3bf 8f5f 	dmb	sy
10000f88:	4643      	mov	r3, r8
10000f8a:	889e      	ldrh	r6, [r3, #4]
10000f8c:	2301      	movs	r3, #1
10000f8e:	4641      	mov	r1, r8
10000f90:	425b      	negs	r3, r3
10000f92:	808b      	strh	r3, [r1, #4]
10000f94:	b236      	sxth	r6, r6
10000f96:	690b      	ldr	r3, [r1, #16]
10000f98:	f3bf 8f5f 	dmb	sy
10000f9c:	2100      	movs	r1, #0
10000f9e:	6019      	str	r1, [r3, #0]
10000fa0:	f382 8810 	msr	PRIMASK, r2
10000fa4:	2e00      	cmp	r6, #0
10000fa6:	db26      	blt.n	10000ff6 <alarm_pool_irq_handler+0xd6>
10000fa8:	4643      	mov	r3, r8
10000faa:	695d      	ldr	r5, [r3, #20]
10000fac:	0074      	lsls	r4, r6, #1
10000fae:	19a4      	adds	r4, r4, r6
10000fb0:	2008      	movs	r0, #8
10000fb2:	5e1a      	ldrsh	r2, [r3, r0]
10000fb4:	00e4      	lsls	r4, r4, #3
10000fb6:	4649      	mov	r1, r9
10000fb8:	192c      	adds	r4, r5, r4
10000fba:	2a00      	cmp	r2, #0
10000fbc:	db14      	blt.n	10000fe8 <alarm_pool_irq_handler+0xc8>
10000fbe:	68a0      	ldr	r0, [r4, #8]
10000fc0:	469a      	mov	sl, r3
10000fc2:	4680      	mov	r8, r0
10000fc4:	68e0      	ldr	r0, [r4, #12]
10000fc6:	e007      	b.n	10000fd8 <alarm_pool_irq_handler+0xb8>
10000fc8:	4283      	cmp	r3, r0
10000fca:	d100      	bne.n	10000fce <alarm_pool_irq_handler+0xae>
10000fcc:	e081      	b.n	100010d2 <alarm_pool_irq_handler+0x1b2>
10000fce:	2300      	movs	r3, #0
10000fd0:	5efa      	ldrsh	r2, [r7, r3]
10000fd2:	0039      	movs	r1, r7
10000fd4:	2a00      	cmp	r2, #0
10000fd6:	db06      	blt.n	10000fe6 <alarm_pool_irq_handler+0xc6>
10000fd8:	0057      	lsls	r7, r2, #1
10000fda:	18bf      	adds	r7, r7, r2
10000fdc:	00ff      	lsls	r7, r7, #3
10000fde:	19ef      	adds	r7, r5, r7
10000fe0:	68fb      	ldr	r3, [r7, #12]
10000fe2:	4283      	cmp	r3, r0
10000fe4:	ddf0      	ble.n	10000fc8 <alarm_pool_irq_handler+0xa8>
10000fe6:	4653      	mov	r3, sl
10000fe8:	800e      	strh	r6, [r1, #0]
10000fea:	2100      	movs	r1, #0
10000fec:	5e66      	ldrsh	r6, [r4, r1]
10000fee:	8022      	strh	r2, [r4, #0]
10000ff0:	2e00      	cmp	r6, #0
10000ff2:	dadb      	bge.n	10000fac <alarm_pool_irq_handler+0x8c>
10000ff4:	4698      	mov	r8, r3
10000ff6:	4643      	mov	r3, r8
10000ff8:	2108      	movs	r1, #8
10000ffa:	5e59      	ldrsh	r1, [r3, r1]
10000ffc:	2900      	cmp	r1, #0
10000ffe:	da00      	bge.n	10001002 <alarm_pool_irq_handler+0xe2>
10001000:	e0df      	b.n	100011c2 <alarm_pool_irq_handler+0x2a2>
10001002:	4643      	mov	r3, r8
10001004:	695a      	ldr	r2, [r3, #20]
10001006:	004b      	lsls	r3, r1, #1
10001008:	487e      	ldr	r0, [pc, #504]	@ (10001204 <alarm_pool_irq_handler+0x2e4>)
1000100a:	185b      	adds	r3, r3, r1
1000100c:	9902      	ldr	r1, [sp, #8]
1000100e:	00db      	lsls	r3, r3, #3
10001010:	18d3      	adds	r3, r2, r3
10001012:	1809      	adds	r1, r1, r0
10001014:	6a82      	ldr	r2, [r0, #40]	@ 0x28
10001016:	689d      	ldr	r5, [r3, #8]
10001018:	68dc      	ldr	r4, [r3, #12]
1000101a:	690b      	ldr	r3, [r1, #16]
1000101c:	1aae      	subs	r6, r5, r2
1000101e:	1a9b      	subs	r3, r3, r2
10001020:	429e      	cmp	r6, r3
10001022:	d31b      	bcc.n	1000105c <alarm_pool_irq_handler+0x13c>
10001024:	2301      	movs	r3, #1
10001026:	6a02      	ldr	r2, [r0, #32]
10001028:	9803      	ldr	r0, [sp, #12]
1000102a:	4083      	lsls	r3, r0
1000102c:	421a      	tst	r2, r3
1000102e:	d015      	beq.n	1000105c <alarm_pool_irq_handler+0x13c>
10001030:	4643      	mov	r3, r8
10001032:	799b      	ldrb	r3, [r3, #6]
10001034:	2b00      	cmp	r3, #0
10001036:	d116      	bne.n	10001066 <alarm_pool_irq_handler+0x146>
10001038:	4872      	ldr	r0, [pc, #456]	@ (10001204 <alarm_pool_irq_handler+0x2e4>)
1000103a:	f000 fb6d 	bl	10001718 <timer_time_us_64>
1000103e:	428c      	cmp	r4, r1
10001040:	dc04      	bgt.n	1000104c <alarm_pool_irq_handler+0x12c>
10001042:	d000      	beq.n	10001046 <alarm_pool_irq_handler+0x126>
10001044:	e786      	b.n	10000f54 <alarm_pool_irq_handler+0x34>
10001046:	4285      	cmp	r5, r0
10001048:	d800      	bhi.n	1000104c <alarm_pool_irq_handler+0x12c>
1000104a:	e783      	b.n	10000f54 <alarm_pool_irq_handler+0x34>
1000104c:	bf40      	sev
1000104e:	b005      	add	sp, #20
10001050:	bcf0      	pop	{r4, r5, r6, r7}
10001052:	46bb      	mov	fp, r7
10001054:	46b2      	mov	sl, r6
10001056:	46a9      	mov	r9, r5
10001058:	46a0      	mov	r8, r4
1000105a:	bdf0      	pop	{r4, r5, r6, r7, pc}
1000105c:	4643      	mov	r3, r8
1000105e:	610d      	str	r5, [r1, #16]
10001060:	799b      	ldrb	r3, [r3, #6]
10001062:	2b00      	cmp	r3, #0
10001064:	d0e8      	beq.n	10001038 <alarm_pool_irq_handler+0x118>
10001066:	2300      	movs	r3, #0
10001068:	4642      	mov	r2, r8
1000106a:	7193      	strb	r3, [r2, #6]
1000106c:	4643      	mov	r3, r8
1000106e:	2208      	movs	r2, #8
10001070:	5e9a      	ldrsh	r2, [r3, r2]
10001072:	1c53      	adds	r3, r2, #1
10001074:	d0e0      	beq.n	10001038 <alarm_pool_irq_handler+0x118>
10001076:	4647      	mov	r7, r8
10001078:	4648      	mov	r0, r9
1000107a:	2600      	movs	r6, #0
1000107c:	46a8      	mov	r8, r5
1000107e:	46a3      	mov	fp, r4
10001080:	e002      	b.n	10001088 <alarm_pool_irq_handler+0x168>
10001082:	0008      	movs	r0, r1
10001084:	1c53      	adds	r3, r2, #1
10001086:	d020      	beq.n	100010ca <alarm_pool_irq_handler+0x1aa>
10001088:	0053      	lsls	r3, r2, #1
1000108a:	697d      	ldr	r5, [r7, #20]
1000108c:	189b      	adds	r3, r3, r2
1000108e:	00db      	lsls	r3, r3, #3
10001090:	18e9      	adds	r1, r5, r3
10001092:	0014      	movs	r4, r2
10001094:	5eea      	ldrsh	r2, [r5, r3]
10001096:	884b      	ldrh	r3, [r1, #2]
10001098:	b21b      	sxth	r3, r3
1000109a:	2b00      	cmp	r3, #0
1000109c:	daf1      	bge.n	10001082 <alarm_pool_irq_handler+0x162>
1000109e:	8002      	strh	r2, [r0, #0]
100010a0:	693b      	ldr	r3, [r7, #16]
100010a2:	f3ef 8a10 	mrs	sl, PRIMASK
100010a6:	b672      	cpsid	i
100010a8:	001d      	movs	r5, r3
100010aa:	682b      	ldr	r3, [r5, #0]
100010ac:	2b00      	cmp	r3, #0
100010ae:	d0fc      	beq.n	100010aa <alarm_pool_irq_handler+0x18a>
100010b0:	f3bf 8f5f 	dmb	sy
100010b4:	887b      	ldrh	r3, [r7, #2]
100010b6:	800b      	strh	r3, [r1, #0]
100010b8:	693b      	ldr	r3, [r7, #16]
100010ba:	807c      	strh	r4, [r7, #2]
100010bc:	f3bf 8f5f 	dmb	sy
100010c0:	601e      	str	r6, [r3, #0]
100010c2:	f38a 8810 	msr	PRIMASK, sl
100010c6:	1c53      	adds	r3, r2, #1
100010c8:	d1de      	bne.n	10001088 <alarm_pool_irq_handler+0x168>
100010ca:	4645      	mov	r5, r8
100010cc:	465c      	mov	r4, fp
100010ce:	46b8      	mov	r8, r7
100010d0:	e7b2      	b.n	10001038 <alarm_pool_irq_handler+0x118>
100010d2:	68bb      	ldr	r3, [r7, #8]
100010d4:	4543      	cmp	r3, r8
100010d6:	d800      	bhi.n	100010da <alarm_pool_irq_handler+0x1ba>
100010d8:	e779      	b.n	10000fce <alarm_pool_irq_handler+0xae>
100010da:	e784      	b.n	10000fe6 <alarm_pool_irq_handler+0xc6>
100010dc:	4642      	mov	r2, r8
100010de:	6952      	ldr	r2, [r2, #20]
100010e0:	005b      	lsls	r3, r3, #1
100010e2:	4693      	mov	fp, r2
100010e4:	4453      	add	r3, sl
100010e6:	00db      	lsls	r3, r3, #3
100010e8:	449b      	add	fp, r3
100010ea:	465b      	mov	r3, fp
100010ec:	689e      	ldr	r6, [r3, #8]
100010ee:	68df      	ldr	r7, [r3, #12]
100010f0:	f000 fb12 	bl	10001718 <timer_time_us_64>
100010f4:	428f      	cmp	r7, r1
100010f6:	dc2a      	bgt.n	1000114e <alarm_pool_irq_handler+0x22e>
100010f8:	d030      	beq.n	1000115c <alarm_pool_irq_handler+0x23c>
100010fa:	465b      	mov	r3, fp
100010fc:	465a      	mov	r2, fp
100010fe:	691b      	ldr	r3, [r3, #16]
10001100:	6954      	ldr	r4, [r2, #20]
10001102:	2b02      	cmp	r3, #2
10001104:	d032      	beq.n	1000116c <alarm_pool_irq_handler+0x24c>
10001106:	4641      	mov	r1, r8
10001108:	2008      	movs	r0, #8
1000110a:	5e08      	ldrsh	r0, [r1, r0]
1000110c:	8852      	ldrh	r2, [r2, #2]
1000110e:	0400      	lsls	r0, r0, #16
10001110:	0021      	movs	r1, r4
10001112:	4310      	orrs	r0, r2
10001114:	4798      	blx	r3
10001116:	0004      	movs	r4, r0
10001118:	000d      	movs	r5, r1
1000111a:	0023      	movs	r3, r4
1000111c:	432b      	orrs	r3, r5
1000111e:	d02e      	beq.n	1000117e <alarm_pool_irq_handler+0x25e>
10001120:	2d00      	cmp	r5, #0
10001122:	da48      	bge.n	100011b6 <alarm_pool_irq_handler+0x296>
10001124:	0030      	movs	r0, r6
10001126:	0039      	movs	r1, r7
10001128:	1b00      	subs	r0, r0, r4
1000112a:	41a9      	sbcs	r1, r5
1000112c:	465b      	mov	r3, fp
1000112e:	6098      	str	r0, [r3, #8]
10001130:	60d9      	str	r1, [r3, #12]
10001132:	2200      	movs	r2, #0
10001134:	5e9b      	ldrsh	r3, [r3, r2]
10001136:	2b00      	cmp	r3, #0
10001138:	db09      	blt.n	1000114e <alarm_pool_irq_handler+0x22e>
1000113a:	4642      	mov	r2, r8
1000113c:	005e      	lsls	r6, r3, #1
1000113e:	6954      	ldr	r4, [r2, #20]
10001140:	18f2      	adds	r2, r6, r3
10001142:	00d2      	lsls	r2, r2, #3
10001144:	18a2      	adds	r2, r4, r2
10001146:	6897      	ldr	r7, [r2, #8]
10001148:	68d2      	ldr	r2, [r2, #12]
1000114a:	428a      	cmp	r2, r1
1000114c:	dd5c      	ble.n	10001208 <alarm_pool_irq_handler+0x2e8>
1000114e:	4643      	mov	r3, r8
10001150:	889b      	ldrh	r3, [r3, #4]
10001152:	b21b      	sxth	r3, r3
10001154:	2b00      	cmp	r3, #0
10001156:	da00      	bge.n	1000115a <alarm_pool_irq_handler+0x23a>
10001158:	e74d      	b.n	10000ff6 <alarm_pool_irq_handler+0xd6>
1000115a:	e70b      	b.n	10000f74 <alarm_pool_irq_handler+0x54>
1000115c:	4286      	cmp	r6, r0
1000115e:	d8f6      	bhi.n	1000114e <alarm_pool_irq_handler+0x22e>
10001160:	465b      	mov	r3, fp
10001162:	465a      	mov	r2, fp
10001164:	691b      	ldr	r3, [r3, #16]
10001166:	6954      	ldr	r4, [r2, #20]
10001168:	2b02      	cmp	r3, #2
1000116a:	d1cc      	bne.n	10001106 <alarm_pool_irq_handler+0x1e6>
1000116c:	0020      	movs	r0, r4
1000116e:	6923      	ldr	r3, [r4, #16]
10001170:	4798      	blx	r3
10001172:	2800      	cmp	r0, #0
10001174:	d003      	beq.n	1000117e <alarm_pool_irq_handler+0x25e>
10001176:	cc30      	ldmia	r4, {r4, r5}
10001178:	0023      	movs	r3, r4
1000117a:	432b      	orrs	r3, r5
1000117c:	d1d0      	bne.n	10001120 <alarm_pool_irq_handler+0x200>
1000117e:	465b      	mov	r3, fp
10001180:	4642      	mov	r2, r8
10001182:	881b      	ldrh	r3, [r3, #0]
10001184:	8113      	strh	r3, [r2, #8]
10001186:	6912      	ldr	r2, [r2, #16]
10001188:	f3ef 8310 	mrs	r3, PRIMASK
1000118c:	b672      	cpsid	i
1000118e:	6811      	ldr	r1, [r2, #0]
10001190:	2900      	cmp	r1, #0
10001192:	d0fc      	beq.n	1000118e <alarm_pool_irq_handler+0x26e>
10001194:	f3bf 8f5f 	dmb	sy
10001198:	4642      	mov	r2, r8
1000119a:	4659      	mov	r1, fp
1000119c:	8852      	ldrh	r2, [r2, #2]
1000119e:	800a      	strh	r2, [r1, #0]
100011a0:	4642      	mov	r2, r8
100011a2:	4651      	mov	r1, sl
100011a4:	8051      	strh	r1, [r2, #2]
100011a6:	6912      	ldr	r2, [r2, #16]
100011a8:	f3bf 8f5f 	dmb	sy
100011ac:	2100      	movs	r1, #0
100011ae:	6011      	str	r1, [r2, #0]
100011b0:	f383 8810 	msr	PRIMASK, r3
100011b4:	e7cb      	b.n	1000114e <alarm_pool_irq_handler+0x22e>
100011b6:	4813      	ldr	r0, [pc, #76]	@ (10001204 <alarm_pool_irq_handler+0x2e4>)
100011b8:	f000 faae 	bl	10001718 <timer_time_us_64>
100011bc:	1900      	adds	r0, r0, r4
100011be:	4169      	adcs	r1, r5
100011c0:	e7b4      	b.n	1000112c <alarm_pool_irq_handler+0x20c>
100011c2:	4c10      	ldr	r4, [pc, #64]	@ (10001204 <alarm_pool_irq_handler+0x2e4>)
100011c4:	0020      	movs	r0, r4
100011c6:	f000 faa7 	bl	10001718 <timer_time_us_64>
100011ca:	2280      	movs	r2, #128	@ 0x80
100011cc:	2300      	movs	r3, #0
100011ce:	0612      	lsls	r2, r2, #24
100011d0:	1880      	adds	r0, r0, r2
100011d2:	4159      	adcs	r1, r3
100011d4:	9a02      	ldr	r2, [sp, #8]
100011d6:	6aa5      	ldr	r5, [r4, #40]	@ 0x28
100011d8:	1912      	adds	r2, r2, r4
100011da:	6913      	ldr	r3, [r2, #16]
100011dc:	1b46      	subs	r6, r0, r5
100011de:	1b5b      	subs	r3, r3, r5
100011e0:	429e      	cmp	r6, r3
100011e2:	d201      	bcs.n	100011e8 <alarm_pool_irq_handler+0x2c8>
100011e4:	6110      	str	r0, [r2, #16]
100011e6:	e731      	b.n	1000104c <alarm_pool_irq_handler+0x12c>
100011e8:	2301      	movs	r3, #1
100011ea:	9d03      	ldr	r5, [sp, #12]
100011ec:	6a24      	ldr	r4, [r4, #32]
100011ee:	40ab      	lsls	r3, r5
100011f0:	421c      	tst	r4, r3
100011f2:	d000      	beq.n	100011f6 <alarm_pool_irq_handler+0x2d6>
100011f4:	e72a      	b.n	1000104c <alarm_pool_irq_handler+0x12c>
100011f6:	6110      	str	r0, [r2, #16]
100011f8:	e728      	b.n	1000104c <alarm_pool_irq_handler+0x12c>
100011fa:	46c0      	nop			@ (mov r8, r8)
100011fc:	20001e7c 	.word	0x20001e7c
10001200:	4005703c 	.word	0x4005703c
10001204:	40054000 	.word	0x40054000
10001208:	428a      	cmp	r2, r1
1000120a:	d101      	bne.n	10001210 <alarm_pool_irq_handler+0x2f0>
1000120c:	4287      	cmp	r7, r0
1000120e:	d89e      	bhi.n	1000114e <alarm_pool_irq_handler+0x22e>
10001210:	4645      	mov	r5, r8
10001212:	812b      	strh	r3, [r5, #8]
10001214:	3508      	adds	r5, #8
10001216:	e005      	b.n	10001224 <alarm_pool_irq_handler+0x304>
10001218:	005e      	lsls	r6, r3, #1
1000121a:	18f2      	adds	r2, r6, r3
1000121c:	00d2      	lsls	r2, r2, #3
1000121e:	18a2      	adds	r2, r4, r2
10001220:	6897      	ldr	r7, [r2, #8]
10001222:	68d2      	ldr	r2, [r2, #12]
10001224:	428a      	cmp	r2, r1
10001226:	dc06      	bgt.n	10001236 <alarm_pool_irq_handler+0x316>
10001228:	d00a      	beq.n	10001240 <alarm_pool_irq_handler+0x320>
1000122a:	18f3      	adds	r3, r6, r3
1000122c:	00db      	lsls	r3, r3, #3
1000122e:	18e5      	adds	r5, r4, r3
10001230:	5ee3      	ldrsh	r3, [r4, r3]
10001232:	2b00      	cmp	r3, #0
10001234:	daf0      	bge.n	10001218 <alarm_pool_irq_handler+0x2f8>
10001236:	465a      	mov	r2, fp
10001238:	8013      	strh	r3, [r2, #0]
1000123a:	4653      	mov	r3, sl
1000123c:	802b      	strh	r3, [r5, #0]
1000123e:	e786      	b.n	1000114e <alarm_pool_irq_handler+0x22e>
10001240:	4287      	cmp	r7, r0
10001242:	d9f2      	bls.n	1000122a <alarm_pool_irq_handler+0x30a>
10001244:	e7f7      	b.n	10001236 <alarm_pool_irq_handler+0x316>
10001246:	46c0      	nop			@ (mov r8, r8)

10001248 <runtime_init_default_alarm_pool>:
10001248:	b570      	push	{r4, r5, r6, lr}
1000124a:	4c2b      	ldr	r4, [pc, #172]	@ (100012f8 <runtime_init_default_alarm_pool+0xb0>)
1000124c:	6925      	ldr	r5, [r4, #16]
1000124e:	2d00      	cmp	r5, #0
10001250:	d000      	beq.n	10001254 <runtime_init_default_alarm_pool+0xc>
10001252:	bd70      	pop	{r4, r5, r6, pc}
10001254:	4e29      	ldr	r6, [pc, #164]	@ (100012fc <runtime_init_default_alarm_pool+0xb4>)
10001256:	2103      	movs	r1, #3
10001258:	4828      	ldr	r0, [pc, #160]	@ (100012fc <runtime_init_default_alarm_pool+0xb4>)
1000125a:	f000 fa53 	bl	10001704 <timer_hardware_alarm_claim>
1000125e:	60e6      	str	r6, [r4, #12]
10001260:	f7ff fb20 	bl	100008a4 <next_striped_spin_lock_num>
10001264:	4b26      	ldr	r3, [pc, #152]	@ (10001300 <runtime_init_default_alarm_pool+0xb8>)
10001266:	2203      	movs	r2, #3
10001268:	18c0      	adds	r0, r0, r3
1000126a:	23d0      	movs	r3, #208	@ 0xd0
1000126c:	7022      	strb	r2, [r4, #0]
1000126e:	061b      	lsls	r3, r3, #24
10001270:	681b      	ldr	r3, [r3, #0]
10001272:	2101      	movs	r1, #1
10001274:	7063      	strb	r3, [r4, #1]
10001276:	4b23      	ldr	r3, [pc, #140]	@ (10001304 <runtime_init_default_alarm_pool+0xbc>)
10001278:	0080      	lsls	r0, r0, #2
1000127a:	60a3      	str	r3, [r4, #8]
1000127c:	230f      	movs	r3, #15
1000127e:	6120      	str	r0, [r4, #16]
10001280:	2002      	movs	r0, #2
10001282:	8063      	strh	r3, [r4, #2]
10001284:	6963      	ldr	r3, [r4, #20]
10001286:	4249      	negs	r1, r1
10001288:	80a1      	strh	r1, [r4, #4]
1000128a:	8019      	strh	r1, [r3, #0]
1000128c:	3102      	adds	r1, #2
1000128e:	8619      	strh	r1, [r3, #48]	@ 0x30
10001290:	3147      	adds	r1, #71	@ 0x47
10001292:	831d      	strh	r5, [r3, #24]
10001294:	5258      	strh	r0, [r3, r1]
10001296:	3118      	adds	r1, #24
10001298:	525a      	strh	r2, [r3, r1]
1000129a:	3275      	adds	r2, #117	@ 0x75
1000129c:	395c      	subs	r1, #92	@ 0x5c
1000129e:	5299      	strh	r1, [r3, r2]
100012a0:	3218      	adds	r2, #24
100012a2:	3101      	adds	r1, #1
100012a4:	5299      	strh	r1, [r3, r2]
100012a6:	3218      	adds	r2, #24
100012a8:	3101      	adds	r1, #1
100012aa:	5299      	strh	r1, [r3, r2]
100012ac:	3218      	adds	r2, #24
100012ae:	3101      	adds	r1, #1
100012b0:	5299      	strh	r1, [r3, r2]
100012b2:	3508      	adds	r5, #8
100012b4:	3218      	adds	r2, #24
100012b6:	529d      	strh	r5, [r3, r2]
100012b8:	3102      	adds	r1, #2
100012ba:	3218      	adds	r2, #24
100012bc:	5299      	strh	r1, [r3, r2]
100012be:	3218      	adds	r2, #24
100012c0:	3101      	adds	r1, #1
100012c2:	5299      	strh	r1, [r3, r2]
100012c4:	3218      	adds	r2, #24
100012c6:	3101      	adds	r1, #1
100012c8:	5299      	strh	r1, [r3, r2]
100012ca:	3218      	adds	r2, #24
100012cc:	3101      	adds	r1, #1
100012ce:	5299      	strh	r1, [r3, r2]
100012d0:	3218      	adds	r2, #24
100012d2:	3101      	adds	r1, #1
100012d4:	5299      	strh	r1, [r3, r2]
100012d6:	3218      	adds	r2, #24
100012d8:	3101      	adds	r1, #1
100012da:	5299      	strh	r1, [r3, r2]
100012dc:	4b0a      	ldr	r3, [pc, #40]	@ (10001308 <runtime_init_default_alarm_pool+0xc0>)
100012de:	490b      	ldr	r1, [pc, #44]	@ (1000130c <runtime_init_default_alarm_pool+0xc4>)
100012e0:	60dc      	str	r4, [r3, #12]
100012e2:	3001      	adds	r0, #1
100012e4:	6235      	str	r5, [r6, #32]
100012e6:	f7ff fb63 	bl	100009b0 <irq_set_exclusive_handler>
100012ea:	2101      	movs	r1, #1
100012ec:	2003      	movs	r0, #3
100012ee:	f7ff fb27 	bl	10000940 <irq_set_enabled>
100012f2:	4b07      	ldr	r3, [pc, #28]	@ (10001310 <runtime_init_default_alarm_pool+0xc8>)
100012f4:	601d      	str	r5, [r3, #0]
100012f6:	e7ac      	b.n	10001252 <runtime_init_default_alarm_pool+0xa>
100012f8:	20000ff4 	.word	0x20000ff4
100012fc:	40054000 	.word	0x40054000
10001300:	34000040 	.word	0x34000040
10001304:	0010ffff 	.word	0x0010ffff
10001308:	20001e7c 	.word	0x20001e7c
1000130c:	10000f21 	.word	0x10000f21
10001310:	40056038 	.word	0x40056038

10001314 <alarm_pool_get_default>:
10001314:	4800      	ldr	r0, [pc, #0]	@ (10001318 <alarm_pool_get_default+0x4>)
10001316:	4770      	bx	lr
10001318:	20000ff4 	.word	0x20000ff4

1000131c <alarm_pool_add_alarm_at>:
1000131c:	b5f8      	push	{r3, r4, r5, r6, r7, lr}
1000131e:	001f      	movs	r7, r3
10001320:	ab08      	add	r3, sp, #32
10001322:	781b      	ldrb	r3, [r3, #0]
10001324:	0004      	movs	r4, r0
10001326:	0016      	movs	r6, r2
10001328:	2b00      	cmp	r3, #0
1000132a:	d107      	bne.n	1000133c <alarm_pool_add_alarm_at+0x20>
1000132c:	f000 f9fc 	bl	10001728 <time_us_64>
10001330:	0032      	movs	r2, r6
10001332:	003b      	movs	r3, r7
10001334:	1a12      	subs	r2, r2, r0
10001336:	418b      	sbcs	r3, r1
10001338:	2b00      	cmp	r3, #0
1000133a:	db51      	blt.n	100013e0 <alarm_pool_add_alarm_at+0xc4>
1000133c:	6922      	ldr	r2, [r4, #16]
1000133e:	f3ef 8c10 	mrs	ip, PRIMASK
10001342:	b672      	cpsid	i
10001344:	6813      	ldr	r3, [r2, #0]
10001346:	2b00      	cmp	r3, #0
10001348:	d0fc      	beq.n	10001344 <alarm_pool_add_alarm_at+0x28>
1000134a:	f3bf 8f5f 	dmb	sy
1000134e:	2302      	movs	r3, #2
10001350:	5ee1      	ldrsh	r1, [r4, r3]
10001352:	6925      	ldr	r5, [r4, #16]
10001354:	2900      	cmp	r1, #0
10001356:	db3a      	blt.n	100013ce <alarm_pool_add_alarm_at+0xb2>
10001358:	004b      	lsls	r3, r1, #1
1000135a:	6960      	ldr	r0, [r4, #20]
1000135c:	185b      	adds	r3, r3, r1
1000135e:	00db      	lsls	r3, r3, #3
10001360:	18c2      	adds	r2, r0, r3
10001362:	5ac3      	ldrh	r3, [r0, r3]
10001364:	8063      	strh	r3, [r4, #2]
10001366:	f3bf 8f5f 	dmb	sy
1000136a:	2300      	movs	r3, #0
1000136c:	602b      	str	r3, [r5, #0]
1000136e:	f38c 8810 	msr	PRIMASK, ip
10001372:	9b06      	ldr	r3, [sp, #24]
10001374:	6096      	str	r6, [r2, #8]
10001376:	60d7      	str	r7, [r2, #12]
10001378:	6113      	str	r3, [r2, #16]
1000137a:	9b07      	ldr	r3, [sp, #28]
1000137c:	6153      	str	r3, [r2, #20]
1000137e:	8853      	ldrh	r3, [r2, #2]
10001380:	3301      	adds	r3, #1
10001382:	045b      	lsls	r3, r3, #17
10001384:	0c5b      	lsrs	r3, r3, #17
10001386:	1c18      	adds	r0, r3, #0
10001388:	2b00      	cmp	r3, #0
1000138a:	d01e      	beq.n	100013ca <alarm_pool_add_alarm_at+0xae>
1000138c:	b283      	uxth	r3, r0
1000138e:	8050      	strh	r0, [r2, #2]
10001390:	0408      	lsls	r0, r1, #16
10001392:	4318      	orrs	r0, r3
10001394:	6925      	ldr	r5, [r4, #16]
10001396:	f3ef 8610 	mrs	r6, PRIMASK
1000139a:	b672      	cpsid	i
1000139c:	682b      	ldr	r3, [r5, #0]
1000139e:	2b00      	cmp	r3, #0
100013a0:	d0fc      	beq.n	1000139c <alarm_pool_add_alarm_at+0x80>
100013a2:	f3bf 8f5f 	dmb	sy
100013a6:	88a3      	ldrh	r3, [r4, #4]
100013a8:	8013      	strh	r3, [r2, #0]
100013aa:	80a1      	strh	r1, [r4, #4]
100013ac:	6923      	ldr	r3, [r4, #16]
100013ae:	f3bf 8f5f 	dmb	sy
100013b2:	2200      	movs	r2, #0
100013b4:	601a      	str	r2, [r3, #0]
100013b6:	f386 8810 	msr	PRIMASK, r6
100013ba:	7823      	ldrb	r3, [r4, #0]
100013bc:	3201      	adds	r2, #1
100013be:	409a      	lsls	r2, r3
100013c0:	4908      	ldr	r1, [pc, #32]	@ (100013e4 <alarm_pool_add_alarm_at+0xc8>)
100013c2:	68e3      	ldr	r3, [r4, #12]
100013c4:	185b      	adds	r3, r3, r1
100013c6:	601a      	str	r2, [r3, #0]
100013c8:	bdf8      	pop	{r3, r4, r5, r6, r7, pc}
100013ca:	2001      	movs	r0, #1
100013cc:	e7de      	b.n	1000138c <alarm_pool_add_alarm_at+0x70>
100013ce:	f3bf 8f5f 	dmb	sy
100013d2:	2300      	movs	r3, #0
100013d4:	602b      	str	r3, [r5, #0]
100013d6:	f38c 8810 	msr	PRIMASK, ip
100013da:	2001      	movs	r0, #1
100013dc:	4240      	negs	r0, r0
100013de:	e7f3      	b.n	100013c8 <alarm_pool_add_alarm_at+0xac>
100013e0:	2000      	movs	r0, #0
100013e2:	e7f1      	b.n	100013c8 <alarm_pool_add_alarm_at+0xac>
100013e4:	0000203c 	.word	0x0000203c

100013e8 <alarm_pool_add_alarm_at_force_in_context>:
100013e8:	b570      	push	{r4, r5, r6, lr}
100013ea:	b082      	sub	sp, #8
100013ec:	9200      	str	r2, [sp, #0]
100013ee:	9301      	str	r3, [sp, #4]
100013f0:	0001      	movs	r1, r0
100013f2:	6902      	ldr	r2, [r0, #16]
100013f4:	f3ef 8410 	mrs	r4, PRIMASK
100013f8:	b672      	cpsid	i
100013fa:	6813      	ldr	r3, [r2, #0]
100013fc:	2b00      	cmp	r3, #0
100013fe:	d0fc      	beq.n	100013fa <alarm_pool_add_alarm_at_force_in_context+0x12>
10001400:	f3bf 8f5f 	dmb	sy
10001404:	2302      	movs	r3, #2
10001406:	5ec8      	ldrsh	r0, [r1, r3]
10001408:	690d      	ldr	r5, [r1, #16]
1000140a:	2800      	cmp	r0, #0
1000140c:	db3f      	blt.n	1000148e <alarm_pool_add_alarm_at_force_in_context+0xa6>
1000140e:	694a      	ldr	r2, [r1, #20]
10001410:	0043      	lsls	r3, r0, #1
10001412:	0016      	movs	r6, r2
10001414:	181b      	adds	r3, r3, r0
10001416:	00db      	lsls	r3, r3, #3
10001418:	18d2      	adds	r2, r2, r3
1000141a:	5af3      	ldrh	r3, [r6, r3]
1000141c:	804b      	strh	r3, [r1, #2]
1000141e:	f3bf 8f5f 	dmb	sy
10001422:	2300      	movs	r3, #0
10001424:	602b      	str	r3, [r5, #0]
10001426:	f384 8810 	msr	PRIMASK, r4
1000142a:	9b06      	ldr	r3, [sp, #24]
1000142c:	6113      	str	r3, [r2, #16]
1000142e:	9b07      	ldr	r3, [sp, #28]
10001430:	6153      	str	r3, [r2, #20]
10001432:	9b00      	ldr	r3, [sp, #0]
10001434:	9c01      	ldr	r4, [sp, #4]
10001436:	6093      	str	r3, [r2, #8]
10001438:	60d4      	str	r4, [r2, #12]
1000143a:	8853      	ldrh	r3, [r2, #2]
1000143c:	3301      	adds	r3, #1
1000143e:	045b      	lsls	r3, r3, #17
10001440:	0c5b      	lsrs	r3, r3, #17
10001442:	1c1d      	adds	r5, r3, #0
10001444:	2b00      	cmp	r3, #0
10001446:	d020      	beq.n	1000148a <alarm_pool_add_alarm_at_force_in_context+0xa2>
10001448:	b2ac      	uxth	r4, r5
1000144a:	0403      	lsls	r3, r0, #16
1000144c:	8055      	strh	r5, [r2, #2]
1000144e:	4323      	orrs	r3, r4
10001450:	690d      	ldr	r5, [r1, #16]
10001452:	f3ef 8c10 	mrs	ip, PRIMASK
10001456:	b672      	cpsid	i
10001458:	682c      	ldr	r4, [r5, #0]
1000145a:	2c00      	cmp	r4, #0
1000145c:	d0fc      	beq.n	10001458 <alarm_pool_add_alarm_at_force_in_context+0x70>
1000145e:	f3bf 8f5f 	dmb	sy
10001462:	888c      	ldrh	r4, [r1, #4]
10001464:	8014      	strh	r4, [r2, #0]
10001466:	8088      	strh	r0, [r1, #4]
10001468:	690a      	ldr	r2, [r1, #16]
1000146a:	f3bf 8f5f 	dmb	sy
1000146e:	2000      	movs	r0, #0
10001470:	6010      	str	r0, [r2, #0]
10001472:	f38c 8810 	msr	PRIMASK, ip
10001476:	780a      	ldrb	r2, [r1, #0]
10001478:	3001      	adds	r0, #1
1000147a:	4090      	lsls	r0, r2
1000147c:	68ca      	ldr	r2, [r1, #12]
1000147e:	4908      	ldr	r1, [pc, #32]	@ (100014a0 <alarm_pool_add_alarm_at_force_in_context+0xb8>)
10001480:	1852      	adds	r2, r2, r1
10001482:	6010      	str	r0, [r2, #0]
10001484:	0018      	movs	r0, r3
10001486:	b002      	add	sp, #8
10001488:	bd70      	pop	{r4, r5, r6, pc}
1000148a:	2501      	movs	r5, #1
1000148c:	e7dc      	b.n	10001448 <alarm_pool_add_alarm_at_force_in_context+0x60>
1000148e:	f3bf 8f5f 	dmb	sy
10001492:	2300      	movs	r3, #0
10001494:	602b      	str	r3, [r5, #0]
10001496:	f384 8810 	msr	PRIMASK, r4
1000149a:	3b01      	subs	r3, #1
1000149c:	e7f2      	b.n	10001484 <alarm_pool_add_alarm_at_force_in_context+0x9c>
1000149e:	46c0      	nop			@ (mov r8, r8)
100014a0:	0000203c 	.word	0x0000203c

100014a4 <alarm_pool_cancel_alarm>:
100014a4:	b510      	push	{r4, lr}
100014a6:	8943      	ldrh	r3, [r0, #10]
100014a8:	140a      	asrs	r2, r1, #16
100014aa:	4293      	cmp	r3, r2
100014ac:	dd1a      	ble.n	100014e4 <alarm_pool_cancel_alarm+0x40>
100014ae:	0053      	lsls	r3, r2, #1
100014b0:	189b      	adds	r3, r3, r2
100014b2:	6942      	ldr	r2, [r0, #20]
100014b4:	00db      	lsls	r3, r3, #3
100014b6:	18d3      	adds	r3, r2, r3
100014b8:	6904      	ldr	r4, [r0, #16]
100014ba:	f3ef 8c10 	mrs	ip, PRIMASK
100014be:	b672      	cpsid	i
100014c0:	6822      	ldr	r2, [r4, #0]
100014c2:	2a00      	cmp	r2, #0
100014c4:	d0fc      	beq.n	100014c0 <alarm_pool_cancel_alarm+0x1c>
100014c6:	f3bf 8f5f 	dmb	sy
100014ca:	885a      	ldrh	r2, [r3, #2]
100014cc:	0409      	lsls	r1, r1, #16
100014ce:	b294      	uxth	r4, r2
100014d0:	0c09      	lsrs	r1, r1, #16
100014d2:	428a      	cmp	r2, r1
100014d4:	d008      	beq.n	100014e8 <alarm_pool_cancel_alarm+0x44>
100014d6:	6903      	ldr	r3, [r0, #16]
100014d8:	f3bf 8f5f 	dmb	sy
100014dc:	2200      	movs	r2, #0
100014de:	601a      	str	r2, [r3, #0]
100014e0:	f38c 8810 	msr	PRIMASK, ip
100014e4:	2000      	movs	r0, #0
100014e6:	bd10      	pop	{r4, pc}
100014e8:	4a09      	ldr	r2, [pc, #36]	@ (10001510 <alarm_pool_cancel_alarm+0x6c>)
100014ea:	4322      	orrs	r2, r4
100014ec:	805a      	strh	r2, [r3, #2]
100014ee:	2301      	movs	r3, #1
100014f0:	6902      	ldr	r2, [r0, #16]
100014f2:	7183      	strb	r3, [r0, #6]
100014f4:	f3bf 8f5f 	dmb	sy
100014f8:	2100      	movs	r1, #0
100014fa:	6011      	str	r1, [r2, #0]
100014fc:	f38c 8810 	msr	PRIMASK, ip
10001500:	7802      	ldrb	r2, [r0, #0]
10001502:	4904      	ldr	r1, [pc, #16]	@ (10001514 <alarm_pool_cancel_alarm+0x70>)
10001504:	4093      	lsls	r3, r2
10001506:	68c2      	ldr	r2, [r0, #12]
10001508:	2001      	movs	r0, #1
1000150a:	1852      	adds	r2, r2, r1
1000150c:	6013      	str	r3, [r2, #0]
1000150e:	e7ea      	b.n	100014e6 <alarm_pool_cancel_alarm+0x42>
10001510:	ffff8000 	.word	0xffff8000
10001514:	0000203c 	.word	0x0000203c

10001518 <alarm_pool_core_num>:
10001518:	7840      	ldrb	r0, [r0, #1]
1000151a:	4770      	bx	lr

1000151c <sleep_ms>:
1000151c:	b5f0      	push	{r4, r5, r6, r7, lr}
1000151e:	b083      	sub	sp, #12
10001520:	0004      	movs	r4, r0
10001522:	f000 f901 	bl	10001728 <time_us_64>
10001526:	22fa      	movs	r2, #250	@ 0xfa
10001528:	0006      	movs	r6, r0
1000152a:	000f      	movs	r7, r1
1000152c:	0020      	movs	r0, r4
1000152e:	2300      	movs	r3, #0
10001530:	2100      	movs	r1, #0
10001532:	0092      	lsls	r2, r2, #2
10001534:	f001 fb40 	bl	10002bb8 <__wrap___aeabi_lmul>
10001538:	1980      	adds	r0, r0, r6
1000153a:	4179      	adcs	r1, r7
1000153c:	0004      	movs	r4, r0
1000153e:	1e0d      	subs	r5, r1, #0
10001540:	da02      	bge.n	10001548 <sleep_ms+0x2c>
10001542:	2401      	movs	r4, #1
10001544:	4d23      	ldr	r5, [pc, #140]	@ (100015d4 <sleep_ms+0xb8>)
10001546:	4264      	negs	r4, r4
10001548:	2606      	movs	r6, #6
1000154a:	4276      	negs	r6, r6
1000154c:	17f7      	asrs	r7, r6, #31
1000154e:	1936      	adds	r6, r6, r4
10001550:	416f      	adcs	r7, r5
10001552:	42af      	cmp	r7, r5
10001554:	d812      	bhi.n	1000157c <sleep_ms+0x60>
10001556:	d00f      	beq.n	10001578 <sleep_ms+0x5c>
10001558:	f000 f8e6 	bl	10001728 <time_us_64>
1000155c:	0032      	movs	r2, r6
1000155e:	003b      	movs	r3, r7
10001560:	1a12      	subs	r2, r2, r0
10001562:	418b      	sbcs	r3, r1
10001564:	2b00      	cmp	r3, #0
10001566:	dc13      	bgt.n	10001590 <sleep_ms+0x74>
10001568:	2b00      	cmp	r3, #0
1000156a:	d030      	beq.n	100015ce <sleep_ms+0xb2>
1000156c:	0020      	movs	r0, r4
1000156e:	0029      	movs	r1, r5
10001570:	f000 f91a 	bl	100017a8 <busy_wait_until>
10001574:	b003      	add	sp, #12
10001576:	bdf0      	pop	{r4, r5, r6, r7, pc}
10001578:	42a6      	cmp	r6, r4
1000157a:	d9ed      	bls.n	10001558 <sleep_ms+0x3c>
1000157c:	2600      	movs	r6, #0
1000157e:	2700      	movs	r7, #0
10001580:	f000 f8d2 	bl	10001728 <time_us_64>
10001584:	0032      	movs	r2, r6
10001586:	003b      	movs	r3, r7
10001588:	1a12      	subs	r2, r2, r0
1000158a:	418b      	sbcs	r3, r1
1000158c:	2b00      	cmp	r3, #0
1000158e:	ddeb      	ble.n	10001568 <sleep_ms+0x4c>
10001590:	f000 f8ca 	bl	10001728 <time_us_64>
10001594:	0032      	movs	r2, r6
10001596:	003b      	movs	r3, r7
10001598:	1a12      	subs	r2, r2, r0
1000159a:	418b      	sbcs	r3, r1
1000159c:	2b00      	cmp	r3, #0
1000159e:	db0a      	blt.n	100015b6 <sleep_ms+0x9a>
100015a0:	2300      	movs	r3, #0
100015a2:	9301      	str	r3, [sp, #4]
100015a4:	4b0c      	ldr	r3, [pc, #48]	@ (100015d8 <sleep_ms+0xbc>)
100015a6:	0032      	movs	r2, r6
100015a8:	9300      	str	r3, [sp, #0]
100015aa:	480c      	ldr	r0, [pc, #48]	@ (100015dc <sleep_ms+0xc0>)
100015ac:	003b      	movs	r3, r7
100015ae:	f7ff ff1b 	bl	100013e8 <alarm_pool_add_alarm_at_force_in_context>
100015b2:	3001      	adds	r0, #1
100015b4:	d0da      	beq.n	1000156c <sleep_ms+0x50>
100015b6:	0039      	movs	r1, r7
100015b8:	4a09      	ldr	r2, [pc, #36]	@ (100015e0 <sleep_ms+0xc4>)
100015ba:	6a53      	ldr	r3, [r2, #36]	@ 0x24
100015bc:	4299      	cmp	r1, r3
100015be:	d804      	bhi.n	100015ca <sleep_ms+0xae>
100015c0:	6a90      	ldr	r0, [r2, #40]	@ 0x28
100015c2:	42b0      	cmp	r0, r6
100015c4:	d2d2      	bcs.n	1000156c <sleep_ms+0x50>
100015c6:	4299      	cmp	r1, r3
100015c8:	d1d0      	bne.n	1000156c <sleep_ms+0x50>
100015ca:	bf20      	wfe
100015cc:	e7f5      	b.n	100015ba <sleep_ms+0x9e>
100015ce:	2a00      	cmp	r2, #0
100015d0:	d0cc      	beq.n	1000156c <sleep_ms+0x50>
100015d2:	e7dd      	b.n	10001590 <sleep_ms+0x74>
100015d4:	7fffffff 	.word	0x7fffffff
100015d8:	10000f19 	.word	0x10000f19
100015dc:	20000ff4 	.word	0x20000ff4
100015e0:	40054000 	.word	0x40054000

100015e4 <best_effort_wfe_or_timeout>:
100015e4:	b5f0      	push	{r4, r5, r6, r7, lr}
100015e6:	46ce      	mov	lr, r9
100015e8:	4647      	mov	r7, r8
100015ea:	b580      	push	{r7, lr}
100015ec:	0004      	movs	r4, r0
100015ee:	000d      	movs	r5, r1
100015f0:	b085      	sub	sp, #20
100015f2:	f3ef 8605 	mrs	r6, IPSR
100015f6:	4689      	mov	r9, r1
100015f8:	2e00      	cmp	r6, #0
100015fa:	d010      	beq.n	1000161e <best_effort_wfe_or_timeout+0x3a>
100015fc:	493e      	ldr	r1, [pc, #248]	@ (100016f8 <best_effort_wfe_or_timeout+0x114>)
100015fe:	2000      	movs	r0, #0
10001600:	6a4b      	ldr	r3, [r1, #36]	@ 0x24
10001602:	42ab      	cmp	r3, r5
10001604:	d306      	bcc.n	10001614 <best_effort_wfe_or_timeout+0x30>
10001606:	6a8a      	ldr	r2, [r1, #40]	@ 0x28
10001608:	1b5b      	subs	r3, r3, r5
1000160a:	1e59      	subs	r1, r3, #1
1000160c:	418b      	sbcs	r3, r1
1000160e:	42a2      	cmp	r2, r4
10001610:	4140      	adcs	r0, r0
10001612:	4318      	orrs	r0, r3
10001614:	b005      	add	sp, #20
10001616:	bcc0      	pop	{r6, r7}
10001618:	46b9      	mov	r9, r7
1000161a:	46b0      	mov	r8, r6
1000161c:	bdf0      	pop	{r4, r5, r6, r7, pc}
1000161e:	4f37      	ldr	r7, [pc, #220]	@ (100016fc <best_effort_wfe_or_timeout+0x118>)
10001620:	68fb      	ldr	r3, [r7, #12]
10001622:	783a      	ldrb	r2, [r7, #0]
10001624:	4698      	mov	r8, r3
10001626:	0018      	movs	r0, r3
10001628:	9203      	str	r2, [sp, #12]
1000162a:	f000 f875 	bl	10001718 <timer_time_us_64>
1000162e:	9a03      	ldr	r2, [sp, #12]
10001630:	1d13      	adds	r3, r2, #4
10001632:	4642      	mov	r2, r8
10001634:	009b      	lsls	r3, r3, #2
10001636:	589b      	ldr	r3, [r3, r2]
10001638:	0022      	movs	r2, r4
1000163a:	1a1b      	subs	r3, r3, r0
1000163c:	469c      	mov	ip, r3
1000163e:	002b      	movs	r3, r5
10001640:	1a12      	subs	r2, r2, r0
10001642:	418b      	sbcs	r3, r1
10001644:	429e      	cmp	r6, r3
10001646:	dc1a      	bgt.n	1000167e <best_effort_wfe_or_timeout+0x9a>
10001648:	d017      	beq.n	1000167a <best_effort_wfe_or_timeout+0x96>
1000164a:	4b2b      	ldr	r3, [pc, #172]	@ (100016f8 <best_effort_wfe_or_timeout+0x114>)
1000164c:	6a5a      	ldr	r2, [r3, #36]	@ 0x24
1000164e:	454a      	cmp	r2, r9
10001650:	d305      	bcc.n	1000165e <best_effort_wfe_or_timeout+0x7a>
10001652:	6a9b      	ldr	r3, [r3, #40]	@ 0x28
10001654:	2001      	movs	r0, #1
10001656:	42a3      	cmp	r3, r4
10001658:	d2dc      	bcs.n	10001614 <best_effort_wfe_or_timeout+0x30>
1000165a:	454a      	cmp	r2, r9
1000165c:	d1da      	bne.n	10001614 <best_effort_wfe_or_timeout+0x30>
1000165e:	bf20      	wfe
10001660:	4b25      	ldr	r3, [pc, #148]	@ (100016f8 <best_effort_wfe_or_timeout+0x114>)
10001662:	6a58      	ldr	r0, [r3, #36]	@ 0x24
10001664:	4548      	cmp	r0, r9
10001666:	d33c      	bcc.n	100016e2 <best_effort_wfe_or_timeout+0xfe>
10001668:	1b40      	subs	r0, r0, r5
1000166a:	6a9a      	ldr	r2, [r3, #40]	@ 0x28
1000166c:	1e43      	subs	r3, r0, #1
1000166e:	4198      	sbcs	r0, r3
10001670:	2300      	movs	r3, #0
10001672:	42a2      	cmp	r2, r4
10001674:	415b      	adcs	r3, r3
10001676:	4318      	orrs	r0, r3
10001678:	e7cc      	b.n	10001614 <best_effort_wfe_or_timeout+0x30>
1000167a:	4594      	cmp	ip, r2
1000167c:	d9e5      	bls.n	1000164a <best_effort_wfe_or_timeout+0x66>
1000167e:	f000 f853 	bl	10001728 <time_us_64>
10001682:	0022      	movs	r2, r4
10001684:	002b      	movs	r3, r5
10001686:	1a12      	subs	r2, r2, r0
10001688:	418b      	sbcs	r3, r1
1000168a:	2b00      	cmp	r3, #0
1000168c:	db25      	blt.n	100016da <best_effort_wfe_or_timeout+0xf6>
1000168e:	2300      	movs	r3, #0
10001690:	9301      	str	r3, [sp, #4]
10001692:	4b1b      	ldr	r3, [pc, #108]	@ (10001700 <best_effort_wfe_or_timeout+0x11c>)
10001694:	0022      	movs	r2, r4
10001696:	9300      	str	r3, [sp, #0]
10001698:	0038      	movs	r0, r7
1000169a:	002b      	movs	r3, r5
1000169c:	f7ff fea4 	bl	100013e8 <alarm_pool_add_alarm_at_force_in_context>
100016a0:	2800      	cmp	r0, #0
100016a2:	dd1a      	ble.n	100016da <best_effort_wfe_or_timeout+0xf6>
100016a4:	4b14      	ldr	r3, [pc, #80]	@ (100016f8 <best_effort_wfe_or_timeout+0x114>)
100016a6:	6a5a      	ldr	r2, [r3, #36]	@ 0x24
100016a8:	454a      	cmp	r2, r9
100016aa:	d304      	bcc.n	100016b6 <best_effort_wfe_or_timeout+0xd2>
100016ac:	6a9b      	ldr	r3, [r3, #40]	@ 0x28
100016ae:	42a3      	cmp	r3, r4
100016b0:	d202      	bcs.n	100016b8 <best_effort_wfe_or_timeout+0xd4>
100016b2:	454a      	cmp	r2, r9
100016b4:	d100      	bne.n	100016b8 <best_effort_wfe_or_timeout+0xd4>
100016b6:	bf20      	wfe
100016b8:	0001      	movs	r1, r0
100016ba:	0038      	movs	r0, r7
100016bc:	f7ff fef2 	bl	100014a4 <alarm_pool_cancel_alarm>
100016c0:	4a0d      	ldr	r2, [pc, #52]	@ (100016f8 <best_effort_wfe_or_timeout+0x114>)
100016c2:	2000      	movs	r0, #0
100016c4:	6a53      	ldr	r3, [r2, #36]	@ 0x24
100016c6:	454b      	cmp	r3, r9
100016c8:	d3a4      	bcc.n	10001614 <best_effort_wfe_or_timeout+0x30>
100016ca:	6a92      	ldr	r2, [r2, #40]	@ 0x28
100016cc:	1b5b      	subs	r3, r3, r5
100016ce:	1e59      	subs	r1, r3, #1
100016d0:	418b      	sbcs	r3, r1
100016d2:	42a2      	cmp	r2, r4
100016d4:	4140      	adcs	r0, r0
100016d6:	4318      	orrs	r0, r3
100016d8:	e79c      	b.n	10001614 <best_effort_wfe_or_timeout+0x30>
100016da:	4a07      	ldr	r2, [pc, #28]	@ (100016f8 <best_effort_wfe_or_timeout+0x114>)
100016dc:	6a53      	ldr	r3, [r2, #36]	@ 0x24
100016de:	454b      	cmp	r3, r9
100016e0:	d201      	bcs.n	100016e6 <best_effort_wfe_or_timeout+0x102>
100016e2:	2000      	movs	r0, #0
100016e4:	e796      	b.n	10001614 <best_effort_wfe_or_timeout+0x30>
100016e6:	2000      	movs	r0, #0
100016e8:	6a92      	ldr	r2, [r2, #40]	@ 0x28
100016ea:	1b5b      	subs	r3, r3, r5
100016ec:	42a2      	cmp	r2, r4
100016ee:	4140      	adcs	r0, r0
100016f0:	1e5a      	subs	r2, r3, #1
100016f2:	4193      	sbcs	r3, r2
100016f4:	4318      	orrs	r0, r3
100016f6:	e78d      	b.n	10001614 <best_effort_wfe_or_timeout+0x30>
100016f8:	40054000 	.word	0x40054000
100016fc:	20000ff4 	.word	0x20000ff4
10001700:	10000f19 	.word	0x10000f19

10001704 <timer_hardware_alarm_claim>:
10001704:	b510      	push	{r4, lr}
10001706:	4a02      	ldr	r2, [pc, #8]	@ (10001710 <timer_hardware_alarm_claim+0xc>)
10001708:	4802      	ldr	r0, [pc, #8]	@ (10001714 <timer_hardware_alarm_claim+0x10>)
1000170a:	f7ff f85f 	bl	100007cc <hw_claim_or_assert>
1000170e:	bd10      	pop	{r4, pc}
10001710:	100078b8 	.word	0x100078b8
10001714:	20001a04 	.word	0x20001a04

10001718 <timer_time_us_64>:
10001718:	0003      	movs	r3, r0
1000171a:	6a41      	ldr	r1, [r0, #36]	@ 0x24
1000171c:	000a      	movs	r2, r1
1000171e:	6a98      	ldr	r0, [r3, #40]	@ 0x28
10001720:	6a59      	ldr	r1, [r3, #36]	@ 0x24
10001722:	428a      	cmp	r2, r1
10001724:	d1fa      	bne.n	1000171c <timer_time_us_64+0x4>
10001726:	4770      	bx	lr

10001728 <time_us_64>:
10001728:	4b03      	ldr	r3, [pc, #12]	@ (10001738 <time_us_64+0x10>)
1000172a:	6a59      	ldr	r1, [r3, #36]	@ 0x24
1000172c:	000a      	movs	r2, r1
1000172e:	6a98      	ldr	r0, [r3, #40]	@ 0x28
10001730:	6a59      	ldr	r1, [r3, #36]	@ 0x24
10001732:	4291      	cmp	r1, r2
10001734:	d1fa      	bne.n	1000172c <time_us_64+0x4>
10001736:	4770      	bx	lr
10001738:	40054000 	.word	0x40054000

1000173c <busy_wait_us>:
1000173c:	b570      	push	{r4, r5, r6, lr}
1000173e:	0005      	movs	r5, r0
10001740:	000e      	movs	r6, r1
10001742:	4a18      	ldr	r2, [pc, #96]	@ (100017a4 <busy_wait_us+0x68>)
10001744:	6a53      	ldr	r3, [r2, #36]	@ 0x24
10001746:	0019      	movs	r1, r3
10001748:	6a94      	ldr	r4, [r2, #40]	@ 0x28
1000174a:	6a53      	ldr	r3, [r2, #36]	@ 0x24
1000174c:	428b      	cmp	r3, r1
1000174e:	d1fa      	bne.n	10001746 <busy_wait_us+0xa>
10001750:	0020      	movs	r0, r4
10001752:	0019      	movs	r1, r3
10001754:	002c      	movs	r4, r5
10001756:	0035      	movs	r5, r6
10001758:	1824      	adds	r4, r4, r0
1000175a:	414d      	adcs	r5, r1
1000175c:	42ab      	cmp	r3, r5
1000175e:	d816      	bhi.n	1000178e <busy_wait_us+0x52>
10001760:	d013      	beq.n	1000178a <busy_wait_us+0x4e>
10001762:	4b10      	ldr	r3, [pc, #64]	@ (100017a4 <busy_wait_us+0x68>)
10001764:	002a      	movs	r2, r5
10001766:	6a5b      	ldr	r3, [r3, #36]	@ 0x24
10001768:	429d      	cmp	r5, r3
1000176a:	d903      	bls.n	10001774 <busy_wait_us+0x38>
1000176c:	490d      	ldr	r1, [pc, #52]	@ (100017a4 <busy_wait_us+0x68>)
1000176e:	6a4b      	ldr	r3, [r1, #36]	@ 0x24
10001770:	4293      	cmp	r3, r2
10001772:	d3fc      	bcc.n	1000176e <busy_wait_us+0x32>
10001774:	4293      	cmp	r3, r2
10001776:	d107      	bne.n	10001788 <busy_wait_us+0x4c>
10001778:	4a0a      	ldr	r2, [pc, #40]	@ (100017a4 <busy_wait_us+0x68>)
1000177a:	e002      	b.n	10001782 <busy_wait_us+0x46>
1000177c:	6a51      	ldr	r1, [r2, #36]	@ 0x24
1000177e:	4299      	cmp	r1, r3
10001780:	d102      	bne.n	10001788 <busy_wait_us+0x4c>
10001782:	6a91      	ldr	r1, [r2, #40]	@ 0x28
10001784:	42a1      	cmp	r1, r4
10001786:	d3f9      	bcc.n	1000177c <busy_wait_us+0x40>
10001788:	bd70      	pop	{r4, r5, r6, pc}
1000178a:	42a0      	cmp	r0, r4
1000178c:	d9e9      	bls.n	10001762 <busy_wait_us+0x26>
1000178e:	4b05      	ldr	r3, [pc, #20]	@ (100017a4 <busy_wait_us+0x68>)
10001790:	6a5b      	ldr	r3, [r3, #36]	@ 0x24
10001792:	001c      	movs	r4, r3
10001794:	1c5a      	adds	r2, r3, #1
10001796:	d0ef      	beq.n	10001778 <busy_wait_us+0x3c>
10001798:	2201      	movs	r2, #1
1000179a:	2401      	movs	r4, #1
1000179c:	4264      	negs	r4, r4
1000179e:	17e5      	asrs	r5, r4, #31
100017a0:	4252      	negs	r2, r2
100017a2:	e7e3      	b.n	1000176c <busy_wait_us+0x30>
100017a4:	40054000 	.word	0x40054000

100017a8 <busy_wait_until>:
100017a8:	4a06      	ldr	r2, [pc, #24]	@ (100017c4 <busy_wait_until+0x1c>)
100017aa:	6a53      	ldr	r3, [r2, #36]	@ 0x24
100017ac:	4299      	cmp	r1, r3
100017ae:	d8fc      	bhi.n	100017aa <busy_wait_until+0x2>
100017b0:	d107      	bne.n	100017c2 <busy_wait_until+0x1a>
100017b2:	4b04      	ldr	r3, [pc, #16]	@ (100017c4 <busy_wait_until+0x1c>)
100017b4:	e002      	b.n	100017bc <busy_wait_until+0x14>
100017b6:	6a5a      	ldr	r2, [r3, #36]	@ 0x24
100017b8:	4291      	cmp	r1, r2
100017ba:	d102      	bne.n	100017c2 <busy_wait_until+0x1a>
100017bc:	6a9a      	ldr	r2, [r3, #40]	@ 0x28
100017be:	4290      	cmp	r0, r2
100017c0:	d8f9      	bhi.n	100017b6 <busy_wait_until+0xe>
100017c2:	4770      	bx	lr
100017c4:	40054000 	.word	0x40054000

100017c8 <uart_init>:
100017c8:	b5f8      	push	{r3, r4, r5, r6, r7, lr}
100017ca:	0004      	movs	r4, r0
100017cc:	2006      	movs	r0, #6
100017ce:	000d      	movs	r5, r1
100017d0:	f000 f96e 	bl	10001ab0 <clock_get_hz>
100017d4:	2800      	cmp	r0, #0
100017d6:	d043      	beq.n	10001860 <uart_init+0x98>
100017d8:	4b36      	ldr	r3, [pc, #216]	@ (100018b4 <uart_init+0xec>)
100017da:	4937      	ldr	r1, [pc, #220]	@ (100018b8 <uart_init+0xf0>)
100017dc:	18e3      	adds	r3, r4, r3
100017de:	1e5a      	subs	r2, r3, #1
100017e0:	4193      	sbcs	r3, r2
100017e2:	2280      	movs	r2, #128	@ 0x80
100017e4:	425b      	negs	r3, r3
100017e6:	0d9b      	lsrs	r3, r3, #22
100017e8:	0412      	lsls	r2, r2, #16
100017ea:	059b      	lsls	r3, r3, #22
100017ec:	189b      	adds	r3, r3, r2
100017ee:	4a33      	ldr	r2, [pc, #204]	@ (100018bc <uart_init+0xf4>)
100017f0:	6013      	str	r3, [r2, #0]
100017f2:	4a33      	ldr	r2, [pc, #204]	@ (100018c0 <uart_init+0xf8>)
100017f4:	6013      	str	r3, [r2, #0]
100017f6:	0018      	movs	r0, r3
100017f8:	680a      	ldr	r2, [r1, #0]
100017fa:	4390      	bics	r0, r2
100017fc:	d1fb      	bne.n	100017f6 <uart_init+0x2e>
100017fe:	4b2d      	ldr	r3, [pc, #180]	@ (100018b4 <uart_init+0xec>)
10001800:	4a30      	ldr	r2, [pc, #192]	@ (100018c4 <uart_init+0xfc>)
10001802:	18e3      	adds	r3, r4, r3
10001804:	4259      	negs	r1, r3
10001806:	414b      	adcs	r3, r1
10001808:	2180      	movs	r1, #128	@ 0x80
1000180a:	005b      	lsls	r3, r3, #1
1000180c:	0049      	lsls	r1, r1, #1
1000180e:	2006      	movs	r0, #6
10001810:	5299      	strh	r1, [r3, r2]
10001812:	f000 f94d 	bl	10001ab0 <clock_get_hz>
10001816:	0029      	movs	r1, r5
10001818:	00c0      	lsls	r0, r0, #3
1000181a:	f000 fba9 	bl	10001f70 <__wrap___aeabi_uidiv>
1000181e:	3001      	adds	r0, #1
10001820:	09c3      	lsrs	r3, r0, #7
10001822:	d11e      	bne.n	10001862 <uart_init+0x9a>
10001824:	2740      	movs	r7, #64	@ 0x40
10001826:	2201      	movs	r2, #1
10001828:	6262      	str	r2, [r4, #36]	@ 0x24
1000182a:	62a3      	str	r3, [r4, #40]	@ 0x28
1000182c:	6b26      	ldr	r6, [r4, #48]	@ 0x30
1000182e:	07f3      	lsls	r3, r6, #31
10001830:	d422      	bmi.n	10001878 <uart_init+0xb0>
10001832:	6ae3      	ldr	r3, [r4, #44]	@ 0x2c
10001834:	4b24      	ldr	r3, [pc, #144]	@ (100018c8 <uart_init+0x100>)
10001836:	2006      	movs	r0, #6
10001838:	18e5      	adds	r5, r4, r3
1000183a:	2300      	movs	r3, #0
1000183c:	602b      	str	r3, [r5, #0]
1000183e:	6326      	str	r6, [r4, #48]	@ 0x30
10001840:	f000 f936 	bl	10001ab0 <clock_get_hz>
10001844:	0039      	movs	r1, r7
10001846:	0080      	lsls	r0, r0, #2
10001848:	f000 fb92 	bl	10001f70 <__wrap___aeabi_uidiv>
1000184c:	2370      	movs	r3, #112	@ 0x70
1000184e:	6ae2      	ldr	r2, [r4, #44]	@ 0x2c
10001850:	405a      	eors	r2, r3
10001852:	330e      	adds	r3, #14
10001854:	4013      	ands	r3, r2
10001856:	602b      	str	r3, [r5, #0]
10001858:	4b1c      	ldr	r3, [pc, #112]	@ (100018cc <uart_init+0x104>)
1000185a:	6323      	str	r3, [r4, #48]	@ 0x30
1000185c:	2303      	movs	r3, #3
1000185e:	64a3      	str	r3, [r4, #72]	@ 0x48
10001860:	bdf8      	pop	{r3, r4, r5, r6, r7, pc}
10001862:	4a1b      	ldr	r2, [pc, #108]	@ (100018d0 <uart_init+0x108>)
10001864:	4293      	cmp	r3, r2
10001866:	d91d      	bls.n	100018a4 <uart_init+0xdc>
10001868:	2300      	movs	r3, #0
1000186a:	4a1a      	ldr	r2, [pc, #104]	@ (100018d4 <uart_init+0x10c>)
1000186c:	4f1a      	ldr	r7, [pc, #104]	@ (100018d8 <uart_init+0x110>)
1000186e:	6262      	str	r2, [r4, #36]	@ 0x24
10001870:	62a3      	str	r3, [r4, #40]	@ 0x28
10001872:	6b26      	ldr	r6, [r4, #48]	@ 0x30
10001874:	07f3      	lsls	r3, r6, #31
10001876:	d5dc      	bpl.n	10001832 <uart_init+0x6a>
10001878:	4b18      	ldr	r3, [pc, #96]	@ (100018dc <uart_init+0x114>)
1000187a:	4a14      	ldr	r2, [pc, #80]	@ (100018cc <uart_init+0x104>)
1000187c:	18e3      	adds	r3, r4, r3
1000187e:	601a      	str	r2, [r3, #0]
10001880:	6a65      	ldr	r5, [r4, #36]	@ 0x24
10001882:	6aa3      	ldr	r3, [r4, #40]	@ 0x28
10001884:	2006      	movs	r0, #6
10001886:	01ad      	lsls	r5, r5, #6
10001888:	18ed      	adds	r5, r5, r3
1000188a:	f000 f911 	bl	10001ab0 <clock_get_hz>
1000188e:	4914      	ldr	r1, [pc, #80]	@ (100018e0 <uart_init+0x118>)
10001890:	f000 fb6e 	bl	10001f70 <__wrap___aeabi_uidiv>
10001894:	0001      	movs	r1, r0
10001896:	02a8      	lsls	r0, r5, #10
10001898:	f000 fb6a 	bl	10001f70 <__wrap___aeabi_uidiv>
1000189c:	2100      	movs	r1, #0
1000189e:	f7ff ff4d 	bl	1000173c <busy_wait_us>
100018a2:	e7c6      	b.n	10001832 <uart_init+0x6a>
100018a4:	0640      	lsls	r0, r0, #25
100018a6:	019a      	lsls	r2, r3, #6
100018a8:	0e80      	lsrs	r0, r0, #26
100018aa:	1817      	adds	r7, r2, r0
100018ac:	001a      	movs	r2, r3
100018ae:	0003      	movs	r3, r0
100018b0:	e7ba      	b.n	10001828 <uart_init+0x60>
100018b2:	46c0      	nop			@ (mov r8, r8)
100018b4:	bffc8000 	.word	0xbffc8000
100018b8:	4000c008 	.word	0x4000c008
100018bc:	4000e000 	.word	0x4000e000
100018c0:	4000f000 	.word	0x4000f000
100018c4:	20001ea8 	.word	0x20001ea8
100018c8:	0000102c 	.word	0x0000102c
100018cc:	00000301 	.word	0x00000301
100018d0:	0000fffe 	.word	0x0000fffe
100018d4:	0000ffff 	.word	0x0000ffff
100018d8:	003fffc0 	.word	0x003fffc0
100018dc:	00003030 	.word	0x00003030
100018e0:	00000e4e 	.word	0x00000e4e

100018e4 <clock_configure_int_divider>:
100018e4:	b5f8      	push	{r3, r4, r5, r6, r7, lr}
100018e6:	46de      	mov	lr, fp
100018e8:	464e      	mov	r6, r9
100018ea:	4645      	mov	r5, r8
100018ec:	4657      	mov	r7, sl
100018ee:	b5e0      	push	{r5, r6, r7, lr}
100018f0:	0005      	movs	r5, r0
100018f2:	468b      	mov	fp, r1
100018f4:	0018      	movs	r0, r3
100018f6:	990a      	ldr	r1, [sp, #40]	@ 0x28
100018f8:	4691      	mov	r9, r2
100018fa:	f000 fb39 	bl	10001f70 <__wrap___aeabi_uidiv>
100018fe:	9b0a      	ldr	r3, [sp, #40]	@ 0x28
10001900:	006c      	lsls	r4, r5, #1
10001902:	021e      	lsls	r6, r3, #8
10001904:	1964      	adds	r4, r4, r5
10001906:	4b30      	ldr	r3, [pc, #192]	@ (100019c8 <clock_configure_int_divider+0xe4>)
10001908:	00a4      	lsls	r4, r4, #2
1000190a:	18e4      	adds	r4, r4, r3
1000190c:	6863      	ldr	r3, [r4, #4]
1000190e:	4680      	mov	r8, r0
10001910:	429e      	cmp	r6, r3
10001912:	d900      	bls.n	10001916 <clock_configure_int_divider+0x32>
10001914:	6066      	str	r6, [r4, #4]
10001916:	1f2f      	subs	r7, r5, #4
10001918:	b2fb      	uxtb	r3, r7
1000191a:	469a      	mov	sl, r3
1000191c:	2b01      	cmp	r3, #1
1000191e:	d92f      	bls.n	10001980 <clock_configure_int_divider+0x9c>
10001920:	23c0      	movs	r3, #192	@ 0xc0
10001922:	2280      	movs	r2, #128	@ 0x80
10001924:	4f29      	ldr	r7, [pc, #164]	@ (100019cc <clock_configure_int_divider+0xe8>)
10001926:	00ad      	lsls	r5, r5, #2
10001928:	019b      	lsls	r3, r3, #6
1000192a:	5979      	ldr	r1, [r7, r5]
1000192c:	0112      	lsls	r2, r2, #4
1000192e:	18e3      	adds	r3, r4, r3
10001930:	601a      	str	r2, [r3, #0]
10001932:	2900      	cmp	r1, #0
10001934:	d11b      	bne.n	1000196e <clock_configure_int_divider+0x8a>
10001936:	464b      	mov	r3, r9
10001938:	6822      	ldr	r2, [r4, #0]
1000193a:	015b      	lsls	r3, r3, #5
1000193c:	4053      	eors	r3, r2
1000193e:	22e0      	movs	r2, #224	@ 0xe0
10001940:	4013      	ands	r3, r2
10001942:	2280      	movs	r2, #128	@ 0x80
10001944:	0152      	lsls	r2, r2, #5
10001946:	18a2      	adds	r2, r4, r2
10001948:	6013      	str	r3, [r2, #0]
1000194a:	4653      	mov	r3, sl
1000194c:	2b01      	cmp	r3, #1
1000194e:	d92f      	bls.n	100019b0 <clock_configure_int_divider+0xcc>
10001950:	2380      	movs	r3, #128	@ 0x80
10001952:	2280      	movs	r2, #128	@ 0x80
10001954:	019b      	lsls	r3, r3, #6
10001956:	18e3      	adds	r3, r4, r3
10001958:	0112      	lsls	r2, r2, #4
1000195a:	601a      	str	r2, [r3, #0]
1000195c:	4643      	mov	r3, r8
1000195e:	6066      	str	r6, [r4, #4]
10001960:	517b      	str	r3, [r7, r5]
10001962:	bcf0      	pop	{r4, r5, r6, r7}
10001964:	46bb      	mov	fp, r7
10001966:	46b2      	mov	sl, r6
10001968:	46a9      	mov	r9, r5
1000196a:	46a0      	mov	r8, r4
1000196c:	bdf8      	pop	{r3, r4, r5, r6, r7, pc}
1000196e:	6978      	ldr	r0, [r7, #20]
10001970:	f000 fafe 	bl	10001f70 <__wrap___aeabi_uidiv>
10001974:	3001      	adds	r0, #1
10001976:	0043      	lsls	r3, r0, #1
10001978:	181b      	adds	r3, r3, r0
1000197a:	3b03      	subs	r3, #3
1000197c:	d2fd      	bcs.n	1000197a <clock_configure_int_divider+0x96>
1000197e:	e7da      	b.n	10001936 <clock_configure_int_divider+0x52>
10001980:	465b      	mov	r3, fp
10001982:	2b01      	cmp	r3, #1
10001984:	d1cc      	bne.n	10001920 <clock_configure_int_divider+0x3c>
10001986:	23c0      	movs	r3, #192	@ 0xc0
10001988:	2203      	movs	r2, #3
1000198a:	019b      	lsls	r3, r3, #6
1000198c:	18e3      	adds	r3, r4, r3
1000198e:	601a      	str	r2, [r3, #0]
10001990:	3a02      	subs	r2, #2
10001992:	68a3      	ldr	r3, [r4, #8]
10001994:	421a      	tst	r2, r3
10001996:	d0fc      	beq.n	10001992 <clock_configure_int_divider+0xae>
10001998:	464a      	mov	r2, r9
1000199a:	6823      	ldr	r3, [r4, #0]
1000199c:	0152      	lsls	r2, r2, #5
1000199e:	405a      	eors	r2, r3
100019a0:	23e0      	movs	r3, #224	@ 0xe0
100019a2:	4013      	ands	r3, r2
100019a4:	2280      	movs	r2, #128	@ 0x80
100019a6:	0152      	lsls	r2, r2, #5
100019a8:	18a2      	adds	r2, r4, r2
100019aa:	4f08      	ldr	r7, [pc, #32]	@ (100019cc <clock_configure_int_divider+0xe8>)
100019ac:	6013      	str	r3, [r2, #0]
100019ae:	00ad      	lsls	r5, r5, #2
100019b0:	4658      	mov	r0, fp
100019b2:	2303      	movs	r3, #3
100019b4:	6821      	ldr	r1, [r4, #0]
100019b6:	4041      	eors	r1, r0
100019b8:	400b      	ands	r3, r1
100019ba:	6013      	str	r3, [r2, #0]
100019bc:	2201      	movs	r2, #1
100019be:	4082      	lsls	r2, r0
100019c0:	68a3      	ldr	r3, [r4, #8]
100019c2:	421a      	tst	r2, r3
100019c4:	d0fc      	beq.n	100019c0 <clock_configure_int_divider+0xdc>
100019c6:	e7c3      	b.n	10001950 <clock_configure_int_divider+0x6c>
100019c8:	40008000 	.word	0x40008000
100019cc:	20001a08 	.word	0x20001a08

100019d0 <clock_configure_undivided>:
100019d0:	b5f0      	push	{r4, r5, r6, r7, lr}
100019d2:	46d6      	mov	lr, sl
100019d4:	464f      	mov	r7, r9
100019d6:	4646      	mov	r6, r8
100019d8:	0044      	lsls	r4, r0, #1
100019da:	4698      	mov	r8, r3
100019dc:	1824      	adds	r4, r4, r0
100019de:	4b32      	ldr	r3, [pc, #200]	@ (10001aa8 <clock_configure_undivided+0xd8>)
100019e0:	00a4      	lsls	r4, r4, #2
100019e2:	18e4      	adds	r4, r4, r3
100019e4:	6863      	ldr	r3, [r4, #4]
100019e6:	468a      	mov	sl, r1
100019e8:	4691      	mov	r9, r2
100019ea:	b5c0      	push	{r6, r7, lr}
100019ec:	2bff      	cmp	r3, #255	@ 0xff
100019ee:	d802      	bhi.n	100019f6 <clock_configure_undivided+0x26>
100019f0:	2380      	movs	r3, #128	@ 0x80
100019f2:	005b      	lsls	r3, r3, #1
100019f4:	6063      	str	r3, [r4, #4]
100019f6:	1f06      	subs	r6, r0, #4
100019f8:	b2f6      	uxtb	r6, r6
100019fa:	2e01      	cmp	r6, #1
100019fc:	d92f      	bls.n	10001a5e <clock_configure_undivided+0x8e>
100019fe:	23c0      	movs	r3, #192	@ 0xc0
10001a00:	2280      	movs	r2, #128	@ 0x80
10001a02:	4f2a      	ldr	r7, [pc, #168]	@ (10001aac <clock_configure_undivided+0xdc>)
10001a04:	0085      	lsls	r5, r0, #2
10001a06:	019b      	lsls	r3, r3, #6
10001a08:	5979      	ldr	r1, [r7, r5]
10001a0a:	0112      	lsls	r2, r2, #4
10001a0c:	18e3      	adds	r3, r4, r3
10001a0e:	601a      	str	r2, [r3, #0]
10001a10:	2900      	cmp	r1, #0
10001a12:	d11b      	bne.n	10001a4c <clock_configure_undivided+0x7c>
10001a14:	464b      	mov	r3, r9
10001a16:	6822      	ldr	r2, [r4, #0]
10001a18:	015b      	lsls	r3, r3, #5
10001a1a:	4053      	eors	r3, r2
10001a1c:	22e0      	movs	r2, #224	@ 0xe0
10001a1e:	4013      	ands	r3, r2
10001a20:	2280      	movs	r2, #128	@ 0x80
10001a22:	0152      	lsls	r2, r2, #5
10001a24:	18a2      	adds	r2, r4, r2
10001a26:	6013      	str	r3, [r2, #0]
10001a28:	2e01      	cmp	r6, #1
10001a2a:	d930      	bls.n	10001a8e <clock_configure_undivided+0xbe>
10001a2c:	2380      	movs	r3, #128	@ 0x80
10001a2e:	2280      	movs	r2, #128	@ 0x80
10001a30:	019b      	lsls	r3, r3, #6
10001a32:	18e3      	adds	r3, r4, r3
10001a34:	0112      	lsls	r2, r2, #4
10001a36:	601a      	str	r2, [r3, #0]
10001a38:	2380      	movs	r3, #128	@ 0x80
10001a3a:	005b      	lsls	r3, r3, #1
10001a3c:	6063      	str	r3, [r4, #4]
10001a3e:	4643      	mov	r3, r8
10001a40:	517b      	str	r3, [r7, r5]
10001a42:	bce0      	pop	{r5, r6, r7}
10001a44:	46ba      	mov	sl, r7
10001a46:	46b1      	mov	r9, r6
10001a48:	46a8      	mov	r8, r5
10001a4a:	bdf0      	pop	{r4, r5, r6, r7, pc}
10001a4c:	6978      	ldr	r0, [r7, #20]
10001a4e:	f000 fa8f 	bl	10001f70 <__wrap___aeabi_uidiv>
10001a52:	3001      	adds	r0, #1
10001a54:	0043      	lsls	r3, r0, #1
10001a56:	181b      	adds	r3, r3, r0
10001a58:	3b03      	subs	r3, #3
10001a5a:	d2fd      	bcs.n	10001a58 <clock_configure_undivided+0x88>
10001a5c:	e7da      	b.n	10001a14 <clock_configure_undivided+0x44>
10001a5e:	4653      	mov	r3, sl
10001a60:	2b01      	cmp	r3, #1
10001a62:	d1cc      	bne.n	100019fe <clock_configure_undivided+0x2e>
10001a64:	23c0      	movs	r3, #192	@ 0xc0
10001a66:	2203      	movs	r2, #3
10001a68:	019b      	lsls	r3, r3, #6
10001a6a:	18e3      	adds	r3, r4, r3
10001a6c:	601a      	str	r2, [r3, #0]
10001a6e:	3a02      	subs	r2, #2
10001a70:	68a3      	ldr	r3, [r4, #8]
10001a72:	421a      	tst	r2, r3
10001a74:	d0fc      	beq.n	10001a70 <clock_configure_undivided+0xa0>
10001a76:	464a      	mov	r2, r9
10001a78:	6823      	ldr	r3, [r4, #0]
10001a7a:	0152      	lsls	r2, r2, #5
10001a7c:	405a      	eors	r2, r3
10001a7e:	23e0      	movs	r3, #224	@ 0xe0
10001a80:	4013      	ands	r3, r2
10001a82:	2280      	movs	r2, #128	@ 0x80
10001a84:	0152      	lsls	r2, r2, #5
10001a86:	18a2      	adds	r2, r4, r2
10001a88:	4f08      	ldr	r7, [pc, #32]	@ (10001aac <clock_configure_undivided+0xdc>)
10001a8a:	6013      	str	r3, [r2, #0]
10001a8c:	0085      	lsls	r5, r0, #2
10001a8e:	4650      	mov	r0, sl
10001a90:	2303      	movs	r3, #3
10001a92:	6821      	ldr	r1, [r4, #0]
10001a94:	4041      	eors	r1, r0
10001a96:	400b      	ands	r3, r1
10001a98:	6013      	str	r3, [r2, #0]
10001a9a:	2201      	movs	r2, #1
10001a9c:	4082      	lsls	r2, r0
10001a9e:	68a3      	ldr	r3, [r4, #8]
10001aa0:	421a      	tst	r2, r3
10001aa2:	d0fc      	beq.n	10001a9e <clock_configure_undivided+0xce>
10001aa4:	e7c2      	b.n	10001a2c <clock_configure_undivided+0x5c>
10001aa6:	46c0      	nop			@ (mov r8, r8)
10001aa8:	40008000 	.word	0x40008000
10001aac:	20001a08 	.word	0x20001a08

10001ab0 <clock_get_hz>:
10001ab0:	4b01      	ldr	r3, [pc, #4]	@ (10001ab8 <clock_get_hz+0x8>)
10001ab2:	0080      	lsls	r0, r0, #2
10001ab4:	58c0      	ldr	r0, [r0, r3]
10001ab6:	4770      	bx	lr
10001ab8:	20001a08 	.word	0x20001a08

10001abc <pll_init>:
10001abc:	b5f0      	push	{r4, r5, r6, r7, lr}
10001abe:	46c6      	mov	lr, r8
10001ac0:	0004      	movs	r4, r0
10001ac2:	b500      	push	{lr}
10001ac4:	4823      	ldr	r0, [pc, #140]	@ (10001b54 <pll_init+0x98>)
10001ac6:	0016      	movs	r6, r2
10001ac8:	4698      	mov	r8, r3
10001aca:	000d      	movs	r5, r1
10001acc:	f000 fa50 	bl	10001f70 <__wrap___aeabi_uidiv>
10001ad0:	0001      	movs	r1, r0
10001ad2:	0030      	movs	r0, r6
10001ad4:	f000 fa4c 	bl	10001f70 <__wrap___aeabi_uidiv>
10001ad8:	4643      	mov	r3, r8
10001ada:	9a06      	ldr	r2, [sp, #24]
10001adc:	041b      	lsls	r3, r3, #16
10001ade:	0312      	lsls	r2, r2, #12
10001ae0:	4313      	orrs	r3, r2
10001ae2:	469c      	mov	ip, r3
10001ae4:	6823      	ldr	r3, [r4, #0]
10001ae6:	0006      	movs	r6, r0
10001ae8:	2b00      	cmp	r3, #0
10001aea:	db22      	blt.n	10001b32 <pll_init+0x76>
10001aec:	4b1a      	ldr	r3, [pc, #104]	@ (10001b58 <pll_init+0x9c>)
10001aee:	481b      	ldr	r0, [pc, #108]	@ (10001b5c <pll_init+0xa0>)
10001af0:	18e2      	adds	r2, r4, r3
10001af2:	1e53      	subs	r3, r2, #1
10001af4:	419a      	sbcs	r2, r3
10001af6:	2380      	movs	r3, #128	@ 0x80
10001af8:	4252      	negs	r2, r2
10001afa:	0b12      	lsrs	r2, r2, #12
10001afc:	019b      	lsls	r3, r3, #6
10001afe:	0312      	lsls	r2, r2, #12
10001b00:	18d2      	adds	r2, r2, r3
10001b02:	4b17      	ldr	r3, [pc, #92]	@ (10001b60 <pll_init+0xa4>)
10001b04:	601a      	str	r2, [r3, #0]
10001b06:	4b17      	ldr	r3, [pc, #92]	@ (10001b64 <pll_init+0xa8>)
10001b08:	601a      	str	r2, [r3, #0]
10001b0a:	0013      	movs	r3, r2
10001b0c:	6801      	ldr	r1, [r0, #0]
10001b0e:	438b      	bics	r3, r1
10001b10:	d1fb      	bne.n	10001b0a <pll_init+0x4e>
10001b12:	2221      	movs	r2, #33	@ 0x21
10001b14:	4b14      	ldr	r3, [pc, #80]	@ (10001b68 <pll_init+0xac>)
10001b16:	6025      	str	r5, [r4, #0]
10001b18:	18e3      	adds	r3, r4, r3
10001b1a:	60a6      	str	r6, [r4, #8]
10001b1c:	601a      	str	r2, [r3, #0]
10001b1e:	6822      	ldr	r2, [r4, #0]
10001b20:	2a00      	cmp	r2, #0
10001b22:	dafc      	bge.n	10001b1e <pll_init+0x62>
10001b24:	4662      	mov	r2, ip
10001b26:	60e2      	str	r2, [r4, #12]
10001b28:	2208      	movs	r2, #8
10001b2a:	601a      	str	r2, [r3, #0]
10001b2c:	bc80      	pop	{r7}
10001b2e:	46b8      	mov	r8, r7
10001b30:	bdf0      	pop	{r4, r5, r6, r7, pc}
10001b32:	233f      	movs	r3, #63	@ 0x3f
10001b34:	6822      	ldr	r2, [r4, #0]
10001b36:	4013      	ands	r3, r2
10001b38:	42ab      	cmp	r3, r5
10001b3a:	d1d7      	bne.n	10001aec <pll_init+0x30>
10001b3c:	68a3      	ldr	r3, [r4, #8]
10001b3e:	051b      	lsls	r3, r3, #20
10001b40:	0d1b      	lsrs	r3, r3, #20
10001b42:	4283      	cmp	r3, r0
10001b44:	d1d2      	bne.n	10001aec <pll_init+0x30>
10001b46:	22ee      	movs	r2, #238	@ 0xee
10001b48:	68e3      	ldr	r3, [r4, #12]
10001b4a:	02d2      	lsls	r2, r2, #11
10001b4c:	4013      	ands	r3, r2
10001b4e:	4563      	cmp	r3, ip
10001b50:	d1cc      	bne.n	10001aec <pll_init+0x30>
10001b52:	e7eb      	b.n	10001b2c <pll_init+0x70>
10001b54:	00b71b00 	.word	0x00b71b00
10001b58:	bffd4000 	.word	0xbffd4000
10001b5c:	4000c008 	.word	0x4000c008
10001b60:	4000e000 	.word	0x4000e000
10001b64:	4000f000 	.word	0x4000f000
10001b68:	00003004 	.word	0x00003004

10001b6c <watchdog_reboot>:
10001b6c:	b510      	push	{r4, lr}
10001b6e:	2480      	movs	r4, #128	@ 0x80
10001b70:	4b1c      	ldr	r3, [pc, #112]	@ (10001be4 <watchdog_reboot+0x78>)
10001b72:	05e4      	lsls	r4, r4, #23
10001b74:	601c      	str	r4, [r3, #0]
10001b76:	2800      	cmp	r0, #0
10001b78:	d01a      	beq.n	10001bb0 <watchdog_reboot+0x44>
10001b7a:	2301      	movs	r3, #1
10001b7c:	4c1a      	ldr	r4, [pc, #104]	@ (10001be8 <watchdog_reboot+0x7c>)
10001b7e:	4318      	orrs	r0, r3
10001b80:	4b1a      	ldr	r3, [pc, #104]	@ (10001bec <watchdog_reboot+0x80>)
10001b82:	61dc      	str	r4, [r3, #28]
10001b84:	4c1a      	ldr	r4, [pc, #104]	@ (10001bf0 <watchdog_reboot+0x84>)
10001b86:	4044      	eors	r4, r0
10001b88:	621c      	str	r4, [r3, #32]
10001b8a:	6259      	str	r1, [r3, #36]	@ 0x24
10001b8c:	6298      	str	r0, [r3, #40]	@ 0x28
10001b8e:	2180      	movs	r1, #128	@ 0x80
10001b90:	4b14      	ldr	r3, [pc, #80]	@ (10001be4 <watchdog_reboot+0x78>)
10001b92:	05c9      	lsls	r1, r1, #23
10001b94:	6019      	str	r1, [r3, #0]
10001b96:	4817      	ldr	r0, [pc, #92]	@ (10001bf4 <watchdog_reboot+0x88>)
10001b98:	4917      	ldr	r1, [pc, #92]	@ (10001bf8 <watchdog_reboot+0x8c>)
10001b9a:	6008      	str	r0, [r1, #0]
10001b9c:	21e0      	movs	r1, #224	@ 0xe0
10001b9e:	04c9      	lsls	r1, r1, #19
10001ba0:	6019      	str	r1, [r3, #0]
10001ba2:	2a00      	cmp	r2, #0
10001ba4:	d107      	bne.n	10001bb6 <watchdog_reboot+0x4a>
10001ba6:	2280      	movs	r2, #128	@ 0x80
10001ba8:	4b14      	ldr	r3, [pc, #80]	@ (10001bfc <watchdog_reboot+0x90>)
10001baa:	0612      	lsls	r2, r2, #24
10001bac:	601a      	str	r2, [r3, #0]
10001bae:	bd10      	pop	{r4, pc}
10001bb0:	4b0e      	ldr	r3, [pc, #56]	@ (10001bec <watchdog_reboot+0x80>)
10001bb2:	61d8      	str	r0, [r3, #28]
10001bb4:	e7eb      	b.n	10001b8e <watchdog_reboot+0x22>
10001bb6:	0153      	lsls	r3, r2, #5
10001bb8:	1a9b      	subs	r3, r3, r2
10001bba:	009b      	lsls	r3, r3, #2
10001bbc:	189a      	adds	r2, r3, r2
10001bbe:	2380      	movs	r3, #128	@ 0x80
10001bc0:	0112      	lsls	r2, r2, #4
10001bc2:	045b      	lsls	r3, r3, #17
10001bc4:	429a      	cmp	r2, r3
10001bc6:	d209      	bcs.n	10001bdc <watchdog_reboot+0x70>
10001bc8:	0013      	movs	r3, r2
10001bca:	490d      	ldr	r1, [pc, #52]	@ (10001c00 <watchdog_reboot+0x94>)
10001bcc:	600b      	str	r3, [r1, #0]
10001bce:	4b07      	ldr	r3, [pc, #28]	@ (10001bec <watchdog_reboot+0x80>)
10001bd0:	605a      	str	r2, [r3, #4]
10001bd2:	2280      	movs	r2, #128	@ 0x80
10001bd4:	4b09      	ldr	r3, [pc, #36]	@ (10001bfc <watchdog_reboot+0x90>)
10001bd6:	05d2      	lsls	r2, r2, #23
10001bd8:	601a      	str	r2, [r3, #0]
10001bda:	e7e8      	b.n	10001bae <watchdog_reboot+0x42>
10001bdc:	4b09      	ldr	r3, [pc, #36]	@ (10001c04 <watchdog_reboot+0x98>)
10001bde:	001a      	movs	r2, r3
10001be0:	e7f3      	b.n	10001bca <watchdog_reboot+0x5e>
10001be2:	46c0      	nop			@ (mov r8, r8)
10001be4:	4005b000 	.word	0x4005b000
10001be8:	b007c0d3 	.word	0xb007c0d3
10001bec:	40058000 	.word	0x40058000
10001bf0:	4ff83f2d 	.word	0x4ff83f2d
10001bf4:	0001fffc 	.word	0x0001fffc
10001bf8:	40012008 	.word	0x40012008
10001bfc:	4005a000 	.word	0x4005a000
10001c00:	20001e6c 	.word	0x20001e6c
10001c04:	00ffffff 	.word	0x00ffffff

10001c08 <tick_start>:
10001c08:	2380      	movs	r3, #128	@ 0x80
10001c0a:	4a02      	ldr	r2, [pc, #8]	@ (10001c14 <tick_start+0xc>)
10001c0c:	009b      	lsls	r3, r3, #2
10001c0e:	430b      	orrs	r3, r1
10001c10:	62d3      	str	r3, [r2, #44]	@ 0x2c
10001c12:	4770      	bx	lr
10001c14:	40058000 	.word	0x40058000

10001c18 <rom_func_lookup>:
10001c18:	2300      	movs	r3, #0
10001c1a:	b510      	push	{r4, lr}
10001c1c:	0001      	movs	r1, r0
10001c1e:	8a98      	ldrh	r0, [r3, #20]
10001c20:	8b1b      	ldrh	r3, [r3, #24]
10001c22:	4798      	blx	r3
10001c24:	bd10      	pop	{r4, pc}
10001c26:	46c0      	nop			@ (mov r8, r8)

10001c28 <rom_data_lookup>:
10001c28:	2316      	movs	r3, #22
10001c2a:	b510      	push	{r4, lr}
10001c2c:	0001      	movs	r1, r0
10001c2e:	8818      	ldrh	r0, [r3, #0]
10001c30:	885b      	ldrh	r3, [r3, #2]
10001c32:	4798      	blx	r3
10001c34:	bd10      	pop	{r4, pc}
10001c36:	46c0      	nop			@ (mov r8, r8)

10001c38 <rom_funcs_lookup>:
10001c38:	b5f8      	push	{r3, r4, r5, r6, r7, lr}
10001c3a:	4647      	mov	r7, r8
10001c3c:	46ce      	mov	lr, r9
10001c3e:	b580      	push	{r7, lr}
10001c40:	1e0f      	subs	r7, r1, #0
10001c42:	d018      	beq.n	10001c76 <rom_funcs_lookup+0x3e>
10001c44:	2314      	movs	r3, #20
10001c46:	4699      	mov	r9, r3
10001c48:	3304      	adds	r3, #4
10001c4a:	0004      	movs	r4, r0
10001c4c:	2500      	movs	r5, #0
10001c4e:	2601      	movs	r6, #1
10001c50:	4698      	mov	r8, r3
10001c52:	464b      	mov	r3, r9
10001c54:	8818      	ldrh	r0, [r3, #0]
10001c56:	4643      	mov	r3, r8
10001c58:	6821      	ldr	r1, [r4, #0]
10001c5a:	881b      	ldrh	r3, [r3, #0]
10001c5c:	4798      	blx	r3
10001c5e:	c401      	stmia	r4!, {r0}
10001c60:	1e43      	subs	r3, r0, #1
10001c62:	4198      	sbcs	r0, r3
10001c64:	3501      	adds	r5, #1
10001c66:	4006      	ands	r6, r0
10001c68:	42af      	cmp	r7, r5
10001c6a:	d1f2      	bne.n	10001c52 <rom_funcs_lookup+0x1a>
10001c6c:	0030      	movs	r0, r6
10001c6e:	bcc0      	pop	{r6, r7}
10001c70:	46b9      	mov	r9, r7
10001c72:	46b0      	mov	r8, r6
10001c74:	bdf8      	pop	{r3, r4, r5, r6, r7, pc}
10001c76:	2601      	movs	r6, #1
10001c78:	e7f8      	b.n	10001c6c <rom_funcs_lookup+0x34>
10001c7a:	46c0      	nop			@ (mov r8, r8)

10001c7c <rom_reset_usb_boot_extra>:
10001c7c:	2300      	movs	r3, #0
10001c7e:	b570      	push	{r4, r5, r6, lr}
10001c80:	0004      	movs	r4, r0
10001c82:	000d      	movs	r5, r1
10001c84:	8a98      	ldrh	r0, [r3, #20]
10001c86:	4905      	ldr	r1, [pc, #20]	@ (10001c9c <rom_reset_usb_boot_extra+0x20>)
10001c88:	8b1b      	ldrh	r3, [r3, #24]
10001c8a:	4798      	blx	r3
10001c8c:	0003      	movs	r3, r0
10001c8e:	2000      	movs	r0, #0
10001c90:	2c00      	cmp	r4, #0
10001c92:	db01      	blt.n	10001c98 <rom_reset_usb_boot_extra+0x1c>
10001c94:	3001      	adds	r0, #1
10001c96:	40a0      	lsls	r0, r4
10001c98:	0029      	movs	r1, r5
10001c9a:	4798      	blx	r3
10001c9c:	00004255 	.word	0x00004255

10001ca0 <xosc_init>:
10001ca0:	23aa      	movs	r3, #170	@ 0xaa
10001ca2:	4a06      	ldr	r2, [pc, #24]	@ (10001cbc <xosc_init+0x1c>)
10001ca4:	011b      	lsls	r3, r3, #4
10001ca6:	6013      	str	r3, [r2, #0]
10001ca8:	238d      	movs	r3, #141	@ 0x8d
10001caa:	005b      	lsls	r3, r3, #1
10001cac:	60d3      	str	r3, [r2, #12]
10001cae:	4904      	ldr	r1, [pc, #16]	@ (10001cc0 <xosc_init+0x20>)
10001cb0:	4b04      	ldr	r3, [pc, #16]	@ (10001cc4 <xosc_init+0x24>)
10001cb2:	6019      	str	r1, [r3, #0]
10001cb4:	6853      	ldr	r3, [r2, #4]
10001cb6:	2b00      	cmp	r3, #0
10001cb8:	dafc      	bge.n	10001cb4 <xosc_init+0x14>
10001cba:	4770      	bx	lr
10001cbc:	40024000 	.word	0x40024000
10001cc0:	00fab000 	.word	0x00fab000
10001cc4:	40026000 	.word	0x40026000

10001cc8 <first_per_core_initializer>:
10001cc8:	4770      	bx	lr
10001cca:	46c0      	nop			@ (mov r8, r8)

10001ccc <hard_assertion_failure>:
10001ccc:	b510      	push	{r4, lr}
10001cce:	4801      	ldr	r0, [pc, #4]	@ (10001cd4 <hard_assertion_failure+0x8>)
10001cd0:	f7fe fd64 	bl	1000079c <panic>
10001cd4:	100078dc 	.word	0x100078dc

10001cd8 <runtime_run_initializers>:
10001cd8:	b570      	push	{r4, r5, r6, lr}
10001cda:	4d07      	ldr	r5, [pc, #28]	@ (10001cf8 <runtime_run_initializers+0x20>)
10001cdc:	4e07      	ldr	r6, [pc, #28]	@ (10001cfc <runtime_run_initializers+0x24>)
10001cde:	42b5      	cmp	r5, r6
10001ce0:	d209      	bcs.n	10001cf6 <runtime_run_initializers+0x1e>
10001ce2:	2400      	movs	r4, #0
10001ce4:	3e01      	subs	r6, #1
10001ce6:	1b76      	subs	r6, r6, r5
10001ce8:	08b6      	lsrs	r6, r6, #2
10001cea:	3601      	adds	r6, #1
10001cec:	cd08      	ldmia	r5!, {r3}
10001cee:	3401      	adds	r4, #1
10001cf0:	4798      	blx	r3
10001cf2:	42b4      	cmp	r4, r6
10001cf4:	d1fa      	bne.n	10001cec <runtime_run_initializers+0x14>
10001cf6:	bd70      	pop	{r4, r5, r6, pc}
10001cf8:	10007608 	.word	0x10007608
10001cfc:	10007644 	.word	0x10007644

10001d00 <runtime_init_early_resets>:
10001d00:	4b05      	ldr	r3, [pc, #20]	@ (10001d18 <runtime_init_early_resets+0x18>)
10001d02:	4a06      	ldr	r2, [pc, #24]	@ (10001d1c <runtime_init_early_resets+0x1c>)
10001d04:	4906      	ldr	r1, [pc, #24]	@ (10001d20 <runtime_init_early_resets+0x20>)
10001d06:	601a      	str	r2, [r3, #0]
10001d08:	4a06      	ldr	r2, [pc, #24]	@ (10001d24 <runtime_init_early_resets+0x24>)
10001d0a:	4b07      	ldr	r3, [pc, #28]	@ (10001d28 <runtime_init_early_resets+0x28>)
10001d0c:	601a      	str	r2, [r3, #0]
10001d0e:	0010      	movs	r0, r2
10001d10:	680b      	ldr	r3, [r1, #0]
10001d12:	4398      	bics	r0, r3
10001d14:	d1fb      	bne.n	10001d0e <runtime_init_early_resets+0xe>
10001d16:	4770      	bx	lr
10001d18:	4000e000 	.word	0x4000e000
10001d1c:	fefbcdbf 	.word	0xfefbcdbf
10001d20:	4000c008 	.word	0x4000c008
10001d24:	003c7ffe 	.word	0x003c7ffe
10001d28:	4000f000 	.word	0x4000f000

10001d2c <runtime_init_usb_power_down>:
10001d2c:	4b04      	ldr	r3, [pc, #16]	@ (10001d40 <runtime_init_usb_power_down+0x14>)
10001d2e:	6cdb      	ldr	r3, [r3, #76]	@ 0x4c
10001d30:	2b00      	cmp	r3, #0
10001d32:	d103      	bne.n	10001d3c <runtime_init_usb_power_down+0x10>
10001d34:	2280      	movs	r2, #128	@ 0x80
10001d36:	4b03      	ldr	r3, [pc, #12]	@ (10001d44 <runtime_init_usb_power_down+0x18>)
10001d38:	02d2      	lsls	r2, r2, #11
10001d3a:	601a      	str	r2, [r3, #0]
10001d3c:	4770      	bx	lr
10001d3e:	46c0      	nop			@ (mov r8, r8)
10001d40:	50110000 	.word	0x50110000
10001d44:	5011204c 	.word	0x5011204c

10001d48 <runtime_init_post_clock_resets>:
10001d48:	4a04      	ldr	r2, [pc, #16]	@ (10001d5c <runtime_init_post_clock_resets+0x14>)
10001d4a:	4b05      	ldr	r3, [pc, #20]	@ (10001d60 <runtime_init_post_clock_resets+0x18>)
10001d4c:	601a      	str	r2, [r3, #0]
10001d4e:	4a05      	ldr	r2, [pc, #20]	@ (10001d64 <runtime_init_post_clock_resets+0x1c>)
10001d50:	6813      	ldr	r3, [r2, #0]
10001d52:	01db      	lsls	r3, r3, #7
10001d54:	3380      	adds	r3, #128	@ 0x80
10001d56:	d1fb      	bne.n	10001d50 <runtime_init_post_clock_resets+0x8>
10001d58:	4770      	bx	lr
10001d5a:	46c0      	nop			@ (mov r8, r8)
10001d5c:	01ffffff 	.word	0x01ffffff
10001d60:	4000f000 	.word	0x4000f000
10001d64:	4000c008 	.word	0x4000c008

10001d68 <runtime_init_rp2040_gpio_ie_disable>:
10001d68:	2240      	movs	r2, #64	@ 0x40
10001d6a:	4b03      	ldr	r3, [pc, #12]	@ (10001d78 <runtime_init_rp2040_gpio_ie_disable+0x10>)
10001d6c:	679a      	str	r2, [r3, #120]	@ 0x78
10001d6e:	675a      	str	r2, [r3, #116]	@ 0x74
10001d70:	671a      	str	r2, [r3, #112]	@ 0x70
10001d72:	66da      	str	r2, [r3, #108]	@ 0x6c
10001d74:	4770      	bx	lr
10001d76:	46c0      	nop			@ (mov r8, r8)
10001d78:	4001f000 	.word	0x4001f000

10001d7c <runtime_init_spin_locks_reset>:
10001d7c:	b510      	push	{r4, lr}
10001d7e:	f7fe fdad 	bl	100008dc <spin_locks_reset>
10001d82:	bd10      	pop	{r4, pc}

10001d84 <runtime_init_install_ram_vector_table>:
10001d84:	b570      	push	{r4, r5, r6, lr}
10001d86:	4927      	ldr	r1, [pc, #156]	@ (10001e24 <runtime_init_install_ram_vector_table+0xa0>)
10001d88:	4e27      	ldr	r6, [pc, #156]	@ (10001e28 <runtime_init_install_ram_vector_table+0xa4>)
10001d8a:	4d28      	ldr	r5, [pc, #160]	@ (10001e2c <runtime_init_install_ram_vector_table+0xa8>)
10001d8c:	1a76      	subs	r6, r6, r1
10001d8e:	08b4      	lsrs	r4, r6, #2
10001d90:	0022      	movs	r2, r4
10001d92:	2c30      	cmp	r4, #48	@ 0x30
10001d94:	d900      	bls.n	10001d98 <runtime_init_install_ram_vector_table+0x14>
10001d96:	2230      	movs	r2, #48	@ 0x30
10001d98:	0028      	movs	r0, r5
10001d9a:	0092      	lsls	r2, r2, #2
10001d9c:	f000 ff7e 	bl	10002c9c <__wrap___aeabi_memcpy>
10001da0:	2c2f      	cmp	r4, #47	@ 0x2f
10001da2:	d83b      	bhi.n	10001e1c <runtime_init_install_ram_vector_table+0x98>
10001da4:	0023      	movs	r3, r4
10001da6:	3b2a      	subs	r3, #42	@ 0x2a
10001da8:	4a21      	ldr	r2, [pc, #132]	@ (10001e30 <runtime_init_install_ram_vector_table+0xac>)
10001daa:	2b05      	cmp	r3, #5
10001dac:	d91b      	bls.n	10001de6 <runtime_init_install_ram_vector_table+0x62>
10001dae:	2030      	movs	r0, #48	@ 0x30
10001db0:	19ae      	adds	r6, r5, r6
10001db2:	0771      	lsls	r1, r6, #29
10001db4:	1b00      	subs	r0, r0, r4
10001db6:	0026      	movs	r6, r4
10001db8:	0fcb      	lsrs	r3, r1, #31
10001dba:	2900      	cmp	r1, #0
10001dbc:	da02      	bge.n	10001dc4 <runtime_init_install_ram_vector_table+0x40>
10001dbe:	00a1      	lsls	r1, r4, #2
10001dc0:	506a      	str	r2, [r5, r1]
10001dc2:	1c66      	adds	r6, r4, #1
10001dc4:	1ac0      	subs	r0, r0, r3
10001dc6:	18e3      	adds	r3, r4, r3
10001dc8:	009b      	lsls	r3, r3, #2
10001dca:	0841      	lsrs	r1, r0, #1
10001dcc:	18eb      	adds	r3, r5, r3
10001dce:	00c9      	lsls	r1, r1, #3
10001dd0:	18c9      	adds	r1, r1, r3
10001dd2:	601a      	str	r2, [r3, #0]
10001dd4:	605a      	str	r2, [r3, #4]
10001dd6:	3308      	adds	r3, #8
10001dd8:	428b      	cmp	r3, r1
10001dda:	d1fa      	bne.n	10001dd2 <runtime_init_install_ram_vector_table+0x4e>
10001ddc:	2301      	movs	r3, #1
10001dde:	4203      	tst	r3, r0
10001de0:	d01c      	beq.n	10001e1c <runtime_init_install_ram_vector_table+0x98>
10001de2:	4398      	bics	r0, r3
10001de4:	1984      	adds	r4, r0, r6
10001de6:	00a3      	lsls	r3, r4, #2
10001de8:	50ea      	str	r2, [r5, r3]
10001dea:	1c63      	adds	r3, r4, #1
10001dec:	2c2f      	cmp	r4, #47	@ 0x2f
10001dee:	d015      	beq.n	10001e1c <runtime_init_install_ram_vector_table+0x98>
10001df0:	009b      	lsls	r3, r3, #2
10001df2:	50ea      	str	r2, [r5, r3]
10001df4:	1ca3      	adds	r3, r4, #2
10001df6:	2c2e      	cmp	r4, #46	@ 0x2e
10001df8:	d010      	beq.n	10001e1c <runtime_init_install_ram_vector_table+0x98>
10001dfa:	009b      	lsls	r3, r3, #2
10001dfc:	50ea      	str	r2, [r5, r3]
10001dfe:	1ce3      	adds	r3, r4, #3
10001e00:	2c2d      	cmp	r4, #45	@ 0x2d
10001e02:	d00b      	beq.n	10001e1c <runtime_init_install_ram_vector_table+0x98>
10001e04:	009b      	lsls	r3, r3, #2
10001e06:	50ea      	str	r2, [r5, r3]
10001e08:	1d23      	adds	r3, r4, #4
10001e0a:	2c2c      	cmp	r4, #44	@ 0x2c
10001e0c:	d006      	beq.n	10001e1c <runtime_init_install_ram_vector_table+0x98>
10001e0e:	009b      	lsls	r3, r3, #2
10001e10:	50ea      	str	r2, [r5, r3]
10001e12:	1d63      	adds	r3, r4, #5
10001e14:	2c2b      	cmp	r4, #43	@ 0x2b
10001e16:	d001      	beq.n	10001e1c <runtime_init_install_ram_vector_table+0x98>
10001e18:	009b      	lsls	r3, r3, #2
10001e1a:	50ea      	str	r2, [r5, r3]
10001e1c:	4b05      	ldr	r3, [pc, #20]	@ (10001e34 <runtime_init_install_ram_vector_table+0xb0>)
10001e1e:	609d      	str	r5, [r3, #8]
10001e20:	bd70      	pop	{r4, r5, r6, pc}
10001e22:	46c0      	nop			@ (mov r8, r8)
10001e24:	10000100 	.word	0x10000100
10001e28:	100001c0 	.word	0x100001c0
10001e2c:	20000000 	.word	0x20000000
10001e30:	100001c1 	.word	0x100001c1
10001e34:	e000ed00 	.word	0xe000ed00

10001e38 <runtime_init_clocks>:
10001e38:	2300      	movs	r3, #0
10001e3a:	b510      	push	{r4, lr}
10001e3c:	4c29      	ldr	r4, [pc, #164]	@ (10001ee4 <runtime_init_clocks+0xac>)
10001e3e:	b082      	sub	sp, #8
10001e40:	67a3      	str	r3, [r4, #120]	@ 0x78
10001e42:	f7ff ff2d 	bl	10001ca0 <xosc_init>
10001e46:	2201      	movs	r2, #1
10001e48:	4b27      	ldr	r3, [pc, #156]	@ (10001ee8 <runtime_init_clocks+0xb0>)
10001e4a:	601a      	str	r2, [r3, #0]
10001e4c:	6c63      	ldr	r3, [r4, #68]	@ 0x44
10001e4e:	2b01      	cmp	r3, #1
10001e50:	d1fc      	bne.n	10001e4c <runtime_init_clocks+0x14>
10001e52:	2203      	movs	r2, #3
10001e54:	4b25      	ldr	r3, [pc, #148]	@ (10001eec <runtime_init_clocks+0xb4>)
10001e56:	601a      	str	r2, [r3, #0]
10001e58:	4a22      	ldr	r2, [pc, #136]	@ (10001ee4 <runtime_init_clocks+0xac>)
10001e5a:	6b93      	ldr	r3, [r2, #56]	@ 0x38
10001e5c:	2b01      	cmp	r3, #1
10001e5e:	d1fc      	bne.n	10001e5a <runtime_init_clocks+0x22>
10001e60:	3301      	adds	r3, #1
10001e62:	9300      	str	r3, [sp, #0]
10001e64:	2101      	movs	r1, #1
10001e66:	4a22      	ldr	r2, [pc, #136]	@ (10001ef0 <runtime_init_clocks+0xb8>)
10001e68:	4822      	ldr	r0, [pc, #136]	@ (10001ef4 <runtime_init_clocks+0xbc>)
10001e6a:	3304      	adds	r3, #4
10001e6c:	f7ff fe26 	bl	10001abc <pll_init>
10001e70:	2305      	movs	r3, #5
10001e72:	2101      	movs	r1, #1
10001e74:	9300      	str	r3, [sp, #0]
10001e76:	4a20      	ldr	r2, [pc, #128]	@ (10001ef8 <runtime_init_clocks+0xc0>)
10001e78:	4820      	ldr	r0, [pc, #128]	@ (10001efc <runtime_init_clocks+0xc4>)
10001e7a:	f7ff fe1f 	bl	10001abc <pll_init>
10001e7e:	2200      	movs	r2, #0
10001e80:	2102      	movs	r1, #2
10001e82:	2004      	movs	r0, #4
10001e84:	4b1e      	ldr	r3, [pc, #120]	@ (10001f00 <runtime_init_clocks+0xc8>)
10001e86:	f7ff fda3 	bl	100019d0 <clock_configure_undivided>
10001e8a:	2200      	movs	r2, #0
10001e8c:	2101      	movs	r1, #1
10001e8e:	2005      	movs	r0, #5
10001e90:	4b1c      	ldr	r3, [pc, #112]	@ (10001f04 <runtime_init_clocks+0xcc>)
10001e92:	f7ff fd9d 	bl	100019d0 <clock_configure_undivided>
10001e96:	2200      	movs	r2, #0
10001e98:	2100      	movs	r1, #0
10001e9a:	2007      	movs	r0, #7
10001e9c:	4b1a      	ldr	r3, [pc, #104]	@ (10001f08 <runtime_init_clocks+0xd0>)
10001e9e:	f7ff fd97 	bl	100019d0 <clock_configure_undivided>
10001ea2:	2200      	movs	r2, #0
10001ea4:	2100      	movs	r1, #0
10001ea6:	2008      	movs	r0, #8
10001ea8:	4b17      	ldr	r3, [pc, #92]	@ (10001f08 <runtime_init_clocks+0xd0>)
10001eaa:	f7ff fd91 	bl	100019d0 <clock_configure_undivided>
10001eae:	2380      	movs	r3, #128	@ 0x80
10001eb0:	00db      	lsls	r3, r3, #3
10001eb2:	9300      	str	r3, [sp, #0]
10001eb4:	2200      	movs	r2, #0
10001eb6:	2100      	movs	r1, #0
10001eb8:	2009      	movs	r0, #9
10001eba:	4b13      	ldr	r3, [pc, #76]	@ (10001f08 <runtime_init_clocks+0xd0>)
10001ebc:	f7ff fd12 	bl	100018e4 <clock_configure_int_divider>
10001ec0:	2200      	movs	r2, #0
10001ec2:	4b10      	ldr	r3, [pc, #64]	@ (10001f04 <runtime_init_clocks+0xcc>)
10001ec4:	2100      	movs	r1, #0
10001ec6:	2006      	movs	r0, #6
10001ec8:	f7ff fd82 	bl	100019d0 <clock_configure_undivided>
10001ecc:	2004      	movs	r0, #4
10001ece:	f7ff fdef 	bl	10001ab0 <clock_get_hz>
10001ed2:	490e      	ldr	r1, [pc, #56]	@ (10001f0c <runtime_init_clocks+0xd4>)
10001ed4:	f000 f84c 	bl	10001f70 <__wrap___aeabi_uidiv>
10001ed8:	0001      	movs	r1, r0
10001eda:	2000      	movs	r0, #0
10001edc:	f7ff fe94 	bl	10001c08 <tick_start>
10001ee0:	b002      	add	sp, #8
10001ee2:	bd10      	pop	{r4, pc}
10001ee4:	40008000 	.word	0x40008000
10001ee8:	4000b03c 	.word	0x4000b03c
10001eec:	4000b030 	.word	0x4000b030
10001ef0:	59682f00 	.word	0x59682f00
10001ef4:	40028000 	.word	0x40028000
10001ef8:	47868c00 	.word	0x47868c00
10001efc:	4002c000 	.word	0x4002c000
10001f00:	00b71b00 	.word	0x00b71b00
10001f04:	07735940 	.word	0x07735940
10001f08:	02dc6c00 	.word	0x02dc6c00
10001f0c:	000f4240 	.word	0x000f4240

10001f10 <__aeabi_bits_init>:
10001f10:	4801      	ldr	r0, [pc, #4]	@ (10001f18 <__aeabi_bits_init+0x8>)
10001f12:	2104      	movs	r1, #4
10001f14:	4b01      	ldr	r3, [pc, #4]	@ (10001f1c <__aeabi_bits_init+0xc>)
10001f16:	4718      	bx	r3
10001f18:	20001010 	.word	0x20001010
10001f1c:	10001c39 	.word	0x10001c39

10001f20 <__wrap___aeabi_idiv>:
10001f20:	4a12      	ldr	r2, [pc, #72]	@ (10001f6c <divmod_s32s32_savestate+0x18>)
10001f22:	6f93      	ldr	r3, [r2, #120]	@ 0x78
10001f24:	089b      	lsrs	r3, r3, #2
10001f26:	d215      	bcs.n	10001f54 <divmod_s32s32_savestate>

10001f28 <divmod_s32s32_core>:
10001f28:	6690      	str	r0, [r2, #104]	@ 0x68
10001f2a:	66d1      	str	r1, [r2, #108]	@ 0x6c
10001f2c:	2900      	cmp	r1, #0
10001f2e:	d005      	beq.n	10001f3c <divmod_s32s32_core+0x14>
10001f30:	e7ff      	b.n	10001f32 <divmod_s32s32_core+0xa>
10001f32:	e7ff      	b.n	10001f34 <divmod_s32s32_core+0xc>
10001f34:	e7ff      	b.n	10001f36 <divmod_s32s32_core+0xe>
10001f36:	6f51      	ldr	r1, [r2, #116]	@ 0x74
10001f38:	6f10      	ldr	r0, [r2, #112]	@ 0x70
10001f3a:	4770      	bx	lr
10001f3c:	b504      	push	{r2, lr}
10001f3e:	2180      	movs	r1, #128	@ 0x80
10001f40:	0609      	lsls	r1, r1, #24
10001f42:	17c2      	asrs	r2, r0, #31
10001f44:	4051      	eors	r1, r2
10001f46:	2800      	cmp	r0, #0
10001f48:	d000      	beq.n	10001f4c <divmod_s32s32_core+0x24>
10001f4a:	43c8      	mvns	r0, r1
10001f4c:	f005 fb2c 	bl	100075a8 <____aeabi_idiv0_veneer>
10001f50:	2100      	movs	r1, #0
10001f52:	bd04      	pop	{r2, pc}

10001f54 <divmod_s32s32_savestate>:
10001f54:	b5f0      	push	{r4, r5, r6, r7, lr}
10001f56:	6e14      	ldr	r4, [r2, #96]	@ 0x60
10001f58:	6e55      	ldr	r5, [r2, #100]	@ 0x64
10001f5a:	6f57      	ldr	r7, [r2, #116]	@ 0x74
10001f5c:	6f16      	ldr	r6, [r2, #112]	@ 0x70
10001f5e:	f7ff ffe3 	bl	10001f28 <divmod_s32s32_core>
10001f62:	6614      	str	r4, [r2, #96]	@ 0x60
10001f64:	6655      	str	r5, [r2, #100]	@ 0x64
10001f66:	6757      	str	r7, [r2, #116]	@ 0x74
10001f68:	6716      	str	r6, [r2, #112]	@ 0x70
10001f6a:	bdf0      	pop	{r4, r5, r6, r7, pc}
10001f6c:	d0000000 	.word	0xd0000000

10001f70 <__wrap___aeabi_uidiv>:
10001f70:	4a11      	ldr	r2, [pc, #68]	@ (10001fb8 <divmod_u32u32_savestate+0x18>)
10001f72:	6f93      	ldr	r3, [r2, #120]	@ 0x78
10001f74:	089b      	lsrs	r3, r3, #2
10001f76:	d213      	bcs.n	10001fa0 <divmod_u32u32_savestate>

10001f78 <divmod_u32u32_core>:
10001f78:	6610      	str	r0, [r2, #96]	@ 0x60
10001f7a:	6651      	str	r1, [r2, #100]	@ 0x64
10001f7c:	2900      	cmp	r1, #0
10001f7e:	d005      	beq.n	10001f8c <divmod_u32u32_core+0x14>
10001f80:	e7ff      	b.n	10001f82 <divmod_u32u32_core+0xa>
10001f82:	e7ff      	b.n	10001f84 <divmod_u32u32_core+0xc>
10001f84:	e7ff      	b.n	10001f86 <divmod_u32u32_core+0xe>
10001f86:	6f51      	ldr	r1, [r2, #116]	@ 0x74
10001f88:	6f10      	ldr	r0, [r2, #112]	@ 0x70
10001f8a:	4770      	bx	lr
10001f8c:	b504      	push	{r2, lr}
10001f8e:	2800      	cmp	r0, #0
10001f90:	d001      	beq.n	10001f96 <divmod_u32u32_core+0x1e>
10001f92:	2000      	movs	r0, #0
10001f94:	43c0      	mvns	r0, r0
10001f96:	f005 fb07 	bl	100075a8 <____aeabi_idiv0_veneer>
10001f9a:	2100      	movs	r1, #0
10001f9c:	bd04      	pop	{r2, pc}
10001f9e:	46c0      	nop			@ (mov r8, r8)

10001fa0 <divmod_u32u32_savestate>:
10001fa0:	b5f0      	push	{r4, r5, r6, r7, lr}
10001fa2:	6e14      	ldr	r4, [r2, #96]	@ 0x60
10001fa4:	6e55      	ldr	r5, [r2, #100]	@ 0x64
10001fa6:	6f57      	ldr	r7, [r2, #116]	@ 0x74
10001fa8:	6f16      	ldr	r6, [r2, #112]	@ 0x70
10001faa:	f7ff ffe5 	bl	10001f78 <divmod_u32u32_core>
10001fae:	6614      	str	r4, [r2, #96]	@ 0x60
10001fb0:	6655      	str	r5, [r2, #100]	@ 0x64
10001fb2:	6757      	str	r7, [r2, #116]	@ 0x74
10001fb4:	6716      	str	r6, [r2, #112]	@ 0x70
10001fb6:	bdf0      	pop	{r4, r5, r6, r7, pc}
10001fb8:	d0000000 	.word	0xd0000000

10001fbc <__wrap___aeabi_ldivmod>:
10001fbc:	4694      	mov	ip, r2
10001fbe:	4a4a      	ldr	r2, [pc, #296]	@ (100020e8 <udiv0+0x1a>)
10001fc0:	6f92      	ldr	r2, [r2, #120]	@ 0x78
10001fc2:	0892      	lsrs	r2, r2, #2
10001fc4:	4662      	mov	r2, ip
10001fc6:	d201      	bcs.n	10001fcc <divmod_s64s64_savestate>
10001fc8:	e028      	b.n	1000201c <divmod_s64s64_unsafe>
10001fca:	46c0      	nop			@ (mov r8, r8)

10001fcc <divmod_s64s64_savestate>:
10001fcc:	b5f0      	push	{r4, r5, r6, r7, lr}
10001fce:	4e46      	ldr	r6, [pc, #280]	@ (100020e8 <udiv0+0x1a>)
10001fd0:	6e34      	ldr	r4, [r6, #96]	@ 0x60
10001fd2:	6e75      	ldr	r5, [r6, #100]	@ 0x64
10001fd4:	6f77      	ldr	r7, [r6, #116]	@ 0x74
10001fd6:	6f36      	ldr	r6, [r6, #112]	@ 0x70
10001fd8:	f000 f820 	bl	1000201c <divmod_s64s64_unsafe>
10001fdc:	4694      	mov	ip, r2
10001fde:	4a42      	ldr	r2, [pc, #264]	@ (100020e8 <udiv0+0x1a>)
10001fe0:	6614      	str	r4, [r2, #96]	@ 0x60
10001fe2:	6655      	str	r5, [r2, #100]	@ 0x64
10001fe4:	6757      	str	r7, [r2, #116]	@ 0x74
10001fe6:	6716      	str	r6, [r2, #112]	@ 0x70
10001fe8:	4662      	mov	r2, ip
10001fea:	bdf0      	pop	{r4, r5, r6, r7, pc}

10001fec <__wrap___aeabi_uldivmod>:
10001fec:	4694      	mov	ip, r2
10001fee:	4a3e      	ldr	r2, [pc, #248]	@ (100020e8 <udiv0+0x1a>)
10001ff0:	6f92      	ldr	r2, [r2, #120]	@ 0x78
10001ff2:	0892      	lsrs	r2, r2, #2
10001ff4:	4662      	mov	r2, ip
10001ff6:	d201      	bcs.n	10001ffc <divmod_u64u64_savestate>
10001ff8:	e054      	b.n	100020a4 <divmod_u64u64_unsafe>
10001ffa:	46c0      	nop			@ (mov r8, r8)

10001ffc <divmod_u64u64_savestate>:
10001ffc:	b5f0      	push	{r4, r5, r6, r7, lr}
10001ffe:	4e3a      	ldr	r6, [pc, #232]	@ (100020e8 <udiv0+0x1a>)
10002000:	6e34      	ldr	r4, [r6, #96]	@ 0x60
10002002:	6e75      	ldr	r5, [r6, #100]	@ 0x64
10002004:	6f77      	ldr	r7, [r6, #116]	@ 0x74
10002006:	6f36      	ldr	r6, [r6, #112]	@ 0x70
10002008:	f000 f84c 	bl	100020a4 <divmod_u64u64_unsafe>
1000200c:	4694      	mov	ip, r2
1000200e:	4a36      	ldr	r2, [pc, #216]	@ (100020e8 <udiv0+0x1a>)
10002010:	6614      	str	r4, [r2, #96]	@ 0x60
10002012:	6655      	str	r5, [r2, #100]	@ 0x64
10002014:	6757      	str	r7, [r2, #116]	@ 0x74
10002016:	6716      	str	r6, [r2, #112]	@ 0x70
10002018:	4662      	mov	r2, ip
1000201a:	bdf0      	pop	{r4, r5, r6, r7, pc}

1000201c <divmod_s64s64_unsafe>:
1000201c:	2b00      	cmp	r3, #0
1000201e:	db24      	blt.n	1000206a <l46_1+0x26>
10002020:	d011      	beq.n	10002046 <l46_1+0x2>
10002022:	2900      	cmp	r1, #0
10002024:	da3e      	bge.n	100020a4 <divmod_u64u64_unsafe>
10002026:	b500      	push	{lr}
10002028:	43c9      	mvns	r1, r1
1000202a:	4240      	negs	r0, r0
1000202c:	d100      	bne.n	10002030 <l44_1>
1000202e:	3101      	adds	r1, #1

10002030 <l44_1>:
10002030:	f000 f838 	bl	100020a4 <divmod_u64u64_unsafe>
10002034:	43c9      	mvns	r1, r1
10002036:	4240      	negs	r0, r0
10002038:	d100      	bne.n	1000203c <l45_1>
1000203a:	3101      	adds	r1, #1

1000203c <l45_1>:
1000203c:	43db      	mvns	r3, r3
1000203e:	4252      	negs	r2, r2
10002040:	d100      	bne.n	10002044 <l46_1>
10002042:	3301      	adds	r3, #1

10002044 <l46_1>:
10002044:	bd00      	pop	{pc}
10002046:	2a00      	cmp	r2, #0
10002048:	d1eb      	bne.n	10002022 <divmod_s64s64_unsafe+0x6>
1000204a:	2800      	cmp	r0, #0
1000204c:	d101      	bne.n	10002052 <l46_1+0xe>
1000204e:	2900      	cmp	r1, #0
10002050:	d005      	beq.n	1000205e <l46_1+0x1a>
10002052:	2000      	movs	r0, #0
10002054:	0fc9      	lsrs	r1, r1, #31
10002056:	07c9      	lsls	r1, r1, #31
10002058:	d101      	bne.n	1000205e <l46_1+0x1a>
1000205a:	43c0      	mvns	r0, r0
1000205c:	0841      	lsrs	r1, r0, #1
1000205e:	b500      	push	{lr}
10002060:	f005 faba 	bl	100075d8 <____aeabi_ldiv0_veneer>
10002064:	2200      	movs	r2, #0
10002066:	2300      	movs	r3, #0
10002068:	bd00      	pop	{pc}
1000206a:	b500      	push	{lr}
1000206c:	2900      	cmp	r1, #0
1000206e:	db0a      	blt.n	10002086 <l48_1+0x2>
10002070:	43db      	mvns	r3, r3
10002072:	4252      	negs	r2, r2
10002074:	d100      	bne.n	10002078 <l47_1>
10002076:	3301      	adds	r3, #1

10002078 <l47_1>:
10002078:	f000 f814 	bl	100020a4 <divmod_u64u64_unsafe>
1000207c:	43c9      	mvns	r1, r1
1000207e:	4240      	negs	r0, r0
10002080:	d100      	bne.n	10002084 <l48_1>
10002082:	3101      	adds	r1, #1

10002084 <l48_1>:
10002084:	bd00      	pop	{pc}
10002086:	43c9      	mvns	r1, r1
10002088:	4240      	negs	r0, r0
1000208a:	d100      	bne.n	1000208e <l49_1>
1000208c:	3101      	adds	r1, #1

1000208e <l49_1>:
1000208e:	43db      	mvns	r3, r3
10002090:	4252      	negs	r2, r2
10002092:	d100      	bne.n	10002096 <l50_1>
10002094:	3301      	adds	r3, #1

10002096 <l50_1>:
10002096:	f000 f805 	bl	100020a4 <divmod_u64u64_unsafe>
1000209a:	43db      	mvns	r3, r3
1000209c:	4252      	negs	r2, r2
1000209e:	d100      	bne.n	100020a2 <l51_1>
100020a0:	3301      	adds	r3, #1

100020a2 <l51_1>:
100020a2:	bd00      	pop	{pc}

100020a4 <divmod_u64u64_unsafe>:
100020a4:	2900      	cmp	r1, #0
100020a6:	d123      	bne.n	100020f0 <y64>
100020a8:	2b00      	cmp	r3, #0
100020aa:	d118      	bne.n	100020de <udiv0+0x10>
100020ac:	2a00      	cmp	r2, #0
100020ae:	d00c      	beq.n	100020ca <divmod_u64u64_unsafe+0x26>
100020b0:	46bc      	mov	ip, r7
100020b2:	4f0d      	ldr	r7, [pc, #52]	@ (100020e8 <udiv0+0x1a>)
100020b4:	6638      	str	r0, [r7, #96]	@ 0x60
100020b6:	667a      	str	r2, [r7, #100]	@ 0x64
100020b8:	2100      	movs	r1, #0
100020ba:	2300      	movs	r3, #0
100020bc:	e7ff      	b.n	100020be <divmod_u64u64_unsafe+0x1a>
100020be:	e7ff      	b.n	100020c0 <divmod_u64u64_unsafe+0x1c>
100020c0:	e7ff      	b.n	100020c2 <divmod_u64u64_unsafe+0x1e>
100020c2:	6f7a      	ldr	r2, [r7, #116]	@ 0x74
100020c4:	6f38      	ldr	r0, [r7, #112]	@ 0x70
100020c6:	4667      	mov	r7, ip
100020c8:	4770      	bx	lr
100020ca:	2800      	cmp	r0, #0
100020cc:	d001      	beq.n	100020d2 <udiv0+0x4>

100020ce <udiv0>:
100020ce:	4807      	ldr	r0, [pc, #28]	@ (100020ec <udiv0+0x1e>)
100020d0:	0001      	movs	r1, r0
100020d2:	b500      	push	{lr}
100020d4:	f005 fa80 	bl	100075d8 <____aeabi_ldiv0_veneer>
100020d8:	2200      	movs	r2, #0
100020da:	2300      	movs	r3, #0
100020dc:	bd00      	pop	{pc}
100020de:	0002      	movs	r2, r0
100020e0:	000b      	movs	r3, r1
100020e2:	2000      	movs	r0, #0
100020e4:	2100      	movs	r1, #0
100020e6:	4770      	bx	lr
100020e8:	d0000000 	.word	0xd0000000
100020ec:	ffffffff 	.word	0xffffffff

100020f0 <y64>:
100020f0:	2b00      	cmp	r3, #0
100020f2:	d000      	beq.n	100020f6 <y64+0x6>
100020f4:	e0bf      	b.n	10002276 <y64_x48>
100020f6:	0c13      	lsrs	r3, r2, #16
100020f8:	d128      	bne.n	1000214c <y64_x32>
100020fa:	2a00      	cmp	r2, #0
100020fc:	d0e7      	beq.n	100020ce <udiv0>
100020fe:	b480      	push	{r7}
10002100:	4f11      	ldr	r7, [pc, #68]	@ (10002148 <y64+0x58>)
10002102:	6639      	str	r1, [r7, #96]	@ 0x60
10002104:	667a      	str	r2, [r7, #100]	@ 0x64
10002106:	e7ff      	b.n	10002108 <y64+0x18>
10002108:	e7ff      	b.n	1000210a <y64+0x1a>
1000210a:	b430      	push	{r4, r5}
1000210c:	0c04      	lsrs	r4, r0, #16
1000210e:	6f7b      	ldr	r3, [r7, #116]	@ 0x74
10002110:	6f39      	ldr	r1, [r7, #112]	@ 0x70
10002112:	041b      	lsls	r3, r3, #16
10002114:	4323      	orrs	r3, r4
10002116:	663b      	str	r3, [r7, #96]	@ 0x60
10002118:	667a      	str	r2, [r7, #100]	@ 0x64
1000211a:	e7ff      	b.n	1000211c <y64+0x2c>
1000211c:	e7ff      	b.n	1000211e <y64+0x2e>
1000211e:	e7ff      	b.n	10002120 <y64+0x30>
10002120:	46c0      	nop			@ (mov r8, r8)
10002122:	b284      	uxth	r4, r0
10002124:	6f7b      	ldr	r3, [r7, #116]	@ 0x74
10002126:	6f3d      	ldr	r5, [r7, #112]	@ 0x70
10002128:	041b      	lsls	r3, r3, #16
1000212a:	4323      	orrs	r3, r4
1000212c:	663b      	str	r3, [r7, #96]	@ 0x60
1000212e:	667a      	str	r2, [r7, #100]	@ 0x64
10002130:	e7ff      	b.n	10002132 <y64+0x42>
10002132:	e7ff      	b.n	10002134 <y64+0x44>
10002134:	46c0      	nop			@ (mov r8, r8)
10002136:	2300      	movs	r3, #0
10002138:	042c      	lsls	r4, r5, #16
1000213a:	0c2d      	lsrs	r5, r5, #16
1000213c:	6f7a      	ldr	r2, [r7, #116]	@ 0x74
1000213e:	6f38      	ldr	r0, [r7, #112]	@ 0x70
10002140:	1900      	adds	r0, r0, r4
10002142:	4169      	adcs	r1, r5
10002144:	bcb0      	pop	{r4, r5, r7}
10002146:	4770      	bx	lr
10002148:	d0000000 	.word	0xd0000000

1000214c <y64_x32>:
1000214c:	b5f0      	push	{r4, r5, r6, r7, lr}
1000214e:	4694      	mov	ip, r2
10002150:	2500      	movs	r5, #0
10002152:	0e14      	lsrs	r4, r2, #24
10002154:	d101      	bne.n	1000215a <y64_x32+0xe>
10002156:	0212      	lsls	r2, r2, #8
10002158:	3508      	adds	r5, #8
1000215a:	0f14      	lsrs	r4, r2, #28
1000215c:	d101      	bne.n	10002162 <y64_x32+0x16>
1000215e:	0112      	lsls	r2, r2, #4
10002160:	3504      	adds	r5, #4
10002162:	0f94      	lsrs	r4, r2, #30
10002164:	d101      	bne.n	1000216a <y64_x32+0x1e>
10002166:	0092      	lsls	r2, r2, #2
10002168:	3502      	adds	r5, #2
1000216a:	0fd4      	lsrs	r4, r2, #31
1000216c:	d101      	bne.n	10002172 <y64_x32+0x26>
1000216e:	0052      	lsls	r2, r2, #1
10002170:	3501      	adds	r5, #1
10002172:	0bd4      	lsrs	r4, r2, #15
10002174:	3401      	adds	r4, #1
10002176:	4f25      	ldr	r7, [pc, #148]	@ (1000220c <y64_x32+0xc0>)
10002178:	667c      	str	r4, [r7, #100]	@ 0x64
1000217a:	4c25      	ldr	r4, [pc, #148]	@ (10002210 <y64_x32+0xc4>)
1000217c:	663c      	str	r4, [r7, #96]	@ 0x60
1000217e:	0c0e      	lsrs	r6, r1, #16
10002180:	b293      	uxth	r3, r2
10002182:	e7ff      	b.n	10002184 <y64_x32+0x38>
10002184:	e7ff      	b.n	10002186 <y64_x32+0x3a>
10002186:	e7ff      	b.n	10002188 <y64_x32+0x3c>
10002188:	6f3c      	ldr	r4, [r7, #112]	@ 0x70
1000218a:	4366      	muls	r6, r4
1000218c:	0c36      	lsrs	r6, r6, #16
1000218e:	0377      	lsls	r7, r6, #13
10002190:	46be      	mov	lr, r7
10002192:	4373      	muls	r3, r6
10002194:	0bdf      	lsrs	r7, r3, #15
10002196:	045b      	lsls	r3, r3, #17
10002198:	1ac0      	subs	r0, r0, r3
1000219a:	41b9      	sbcs	r1, r7
1000219c:	0c13      	lsrs	r3, r2, #16
1000219e:	4373      	muls	r3, r6
100021a0:	18db      	adds	r3, r3, r3
100021a2:	1ac9      	subs	r1, r1, r3
100021a4:	08ce      	lsrs	r6, r1, #3
100021a6:	4366      	muls	r6, r4
100021a8:	0c36      	lsrs	r6, r6, #16
100021aa:	44b6      	add	lr, r6
100021ac:	b293      	uxth	r3, r2
100021ae:	4373      	muls	r3, r6
100021b0:	0f1f      	lsrs	r7, r3, #28
100021b2:	011b      	lsls	r3, r3, #4
100021b4:	1ac0      	subs	r0, r0, r3
100021b6:	41b9      	sbcs	r1, r7
100021b8:	0c13      	lsrs	r3, r2, #16
100021ba:	4373      	muls	r3, r6
100021bc:	0b1f      	lsrs	r7, r3, #12
100021be:	051b      	lsls	r3, r3, #20
100021c0:	1ac0      	subs	r0, r0, r3
100021c2:	41b9      	sbcs	r1, r7
100021c4:	0d86      	lsrs	r6, r0, #22
100021c6:	028f      	lsls	r7, r1, #10
100021c8:	433e      	orrs	r6, r7
100021ca:	4366      	muls	r6, r4
100021cc:	0c36      	lsrs	r6, r6, #16
100021ce:	2d09      	cmp	r5, #9
100021d0:	db24      	blt.n	1000221c <last0>
100021d2:	0a52      	lsrs	r2, r2, #9
100021d4:	4372      	muls	r2, r6
100021d6:	1a80      	subs	r0, r0, r2
100021d8:	0377      	lsls	r7, r6, #13
100021da:	0a46      	lsrs	r6, r0, #9
100021dc:	4366      	muls	r6, r4
100021de:	0c36      	lsrs	r6, r6, #16
100021e0:	2316      	movs	r3, #22
100021e2:	1b5b      	subs	r3, r3, r5
100021e4:	40de      	lsrs	r6, r3
100021e6:	40df      	lsrs	r7, r3
100021e8:	19bf      	adds	r7, r7, r6
100021ea:	4664      	mov	r4, ip
100021ec:	4366      	muls	r6, r4
100021ee:	1b82      	subs	r2, r0, r6
100021f0:	4670      	mov	r0, lr
100021f2:	3504      	adds	r5, #4
100021f4:	3306      	adds	r3, #6
100021f6:	0001      	movs	r1, r0
100021f8:	40d9      	lsrs	r1, r3
100021fa:	40a8      	lsls	r0, r5
100021fc:	19c0      	adds	r0, r0, r7
100021fe:	d300      	bcc.n	10002202 <y64_x32+0xb6>
10002200:	3101      	adds	r1, #1
10002202:	42a2      	cmp	r2, r4
10002204:	d206      	bcs.n	10002214 <y64_x32+0xc8>
10002206:	2300      	movs	r3, #0
10002208:	bdf0      	pop	{r4, r5, r6, r7, pc}
1000220a:	0000      	.short	0x0000
1000220c:	d0000000 	.word	0xd0000000
10002210:	ffffffff 	.word	0xffffffff
10002214:	1b12      	subs	r2, r2, r4
10002216:	3001      	adds	r0, #1
10002218:	d3f3      	bcc.n	10002202 <y64_x32+0xb6>
1000221a:	e7f1      	b.n	10002200 <y64_x32+0xb4>

1000221c <last0>:
1000221c:	2709      	movs	r7, #9
1000221e:	1b7f      	subs	r7, r7, r5
10002220:	40fe      	lsrs	r6, r7
10002222:	4664      	mov	r4, ip
10002224:	b2a2      	uxth	r2, r4
10002226:	4372      	muls	r2, r6
10002228:	1a80      	subs	r0, r0, r2
1000222a:	d200      	bcs.n	1000222e <last0+0x12>
1000222c:	3901      	subs	r1, #1
1000222e:	0c22      	lsrs	r2, r4, #16
10002230:	4372      	muls	r2, r6
10002232:	0c13      	lsrs	r3, r2, #16
10002234:	0412      	lsls	r2, r2, #16
10002236:	1a82      	subs	r2, r0, r2
10002238:	4199      	sbcs	r1, r3
1000223a:	000b      	movs	r3, r1
1000223c:	4670      	mov	r0, lr
1000223e:	3504      	adds	r5, #4
10002240:	3713      	adds	r7, #19
10002242:	0001      	movs	r1, r0
10002244:	40f9      	lsrs	r1, r7
10002246:	40a8      	lsls	r0, r5
10002248:	1980      	adds	r0, r0, r6
1000224a:	d300      	bcc.n	1000224e <last0+0x32>
1000224c:	3101      	adds	r1, #1
1000224e:	2b00      	cmp	r3, #0
10002250:	d102      	bne.n	10002258 <last0+0x3c>
10002252:	42a2      	cmp	r2, r4
10002254:	d20a      	bcs.n	1000226c <last0+0x50>
10002256:	bdf0      	pop	{r4, r5, r6, r7, pc}
10002258:	3001      	adds	r0, #1
1000225a:	d300      	bcc.n	1000225e <last0+0x42>
1000225c:	3101      	adds	r1, #1
1000225e:	1b12      	subs	r2, r2, r4
10002260:	d2fa      	bcs.n	10002258 <last0+0x3c>
10002262:	3b01      	subs	r3, #1
10002264:	d1f8      	bne.n	10002258 <last0+0x3c>
10002266:	42a2      	cmp	r2, r4
10002268:	d200      	bcs.n	1000226c <last0+0x50>
1000226a:	bdf0      	pop	{r4, r5, r6, r7, pc}
1000226c:	3001      	adds	r0, #1
1000226e:	d300      	bcc.n	10002272 <last0+0x56>
10002270:	3101      	adds	r1, #1
10002272:	1b12      	subs	r2, r2, r4
10002274:	e7f7      	b.n	10002266 <last0+0x4a>

10002276 <y64_x48>:
10002276:	b5f0      	push	{r4, r5, r6, r7, lr}
10002278:	0c1c      	lsrs	r4, r3, #16
1000227a:	d000      	beq.n	1000227e <y64_x48+0x8>
1000227c:	e080      	b.n	10002380 <y64_x64>
1000227e:	b40c      	push	{r2, r3}
10002280:	2500      	movs	r5, #0
10002282:	0a1c      	lsrs	r4, r3, #8
10002284:	d104      	bne.n	10002290 <y64_x48+0x1a>
10002286:	021b      	lsls	r3, r3, #8
10002288:	0e16      	lsrs	r6, r2, #24
1000228a:	4333      	orrs	r3, r6
1000228c:	0212      	lsls	r2, r2, #8
1000228e:	3508      	adds	r5, #8
10002290:	0b1c      	lsrs	r4, r3, #12
10002292:	d104      	bne.n	1000229e <y64_x48+0x28>
10002294:	011b      	lsls	r3, r3, #4
10002296:	0f16      	lsrs	r6, r2, #28
10002298:	4333      	orrs	r3, r6
1000229a:	0112      	lsls	r2, r2, #4
1000229c:	3504      	adds	r5, #4
1000229e:	0b9c      	lsrs	r4, r3, #14
100022a0:	d104      	bne.n	100022ac <y64_x48+0x36>
100022a2:	009b      	lsls	r3, r3, #2
100022a4:	0f96      	lsrs	r6, r2, #30
100022a6:	4333      	orrs	r3, r6
100022a8:	0092      	lsls	r2, r2, #2
100022aa:	3502      	adds	r5, #2
100022ac:	0bdc      	lsrs	r4, r3, #15
100022ae:	d102      	bne.n	100022b6 <y64_x48+0x40>
100022b0:	1892      	adds	r2, r2, r2
100022b2:	415b      	adcs	r3, r3
100022b4:	3501      	adds	r5, #1
100022b6:	001c      	movs	r4, r3
100022b8:	1897      	adds	r7, r2, r2
100022ba:	4164      	adcs	r4, r4
100022bc:	3401      	adds	r4, #1
100022be:	4f46      	ldr	r7, [pc, #280]	@ (100023d8 <y64_x64+0x58>)
100022c0:	667c      	str	r4, [r7, #100]	@ 0x64
100022c2:	4c46      	ldr	r4, [pc, #280]	@ (100023dc <y64_x64+0x5c>)
100022c4:	663c      	str	r4, [r7, #96]	@ 0x60
100022c6:	0c0e      	lsrs	r6, r1, #16
100022c8:	e7ff      	b.n	100022ca <y64_x48+0x54>
100022ca:	e7ff      	b.n	100022cc <y64_x48+0x56>
100022cc:	e7ff      	b.n	100022ce <y64_x48+0x58>
100022ce:	46c0      	nop			@ (mov r8, r8)
100022d0:	6f3c      	ldr	r4, [r7, #112]	@ 0x70
100022d2:	4366      	muls	r6, r4
100022d4:	0c36      	lsrs	r6, r6, #16
100022d6:	0377      	lsls	r7, r6, #13
100022d8:	46be      	mov	lr, r7
100022da:	b297      	uxth	r7, r2
100022dc:	4377      	muls	r7, r6
100022de:	1bc0      	subs	r0, r0, r7
100022e0:	d200      	bcs.n	100022e4 <y64_x48+0x6e>
100022e2:	3901      	subs	r1, #1
100022e4:	1bc0      	subs	r0, r0, r7
100022e6:	d200      	bcs.n	100022ea <y64_x48+0x74>
100022e8:	3901      	subs	r1, #1
100022ea:	b29f      	uxth	r7, r3
100022ec:	4377      	muls	r7, r6
100022ee:	1bc9      	subs	r1, r1, r7
100022f0:	1bc9      	subs	r1, r1, r7
100022f2:	0c17      	lsrs	r7, r2, #16
100022f4:	4377      	muls	r7, r6
100022f6:	047e      	lsls	r6, r7, #17
100022f8:	0bff      	lsrs	r7, r7, #15
100022fa:	1b80      	subs	r0, r0, r6
100022fc:	41b9      	sbcs	r1, r7
100022fe:	08ce      	lsrs	r6, r1, #3
10002300:	4366      	muls	r6, r4
10002302:	0c36      	lsrs	r6, r6, #16
10002304:	2d0c      	cmp	r5, #12
10002306:	db33      	blt.n	10002370 <last1>
10002308:	44b6      	add	lr, r6
1000230a:	0b12      	lsrs	r2, r2, #12
1000230c:	051f      	lsls	r7, r3, #20
1000230e:	433a      	orrs	r2, r7
10002310:	0b1b      	lsrs	r3, r3, #12
10002312:	b297      	uxth	r7, r2
10002314:	4377      	muls	r7, r6
10002316:	1bc0      	subs	r0, r0, r7
10002318:	d200      	bcs.n	1000231c <y64_x48+0xa6>
1000231a:	3901      	subs	r1, #1
1000231c:	b29f      	uxth	r7, r3
1000231e:	4377      	muls	r7, r6
10002320:	1bc9      	subs	r1, r1, r7
10002322:	0c17      	lsrs	r7, r2, #16
10002324:	4377      	muls	r7, r6
10002326:	043e      	lsls	r6, r7, #16
10002328:	0c3f      	lsrs	r7, r7, #16
1000232a:	1b80      	subs	r0, r0, r6
1000232c:	41b9      	sbcs	r1, r7
1000232e:	0d86      	lsrs	r6, r0, #22
10002330:	028f      	lsls	r7, r1, #10
10002332:	433e      	orrs	r6, r7
10002334:	4366      	muls	r6, r4
10002336:	2729      	movs	r7, #41	@ 0x29
10002338:	1b7f      	subs	r7, r7, r5
1000233a:	40fe      	lsrs	r6, r7
1000233c:	3d0c      	subs	r5, #12
1000233e:	4677      	mov	r7, lr
10002340:	40af      	lsls	r7, r5
10002342:	19bf      	adds	r7, r7, r6
10002344:	bc30      	pop	{r4, r5}
10002346:	b2a2      	uxth	r2, r4
10002348:	b2ab      	uxth	r3, r5
1000234a:	4372      	muls	r2, r6
1000234c:	4373      	muls	r3, r6
1000234e:	1a80      	subs	r0, r0, r2
10002350:	4199      	sbcs	r1, r3
10002352:	0c22      	lsrs	r2, r4, #16
10002354:	4372      	muls	r2, r6
10002356:	0c13      	lsrs	r3, r2, #16
10002358:	0412      	lsls	r2, r2, #16
1000235a:	1a80      	subs	r0, r0, r2
1000235c:	4199      	sbcs	r1, r3
1000235e:	0002      	movs	r2, r0
10002360:	000b      	movs	r3, r1
10002362:	3701      	adds	r7, #1
10002364:	1b00      	subs	r0, r0, r4
10002366:	41a9      	sbcs	r1, r5
10002368:	d2f9      	bcs.n	1000235e <y64_x48+0xe8>
1000236a:	1e78      	subs	r0, r7, #1
1000236c:	2100      	movs	r1, #0
1000236e:	bdf0      	pop	{r4, r5, r6, r7, pc}

10002370 <last1>:
10002370:	270c      	movs	r7, #12
10002372:	1b7f      	subs	r7, r7, r5
10002374:	40fe      	lsrs	r6, r7
10002376:	4677      	mov	r7, lr
10002378:	0b7f      	lsrs	r7, r7, #13
1000237a:	40af      	lsls	r7, r5
1000237c:	19ff      	adds	r7, r7, r7
1000237e:	e7e0      	b.n	10002342 <y64_x48+0xcc>

10002380 <y64_x64>:
10002380:	2400      	movs	r4, #0
10002382:	1c5d      	adds	r5, r3, #1
10002384:	d007      	beq.n	10002396 <y64_x64+0x16>
10002386:	4f14      	ldr	r7, [pc, #80]	@ (100023d8 <y64_x64+0x58>)
10002388:	667d      	str	r5, [r7, #100]	@ 0x64
1000238a:	6639      	str	r1, [r7, #96]	@ 0x60
1000238c:	e7ff      	b.n	1000238e <y64_x64+0xe>
1000238e:	e7ff      	b.n	10002390 <y64_x64+0x10>
10002390:	e7ff      	b.n	10002392 <y64_x64+0x12>
10002392:	e7ff      	b.n	10002394 <y64_x64+0x14>
10002394:	6f3c      	ldr	r4, [r7, #112]	@ 0x70
10002396:	b295      	uxth	r5, r2
10002398:	b29e      	uxth	r6, r3
1000239a:	4365      	muls	r5, r4
1000239c:	4366      	muls	r6, r4
1000239e:	1b40      	subs	r0, r0, r5
100023a0:	41b1      	sbcs	r1, r6
100023a2:	0c15      	lsrs	r5, r2, #16
100023a4:	0c1e      	lsrs	r6, r3, #16
100023a6:	4365      	muls	r5, r4
100023a8:	4366      	muls	r6, r4
100023aa:	0436      	lsls	r6, r6, #16
100023ac:	0c2f      	lsrs	r7, r5, #16
100023ae:	433e      	orrs	r6, r7
100023b0:	042d      	lsls	r5, r5, #16
100023b2:	1b40      	subs	r0, r0, r5
100023b4:	41b1      	sbcs	r1, r6
100023b6:	4299      	cmp	r1, r3
100023b8:	d204      	bcs.n	100023c4 <y64_x64+0x44>
100023ba:	0002      	movs	r2, r0
100023bc:	000b      	movs	r3, r1
100023be:	0020      	movs	r0, r4
100023c0:	2100      	movs	r1, #0
100023c2:	bdf0      	pop	{r4, r5, r6, r7, pc}
100023c4:	d101      	bne.n	100023ca <y64_x64+0x4a>
100023c6:	4290      	cmp	r0, r2
100023c8:	d3f7      	bcc.n	100023ba <y64_x64+0x3a>
100023ca:	1a80      	subs	r0, r0, r2
100023cc:	4199      	sbcs	r1, r3
100023ce:	3401      	adds	r4, #1
100023d0:	4299      	cmp	r1, r3
100023d2:	d3f2      	bcc.n	100023ba <y64_x64+0x3a>
100023d4:	e7f6      	b.n	100023c4 <y64_x64+0x44>
100023d6:	0000      	.short	0x0000
100023d8:	d0000000 	.word	0xd0000000
100023dc:	ffffffff 	.word	0xffffffff

100023e0 <__wrap___aeabi_drsub>:
100023e0:	4048      	eors	r0, r1
100023e2:	4041      	eors	r1, r0
100023e4:	4048      	eors	r0, r1

100023e6 <__wrap___aeabi_dsub>:
100023e6:	b418      	push	{r3, r4}
100023e8:	4b1b      	ldr	r3, [pc, #108]	@ (10002458 <__wrap___aeabi_dmul+0x12>)
100023ea:	685b      	ldr	r3, [r3, #4]
100023ec:	46fc      	mov	ip, pc
100023ee:	9301      	str	r3, [sp, #4]
100023f0:	bd08      	pop	{r3, pc}
100023f2:	df04      	.short	0xdf04
100023f4:	1000268b 	.word	0x1000268b

100023f8 <__wrap___aeabi_dadd>:
100023f8:	b418      	push	{r3, r4}
100023fa:	4b17      	ldr	r3, [pc, #92]	@ (10002458 <__wrap___aeabi_dmul+0x12>)
100023fc:	681b      	ldr	r3, [r3, #0]
100023fe:	46fc      	mov	ip, pc
10002400:	9301      	str	r3, [sp, #4]
10002402:	bd08      	pop	{r3, pc}
10002404:	2695df00 	.word	0x2695df00
10002408:	1000      	.short	0x1000

1000240a <__wrap___aeabi_ddiv>:
1000240a:	4694      	mov	ip, r2
1000240c:	4a13      	ldr	r2, [pc, #76]	@ (1000245c <__wrap___aeabi_dmul+0x16>)
1000240e:	6f92      	ldr	r2, [r2, #120]	@ 0x78
10002410:	0892      	lsrs	r2, r2, #2
10002412:	d209      	bcs.n	10002428 <ddiv_save_state>
10002414:	4662      	mov	r2, ip

10002416 <ddiv_shim_call>:
10002416:	b418      	push	{r3, r4}
10002418:	4b0f      	ldr	r3, [pc, #60]	@ (10002458 <__wrap___aeabi_dmul+0x12>)
1000241a:	68db      	ldr	r3, [r3, #12]
1000241c:	46fc      	mov	ip, pc
1000241e:	9301      	str	r3, [sp, #4]
10002420:	bd08      	pop	{r3, pc}
10002422:	df0c      	.short	0xdf0c
10002424:	1000294d 	.word	0x1000294d

10002428 <ddiv_save_state>:
10002428:	4a0c      	ldr	r2, [pc, #48]	@ (1000245c <__wrap___aeabi_dmul+0x16>)
1000242a:	b5f0      	push	{r4, r5, r6, r7, lr}
1000242c:	6e14      	ldr	r4, [r2, #96]	@ 0x60
1000242e:	6e55      	ldr	r5, [r2, #100]	@ 0x64
10002430:	6f57      	ldr	r7, [r2, #116]	@ 0x74
10002432:	6f16      	ldr	r6, [r2, #112]	@ 0x70
10002434:	4662      	mov	r2, ip
10002436:	f7ff ffee 	bl	10002416 <ddiv_shim_call>
1000243a:	4a08      	ldr	r2, [pc, #32]	@ (1000245c <__wrap___aeabi_dmul+0x16>)
1000243c:	6614      	str	r4, [r2, #96]	@ 0x60
1000243e:	6655      	str	r5, [r2, #100]	@ 0x64
10002440:	6757      	str	r7, [r2, #116]	@ 0x74
10002442:	6716      	str	r6, [r2, #112]	@ 0x70
10002444:	bdf0      	pop	{r4, r5, r6, r7, pc}

10002446 <__wrap___aeabi_dmul>:
10002446:	b418      	push	{r3, r4}
10002448:	4b03      	ldr	r3, [pc, #12]	@ (10002458 <__wrap___aeabi_dmul+0x12>)
1000244a:	689b      	ldr	r3, [r3, #8]
1000244c:	46fc      	mov	ip, pc
1000244e:	9301      	str	r3, [sp, #4]
10002450:	bd08      	pop	{r3, pc}
10002452:	df08      	.short	0xdf08
10002454:	100027f1 	.word	0x100027f1
10002458:	200012e8 	.word	0x200012e8
1000245c:	d0000000 	.word	0xd0000000

10002460 <__wrap___aeabi_cdrcmple>:
10002460:	b5ff      	push	{r0, r1, r2, r3, r4, r5, r6, r7, lr}
10002462:	4050      	eors	r0, r2
10002464:	4042      	eors	r2, r0
10002466:	4050      	eors	r0, r2
10002468:	4059      	eors	r1, r3
1000246a:	404b      	eors	r3, r1
1000246c:	4059      	eors	r1, r3
1000246e:	e000      	b.n	10002472 <__aeabi_dfcmple_guts>

10002470 <__wrap___aeabi_cdcmpeq>:
10002470:	b5ff      	push	{r0, r1, r2, r3, r4, r5, r6, r7, lr}

10002472 <__aeabi_dfcmple_guts>:
10002472:	4f15      	ldr	r7, [pc, #84]	@ (100024c8 <__aeabi_dfcmple_guts+0x56>)
10002474:	004c      	lsls	r4, r1, #1
10002476:	0d64      	lsrs	r4, r4, #21
10002478:	d003      	beq.n	10002482 <__aeabi_dfcmple_guts+0x10>
1000247a:	42bc      	cmp	r4, r7
1000247c:	d104      	bne.n	10002488 <__aeabi_dfcmple_guts+0x16>
1000247e:	030c      	lsls	r4, r1, #12
10002480:	d814      	bhi.n	100024ac <__aeabi_dfcmple_guts+0x3a>
10002482:	2000      	movs	r0, #0
10002484:	0d09      	lsrs	r1, r1, #20
10002486:	0509      	lsls	r1, r1, #20
10002488:	005c      	lsls	r4, r3, #1
1000248a:	0d64      	lsrs	r4, r4, #21
1000248c:	d003      	beq.n	10002496 <__aeabi_dfcmple_guts+0x24>
1000248e:	42bc      	cmp	r4, r7
10002490:	d104      	bne.n	1000249c <__aeabi_dfcmple_guts+0x2a>
10002492:	031c      	lsls	r4, r3, #12
10002494:	d80a      	bhi.n	100024ac <__aeabi_dfcmple_guts+0x3a>
10002496:	2200      	movs	r2, #0
10002498:	0d1b      	lsrs	r3, r3, #20
1000249a:	051b      	lsls	r3, r3, #20
1000249c:	2601      	movs	r6, #1
1000249e:	404b      	eors	r3, r1
100024a0:	d409      	bmi.n	100024b6 <__aeabi_dfcmple_guts+0x44>
100024a2:	404b      	eors	r3, r1
100024a4:	d503      	bpl.n	100024ae <__aeabi_dfcmple_guts+0x3c>
100024a6:	428b      	cmp	r3, r1
100024a8:	d100      	bne.n	100024ac <__aeabi_dfcmple_guts+0x3a>
100024aa:	4282      	cmp	r2, r0
100024ac:	bdff      	pop	{r0, r1, r2, r3, r4, r5, r6, r7, pc}
100024ae:	4299      	cmp	r1, r3
100024b0:	d1fc      	bne.n	100024ac <__aeabi_dfcmple_guts+0x3a>
100024b2:	4290      	cmp	r0, r2
100024b4:	bdff      	pop	{r0, r1, r2, r3, r4, r5, r6, r7, pc}
100024b6:	430b      	orrs	r3, r1
100024b8:	18db      	adds	r3, r3, r3
100024ba:	4303      	orrs	r3, r0
100024bc:	4313      	orrs	r3, r2
100024be:	d0f5      	beq.n	100024ac <__aeabi_dfcmple_guts+0x3a>
100024c0:	43c9      	mvns	r1, r1
100024c2:	1849      	adds	r1, r1, r1
100024c4:	bdff      	pop	{r0, r1, r2, r3, r4, r5, r6, r7, pc}
100024c6:	0000      	.short	0x0000
100024c8:	000007ff 	.word	0x000007ff

100024cc <__wrap___aeabi_dcmplt>:
100024cc:	b500      	push	{lr}
100024ce:	f7ff ffcf 	bl	10002470 <__wrap___aeabi_cdcmpeq>
100024d2:	4180      	sbcs	r0, r0
100024d4:	bd00      	pop	{pc}
100024d6:	46c0      	nop			@ (mov r8, r8)

100024d8 <__wrap___aeabi_dcmple>:
100024d8:	b500      	push	{lr}
100024da:	f7ff ffc9 	bl	10002470 <__wrap___aeabi_cdcmpeq>
100024de:	d901      	bls.n	100024e4 <__wrap___aeabi_dcmple+0xc>
100024e0:	2000      	movs	r0, #0
100024e2:	bd00      	pop	{pc}
100024e4:	2001      	movs	r0, #1
100024e6:	bd00      	pop	{pc}

100024e8 <__wrap___aeabi_dcmpge>:
100024e8:	b500      	push	{lr}
100024ea:	f7ff ffb9 	bl	10002460 <__wrap___aeabi_cdrcmple>
100024ee:	d901      	bls.n	100024f4 <__wrap___aeabi_dcmpge+0xc>
100024f0:	2000      	movs	r0, #0
100024f2:	bd00      	pop	{pc}
100024f4:	2001      	movs	r0, #1
100024f6:	bd00      	pop	{pc}

100024f8 <__wrap___aeabi_dcmpgt>:
100024f8:	b500      	push	{lr}
100024fa:	f7ff ffb1 	bl	10002460 <__wrap___aeabi_cdrcmple>
100024fe:	4180      	sbcs	r0, r0
10002500:	bd00      	pop	{pc}

10002502 <__wrap___aeabi_dcmpun>:
10002502:	2001      	movs	r0, #1
10002504:	0540      	lsls	r0, r0, #21
10002506:	004a      	lsls	r2, r1, #1
10002508:	1812      	adds	r2, r2, r0
1000250a:	d804      	bhi.n	10002516 <__wrap___aeabi_dcmpun+0x14>
1000250c:	005a      	lsls	r2, r3, #1
1000250e:	1812      	adds	r2, r2, r0
10002510:	d801      	bhi.n	10002516 <__wrap___aeabi_dcmpun+0x14>
10002512:	2000      	movs	r0, #0
10002514:	4770      	bx	lr
10002516:	2001      	movs	r0, #1
10002518:	4770      	bx	lr
	...

1000251c <__wrap___aeabi_ui2d>:
1000251c:	2100      	movs	r1, #0
1000251e:	2800      	cmp	r0, #0
10002520:	d105      	bne.n	1000252e <__wrap___aeabi_i2d+0xa>
10002522:	4770      	bx	lr

10002524 <__wrap___aeabi_i2d>:
10002524:	17c1      	asrs	r1, r0, #31
10002526:	4048      	eors	r0, r1
10002528:	1a40      	subs	r0, r0, r1
1000252a:	d0fa      	beq.n	10002522 <__wrap___aeabi_ui2d+0x6>
1000252c:	07c9      	lsls	r1, r1, #31
1000252e:	b513      	push	{r0, r1, r4, lr}
10002530:	4b06      	ldr	r3, [pc, #24]	@ (1000254c <__wrap___aeabi_i2d+0x28>)
10002532:	681b      	ldr	r3, [r3, #0]
10002534:	4798      	blx	r3
10002536:	bc0c      	pop	{r2, r3}
10002538:	1c44      	adds	r4, r0, #1
1000253a:	40a2      	lsls	r2, r4
1000253c:	0510      	lsls	r0, r2, #20
1000253e:	0b12      	lsrs	r2, r2, #12
10002540:	4903      	ldr	r1, [pc, #12]	@ (10002550 <__wrap___aeabi_i2d+0x2c>)
10002542:	1b09      	subs	r1, r1, r4
10002544:	0509      	lsls	r1, r1, #20
10002546:	4319      	orrs	r1, r3
10002548:	4311      	orrs	r1, r2
1000254a:	bd10      	pop	{r4, pc}
1000254c:	20001e9c 	.word	0x20001e9c
10002550:	0000041f 	.word	0x0000041f

10002554 <__wrap___aeabi_d2iz>:
10002554:	b510      	push	{r4, lr}
10002556:	004c      	lsls	r4, r1, #1
10002558:	0d62      	lsrs	r2, r4, #21
1000255a:	2380      	movs	r3, #128	@ 0x80
1000255c:	18d2      	adds	r2, r2, r3
1000255e:	00db      	lsls	r3, r3, #3
10002560:	1ad2      	subs	r2, r2, r3
10002562:	055b      	lsls	r3, r3, #21
10002564:	2a7e      	cmp	r2, #126	@ 0x7e
10002566:	dd10      	ble.n	1000258a <__wrap___aeabi_d2iz+0x36>
10002568:	3a9e      	subs	r2, #158	@ 0x9e
1000256a:	da13      	bge.n	10002594 <__wrap___aeabi_d2iz+0x40>
1000256c:	17cc      	asrs	r4, r1, #31
1000256e:	0309      	lsls	r1, r1, #12
10002570:	0849      	lsrs	r1, r1, #1
10002572:	4319      	orrs	r1, r3
10002574:	4252      	negs	r2, r2
10002576:	40d1      	lsrs	r1, r2
10002578:	0064      	lsls	r4, r4, #1
1000257a:	3401      	adds	r4, #1
1000257c:	3215      	adds	r2, #21
1000257e:	2a20      	cmp	r2, #32
10002580:	da05      	bge.n	1000258e <__wrap___aeabi_d2iz+0x3a>
10002582:	40d0      	lsrs	r0, r2
10002584:	4308      	orrs	r0, r1
10002586:	4360      	muls	r0, r4
10002588:	bd10      	pop	{r4, pc}
1000258a:	2000      	movs	r0, #0
1000258c:	bd10      	pop	{r4, pc}
1000258e:	4608      	mov	r0, r1
10002590:	4360      	muls	r0, r4
10002592:	bd10      	pop	{r4, pc}
10002594:	0fc8      	lsrs	r0, r1, #31
10002596:	18c0      	adds	r0, r0, r3
10002598:	3801      	subs	r0, #1
1000259a:	bd10      	pop	{r4, pc}

1000259c <__wrap___aeabi_d2uiz>:
1000259c:	b418      	push	{r3, r4}
1000259e:	4b04      	ldr	r3, [pc, #16]	@ (100025b0 <__wrap___aeabi_d2uiz+0x14>)
100025a0:	6a5b      	ldr	r3, [r3, #36]	@ 0x24
100025a2:	46fc      	mov	ip, pc
100025a4:	9301      	str	r3, [sp, #4]
100025a6:	bd08      	pop	{r3, pc}
100025a8:	2afddf24 	.word	0x2afddf24
100025ac:	00001000 	.word	0x00001000
100025b0:	200012e8 	.word	0x200012e8

100025b4 <__aeabi_double_init>:
100025b4:	2313      	movs	r3, #19
100025b6:	b570      	push	{r4, r5, r6, lr}
100025b8:	781d      	ldrb	r5, [r3, #0]
100025ba:	2d01      	cmp	r5, #1
100025bc:	d019      	beq.n	100025f2 <__aeabi_double_init+0x3e>
100025be:	dd14      	ble.n	100025ea <__aeabi_double_init+0x36>
100025c0:	481f      	ldr	r0, [pc, #124]	@ (10002640 <__aeabi_double_init+0x8c>)
100025c2:	f7ff fb31 	bl	10001c28 <rom_data_lookup>
100025c6:	0006      	movs	r6, r0
100025c8:	481e      	ldr	r0, [pc, #120]	@ (10002644 <__aeabi_double_init+0x90>)
100025ca:	f7ff fb2d 	bl	10001c28 <rom_data_lookup>
100025ce:	4c1e      	ldr	r4, [pc, #120]	@ (10002648 <__aeabi_double_init+0x94>)
100025d0:	2280      	movs	r2, #128	@ 0x80
100025d2:	0031      	movs	r1, r6
100025d4:	0020      	movs	r0, r4
100025d6:	f000 fb61 	bl	10002c9c <__wrap___aeabi_memcpy>
100025da:	2d02      	cmp	r5, #2
100025dc:	d02d      	beq.n	1000263a <__aeabi_double_init+0x86>
100025de:	481b      	ldr	r0, [pc, #108]	@ (1000264c <__aeabi_double_init+0x98>)
100025e0:	f7ff fb1a 	bl	10001c18 <rom_func_lookup>
100025e4:	4b1a      	ldr	r3, [pc, #104]	@ (10002650 <__aeabi_double_init+0x9c>)
100025e6:	6018      	str	r0, [r3, #0]
100025e8:	bd70      	pop	{r4, r5, r6, pc}
100025ea:	4b1a      	ldr	r3, [pc, #104]	@ (10002654 <__aeabi_double_init+0xa0>)
100025ec:	4c16      	ldr	r4, [pc, #88]	@ (10002648 <__aeabi_double_init+0x94>)
100025ee:	64a3      	str	r3, [r4, #72]	@ 0x48
100025f0:	e7f5      	b.n	100025de <__aeabi_double_init+0x2a>
100025f2:	4b18      	ldr	r3, [pc, #96]	@ (10002654 <__aeabi_double_init+0xa0>)
100025f4:	4c14      	ldr	r4, [pc, #80]	@ (10002648 <__aeabi_double_init+0x94>)
100025f6:	6023      	str	r3, [r4, #0]
100025f8:	6063      	str	r3, [r4, #4]
100025fa:	60a3      	str	r3, [r4, #8]
100025fc:	60e3      	str	r3, [r4, #12]
100025fe:	6123      	str	r3, [r4, #16]
10002600:	6163      	str	r3, [r4, #20]
10002602:	61a3      	str	r3, [r4, #24]
10002604:	61e3      	str	r3, [r4, #28]
10002606:	6223      	str	r3, [r4, #32]
10002608:	6263      	str	r3, [r4, #36]	@ 0x24
1000260a:	62a3      	str	r3, [r4, #40]	@ 0x28
1000260c:	62e3      	str	r3, [r4, #44]	@ 0x2c
1000260e:	6323      	str	r3, [r4, #48]	@ 0x30
10002610:	6363      	str	r3, [r4, #52]	@ 0x34
10002612:	63a3      	str	r3, [r4, #56]	@ 0x38
10002614:	63e3      	str	r3, [r4, #60]	@ 0x3c
10002616:	6423      	str	r3, [r4, #64]	@ 0x40
10002618:	6463      	str	r3, [r4, #68]	@ 0x44
1000261a:	64a3      	str	r3, [r4, #72]	@ 0x48
1000261c:	64e3      	str	r3, [r4, #76]	@ 0x4c
1000261e:	6523      	str	r3, [r4, #80]	@ 0x50
10002620:	6563      	str	r3, [r4, #84]	@ 0x54
10002622:	65a3      	str	r3, [r4, #88]	@ 0x58
10002624:	65e3      	str	r3, [r4, #92]	@ 0x5c
10002626:	6623      	str	r3, [r4, #96]	@ 0x60
10002628:	6663      	str	r3, [r4, #100]	@ 0x64
1000262a:	66a3      	str	r3, [r4, #104]	@ 0x68
1000262c:	66e3      	str	r3, [r4, #108]	@ 0x6c
1000262e:	6723      	str	r3, [r4, #112]	@ 0x70
10002630:	6763      	str	r3, [r4, #116]	@ 0x74
10002632:	67a3      	str	r3, [r4, #120]	@ 0x78
10002634:	67e3      	str	r3, [r4, #124]	@ 0x7c
10002636:	64a3      	str	r3, [r4, #72]	@ 0x48
10002638:	e7d1      	b.n	100025de <__aeabi_double_init+0x2a>
1000263a:	4b06      	ldr	r3, [pc, #24]	@ (10002654 <__aeabi_double_init+0xa0>)
1000263c:	64a3      	str	r3, [r4, #72]	@ 0x48
1000263e:	e7ce      	b.n	100025de <__aeabi_double_init+0x2a>
10002640:	00004453 	.word	0x00004453
10002644:	00004653 	.word	0x00004653
10002648:	200012e8 	.word	0x200012e8
1000264c:	0000334c 	.word	0x0000334c
10002650:	20001e9c 	.word	0x20001e9c
10002654:	10002659 	.word	0x10002659

10002658 <double_table_shim_on_use_helper>:
10002658:	b507      	push	{r0, r1, r2, lr}
1000265a:	4660      	mov	r0, ip
1000265c:	8801      	ldrh	r1, [r0, #0]
1000265e:	0a0a      	lsrs	r2, r1, #8
10002660:	3002      	adds	r0, #2
10002662:	2adf      	cmp	r2, #223	@ 0xdf
10002664:	d1fa      	bne.n	1000265c <double_table_shim_on_use_helper+0x4>
10002666:	b2c9      	uxtb	r1, r1
10002668:	0882      	lsrs	r2, r0, #2
1000266a:	d304      	bcc.n	10002676 <double_table_shim_on_use_helper+0x1e>
1000266c:	8802      	ldrh	r2, [r0, #0]
1000266e:	8840      	ldrh	r0, [r0, #2]
10002670:	0400      	lsls	r0, r0, #16
10002672:	4310      	orrs	r0, r2
10002674:	e000      	b.n	10002678 <double_table_shim_on_use_helper+0x20>
10002676:	6800      	ldr	r0, [r0, #0]
10002678:	4a01      	ldr	r2, [pc, #4]	@ (10002680 <double_table_shim_on_use_helper+0x28>)
1000267a:	5050      	str	r0, [r2, r1]
1000267c:	9003      	str	r0, [sp, #12]
1000267e:	bd07      	pop	{r0, r1, r2, pc}
10002680:	200012e8 	.word	0x200012e8

10002684 <drsub_shim>:
10002684:	b40f      	push	{r0, r1, r2, r3}
10002686:	bc03      	pop	{r0, r1}
10002688:	bc0c      	pop	{r2, r3}

1000268a <dsub_shim>:
1000268a:	b5f0      	push	{r4, r5, r6, r7, lr}
1000268c:	2401      	movs	r4, #1
1000268e:	07e4      	lsls	r4, r4, #31
10002690:	4063      	eors	r3, r4
10002692:	e000      	b.n	10002696 <da_entry>

10002694 <dadd_shim>:
10002694:	b5f0      	push	{r4, r5, r6, r7, lr}

10002696 <da_entry>:
10002696:	0d0c      	lsrs	r4, r1, #20
10002698:	0fcf      	lsrs	r7, r1, #31
1000269a:	1e66      	subs	r6, r4, #1
1000269c:	0536      	lsls	r6, r6, #20
1000269e:	1b89      	subs	r1, r1, r6
100026a0:	0564      	lsls	r4, r4, #21
100026a2:	d303      	bcc.n	100026ac <l8_1>
100026a4:	43c9      	mvns	r1, r1
100026a6:	4240      	negs	r0, r0
100026a8:	d300      	bcc.n	100026ac <l8_1>
100026aa:	3101      	adds	r1, #1

100026ac <l8_1>:
100026ac:	0d64      	lsrs	r4, r4, #21
100026ae:	d003      	beq.n	100026b8 <l8_2>
100026b0:	1c66      	adds	r6, r4, #1
100026b2:	0af6      	lsrs	r6, r6, #11
100026b4:	d007      	beq.n	100026c6 <l8_3>
100026b6:	1be4      	subs	r4, r4, r7

100026b8 <l8_2>:
100026b8:	2000      	movs	r0, #0
100026ba:	007f      	lsls	r7, r7, #1
100026bc:	1c79      	adds	r1, r7, #1
100026be:	0789      	lsls	r1, r1, #30
100026c0:	1289      	asrs	r1, r1, #10
100026c2:	3c80      	subs	r4, #128	@ 0x80
100026c4:	0324      	lsls	r4, r4, #12

100026c6 <l8_3>:
100026c6:	0d1d      	lsrs	r5, r3, #20
100026c8:	0fdf      	lsrs	r7, r3, #31
100026ca:	1e6e      	subs	r6, r5, #1
100026cc:	0536      	lsls	r6, r6, #20
100026ce:	1b9b      	subs	r3, r3, r6
100026d0:	056d      	lsls	r5, r5, #21
100026d2:	d303      	bcc.n	100026dc <l9_1>
100026d4:	43db      	mvns	r3, r3
100026d6:	4252      	negs	r2, r2
100026d8:	d300      	bcc.n	100026dc <l9_1>
100026da:	3301      	adds	r3, #1

100026dc <l9_1>:
100026dc:	0d6d      	lsrs	r5, r5, #21
100026de:	d003      	beq.n	100026e8 <l9_2>
100026e0:	1c6e      	adds	r6, r5, #1
100026e2:	0af6      	lsrs	r6, r6, #11
100026e4:	d007      	beq.n	100026f6 <l9_3>
100026e6:	1bed      	subs	r5, r5, r7

100026e8 <l9_2>:
100026e8:	2200      	movs	r2, #0
100026ea:	007f      	lsls	r7, r7, #1
100026ec:	1c7b      	adds	r3, r7, #1
100026ee:	079b      	lsls	r3, r3, #30
100026f0:	129b      	asrs	r3, r3, #10
100026f2:	3d80      	subs	r5, #128	@ 0x80
100026f4:	032d      	lsls	r5, r5, #12

100026f6 <l9_3>:
100026f6:	1b2f      	subs	r7, r5, r4
100026f8:	1b66      	subs	r6, r4, r5
100026fa:	d458      	bmi.n	100027ae <da_ygtx>
100026fc:	46a4      	mov	ip, r4
100026fe:	2e20      	cmp	r6, #32
10002700:	da46      	bge.n	10002790 <da_xrgty>
10002702:	3720      	adds	r7, #32
10002704:	0014      	movs	r4, r2
10002706:	40bc      	lsls	r4, r7

10002708 <da_xgty0>:
10002708:	001d      	movs	r5, r3
1000270a:	40bd      	lsls	r5, r7
1000270c:	40f2      	lsrs	r2, r6
1000270e:	4133      	asrs	r3, r6
10002710:	432a      	orrs	r2, r5

10002712 <da_add>:
10002712:	1880      	adds	r0, r0, r2
10002714:	4159      	adcs	r1, r3

10002716 <da_pack>:
10002716:	0fcb      	lsrs	r3, r1, #31
10002718:	d005      	beq.n	10002726 <da_pack+0x10>
1000271a:	43c9      	mvns	r1, r1
1000271c:	43c0      	mvns	r0, r0
1000271e:	2200      	movs	r2, #0
10002720:	4264      	negs	r4, r4
10002722:	4150      	adcs	r0, r2
10002724:	4151      	adcs	r1, r2
10002726:	4662      	mov	r2, ip
10002728:	0d4d      	lsrs	r5, r1, #21
1000272a:	d128      	bne.n	1000277e <da_0>
1000272c:	0d0d      	lsrs	r5, r1, #20
1000272e:	d107      	bne.n	10002740 <da_1>
10002730:	2800      	cmp	r0, #0
10002732:	d01f      	beq.n	10002774 <da_5>

10002734 <da_2>:
10002734:	1924      	adds	r4, r4, r4
10002736:	4140      	adcs	r0, r0
10002738:	4149      	adcs	r1, r1
1000273a:	3a01      	subs	r2, #1
1000273c:	0d0d      	lsrs	r5, r1, #20
1000273e:	d0f9      	beq.n	10002734 <da_2>

10002740 <da_1>:
10002740:	0064      	lsls	r4, r4, #1
10002742:	d306      	bcc.n	10002752 <da_3>

10002744 <da_4>:
10002744:	3001      	adds	r0, #1
10002746:	d300      	bcc.n	1000274a <da_4+0x6>
10002748:	3101      	adds	r1, #1
1000274a:	2c00      	cmp	r4, #0
1000274c:	d101      	bne.n	10002752 <da_3>
1000274e:	0840      	lsrs	r0, r0, #1
10002750:	0040      	lsls	r0, r0, #1

10002752 <da_3>:
10002752:	3a01      	subs	r2, #1
10002754:	d40b      	bmi.n	1000276e <da_6>
10002756:	1c94      	adds	r4, r2, #2
10002758:	0ae4      	lsrs	r4, r4, #11
1000275a:	d104      	bne.n	10002766 <da_7>
1000275c:	0512      	lsls	r2, r2, #20
1000275e:	4411      	add	r1, r2
10002760:	07db      	lsls	r3, r3, #31
10002762:	4419      	add	r1, r3
10002764:	bdf0      	pop	{r4, r5, r6, r7, pc}

10002766 <da_7>:
10002766:	07d9      	lsls	r1, r3, #31
10002768:	4b20      	ldr	r3, [pc, #128]	@ (100027ec <da_xmgty+0x4>)
1000276a:	4319      	orrs	r1, r3
1000276c:	e000      	b.n	10002770 <da_6+0x2>

1000276e <da_6>:
1000276e:	07d9      	lsls	r1, r3, #31
10002770:	2000      	movs	r0, #0
10002772:	bdf0      	pop	{r4, r5, r6, r7, pc}

10002774 <da_5>:
10002774:	2900      	cmp	r1, #0
10002776:	d1dd      	bne.n	10002734 <da_2>
10002778:	2c00      	cmp	r4, #0
1000277a:	d1db      	bne.n	10002734 <da_2>
1000277c:	bdf0      	pop	{r4, r5, r6, r7, pc}

1000277e <da_0>:
1000277e:	3201      	adds	r2, #1
10002780:	07c6      	lsls	r6, r0, #31
10002782:	0840      	lsrs	r0, r0, #1
10002784:	07cd      	lsls	r5, r1, #31
10002786:	4328      	orrs	r0, r5
10002788:	0849      	lsrs	r1, r1, #1
1000278a:	2e00      	cmp	r6, #0
1000278c:	d0e1      	beq.n	10002752 <da_3>
1000278e:	e7d9      	b.n	10002744 <da_4>

10002790 <da_xrgty>:
10002790:	2e3c      	cmp	r6, #60	@ 0x3c
10002792:	da29      	bge.n	100027e8 <da_xmgty>
10002794:	3e20      	subs	r6, #32
10002796:	3740      	adds	r7, #64	@ 0x40
10002798:	0014      	movs	r4, r2
1000279a:	40bc      	lsls	r4, r7
1000279c:	d000      	beq.n	100027a0 <da_xrgty+0x10>
1000279e:	2401      	movs	r4, #1
100027a0:	40f2      	lsrs	r2, r6
100027a2:	4314      	orrs	r4, r2
100027a4:	001a      	movs	r2, r3
100027a6:	40bb      	lsls	r3, r7
100027a8:	431c      	orrs	r4, r3
100027aa:	17d3      	asrs	r3, r2, #31
100027ac:	e7ac      	b.n	10002708 <da_xgty0>

100027ae <da_ygtx>:
100027ae:	46ac      	mov	ip, r5
100027b0:	2f20      	cmp	r7, #32
100027b2:	da08      	bge.n	100027c6 <da_yrgtx>
100027b4:	3620      	adds	r6, #32
100027b6:	0004      	movs	r4, r0
100027b8:	40b4      	lsls	r4, r6

100027ba <da_ygtx0>:
100027ba:	000d      	movs	r5, r1
100027bc:	40b5      	lsls	r5, r6
100027be:	40f8      	lsrs	r0, r7
100027c0:	4139      	asrs	r1, r7
100027c2:	4328      	orrs	r0, r5
100027c4:	e7a5      	b.n	10002712 <da_add>

100027c6 <da_yrgtx>:
100027c6:	2f3c      	cmp	r7, #60	@ 0x3c
100027c8:	da0c      	bge.n	100027e4 <da_ymgtx>
100027ca:	3f20      	subs	r7, #32
100027cc:	3640      	adds	r6, #64	@ 0x40
100027ce:	0004      	movs	r4, r0
100027d0:	40b4      	lsls	r4, r6
100027d2:	d000      	beq.n	100027d6 <da_yrgtx+0x10>
100027d4:	2401      	movs	r4, #1
100027d6:	40f8      	lsrs	r0, r7
100027d8:	4304      	orrs	r4, r0
100027da:	0008      	movs	r0, r1
100027dc:	40b1      	lsls	r1, r6
100027de:	430c      	orrs	r4, r1
100027e0:	17c1      	asrs	r1, r0, #31
100027e2:	e7ea      	b.n	100027ba <da_ygtx0>

100027e4 <da_ymgtx>:
100027e4:	0010      	movs	r0, r2
100027e6:	0019      	movs	r1, r3

100027e8 <da_xmgty>:
100027e8:	2400      	movs	r4, #0
100027ea:	e794      	b.n	10002716 <da_pack>
100027ec:	7ff00000 	.word	0x7ff00000

100027f0 <dmul_shim>:
100027f0:	b5f0      	push	{r4, r5, r6, r7, lr}
100027f2:	0d0c      	lsrs	r4, r1, #20
100027f4:	1e66      	subs	r6, r4, #1
100027f6:	0536      	lsls	r6, r6, #20
100027f8:	1b89      	subs	r1, r1, r6
100027fa:	0ae6      	lsrs	r6, r4, #11
100027fc:	0564      	lsls	r4, r4, #21
100027fe:	0d64      	lsrs	r4, r4, #21
10002800:	d002      	beq.n	10002808 <l12_1>
10002802:	1c65      	adds	r5, r4, #1
10002804:	0aed      	lsrs	r5, r5, #11
10002806:	d004      	beq.n	10002812 <l12_2>

10002808 <l12_1>:
10002808:	2000      	movs	r0, #0
1000280a:	2101      	movs	r1, #1
1000280c:	0509      	lsls	r1, r1, #20
1000280e:	3c80      	subs	r4, #128	@ 0x80
10002810:	0324      	lsls	r4, r4, #12

10002812 <l12_2>:
10002812:	46a4      	mov	ip, r4
10002814:	0d1c      	lsrs	r4, r3, #20
10002816:	1e67      	subs	r7, r4, #1
10002818:	053f      	lsls	r7, r7, #20
1000281a:	1bdb      	subs	r3, r3, r7
1000281c:	0ae7      	lsrs	r7, r4, #11
1000281e:	0564      	lsls	r4, r4, #21
10002820:	0d64      	lsrs	r4, r4, #21
10002822:	d002      	beq.n	1000282a <l13_1>
10002824:	1c65      	adds	r5, r4, #1
10002826:	0aed      	lsrs	r5, r5, #11
10002828:	d004      	beq.n	10002834 <l13_2>

1000282a <l13_1>:
1000282a:	2200      	movs	r2, #0
1000282c:	2301      	movs	r3, #1
1000282e:	051b      	lsls	r3, r3, #20
10002830:	3c80      	subs	r4, #128	@ 0x80
10002832:	0324      	lsls	r4, r4, #12

10002834 <l13_2>:
10002834:	4077      	eors	r7, r6
10002836:	4464      	add	r4, ip
10002838:	b497      	push	{r0, r1, r2, r4, r7}
1000283a:	b284      	uxth	r4, r0
1000283c:	b296      	uxth	r6, r2
1000283e:	4374      	muls	r4, r6
10002840:	0c07      	lsrs	r7, r0, #16
10002842:	437e      	muls	r6, r7
10002844:	0c15      	lsrs	r5, r2, #16
10002846:	436f      	muls	r7, r5
10002848:	b280      	uxth	r0, r0
1000284a:	4368      	muls	r0, r5
1000284c:	1836      	adds	r6, r6, r0
1000284e:	d302      	bcc.n	10002856 <l14_1>
10002850:	2001      	movs	r0, #1
10002852:	0400      	lsls	r0, r0, #16
10002854:	183f      	adds	r7, r7, r0

10002856 <l14_1>:
10002856:	0430      	lsls	r0, r6, #16
10002858:	0c35      	lsrs	r5, r6, #16
1000285a:	1900      	adds	r0, r0, r4
1000285c:	417d      	adcs	r5, r7
1000285e:	4684      	mov	ip, r0
10002860:	b288      	uxth	r0, r1
10002862:	b29a      	uxth	r2, r3
10002864:	4350      	muls	r0, r2
10002866:	0c0c      	lsrs	r4, r1, #16
10002868:	4362      	muls	r2, r4
1000286a:	0c1f      	lsrs	r7, r3, #16
1000286c:	437c      	muls	r4, r7
1000286e:	b28e      	uxth	r6, r1
10002870:	437e      	muls	r6, r7
10002872:	1992      	adds	r2, r2, r6
10002874:	d302      	bcc.n	1000287c <l15_1>
10002876:	2601      	movs	r6, #1
10002878:	0436      	lsls	r6, r6, #16
1000287a:	19a4      	adds	r4, r4, r6

1000287c <l15_1>:
1000287c:	0416      	lsls	r6, r2, #16
1000287e:	0c17      	lsrs	r7, r2, #16
10002880:	1836      	adds	r6, r6, r0
10002882:	4167      	adcs	r7, r4
10002884:	bc01      	pop	{r0}
10002886:	b281      	uxth	r1, r0
10002888:	b29a      	uxth	r2, r3
1000288a:	4351      	muls	r1, r2
1000288c:	0c04      	lsrs	r4, r0, #16
1000288e:	4362      	muls	r2, r4
10002890:	0c1b      	lsrs	r3, r3, #16
10002892:	435c      	muls	r4, r3
10002894:	b280      	uxth	r0, r0
10002896:	4358      	muls	r0, r3
10002898:	1812      	adds	r2, r2, r0
1000289a:	d302      	bcc.n	100028a2 <l16_1>
1000289c:	2001      	movs	r0, #1
1000289e:	0400      	lsls	r0, r0, #16
100028a0:	1824      	adds	r4, r4, r0

100028a2 <l16_1>:
100028a2:	0410      	lsls	r0, r2, #16
100028a4:	0c13      	lsrs	r3, r2, #16
100028a6:	1840      	adds	r0, r0, r1
100028a8:	4163      	adcs	r3, r4
100028aa:	182d      	adds	r5, r5, r0
100028ac:	415e      	adcs	r6, r3
100028ae:	2000      	movs	r0, #0
100028b0:	4147      	adcs	r7, r0
100028b2:	bc06      	pop	{r1, r2}
100028b4:	b288      	uxth	r0, r1
100028b6:	b293      	uxth	r3, r2
100028b8:	4358      	muls	r0, r3
100028ba:	0c0c      	lsrs	r4, r1, #16
100028bc:	4363      	muls	r3, r4
100028be:	0c12      	lsrs	r2, r2, #16
100028c0:	4354      	muls	r4, r2
100028c2:	b289      	uxth	r1, r1
100028c4:	4351      	muls	r1, r2
100028c6:	185b      	adds	r3, r3, r1
100028c8:	d302      	bcc.n	100028d0 <l17_1>
100028ca:	2101      	movs	r1, #1
100028cc:	0409      	lsls	r1, r1, #16
100028ce:	1864      	adds	r4, r4, r1

100028d0 <l17_1>:
100028d0:	0419      	lsls	r1, r3, #16
100028d2:	0c1a      	lsrs	r2, r3, #16
100028d4:	1809      	adds	r1, r1, r0
100028d6:	4162      	adcs	r2, r4
100028d8:	186d      	adds	r5, r5, r1
100028da:	4156      	adcs	r6, r2
100028dc:	2000      	movs	r0, #0
100028de:	4147      	adcs	r7, r0
100028e0:	bc18      	pop	{r3, r4}
100028e2:	02f9      	lsls	r1, r7, #11
100028e4:	0d72      	lsrs	r2, r6, #21
100028e6:	4311      	orrs	r1, r2
100028e8:	02f0      	lsls	r0, r6, #11
100028ea:	0d6a      	lsrs	r2, r5, #21
100028ec:	4310      	orrs	r0, r2
100028ee:	02ed      	lsls	r5, r5, #11
100028f0:	0d0a      	lsrs	r2, r1, #20
100028f2:	d103      	bne.n	100028fc <l17_1+0x2c>
100028f4:	196d      	adds	r5, r5, r5
100028f6:	4140      	adcs	r0, r0
100028f8:	4149      	adcs	r1, r1
100028fa:	3b01      	subs	r3, #1
100028fc:	4e12      	ldr	r6, [pc, #72]	@ (10002948 <dm_1+0xa>)
100028fe:	1b9b      	subs	r3, r3, r6
10002900:	0076      	lsls	r6, r6, #1
10002902:	42b3      	cmp	r3, r6
10002904:	d20e      	bcs.n	10002924 <dm_0>
10002906:	006d      	lsls	r5, r5, #1
10002908:	d307      	bcc.n	1000291a <l17_1+0x4a>
1000290a:	3001      	adds	r0, #1
1000290c:	2600      	movs	r6, #0
1000290e:	4171      	adcs	r1, r6
10002910:	4666      	mov	r6, ip
10002912:	4335      	orrs	r5, r6
10002914:	d101      	bne.n	1000291a <l17_1+0x4a>
10002916:	0840      	lsrs	r0, r0, #1
10002918:	0040      	lsls	r0, r0, #1
1000291a:	051b      	lsls	r3, r3, #20
1000291c:	18c9      	adds	r1, r1, r3

1000291e <dm_2>:
1000291e:	07e4      	lsls	r4, r4, #31
10002920:	4421      	add	r1, r4
10002922:	bdf0      	pop	{r4, r5, r6, r7, pc}

10002924 <dm_0>:
10002924:	da0b      	bge.n	1000293e <dm_1>
10002926:	3301      	adds	r3, #1
10002928:	d106      	bne.n	10002938 <dm_0+0x14>
1000292a:	3001      	adds	r0, #1
1000292c:	d104      	bne.n	10002938 <dm_0+0x14>
1000292e:	3101      	adds	r1, #1
10002930:	0d4f      	lsrs	r7, r1, #21
10002932:	d001      	beq.n	10002938 <dm_0+0x14>
10002934:	0849      	lsrs	r1, r1, #1
10002936:	e7f2      	b.n	1000291e <dm_2>
10002938:	07e1      	lsls	r1, r4, #31
1000293a:	2000      	movs	r0, #0
1000293c:	bdf0      	pop	{r4, r5, r6, r7, pc}

1000293e <dm_1>:
1000293e:	3601      	adds	r6, #1
10002940:	0531      	lsls	r1, r6, #20
10002942:	2000      	movs	r0, #0
10002944:	e7eb      	b.n	1000291e <dm_2>
10002946:	0000      	.short	0x0000
10002948:	000003ff 	.word	0x000003ff

1000294c <ddiv_shim>:
1000294c:	b5f0      	push	{r4, r5, r6, r7, lr}

1000294e <ddiv0>:
1000294e:	0d1c      	lsrs	r4, r3, #20
10002950:	1e67      	subs	r7, r4, #1
10002952:	053f      	lsls	r7, r7, #20
10002954:	1bdb      	subs	r3, r3, r7
10002956:	0ae7      	lsrs	r7, r4, #11
10002958:	0564      	lsls	r4, r4, #21
1000295a:	0d64      	lsrs	r4, r4, #21
1000295c:	d002      	beq.n	10002964 <l20_1>
1000295e:	1c66      	adds	r6, r4, #1
10002960:	0af6      	lsrs	r6, r6, #11
10002962:	d004      	beq.n	1000296e <l20_2>

10002964 <l20_1>:
10002964:	2200      	movs	r2, #0
10002966:	2301      	movs	r3, #1
10002968:	051b      	lsls	r3, r3, #20
1000296a:	3c80      	subs	r4, #128	@ 0x80
1000296c:	0324      	lsls	r4, r4, #12

1000296e <l20_2>:
1000296e:	25d0      	movs	r5, #208	@ 0xd0
10002970:	062d      	lsls	r5, r5, #24
10002972:	2600      	movs	r6, #0
10002974:	43f6      	mvns	r6, r6
10002976:	662e      	str	r6, [r5, #96]	@ 0x60
10002978:	091e      	lsrs	r6, r3, #4
1000297a:	666e      	str	r6, [r5, #100]	@ 0x64
1000297c:	0fce      	lsrs	r6, r1, #31
1000297e:	19f6      	adds	r6, r6, r7
10002980:	46b4      	mov	ip, r6
10002982:	0049      	lsls	r1, r1, #1
10002984:	0d4f      	lsrs	r7, r1, #21
10002986:	d002      	beq.n	1000298e <l20_2+0x20>
10002988:	1c7e      	adds	r6, r7, #1
1000298a:	0af6      	lsrs	r6, r6, #11
1000298c:	d003      	beq.n	10002996 <l20_2+0x28>
1000298e:	2000      	movs	r0, #0
10002990:	2100      	movs	r1, #0
10002992:	3f40      	subs	r7, #64	@ 0x40
10002994:	033f      	lsls	r7, r7, #12
10002996:	1b3e      	subs	r6, r7, r4
10002998:	00b6      	lsls	r6, r6, #2
1000299a:	44b4      	add	ip, r6
1000299c:	3f01      	subs	r7, #1
1000299e:	057f      	lsls	r7, r7, #21
100029a0:	1bc9      	subs	r1, r1, r7
100029a2:	0849      	lsrs	r1, r1, #1
100029a4:	6f2e      	ldr	r6, [r5, #112]	@ 0x70
100029a6:	3601      	adds	r6, #1
100029a8:	0876      	lsrs	r6, r6, #1
100029aa:	029c      	lsls	r4, r3, #10
100029ac:	0d95      	lsrs	r5, r2, #22
100029ae:	4325      	orrs	r5, r4
100029b0:	4375      	muls	r5, r6
100029b2:	13ed      	asrs	r5, r5, #15
100029b4:	4375      	muls	r5, r6
100029b6:	13ad      	asrs	r5, r5, #14
100029b8:	3501      	adds	r5, #1
100029ba:	106d      	asrs	r5, r5, #1
100029bc:	03f6      	lsls	r6, r6, #15
100029be:	1b76      	subs	r6, r6, r5
100029c0:	b40c      	push	{r2, r3}
100029c2:	02cc      	lsls	r4, r1, #11
100029c4:	0d45      	lsrs	r5, r0, #21
100029c6:	432c      	orrs	r4, r5
100029c8:	b2a2      	uxth	r2, r4
100029ca:	b2b3      	uxth	r3, r6
100029cc:	435a      	muls	r2, r3
100029ce:	0c27      	lsrs	r7, r4, #16
100029d0:	437b      	muls	r3, r7
100029d2:	0c35      	lsrs	r5, r6, #16
100029d4:	436f      	muls	r7, r5
100029d6:	b2a4      	uxth	r4, r4
100029d8:	436c      	muls	r4, r5
100029da:	191b      	adds	r3, r3, r4
100029dc:	d302      	bcc.n	100029e4 <l21_1>
100029de:	2401      	movs	r4, #1
100029e0:	0424      	lsls	r4, r4, #16
100029e2:	193f      	adds	r7, r7, r4

100029e4 <l21_1>:
100029e4:	041c      	lsls	r4, r3, #16
100029e6:	0c1d      	lsrs	r5, r3, #16
100029e8:	18a4      	adds	r4, r4, r2
100029ea:	417d      	adcs	r5, r7
100029ec:	1924      	adds	r4, r4, r4
100029ee:	416d      	adcs	r5, r5
100029f0:	9a00      	ldr	r2, [sp, #0]
100029f2:	b291      	uxth	r1, r2
100029f4:	b2ac      	uxth	r4, r5
100029f6:	4361      	muls	r1, r4
100029f8:	0c17      	lsrs	r7, r2, #16
100029fa:	437c      	muls	r4, r7
100029fc:	0c2b      	lsrs	r3, r5, #16
100029fe:	435f      	muls	r7, r3
10002a00:	b292      	uxth	r2, r2
10002a02:	435a      	muls	r2, r3
10002a04:	18a4      	adds	r4, r4, r2
10002a06:	d302      	bcc.n	10002a0e <l22_1>
10002a08:	2201      	movs	r2, #1
10002a0a:	0412      	lsls	r2, r2, #16
10002a0c:	18bf      	adds	r7, r7, r2

10002a0e <l22_1>:
10002a0e:	0422      	lsls	r2, r4, #16
10002a10:	0c23      	lsrs	r3, r4, #16
10002a12:	1852      	adds	r2, r2, r1
10002a14:	417b      	adcs	r3, r7
10002a16:	9c01      	ldr	r4, [sp, #4]
10002a18:	436c      	muls	r4, r5
10002a1a:	191b      	adds	r3, r3, r4
10002a1c:	0e52      	lsrs	r2, r2, #25
10002a1e:	01d9      	lsls	r1, r3, #7
10002a20:	430a      	orrs	r2, r1
10002a22:	0144      	lsls	r4, r0, #5
10002a24:	1aa0      	subs	r0, r4, r2
10002a26:	b281      	uxth	r1, r0
10002a28:	b2b2      	uxth	r2, r6
10002a2a:	4351      	muls	r1, r2
10002a2c:	1403      	asrs	r3, r0, #16
10002a2e:	435a      	muls	r2, r3
10002a30:	0c36      	lsrs	r6, r6, #16
10002a32:	4373      	muls	r3, r6
10002a34:	b287      	uxth	r7, r0
10002a36:	4377      	muls	r7, r6
10002a38:	17d6      	asrs	r6, r2, #31
10002a3a:	19d2      	adds	r2, r2, r7
10002a3c:	2700      	movs	r7, #0
10002a3e:	417e      	adcs	r6, r7
10002a40:	0436      	lsls	r6, r6, #16
10002a42:	199b      	adds	r3, r3, r6
10002a44:	0417      	lsls	r7, r2, #16
10002a46:	0c16      	lsrs	r6, r2, #16
10002a48:	187f      	adds	r7, r7, r1
10002a4a:	415e      	adcs	r6, r3
10002a4c:	1673      	asrs	r3, r6, #25
10002a4e:	18ed      	adds	r5, r5, r3
10002a50:	01f3      	lsls	r3, r6, #7
10002a52:	2600      	movs	r6, #0
10002a54:	3380      	adds	r3, #128	@ 0x80
10002a56:	4175      	adcs	r5, r6
10002a58:	0fa9      	lsrs	r1, r5, #30
10002a5a:	d106      	bne.n	10002a6a <dd_0>
10002a5c:	0064      	lsls	r4, r4, #1
10002a5e:	0a69      	lsrs	r1, r5, #9
10002a60:	05e8      	lsls	r0, r5, #23
10002a62:	0a5b      	lsrs	r3, r3, #9
10002a64:	4318      	orrs	r0, r3
10002a66:	d209      	bcs.n	10002a7c <dd_1>
10002a68:	e02f      	b.n	10002aca <dd_2>

10002a6a <dd_0>:
10002a6a:	2204      	movs	r2, #4
10002a6c:	4494      	add	ip, r2
10002a6e:	3380      	adds	r3, #128	@ 0x80
10002a70:	4175      	adcs	r5, r6
10002a72:	0aa9      	lsrs	r1, r5, #10
10002a74:	05a8      	lsls	r0, r5, #22
10002a76:	0a9b      	lsrs	r3, r3, #10
10002a78:	4318      	orrs	r0, r3
10002a7a:	d326      	bcc.n	10002aca <dd_2>

10002a7c <dd_1>:
10002a7c:	4140      	adcs	r0, r0
10002a7e:	4149      	adcs	r1, r1
10002a80:	0424      	lsls	r4, r4, #16
10002a82:	9a00      	ldr	r2, [sp, #0]
10002a84:	9b01      	ldr	r3, [sp, #4]
10002a86:	000d      	movs	r5, r1
10002a88:	4355      	muls	r5, r2
10002a8a:	1b64      	subs	r4, r4, r5
10002a8c:	4343      	muls	r3, r0
10002a8e:	1ae4      	subs	r4, r4, r3
10002a90:	b295      	uxth	r5, r2
10002a92:	b286      	uxth	r6, r0
10002a94:	4375      	muls	r5, r6
10002a96:	0c17      	lsrs	r7, r2, #16
10002a98:	437e      	muls	r6, r7
10002a9a:	0c03      	lsrs	r3, r0, #16
10002a9c:	435f      	muls	r7, r3
10002a9e:	b292      	uxth	r2, r2
10002aa0:	435a      	muls	r2, r3
10002aa2:	18b6      	adds	r6, r6, r2
10002aa4:	d302      	bcc.n	10002aac <l24_1>
10002aa6:	2201      	movs	r2, #1
10002aa8:	0412      	lsls	r2, r2, #16
10002aaa:	18bf      	adds	r7, r7, r2

10002aac <l24_1>:
10002aac:	0432      	lsls	r2, r6, #16
10002aae:	0c33      	lsrs	r3, r6, #16
10002ab0:	1952      	adds	r2, r2, r5
10002ab2:	417b      	adcs	r3, r7
10002ab4:	4252      	negs	r2, r2
10002ab6:	419c      	sbcs	r4, r3
10002ab8:	2c00      	cmp	r4, #0
10002aba:	d402      	bmi.n	10002ac2 <l24_1+0x16>
10002abc:	2200      	movs	r2, #0
10002abe:	3001      	adds	r0, #1
10002ac0:	4151      	adcs	r1, r2
10002ac2:	0840      	lsrs	r0, r0, #1
10002ac4:	07ca      	lsls	r2, r1, #31
10002ac6:	4310      	orrs	r0, r2
10002ac8:	0849      	lsrs	r1, r1, #1

10002aca <dd_2>:
10002aca:	b002      	add	sp, #8
10002acc:	4662      	mov	r2, ip
10002ace:	07d7      	lsls	r7, r2, #31
10002ad0:	1092      	asrs	r2, r2, #2
10002ad2:	4b08      	ldr	r3, [pc, #32]	@ (10002af4 <dd_4+0x6>)
10002ad4:	18d2      	adds	r2, r2, r3
10002ad6:	4b08      	ldr	r3, [pc, #32]	@ (10002af8 <dd_4+0xa>)
10002ad8:	429a      	cmp	r2, r3
10002ada:	d203      	bcs.n	10002ae4 <dd_3>
10002adc:	0512      	lsls	r2, r2, #20
10002ade:	1889      	adds	r1, r1, r2

10002ae0 <dd_5>:
10002ae0:	19c9      	adds	r1, r1, r7
10002ae2:	bdf0      	pop	{r4, r5, r6, r7, pc}

10002ae4 <dd_3>:
10002ae4:	2000      	movs	r0, #0
10002ae6:	2a00      	cmp	r2, #0
10002ae8:	dc01      	bgt.n	10002aee <dd_4>
10002aea:	0039      	movs	r1, r7
10002aec:	bdf0      	pop	{r4, r5, r6, r7, pc}

10002aee <dd_4>:
10002aee:	3301      	adds	r3, #1
10002af0:	0519      	lsls	r1, r3, #20
10002af2:	e7f5      	b.n	10002ae0 <dd_5>
10002af4:	000003fd 	.word	0x000003fd
10002af8:	000007fe 	.word	0x000007fe

10002afc <double2uint_shim>:
10002afc:	2200      	movs	r2, #0

10002afe <double2ufix_shim>:
10002afe:	b500      	push	{lr}
10002b00:	3220      	adds	r2, #32
10002b02:	f000 f804 	bl	10002b0e <double2ufix64_shim>
10002b06:	0008      	movs	r0, r1
10002b08:	bd00      	pop	{pc}
	...

10002b0c <double2uint64_shim>:
10002b0c:	2200      	movs	r2, #0

10002b0e <double2ufix64_shim>:
10002b0e:	150b      	asrs	r3, r1, #20
10002b10:	d40a      	bmi.n	10002b28 <ret_dzero>

10002b12 <d2fix>:
10002b12:	b510      	push	{r4, lr}
10002b14:	4694      	mov	ip, r2
10002b16:	f000 f831 	bl	10002b7c <dunpacks>
10002b1a:	1414      	asrs	r4, r2, #16
10002b1c:	3401      	adds	r4, #1
10002b1e:	da00      	bge.n	10002b22 <d2fix+0x10>
10002b20:	2100      	movs	r1, #0
10002b22:	17cb      	asrs	r3, r1, #31
10002b24:	4c14      	ldr	r4, [pc, #80]	@ (10002b78 <d2fix_a+0x4a>)
10002b26:	4720      	bx	r4

10002b28 <ret_dzero>:
10002b28:	2000      	movs	r0, #0
10002b2a:	2100      	movs	r1, #0
10002b2c:	4770      	bx	lr

10002b2e <d2fix_a>:
10002b2e:	4462      	add	r2, ip
10002b30:	3a34      	subs	r2, #52	@ 0x34
10002b32:	d40c      	bmi.n	10002b4e <d2fix_a+0x20>
10002b34:	2a0c      	cmp	r2, #12
10002b36:	da07      	bge.n	10002b48 <d2fix_a+0x1a>
10002b38:	0004      	movs	r4, r0
10002b3a:	4091      	lsls	r1, r2
10002b3c:	4090      	lsls	r0, r2
10002b3e:	4252      	negs	r2, r2
10002b40:	3220      	adds	r2, #32
10002b42:	40d4      	lsrs	r4, r2
10002b44:	4321      	orrs	r1, r4
10002b46:	bd10      	pop	{r4, pc}
10002b48:	43d8      	mvns	r0, r3
10002b4a:	43d9      	mvns	r1, r3
10002b4c:	bd10      	pop	{r4, pc}
10002b4e:	3220      	adds	r2, #32
10002b50:	d407      	bmi.n	10002b62 <d2fix_a+0x34>
10002b52:	460c      	mov	r4, r1
10002b54:	4094      	lsls	r4, r2
10002b56:	4252      	negs	r2, r2
10002b58:	3220      	adds	r2, #32
10002b5a:	4111      	asrs	r1, r2
10002b5c:	40d0      	lsrs	r0, r2
10002b5e:	4320      	orrs	r0, r4
10002b60:	bd10      	pop	{r4, pc}
10002b62:	0008      	movs	r0, r1
10002b64:	17c9      	asrs	r1, r1, #31
10002b66:	3220      	adds	r2, #32
10002b68:	d403      	bmi.n	10002b72 <d2fix_a+0x44>
10002b6a:	4252      	negs	r2, r2
10002b6c:	3220      	adds	r2, #32
10002b6e:	4110      	asrs	r0, r2
10002b70:	bd10      	pop	{r4, pc}
10002b72:	0018      	movs	r0, r3
10002b74:	0019      	movs	r1, r3
10002b76:	bd10      	pop	{r4, pc}
10002b78:	10002b2f 	.word	0x10002b2f

10002b7c <dunpacks>:
10002b7c:	0d0a      	lsrs	r2, r1, #20
10002b7e:	0fcc      	lsrs	r4, r1, #31
10002b80:	1e53      	subs	r3, r2, #1
10002b82:	051b      	lsls	r3, r3, #20
10002b84:	1ac9      	subs	r1, r1, r3
10002b86:	0552      	lsls	r2, r2, #21
10002b88:	d303      	bcc.n	10002b92 <l60_1>
10002b8a:	43c9      	mvns	r1, r1
10002b8c:	4240      	negs	r0, r0
10002b8e:	d300      	bcc.n	10002b92 <l60_1>
10002b90:	3101      	adds	r1, #1

10002b92 <l60_1>:
10002b92:	0d52      	lsrs	r2, r2, #21
10002b94:	d003      	beq.n	10002b9e <l60_2>
10002b96:	1c53      	adds	r3, r2, #1
10002b98:	0adb      	lsrs	r3, r3, #11
10002b9a:	d007      	beq.n	10002bac <l60_3>
10002b9c:	1b12      	subs	r2, r2, r4

10002b9e <l60_2>:
10002b9e:	2000      	movs	r0, #0
10002ba0:	0064      	lsls	r4, r4, #1
10002ba2:	1c61      	adds	r1, r4, #1
10002ba4:	0789      	lsls	r1, r1, #30
10002ba6:	1289      	asrs	r1, r1, #10
10002ba8:	3a80      	subs	r2, #128	@ 0x80
10002baa:	0312      	lsls	r2, r2, #12

10002bac <l60_3>:
10002bac:	4b01      	ldr	r3, [pc, #4]	@ (10002bb4 <l60_3+0x8>)
10002bae:	1ad2      	subs	r2, r2, r3
10002bb0:	4770      	bx	lr
10002bb2:	0000      	.short	0x0000
10002bb4:	000003ff 	.word	0x000003ff

10002bb8 <__wrap___aeabi_lmul>:
10002bb8:	4351      	muls	r1, r2
10002bba:	4343      	muls	r3, r0
10002bbc:	18c9      	adds	r1, r1, r3
10002bbe:	468c      	mov	ip, r1
10002bc0:	0c11      	lsrs	r1, r2, #16
10002bc2:	b283      	uxth	r3, r0
10002bc4:	434b      	muls	r3, r1
10002bc6:	b410      	push	{r4}
10002bc8:	0c04      	lsrs	r4, r0, #16
10002bca:	4361      	muls	r1, r4
10002bcc:	b292      	uxth	r2, r2
10002bce:	b280      	uxth	r0, r0
10002bd0:	4350      	muls	r0, r2
10002bd2:	4362      	muls	r2, r4
10002bd4:	041c      	lsls	r4, r3, #16
10002bd6:	0c1b      	lsrs	r3, r3, #16
10002bd8:	1900      	adds	r0, r0, r4
10002bda:	bc10      	pop	{r4}
10002bdc:	4159      	adcs	r1, r3
10002bde:	0413      	lsls	r3, r2, #16
10002be0:	0c12      	lsrs	r2, r2, #16
10002be2:	18c0      	adds	r0, r0, r3
10002be4:	4151      	adcs	r1, r2
10002be6:	4461      	add	r1, ip
10002be8:	4770      	bx	lr
	...

10002bec <__aeabi_float_init>:
10002bec:	2313      	movs	r3, #19
10002bee:	b510      	push	{r4, lr}
10002bf0:	781c      	ldrb	r4, [r3, #0]
10002bf2:	4813      	ldr	r0, [pc, #76]	@ (10002c40 <__aeabi_float_init+0x54>)
10002bf4:	f7ff f818 	bl	10001c28 <rom_data_lookup>
10002bf8:	2c01      	cmp	r4, #1
10002bfa:	d00b      	beq.n	10002c14 <__aeabi_float_init+0x28>
10002bfc:	dd04      	ble.n	10002c08 <__aeabi_float_init+0x1c>
10002bfe:	0001      	movs	r1, r0
10002c00:	2280      	movs	r2, #128	@ 0x80
10002c02:	4810      	ldr	r0, [pc, #64]	@ (10002c44 <__aeabi_float_init+0x58>)
10002c04:	f000 f84a 	bl	10002c9c <__wrap___aeabi_memcpy>
10002c08:	480f      	ldr	r0, [pc, #60]	@ (10002c48 <__aeabi_float_init+0x5c>)
10002c0a:	f7ff f805 	bl	10001c18 <rom_func_lookup>
10002c0e:	4b0f      	ldr	r3, [pc, #60]	@ (10002c4c <__aeabi_float_init+0x60>)
10002c10:	6018      	str	r0, [r3, #0]
10002c12:	bd10      	pop	{r4, pc}
10002c14:	4c0b      	ldr	r4, [pc, #44]	@ (10002c44 <__aeabi_float_init+0x58>)
10002c16:	0001      	movs	r1, r0
10002c18:	2254      	movs	r2, #84	@ 0x54
10002c1a:	0020      	movs	r0, r4
10002c1c:	f000 f83e 	bl	10002c9c <__wrap___aeabi_memcpy>
10002c20:	4b0b      	ldr	r3, [pc, #44]	@ (10002c50 <__aeabi_float_init+0x64>)
10002c22:	6563      	str	r3, [r4, #84]	@ 0x54
10002c24:	65a3      	str	r3, [r4, #88]	@ 0x58
10002c26:	65e3      	str	r3, [r4, #92]	@ 0x5c
10002c28:	6623      	str	r3, [r4, #96]	@ 0x60
10002c2a:	6663      	str	r3, [r4, #100]	@ 0x64
10002c2c:	66a3      	str	r3, [r4, #104]	@ 0x68
10002c2e:	66e3      	str	r3, [r4, #108]	@ 0x6c
10002c30:	6723      	str	r3, [r4, #112]	@ 0x70
10002c32:	6763      	str	r3, [r4, #116]	@ 0x74
10002c34:	67a3      	str	r3, [r4, #120]	@ 0x78
10002c36:	67e3      	str	r3, [r4, #124]	@ 0x7c
10002c38:	6223      	str	r3, [r4, #32]
10002c3a:	61e3      	str	r3, [r4, #28]
10002c3c:	e7e4      	b.n	10002c08 <__aeabi_float_init+0x1c>
10002c3e:	46c0      	nop			@ (mov r8, r8)
10002c40:	00004653 	.word	0x00004653
10002c44:	200013e8 	.word	0x200013e8
10002c48:	0000334c 	.word	0x0000334c
10002c4c:	20001e9c 	.word	0x20001e9c
10002c50:	10002c55 	.word	0x10002c55

10002c54 <float_table_shim_on_use_helper>:
10002c54:	b507      	push	{r0, r1, r2, lr}
10002c56:	4660      	mov	r0, ip
10002c58:	8801      	ldrh	r1, [r0, #0]
10002c5a:	0a0a      	lsrs	r2, r1, #8
10002c5c:	3002      	adds	r0, #2
10002c5e:	2adf      	cmp	r2, #223	@ 0xdf
10002c60:	d1fa      	bne.n	10002c58 <float_table_shim_on_use_helper+0x4>
10002c62:	b2c9      	uxtb	r1, r1
10002c64:	0882      	lsrs	r2, r0, #2
10002c66:	d304      	bcc.n	10002c72 <float_table_shim_on_use_helper+0x1e>
10002c68:	8802      	ldrh	r2, [r0, #0]
10002c6a:	8840      	ldrh	r0, [r0, #2]
10002c6c:	0400      	lsls	r0, r0, #16
10002c6e:	4310      	orrs	r0, r2
10002c70:	e000      	b.n	10002c74 <float_table_shim_on_use_helper+0x20>
10002c72:	6800      	ldr	r0, [r0, #0]
10002c74:	4a01      	ldr	r2, [pc, #4]	@ (10002c7c <float_table_shim_on_use_helper+0x28>)
10002c76:	5050      	str	r0, [r2, r1]
10002c78:	9003      	str	r0, [sp, #12]
10002c7a:	bd07      	pop	{r0, r1, r2, pc}
10002c7c:	200013e8 	.word	0x200013e8

10002c80 <__aeabi_mem_init>:
10002c80:	4801      	ldr	r0, [pc, #4]	@ (10002c88 <__aeabi_mem_init+0x8>)
10002c82:	2104      	movs	r1, #4
10002c84:	4b01      	ldr	r3, [pc, #4]	@ (10002c8c <__aeabi_mem_init+0xc>)
10002c86:	4718      	bx	r3
10002c88:	20001020 	.word	0x20001020
10002c8c:	10001c39 	.word	0x10001c39

10002c90 <__wrap_memset>:
10002c90:	4b01      	ldr	r3, [pc, #4]	@ (10002c98 <__wrap_memset+0x8>)
10002c92:	681b      	ldr	r3, [r3, #0]
10002c94:	4718      	bx	r3
10002c96:	0000      	.short	0x0000
10002c98:	20001020 	.word	0x20001020

10002c9c <__wrap___aeabi_memcpy>:
10002c9c:	4b01      	ldr	r3, [pc, #4]	@ (10002ca4 <__wrap___aeabi_memcpy+0x8>)
10002c9e:	685b      	ldr	r3, [r3, #4]
10002ca0:	4718      	bx	r3
10002ca2:	0000      	.short	0x0000
10002ca4:	20001020 	.word	0x20001020

10002ca8 <_out_null>:
10002ca8:	4770      	bx	lr
10002caa:	46c0      	nop			@ (mov r8, r8)

10002cac <_out_rev>:
10002cac:	b5f8      	push	{r3, r4, r5, r6, r7, lr}
10002cae:	46de      	mov	lr, fp
10002cb0:	4657      	mov	r7, sl
10002cb2:	464e      	mov	r6, r9
10002cb4:	4645      	mov	r5, r8
10002cb6:	b5e0      	push	{r5, r6, r7, lr}
10002cb8:	4699      	mov	r9, r3
10002cba:	9b0d      	ldr	r3, [sp, #52]	@ 0x34
10002cbc:	0007      	movs	r7, r0
10002cbe:	4688      	mov	r8, r1
10002cc0:	4693      	mov	fp, r2
10002cc2:	079b      	lsls	r3, r3, #30
10002cc4:	d028      	beq.n	10002d18 <_out_rev+0x6c>
10002cc6:	9b0b      	ldr	r3, [sp, #44]	@ 0x2c
10002cc8:	2b00      	cmp	r3, #0
10002cca:	d03c      	beq.n	10002d46 <_out_rev+0x9a>
10002ccc:	0016      	movs	r6, r2
10002cce:	9c0b      	ldr	r4, [sp, #44]	@ 0x2c
10002cd0:	9d0a      	ldr	r5, [sp, #40]	@ 0x28
10002cd2:	1936      	adds	r6, r6, r4
10002cd4:	1b32      	subs	r2, r6, r4
10002cd6:	3c01      	subs	r4, #1
10002cd8:	464b      	mov	r3, r9
10002cda:	4641      	mov	r1, r8
10002cdc:	5d28      	ldrb	r0, [r5, r4]
10002cde:	47b8      	blx	r7
10002ce0:	2c00      	cmp	r4, #0
10002ce2:	d1f7      	bne.n	10002cd4 <_out_rev+0x28>
10002ce4:	0035      	movs	r5, r6
10002ce6:	9b0d      	ldr	r3, [sp, #52]	@ 0x34
10002ce8:	079b      	lsls	r3, r3, #30
10002cea:	d50e      	bpl.n	10002d0a <_out_rev+0x5e>
10002cec:	465b      	mov	r3, fp
10002cee:	1aec      	subs	r4, r5, r3
10002cf0:	9b0c      	ldr	r3, [sp, #48]	@ 0x30
10002cf2:	42a3      	cmp	r3, r4
10002cf4:	d909      	bls.n	10002d0a <_out_rev+0x5e>
10002cf6:	001e      	movs	r6, r3
10002cf8:	002a      	movs	r2, r5
10002cfa:	464b      	mov	r3, r9
10002cfc:	4641      	mov	r1, r8
10002cfe:	2020      	movs	r0, #32
10002d00:	3401      	adds	r4, #1
10002d02:	47b8      	blx	r7
10002d04:	3501      	adds	r5, #1
10002d06:	42b4      	cmp	r4, r6
10002d08:	d3f6      	bcc.n	10002cf8 <_out_rev+0x4c>
10002d0a:	0028      	movs	r0, r5
10002d0c:	bcf0      	pop	{r4, r5, r6, r7}
10002d0e:	46bb      	mov	fp, r7
10002d10:	46b2      	mov	sl, r6
10002d12:	46a9      	mov	r9, r5
10002d14:	46a0      	mov	r8, r4
10002d16:	bdf8      	pop	{r3, r4, r5, r6, r7, pc}
10002d18:	9b0b      	ldr	r3, [sp, #44]	@ 0x2c
10002d1a:	9a0c      	ldr	r2, [sp, #48]	@ 0x30
10002d1c:	4293      	cmp	r3, r2
10002d1e:	d214      	bcs.n	10002d4a <_out_rev+0x9e>
10002d20:	0013      	movs	r3, r2
10002d22:	465d      	mov	r5, fp
10002d24:	000c      	movs	r4, r1
10002d26:	9a0b      	ldr	r2, [sp, #44]	@ 0x2c
10002d28:	1a9e      	subs	r6, r3, r2
10002d2a:	1976      	adds	r6, r6, r5
10002d2c:	002a      	movs	r2, r5
10002d2e:	464b      	mov	r3, r9
10002d30:	3501      	adds	r5, #1
10002d32:	0021      	movs	r1, r4
10002d34:	2020      	movs	r0, #32
10002d36:	47b8      	blx	r7
10002d38:	42b5      	cmp	r5, r6
10002d3a:	d1f7      	bne.n	10002d2c <_out_rev+0x80>
10002d3c:	9b0b      	ldr	r3, [sp, #44]	@ 0x2c
10002d3e:	46a0      	mov	r8, r4
10002d40:	2b00      	cmp	r3, #0
10002d42:	d1c4      	bne.n	10002cce <_out_rev+0x22>
10002d44:	e7e1      	b.n	10002d0a <_out_rev+0x5e>
10002d46:	0015      	movs	r5, r2
10002d48:	e7cd      	b.n	10002ce6 <_out_rev+0x3a>
10002d4a:	465e      	mov	r6, fp
10002d4c:	2b00      	cmp	r3, #0
10002d4e:	d1be      	bne.n	10002cce <_out_rev+0x22>
10002d50:	465d      	mov	r5, fp
10002d52:	e7da      	b.n	10002d0a <_out_rev+0x5e>

10002d54 <_ntoa_format>:
10002d54:	b5f0      	push	{r4, r5, r6, r7, lr}
10002d56:	464f      	mov	r7, r9
10002d58:	46d6      	mov	lr, sl
10002d5a:	4646      	mov	r6, r8
10002d5c:	b5c0      	push	{r6, r7, lr}
10002d5e:	b084      	sub	sp, #16
10002d60:	469c      	mov	ip, r3
10002d62:	ab0e      	add	r3, sp, #56	@ 0x38
10002d64:	781f      	ldrb	r7, [r3, #0]
10002d66:	9b12      	ldr	r3, [sp, #72]	@ 0x48
10002d68:	4691      	mov	r9, r2
10002d6a:	46ba      	mov	sl, r7
10002d6c:	9c0d      	ldr	r4, [sp, #52]	@ 0x34
10002d6e:	9e10      	ldr	r6, [sp, #64]	@ 0x40
10002d70:	9d11      	ldr	r5, [sp, #68]	@ 0x44
10002d72:	079b      	lsls	r3, r3, #30
10002d74:	d44c      	bmi.n	10002e10 <_ntoa_format+0xbc>
10002d76:	2d00      	cmp	r5, #0
10002d78:	d141      	bne.n	10002dfe <_ntoa_format+0xaa>
10002d7a:	42b4      	cmp	r4, r6
10002d7c:	d248      	bcs.n	10002e10 <_ntoa_format+0xbc>
10002d7e:	2301      	movs	r3, #1
10002d80:	9f12      	ldr	r7, [sp, #72]	@ 0x48
10002d82:	401f      	ands	r7, r3
10002d84:	46b8      	mov	r8, r7
10002d86:	9b0c      	ldr	r3, [sp, #48]	@ 0x30
10002d88:	1e5f      	subs	r7, r3, #1
10002d8a:	2330      	movs	r3, #48	@ 0x30
10002d8c:	e003      	b.n	10002d96 <_ntoa_format+0x42>
10002d8e:	3401      	adds	r4, #1
10002d90:	553b      	strb	r3, [r7, r4]
10002d92:	42a6      	cmp	r6, r4
10002d94:	d901      	bls.n	10002d9a <_ntoa_format+0x46>
10002d96:	2c20      	cmp	r4, #32
10002d98:	d1f9      	bne.n	10002d8e <_ntoa_format+0x3a>
10002d9a:	4643      	mov	r3, r8
10002d9c:	2b00      	cmp	r3, #0
10002d9e:	d100      	bne.n	10002da2 <_ntoa_format+0x4e>
10002da0:	e087      	b.n	10002eb2 <_ntoa_format+0x15e>
10002da2:	9b0c      	ldr	r3, [sp, #48]	@ 0x30
10002da4:	1e5f      	subs	r7, r3, #1
10002da6:	2330      	movs	r3, #48	@ 0x30
10002da8:	42a5      	cmp	r5, r4
10002daa:	d804      	bhi.n	10002db6 <_ntoa_format+0x62>
10002dac:	e030      	b.n	10002e10 <_ntoa_format+0xbc>
10002dae:	3401      	adds	r4, #1
10002db0:	553b      	strb	r3, [r7, r4]
10002db2:	42ac      	cmp	r4, r5
10002db4:	d02c      	beq.n	10002e10 <_ntoa_format+0xbc>
10002db6:	2c20      	cmp	r4, #32
10002db8:	d1f9      	bne.n	10002dae <_ntoa_format+0x5a>
10002dba:	9b12      	ldr	r3, [sp, #72]	@ 0x48
10002dbc:	06db      	lsls	r3, r3, #27
10002dbe:	d50d      	bpl.n	10002ddc <_ntoa_format+0x88>
10002dc0:	9b12      	ldr	r3, [sp, #72]	@ 0x48
10002dc2:	055b      	lsls	r3, r3, #21
10002dc4:	d457      	bmi.n	10002e76 <_ntoa_format+0x122>
10002dc6:	42a6      	cmp	r6, r4
10002dc8:	d067      	beq.n	10002e9a <_ntoa_format+0x146>
10002dca:	42a5      	cmp	r5, r4
10002dcc:	d065      	beq.n	10002e9a <_ntoa_format+0x146>
10002dce:	9b0f      	ldr	r3, [sp, #60]	@ 0x3c
10002dd0:	2b10      	cmp	r3, #16
10002dd2:	d053      	beq.n	10002e7c <_ntoa_format+0x128>
10002dd4:	2b02      	cmp	r3, #2
10002dd6:	d05b      	beq.n	10002e90 <_ntoa_format+0x13c>
10002dd8:	2c20      	cmp	r4, #32
10002dda:	d136      	bne.n	10002e4a <_ntoa_format+0xf6>
10002ddc:	2320      	movs	r3, #32
10002dde:	9c12      	ldr	r4, [sp, #72]	@ 0x48
10002de0:	9301      	str	r3, [sp, #4]
10002de2:	9b0c      	ldr	r3, [sp, #48]	@ 0x30
10002de4:	464a      	mov	r2, r9
10002de6:	9300      	str	r3, [sp, #0]
10002de8:	9403      	str	r4, [sp, #12]
10002dea:	4663      	mov	r3, ip
10002dec:	9502      	str	r5, [sp, #8]
10002dee:	f7ff ff5d 	bl	10002cac <_out_rev>
10002df2:	b004      	add	sp, #16
10002df4:	bce0      	pop	{r5, r6, r7}
10002df6:	46ba      	mov	sl, r7
10002df8:	46b1      	mov	r9, r6
10002dfa:	46a8      	mov	r8, r5
10002dfc:	bdf0      	pop	{r4, r5, r6, r7, pc}
10002dfe:	2301      	movs	r3, #1
10002e00:	9a12      	ldr	r2, [sp, #72]	@ 0x48
10002e02:	4013      	ands	r3, r2
10002e04:	4698      	mov	r8, r3
10002e06:	2301      	movs	r3, #1
10002e08:	4213      	tst	r3, r2
10002e0a:	d12d      	bne.n	10002e68 <_ntoa_format+0x114>
10002e0c:	42b4      	cmp	r4, r6
10002e0e:	d3ba      	bcc.n	10002d86 <_ntoa_format+0x32>
10002e10:	9b12      	ldr	r3, [sp, #72]	@ 0x48
10002e12:	06db      	lsls	r3, r3, #27
10002e14:	d51e      	bpl.n	10002e54 <_ntoa_format+0x100>
10002e16:	9b12      	ldr	r3, [sp, #72]	@ 0x48
10002e18:	055b      	lsls	r3, r3, #21
10002e1a:	d4d8      	bmi.n	10002dce <_ntoa_format+0x7a>
10002e1c:	2c00      	cmp	r4, #0
10002e1e:	d1d2      	bne.n	10002dc6 <_ntoa_format+0x72>
10002e20:	9b0f      	ldr	r3, [sp, #60]	@ 0x3c
10002e22:	2b10      	cmp	r3, #16
10002e24:	d060      	beq.n	10002ee8 <_ntoa_format+0x194>
10002e26:	9b0f      	ldr	r3, [sp, #60]	@ 0x3c
10002e28:	2b02      	cmp	r3, #2
10002e2a:	d071      	beq.n	10002f10 <_ntoa_format+0x1bc>
10002e2c:	2330      	movs	r3, #48	@ 0x30
10002e2e:	2401      	movs	r4, #1
10002e30:	9a0c      	ldr	r2, [sp, #48]	@ 0x30
10002e32:	7013      	strb	r3, [r2, #0]
10002e34:	4653      	mov	r3, sl
10002e36:	2b00      	cmp	r3, #0
10002e38:	d111      	bne.n	10002e5e <_ntoa_format+0x10a>
10002e3a:	9b12      	ldr	r3, [sp, #72]	@ 0x48
10002e3c:	075b      	lsls	r3, r3, #29
10002e3e:	d540      	bpl.n	10002ec2 <_ntoa_format+0x16e>
10002e40:	262b      	movs	r6, #43	@ 0x2b
10002e42:	9a0c      	ldr	r2, [sp, #48]	@ 0x30
10002e44:	1c63      	adds	r3, r4, #1
10002e46:	5516      	strb	r6, [r2, r4]
10002e48:	e7c9      	b.n	10002dde <_ntoa_format+0x8a>
10002e4a:	0023      	movs	r3, r4
10002e4c:	3401      	adds	r4, #1
10002e4e:	2630      	movs	r6, #48	@ 0x30
10002e50:	9a0c      	ldr	r2, [sp, #48]	@ 0x30
10002e52:	54d6      	strb	r6, [r2, r3]
10002e54:	2c20      	cmp	r4, #32
10002e56:	d0c1      	beq.n	10002ddc <_ntoa_format+0x88>
10002e58:	4653      	mov	r3, sl
10002e5a:	2b00      	cmp	r3, #0
10002e5c:	d0ed      	beq.n	10002e3a <_ntoa_format+0xe6>
10002e5e:	262d      	movs	r6, #45	@ 0x2d
10002e60:	9a0c      	ldr	r2, [sp, #48]	@ 0x30
10002e62:	1c63      	adds	r3, r4, #1
10002e64:	5516      	strb	r6, [r2, r4]
10002e66:	e7ba      	b.n	10002dde <_ntoa_format+0x8a>
10002e68:	2f00      	cmp	r7, #0
10002e6a:	d034      	beq.n	10002ed6 <_ntoa_format+0x182>
10002e6c:	3d01      	subs	r5, #1
10002e6e:	42b4      	cmp	r4, r6
10002e70:	d200      	bcs.n	10002e74 <_ntoa_format+0x120>
10002e72:	e788      	b.n	10002d86 <_ntoa_format+0x32>
10002e74:	e795      	b.n	10002da2 <_ntoa_format+0x4e>
10002e76:	9b0f      	ldr	r3, [sp, #60]	@ 0x3c
10002e78:	2b10      	cmp	r3, #16
10002e7a:	d1af      	bne.n	10002ddc <_ntoa_format+0x88>
10002e7c:	9b12      	ldr	r3, [sp, #72]	@ 0x48
10002e7e:	069b      	lsls	r3, r3, #26
10002e80:	d53c      	bpl.n	10002efc <_ntoa_format+0x1a8>
10002e82:	2c20      	cmp	r4, #32
10002e84:	d0aa      	beq.n	10002ddc <_ntoa_format+0x88>
10002e86:	2358      	movs	r3, #88	@ 0x58
10002e88:	9a0c      	ldr	r2, [sp, #48]	@ 0x30
10002e8a:	5513      	strb	r3, [r2, r4]
10002e8c:	3401      	adds	r4, #1
10002e8e:	e7a3      	b.n	10002dd8 <_ntoa_format+0x84>
10002e90:	2c20      	cmp	r4, #32
10002e92:	d0a3      	beq.n	10002ddc <_ntoa_format+0x88>
10002e94:	0023      	movs	r3, r4
10002e96:	3401      	adds	r4, #1
10002e98:	e007      	b.n	10002eaa <_ntoa_format+0x156>
10002e9a:	1e63      	subs	r3, r4, #1
10002e9c:	2c01      	cmp	r4, #1
10002e9e:	d0bf      	beq.n	10002e20 <_ntoa_format+0xcc>
10002ea0:	9a0f      	ldr	r2, [sp, #60]	@ 0x3c
10002ea2:	2a10      	cmp	r2, #16
10002ea4:	d036      	beq.n	10002f14 <_ntoa_format+0x1c0>
10002ea6:	2a02      	cmp	r2, #2
10002ea8:	d1d1      	bne.n	10002e4e <_ntoa_format+0xfa>
10002eaa:	2662      	movs	r6, #98	@ 0x62
10002eac:	9a0c      	ldr	r2, [sp, #48]	@ 0x30
10002eae:	54d6      	strb	r6, [r2, r3]
10002eb0:	e792      	b.n	10002dd8 <_ntoa_format+0x84>
10002eb2:	9b12      	ldr	r3, [sp, #72]	@ 0x48
10002eb4:	06db      	lsls	r3, r3, #27
10002eb6:	d5cd      	bpl.n	10002e54 <_ntoa_format+0x100>
10002eb8:	9b12      	ldr	r3, [sp, #72]	@ 0x48
10002eba:	055b      	lsls	r3, r3, #21
10002ebc:	d400      	bmi.n	10002ec0 <_ntoa_format+0x16c>
10002ebe:	e782      	b.n	10002dc6 <_ntoa_format+0x72>
10002ec0:	e785      	b.n	10002dce <_ntoa_format+0x7a>
10002ec2:	9a12      	ldr	r2, [sp, #72]	@ 0x48
10002ec4:	0023      	movs	r3, r4
10002ec6:	0716      	lsls	r6, r2, #28
10002ec8:	d400      	bmi.n	10002ecc <_ntoa_format+0x178>
10002eca:	e788      	b.n	10002dde <_ntoa_format+0x8a>
10002ecc:	2620      	movs	r6, #32
10002ece:	9a0c      	ldr	r2, [sp, #48]	@ 0x30
10002ed0:	3301      	adds	r3, #1
10002ed2:	5516      	strb	r6, [r2, r4]
10002ed4:	e783      	b.n	10002dde <_ntoa_format+0x8a>
10002ed6:	230c      	movs	r3, #12
10002ed8:	4013      	ands	r3, r2
10002eda:	1e5f      	subs	r7, r3, #1
10002edc:	41bb      	sbcs	r3, r7
10002ede:	1aed      	subs	r5, r5, r3
10002ee0:	42b4      	cmp	r4, r6
10002ee2:	d200      	bcs.n	10002ee6 <_ntoa_format+0x192>
10002ee4:	e74f      	b.n	10002d86 <_ntoa_format+0x32>
10002ee6:	e75c      	b.n	10002da2 <_ntoa_format+0x4e>
10002ee8:	9b12      	ldr	r3, [sp, #72]	@ 0x48
10002eea:	069b      	lsls	r3, r3, #26
10002eec:	d40e      	bmi.n	10002f0c <_ntoa_format+0x1b8>
10002eee:	2378      	movs	r3, #120	@ 0x78
10002ef0:	9a0c      	ldr	r2, [sp, #48]	@ 0x30
10002ef2:	2402      	movs	r4, #2
10002ef4:	7013      	strb	r3, [r2, #0]
10002ef6:	2330      	movs	r3, #48	@ 0x30
10002ef8:	7053      	strb	r3, [r2, #1]
10002efa:	e79b      	b.n	10002e34 <_ntoa_format+0xe0>
10002efc:	2c20      	cmp	r4, #32
10002efe:	d100      	bne.n	10002f02 <_ntoa_format+0x1ae>
10002f00:	e76c      	b.n	10002ddc <_ntoa_format+0x88>
10002f02:	2378      	movs	r3, #120	@ 0x78
10002f04:	9a0c      	ldr	r2, [sp, #48]	@ 0x30
10002f06:	5513      	strb	r3, [r2, r4]
10002f08:	3401      	adds	r4, #1
10002f0a:	e765      	b.n	10002dd8 <_ntoa_format+0x84>
10002f0c:	2358      	movs	r3, #88	@ 0x58
10002f0e:	e7ef      	b.n	10002ef0 <_ntoa_format+0x19c>
10002f10:	3360      	adds	r3, #96	@ 0x60
10002f12:	e7ed      	b.n	10002ef0 <_ntoa_format+0x19c>
10002f14:	9a0c      	ldr	r2, [sp, #48]	@ 0x30
10002f16:	1ea6      	subs	r6, r4, #2
10002f18:	18b6      	adds	r6, r6, r2
10002f1a:	9a12      	ldr	r2, [sp, #72]	@ 0x48
10002f1c:	0692      	lsls	r2, r2, #26
10002f1e:	d502      	bpl.n	10002f26 <_ntoa_format+0x1d2>
10002f20:	2258      	movs	r2, #88	@ 0x58
10002f22:	7032      	strb	r2, [r6, #0]
10002f24:	e793      	b.n	10002e4e <_ntoa_format+0xfa>
10002f26:	2278      	movs	r2, #120	@ 0x78
10002f28:	7032      	strb	r2, [r6, #0]
10002f2a:	e790      	b.n	10002e4e <_ntoa_format+0xfa>

10002f2c <_out_char>:
10002f2c:	b510      	push	{r4, lr}
10002f2e:	2800      	cmp	r0, #0
10002f30:	d100      	bne.n	10002f34 <_out_char+0x8>
10002f32:	bd10      	pop	{r4, pc}
10002f34:	f001 fbac 	bl	10004690 <__wrap_putchar>
10002f38:	e7fb      	b.n	10002f32 <_out_char+0x6>
10002f3a:	46c0      	nop			@ (mov r8, r8)

10002f3c <_out_fct>:
10002f3c:	b510      	push	{r4, lr}
10002f3e:	2800      	cmp	r0, #0
10002f40:	d003      	beq.n	10002f4a <_out_fct+0xe>
10002f42:	684a      	ldr	r2, [r1, #4]
10002f44:	680b      	ldr	r3, [r1, #0]
10002f46:	0011      	movs	r1, r2
10002f48:	4798      	blx	r3
10002f4a:	bd10      	pop	{r4, pc}

10002f4c <_ftoa>:
10002f4c:	b5f0      	push	{r4, r5, r6, r7, lr}
10002f4e:	464e      	mov	r6, r9
10002f50:	46de      	mov	lr, fp
10002f52:	4657      	mov	r7, sl
10002f54:	4645      	mov	r5, r8
10002f56:	b5e0      	push	{r5, r6, r7, lr}
10002f58:	b095      	sub	sp, #84	@ 0x54
10002f5a:	4683      	mov	fp, r0
10002f5c:	4689      	mov	r9, r1
10002f5e:	4692      	mov	sl, r2
10002f60:	4698      	mov	r8, r3
10002f62:	9a1e      	ldr	r2, [sp, #120]	@ 0x78
10002f64:	9b1f      	ldr	r3, [sp, #124]	@ 0x7c
10002f66:	0010      	movs	r0, r2
10002f68:	0019      	movs	r1, r3
10002f6a:	9e20      	ldr	r6, [sp, #128]	@ 0x80
10002f6c:	f7ff fac9 	bl	10002502 <__wrap___aeabi_dcmpun>
10002f70:	2800      	cmp	r0, #0
10002f72:	d000      	beq.n	10002f76 <_ftoa+0x2a>
10002f74:	e1d2      	b.n	1000331c <_ftoa+0x3d0>
10002f76:	981e      	ldr	r0, [sp, #120]	@ 0x78
10002f78:	991f      	ldr	r1, [sp, #124]	@ 0x7c
10002f7a:	2201      	movs	r2, #1
10002f7c:	4bc4      	ldr	r3, [pc, #784]	@ (10003290 <_ftoa+0x344>)
10002f7e:	4252      	negs	r2, r2
10002f80:	f7ff faa4 	bl	100024cc <__wrap___aeabi_dcmplt>
10002f84:	2800      	cmp	r0, #0
10002f86:	d000      	beq.n	10002f8a <_ftoa+0x3e>
10002f88:	e101      	b.n	1000318e <_ftoa+0x242>
10002f8a:	981e      	ldr	r0, [sp, #120]	@ 0x78
10002f8c:	991f      	ldr	r1, [sp, #124]	@ 0x7c
10002f8e:	2201      	movs	r2, #1
10002f90:	4bc0      	ldr	r3, [pc, #768]	@ (10003294 <_ftoa+0x348>)
10002f92:	4252      	negs	r2, r2
10002f94:	f7ff fab0 	bl	100024f8 <__wrap___aeabi_dcmpgt>
10002f98:	2800      	cmp	r0, #0
10002f9a:	d000      	beq.n	10002f9e <_ftoa+0x52>
10002f9c:	e0d6      	b.n	1000314c <_ftoa+0x200>
10002f9e:	981e      	ldr	r0, [sp, #120]	@ 0x78
10002fa0:	991f      	ldr	r1, [sp, #124]	@ 0x7c
10002fa2:	2200      	movs	r2, #0
10002fa4:	4bbc      	ldr	r3, [pc, #752]	@ (10003298 <_ftoa+0x34c>)
10002fa6:	f7ff faa7 	bl	100024f8 <__wrap___aeabi_dcmpgt>
10002faa:	2800      	cmp	r0, #0
10002fac:	d000      	beq.n	10002fb0 <_ftoa+0x64>
10002fae:	e0b5      	b.n	1000311c <_ftoa+0x1d0>
10002fb0:	981e      	ldr	r0, [sp, #120]	@ 0x78
10002fb2:	991f      	ldr	r1, [sp, #124]	@ 0x7c
10002fb4:	2200      	movs	r2, #0
10002fb6:	4bb9      	ldr	r3, [pc, #740]	@ (1000329c <_ftoa+0x350>)
10002fb8:	f7ff fa88 	bl	100024cc <__wrap___aeabi_dcmplt>
10002fbc:	2800      	cmp	r0, #0
10002fbe:	d000      	beq.n	10002fc2 <_ftoa+0x76>
10002fc0:	e0ac      	b.n	1000311c <_ftoa+0x1d0>
10002fc2:	981e      	ldr	r0, [sp, #120]	@ 0x78
10002fc4:	991f      	ldr	r1, [sp, #124]	@ 0x7c
10002fc6:	2200      	movs	r2, #0
10002fc8:	2300      	movs	r3, #0
10002fca:	f7ff fa7f 	bl	100024cc <__wrap___aeabi_dcmplt>
10002fce:	2800      	cmp	r0, #0
10002fd0:	d000      	beq.n	10002fd4 <_ftoa+0x88>
10002fd2:	e0d1      	b.n	10003178 <_ftoa+0x22c>
10002fd4:	2300      	movs	r3, #0
10002fd6:	930b      	str	r3, [sp, #44]	@ 0x2c
10002fd8:	9b22      	ldr	r3, [sp, #136]	@ 0x88
10002fda:	055b      	lsls	r3, r3, #21
10002fdc:	d400      	bmi.n	10002fe0 <_ftoa+0x94>
10002fde:	2606      	movs	r6, #6
10002fe0:	2400      	movs	r4, #0
10002fe2:	2330      	movs	r3, #48	@ 0x30
10002fe4:	e006      	b.n	10002ff4 <_ftoa+0xa8>
10002fe6:	aa06      	add	r2, sp, #24
10002fe8:	3401      	adds	r4, #1
10002fea:	3217      	adds	r2, #23
10002fec:	5513      	strb	r3, [r2, r4]
10002fee:	3e01      	subs	r6, #1
10002ff0:	2c20      	cmp	r4, #32
10002ff2:	d001      	beq.n	10002ff8 <_ftoa+0xac>
10002ff4:	2e09      	cmp	r6, #9
10002ff6:	d8f6      	bhi.n	10002fe6 <_ftoa+0x9a>
10002ff8:	981e      	ldr	r0, [sp, #120]	@ 0x78
10002ffa:	991f      	ldr	r1, [sp, #124]	@ 0x7c
10002ffc:	f7ff faaa 	bl	10002554 <__wrap___aeabi_d2iz>
10003000:	4ba7      	ldr	r3, [pc, #668]	@ (100032a0 <_ftoa+0x354>)
10003002:	00f2      	lsls	r2, r6, #3
10003004:	189b      	adds	r3, r3, r2
10003006:	cb0c      	ldmia	r3, {r2, r3}
10003008:	0005      	movs	r5, r0
1000300a:	9208      	str	r2, [sp, #32]
1000300c:	9309      	str	r3, [sp, #36]	@ 0x24
1000300e:	f7ff fa89 	bl	10002524 <__wrap___aeabi_i2d>
10003012:	0002      	movs	r2, r0
10003014:	000b      	movs	r3, r1
10003016:	981e      	ldr	r0, [sp, #120]	@ 0x78
10003018:	991f      	ldr	r1, [sp, #124]	@ 0x7c
1000301a:	f7ff f9e4 	bl	100023e6 <__wrap___aeabi_dsub>
1000301e:	9a08      	ldr	r2, [sp, #32]
10003020:	9b09      	ldr	r3, [sp, #36]	@ 0x24
10003022:	f7ff fa10 	bl	10002446 <__wrap___aeabi_dmul>
10003026:	9006      	str	r0, [sp, #24]
10003028:	9107      	str	r1, [sp, #28]
1000302a:	f7ff fab7 	bl	1000259c <__wrap___aeabi_d2uiz>
1000302e:	0007      	movs	r7, r0
10003030:	f7ff fa74 	bl	1000251c <__wrap___aeabi_ui2d>
10003034:	0002      	movs	r2, r0
10003036:	000b      	movs	r3, r1
10003038:	9806      	ldr	r0, [sp, #24]
1000303a:	9907      	ldr	r1, [sp, #28]
1000303c:	f7ff f9d3 	bl	100023e6 <__wrap___aeabi_dsub>
10003040:	2200      	movs	r2, #0
10003042:	4b98      	ldr	r3, [pc, #608]	@ (100032a4 <_ftoa+0x358>)
10003044:	9006      	str	r0, [sp, #24]
10003046:	9107      	str	r1, [sp, #28]
10003048:	f7ff fa56 	bl	100024f8 <__wrap___aeabi_dcmpgt>
1000304c:	2800      	cmp	r0, #0
1000304e:	d100      	bne.n	10003052 <_ftoa+0x106>
10003050:	e0e9      	b.n	10003226 <_ftoa+0x2da>
10003052:	3701      	adds	r7, #1
10003054:	0038      	movs	r0, r7
10003056:	f7ff fa61 	bl	1000251c <__wrap___aeabi_ui2d>
1000305a:	0002      	movs	r2, r0
1000305c:	000b      	movs	r3, r1
1000305e:	9808      	ldr	r0, [sp, #32]
10003060:	9909      	ldr	r1, [sp, #36]	@ 0x24
10003062:	f7ff fa39 	bl	100024d8 <__wrap___aeabi_dcmple>
10003066:	2800      	cmp	r0, #0
10003068:	d001      	beq.n	1000306e <_ftoa+0x122>
1000306a:	2700      	movs	r7, #0
1000306c:	3501      	adds	r5, #1
1000306e:	2e00      	cmp	r6, #0
10003070:	d100      	bne.n	10003074 <_ftoa+0x128>
10003072:	e0b7      	b.n	100031e4 <_ftoa+0x298>
10003074:	9506      	str	r5, [sp, #24]
10003076:	e013      	b.n	100030a0 <_ftoa+0x154>
10003078:	2317      	movs	r3, #23
1000307a:	aa06      	add	r2, sp, #24
1000307c:	189b      	adds	r3, r3, r2
1000307e:	210a      	movs	r1, #10
10003080:	0038      	movs	r0, r7
10003082:	3401      	adds	r4, #1
10003084:	191d      	adds	r5, r3, r4
10003086:	f7fe ff73 	bl	10001f70 <__wrap___aeabi_uidiv>
1000308a:	3130      	adds	r1, #48	@ 0x30
1000308c:	7029      	strb	r1, [r5, #0]
1000308e:	0038      	movs	r0, r7
10003090:	210a      	movs	r1, #10
10003092:	3e01      	subs	r6, #1
10003094:	f7fe ff6c 	bl	10001f70 <__wrap___aeabi_uidiv>
10003098:	2f09      	cmp	r7, #9
1000309a:	d800      	bhi.n	1000309e <_ftoa+0x152>
1000309c:	e0e1      	b.n	10003262 <_ftoa+0x316>
1000309e:	0007      	movs	r7, r0
100030a0:	2c20      	cmp	r4, #32
100030a2:	d1e9      	bne.n	10003078 <_ftoa+0x12c>
100030a4:	9d06      	ldr	r5, [sp, #24]
100030a6:	2420      	movs	r4, #32
100030a8:	ab0c      	add	r3, sp, #48	@ 0x30
100030aa:	9306      	str	r3, [sp, #24]
100030ac:	2717      	movs	r7, #23
100030ae:	ab06      	add	r3, sp, #24
100030b0:	18ff      	adds	r7, r7, r3
100030b2:	e00d      	b.n	100030d0 <_ftoa+0x184>
100030b4:	0028      	movs	r0, r5
100030b6:	210a      	movs	r1, #10
100030b8:	f7fe ff32 	bl	10001f20 <__wrap___aeabi_idiv>
100030bc:	3401      	adds	r4, #1
100030be:	3130      	adds	r1, #48	@ 0x30
100030c0:	0028      	movs	r0, r5
100030c2:	5539      	strb	r1, [r7, r4]
100030c4:	210a      	movs	r1, #10
100030c6:	f7fe ff2b 	bl	10001f20 <__wrap___aeabi_idiv>
100030ca:	1e05      	subs	r5, r0, #0
100030cc:	d100      	bne.n	100030d0 <_ftoa+0x184>
100030ce:	e0b7      	b.n	10003240 <_ftoa+0x2f4>
100030d0:	2c20      	cmp	r4, #32
100030d2:	d1ef      	bne.n	100030b4 <_ftoa+0x168>
100030d4:	2303      	movs	r3, #3
100030d6:	9a22      	ldr	r2, [sp, #136]	@ 0x88
100030d8:	4013      	ands	r3, r2
100030da:	2b01      	cmp	r3, #1
100030dc:	d117      	bne.n	1000310e <_ftoa+0x1c2>
100030de:	9b21      	ldr	r3, [sp, #132]	@ 0x84
100030e0:	2b00      	cmp	r3, #0
100030e2:	d014      	beq.n	1000310e <_ftoa+0x1c2>
100030e4:	9b0b      	ldr	r3, [sp, #44]	@ 0x2c
100030e6:	2b00      	cmp	r3, #0
100030e8:	d100      	bne.n	100030ec <_ftoa+0x1a0>
100030ea:	e0e3      	b.n	100032b4 <_ftoa+0x368>
100030ec:	9b21      	ldr	r3, [sp, #132]	@ 0x84
100030ee:	3b01      	subs	r3, #1
100030f0:	9321      	str	r3, [sp, #132]	@ 0x84
100030f2:	2b20      	cmp	r3, #32
100030f4:	d90b      	bls.n	1000310e <_ftoa+0x1c2>
100030f6:	2330      	movs	r3, #48	@ 0x30
100030f8:	9a21      	ldr	r2, [sp, #132]	@ 0x84
100030fa:	e006      	b.n	1000310a <_ftoa+0x1be>
100030fc:	a906      	add	r1, sp, #24
100030fe:	3401      	adds	r4, #1
10003100:	3117      	adds	r1, #23
10003102:	550b      	strb	r3, [r1, r4]
10003104:	4294      	cmp	r4, r2
10003106:	d300      	bcc.n	1000310a <_ftoa+0x1be>
10003108:	e0a0      	b.n	1000324c <_ftoa+0x300>
1000310a:	2c20      	cmp	r4, #32
1000310c:	d1f6      	bne.n	100030fc <_ftoa+0x1b0>
1000310e:	9b22      	ldr	r3, [sp, #136]	@ 0x88
10003110:	9401      	str	r4, [sp, #4]
10003112:	9303      	str	r3, [sp, #12]
10003114:	9b21      	ldr	r3, [sp, #132]	@ 0x84
10003116:	9302      	str	r3, [sp, #8]
10003118:	9b06      	ldr	r3, [sp, #24]
1000311a:	e021      	b.n	10003160 <_ftoa+0x214>
1000311c:	9b22      	ldr	r3, [sp, #136]	@ 0x88
1000311e:	4652      	mov	r2, sl
10003120:	9304      	str	r3, [sp, #16]
10003122:	9b21      	ldr	r3, [sp, #132]	@ 0x84
10003124:	4649      	mov	r1, r9
10003126:	9303      	str	r3, [sp, #12]
10003128:	4658      	mov	r0, fp
1000312a:	9b1e      	ldr	r3, [sp, #120]	@ 0x78
1000312c:	9c1f      	ldr	r4, [sp, #124]	@ 0x7c
1000312e:	9602      	str	r6, [sp, #8]
10003130:	9300      	str	r3, [sp, #0]
10003132:	9401      	str	r4, [sp, #4]
10003134:	4643      	mov	r3, r8
10003136:	f000 f943 	bl	100033c0 <_etoa>
1000313a:	0004      	movs	r4, r0
1000313c:	0020      	movs	r0, r4
1000313e:	b015      	add	sp, #84	@ 0x54
10003140:	bcf0      	pop	{r4, r5, r6, r7}
10003142:	46bb      	mov	fp, r7
10003144:	46b2      	mov	sl, r6
10003146:	46a9      	mov	r9, r5
10003148:	46a0      	mov	r8, r4
1000314a:	bdf0      	pop	{r4, r5, r6, r7, pc}
1000314c:	9b22      	ldr	r3, [sp, #136]	@ 0x88
1000314e:	075b      	lsls	r3, r3, #29
10003150:	d40f      	bmi.n	10003172 <_ftoa+0x226>
10003152:	2203      	movs	r2, #3
10003154:	4b54      	ldr	r3, [pc, #336]	@ (100032a8 <_ftoa+0x35c>)
10003156:	9922      	ldr	r1, [sp, #136]	@ 0x88
10003158:	9201      	str	r2, [sp, #4]
1000315a:	9103      	str	r1, [sp, #12]
1000315c:	9921      	ldr	r1, [sp, #132]	@ 0x84
1000315e:	9102      	str	r1, [sp, #8]
10003160:	9300      	str	r3, [sp, #0]
10003162:	4652      	mov	r2, sl
10003164:	4643      	mov	r3, r8
10003166:	4649      	mov	r1, r9
10003168:	4658      	mov	r0, fp
1000316a:	f7ff fd9f 	bl	10002cac <_out_rev>
1000316e:	0004      	movs	r4, r0
10003170:	e7e4      	b.n	1000313c <_ftoa+0x1f0>
10003172:	2204      	movs	r2, #4
10003174:	4b4d      	ldr	r3, [pc, #308]	@ (100032ac <_ftoa+0x360>)
10003176:	e7ee      	b.n	10003156 <_ftoa+0x20a>
10003178:	9a1e      	ldr	r2, [sp, #120]	@ 0x78
1000317a:	9b1f      	ldr	r3, [sp, #124]	@ 0x7c
1000317c:	2000      	movs	r0, #0
1000317e:	2100      	movs	r1, #0
10003180:	f7ff f931 	bl	100023e6 <__wrap___aeabi_dsub>
10003184:	2301      	movs	r3, #1
10003186:	901e      	str	r0, [sp, #120]	@ 0x78
10003188:	911f      	str	r1, [sp, #124]	@ 0x7c
1000318a:	930b      	str	r3, [sp, #44]	@ 0x2c
1000318c:	e724      	b.n	10002fd8 <_ftoa+0x8c>
1000318e:	2302      	movs	r3, #2
10003190:	9a22      	ldr	r2, [sp, #136]	@ 0x88
10003192:	4654      	mov	r4, sl
10003194:	401a      	ands	r2, r3
10003196:	9b22      	ldr	r3, [sp, #136]	@ 0x88
10003198:	9206      	str	r2, [sp, #24]
1000319a:	079b      	lsls	r3, r3, #30
1000319c:	d100      	bne.n	100031a0 <_ftoa+0x254>
1000319e:	e0ac      	b.n	100032fa <_ftoa+0x3ae>
100031a0:	0026      	movs	r6, r4
100031a2:	4d43      	ldr	r5, [pc, #268]	@ (100032b0 <_ftoa+0x364>)
100031a4:	9408      	str	r4, [sp, #32]
100031a6:	1f2f      	subs	r7, r5, #4
100031a8:	0032      	movs	r2, r6
100031aa:	78e8      	ldrb	r0, [r5, #3]
100031ac:	4643      	mov	r3, r8
100031ae:	4649      	mov	r1, r9
100031b0:	3d01      	subs	r5, #1
100031b2:	47d8      	blx	fp
100031b4:	3601      	adds	r6, #1
100031b6:	42bd      	cmp	r5, r7
100031b8:	d1f6      	bne.n	100031a8 <_ftoa+0x25c>
100031ba:	9c08      	ldr	r4, [sp, #32]
100031bc:	9b06      	ldr	r3, [sp, #24]
100031be:	3404      	adds	r4, #4
100031c0:	2b00      	cmp	r3, #0
100031c2:	d0bb      	beq.n	1000313c <_ftoa+0x1f0>
100031c4:	4657      	mov	r7, sl
100031c6:	9a21      	ldr	r2, [sp, #132]	@ 0x84
100031c8:	1be3      	subs	r3, r4, r7
100031ca:	429a      	cmp	r2, r3
100031cc:	d9b6      	bls.n	1000313c <_ftoa+0x1f0>
100031ce:	0015      	movs	r5, r2
100031d0:	0022      	movs	r2, r4
100031d2:	4643      	mov	r3, r8
100031d4:	4649      	mov	r1, r9
100031d6:	2020      	movs	r0, #32
100031d8:	3401      	adds	r4, #1
100031da:	47d8      	blx	fp
100031dc:	1be3      	subs	r3, r4, r7
100031de:	42ab      	cmp	r3, r5
100031e0:	d3f6      	bcc.n	100031d0 <_ftoa+0x284>
100031e2:	e7ab      	b.n	1000313c <_ftoa+0x1f0>
100031e4:	0028      	movs	r0, r5
100031e6:	f7ff f99d 	bl	10002524 <__wrap___aeabi_i2d>
100031ea:	0002      	movs	r2, r0
100031ec:	000b      	movs	r3, r1
100031ee:	981e      	ldr	r0, [sp, #120]	@ 0x78
100031f0:	991f      	ldr	r1, [sp, #124]	@ 0x7c
100031f2:	f7ff f8f8 	bl	100023e6 <__wrap___aeabi_dsub>
100031f6:	4b2b      	ldr	r3, [pc, #172]	@ (100032a4 <_ftoa+0x358>)
100031f8:	2200      	movs	r2, #0
100031fa:	0006      	movs	r6, r0
100031fc:	000f      	movs	r7, r1
100031fe:	f7ff f965 	bl	100024cc <__wrap___aeabi_dcmplt>
10003202:	ab0c      	add	r3, sp, #48	@ 0x30
10003204:	9306      	str	r3, [sp, #24]
10003206:	2800      	cmp	r0, #0
10003208:	d000      	beq.n	1000320c <_ftoa+0x2c0>
1000320a:	e74f      	b.n	100030ac <_ftoa+0x160>
1000320c:	2200      	movs	r2, #0
1000320e:	0030      	movs	r0, r6
10003210:	0039      	movs	r1, r7
10003212:	4b24      	ldr	r3, [pc, #144]	@ (100032a4 <_ftoa+0x358>)
10003214:	f7ff f970 	bl	100024f8 <__wrap___aeabi_dcmpgt>
10003218:	2800      	cmp	r0, #0
1000321a:	d000      	beq.n	1000321e <_ftoa+0x2d2>
1000321c:	e746      	b.n	100030ac <_ftoa+0x160>
1000321e:	2301      	movs	r3, #1
10003220:	3501      	adds	r5, #1
10003222:	439d      	bics	r5, r3
10003224:	e742      	b.n	100030ac <_ftoa+0x160>
10003226:	2200      	movs	r2, #0
10003228:	9806      	ldr	r0, [sp, #24]
1000322a:	9907      	ldr	r1, [sp, #28]
1000322c:	4b1d      	ldr	r3, [pc, #116]	@ (100032a4 <_ftoa+0x358>)
1000322e:	f7ff f94d 	bl	100024cc <__wrap___aeabi_dcmplt>
10003232:	2800      	cmp	r0, #0
10003234:	d000      	beq.n	10003238 <_ftoa+0x2ec>
10003236:	e71a      	b.n	1000306e <_ftoa+0x122>
10003238:	2f00      	cmp	r7, #0
1000323a:	d159      	bne.n	100032f0 <_ftoa+0x3a4>
1000323c:	3701      	adds	r7, #1
1000323e:	e716      	b.n	1000306e <_ftoa+0x122>
10003240:	2303      	movs	r3, #3
10003242:	9a22      	ldr	r2, [sp, #136]	@ 0x88
10003244:	4013      	ands	r3, r2
10003246:	2b01      	cmp	r3, #1
10003248:	d100      	bne.n	1000324c <_ftoa+0x300>
1000324a:	e0a6      	b.n	1000339a <_ftoa+0x44e>
1000324c:	2c20      	cmp	r4, #32
1000324e:	d100      	bne.n	10003252 <_ftoa+0x306>
10003250:	e75d      	b.n	1000310e <_ftoa+0x1c2>
10003252:	9b0b      	ldr	r3, [sp, #44]	@ 0x2c
10003254:	2b00      	cmp	r3, #0
10003256:	d03a      	beq.n	100032ce <_ftoa+0x382>
10003258:	232d      	movs	r3, #45	@ 0x2d
1000325a:	9a06      	ldr	r2, [sp, #24]
1000325c:	5513      	strb	r3, [r2, r4]
1000325e:	3401      	adds	r4, #1
10003260:	e755      	b.n	1000310e <_ftoa+0x1c2>
10003262:	9d06      	ldr	r5, [sp, #24]
10003264:	2c20      	cmp	r4, #32
10003266:	d100      	bne.n	1000326a <_ftoa+0x31e>
10003268:	e71d      	b.n	100030a6 <_ftoa+0x15a>
1000326a:	2330      	movs	r3, #48	@ 0x30
1000326c:	1936      	adds	r6, r6, r4
1000326e:	e006      	b.n	1000327e <_ftoa+0x332>
10003270:	aa06      	add	r2, sp, #24
10003272:	3401      	adds	r4, #1
10003274:	3217      	adds	r2, #23
10003276:	5513      	strb	r3, [r2, r4]
10003278:	2c20      	cmp	r4, #32
1000327a:	d100      	bne.n	1000327e <_ftoa+0x332>
1000327c:	e713      	b.n	100030a6 <_ftoa+0x15a>
1000327e:	42a6      	cmp	r6, r4
10003280:	d1f6      	bne.n	10003270 <_ftoa+0x324>
10003282:	232e      	movs	r3, #46	@ 0x2e
10003284:	aa0c      	add	r2, sp, #48	@ 0x30
10003286:	3401      	adds	r4, #1
10003288:	9206      	str	r2, [sp, #24]
1000328a:	5593      	strb	r3, [r2, r6]
1000328c:	e70e      	b.n	100030ac <_ftoa+0x160>
1000328e:	46c0      	nop			@ (mov r8, r8)
10003290:	ffefffff 	.word	0xffefffff
10003294:	7fefffff 	.word	0x7fefffff
10003298:	41cdcd65 	.word	0x41cdcd65
1000329c:	c1cdcd65 	.word	0xc1cdcd65
100032a0:	10007bf8 	.word	0x10007bf8
100032a4:	3fe00000 	.word	0x3fe00000
100032a8:	10007930 	.word	0x10007930
100032ac:	10007928 	.word	0x10007928
100032b0:	10007938 	.word	0x10007938
100032b4:	230c      	movs	r3, #12
100032b6:	9a22      	ldr	r2, [sp, #136]	@ 0x88
100032b8:	4213      	tst	r3, r2
100032ba:	d057      	beq.n	1000336c <_ftoa+0x420>
100032bc:	9b21      	ldr	r3, [sp, #132]	@ 0x84
100032be:	3b01      	subs	r3, #1
100032c0:	9321      	str	r3, [sp, #132]	@ 0x84
100032c2:	42a3      	cmp	r3, r4
100032c4:	d900      	bls.n	100032c8 <_ftoa+0x37c>
100032c6:	e716      	b.n	100030f6 <_ftoa+0x1aa>
100032c8:	2c20      	cmp	r4, #32
100032ca:	d100      	bne.n	100032ce <_ftoa+0x382>
100032cc:	e71f      	b.n	1000310e <_ftoa+0x1c2>
100032ce:	9b22      	ldr	r3, [sp, #136]	@ 0x88
100032d0:	075b      	lsls	r3, r3, #29
100032d2:	d504      	bpl.n	100032de <_ftoa+0x392>
100032d4:	232b      	movs	r3, #43	@ 0x2b
100032d6:	9a06      	ldr	r2, [sp, #24]
100032d8:	5513      	strb	r3, [r2, r4]
100032da:	3401      	adds	r4, #1
100032dc:	e717      	b.n	1000310e <_ftoa+0x1c2>
100032de:	9b22      	ldr	r3, [sp, #136]	@ 0x88
100032e0:	071b      	lsls	r3, r3, #28
100032e2:	d400      	bmi.n	100032e6 <_ftoa+0x39a>
100032e4:	e713      	b.n	1000310e <_ftoa+0x1c2>
100032e6:	2320      	movs	r3, #32
100032e8:	9a06      	ldr	r2, [sp, #24]
100032ea:	5513      	strb	r3, [r2, r4]
100032ec:	3401      	adds	r4, #1
100032ee:	e70e      	b.n	1000310e <_ftoa+0x1c2>
100032f0:	07fb      	lsls	r3, r7, #31
100032f2:	d400      	bmi.n	100032f6 <_ftoa+0x3aa>
100032f4:	e6bb      	b.n	1000306e <_ftoa+0x122>
100032f6:	3701      	adds	r7, #1
100032f8:	e6b9      	b.n	1000306e <_ftoa+0x122>
100032fa:	9b21      	ldr	r3, [sp, #132]	@ 0x84
100032fc:	2b04      	cmp	r3, #4
100032fe:	d800      	bhi.n	10003302 <_ftoa+0x3b6>
10003300:	e74e      	b.n	100031a0 <_ftoa+0x254>
10003302:	4655      	mov	r5, sl
10003304:	464f      	mov	r7, r9
10003306:	3c04      	subs	r4, #4
10003308:	18e4      	adds	r4, r4, r3
1000330a:	002a      	movs	r2, r5
1000330c:	4643      	mov	r3, r8
1000330e:	3501      	adds	r5, #1
10003310:	0039      	movs	r1, r7
10003312:	2020      	movs	r0, #32
10003314:	47d8      	blx	fp
10003316:	42ac      	cmp	r4, r5
10003318:	d1f7      	bne.n	1000330a <_ftoa+0x3be>
1000331a:	e741      	b.n	100031a0 <_ftoa+0x254>
1000331c:	2702      	movs	r7, #2
1000331e:	9b22      	ldr	r3, [sp, #136]	@ 0x88
10003320:	4655      	mov	r5, sl
10003322:	401f      	ands	r7, r3
10003324:	079b      	lsls	r3, r3, #30
10003326:	d026      	beq.n	10003376 <_ftoa+0x42a>
10003328:	9706      	str	r7, [sp, #24]
1000332a:	465f      	mov	r7, fp
1000332c:	4e23      	ldr	r6, [pc, #140]	@ (100033bc <_ftoa+0x470>)
1000332e:	1cec      	adds	r4, r5, #3
10003330:	002a      	movs	r2, r5
10003332:	78b0      	ldrb	r0, [r6, #2]
10003334:	4643      	mov	r3, r8
10003336:	4649      	mov	r1, r9
10003338:	3501      	adds	r5, #1
1000333a:	47b8      	blx	r7
1000333c:	3e01      	subs	r6, #1
1000333e:	42ac      	cmp	r4, r5
10003340:	d1f6      	bne.n	10003330 <_ftoa+0x3e4>
10003342:	9f06      	ldr	r7, [sp, #24]
10003344:	2f00      	cmp	r7, #0
10003346:	d100      	bne.n	1000334a <_ftoa+0x3fe>
10003348:	e6f8      	b.n	1000313c <_ftoa+0x1f0>
1000334a:	4657      	mov	r7, sl
1000334c:	9a21      	ldr	r2, [sp, #132]	@ 0x84
1000334e:	1be3      	subs	r3, r4, r7
10003350:	429a      	cmp	r2, r3
10003352:	d800      	bhi.n	10003356 <_ftoa+0x40a>
10003354:	e6f2      	b.n	1000313c <_ftoa+0x1f0>
10003356:	0015      	movs	r5, r2
10003358:	0022      	movs	r2, r4
1000335a:	4643      	mov	r3, r8
1000335c:	4649      	mov	r1, r9
1000335e:	2020      	movs	r0, #32
10003360:	3401      	adds	r4, #1
10003362:	47d8      	blx	fp
10003364:	1be3      	subs	r3, r4, r7
10003366:	42ab      	cmp	r3, r5
10003368:	d3f6      	bcc.n	10003358 <_ftoa+0x40c>
1000336a:	e6e7      	b.n	1000313c <_ftoa+0x1f0>
1000336c:	9b21      	ldr	r3, [sp, #132]	@ 0x84
1000336e:	42a3      	cmp	r3, r4
10003370:	d900      	bls.n	10003374 <_ftoa+0x428>
10003372:	e6c0      	b.n	100030f6 <_ftoa+0x1aa>
10003374:	e6cb      	b.n	1000310e <_ftoa+0x1c2>
10003376:	9b21      	ldr	r3, [sp, #132]	@ 0x84
10003378:	2b03      	cmp	r3, #3
1000337a:	d9d5      	bls.n	10003328 <_ftoa+0x3dc>
1000337c:	9706      	str	r7, [sp, #24]
1000337e:	4654      	mov	r4, sl
10003380:	464f      	mov	r7, r9
10003382:	3d03      	subs	r5, #3
10003384:	18ed      	adds	r5, r5, r3
10003386:	0022      	movs	r2, r4
10003388:	4643      	mov	r3, r8
1000338a:	3401      	adds	r4, #1
1000338c:	0039      	movs	r1, r7
1000338e:	2020      	movs	r0, #32
10003390:	47d8      	blx	fp
10003392:	42a5      	cmp	r5, r4
10003394:	d1f7      	bne.n	10003386 <_ftoa+0x43a>
10003396:	9f06      	ldr	r7, [sp, #24]
10003398:	e7c6      	b.n	10003328 <_ftoa+0x3dc>
1000339a:	9b21      	ldr	r3, [sp, #132]	@ 0x84
1000339c:	2b00      	cmp	r3, #0
1000339e:	d100      	bne.n	100033a2 <_ftoa+0x456>
100033a0:	e754      	b.n	1000324c <_ftoa+0x300>
100033a2:	9b0b      	ldr	r3, [sp, #44]	@ 0x2c
100033a4:	2b00      	cmp	r3, #0
100033a6:	d085      	beq.n	100032b4 <_ftoa+0x368>
100033a8:	9b21      	ldr	r3, [sp, #132]	@ 0x84
100033aa:	3b01      	subs	r3, #1
100033ac:	9321      	str	r3, [sp, #132]	@ 0x84
100033ae:	429c      	cmp	r4, r3
100033b0:	d200      	bcs.n	100033b4 <_ftoa+0x468>
100033b2:	e6a0      	b.n	100030f6 <_ftoa+0x1aa>
100033b4:	2c20      	cmp	r4, #32
100033b6:	d000      	beq.n	100033ba <_ftoa+0x46e>
100033b8:	e74e      	b.n	10003258 <_ftoa+0x30c>
100033ba:	e6a8      	b.n	1000310e <_ftoa+0x1c2>
100033bc:	10007934 	.word	0x10007934

100033c0 <_etoa>:
100033c0:	b5f0      	push	{r4, r5, r6, r7, lr}
100033c2:	4645      	mov	r5, r8
100033c4:	46de      	mov	lr, fp
100033c6:	4657      	mov	r7, sl
100033c8:	464e      	mov	r6, r9
100033ca:	b5e0      	push	{r5, r6, r7, lr}
100033cc:	b09b      	sub	sp, #108	@ 0x6c
100033ce:	9c24      	ldr	r4, [sp, #144]	@ 0x90
100033d0:	9d25      	ldr	r5, [sp, #148]	@ 0x94
100033d2:	4682      	mov	sl, r0
100033d4:	4688      	mov	r8, r1
100033d6:	4693      	mov	fp, r2
100033d8:	4699      	mov	r9, r3
100033da:	0022      	movs	r2, r4
100033dc:	002b      	movs	r3, r5
100033de:	0020      	movs	r0, r4
100033e0:	0029      	movs	r1, r5
100033e2:	f7ff f88e 	bl	10002502 <__wrap___aeabi_dcmpun>
100033e6:	2800      	cmp	r0, #0
100033e8:	d000      	beq.n	100033ec <_etoa+0x2c>
100033ea:	e0c1      	b.n	10003570 <_etoa+0x1b0>
100033ec:	2201      	movs	r2, #1
100033ee:	0020      	movs	r0, r4
100033f0:	0029      	movs	r1, r5
100033f2:	4b7c      	ldr	r3, [pc, #496]	@ (100035e4 <_etoa+0x224>)
100033f4:	4252      	negs	r2, r2
100033f6:	f7ff f87f 	bl	100024f8 <__wrap___aeabi_dcmpgt>
100033fa:	2800      	cmp	r0, #0
100033fc:	d000      	beq.n	10003400 <_etoa+0x40>
100033fe:	e0b7      	b.n	10003570 <_etoa+0x1b0>
10003400:	2201      	movs	r2, #1
10003402:	0020      	movs	r0, r4
10003404:	0029      	movs	r1, r5
10003406:	4b78      	ldr	r3, [pc, #480]	@ (100035e8 <_etoa+0x228>)
10003408:	4252      	negs	r2, r2
1000340a:	f7ff f85f 	bl	100024cc <__wrap___aeabi_dcmplt>
1000340e:	2800      	cmp	r0, #0
10003410:	d000      	beq.n	10003414 <_etoa+0x54>
10003412:	e0ad      	b.n	10003570 <_etoa+0x1b0>
10003414:	2200      	movs	r2, #0
10003416:	2300      	movs	r3, #0
10003418:	0020      	movs	r0, r4
1000341a:	0029      	movs	r1, r5
1000341c:	f7ff f856 	bl	100024cc <__wrap___aeabi_dcmplt>
10003420:	2800      	cmp	r0, #0
10003422:	d000      	beq.n	10003426 <_etoa+0x66>
10003424:	e1bb      	b.n	1000379e <_etoa+0x3de>
10003426:	9408      	str	r4, [sp, #32]
10003428:	9509      	str	r5, [sp, #36]	@ 0x24
1000342a:	9808      	ldr	r0, [sp, #32]
1000342c:	9909      	ldr	r1, [sp, #36]	@ 0x24
1000342e:	2380      	movs	r3, #128	@ 0x80
10003430:	9a28      	ldr	r2, [sp, #160]	@ 0xa0
10003432:	00db      	lsls	r3, r3, #3
10003434:	401a      	ands	r2, r3
10003436:	920f      	str	r2, [sp, #60]	@ 0x3c
10003438:	2280      	movs	r2, #128	@ 0x80
1000343a:	9e28      	ldr	r6, [sp, #160]	@ 0xa0
1000343c:	0112      	lsls	r2, r2, #4
1000343e:	4016      	ands	r6, r2
10003440:	0032      	movs	r2, r6
10003442:	960e      	str	r6, [sp, #56]	@ 0x38
10003444:	9e28      	ldr	r6, [sp, #160]	@ 0xa0
10003446:	000f      	movs	r7, r1
10003448:	900a      	str	r0, [sp, #40]	@ 0x28
1000344a:	421e      	tst	r6, r3
1000344c:	d000      	beq.n	10003450 <_etoa+0x90>
1000344e:	e0a4      	b.n	1000359a <_etoa+0x1da>
10003450:	000b      	movs	r3, r1
10003452:	4303      	orrs	r3, r0
10003454:	d000      	beq.n	10003458 <_etoa+0x98>
10003456:	e0cb      	b.n	100035f0 <_etoa+0x230>
10003458:	2a00      	cmp	r2, #0
1000345a:	d000      	beq.n	1000345e <_etoa+0x9e>
1000345c:	e212      	b.n	10003884 <_etoa+0x4c4>
1000345e:	0032      	movs	r2, r6
10003460:	3306      	adds	r3, #6
10003462:	9326      	str	r3, [sp, #152]	@ 0x98
10003464:	2302      	movs	r3, #2
10003466:	4013      	ands	r3, r2
10003468:	930c      	str	r3, [sp, #48]	@ 0x30
1000346a:	2302      	movs	r3, #2
1000346c:	4213      	tst	r3, r2
1000346e:	d000      	beq.n	10003472 <_etoa+0xb2>
10003470:	e20a      	b.n	10003888 <_etoa+0x4c8>
10003472:	9b27      	ldr	r3, [sp, #156]	@ 0x9c
10003474:	2b04      	cmp	r3, #4
10003476:	d200      	bcs.n	1000347a <_etoa+0xba>
10003478:	e215      	b.n	100038a6 <_etoa+0x4e6>
1000347a:	2700      	movs	r7, #0
1000347c:	2604      	movs	r6, #4
1000347e:	3b04      	subs	r3, #4
10003480:	930e      	str	r3, [sp, #56]	@ 0x38
10003482:	2200      	movs	r2, #0
10003484:	2300      	movs	r3, #0
10003486:	0020      	movs	r0, r4
10003488:	0029      	movs	r1, r5
1000348a:	f7ff f81f 	bl	100024cc <__wrap___aeabi_dcmplt>
1000348e:	2800      	cmp	r0, #0
10003490:	d000      	beq.n	10003494 <_etoa+0xd4>
10003492:	e1c8      	b.n	10003826 <_etoa+0x466>
10003494:	4b55      	ldr	r3, [pc, #340]	@ (100035ec <_etoa+0x22c>)
10003496:	9a28      	ldr	r2, [sp, #160]	@ 0xa0
10003498:	4013      	ands	r3, r2
1000349a:	9304      	str	r3, [sp, #16]
1000349c:	9b0e      	ldr	r3, [sp, #56]	@ 0x38
1000349e:	9303      	str	r3, [sp, #12]
100034a0:	9b26      	ldr	r3, [sp, #152]	@ 0x98
100034a2:	9302      	str	r3, [sp, #8]
100034a4:	9b08      	ldr	r3, [sp, #32]
100034a6:	9c09      	ldr	r4, [sp, #36]	@ 0x24
100034a8:	9300      	str	r3, [sp, #0]
100034aa:	9401      	str	r4, [sp, #4]
100034ac:	4641      	mov	r1, r8
100034ae:	464b      	mov	r3, r9
100034b0:	465a      	mov	r2, fp
100034b2:	4650      	mov	r0, sl
100034b4:	f7ff fd4a 	bl	10002f4c <_ftoa>
100034b8:	0002      	movs	r2, r0
100034ba:	2020      	movs	r0, #32
100034bc:	9b28      	ldr	r3, [sp, #160]	@ 0xa0
100034be:	2500      	movs	r5, #0
100034c0:	4003      	ands	r3, r0
100034c2:	4259      	negs	r1, r3
100034c4:	414b      	adcs	r3, r1
100034c6:	425b      	negs	r3, r3
100034c8:	4018      	ands	r0, r3
100034ca:	1c53      	adds	r3, r2, #1
100034cc:	9308      	str	r3, [sp, #32]
100034ce:	4641      	mov	r1, r8
100034d0:	464b      	mov	r3, r9
100034d2:	3045      	adds	r0, #69	@ 0x45
100034d4:	47d0      	blx	sl
100034d6:	17fb      	asrs	r3, r7, #31
100034d8:	18fc      	adds	r4, r7, r3
100034da:	405c      	eors	r4, r3
100034dc:	0ffb      	lsrs	r3, r7, #31
100034de:	271f      	movs	r7, #31
100034e0:	930a      	str	r3, [sp, #40]	@ 0x28
100034e2:	1e73      	subs	r3, r6, #1
100034e4:	930e      	str	r3, [sp, #56]	@ 0x38
100034e6:	ab0a      	add	r3, sp, #40	@ 0x28
100034e8:	18ff      	adds	r7, r7, r3
100034ea:	e006      	b.n	100034fa <_etoa+0x13a>
100034ec:	0020      	movs	r0, r4
100034ee:	210a      	movs	r1, #10
100034f0:	f7fe fd3e 	bl	10001f70 <__wrap___aeabi_uidiv>
100034f4:	0004      	movs	r4, r0
100034f6:	2d20      	cmp	r5, #32
100034f8:	d008      	beq.n	1000350c <_etoa+0x14c>
100034fa:	210a      	movs	r1, #10
100034fc:	0020      	movs	r0, r4
100034fe:	f7fe fd37 	bl	10001f70 <__wrap___aeabi_uidiv>
10003502:	3501      	adds	r5, #1
10003504:	3130      	adds	r1, #48	@ 0x30
10003506:	5579      	strb	r1, [r7, r5]
10003508:	2c09      	cmp	r4, #9
1000350a:	d8ef      	bhi.n	100034ec <_etoa+0x12c>
1000350c:	2305      	movs	r3, #5
1000350e:	9306      	str	r3, [sp, #24]
10003510:	9b0e      	ldr	r3, [sp, #56]	@ 0x38
10003512:	4656      	mov	r6, sl
10003514:	9305      	str	r3, [sp, #20]
10003516:	2300      	movs	r3, #0
10003518:	9304      	str	r3, [sp, #16]
1000351a:	330a      	adds	r3, #10
1000351c:	9303      	str	r3, [sp, #12]
1000351e:	9b0a      	ldr	r3, [sp, #40]	@ 0x28
10003520:	4641      	mov	r1, r8
10003522:	9302      	str	r3, [sp, #8]
10003524:	ab12      	add	r3, sp, #72	@ 0x48
10003526:	9300      	str	r3, [sp, #0]
10003528:	0030      	movs	r0, r6
1000352a:	464b      	mov	r3, r9
1000352c:	9a08      	ldr	r2, [sp, #32]
1000352e:	9501      	str	r5, [sp, #4]
10003530:	f7ff fc10 	bl	10002d54 <_ntoa_format>
10003534:	9b0c      	ldr	r3, [sp, #48]	@ 0x30
10003536:	2b00      	cmp	r3, #0
10003538:	d028      	beq.n	1000358c <_etoa+0x1cc>
1000353a:	465f      	mov	r7, fp
1000353c:	9b27      	ldr	r3, [sp, #156]	@ 0x9c
1000353e:	1bc4      	subs	r4, r0, r7
10003540:	42a3      	cmp	r3, r4
10003542:	d923      	bls.n	1000358c <_etoa+0x1cc>
10003544:	4682      	mov	sl, r0
10003546:	001d      	movs	r5, r3
10003548:	193a      	adds	r2, r7, r4
1000354a:	464b      	mov	r3, r9
1000354c:	4641      	mov	r1, r8
1000354e:	2020      	movs	r0, #32
10003550:	3401      	adds	r4, #1
10003552:	47b0      	blx	r6
10003554:	42a5      	cmp	r5, r4
10003556:	d8f7      	bhi.n	10003548 <_etoa+0x188>
10003558:	4650      	mov	r0, sl
1000355a:	4659      	mov	r1, fp
1000355c:	9c27      	ldr	r4, [sp, #156]	@ 0x9c
1000355e:	1a42      	subs	r2, r0, r1
10003560:	3201      	adds	r2, #1
10003562:	2300      	movs	r3, #0
10003564:	4294      	cmp	r4, r2
10003566:	d300      	bcc.n	1000356a <_etoa+0x1aa>
10003568:	e195      	b.n	10003896 <_etoa+0x4d6>
1000356a:	3001      	adds	r0, #1
1000356c:	1818      	adds	r0, r3, r0
1000356e:	e00d      	b.n	1000358c <_etoa+0x1cc>
10003570:	9b28      	ldr	r3, [sp, #160]	@ 0xa0
10003572:	9400      	str	r4, [sp, #0]
10003574:	9501      	str	r5, [sp, #4]
10003576:	9304      	str	r3, [sp, #16]
10003578:	9b27      	ldr	r3, [sp, #156]	@ 0x9c
1000357a:	9303      	str	r3, [sp, #12]
1000357c:	9b26      	ldr	r3, [sp, #152]	@ 0x98
1000357e:	9302      	str	r3, [sp, #8]
10003580:	464b      	mov	r3, r9
10003582:	465a      	mov	r2, fp
10003584:	4641      	mov	r1, r8
10003586:	4650      	mov	r0, sl
10003588:	f7ff fce0 	bl	10002f4c <_ftoa>
1000358c:	b01b      	add	sp, #108	@ 0x6c
1000358e:	bcf0      	pop	{r4, r5, r6, r7}
10003590:	46bb      	mov	fp, r7
10003592:	46b2      	mov	sl, r6
10003594:	46a9      	mov	r9, r5
10003596:	46a0      	mov	r8, r4
10003598:	bdf0      	pop	{r4, r5, r6, r7, pc}
1000359a:	4301      	orrs	r1, r0
1000359c:	d12a      	bne.n	100035f4 <_etoa+0x234>
1000359e:	9b0e      	ldr	r3, [sp, #56]	@ 0x38
100035a0:	0032      	movs	r2, r6
100035a2:	2b00      	cmp	r3, #0
100035a4:	d100      	bne.n	100035a8 <_etoa+0x1e8>
100035a6:	e75d      	b.n	10003464 <_etoa+0xa4>
100035a8:	2700      	movs	r7, #0
100035aa:	9b26      	ldr	r3, [sp, #152]	@ 0x98
100035ac:	2600      	movs	r6, #0
100035ae:	42bb      	cmp	r3, r7
100035b0:	dd00      	ble.n	100035b4 <_etoa+0x1f4>
100035b2:	e182      	b.n	100038ba <_etoa+0x4fa>
100035b4:	2200      	movs	r2, #0
100035b6:	2300      	movs	r3, #0
100035b8:	0020      	movs	r0, r4
100035ba:	0029      	movs	r1, r5
100035bc:	f7fe ff86 	bl	100024cc <__wrap___aeabi_dcmplt>
100035c0:	2800      	cmp	r0, #0
100035c2:	d000      	beq.n	100035c6 <_etoa+0x206>
100035c4:	e14b      	b.n	1000385e <_etoa+0x49e>
100035c6:	9b28      	ldr	r3, [sp, #160]	@ 0xa0
100035c8:	4a08      	ldr	r2, [pc, #32]	@ (100035ec <_etoa+0x22c>)
100035ca:	9602      	str	r6, [sp, #8]
100035cc:	401a      	ands	r2, r3
100035ce:	2380      	movs	r3, #128	@ 0x80
100035d0:	00db      	lsls	r3, r3, #3
100035d2:	4313      	orrs	r3, r2
100035d4:	9304      	str	r3, [sp, #16]
100035d6:	9b27      	ldr	r3, [sp, #156]	@ 0x9c
100035d8:	9303      	str	r3, [sp, #12]
100035da:	9b08      	ldr	r3, [sp, #32]
100035dc:	9c09      	ldr	r4, [sp, #36]	@ 0x24
100035de:	9300      	str	r3, [sp, #0]
100035e0:	9401      	str	r4, [sp, #4]
100035e2:	e7cd      	b.n	10003580 <_etoa+0x1c0>
100035e4:	7fefffff 	.word	0x7fefffff
100035e8:	ffefffff 	.word	0xffefffff
100035ec:	fffff7ff 	.word	0xfffff7ff
100035f0:	2306      	movs	r3, #6
100035f2:	9326      	str	r3, [sp, #152]	@ 0x98
100035f4:	4bb2      	ldr	r3, [pc, #712]	@ (100038c0 <_etoa+0x500>)
100035f6:	0078      	lsls	r0, r7, #1
100035f8:	0d40      	lsrs	r0, r0, #21
100035fa:	18c0      	adds	r0, r0, r3
100035fc:	f7fe ff92 	bl	10002524 <__wrap___aeabi_i2d>
10003600:	4ab0      	ldr	r2, [pc, #704]	@ (100038c4 <_etoa+0x504>)
10003602:	4bb1      	ldr	r3, [pc, #708]	@ (100038c8 <_etoa+0x508>)
10003604:	f7fe ff1f 	bl	10002446 <__wrap___aeabi_dmul>
10003608:	4ab0      	ldr	r2, [pc, #704]	@ (100038cc <_etoa+0x50c>)
1000360a:	4bb1      	ldr	r3, [pc, #708]	@ (100038d0 <_etoa+0x510>)
1000360c:	f7fe fef4 	bl	100023f8 <__wrap___aeabi_dadd>
10003610:	033f      	lsls	r7, r7, #12
10003612:	4bb0      	ldr	r3, [pc, #704]	@ (100038d4 <_etoa+0x514>)
10003614:	0b3f      	lsrs	r7, r7, #12
10003616:	433b      	orrs	r3, r7
10003618:	900c      	str	r0, [sp, #48]	@ 0x30
1000361a:	910d      	str	r1, [sp, #52]	@ 0x34
1000361c:	2200      	movs	r2, #0
1000361e:	980a      	ldr	r0, [sp, #40]	@ 0x28
10003620:	0019      	movs	r1, r3
10003622:	4bad      	ldr	r3, [pc, #692]	@ (100038d8 <_etoa+0x518>)
10003624:	f7fe fedf 	bl	100023e6 <__wrap___aeabi_dsub>
10003628:	4aac      	ldr	r2, [pc, #688]	@ (100038dc <_etoa+0x51c>)
1000362a:	4bad      	ldr	r3, [pc, #692]	@ (100038e0 <_etoa+0x520>)
1000362c:	f7fe ff0b 	bl	10002446 <__wrap___aeabi_dmul>
10003630:	0002      	movs	r2, r0
10003632:	000b      	movs	r3, r1
10003634:	980c      	ldr	r0, [sp, #48]	@ 0x30
10003636:	990d      	ldr	r1, [sp, #52]	@ 0x34
10003638:	f7fe fede 	bl	100023f8 <__wrap___aeabi_dadd>
1000363c:	f7fe ff8a 	bl	10002554 <__wrap___aeabi_d2iz>
10003640:	0007      	movs	r7, r0
10003642:	f7fe ff6f 	bl	10002524 <__wrap___aeabi_i2d>
10003646:	4aa7      	ldr	r2, [pc, #668]	@ (100038e4 <_etoa+0x524>)
10003648:	4ba7      	ldr	r3, [pc, #668]	@ (100038e8 <_etoa+0x528>)
1000364a:	900a      	str	r0, [sp, #40]	@ 0x28
1000364c:	910b      	str	r1, [sp, #44]	@ 0x2c
1000364e:	f7fe fefa 	bl	10002446 <__wrap___aeabi_dmul>
10003652:	2200      	movs	r2, #0
10003654:	4ba5      	ldr	r3, [pc, #660]	@ (100038ec <_etoa+0x52c>)
10003656:	f7fe fecf 	bl	100023f8 <__wrap___aeabi_dadd>
1000365a:	f7fe ff7b 	bl	10002554 <__wrap___aeabi_d2iz>
1000365e:	4aa4      	ldr	r2, [pc, #656]	@ (100038f0 <_etoa+0x530>)
10003660:	0006      	movs	r6, r0
10003662:	980a      	ldr	r0, [sp, #40]	@ 0x28
10003664:	990b      	ldr	r1, [sp, #44]	@ 0x2c
10003666:	4ba3      	ldr	r3, [pc, #652]	@ (100038f4 <_etoa+0x534>)
10003668:	f7fe feed 	bl	10002446 <__wrap___aeabi_dmul>
1000366c:	900a      	str	r0, [sp, #40]	@ 0x28
1000366e:	910b      	str	r1, [sp, #44]	@ 0x2c
10003670:	0030      	movs	r0, r6
10003672:	f7fe ff57 	bl	10002524 <__wrap___aeabi_i2d>
10003676:	4aa0      	ldr	r2, [pc, #640]	@ (100038f8 <_etoa+0x538>)
10003678:	4ba0      	ldr	r3, [pc, #640]	@ (100038fc <_etoa+0x53c>)
1000367a:	f7fe fee4 	bl	10002446 <__wrap___aeabi_dmul>
1000367e:	0002      	movs	r2, r0
10003680:	000b      	movs	r3, r1
10003682:	980a      	ldr	r0, [sp, #40]	@ 0x28
10003684:	990b      	ldr	r1, [sp, #44]	@ 0x2c
10003686:	f7fe feae 	bl	100023e6 <__wrap___aeabi_dsub>
1000368a:	0002      	movs	r2, r0
1000368c:	000b      	movs	r3, r1
1000368e:	900a      	str	r0, [sp, #40]	@ 0x28
10003690:	910b      	str	r1, [sp, #44]	@ 0x2c
10003692:	f7fe fed8 	bl	10002446 <__wrap___aeabi_dmul>
10003696:	900c      	str	r0, [sp, #48]	@ 0x30
10003698:	910d      	str	r1, [sp, #52]	@ 0x34
1000369a:	980a      	ldr	r0, [sp, #40]	@ 0x28
1000369c:	990b      	ldr	r1, [sp, #44]	@ 0x2c
1000369e:	0002      	movs	r2, r0
100036a0:	000b      	movs	r3, r1
100036a2:	f7fe fea9 	bl	100023f8 <__wrap___aeabi_dadd>
100036a6:	2200      	movs	r2, #0
100036a8:	9010      	str	r0, [sp, #64]	@ 0x40
100036aa:	9111      	str	r1, [sp, #68]	@ 0x44
100036ac:	980c      	ldr	r0, [sp, #48]	@ 0x30
100036ae:	990d      	ldr	r1, [sp, #52]	@ 0x34
100036b0:	4b93      	ldr	r3, [pc, #588]	@ (10003900 <_etoa+0x540>)
100036b2:	f7fe feaa 	bl	1000240a <__wrap___aeabi_ddiv>
100036b6:	2200      	movs	r2, #0
100036b8:	4b92      	ldr	r3, [pc, #584]	@ (10003904 <_etoa+0x544>)
100036ba:	f7fe fe9d 	bl	100023f8 <__wrap___aeabi_dadd>
100036be:	0002      	movs	r2, r0
100036c0:	000b      	movs	r3, r1
100036c2:	980c      	ldr	r0, [sp, #48]	@ 0x30
100036c4:	990d      	ldr	r1, [sp, #52]	@ 0x34
100036c6:	f7fe fea0 	bl	1000240a <__wrap___aeabi_ddiv>
100036ca:	2200      	movs	r2, #0
100036cc:	4b8e      	ldr	r3, [pc, #568]	@ (10003908 <_etoa+0x548>)
100036ce:	f7fe fe93 	bl	100023f8 <__wrap___aeabi_dadd>
100036d2:	0002      	movs	r2, r0
100036d4:	000b      	movs	r3, r1
100036d6:	980c      	ldr	r0, [sp, #48]	@ 0x30
100036d8:	990d      	ldr	r1, [sp, #52]	@ 0x34
100036da:	f7fe fe96 	bl	1000240a <__wrap___aeabi_ddiv>
100036de:	9a0a      	ldr	r2, [sp, #40]	@ 0x28
100036e0:	9b0b      	ldr	r3, [sp, #44]	@ 0x2c
100036e2:	900c      	str	r0, [sp, #48]	@ 0x30
100036e4:	910d      	str	r1, [sp, #52]	@ 0x34
100036e6:	2180      	movs	r1, #128	@ 0x80
100036e8:	2000      	movs	r0, #0
100036ea:	05c9      	lsls	r1, r1, #23
100036ec:	f7fe fe7b 	bl	100023e6 <__wrap___aeabi_dsub>
100036f0:	0002      	movs	r2, r0
100036f2:	000b      	movs	r3, r1
100036f4:	980c      	ldr	r0, [sp, #48]	@ 0x30
100036f6:	990d      	ldr	r1, [sp, #52]	@ 0x34
100036f8:	f7fe fe7e 	bl	100023f8 <__wrap___aeabi_dadd>
100036fc:	0002      	movs	r2, r0
100036fe:	000b      	movs	r3, r1
10003700:	9810      	ldr	r0, [sp, #64]	@ 0x40
10003702:	9911      	ldr	r1, [sp, #68]	@ 0x44
10003704:	f7fe fe81 	bl	1000240a <__wrap___aeabi_ddiv>
10003708:	2200      	movs	r2, #0
1000370a:	4b72      	ldr	r3, [pc, #456]	@ (100038d4 <_etoa+0x514>)
1000370c:	f7fe fe74 	bl	100023f8 <__wrap___aeabi_dadd>
10003710:	4b7e      	ldr	r3, [pc, #504]	@ (1000390c <_etoa+0x54c>)
10003712:	2200      	movs	r2, #0
10003714:	18f6      	adds	r6, r6, r3
10003716:	0533      	lsls	r3, r6, #20
10003718:	f7fe fe95 	bl	10002446 <__wrap___aeabi_dmul>
1000371c:	0002      	movs	r2, r0
1000371e:	000b      	movs	r3, r1
10003720:	900a      	str	r0, [sp, #40]	@ 0x28
10003722:	910b      	str	r1, [sp, #44]	@ 0x2c
10003724:	9808      	ldr	r0, [sp, #32]
10003726:	9909      	ldr	r1, [sp, #36]	@ 0x24
10003728:	f7fe fed0 	bl	100024cc <__wrap___aeabi_dcmplt>
1000372c:	2800      	cmp	r0, #0
1000372e:	d008      	beq.n	10003742 <_etoa+0x382>
10003730:	980a      	ldr	r0, [sp, #40]	@ 0x28
10003732:	990b      	ldr	r1, [sp, #44]	@ 0x2c
10003734:	2200      	movs	r2, #0
10003736:	4b73      	ldr	r3, [pc, #460]	@ (10003904 <_etoa+0x544>)
10003738:	f7fe fe67 	bl	1000240a <__wrap___aeabi_ddiv>
1000373c:	900a      	str	r0, [sp, #40]	@ 0x28
1000373e:	910b      	str	r1, [sp, #44]	@ 0x2c
10003740:	3f01      	subs	r7, #1
10003742:	990a      	ldr	r1, [sp, #40]	@ 0x28
10003744:	9a0b      	ldr	r2, [sp, #44]	@ 0x2c
10003746:	000b      	movs	r3, r1
10003748:	0011      	movs	r1, r2
1000374a:	003a      	movs	r2, r7
1000374c:	3263      	adds	r2, #99	@ 0x63
1000374e:	2ac6      	cmp	r2, #198	@ 0xc6
10003750:	d812      	bhi.n	10003778 <_etoa+0x3b8>
10003752:	2202      	movs	r2, #2
10003754:	9828      	ldr	r0, [sp, #160]	@ 0xa0
10003756:	2604      	movs	r6, #4
10003758:	4010      	ands	r0, r2
1000375a:	9a0e      	ldr	r2, [sp, #56]	@ 0x38
1000375c:	900c      	str	r0, [sp, #48]	@ 0x30
1000375e:	2a00      	cmp	r2, #0
10003760:	d126      	bne.n	100037b0 <_etoa+0x3f0>
10003762:	9b27      	ldr	r3, [sp, #156]	@ 0x9c
10003764:	2b04      	cmp	r3, #4
10003766:	d905      	bls.n	10003774 <_etoa+0x3b4>
10003768:	2800      	cmp	r0, #0
1000376a:	d000      	beq.n	1000376e <_etoa+0x3ae>
1000376c:	e0a1      	b.n	100038b2 <_etoa+0x4f2>
1000376e:	9b27      	ldr	r3, [sp, #156]	@ 0x9c
10003770:	3b04      	subs	r3, #4
10003772:	930e      	str	r3, [sp, #56]	@ 0x38
10003774:	2604      	movs	r6, #4
10003776:	e042      	b.n	100037fe <_etoa+0x43e>
10003778:	2202      	movs	r2, #2
1000377a:	9828      	ldr	r0, [sp, #160]	@ 0xa0
1000377c:	4010      	ands	r0, r2
1000377e:	9a0e      	ldr	r2, [sp, #56]	@ 0x38
10003780:	900c      	str	r0, [sp, #48]	@ 0x30
10003782:	2a00      	cmp	r2, #0
10003784:	d113      	bne.n	100037ae <_etoa+0x3ee>
10003786:	9b27      	ldr	r3, [sp, #156]	@ 0x9c
10003788:	2b05      	cmp	r3, #5
1000378a:	d800      	bhi.n	1000378e <_etoa+0x3ce>
1000378c:	e089      	b.n	100038a2 <_etoa+0x4e2>
1000378e:	2800      	cmp	r0, #0
10003790:	d000      	beq.n	10003794 <_etoa+0x3d4>
10003792:	e084      	b.n	1000389e <_etoa+0x4de>
10003794:	9b27      	ldr	r3, [sp, #156]	@ 0x9c
10003796:	2605      	movs	r6, #5
10003798:	3b05      	subs	r3, #5
1000379a:	930e      	str	r3, [sp, #56]	@ 0x38
1000379c:	e032      	b.n	10003804 <_etoa+0x444>
1000379e:	2380      	movs	r3, #128	@ 0x80
100037a0:	061b      	lsls	r3, r3, #24
100037a2:	469c      	mov	ip, r3
100037a4:	44ac      	add	ip, r5
100037a6:	4663      	mov	r3, ip
100037a8:	9408      	str	r4, [sp, #32]
100037aa:	9309      	str	r3, [sp, #36]	@ 0x24
100037ac:	e63d      	b.n	1000342a <_etoa+0x6a>
100037ae:	2605      	movs	r6, #5
100037b0:	430b      	orrs	r3, r1
100037b2:	d100      	bne.n	100037b6 <_etoa+0x3f6>
100037b4:	e6f9      	b.n	100035aa <_etoa+0x1ea>
100037b6:	9808      	ldr	r0, [sp, #32]
100037b8:	9909      	ldr	r1, [sp, #36]	@ 0x24
100037ba:	4a55      	ldr	r2, [pc, #340]	@ (10003910 <_etoa+0x550>)
100037bc:	4b55      	ldr	r3, [pc, #340]	@ (10003914 <_etoa+0x554>)
100037be:	f7fe fe93 	bl	100024e8 <__wrap___aeabi_dcmpge>
100037c2:	2800      	cmp	r0, #0
100037c4:	d008      	beq.n	100037d8 <_etoa+0x418>
100037c6:	9808      	ldr	r0, [sp, #32]
100037c8:	9909      	ldr	r1, [sp, #36]	@ 0x24
100037ca:	2200      	movs	r2, #0
100037cc:	4b52      	ldr	r3, [pc, #328]	@ (10003918 <_etoa+0x558>)
100037ce:	f7fe fe7d 	bl	100024cc <__wrap___aeabi_dcmplt>
100037d2:	2800      	cmp	r0, #0
100037d4:	d000      	beq.n	100037d8 <_etoa+0x418>
100037d6:	e6e8      	b.n	100035aa <_etoa+0x1ea>
100037d8:	9b26      	ldr	r3, [sp, #152]	@ 0x98
100037da:	2b00      	cmp	r3, #0
100037dc:	d034      	beq.n	10003848 <_etoa+0x488>
100037de:	9b0f      	ldr	r3, [sp, #60]	@ 0x3c
100037e0:	2b00      	cmp	r3, #0
100037e2:	d031      	beq.n	10003848 <_etoa+0x488>
100037e4:	9b26      	ldr	r3, [sp, #152]	@ 0x98
100037e6:	3b01      	subs	r3, #1
100037e8:	9326      	str	r3, [sp, #152]	@ 0x98
100037ea:	9b27      	ldr	r3, [sp, #156]	@ 0x9c
100037ec:	42b3      	cmp	r3, r6
100037ee:	d904      	bls.n	100037fa <_etoa+0x43a>
100037f0:	9b0c      	ldr	r3, [sp, #48]	@ 0x30
100037f2:	2b00      	cmp	r3, #0
100037f4:	d059      	beq.n	100038aa <_etoa+0x4ea>
100037f6:	2302      	movs	r3, #2
100037f8:	930c      	str	r3, [sp, #48]	@ 0x30
100037fa:	2300      	movs	r3, #0
100037fc:	930e      	str	r3, [sp, #56]	@ 0x38
100037fe:	2f00      	cmp	r7, #0
10003800:	d100      	bne.n	10003804 <_etoa+0x444>
10003802:	e63e      	b.n	10003482 <_etoa+0xc2>
10003804:	9a0a      	ldr	r2, [sp, #40]	@ 0x28
10003806:	9b0b      	ldr	r3, [sp, #44]	@ 0x2c
10003808:	9808      	ldr	r0, [sp, #32]
1000380a:	9909      	ldr	r1, [sp, #36]	@ 0x24
1000380c:	f7fe fdfd 	bl	1000240a <__wrap___aeabi_ddiv>
10003810:	2200      	movs	r2, #0
10003812:	9008      	str	r0, [sp, #32]
10003814:	9109      	str	r1, [sp, #36]	@ 0x24
10003816:	2300      	movs	r3, #0
10003818:	0020      	movs	r0, r4
1000381a:	0029      	movs	r1, r5
1000381c:	f7fe fe56 	bl	100024cc <__wrap___aeabi_dcmplt>
10003820:	2800      	cmp	r0, #0
10003822:	d100      	bne.n	10003826 <_etoa+0x466>
10003824:	e636      	b.n	10003494 <_etoa+0xd4>
10003826:	9c08      	ldr	r4, [sp, #32]
10003828:	9d09      	ldr	r5, [sp, #36]	@ 0x24
1000382a:	9a28      	ldr	r2, [sp, #160]	@ 0xa0
1000382c:	2080      	movs	r0, #128	@ 0x80
1000382e:	4b3b      	ldr	r3, [pc, #236]	@ (1000391c <_etoa+0x55c>)
10003830:	0600      	lsls	r0, r0, #24
10003832:	4013      	ands	r3, r2
10003834:	0022      	movs	r2, r4
10003836:	9304      	str	r3, [sp, #16]
10003838:	9b0e      	ldr	r3, [sp, #56]	@ 0x38
1000383a:	9303      	str	r3, [sp, #12]
1000383c:	9b26      	ldr	r3, [sp, #152]	@ 0x98
1000383e:	9302      	str	r3, [sp, #8]
10003840:	182b      	adds	r3, r5, r0
10003842:	9200      	str	r2, [sp, #0]
10003844:	9301      	str	r3, [sp, #4]
10003846:	e631      	b.n	100034ac <_etoa+0xec>
10003848:	9b27      	ldr	r3, [sp, #156]	@ 0x9c
1000384a:	42b3      	cmp	r3, r6
1000384c:	d9d5      	bls.n	100037fa <_etoa+0x43a>
1000384e:	9b0c      	ldr	r3, [sp, #48]	@ 0x30
10003850:	2b00      	cmp	r3, #0
10003852:	d02a      	beq.n	100038aa <_etoa+0x4ea>
10003854:	2300      	movs	r3, #0
10003856:	930e      	str	r3, [sp, #56]	@ 0x38
10003858:	3302      	adds	r3, #2
1000385a:	930c      	str	r3, [sp, #48]	@ 0x30
1000385c:	e7cf      	b.n	100037fe <_etoa+0x43e>
1000385e:	9b28      	ldr	r3, [sp, #160]	@ 0xa0
10003860:	4a2e      	ldr	r2, [pc, #184]	@ (1000391c <_etoa+0x55c>)
10003862:	2080      	movs	r0, #128	@ 0x80
10003864:	9c08      	ldr	r4, [sp, #32]
10003866:	9d09      	ldr	r5, [sp, #36]	@ 0x24
10003868:	401a      	ands	r2, r3
1000386a:	2380      	movs	r3, #128	@ 0x80
1000386c:	00db      	lsls	r3, r3, #3
1000386e:	4313      	orrs	r3, r2
10003870:	0022      	movs	r2, r4
10003872:	9304      	str	r3, [sp, #16]
10003874:	9b27      	ldr	r3, [sp, #156]	@ 0x9c
10003876:	0600      	lsls	r0, r0, #24
10003878:	9303      	str	r3, [sp, #12]
1000387a:	182b      	adds	r3, r5, r0
1000387c:	9200      	str	r2, [sp, #0]
1000387e:	9301      	str	r3, [sp, #4]
10003880:	9602      	str	r6, [sp, #8]
10003882:	e67d      	b.n	10003580 <_etoa+0x1c0>
10003884:	2605      	movs	r6, #5
10003886:	e695      	b.n	100035b4 <_etoa+0x1f4>
10003888:	2300      	movs	r3, #0
1000388a:	930e      	str	r3, [sp, #56]	@ 0x38
1000388c:	3302      	adds	r3, #2
1000388e:	2700      	movs	r7, #0
10003890:	2604      	movs	r6, #4
10003892:	930c      	str	r3, [sp, #48]	@ 0x30
10003894:	e5f5      	b.n	10003482 <_etoa+0xc2>
10003896:	1e4b      	subs	r3, r1, #1
10003898:	191b      	adds	r3, r3, r4
1000389a:	1a1b      	subs	r3, r3, r0
1000389c:	e665      	b.n	1000356a <_etoa+0x1aa>
1000389e:	2302      	movs	r3, #2
100038a0:	930c      	str	r3, [sp, #48]	@ 0x30
100038a2:	2605      	movs	r6, #5
100038a4:	e7ae      	b.n	10003804 <_etoa+0x444>
100038a6:	2304      	movs	r3, #4
100038a8:	e5e7      	b.n	1000347a <_etoa+0xba>
100038aa:	9b27      	ldr	r3, [sp, #156]	@ 0x9c
100038ac:	1b9b      	subs	r3, r3, r6
100038ae:	930e      	str	r3, [sp, #56]	@ 0x38
100038b0:	e7a5      	b.n	100037fe <_etoa+0x43e>
100038b2:	2302      	movs	r3, #2
100038b4:	2604      	movs	r6, #4
100038b6:	930c      	str	r3, [sp, #48]	@ 0x30
100038b8:	e7a1      	b.n	100037fe <_etoa+0x43e>
100038ba:	1bdb      	subs	r3, r3, r7
100038bc:	1e5e      	subs	r6, r3, #1
100038be:	e679      	b.n	100035b4 <_etoa+0x1f4>
100038c0:	fffffc01 	.word	0xfffffc01
100038c4:	509f79fb 	.word	0x509f79fb
100038c8:	3fd34413 	.word	0x3fd34413
100038cc:	8b60c8b3 	.word	0x8b60c8b3
100038d0:	3fc68a28 	.word	0x3fc68a28
100038d4:	3ff00000 	.word	0x3ff00000
100038d8:	3ff80000 	.word	0x3ff80000
100038dc:	636f4361 	.word	0x636f4361
100038e0:	3fd287a7 	.word	0x3fd287a7
100038e4:	0979a371 	.word	0x0979a371
100038e8:	400a934f 	.word	0x400a934f
100038ec:	3fe00000 	.word	0x3fe00000
100038f0:	bbb55516 	.word	0xbbb55516
100038f4:	40026bb1 	.word	0x40026bb1
100038f8:	fefa39ef 	.word	0xfefa39ef
100038fc:	3fe62e42 	.word	0x3fe62e42
10003900:	402c0000 	.word	0x402c0000
10003904:	40240000 	.word	0x40240000
10003908:	40180000 	.word	0x40180000
1000390c:	000003ff 	.word	0x000003ff
10003910:	eb1c432d 	.word	0xeb1c432d
10003914:	3f1a36e2 	.word	0x3f1a36e2
10003918:	412e8480 	.word	0x412e8480
1000391c:	fffff7ff 	.word	0xfffff7ff

10003920 <_vsnprintf>:
10003920:	b5f0      	push	{r4, r5, r6, r7, lr}
10003922:	4657      	mov	r7, sl
10003924:	46de      	mov	lr, fp
10003926:	464e      	mov	r6, r9
10003928:	4645      	mov	r5, r8
1000392a:	b5e0      	push	{r5, r6, r7, lr}
1000392c:	b0a3      	sub	sp, #140	@ 0x8c
1000392e:	001f      	movs	r7, r3
10003930:	9b2c      	ldr	r3, [sp, #176]	@ 0xb0
10003932:	4692      	mov	sl, r2
10003934:	930c      	str	r3, [sp, #48]	@ 0x30
10003936:	4ac9      	ldr	r2, [pc, #804]	@ (10003c5c <_vsnprintf+0x33c>)
10003938:	4bc9      	ldr	r3, [pc, #804]	@ (10003c60 <_vsnprintf+0x340>)
1000393a:	468b      	mov	fp, r1
1000393c:	900b      	str	r0, [sp, #44]	@ 0x2c
1000393e:	601a      	str	r2, [r3, #0]
10003940:	2900      	cmp	r1, #0
10003942:	d100      	bne.n	10003946 <_vsnprintf+0x26>
10003944:	e1bf      	b.n	10003cc6 <_vsnprintf+0x3a6>
10003946:	2300      	movs	r3, #0
10003948:	7838      	ldrb	r0, [r7, #0]
1000394a:	4699      	mov	r9, r3
1000394c:	2800      	cmp	r0, #0
1000394e:	d100      	bne.n	10003952 <_vsnprintf+0x32>
10003950:	e1c1      	b.n	10003cd6 <_vsnprintf+0x3b6>
10003952:	4bc4      	ldr	r3, [pc, #784]	@ (10003c64 <_vsnprintf+0x344>)
10003954:	464c      	mov	r4, r9
10003956:	9309      	str	r3, [sp, #36]	@ 0x24
10003958:	4bc3      	ldr	r3, [pc, #780]	@ (10003c68 <_vsnprintf+0x348>)
1000395a:	930e      	str	r3, [sp, #56]	@ 0x38
1000395c:	465b      	mov	r3, fp
1000395e:	930a      	str	r3, [sp, #40]	@ 0x28
10003960:	e008      	b.n	10003974 <_vsnprintf+0x54>
10003962:	0022      	movs	r2, r4
10003964:	4653      	mov	r3, sl
10003966:	990a      	ldr	r1, [sp, #40]	@ 0x28
10003968:	9d0b      	ldr	r5, [sp, #44]	@ 0x2c
1000396a:	47a8      	blx	r5
1000396c:	3401      	adds	r4, #1
1000396e:	7838      	ldrb	r0, [r7, #0]
10003970:	2800      	cmp	r0, #0
10003972:	d076      	beq.n	10003a62 <_vsnprintf+0x142>
10003974:	3701      	adds	r7, #1
10003976:	2825      	cmp	r0, #37	@ 0x25
10003978:	d1f3      	bne.n	10003962 <_vsnprintf+0x42>
1000397a:	2310      	movs	r3, #16
1000397c:	469b      	mov	fp, r3
1000397e:	3b08      	subs	r3, #8
10003980:	4699      	mov	r9, r3
10003982:	3b04      	subs	r3, #4
10003984:	4698      	mov	r8, r3
10003986:	3b03      	subs	r3, #3
10003988:	2600      	movs	r6, #0
1000398a:	2502      	movs	r5, #2
1000398c:	469c      	mov	ip, r3
1000398e:	7838      	ldrb	r0, [r7, #0]
10003990:	1c79      	adds	r1, r7, #1
10003992:	0003      	movs	r3, r0
10003994:	3b20      	subs	r3, #32
10003996:	b2db      	uxtb	r3, r3
10003998:	2b10      	cmp	r3, #16
1000399a:	d803      	bhi.n	100039a4 <_vsnprintf+0x84>
1000399c:	9a09      	ldr	r2, [sp, #36]	@ 0x24
1000399e:	009b      	lsls	r3, r3, #2
100039a0:	58d3      	ldr	r3, [r2, r3]
100039a2:	469f      	mov	pc, r3
100039a4:	0003      	movs	r3, r0
100039a6:	3b30      	subs	r3, #48	@ 0x30
100039a8:	2b09      	cmp	r3, #9
100039aa:	d936      	bls.n	10003a1a <_vsnprintf+0xfa>
100039ac:	2500      	movs	r5, #0
100039ae:	282a      	cmp	r0, #42	@ 0x2a
100039b0:	d100      	bne.n	100039b4 <_vsnprintf+0x94>
100039b2:	e0a7      	b.n	10003b04 <_vsnprintf+0x1e4>
100039b4:	2300      	movs	r3, #0
100039b6:	930d      	str	r3, [sp, #52]	@ 0x34
100039b8:	282e      	cmp	r0, #46	@ 0x2e
100039ba:	d03f      	beq.n	10003a3c <_vsnprintf+0x11c>
100039bc:	0003      	movs	r3, r0
100039be:	3b68      	subs	r3, #104	@ 0x68
100039c0:	b2db      	uxtb	r3, r3
100039c2:	2b12      	cmp	r3, #18
100039c4:	d81b      	bhi.n	100039fe <_vsnprintf+0xde>
100039c6:	9a0e      	ldr	r2, [sp, #56]	@ 0x38
100039c8:	009b      	lsls	r3, r3, #2
100039ca:	58d3      	ldr	r3, [r2, r3]
100039cc:	469f      	mov	pc, r3
100039ce:	4663      	mov	r3, ip
100039d0:	000f      	movs	r7, r1
100039d2:	431e      	orrs	r6, r3
100039d4:	e7db      	b.n	1000398e <_vsnprintf+0x6e>
100039d6:	000f      	movs	r7, r1
100039d8:	432e      	orrs	r6, r5
100039da:	e7d8      	b.n	1000398e <_vsnprintf+0x6e>
100039dc:	4643      	mov	r3, r8
100039de:	000f      	movs	r7, r1
100039e0:	431e      	orrs	r6, r3
100039e2:	e7d4      	b.n	1000398e <_vsnprintf+0x6e>
100039e4:	465b      	mov	r3, fp
100039e6:	000f      	movs	r7, r1
100039e8:	431e      	orrs	r6, r3
100039ea:	e7d0      	b.n	1000398e <_vsnprintf+0x6e>
100039ec:	464b      	mov	r3, r9
100039ee:	000f      	movs	r7, r1
100039f0:	431e      	orrs	r6, r3
100039f2:	e7cc      	b.n	1000398e <_vsnprintf+0x6e>
100039f4:	2380      	movs	r3, #128	@ 0x80
100039f6:	7878      	ldrb	r0, [r7, #1]
100039f8:	005b      	lsls	r3, r3, #1
100039fa:	431e      	orrs	r6, r3
100039fc:	3101      	adds	r1, #1
100039fe:	000f      	movs	r7, r1
10003a00:	2867      	cmp	r0, #103	@ 0x67
10003a02:	d845      	bhi.n	10003a90 <_vsnprintf+0x170>
10003a04:	2824      	cmp	r0, #36	@ 0x24
10003a06:	d9ac      	bls.n	10003962 <_vsnprintf+0x42>
10003a08:	0003      	movs	r3, r0
10003a0a:	3b25      	subs	r3, #37	@ 0x25
10003a0c:	b2db      	uxtb	r3, r3
10003a0e:	2b42      	cmp	r3, #66	@ 0x42
10003a10:	d8a7      	bhi.n	10003962 <_vsnprintf+0x42>
10003a12:	4996      	ldr	r1, [pc, #600]	@ (10003c6c <_vsnprintf+0x34c>)
10003a14:	009b      	lsls	r3, r3, #2
10003a16:	58cb      	ldr	r3, [r1, r3]
10003a18:	469f      	mov	pc, r3
10003a1a:	2500      	movs	r5, #0
10003a1c:	00ab      	lsls	r3, r5, #2
10003a1e:	195d      	adds	r5, r3, r5
10003a20:	006d      	lsls	r5, r5, #1
10003a22:	182d      	adds	r5, r5, r0
10003a24:	7808      	ldrb	r0, [r1, #0]
10003a26:	000f      	movs	r7, r1
10003a28:	0003      	movs	r3, r0
10003a2a:	3b30      	subs	r3, #48	@ 0x30
10003a2c:	3d30      	subs	r5, #48	@ 0x30
10003a2e:	3101      	adds	r1, #1
10003a30:	2b09      	cmp	r3, #9
10003a32:	d9f3      	bls.n	10003a1c <_vsnprintf+0xfc>
10003a34:	2300      	movs	r3, #0
10003a36:	930d      	str	r3, [sp, #52]	@ 0x34
10003a38:	282e      	cmp	r0, #46	@ 0x2e
10003a3a:	d1bf      	bne.n	100039bc <_vsnprintf+0x9c>
10003a3c:	2230      	movs	r2, #48	@ 0x30
10003a3e:	2080      	movs	r0, #128	@ 0x80
10003a40:	4252      	negs	r2, r2
10003a42:	4690      	mov	r8, r2
10003a44:	00c0      	lsls	r0, r0, #3
10003a46:	4306      	orrs	r6, r0
10003a48:	7878      	ldrb	r0, [r7, #1]
10003a4a:	000b      	movs	r3, r1
10003a4c:	4480      	add	r8, r0
10003a4e:	4642      	mov	r2, r8
10003a50:	2a09      	cmp	r2, #9
10003a52:	d800      	bhi.n	10003a56 <_vsnprintf+0x136>
10003a54:	e151      	b.n	10003cfa <_vsnprintf+0x3da>
10003a56:	282a      	cmp	r0, #42	@ 0x2a
10003a58:	d100      	bne.n	10003a5c <_vsnprintf+0x13c>
10003a5a:	e15e      	b.n	10003d1a <_vsnprintf+0x3fa>
10003a5c:	000f      	movs	r7, r1
10003a5e:	3101      	adds	r1, #1
10003a60:	e7ac      	b.n	100039bc <_vsnprintf+0x9c>
10003a62:	9b0a      	ldr	r3, [sp, #40]	@ 0x28
10003a64:	46a1      	mov	r9, r4
10003a66:	469b      	mov	fp, r3
10003a68:	45ca      	cmp	sl, r9
10003a6a:	d803      	bhi.n	10003a74 <_vsnprintf+0x154>
10003a6c:	2301      	movs	r3, #1
10003a6e:	425b      	negs	r3, r3
10003a70:	4453      	add	r3, sl
10003a72:	4699      	mov	r9, r3
10003a74:	4653      	mov	r3, sl
10003a76:	464a      	mov	r2, r9
10003a78:	4659      	mov	r1, fp
10003a7a:	2000      	movs	r0, #0
10003a7c:	9d0b      	ldr	r5, [sp, #44]	@ 0x2c
10003a7e:	47a8      	blx	r5
10003a80:	0020      	movs	r0, r4
10003a82:	b023      	add	sp, #140	@ 0x8c
10003a84:	bcf0      	pop	{r4, r5, r6, r7}
10003a86:	46bb      	mov	fp, r7
10003a88:	46b2      	mov	sl, r6
10003a8a:	46a9      	mov	r9, r5
10003a8c:	46a0      	mov	r8, r4
10003a8e:	bdf0      	pop	{r4, r5, r6, r7, pc}
10003a90:	0003      	movs	r3, r0
10003a92:	3b69      	subs	r3, #105	@ 0x69
10003a94:	b2db      	uxtb	r3, r3
10003a96:	2b0f      	cmp	r3, #15
10003a98:	d900      	bls.n	10003a9c <_vsnprintf+0x17c>
10003a9a:	e762      	b.n	10003962 <_vsnprintf+0x42>
10003a9c:	2101      	movs	r1, #1
10003a9e:	4099      	lsls	r1, r3
10003aa0:	4688      	mov	r8, r1
10003aa2:	4a73      	ldr	r2, [pc, #460]	@ (10003c70 <_vsnprintf+0x350>)
10003aa4:	4011      	ands	r1, r2
10003aa6:	468b      	mov	fp, r1
10003aa8:	0011      	movs	r1, r2
10003aaa:	4642      	mov	r2, r8
10003aac:	420a      	tst	r2, r1
10003aae:	d000      	beq.n	10003ab2 <_vsnprintf+0x192>
10003ab0:	e113      	b.n	10003cda <_vsnprintf+0x3ba>
10003ab2:	2b0a      	cmp	r3, #10
10003ab4:	d02f      	beq.n	10003b16 <_vsnprintf+0x1f6>
10003ab6:	2b07      	cmp	r3, #7
10003ab8:	d000      	beq.n	10003abc <_vsnprintf+0x19c>
10003aba:	e752      	b.n	10003962 <_vsnprintf+0x42>
10003abc:	9d0c      	ldr	r5, [sp, #48]	@ 0x30
10003abe:	cd01      	ldmia	r5!, {r0}
10003ac0:	2800      	cmp	r0, #0
10003ac2:	d100      	bne.n	10003ac6 <_vsnprintf+0x1a6>
10003ac4:	e134      	b.n	10003d30 <_vsnprintf+0x410>
10003ac6:	2321      	movs	r3, #33	@ 0x21
10003ac8:	431e      	orrs	r6, r3
10003aca:	46b0      	mov	r8, r6
10003acc:	261f      	movs	r6, #31
10003ace:	9a0d      	ldr	r2, [sp, #52]	@ 0x34
10003ad0:	ab12      	add	r3, sp, #72	@ 0x48
10003ad2:	18f6      	adds	r6, r6, r3
10003ad4:	46a1      	mov	r9, r4
10003ad6:	4694      	mov	ip, r2
10003ad8:	4659      	mov	r1, fp
10003ada:	0034      	movs	r4, r6
10003adc:	e002      	b.n	10003ae4 <_vsnprintf+0x1c4>
10003ade:	0900      	lsrs	r0, r0, #4
10003ae0:	2920      	cmp	r1, #32
10003ae2:	d00a      	beq.n	10003afa <_vsnprintf+0x1da>
10003ae4:	260f      	movs	r6, #15
10003ae6:	4006      	ands	r6, r0
10003ae8:	0032      	movs	r2, r6
10003aea:	3237      	adds	r2, #55	@ 0x37
10003aec:	2e09      	cmp	r6, #9
10003aee:	d800      	bhi.n	10003af2 <_vsnprintf+0x1d2>
10003af0:	3a07      	subs	r2, #7
10003af2:	3101      	adds	r1, #1
10003af4:	5462      	strb	r2, [r4, r1]
10003af6:	280f      	cmp	r0, #15
10003af8:	d8f1      	bhi.n	10003ade <_vsnprintf+0x1be>
10003afa:	4663      	mov	r3, ip
10003afc:	464c      	mov	r4, r9
10003afe:	468b      	mov	fp, r1
10003b00:	930d      	str	r3, [sp, #52]	@ 0x34
10003b02:	e122      	b.n	10003d4a <_vsnprintf+0x42a>
10003b04:	9b0c      	ldr	r3, [sp, #48]	@ 0x30
10003b06:	cb20      	ldmia	r3!, {r5}
10003b08:	2d00      	cmp	r5, #0
10003b0a:	db52      	blt.n	10003bb2 <_vsnprintf+0x292>
10003b0c:	7878      	ldrb	r0, [r7, #1]
10003b0e:	930c      	str	r3, [sp, #48]	@ 0x30
10003b10:	000f      	movs	r7, r1
10003b12:	3101      	adds	r1, #1
10003b14:	e74e      	b.n	100039b4 <_vsnprintf+0x94>
10003b16:	9b0c      	ldr	r3, [sp, #48]	@ 0x30
10003b18:	990d      	ldr	r1, [sp, #52]	@ 0x34
10003b1a:	cb04      	ldmia	r3!, {r2}
10003b1c:	4690      	mov	r8, r2
10003b1e:	469b      	mov	fp, r3
10003b20:	2900      	cmp	r1, #0
10003b22:	d100      	bne.n	10003b26 <_vsnprintf+0x206>
10003b24:	e128      	b.n	10003d78 <_vsnprintf+0x458>
10003b26:	4643      	mov	r3, r8
10003b28:	7818      	ldrb	r0, [r3, #0]
10003b2a:	4441      	add	r1, r8
10003b2c:	2800      	cmp	r0, #0
10003b2e:	d101      	bne.n	10003b34 <_vsnprintf+0x214>
10003b30:	f000 fc29 	bl	10004386 <_vsnprintf+0xa66>
10003b34:	9a0d      	ldr	r2, [sp, #52]	@ 0x34
10003b36:	4694      	mov	ip, r2
10003b38:	000a      	movs	r2, r1
10003b3a:	e004      	b.n	10003b46 <_vsnprintf+0x226>
10003b3c:	7859      	ldrb	r1, [r3, #1]
10003b3e:	3301      	adds	r3, #1
10003b40:	2900      	cmp	r1, #0
10003b42:	d100      	bne.n	10003b46 <_vsnprintf+0x226>
10003b44:	e195      	b.n	10003e72 <_vsnprintf+0x552>
10003b46:	429a      	cmp	r2, r3
10003b48:	d1f8      	bne.n	10003b3c <_vsnprintf+0x21c>
10003b4a:	4663      	mov	r3, ip
10003b4c:	930d      	str	r3, [sp, #52]	@ 0x34
10003b4e:	4643      	mov	r3, r8
10003b50:	1ad3      	subs	r3, r2, r3
10003b52:	930f      	str	r3, [sp, #60]	@ 0x3c
10003b54:	0573      	lsls	r3, r6, #21
10003b56:	d400      	bmi.n	10003b5a <_vsnprintf+0x23a>
10003b58:	e16c      	b.n	10003e34 <_vsnprintf+0x514>
10003b5a:	9b0f      	ldr	r3, [sp, #60]	@ 0x3c
10003b5c:	9a0d      	ldr	r2, [sp, #52]	@ 0x34
10003b5e:	4293      	cmp	r3, r2
10003b60:	d900      	bls.n	10003b64 <_vsnprintf+0x244>
10003b62:	920f      	str	r2, [sp, #60]	@ 0x3c
10003b64:	2302      	movs	r3, #2
10003b66:	001a      	movs	r2, r3
10003b68:	4032      	ands	r2, r6
10003b6a:	920c      	str	r2, [sp, #48]	@ 0x30
10003b6c:	4233      	tst	r3, r6
10003b6e:	d100      	bne.n	10003b72 <_vsnprintf+0x252>
10003b70:	e291      	b.n	10004096 <_vsnprintf+0x776>
10003b72:	930c      	str	r3, [sp, #48]	@ 0x30
10003b74:	9b0d      	ldr	r3, [sp, #52]	@ 0x34
10003b76:	46b9      	mov	r9, r7
10003b78:	191e      	adds	r6, r3, r4
10003b7a:	4643      	mov	r3, r8
10003b7c:	1b1b      	subs	r3, r3, r4
10003b7e:	46a8      	mov	r8, r5
10003b80:	0022      	movs	r2, r4
10003b82:	001f      	movs	r7, r3
10003b84:	9d0b      	ldr	r5, [sp, #44]	@ 0x2c
10003b86:	e008      	b.n	10003b9a <_vsnprintf+0x27a>
10003b88:	1c54      	adds	r4, r2, #1
10003b8a:	4653      	mov	r3, sl
10003b8c:	990a      	ldr	r1, [sp, #40]	@ 0x28
10003b8e:	47a8      	blx	r5
10003b90:	5d38      	ldrb	r0, [r7, r4]
10003b92:	2800      	cmp	r0, #0
10003b94:	d100      	bne.n	10003b98 <_vsnprintf+0x278>
10003b96:	e163      	b.n	10003e60 <_vsnprintf+0x540>
10003b98:	0022      	movs	r2, r4
10003b9a:	4296      	cmp	r6, r2
10003b9c:	d1f4      	bne.n	10003b88 <_vsnprintf+0x268>
10003b9e:	4645      	mov	r5, r8
10003ba0:	464f      	mov	r7, r9
10003ba2:	0034      	movs	r4, r6
10003ba4:	9b0c      	ldr	r3, [sp, #48]	@ 0x30
10003ba6:	2b00      	cmp	r3, #0
10003ba8:	d000      	beq.n	10003bac <_vsnprintf+0x28c>
10003baa:	e197      	b.n	10003edc <_vsnprintf+0x5bc>
10003bac:	465b      	mov	r3, fp
10003bae:	930c      	str	r3, [sp, #48]	@ 0x30
10003bb0:	e6dd      	b.n	1000396e <_vsnprintf+0x4e>
10003bb2:	2202      	movs	r2, #2
10003bb4:	7878      	ldrb	r0, [r7, #1]
10003bb6:	4316      	orrs	r6, r2
10003bb8:	000f      	movs	r7, r1
10003bba:	426d      	negs	r5, r5
10003bbc:	930c      	str	r3, [sp, #48]	@ 0x30
10003bbe:	3101      	adds	r1, #1
10003bc0:	e6f8      	b.n	100039b4 <_vsnprintf+0x94>
10003bc2:	7878      	ldrb	r0, [r7, #1]
10003bc4:	286c      	cmp	r0, #108	@ 0x6c
10003bc6:	d100      	bne.n	10003bca <_vsnprintf+0x2aa>
10003bc8:	e159      	b.n	10003e7e <_vsnprintf+0x55e>
10003bca:	2380      	movs	r3, #128	@ 0x80
10003bcc:	005b      	lsls	r3, r3, #1
10003bce:	431e      	orrs	r6, r3
10003bd0:	3101      	adds	r1, #1
10003bd2:	e714      	b.n	100039fe <_vsnprintf+0xde>
10003bd4:	2380      	movs	r3, #128	@ 0x80
10003bd6:	009b      	lsls	r3, r3, #2
10003bd8:	7878      	ldrb	r0, [r7, #1]
10003bda:	431e      	orrs	r6, r3
10003bdc:	3101      	adds	r1, #1
10003bde:	e70e      	b.n	100039fe <_vsnprintf+0xde>
10003be0:	7878      	ldrb	r0, [r7, #1]
10003be2:	2868      	cmp	r0, #104	@ 0x68
10003be4:	d100      	bne.n	10003be8 <_vsnprintf+0x2c8>
10003be6:	e150      	b.n	10003e8a <_vsnprintf+0x56a>
10003be8:	2380      	movs	r3, #128	@ 0x80
10003bea:	3101      	adds	r1, #1
10003bec:	431e      	orrs	r6, r3
10003bee:	e706      	b.n	100039fe <_vsnprintf+0xde>
10003bf0:	2867      	cmp	r0, #103	@ 0x67
10003bf2:	d100      	bne.n	10003bf6 <_vsnprintf+0x2d6>
10003bf4:	e0c2      	b.n	10003d7c <_vsnprintf+0x45c>
10003bf6:	2847      	cmp	r0, #71	@ 0x47
10003bf8:	d100      	bne.n	10003bfc <_vsnprintf+0x2dc>
10003bfa:	e134      	b.n	10003e66 <_vsnprintf+0x546>
10003bfc:	2845      	cmp	r0, #69	@ 0x45
10003bfe:	d100      	bne.n	10003c02 <_vsnprintf+0x2e2>
10003c00:	e134      	b.n	10003e6c <_vsnprintf+0x54c>
10003c02:	2107      	movs	r1, #7
10003c04:	9b0c      	ldr	r3, [sp, #48]	@ 0x30
10003c06:	9a0d      	ldr	r2, [sp, #52]	@ 0x34
10003c08:	3307      	adds	r3, #7
10003c0a:	438b      	bics	r3, r1
10003c0c:	0019      	movs	r1, r3
10003c0e:	9604      	str	r6, [sp, #16]
10003c10:	9503      	str	r5, [sp, #12]
10003c12:	9202      	str	r2, [sp, #8]
10003c14:	c90c      	ldmia	r1!, {r2, r3}
10003c16:	980b      	ldr	r0, [sp, #44]	@ 0x2c
10003c18:	9200      	str	r2, [sp, #0]
10003c1a:	9301      	str	r3, [sp, #4]
10003c1c:	910c      	str	r1, [sp, #48]	@ 0x30
10003c1e:	0022      	movs	r2, r4
10003c20:	4653      	mov	r3, sl
10003c22:	990a      	ldr	r1, [sp, #40]	@ 0x28
10003c24:	f7ff fbcc 	bl	100033c0 <_etoa>
10003c28:	0004      	movs	r4, r0
10003c2a:	e6a0      	b.n	1000396e <_vsnprintf+0x4e>
10003c2c:	2846      	cmp	r0, #70	@ 0x46
10003c2e:	d100      	bne.n	10003c32 <_vsnprintf+0x312>
10003c30:	e0a8      	b.n	10003d84 <_vsnprintf+0x464>
10003c32:	2107      	movs	r1, #7
10003c34:	9b0c      	ldr	r3, [sp, #48]	@ 0x30
10003c36:	9a0d      	ldr	r2, [sp, #52]	@ 0x34
10003c38:	3307      	adds	r3, #7
10003c3a:	438b      	bics	r3, r1
10003c3c:	0019      	movs	r1, r3
10003c3e:	9604      	str	r6, [sp, #16]
10003c40:	9503      	str	r5, [sp, #12]
10003c42:	9202      	str	r2, [sp, #8]
10003c44:	c90c      	ldmia	r1!, {r2, r3}
10003c46:	980b      	ldr	r0, [sp, #44]	@ 0x2c
10003c48:	9200      	str	r2, [sp, #0]
10003c4a:	9301      	str	r3, [sp, #4]
10003c4c:	910c      	str	r1, [sp, #48]	@ 0x30
10003c4e:	0022      	movs	r2, r4
10003c50:	4653      	mov	r3, sl
10003c52:	990a      	ldr	r1, [sp, #40]	@ 0x28
10003c54:	f7ff f97a 	bl	10002f4c <_ftoa>
10003c58:	0004      	movs	r4, r0
10003c5a:	e688      	b.n	1000396e <_vsnprintf+0x4e>
10003c5c:	10003921 	.word	0x10003921
10003c60:	20001e68 	.word	0x20001e68
10003c64:	10007a5c 	.word	0x10007a5c
10003c68:	10007aa0 	.word	0x10007aa0
10003c6c:	10007aec 	.word	0x10007aec
10003c70:	00009041 	.word	0x00009041
10003c74:	0022      	movs	r2, r4
10003c76:	4653      	mov	r3, sl
10003c78:	2025      	movs	r0, #37	@ 0x25
10003c7a:	990a      	ldr	r1, [sp, #40]	@ 0x28
10003c7c:	9d0b      	ldr	r5, [sp, #44]	@ 0x2c
10003c7e:	47a8      	blx	r5
10003c80:	3401      	adds	r4, #1
10003c82:	e674      	b.n	1000396e <_vsnprintf+0x4e>
10003c84:	9b0c      	ldr	r3, [sp, #48]	@ 0x30
10003c86:	3304      	adds	r3, #4
10003c88:	469b      	mov	fp, r3
10003c8a:	1c63      	adds	r3, r4, #1
10003c8c:	4698      	mov	r8, r3
10003c8e:	07b6      	lsls	r6, r6, #30
10003c90:	d400      	bmi.n	10003c94 <_vsnprintf+0x374>
10003c92:	e0ff      	b.n	10003e94 <_vsnprintf+0x574>
10003c94:	9b0c      	ldr	r3, [sp, #48]	@ 0x30
10003c96:	0022      	movs	r2, r4
10003c98:	7818      	ldrb	r0, [r3, #0]
10003c9a:	990a      	ldr	r1, [sp, #40]	@ 0x28
10003c9c:	4653      	mov	r3, sl
10003c9e:	9e0b      	ldr	r6, [sp, #44]	@ 0x2c
10003ca0:	47b0      	blx	r6
10003ca2:	1964      	adds	r4, r4, r5
10003ca4:	2d01      	cmp	r5, #1
10003ca6:	d800      	bhi.n	10003caa <_vsnprintf+0x38a>
10003ca8:	e249      	b.n	1000413e <_vsnprintf+0x81e>
10003caa:	4645      	mov	r5, r8
10003cac:	9e0b      	ldr	r6, [sp, #44]	@ 0x2c
10003cae:	46b8      	mov	r8, r7
10003cb0:	9f0a      	ldr	r7, [sp, #40]	@ 0x28
10003cb2:	002a      	movs	r2, r5
10003cb4:	4653      	mov	r3, sl
10003cb6:	3501      	adds	r5, #1
10003cb8:	0039      	movs	r1, r7
10003cba:	2020      	movs	r0, #32
10003cbc:	47b0      	blx	r6
10003cbe:	42a5      	cmp	r5, r4
10003cc0:	d1f7      	bne.n	10003cb2 <_vsnprintf+0x392>
10003cc2:	4647      	mov	r7, r8
10003cc4:	e772      	b.n	10003bac <_vsnprintf+0x28c>
10003cc6:	4bdb      	ldr	r3, [pc, #876]	@ (10004034 <_vsnprintf+0x714>)
10003cc8:	7838      	ldrb	r0, [r7, #0]
10003cca:	930b      	str	r3, [sp, #44]	@ 0x2c
10003ccc:	2300      	movs	r3, #0
10003cce:	4699      	mov	r9, r3
10003cd0:	2800      	cmp	r0, #0
10003cd2:	d000      	beq.n	10003cd6 <_vsnprintf+0x3b6>
10003cd4:	e63d      	b.n	10003952 <_vsnprintf+0x32>
10003cd6:	2400      	movs	r4, #0
10003cd8:	e6c6      	b.n	10003a68 <_vsnprintf+0x148>
10003cda:	286f      	cmp	r0, #111	@ 0x6f
10003cdc:	d055      	beq.n	10003d8a <_vsnprintf+0x46a>
10003cde:	d800      	bhi.n	10003ce2 <_vsnprintf+0x3c2>
10003ce0:	e2bc      	b.n	1000425c <_vsnprintf+0x93c>
10003ce2:	2310      	movs	r3, #16
10003ce4:	2878      	cmp	r0, #120	@ 0x78
10003ce6:	d100      	bne.n	10003cea <_vsnprintf+0x3ca>
10003ce8:	e09e      	b.n	10003e28 <_vsnprintf+0x508>
10003cea:	439e      	bics	r6, r3
10003cec:	230a      	movs	r3, #10
10003cee:	469c      	mov	ip, r3
10003cf0:	2300      	movs	r3, #0
10003cf2:	930f      	str	r3, [sp, #60]	@ 0x3c
10003cf4:	330a      	adds	r3, #10
10003cf6:	469b      	mov	fp, r3
10003cf8:	e04d      	b.n	10003d96 <_vsnprintf+0x476>
10003cfa:	2100      	movs	r1, #0
10003cfc:	008a      	lsls	r2, r1, #2
10003cfe:	1852      	adds	r2, r2, r1
10003d00:	0052      	lsls	r2, r2, #1
10003d02:	3301      	adds	r3, #1
10003d04:	1811      	adds	r1, r2, r0
10003d06:	7818      	ldrb	r0, [r3, #0]
10003d08:	3930      	subs	r1, #48	@ 0x30
10003d0a:	0002      	movs	r2, r0
10003d0c:	3a30      	subs	r2, #48	@ 0x30
10003d0e:	2a09      	cmp	r2, #9
10003d10:	d9f4      	bls.n	10003cfc <_vsnprintf+0x3dc>
10003d12:	910d      	str	r1, [sp, #52]	@ 0x34
10003d14:	001f      	movs	r7, r3
10003d16:	1c59      	adds	r1, r3, #1
10003d18:	e650      	b.n	100039bc <_vsnprintf+0x9c>
10003d1a:	9b0c      	ldr	r3, [sp, #48]	@ 0x30
10003d1c:	78b8      	ldrb	r0, [r7, #2]
10003d1e:	cb04      	ldmia	r3!, {r2}
10003d20:	3702      	adds	r7, #2
10003d22:	43d1      	mvns	r1, r2
10003d24:	17c9      	asrs	r1, r1, #31
10003d26:	400a      	ands	r2, r1
10003d28:	920d      	str	r2, [sp, #52]	@ 0x34
10003d2a:	930c      	str	r3, [sp, #48]	@ 0x30
10003d2c:	1c79      	adds	r1, r7, #1
10003d2e:	e645      	b.n	100039bc <_vsnprintf+0x9c>
10003d30:	2310      	movs	r3, #16
10003d32:	0030      	movs	r0, r6
10003d34:	4398      	bics	r0, r3
10003d36:	3311      	adds	r3, #17
10003d38:	4318      	orrs	r0, r3
10003d3a:	2380      	movs	r3, #128	@ 0x80
10003d3c:	4680      	mov	r8, r0
10003d3e:	0030      	movs	r0, r6
10003d40:	00db      	lsls	r3, r3, #3
10003d42:	4018      	ands	r0, r3
10003d44:	421e      	tst	r6, r3
10003d46:	d100      	bne.n	10003d4a <_vsnprintf+0x42a>
10003d48:	e6c0      	b.n	10003acc <_vsnprintf+0x1ac>
10003d4a:	4643      	mov	r3, r8
10003d4c:	9306      	str	r3, [sp, #24]
10003d4e:	2308      	movs	r3, #8
10003d50:	9305      	str	r3, [sp, #20]
10003d52:	9b0d      	ldr	r3, [sp, #52]	@ 0x34
10003d54:	0022      	movs	r2, r4
10003d56:	9304      	str	r3, [sp, #16]
10003d58:	2310      	movs	r3, #16
10003d5a:	9303      	str	r3, [sp, #12]
10003d5c:	2300      	movs	r3, #0
10003d5e:	9302      	str	r3, [sp, #8]
10003d60:	465b      	mov	r3, fp
10003d62:	9301      	str	r3, [sp, #4]
10003d64:	ab1a      	add	r3, sp, #104	@ 0x68
10003d66:	9300      	str	r3, [sp, #0]
10003d68:	990a      	ldr	r1, [sp, #40]	@ 0x28
10003d6a:	4653      	mov	r3, sl
10003d6c:	980b      	ldr	r0, [sp, #44]	@ 0x2c
10003d6e:	f7fe fff1 	bl	10002d54 <_ntoa_format>
10003d72:	950c      	str	r5, [sp, #48]	@ 0x30
10003d74:	0004      	movs	r4, r0
10003d76:	e5fa      	b.n	1000396e <_vsnprintf+0x4e>
10003d78:	3901      	subs	r1, #1
10003d7a:	e6d4      	b.n	10003b26 <_vsnprintf+0x206>
10003d7c:	2380      	movs	r3, #128	@ 0x80
10003d7e:	011b      	lsls	r3, r3, #4
10003d80:	431e      	orrs	r6, r3
10003d82:	e73e      	b.n	10003c02 <_vsnprintf+0x2e2>
10003d84:	2320      	movs	r3, #32
10003d86:	431e      	orrs	r6, r3
10003d88:	e753      	b.n	10003c32 <_vsnprintf+0x312>
10003d8a:	2308      	movs	r3, #8
10003d8c:	469c      	mov	ip, r3
10003d8e:	2300      	movs	r3, #0
10003d90:	930f      	str	r3, [sp, #60]	@ 0x3c
10003d92:	3308      	adds	r3, #8
10003d94:	469b      	mov	fp, r3
10003d96:	2380      	movs	r3, #128	@ 0x80
10003d98:	0030      	movs	r0, r6
10003d9a:	00db      	lsls	r3, r3, #3
10003d9c:	4018      	ands	r0, r3
10003d9e:	421e      	tst	r6, r3
10003da0:	d100      	bne.n	10003da4 <_vsnprintf+0x484>
10003da2:	e11a      	b.n	10003fda <_vsnprintf+0x6ba>
10003da4:	230d      	movs	r3, #13
10003da6:	0031      	movs	r1, r6
10003da8:	4399      	bics	r1, r3
10003daa:	2380      	movs	r3, #128	@ 0x80
10003dac:	000a      	movs	r2, r1
10003dae:	009b      	lsls	r3, r3, #2
10003db0:	401a      	ands	r2, r3
10003db2:	4691      	mov	r9, r2
10003db4:	4219      	tst	r1, r3
10003db6:	d000      	beq.n	10003dba <_vsnprintf+0x49a>
10003db8:	e1c3      	b.n	10004142 <_vsnprintf+0x822>
10003dba:	2380      	movs	r3, #128	@ 0x80
10003dbc:	000a      	movs	r2, r1
10003dbe:	005b      	lsls	r3, r3, #1
10003dc0:	401a      	ands	r2, r3
10003dc2:	4690      	mov	r8, r2
10003dc4:	9a0c      	ldr	r2, [sp, #48]	@ 0x30
10003dc6:	3204      	adds	r2, #4
10003dc8:	920f      	str	r2, [sp, #60]	@ 0x3c
10003dca:	4219      	tst	r1, r3
10003dcc:	d000      	beq.n	10003dd0 <_vsnprintf+0x4b0>
10003dce:	e28f      	b.n	100042f0 <_vsnprintf+0x9d0>
10003dd0:	064b      	lsls	r3, r1, #25
10003dd2:	d500      	bpl.n	10003dd6 <_vsnprintf+0x4b6>
10003dd4:	e197      	b.n	10004106 <_vsnprintf+0x7e6>
10003dd6:	060b      	lsls	r3, r1, #24
10003dd8:	d400      	bmi.n	10003ddc <_vsnprintf+0x4bc>
10003dda:	e2e5      	b.n	100043a8 <_vsnprintf+0xa88>
10003ddc:	9b0c      	ldr	r3, [sp, #48]	@ 0x30
10003dde:	881b      	ldrh	r3, [r3, #0]
10003de0:	4699      	mov	r9, r3
10003de2:	464b      	mov	r3, r9
10003de4:	2b00      	cmp	r3, #0
10003de6:	d000      	beq.n	10003dea <_vsnprintf+0x4ca>
10003de8:	e205      	b.n	100041f6 <_vsnprintf+0x8d6>
10003dea:	3310      	adds	r3, #16
10003dec:	4399      	bics	r1, r3
10003dee:	2800      	cmp	r0, #0
10003df0:	d100      	bne.n	10003df4 <_vsnprintf+0x4d4>
10003df2:	e200      	b.n	100041f6 <_vsnprintf+0x8d6>
10003df4:	2300      	movs	r3, #0
10003df6:	4698      	mov	r8, r3
10003df8:	9b0d      	ldr	r3, [sp, #52]	@ 0x34
10003dfa:	9106      	str	r1, [sp, #24]
10003dfc:	9304      	str	r3, [sp, #16]
10003dfe:	465b      	mov	r3, fp
10003e00:	9303      	str	r3, [sp, #12]
10003e02:	2300      	movs	r3, #0
10003e04:	9505      	str	r5, [sp, #20]
10003e06:	9302      	str	r3, [sp, #8]
10003e08:	4643      	mov	r3, r8
10003e0a:	e0d9      	b.n	10003fc0 <_vsnprintf+0x6a0>
10003e0c:	2858      	cmp	r0, #88	@ 0x58
10003e0e:	d008      	beq.n	10003e22 <_vsnprintf+0x502>
10003e10:	2862      	cmp	r0, #98	@ 0x62
10003e12:	d178      	bne.n	10003f06 <_vsnprintf+0x5e6>
10003e14:	2302      	movs	r3, #2
10003e16:	469c      	mov	ip, r3
10003e18:	2300      	movs	r3, #0
10003e1a:	930f      	str	r3, [sp, #60]	@ 0x3c
10003e1c:	3302      	adds	r3, #2
10003e1e:	469b      	mov	fp, r3
10003e20:	e7b9      	b.n	10003d96 <_vsnprintf+0x476>
10003e22:	2320      	movs	r3, #32
10003e24:	431e      	orrs	r6, r3
10003e26:	3b10      	subs	r3, #16
10003e28:	469c      	mov	ip, r3
10003e2a:	2300      	movs	r3, #0
10003e2c:	930f      	str	r3, [sp, #60]	@ 0x3c
10003e2e:	3310      	adds	r3, #16
10003e30:	469b      	mov	fp, r3
10003e32:	e7b0      	b.n	10003d96 <_vsnprintf+0x476>
10003e34:	2302      	movs	r3, #2
10003e36:	001a      	movs	r2, r3
10003e38:	4032      	ands	r2, r6
10003e3a:	920c      	str	r2, [sp, #48]	@ 0x30
10003e3c:	4233      	tst	r3, r6
10003e3e:	d100      	bne.n	10003e42 <_vsnprintf+0x522>
10003e40:	e205      	b.n	1000424e <_vsnprintf+0x92e>
10003e42:	930c      	str	r3, [sp, #48]	@ 0x30
10003e44:	4643      	mov	r3, r8
10003e46:	46b9      	mov	r9, r7
10003e48:	9e0b      	ldr	r6, [sp, #44]	@ 0x2c
10003e4a:	9f0a      	ldr	r7, [sp, #40]	@ 0x28
10003e4c:	46a8      	mov	r8, r5
10003e4e:	1b1d      	subs	r5, r3, r4
10003e50:	0022      	movs	r2, r4
10003e52:	4653      	mov	r3, sl
10003e54:	0039      	movs	r1, r7
10003e56:	3401      	adds	r4, #1
10003e58:	47b0      	blx	r6
10003e5a:	5d28      	ldrb	r0, [r5, r4]
10003e5c:	2800      	cmp	r0, #0
10003e5e:	d1f7      	bne.n	10003e50 <_vsnprintf+0x530>
10003e60:	4645      	mov	r5, r8
10003e62:	464f      	mov	r7, r9
10003e64:	e69e      	b.n	10003ba4 <_vsnprintf+0x284>
10003e66:	2380      	movs	r3, #128	@ 0x80
10003e68:	011b      	lsls	r3, r3, #4
10003e6a:	431e      	orrs	r6, r3
10003e6c:	2320      	movs	r3, #32
10003e6e:	431e      	orrs	r6, r3
10003e70:	e6c7      	b.n	10003c02 <_vsnprintf+0x2e2>
10003e72:	4662      	mov	r2, ip
10003e74:	920d      	str	r2, [sp, #52]	@ 0x34
10003e76:	4642      	mov	r2, r8
10003e78:	1a9b      	subs	r3, r3, r2
10003e7a:	930f      	str	r3, [sp, #60]	@ 0x3c
10003e7c:	e66a      	b.n	10003b54 <_vsnprintf+0x234>
10003e7e:	23c0      	movs	r3, #192	@ 0xc0
10003e80:	009b      	lsls	r3, r3, #2
10003e82:	78b8      	ldrb	r0, [r7, #2]
10003e84:	431e      	orrs	r6, r3
10003e86:	1cf9      	adds	r1, r7, #3
10003e88:	e5b9      	b.n	100039fe <_vsnprintf+0xde>
10003e8a:	23c0      	movs	r3, #192	@ 0xc0
10003e8c:	78b8      	ldrb	r0, [r7, #2]
10003e8e:	431e      	orrs	r6, r3
10003e90:	1cf9      	adds	r1, r7, #3
10003e92:	e5b4      	b.n	100039fe <_vsnprintf+0xde>
10003e94:	2d01      	cmp	r5, #1
10003e96:	d800      	bhi.n	10003e9a <_vsnprintf+0x57a>
10003e98:	e14a      	b.n	10004130 <_vsnprintf+0x810>
10003e9a:	1e63      	subs	r3, r4, #1
10003e9c:	4699      	mov	r9, r3
10003e9e:	44a9      	add	r9, r5
10003ea0:	464b      	mov	r3, r9
10003ea2:	4652      	mov	r2, sl
10003ea4:	0026      	movs	r6, r4
10003ea6:	46a1      	mov	r9, r4
10003ea8:	46ba      	mov	sl, r7
10003eaa:	001c      	movs	r4, r3
10003eac:	0017      	movs	r7, r2
10003eae:	46a8      	mov	r8, r5
10003eb0:	9d0b      	ldr	r5, [sp, #44]	@ 0x2c
10003eb2:	0032      	movs	r2, r6
10003eb4:	003b      	movs	r3, r7
10003eb6:	3601      	adds	r6, #1
10003eb8:	2020      	movs	r0, #32
10003eba:	990a      	ldr	r1, [sp, #40]	@ 0x28
10003ebc:	47a8      	blx	r5
10003ebe:	42a6      	cmp	r6, r4
10003ec0:	d1f7      	bne.n	10003eb2 <_vsnprintf+0x592>
10003ec2:	003b      	movs	r3, r7
10003ec4:	4657      	mov	r7, sl
10003ec6:	469a      	mov	sl, r3
10003ec8:	464c      	mov	r4, r9
10003eca:	9b0c      	ldr	r3, [sp, #48]	@ 0x30
10003ecc:	0032      	movs	r2, r6
10003ece:	7818      	ldrb	r0, [r3, #0]
10003ed0:	990a      	ldr	r1, [sp, #40]	@ 0x28
10003ed2:	4653      	mov	r3, sl
10003ed4:	9d0b      	ldr	r5, [sp, #44]	@ 0x2c
10003ed6:	4444      	add	r4, r8
10003ed8:	47a8      	blx	r5
10003eda:	e667      	b.n	10003bac <_vsnprintf+0x28c>
10003edc:	46a0      	mov	r8, r4
10003ede:	9b0f      	ldr	r3, [sp, #60]	@ 0x3c
10003ee0:	429d      	cmp	r5, r3
10003ee2:	d800      	bhi.n	10003ee6 <_vsnprintf+0x5c6>
10003ee4:	e662      	b.n	10003bac <_vsnprintf+0x28c>
10003ee6:	192c      	adds	r4, r5, r4
10003ee8:	9e0b      	ldr	r6, [sp, #44]	@ 0x2c
10003eea:	4645      	mov	r5, r8
10003eec:	46b8      	mov	r8, r7
10003eee:	9f0a      	ldr	r7, [sp, #40]	@ 0x28
10003ef0:	1ae4      	subs	r4, r4, r3
10003ef2:	002a      	movs	r2, r5
10003ef4:	4653      	mov	r3, sl
10003ef6:	3501      	adds	r5, #1
10003ef8:	0039      	movs	r1, r7
10003efa:	2020      	movs	r0, #32
10003efc:	47b0      	blx	r6
10003efe:	42a5      	cmp	r5, r4
10003f00:	d1f7      	bne.n	10003ef2 <_vsnprintf+0x5d2>
10003f02:	4647      	mov	r7, r8
10003f04:	e652      	b.n	10003bac <_vsnprintf+0x28c>
10003f06:	2380      	movs	r3, #128	@ 0x80
10003f08:	0032      	movs	r2, r6
10003f0a:	00db      	lsls	r3, r3, #3
10003f0c:	401a      	ands	r2, r3
10003f0e:	4690      	mov	r8, r2
10003f10:	421e      	tst	r6, r3
10003f12:	d100      	bne.n	10003f16 <_vsnprintf+0x5f6>
10003f14:	e0f3      	b.n	100040fe <_vsnprintf+0x7de>
10003f16:	2111      	movs	r1, #17
10003f18:	438e      	bics	r6, r1
10003f1a:	46b4      	mov	ip, r6
10003f1c:	4698      	mov	r8, r3
10003f1e:	2380      	movs	r3, #128	@ 0x80
10003f20:	4662      	mov	r2, ip
10003f22:	009b      	lsls	r3, r3, #2
10003f24:	401a      	ands	r2, r3
10003f26:	4693      	mov	fp, r2
10003f28:	4662      	mov	r2, ip
10003f2a:	421a      	tst	r2, r3
10003f2c:	d159      	bne.n	10003fe2 <_vsnprintf+0x6c2>
10003f2e:	2380      	movs	r3, #128	@ 0x80
10003f30:	005b      	lsls	r3, r3, #1
10003f32:	401a      	ands	r2, r3
10003f34:	4691      	mov	r9, r2
10003f36:	9a0c      	ldr	r2, [sp, #48]	@ 0x30
10003f38:	3204      	adds	r2, #4
10003f3a:	920f      	str	r2, [sp, #60]	@ 0x3c
10003f3c:	4662      	mov	r2, ip
10003f3e:	421a      	tst	r2, r3
10003f40:	d000      	beq.n	10003f44 <_vsnprintf+0x624>
10003f42:	e1a0      	b.n	10004286 <_vsnprintf+0x966>
10003f44:	4663      	mov	r3, ip
10003f46:	065b      	lsls	r3, r3, #25
10003f48:	d500      	bpl.n	10003f4c <_vsnprintf+0x62c>
10003f4a:	e0d4      	b.n	100040f6 <_vsnprintf+0x7d6>
10003f4c:	4663      	mov	r3, ip
10003f4e:	061b      	lsls	r3, r3, #24
10003f50:	d400      	bmi.n	10003f54 <_vsnprintf+0x634>
10003f52:	e212      	b.n	1000437a <_vsnprintf+0xa5a>
10003f54:	9b0c      	ldr	r3, [sp, #48]	@ 0x30
10003f56:	2200      	movs	r2, #0
10003f58:	5e9b      	ldrsh	r3, [r3, r2]
10003f5a:	17d8      	asrs	r0, r3, #31
10003f5c:	1819      	adds	r1, r3, r0
10003f5e:	4041      	eors	r1, r0
10003f60:	b289      	uxth	r1, r1
10003f62:	0fda      	lsrs	r2, r3, #31
10003f64:	920c      	str	r2, [sp, #48]	@ 0x30
10003f66:	2b00      	cmp	r3, #0
10003f68:	d100      	bne.n	10003f6c <_vsnprintf+0x64c>
10003f6a:	e187      	b.n	1000427c <_vsnprintf+0x95c>
10003f6c:	4688      	mov	r8, r1
10003f6e:	261f      	movs	r6, #31
10003f70:	ab12      	add	r3, sp, #72	@ 0x48
10003f72:	46bb      	mov	fp, r7
10003f74:	9514      	str	r5, [sp, #80]	@ 0x50
10003f76:	18f7      	adds	r7, r6, r3
10003f78:	4645      	mov	r5, r8
10003f7a:	464e      	mov	r6, r9
10003f7c:	46e0      	mov	r8, ip
10003f7e:	46a1      	mov	r9, r4
10003f80:	e006      	b.n	10003f90 <_vsnprintf+0x670>
10003f82:	0028      	movs	r0, r5
10003f84:	210a      	movs	r1, #10
10003f86:	f7fd fff3 	bl	10001f70 <__wrap___aeabi_uidiv>
10003f8a:	0005      	movs	r5, r0
10003f8c:	2e20      	cmp	r6, #32
10003f8e:	d008      	beq.n	10003fa2 <_vsnprintf+0x682>
10003f90:	210a      	movs	r1, #10
10003f92:	0028      	movs	r0, r5
10003f94:	f7fd ffec 	bl	10001f70 <__wrap___aeabi_uidiv>
10003f98:	3601      	adds	r6, #1
10003f9a:	3130      	adds	r1, #48	@ 0x30
10003f9c:	55b9      	strb	r1, [r7, r6]
10003f9e:	2d09      	cmp	r5, #9
10003fa0:	d8ef      	bhi.n	10003f82 <_vsnprintf+0x662>
10003fa2:	464c      	mov	r4, r9
10003fa4:	46c4      	mov	ip, r8
10003fa6:	46b1      	mov	r9, r6
10003fa8:	465f      	mov	r7, fp
10003faa:	9d14      	ldr	r5, [sp, #80]	@ 0x50
10003fac:	4663      	mov	r3, ip
10003fae:	9306      	str	r3, [sp, #24]
10003fb0:	9b0d      	ldr	r3, [sp, #52]	@ 0x34
10003fb2:	9505      	str	r5, [sp, #20]
10003fb4:	9304      	str	r3, [sp, #16]
10003fb6:	230a      	movs	r3, #10
10003fb8:	9303      	str	r3, [sp, #12]
10003fba:	9b0c      	ldr	r3, [sp, #48]	@ 0x30
10003fbc:	9302      	str	r3, [sp, #8]
10003fbe:	464b      	mov	r3, r9
10003fc0:	9301      	str	r3, [sp, #4]
10003fc2:	ab1a      	add	r3, sp, #104	@ 0x68
10003fc4:	0022      	movs	r2, r4
10003fc6:	9300      	str	r3, [sp, #0]
10003fc8:	990a      	ldr	r1, [sp, #40]	@ 0x28
10003fca:	4653      	mov	r3, sl
10003fcc:	980b      	ldr	r0, [sp, #44]	@ 0x2c
10003fce:	f7fe fec1 	bl	10002d54 <_ntoa_format>
10003fd2:	9b0f      	ldr	r3, [sp, #60]	@ 0x3c
10003fd4:	0004      	movs	r4, r0
10003fd6:	930c      	str	r3, [sp, #48]	@ 0x30
10003fd8:	e4c9      	b.n	1000396e <_vsnprintf+0x4e>
10003fda:	230c      	movs	r3, #12
10003fdc:	0031      	movs	r1, r6
10003fde:	4399      	bics	r1, r3
10003fe0:	e6e3      	b.n	10003daa <_vsnprintf+0x48a>
10003fe2:	2208      	movs	r2, #8
10003fe4:	2107      	movs	r1, #7
10003fe6:	4691      	mov	r9, r2
10003fe8:	9b0c      	ldr	r3, [sp, #48]	@ 0x30
10003fea:	3307      	adds	r3, #7
10003fec:	438b      	bics	r3, r1
10003fee:	4499      	add	r9, r3
10003ff0:	464a      	mov	r2, r9
10003ff2:	cb0a      	ldmia	r3, {r1, r3}
10003ff4:	0008      	movs	r0, r1
10003ff6:	920c      	str	r2, [sp, #48]	@ 0x30
10003ff8:	0fda      	lsrs	r2, r3, #31
10003ffa:	4693      	mov	fp, r2
10003ffc:	4318      	orrs	r0, r3
10003ffe:	d000      	beq.n	10004002 <_vsnprintf+0x6e2>
10004000:	e085      	b.n	1000410e <_vsnprintf+0x7ee>
10004002:	2300      	movs	r3, #0
10004004:	4699      	mov	r9, r3
10004006:	4643      	mov	r3, r8
10004008:	2b00      	cmp	r3, #0
1000400a:	d12f      	bne.n	1000406c <_vsnprintf+0x74c>
1000400c:	2200      	movs	r2, #0
1000400e:	2300      	movs	r3, #0
10004010:	9210      	str	r2, [sp, #64]	@ 0x40
10004012:	9311      	str	r3, [sp, #68]	@ 0x44
10004014:	2300      	movs	r3, #0
10004016:	261f      	movs	r6, #31
10004018:	4699      	mov	r9, r3
1000401a:	ab12      	add	r3, sp, #72	@ 0x48
1000401c:	18f6      	adds	r6, r6, r3
1000401e:	465b      	mov	r3, fp
10004020:	9514      	str	r5, [sp, #80]	@ 0x50
10004022:	46bb      	mov	fp, r7
10004024:	46e0      	mov	r8, ip
10004026:	0037      	movs	r7, r6
10004028:	930f      	str	r3, [sp, #60]	@ 0x3c
1000402a:	464e      	mov	r6, r9
1000402c:	46a1      	mov	r9, r4
1000402e:	9c10      	ldr	r4, [sp, #64]	@ 0x40
10004030:	9d11      	ldr	r5, [sp, #68]	@ 0x44
10004032:	e005      	b.n	10004040 <_vsnprintf+0x720>
10004034:	10002ca9 	.word	0x10002ca9
10004038:	0004      	movs	r4, r0
1000403a:	000d      	movs	r5, r1
1000403c:	2e20      	cmp	r6, #32
1000403e:	d00c      	beq.n	1000405a <_vsnprintf+0x73a>
10004040:	220a      	movs	r2, #10
10004042:	2300      	movs	r3, #0
10004044:	0020      	movs	r0, r4
10004046:	0029      	movs	r1, r5
10004048:	f7fd ffd0 	bl	10001fec <__wrap___aeabi_uldivmod>
1000404c:	3601      	adds	r6, #1
1000404e:	3230      	adds	r2, #48	@ 0x30
10004050:	55ba      	strb	r2, [r7, r6]
10004052:	2d00      	cmp	r5, #0
10004054:	d1f0      	bne.n	10004038 <_vsnprintf+0x718>
10004056:	2c09      	cmp	r4, #9
10004058:	d8ee      	bhi.n	10004038 <_vsnprintf+0x718>
1000405a:	9b0f      	ldr	r3, [sp, #60]	@ 0x3c
1000405c:	9410      	str	r4, [sp, #64]	@ 0x40
1000405e:	9511      	str	r5, [sp, #68]	@ 0x44
10004060:	465f      	mov	r7, fp
10004062:	464c      	mov	r4, r9
10004064:	46c4      	mov	ip, r8
10004066:	46b1      	mov	r9, r6
10004068:	469b      	mov	fp, r3
1000406a:	9d14      	ldr	r5, [sp, #80]	@ 0x50
1000406c:	4663      	mov	r3, ip
1000406e:	9306      	str	r3, [sp, #24]
10004070:	9b0d      	ldr	r3, [sp, #52]	@ 0x34
10004072:	9505      	str	r5, [sp, #20]
10004074:	9304      	str	r3, [sp, #16]
10004076:	230a      	movs	r3, #10
10004078:	9303      	str	r3, [sp, #12]
1000407a:	465b      	mov	r3, fp
1000407c:	9302      	str	r3, [sp, #8]
1000407e:	464b      	mov	r3, r9
10004080:	9301      	str	r3, [sp, #4]
10004082:	ab1a      	add	r3, sp, #104	@ 0x68
10004084:	0022      	movs	r2, r4
10004086:	9300      	str	r3, [sp, #0]
10004088:	990a      	ldr	r1, [sp, #40]	@ 0x28
1000408a:	4653      	mov	r3, sl
1000408c:	980b      	ldr	r0, [sp, #44]	@ 0x2c
1000408e:	f7fe fe61 	bl	10002d54 <_ntoa_format>
10004092:	0004      	movs	r4, r0
10004094:	e46b      	b.n	1000396e <_vsnprintf+0x4e>
10004096:	9b0f      	ldr	r3, [sp, #60]	@ 0x3c
10004098:	429d      	cmp	r5, r3
1000409a:	d800      	bhi.n	1000409e <_vsnprintf+0x77e>
1000409c:	e196      	b.n	100043cc <_vsnprintf+0xaac>
1000409e:	2380      	movs	r3, #128	@ 0x80
100040a0:	00db      	lsls	r3, r3, #3
100040a2:	930c      	str	r3, [sp, #48]	@ 0x30
100040a4:	9b0f      	ldr	r3, [sp, #60]	@ 0x3c
100040a6:	192e      	adds	r6, r5, r4
100040a8:	1af6      	subs	r6, r6, r3
100040aa:	4643      	mov	r3, r8
100040ac:	930f      	str	r3, [sp, #60]	@ 0x3c
100040ae:	9b0d      	ldr	r3, [sp, #52]	@ 0x34
100040b0:	46a8      	mov	r8, r5
100040b2:	4699      	mov	r9, r3
100040b4:	4653      	mov	r3, sl
100040b6:	46ba      	mov	sl, r7
100040b8:	001f      	movs	r7, r3
100040ba:	9d0b      	ldr	r5, [sp, #44]	@ 0x2c
100040bc:	0022      	movs	r2, r4
100040be:	003b      	movs	r3, r7
100040c0:	3401      	adds	r4, #1
100040c2:	2020      	movs	r0, #32
100040c4:	990a      	ldr	r1, [sp, #40]	@ 0x28
100040c6:	47a8      	blx	r5
100040c8:	42b4      	cmp	r4, r6
100040ca:	d1f7      	bne.n	100040bc <_vsnprintf+0x79c>
100040cc:	9b0f      	ldr	r3, [sp, #60]	@ 0x3c
100040ce:	4645      	mov	r5, r8
100040d0:	4698      	mov	r8, r3
100040d2:	464b      	mov	r3, r9
100040d4:	930d      	str	r3, [sp, #52]	@ 0x34
100040d6:	003b      	movs	r3, r7
100040d8:	4657      	mov	r7, sl
100040da:	469a      	mov	sl, r3
100040dc:	4643      	mov	r3, r8
100040de:	7818      	ldrb	r0, [r3, #0]
100040e0:	2800      	cmp	r0, #0
100040e2:	d100      	bne.n	100040e6 <_vsnprintf+0x7c6>
100040e4:	e562      	b.n	10003bac <_vsnprintf+0x28c>
100040e6:	1c6b      	adds	r3, r5, #1
100040e8:	930f      	str	r3, [sp, #60]	@ 0x3c
100040ea:	9b0c      	ldr	r3, [sp, #48]	@ 0x30
100040ec:	2b00      	cmp	r3, #0
100040ee:	d100      	bne.n	100040f2 <_vsnprintf+0x7d2>
100040f0:	e6a8      	b.n	10003e44 <_vsnprintf+0x524>
100040f2:	2300      	movs	r3, #0
100040f4:	e53d      	b.n	10003b72 <_vsnprintf+0x252>
100040f6:	9b0c      	ldr	r3, [sp, #48]	@ 0x30
100040f8:	781b      	ldrb	r3, [r3, #0]
100040fa:	0019      	movs	r1, r3
100040fc:	e731      	b.n	10003f62 <_vsnprintf+0x642>
100040fe:	2310      	movs	r3, #16
10004100:	439e      	bics	r6, r3
10004102:	46b4      	mov	ip, r6
10004104:	e70b      	b.n	10003f1e <_vsnprintf+0x5fe>
10004106:	9b0c      	ldr	r3, [sp, #48]	@ 0x30
10004108:	781b      	ldrb	r3, [r3, #0]
1000410a:	4699      	mov	r9, r3
1000410c:	e669      	b.n	10003de2 <_vsnprintf+0x4c2>
1000410e:	17da      	asrs	r2, r3, #31
10004110:	9212      	str	r2, [sp, #72]	@ 0x48
10004112:	9213      	str	r2, [sp, #76]	@ 0x4c
10004114:	404a      	eors	r2, r1
10004116:	9210      	str	r2, [sp, #64]	@ 0x40
10004118:	9812      	ldr	r0, [sp, #72]	@ 0x48
1000411a:	9913      	ldr	r1, [sp, #76]	@ 0x4c
1000411c:	000a      	movs	r2, r1
1000411e:	405a      	eors	r2, r3
10004120:	9211      	str	r2, [sp, #68]	@ 0x44
10004122:	9a10      	ldr	r2, [sp, #64]	@ 0x40
10004124:	9b11      	ldr	r3, [sp, #68]	@ 0x44
10004126:	1a12      	subs	r2, r2, r0
10004128:	418b      	sbcs	r3, r1
1000412a:	9210      	str	r2, [sp, #64]	@ 0x40
1000412c:	9311      	str	r3, [sp, #68]	@ 0x44
1000412e:	e771      	b.n	10004014 <_vsnprintf+0x6f4>
10004130:	9b0c      	ldr	r3, [sp, #48]	@ 0x30
10004132:	0022      	movs	r2, r4
10004134:	7818      	ldrb	r0, [r3, #0]
10004136:	990a      	ldr	r1, [sp, #40]	@ 0x28
10004138:	4653      	mov	r3, sl
1000413a:	9c0b      	ldr	r4, [sp, #44]	@ 0x2c
1000413c:	47a0      	blx	r4
1000413e:	4644      	mov	r4, r8
10004140:	e534      	b.n	10003bac <_vsnprintf+0x28c>
10004142:	2208      	movs	r2, #8
10004144:	2607      	movs	r6, #7
10004146:	4690      	mov	r8, r2
10004148:	9b0c      	ldr	r3, [sp, #48]	@ 0x30
1000414a:	3307      	adds	r3, #7
1000414c:	43b3      	bics	r3, r6
1000414e:	4498      	add	r8, r3
10004150:	4642      	mov	r2, r8
10004152:	920c      	str	r2, [sp, #48]	@ 0x30
10004154:	681a      	ldr	r2, [r3, #0]
10004156:	685b      	ldr	r3, [r3, #4]
10004158:	9214      	str	r2, [sp, #80]	@ 0x50
1000415a:	9308      	str	r3, [sp, #32]
1000415c:	0013      	movs	r3, r2
1000415e:	9a08      	ldr	r2, [sp, #32]
10004160:	4313      	orrs	r3, r2
10004162:	d105      	bne.n	10004170 <_vsnprintf+0x850>
10004164:	3310      	adds	r3, #16
10004166:	4399      	bics	r1, r3
10004168:	2300      	movs	r3, #0
1000416a:	4698      	mov	r8, r3
1000416c:	2800      	cmp	r0, #0
1000416e:	d138      	bne.n	100041e2 <_vsnprintf+0x8c2>
10004170:	2061      	movs	r0, #97	@ 0x61
10004172:	068b      	lsls	r3, r1, #26
10004174:	d500      	bpl.n	10004178 <_vsnprintf+0x858>
10004176:	2041      	movs	r0, #65	@ 0x41
10004178:	2300      	movs	r3, #0
1000417a:	261f      	movs	r6, #31
1000417c:	4698      	mov	r8, r3
1000417e:	465a      	mov	r2, fp
10004180:	ab12      	add	r3, sp, #72	@ 0x48
10004182:	18f6      	adds	r6, r6, r3
10004184:	0003      	movs	r3, r0
10004186:	9218      	str	r2, [sp, #96]	@ 0x60
10004188:	9a0f      	ldr	r2, [sp, #60]	@ 0x3c
1000418a:	3b0a      	subs	r3, #10
1000418c:	46b1      	mov	r9, r6
1000418e:	9516      	str	r5, [sp, #88]	@ 0x58
10004190:	9417      	str	r4, [sp, #92]	@ 0x5c
10004192:	9719      	str	r7, [sp, #100]	@ 0x64
10004194:	4644      	mov	r4, r8
10004196:	4666      	mov	r6, ip
10004198:	4690      	mov	r8, r2
1000419a:	469b      	mov	fp, r3
1000419c:	9f14      	ldr	r7, [sp, #80]	@ 0x50
1000419e:	9d08      	ldr	r5, [sp, #32]
100041a0:	9115      	str	r1, [sp, #84]	@ 0x54
100041a2:	e003      	b.n	100041ac <_vsnprintf+0x88c>
100041a4:	0007      	movs	r7, r0
100041a6:	000d      	movs	r5, r1
100041a8:	2c20      	cmp	r4, #32
100041aa:	d013      	beq.n	100041d4 <_vsnprintf+0x8b4>
100041ac:	0032      	movs	r2, r6
100041ae:	2300      	movs	r3, #0
100041b0:	0038      	movs	r0, r7
100041b2:	0029      	movs	r1, r5
100041b4:	f7fd ff1a 	bl	10001fec <__wrap___aeabi_uldivmod>
100041b8:	465b      	mov	r3, fp
100041ba:	b2d2      	uxtb	r2, r2
100041bc:	18d3      	adds	r3, r2, r3
100041be:	2a09      	cmp	r2, #9
100041c0:	d801      	bhi.n	100041c6 <_vsnprintf+0x8a6>
100041c2:	0013      	movs	r3, r2
100041c4:	3330      	adds	r3, #48	@ 0x30
100041c6:	464a      	mov	r2, r9
100041c8:	3401      	adds	r4, #1
100041ca:	5513      	strb	r3, [r2, r4]
100041cc:	45a8      	cmp	r8, r5
100041ce:	d1e9      	bne.n	100041a4 <_vsnprintf+0x884>
100041d0:	42be      	cmp	r6, r7
100041d2:	d9e7      	bls.n	100041a4 <_vsnprintf+0x884>
100041d4:	9b18      	ldr	r3, [sp, #96]	@ 0x60
100041d6:	46a0      	mov	r8, r4
100041d8:	469b      	mov	fp, r3
100041da:	9915      	ldr	r1, [sp, #84]	@ 0x54
100041dc:	9d16      	ldr	r5, [sp, #88]	@ 0x58
100041de:	9c17      	ldr	r4, [sp, #92]	@ 0x5c
100041e0:	9f19      	ldr	r7, [sp, #100]	@ 0x64
100041e2:	9b0d      	ldr	r3, [sp, #52]	@ 0x34
100041e4:	9106      	str	r1, [sp, #24]
100041e6:	9304      	str	r3, [sp, #16]
100041e8:	465b      	mov	r3, fp
100041ea:	9303      	str	r3, [sp, #12]
100041ec:	2300      	movs	r3, #0
100041ee:	9505      	str	r5, [sp, #20]
100041f0:	9302      	str	r3, [sp, #8]
100041f2:	4643      	mov	r3, r8
100041f4:	e744      	b.n	10004080 <_vsnprintf+0x760>
100041f6:	2061      	movs	r0, #97	@ 0x61
100041f8:	068b      	lsls	r3, r1, #26
100041fa:	d500      	bpl.n	100041fe <_vsnprintf+0x8de>
100041fc:	2041      	movs	r0, #65	@ 0x41
100041fe:	261f      	movs	r6, #31
10004200:	ab12      	add	r3, sp, #72	@ 0x48
10004202:	18f2      	adds	r2, r6, r3
10004204:	0003      	movs	r3, r0
10004206:	3b0a      	subs	r3, #10
10004208:	930c      	str	r3, [sp, #48]	@ 0x30
1000420a:	464b      	mov	r3, r9
1000420c:	4646      	mov	r6, r8
1000420e:	46a1      	mov	r9, r4
10004210:	46a8      	mov	r8, r5
10004212:	001c      	movs	r4, r3
10004214:	465d      	mov	r5, fp
10004216:	9114      	str	r1, [sp, #80]	@ 0x50
10004218:	46bb      	mov	fp, r7
1000421a:	0017      	movs	r7, r2
1000421c:	e002      	b.n	10004224 <_vsnprintf+0x904>
1000421e:	0004      	movs	r4, r0
10004220:	2e20      	cmp	r6, #32
10004222:	d00d      	beq.n	10004240 <_vsnprintf+0x920>
10004224:	0029      	movs	r1, r5
10004226:	0020      	movs	r0, r4
10004228:	f7fd fea2 	bl	10001f70 <__wrap___aeabi_uidiv>
1000422c:	9b0c      	ldr	r3, [sp, #48]	@ 0x30
1000422e:	18cb      	adds	r3, r1, r3
10004230:	2909      	cmp	r1, #9
10004232:	d801      	bhi.n	10004238 <_vsnprintf+0x918>
10004234:	000b      	movs	r3, r1
10004236:	3330      	adds	r3, #48	@ 0x30
10004238:	3601      	adds	r6, #1
1000423a:	55bb      	strb	r3, [r7, r6]
1000423c:	42ac      	cmp	r4, r5
1000423e:	d2ee      	bcs.n	1000421e <_vsnprintf+0x8fe>
10004240:	465f      	mov	r7, fp
10004242:	464c      	mov	r4, r9
10004244:	46ab      	mov	fp, r5
10004246:	9914      	ldr	r1, [sp, #80]	@ 0x50
10004248:	4645      	mov	r5, r8
1000424a:	46b0      	mov	r8, r6
1000424c:	e5d4      	b.n	10003df8 <_vsnprintf+0x4d8>
1000424e:	9b0f      	ldr	r3, [sp, #60]	@ 0x3c
10004250:	429d      	cmp	r5, r3
10004252:	d900      	bls.n	10004256 <_vsnprintf+0x936>
10004254:	e726      	b.n	100040a4 <_vsnprintf+0x784>
10004256:	3301      	adds	r3, #1
10004258:	930f      	str	r3, [sp, #60]	@ 0x3c
1000425a:	e5f3      	b.n	10003e44 <_vsnprintf+0x524>
1000425c:	2310      	movs	r3, #16
1000425e:	0032      	movs	r2, r6
10004260:	439a      	bics	r2, r3
10004262:	4694      	mov	ip, r2
10004264:	2869      	cmp	r0, #105	@ 0x69
10004266:	d000      	beq.n	1000426a <_vsnprintf+0x94a>
10004268:	e0a2      	b.n	100043b0 <_vsnprintf+0xa90>
1000426a:	2380      	movs	r3, #128	@ 0x80
1000426c:	0032      	movs	r2, r6
1000426e:	00db      	lsls	r3, r3, #3
10004270:	401a      	ands	r2, r3
10004272:	4690      	mov	r8, r2
10004274:	421e      	tst	r6, r3
10004276:	d100      	bne.n	1000427a <_vsnprintf+0x95a>
10004278:	e651      	b.n	10003f1e <_vsnprintf+0x5fe>
1000427a:	e64c      	b.n	10003f16 <_vsnprintf+0x5f6>
1000427c:	4643      	mov	r3, r8
1000427e:	2b00      	cmp	r3, #0
10004280:	d000      	beq.n	10004284 <_vsnprintf+0x964>
10004282:	e693      	b.n	10003fac <_vsnprintf+0x68c>
10004284:	e673      	b.n	10003f6e <_vsnprintf+0x64e>
10004286:	9b0c      	ldr	r3, [sp, #48]	@ 0x30
10004288:	681b      	ldr	r3, [r3, #0]
1000428a:	0fda      	lsrs	r2, r3, #31
1000428c:	2b00      	cmp	r3, #0
1000428e:	d070      	beq.n	10004372 <_vsnprintf+0xa52>
10004290:	17d9      	asrs	r1, r3, #31
10004292:	185b      	adds	r3, r3, r1
10004294:	404b      	eors	r3, r1
10004296:	4698      	mov	r8, r3
10004298:	261f      	movs	r6, #31
1000429a:	ab12      	add	r3, sp, #72	@ 0x48
1000429c:	18f6      	adds	r6, r6, r3
1000429e:	46a1      	mov	r9, r4
100042a0:	9514      	str	r5, [sp, #80]	@ 0x50
100042a2:	465c      	mov	r4, fp
100042a4:	4645      	mov	r5, r8
100042a6:	46bb      	mov	fp, r7
100042a8:	46e0      	mov	r8, ip
100042aa:	0037      	movs	r7, r6
100042ac:	920c      	str	r2, [sp, #48]	@ 0x30
100042ae:	e006      	b.n	100042be <_vsnprintf+0x99e>
100042b0:	0028      	movs	r0, r5
100042b2:	210a      	movs	r1, #10
100042b4:	f7fd fe5c 	bl	10001f70 <__wrap___aeabi_uidiv>
100042b8:	0005      	movs	r5, r0
100042ba:	2c20      	cmp	r4, #32
100042bc:	d008      	beq.n	100042d0 <_vsnprintf+0x9b0>
100042be:	210a      	movs	r1, #10
100042c0:	0028      	movs	r0, r5
100042c2:	f7fd fe55 	bl	10001f70 <__wrap___aeabi_uidiv>
100042c6:	3401      	adds	r4, #1
100042c8:	3130      	adds	r1, #48	@ 0x30
100042ca:	5539      	strb	r1, [r7, r4]
100042cc:	2d09      	cmp	r5, #9
100042ce:	d8ef      	bhi.n	100042b0 <_vsnprintf+0x990>
100042d0:	465f      	mov	r7, fp
100042d2:	46c4      	mov	ip, r8
100042d4:	46a3      	mov	fp, r4
100042d6:	464c      	mov	r4, r9
100042d8:	9d14      	ldr	r5, [sp, #80]	@ 0x50
100042da:	9a0c      	ldr	r2, [sp, #48]	@ 0x30
100042dc:	4663      	mov	r3, ip
100042de:	9306      	str	r3, [sp, #24]
100042e0:	9b0d      	ldr	r3, [sp, #52]	@ 0x34
100042e2:	9505      	str	r5, [sp, #20]
100042e4:	9304      	str	r3, [sp, #16]
100042e6:	230a      	movs	r3, #10
100042e8:	9202      	str	r2, [sp, #8]
100042ea:	9303      	str	r3, [sp, #12]
100042ec:	465b      	mov	r3, fp
100042ee:	e667      	b.n	10003fc0 <_vsnprintf+0x6a0>
100042f0:	9b0c      	ldr	r3, [sp, #48]	@ 0x30
100042f2:	681b      	ldr	r3, [r3, #0]
100042f4:	4698      	mov	r8, r3
100042f6:	2b00      	cmp	r3, #0
100042f8:	d103      	bne.n	10004302 <_vsnprintf+0x9e2>
100042fa:	3310      	adds	r3, #16
100042fc:	4399      	bics	r1, r3
100042fe:	2800      	cmp	r0, #0
10004300:	d12d      	bne.n	1000435e <_vsnprintf+0xa3e>
10004302:	2061      	movs	r0, #97	@ 0x61
10004304:	068b      	lsls	r3, r1, #26
10004306:	d500      	bpl.n	1000430a <_vsnprintf+0x9ea>
10004308:	2041      	movs	r0, #65	@ 0x41
1000430a:	261f      	movs	r6, #31
1000430c:	ab12      	add	r3, sp, #72	@ 0x48
1000430e:	18f6      	adds	r6, r6, r3
10004310:	0003      	movs	r3, r0
10004312:	3b0a      	subs	r3, #10
10004314:	464a      	mov	r2, r9
10004316:	930c      	str	r3, [sp, #48]	@ 0x30
10004318:	9114      	str	r1, [sp, #80]	@ 0x50
1000431a:	4643      	mov	r3, r8
1000431c:	0031      	movs	r1, r6
1000431e:	46a8      	mov	r8, r5
10004320:	46a1      	mov	r9, r4
10004322:	465e      	mov	r6, fp
10004324:	0014      	movs	r4, r2
10004326:	46bb      	mov	fp, r7
10004328:	001d      	movs	r5, r3
1000432a:	000f      	movs	r7, r1
1000432c:	e002      	b.n	10004334 <_vsnprintf+0xa14>
1000432e:	0005      	movs	r5, r0
10004330:	2c20      	cmp	r4, #32
10004332:	d00d      	beq.n	10004350 <_vsnprintf+0xa30>
10004334:	0031      	movs	r1, r6
10004336:	0028      	movs	r0, r5
10004338:	f7fd fe1a 	bl	10001f70 <__wrap___aeabi_uidiv>
1000433c:	9b0c      	ldr	r3, [sp, #48]	@ 0x30
1000433e:	18cb      	adds	r3, r1, r3
10004340:	2909      	cmp	r1, #9
10004342:	d801      	bhi.n	10004348 <_vsnprintf+0xa28>
10004344:	000b      	movs	r3, r1
10004346:	3330      	adds	r3, #48	@ 0x30
10004348:	3401      	adds	r4, #1
1000434a:	553b      	strb	r3, [r7, r4]
1000434c:	42b5      	cmp	r5, r6
1000434e:	d2ee      	bcs.n	1000432e <_vsnprintf+0xa0e>
10004350:	0023      	movs	r3, r4
10004352:	465f      	mov	r7, fp
10004354:	464c      	mov	r4, r9
10004356:	4645      	mov	r5, r8
10004358:	46b3      	mov	fp, r6
1000435a:	4699      	mov	r9, r3
1000435c:	9914      	ldr	r1, [sp, #80]	@ 0x50
1000435e:	9b0d      	ldr	r3, [sp, #52]	@ 0x34
10004360:	9106      	str	r1, [sp, #24]
10004362:	9304      	str	r3, [sp, #16]
10004364:	465b      	mov	r3, fp
10004366:	9303      	str	r3, [sp, #12]
10004368:	2300      	movs	r3, #0
1000436a:	9505      	str	r5, [sp, #20]
1000436c:	9302      	str	r3, [sp, #8]
1000436e:	464b      	mov	r3, r9
10004370:	e626      	b.n	10003fc0 <_vsnprintf+0x6a0>
10004372:	4643      	mov	r3, r8
10004374:	2b00      	cmp	r3, #0
10004376:	d1b1      	bne.n	100042dc <_vsnprintf+0x9bc>
10004378:	e78e      	b.n	10004298 <_vsnprintf+0x978>
1000437a:	9b0c      	ldr	r3, [sp, #48]	@ 0x30
1000437c:	681b      	ldr	r3, [r3, #0]
1000437e:	17d8      	asrs	r0, r3, #31
10004380:	1819      	adds	r1, r3, r0
10004382:	4041      	eors	r1, r0
10004384:	e5ed      	b.n	10003f62 <_vsnprintf+0x642>
10004386:	2380      	movs	r3, #128	@ 0x80
10004388:	0032      	movs	r2, r6
1000438a:	00db      	lsls	r3, r3, #3
1000438c:	401a      	ands	r2, r3
1000438e:	920f      	str	r2, [sp, #60]	@ 0x3c
10004390:	421e      	tst	r6, r3
10004392:	d00f      	beq.n	100043b4 <_vsnprintf+0xa94>
10004394:	3002      	adds	r0, #2
10004396:	0002      	movs	r2, r0
10004398:	4032      	ands	r2, r6
1000439a:	920f      	str	r2, [sp, #60]	@ 0x3c
1000439c:	4230      	tst	r0, r6
1000439e:	d019      	beq.n	100043d4 <_vsnprintf+0xab4>
100043a0:	2300      	movs	r3, #0
100043a2:	46a0      	mov	r8, r4
100043a4:	930f      	str	r3, [sp, #60]	@ 0x3c
100043a6:	e59a      	b.n	10003ede <_vsnprintf+0x5be>
100043a8:	9b0c      	ldr	r3, [sp, #48]	@ 0x30
100043aa:	681b      	ldr	r3, [r3, #0]
100043ac:	4699      	mov	r9, r3
100043ae:	e518      	b.n	10003de2 <_vsnprintf+0x4c2>
100043b0:	0016      	movs	r6, r2
100043b2:	e49b      	b.n	10003cec <_vsnprintf+0x3cc>
100043b4:	2302      	movs	r3, #2
100043b6:	001a      	movs	r2, r3
100043b8:	4032      	ands	r2, r6
100043ba:	920c      	str	r2, [sp, #48]	@ 0x30
100043bc:	4233      	tst	r3, r6
100043be:	d000      	beq.n	100043c2 <_vsnprintf+0xaa2>
100043c0:	e58c      	b.n	10003edc <_vsnprintf+0x5bc>
100043c2:	2d00      	cmp	r5, #0
100043c4:	d000      	beq.n	100043c8 <_vsnprintf+0xaa8>
100043c6:	e66d      	b.n	100040a4 <_vsnprintf+0x784>
100043c8:	f7ff fbf0 	bl	10003bac <_vsnprintf+0x28c>
100043cc:	3301      	adds	r3, #1
100043ce:	930f      	str	r3, [sp, #60]	@ 0x3c
100043d0:	f7ff fbd0 	bl	10003b74 <_vsnprintf+0x254>
100043d4:	930c      	str	r3, [sp, #48]	@ 0x30
100043d6:	e7f4      	b.n	100043c2 <_vsnprintf+0xaa2>

100043d8 <vfctprintf>:
100043d8:	b500      	push	{lr}
100043da:	b085      	sub	sp, #20
100043dc:	9103      	str	r1, [sp, #12]
100043de:	2101      	movs	r1, #1
100043e0:	9002      	str	r0, [sp, #8]
100043e2:	9300      	str	r3, [sp, #0]
100043e4:	4803      	ldr	r0, [pc, #12]	@ (100043f4 <vfctprintf+0x1c>)
100043e6:	0013      	movs	r3, r2
100043e8:	424a      	negs	r2, r1
100043ea:	a902      	add	r1, sp, #8
100043ec:	f7ff fa98 	bl	10003920 <_vsnprintf>
100043f0:	b005      	add	sp, #20
100043f2:	bd00      	pop	{pc}
100043f4:	10002f3d 	.word	0x10002f3d

100043f8 <weak_raw_vprintf>:
100043f8:	b510      	push	{r4, lr}
100043fa:	4a09      	ldr	r2, [pc, #36]	@ (10004420 <weak_raw_vprintf+0x28>)
100043fc:	0003      	movs	r3, r0
100043fe:	6814      	ldr	r4, [r2, #0]
10004400:	b084      	sub	sp, #16
10004402:	2c00      	cmp	r4, #0
10004404:	d008      	beq.n	10004418 <weak_raw_vprintf+0x20>
10004406:	2201      	movs	r2, #1
10004408:	9100      	str	r1, [sp, #0]
1000440a:	4806      	ldr	r0, [pc, #24]	@ (10004424 <weak_raw_vprintf+0x2c>)
1000440c:	4252      	negs	r2, r2
1000440e:	a903      	add	r1, sp, #12
10004410:	47a0      	blx	r4
10004412:	2001      	movs	r0, #1
10004414:	b004      	add	sp, #16
10004416:	bd10      	pop	{r4, pc}
10004418:	f000 f984 	bl	10004724 <__wrap_puts>
1000441c:	2000      	movs	r0, #0
1000441e:	e7f9      	b.n	10004414 <weak_raw_vprintf+0x1c>
10004420:	20001e68 	.word	0x20001e68
10004424:	10002f2d 	.word	0x10002f2d

10004428 <_exit>:
10004428:	be00      	bkpt	0x0000
1000442a:	e7fd      	b.n	10004428 <_exit>

1000442c <_fini>:
1000442c:	4770      	bx	lr
1000442e:	46c0      	nop			@ (mov r8, r8)

10004430 <exit>:
10004430:	b510      	push	{r4, lr}
10004432:	f7ff fff9 	bl	10004428 <_exit>
10004436:	46c0      	nop			@ (mov r8, r8)

10004438 <runtime_init>:
10004438:	b570      	push	{r4, r5, r6, lr}
1000443a:	f7fd fc4d 	bl	10001cd8 <runtime_run_initializers>
1000443e:	4d07      	ldr	r5, [pc, #28]	@ (1000445c <runtime_init+0x24>)
10004440:	4e07      	ldr	r6, [pc, #28]	@ (10004460 <runtime_init+0x28>)
10004442:	42b5      	cmp	r5, r6
10004444:	d209      	bcs.n	1000445a <runtime_init+0x22>
10004446:	2400      	movs	r4, #0
10004448:	3e01      	subs	r6, #1
1000444a:	1b76      	subs	r6, r6, r5
1000444c:	08b6      	lsrs	r6, r6, #2
1000444e:	3601      	adds	r6, #1
10004450:	cd08      	ldmia	r5!, {r3}
10004452:	3401      	adds	r4, #1
10004454:	4798      	blx	r3
10004456:	42b4      	cmp	r4, r6
10004458:	d1fa      	bne.n	10004450 <runtime_init+0x18>
1000445a:	bd70      	pop	{r4, r5, r6, pc}
1000445c:	10007644 	.word	0x10007644
10004460:	10007648 	.word	0x10007648

10004464 <stdio_out_chars_no_crlf>:
10004464:	0003      	movs	r3, r0
10004466:	b510      	push	{r4, lr}
10004468:	0008      	movs	r0, r1
1000446a:	0011      	movs	r1, r2
1000446c:	681b      	ldr	r3, [r3, #0]
1000446e:	4798      	blx	r3
10004470:	bd10      	pop	{r4, pc}
10004472:	46c0      	nop			@ (mov r8, r8)

10004474 <stdio_out_chars_crlf>:
10004474:	b5f8      	push	{r3, r4, r5, r6, r7, lr}
10004476:	7d43      	ldrb	r3, [r0, #21]
10004478:	0007      	movs	r7, r0
1000447a:	000d      	movs	r5, r1
1000447c:	0016      	movs	r6, r2
1000447e:	2b00      	cmp	r3, #0
10004480:	d038      	beq.n	100044f4 <stdio_out_chars_crlf+0x80>
10004482:	2a00      	cmp	r2, #0
10004484:	dd1a      	ble.n	100044bc <stdio_out_chars_crlf+0x48>
10004486:	780b      	ldrb	r3, [r1, #0]
10004488:	2b0a      	cmp	r3, #10
1000448a:	d018      	beq.n	100044be <stdio_out_chars_crlf+0x4a>
1000448c:	2000      	movs	r0, #0
1000448e:	2e01      	cmp	r6, #1
10004490:	d009      	beq.n	100044a6 <stdio_out_chars_crlf+0x32>
10004492:	2401      	movs	r4, #1
10004494:	0021      	movs	r1, r4
10004496:	5c6b      	ldrb	r3, [r5, r1]
10004498:	3401      	adds	r4, #1
1000449a:	2b0a      	cmp	r3, #10
1000449c:	d01a      	beq.n	100044d4 <stdio_out_chars_crlf+0x60>
1000449e:	42b4      	cmp	r4, r6
100044a0:	d1f8      	bne.n	10004494 <stdio_out_chars_crlf+0x20>
100044a2:	4286      	cmp	r6, r0
100044a4:	dd03      	ble.n	100044ae <stdio_out_chars_crlf+0x3a>
100044a6:	1a31      	subs	r1, r6, r0
100044a8:	683b      	ldr	r3, [r7, #0]
100044aa:	1828      	adds	r0, r5, r0
100044ac:	4798      	blx	r3
100044ae:	19ad      	adds	r5, r5, r6
100044b0:	3d01      	subs	r5, #1
100044b2:	782b      	ldrb	r3, [r5, #0]
100044b4:	3b0d      	subs	r3, #13
100044b6:	425a      	negs	r2, r3
100044b8:	4153      	adcs	r3, r2
100044ba:	753b      	strb	r3, [r7, #20]
100044bc:	bdf8      	pop	{r3, r4, r5, r6, r7, pc}
100044be:	7d03      	ldrb	r3, [r0, #20]
100044c0:	2b00      	cmp	r3, #0
100044c2:	d1e3      	bne.n	1000448c <stdio_out_chars_crlf+0x18>
100044c4:	2102      	movs	r1, #2
100044c6:	480e      	ldr	r0, [pc, #56]	@ (10004500 <stdio_out_chars_crlf+0x8c>)
100044c8:	683b      	ldr	r3, [r7, #0]
100044ca:	4798      	blx	r3
100044cc:	2e01      	cmp	r6, #1
100044ce:	d0ee      	beq.n	100044ae <stdio_out_chars_crlf+0x3a>
100044d0:	2001      	movs	r0, #1
100044d2:	e7de      	b.n	10004492 <stdio_out_chars_crlf+0x1e>
100044d4:	1e6b      	subs	r3, r5, #1
100044d6:	5c5b      	ldrb	r3, [r3, r1]
100044d8:	2b0d      	cmp	r3, #13
100044da:	d0e0      	beq.n	1000449e <stdio_out_chars_crlf+0x2a>
100044dc:	4288      	cmp	r0, r1
100044de:	da03      	bge.n	100044e8 <stdio_out_chars_crlf+0x74>
100044e0:	1a09      	subs	r1, r1, r0
100044e2:	683b      	ldr	r3, [r7, #0]
100044e4:	1828      	adds	r0, r5, r0
100044e6:	4798      	blx	r3
100044e8:	4805      	ldr	r0, [pc, #20]	@ (10004500 <stdio_out_chars_crlf+0x8c>)
100044ea:	2102      	movs	r1, #2
100044ec:	683b      	ldr	r3, [r7, #0]
100044ee:	4798      	blx	r3
100044f0:	0020      	movs	r0, r4
100044f2:	e7d4      	b.n	1000449e <stdio_out_chars_crlf+0x2a>
100044f4:	6803      	ldr	r3, [r0, #0]
100044f6:	0011      	movs	r1, r2
100044f8:	0028      	movs	r0, r5
100044fa:	4798      	blx	r3
100044fc:	e7de      	b.n	100044bc <stdio_out_chars_crlf+0x48>
100044fe:	46c0      	nop			@ (mov r8, r8)
10004500:	10007c48 	.word	0x10007c48

10004504 <stdio_buffered_printer>:
10004504:	b5f8      	push	{r3, r4, r5, r6, r7, lr}
10004506:	680b      	ldr	r3, [r1, #0]
10004508:	000d      	movs	r5, r1
1000450a:	1c5a      	adds	r2, r3, #1
1000450c:	18cb      	adds	r3, r1, r3
1000450e:	600a      	str	r2, [r1, #0]
10004510:	7118      	strb	r0, [r3, #4]
10004512:	2a80      	cmp	r2, #128	@ 0x80
10004514:	d000      	beq.n	10004518 <stdio_buffered_printer+0x14>
10004516:	bdf8      	pop	{r3, r4, r5, r6, r7, pc}
10004518:	4b0e      	ldr	r3, [pc, #56]	@ (10004554 <stdio_buffered_printer+0x50>)
1000451a:	681c      	ldr	r4, [r3, #0]
1000451c:	2c00      	cmp	r4, #0
1000451e:	d015      	beq.n	1000454c <stdio_buffered_printer+0x48>
10004520:	4e0d      	ldr	r6, [pc, #52]	@ (10004558 <stdio_buffered_printer+0x54>)
10004522:	1d0f      	adds	r7, r1, #4
10004524:	e002      	b.n	1000452c <stdio_buffered_printer+0x28>
10004526:	6924      	ldr	r4, [r4, #16]
10004528:	2c00      	cmp	r4, #0
1000452a:	d00f      	beq.n	1000454c <stdio_buffered_printer+0x48>
1000452c:	6823      	ldr	r3, [r4, #0]
1000452e:	2b00      	cmp	r3, #0
10004530:	d0f9      	beq.n	10004526 <stdio_buffered_printer+0x22>
10004532:	6833      	ldr	r3, [r6, #0]
10004534:	2b00      	cmp	r3, #0
10004536:	d001      	beq.n	1000453c <stdio_buffered_printer+0x38>
10004538:	42a3      	cmp	r3, r4
1000453a:	d1f4      	bne.n	10004526 <stdio_buffered_printer+0x22>
1000453c:	0020      	movs	r0, r4
1000453e:	0039      	movs	r1, r7
10004540:	682a      	ldr	r2, [r5, #0]
10004542:	f7ff ff97 	bl	10004474 <stdio_out_chars_crlf>
10004546:	6924      	ldr	r4, [r4, #16]
10004548:	2c00      	cmp	r4, #0
1000454a:	d1ef      	bne.n	1000452c <stdio_buffered_printer+0x28>
1000454c:	2300      	movs	r3, #0
1000454e:	602b      	str	r3, [r5, #0]
10004550:	e7e1      	b.n	10004516 <stdio_buffered_printer+0x12>
10004552:	46c0      	nop			@ (mov r8, r8)
10004554:	20001a58 	.word	0x20001a58
10004558:	20001a60 	.word	0x20001a60

1000455c <stdio_put_string>:
1000455c:	b5f0      	push	{r4, r5, r6, r7, lr}
1000455e:	4646      	mov	r6, r8
10004560:	46d6      	mov	lr, sl
10004562:	464f      	mov	r7, r9
10004564:	b5c0      	push	{r6, r7, lr}
10004566:	b082      	sub	sp, #8
10004568:	4690      	mov	r8, r2
1000456a:	001c      	movs	r4, r3
1000456c:	0006      	movs	r6, r0
1000456e:	000d      	movs	r5, r1
10004570:	f7fd f8da 	bl	10001728 <time_us_64>
10004574:	2300      	movs	r3, #0
10004576:	4a2f      	ldr	r2, [pc, #188]	@ (10004634 <stdio_put_string+0xd8>)
10004578:	1812      	adds	r2, r2, r0
1000457a:	414b      	adcs	r3, r1
1000457c:	2b00      	cmp	r3, #0
1000457e:	da02      	bge.n	10004586 <stdio_put_string+0x2a>
10004580:	2201      	movs	r2, #1
10004582:	4b2d      	ldr	r3, [pc, #180]	@ (10004638 <stdio_put_string+0xdc>)
10004584:	4252      	negs	r2, r2
10004586:	492d      	ldr	r1, [pc, #180]	@ (1000463c <stdio_put_string+0xe0>)
10004588:	0008      	movs	r0, r1
1000458a:	468a      	mov	sl, r1
1000458c:	f002 fffc 	bl	10007588 <__mutex_try_enter_block_until_veneer>
10004590:	4681      	mov	r9, r0
10004592:	1c6b      	adds	r3, r5, #1
10004594:	d103      	bne.n	1000459e <stdio_put_string+0x42>
10004596:	0030      	movs	r0, r6
10004598:	f002 ffa6 	bl	100074e8 <strlen>
1000459c:	0005      	movs	r5, r0
1000459e:	2c00      	cmp	r4, #0
100045a0:	d027      	beq.n	100045f2 <stdio_put_string+0x96>
100045a2:	4f27      	ldr	r7, [pc, #156]	@ (10004640 <stdio_put_string+0xe4>)
100045a4:	4b27      	ldr	r3, [pc, #156]	@ (10004644 <stdio_put_string+0xe8>)
100045a6:	681c      	ldr	r4, [r3, #0]
100045a8:	2c00      	cmp	r4, #0
100045aa:	d018      	beq.n	100045de <stdio_put_string+0x82>
100045ac:	4643      	mov	r3, r8
100045ae:	2b00      	cmp	r3, #0
100045b0:	d121      	bne.n	100045f6 <stdio_put_string+0x9a>
100045b2:	4b25      	ldr	r3, [pc, #148]	@ (10004648 <stdio_put_string+0xec>)
100045b4:	4698      	mov	r8, r3
100045b6:	e002      	b.n	100045be <stdio_put_string+0x62>
100045b8:	6924      	ldr	r4, [r4, #16]
100045ba:	2c00      	cmp	r4, #0
100045bc:	d00f      	beq.n	100045de <stdio_put_string+0x82>
100045be:	6823      	ldr	r3, [r4, #0]
100045c0:	2b00      	cmp	r3, #0
100045c2:	d0f9      	beq.n	100045b8 <stdio_put_string+0x5c>
100045c4:	4643      	mov	r3, r8
100045c6:	681b      	ldr	r3, [r3, #0]
100045c8:	2b00      	cmp	r3, #0
100045ca:	d001      	beq.n	100045d0 <stdio_put_string+0x74>
100045cc:	429c      	cmp	r4, r3
100045ce:	d1f3      	bne.n	100045b8 <stdio_put_string+0x5c>
100045d0:	0020      	movs	r0, r4
100045d2:	002a      	movs	r2, r5
100045d4:	0031      	movs	r1, r6
100045d6:	47b8      	blx	r7
100045d8:	6924      	ldr	r4, [r4, #16]
100045da:	2c00      	cmp	r4, #0
100045dc:	d1ef      	bne.n	100045be <stdio_put_string+0x62>
100045de:	464b      	mov	r3, r9
100045e0:	2b00      	cmp	r3, #0
100045e2:	d123      	bne.n	1000462c <stdio_put_string+0xd0>
100045e4:	0028      	movs	r0, r5
100045e6:	b002      	add	sp, #8
100045e8:	bce0      	pop	{r5, r6, r7}
100045ea:	46ba      	mov	sl, r7
100045ec:	46b1      	mov	r9, r6
100045ee:	46a8      	mov	r8, r5
100045f0:	bdf0      	pop	{r4, r5, r6, r7, pc}
100045f2:	4f16      	ldr	r7, [pc, #88]	@ (1000464c <stdio_put_string+0xf0>)
100045f4:	e7d6      	b.n	100045a4 <stdio_put_string+0x48>
100045f6:	4b14      	ldr	r3, [pc, #80]	@ (10004648 <stdio_put_string+0xec>)
100045f8:	4698      	mov	r8, r3
100045fa:	e002      	b.n	10004602 <stdio_put_string+0xa6>
100045fc:	6924      	ldr	r4, [r4, #16]
100045fe:	2c00      	cmp	r4, #0
10004600:	d0ed      	beq.n	100045de <stdio_put_string+0x82>
10004602:	6823      	ldr	r3, [r4, #0]
10004604:	2b00      	cmp	r3, #0
10004606:	d0f9      	beq.n	100045fc <stdio_put_string+0xa0>
10004608:	4643      	mov	r3, r8
1000460a:	681b      	ldr	r3, [r3, #0]
1000460c:	2b00      	cmp	r3, #0
1000460e:	d001      	beq.n	10004614 <stdio_put_string+0xb8>
10004610:	42a3      	cmp	r3, r4
10004612:	d1f3      	bne.n	100045fc <stdio_put_string+0xa0>
10004614:	002a      	movs	r2, r5
10004616:	0031      	movs	r1, r6
10004618:	0020      	movs	r0, r4
1000461a:	47b8      	blx	r7
1000461c:	466b      	mov	r3, sp
1000461e:	220a      	movs	r2, #10
10004620:	0020      	movs	r0, r4
10004622:	71da      	strb	r2, [r3, #7]
10004624:	1dd9      	adds	r1, r3, #7
10004626:	3a09      	subs	r2, #9
10004628:	47b8      	blx	r7
1000462a:	e7e7      	b.n	100045fc <stdio_put_string+0xa0>
1000462c:	4650      	mov	r0, sl
1000462e:	f002 ffb3 	bl	10007598 <__mutex_exit_veneer>
10004632:	e7d7      	b.n	100045e4 <stdio_put_string+0x88>
10004634:	000f4240 	.word	0x000f4240
10004638:	7fffffff 	.word	0x7fffffff
1000463c:	20001090 	.word	0x20001090
10004640:	10004475 	.word	0x10004475
10004644:	20001a58 	.word	0x20001a58
10004648:	20001a60 	.word	0x20001a60
1000464c:	10004465 	.word	0x10004465

10004650 <stdio_set_driver_enabled>:
10004650:	4a0a      	ldr	r2, [pc, #40]	@ (1000467c <stdio_set_driver_enabled+0x2c>)
10004652:	6813      	ldr	r3, [r2, #0]
10004654:	2b00      	cmp	r3, #0
10004656:	d105      	bne.n	10004664 <stdio_set_driver_enabled+0x14>
10004658:	e00c      	b.n	10004674 <stdio_set_driver_enabled+0x24>
1000465a:	001a      	movs	r2, r3
1000465c:	691b      	ldr	r3, [r3, #16]
1000465e:	3210      	adds	r2, #16
10004660:	2b00      	cmp	r3, #0
10004662:	d007      	beq.n	10004674 <stdio_set_driver_enabled+0x24>
10004664:	4283      	cmp	r3, r0
10004666:	d1f8      	bne.n	1000465a <stdio_set_driver_enabled+0xa>
10004668:	2900      	cmp	r1, #0
1000466a:	d102      	bne.n	10004672 <stdio_set_driver_enabled+0x22>
1000466c:	6918      	ldr	r0, [r3, #16]
1000466e:	6010      	str	r0, [r2, #0]
10004670:	6119      	str	r1, [r3, #16]
10004672:	4770      	bx	lr
10004674:	2900      	cmp	r1, #0
10004676:	d0fc      	beq.n	10004672 <stdio_set_driver_enabled+0x22>
10004678:	6010      	str	r0, [r2, #0]
1000467a:	e7fa      	b.n	10004672 <stdio_set_driver_enabled+0x22>
1000467c:	20001a58 	.word	0x20001a58

10004680 <stdio_init_all>:
10004680:	b510      	push	{r4, lr}
10004682:	f000 f9a9 	bl	100049d8 <stdio_uart_init>
10004686:	f000 fb5d 	bl	10004d44 <stdio_usb_init>
1000468a:	2001      	movs	r0, #1
1000468c:	bd10      	pop	{r4, pc}
1000468e:	46c0      	nop			@ (mov r8, r8)

10004690 <__wrap_putchar>:
10004690:	b5f0      	push	{r4, r5, r6, r7, lr}
10004692:	46ce      	mov	lr, r9
10004694:	4647      	mov	r7, r8
10004696:	b580      	push	{r7, lr}
10004698:	b083      	sub	sp, #12
1000469a:	466b      	mov	r3, sp
1000469c:	0006      	movs	r6, r0
1000469e:	1ddd      	adds	r5, r3, #7
100046a0:	7028      	strb	r0, [r5, #0]
100046a2:	f7fd f841 	bl	10001728 <time_us_64>
100046a6:	2300      	movs	r3, #0
100046a8:	4a19      	ldr	r2, [pc, #100]	@ (10004710 <__wrap_putchar+0x80>)
100046aa:	1812      	adds	r2, r2, r0
100046ac:	414b      	adcs	r3, r1
100046ae:	2b00      	cmp	r3, #0
100046b0:	da02      	bge.n	100046b8 <__wrap_putchar+0x28>
100046b2:	2201      	movs	r2, #1
100046b4:	4b17      	ldr	r3, [pc, #92]	@ (10004714 <__wrap_putchar+0x84>)
100046b6:	4252      	negs	r2, r2
100046b8:	4917      	ldr	r1, [pc, #92]	@ (10004718 <__wrap_putchar+0x88>)
100046ba:	0008      	movs	r0, r1
100046bc:	4689      	mov	r9, r1
100046be:	f002 ff63 	bl	10007588 <__mutex_try_enter_block_until_veneer>
100046c2:	4b16      	ldr	r3, [pc, #88]	@ (1000471c <__wrap_putchar+0x8c>)
100046c4:	4680      	mov	r8, r0
100046c6:	681c      	ldr	r4, [r3, #0]
100046c8:	2c00      	cmp	r4, #0
100046ca:	d014      	beq.n	100046f6 <__wrap_putchar+0x66>
100046cc:	4f14      	ldr	r7, [pc, #80]	@ (10004720 <__wrap_putchar+0x90>)
100046ce:	e002      	b.n	100046d6 <__wrap_putchar+0x46>
100046d0:	6924      	ldr	r4, [r4, #16]
100046d2:	2c00      	cmp	r4, #0
100046d4:	d00f      	beq.n	100046f6 <__wrap_putchar+0x66>
100046d6:	6823      	ldr	r3, [r4, #0]
100046d8:	2b00      	cmp	r3, #0
100046da:	d0f9      	beq.n	100046d0 <__wrap_putchar+0x40>
100046dc:	683b      	ldr	r3, [r7, #0]
100046de:	2b00      	cmp	r3, #0
100046e0:	d001      	beq.n	100046e6 <__wrap_putchar+0x56>
100046e2:	429c      	cmp	r4, r3
100046e4:	d1f4      	bne.n	100046d0 <__wrap_putchar+0x40>
100046e6:	0020      	movs	r0, r4
100046e8:	2201      	movs	r2, #1
100046ea:	0029      	movs	r1, r5
100046ec:	f7ff fec2 	bl	10004474 <stdio_out_chars_crlf>
100046f0:	6924      	ldr	r4, [r4, #16]
100046f2:	2c00      	cmp	r4, #0
100046f4:	d1ef      	bne.n	100046d6 <__wrap_putchar+0x46>
100046f6:	4643      	mov	r3, r8
100046f8:	2b00      	cmp	r3, #0
100046fa:	d105      	bne.n	10004708 <__wrap_putchar+0x78>
100046fc:	0030      	movs	r0, r6
100046fe:	b003      	add	sp, #12
10004700:	bcc0      	pop	{r6, r7}
10004702:	46b9      	mov	r9, r7
10004704:	46b0      	mov	r8, r6
10004706:	bdf0      	pop	{r4, r5, r6, r7, pc}
10004708:	4648      	mov	r0, r9
1000470a:	f002 ff45 	bl	10007598 <__mutex_exit_veneer>
1000470e:	e7f5      	b.n	100046fc <__wrap_putchar+0x6c>
10004710:	000f4240 	.word	0x000f4240
10004714:	7fffffff 	.word	0x7fffffff
10004718:	20001090 	.word	0x20001090
1000471c:	20001a58 	.word	0x20001a58
10004720:	20001a60 	.word	0x20001a60

10004724 <__wrap_puts>:
10004724:	b570      	push	{r4, r5, r6, lr}
10004726:	0004      	movs	r4, r0
10004728:	f002 fede 	bl	100074e8 <strlen>
1000472c:	2301      	movs	r3, #1
1000472e:	0001      	movs	r1, r0
10004730:	0005      	movs	r5, r0
10004732:	2201      	movs	r2, #1
10004734:	0020      	movs	r0, r4
10004736:	f7ff ff11 	bl	1000455c <stdio_put_string>
1000473a:	4b08      	ldr	r3, [pc, #32]	@ (1000475c <__wrap_puts+0x38>)
1000473c:	681c      	ldr	r4, [r3, #0]
1000473e:	2c00      	cmp	r4, #0
10004740:	d006      	beq.n	10004750 <__wrap_puts+0x2c>
10004742:	6863      	ldr	r3, [r4, #4]
10004744:	2b00      	cmp	r3, #0
10004746:	d005      	beq.n	10004754 <__wrap_puts+0x30>
10004748:	4798      	blx	r3
1000474a:	6924      	ldr	r4, [r4, #16]
1000474c:	2c00      	cmp	r4, #0
1000474e:	d1f8      	bne.n	10004742 <__wrap_puts+0x1e>
10004750:	0028      	movs	r0, r5
10004752:	bd70      	pop	{r4, r5, r6, pc}
10004754:	6924      	ldr	r4, [r4, #16]
10004756:	2c00      	cmp	r4, #0
10004758:	d1f3      	bne.n	10004742 <__wrap_puts+0x1e>
1000475a:	e7f9      	b.n	10004750 <__wrap_puts+0x2c>
1000475c:	20001a58 	.word	0x20001a58

10004760 <__wrap_vprintf>:
10004760:	b5f0      	push	{r4, r5, r6, r7, lr}
10004762:	46ce      	mov	lr, r9
10004764:	4647      	mov	r7, r8
10004766:	b580      	push	{r7, lr}
10004768:	b0a3      	sub	sp, #140	@ 0x8c
1000476a:	0004      	movs	r4, r0
1000476c:	000e      	movs	r6, r1
1000476e:	f7fc ffdb 	bl	10001728 <time_us_64>
10004772:	2300      	movs	r3, #0
10004774:	4a26      	ldr	r2, [pc, #152]	@ (10004810 <__wrap_vprintf+0xb0>)
10004776:	1812      	adds	r2, r2, r0
10004778:	414b      	adcs	r3, r1
1000477a:	2b00      	cmp	r3, #0
1000477c:	da02      	bge.n	10004784 <__wrap_vprintf+0x24>
1000477e:	2201      	movs	r2, #1
10004780:	4b24      	ldr	r3, [pc, #144]	@ (10004814 <__wrap_vprintf+0xb4>)
10004782:	4252      	negs	r2, r2
10004784:	4824      	ldr	r0, [pc, #144]	@ (10004818 <__wrap_vprintf+0xb8>)
10004786:	f002 feff 	bl	10007588 <__mutex_try_enter_block_until_veneer>
1000478a:	2300      	movs	r3, #0
1000478c:	0022      	movs	r2, r4
1000478e:	9301      	str	r3, [sp, #4]
10004790:	4680      	mov	r8, r0
10004792:	0033      	movs	r3, r6
10004794:	4821      	ldr	r0, [pc, #132]	@ (1000481c <__wrap_vprintf+0xbc>)
10004796:	a901      	add	r1, sp, #4
10004798:	f7ff fe1e 	bl	100043d8 <vfctprintf>
1000479c:	4f20      	ldr	r7, [pc, #128]	@ (10004820 <__wrap_vprintf+0xc0>)
1000479e:	9b01      	ldr	r3, [sp, #4]
100047a0:	4681      	mov	r9, r0
100047a2:	683c      	ldr	r4, [r7, #0]
100047a4:	2b00      	cmp	r3, #0
100047a6:	d019      	beq.n	100047dc <__wrap_vprintf+0x7c>
100047a8:	2c00      	cmp	r4, #0
100047aa:	d02f      	beq.n	1000480c <__wrap_vprintf+0xac>
100047ac:	4e1d      	ldr	r6, [pc, #116]	@ (10004824 <__wrap_vprintf+0xc4>)
100047ae:	e002      	b.n	100047b6 <__wrap_vprintf+0x56>
100047b0:	6924      	ldr	r4, [r4, #16]
100047b2:	2c00      	cmp	r4, #0
100047b4:	d00f      	beq.n	100047d6 <__wrap_vprintf+0x76>
100047b6:	6823      	ldr	r3, [r4, #0]
100047b8:	2b00      	cmp	r3, #0
100047ba:	d0f9      	beq.n	100047b0 <__wrap_vprintf+0x50>
100047bc:	6833      	ldr	r3, [r6, #0]
100047be:	2b00      	cmp	r3, #0
100047c0:	d001      	beq.n	100047c6 <__wrap_vprintf+0x66>
100047c2:	42a3      	cmp	r3, r4
100047c4:	d1f4      	bne.n	100047b0 <__wrap_vprintf+0x50>
100047c6:	0020      	movs	r0, r4
100047c8:	9a01      	ldr	r2, [sp, #4]
100047ca:	a902      	add	r1, sp, #8
100047cc:	f7ff fe52 	bl	10004474 <stdio_out_chars_crlf>
100047d0:	6924      	ldr	r4, [r4, #16]
100047d2:	2c00      	cmp	r4, #0
100047d4:	d1ef      	bne.n	100047b6 <__wrap_vprintf+0x56>
100047d6:	2300      	movs	r3, #0
100047d8:	683c      	ldr	r4, [r7, #0]
100047da:	9301      	str	r3, [sp, #4]
100047dc:	2c00      	cmp	r4, #0
100047de:	d006      	beq.n	100047ee <__wrap_vprintf+0x8e>
100047e0:	6863      	ldr	r3, [r4, #4]
100047e2:	2b00      	cmp	r3, #0
100047e4:	d00c      	beq.n	10004800 <__wrap_vprintf+0xa0>
100047e6:	4798      	blx	r3
100047e8:	6924      	ldr	r4, [r4, #16]
100047ea:	2c00      	cmp	r4, #0
100047ec:	d1f8      	bne.n	100047e0 <__wrap_vprintf+0x80>
100047ee:	4643      	mov	r3, r8
100047f0:	2b00      	cmp	r3, #0
100047f2:	d107      	bne.n	10004804 <__wrap_vprintf+0xa4>
100047f4:	4648      	mov	r0, r9
100047f6:	b023      	add	sp, #140	@ 0x8c
100047f8:	bcc0      	pop	{r6, r7}
100047fa:	46b9      	mov	r9, r7
100047fc:	46b0      	mov	r8, r6
100047fe:	bdf0      	pop	{r4, r5, r6, r7, pc}
10004800:	6924      	ldr	r4, [r4, #16]
10004802:	e7eb      	b.n	100047dc <__wrap_vprintf+0x7c>
10004804:	4804      	ldr	r0, [pc, #16]	@ (10004818 <__wrap_vprintf+0xb8>)
10004806:	f002 fec7 	bl	10007598 <__mutex_exit_veneer>
1000480a:	e7f3      	b.n	100047f4 <__wrap_vprintf+0x94>
1000480c:	9401      	str	r4, [sp, #4]
1000480e:	e7ee      	b.n	100047ee <__wrap_vprintf+0x8e>
10004810:	000f4240 	.word	0x000f4240
10004814:	7fffffff 	.word	0x7fffffff
10004818:	20001090 	.word	0x20001090
1000481c:	10004505 	.word	0x10004505
10004820:	20001a58 	.word	0x20001a58
10004824:	20001a60 	.word	0x20001a60

10004828 <__wrap_printf>:
10004828:	b40f      	push	{r0, r1, r2, r3}
1000482a:	b500      	push	{lr}
1000482c:	b083      	sub	sp, #12
1000482e:	a904      	add	r1, sp, #16
10004830:	c901      	ldmia	r1!, {r0}
10004832:	9101      	str	r1, [sp, #4]
10004834:	f7ff ff94 	bl	10004760 <__wrap_vprintf>
10004838:	b003      	add	sp, #12
1000483a:	bc08      	pop	{r3}
1000483c:	b004      	add	sp, #16
1000483e:	4718      	bx	r3

10004840 <stdio_uart_out_chars>:
10004840:	b5f0      	push	{r4, r5, r6, r7, lr}
10004842:	2900      	cmp	r1, #0
10004844:	dd15      	ble.n	10004872 <stdio_uart_out_chars+0x32>
10004846:	4b0e      	ldr	r3, [pc, #56]	@ (10004880 <stdio_uart_out_chars+0x40>)
10004848:	270d      	movs	r7, #13
1000484a:	681a      	ldr	r2, [r3, #0]
1000484c:	4b0d      	ldr	r3, [pc, #52]	@ (10004884 <stdio_uart_out_chars+0x44>)
1000484e:	4c0e      	ldr	r4, [pc, #56]	@ (10004888 <stdio_uart_out_chars+0x48>)
10004850:	18d3      	adds	r3, r2, r3
10004852:	425d      	negs	r5, r3
10004854:	416b      	adcs	r3, r5
10004856:	1845      	adds	r5, r0, r1
10004858:	2120      	movs	r1, #32
1000485a:	005b      	lsls	r3, r3, #1
1000485c:	5f1e      	ldrsh	r6, [r3, r4]
1000485e:	7804      	ldrb	r4, [r0, #0]
10004860:	42a6      	cmp	r6, r4
10004862:	d007      	beq.n	10004874 <stdio_uart_out_chars+0x34>
10004864:	6993      	ldr	r3, [r2, #24]
10004866:	4219      	tst	r1, r3
10004868:	d1fc      	bne.n	10004864 <stdio_uart_out_chars+0x24>
1000486a:	3001      	adds	r0, #1
1000486c:	6014      	str	r4, [r2, #0]
1000486e:	42a8      	cmp	r0, r5
10004870:	d1f5      	bne.n	1000485e <stdio_uart_out_chars+0x1e>
10004872:	bdf0      	pop	{r4, r5, r6, r7, pc}
10004874:	6993      	ldr	r3, [r2, #24]
10004876:	4219      	tst	r1, r3
10004878:	d1fc      	bne.n	10004874 <stdio_uart_out_chars+0x34>
1000487a:	6017      	str	r7, [r2, #0]
1000487c:	e7f2      	b.n	10004864 <stdio_uart_out_chars+0x24>
1000487e:	46c0      	nop			@ (mov r8, r8)
10004880:	20001eac 	.word	0x20001eac
10004884:	bffc8000 	.word	0xbffc8000
10004888:	20001ea8 	.word	0x20001ea8

1000488c <stdio_uart_in_chars>:
1000488c:	4b1f      	ldr	r3, [pc, #124]	@ (1000490c <stdio_uart_in_chars+0x80>)
1000488e:	b530      	push	{r4, r5, lr}
10004890:	681b      	ldr	r3, [r3, #0]
10004892:	1e0d      	subs	r5, r1, #0
10004894:	469c      	mov	ip, r3
10004896:	dd2a      	ble.n	100048ee <stdio_uart_in_chars+0x62>
10004898:	1e44      	subs	r4, r0, #1
1000489a:	2110      	movs	r1, #16
1000489c:	2000      	movs	r0, #0
1000489e:	4b1c      	ldr	r3, [pc, #112]	@ (10004910 <stdio_uart_in_chars+0x84>)
100048a0:	681a      	ldr	r2, [r3, #0]
100048a2:	6993      	ldr	r3, [r2, #24]
100048a4:	4219      	tst	r1, r3
100048a6:	d114      	bne.n	100048d2 <stdio_uart_in_chars+0x46>
100048a8:	3001      	adds	r0, #1
100048aa:	6993      	ldr	r3, [r2, #24]
100048ac:	4219      	tst	r1, r3
100048ae:	d1fc      	bne.n	100048aa <stdio_uart_in_chars+0x1e>
100048b0:	6813      	ldr	r3, [r2, #0]
100048b2:	5423      	strb	r3, [r4, r0]
100048b4:	4285      	cmp	r5, r0
100048b6:	d1f4      	bne.n	100048a2 <stdio_uart_in_chars+0x16>
100048b8:	4663      	mov	r3, ip
100048ba:	2b00      	cmp	r3, #0
100048bc:	d007      	beq.n	100048ce <stdio_uart_in_chars+0x42>
100048be:	2350      	movs	r3, #80	@ 0x50
100048c0:	6393      	str	r3, [r2, #56]	@ 0x38
100048c2:	6b51      	ldr	r1, [r2, #52]	@ 0x34
100048c4:	3b18      	subs	r3, #24
100048c6:	400b      	ands	r3, r1
100048c8:	4912      	ldr	r1, [pc, #72]	@ (10004914 <stdio_uart_in_chars+0x88>)
100048ca:	1852      	adds	r2, r2, r1
100048cc:	6013      	str	r3, [r2, #0]
100048ce:	0028      	movs	r0, r5
100048d0:	bd30      	pop	{r4, r5, pc}
100048d2:	4663      	mov	r3, ip
100048d4:	2b00      	cmp	r3, #0
100048d6:	d007      	beq.n	100048e8 <stdio_uart_in_chars+0x5c>
100048d8:	2350      	movs	r3, #80	@ 0x50
100048da:	6393      	str	r3, [r2, #56]	@ 0x38
100048dc:	6b51      	ldr	r1, [r2, #52]	@ 0x34
100048de:	3b18      	subs	r3, #24
100048e0:	400b      	ands	r3, r1
100048e2:	490c      	ldr	r1, [pc, #48]	@ (10004914 <stdio_uart_in_chars+0x88>)
100048e4:	1852      	adds	r2, r2, r1
100048e6:	6013      	str	r3, [r2, #0]
100048e8:	2800      	cmp	r0, #0
100048ea:	d1f1      	bne.n	100048d0 <stdio_uart_in_chars+0x44>
100048ec:	e00b      	b.n	10004906 <stdio_uart_in_chars+0x7a>
100048ee:	2b00      	cmp	r3, #0
100048f0:	d009      	beq.n	10004906 <stdio_uart_in_chars+0x7a>
100048f2:	2250      	movs	r2, #80	@ 0x50
100048f4:	4b06      	ldr	r3, [pc, #24]	@ (10004910 <stdio_uart_in_chars+0x84>)
100048f6:	681b      	ldr	r3, [r3, #0]
100048f8:	639a      	str	r2, [r3, #56]	@ 0x38
100048fa:	6b59      	ldr	r1, [r3, #52]	@ 0x34
100048fc:	3a18      	subs	r2, #24
100048fe:	400a      	ands	r2, r1
10004900:	4904      	ldr	r1, [pc, #16]	@ (10004914 <stdio_uart_in_chars+0x88>)
10004902:	185b      	adds	r3, r3, r1
10004904:	601a      	str	r2, [r3, #0]
10004906:	2003      	movs	r0, #3
10004908:	4240      	negs	r0, r0
1000490a:	e7e1      	b.n	100048d0 <stdio_uart_in_chars+0x44>
1000490c:	200019f0 	.word	0x200019f0
10004910:	20001eac 	.word	0x20001eac
10004914:	00001034 	.word	0x00001034

10004918 <on_uart_rx>:
10004918:	4b06      	ldr	r3, [pc, #24]	@ (10004934 <on_uart_rx+0x1c>)
1000491a:	b510      	push	{r4, lr}
1000491c:	681b      	ldr	r3, [r3, #0]
1000491e:	2b00      	cmp	r3, #0
10004920:	d006      	beq.n	10004930 <on_uart_rx+0x18>
10004922:	2100      	movs	r1, #0
10004924:	4a04      	ldr	r2, [pc, #16]	@ (10004938 <on_uart_rx+0x20>)
10004926:	6812      	ldr	r2, [r2, #0]
10004928:	6391      	str	r1, [r2, #56]	@ 0x38
1000492a:	4a04      	ldr	r2, [pc, #16]	@ (1000493c <on_uart_rx+0x24>)
1000492c:	6810      	ldr	r0, [r2, #0]
1000492e:	4798      	blx	r3
10004930:	bd10      	pop	{r4, pc}
10004932:	46c0      	nop			@ (mov r8, r8)
10004934:	200019f0 	.word	0x200019f0
10004938:	20001eac 	.word	0x20001eac
1000493c:	200019f8 	.word	0x200019f8

10004940 <stdio_uart_out_flush>:
10004940:	2208      	movs	r2, #8
10004942:	4b03      	ldr	r3, [pc, #12]	@ (10004950 <stdio_uart_out_flush+0x10>)
10004944:	6819      	ldr	r1, [r3, #0]
10004946:	698b      	ldr	r3, [r1, #24]
10004948:	421a      	tst	r2, r3
1000494a:	d1fc      	bne.n	10004946 <stdio_uart_out_flush+0x6>
1000494c:	4770      	bx	lr
1000494e:	46c0      	nop			@ (mov r8, r8)
10004950:	20001eac 	.word	0x20001eac

10004954 <stdio_uart_set_chars_available_callback>:
10004954:	b570      	push	{r4, r5, r6, lr}
10004956:	4e1a      	ldr	r6, [pc, #104]	@ (100049c0 <stdio_uart_set_chars_available_callback+0x6c>)
10004958:	4b1a      	ldr	r3, [pc, #104]	@ (100049c4 <stdio_uart_set_chars_available_callback+0x70>)
1000495a:	6832      	ldr	r2, [r6, #0]
1000495c:	0004      	movs	r4, r0
1000495e:	18d3      	adds	r3, r2, r3
10004960:	4258      	negs	r0, r3
10004962:	4143      	adcs	r3, r0
10004964:	4d18      	ldr	r5, [pc, #96]	@ (100049c8 <stdio_uart_set_chars_available_callback+0x74>)
10004966:	3314      	adds	r3, #20
10004968:	0018      	movs	r0, r3
1000496a:	682b      	ldr	r3, [r5, #0]
1000496c:	2c00      	cmp	r4, #0
1000496e:	d002      	beq.n	10004976 <stdio_uart_set_chars_available_callback+0x22>
10004970:	2b00      	cmp	r3, #0
10004972:	d00f      	beq.n	10004994 <stdio_uart_set_chars_available_callback+0x40>
10004974:	bd70      	pop	{r4, r5, r6, pc}
10004976:	2b00      	cmp	r3, #0
10004978:	d0fc      	beq.n	10004974 <stdio_uart_set_chars_available_callback+0x20>
1000497a:	0006      	movs	r6, r0
1000497c:	2100      	movs	r1, #0
1000497e:	6394      	str	r4, [r2, #56]	@ 0x38
10004980:	f7fb ffde 	bl	10000940 <irq_set_enabled>
10004984:	0030      	movs	r0, r6
10004986:	4911      	ldr	r1, [pc, #68]	@ (100049cc <stdio_uart_set_chars_available_callback+0x78>)
10004988:	f7fc f918 	bl	10000bbc <irq_remove_handler>
1000498c:	4b10      	ldr	r3, [pc, #64]	@ (100049d0 <stdio_uart_set_chars_available_callback+0x7c>)
1000498e:	602c      	str	r4, [r5, #0]
10004990:	601c      	str	r4, [r3, #0]
10004992:	e7ef      	b.n	10004974 <stdio_uart_set_chars_available_callback+0x20>
10004994:	602c      	str	r4, [r5, #0]
10004996:	0004      	movs	r4, r0
10004998:	4b0d      	ldr	r3, [pc, #52]	@ (100049d0 <stdio_uart_set_chars_available_callback+0x7c>)
1000499a:	6019      	str	r1, [r3, #0]
1000499c:	490b      	ldr	r1, [pc, #44]	@ (100049cc <stdio_uart_set_chars_available_callback+0x78>)
1000499e:	f7fc f807 	bl	100009b0 <irq_set_exclusive_handler>
100049a2:	2101      	movs	r1, #1
100049a4:	0020      	movs	r0, r4
100049a6:	f7fb ffcb 	bl	10000940 <irq_set_enabled>
100049aa:	2250      	movs	r2, #80	@ 0x50
100049ac:	6833      	ldr	r3, [r6, #0]
100049ae:	639a      	str	r2, [r3, #56]	@ 0x38
100049b0:	6b59      	ldr	r1, [r3, #52]	@ 0x34
100049b2:	3a18      	subs	r2, #24
100049b4:	400a      	ands	r2, r1
100049b6:	4907      	ldr	r1, [pc, #28]	@ (100049d4 <stdio_uart_set_chars_available_callback+0x80>)
100049b8:	185b      	adds	r3, r3, r1
100049ba:	601a      	str	r2, [r3, #0]
100049bc:	e7da      	b.n	10004974 <stdio_uart_set_chars_available_callback+0x20>
100049be:	46c0      	nop			@ (mov r8, r8)
100049c0:	20001eac 	.word	0x20001eac
100049c4:	bffc8000 	.word	0xbffc8000
100049c8:	200019f0 	.word	0x200019f0
100049cc:	10004919 	.word	0x10004919
100049d0:	200019f8 	.word	0x200019f8
100049d4:	00001034 	.word	0x00001034

100049d8 <stdio_uart_init>:
100049d8:	4b0d      	ldr	r3, [pc, #52]	@ (10004a10 <stdio_uart_init+0x38>)
100049da:	b510      	push	{r4, lr}
100049dc:	781b      	ldrb	r3, [r3, #0]
100049de:	4b0d      	ldr	r3, [pc, #52]	@ (10004a14 <stdio_uart_init+0x3c>)
100049e0:	4c0d      	ldr	r4, [pc, #52]	@ (10004a18 <stdio_uart_init+0x40>)
100049e2:	781b      	ldrb	r3, [r3, #0]
100049e4:	4b0d      	ldr	r3, [pc, #52]	@ (10004a1c <stdio_uart_init+0x44>)
100049e6:	2102      	movs	r1, #2
100049e8:	781b      	ldrb	r3, [r3, #0]
100049ea:	4b0d      	ldr	r3, [pc, #52]	@ (10004a20 <stdio_uart_init+0x48>)
100049ec:	2000      	movs	r0, #0
100049ee:	6023      	str	r3, [r4, #0]
100049f0:	f7fb fe86 	bl	10000700 <gpio_set_function>
100049f4:	2102      	movs	r1, #2
100049f6:	2001      	movs	r0, #1
100049f8:	f7fb fe82 	bl	10000700 <gpio_set_function>
100049fc:	21e1      	movs	r1, #225	@ 0xe1
100049fe:	6820      	ldr	r0, [r4, #0]
10004a00:	0249      	lsls	r1, r1, #9
10004a02:	f7fc fee1 	bl	100017c8 <uart_init>
10004a06:	2101      	movs	r1, #1
10004a08:	4806      	ldr	r0, [pc, #24]	@ (10004a24 <stdio_uart_init+0x4c>)
10004a0a:	f7ff fe21 	bl	10004650 <stdio_set_driver_enabled>
10004a0e:	bd10      	pop	{r4, pc}
10004a10:	10007f40 	.word	0x10007f40
10004a14:	10007f3c 	.word	0x10007f3c
10004a18:	20001eac 	.word	0x20001eac
10004a1c:	10007f38 	.word	0x10007f38
10004a20:	40034000 	.word	0x40034000
10004a24:	20001030 	.word	0x20001030

10004a28 <stdio_usb_set_chars_available_callback>:
10004a28:	4b02      	ldr	r3, [pc, #8]	@ (10004a34 <stdio_usb_set_chars_available_callback+0xc>)
10004a2a:	6018      	str	r0, [r3, #0]
10004a2c:	4b02      	ldr	r3, [pc, #8]	@ (10004a38 <stdio_usb_set_chars_available_callback+0x10>)
10004a2e:	6019      	str	r1, [r3, #0]
10004a30:	4770      	bx	lr
10004a32:	46c0      	nop			@ (mov r8, r8)
10004a34:	200019f4 	.word	0x200019f4
10004a38:	200019fc 	.word	0x200019fc

10004a3c <usb_irq>:
10004a3c:	b510      	push	{r4, lr}
10004a3e:	4b02      	ldr	r3, [pc, #8]	@ (10004a48 <usb_irq+0xc>)
10004a40:	7818      	ldrb	r0, [r3, #0]
10004a42:	f7fb ff9b 	bl	1000097c <irq_set_pending>
10004a46:	bd10      	pop	{r4, pc}
10004a48:	20001ec7 	.word	0x20001ec7

10004a4c <timer_task>:
10004a4c:	4b15      	ldr	r3, [pc, #84]	@ (10004aa4 <timer_task+0x58>)
10004a4e:	b570      	push	{r4, r5, r6, lr}
10004a50:	681a      	ldr	r2, [r3, #0]
10004a52:	2a00      	cmp	r2, #0
10004a54:	d022      	beq.n	10004a9c <timer_task+0x50>
10004a56:	f3ef 8110 	mrs	r1, PRIMASK
10004a5a:	b672      	cpsid	i
10004a5c:	6810      	ldr	r0, [r2, #0]
10004a5e:	2800      	cmp	r0, #0
10004a60:	d0fc      	beq.n	10004a5c <timer_task+0x10>
10004a62:	f3bf 8f5f 	dmb	sy
10004a66:	2000      	movs	r0, #0
10004a68:	4a0f      	ldr	r2, [pc, #60]	@ (10004aa8 <timer_task+0x5c>)
10004a6a:	6059      	str	r1, [r3, #4]
10004a6c:	7010      	strb	r0, [r2, #0]
10004a6e:	681b      	ldr	r3, [r3, #0]
10004a70:	f3bf 8f5f 	dmb	sy
10004a74:	6018      	str	r0, [r3, #0]
10004a76:	f381 8810 	msr	PRIMASK, r1
10004a7a:	2400      	movs	r4, #0
10004a7c:	2500      	movs	r5, #0
10004a7e:	4e0b      	ldr	r6, [pc, #44]	@ (10004aac <timer_task+0x60>)
10004a80:	7830      	ldrb	r0, [r6, #0]
10004a82:	f7fb ff6f 	bl	10000964 <irq_is_enabled>
10004a86:	2800      	cmp	r0, #0
10004a88:	d104      	bne.n	10004a94 <timer_task+0x48>
10004a8a:	2400      	movs	r4, #0
10004a8c:	2500      	movs	r5, #0
10004a8e:	0029      	movs	r1, r5
10004a90:	0020      	movs	r0, r4
10004a92:	bd70      	pop	{r4, r5, r6, pc}
10004a94:	7830      	ldrb	r0, [r6, #0]
10004a96:	f7fb ff71 	bl	1000097c <irq_set_pending>
10004a9a:	e7f8      	b.n	10004a8e <timer_task+0x42>
10004a9c:	24fa      	movs	r4, #250	@ 0xfa
10004a9e:	2500      	movs	r5, #0
10004aa0:	00a4      	lsls	r4, r4, #2
10004aa2:	e7ec      	b.n	10004a7e <timer_task+0x32>
10004aa4:	20001e74 	.word	0x20001e74
10004aa8:	20001ec8 	.word	0x20001ec8
10004aac:	20001ec7 	.word	0x20001ec7

10004ab0 <stdio_usb_in_chars>:
10004ab0:	b570      	push	{r4, r5, r6, lr}
10004ab2:	0005      	movs	r5, r0
10004ab4:	2000      	movs	r0, #0
10004ab6:	000e      	movs	r6, r1
10004ab8:	f001 fb78 	bl	100061ac <tud_cdc_n_connected>
10004abc:	2800      	cmp	r0, #0
10004abe:	d034      	beq.n	10004b2a <stdio_usb_in_chars+0x7a>
10004ac0:	2000      	movs	r0, #0
10004ac2:	f001 fb89 	bl	100061d8 <tud_cdc_n_available>
10004ac6:	2800      	cmp	r0, #0
10004ac8:	d02f      	beq.n	10004b2a <stdio_usb_in_chars+0x7a>
10004aca:	f7fc fe2d 	bl	10001728 <time_us_64>
10004ace:	2300      	movs	r3, #0
10004ad0:	4a17      	ldr	r2, [pc, #92]	@ (10004b30 <stdio_usb_in_chars+0x80>)
10004ad2:	1812      	adds	r2, r2, r0
10004ad4:	414b      	adcs	r3, r1
10004ad6:	2b00      	cmp	r3, #0
10004ad8:	db16      	blt.n	10004b08 <stdio_usb_in_chars+0x58>
10004ada:	4c16      	ldr	r4, [pc, #88]	@ (10004b34 <stdio_usb_in_chars+0x84>)
10004adc:	0020      	movs	r0, r4
10004ade:	f002 fd53 	bl	10007588 <__mutex_try_enter_block_until_veneer>
10004ae2:	2800      	cmp	r0, #0
10004ae4:	d021      	beq.n	10004b2a <stdio_usb_in_chars+0x7a>
10004ae6:	2000      	movs	r0, #0
10004ae8:	f001 fb60 	bl	100061ac <tud_cdc_n_connected>
10004aec:	2800      	cmp	r0, #0
10004aee:	d10f      	bne.n	10004b10 <stdio_usb_in_chars+0x60>
10004af0:	2001      	movs	r0, #1
10004af2:	2100      	movs	r1, #0
10004af4:	4240      	negs	r0, r0
10004af6:	f000 fd89 	bl	1000560c <tud_task_ext>
10004afa:	2503      	movs	r5, #3
10004afc:	426d      	negs	r5, r5
10004afe:	0020      	movs	r0, r4
10004b00:	f002 fd4a 	bl	10007598 <__mutex_exit_veneer>
10004b04:	0028      	movs	r0, r5
10004b06:	bd70      	pop	{r4, r5, r6, pc}
10004b08:	2201      	movs	r2, #1
10004b0a:	4b0b      	ldr	r3, [pc, #44]	@ (10004b38 <stdio_usb_in_chars+0x88>)
10004b0c:	4252      	negs	r2, r2
10004b0e:	e7e4      	b.n	10004ada <stdio_usb_in_chars+0x2a>
10004b10:	2000      	movs	r0, #0
10004b12:	f001 fb61 	bl	100061d8 <tud_cdc_n_available>
10004b16:	2800      	cmp	r0, #0
10004b18:	d0ea      	beq.n	10004af0 <stdio_usb_in_chars+0x40>
10004b1a:	0029      	movs	r1, r5
10004b1c:	0032      	movs	r2, r6
10004b1e:	2000      	movs	r0, #0
10004b20:	f001 fb64 	bl	100061ec <tud_cdc_n_read>
10004b24:	1e05      	subs	r5, r0, #0
10004b26:	d1ea      	bne.n	10004afe <stdio_usb_in_chars+0x4e>
10004b28:	e7e7      	b.n	10004afa <stdio_usb_in_chars+0x4a>
10004b2a:	2503      	movs	r5, #3
10004b2c:	426d      	negs	r5, r5
10004b2e:	e7e9      	b.n	10004b04 <stdio_usb_in_chars+0x54>
10004b30:	000f4240 	.word	0x000f4240
10004b34:	20001ea0 	.word	0x20001ea0
10004b38:	7fffffff 	.word	0x7fffffff

10004b3c <stdio_usb_out_flush>:
10004b3c:	b510      	push	{r4, lr}
10004b3e:	f7fc fdf3 	bl	10001728 <time_us_64>
10004b42:	2300      	movs	r3, #0
10004b44:	4a0d      	ldr	r2, [pc, #52]	@ (10004b7c <stdio_usb_out_flush+0x40>)
10004b46:	1812      	adds	r2, r2, r0
10004b48:	414b      	adcs	r3, r1
10004b4a:	2b00      	cmp	r3, #0
10004b4c:	da02      	bge.n	10004b54 <stdio_usb_out_flush+0x18>
10004b4e:	2201      	movs	r2, #1
10004b50:	4b0b      	ldr	r3, [pc, #44]	@ (10004b80 <stdio_usb_out_flush+0x44>)
10004b52:	4252      	negs	r2, r2
10004b54:	480b      	ldr	r0, [pc, #44]	@ (10004b84 <stdio_usb_out_flush+0x48>)
10004b56:	f002 fd17 	bl	10007588 <__mutex_try_enter_block_until_veneer>
10004b5a:	2800      	cmp	r0, #0
10004b5c:	d00c      	beq.n	10004b78 <stdio_usb_out_flush+0x3c>
10004b5e:	2001      	movs	r0, #1
10004b60:	2100      	movs	r1, #0
10004b62:	4240      	negs	r0, r0
10004b64:	f000 fd52 	bl	1000560c <tud_task_ext>
10004b68:	2000      	movs	r0, #0
10004b6a:	f001 fb83 	bl	10006274 <tud_cdc_n_write_flush>
10004b6e:	2800      	cmp	r0, #0
10004b70:	d1f5      	bne.n	10004b5e <stdio_usb_out_flush+0x22>
10004b72:	4804      	ldr	r0, [pc, #16]	@ (10004b84 <stdio_usb_out_flush+0x48>)
10004b74:	f002 fd10 	bl	10007598 <__mutex_exit_veneer>
10004b78:	bd10      	pop	{r4, pc}
10004b7a:	46c0      	nop			@ (mov r8, r8)
10004b7c:	000f4240 	.word	0x000f4240
10004b80:	7fffffff 	.word	0x7fffffff
10004b84:	20001ea0 	.word	0x20001ea0

10004b88 <stdio_usb_out_chars>:
10004b88:	b5f8      	push	{r3, r4, r5, r6, r7, lr}
10004b8a:	46ce      	mov	lr, r9
10004b8c:	4647      	mov	r7, r8
10004b8e:	b580      	push	{r7, lr}
10004b90:	0005      	movs	r5, r0
10004b92:	000c      	movs	r4, r1
10004b94:	f7fc fdc8 	bl	10001728 <time_us_64>
10004b98:	2300      	movs	r3, #0
10004b9a:	4a34      	ldr	r2, [pc, #208]	@ (10004c6c <stdio_usb_out_chars+0xe4>)
10004b9c:	1812      	adds	r2, r2, r0
10004b9e:	414b      	adcs	r3, r1
10004ba0:	2b00      	cmp	r3, #0
10004ba2:	da02      	bge.n	10004baa <stdio_usb_out_chars+0x22>
10004ba4:	2201      	movs	r2, #1
10004ba6:	4b32      	ldr	r3, [pc, #200]	@ (10004c70 <stdio_usb_out_chars+0xe8>)
10004ba8:	4252      	negs	r2, r2
10004baa:	4932      	ldr	r1, [pc, #200]	@ (10004c74 <stdio_usb_out_chars+0xec>)
10004bac:	0008      	movs	r0, r1
10004bae:	4688      	mov	r8, r1
10004bb0:	f002 fcea 	bl	10007588 <__mutex_try_enter_block_until_veneer>
10004bb4:	2800      	cmp	r0, #0
10004bb6:	d103      	bne.n	10004bc0 <stdio_usb_out_chars+0x38>
10004bb8:	bcc0      	pop	{r6, r7}
10004bba:	46b9      	mov	r9, r7
10004bbc:	46b0      	mov	r8, r6
10004bbe:	bdf8      	pop	{r3, r4, r5, r6, r7, pc}
10004bc0:	2000      	movs	r0, #0
10004bc2:	f001 faf3 	bl	100061ac <tud_cdc_n_connected>
10004bc6:	2800      	cmp	r0, #0
10004bc8:	d048      	beq.n	10004c5c <stdio_usb_out_chars+0xd4>
10004bca:	2600      	movs	r6, #0
10004bcc:	2c00      	cmp	r4, #0
10004bce:	dd41      	ble.n	10004c54 <stdio_usb_out_chars+0xcc>
10004bd0:	4b29      	ldr	r3, [pc, #164]	@ (10004c78 <stdio_usb_out_chars+0xf0>)
10004bd2:	4699      	mov	r9, r3
10004bd4:	e013      	b.n	10004bfe <stdio_usb_out_chars+0x76>
10004bd6:	19a9      	adds	r1, r5, r6
10004bd8:	2000      	movs	r0, #0
10004bda:	f001 fb87 	bl	100062ec <tud_cdc_n_write>
10004bde:	0007      	movs	r7, r0
10004be0:	2001      	movs	r0, #1
10004be2:	2100      	movs	r1, #0
10004be4:	4240      	negs	r0, r0
10004be6:	f000 fd11 	bl	1000560c <tud_task_ext>
10004bea:	2000      	movs	r0, #0
10004bec:	f001 fb42 	bl	10006274 <tud_cdc_n_write_flush>
10004bf0:	f7fc fd9a 	bl	10001728 <time_us_64>
10004bf4:	4b20      	ldr	r3, [pc, #128]	@ (10004c78 <stdio_usb_out_chars+0xf0>)
10004bf6:	19f6      	adds	r6, r6, r7
10004bf8:	c303      	stmia	r3!, {r0, r1}
10004bfa:	42b4      	cmp	r4, r6
10004bfc:	dd2a      	ble.n	10004c54 <stdio_usb_out_chars+0xcc>
10004bfe:	2000      	movs	r0, #0
10004c00:	f001 fb94 	bl	1000632c <tud_cdc_n_write_available>
10004c04:	1ba7      	subs	r7, r4, r6
10004c06:	0002      	movs	r2, r0
10004c08:	42b8      	cmp	r0, r7
10004c0a:	dd00      	ble.n	10004c0e <stdio_usb_out_chars+0x86>
10004c0c:	003a      	movs	r2, r7
10004c0e:	2a00      	cmp	r2, #0
10004c10:	d1e1      	bne.n	10004bd6 <stdio_usb_out_chars+0x4e>
10004c12:	2001      	movs	r0, #1
10004c14:	2100      	movs	r1, #0
10004c16:	4240      	negs	r0, r0
10004c18:	f000 fcf8 	bl	1000560c <tud_task_ext>
10004c1c:	2000      	movs	r0, #0
10004c1e:	f001 fb29 	bl	10006274 <tud_cdc_n_write_flush>
10004c22:	2000      	movs	r0, #0
10004c24:	f001 fac2 	bl	100061ac <tud_cdc_n_connected>
10004c28:	2800      	cmp	r0, #0
10004c2a:	d013      	beq.n	10004c54 <stdio_usb_out_chars+0xcc>
10004c2c:	2000      	movs	r0, #0
10004c2e:	f001 fb7d 	bl	1000632c <tud_cdc_n_write_available>
10004c32:	2800      	cmp	r0, #0
10004c34:	d1e1      	bne.n	10004bfa <stdio_usb_out_chars+0x72>
10004c36:	f7fc fd77 	bl	10001728 <time_us_64>
10004c3a:	464b      	mov	r3, r9
10004c3c:	000f      	movs	r7, r1
10004c3e:	cb0c      	ldmia	r3, {r2, r3}
10004c40:	2100      	movs	r1, #0
10004c42:	4684      	mov	ip, r0
10004c44:	480d      	ldr	r0, [pc, #52]	@ (10004c7c <stdio_usb_out_chars+0xf4>)
10004c46:	1812      	adds	r2, r2, r0
10004c48:	414b      	adcs	r3, r1
10004c4a:	429f      	cmp	r7, r3
10004c4c:	d802      	bhi.n	10004c54 <stdio_usb_out_chars+0xcc>
10004c4e:	d1d4      	bne.n	10004bfa <stdio_usb_out_chars+0x72>
10004c50:	4594      	cmp	ip, r2
10004c52:	d9d2      	bls.n	10004bfa <stdio_usb_out_chars+0x72>
10004c54:	4640      	mov	r0, r8
10004c56:	f002 fc9f 	bl	10007598 <__mutex_exit_veneer>
10004c5a:	e7ad      	b.n	10004bb8 <stdio_usb_out_chars+0x30>
10004c5c:	2000      	movs	r0, #0
10004c5e:	2100      	movs	r1, #0
10004c60:	4b05      	ldr	r3, [pc, #20]	@ (10004c78 <stdio_usb_out_chars+0xf0>)
10004c62:	c303      	stmia	r3!, {r0, r1}
10004c64:	4640      	mov	r0, r8
10004c66:	f002 fc97 	bl	10007598 <__mutex_exit_veneer>
10004c6a:	e7a5      	b.n	10004bb8 <stdio_usb_out_chars+0x30>
10004c6c:	000f4240 	.word	0x000f4240
10004c70:	7fffffff 	.word	0x7fffffff
10004c74:	20001ea0 	.word	0x20001ea0
10004c78:	200012e0 	.word	0x200012e0
10004c7c:	0007a120 	.word	0x0007a120

10004c80 <low_priority_worker_irq>:
10004c80:	b530      	push	{r4, r5, lr}
10004c82:	2100      	movs	r1, #0
10004c84:	b085      	sub	sp, #20
10004c86:	4828      	ldr	r0, [pc, #160]	@ (10004d28 <low_priority_worker_irq+0xa8>)
10004c88:	f002 fc5e 	bl	10007548 <__mutex_try_enter_veneer>
10004c8c:	2800      	cmp	r0, #0
10004c8e:	d11c      	bne.n	10004cca <low_priority_worker_irq+0x4a>
10004c90:	4b26      	ldr	r3, [pc, #152]	@ (10004d2c <low_priority_worker_irq+0xac>)
10004c92:	681a      	ldr	r2, [r3, #0]
10004c94:	2a00      	cmp	r2, #0
10004c96:	d016      	beq.n	10004cc6 <low_priority_worker_irq+0x46>
10004c98:	f3ef 8110 	mrs	r1, PRIMASK
10004c9c:	b672      	cpsid	i
10004c9e:	6810      	ldr	r0, [r2, #0]
10004ca0:	2800      	cmp	r0, #0
10004ca2:	d0fc      	beq.n	10004c9e <low_priority_worker_irq+0x1e>
10004ca4:	f3bf 8f5f 	dmb	sy
10004ca8:	2401      	movs	r4, #1
10004caa:	4821      	ldr	r0, [pc, #132]	@ (10004d30 <low_priority_worker_irq+0xb0>)
10004cac:	6059      	str	r1, [r3, #4]
10004cae:	7802      	ldrb	r2, [r0, #0]
10004cb0:	681b      	ldr	r3, [r3, #0]
10004cb2:	b2d2      	uxtb	r2, r2
10004cb4:	7004      	strb	r4, [r0, #0]
10004cb6:	f3bf 8f5f 	dmb	sy
10004cba:	2000      	movs	r0, #0
10004cbc:	6018      	str	r0, [r3, #0]
10004cbe:	f381 8810 	msr	PRIMASK, r1
10004cc2:	2a00      	cmp	r2, #0
10004cc4:	d017      	beq.n	10004cf6 <low_priority_worker_irq+0x76>
10004cc6:	b005      	add	sp, #20
10004cc8:	bd30      	pop	{r4, r5, pc}
10004cca:	2001      	movs	r0, #1
10004ccc:	2100      	movs	r1, #0
10004cce:	4240      	negs	r0, r0
10004cd0:	f000 fc9c 	bl	1000560c <tud_task_ext>
10004cd4:	2000      	movs	r0, #0
10004cd6:	f001 fa7f 	bl	100061d8 <tud_cdc_n_available>
10004cda:	0005      	movs	r5, r0
10004cdc:	4812      	ldr	r0, [pc, #72]	@ (10004d28 <low_priority_worker_irq+0xa8>)
10004cde:	f002 fc5b 	bl	10007598 <__mutex_exit_veneer>
10004ce2:	2d00      	cmp	r5, #0
10004ce4:	d0ef      	beq.n	10004cc6 <low_priority_worker_irq+0x46>
10004ce6:	4b13      	ldr	r3, [pc, #76]	@ (10004d34 <low_priority_worker_irq+0xb4>)
10004ce8:	681b      	ldr	r3, [r3, #0]
10004cea:	2b00      	cmp	r3, #0
10004cec:	d0eb      	beq.n	10004cc6 <low_priority_worker_irq+0x46>
10004cee:	4a12      	ldr	r2, [pc, #72]	@ (10004d38 <low_priority_worker_irq+0xb8>)
10004cf0:	6810      	ldr	r0, [r2, #0]
10004cf2:	4798      	blx	r3
10004cf4:	e7e7      	b.n	10004cc6 <low_priority_worker_irq+0x46>
10004cf6:	f7fc fb0d 	bl	10001314 <alarm_pool_get_default>
10004cfa:	0004      	movs	r4, r0
10004cfc:	f7fc fd14 	bl	10001728 <time_us_64>
10004d00:	22fa      	movs	r2, #250	@ 0xfa
10004d02:	2300      	movs	r3, #0
10004d04:	0092      	lsls	r2, r2, #2
10004d06:	1812      	adds	r2, r2, r0
10004d08:	414b      	adcs	r3, r1
10004d0a:	2b00      	cmp	r3, #0
10004d0c:	da02      	bge.n	10004d14 <low_priority_worker_irq+0x94>
10004d0e:	2201      	movs	r2, #1
10004d10:	4b0a      	ldr	r3, [pc, #40]	@ (10004d3c <low_priority_worker_irq+0xbc>)
10004d12:	4252      	negs	r2, r2
10004d14:	2101      	movs	r1, #1
10004d16:	9102      	str	r1, [sp, #8]
10004d18:	2100      	movs	r1, #0
10004d1a:	9101      	str	r1, [sp, #4]
10004d1c:	4908      	ldr	r1, [pc, #32]	@ (10004d40 <low_priority_worker_irq+0xc0>)
10004d1e:	0020      	movs	r0, r4
10004d20:	9100      	str	r1, [sp, #0]
10004d22:	f7fc fafb 	bl	1000131c <alarm_pool_add_alarm_at>
10004d26:	e7ce      	b.n	10004cc6 <low_priority_worker_irq+0x46>
10004d28:	20001ea0 	.word	0x20001ea0
10004d2c:	20001e74 	.word	0x20001e74
10004d30:	20001ec8 	.word	0x20001ec8
10004d34:	200019f4 	.word	0x200019f4
10004d38:	200019fc 	.word	0x200019fc
10004d3c:	7fffffff 	.word	0x7fffffff
10004d40:	10004a4d 	.word	0x10004a4d

10004d44 <stdio_usb_init>:
10004d44:	23d0      	movs	r3, #208	@ 0xd0
10004d46:	b510      	push	{r4, lr}
10004d48:	061b      	lsls	r3, r3, #24
10004d4a:	b084      	sub	sp, #16
10004d4c:	681c      	ldr	r4, [r3, #0]
10004d4e:	f7fc fae1 	bl	10001314 <alarm_pool_get_default>
10004d52:	f7fc fbe1 	bl	10001518 <alarm_pool_core_num>
10004d56:	42a0      	cmp	r0, r4
10004d58:	d002      	beq.n	10004d60 <stdio_usb_init+0x1c>
10004d5a:	2000      	movs	r0, #0
10004d5c:	b004      	add	sp, #16
10004d5e:	bd10      	pop	{r4, pc}
10004d60:	4b28      	ldr	r3, [pc, #160]	@ (10004e04 <stdio_usb_init+0xc0>)
10004d62:	2100      	movs	r1, #0
10004d64:	2000      	movs	r0, #0
10004d66:	781b      	ldrb	r3, [r3, #0]
10004d68:	f001 fca6 	bl	100066b8 <tusb_rhport_init>
10004d6c:	4826      	ldr	r0, [pc, #152]	@ (10004e08 <stdio_usb_init+0xc4>)
10004d6e:	6803      	ldr	r3, [r0, #0]
10004d70:	2b00      	cmp	r3, #0
10004d72:	d044      	beq.n	10004dfe <stdio_usb_init+0xba>
10004d74:	2001      	movs	r0, #1
10004d76:	f7fc f865 	bl	10000e44 <user_irq_claim_unused>
10004d7a:	23ff      	movs	r3, #255	@ 0xff
10004d7c:	4c23      	ldr	r4, [pc, #140]	@ (10004e0c <stdio_usb_init+0xc8>)
10004d7e:	4924      	ldr	r1, [pc, #144]	@ (10004e10 <stdio_usb_init+0xcc>)
10004d80:	7020      	strb	r0, [r4, #0]
10004d82:	4018      	ands	r0, r3
10004d84:	f7fb fe14 	bl	100009b0 <irq_set_exclusive_handler>
10004d88:	7820      	ldrb	r0, [r4, #0]
10004d8a:	2101      	movs	r1, #1
10004d8c:	f7fb fdd8 	bl	10000940 <irq_set_enabled>
10004d90:	2005      	movs	r0, #5
10004d92:	f7fb fdfd 	bl	10000990 <irq_has_shared_handler>
10004d96:	2800      	cmp	r0, #0
10004d98:	d124      	bne.n	10004de4 <stdio_usb_init+0xa0>
10004d9a:	2208      	movs	r2, #8
10004d9c:	2100      	movs	r1, #0
10004d9e:	481d      	ldr	r0, [pc, #116]	@ (10004e14 <stdio_usb_init+0xd0>)
10004da0:	f7fd ff76 	bl	10002c90 <__wrap_memset>
10004da4:	f7fc fab6 	bl	10001314 <alarm_pool_get_default>
10004da8:	0004      	movs	r4, r0
10004daa:	f7fc fcbd 	bl	10001728 <time_us_64>
10004dae:	22fa      	movs	r2, #250	@ 0xfa
10004db0:	2300      	movs	r3, #0
10004db2:	0092      	lsls	r2, r2, #2
10004db4:	1812      	adds	r2, r2, r0
10004db6:	414b      	adcs	r3, r1
10004db8:	2b00      	cmp	r3, #0
10004dba:	da02      	bge.n	10004dc2 <stdio_usb_init+0x7e>
10004dbc:	2201      	movs	r2, #1
10004dbe:	4b16      	ldr	r3, [pc, #88]	@ (10004e18 <stdio_usb_init+0xd4>)
10004dc0:	4252      	negs	r2, r2
10004dc2:	2101      	movs	r1, #1
10004dc4:	9102      	str	r1, [sp, #8]
10004dc6:	2100      	movs	r1, #0
10004dc8:	9101      	str	r1, [sp, #4]
10004dca:	4914      	ldr	r1, [pc, #80]	@ (10004e1c <stdio_usb_init+0xd8>)
10004dcc:	0020      	movs	r0, r4
10004dce:	9100      	str	r1, [sp, #0]
10004dd0:	f7fc faa4 	bl	1000131c <alarm_pool_add_alarm_at>
10004dd4:	2800      	cmp	r0, #0
10004dd6:	dbc0      	blt.n	10004d5a <stdio_usb_init+0x16>
10004dd8:	4811      	ldr	r0, [pc, #68]	@ (10004e20 <stdio_usb_init+0xdc>)
10004dda:	2101      	movs	r1, #1
10004ddc:	f7ff fc38 	bl	10004650 <stdio_set_driver_enabled>
10004de0:	2001      	movs	r0, #1
10004de2:	e7bb      	b.n	10004d5c <stdio_usb_init+0x18>
10004de4:	2001      	movs	r0, #1
10004de6:	f7fb fd69 	bl	100008bc <spin_lock_claim_unused>
10004dea:	0001      	movs	r1, r0
10004dec:	4809      	ldr	r0, [pc, #36]	@ (10004e14 <stdio_usb_init+0xd0>)
10004dee:	f7fc f889 	bl	10000f04 <critical_section_init_with_lock_num>
10004df2:	2200      	movs	r2, #0
10004df4:	2005      	movs	r0, #5
10004df6:	490b      	ldr	r1, [pc, #44]	@ (10004e24 <stdio_usb_init+0xe0>)
10004df8:	f7fb fe04 	bl	10000a04 <irq_add_shared_handler>
10004dfc:	e7ec      	b.n	10004dd8 <stdio_usb_init+0x94>
10004dfe:	f7fc f865 	bl	10000ecc <mutex_init>
10004e02:	e7b7      	b.n	10004d74 <stdio_usb_init+0x30>
10004e04:	10007f44 	.word	0x10007f44
10004e08:	20001ea0 	.word	0x20001ea0
10004e0c:	20001ec7 	.word	0x20001ec7
10004e10:	10004c81 	.word	0x10004c81
10004e14:	20001e74 	.word	0x20001e74
10004e18:	7fffffff 	.word	0x7fffffff
10004e1c:	10004a4d 	.word	0x10004a4d
10004e20:	20001048 	.word	0x20001048
10004e24:	10004a3d 	.word	0x10004a3d

10004e28 <tud_descriptor_device_cb>:
10004e28:	4800      	ldr	r0, [pc, #0]	@ (10004e2c <tud_descriptor_device_cb+0x4>)
10004e2a:	4770      	bx	lr
10004e2c:	10007ce0 	.word	0x10007ce0

10004e30 <tud_descriptor_configuration_cb>:
10004e30:	4800      	ldr	r0, [pc, #0]	@ (10004e34 <tud_descriptor_configuration_cb+0x4>)
10004e32:	4770      	bx	lr
10004e34:	10007c8c 	.word	0x10007c8c

10004e38 <tud_descriptor_string_cb>:
10004e38:	b510      	push	{r4, lr}
10004e3a:	0004      	movs	r4, r0
10004e3c:	4816      	ldr	r0, [pc, #88]	@ (10004e98 <tud_descriptor_string_cb+0x60>)
10004e3e:	7803      	ldrb	r3, [r0, #0]
10004e40:	2b00      	cmp	r3, #0
10004e42:	d020      	beq.n	10004e86 <tud_descriptor_string_cb+0x4e>
10004e44:	2c00      	cmp	r4, #0
10004e46:	d106      	bne.n	10004e56 <tud_descriptor_string_cb+0x1e>
10004e48:	4b14      	ldr	r3, [pc, #80]	@ (10004e9c <tud_descriptor_string_cb+0x64>)
10004e4a:	4815      	ldr	r0, [pc, #84]	@ (10004ea0 <tud_descriptor_string_cb+0x68>)
10004e4c:	8043      	strh	r3, [r0, #2]
10004e4e:	3b06      	subs	r3, #6
10004e50:	3bff      	subs	r3, #255	@ 0xff
10004e52:	8003      	strh	r3, [r0, #0]
10004e54:	bd10      	pop	{r4, pc}
10004e56:	2c05      	cmp	r4, #5
10004e58:	d81c      	bhi.n	10004e94 <tud_descriptor_string_cb+0x5c>
10004e5a:	4b12      	ldr	r3, [pc, #72]	@ (10004ea4 <tud_descriptor_string_cb+0x6c>)
10004e5c:	00a4      	lsls	r4, r4, #2
10004e5e:	58e4      	ldr	r4, [r4, r3]
10004e60:	480f      	ldr	r0, [pc, #60]	@ (10004ea0 <tud_descriptor_string_cb+0x68>)
10004e62:	2301      	movs	r3, #1
10004e64:	1c81      	adds	r1, r0, #2
10004e66:	3c01      	subs	r4, #1
10004e68:	e004      	b.n	10004e74 <tud_descriptor_string_cb+0x3c>
10004e6a:	3301      	adds	r3, #1
10004e6c:	800a      	strh	r2, [r1, #0]
10004e6e:	3102      	adds	r1, #2
10004e70:	2b14      	cmp	r3, #20
10004e72:	d00c      	beq.n	10004e8e <tud_descriptor_string_cb+0x56>
10004e74:	5ce2      	ldrb	r2, [r4, r3]
10004e76:	2a00      	cmp	r2, #0
10004e78:	d1f7      	bne.n	10004e6a <tud_descriptor_string_cb+0x32>
10004e7a:	22c0      	movs	r2, #192	@ 0xc0
10004e7c:	b2db      	uxtb	r3, r3
10004e7e:	005b      	lsls	r3, r3, #1
10004e80:	0092      	lsls	r2, r2, #2
10004e82:	4313      	orrs	r3, r2
10004e84:	e7e5      	b.n	10004e52 <tud_descriptor_string_cb+0x1a>
10004e86:	2111      	movs	r1, #17
10004e88:	f000 f816 	bl	10004eb8 <pico_get_unique_board_id_string>
10004e8c:	e7da      	b.n	10004e44 <tud_descriptor_string_cb+0xc>
10004e8e:	23ca      	movs	r3, #202	@ 0xca
10004e90:	009b      	lsls	r3, r3, #2
10004e92:	e7de      	b.n	10004e52 <tud_descriptor_string_cb+0x1a>
10004e94:	2000      	movs	r0, #0
10004e96:	e7dd      	b.n	10004e54 <tud_descriptor_string_cb+0x1c>
10004e98:	20001eb0 	.word	0x20001eb0
10004e9c:	00000409 	.word	0x00000409
10004ea0:	20001a30 	.word	0x20001a30
10004ea4:	10007c74 	.word	0x10007c74

10004ea8 <_retrieve_unique_id_on_boot>:
10004ea8:	b510      	push	{r4, lr}
10004eaa:	4802      	ldr	r0, [pc, #8]	@ (10004eb4 <_retrieve_unique_id_on_boot+0xc>)
10004eac:	f000 f8f4 	bl	10005098 <flash_get_unique_id>
10004eb0:	bd10      	pop	{r4, pc}
10004eb2:	46c0      	nop			@ (mov r8, r8)
10004eb4:	20001e8c 	.word	0x20001e8c

10004eb8 <pico_get_unique_board_id_string>:
10004eb8:	b530      	push	{r4, r5, lr}
10004eba:	2901      	cmp	r1, #1
10004ebc:	d100      	bne.n	10004ec0 <pico_get_unique_board_id_string+0x8>
10004ebe:	e0bb      	b.n	10005038 <pico_get_unique_board_id_string+0x180>
10004ec0:	4b74      	ldr	r3, [pc, #464]	@ (10005094 <pico_get_unique_board_id_string+0x1dc>)
10004ec2:	3901      	subs	r1, #1
10004ec4:	781a      	ldrb	r2, [r3, #0]
10004ec6:	1112      	asrs	r2, r2, #4
10004ec8:	0014      	movs	r4, r2
10004eca:	3430      	adds	r4, #48	@ 0x30
10004ecc:	2a09      	cmp	r2, #9
10004ece:	dd00      	ble.n	10004ed2 <pico_get_unique_board_id_string+0x1a>
10004ed0:	e0b5      	b.n	1000503e <pico_get_unique_board_id_string+0x186>
10004ed2:	7004      	strb	r4, [r0, #0]
10004ed4:	2901      	cmp	r1, #1
10004ed6:	d100      	bne.n	10004eda <pico_get_unique_board_id_string+0x22>
10004ed8:	e0da      	b.n	10005090 <pico_get_unique_board_id_string+0x1d8>
10004eda:	220f      	movs	r2, #15
10004edc:	781c      	ldrb	r4, [r3, #0]
10004ede:	4022      	ands	r2, r4
10004ee0:	0014      	movs	r4, r2
10004ee2:	3430      	adds	r4, #48	@ 0x30
10004ee4:	2a09      	cmp	r2, #9
10004ee6:	d900      	bls.n	10004eea <pico_get_unique_board_id_string+0x32>
10004ee8:	e0ac      	b.n	10005044 <pico_get_unique_board_id_string+0x18c>
10004eea:	7044      	strb	r4, [r0, #1]
10004eec:	2902      	cmp	r1, #2
10004eee:	d100      	bne.n	10004ef2 <pico_get_unique_board_id_string+0x3a>
10004ef0:	e0ce      	b.n	10005090 <pico_get_unique_board_id_string+0x1d8>
10004ef2:	785a      	ldrb	r2, [r3, #1]
10004ef4:	4694      	mov	ip, r2
10004ef6:	1112      	asrs	r2, r2, #4
10004ef8:	0014      	movs	r4, r2
10004efa:	3430      	adds	r4, #48	@ 0x30
10004efc:	2a09      	cmp	r2, #9
10004efe:	dd00      	ble.n	10004f02 <pico_get_unique_board_id_string+0x4a>
10004f00:	e0a3      	b.n	1000504a <pico_get_unique_board_id_string+0x192>
10004f02:	7084      	strb	r4, [r0, #2]
10004f04:	2903      	cmp	r1, #3
10004f06:	d100      	bne.n	10004f0a <pico_get_unique_board_id_string+0x52>
10004f08:	e0c2      	b.n	10005090 <pico_get_unique_board_id_string+0x1d8>
10004f0a:	4664      	mov	r4, ip
10004f0c:	220f      	movs	r2, #15
10004f0e:	4022      	ands	r2, r4
10004f10:	0014      	movs	r4, r2
10004f12:	3430      	adds	r4, #48	@ 0x30
10004f14:	2a09      	cmp	r2, #9
10004f16:	d900      	bls.n	10004f1a <pico_get_unique_board_id_string+0x62>
10004f18:	e09a      	b.n	10005050 <pico_get_unique_board_id_string+0x198>
10004f1a:	70c4      	strb	r4, [r0, #3]
10004f1c:	2904      	cmp	r1, #4
10004f1e:	d100      	bne.n	10004f22 <pico_get_unique_board_id_string+0x6a>
10004f20:	e0b6      	b.n	10005090 <pico_get_unique_board_id_string+0x1d8>
10004f22:	789a      	ldrb	r2, [r3, #2]
10004f24:	4694      	mov	ip, r2
10004f26:	1112      	asrs	r2, r2, #4
10004f28:	0014      	movs	r4, r2
10004f2a:	3430      	adds	r4, #48	@ 0x30
10004f2c:	2a09      	cmp	r2, #9
10004f2e:	dd00      	ble.n	10004f32 <pico_get_unique_board_id_string+0x7a>
10004f30:	e091      	b.n	10005056 <pico_get_unique_board_id_string+0x19e>
10004f32:	7104      	strb	r4, [r0, #4]
10004f34:	2905      	cmp	r1, #5
10004f36:	d100      	bne.n	10004f3a <pico_get_unique_board_id_string+0x82>
10004f38:	e0aa      	b.n	10005090 <pico_get_unique_board_id_string+0x1d8>
10004f3a:	4664      	mov	r4, ip
10004f3c:	220f      	movs	r2, #15
10004f3e:	4022      	ands	r2, r4
10004f40:	0014      	movs	r4, r2
10004f42:	3430      	adds	r4, #48	@ 0x30
10004f44:	2a09      	cmp	r2, #9
10004f46:	d900      	bls.n	10004f4a <pico_get_unique_board_id_string+0x92>
10004f48:	e088      	b.n	1000505c <pico_get_unique_board_id_string+0x1a4>
10004f4a:	7144      	strb	r4, [r0, #5]
10004f4c:	2906      	cmp	r1, #6
10004f4e:	d100      	bne.n	10004f52 <pico_get_unique_board_id_string+0x9a>
10004f50:	e09e      	b.n	10005090 <pico_get_unique_board_id_string+0x1d8>
10004f52:	2530      	movs	r5, #48	@ 0x30
10004f54:	46ac      	mov	ip, r5
10004f56:	78dc      	ldrb	r4, [r3, #3]
10004f58:	1122      	asrs	r2, r4, #4
10004f5a:	4494      	add	ip, r2
10004f5c:	2a09      	cmp	r2, #9
10004f5e:	dd00      	ble.n	10004f62 <pico_get_unique_board_id_string+0xaa>
10004f60:	e07f      	b.n	10005062 <pico_get_unique_board_id_string+0x1aa>
10004f62:	4662      	mov	r2, ip
10004f64:	7182      	strb	r2, [r0, #6]
10004f66:	2907      	cmp	r1, #7
10004f68:	d100      	bne.n	10004f6c <pico_get_unique_board_id_string+0xb4>
10004f6a:	e091      	b.n	10005090 <pico_get_unique_board_id_string+0x1d8>
10004f6c:	220f      	movs	r2, #15
10004f6e:	4022      	ands	r2, r4
10004f70:	0014      	movs	r4, r2
10004f72:	3430      	adds	r4, #48	@ 0x30
10004f74:	2a09      	cmp	r2, #9
10004f76:	d900      	bls.n	10004f7a <pico_get_unique_board_id_string+0xc2>
10004f78:	e077      	b.n	1000506a <pico_get_unique_board_id_string+0x1b2>
10004f7a:	71c4      	strb	r4, [r0, #7]
10004f7c:	2908      	cmp	r1, #8
10004f7e:	d100      	bne.n	10004f82 <pico_get_unique_board_id_string+0xca>
10004f80:	e086      	b.n	10005090 <pico_get_unique_board_id_string+0x1d8>
10004f82:	2530      	movs	r5, #48	@ 0x30
10004f84:	46ac      	mov	ip, r5
10004f86:	791c      	ldrb	r4, [r3, #4]
10004f88:	1122      	asrs	r2, r4, #4
10004f8a:	4494      	add	ip, r2
10004f8c:	2a09      	cmp	r2, #9
10004f8e:	dd00      	ble.n	10004f92 <pico_get_unique_board_id_string+0xda>
10004f90:	e06e      	b.n	10005070 <pico_get_unique_board_id_string+0x1b8>
10004f92:	4662      	mov	r2, ip
10004f94:	7202      	strb	r2, [r0, #8]
10004f96:	2909      	cmp	r1, #9
10004f98:	d100      	bne.n	10004f9c <pico_get_unique_board_id_string+0xe4>
10004f9a:	e079      	b.n	10005090 <pico_get_unique_board_id_string+0x1d8>
10004f9c:	220f      	movs	r2, #15
10004f9e:	4022      	ands	r2, r4
10004fa0:	0014      	movs	r4, r2
10004fa2:	3430      	adds	r4, #48	@ 0x30
10004fa4:	2a09      	cmp	r2, #9
10004fa6:	d867      	bhi.n	10005078 <pico_get_unique_board_id_string+0x1c0>
10004fa8:	7244      	strb	r4, [r0, #9]
10004faa:	290a      	cmp	r1, #10
10004fac:	d100      	bne.n	10004fb0 <pico_get_unique_board_id_string+0xf8>
10004fae:	e06f      	b.n	10005090 <pico_get_unique_board_id_string+0x1d8>
10004fb0:	2530      	movs	r5, #48	@ 0x30
10004fb2:	46ac      	mov	ip, r5
10004fb4:	795c      	ldrb	r4, [r3, #5]
10004fb6:	1122      	asrs	r2, r4, #4
10004fb8:	4494      	add	ip, r2
10004fba:	2a09      	cmp	r2, #9
10004fbc:	dc5f      	bgt.n	1000507e <pico_get_unique_board_id_string+0x1c6>
10004fbe:	4662      	mov	r2, ip
10004fc0:	7282      	strb	r2, [r0, #10]
10004fc2:	290b      	cmp	r1, #11
10004fc4:	d064      	beq.n	10005090 <pico_get_unique_board_id_string+0x1d8>
10004fc6:	220f      	movs	r2, #15
10004fc8:	4022      	ands	r2, r4
10004fca:	0014      	movs	r4, r2
10004fcc:	3430      	adds	r4, #48	@ 0x30
10004fce:	2a09      	cmp	r2, #9
10004fd0:	d859      	bhi.n	10005086 <pico_get_unique_board_id_string+0x1ce>
10004fd2:	72c4      	strb	r4, [r0, #11]
10004fd4:	290c      	cmp	r1, #12
10004fd6:	d05b      	beq.n	10005090 <pico_get_unique_board_id_string+0x1d8>
10004fd8:	2530      	movs	r5, #48	@ 0x30
10004fda:	46ac      	mov	ip, r5
10004fdc:	799c      	ldrb	r4, [r3, #6]
10004fde:	1122      	asrs	r2, r4, #4
10004fe0:	4494      	add	ip, r2
10004fe2:	2a09      	cmp	r2, #9
10004fe4:	dd02      	ble.n	10004fec <pico_get_unique_board_id_string+0x134>
10004fe6:	3507      	adds	r5, #7
10004fe8:	46ac      	mov	ip, r5
10004fea:	4494      	add	ip, r2
10004fec:	4662      	mov	r2, ip
10004fee:	7302      	strb	r2, [r0, #12]
10004ff0:	290d      	cmp	r1, #13
10004ff2:	d04d      	beq.n	10005090 <pico_get_unique_board_id_string+0x1d8>
10004ff4:	220f      	movs	r2, #15
10004ff6:	4022      	ands	r2, r4
10004ff8:	0014      	movs	r4, r2
10004ffa:	3430      	adds	r4, #48	@ 0x30
10004ffc:	2a09      	cmp	r2, #9
10004ffe:	d901      	bls.n	10005004 <pico_get_unique_board_id_string+0x14c>
10005000:	3237      	adds	r2, #55	@ 0x37
10005002:	0014      	movs	r4, r2
10005004:	7344      	strb	r4, [r0, #13]
10005006:	290e      	cmp	r1, #14
10005008:	d042      	beq.n	10005090 <pico_get_unique_board_id_string+0x1d8>
1000500a:	79da      	ldrb	r2, [r3, #7]
1000500c:	1113      	asrs	r3, r2, #4
1000500e:	001c      	movs	r4, r3
10005010:	3430      	adds	r4, #48	@ 0x30
10005012:	2b09      	cmp	r3, #9
10005014:	dd01      	ble.n	1000501a <pico_get_unique_board_id_string+0x162>
10005016:	3337      	adds	r3, #55	@ 0x37
10005018:	001c      	movs	r4, r3
1000501a:	7384      	strb	r4, [r0, #14]
1000501c:	290f      	cmp	r1, #15
1000501e:	d037      	beq.n	10005090 <pico_get_unique_board_id_string+0x1d8>
10005020:	230f      	movs	r3, #15
10005022:	4013      	ands	r3, r2
10005024:	001a      	movs	r2, r3
10005026:	3237      	adds	r2, #55	@ 0x37
10005028:	2b09      	cmp	r3, #9
1000502a:	d801      	bhi.n	10005030 <pico_get_unique_board_id_string+0x178>
1000502c:	3330      	adds	r3, #48	@ 0x30
1000502e:	001a      	movs	r2, r3
10005030:	73c2      	strb	r2, [r0, #15]
10005032:	2910      	cmp	r1, #16
10005034:	d02c      	beq.n	10005090 <pico_get_unique_board_id_string+0x1d8>
10005036:	3010      	adds	r0, #16
10005038:	2300      	movs	r3, #0
1000503a:	7003      	strb	r3, [r0, #0]
1000503c:	bd30      	pop	{r4, r5, pc}
1000503e:	3237      	adds	r2, #55	@ 0x37
10005040:	0014      	movs	r4, r2
10005042:	e746      	b.n	10004ed2 <pico_get_unique_board_id_string+0x1a>
10005044:	3237      	adds	r2, #55	@ 0x37
10005046:	0014      	movs	r4, r2
10005048:	e74f      	b.n	10004eea <pico_get_unique_board_id_string+0x32>
1000504a:	3237      	adds	r2, #55	@ 0x37
1000504c:	0014      	movs	r4, r2
1000504e:	e758      	b.n	10004f02 <pico_get_unique_board_id_string+0x4a>
10005050:	3237      	adds	r2, #55	@ 0x37
10005052:	0014      	movs	r4, r2
10005054:	e761      	b.n	10004f1a <pico_get_unique_board_id_string+0x62>
10005056:	3237      	adds	r2, #55	@ 0x37
10005058:	0014      	movs	r4, r2
1000505a:	e76a      	b.n	10004f32 <pico_get_unique_board_id_string+0x7a>
1000505c:	3237      	adds	r2, #55	@ 0x37
1000505e:	0014      	movs	r4, r2
10005060:	e773      	b.n	10004f4a <pico_get_unique_board_id_string+0x92>
10005062:	3507      	adds	r5, #7
10005064:	46ac      	mov	ip, r5
10005066:	4494      	add	ip, r2
10005068:	e77b      	b.n	10004f62 <pico_get_unique_board_id_string+0xaa>
1000506a:	3237      	adds	r2, #55	@ 0x37
1000506c:	0014      	movs	r4, r2
1000506e:	e784      	b.n	10004f7a <pico_get_unique_board_id_string+0xc2>
10005070:	3507      	adds	r5, #7
10005072:	46ac      	mov	ip, r5
10005074:	4494      	add	ip, r2
10005076:	e78c      	b.n	10004f92 <pico_get_unique_board_id_string+0xda>
10005078:	3237      	adds	r2, #55	@ 0x37
1000507a:	0014      	movs	r4, r2
1000507c:	e794      	b.n	10004fa8 <pico_get_unique_board_id_string+0xf0>
1000507e:	3507      	adds	r5, #7
10005080:	46ac      	mov	ip, r5
10005082:	4494      	add	ip, r2
10005084:	e79b      	b.n	10004fbe <pico_get_unique_board_id_string+0x106>
10005086:	3237      	adds	r2, #55	@ 0x37
10005088:	0014      	movs	r4, r2
1000508a:	72c4      	strb	r4, [r0, #11]
1000508c:	290c      	cmp	r1, #12
1000508e:	d1a3      	bne.n	10004fd8 <pico_get_unique_board_id_string+0x120>
10005090:	1840      	adds	r0, r0, r1
10005092:	e7d1      	b.n	10005038 <pico_get_unique_board_id_string+0x180>
10005094:	20001e8c 	.word	0x20001e8c

10005098 <flash_get_unique_id>:
10005098:	b510      	push	{r4, lr}
1000509a:	b088      	sub	sp, #32
1000509c:	0004      	movs	r4, r0
1000509e:	220d      	movs	r2, #13
100050a0:	2100      	movs	r1, #0
100050a2:	4668      	mov	r0, sp
100050a4:	f7fd fdf4 	bl	10002c90 <__wrap_memset>
100050a8:	220d      	movs	r2, #13
100050aa:	2100      	movs	r1, #0
100050ac:	a804      	add	r0, sp, #16
100050ae:	f7fd fdef 	bl	10002c90 <__wrap_memset>
100050b2:	466a      	mov	r2, sp
100050b4:	234b      	movs	r3, #75	@ 0x4b
100050b6:	4668      	mov	r0, sp
100050b8:	7013      	strb	r3, [r2, #0]
100050ba:	a904      	add	r1, sp, #16
100050bc:	2300      	movs	r3, #0
100050be:	220d      	movs	r2, #13
100050c0:	f002 fa7a 	bl	100075b8 <__flash_do_cmd_cs_veneer>
100050c4:	2115      	movs	r1, #21
100050c6:	2208      	movs	r2, #8
100050c8:	0020      	movs	r0, r4
100050ca:	4469      	add	r1, sp
100050cc:	f7fd fde6 	bl	10002c9c <__wrap___aeabi_memcpy>
100050d0:	b008      	add	sp, #32
100050d2:	bd10      	pop	{r4, pc}

100050d4 <usb_reset_interface_init>:
100050d4:	4770      	bx	lr
100050d6:	46c0      	nop			@ (mov r8, r8)

100050d8 <usb_reset_interface_reset>:
100050d8:	2200      	movs	r2, #0
100050da:	4b01      	ldr	r3, [pc, #4]	@ (100050e0 <usb_reset_interface_reset+0x8>)
100050dc:	701a      	strb	r2, [r3, #0]
100050de:	4770      	bx	lr
100050e0:	20001ec6 	.word	0x20001ec6

100050e4 <usb_reset_interface_open>:
100050e4:	794b      	ldrb	r3, [r1, #5]
100050e6:	2000      	movs	r0, #0
100050e8:	2bff      	cmp	r3, #255	@ 0xff
100050ea:	d10b      	bne.n	10005104 <usb_reset_interface_open+0x20>
100050ec:	798b      	ldrb	r3, [r1, #6]
100050ee:	2b00      	cmp	r3, #0
100050f0:	d108      	bne.n	10005104 <usb_reset_interface_open+0x20>
100050f2:	79cb      	ldrb	r3, [r1, #7]
100050f4:	2b01      	cmp	r3, #1
100050f6:	d105      	bne.n	10005104 <usb_reset_interface_open+0x20>
100050f8:	2a08      	cmp	r2, #8
100050fa:	d903      	bls.n	10005104 <usb_reset_interface_open+0x20>
100050fc:	4b02      	ldr	r3, [pc, #8]	@ (10005108 <usb_reset_interface_open+0x24>)
100050fe:	788a      	ldrb	r2, [r1, #2]
10005100:	3009      	adds	r0, #9
10005102:	701a      	strb	r2, [r3, #0]
10005104:	4770      	bx	lr
10005106:	46c0      	nop			@ (mov r8, r8)
10005108:	20001ec6 	.word	0x20001ec6

1000510c <usb_reset_interface_xfer_cb>:
1000510c:	2001      	movs	r0, #1
1000510e:	4770      	bx	lr

10005110 <usb_reset_interface_control_xfer_cb>:
10005110:	b510      	push	{r4, lr}
10005112:	2901      	cmp	r1, #1
10005114:	d113      	bne.n	1000513e <usb_reset_interface_control_xfer_cb+0x2e>
10005116:	4915      	ldr	r1, [pc, #84]	@ (1000516c <usb_reset_interface_control_xfer_cb+0x5c>)
10005118:	7953      	ldrb	r3, [r2, #5]
1000511a:	7910      	ldrb	r0, [r2, #4]
1000511c:	7809      	ldrb	r1, [r1, #0]
1000511e:	021b      	lsls	r3, r3, #8
10005120:	4303      	orrs	r3, r0
10005122:	2000      	movs	r0, #0
10005124:	4299      	cmp	r1, r3
10005126:	d000      	beq.n	1000512a <usb_reset_interface_control_xfer_cb+0x1a>
10005128:	bd10      	pop	{r4, pc}
1000512a:	7853      	ldrb	r3, [r2, #1]
1000512c:	2b01      	cmp	r3, #1
1000512e:	d008      	beq.n	10005142 <usb_reset_interface_control_xfer_cb+0x32>
10005130:	2b02      	cmp	r3, #2
10005132:	d1f9      	bne.n	10005128 <usb_reset_interface_control_xfer_cb+0x18>
10005134:	2264      	movs	r2, #100	@ 0x64
10005136:	2100      	movs	r1, #0
10005138:	2000      	movs	r0, #0
1000513a:	f7fc fd17 	bl	10001b6c <watchdog_reboot>
1000513e:	2001      	movs	r0, #1
10005140:	e7f2      	b.n	10005128 <usb_reset_interface_control_xfer_cb+0x18>
10005142:	78d1      	ldrb	r1, [r2, #3]
10005144:	7893      	ldrb	r3, [r2, #2]
10005146:	0209      	lsls	r1, r1, #8
10005148:	4319      	orrs	r1, r3
1000514a:	2380      	movs	r3, #128	@ 0x80
1000514c:	000a      	movs	r2, r1
1000514e:	005b      	lsls	r3, r3, #1
10005150:	401a      	ands	r2, r3
10005152:	4219      	tst	r1, r3
10005154:	d006      	beq.n	10005164 <usb_reset_interface_control_xfer_cb+0x54>
10005156:	060a      	lsls	r2, r1, #24
10005158:	0fd2      	lsrs	r2, r2, #31
1000515a:	0a48      	lsrs	r0, r1, #9
1000515c:	2303      	movs	r3, #3
1000515e:	4019      	ands	r1, r3
10005160:	f7fc fd8c 	bl	10001c7c <rom_reset_usb_boot_extra>
10005164:	2001      	movs	r0, #1
10005166:	4240      	negs	r0, r0
10005168:	e7f8      	b.n	1000515c <usb_reset_interface_control_xfer_cb+0x4c>
1000516a:	46c0      	nop			@ (mov r8, r8)
1000516c:	20001ec6 	.word	0x20001ec6

10005170 <tud_descriptor_bos_cb>:
10005170:	4800      	ldr	r0, [pc, #0]	@ (10005174 <tud_descriptor_bos_cb+0x4>)
10005172:	4770      	bx	lr
10005174:	10007d9c 	.word	0x10007d9c

10005178 <tud_vendor_control_xfer_cb>:
10005178:	4694      	mov	ip, r2
1000517a:	2301      	movs	r3, #1
1000517c:	b510      	push	{r4, lr}
1000517e:	2901      	cmp	r1, #1
10005180:	d10a      	bne.n	10005198 <tud_vendor_control_xfer_cb+0x20>
10005182:	7852      	ldrb	r2, [r2, #1]
10005184:	2300      	movs	r3, #0
10005186:	2a01      	cmp	r2, #1
10005188:	d106      	bne.n	10005198 <tud_vendor_control_xfer_cb+0x20>
1000518a:	4662      	mov	r2, ip
1000518c:	7911      	ldrb	r1, [r2, #4]
1000518e:	7952      	ldrb	r2, [r2, #5]
10005190:	0212      	lsls	r2, r2, #8
10005192:	430a      	orrs	r2, r1
10005194:	2a07      	cmp	r2, #7
10005196:	d001      	beq.n	1000519c <tud_vendor_control_xfer_cb+0x24>
10005198:	0018      	movs	r0, r3
1000519a:	bd10      	pop	{r4, pc}
1000519c:	33a6      	adds	r3, #166	@ 0xa6
1000519e:	4661      	mov	r1, ip
100051a0:	4a02      	ldr	r2, [pc, #8]	@ (100051ac <tud_vendor_control_xfer_cb+0x34>)
100051a2:	f000 feeb 	bl	10005f7c <tud_control_xfer>
100051a6:	0003      	movs	r3, r0
100051a8:	e7f6      	b.n	10005198 <tud_vendor_control_xfer_cb+0x20>
100051aa:	46c0      	nop			@ (mov r8, r8)
100051ac:	10007cf4 	.word	0x10007cf4

100051b0 <usbd_app_driver_get_cb>:
100051b0:	2301      	movs	r3, #1
100051b2:	7003      	strb	r3, [r0, #0]
100051b4:	4800      	ldr	r0, [pc, #0]	@ (100051b8 <usbd_app_driver_get_cb+0x8>)
100051b6:	4770      	bx	lr
100051b8:	10007dc0 	.word	0x10007dc0

100051bc <tud_cdc_line_coding_cb>:
100051bc:	784b      	ldrb	r3, [r1, #1]
100051be:	780a      	ldrb	r2, [r1, #0]
100051c0:	021b      	lsls	r3, r3, #8
100051c2:	4313      	orrs	r3, r2
100051c4:	788a      	ldrb	r2, [r1, #2]
100051c6:	b510      	push	{r4, lr}
100051c8:	0412      	lsls	r2, r2, #16
100051ca:	431a      	orrs	r2, r3
100051cc:	78cb      	ldrb	r3, [r1, #3]
100051ce:	061b      	lsls	r3, r3, #24
100051d0:	4313      	orrs	r3, r2
100051d2:	2296      	movs	r2, #150	@ 0x96
100051d4:	00d2      	lsls	r2, r2, #3
100051d6:	4293      	cmp	r3, r2
100051d8:	d000      	beq.n	100051dc <tud_cdc_line_coding_cb+0x20>
100051da:	bd10      	pop	{r4, pc}
100051dc:	2200      	movs	r2, #0
100051de:	2001      	movs	r0, #1
100051e0:	0011      	movs	r1, r2
100051e2:	4240      	negs	r0, r0
100051e4:	f7fc fd4a 	bl	10001c7c <rom_reset_usb_boot_extra>

100051e8 <dcd_init>:
100051e8:	b5f8      	push	{r3, r4, r5, r6, r7, lr}
100051ea:	f000 f93b 	bl	10005464 <rp2040_usb_init>
100051ee:	230c      	movs	r3, #12
100051f0:	4d19      	ldr	r5, [pc, #100]	@ (10005258 <dcd_init+0x70>)
100051f2:	22ff      	movs	r2, #255	@ 0xff
100051f4:	67ab      	str	r3, [r5, #120]	@ 0x78
100051f6:	2005      	movs	r0, #5
100051f8:	4918      	ldr	r1, [pc, #96]	@ (1000525c <dcd_init+0x74>)
100051fa:	f7fb fc03 	bl	10000a04 <irq_add_shared_handler>
100051fe:	4c18      	ldr	r4, [pc, #96]	@ (10005260 <dcd_init+0x78>)
10005200:	2240      	movs	r2, #64	@ 0x40
10005202:	2100      	movs	r1, #0
10005204:	0020      	movs	r0, r4
10005206:	f7fd fd43 	bl	10002c90 <__wrap_memset>
1000520a:	2740      	movs	r7, #64	@ 0x40
1000520c:	2300      	movs	r3, #0
1000520e:	2601      	movs	r6, #1
10005210:	2121      	movs	r1, #33	@ 0x21
10005212:	4a14      	ldr	r2, [pc, #80]	@ (10005264 <dcd_init+0x7c>)
10005214:	7066      	strb	r6, [r4, #1]
10005216:	8327      	strh	r7, [r4, #24]
10005218:	60a2      	str	r2, [r4, #8]
1000521a:	6013      	str	r3, [r2, #0]
1000521c:	5463      	strb	r3, [r4, r1]
1000521e:	315f      	adds	r1, #95	@ 0x5f
10005220:	8461      	strh	r1, [r4, #34]	@ 0x22
10005222:	3945      	subs	r1, #69	@ 0x45
10005224:	5463      	strb	r3, [r4, r1]
10005226:	4a10      	ldr	r2, [pc, #64]	@ (10005268 <dcd_init+0x80>)
10005228:	4910      	ldr	r1, [pc, #64]	@ (1000526c <dcd_init+0x84>)
1000522a:	6063      	str	r3, [r4, #4]
1000522c:	60e2      	str	r2, [r4, #12]
1000522e:	8727      	strh	r7, [r4, #56]	@ 0x38
10005230:	62a1      	str	r1, [r4, #40]	@ 0x28
10005232:	600b      	str	r3, [r1, #0]
10005234:	6263      	str	r3, [r4, #36]	@ 0x24
10005236:	62e2      	str	r2, [r4, #44]	@ 0x2c
10005238:	f002 f996 	bl	10007568 <__reset_non_control_endpoints_veneer>
1000523c:	2380      	movs	r3, #128	@ 0x80
1000523e:	059b      	lsls	r3, r3, #22
10005240:	642e      	str	r6, [r5, #64]	@ 0x40
10005242:	64eb      	str	r3, [r5, #76]	@ 0x4c
10005244:	2390      	movs	r3, #144	@ 0x90
10005246:	4a0a      	ldr	r2, [pc, #40]	@ (10005270 <dcd_init+0x88>)
10005248:	2001      	movs	r0, #1
1000524a:	50ea      	str	r2, [r5, r3]
1000524c:	2280      	movs	r2, #128	@ 0x80
1000524e:	4b09      	ldr	r3, [pc, #36]	@ (10005274 <dcd_init+0x8c>)
10005250:	0252      	lsls	r2, r2, #9
10005252:	64da      	str	r2, [r3, #76]	@ 0x4c
10005254:	bdf8      	pop	{r3, r4, r5, r6, r7, pc}
10005256:	46c0      	nop			@ (mov r8, r8)
10005258:	50110000 	.word	0x50110000
1000525c:	20000511 	.word	0x20000511
10005260:	20001a64 	.word	0x20001a64
10005264:	50100084 	.word	0x50100084
10005268:	50100100 	.word	0x50100100
1000526c:	50100080 	.word	0x50100080
10005270:	0001d010 	.word	0x0001d010
10005274:	50112000 	.word	0x50112000

10005278 <dcd_int_enable>:
10005278:	b510      	push	{r4, lr}
1000527a:	2101      	movs	r1, #1
1000527c:	2005      	movs	r0, #5
1000527e:	f7fb fb5f 	bl	10000940 <irq_set_enabled>
10005282:	bd10      	pop	{r4, pc}

10005284 <dcd_set_address>:
10005284:	b510      	push	{r4, lr}
10005286:	2200      	movs	r2, #0
10005288:	2100      	movs	r1, #0
1000528a:	4802      	ldr	r0, [pc, #8]	@ (10005294 <dcd_set_address+0x10>)
1000528c:	f000 f90a 	bl	100054a4 <hw_endpoint_xfer_start>
10005290:	bd10      	pop	{r4, pc}
10005292:	46c0      	nop			@ (mov r8, r8)
10005294:	20001a84 	.word	0x20001a84

10005298 <dcd_sof_enable>:
10005298:	4b04      	ldr	r3, [pc, #16]	@ (100052ac <dcd_sof_enable+0x14>)
1000529a:	7019      	strb	r1, [r3, #0]
1000529c:	2900      	cmp	r1, #0
1000529e:	d004      	beq.n	100052aa <dcd_sof_enable+0x12>
100052a0:	2180      	movs	r1, #128	@ 0x80
100052a2:	2390      	movs	r3, #144	@ 0x90
100052a4:	4a02      	ldr	r2, [pc, #8]	@ (100052b0 <dcd_sof_enable+0x18>)
100052a6:	0289      	lsls	r1, r1, #10
100052a8:	50d1      	str	r1, [r2, r3]
100052aa:	4770      	bx	lr
100052ac:	20001ec2 	.word	0x20001ec2
100052b0:	50112000 	.word	0x50112000

100052b4 <dcd_edpt0_status_complete>:
100052b4:	780b      	ldrb	r3, [r1, #0]
100052b6:	065b      	lsls	r3, r3, #25
100052b8:	d000      	beq.n	100052bc <dcd_edpt0_status_complete+0x8>
100052ba:	4770      	bx	lr
100052bc:	784b      	ldrb	r3, [r1, #1]
100052be:	2b05      	cmp	r3, #5
100052c0:	d1fb      	bne.n	100052ba <dcd_edpt0_status_complete+0x6>
100052c2:	788a      	ldrb	r2, [r1, #2]
100052c4:	4b01      	ldr	r3, [pc, #4]	@ (100052cc <dcd_edpt0_status_complete+0x18>)
100052c6:	601a      	str	r2, [r3, #0]
100052c8:	e7f7      	b.n	100052ba <dcd_edpt0_status_complete+0x6>
100052ca:	46c0      	nop			@ (mov r8, r8)
100052cc:	50110000 	.word	0x50110000

100052d0 <dcd_edpt_open>:
100052d0:	b5f8      	push	{r3, r4, r5, r6, r7, lr}
100052d2:	46ce      	mov	lr, r9
100052d4:	4647      	mov	r7, r8
100052d6:	78cb      	ldrb	r3, [r1, #3]
100052d8:	b580      	push	{r7, lr}
100052da:	079b      	lsls	r3, r3, #30
100052dc:	0f9a      	lsrs	r2, r3, #30
100052de:	0010      	movs	r0, r2
100052e0:	2a01      	cmp	r2, #1
100052e2:	d058      	beq.n	10005396 <dcd_edpt_open+0xc6>
100052e4:	788c      	ldrb	r4, [r1, #2]
100052e6:	790a      	ldrb	r2, [r1, #4]
100052e8:	794b      	ldrb	r3, [r1, #5]
100052ea:	217f      	movs	r1, #127	@ 0x7f
100052ec:	021b      	lsls	r3, r3, #8
100052ee:	4021      	ands	r1, r4
100052f0:	09e5      	lsrs	r5, r4, #7
100052f2:	4313      	orrs	r3, r2
100052f4:	004a      	lsls	r2, r1, #1
100052f6:	4691      	mov	r9, r2
100052f8:	4e2c      	ldr	r6, [pc, #176]	@ (100053ac <dcd_edpt_open+0xdc>)
100052fa:	1952      	adds	r2, r2, r5
100052fc:	0152      	lsls	r2, r2, #5
100052fe:	18b2      	adds	r2, r6, r2
10005300:	7094      	strb	r4, [r2, #2]
10005302:	2401      	movs	r4, #1
10005304:	406c      	eors	r4, r5
10005306:	7054      	strb	r4, [r2, #1]
10005308:	2400      	movs	r4, #0
1000530a:	055b      	lsls	r3, r3, #21
1000530c:	0d5b      	lsrs	r3, r3, #21
1000530e:	70d4      	strb	r4, [r2, #3]
10005310:	8313      	strh	r3, [r2, #24]
10005312:	76d0      	strb	r0, [r2, #27]
10005314:	00ca      	lsls	r2, r1, #3
10005316:	2d01      	cmp	r5, #1
10005318:	d02c      	beq.n	10005374 <dcd_edpt_open+0xa4>
1000531a:	4f25      	ldr	r7, [pc, #148]	@ (100053b0 <dcd_edpt_open+0xe0>)
1000531c:	19d2      	adds	r2, r2, r7
1000531e:	018f      	lsls	r7, r1, #6
10005320:	46bc      	mov	ip, r7
10005322:	44b4      	add	ip, r6
10005324:	4667      	mov	r7, ip
10005326:	60ba      	str	r2, [r7, #8]
10005328:	6014      	str	r4, [r2, #0]
1000532a:	2900      	cmp	r1, #0
1000532c:	d02c      	beq.n	10005388 <dcd_edpt_open+0xb8>
1000532e:	4a21      	ldr	r2, [pc, #132]	@ (100053b4 <dcd_edpt_open+0xe4>)
10005330:	00c9      	lsls	r1, r1, #3
10005332:	1889      	adds	r1, r1, r2
10005334:	6079      	str	r1, [r7, #4]
10005336:	333f      	adds	r3, #63	@ 0x3f
10005338:	099b      	lsrs	r3, r3, #6
1000533a:	2802      	cmp	r0, #2
1000533c:	d032      	beq.n	100053a4 <dcd_edpt_open+0xd4>
1000533e:	019a      	lsls	r2, r3, #6
10005340:	464b      	mov	r3, r9
10005342:	4c1d      	ldr	r4, [pc, #116]	@ (100053b8 <dcd_edpt_open+0xe8>)
10005344:	195b      	adds	r3, r3, r5
10005346:	6821      	ldr	r1, [r4, #0]
10005348:	015b      	lsls	r3, r3, #5
1000534a:	18f6      	adds	r6, r6, r3
1000534c:	4b1b      	ldr	r3, [pc, #108]	@ (100053bc <dcd_edpt_open+0xec>)
1000534e:	188a      	adds	r2, r1, r2
10005350:	60f1      	str	r1, [r6, #12]
10005352:	6022      	str	r2, [r4, #0]
10005354:	429a      	cmp	r2, r3
10005356:	d827      	bhi.n	100053a8 <dcd_edpt_open+0xd8>
10005358:	4a19      	ldr	r2, [pc, #100]	@ (100053c0 <dcd_edpt_open+0xf0>)
1000535a:	0683      	lsls	r3, r0, #26
1000535c:	404a      	eors	r2, r1
1000535e:	4313      	orrs	r3, r2
10005360:	2280      	movs	r2, #128	@ 0x80
10005362:	0612      	lsls	r2, r2, #24
10005364:	4313      	orrs	r3, r2
10005366:	6872      	ldr	r2, [r6, #4]
10005368:	6013      	str	r3, [r2, #0]
1000536a:	2001      	movs	r0, #1
1000536c:	bcc0      	pop	{r6, r7}
1000536e:	46b9      	mov	r9, r7
10005370:	46b0      	mov	r8, r6
10005372:	bdf8      	pop	{r3, r4, r5, r6, r7, pc}
10005374:	4f13      	ldr	r7, [pc, #76]	@ (100053c4 <dcd_edpt_open+0xf4>)
10005376:	19d2      	adds	r2, r2, r7
10005378:	018f      	lsls	r7, r1, #6
1000537a:	46bc      	mov	ip, r7
1000537c:	44b4      	add	ip, r6
1000537e:	4667      	mov	r7, ip
10005380:	62ba      	str	r2, [r7, #40]	@ 0x28
10005382:	6014      	str	r4, [r2, #0]
10005384:	2900      	cmp	r1, #0
10005386:	d108      	bne.n	1000539a <dcd_edpt_open+0xca>
10005388:	2300      	movs	r3, #0
1000538a:	016d      	lsls	r5, r5, #5
1000538c:	1975      	adds	r5, r6, r5
1000538e:	606b      	str	r3, [r5, #4]
10005390:	4b0d      	ldr	r3, [pc, #52]	@ (100053c8 <dcd_edpt_open+0xf8>)
10005392:	60eb      	str	r3, [r5, #12]
10005394:	e7e9      	b.n	1000536a <dcd_edpt_open+0x9a>
10005396:	2000      	movs	r0, #0
10005398:	e7e8      	b.n	1000536c <dcd_edpt_open+0x9c>
1000539a:	4a09      	ldr	r2, [pc, #36]	@ (100053c0 <dcd_edpt_open+0xf0>)
1000539c:	00c9      	lsls	r1, r1, #3
1000539e:	1889      	adds	r1, r1, r2
100053a0:	6279      	str	r1, [r7, #36]	@ 0x24
100053a2:	e7c8      	b.n	10005336 <dcd_edpt_open+0x66>
100053a4:	01da      	lsls	r2, r3, #7
100053a6:	e7cb      	b.n	10005340 <dcd_edpt_open+0x70>
100053a8:	f7fc fc90 	bl	10001ccc <hard_assertion_failure>
100053ac:	20001a64 	.word	0x20001a64
100053b0:	50100084 	.word	0x50100084
100053b4:	50100004 	.word	0x50100004
100053b8:	20001e70 	.word	0x20001e70
100053bc:	50100fff 	.word	0x50100fff
100053c0:	50100000 	.word	0x50100000
100053c4:	50100080 	.word	0x50100080
100053c8:	50100100 	.word	0x50100100

100053cc <dcd_edpt_close_all>:
100053cc:	b510      	push	{r4, lr}
100053ce:	f002 f8cb 	bl	10007568 <__reset_non_control_endpoints_veneer>
100053d2:	bd10      	pop	{r4, pc}

100053d4 <dcd_edpt_xfer>:
100053d4:	207f      	movs	r0, #127	@ 0x7f
100053d6:	b510      	push	{r4, lr}
100053d8:	4008      	ands	r0, r1
100053da:	0040      	lsls	r0, r0, #1
100053dc:	09c9      	lsrs	r1, r1, #7
100053de:	1840      	adds	r0, r0, r1
100053e0:	0011      	movs	r1, r2
100053e2:	4a04      	ldr	r2, [pc, #16]	@ (100053f4 <dcd_edpt_xfer+0x20>)
100053e4:	0140      	lsls	r0, r0, #5
100053e6:	1880      	adds	r0, r0, r2
100053e8:	001a      	movs	r2, r3
100053ea:	f000 f85b 	bl	100054a4 <hw_endpoint_xfer_start>
100053ee:	2001      	movs	r0, #1
100053f0:	bd10      	pop	{r4, pc}
100053f2:	46c0      	nop			@ (mov r8, r8)
100053f4:	20001a64 	.word	0x20001a64

100053f8 <dcd_edpt_stall>:
100053f8:	237f      	movs	r3, #127	@ 0x7f
100053fa:	0018      	movs	r0, r3
100053fc:	b500      	push	{lr}
100053fe:	4008      	ands	r0, r1
10005400:	b083      	sub	sp, #12
10005402:	420b      	tst	r3, r1
10005404:	d104      	bne.n	10005410 <dcd_edpt_stall+0x18>
10005406:	424b      	negs	r3, r1
10005408:	414b      	adcs	r3, r1
1000540a:	4a08      	ldr	r2, [pc, #32]	@ (1000542c <dcd_edpt_stall+0x34>)
1000540c:	3301      	adds	r3, #1
1000540e:	6693      	str	r3, [r2, #104]	@ 0x68
10005410:	2280      	movs	r2, #128	@ 0x80
10005412:	09c9      	lsrs	r1, r1, #7
10005414:	0040      	lsls	r0, r0, #1
10005416:	4b06      	ldr	r3, [pc, #24]	@ (10005430 <dcd_edpt_stall+0x38>)
10005418:	1840      	adds	r0, r0, r1
1000541a:	0140      	lsls	r0, r0, #5
1000541c:	2100      	movs	r1, #0
1000541e:	18c0      	adds	r0, r0, r3
10005420:	0112      	lsls	r2, r2, #4
10005422:	f002 f899 	bl	10007558 <___hw_endpoint_buffer_control_update32_veneer>
10005426:	b003      	add	sp, #12
10005428:	bd00      	pop	{pc}
1000542a:	46c0      	nop			@ (mov r8, r8)
1000542c:	50112000 	.word	0x50112000
10005430:	20001a64 	.word	0x20001a64

10005434 <dcd_edpt_clear_stall>:
10005434:	227f      	movs	r2, #127	@ 0x7f
10005436:	0013      	movs	r3, r2
10005438:	b510      	push	{r4, lr}
1000543a:	400b      	ands	r3, r1
1000543c:	420a      	tst	r2, r1
1000543e:	d100      	bne.n	10005442 <dcd_edpt_clear_stall+0xe>
10005440:	bd10      	pop	{r4, pc}
10005442:	09c9      	lsrs	r1, r1, #7
10005444:	005b      	lsls	r3, r3, #1
10005446:	185b      	adds	r3, r3, r1
10005448:	4804      	ldr	r0, [pc, #16]	@ (1000545c <dcd_edpt_clear_stall+0x28>)
1000544a:	015b      	lsls	r3, r3, #5
1000544c:	18c0      	adds	r0, r0, r3
1000544e:	2300      	movs	r3, #0
10005450:	2200      	movs	r2, #0
10005452:	4903      	ldr	r1, [pc, #12]	@ (10005460 <dcd_edpt_clear_stall+0x2c>)
10005454:	70c3      	strb	r3, [r0, #3]
10005456:	f002 f87f 	bl	10007558 <___hw_endpoint_buffer_control_update32_veneer>
1000545a:	e7f1      	b.n	10005440 <dcd_edpt_clear_stall+0xc>
1000545c:	20001a64 	.word	0x20001a64
10005460:	fffff7ff 	.word	0xfffff7ff

10005464 <rp2040_usb_init>:
10005464:	2280      	movs	r2, #128	@ 0x80
10005466:	4b0a      	ldr	r3, [pc, #40]	@ (10005490 <rp2040_usb_init+0x2c>)
10005468:	0452      	lsls	r2, r2, #17
1000546a:	b510      	push	{r4, lr}
1000546c:	601a      	str	r2, [r3, #0]
1000546e:	4b09      	ldr	r3, [pc, #36]	@ (10005494 <rp2040_usb_init+0x30>)
10005470:	4909      	ldr	r1, [pc, #36]	@ (10005498 <rp2040_usb_init+0x34>)
10005472:	601a      	str	r2, [r3, #0]
10005474:	0010      	movs	r0, r2
10005476:	680b      	ldr	r3, [r1, #0]
10005478:	4398      	bics	r0, r3
1000547a:	d1fb      	bne.n	10005474 <rp2040_usb_init+0x10>
1000547c:	2280      	movs	r2, #128	@ 0x80
1000547e:	2100      	movs	r1, #0
10005480:	0152      	lsls	r2, r2, #5
10005482:	4806      	ldr	r0, [pc, #24]	@ (1000549c <rp2040_usb_init+0x38>)
10005484:	f7fd fc04 	bl	10002c90 <__wrap_memset>
10005488:	2209      	movs	r2, #9
1000548a:	4b05      	ldr	r3, [pc, #20]	@ (100054a0 <rp2040_usb_init+0x3c>)
1000548c:	675a      	str	r2, [r3, #116]	@ 0x74
1000548e:	bd10      	pop	{r4, pc}
10005490:	4000e000 	.word	0x4000e000
10005494:	4000f000 	.word	0x4000f000
10005498:	4000c008 	.word	0x4000c008
1000549c:	50100000 	.word	0x50100000
100054a0:	50110000 	.word	0x50110000

100054a4 <hw_endpoint_xfer_start>:
100054a4:	2300      	movs	r3, #0
100054a6:	b510      	push	{r4, lr}
100054a8:	82c3      	strh	r3, [r0, #22]
100054aa:	3301      	adds	r3, #1
100054ac:	8282      	strh	r2, [r0, #20]
100054ae:	7683      	strb	r3, [r0, #26]
100054b0:	6101      	str	r1, [r0, #16]
100054b2:	0004      	movs	r4, r0
100054b4:	f002 f888 	bl	100075c8 <__e15_is_bulkin_ep_veneer>
100054b8:	2800      	cmp	r0, #0
100054ba:	d004      	beq.n	100054c6 <hw_endpoint_xfer_start+0x22>
100054bc:	2180      	movs	r1, #128	@ 0x80
100054be:	2390      	movs	r3, #144	@ 0x90
100054c0:	4a07      	ldr	r2, [pc, #28]	@ (100054e0 <hw_endpoint_xfer_start+0x3c>)
100054c2:	0289      	lsls	r1, r1, #10
100054c4:	50d1      	str	r1, [r2, r3]
100054c6:	0020      	movs	r0, r4
100054c8:	f002 f88e 	bl	100075e8 <__e15_is_critical_frame_period_veneer>
100054cc:	2800      	cmp	r0, #0
100054ce:	d002      	beq.n	100054d6 <hw_endpoint_xfer_start+0x32>
100054d0:	2301      	movs	r3, #1
100054d2:	7723      	strb	r3, [r4, #28]
100054d4:	bd10      	pop	{r4, pc}
100054d6:	0020      	movs	r0, r4
100054d8:	f002 f84e 	bl	10007578 <__hw_endpoint_start_next_buffer_veneer>
100054dc:	e7fa      	b.n	100054d4 <hw_endpoint_xfer_start+0x30>
100054de:	46c0      	nop			@ (mov r8, r8)
100054e0:	50112000 	.word	0x50112000

100054e4 <tud_event_hook_cb>:
100054e4:	4770      	bx	lr
100054e6:	46c0      	nop			@ (mov r8, r8)

100054e8 <tud_sof_cb>:
100054e8:	4770      	bx	lr
100054ea:	46c0      	nop			@ (mov r8, r8)

100054ec <tud_descriptor_device_qualifier_cb>:
100054ec:	2000      	movs	r0, #0
100054ee:	4770      	bx	lr

100054f0 <tud_descriptor_other_speed_configuration_cb>:
100054f0:	2000      	movs	r0, #0
100054f2:	4770      	bx	lr

100054f4 <tud_mount_cb>:
100054f4:	4770      	bx	lr
100054f6:	46c0      	nop			@ (mov r8, r8)

100054f8 <tud_umount_cb>:
100054f8:	4770      	bx	lr
100054fa:	46c0      	nop			@ (mov r8, r8)

100054fc <tud_suspend_cb>:
100054fc:	4770      	bx	lr
100054fe:	46c0      	nop			@ (mov r8, r8)

10005500 <tud_resume_cb>:
10005500:	4770      	bx	lr
10005502:	46c0      	nop			@ (mov r8, r8)

10005504 <tud_mounted>:
10005504:	4b02      	ldr	r3, [pc, #8]	@ (10005510 <tud_mounted+0xc>)
10005506:	7858      	ldrb	r0, [r3, #1]
10005508:	1e43      	subs	r3, r0, #1
1000550a:	4198      	sbcs	r0, r3
1000550c:	b2c0      	uxtb	r0, r0
1000550e:	4770      	bx	lr
10005510:	200015d0 	.word	0x200015d0

10005514 <tud_suspended>:
10005514:	4b02      	ldr	r3, [pc, #8]	@ (10005520 <tud_suspended+0xc>)
10005516:	7818      	ldrb	r0, [r3, #0]
10005518:	0740      	lsls	r0, r0, #29
1000551a:	0fc0      	lsrs	r0, r0, #31
1000551c:	4770      	bx	lr
1000551e:	46c0      	nop			@ (mov r8, r8)
10005520:	200015d0 	.word	0x200015d0

10005524 <tud_rhport_init>:
10005524:	b5f0      	push	{r4, r5, r6, r7, lr}
10005526:	46d6      	mov	lr, sl
10005528:	464f      	mov	r7, r9
1000552a:	4646      	mov	r6, r8
1000552c:	b5c0      	push	{r6, r7, lr}
1000552e:	4b2c      	ldr	r3, [pc, #176]	@ (100055e0 <tud_rhport_init+0xbc>)
10005530:	4681      	mov	r9, r0
10005532:	4698      	mov	r8, r3
10005534:	781b      	ldrb	r3, [r3, #0]
10005536:	468a      	mov	sl, r1
10005538:	2bff      	cmp	r3, #255	@ 0xff
1000553a:	d14b      	bne.n	100055d4 <tud_rhport_init+0xb0>
1000553c:	2900      	cmp	r1, #0
1000553e:	d03b      	beq.n	100055b8 <tud_rhport_init+0x94>
10005540:	2100      	movs	r1, #0
10005542:	2254      	movs	r2, #84	@ 0x54
10005544:	4827      	ldr	r0, [pc, #156]	@ (100055e4 <tud_rhport_init+0xc0>)
10005546:	f7fd fba3 	bl	10002c90 <__wrap_memset>
1000554a:	2200      	movs	r2, #0
1000554c:	4c26      	ldr	r4, [pc, #152]	@ (100055e8 <tud_rhport_init+0xc4>)
1000554e:	4b27      	ldr	r3, [pc, #156]	@ (100055ec <tud_rhport_init+0xc8>)
10005550:	0020      	movs	r0, r4
10005552:	701a      	strb	r2, [r3, #0]
10005554:	f7fb fcba 	bl	10000ecc <mutex_init>
10005558:	4b25      	ldr	r3, [pc, #148]	@ (100055f0 <tud_rhport_init+0xcc>)
1000555a:	601c      	str	r4, [r3, #0]
1000555c:	4c25      	ldr	r4, [pc, #148]	@ (100055f4 <tud_rhport_init+0xd0>)
1000555e:	0020      	movs	r0, r4
10005560:	3c14      	subs	r4, #20
10005562:	f7fb fcc1 	bl	10000ee8 <critical_section_init>
10005566:	0020      	movs	r0, r4
10005568:	f001 fb98 	bl	10006c9c <tu_fifo_clear>
1000556c:	4b22      	ldr	r3, [pc, #136]	@ (100055f8 <tud_rhport_init+0xd4>)
1000556e:	4d23      	ldr	r5, [pc, #140]	@ (100055fc <tud_rhport_init+0xd8>)
10005570:	601c      	str	r4, [r3, #0]
10005572:	4b23      	ldr	r3, [pc, #140]	@ (10005600 <tud_rhport_init+0xdc>)
10005574:	2b00      	cmp	r3, #0
10005576:	d004      	beq.n	10005582 <tud_rhport_init+0x5e>
10005578:	0028      	movs	r0, r5
1000557a:	f7ff fe19 	bl	100051b0 <usbd_app_driver_get_cb>
1000557e:	4b21      	ldr	r3, [pc, #132]	@ (10005604 <tud_rhport_init+0xe0>)
10005580:	6018      	str	r0, [r3, #0]
10005582:	2400      	movs	r4, #0
10005584:	782b      	ldrb	r3, [r5, #0]
10005586:	4f20      	ldr	r7, [pc, #128]	@ (10005608 <tud_rhport_init+0xe4>)
10005588:	4e1e      	ldr	r6, [pc, #120]	@ (10005604 <tud_rhport_init+0xe0>)
1000558a:	e00d      	b.n	100055a8 <tud_rhport_init+0x84>
1000558c:	6833      	ldr	r3, [r6, #0]
1000558e:	0162      	lsls	r2, r4, #5
10005590:	189b      	adds	r3, r3, r2
10005592:	2b00      	cmp	r3, #0
10005594:	d010      	beq.n	100055b8 <tud_rhport_init+0x94>
10005596:	685b      	ldr	r3, [r3, #4]
10005598:	2b00      	cmp	r3, #0
1000559a:	d00d      	beq.n	100055b8 <tud_rhport_init+0x94>
1000559c:	4798      	blx	r3
1000559e:	3401      	adds	r4, #1
100055a0:	782b      	ldrb	r3, [r5, #0]
100055a2:	b2e4      	uxtb	r4, r4
100055a4:	42a3      	cmp	r3, r4
100055a6:	d309      	bcc.n	100055bc <tud_rhport_init+0x98>
100055a8:	42a3      	cmp	r3, r4
100055aa:	d8ef      	bhi.n	1000558c <tud_rhport_init+0x68>
100055ac:	1ae3      	subs	r3, r4, r3
100055ae:	015b      	lsls	r3, r3, #5
100055b0:	19db      	adds	r3, r3, r7
100055b2:	685b      	ldr	r3, [r3, #4]
100055b4:	2b00      	cmp	r3, #0
100055b6:	d1f1      	bne.n	1000559c <tud_rhport_init+0x78>
100055b8:	2000      	movs	r0, #0
100055ba:	e00c      	b.n	100055d6 <tud_rhport_init+0xb2>
100055bc:	4642      	mov	r2, r8
100055be:	464b      	mov	r3, r9
100055c0:	4651      	mov	r1, sl
100055c2:	4648      	mov	r0, r9
100055c4:	7013      	strb	r3, [r2, #0]
100055c6:	f7ff fe0f 	bl	100051e8 <dcd_init>
100055ca:	2800      	cmp	r0, #0
100055cc:	d0f4      	beq.n	100055b8 <tud_rhport_init+0x94>
100055ce:	4648      	mov	r0, r9
100055d0:	f7ff fe52 	bl	10005278 <dcd_int_enable>
100055d4:	2001      	movs	r0, #1
100055d6:	bce0      	pop	{r5, r6, r7}
100055d8:	46ba      	mov	sl, r7
100055da:	46b1      	mov	r9, r6
100055dc:	46a8      	mov	r8, r5
100055de:	bdf0      	pop	{r4, r5, r6, r7, pc}
100055e0:	2000107c 	.word	0x2000107c
100055e4:	200015d0 	.word	0x200015d0
100055e8:	200015c8 	.word	0x200015c8
100055ec:	20001ec3 	.word	0x20001ec3
100055f0:	20001624 	.word	0x20001624
100055f4:	20001074 	.word	0x20001074
100055f8:	20001628 	.word	0x20001628
100055fc:	20001ec1 	.word	0x20001ec1
10005600:	100051b1 	.word	0x100051b1
10005604:	200014e8 	.word	0x200014e8
10005608:	10007e88 	.word	0x10007e88

1000560c <tud_task_ext>:
1000560c:	b5f0      	push	{r4, r5, r6, r7, lr}
1000560e:	46de      	mov	lr, fp
10005610:	4657      	mov	r7, sl
10005612:	464e      	mov	r6, r9
10005614:	4645      	mov	r5, r8
10005616:	b5e0      	push	{r5, r6, r7, lr}
10005618:	4bc8      	ldr	r3, [pc, #800]	@ (1000593c <tud_task_ext+0x330>)
1000561a:	b091      	sub	sp, #68	@ 0x44
1000561c:	9303      	str	r3, [sp, #12]
1000561e:	781b      	ldrb	r3, [r3, #0]
10005620:	2bff      	cmp	r3, #255	@ 0xff
10005622:	d100      	bne.n	10005626 <tud_task_ext+0x1a>
10005624:	e142      	b.n	100058ac <tud_task_ext+0x2a0>
10005626:	4bc6      	ldr	r3, [pc, #792]	@ (10005940 <tud_task_ext+0x334>)
10005628:	4ec6      	ldr	r6, [pc, #792]	@ (10005944 <tud_task_ext+0x338>)
1000562a:	001f      	movs	r7, r3
1000562c:	4bc6      	ldr	r3, [pc, #792]	@ (10005948 <tud_task_ext+0x33c>)
1000562e:	ac0d      	add	r4, sp, #52	@ 0x34
10005630:	9302      	str	r3, [sp, #8]
10005632:	4bc6      	ldr	r3, [pc, #792]	@ (1000594c <tud_task_ext+0x340>)
10005634:	9301      	str	r3, [sp, #4]
10005636:	6835      	ldr	r5, [r6, #0]
10005638:	696a      	ldr	r2, [r5, #20]
1000563a:	f3ef 8110 	mrs	r1, PRIMASK
1000563e:	b672      	cpsid	i
10005640:	6813      	ldr	r3, [r2, #0]
10005642:	2b00      	cmp	r3, #0
10005644:	d0fc      	beq.n	10005640 <tud_task_ext+0x34>
10005646:	f3bf 8f5f 	dmb	sy
1000564a:	61a9      	str	r1, [r5, #24]
1000564c:	0028      	movs	r0, r5
1000564e:	0021      	movs	r1, r4
10005650:	f001 f95a 	bl	10006908 <tu_fifo_read>
10005654:	696a      	ldr	r2, [r5, #20]
10005656:	69ab      	ldr	r3, [r5, #24]
10005658:	f3bf 8f5f 	dmb	sy
1000565c:	2100      	movs	r1, #0
1000565e:	6011      	str	r1, [r2, #0]
10005660:	f383 8810 	msr	PRIMASK, r3
10005664:	2800      	cmp	r0, #0
10005666:	d100      	bne.n	1000566a <tud_task_ext+0x5e>
10005668:	e120      	b.n	100058ac <tud_task_ext+0x2a0>
1000566a:	7863      	ldrb	r3, [r4, #1]
1000566c:	2b08      	cmp	r3, #8
1000566e:	d8e2      	bhi.n	10005636 <tud_task_ext+0x2a>
10005670:	009b      	lsls	r3, r3, #2
10005672:	58fb      	ldr	r3, [r7, r3]
10005674:	469f      	mov	pc, r3
10005676:	6863      	ldr	r3, [r4, #4]
10005678:	2b00      	cmp	r3, #0
1000567a:	d0dc      	beq.n	10005636 <tud_task_ext+0x2a>
1000567c:	68a0      	ldr	r0, [r4, #8]
1000567e:	4798      	blx	r3
10005680:	e7d9      	b.n	10005636 <tud_task_ext+0x2a>
10005682:	227f      	movs	r2, #127	@ 0x7f
10005684:	7921      	ldrb	r1, [r4, #4]
10005686:	4db0      	ldr	r5, [pc, #704]	@ (10005948 <tud_task_ext+0x33c>)
10005688:	400a      	ands	r2, r1
1000568a:	0053      	lsls	r3, r2, #1
1000568c:	18eb      	adds	r3, r5, r3
1000568e:	4698      	mov	r8, r3
10005690:	09c8      	lsrs	r0, r1, #7
10005692:	4480      	add	r8, r0
10005694:	4640      	mov	r0, r8
10005696:	2301      	movs	r3, #1
10005698:	3030      	adds	r0, #48	@ 0x30
1000569a:	7905      	ldrb	r5, [r0, #4]
1000569c:	439d      	bics	r5, r3
1000569e:	7105      	strb	r5, [r0, #4]
100056a0:	7905      	ldrb	r5, [r0, #4]
100056a2:	3303      	adds	r3, #3
100056a4:	439d      	bics	r5, r3
100056a6:	7105      	strb	r5, [r0, #4]
100056a8:	2a00      	cmp	r2, #0
100056aa:	d100      	bne.n	100056ae <tud_task_ext+0xa2>
100056ac:	e105      	b.n	100058ba <tud_task_ext+0x2ae>
100056ae:	4643      	mov	r3, r8
100056b0:	4aa7      	ldr	r2, [pc, #668]	@ (10005950 <tud_task_ext+0x344>)
100056b2:	7d1b      	ldrb	r3, [r3, #20]
100056b4:	7812      	ldrb	r2, [r2, #0]
100056b6:	4293      	cmp	r3, r2
100056b8:	d300      	bcc.n	100056bc <tud_task_ext+0xb0>
100056ba:	e0f5      	b.n	100058a8 <tud_task_ext+0x29c>
100056bc:	4aa5      	ldr	r2, [pc, #660]	@ (10005954 <tud_task_ext+0x348>)
100056be:	015b      	lsls	r3, r3, #5
100056c0:	6815      	ldr	r5, [r2, #0]
100056c2:	18ed      	adds	r5, r5, r3
100056c4:	2d00      	cmp	r5, #0
100056c6:	d100      	bne.n	100056ca <tud_task_ext+0xbe>
100056c8:	e0f0      	b.n	100058ac <tud_task_ext+0x2a0>
100056ca:	68a3      	ldr	r3, [r4, #8]
100056cc:	7962      	ldrb	r2, [r4, #5]
100056ce:	7820      	ldrb	r0, [r4, #0]
100056d0:	69ad      	ldr	r5, [r5, #24]
100056d2:	47a8      	blx	r5
100056d4:	e7af      	b.n	10005636 <tud_task_ext+0x2a>
100056d6:	4ba0      	ldr	r3, [pc, #640]	@ (10005958 <tud_task_ext+0x34c>)
100056d8:	781a      	ldrb	r2, [r3, #0]
100056da:	2a00      	cmp	r2, #0
100056dc:	d100      	bne.n	100056e0 <tud_task_ext+0xd4>
100056de:	e0e5      	b.n	100058ac <tud_task_ext+0x2a0>
100056e0:	781a      	ldrb	r2, [r3, #0]
100056e2:	3a01      	subs	r2, #1
100056e4:	701a      	strb	r2, [r3, #0]
100056e6:	781b      	ldrb	r3, [r3, #0]
100056e8:	2b00      	cmp	r3, #0
100056ea:	d1a4      	bne.n	10005636 <tud_task_ext+0x2a>
100056ec:	2201      	movs	r2, #1
100056ee:	4d96      	ldr	r5, [pc, #600]	@ (10005948 <tud_task_ext+0x33c>)
100056f0:	2101      	movs	r1, #1
100056f2:	782b      	ldrb	r3, [r5, #0]
100056f4:	2004      	movs	r0, #4
100056f6:	4313      	orrs	r3, r2
100056f8:	702b      	strb	r3, [r5, #0]
100056fa:	2334      	movs	r3, #52	@ 0x34
100056fc:	5cea      	ldrb	r2, [r5, r3]
100056fe:	438a      	bics	r2, r1
10005700:	54ea      	strb	r2, [r5, r3]
10005702:	5cea      	ldrb	r2, [r5, r3]
10005704:	4382      	bics	r2, r0
10005706:	54ea      	strb	r2, [r5, r3]
10005708:	3301      	adds	r3, #1
1000570a:	5cea      	ldrb	r2, [r5, r3]
1000570c:	438a      	bics	r2, r1
1000570e:	54ea      	strb	r2, [r5, r3]
10005710:	5cea      	ldrb	r2, [r5, r3]
10005712:	4382      	bics	r2, r0
10005714:	54ea      	strb	r2, [r5, r3]
10005716:	7823      	ldrb	r3, [r4, #0]
10005718:	2000      	movs	r0, #0
1000571a:	469b      	mov	fp, r3
1000571c:	f000 fc88 	bl	10006030 <usbd_control_set_complete_callback>
10005720:	2260      	movs	r2, #96	@ 0x60
10005722:	7923      	ldrb	r3, [r4, #4]
10005724:	401a      	ands	r2, r3
10005726:	2a60      	cmp	r2, #96	@ 0x60
10005728:	d100      	bne.n	1000572c <tud_task_ext+0x120>
1000572a:	e0f1      	b.n	10005910 <tud_task_ext+0x304>
1000572c:	2a40      	cmp	r2, #64	@ 0x40
1000572e:	d100      	bne.n	10005732 <tud_task_ext+0x126>
10005730:	e0f7      	b.n	10005922 <tud_task_ext+0x316>
10005732:	06db      	lsls	r3, r3, #27
10005734:	0edb      	lsrs	r3, r3, #27
10005736:	2b01      	cmp	r3, #1
10005738:	d100      	bne.n	1000573c <tud_task_ext+0x130>
1000573a:	e115      	b.n	10005968 <tud_task_ext+0x35c>
1000573c:	2b02      	cmp	r3, #2
1000573e:	d100      	bne.n	10005742 <tud_task_ext+0x136>
10005740:	e0ca      	b.n	100058d8 <tud_task_ext+0x2cc>
10005742:	2b00      	cmp	r3, #0
10005744:	d000      	beq.n	10005748 <tud_task_ext+0x13c>
10005746:	e0e3      	b.n	10005910 <tud_task_ext+0x304>
10005748:	2a20      	cmp	r2, #32
1000574a:	d100      	bne.n	1000574e <tud_task_ext+0x142>
1000574c:	e211      	b.n	10005b72 <tud_task_ext+0x566>
1000574e:	2a00      	cmp	r2, #0
10005750:	d000      	beq.n	10005754 <tud_task_ext+0x148>
10005752:	e0dd      	b.n	10005910 <tud_task_ext+0x304>
10005754:	7963      	ldrb	r3, [r4, #5]
10005756:	2b09      	cmp	r3, #9
10005758:	d900      	bls.n	1000575c <tud_task_ext+0x150>
1000575a:	e0d9      	b.n	10005910 <tud_task_ext+0x304>
1000575c:	4a7f      	ldr	r2, [pc, #508]	@ (1000595c <tud_task_ext+0x350>)
1000575e:	009b      	lsls	r3, r3, #2
10005760:	58d3      	ldr	r3, [r2, r3]
10005762:	469f      	mov	pc, r3
10005764:	4d78      	ldr	r5, [pc, #480]	@ (10005948 <tud_task_ext+0x33c>)
10005766:	782b      	ldrb	r3, [r5, #0]
10005768:	07db      	lsls	r3, r3, #31
1000576a:	d400      	bmi.n	1000576e <tud_task_ext+0x162>
1000576c:	e763      	b.n	10005636 <tud_task_ext+0x2a>
1000576e:	f7ff fec7 	bl	10005500 <tud_resume_cb>
10005772:	e760      	b.n	10005636 <tud_task_ext+0x2a>
10005774:	9b02      	ldr	r3, [sp, #8]
10005776:	78db      	ldrb	r3, [r3, #3]
10005778:	07db      	lsls	r3, r3, #31
1000577a:	d400      	bmi.n	1000577e <tud_task_ext+0x172>
1000577c:	e75b      	b.n	10005636 <tud_task_ext+0x2a>
1000577e:	6860      	ldr	r0, [r4, #4]
10005780:	f7ff feb2 	bl	100054e8 <tud_sof_cb>
10005784:	e757      	b.n	10005636 <tud_task_ext+0x2a>
10005786:	4d70      	ldr	r5, [pc, #448]	@ (10005948 <tud_task_ext+0x33c>)
10005788:	782b      	ldrb	r3, [r5, #0]
1000578a:	07db      	lsls	r3, r3, #31
1000578c:	d400      	bmi.n	10005790 <tud_task_ext+0x184>
1000578e:	e752      	b.n	10005636 <tud_task_ext+0x2a>
10005790:	7828      	ldrb	r0, [r5, #0]
10005792:	0700      	lsls	r0, r0, #28
10005794:	0fc0      	lsrs	r0, r0, #31
10005796:	f7ff feb1 	bl	100054fc <tud_suspend_cb>
1000579a:	e74c      	b.n	10005636 <tud_task_ext+0x2a>
1000579c:	7823      	ldrb	r3, [r4, #0]
1000579e:	4a6b      	ldr	r2, [pc, #428]	@ (1000594c <tud_task_ext+0x340>)
100057a0:	4699      	mov	r9, r3
100057a2:	4693      	mov	fp, r2
100057a4:	4b6a      	ldr	r3, [pc, #424]	@ (10005950 <tud_task_ext+0x344>)
100057a6:	4a6b      	ldr	r2, [pc, #428]	@ (10005954 <tud_task_ext+0x348>)
100057a8:	4698      	mov	r8, r3
100057aa:	4692      	mov	sl, r2
100057ac:	003a      	movs	r2, r7
100057ae:	2500      	movs	r5, #0
100057b0:	4647      	mov	r7, r8
100057b2:	781b      	ldrb	r3, [r3, #0]
100057b4:	46b0      	mov	r8, r6
100057b6:	464e      	mov	r6, r9
100057b8:	4691      	mov	r9, r2
100057ba:	e00e      	b.n	100057da <tud_task_ext+0x1ce>
100057bc:	4653      	mov	r3, sl
100057be:	681b      	ldr	r3, [r3, #0]
100057c0:	016a      	lsls	r2, r5, #5
100057c2:	189b      	adds	r3, r3, r2
100057c4:	2b00      	cmp	r3, #0
100057c6:	d100      	bne.n	100057ca <tud_task_ext+0x1be>
100057c8:	e07d      	b.n	100058c6 <tud_task_ext+0x2ba>
100057ca:	68db      	ldr	r3, [r3, #12]
100057cc:	0030      	movs	r0, r6
100057ce:	4798      	blx	r3
100057d0:	3501      	adds	r5, #1
100057d2:	783b      	ldrb	r3, [r7, #0]
100057d4:	b2ed      	uxtb	r5, r5
100057d6:	42ab      	cmp	r3, r5
100057d8:	d30c      	bcc.n	100057f4 <tud_task_ext+0x1e8>
100057da:	42ab      	cmp	r3, r5
100057dc:	d8ee      	bhi.n	100057bc <tud_task_ext+0x1b0>
100057de:	1aeb      	subs	r3, r5, r3
100057e0:	015b      	lsls	r3, r3, #5
100057e2:	445b      	add	r3, fp
100057e4:	68db      	ldr	r3, [r3, #12]
100057e6:	0030      	movs	r0, r6
100057e8:	4798      	blx	r3
100057ea:	3501      	adds	r5, #1
100057ec:	783b      	ldrb	r3, [r7, #0]
100057ee:	b2ed      	uxtb	r5, r5
100057f0:	42ab      	cmp	r3, r5
100057f2:	d2f2      	bcs.n	100057da <tud_task_ext+0x1ce>
100057f4:	4d54      	ldr	r5, [pc, #336]	@ (10005948 <tud_task_ext+0x33c>)
100057f6:	2254      	movs	r2, #84	@ 0x54
100057f8:	2100      	movs	r1, #0
100057fa:	0028      	movs	r0, r5
100057fc:	f7fd fa48 	bl	10002c90 <__wrap_memset>
10005800:	2210      	movs	r2, #16
10005802:	21ff      	movs	r1, #255	@ 0xff
10005804:	1d28      	adds	r0, r5, #4
10005806:	f7fd fa43 	bl	10002c90 <__wrap_memset>
1000580a:	0028      	movs	r0, r5
1000580c:	2220      	movs	r2, #32
1000580e:	21ff      	movs	r1, #255	@ 0xff
10005810:	3014      	adds	r0, #20
10005812:	4646      	mov	r6, r8
10005814:	464f      	mov	r7, r9
10005816:	f7fd fa3b 	bl	10002c90 <__wrap_memset>
1000581a:	f000 fbff 	bl	1000601c <usbd_control_reset>
1000581e:	7923      	ldrb	r3, [r4, #4]
10005820:	70ab      	strb	r3, [r5, #2]
10005822:	e708      	b.n	10005636 <tud_task_ext+0x2a>
10005824:	7823      	ldrb	r3, [r4, #0]
10005826:	4a4b      	ldr	r2, [pc, #300]	@ (10005954 <tud_task_ext+0x348>)
10005828:	4699      	mov	r9, r3
1000582a:	4b49      	ldr	r3, [pc, #292]	@ (10005950 <tud_task_ext+0x344>)
1000582c:	4692      	mov	sl, r2
1000582e:	4698      	mov	r8, r3
10005830:	0032      	movs	r2, r6
10005832:	46bb      	mov	fp, r7
10005834:	464e      	mov	r6, r9
10005836:	2500      	movs	r5, #0
10005838:	4647      	mov	r7, r8
1000583a:	4691      	mov	r9, r2
1000583c:	781b      	ldrb	r3, [r3, #0]
1000583e:	e00d      	b.n	1000585c <tud_task_ext+0x250>
10005840:	4653      	mov	r3, sl
10005842:	681b      	ldr	r3, [r3, #0]
10005844:	016a      	lsls	r2, r5, #5
10005846:	189b      	adds	r3, r3, r2
10005848:	2b00      	cmp	r3, #0
1000584a:	d040      	beq.n	100058ce <tud_task_ext+0x2c2>
1000584c:	68db      	ldr	r3, [r3, #12]
1000584e:	0030      	movs	r0, r6
10005850:	4798      	blx	r3
10005852:	3501      	adds	r5, #1
10005854:	783b      	ldrb	r3, [r7, #0]
10005856:	b2ed      	uxtb	r5, r5
10005858:	42ab      	cmp	r3, r5
1000585a:	d30d      	bcc.n	10005878 <tud_task_ext+0x26c>
1000585c:	429d      	cmp	r5, r3
1000585e:	d3ef      	bcc.n	10005840 <tud_task_ext+0x234>
10005860:	9a01      	ldr	r2, [sp, #4]
10005862:	1aeb      	subs	r3, r5, r3
10005864:	015b      	lsls	r3, r3, #5
10005866:	18d3      	adds	r3, r2, r3
10005868:	68db      	ldr	r3, [r3, #12]
1000586a:	0030      	movs	r0, r6
1000586c:	4798      	blx	r3
1000586e:	3501      	adds	r5, #1
10005870:	783b      	ldrb	r3, [r7, #0]
10005872:	b2ed      	uxtb	r5, r5
10005874:	42ab      	cmp	r3, r5
10005876:	d2f1      	bcs.n	1000585c <tud_task_ext+0x250>
10005878:	9d02      	ldr	r5, [sp, #8]
1000587a:	2254      	movs	r2, #84	@ 0x54
1000587c:	2100      	movs	r1, #0
1000587e:	0028      	movs	r0, r5
10005880:	f7fd fa06 	bl	10002c90 <__wrap_memset>
10005884:	2210      	movs	r2, #16
10005886:	21ff      	movs	r1, #255	@ 0xff
10005888:	4835      	ldr	r0, [pc, #212]	@ (10005960 <tud_task_ext+0x354>)
1000588a:	f7fd fa01 	bl	10002c90 <__wrap_memset>
1000588e:	0028      	movs	r0, r5
10005890:	2220      	movs	r2, #32
10005892:	21ff      	movs	r1, #255	@ 0xff
10005894:	3014      	adds	r0, #20
10005896:	464e      	mov	r6, r9
10005898:	465f      	mov	r7, fp
1000589a:	f7fd f9f9 	bl	10002c90 <__wrap_memset>
1000589e:	f000 fbbd 	bl	1000601c <usbd_control_reset>
100058a2:	f7ff fe29 	bl	100054f8 <tud_umount_cb>
100058a6:	e6c6      	b.n	10005636 <tud_task_ext+0x2a>
100058a8:	4293      	cmp	r3, r2
100058aa:	d013      	beq.n	100058d4 <tud_task_ext+0x2c8>
100058ac:	b011      	add	sp, #68	@ 0x44
100058ae:	bcf0      	pop	{r4, r5, r6, r7}
100058b0:	46bb      	mov	fp, r7
100058b2:	46b2      	mov	sl, r6
100058b4:	46a9      	mov	r9, r5
100058b6:	46a0      	mov	r8, r4
100058b8:	bdf0      	pop	{r4, r5, r6, r7, pc}
100058ba:	68a3      	ldr	r3, [r4, #8]
100058bc:	7962      	ldrb	r2, [r4, #5]
100058be:	7820      	ldrb	r0, [r4, #0]
100058c0:	f000 fbca 	bl	10006058 <usbd_control_xfer_cb>
100058c4:	e6b7      	b.n	10005636 <tud_task_ext+0x2a>
100058c6:	4646      	mov	r6, r8
100058c8:	464f      	mov	r7, r9
100058ca:	4d1f      	ldr	r5, [pc, #124]	@ (10005948 <tud_task_ext+0x33c>)
100058cc:	e7a5      	b.n	1000581a <tud_task_ext+0x20e>
100058ce:	464e      	mov	r6, r9
100058d0:	465f      	mov	r7, fp
100058d2:	e7e4      	b.n	1000589e <tud_task_ext+0x292>
100058d4:	4d1d      	ldr	r5, [pc, #116]	@ (1000594c <tud_task_ext+0x340>)
100058d6:	e6f8      	b.n	100056ca <tud_task_ext+0xbe>
100058d8:	2370      	movs	r3, #112	@ 0x70
100058da:	7a21      	ldrb	r1, [r4, #8]
100058dc:	420b      	tst	r3, r1
100058de:	d117      	bne.n	10005910 <tud_task_ext+0x304>
100058e0:	09c8      	lsrs	r0, r1, #7
100058e2:	4682      	mov	sl, r0
100058e4:	330f      	adds	r3, #15
100058e6:	400b      	ands	r3, r1
100058e8:	005b      	lsls	r3, r3, #1
100058ea:	4698      	mov	r8, r3
100058ec:	4818      	ldr	r0, [pc, #96]	@ (10005950 <tud_task_ext+0x344>)
100058ee:	18eb      	adds	r3, r5, r3
100058f0:	4453      	add	r3, sl
100058f2:	7d1b      	ldrb	r3, [r3, #20]
100058f4:	7800      	ldrb	r0, [r0, #0]
100058f6:	4283      	cmp	r3, r0
100058f8:	d264      	bcs.n	100059c4 <tud_task_ext+0x3b8>
100058fa:	4816      	ldr	r0, [pc, #88]	@ (10005954 <tud_task_ext+0x348>)
100058fc:	015b      	lsls	r3, r3, #5
100058fe:	6800      	ldr	r0, [r0, #0]
10005900:	4681      	mov	r9, r0
10005902:	4499      	add	r9, r3
10005904:	2a00      	cmp	r2, #0
10005906:	d100      	bne.n	1000590a <tud_task_ext+0x2fe>
10005908:	e155      	b.n	10005bb6 <tud_task_ext+0x5aa>
1000590a:	464b      	mov	r3, r9
1000590c:	2b00      	cmp	r3, #0
1000590e:	d161      	bne.n	100059d4 <tud_task_ext+0x3c8>
10005910:	7820      	ldrb	r0, [r4, #0]
10005912:	2100      	movs	r1, #0
10005914:	f7ff fd70 	bl	100053f8 <dcd_edpt_stall>
10005918:	2180      	movs	r1, #128	@ 0x80
1000591a:	7820      	ldrb	r0, [r4, #0]
1000591c:	f7ff fd6c 	bl	100053f8 <dcd_edpt_stall>
10005920:	e689      	b.n	10005636 <tud_task_ext+0x2a>
10005922:	4810      	ldr	r0, [pc, #64]	@ (10005964 <tud_task_ext+0x358>)
10005924:	f000 fb84 	bl	10006030 <usbd_control_set_complete_callback>
10005928:	2101      	movs	r1, #1
1000592a:	4658      	mov	r0, fp
1000592c:	aa0e      	add	r2, sp, #56	@ 0x38
1000592e:	f7ff fc23 	bl	10005178 <tud_vendor_control_xfer_cb>
10005932:	2800      	cmp	r0, #0
10005934:	d000      	beq.n	10005938 <tud_task_ext+0x32c>
10005936:	e67e      	b.n	10005636 <tud_task_ext+0x2a>
10005938:	e7ea      	b.n	10005910 <tud_task_ext+0x304>
1000593a:	46c0      	nop			@ (mov r8, r8)
1000593c:	2000107c 	.word	0x2000107c
10005940:	10007de0 	.word	0x10007de0
10005944:	20001628 	.word	0x20001628
10005948:	200015d0 	.word	0x200015d0
1000594c:	10007e88 	.word	0x10007e88
10005950:	20001ec1 	.word	0x20001ec1
10005954:	200014e8 	.word	0x200014e8
10005958:	20001ec3 	.word	0x20001ec3
1000595c:	10007e04 	.word	0x10007e04
10005960:	200015d4 	.word	0x200015d4
10005964:	10005179 	.word	0x10005179
10005968:	7a23      	ldrb	r3, [r4, #8]
1000596a:	8922      	ldrh	r2, [r4, #8]
1000596c:	2b0f      	cmp	r3, #15
1000596e:	d8cf      	bhi.n	10005910 <tud_task_ext+0x304>
10005970:	23ff      	movs	r3, #255	@ 0xff
10005972:	4013      	ands	r3, r2
10005974:	4ad1      	ldr	r2, [pc, #836]	@ (10005cbc <tud_task_ext+0x6b0>)
10005976:	18eb      	adds	r3, r5, r3
10005978:	791b      	ldrb	r3, [r3, #4]
1000597a:	7812      	ldrb	r2, [r2, #0]
1000597c:	4293      	cmp	r3, r2
1000597e:	d334      	bcc.n	100059ea <tud_task_ext+0x3de>
10005980:	d1c6      	bne.n	10005910 <tud_task_ext+0x304>
10005982:	4dcf      	ldr	r5, [pc, #828]	@ (10005cc0 <tud_task_ext+0x6b4>)
10005984:	6968      	ldr	r0, [r5, #20]
10005986:	f000 fb53 	bl	10006030 <usbd_control_set_complete_callback>
1000598a:	2101      	movs	r1, #1
1000598c:	4658      	mov	r0, fp
1000598e:	696b      	ldr	r3, [r5, #20]
10005990:	aa0e      	add	r2, sp, #56	@ 0x38
10005992:	4798      	blx	r3
10005994:	2800      	cmp	r0, #0
10005996:	d000      	beq.n	1000599a <tud_task_ext+0x38e>
10005998:	e64d      	b.n	10005636 <tud_task_ext+0x2a>
1000599a:	2260      	movs	r2, #96	@ 0x60
1000599c:	0015      	movs	r5, r2
1000599e:	7923      	ldrb	r3, [r4, #4]
100059a0:	401d      	ands	r5, r3
100059a2:	421a      	tst	r2, r3
100059a4:	d1b4      	bne.n	10005910 <tud_task_ext+0x304>
100059a6:	7963      	ldrb	r3, [r4, #5]
100059a8:	3b0a      	subs	r3, #10
100059aa:	2b01      	cmp	r3, #1
100059ac:	d8b0      	bhi.n	10005910 <tud_task_ext+0x304>
100059ae:	f000 fb3f 	bl	10006030 <usbd_control_set_complete_callback>
100059b2:	7963      	ldrb	r3, [r4, #5]
100059b4:	2b0a      	cmp	r3, #10
100059b6:	d100      	bne.n	100059ba <tud_task_ext+0x3ae>
100059b8:	e18a      	b.n	10005cd0 <tud_task_ext+0x6c4>
100059ba:	4658      	mov	r0, fp
100059bc:	a90e      	add	r1, sp, #56	@ 0x38
100059be:	f000 fac7 	bl	10005f50 <tud_control_status>
100059c2:	e638      	b.n	10005636 <tud_task_ext+0x2a>
100059c4:	4283      	cmp	r3, r0
100059c6:	d000      	beq.n	100059ca <tud_task_ext+0x3be>
100059c8:	e0f0      	b.n	10005bac <tud_task_ext+0x5a0>
100059ca:	4bbd      	ldr	r3, [pc, #756]	@ (10005cc0 <tud_task_ext+0x6b4>)
100059cc:	4699      	mov	r9, r3
100059ce:	2a00      	cmp	r2, #0
100059d0:	d100      	bne.n	100059d4 <tud_task_ext+0x3c8>
100059d2:	e0f0      	b.n	10005bb6 <tud_task_ext+0x5aa>
100059d4:	464b      	mov	r3, r9
100059d6:	6958      	ldr	r0, [r3, #20]
100059d8:	f000 fb2a 	bl	10006030 <usbd_control_set_complete_callback>
100059dc:	464b      	mov	r3, r9
100059de:	2101      	movs	r1, #1
100059e0:	4658      	mov	r0, fp
100059e2:	695b      	ldr	r3, [r3, #20]
100059e4:	aa0e      	add	r2, sp, #56	@ 0x38
100059e6:	4798      	blx	r3
100059e8:	e7a3      	b.n	10005932 <tud_task_ext+0x326>
100059ea:	4ab6      	ldr	r2, [pc, #728]	@ (10005cc4 <tud_task_ext+0x6b8>)
100059ec:	015b      	lsls	r3, r3, #5
100059ee:	6815      	ldr	r5, [r2, #0]
100059f0:	18ed      	adds	r5, r5, r3
100059f2:	2d00      	cmp	r5, #0
100059f4:	d1c6      	bne.n	10005984 <tud_task_ext+0x378>
100059f6:	e78b      	b.n	10005910 <tud_task_ext+0x304>
100059f8:	79a3      	ldrb	r3, [r4, #6]
100059fa:	4699      	mov	r9, r3
100059fc:	786b      	ldrb	r3, [r5, #1]
100059fe:	4599      	cmp	r9, r3
10005a00:	d0db      	beq.n	100059ba <tud_task_ext+0x3ae>
10005a02:	786b      	ldrb	r3, [r5, #1]
10005a04:	2b00      	cmp	r3, #0
10005a06:	d000      	beq.n	10005a0a <tud_task_ext+0x3fe>
10005a08:	e12c      	b.n	10005c64 <tud_task_ext+0x658>
10005a0a:	464b      	mov	r3, r9
10005a0c:	706b      	strb	r3, [r5, #1]
10005a0e:	2b00      	cmp	r3, #0
10005a10:	d100      	bne.n	10005a14 <tud_task_ext+0x408>
10005a12:	e124      	b.n	10005c5e <tud_task_ext+0x652>
10005a14:	4648      	mov	r0, r9
10005a16:	3801      	subs	r0, #1
10005a18:	b2c0      	uxtb	r0, r0
10005a1a:	f7ff fa09 	bl	10004e30 <tud_descriptor_configuration_cb>
10005a1e:	2800      	cmp	r0, #0
10005a20:	d100      	bne.n	10005a24 <tud_task_ext+0x418>
10005a22:	e174      	b.n	10005d0e <tud_task_ext+0x702>
10005a24:	7843      	ldrb	r3, [r0, #1]
10005a26:	9307      	str	r3, [sp, #28]
10005a28:	2b02      	cmp	r3, #2
10005a2a:	d000      	beq.n	10005a2e <tud_task_ext+0x422>
10005a2c:	e16f      	b.n	10005d0e <tud_task_ext+0x702>
10005a2e:	2201      	movs	r2, #1
10005a30:	79c1      	ldrb	r1, [r0, #7]
10005a32:	46b1      	mov	r9, r6
10005a34:	118b      	asrs	r3, r1, #6
10005a36:	1149      	asrs	r1, r1, #5
10005a38:	4013      	ands	r3, r2
10005a3a:	400a      	ands	r2, r1
10005a3c:	2130      	movs	r1, #48	@ 0x30
10005a3e:	0112      	lsls	r2, r2, #4
10005a40:	015b      	lsls	r3, r3, #5
10005a42:	4313      	orrs	r3, r2
10005a44:	782a      	ldrb	r2, [r5, #0]
10005a46:	46a8      	mov	r8, r5
10005a48:	438a      	bics	r2, r1
10005a4a:	4313      	orrs	r3, r2
10005a4c:	702b      	strb	r3, [r5, #0]
10005a4e:	2309      	movs	r3, #9
10005a50:	469a      	mov	sl, r3
10005a52:	4482      	add	sl, r0
10005a54:	4656      	mov	r6, sl
10005a56:	46ba      	mov	sl, r7
10005a58:	78c3      	ldrb	r3, [r0, #3]
10005a5a:	7882      	ldrb	r2, [r0, #2]
10005a5c:	021b      	lsls	r3, r3, #8
10005a5e:	4313      	orrs	r3, r2
10005a60:	18c3      	adds	r3, r0, r3
10005a62:	9305      	str	r3, [sp, #20]
10005a64:	4b95      	ldr	r3, [pc, #596]	@ (10005cbc <tud_task_ext+0x6b0>)
10005a66:	9304      	str	r3, [sp, #16]
10005a68:	4b95      	ldr	r3, [pc, #596]	@ (10005cc0 <tud_task_ext+0x6b4>)
10005a6a:	9308      	str	r3, [sp, #32]
10005a6c:	4b95      	ldr	r3, [pc, #596]	@ (10005cc4 <tud_task_ext+0x6b8>)
10005a6e:	9309      	str	r3, [sp, #36]	@ 0x24
10005a70:	4b95      	ldr	r3, [pc, #596]	@ (10005cc8 <tud_task_ext+0x6bc>)
10005a72:	930a      	str	r3, [sp, #40]	@ 0x28
10005a74:	9b05      	ldr	r3, [sp, #20]
10005a76:	42b3      	cmp	r3, r6
10005a78:	d800      	bhi.n	10005a7c <tud_task_ext+0x470>
10005a7a:	e14b      	b.n	10005d14 <tud_task_ext+0x708>
10005a7c:	7873      	ldrb	r3, [r6, #1]
10005a7e:	2201      	movs	r2, #1
10005a80:	2b0b      	cmp	r3, #11
10005a82:	d103      	bne.n	10005a8c <tud_task_ext+0x480>
10005a84:	7833      	ldrb	r3, [r6, #0]
10005a86:	78f2      	ldrb	r2, [r6, #3]
10005a88:	18f6      	adds	r6, r6, r3
10005a8a:	7873      	ldrb	r3, [r6, #1]
10005a8c:	2b04      	cmp	r3, #4
10005a8e:	d000      	beq.n	10005a92 <tud_task_ext+0x486>
10005a90:	e13a      	b.n	10005d08 <tud_task_ext+0x6fc>
10005a92:	9b05      	ldr	r3, [sp, #20]
10005a94:	2700      	movs	r7, #0
10005a96:	1b9b      	subs	r3, r3, r6
10005a98:	b29b      	uxth	r3, r3
10005a9a:	9306      	str	r3, [sp, #24]
10005a9c:	9b04      	ldr	r3, [sp, #16]
10005a9e:	920b      	str	r2, [sp, #44]	@ 0x2c
10005aa0:	781d      	ldrb	r5, [r3, #0]
10005aa2:	e019      	b.n	10005ad8 <tud_task_ext+0x4cc>
10005aa4:	9a09      	ldr	r2, [sp, #36]	@ 0x24
10005aa6:	017b      	lsls	r3, r7, #5
10005aa8:	6815      	ldr	r5, [r2, #0]
10005aaa:	18ed      	adds	r5, r5, r3
10005aac:	2d00      	cmp	r5, #0
10005aae:	d100      	bne.n	10005ab2 <tud_task_ext+0x4a6>
10005ab0:	e12a      	b.n	10005d08 <tud_task_ext+0x6fc>
10005ab2:	0031      	movs	r1, r6
10005ab4:	4658      	mov	r0, fp
10005ab6:	692b      	ldr	r3, [r5, #16]
10005ab8:	9a06      	ldr	r2, [sp, #24]
10005aba:	4798      	blx	r3
10005abc:	4684      	mov	ip, r0
10005abe:	2808      	cmp	r0, #8
10005ac0:	d903      	bls.n	10005aca <tud_task_ext+0x4be>
10005ac2:	9a06      	ldr	r2, [sp, #24]
10005ac4:	4282      	cmp	r2, r0
10005ac6:	d300      	bcc.n	10005aca <tud_task_ext+0x4be>
10005ac8:	e10b      	b.n	10005ce2 <tud_task_ext+0x6d6>
10005aca:	9b04      	ldr	r3, [sp, #16]
10005acc:	3701      	adds	r7, #1
10005ace:	781d      	ldrb	r5, [r3, #0]
10005ad0:	b2ff      	uxtb	r7, r7
10005ad2:	42bd      	cmp	r5, r7
10005ad4:	d200      	bcs.n	10005ad8 <tud_task_ext+0x4cc>
10005ad6:	e117      	b.n	10005d08 <tud_task_ext+0x6fc>
10005ad8:	42bd      	cmp	r5, r7
10005ada:	d8e3      	bhi.n	10005aa4 <tud_task_ext+0x498>
10005adc:	9b08      	ldr	r3, [sp, #32]
10005ade:	1b7d      	subs	r5, r7, r5
10005ae0:	016d      	lsls	r5, r5, #5
10005ae2:	195d      	adds	r5, r3, r5
10005ae4:	e7e5      	b.n	10005ab2 <tud_task_ext+0x4a6>
10005ae6:	786b      	ldrb	r3, [r5, #1]
10005ae8:	aa0c      	add	r2, sp, #48	@ 0x30
10005aea:	3202      	adds	r2, #2
10005aec:	7013      	strb	r3, [r2, #0]
10005aee:	4658      	mov	r0, fp
10005af0:	2301      	movs	r3, #1
10005af2:	a90e      	add	r1, sp, #56	@ 0x38
10005af4:	f000 fa42 	bl	10005f7c <tud_control_xfer>
10005af8:	e59d      	b.n	10005636 <tud_task_ext+0x2a>
10005afa:	88e0      	ldrh	r0, [r4, #6]
10005afc:	0a03      	lsrs	r3, r0, #8
10005afe:	b2c0      	uxtb	r0, r0
10005b00:	2b0f      	cmp	r3, #15
10005b02:	d900      	bls.n	10005b06 <tud_task_ext+0x4fa>
10005b04:	e704      	b.n	10005910 <tud_task_ext+0x304>
10005b06:	4971      	ldr	r1, [pc, #452]	@ (10005ccc <tud_task_ext+0x6c0>)
10005b08:	009a      	lsls	r2, r3, #2
10005b0a:	588a      	ldr	r2, [r1, r2]
10005b0c:	4697      	mov	pc, r2
10005b0e:	a80e      	add	r0, sp, #56	@ 0x38
10005b10:	f000 fa94 	bl	1000603c <usbd_control_set_request>
10005b14:	4658      	mov	r0, fp
10005b16:	79a1      	ldrb	r1, [r4, #6]
10005b18:	f7ff fbb4 	bl	10005284 <dcd_set_address>
10005b1c:	2202      	movs	r2, #2
10005b1e:	782b      	ldrb	r3, [r5, #0]
10005b20:	4313      	orrs	r3, r2
10005b22:	702b      	strb	r3, [r5, #0]
10005b24:	e587      	b.n	10005636 <tud_task_ext+0x2a>
10005b26:	88e3      	ldrh	r3, [r4, #6]
10005b28:	2b01      	cmp	r3, #1
10005b2a:	d000      	beq.n	10005b2e <tud_task_ext+0x522>
10005b2c:	e6f0      	b.n	10005910 <tud_task_ext+0x304>
10005b2e:	2208      	movs	r2, #8
10005b30:	782b      	ldrb	r3, [r5, #0]
10005b32:	4658      	mov	r0, fp
10005b34:	4393      	bics	r3, r2
10005b36:	a90e      	add	r1, sp, #56	@ 0x38
10005b38:	702b      	strb	r3, [r5, #0]
10005b3a:	f000 fa09 	bl	10005f50 <tud_control_status>
10005b3e:	e57a      	b.n	10005636 <tud_task_ext+0x2a>
10005b40:	2002      	movs	r0, #2
10005b42:	7829      	ldrb	r1, [r5, #0]
10005b44:	ab0c      	add	r3, sp, #48	@ 0x30
10005b46:	1c9a      	adds	r2, r3, #2
10005b48:	068b      	lsls	r3, r1, #26
10005b4a:	0889      	lsrs	r1, r1, #2
10005b4c:	0fdb      	lsrs	r3, r3, #31
10005b4e:	4001      	ands	r1, r0
10005b50:	430b      	orrs	r3, r1
10005b52:	8013      	strh	r3, [r2, #0]
10005b54:	4658      	mov	r0, fp
10005b56:	2302      	movs	r3, #2
10005b58:	a90e      	add	r1, sp, #56	@ 0x38
10005b5a:	f000 fa0f 	bl	10005f7c <tud_control_xfer>
10005b5e:	e56a      	b.n	10005636 <tud_task_ext+0x2a>
10005b60:	88e3      	ldrh	r3, [r4, #6]
10005b62:	2b01      	cmp	r3, #1
10005b64:	d000      	beq.n	10005b68 <tud_task_ext+0x55c>
10005b66:	e6d3      	b.n	10005910 <tud_task_ext+0x304>
10005b68:	2208      	movs	r2, #8
10005b6a:	782b      	ldrb	r3, [r5, #0]
10005b6c:	4313      	orrs	r3, r2
10005b6e:	702b      	strb	r3, [r5, #0]
10005b70:	e723      	b.n	100059ba <tud_task_ext+0x3ae>
10005b72:	7a23      	ldrb	r3, [r4, #8]
10005b74:	8922      	ldrh	r2, [r4, #8]
10005b76:	2b0f      	cmp	r3, #15
10005b78:	d900      	bls.n	10005b7c <tud_task_ext+0x570>
10005b7a:	e6c9      	b.n	10005910 <tud_task_ext+0x304>
10005b7c:	23ff      	movs	r3, #255	@ 0xff
10005b7e:	4013      	ands	r3, r2
10005b80:	4a4e      	ldr	r2, [pc, #312]	@ (10005cbc <tud_task_ext+0x6b0>)
10005b82:	18eb      	adds	r3, r5, r3
10005b84:	791b      	ldrb	r3, [r3, #4]
10005b86:	7812      	ldrb	r2, [r2, #0]
10005b88:	4293      	cmp	r3, r2
10005b8a:	d228      	bcs.n	10005bde <tud_task_ext+0x5d2>
10005b8c:	4a4d      	ldr	r2, [pc, #308]	@ (10005cc4 <tud_task_ext+0x6b8>)
10005b8e:	015b      	lsls	r3, r3, #5
10005b90:	6815      	ldr	r5, [r2, #0]
10005b92:	18ed      	adds	r5, r5, r3
10005b94:	2d00      	cmp	r5, #0
10005b96:	d100      	bne.n	10005b9a <tud_task_ext+0x58e>
10005b98:	e6ba      	b.n	10005910 <tud_task_ext+0x304>
10005b9a:	6968      	ldr	r0, [r5, #20]
10005b9c:	f000 fa48 	bl	10006030 <usbd_control_set_complete_callback>
10005ba0:	2101      	movs	r1, #1
10005ba2:	4658      	mov	r0, fp
10005ba4:	696b      	ldr	r3, [r5, #20]
10005ba6:	aa0e      	add	r2, sp, #56	@ 0x38
10005ba8:	4798      	blx	r3
10005baa:	e6c2      	b.n	10005932 <tud_task_ext+0x326>
10005bac:	2a00      	cmp	r2, #0
10005bae:	d000      	beq.n	10005bb2 <tud_task_ext+0x5a6>
10005bb0:	e6ae      	b.n	10005910 <tud_task_ext+0x304>
10005bb2:	2300      	movs	r3, #0
10005bb4:	4699      	mov	r9, r3
10005bb6:	7962      	ldrb	r2, [r4, #5]
10005bb8:	2002      	movs	r0, #2
10005bba:	0013      	movs	r3, r2
10005bbc:	9204      	str	r2, [sp, #16]
10005bbe:	4383      	bics	r3, r0
10005bc0:	2b01      	cmp	r3, #1
10005bc2:	d011      	beq.n	10005be8 <tud_task_ext+0x5dc>
10005bc4:	2a00      	cmp	r2, #0
10005bc6:	d000      	beq.n	10005bca <tud_task_ext+0x5be>
10005bc8:	e6a2      	b.n	10005910 <tud_task_ext+0x304>
10005bca:	002b      	movs	r3, r5
10005bcc:	4443      	add	r3, r8
10005bce:	4453      	add	r3, sl
10005bd0:	3330      	adds	r3, #48	@ 0x30
10005bd2:	791b      	ldrb	r3, [r3, #4]
10005bd4:	aa0c      	add	r2, sp, #48	@ 0x30
10005bd6:	079b      	lsls	r3, r3, #30
10005bd8:	0fdb      	lsrs	r3, r3, #31
10005bda:	3202      	adds	r2, #2
10005bdc:	e7b9      	b.n	10005b52 <tud_task_ext+0x546>
10005bde:	4293      	cmp	r3, r2
10005be0:	d000      	beq.n	10005be4 <tud_task_ext+0x5d8>
10005be2:	e695      	b.n	10005910 <tud_task_ext+0x304>
10005be4:	4d36      	ldr	r5, [pc, #216]	@ (10005cc0 <tud_task_ext+0x6b4>)
10005be6:	e7d8      	b.n	10005b9a <tud_task_ext+0x58e>
10005be8:	88e3      	ldrh	r3, [r4, #6]
10005bea:	2b00      	cmp	r3, #0
10005bec:	d112      	bne.n	10005c14 <tud_task_ext+0x608>
10005bee:	9b03      	ldr	r3, [sp, #12]
10005bf0:	7818      	ldrb	r0, [r3, #0]
10005bf2:	9b04      	ldr	r3, [sp, #16]
10005bf4:	2b01      	cmp	r3, #1
10005bf6:	d023      	beq.n	10005c40 <tud_task_ext+0x634>
10005bf8:	f7ff fbfe 	bl	100053f8 <dcd_edpt_stall>
10005bfc:	4643      	mov	r3, r8
10005bfe:	2102      	movs	r1, #2
10005c00:	18eb      	adds	r3, r5, r3
10005c02:	4453      	add	r3, sl
10005c04:	3330      	adds	r3, #48	@ 0x30
10005c06:	791a      	ldrb	r2, [r3, #4]
10005c08:	430a      	orrs	r2, r1
10005c0a:	2101      	movs	r1, #1
10005c0c:	711a      	strb	r2, [r3, #4]
10005c0e:	791a      	ldrb	r2, [r3, #4]
10005c10:	430a      	orrs	r2, r1
10005c12:	711a      	strb	r2, [r3, #4]
10005c14:	464b      	mov	r3, r9
10005c16:	2b00      	cmp	r3, #0
10005c18:	d100      	bne.n	10005c1c <tud_task_ext+0x610>
10005c1a:	e50c      	b.n	10005636 <tud_task_ext+0x2a>
10005c1c:	6958      	ldr	r0, [r3, #20]
10005c1e:	f000 fa07 	bl	10006030 <usbd_control_set_complete_callback>
10005c22:	464b      	mov	r3, r9
10005c24:	2101      	movs	r1, #1
10005c26:	695b      	ldr	r3, [r3, #20]
10005c28:	aa0e      	add	r2, sp, #56	@ 0x38
10005c2a:	4658      	mov	r0, fp
10005c2c:	4798      	blx	r3
10005c2e:	2000      	movs	r0, #0
10005c30:	f000 f9fe 	bl	10006030 <usbd_control_set_complete_callback>
10005c34:	2335      	movs	r3, #53	@ 0x35
10005c36:	5ceb      	ldrb	r3, [r5, r3]
10005c38:	07db      	lsls	r3, r3, #31
10005c3a:	d500      	bpl.n	10005c3e <tud_task_ext+0x632>
10005c3c:	e4fb      	b.n	10005636 <tud_task_ext+0x2a>
10005c3e:	e6bc      	b.n	100059ba <tud_task_ext+0x3ae>
10005c40:	f7ff fbf8 	bl	10005434 <dcd_edpt_clear_stall>
10005c44:	4643      	mov	r3, r8
10005c46:	2102      	movs	r1, #2
10005c48:	18eb      	adds	r3, r5, r3
10005c4a:	4453      	add	r3, sl
10005c4c:	3330      	adds	r3, #48	@ 0x30
10005c4e:	791a      	ldrb	r2, [r3, #4]
10005c50:	438a      	bics	r2, r1
10005c52:	711a      	strb	r2, [r3, #4]
10005c54:	791a      	ldrb	r2, [r3, #4]
10005c56:	9904      	ldr	r1, [sp, #16]
10005c58:	438a      	bics	r2, r1
10005c5a:	711a      	strb	r2, [r3, #4]
10005c5c:	e7da      	b.n	10005c14 <tud_task_ext+0x608>
10005c5e:	f7ff fc4b 	bl	100054f8 <tud_umount_cb>
10005c62:	e6aa      	b.n	100059ba <tud_task_ext+0x3ae>
10005c64:	2100      	movs	r1, #0
10005c66:	4658      	mov	r0, fp
10005c68:	f7ff fb16 	bl	10005298 <dcd_sof_enable>
10005c6c:	4658      	mov	r0, fp
10005c6e:	f7ff fbad 	bl	100053cc <dcd_edpt_close_all>
10005c72:	2200      	movs	r2, #0
10005c74:	4692      	mov	sl, r2
10005c76:	4a12      	ldr	r2, [pc, #72]	@ (10005cc0 <tud_task_ext+0x6b4>)
10005c78:	78ab      	ldrb	r3, [r5, #2]
10005c7a:	9205      	str	r2, [sp, #20]
10005c7c:	4a11      	ldr	r2, [pc, #68]	@ (10005cc4 <tud_task_ext+0x6b8>)
10005c7e:	9304      	str	r3, [sp, #16]
10005c80:	9206      	str	r2, [sp, #24]
10005c82:	002a      	movs	r2, r5
10005c84:	4b0d      	ldr	r3, [pc, #52]	@ (10005cbc <tud_task_ext+0x6b0>)
10005c86:	4655      	mov	r5, sl
10005c88:	4698      	mov	r8, r3
10005c8a:	4692      	mov	sl, r2
10005c8c:	781b      	ldrb	r3, [r3, #0]
10005c8e:	e00e      	b.n	10005cae <tud_task_ext+0x6a2>
10005c90:	9b06      	ldr	r3, [sp, #24]
10005c92:	016a      	lsls	r2, r5, #5
10005c94:	681b      	ldr	r3, [r3, #0]
10005c96:	189b      	adds	r3, r3, r2
10005c98:	2b00      	cmp	r3, #0
10005c9a:	d054      	beq.n	10005d46 <tud_task_ext+0x73a>
10005c9c:	68db      	ldr	r3, [r3, #12]
10005c9e:	4658      	mov	r0, fp
10005ca0:	4798      	blx	r3
10005ca2:	4643      	mov	r3, r8
10005ca4:	3501      	adds	r5, #1
10005ca6:	781b      	ldrb	r3, [r3, #0]
10005ca8:	b2ed      	uxtb	r5, r5
10005caa:	42ab      	cmp	r3, r5
10005cac:	d337      	bcc.n	10005d1e <tud_task_ext+0x712>
10005cae:	42ab      	cmp	r3, r5
10005cb0:	d8ee      	bhi.n	10005c90 <tud_task_ext+0x684>
10005cb2:	9a05      	ldr	r2, [sp, #20]
10005cb4:	1aeb      	subs	r3, r5, r3
10005cb6:	015b      	lsls	r3, r3, #5
10005cb8:	18d3      	adds	r3, r2, r3
10005cba:	e7ef      	b.n	10005c9c <tud_task_ext+0x690>
10005cbc:	20001ec1 	.word	0x20001ec1
10005cc0:	10007e88 	.word	0x10007e88
10005cc4:	200014e8 	.word	0x200014e8
10005cc8:	200015e4 	.word	0x200015e4
10005ccc:	10007e2c 	.word	0x10007e2c
10005cd0:	ab0c      	add	r3, sp, #48	@ 0x30
10005cd2:	1c9a      	adds	r2, r3, #2
10005cd4:	4658      	mov	r0, fp
10005cd6:	2301      	movs	r3, #1
10005cd8:	a90e      	add	r1, sp, #56	@ 0x38
10005cda:	7015      	strb	r5, [r2, #0]
10005cdc:	f000 f94e 	bl	10005f7c <tud_control_xfer>
10005ce0:	e4a9      	b.n	10005636 <tud_task_ext+0x2a>
10005ce2:	9a0b      	ldr	r2, [sp, #44]	@ 0x2c
10005ce4:	2a01      	cmp	r2, #1
10005ce6:	d04c      	beq.n	10005d82 <tud_task_ext+0x776>
10005ce8:	2a00      	cmp	r2, #0
10005cea:	d03c      	beq.n	10005d66 <tud_task_ext+0x75a>
10005cec:	2300      	movs	r3, #0
10005cee:	78b0      	ldrb	r0, [r6, #2]
10005cf0:	e004      	b.n	10005cfc <tud_task_ext+0x6f0>
10005cf2:	3301      	adds	r3, #1
10005cf4:	b2db      	uxtb	r3, r3
10005cf6:	710f      	strb	r7, [r1, #4]
10005cf8:	4293      	cmp	r3, r2
10005cfa:	d234      	bcs.n	10005d66 <tud_task_ext+0x75a>
10005cfc:	18c1      	adds	r1, r0, r3
10005cfe:	b2c9      	uxtb	r1, r1
10005d00:	4441      	add	r1, r8
10005d02:	790d      	ldrb	r5, [r1, #4]
10005d04:	2dff      	cmp	r5, #255	@ 0xff
10005d06:	d0f4      	beq.n	10005cf2 <tud_task_ext+0x6e6>
10005d08:	464e      	mov	r6, r9
10005d0a:	4645      	mov	r5, r8
10005d0c:	4657      	mov	r7, sl
10005d0e:	2300      	movs	r3, #0
10005d10:	706b      	strb	r3, [r5, #1]
10005d12:	e5fd      	b.n	10005910 <tud_task_ext+0x304>
10005d14:	464e      	mov	r6, r9
10005d16:	4657      	mov	r7, sl
10005d18:	f7ff fbec 	bl	100054f4 <tud_mount_cb>
10005d1c:	e64d      	b.n	100059ba <tud_task_ext+0x3ae>
10005d1e:	4655      	mov	r5, sl
10005d20:	2254      	movs	r2, #84	@ 0x54
10005d22:	2100      	movs	r1, #0
10005d24:	0028      	movs	r0, r5
10005d26:	f7fc ffb3 	bl	10002c90 <__wrap_memset>
10005d2a:	2210      	movs	r2, #16
10005d2c:	21ff      	movs	r1, #255	@ 0xff
10005d2e:	1d28      	adds	r0, r5, #4
10005d30:	f7fc ffae 	bl	10002c90 <__wrap_memset>
10005d34:	0028      	movs	r0, r5
10005d36:	2220      	movs	r2, #32
10005d38:	21ff      	movs	r1, #255	@ 0xff
10005d3a:	3014      	adds	r0, #20
10005d3c:	f7fc ffa8 	bl	10002c90 <__wrap_memset>
10005d40:	9b04      	ldr	r3, [sp, #16]
10005d42:	70ab      	strb	r3, [r5, #2]
10005d44:	e661      	b.n	10005a0a <tud_task_ext+0x3fe>
10005d46:	4655      	mov	r5, sl
10005d48:	e7fa      	b.n	10005d40 <tud_task_ext+0x734>
10005d4a:	f7ff fa11 	bl	10005170 <tud_descriptor_bos_cb>
10005d4e:	1e02      	subs	r2, r0, #0
10005d50:	d100      	bne.n	10005d54 <tud_task_ext+0x748>
10005d52:	e5dd      	b.n	10005910 <tud_task_ext+0x304>
10005d54:	78d3      	ldrb	r3, [r2, #3]
10005d56:	7891      	ldrb	r1, [r2, #2]
10005d58:	021b      	lsls	r3, r3, #8
10005d5a:	430b      	orrs	r3, r1
10005d5c:	4658      	mov	r0, fp
10005d5e:	a90e      	add	r1, sp, #56	@ 0x38
10005d60:	f000 f90c 	bl	10005f7c <tud_control_xfer>
10005d64:	e5e5      	b.n	10005932 <tud_task_ext+0x326>
10005d66:	4665      	mov	r5, ip
10005d68:	003b      	movs	r3, r7
10005d6a:	0031      	movs	r1, r6
10005d6c:	002a      	movs	r2, r5
10005d6e:	980a      	ldr	r0, [sp, #40]	@ 0x28
10005d70:	f000 fd46 	bl	10006800 <tu_edpt_bind_driver>
10005d74:	9b04      	ldr	r3, [sp, #16]
10005d76:	1976      	adds	r6, r6, r5
10005d78:	781b      	ldrb	r3, [r3, #0]
10005d7a:	42bb      	cmp	r3, r7
10005d7c:	d300      	bcc.n	10005d80 <tud_task_ext+0x774>
10005d7e:	e679      	b.n	10005a74 <tud_task_ext+0x468>
10005d80:	e7c2      	b.n	10005d08 <tud_task_ext+0x6fc>
10005d82:	4b17      	ldr	r3, [pc, #92]	@ (10005de0 <tud_task_ext+0x7d4>)
10005d84:	6929      	ldr	r1, [r5, #16]
10005d86:	4299      	cmp	r1, r3
10005d88:	d1b0      	bne.n	10005cec <tud_task_ext+0x6e0>
10005d8a:	9a07      	ldr	r2, [sp, #28]
10005d8c:	e7ae      	b.n	10005cec <tud_task_ext+0x6e0>
10005d8e:	f7ff fbad 	bl	100054ec <tud_descriptor_device_qualifier_cb>
10005d92:	1e02      	subs	r2, r0, #0
10005d94:	d100      	bne.n	10005d98 <tud_task_ext+0x78c>
10005d96:	e5bb      	b.n	10005910 <tud_task_ext+0x304>
10005d98:	4658      	mov	r0, fp
10005d9a:	7813      	ldrb	r3, [r2, #0]
10005d9c:	a90e      	add	r1, sp, #56	@ 0x38
10005d9e:	f000 f8ed 	bl	10005f7c <tud_control_xfer>
10005da2:	e5c6      	b.n	10005932 <tud_task_ext+0x326>
10005da4:	8921      	ldrh	r1, [r4, #8]
10005da6:	f7ff f847 	bl	10004e38 <tud_descriptor_string_cb>
10005daa:	1e02      	subs	r2, r0, #0
10005dac:	d1f4      	bne.n	10005d98 <tud_task_ext+0x78c>
10005dae:	e5af      	b.n	10005910 <tud_task_ext+0x304>
10005db0:	2b02      	cmp	r3, #2
10005db2:	d00f      	beq.n	10005dd4 <tud_task_ext+0x7c8>
10005db4:	f7ff fb9c 	bl	100054f0 <tud_descriptor_other_speed_configuration_cb>
10005db8:	1e02      	subs	r2, r0, #0
10005dba:	d1cb      	bne.n	10005d54 <tud_task_ext+0x748>
10005dbc:	e5a8      	b.n	10005910 <tud_task_ext+0x304>
10005dbe:	f7ff f833 	bl	10004e28 <tud_descriptor_device_cb>
10005dc2:	1e02      	subs	r2, r0, #0
10005dc4:	d100      	bne.n	10005dc8 <tud_task_ext+0x7bc>
10005dc6:	e5a3      	b.n	10005910 <tud_task_ext+0x304>
10005dc8:	2312      	movs	r3, #18
10005dca:	4658      	mov	r0, fp
10005dcc:	a90e      	add	r1, sp, #56	@ 0x38
10005dce:	f000 f8d5 	bl	10005f7c <tud_control_xfer>
10005dd2:	e5ae      	b.n	10005932 <tud_task_ext+0x326>
10005dd4:	f7ff f82c 	bl	10004e30 <tud_descriptor_configuration_cb>
10005dd8:	1e02      	subs	r2, r0, #0
10005dda:	d1bb      	bne.n	10005d54 <tud_task_ext+0x748>
10005ddc:	e598      	b.n	10005910 <tud_task_ext+0x304>
10005dde:	46c0      	nop			@ (mov r8, r8)
10005de0:	10006429 	.word	0x10006429

10005de4 <usbd_open_edpt_pair>:
10005de4:	b5f0      	push	{r4, r5, r6, r7, lr}
10005de6:	464f      	mov	r7, r9
10005de8:	4646      	mov	r6, r8
10005dea:	46d6      	mov	lr, sl
10005dec:	b5c0      	push	{r6, r7, lr}
10005dee:	000c      	movs	r4, r1
10005df0:	0016      	movs	r6, r2
10005df2:	001f      	movs	r7, r3
10005df4:	b082      	sub	sp, #8
10005df6:	2a00      	cmp	r2, #0
10005df8:	d03a      	beq.n	10005e70 <usbd_open_edpt_pair+0x8c>
10005dfa:	2370      	movs	r3, #112	@ 0x70
10005dfc:	4698      	mov	r8, r3
10005dfe:	4b1d      	ldr	r3, [pc, #116]	@ (10005e74 <usbd_open_edpt_pair+0x90>)
10005e00:	2500      	movs	r5, #0
10005e02:	4699      	mov	r9, r3
10005e04:	4b1c      	ldr	r3, [pc, #112]	@ (10005e78 <usbd_open_edpt_pair+0x94>)
10005e06:	469a      	mov	sl, r3
10005e08:	e01a      	b.n	10005e40 <usbd_open_edpt_pair+0x5c>
10005e0a:	464b      	mov	r3, r9
10005e0c:	781b      	ldrb	r3, [r3, #0]
10005e0e:	0020      	movs	r0, r4
10005e10:	9301      	str	r3, [sp, #4]
10005e12:	4653      	mov	r3, sl
10005e14:	7899      	ldrb	r1, [r3, #2]
10005e16:	f000 fcb9 	bl	1000678c <tu_edpt_validate>
10005e1a:	2800      	cmp	r0, #0
10005e1c:	d01c      	beq.n	10005e58 <usbd_open_edpt_pair+0x74>
10005e1e:	0021      	movs	r1, r4
10005e20:	9801      	ldr	r0, [sp, #4]
10005e22:	f7ff fa55 	bl	100052d0 <dcd_edpt_open>
10005e26:	2800      	cmp	r0, #0
10005e28:	d016      	beq.n	10005e58 <usbd_open_edpt_pair+0x74>
10005e2a:	78a3      	ldrb	r3, [r4, #2]
10005e2c:	09da      	lsrs	r2, r3, #7
10005e2e:	2a01      	cmp	r2, #1
10005e30:	d019      	beq.n	10005e66 <usbd_open_edpt_pair+0x82>
10005e32:	9a0a      	ldr	r2, [sp, #40]	@ 0x28
10005e34:	3501      	adds	r5, #1
10005e36:	7013      	strb	r3, [r2, #0]
10005e38:	42b5      	cmp	r5, r6
10005e3a:	da19      	bge.n	10005e70 <usbd_open_edpt_pair+0x8c>
10005e3c:	7823      	ldrb	r3, [r4, #0]
10005e3e:	18e4      	adds	r4, r4, r3
10005e40:	7863      	ldrb	r3, [r4, #1]
10005e42:	2b05      	cmp	r3, #5
10005e44:	d108      	bne.n	10005e58 <usbd_open_edpt_pair+0x74>
10005e46:	78e3      	ldrb	r3, [r4, #3]
10005e48:	079b      	lsls	r3, r3, #30
10005e4a:	0f9b      	lsrs	r3, r3, #30
10005e4c:	42bb      	cmp	r3, r7
10005e4e:	d103      	bne.n	10005e58 <usbd_open_edpt_pair+0x74>
10005e50:	4642      	mov	r2, r8
10005e52:	78a3      	ldrb	r3, [r4, #2]
10005e54:	421a      	tst	r2, r3
10005e56:	d0d8      	beq.n	10005e0a <usbd_open_edpt_pair+0x26>
10005e58:	2000      	movs	r0, #0
10005e5a:	b002      	add	sp, #8
10005e5c:	bce0      	pop	{r5, r6, r7}
10005e5e:	46ba      	mov	sl, r7
10005e60:	46b1      	mov	r9, r6
10005e62:	46a8      	mov	r8, r5
10005e64:	bdf0      	pop	{r4, r5, r6, r7, pc}
10005e66:	9a0b      	ldr	r2, [sp, #44]	@ 0x2c
10005e68:	3501      	adds	r5, #1
10005e6a:	7013      	strb	r3, [r2, #0]
10005e6c:	42b5      	cmp	r5, r6
10005e6e:	dbe5      	blt.n	10005e3c <usbd_open_edpt_pair+0x58>
10005e70:	2001      	movs	r0, #1
10005e72:	e7f2      	b.n	10005e5a <usbd_open_edpt_pair+0x76>
10005e74:	2000107c 	.word	0x2000107c
10005e78:	200015d0 	.word	0x200015d0

10005e7c <usbd_edpt_open>:
10005e7c:	2270      	movs	r2, #112	@ 0x70
10005e7e:	b570      	push	{r4, r5, r6, lr}
10005e80:	788b      	ldrb	r3, [r1, #2]
10005e82:	000c      	movs	r4, r1
10005e84:	421a      	tst	r2, r3
10005e86:	d001      	beq.n	10005e8c <usbd_edpt_open+0x10>
10005e88:	2000      	movs	r0, #0
10005e8a:	bd70      	pop	{r4, r5, r6, pc}
10005e8c:	4b06      	ldr	r3, [pc, #24]	@ (10005ea8 <usbd_edpt_open+0x2c>)
10005e8e:	0020      	movs	r0, r4
10005e90:	781d      	ldrb	r5, [r3, #0]
10005e92:	4b06      	ldr	r3, [pc, #24]	@ (10005eac <usbd_edpt_open+0x30>)
10005e94:	7899      	ldrb	r1, [r3, #2]
10005e96:	f000 fc79 	bl	1000678c <tu_edpt_validate>
10005e9a:	2800      	cmp	r0, #0
10005e9c:	d0f4      	beq.n	10005e88 <usbd_edpt_open+0xc>
10005e9e:	0021      	movs	r1, r4
10005ea0:	0028      	movs	r0, r5
10005ea2:	f7ff fa15 	bl	100052d0 <dcd_edpt_open>
10005ea6:	e7f0      	b.n	10005e8a <usbd_edpt_open+0xe>
10005ea8:	2000107c 	.word	0x2000107c
10005eac:	200015d0 	.word	0x200015d0

10005eb0 <usbd_edpt_claim>:
10005eb0:	207f      	movs	r0, #127	@ 0x7f
10005eb2:	4b07      	ldr	r3, [pc, #28]	@ (10005ed0 <usbd_edpt_claim+0x20>)
10005eb4:	b510      	push	{r4, lr}
10005eb6:	681a      	ldr	r2, [r3, #0]
10005eb8:	4008      	ands	r0, r1
10005eba:	09cb      	lsrs	r3, r1, #7
10005ebc:	3334      	adds	r3, #52	@ 0x34
10005ebe:	0040      	lsls	r0, r0, #1
10005ec0:	18c0      	adds	r0, r0, r3
10005ec2:	4b04      	ldr	r3, [pc, #16]	@ (10005ed4 <usbd_edpt_claim+0x24>)
10005ec4:	0011      	movs	r1, r2
10005ec6:	18c0      	adds	r0, r0, r3
10005ec8:	f000 fc1c 	bl	10006704 <tu_edpt_claim>
10005ecc:	bd10      	pop	{r4, pc}
10005ece:	46c0      	nop			@ (mov r8, r8)
10005ed0:	20001624 	.word	0x20001624
10005ed4:	200015d0 	.word	0x200015d0

10005ed8 <usbd_edpt_release>:
10005ed8:	207f      	movs	r0, #127	@ 0x7f
10005eda:	4b07      	ldr	r3, [pc, #28]	@ (10005ef8 <usbd_edpt_release+0x20>)
10005edc:	b510      	push	{r4, lr}
10005ede:	681a      	ldr	r2, [r3, #0]
10005ee0:	4008      	ands	r0, r1
10005ee2:	09cb      	lsrs	r3, r1, #7
10005ee4:	3334      	adds	r3, #52	@ 0x34
10005ee6:	0040      	lsls	r0, r0, #1
10005ee8:	18c0      	adds	r0, r0, r3
10005eea:	4b04      	ldr	r3, [pc, #16]	@ (10005efc <usbd_edpt_release+0x24>)
10005eec:	0011      	movs	r1, r2
10005eee:	18c0      	adds	r0, r0, r3
10005ef0:	f000 fc30 	bl	10006754 <tu_edpt_release>
10005ef4:	bd10      	pop	{r4, pc}
10005ef6:	46c0      	nop			@ (mov r8, r8)
10005ef8:	20001624 	.word	0x20001624
10005efc:	200015d0 	.word	0x200015d0

10005f00 <usbd_edpt_xfer>:
10005f00:	b570      	push	{r4, r5, r6, lr}
10005f02:	247f      	movs	r4, #127	@ 0x7f
10005f04:	09c8      	lsrs	r0, r1, #7
10005f06:	4684      	mov	ip, r0
10005f08:	400c      	ands	r4, r1
10005f0a:	480f      	ldr	r0, [pc, #60]	@ (10005f48 <usbd_edpt_xfer+0x48>)
10005f0c:	0064      	lsls	r4, r4, #1
10005f0e:	1904      	adds	r4, r0, r4
10005f10:	4464      	add	r4, ip
10005f12:	3430      	adds	r4, #48	@ 0x30
10005f14:	7920      	ldrb	r0, [r4, #4]
10005f16:	07c0      	lsls	r0, r0, #31
10005f18:	d501      	bpl.n	10005f1e <usbd_edpt_xfer+0x1e>
10005f1a:	2000      	movs	r0, #0
10005f1c:	bd70      	pop	{r4, r5, r6, pc}
10005f1e:	480b      	ldr	r0, [pc, #44]	@ (10005f4c <usbd_edpt_xfer+0x4c>)
10005f20:	2501      	movs	r5, #1
10005f22:	7800      	ldrb	r0, [r0, #0]
10005f24:	4684      	mov	ip, r0
10005f26:	7920      	ldrb	r0, [r4, #4]
10005f28:	4328      	orrs	r0, r5
10005f2a:	7120      	strb	r0, [r4, #4]
10005f2c:	4660      	mov	r0, ip
10005f2e:	f7ff fa51 	bl	100053d4 <dcd_edpt_xfer>
10005f32:	2800      	cmp	r0, #0
10005f34:	d1f2      	bne.n	10005f1c <usbd_edpt_xfer+0x1c>
10005f36:	2201      	movs	r2, #1
10005f38:	7923      	ldrb	r3, [r4, #4]
10005f3a:	4393      	bics	r3, r2
10005f3c:	7123      	strb	r3, [r4, #4]
10005f3e:	7923      	ldrb	r3, [r4, #4]
10005f40:	3203      	adds	r2, #3
10005f42:	4393      	bics	r3, r2
10005f44:	7123      	strb	r3, [r4, #4]
10005f46:	e7e8      	b.n	10005f1a <usbd_edpt_xfer+0x1a>
10005f48:	200015d0 	.word	0x200015d0
10005f4c:	2000107c 	.word	0x2000107c

10005f50 <tud_control_status>:
10005f50:	b570      	push	{r4, r5, r6, lr}
10005f52:	4c09      	ldr	r4, [pc, #36]	@ (10005f78 <tud_control_status+0x28>)
10005f54:	0006      	movs	r6, r0
10005f56:	2208      	movs	r2, #8
10005f58:	0020      	movs	r0, r4
10005f5a:	000d      	movs	r5, r1
10005f5c:	f7fc fe9e 	bl	10002c9c <__wrap___aeabi_memcpy>
10005f60:	2300      	movs	r3, #0
10005f62:	2180      	movs	r1, #128	@ 0x80
10005f64:	60e3      	str	r3, [r4, #12]
10005f66:	60a3      	str	r3, [r4, #8]
10005f68:	782b      	ldrb	r3, [r5, #0]
10005f6a:	0030      	movs	r0, r6
10005f6c:	4399      	bics	r1, r3
10005f6e:	2200      	movs	r2, #0
10005f70:	2300      	movs	r3, #0
10005f72:	f7ff ffc5 	bl	10005f00 <usbd_edpt_xfer>
10005f76:	bd70      	pop	{r4, r5, r6, pc}
10005f78:	200015b0 	.word	0x200015b0

10005f7c <tud_control_xfer>:
10005f7c:	b5f0      	push	{r4, r5, r6, r7, lr}
10005f7e:	46c6      	mov	lr, r8
10005f80:	4c24      	ldr	r4, [pc, #144]	@ (10006014 <tud_control_xfer+0x98>)
10005f82:	0017      	movs	r7, r2
10005f84:	4680      	mov	r8, r0
10005f86:	2208      	movs	r2, #8
10005f88:	0020      	movs	r0, r4
10005f8a:	b500      	push	{lr}
10005f8c:	000d      	movs	r5, r1
10005f8e:	001e      	movs	r6, r3
10005f90:	f7fc fe84 	bl	10002c9c <__wrap___aeabi_memcpy>
10005f94:	2300      	movs	r3, #0
10005f96:	60a7      	str	r7, [r4, #8]
10005f98:	81e3      	strh	r3, [r4, #14]
10005f9a:	79eb      	ldrb	r3, [r5, #7]
10005f9c:	79aa      	ldrb	r2, [r5, #6]
10005f9e:	021b      	lsls	r3, r3, #8
10005fa0:	4313      	orrs	r3, r2
10005fa2:	1c1a      	adds	r2, r3, #0
10005fa4:	42b3      	cmp	r3, r6
10005fa6:	d900      	bls.n	10005faa <tud_control_xfer+0x2e>
10005fa8:	1c32      	adds	r2, r6, #0
10005faa:	b296      	uxth	r6, r2
10005fac:	81a2      	strh	r2, [r4, #12]
10005fae:	2b00      	cmp	r3, #0
10005fb0:	d00c      	beq.n	10005fcc <tud_control_xfer+0x50>
10005fb2:	2e00      	cmp	r6, #0
10005fb4:	d015      	beq.n	10005fe2 <tud_control_xfer+0x66>
10005fb6:	2f00      	cmp	r7, #0
10005fb8:	d02a      	beq.n	10006010 <tud_control_xfer+0x94>
10005fba:	2e40      	cmp	r6, #64	@ 0x40
10005fbc:	d81a      	bhi.n	10005ff4 <tud_control_xfer+0x78>
10005fbe:	7823      	ldrb	r3, [r4, #0]
10005fc0:	b296      	uxth	r6, r2
10005fc2:	2b7f      	cmp	r3, #127	@ 0x7f
10005fc4:	d81b      	bhi.n	10005ffe <tud_control_xfer+0x82>
10005fc6:	2100      	movs	r1, #0
10005fc8:	4a13      	ldr	r2, [pc, #76]	@ (10006018 <tud_control_xfer+0x9c>)
10005fca:	e00e      	b.n	10005fea <tud_control_xfer+0x6e>
10005fcc:	2180      	movs	r1, #128	@ 0x80
10005fce:	782b      	ldrb	r3, [r5, #0]
10005fd0:	2200      	movs	r2, #0
10005fd2:	4399      	bics	r1, r3
10005fd4:	4640      	mov	r0, r8
10005fd6:	2300      	movs	r3, #0
10005fd8:	f7ff ff92 	bl	10005f00 <usbd_edpt_xfer>
10005fdc:	bc80      	pop	{r7}
10005fde:	46b8      	mov	r8, r7
10005fe0:	bdf0      	pop	{r4, r5, r6, r7, pc}
10005fe2:	237f      	movs	r3, #127	@ 0x7f
10005fe4:	2200      	movs	r2, #0
10005fe6:	7821      	ldrb	r1, [r4, #0]
10005fe8:	4399      	bics	r1, r3
10005fea:	0033      	movs	r3, r6
10005fec:	4640      	mov	r0, r8
10005fee:	f7ff ff87 	bl	10005f00 <usbd_edpt_xfer>
10005ff2:	e7f3      	b.n	10005fdc <tud_control_xfer+0x60>
10005ff4:	2240      	movs	r2, #64	@ 0x40
10005ff6:	7823      	ldrb	r3, [r4, #0]
10005ff8:	b296      	uxth	r6, r2
10005ffa:	2b7f      	cmp	r3, #127	@ 0x7f
10005ffc:	d9e3      	bls.n	10005fc6 <tud_control_xfer+0x4a>
10005ffe:	4c06      	ldr	r4, [pc, #24]	@ (10006018 <tud_control_xfer+0x9c>)
10006000:	0032      	movs	r2, r6
10006002:	0039      	movs	r1, r7
10006004:	0020      	movs	r0, r4
10006006:	f7fc fe49 	bl	10002c9c <__wrap___aeabi_memcpy>
1000600a:	2180      	movs	r1, #128	@ 0x80
1000600c:	0022      	movs	r2, r4
1000600e:	e7ec      	b.n	10005fea <tud_control_xfer+0x6e>
10006010:	2000      	movs	r0, #0
10006012:	e7e3      	b.n	10005fdc <tud_control_xfer+0x60>
10006014:	200015b0 	.word	0x200015b0
10006018:	20001570 	.word	0x20001570

1000601c <usbd_control_reset>:
1000601c:	b510      	push	{r4, lr}
1000601e:	2214      	movs	r2, #20
10006020:	2100      	movs	r1, #0
10006022:	4802      	ldr	r0, [pc, #8]	@ (1000602c <usbd_control_reset+0x10>)
10006024:	f7fc fe34 	bl	10002c90 <__wrap_memset>
10006028:	bd10      	pop	{r4, pc}
1000602a:	46c0      	nop			@ (mov r8, r8)
1000602c:	200015b0 	.word	0x200015b0

10006030 <usbd_control_set_complete_callback>:
10006030:	4b01      	ldr	r3, [pc, #4]	@ (10006038 <usbd_control_set_complete_callback+0x8>)
10006032:	6118      	str	r0, [r3, #16]
10006034:	4770      	bx	lr
10006036:	46c0      	nop			@ (mov r8, r8)
10006038:	200015b0 	.word	0x200015b0

1000603c <usbd_control_set_request>:
1000603c:	b510      	push	{r4, lr}
1000603e:	4c05      	ldr	r4, [pc, #20]	@ (10006054 <usbd_control_set_request+0x18>)
10006040:	0001      	movs	r1, r0
10006042:	2208      	movs	r2, #8
10006044:	0020      	movs	r0, r4
10006046:	f7fc fe29 	bl	10002c9c <__wrap___aeabi_memcpy>
1000604a:	2300      	movs	r3, #0
1000604c:	60a3      	str	r3, [r4, #8]
1000604e:	60e3      	str	r3, [r4, #12]
10006050:	bd10      	pop	{r4, pc}
10006052:	46c0      	nop			@ (mov r8, r8)
10006054:	200015b0 	.word	0x200015b0

10006058 <usbd_control_xfer_cb>:
10006058:	b570      	push	{r4, r5, r6, lr}
1000605a:	4c37      	ldr	r4, [pc, #220]	@ (10006138 <usbd_control_xfer_cb+0xe0>)
1000605c:	001d      	movs	r5, r3
1000605e:	7823      	ldrb	r3, [r4, #0]
10006060:	0006      	movs	r6, r0
10006062:	09da      	lsrs	r2, r3, #7
10006064:	09c9      	lsrs	r1, r1, #7
10006066:	428a      	cmp	r2, r1
10006068:	d010      	beq.n	1000608c <usbd_control_xfer_cb+0x34>
1000606a:	2000      	movs	r0, #0
1000606c:	2d00      	cmp	r5, #0
1000606e:	d000      	beq.n	10006072 <usbd_control_xfer_cb+0x1a>
10006070:	bd70      	pop	{r4, r5, r6, pc}
10006072:	0021      	movs	r1, r4
10006074:	0030      	movs	r0, r6
10006076:	f7ff f91d 	bl	100052b4 <dcd_edpt0_status_complete>
1000607a:	6923      	ldr	r3, [r4, #16]
1000607c:	2b00      	cmp	r3, #0
1000607e:	d003      	beq.n	10006088 <usbd_control_xfer_cb+0x30>
10006080:	0022      	movs	r2, r4
10006082:	2103      	movs	r1, #3
10006084:	0030      	movs	r0, r6
10006086:	4798      	blx	r3
10006088:	2001      	movs	r0, #1
1000608a:	e7f1      	b.n	10006070 <usbd_control_xfer_cb+0x18>
1000608c:	2b7f      	cmp	r3, #127	@ 0x7f
1000608e:	d806      	bhi.n	1000609e <usbd_control_xfer_cb+0x46>
10006090:	68a0      	ldr	r0, [r4, #8]
10006092:	2800      	cmp	r0, #0
10006094:	d0ec      	beq.n	10006070 <usbd_control_xfer_cb+0x18>
10006096:	002a      	movs	r2, r5
10006098:	4928      	ldr	r1, [pc, #160]	@ (1000613c <usbd_control_xfer_cb+0xe4>)
1000609a:	f7fc fdff 	bl	10002c9c <__wrap___aeabi_memcpy>
1000609e:	89e2      	ldrh	r2, [r4, #14]
100060a0:	68a1      	ldr	r1, [r4, #8]
100060a2:	1952      	adds	r2, r2, r5
100060a4:	88e3      	ldrh	r3, [r4, #6]
100060a6:	b292      	uxth	r2, r2
100060a8:	1949      	adds	r1, r1, r5
100060aa:	81e2      	strh	r2, [r4, #14]
100060ac:	60a1      	str	r1, [r4, #8]
100060ae:	4293      	cmp	r3, r2
100060b0:	d014      	beq.n	100060dc <usbd_control_xfer_cb+0x84>
100060b2:	2d3f      	cmp	r5, #63	@ 0x3f
100060b4:	d912      	bls.n	100060dc <usbd_control_xfer_cb+0x84>
100060b6:	89a3      	ldrh	r3, [r4, #12]
100060b8:	1a98      	subs	r0, r3, r2
100060ba:	1c05      	adds	r5, r0, #0
100060bc:	b280      	uxth	r0, r0
100060be:	2840      	cmp	r0, #64	@ 0x40
100060c0:	d828      	bhi.n	10006114 <usbd_control_xfer_cb+0xbc>
100060c2:	7820      	ldrb	r0, [r4, #0]
100060c4:	b2ad      	uxth	r5, r5
100060c6:	287f      	cmp	r0, #127	@ 0x7f
100060c8:	d826      	bhi.n	10006118 <usbd_control_xfer_cb+0xc0>
100060ca:	2100      	movs	r1, #0
100060cc:	429a      	cmp	r2, r3
100060ce:	d030      	beq.n	10006132 <usbd_control_xfer_cb+0xda>
100060d0:	4a1a      	ldr	r2, [pc, #104]	@ (1000613c <usbd_control_xfer_cb+0xe4>)
100060d2:	002b      	movs	r3, r5
100060d4:	0030      	movs	r0, r6
100060d6:	f7ff ff13 	bl	10005f00 <usbd_edpt_xfer>
100060da:	e7c9      	b.n	10006070 <usbd_control_xfer_cb+0x18>
100060dc:	6923      	ldr	r3, [r4, #16]
100060de:	2b00      	cmp	r3, #0
100060e0:	d005      	beq.n	100060ee <usbd_control_xfer_cb+0x96>
100060e2:	0022      	movs	r2, r4
100060e4:	2102      	movs	r1, #2
100060e6:	0030      	movs	r0, r6
100060e8:	4798      	blx	r3
100060ea:	2800      	cmp	r0, #0
100060ec:	d008      	beq.n	10006100 <usbd_control_xfer_cb+0xa8>
100060ee:	2180      	movs	r1, #128	@ 0x80
100060f0:	7823      	ldrb	r3, [r4, #0]
100060f2:	2200      	movs	r2, #0
100060f4:	4399      	bics	r1, r3
100060f6:	0030      	movs	r0, r6
100060f8:	2300      	movs	r3, #0
100060fa:	f7ff ff01 	bl	10005f00 <usbd_edpt_xfer>
100060fe:	e7b7      	b.n	10006070 <usbd_control_xfer_cb+0x18>
10006100:	2100      	movs	r1, #0
10006102:	0030      	movs	r0, r6
10006104:	f7ff f978 	bl	100053f8 <dcd_edpt_stall>
10006108:	0030      	movs	r0, r6
1000610a:	2180      	movs	r1, #128	@ 0x80
1000610c:	f7ff f974 	bl	100053f8 <dcd_edpt_stall>
10006110:	2001      	movs	r0, #1
10006112:	e7ad      	b.n	10006070 <usbd_control_xfer_cb+0x18>
10006114:	2540      	movs	r5, #64	@ 0x40
10006116:	e7d4      	b.n	100060c2 <usbd_control_xfer_cb+0x6a>
10006118:	429a      	cmp	r2, r3
1000611a:	d007      	beq.n	1000612c <usbd_control_xfer_cb+0xd4>
1000611c:	4c07      	ldr	r4, [pc, #28]	@ (1000613c <usbd_control_xfer_cb+0xe4>)
1000611e:	002a      	movs	r2, r5
10006120:	0020      	movs	r0, r4
10006122:	f7fc fdbb 	bl	10002c9c <__wrap___aeabi_memcpy>
10006126:	2180      	movs	r1, #128	@ 0x80
10006128:	0022      	movs	r2, r4
1000612a:	e7d2      	b.n	100060d2 <usbd_control_xfer_cb+0x7a>
1000612c:	2180      	movs	r1, #128	@ 0x80
1000612e:	2200      	movs	r2, #0
10006130:	e7cf      	b.n	100060d2 <usbd_control_xfer_cb+0x7a>
10006132:	2200      	movs	r2, #0
10006134:	e7cd      	b.n	100060d2 <usbd_control_xfer_cb+0x7a>
10006136:	46c0      	nop			@ (mov r8, r8)
10006138:	200015b0 	.word	0x200015b0
1000613c:	20001570 	.word	0x20001570

10006140 <_prep_out_transaction.isra.0>:
10006140:	b570      	push	{r4, r5, r6, lr}
10006142:	0004      	movs	r4, r0
10006144:	f7ff f9de 	bl	10005504 <tud_mounted>
10006148:	2800      	cmp	r0, #0
1000614a:	d100      	bne.n	1000614e <_prep_out_transaction.isra.0+0xe>
1000614c:	bd70      	pop	{r4, r5, r6, pc}
1000614e:	f7ff f9e1 	bl	10005514 <tud_suspended>
10006152:	2800      	cmp	r0, #0
10006154:	d1fa      	bne.n	1000614c <_prep_out_transaction.isra.0+0xc>
10006156:	23c8      	movs	r3, #200	@ 0xc8
10006158:	4363      	muls	r3, r4
1000615a:	4a12      	ldr	r2, [pc, #72]	@ (100061a4 <_prep_out_transaction.isra.0+0x64>)
1000615c:	0025      	movs	r5, r4
1000615e:	18d4      	adds	r4, r2, r3
10006160:	78e1      	ldrb	r1, [r4, #3]
10006162:	2900      	cmp	r1, #0
10006164:	d0f2      	beq.n	1000614c <_prep_out_transaction.isra.0+0xc>
10006166:	3310      	adds	r3, #16
10006168:	189e      	adds	r6, r3, r2
1000616a:	0030      	movs	r0, r6
1000616c:	f000 fbb6 	bl	100068dc <tu_fifo_remaining>
10006170:	283f      	cmp	r0, #63	@ 0x3f
10006172:	d9eb      	bls.n	1000614c <_prep_out_transaction.isra.0+0xc>
10006174:	2000      	movs	r0, #0
10006176:	78e1      	ldrb	r1, [r4, #3]
10006178:	f7ff fe9a 	bl	10005eb0 <usbd_edpt_claim>
1000617c:	2800      	cmp	r0, #0
1000617e:	d0e5      	beq.n	1000614c <_prep_out_transaction.isra.0+0xc>
10006180:	0030      	movs	r0, r6
10006182:	f000 fbab 	bl	100068dc <tu_fifo_remaining>
10006186:	78e1      	ldrb	r1, [r4, #3]
10006188:	283f      	cmp	r0, #63	@ 0x3f
1000618a:	d907      	bls.n	1000619c <_prep_out_transaction.isra.0+0x5c>
1000618c:	4b06      	ldr	r3, [pc, #24]	@ (100061a8 <_prep_out_transaction.isra.0+0x68>)
1000618e:	01ea      	lsls	r2, r5, #7
10006190:	18d2      	adds	r2, r2, r3
10006192:	2000      	movs	r0, #0
10006194:	2340      	movs	r3, #64	@ 0x40
10006196:	f7ff feb3 	bl	10005f00 <usbd_edpt_xfer>
1000619a:	e7d7      	b.n	1000614c <_prep_out_transaction.isra.0+0xc>
1000619c:	2000      	movs	r0, #0
1000619e:	f7ff fe9b 	bl	10005ed8 <usbd_edpt_release>
100061a2:	e7d3      	b.n	1000614c <_prep_out_transaction.isra.0+0xc>
100061a4:	20001098 	.word	0x20001098
100061a8:	200014ec 	.word	0x200014ec

100061ac <tud_cdc_n_connected>:
100061ac:	b510      	push	{r4, lr}
100061ae:	0004      	movs	r4, r0
100061b0:	f7ff f9a8 	bl	10005504 <tud_mounted>
100061b4:	2800      	cmp	r0, #0
100061b6:	d101      	bne.n	100061bc <tud_cdc_n_connected+0x10>
100061b8:	2000      	movs	r0, #0
100061ba:	bd10      	pop	{r4, pc}
100061bc:	f7ff f9aa 	bl	10005514 <tud_suspended>
100061c0:	2800      	cmp	r0, #0
100061c2:	d1f9      	bne.n	100061b8 <tud_cdc_n_connected+0xc>
100061c4:	22c8      	movs	r2, #200	@ 0xc8
100061c6:	4362      	muls	r2, r4
100061c8:	4b02      	ldr	r3, [pc, #8]	@ (100061d4 <tud_cdc_n_connected+0x28>)
100061ca:	3001      	adds	r0, #1
100061cc:	189b      	adds	r3, r3, r2
100061ce:	791b      	ldrb	r3, [r3, #4]
100061d0:	4018      	ands	r0, r3
100061d2:	e7f2      	b.n	100061ba <tud_cdc_n_connected+0xe>
100061d4:	20001098 	.word	0x20001098

100061d8 <tud_cdc_n_available>:
100061d8:	23c8      	movs	r3, #200	@ 0xc8
100061da:	b510      	push	{r4, lr}
100061dc:	4343      	muls	r3, r0
100061de:	4802      	ldr	r0, [pc, #8]	@ (100061e8 <tud_cdc_n_available+0x10>)
100061e0:	1818      	adds	r0, r3, r0
100061e2:	f000 fb5d 	bl	100068a0 <tu_fifo_count>
100061e6:	bd10      	pop	{r4, pc}
100061e8:	200010a8 	.word	0x200010a8

100061ec <tud_cdc_n_read>:
100061ec:	b5f8      	push	{r3, r4, r5, r6, r7, lr}
100061ee:	23c8      	movs	r3, #200	@ 0xc8
100061f0:	4343      	muls	r3, r0
100061f2:	4d1d      	ldr	r5, [pc, #116]	@ (10006268 <tud_cdc_n_read+0x7c>)
100061f4:	3310      	adds	r3, #16
100061f6:	18ee      	adds	r6, r5, r3
100061f8:	2380      	movs	r3, #128	@ 0x80
100061fa:	0004      	movs	r4, r0
100061fc:	025b      	lsls	r3, r3, #9
100061fe:	429a      	cmp	r2, r3
10006200:	d300      	bcc.n	10006204 <tud_cdc_n_read+0x18>
10006202:	4a1a      	ldr	r2, [pc, #104]	@ (1000626c <tud_cdc_n_read+0x80>)
10006204:	0030      	movs	r0, r6
10006206:	b292      	uxth	r2, r2
10006208:	f000 fbcc 	bl	100069a4 <tu_fifo_read_n>
1000620c:	0007      	movs	r7, r0
1000620e:	f7ff f979 	bl	10005504 <tud_mounted>
10006212:	2800      	cmp	r0, #0
10006214:	d101      	bne.n	1000621a <tud_cdc_n_read+0x2e>
10006216:	0038      	movs	r0, r7
10006218:	bdf8      	pop	{r3, r4, r5, r6, r7, pc}
1000621a:	f7ff f97b 	bl	10005514 <tud_suspended>
1000621e:	2800      	cmp	r0, #0
10006220:	d1f9      	bne.n	10006216 <tud_cdc_n_read+0x2a>
10006222:	23c8      	movs	r3, #200	@ 0xc8
10006224:	4363      	muls	r3, r4
10006226:	18ed      	adds	r5, r5, r3
10006228:	78eb      	ldrb	r3, [r5, #3]
1000622a:	2b00      	cmp	r3, #0
1000622c:	d0f3      	beq.n	10006216 <tud_cdc_n_read+0x2a>
1000622e:	0030      	movs	r0, r6
10006230:	f000 fb54 	bl	100068dc <tu_fifo_remaining>
10006234:	283f      	cmp	r0, #63	@ 0x3f
10006236:	d9ee      	bls.n	10006216 <tud_cdc_n_read+0x2a>
10006238:	2000      	movs	r0, #0
1000623a:	78e9      	ldrb	r1, [r5, #3]
1000623c:	f7ff fe38 	bl	10005eb0 <usbd_edpt_claim>
10006240:	2800      	cmp	r0, #0
10006242:	d0e8      	beq.n	10006216 <tud_cdc_n_read+0x2a>
10006244:	0030      	movs	r0, r6
10006246:	f000 fb49 	bl	100068dc <tu_fifo_remaining>
1000624a:	78e9      	ldrb	r1, [r5, #3]
1000624c:	283f      	cmp	r0, #63	@ 0x3f
1000624e:	d907      	bls.n	10006260 <tud_cdc_n_read+0x74>
10006250:	4b07      	ldr	r3, [pc, #28]	@ (10006270 <tud_cdc_n_read+0x84>)
10006252:	01e2      	lsls	r2, r4, #7
10006254:	18d2      	adds	r2, r2, r3
10006256:	2000      	movs	r0, #0
10006258:	2340      	movs	r3, #64	@ 0x40
1000625a:	f7ff fe51 	bl	10005f00 <usbd_edpt_xfer>
1000625e:	e7da      	b.n	10006216 <tud_cdc_n_read+0x2a>
10006260:	2000      	movs	r0, #0
10006262:	f7ff fe39 	bl	10005ed8 <usbd_edpt_release>
10006266:	e7d6      	b.n	10006216 <tud_cdc_n_read+0x2a>
10006268:	20001098 	.word	0x20001098
1000626c:	0000ffff 	.word	0x0000ffff
10006270:	200014ec 	.word	0x200014ec

10006274 <tud_cdc_n_write_flush>:
10006274:	b5f8      	push	{r3, r4, r5, r6, r7, lr}
10006276:	0004      	movs	r4, r0
10006278:	f7ff f944 	bl	10005504 <tud_mounted>
1000627c:	2800      	cmp	r0, #0
1000627e:	d101      	bne.n	10006284 <tud_cdc_n_write_flush+0x10>
10006280:	2000      	movs	r0, #0
10006282:	bdf8      	pop	{r3, r4, r5, r6, r7, pc}
10006284:	f7ff f946 	bl	10005514 <tud_suspended>
10006288:	2800      	cmp	r0, #0
1000628a:	d1f9      	bne.n	10006280 <tud_cdc_n_write_flush+0xc>
1000628c:	23c8      	movs	r3, #200	@ 0xc8
1000628e:	0025      	movs	r5, r4
10006290:	435d      	muls	r5, r3
10006292:	002b      	movs	r3, r5
10006294:	4e13      	ldr	r6, [pc, #76]	@ (100062e4 <tud_cdc_n_write_flush+0x70>)
10006296:	3324      	adds	r3, #36	@ 0x24
10006298:	18f7      	adds	r7, r6, r3
1000629a:	0038      	movs	r0, r7
1000629c:	f000 fb00 	bl	100068a0 <tu_fifo_count>
100062a0:	2800      	cmp	r0, #0
100062a2:	d0ed      	beq.n	10006280 <tud_cdc_n_write_flush+0xc>
100062a4:	1975      	adds	r5, r6, r5
100062a6:	2000      	movs	r0, #0
100062a8:	78a9      	ldrb	r1, [r5, #2]
100062aa:	f7ff fe01 	bl	10005eb0 <usbd_edpt_claim>
100062ae:	2800      	cmp	r0, #0
100062b0:	d0e6      	beq.n	10006280 <tud_cdc_n_write_flush+0xc>
100062b2:	4a0d      	ldr	r2, [pc, #52]	@ (100062e8 <tud_cdc_n_write_flush+0x74>)
100062b4:	01e3      	lsls	r3, r4, #7
100062b6:	189c      	adds	r4, r3, r2
100062b8:	0021      	movs	r1, r4
100062ba:	2240      	movs	r2, #64	@ 0x40
100062bc:	0038      	movs	r0, r7
100062be:	f000 fb71 	bl	100069a4 <tu_fifo_read_n>
100062c2:	78a9      	ldrb	r1, [r5, #2]
100062c4:	0003      	movs	r3, r0
100062c6:	1e05      	subs	r5, r0, #0
100062c8:	d007      	beq.n	100062da <tud_cdc_n_write_flush+0x66>
100062ca:	0022      	movs	r2, r4
100062cc:	2000      	movs	r0, #0
100062ce:	f7ff fe17 	bl	10005f00 <usbd_edpt_xfer>
100062d2:	2800      	cmp	r0, #0
100062d4:	d0d4      	beq.n	10006280 <tud_cdc_n_write_flush+0xc>
100062d6:	0028      	movs	r0, r5
100062d8:	e7d3      	b.n	10006282 <tud_cdc_n_write_flush+0xe>
100062da:	2000      	movs	r0, #0
100062dc:	f7ff fdfc 	bl	10005ed8 <usbd_edpt_release>
100062e0:	e7ce      	b.n	10006280 <tud_cdc_n_write_flush+0xc>
100062e2:	46c0      	nop			@ (mov r8, r8)
100062e4:	20001098 	.word	0x20001098
100062e8:	2000152c 	.word	0x2000152c

100062ec <tud_cdc_n_write>:
100062ec:	b570      	push	{r4, r5, r6, lr}
100062ee:	24c8      	movs	r4, #200	@ 0xc8
100062f0:	4344      	muls	r4, r0
100062f2:	4b0c      	ldr	r3, [pc, #48]	@ (10006324 <tud_cdc_n_write+0x38>)
100062f4:	0005      	movs	r5, r0
100062f6:	18e4      	adds	r4, r4, r3
100062f8:	2380      	movs	r3, #128	@ 0x80
100062fa:	025b      	lsls	r3, r3, #9
100062fc:	429a      	cmp	r2, r3
100062fe:	d300      	bcc.n	10006302 <tud_cdc_n_write+0x16>
10006300:	4a09      	ldr	r2, [pc, #36]	@ (10006328 <tud_cdc_n_write+0x3c>)
10006302:	0020      	movs	r0, r4
10006304:	b292      	uxth	r2, r2
10006306:	f000 fc15 	bl	10006b34 <tu_fifo_write_n>
1000630a:	0006      	movs	r6, r0
1000630c:	0020      	movs	r0, r4
1000630e:	f000 fac7 	bl	100068a0 <tu_fifo_count>
10006312:	283f      	cmp	r0, #63	@ 0x3f
10006314:	d801      	bhi.n	1000631a <tud_cdc_n_write+0x2e>
10006316:	0030      	movs	r0, r6
10006318:	bd70      	pop	{r4, r5, r6, pc}
1000631a:	0028      	movs	r0, r5
1000631c:	f7ff ffaa 	bl	10006274 <tud_cdc_n_write_flush>
10006320:	e7f9      	b.n	10006316 <tud_cdc_n_write+0x2a>
10006322:	46c0      	nop			@ (mov r8, r8)
10006324:	200010bc 	.word	0x200010bc
10006328:	0000ffff 	.word	0x0000ffff

1000632c <tud_cdc_n_write_available>:
1000632c:	23c8      	movs	r3, #200	@ 0xc8
1000632e:	b510      	push	{r4, lr}
10006330:	4343      	muls	r3, r0
10006332:	4802      	ldr	r0, [pc, #8]	@ (1000633c <tud_cdc_n_write_available+0x10>)
10006334:	1818      	adds	r0, r3, r0
10006336:	f000 fad1 	bl	100068dc <tu_fifo_remaining>
1000633a:	bd10      	pop	{r4, pc}
1000633c:	200010bc 	.word	0x200010bc

10006340 <cdcd_init>:
10006340:	b5f0      	push	{r4, r5, r6, r7, lr}
10006342:	2500      	movs	r5, #0
10006344:	4c18      	ldr	r4, [pc, #96]	@ (100063a8 <cdcd_init+0x68>)
10006346:	b083      	sub	sp, #12
10006348:	22c8      	movs	r2, #200	@ 0xc8
1000634a:	2100      	movs	r1, #0
1000634c:	0020      	movs	r0, r4
1000634e:	f7fc fc9f 	bl	10002c90 <__wrap_memset>
10006352:	4b16      	ldr	r3, [pc, #88]	@ (100063ac <cdcd_init+0x6c>)
10006354:	0021      	movs	r1, r4
10006356:	701d      	strb	r5, [r3, #0]
10006358:	23ff      	movs	r3, #255	@ 0xff
1000635a:	7163      	strb	r3, [r4, #5]
1000635c:	23e1      	movs	r3, #225	@ 0xe1
1000635e:	025b      	lsls	r3, r3, #9
10006360:	60a3      	str	r3, [r4, #8]
10006362:	0020      	movs	r0, r4
10006364:	2308      	movs	r3, #8
10006366:	2240      	movs	r2, #64	@ 0x40
10006368:	73a3      	strb	r3, [r4, #14]
1000636a:	3138      	adds	r1, #56	@ 0x38
1000636c:	9500      	str	r5, [sp, #0]
1000636e:	3b07      	subs	r3, #7
10006370:	3010      	adds	r0, #16
10006372:	f000 fa5f 	bl	10006834 <tu_fifo_config>
10006376:	0027      	movs	r7, r4
10006378:	2301      	movs	r3, #1
1000637a:	0021      	movs	r1, r4
1000637c:	0020      	movs	r0, r4
1000637e:	0026      	movs	r6, r4
10006380:	2240      	movs	r2, #64	@ 0x40
10006382:	3178      	adds	r1, #120	@ 0x78
10006384:	9300      	str	r3, [sp, #0]
10006386:	37b8      	adds	r7, #184	@ 0xb8
10006388:	3024      	adds	r0, #36	@ 0x24
1000638a:	f000 fa53 	bl	10006834 <tu_fifo_config>
1000638e:	36c0      	adds	r6, #192	@ 0xc0
10006390:	0038      	movs	r0, r7
10006392:	f7fa fd9b 	bl	10000ecc <mutex_init>
10006396:	0030      	movs	r0, r6
10006398:	f7fa fd98 	bl	10000ecc <mutex_init>
1000639c:	61e5      	str	r5, [r4, #28]
1000639e:	6227      	str	r7, [r4, #32]
100063a0:	6326      	str	r6, [r4, #48]	@ 0x30
100063a2:	6365      	str	r5, [r4, #52]	@ 0x34
100063a4:	b003      	add	sp, #12
100063a6:	bdf0      	pop	{r4, r5, r6, r7, pc}
100063a8:	20001098 	.word	0x20001098
100063ac:	2000156c 	.word	0x2000156c

100063b0 <cdcd_deinit>:
100063b0:	4b0a      	ldr	r3, [pc, #40]	@ (100063dc <cdcd_deinit+0x2c>)
100063b2:	6b19      	ldr	r1, [r3, #48]	@ 0x30
100063b4:	6a1a      	ldr	r2, [r3, #32]
100063b6:	2900      	cmp	r1, #0
100063b8:	d00c      	beq.n	100063d4 <cdcd_deinit+0x24>
100063ba:	2a00      	cmp	r2, #0
100063bc:	d007      	beq.n	100063ce <cdcd_deinit+0x1e>
100063be:	2200      	movs	r2, #0
100063c0:	61da      	str	r2, [r3, #28]
100063c2:	635a      	str	r2, [r3, #52]	@ 0x34
100063c4:	631a      	str	r2, [r3, #48]	@ 0x30
100063c6:	2200      	movs	r2, #0
100063c8:	621a      	str	r2, [r3, #32]
100063ca:	2001      	movs	r0, #1
100063cc:	4770      	bx	lr
100063ce:	635a      	str	r2, [r3, #52]	@ 0x34
100063d0:	631a      	str	r2, [r3, #48]	@ 0x30
100063d2:	e7fa      	b.n	100063ca <cdcd_deinit+0x1a>
100063d4:	2a00      	cmp	r2, #0
100063d6:	d0f8      	beq.n	100063ca <cdcd_deinit+0x1a>
100063d8:	61d9      	str	r1, [r3, #28]
100063da:	e7f4      	b.n	100063c6 <cdcd_deinit+0x16>
100063dc:	20001098 	.word	0x20001098

100063e0 <cdcd_reset>:
100063e0:	b570      	push	{r4, r5, r6, lr}
100063e2:	2205      	movs	r2, #5
100063e4:	2100      	movs	r1, #0
100063e6:	480d      	ldr	r0, [pc, #52]	@ (1000641c <cdcd_reset+0x3c>)
100063e8:	f7fc fc52 	bl	10002c90 <__wrap_memset>
100063ec:	4d0c      	ldr	r5, [pc, #48]	@ (10006420 <cdcd_reset+0x40>)
100063ee:	782b      	ldrb	r3, [r5, #0]
100063f0:	07da      	lsls	r2, r3, #31
100063f2:	d507      	bpl.n	10006404 <cdcd_reset+0x24>
100063f4:	4c0b      	ldr	r4, [pc, #44]	@ (10006424 <cdcd_reset+0x44>)
100063f6:	079b      	lsls	r3, r3, #30
100063f8:	d50c      	bpl.n	10006414 <cdcd_reset+0x34>
100063fa:	2101      	movs	r1, #1
100063fc:	0020      	movs	r0, r4
100063fe:	f000 fc6d 	bl	10006cdc <tu_fifo_set_overwritable>
10006402:	bd70      	pop	{r4, r5, r6, pc}
10006404:	4805      	ldr	r0, [pc, #20]	@ (1000641c <cdcd_reset+0x3c>)
10006406:	3010      	adds	r0, #16
10006408:	f000 fc48 	bl	10006c9c <tu_fifo_clear>
1000640c:	782b      	ldrb	r3, [r5, #0]
1000640e:	4c05      	ldr	r4, [pc, #20]	@ (10006424 <cdcd_reset+0x44>)
10006410:	079b      	lsls	r3, r3, #30
10006412:	d4f2      	bmi.n	100063fa <cdcd_reset+0x1a>
10006414:	0020      	movs	r0, r4
10006416:	f000 fc41 	bl	10006c9c <tu_fifo_clear>
1000641a:	e7ee      	b.n	100063fa <cdcd_reset+0x1a>
1000641c:	20001098 	.word	0x20001098
10006420:	2000156c 	.word	0x2000156c
10006424:	200010bc 	.word	0x200010bc

10006428 <cdcd_open>:
10006428:	b5f0      	push	{r4, r5, r6, r7, lr}
1000642a:	794b      	ldrb	r3, [r1, #5]
1000642c:	0007      	movs	r7, r0
1000642e:	b083      	sub	sp, #12
10006430:	2b02      	cmp	r3, #2
10006432:	d102      	bne.n	1000643a <cdcd_open+0x12>
10006434:	798b      	ldrb	r3, [r1, #6]
10006436:	2b02      	cmp	r3, #2
10006438:	d003      	beq.n	10006442 <cdcd_open+0x1a>
1000643a:	2400      	movs	r4, #0
1000643c:	0020      	movs	r0, r4
1000643e:	b003      	add	sp, #12
10006440:	bdf0      	pop	{r4, r5, r6, r7, pc}
10006442:	4b21      	ldr	r3, [pc, #132]	@ (100064c8 <cdcd_open+0xa0>)
10006444:	001e      	movs	r6, r3
10006446:	789b      	ldrb	r3, [r3, #2]
10006448:	2b00      	cmp	r3, #0
1000644a:	d1f6      	bne.n	1000643a <cdcd_open+0x12>
1000644c:	788b      	ldrb	r3, [r1, #2]
1000644e:	2409      	movs	r4, #9
10006450:	7033      	strb	r3, [r6, #0]
10006452:	780d      	ldrb	r5, [r1, #0]
10006454:	194d      	adds	r5, r1, r5
10006456:	786b      	ldrb	r3, [r5, #1]
10006458:	2b24      	cmp	r3, #36	@ 0x24
1000645a:	d007      	beq.n	1000646c <cdcd_open+0x44>
1000645c:	e00c      	b.n	10006478 <cdcd_open+0x50>
1000645e:	782b      	ldrb	r3, [r5, #0]
10006460:	18ed      	adds	r5, r5, r3
10006462:	191c      	adds	r4, r3, r4
10006464:	786b      	ldrb	r3, [r5, #1]
10006466:	b2a4      	uxth	r4, r4
10006468:	2b24      	cmp	r3, #36	@ 0x24
1000646a:	d105      	bne.n	10006478 <cdcd_open+0x50>
1000646c:	42a2      	cmp	r2, r4
1000646e:	d2f6      	bcs.n	1000645e <cdcd_open+0x36>
10006470:	2000      	movs	r0, #0
10006472:	f7ff fe65 	bl	10006140 <_prep_out_transaction.isra.0>
10006476:	e7e1      	b.n	1000643c <cdcd_open+0x14>
10006478:	001a      	movs	r2, r3
1000647a:	2b05      	cmp	r3, #5
1000647c:	d015      	beq.n	100064aa <cdcd_open+0x82>
1000647e:	2a04      	cmp	r2, #4
10006480:	d1f6      	bne.n	10006470 <cdcd_open+0x48>
10006482:	796b      	ldrb	r3, [r5, #5]
10006484:	2b0a      	cmp	r3, #10
10006486:	d1f3      	bne.n	10006470 <cdcd_open+0x48>
10006488:	4b10      	ldr	r3, [pc, #64]	@ (100064cc <cdcd_open+0xa4>)
1000648a:	782e      	ldrb	r6, [r5, #0]
1000648c:	9301      	str	r3, [sp, #4]
1000648e:	3301      	adds	r3, #1
10006490:	9300      	str	r3, [sp, #0]
10006492:	0038      	movs	r0, r7
10006494:	2302      	movs	r3, #2
10006496:	19a9      	adds	r1, r5, r6
10006498:	3a02      	subs	r2, #2
1000649a:	f7ff fca3 	bl	10005de4 <usbd_open_edpt_pair>
1000649e:	2800      	cmp	r0, #0
100064a0:	d0cb      	beq.n	1000643a <cdcd_open+0x12>
100064a2:	340e      	adds	r4, #14
100064a4:	19a4      	adds	r4, r4, r6
100064a6:	b2a4      	uxth	r4, r4
100064a8:	e7e2      	b.n	10006470 <cdcd_open+0x48>
100064aa:	0029      	movs	r1, r5
100064ac:	0038      	movs	r0, r7
100064ae:	f7ff fce5 	bl	10005e7c <usbd_edpt_open>
100064b2:	2800      	cmp	r0, #0
100064b4:	d0c1      	beq.n	1000643a <cdcd_open+0x12>
100064b6:	78ab      	ldrb	r3, [r5, #2]
100064b8:	7073      	strb	r3, [r6, #1]
100064ba:	782b      	ldrb	r3, [r5, #0]
100064bc:	191c      	adds	r4, r3, r4
100064be:	18ed      	adds	r5, r5, r3
100064c0:	786a      	ldrb	r2, [r5, #1]
100064c2:	b2a4      	uxth	r4, r4
100064c4:	e7db      	b.n	1000647e <cdcd_open+0x56>
100064c6:	46c0      	nop			@ (mov r8, r8)
100064c8:	20001098 	.word	0x20001098
100064cc:	2000109a 	.word	0x2000109a

100064d0 <cdcd_control_xfer_cb>:
100064d0:	2360      	movs	r3, #96	@ 0x60
100064d2:	468c      	mov	ip, r1
100064d4:	0011      	movs	r1, r2
100064d6:	7812      	ldrb	r2, [r2, #0]
100064d8:	b570      	push	{r4, r5, r6, lr}
100064da:	4013      	ands	r3, r2
100064dc:	2200      	movs	r2, #0
100064de:	2b20      	cmp	r3, #32
100064e0:	d108      	bne.n	100064f4 <cdcd_control_xfer_cb+0x24>
100064e2:	4c32      	ldr	r4, [pc, #200]	@ (100065ac <cdcd_control_xfer_cb+0xdc>)
100064e4:	794b      	ldrb	r3, [r1, #5]
100064e6:	0026      	movs	r6, r4
100064e8:	790d      	ldrb	r5, [r1, #4]
100064ea:	7824      	ldrb	r4, [r4, #0]
100064ec:	021b      	lsls	r3, r3, #8
100064ee:	432b      	orrs	r3, r5
100064f0:	429c      	cmp	r4, r3
100064f2:	d001      	beq.n	100064f8 <cdcd_control_xfer_cb+0x28>
100064f4:	0010      	movs	r0, r2
100064f6:	bd70      	pop	{r4, r5, r6, pc}
100064f8:	784b      	ldrb	r3, [r1, #1]
100064fa:	2b22      	cmp	r3, #34	@ 0x22
100064fc:	d01c      	beq.n	10006538 <cdcd_control_xfer_cb+0x68>
100064fe:	d808      	bhi.n	10006512 <cdcd_control_xfer_cb+0x42>
10006500:	2b20      	cmp	r3, #32
10006502:	d039      	beq.n	10006578 <cdcd_control_xfer_cb+0xa8>
10006504:	2b21      	cmp	r3, #33	@ 0x21
10006506:	d1f5      	bne.n	100064f4 <cdcd_control_xfer_cb+0x24>
10006508:	4663      	mov	r3, ip
1000650a:	2b01      	cmp	r3, #1
1000650c:	d043      	beq.n	10006596 <cdcd_control_xfer_cb+0xc6>
1000650e:	2201      	movs	r2, #1
10006510:	e7f0      	b.n	100064f4 <cdcd_control_xfer_cb+0x24>
10006512:	2b23      	cmp	r3, #35	@ 0x23
10006514:	d1ee      	bne.n	100064f4 <cdcd_control_xfer_cb+0x24>
10006516:	4663      	mov	r3, ip
10006518:	2b01      	cmp	r3, #1
1000651a:	d042      	beq.n	100065a2 <cdcd_control_xfer_cb+0xd2>
1000651c:	2b03      	cmp	r3, #3
1000651e:	d1f6      	bne.n	1000650e <cdcd_control_xfer_cb+0x3e>
10006520:	4b23      	ldr	r3, [pc, #140]	@ (100065b0 <cdcd_control_xfer_cb+0xe0>)
10006522:	2b00      	cmp	r3, #0
10006524:	d0f3      	beq.n	1000650e <cdcd_control_xfer_cb+0x3e>
10006526:	788b      	ldrb	r3, [r1, #2]
10006528:	78c9      	ldrb	r1, [r1, #3]
1000652a:	2000      	movs	r0, #0
1000652c:	0209      	lsls	r1, r1, #8
1000652e:	4319      	orrs	r1, r3
10006530:	e000      	b.n	10006534 <cdcd_control_xfer_cb+0x64>
10006532:	bf00      	nop
10006534:	2201      	movs	r2, #1
10006536:	e7dd      	b.n	100064f4 <cdcd_control_xfer_cb+0x24>
10006538:	4663      	mov	r3, ip
1000653a:	2b01      	cmp	r3, #1
1000653c:	d031      	beq.n	100065a2 <cdcd_control_xfer_cb+0xd2>
1000653e:	2b03      	cmp	r3, #3
10006540:	d1e5      	bne.n	1000650e <cdcd_control_xfer_cb+0x3e>
10006542:	2501      	movs	r5, #1
10006544:	78cb      	ldrb	r3, [r1, #3]
10006546:	788a      	ldrb	r2, [r1, #2]
10006548:	021b      	lsls	r3, r3, #8
1000654a:	4313      	orrs	r3, r2
1000654c:	001c      	movs	r4, r3
1000654e:	401d      	ands	r5, r3
10006550:	0033      	movs	r3, r6
10006552:	2101      	movs	r1, #1
10006554:	3324      	adds	r3, #36	@ 0x24
10006556:	0018      	movs	r0, r3
10006558:	4069      	eors	r1, r5
1000655a:	7134      	strb	r4, [r6, #4]
1000655c:	f000 fbbe 	bl	10006cdc <tu_fifo_set_overwritable>
10006560:	4b14      	ldr	r3, [pc, #80]	@ (100065b4 <cdcd_control_xfer_cb+0xe4>)
10006562:	2b00      	cmp	r3, #0
10006564:	d0d3      	beq.n	1000650e <cdcd_control_xfer_cb+0x3e>
10006566:	2301      	movs	r3, #1
10006568:	0862      	lsrs	r2, r4, #1
1000656a:	401a      	ands	r2, r3
1000656c:	0029      	movs	r1, r5
1000656e:	2000      	movs	r0, #0
10006570:	e000      	b.n	10006574 <cdcd_control_xfer_cb+0xa4>
10006572:	bf00      	nop
10006574:	2201      	movs	r2, #1
10006576:	e7bd      	b.n	100064f4 <cdcd_control_xfer_cb+0x24>
10006578:	4663      	mov	r3, ip
1000657a:	2b01      	cmp	r3, #1
1000657c:	d00b      	beq.n	10006596 <cdcd_control_xfer_cb+0xc6>
1000657e:	2b03      	cmp	r3, #3
10006580:	d1c5      	bne.n	1000650e <cdcd_control_xfer_cb+0x3e>
10006582:	4b0d      	ldr	r3, [pc, #52]	@ (100065b8 <cdcd_control_xfer_cb+0xe8>)
10006584:	2b00      	cmp	r3, #0
10006586:	d0c2      	beq.n	1000650e <cdcd_control_xfer_cb+0x3e>
10006588:	0031      	movs	r1, r6
1000658a:	2000      	movs	r0, #0
1000658c:	3108      	adds	r1, #8
1000658e:	f7fe fe15 	bl	100051bc <tud_cdc_line_coding_cb>
10006592:	2201      	movs	r2, #1
10006594:	e7ae      	b.n	100064f4 <cdcd_control_xfer_cb+0x24>
10006596:	4a09      	ldr	r2, [pc, #36]	@ (100065bc <cdcd_control_xfer_cb+0xec>)
10006598:	2307      	movs	r3, #7
1000659a:	f7ff fcef 	bl	10005f7c <tud_control_xfer>
1000659e:	2201      	movs	r2, #1
100065a0:	e7a8      	b.n	100064f4 <cdcd_control_xfer_cb+0x24>
100065a2:	f7ff fcd5 	bl	10005f50 <tud_control_status>
100065a6:	2201      	movs	r2, #1
100065a8:	e7a4      	b.n	100064f4 <cdcd_control_xfer_cb+0x24>
100065aa:	46c0      	nop			@ (mov r8, r8)
100065ac:	20001098 	.word	0x20001098
	...
100065b8:	100051bd 	.word	0x100051bd
100065bc:	200010a0 	.word	0x200010a0

100065c0 <cdcd_xfer_cb>:
100065c0:	b5f8      	push	{r3, r4, r5, r6, r7, lr}
100065c2:	4647      	mov	r7, r8
100065c4:	46ce      	mov	lr, r9
100065c6:	b580      	push	{r7, lr}
100065c8:	4c34      	ldr	r4, [pc, #208]	@ (1000669c <cdcd_xfer_cb+0xdc>)
100065ca:	001f      	movs	r7, r3
100065cc:	78e3      	ldrb	r3, [r4, #3]
100065ce:	4680      	mov	r8, r0
100065d0:	000d      	movs	r5, r1
100065d2:	428b      	cmp	r3, r1
100065d4:	d03b      	beq.n	1000664e <cdcd_xfer_cb+0x8e>
100065d6:	78a3      	ldrb	r3, [r4, #2]
100065d8:	2000      	movs	r0, #0
100065da:	428b      	cmp	r3, r1
100065dc:	d011      	beq.n	10006602 <cdcd_xfer_cb+0x42>
100065de:	bcc0      	pop	{r6, r7}
100065e0:	46b9      	mov	r9, r7
100065e2:	46b0      	mov	r8, r6
100065e4:	bdf8      	pop	{r3, r4, r5, r6, r7, pc}
100065e6:	4b2e      	ldr	r3, [pc, #184]	@ (100066a0 <cdcd_xfer_cb+0xe0>)
100065e8:	2b00      	cmp	r3, #0
100065ea:	d004      	beq.n	100065f6 <cdcd_xfer_cb+0x36>
100065ec:	482d      	ldr	r0, [pc, #180]	@ (100066a4 <cdcd_xfer_cb+0xe4>)
100065ee:	f000 f96d 	bl	100068cc <tu_fifo_empty>
100065f2:	2800      	cmp	r0, #0
100065f4:	d04f      	beq.n	10006696 <cdcd_xfer_cb+0xd6>
100065f6:	2000      	movs	r0, #0
100065f8:	f7ff fda2 	bl	10006140 <_prep_out_transaction.isra.0>
100065fc:	78a3      	ldrb	r3, [r4, #2]
100065fe:	42ab      	cmp	r3, r5
10006600:	d10a      	bne.n	10006618 <cdcd_xfer_cb+0x58>
10006602:	4b29      	ldr	r3, [pc, #164]	@ (100066a8 <cdcd_xfer_cb+0xe8>)
10006604:	2b00      	cmp	r3, #0
10006606:	d002      	beq.n	1000660e <cdcd_xfer_cb+0x4e>
10006608:	2000      	movs	r0, #0
1000660a:	e000      	b.n	1000660e <cdcd_xfer_cb+0x4e>
1000660c:	bf00      	nop
1000660e:	2000      	movs	r0, #0
10006610:	f7ff fe30 	bl	10006274 <tud_cdc_n_write_flush>
10006614:	2800      	cmp	r0, #0
10006616:	d001      	beq.n	1000661c <cdcd_xfer_cb+0x5c>
10006618:	2001      	movs	r0, #1
1000661a:	e7e0      	b.n	100065de <cdcd_xfer_cb+0x1e>
1000661c:	4c23      	ldr	r4, [pc, #140]	@ (100066ac <cdcd_xfer_cb+0xec>)
1000661e:	0020      	movs	r0, r4
10006620:	f000 f93e 	bl	100068a0 <tu_fifo_count>
10006624:	2800      	cmp	r0, #0
10006626:	d1f7      	bne.n	10006618 <cdcd_xfer_cb+0x58>
10006628:	2f00      	cmp	r7, #0
1000662a:	d0f5      	beq.n	10006618 <cdcd_xfer_cb+0x58>
1000662c:	06bb      	lsls	r3, r7, #26
1000662e:	d1f3      	bne.n	10006618 <cdcd_xfer_cb+0x58>
10006630:	3c24      	subs	r4, #36	@ 0x24
10006632:	4640      	mov	r0, r8
10006634:	78a1      	ldrb	r1, [r4, #2]
10006636:	f7ff fc3b 	bl	10005eb0 <usbd_edpt_claim>
1000663a:	2800      	cmp	r0, #0
1000663c:	d0ec      	beq.n	10006618 <cdcd_xfer_cb+0x58>
1000663e:	2300      	movs	r3, #0
10006640:	2200      	movs	r2, #0
10006642:	4640      	mov	r0, r8
10006644:	78a1      	ldrb	r1, [r4, #2]
10006646:	f7ff fc5b 	bl	10005f00 <usbd_edpt_xfer>
1000664a:	2001      	movs	r0, #1
1000664c:	e7c7      	b.n	100065de <cdcd_xfer_cb+0x1e>
1000664e:	4e18      	ldr	r6, [pc, #96]	@ (100066b0 <cdcd_xfer_cb+0xf0>)
10006650:	4814      	ldr	r0, [pc, #80]	@ (100066a4 <cdcd_xfer_cb+0xe4>)
10006652:	0031      	movs	r1, r6
10006654:	b2ba      	uxth	r2, r7
10006656:	f000 fa6d 	bl	10006b34 <tu_fifo_write_n>
1000665a:	4b16      	ldr	r3, [pc, #88]	@ (100066b4 <cdcd_xfer_cb+0xf4>)
1000665c:	2b00      	cmp	r3, #0
1000665e:	d0c2      	beq.n	100065e6 <cdcd_xfer_cb+0x26>
10006660:	7963      	ldrb	r3, [r4, #5]
10006662:	2bff      	cmp	r3, #255	@ 0xff
10006664:	d0bf      	beq.n	100065e6 <cdcd_xfer_cb+0x26>
10006666:	2f00      	cmp	r7, #0
10006668:	d0bd      	beq.n	100065e6 <cdcd_xfer_cb+0x26>
1000666a:	46bc      	mov	ip, r7
1000666c:	44b4      	add	ip, r6
1000666e:	46e1      	mov	r9, ip
10006670:	e003      	b.n	1000667a <cdcd_xfer_cb+0xba>
10006672:	3601      	adds	r6, #1
10006674:	454e      	cmp	r6, r9
10006676:	d0b6      	beq.n	100065e6 <cdcd_xfer_cb+0x26>
10006678:	7963      	ldrb	r3, [r4, #5]
1000667a:	7832      	ldrb	r2, [r6, #0]
1000667c:	429a      	cmp	r2, r3
1000667e:	d1f8      	bne.n	10006672 <cdcd_xfer_cb+0xb2>
10006680:	4808      	ldr	r0, [pc, #32]	@ (100066a4 <cdcd_xfer_cb+0xe4>)
10006682:	f000 f923 	bl	100068cc <tu_fifo_empty>
10006686:	2800      	cmp	r0, #0
10006688:	d1f3      	bne.n	10006672 <cdcd_xfer_cb+0xb2>
1000668a:	4b06      	ldr	r3, [pc, #24]	@ (100066a4 <cdcd_xfer_cb+0xe4>)
1000668c:	3b10      	subs	r3, #16
1000668e:	7959      	ldrb	r1, [r3, #5]
10006690:	e000      	b.n	10006694 <cdcd_xfer_cb+0xd4>
10006692:	bf00      	nop
10006694:	e7ed      	b.n	10006672 <cdcd_xfer_cb+0xb2>
10006696:	e000      	b.n	1000669a <cdcd_xfer_cb+0xda>
10006698:	bf00      	nop
1000669a:	e7ac      	b.n	100065f6 <cdcd_xfer_cb+0x36>
1000669c:	20001098 	.word	0x20001098
100066a0:	00000000 	.word	0x00000000
100066a4:	200010a8 	.word	0x200010a8
100066a8:	00000000 	.word	0x00000000
100066ac:	200010bc 	.word	0x200010bc
100066b0:	200014ec 	.word	0x200014ec
100066b4:	00000000 	.word	0x00000000

100066b8 <tusb_rhport_init>:
100066b8:	b500      	push	{lr}
100066ba:	0003      	movs	r3, r0
100066bc:	b083      	sub	sp, #12
100066be:	2900      	cmp	r1, #0
100066c0:	d010      	beq.n	100066e4 <tusb_rhport_init+0x2c>
100066c2:	2000      	movs	r0, #0
100066c4:	2b01      	cmp	r3, #1
100066c6:	d807      	bhi.n	100066d8 <tusb_rhport_init+0x20>
100066c8:	780a      	ldrb	r2, [r1, #0]
100066ca:	2a00      	cmp	r2, #0
100066cc:	d004      	beq.n	100066d8 <tusb_rhport_init+0x20>
100066ce:	480c      	ldr	r0, [pc, #48]	@ (10006700 <tusb_rhport_init+0x48>)
100066d0:	54c2      	strb	r2, [r0, r3]
100066d2:	2001      	movs	r0, #1
100066d4:	2a01      	cmp	r2, #1
100066d6:	d001      	beq.n	100066dc <tusb_rhport_init+0x24>
100066d8:	b003      	add	sp, #12
100066da:	bd00      	pop	{pc}
100066dc:	0018      	movs	r0, r3
100066de:	f7fe ff21 	bl	10005524 <tud_rhport_init>
100066e2:	e7f9      	b.n	100066d8 <tusb_rhport_init+0x20>
100066e4:	2301      	movs	r3, #1
100066e6:	466a      	mov	r2, sp
100066e8:	2000      	movs	r0, #0
100066ea:	a901      	add	r1, sp, #4
100066ec:	8093      	strh	r3, [r2, #4]
100066ee:	f7fe ff19 	bl	10005524 <tud_rhport_init>
100066f2:	2800      	cmp	r0, #0
100066f4:	d0f0      	beq.n	100066d8 <tusb_rhport_init+0x20>
100066f6:	2201      	movs	r2, #1
100066f8:	4b01      	ldr	r3, [pc, #4]	@ (10006700 <tusb_rhport_init+0x48>)
100066fa:	701a      	strb	r2, [r3, #0]
100066fc:	e7ec      	b.n	100066d8 <tusb_rhport_init+0x20>
100066fe:	46c0      	nop			@ (mov r8, r8)
10006700:	200015c4 	.word	0x200015c4

10006704 <tu_edpt_claim>:
10006704:	b570      	push	{r4, r5, r6, lr}
10006706:	0004      	movs	r4, r0
10006708:	7823      	ldrb	r3, [r4, #0]
1000670a:	0008      	movs	r0, r1
1000670c:	07db      	lsls	r3, r3, #31
1000670e:	000e      	movs	r6, r1
10006710:	0fdd      	lsrs	r5, r3, #31
10006712:	2b00      	cmp	r3, #0
10006714:	d116      	bne.n	10006744 <tu_edpt_claim+0x40>
10006716:	7823      	ldrb	r3, [r4, #0]
10006718:	075b      	lsls	r3, r3, #29
1000671a:	d501      	bpl.n	10006720 <tu_edpt_claim+0x1c>
1000671c:	0028      	movs	r0, r5
1000671e:	bd70      	pop	{r4, r5, r6, pc}
10006720:	2101      	movs	r1, #1
10006722:	4249      	negs	r1, r1
10006724:	f000 ff68 	bl	100075f8 <__mutex_enter_timeout_ms_veneer>
10006728:	7823      	ldrb	r3, [r4, #0]
1000672a:	07db      	lsls	r3, r3, #31
1000672c:	0fdd      	lsrs	r5, r3, #31
1000672e:	2b00      	cmp	r3, #0
10006730:	d10a      	bne.n	10006748 <tu_edpt_claim+0x44>
10006732:	7823      	ldrb	r3, [r4, #0]
10006734:	075b      	lsls	r3, r3, #29
10006736:	d408      	bmi.n	1000674a <tu_edpt_claim+0x46>
10006738:	2204      	movs	r2, #4
1000673a:	7823      	ldrb	r3, [r4, #0]
1000673c:	2501      	movs	r5, #1
1000673e:	4313      	orrs	r3, r2
10006740:	7023      	strb	r3, [r4, #0]
10006742:	e002      	b.n	1000674a <tu_edpt_claim+0x46>
10006744:	2500      	movs	r5, #0
10006746:	e7e9      	b.n	1000671c <tu_edpt_claim+0x18>
10006748:	2500      	movs	r5, #0
1000674a:	0030      	movs	r0, r6
1000674c:	f000 ff24 	bl	10007598 <__mutex_exit_veneer>
10006750:	e7e4      	b.n	1000671c <tu_edpt_claim+0x18>
10006752:	46c0      	nop			@ (mov r8, r8)

10006754 <tu_edpt_release>:
10006754:	b570      	push	{r4, r5, r6, lr}
10006756:	000d      	movs	r5, r1
10006758:	2101      	movs	r1, #1
1000675a:	0004      	movs	r4, r0
1000675c:	4249      	negs	r1, r1
1000675e:	0028      	movs	r0, r5
10006760:	f000 ff4a 	bl	100075f8 <__mutex_enter_timeout_ms_veneer>
10006764:	7823      	ldrb	r3, [r4, #0]
10006766:	075b      	lsls	r3, r3, #29
10006768:	0fde      	lsrs	r6, r3, #31
1000676a:	2b00      	cmp	r3, #0
1000676c:	db04      	blt.n	10006778 <tu_edpt_release+0x24>
1000676e:	0028      	movs	r0, r5
10006770:	f000 ff12 	bl	10007598 <__mutex_exit_veneer>
10006774:	0030      	movs	r0, r6
10006776:	bd70      	pop	{r4, r5, r6, pc}
10006778:	7823      	ldrb	r3, [r4, #0]
1000677a:	07db      	lsls	r3, r3, #31
1000677c:	d404      	bmi.n	10006788 <tu_edpt_release+0x34>
1000677e:	2204      	movs	r2, #4
10006780:	7823      	ldrb	r3, [r4, #0]
10006782:	4393      	bics	r3, r2
10006784:	7023      	strb	r3, [r4, #0]
10006786:	e7f2      	b.n	1000676e <tu_edpt_release+0x1a>
10006788:	2600      	movs	r6, #0
1000678a:	e7f0      	b.n	1000676e <tu_edpt_release+0x1a>

1000678c <tu_edpt_validate>:
1000678c:	7943      	ldrb	r3, [r0, #5]
1000678e:	7902      	ldrb	r2, [r0, #4]
10006790:	021b      	lsls	r3, r3, #8
10006792:	4313      	orrs	r3, r2
10006794:	78c2      	ldrb	r2, [r0, #3]
10006796:	055b      	lsls	r3, r3, #21
10006798:	0792      	lsls	r2, r2, #30
1000679a:	0d5b      	lsrs	r3, r3, #21
1000679c:	0f92      	lsrs	r2, r2, #30
1000679e:	2a02      	cmp	r2, #2
100067a0:	d01a      	beq.n	100067d8 <tu_edpt_validate+0x4c>
100067a2:	2a03      	cmp	r2, #3
100067a4:	d00b      	beq.n	100067be <tu_edpt_validate+0x32>
100067a6:	2000      	movs	r0, #0
100067a8:	2a01      	cmp	r2, #1
100067aa:	d107      	bne.n	100067bc <tu_edpt_validate+0x30>
100067ac:	3902      	subs	r1, #2
100067ae:	424a      	negs	r2, r1
100067b0:	4151      	adcs	r1, r2
100067b2:	4a10      	ldr	r2, [pc, #64]	@ (100067f4 <tu_edpt_validate+0x68>)
100067b4:	1889      	adds	r1, r1, r2
100067b6:	4299      	cmp	r1, r3
100067b8:	4140      	adcs	r0, r0
100067ba:	b2c0      	uxtb	r0, r0
100067bc:	4770      	bx	lr
100067be:	3902      	subs	r1, #2
100067c0:	1e4a      	subs	r2, r1, #1
100067c2:	4191      	sbcs	r1, r2
100067c4:	4a0c      	ldr	r2, [pc, #48]	@ (100067f8 <tu_edpt_validate+0x6c>)
100067c6:	4249      	negs	r1, r1
100067c8:	4011      	ands	r1, r2
100067ca:	2280      	movs	r2, #128	@ 0x80
100067cc:	2000      	movs	r0, #0
100067ce:	00d2      	lsls	r2, r2, #3
100067d0:	1889      	adds	r1, r1, r2
100067d2:	4299      	cmp	r1, r3
100067d4:	4140      	adcs	r0, r0
100067d6:	e7f1      	b.n	100067bc <tu_edpt_validate+0x30>
100067d8:	2902      	cmp	r1, #2
100067da:	d004      	beq.n	100067e6 <tu_edpt_validate+0x5a>
100067dc:	2000      	movs	r0, #0
100067de:	2240      	movs	r2, #64	@ 0x40
100067e0:	429a      	cmp	r2, r3
100067e2:	4140      	adcs	r0, r0
100067e4:	e7ea      	b.n	100067bc <tu_edpt_validate+0x30>
100067e6:	4a05      	ldr	r2, [pc, #20]	@ (100067fc <tu_edpt_validate+0x70>)
100067e8:	1898      	adds	r0, r3, r2
100067ea:	4243      	negs	r3, r0
100067ec:	4158      	adcs	r0, r3
100067ee:	b2c0      	uxtb	r0, r0
100067f0:	e7e4      	b.n	100067bc <tu_edpt_validate+0x30>
100067f2:	46c0      	nop			@ (mov r8, r8)
100067f4:	000003ff 	.word	0x000003ff
100067f8:	fffffc40 	.word	0xfffffc40
100067fc:	fffffe00 	.word	0xfffffe00

10006800 <tu_edpt_bind_driver>:
10006800:	4684      	mov	ip, r0
10006802:	1888      	adds	r0, r1, r2
10006804:	b530      	push	{r4, r5, lr}
10006806:	001c      	movs	r4, r3
10006808:	4281      	cmp	r1, r0
1000680a:	d206      	bcs.n	1000681a <tu_edpt_bind_driver+0x1a>
1000680c:	784a      	ldrb	r2, [r1, #1]
1000680e:	2a05      	cmp	r2, #5
10006810:	d004      	beq.n	1000681c <tu_edpt_bind_driver+0x1c>
10006812:	780a      	ldrb	r2, [r1, #0]
10006814:	1889      	adds	r1, r1, r2
10006816:	4288      	cmp	r0, r1
10006818:	d8f8      	bhi.n	1000680c <tu_edpt_bind_driver+0xc>
1000681a:	bd30      	pop	{r4, r5, pc}
1000681c:	227f      	movs	r2, #127	@ 0x7f
1000681e:	788b      	ldrb	r3, [r1, #2]
10006820:	401a      	ands	r2, r3
10006822:	0052      	lsls	r2, r2, #1
10006824:	4462      	add	r2, ip
10006826:	09db      	lsrs	r3, r3, #7
10006828:	54d4      	strb	r4, [r2, r3]
1000682a:	780a      	ldrb	r2, [r1, #0]
1000682c:	1889      	adds	r1, r1, r2
1000682e:	4288      	cmp	r0, r1
10006830:	d8ec      	bhi.n	1000680c <tu_edpt_bind_driver+0xc>
10006832:	e7f2      	b.n	1000681a <tu_edpt_bind_driver+0x1a>

10006834 <tu_fifo_config>:
10006834:	b5f0      	push	{r4, r5, r6, r7, lr}
10006836:	46c6      	mov	lr, r8
10006838:	b500      	push	{lr}
1000683a:	4698      	mov	r8, r3
1000683c:	466b      	mov	r3, sp
1000683e:	7e1e      	ldrb	r6, [r3, #24]
10006840:	2380      	movs	r3, #128	@ 0x80
10006842:	0004      	movs	r4, r0
10006844:	000f      	movs	r7, r1
10006846:	0015      	movs	r5, r2
10006848:	021b      	lsls	r3, r3, #8
1000684a:	429a      	cmp	r2, r3
1000684c:	d826      	bhi.n	1000689c <tu_fifo_config+0x68>
1000684e:	68c0      	ldr	r0, [r0, #12]
10006850:	2800      	cmp	r0, #0
10006852:	d003      	beq.n	1000685c <tu_fifo_config+0x28>
10006854:	2101      	movs	r1, #1
10006856:	4249      	negs	r1, r1
10006858:	f000 fece 	bl	100075f8 <__mutex_enter_timeout_ms_veneer>
1000685c:	6920      	ldr	r0, [r4, #16]
1000685e:	2800      	cmp	r0, #0
10006860:	d003      	beq.n	1000686a <tu_fifo_config+0x36>
10006862:	2101      	movs	r1, #1
10006864:	4249      	negs	r1, r1
10006866:	f000 fec7 	bl	100075f8 <__mutex_enter_timeout_ms_veneer>
1000686a:	4642      	mov	r2, r8
1000686c:	0452      	lsls	r2, r2, #17
1000686e:	03f3      	lsls	r3, r6, #15
10006870:	0c52      	lsrs	r2, r2, #17
10006872:	4313      	orrs	r3, r2
10006874:	80e3      	strh	r3, [r4, #6]
10006876:	2300      	movs	r3, #0
10006878:	68e0      	ldr	r0, [r4, #12]
1000687a:	8163      	strh	r3, [r4, #10]
1000687c:	6027      	str	r7, [r4, #0]
1000687e:	80a5      	strh	r5, [r4, #4]
10006880:	8123      	strh	r3, [r4, #8]
10006882:	2800      	cmp	r0, #0
10006884:	d001      	beq.n	1000688a <tu_fifo_config+0x56>
10006886:	f000 fe87 	bl	10007598 <__mutex_exit_veneer>
1000688a:	6920      	ldr	r0, [r4, #16]
1000688c:	2800      	cmp	r0, #0
1000688e:	d001      	beq.n	10006894 <tu_fifo_config+0x60>
10006890:	f000 fe82 	bl	10007598 <__mutex_exit_veneer>
10006894:	2001      	movs	r0, #1
10006896:	bc80      	pop	{r7}
10006898:	46b8      	mov	r8, r7
1000689a:	bdf0      	pop	{r4, r5, r6, r7, pc}
1000689c:	2000      	movs	r0, #0
1000689e:	e7fa      	b.n	10006896 <tu_fifo_config+0x62>

100068a0 <tu_fifo_count>:
100068a0:	8903      	ldrh	r3, [r0, #8]
100068a2:	8941      	ldrh	r1, [r0, #10]
100068a4:	469c      	mov	ip, r3
100068a6:	8882      	ldrh	r2, [r0, #4]
100068a8:	b29b      	uxth	r3, r3
100068aa:	b288      	uxth	r0, r1
100068ac:	458c      	cmp	ip, r1
100068ae:	d307      	bcc.n	100068c0 <tu_fifo_count+0x20>
100068b0:	1a1b      	subs	r3, r3, r0
100068b2:	b29b      	uxth	r3, r3
100068b4:	1c10      	adds	r0, r2, #0
100068b6:	429a      	cmp	r2, r3
100068b8:	d900      	bls.n	100068bc <tu_fifo_count+0x1c>
100068ba:	1c18      	adds	r0, r3, #0
100068bc:	b280      	uxth	r0, r0
100068be:	4770      	bx	lr
100068c0:	0051      	lsls	r1, r2, #1
100068c2:	1a09      	subs	r1, r1, r0
100068c4:	185b      	adds	r3, r3, r1
100068c6:	b29b      	uxth	r3, r3
100068c8:	e7f4      	b.n	100068b4 <tu_fifo_count+0x14>
100068ca:	46c0      	nop			@ (mov r8, r8)

100068cc <tu_fifo_empty>:
100068cc:	8903      	ldrh	r3, [r0, #8]
100068ce:	8940      	ldrh	r0, [r0, #10]
100068d0:	1a18      	subs	r0, r3, r0
100068d2:	4243      	negs	r3, r0
100068d4:	4158      	adcs	r0, r3
100068d6:	b2c0      	uxtb	r0, r0
100068d8:	4770      	bx	lr
100068da:	46c0      	nop			@ (mov r8, r8)

100068dc <tu_fifo_remaining>:
100068dc:	8903      	ldrh	r3, [r0, #8]
100068de:	8941      	ldrh	r1, [r0, #10]
100068e0:	469c      	mov	ip, r3
100068e2:	8882      	ldrh	r2, [r0, #4]
100068e4:	b29b      	uxth	r3, r3
100068e6:	b288      	uxth	r0, r1
100068e8:	458c      	cmp	ip, r1
100068ea:	d307      	bcc.n	100068fc <tu_fifo_remaining+0x20>
100068ec:	1a1b      	subs	r3, r3, r0
100068ee:	b29b      	uxth	r3, r3
100068f0:	2000      	movs	r0, #0
100068f2:	429a      	cmp	r2, r3
100068f4:	d901      	bls.n	100068fa <tu_fifo_remaining+0x1e>
100068f6:	1ad2      	subs	r2, r2, r3
100068f8:	b290      	uxth	r0, r2
100068fa:	4770      	bx	lr
100068fc:	0051      	lsls	r1, r2, #1
100068fe:	1a09      	subs	r1, r1, r0
10006900:	185b      	adds	r3, r3, r1
10006902:	b29b      	uxth	r3, r3
10006904:	e7f4      	b.n	100068f0 <tu_fifo_remaining+0x14>
10006906:	46c0      	nop			@ (mov r8, r8)

10006908 <tu_fifo_read>:
10006908:	b570      	push	{r4, r5, r6, lr}
1000690a:	0004      	movs	r4, r0
1000690c:	6900      	ldr	r0, [r0, #16]
1000690e:	000d      	movs	r5, r1
10006910:	2800      	cmp	r0, #0
10006912:	d003      	beq.n	1000691c <tu_fifo_read+0x14>
10006914:	2101      	movs	r1, #1
10006916:	4249      	negs	r1, r1
10006918:	f000 fe6e 	bl	100075f8 <__mutex_enter_timeout_ms_veneer>
1000691c:	8923      	ldrh	r3, [r4, #8]
1000691e:	8962      	ldrh	r2, [r4, #10]
10006920:	469c      	mov	ip, r3
10006922:	b298      	uxth	r0, r3
10006924:	b291      	uxth	r1, r2
10006926:	88a3      	ldrh	r3, [r4, #4]
10006928:	4594      	cmp	ip, r2
1000692a:	d332      	bcc.n	10006992 <tu_fifo_read+0x8a>
1000692c:	1a42      	subs	r2, r0, r1
1000692e:	b292      	uxth	r2, r2
10006930:	2a00      	cmp	r2, #0
10006932:	d027      	beq.n	10006984 <tu_fifo_read+0x7c>
10006934:	4293      	cmp	r3, r2
10006936:	d208      	bcs.n	1000694a <tu_fifo_read+0x42>
10006938:	4298      	cmp	r0, r3
1000693a:	d32f      	bcc.n	1000699c <tu_fifo_read+0x94>
1000693c:	1ac0      	subs	r0, r0, r3
1000693e:	b281      	uxth	r1, r0
10006940:	8161      	strh	r1, [r4, #10]
10006942:	428b      	cmp	r3, r1
10006944:	d803      	bhi.n	1000694e <tu_fifo_read+0x46>
10006946:	1ac9      	subs	r1, r1, r3
10006948:	b289      	uxth	r1, r1
1000694a:	428b      	cmp	r3, r1
1000694c:	d9fb      	bls.n	10006946 <tu_fifo_read+0x3e>
1000694e:	88e2      	ldrh	r2, [r4, #6]
10006950:	6823      	ldr	r3, [r4, #0]
10006952:	0452      	lsls	r2, r2, #17
10006954:	0c52      	lsrs	r2, r2, #17
10006956:	4351      	muls	r1, r2
10006958:	0028      	movs	r0, r5
1000695a:	1859      	adds	r1, r3, r1
1000695c:	f7fc f99e 	bl	10002c9c <__wrap___aeabi_memcpy>
10006960:	8961      	ldrh	r1, [r4, #10]
10006962:	2501      	movs	r5, #1
10006964:	1c4a      	adds	r2, r1, #1
10006966:	b292      	uxth	r2, r2
10006968:	88a3      	ldrh	r3, [r4, #4]
1000696a:	4291      	cmp	r1, r2
1000696c:	d90d      	bls.n	1000698a <tu_fifo_read+0x82>
1000696e:	2200      	movs	r2, #0
10006970:	005b      	lsls	r3, r3, #1
10006972:	1ad2      	subs	r2, r2, r3
10006974:	6920      	ldr	r0, [r4, #16]
10006976:	8162      	strh	r2, [r4, #10]
10006978:	2800      	cmp	r0, #0
1000697a:	d001      	beq.n	10006980 <tu_fifo_read+0x78>
1000697c:	f000 fe0c 	bl	10007598 <__mutex_exit_veneer>
10006980:	0028      	movs	r0, r5
10006982:	bd70      	pop	{r4, r5, r6, pc}
10006984:	2500      	movs	r5, #0
10006986:	8962      	ldrh	r2, [r4, #10]
10006988:	b292      	uxth	r2, r2
1000698a:	005b      	lsls	r3, r3, #1
1000698c:	429a      	cmp	r2, r3
1000698e:	dbf1      	blt.n	10006974 <tu_fifo_read+0x6c>
10006990:	e7ef      	b.n	10006972 <tu_fifo_read+0x6a>
10006992:	005a      	lsls	r2, r3, #1
10006994:	1a52      	subs	r2, r2, r1
10006996:	1882      	adds	r2, r0, r2
10006998:	b292      	uxth	r2, r2
1000699a:	e7c9      	b.n	10006930 <tu_fifo_read+0x28>
1000699c:	18c0      	adds	r0, r0, r3
1000699e:	b281      	uxth	r1, r0
100069a0:	8161      	strh	r1, [r4, #10]
100069a2:	e7ce      	b.n	10006942 <tu_fifo_read+0x3a>

100069a4 <tu_fifo_read_n>:
100069a4:	b5f0      	push	{r4, r5, r6, r7, lr}
100069a6:	4646      	mov	r6, r8
100069a8:	46d6      	mov	lr, sl
100069aa:	464f      	mov	r7, r9
100069ac:	b5c0      	push	{r6, r7, lr}
100069ae:	0006      	movs	r6, r0
100069b0:	6900      	ldr	r0, [r0, #16]
100069b2:	468a      	mov	sl, r1
100069b4:	4690      	mov	r8, r2
100069b6:	b082      	sub	sp, #8
100069b8:	2800      	cmp	r0, #0
100069ba:	d003      	beq.n	100069c4 <tu_fifo_read_n+0x20>
100069bc:	2101      	movs	r1, #1
100069be:	4249      	negs	r1, r1
100069c0:	f000 fe1a 	bl	100075f8 <__mutex_enter_timeout_ms_veneer>
100069c4:	8931      	ldrh	r1, [r6, #8]
100069c6:	8972      	ldrh	r2, [r6, #10]
100069c8:	88b5      	ldrh	r5, [r6, #4]
100069ca:	b28b      	uxth	r3, r1
100069cc:	b294      	uxth	r4, r2
100069ce:	4291      	cmp	r1, r2
100069d0:	d355      	bcc.n	10006a7e <tu_fifo_read_n+0xda>
100069d2:	1b1f      	subs	r7, r3, r4
100069d4:	b2bf      	uxth	r7, r7
100069d6:	2f00      	cmp	r7, #0
100069d8:	d04b      	beq.n	10006a72 <tu_fifo_read_n+0xce>
100069da:	42bd      	cmp	r5, r7
100069dc:	d205      	bcs.n	100069ea <tu_fifo_read_n+0x46>
100069de:	42ab      	cmp	r3, r5
100069e0:	d252      	bcs.n	10006a88 <tu_fifo_read_n+0xe4>
100069e2:	195b      	adds	r3, r3, r5
100069e4:	b29c      	uxth	r4, r3
100069e6:	002f      	movs	r7, r5
100069e8:	8174      	strh	r4, [r6, #10]
100069ea:	4643      	mov	r3, r8
100069ec:	45b8      	cmp	r8, r7
100069ee:	d83e      	bhi.n	10006a6e <tu_fifo_read_n+0xca>
100069f0:	b29f      	uxth	r7, r3
100069f2:	42a5      	cmp	r5, r4
100069f4:	d803      	bhi.n	100069fe <tu_fifo_read_n+0x5a>
100069f6:	1b64      	subs	r4, r4, r5
100069f8:	b2a4      	uxth	r4, r4
100069fa:	42a5      	cmp	r5, r4
100069fc:	d9fb      	bls.n	100069f6 <tu_fifo_read_n+0x52>
100069fe:	88f2      	ldrh	r2, [r6, #6]
10006a00:	6831      	ldr	r1, [r6, #0]
10006a02:	0452      	lsls	r2, r2, #17
10006a04:	0c50      	lsrs	r0, r2, #17
10006a06:	0002      	movs	r2, r0
10006a08:	4362      	muls	r2, r4
10006a0a:	1b2b      	subs	r3, r5, r4
10006a0c:	b29b      	uxth	r3, r3
10006a0e:	1889      	adds	r1, r1, r2
10006a10:	9001      	str	r0, [sp, #4]
10006a12:	0002      	movs	r2, r0
10006a14:	429f      	cmp	r7, r3
10006a16:	d925      	bls.n	10006a64 <tu_fifo_read_n+0xc0>
10006a18:	4343      	muls	r3, r0
10006a1a:	b29b      	uxth	r3, r3
10006a1c:	001a      	movs	r2, r3
10006a1e:	4650      	mov	r0, sl
10006a20:	4699      	mov	r9, r3
10006a22:	f7fc f93b 	bl	10002c9c <__wrap___aeabi_memcpy>
10006a26:	4650      	mov	r0, sl
10006a28:	9a01      	ldr	r2, [sp, #4]
10006a2a:	1b7d      	subs	r5, r7, r5
10006a2c:	1964      	adds	r4, r4, r5
10006a2e:	4354      	muls	r4, r2
10006a30:	6831      	ldr	r1, [r6, #0]
10006a32:	4448      	add	r0, r9
10006a34:	b2a2      	uxth	r2, r4
10006a36:	f7fc f931 	bl	10002c9c <__wrap___aeabi_memcpy>
10006a3a:	8971      	ldrh	r1, [r6, #10]
10006a3c:	88b5      	ldrh	r5, [r6, #4]
10006a3e:	19cb      	adds	r3, r1, r7
10006a40:	b29b      	uxth	r3, r3
10006a42:	006a      	lsls	r2, r5, #1
10006a44:	4299      	cmp	r1, r3
10006a46:	d916      	bls.n	10006a76 <tu_fifo_read_n+0xd2>
10006a48:	1a9b      	subs	r3, r3, r2
10006a4a:	6930      	ldr	r0, [r6, #16]
10006a4c:	8173      	strh	r3, [r6, #10]
10006a4e:	2800      	cmp	r0, #0
10006a50:	d001      	beq.n	10006a56 <tu_fifo_read_n+0xb2>
10006a52:	f000 fda1 	bl	10007598 <__mutex_exit_veneer>
10006a56:	0038      	movs	r0, r7
10006a58:	b002      	add	sp, #8
10006a5a:	bce0      	pop	{r5, r6, r7}
10006a5c:	46ba      	mov	sl, r7
10006a5e:	46b1      	mov	r9, r6
10006a60:	46a8      	mov	r8, r5
10006a62:	bdf0      	pop	{r4, r5, r6, r7, pc}
10006a64:	4650      	mov	r0, sl
10006a66:	437a      	muls	r2, r7
10006a68:	f7fc f918 	bl	10002c9c <__wrap___aeabi_memcpy>
10006a6c:	e7e5      	b.n	10006a3a <tu_fifo_read_n+0x96>
10006a6e:	1c3b      	adds	r3, r7, #0
10006a70:	e7be      	b.n	100069f0 <tu_fifo_read_n+0x4c>
10006a72:	8973      	ldrh	r3, [r6, #10]
10006a74:	b29b      	uxth	r3, r3
10006a76:	006a      	lsls	r2, r5, #1
10006a78:	4293      	cmp	r3, r2
10006a7a:	dbe6      	blt.n	10006a4a <tu_fifo_read_n+0xa6>
10006a7c:	e7e4      	b.n	10006a48 <tu_fifo_read_n+0xa4>
10006a7e:	006f      	lsls	r7, r5, #1
10006a80:	1b3f      	subs	r7, r7, r4
10006a82:	19df      	adds	r7, r3, r7
10006a84:	b2bf      	uxth	r7, r7
10006a86:	e7a6      	b.n	100069d6 <tu_fifo_read_n+0x32>
10006a88:	1b5b      	subs	r3, r3, r5
10006a8a:	b29c      	uxth	r4, r3
10006a8c:	e7ab      	b.n	100069e6 <tu_fifo_read_n+0x42>
10006a8e:	46c0      	nop			@ (mov r8, r8)

10006a90 <tu_fifo_write>:
10006a90:	b5f8      	push	{r3, r4, r5, r6, r7, lr}
10006a92:	0004      	movs	r4, r0
10006a94:	68c0      	ldr	r0, [r0, #12]
10006a96:	000f      	movs	r7, r1
10006a98:	2800      	cmp	r0, #0
10006a9a:	d003      	beq.n	10006aa4 <tu_fifo_write+0x14>
10006a9c:	2101      	movs	r1, #1
10006a9e:	4249      	negs	r1, r1
10006aa0:	f000 fdaa 	bl	100075f8 <__mutex_enter_timeout_ms_veneer>
10006aa4:	8925      	ldrh	r5, [r4, #8]
10006aa6:	8920      	ldrh	r0, [r4, #8]
10006aa8:	8961      	ldrh	r1, [r4, #10]
10006aaa:	88a2      	ldrh	r2, [r4, #4]
10006aac:	b2ad      	uxth	r5, r5
10006aae:	b283      	uxth	r3, r0
10006ab0:	b28e      	uxth	r6, r1
10006ab2:	4288      	cmp	r0, r1
10006ab4:	d328      	bcc.n	10006b08 <tu_fifo_write+0x78>
10006ab6:	1b9b      	subs	r3, r3, r6
10006ab8:	b29b      	uxth	r3, r3
10006aba:	429a      	cmp	r2, r3
10006abc:	d809      	bhi.n	10006ad2 <tu_fifo_write+0x42>
10006abe:	79e6      	ldrb	r6, [r4, #7]
10006ac0:	09f6      	lsrs	r6, r6, #7
10006ac2:	d106      	bne.n	10006ad2 <tu_fifo_write+0x42>
10006ac4:	68e0      	ldr	r0, [r4, #12]
10006ac6:	2800      	cmp	r0, #0
10006ac8:	d001      	beq.n	10006ace <tu_fifo_write+0x3e>
10006aca:	f000 fd65 	bl	10007598 <__mutex_exit_veneer>
10006ace:	0030      	movs	r0, r6
10006ad0:	bdf8      	pop	{r3, r4, r5, r6, r7, pc}
10006ad2:	002b      	movs	r3, r5
10006ad4:	4295      	cmp	r5, r2
10006ad6:	d31c      	bcc.n	10006b12 <tu_fifo_write+0x82>
10006ad8:	1a9b      	subs	r3, r3, r2
10006ada:	b29b      	uxth	r3, r3
10006adc:	4293      	cmp	r3, r2
10006ade:	d2fb      	bcs.n	10006ad8 <tu_fifo_write+0x48>
10006ae0:	88e2      	ldrh	r2, [r4, #6]
10006ae2:	6820      	ldr	r0, [r4, #0]
10006ae4:	0452      	lsls	r2, r2, #17
10006ae6:	0c52      	lsrs	r2, r2, #17
10006ae8:	4353      	muls	r3, r2
10006aea:	0039      	movs	r1, r7
10006aec:	18c0      	adds	r0, r0, r3
10006aee:	f7fc f8d5 	bl	10002c9c <__wrap___aeabi_memcpy>
10006af2:	1c6b      	adds	r3, r5, #1
10006af4:	b29b      	uxth	r3, r3
10006af6:	88a2      	ldrh	r2, [r4, #4]
10006af8:	429d      	cmp	r5, r3
10006afa:	d916      	bls.n	10006b2a <tu_fifo_write+0x9a>
10006afc:	2300      	movs	r3, #0
10006afe:	0052      	lsls	r2, r2, #1
10006b00:	1a9b      	subs	r3, r3, r2
10006b02:	2601      	movs	r6, #1
10006b04:	8123      	strh	r3, [r4, #8]
10006b06:	e7dd      	b.n	10006ac4 <tu_fifo_write+0x34>
10006b08:	0051      	lsls	r1, r2, #1
10006b0a:	1b89      	subs	r1, r1, r6
10006b0c:	185b      	adds	r3, r3, r1
10006b0e:	b29b      	uxth	r3, r3
10006b10:	e7d3      	b.n	10006aba <tu_fifo_write+0x2a>
10006b12:	88e2      	ldrh	r2, [r4, #6]
10006b14:	6820      	ldr	r0, [r4, #0]
10006b16:	0452      	lsls	r2, r2, #17
10006b18:	0c52      	lsrs	r2, r2, #17
10006b1a:	4353      	muls	r3, r2
10006b1c:	0039      	movs	r1, r7
10006b1e:	18c0      	adds	r0, r0, r3
10006b20:	f7fc f8bc 	bl	10002c9c <__wrap___aeabi_memcpy>
10006b24:	3501      	adds	r5, #1
10006b26:	88a2      	ldrh	r2, [r4, #4]
10006b28:	b2ab      	uxth	r3, r5
10006b2a:	0052      	lsls	r2, r2, #1
10006b2c:	4293      	cmp	r3, r2
10006b2e:	dbe8      	blt.n	10006b02 <tu_fifo_write+0x72>
10006b30:	e7e6      	b.n	10006b00 <tu_fifo_write+0x70>
10006b32:	46c0      	nop			@ (mov r8, r8)

10006b34 <tu_fifo_write_n>:
10006b34:	b5f0      	push	{r4, r5, r6, r7, lr}
10006b36:	464e      	mov	r6, r9
10006b38:	4645      	mov	r5, r8
10006b3a:	46de      	mov	lr, fp
10006b3c:	4657      	mov	r7, sl
10006b3e:	b5e0      	push	{r5, r6, r7, lr}
10006b40:	4689      	mov	r9, r1
10006b42:	0005      	movs	r5, r0
10006b44:	0016      	movs	r6, r2
10006b46:	b083      	sub	sp, #12
10006b48:	2a00      	cmp	r2, #0
10006b4a:	d06b      	beq.n	10006c24 <tu_fifo_write_n+0xf0>
10006b4c:	68c0      	ldr	r0, [r0, #12]
10006b4e:	2800      	cmp	r0, #0
10006b50:	d003      	beq.n	10006b5a <tu_fifo_write_n+0x26>
10006b52:	2101      	movs	r1, #1
10006b54:	4249      	negs	r1, r1
10006b56:	f000 fd4f 	bl	100075f8 <__mutex_enter_timeout_ms_veneer>
10006b5a:	892f      	ldrh	r7, [r5, #8]
10006b5c:	79ea      	ldrb	r2, [r5, #7]
10006b5e:	b2bb      	uxth	r3, r7
10006b60:	4698      	mov	r8, r3
10006b62:	896b      	ldrh	r3, [r5, #10]
10006b64:	88af      	ldrh	r7, [r5, #4]
10006b66:	b29b      	uxth	r3, r3
10006b68:	09d2      	lsrs	r2, r2, #7
10006b6a:	d13d      	bne.n	10006be8 <tu_fifo_write_n+0xb4>
10006b6c:	4598      	cmp	r8, r3
10006b6e:	d262      	bcs.n	10006c36 <tu_fifo_write_n+0x102>
10006b70:	007a      	lsls	r2, r7, #1
10006b72:	1ad3      	subs	r3, r2, r3
10006b74:	4443      	add	r3, r8
10006b76:	b29b      	uxth	r3, r3
10006b78:	42bb      	cmp	r3, r7
10006b7a:	d261      	bcs.n	10006c40 <tu_fifo_write_n+0x10c>
10006b7c:	1afb      	subs	r3, r7, r3
10006b7e:	1c1a      	adds	r2, r3, #0
10006b80:	b29b      	uxth	r3, r3
10006b82:	42b3      	cmp	r3, r6
10006b84:	d900      	bls.n	10006b88 <tu_fifo_write_n+0x54>
10006b86:	1c32      	adds	r2, r6, #0
10006b88:	b296      	uxth	r6, r2
10006b8a:	1bf3      	subs	r3, r6, r7
10006b8c:	9301      	str	r3, [sp, #4]
10006b8e:	4643      	mov	r3, r8
10006b90:	18f3      	adds	r3, r6, r3
10006b92:	b29b      	uxth	r3, r3
10006b94:	469b      	mov	fp, r3
10006b96:	88ea      	ldrh	r2, [r5, #6]
10006b98:	4644      	mov	r4, r8
10006b9a:	45b8      	cmp	r8, r7
10006b9c:	d303      	bcc.n	10006ba6 <tu_fifo_write_n+0x72>
10006b9e:	1be4      	subs	r4, r4, r7
10006ba0:	b2a4      	uxth	r4, r4
10006ba2:	42bc      	cmp	r4, r7
10006ba4:	d2fb      	bcs.n	10006b9e <tu_fifo_write_n+0x6a>
10006ba6:	0452      	lsls	r2, r2, #17
10006ba8:	1b3b      	subs	r3, r7, r4
10006baa:	0c57      	lsrs	r7, r2, #17
10006bac:	003a      	movs	r2, r7
10006bae:	4362      	muls	r2, r4
10006bb0:	6828      	ldr	r0, [r5, #0]
10006bb2:	b29b      	uxth	r3, r3
10006bb4:	1880      	adds	r0, r0, r2
10006bb6:	42b3      	cmp	r3, r6
10006bb8:	d356      	bcc.n	10006c68 <tu_fifo_write_n+0x134>
10006bba:	003a      	movs	r2, r7
10006bbc:	4649      	mov	r1, r9
10006bbe:	4372      	muls	r2, r6
10006bc0:	f7fc f86c 	bl	10002c9c <__wrap___aeabi_memcpy>
10006bc4:	88ab      	ldrh	r3, [r5, #4]
10006bc6:	005b      	lsls	r3, r3, #1
10006bc8:	45d8      	cmp	r8, fp
10006bca:	d801      	bhi.n	10006bd0 <tu_fifo_write_n+0x9c>
10006bcc:	459b      	cmp	fp, r3
10006bce:	db02      	blt.n	10006bd6 <tu_fifo_write_n+0xa2>
10006bd0:	465a      	mov	r2, fp
10006bd2:	1ad3      	subs	r3, r2, r3
10006bd4:	469b      	mov	fp, r3
10006bd6:	465b      	mov	r3, fp
10006bd8:	0037      	movs	r7, r6
10006bda:	812b      	strh	r3, [r5, #8]
10006bdc:	68e8      	ldr	r0, [r5, #12]
10006bde:	2800      	cmp	r0, #0
10006be0:	d021      	beq.n	10006c26 <tu_fifo_write_n+0xf2>
10006be2:	f000 fcd9 	bl	10007598 <__mutex_exit_veneer>
10006be6:	e01e      	b.n	10006c26 <tu_fifo_write_n+0xf2>
10006be8:	42be      	cmp	r6, r7
10006bea:	d22b      	bcs.n	10006c44 <tu_fifo_write_n+0x110>
10006bec:	4598      	cmp	r8, r3
10006bee:	d34c      	bcc.n	10006c8a <tu_fifo_write_n+0x156>
10006bf0:	4642      	mov	r2, r8
10006bf2:	1ad2      	subs	r2, r2, r3
10006bf4:	b292      	uxth	r2, r2
10006bf6:	0079      	lsls	r1, r7, #1
10006bf8:	1bf0      	subs	r0, r6, r7
10006bfa:	1992      	adds	r2, r2, r6
10006bfc:	9001      	str	r0, [sp, #4]
10006bfe:	428a      	cmp	r2, r1
10006c00:	dbc5      	blt.n	10006b8e <tu_fifo_write_n+0x5a>
10006c02:	19da      	adds	r2, r3, r7
10006c04:	b292      	uxth	r2, r2
10006c06:	4693      	mov	fp, r2
10006c08:	1b92      	subs	r2, r2, r6
10006c0a:	b292      	uxth	r2, r2
10006c0c:	4690      	mov	r8, r2
10006c0e:	4293      	cmp	r3, r2
10006c10:	d940      	bls.n	10006c94 <tu_fifo_write_n+0x160>
10006c12:	4643      	mov	r3, r8
10006c14:	1a59      	subs	r1, r3, r1
10006c16:	b28b      	uxth	r3, r1
10006c18:	4698      	mov	r8, r3
10006c1a:	18f3      	adds	r3, r6, r3
10006c1c:	b29b      	uxth	r3, r3
10006c1e:	469b      	mov	fp, r3
10006c20:	88ea      	ldrh	r2, [r5, #6]
10006c22:	e7b9      	b.n	10006b98 <tu_fifo_write_n+0x64>
10006c24:	2700      	movs	r7, #0
10006c26:	0038      	movs	r0, r7
10006c28:	b003      	add	sp, #12
10006c2a:	bcf0      	pop	{r4, r5, r6, r7}
10006c2c:	46bb      	mov	fp, r7
10006c2e:	46b2      	mov	sl, r6
10006c30:	46a9      	mov	r9, r5
10006c32:	46a0      	mov	r8, r4
10006c34:	bdf0      	pop	{r4, r5, r6, r7, pc}
10006c36:	4642      	mov	r2, r8
10006c38:	1ad3      	subs	r3, r2, r3
10006c3a:	b29b      	uxth	r3, r3
10006c3c:	42bb      	cmp	r3, r7
10006c3e:	d39d      	bcc.n	10006b7c <tu_fifo_write_n+0x48>
10006c40:	2700      	movs	r7, #0
10006c42:	e7cb      	b.n	10006bdc <tu_fifo_write_n+0xa8>
10006c44:	2f00      	cmp	r7, #0
10006c46:	d0c9      	beq.n	10006bdc <tu_fifo_write_n+0xa8>
10006c48:	46cc      	mov	ip, r9
10006c4a:	88ea      	ldrh	r2, [r5, #6]
10006c4c:	1bf6      	subs	r6, r6, r7
10006c4e:	0451      	lsls	r1, r2, #17
10006c50:	0c49      	lsrs	r1, r1, #17
10006c52:	4371      	muls	r1, r6
10006c54:	4698      	mov	r8, r3
10006c56:	448c      	add	ip, r1
10006c58:	19d9      	adds	r1, r3, r7
10006c5a:	2300      	movs	r3, #0
10006c5c:	b289      	uxth	r1, r1
10006c5e:	46e1      	mov	r9, ip
10006c60:	468b      	mov	fp, r1
10006c62:	003e      	movs	r6, r7
10006c64:	9301      	str	r3, [sp, #4]
10006c66:	e797      	b.n	10006b98 <tu_fifo_write_n+0x64>
10006c68:	437b      	muls	r3, r7
10006c6a:	b29b      	uxth	r3, r3
10006c6c:	001a      	movs	r2, r3
10006c6e:	4649      	mov	r1, r9
10006c70:	469a      	mov	sl, r3
10006c72:	f7fc f813 	bl	10002c9c <__wrap___aeabi_memcpy>
10006c76:	4649      	mov	r1, r9
10006c78:	9b01      	ldr	r3, [sp, #4]
10006c7a:	6828      	ldr	r0, [r5, #0]
10006c7c:	18e2      	adds	r2, r4, r3
10006c7e:	437a      	muls	r2, r7
10006c80:	4451      	add	r1, sl
10006c82:	b292      	uxth	r2, r2
10006c84:	f7fc f80a 	bl	10002c9c <__wrap___aeabi_memcpy>
10006c88:	e79c      	b.n	10006bc4 <tu_fifo_write_n+0x90>
10006c8a:	0079      	lsls	r1, r7, #1
10006c8c:	1aca      	subs	r2, r1, r3
10006c8e:	4442      	add	r2, r8
10006c90:	b292      	uxth	r2, r2
10006c92:	e7b1      	b.n	10006bf8 <tu_fifo_write_n+0xc4>
10006c94:	4291      	cmp	r1, r2
10006c96:	ddbc      	ble.n	10006c12 <tu_fifo_write_n+0xde>
10006c98:	e7c2      	b.n	10006c20 <tu_fifo_write_n+0xec>
10006c9a:	46c0      	nop			@ (mov r8, r8)

10006c9c <tu_fifo_clear>:
10006c9c:	b510      	push	{r4, lr}
10006c9e:	0004      	movs	r4, r0
10006ca0:	68c0      	ldr	r0, [r0, #12]
10006ca2:	2800      	cmp	r0, #0
10006ca4:	d003      	beq.n	10006cae <tu_fifo_clear+0x12>
10006ca6:	2101      	movs	r1, #1
10006ca8:	4249      	negs	r1, r1
10006caa:	f000 fca5 	bl	100075f8 <__mutex_enter_timeout_ms_veneer>
10006cae:	6920      	ldr	r0, [r4, #16]
10006cb0:	2800      	cmp	r0, #0
10006cb2:	d003      	beq.n	10006cbc <tu_fifo_clear+0x20>
10006cb4:	2101      	movs	r1, #1
10006cb6:	4249      	negs	r1, r1
10006cb8:	f000 fc9e 	bl	100075f8 <__mutex_enter_timeout_ms_veneer>
10006cbc:	2300      	movs	r3, #0
10006cbe:	68e0      	ldr	r0, [r4, #12]
10006cc0:	8163      	strh	r3, [r4, #10]
10006cc2:	8123      	strh	r3, [r4, #8]
10006cc4:	2800      	cmp	r0, #0
10006cc6:	d001      	beq.n	10006ccc <tu_fifo_clear+0x30>
10006cc8:	f000 fc66 	bl	10007598 <__mutex_exit_veneer>
10006ccc:	6920      	ldr	r0, [r4, #16]
10006cce:	2800      	cmp	r0, #0
10006cd0:	d001      	beq.n	10006cd6 <tu_fifo_clear+0x3a>
10006cd2:	f000 fc61 	bl	10007598 <__mutex_exit_veneer>
10006cd6:	2001      	movs	r0, #1
10006cd8:	bd10      	pop	{r4, pc}
10006cda:	46c0      	nop			@ (mov r8, r8)

10006cdc <tu_fifo_set_overwritable>:
10006cdc:	b570      	push	{r4, r5, r6, lr}
10006cde:	0004      	movs	r4, r0
10006ce0:	68c0      	ldr	r0, [r0, #12]
10006ce2:	000d      	movs	r5, r1
10006ce4:	2800      	cmp	r0, #0
10006ce6:	d003      	beq.n	10006cf0 <tu_fifo_set_overwritable+0x14>
10006ce8:	2101      	movs	r1, #1
10006cea:	4249      	negs	r1, r1
10006cec:	f000 fc84 	bl	100075f8 <__mutex_enter_timeout_ms_veneer>
10006cf0:	6920      	ldr	r0, [r4, #16]
10006cf2:	2800      	cmp	r0, #0
10006cf4:	d003      	beq.n	10006cfe <tu_fifo_set_overwritable+0x22>
10006cf6:	2101      	movs	r1, #1
10006cf8:	4249      	negs	r1, r1
10006cfa:	f000 fc7d 	bl	100075f8 <__mutex_enter_timeout_ms_veneer>
10006cfe:	217f      	movs	r1, #127	@ 0x7f
10006d00:	79e2      	ldrb	r2, [r4, #7]
10006d02:	01eb      	lsls	r3, r5, #7
10006d04:	4011      	ands	r1, r2
10006d06:	68e0      	ldr	r0, [r4, #12]
10006d08:	4319      	orrs	r1, r3
10006d0a:	71e1      	strb	r1, [r4, #7]
10006d0c:	2800      	cmp	r0, #0
10006d0e:	d001      	beq.n	10006d14 <tu_fifo_set_overwritable+0x38>
10006d10:	f000 fc42 	bl	10007598 <__mutex_exit_veneer>
10006d14:	6920      	ldr	r0, [r4, #16]
10006d16:	2800      	cmp	r0, #0
10006d18:	d001      	beq.n	10006d1e <tu_fifo_set_overwritable+0x42>
10006d1a:	f000 fc3d 	bl	10007598 <__mutex_exit_veneer>
10006d1e:	2001      	movs	r0, #1
10006d20:	bd70      	pop	{r4, r5, r6, pc}
10006d22:	46c0      	nop			@ (mov r8, r8)

10006d24 <i2c_read_blocking_internal.constprop.0>:
10006d24:	b5f0      	push	{r4, r5, r6, r7, lr}
10006d26:	46de      	mov	lr, fp
10006d28:	4657      	mov	r7, sl
10006d2a:	464e      	mov	r6, r9
10006d2c:	4645      	mov	r5, r8
10006d2e:	b5e0      	push	{r5, r6, r7, lr}
10006d30:	0006      	movs	r6, r0
10006d32:	b083      	sub	sp, #12
10006d34:	001f      	movs	r7, r3
10006d36:	ab0c      	add	r3, sp, #48	@ 0x30
10006d38:	0008      	movs	r0, r1
10006d3a:	7819      	ldrb	r1, [r3, #0]
10006d3c:	2300      	movs	r3, #0
10006d3e:	4693      	mov	fp, r2
10006d40:	6832      	ldr	r2, [r6, #0]
10006d42:	66d3      	str	r3, [r2, #108]	@ 0x6c
10006d44:	3301      	adds	r3, #1
10006d46:	6050      	str	r0, [r2, #4]
10006d48:	66d3      	str	r3, [r2, #108]	@ 0x6c
10006d4a:	2f00      	cmp	r7, #0
10006d4c:	dd3b      	ble.n	10006dc6 <i2c_read_blocking_internal.constprop.0+0xa2>
10006d4e:	1e7b      	subs	r3, r7, #1
10006d50:	4699      	mov	r9, r3
10006d52:	2301      	movs	r3, #1
10006d54:	404b      	eors	r3, r1
10006d56:	469a      	mov	sl, r3
10006d58:	2000      	movs	r0, #0
10006d5a:	2480      	movs	r4, #128	@ 0x80
10006d5c:	2340      	movs	r3, #64	@ 0x40
10006d5e:	4688      	mov	r8, r1
10006d60:	6f55      	ldr	r5, [r2, #116]	@ 0x74
10006d62:	2d10      	cmp	r5, #16
10006d64:	d0fc      	beq.n	10006d60 <i2c_read_blocking_internal.constprop.0+0x3c>
10006d66:	2500      	movs	r5, #0
10006d68:	46ac      	mov	ip, r5
10006d6a:	2800      	cmp	r0, #0
10006d6c:	d102      	bne.n	10006d74 <i2c_read_blocking_internal.constprop.0+0x50>
10006d6e:	7935      	ldrb	r5, [r6, #4]
10006d70:	02a9      	lsls	r1, r5, #10
10006d72:	468c      	mov	ip, r1
10006d74:	464d      	mov	r5, r9
10006d76:	1b41      	subs	r1, r0, r5
10006d78:	424d      	negs	r5, r1
10006d7a:	414d      	adcs	r5, r1
10006d7c:	4651      	mov	r1, sl
10006d7e:	400d      	ands	r5, r1
10006d80:	4661      	mov	r1, ip
10006d82:	026d      	lsls	r5, r5, #9
10006d84:	430d      	orrs	r5, r1
10006d86:	2180      	movs	r1, #128	@ 0x80
10006d88:	0049      	lsls	r1, r1, #1
10006d8a:	430d      	orrs	r5, r1
10006d8c:	4641      	mov	r1, r8
10006d8e:	6115      	str	r5, [r2, #16]
10006d90:	5915      	ldr	r5, [r2, r4]
10006d92:	6b55      	ldr	r5, [r2, #52]	@ 0x34
10006d94:	422b      	tst	r3, r5
10006d96:	d00a      	beq.n	10006dae <i2c_read_blocking_internal.constprop.0+0x8a>
10006d98:	2001      	movs	r0, #1
10006d9a:	6d53      	ldr	r3, [r2, #84]	@ 0x54
10006d9c:	4240      	negs	r0, r0
10006d9e:	7131      	strb	r1, [r6, #4]
10006da0:	b003      	add	sp, #12
10006da2:	bcf0      	pop	{r4, r5, r6, r7}
10006da4:	46bb      	mov	fp, r7
10006da6:	46b2      	mov	sl, r6
10006da8:	46a9      	mov	r9, r5
10006daa:	46a0      	mov	r8, r4
10006dac:	bdf0      	pop	{r4, r5, r6, r7, pc}
10006dae:	6f95      	ldr	r5, [r2, #120]	@ 0x78
10006db0:	2d00      	cmp	r5, #0
10006db2:	d0ed      	beq.n	10006d90 <i2c_read_blocking_internal.constprop.0+0x6c>
10006db4:	4688      	mov	r8, r1
10006db6:	4659      	mov	r1, fp
10006db8:	6912      	ldr	r2, [r2, #16]
10006dba:	540a      	strb	r2, [r1, r0]
10006dbc:	3001      	adds	r0, #1
10006dbe:	4287      	cmp	r7, r0
10006dc0:	d003      	beq.n	10006dca <i2c_read_blocking_internal.constprop.0+0xa6>
10006dc2:	6832      	ldr	r2, [r6, #0]
10006dc4:	e7cc      	b.n	10006d60 <i2c_read_blocking_internal.constprop.0+0x3c>
10006dc6:	2000      	movs	r0, #0
10006dc8:	e7e9      	b.n	10006d9e <i2c_read_blocking_internal.constprop.0+0x7a>
10006dca:	4641      	mov	r1, r8
10006dcc:	e7e7      	b.n	10006d9e <i2c_read_blocking_internal.constprop.0+0x7a>
10006dce:	46c0      	nop			@ (mov r8, r8)

10006dd0 <i2c_write_blocking_internal.constprop.0>:
10006dd0:	b5f0      	push	{r4, r5, r6, r7, lr}
10006dd2:	464e      	mov	r6, r9
10006dd4:	4645      	mov	r5, r8
10006dd6:	46de      	mov	lr, fp
10006dd8:	4657      	mov	r7, sl
10006dda:	4684      	mov	ip, r0
10006ddc:	b5e0      	push	{r5, r6, r7, lr}
10006dde:	b085      	sub	sp, #20
10006de0:	4698      	mov	r8, r3
10006de2:	ab0e      	add	r3, sp, #56	@ 0x38
10006de4:	4691      	mov	r9, r2
10006de6:	781a      	ldrb	r2, [r3, #0]
10006de8:	4663      	mov	r3, ip
10006dea:	0008      	movs	r0, r1
10006dec:	6819      	ldr	r1, [r3, #0]
10006dee:	2300      	movs	r3, #0
10006df0:	66cb      	str	r3, [r1, #108]	@ 0x6c
10006df2:	3301      	adds	r3, #1
10006df4:	6048      	str	r0, [r1, #4]
10006df6:	66cb      	str	r3, [r1, #108]	@ 0x6c
10006df8:	4643      	mov	r3, r8
10006dfa:	9203      	str	r2, [sp, #12]
10006dfc:	2b00      	cmp	r3, #0
10006dfe:	dd4e      	ble.n	10006e9e <i2c_write_blocking_internal.constprop.0+0xce>
10006e00:	2701      	movs	r7, #1
10006e02:	1e5e      	subs	r6, r3, #1
10006e04:	4663      	mov	r3, ip
10006e06:	2480      	movs	r4, #128	@ 0x80
10006e08:	4057      	eors	r7, r2
10006e0a:	791a      	ldrb	r2, [r3, #4]
10006e0c:	46a2      	mov	sl, r4
10006e0e:	2580      	movs	r5, #128	@ 0x80
10006e10:	464c      	mov	r4, r9
10006e12:	0292      	lsls	r2, r2, #10
10006e14:	2000      	movs	r0, #0
10006e16:	2310      	movs	r3, #16
10006e18:	4691      	mov	r9, r2
10006e1a:	00ad      	lsls	r5, r5, #2
10006e1c:	9401      	str	r4, [sp, #4]
10006e1e:	1b84      	subs	r4, r0, r6
10006e20:	4262      	negs	r2, r4
10006e22:	4162      	adcs	r2, r4
10006e24:	9c01      	ldr	r4, [sp, #4]
10006e26:	403a      	ands	r2, r7
10006e28:	5c24      	ldrb	r4, [r4, r0]
10006e2a:	0252      	lsls	r2, r2, #9
10006e2c:	4322      	orrs	r2, r4
10006e2e:	464c      	mov	r4, r9
10006e30:	4322      	orrs	r2, r4
10006e32:	9c01      	ldr	r4, [sp, #4]
10006e34:	610a      	str	r2, [r1, #16]
10006e36:	6b4a      	ldr	r2, [r1, #52]	@ 0x34
10006e38:	4213      	tst	r3, r2
10006e3a:	d0fc      	beq.n	10006e36 <i2c_write_blocking_internal.constprop.0+0x66>
10006e3c:	4652      	mov	r2, sl
10006e3e:	588a      	ldr	r2, [r1, r2]
10006e40:	9401      	str	r4, [sp, #4]
10006e42:	4691      	mov	r9, r2
10006e44:	2a00      	cmp	r2, #0
10006e46:	d110      	bne.n	10006e6a <i2c_write_blocking_internal.constprop.0+0x9a>
10006e48:	42b0      	cmp	r0, r6
10006e4a:	d023      	beq.n	10006e94 <i2c_write_blocking_internal.constprop.0+0xc4>
10006e4c:	2200      	movs	r2, #0
10006e4e:	3001      	adds	r0, #1
10006e50:	4691      	mov	r9, r2
10006e52:	4580      	cmp	r8, r0
10006e54:	d1e3      	bne.n	10006e1e <i2c_write_blocking_internal.constprop.0+0x4e>
10006e56:	4663      	mov	r3, ip
10006e58:	9a03      	ldr	r2, [sp, #12]
10006e5a:	711a      	strb	r2, [r3, #4]
10006e5c:	b005      	add	sp, #20
10006e5e:	bcf0      	pop	{r4, r5, r6, r7}
10006e60:	46bb      	mov	fp, r7
10006e62:	46b2      	mov	sl, r6
10006e64:	46a9      	mov	r9, r5
10006e66:	46a0      	mov	r8, r4
10006e68:	bdf0      	pop	{r4, r5, r6, r7, pc}
10006e6a:	6d4a      	ldr	r2, [r1, #84]	@ 0x54
10006e6c:	2201      	movs	r2, #1
10006e6e:	4693      	mov	fp, r2
10006e70:	6b4a      	ldr	r2, [r1, #52]	@ 0x34
10006e72:	422a      	tst	r2, r5
10006e74:	d0fc      	beq.n	10006e70 <i2c_write_blocking_internal.constprop.0+0xa0>
10006e76:	6e0a      	ldr	r2, [r1, #96]	@ 0x60
10006e78:	465a      	mov	r2, fp
10006e7a:	9401      	str	r4, [sp, #4]
10006e7c:	2a00      	cmp	r2, #0
10006e7e:	d0e5      	beq.n	10006e4c <i2c_write_blocking_internal.constprop.0+0x7c>
10006e80:	464c      	mov	r4, r9
10006e82:	2c00      	cmp	r4, #0
10006e84:	d003      	beq.n	10006e8e <i2c_write_blocking_internal.constprop.0+0xbe>
10006e86:	2309      	movs	r3, #9
10006e88:	4023      	ands	r3, r4
10006e8a:	2b08      	cmp	r3, #8
10006e8c:	d0e3      	beq.n	10006e56 <i2c_write_blocking_internal.constprop.0+0x86>
10006e8e:	2001      	movs	r0, #1
10006e90:	4240      	negs	r0, r0
10006e92:	e7e0      	b.n	10006e56 <i2c_write_blocking_internal.constprop.0+0x86>
10006e94:	9a03      	ldr	r2, [sp, #12]
10006e96:	2a00      	cmp	r2, #0
10006e98:	d1d8      	bne.n	10006e4c <i2c_write_blocking_internal.constprop.0+0x7c>
10006e9a:	4693      	mov	fp, r2
10006e9c:	e7e8      	b.n	10006e70 <i2c_write_blocking_internal.constprop.0+0xa0>
10006e9e:	2000      	movs	r0, #0
10006ea0:	e7d9      	b.n	10006e56 <i2c_write_blocking_internal.constprop.0+0x86>
10006ea2:	46c0      	nop			@ (mov r8, r8)

10006ea4 <i2c_set_baudrate>:
10006ea4:	b5f0      	push	{r4, r5, r6, r7, lr}
10006ea6:	46d6      	mov	lr, sl
10006ea8:	464f      	mov	r7, r9
10006eaa:	4646      	mov	r6, r8
10006eac:	4682      	mov	sl, r0
10006eae:	b5c0      	push	{r6, r7, lr}
10006eb0:	2005      	movs	r0, #5
10006eb2:	000c      	movs	r4, r1
10006eb4:	f7fa fdfc 	bl	10001ab0 <clock_get_hz>
10006eb8:	0005      	movs	r5, r0
10006eba:	0860      	lsrs	r0, r4, #1
10006ebc:	0021      	movs	r1, r4
10006ebe:	1940      	adds	r0, r0, r5
10006ec0:	f7fb f856 	bl	10001f70 <__wrap___aeabi_uidiv>
10006ec4:	0047      	lsls	r7, r0, #1
10006ec6:	183f      	adds	r7, r7, r0
10006ec8:	0006      	movs	r6, r0
10006eca:	2105      	movs	r1, #5
10006ecc:	0038      	movs	r0, r7
10006ece:	f7fb f84f 	bl	10001f70 <__wrap___aeabi_uidiv>
10006ed2:	46a0      	mov	r8, r4
10006ed4:	4b1c      	ldr	r3, [pc, #112]	@ (10006f48 <i2c_set_baudrate+0xa4>)
10006ed6:	1a32      	subs	r2, r6, r0
10006ed8:	0004      	movs	r4, r0
10006eda:	0068      	lsls	r0, r5, #1
10006edc:	4691      	mov	r9, r2
10006ede:	1940      	adds	r0, r0, r5
10006ee0:	4598      	cmp	r8, r3
10006ee2:	d82b      	bhi.n	10006f3c <i2c_set_baudrate+0x98>
10006ee4:	4919      	ldr	r1, [pc, #100]	@ (10006f4c <i2c_set_baudrate+0xa8>)
10006ee6:	f7fb f843 	bl	10001f70 <__wrap___aeabi_uidiv>
10006eea:	3001      	adds	r0, #1
10006eec:	4653      	mov	r3, sl
10006eee:	2200      	movs	r2, #0
10006ef0:	681b      	ldr	r3, [r3, #0]
10006ef2:	66da      	str	r2, [r3, #108]	@ 0x6c
10006ef4:	6819      	ldr	r1, [r3, #0]
10006ef6:	3204      	adds	r2, #4
10006ef8:	4051      	eors	r1, r2
10006efa:	3202      	adds	r2, #2
10006efc:	400a      	ands	r2, r1
10006efe:	2180      	movs	r1, #128	@ 0x80
10006f00:	0149      	lsls	r1, r1, #5
10006f02:	1859      	adds	r1, r3, r1
10006f04:	600a      	str	r2, [r1, #0]
10006f06:	464a      	mov	r2, r9
10006f08:	61da      	str	r2, [r3, #28]
10006f0a:	2201      	movs	r2, #1
10006f0c:	621c      	str	r4, [r3, #32]
10006f0e:	2f4f      	cmp	r7, #79	@ 0x4f
10006f10:	d900      	bls.n	10006f14 <i2c_set_baudrate+0x70>
10006f12:	0922      	lsrs	r2, r4, #4
10006f14:	21a0      	movs	r1, #160	@ 0xa0
10006f16:	505a      	str	r2, [r3, r1]
10006f18:	6fda      	ldr	r2, [r3, #124]	@ 0x7c
10006f1a:	0031      	movs	r1, r6
10006f1c:	4050      	eors	r0, r2
10006f1e:	4a0c      	ldr	r2, [pc, #48]	@ (10006f50 <i2c_set_baudrate+0xac>)
10006f20:	0400      	lsls	r0, r0, #16
10006f22:	189a      	adds	r2, r3, r2
10006f24:	0c00      	lsrs	r0, r0, #16
10006f26:	6010      	str	r0, [r2, #0]
10006f28:	2201      	movs	r2, #1
10006f2a:	0028      	movs	r0, r5
10006f2c:	66da      	str	r2, [r3, #108]	@ 0x6c
10006f2e:	f7fb f81f 	bl	10001f70 <__wrap___aeabi_uidiv>
10006f32:	bce0      	pop	{r5, r6, r7}
10006f34:	46ba      	mov	sl, r7
10006f36:	46b1      	mov	r9, r6
10006f38:	46a8      	mov	r8, r5
10006f3a:	bdf0      	pop	{r4, r5, r6, r7, pc}
10006f3c:	4905      	ldr	r1, [pc, #20]	@ (10006f54 <i2c_set_baudrate+0xb0>)
10006f3e:	f7fb f817 	bl	10001f70 <__wrap___aeabi_uidiv>
10006f42:	3001      	adds	r0, #1
10006f44:	e7d2      	b.n	10006eec <i2c_set_baudrate+0x48>
10006f46:	46c0      	nop			@ (mov r8, r8)
10006f48:	000f423f 	.word	0x000f423f
10006f4c:	00989680 	.word	0x00989680
10006f50:	0000107c 	.word	0x0000107c
10006f54:	017d7840 	.word	0x017d7840

10006f58 <i2c_init>:
10006f58:	4a10      	ldr	r2, [pc, #64]	@ (10006f9c <i2c_init+0x44>)
10006f5a:	b570      	push	{r4, r5, r6, lr}
10006f5c:	1a82      	subs	r2, r0, r2
10006f5e:	1e53      	subs	r3, r2, #1
10006f60:	419a      	sbcs	r2, r3
10006f62:	2307      	movs	r3, #7
10006f64:	4252      	negs	r2, r2
10006f66:	439a      	bics	r2, r3
10006f68:	4b0d      	ldr	r3, [pc, #52]	@ (10006fa0 <i2c_init+0x48>)
10006f6a:	3210      	adds	r2, #16
10006f6c:	601a      	str	r2, [r3, #0]
10006f6e:	4b0d      	ldr	r3, [pc, #52]	@ (10006fa4 <i2c_init+0x4c>)
10006f70:	4c0d      	ldr	r4, [pc, #52]	@ (10006fa8 <i2c_init+0x50>)
10006f72:	601a      	str	r2, [r3, #0]
10006f74:	0015      	movs	r5, r2
10006f76:	6823      	ldr	r3, [r4, #0]
10006f78:	439d      	bics	r5, r3
10006f7a:	1e2b      	subs	r3, r5, #0
10006f7c:	d1fa      	bne.n	10006f74 <i2c_init+0x1c>
10006f7e:	2466      	movs	r4, #102	@ 0x66
10006f80:	6802      	ldr	r2, [r0, #0]
10006f82:	34ff      	adds	r4, #255	@ 0xff
10006f84:	7105      	strb	r5, [r0, #4]
10006f86:	66d5      	str	r5, [r2, #108]	@ 0x6c
10006f88:	6014      	str	r4, [r2, #0]
10006f8a:	3c63      	subs	r4, #99	@ 0x63
10006f8c:	3388      	adds	r3, #136	@ 0x88
10006f8e:	3cff      	subs	r4, #255	@ 0xff
10006f90:	63d5      	str	r5, [r2, #60]	@ 0x3c
10006f92:	6395      	str	r5, [r2, #56]	@ 0x38
10006f94:	50d4      	str	r4, [r2, r3]
10006f96:	f7ff ff85 	bl	10006ea4 <i2c_set_baudrate>
10006f9a:	bd70      	pop	{r4, r5, r6, pc}
10006f9c:	20001080 	.word	0x20001080
10006fa0:	4000e000 	.word	0x4000e000
10006fa4:	4000f000 	.word	0x4000f000
10006fa8:	4000c008 	.word	0x4000c008

10006fac <i2c_write_blocking>:
10006fac:	b510      	push	{r4, lr}
10006fae:	b082      	sub	sp, #8
10006fb0:	466c      	mov	r4, sp
10006fb2:	7c24      	ldrb	r4, [r4, #16]
10006fb4:	9400      	str	r4, [sp, #0]
10006fb6:	f7ff ff0b 	bl	10006dd0 <i2c_write_blocking_internal.constprop.0>
10006fba:	b002      	add	sp, #8
10006fbc:	bd10      	pop	{r4, pc}
10006fbe:	46c0      	nop			@ (mov r8, r8)

10006fc0 <i2c_read_blocking>:
10006fc0:	b510      	push	{r4, lr}
10006fc2:	b082      	sub	sp, #8
10006fc4:	466c      	mov	r4, sp
10006fc6:	7c24      	ldrb	r4, [r4, #16]
10006fc8:	9400      	str	r4, [sp, #0]
10006fca:	f7ff feab 	bl	10006d24 <i2c_read_blocking_internal.constprop.0>
10006fce:	b002      	add	sp, #8
10006fd0:	bd10      	pop	{r4, pc}
10006fd2:	46c0      	nop			@ (mov r8, r8)

10006fd4 <VL53L1X_SetI2CAddress>:
10006fd4:	b510      	push	{r4, lr}
10006fd6:	084a      	lsrs	r2, r1, #1
10006fd8:	2101      	movs	r1, #1
10006fda:	f000 fa51 	bl	10007480 <VL53L1X_WrByte>
10006fde:	bd10      	pop	{r4, pc}

10006fe0 <VL53L1X_SensorInit>:
10006fe0:	b5f0      	push	{r4, r5, r6, r7, lr}
10006fe2:	0005      	movs	r5, r0
10006fe4:	242d      	movs	r4, #45	@ 0x2d
10006fe6:	4e1d      	ldr	r6, [pc, #116]	@ (1000705c <VL53L1X_SensorInit+0x7c>)
10006fe8:	b083      	sub	sp, #12
10006fea:	5d32      	ldrb	r2, [r6, r4]
10006fec:	b2a1      	uxth	r1, r4
10006fee:	0028      	movs	r0, r5
10006ff0:	3401      	adds	r4, #1
10006ff2:	f000 fa45 	bl	10007480 <VL53L1X_WrByte>
10006ff6:	2c88      	cmp	r4, #136	@ 0x88
10006ff8:	d1f7      	bne.n	10006fea <VL53L1X_SensorInit+0xa>
10006ffa:	2240      	movs	r2, #64	@ 0x40
10006ffc:	2187      	movs	r1, #135	@ 0x87
10006ffe:	0028      	movs	r0, r5
10007000:	f000 fa3e 	bl	10007480 <VL53L1X_WrByte>
10007004:	466b      	mov	r3, sp
10007006:	2701      	movs	r7, #1
10007008:	1ddc      	adds	r4, r3, #7
1000700a:	0022      	movs	r2, r4
1000700c:	2130      	movs	r1, #48	@ 0x30
1000700e:	0028      	movs	r0, r5
10007010:	f000 fa10 	bl	10007434 <VL53L1X_RdByte>
10007014:	0022      	movs	r2, r4
10007016:	2131      	movs	r1, #49	@ 0x31
10007018:	0028      	movs	r0, r5
1000701a:	7826      	ldrb	r6, [r4, #0]
1000701c:	f000 fa0a 	bl	10007434 <VL53L1X_RdByte>
10007020:	2800      	cmp	r0, #0
10007022:	d1f2      	bne.n	1000700a <VL53L1X_SensorInit+0x2a>
10007024:	7823      	ldrb	r3, [r4, #0]
10007026:	0936      	lsrs	r6, r6, #4
10007028:	405e      	eors	r6, r3
1000702a:	4237      	tst	r7, r6
1000702c:	d0ed      	beq.n	1000700a <VL53L1X_SensorInit+0x2a>
1000702e:	2201      	movs	r2, #1
10007030:	2186      	movs	r1, #134	@ 0x86
10007032:	0028      	movs	r0, r5
10007034:	f000 fa24 	bl	10007480 <VL53L1X_WrByte>
10007038:	2200      	movs	r2, #0
1000703a:	2187      	movs	r1, #135	@ 0x87
1000703c:	0028      	movs	r0, r5
1000703e:	f000 fa1f 	bl	10007480 <VL53L1X_WrByte>
10007042:	2209      	movs	r2, #9
10007044:	2108      	movs	r1, #8
10007046:	0028      	movs	r0, r5
10007048:	f000 fa1a 	bl	10007480 <VL53L1X_WrByte>
1000704c:	2200      	movs	r2, #0
1000704e:	210b      	movs	r1, #11
10007050:	0028      	movs	r0, r5
10007052:	f000 fa15 	bl	10007480 <VL53L1X_WrByte>
10007056:	b003      	add	sp, #12
10007058:	bdf0      	pop	{r4, r5, r6, r7, pc}
1000705a:	46c0      	nop			@ (mov r8, r8)
1000705c:	10007e7b 	.word	0x10007e7b

10007060 <VL53L1X_ClearInterrupt>:
10007060:	b510      	push	{r4, lr}
10007062:	2201      	movs	r2, #1
10007064:	2186      	movs	r1, #134	@ 0x86
10007066:	f000 fa0b 	bl	10007480 <VL53L1X_WrByte>
1000706a:	bd10      	pop	{r4, pc}

1000706c <VL53L1X_StartRanging>:
1000706c:	b510      	push	{r4, lr}
1000706e:	2240      	movs	r2, #64	@ 0x40
10007070:	2187      	movs	r1, #135	@ 0x87
10007072:	f000 fa05 	bl	10007480 <VL53L1X_WrByte>
10007076:	bd10      	pop	{r4, pc}

10007078 <VL53L1X_CheckForDataReady>:
10007078:	b5f0      	push	{r4, r5, r6, r7, lr}
1000707a:	b083      	sub	sp, #12
1000707c:	466b      	mov	r3, sp
1000707e:	0005      	movs	r5, r0
10007080:	1ddc      	adds	r4, r3, #7
10007082:	0022      	movs	r2, r4
10007084:	000f      	movs	r7, r1
10007086:	2130      	movs	r1, #48	@ 0x30
10007088:	f000 f9d4 	bl	10007434 <VL53L1X_RdByte>
1000708c:	0022      	movs	r2, r4
1000708e:	2131      	movs	r1, #49	@ 0x31
10007090:	0028      	movs	r0, r5
10007092:	7826      	ldrb	r6, [r4, #0]
10007094:	f000 f9ce 	bl	10007434 <VL53L1X_RdByte>
10007098:	2800      	cmp	r0, #0
1000709a:	d105      	bne.n	100070a8 <VL53L1X_CheckForDataReady+0x30>
1000709c:	7822      	ldrb	r2, [r4, #0]
1000709e:	0933      	lsrs	r3, r6, #4
100070a0:	405a      	eors	r2, r3
100070a2:	2301      	movs	r3, #1
100070a4:	4013      	ands	r3, r2
100070a6:	703b      	strb	r3, [r7, #0]
100070a8:	b003      	add	sp, #12
100070aa:	bdf0      	pop	{r4, r5, r6, r7, pc}

100070ac <VL53L1X_SetTimingBudgetInMs>:
100070ac:	b570      	push	{r4, r5, r6, lr}
100070ae:	b082      	sub	sp, #8
100070b0:	466b      	mov	r3, sp
100070b2:	1dde      	adds	r6, r3, #7
100070b4:	000c      	movs	r4, r1
100070b6:	0032      	movs	r2, r6
100070b8:	214b      	movs	r1, #75	@ 0x4b
100070ba:	0005      	movs	r5, r0
100070bc:	f000 f9ba 	bl	10007434 <VL53L1X_RdByte>
100070c0:	7833      	ldrb	r3, [r6, #0]
100070c2:	2b14      	cmp	r3, #20
100070c4:	d01c      	beq.n	10007100 <VL53L1X_SetTimingBudgetInMs+0x54>
100070c6:	2800      	cmp	r0, #0
100070c8:	d117      	bne.n	100070fa <VL53L1X_SetTimingBudgetInMs+0x4e>
100070ca:	2c64      	cmp	r4, #100	@ 0x64
100070cc:	d045      	beq.n	1000715a <VL53L1X_SetTimingBudgetInMs+0xae>
100070ce:	d828      	bhi.n	10007122 <VL53L1X_SetTimingBudgetInMs+0x76>
100070d0:	2c21      	cmp	r4, #33	@ 0x21
100070d2:	d023      	beq.n	1000711c <VL53L1X_SetTimingBudgetInMs+0x70>
100070d4:	2c32      	cmp	r4, #50	@ 0x32
100070d6:	d03d      	beq.n	10007154 <VL53L1X_SetTimingBudgetInMs+0xa8>
100070d8:	2c14      	cmp	r4, #20
100070da:	d10e      	bne.n	100070fa <VL53L1X_SetTimingBudgetInMs+0x4e>
100070dc:	2422      	movs	r4, #34	@ 0x22
100070de:	221e      	movs	r2, #30
100070e0:	215e      	movs	r1, #94	@ 0x5e
100070e2:	0028      	movs	r0, r5
100070e4:	f000 f9e6 	bl	100074b4 <VL53L1X_WrWord>
100070e8:	0022      	movs	r2, r4
100070ea:	0006      	movs	r6, r0
100070ec:	2161      	movs	r1, #97	@ 0x61
100070ee:	0028      	movs	r0, r5
100070f0:	f000 f9e0 	bl	100074b4 <VL53L1X_WrWord>
100070f4:	4330      	orrs	r0, r6
100070f6:	b240      	sxtb	r0, r0
100070f8:	e000      	b.n	100070fc <VL53L1X_SetTimingBudgetInMs+0x50>
100070fa:	2001      	movs	r0, #1
100070fc:	b002      	add	sp, #8
100070fe:	bd70      	pop	{r4, r5, r6, pc}
10007100:	2800      	cmp	r0, #0
10007102:	d1fa      	bne.n	100070fa <VL53L1X_SetTimingBudgetInMs+0x4e>
10007104:	2c32      	cmp	r4, #50	@ 0x32
10007106:	d030      	beq.n	1000716a <VL53L1X_SetTimingBudgetInMs+0xbe>
10007108:	d814      	bhi.n	10007134 <VL53L1X_SetTimingBudgetInMs+0x88>
1000710a:	2c14      	cmp	r4, #20
1000710c:	d038      	beq.n	10007180 <VL53L1X_SetTimingBudgetInMs+0xd4>
1000710e:	2c21      	cmp	r4, #33	@ 0x21
10007110:	d028      	beq.n	10007164 <VL53L1X_SetTimingBudgetInMs+0xb8>
10007112:	2c0f      	cmp	r4, #15
10007114:	d1f1      	bne.n	100070fa <VL53L1X_SetTimingBudgetInMs+0x4e>
10007116:	2427      	movs	r4, #39	@ 0x27
10007118:	221d      	movs	r2, #29
1000711a:	e7e1      	b.n	100070e0 <VL53L1X_SetTimingBudgetInMs+0x34>
1000711c:	246e      	movs	r4, #110	@ 0x6e
1000711e:	2260      	movs	r2, #96	@ 0x60
10007120:	e7de      	b.n	100070e0 <VL53L1X_SetTimingBudgetInMs+0x34>
10007122:	2cc8      	cmp	r4, #200	@ 0xc8
10007124:	d012      	beq.n	1000714c <VL53L1X_SetTimingBudgetInMs+0xa0>
10007126:	23fa      	movs	r3, #250	@ 0xfa
10007128:	005b      	lsls	r3, r3, #1
1000712a:	429c      	cmp	r4, r3
1000712c:	d1e5      	bne.n	100070fa <VL53L1X_SetTimingBudgetInMs+0x4e>
1000712e:	4c16      	ldr	r4, [pc, #88]	@ (10007188 <VL53L1X_SetTimingBudgetInMs+0xdc>)
10007130:	4a16      	ldr	r2, [pc, #88]	@ (1000718c <VL53L1X_SetTimingBudgetInMs+0xe0>)
10007132:	e7d5      	b.n	100070e0 <VL53L1X_SetTimingBudgetInMs+0x34>
10007134:	2cc8      	cmp	r4, #200	@ 0xc8
10007136:	d020      	beq.n	1000717a <VL53L1X_SetTimingBudgetInMs+0xce>
10007138:	23fa      	movs	r3, #250	@ 0xfa
1000713a:	005b      	lsls	r3, r3, #1
1000713c:	429c      	cmp	r4, r3
1000713e:	d019      	beq.n	10007174 <VL53L1X_SetTimingBudgetInMs+0xc8>
10007140:	2c64      	cmp	r4, #100	@ 0x64
10007142:	d1da      	bne.n	100070fa <VL53L1X_SetTimingBudgetInMs+0x4e>
10007144:	24e2      	movs	r4, #226	@ 0xe2
10007146:	4a12      	ldr	r2, [pc, #72]	@ (10007190 <VL53L1X_SetTimingBudgetInMs+0xe4>)
10007148:	00a4      	lsls	r4, r4, #2
1000714a:	e7c9      	b.n	100070e0 <VL53L1X_SetTimingBudgetInMs+0x34>
1000714c:	24be      	movs	r4, #190	@ 0xbe
1000714e:	4a11      	ldr	r2, [pc, #68]	@ (10007194 <VL53L1X_SetTimingBudgetInMs+0xe8>)
10007150:	00a4      	lsls	r4, r4, #2
10007152:	e7c5      	b.n	100070e0 <VL53L1X_SetTimingBudgetInMs+0x34>
10007154:	24c6      	movs	r4, #198	@ 0xc6
10007156:	22ad      	movs	r2, #173	@ 0xad
10007158:	e7c2      	b.n	100070e0 <VL53L1X_SetTimingBudgetInMs+0x34>
1000715a:	24f5      	movs	r4, #245	@ 0xf5
1000715c:	22e6      	movs	r2, #230	@ 0xe6
1000715e:	0064      	lsls	r4, r4, #1
10007160:	0052      	lsls	r2, r2, #1
10007162:	e7bd      	b.n	100070e0 <VL53L1X_SetTimingBudgetInMs+0x34>
10007164:	246e      	movs	r4, #110	@ 0x6e
10007166:	22d6      	movs	r2, #214	@ 0xd6
10007168:	e7ba      	b.n	100070e0 <VL53L1X_SetTimingBudgetInMs+0x34>
1000716a:	24f4      	movs	r4, #244	@ 0xf4
1000716c:	22d7      	movs	r2, #215	@ 0xd7
1000716e:	0064      	lsls	r4, r4, #1
10007170:	0052      	lsls	r2, r2, #1
10007172:	e7b5      	b.n	100070e0 <VL53L1X_SetTimingBudgetInMs+0x34>
10007174:	4c08      	ldr	r4, [pc, #32]	@ (10007198 <VL53L1X_SetTimingBudgetInMs+0xec>)
10007176:	4a09      	ldr	r2, [pc, #36]	@ (1000719c <VL53L1X_SetTimingBudgetInMs+0xf0>)
10007178:	e7b2      	b.n	100070e0 <VL53L1X_SetTimingBudgetInMs+0x34>
1000717a:	4c09      	ldr	r4, [pc, #36]	@ (100071a0 <VL53L1X_SetTimingBudgetInMs+0xf4>)
1000717c:	4a09      	ldr	r2, [pc, #36]	@ (100071a4 <VL53L1X_SetTimingBudgetInMs+0xf8>)
1000717e:	e7af      	b.n	100070e0 <VL53L1X_SetTimingBudgetInMs+0x34>
10007180:	246e      	movs	r4, #110	@ 0x6e
10007182:	2251      	movs	r2, #81	@ 0x51
10007184:	e7ac      	b.n	100070e0 <VL53L1X_SetTimingBudgetInMs+0x34>
10007186:	46c0      	nop			@ (mov r8, r8)
10007188:	000004a4 	.word	0x000004a4
1000718c:	0000048f 	.word	0x0000048f
10007190:	000002e1 	.word	0x000002e1
10007194:	000002d9 	.word	0x000002d9
10007198:	000005c1 	.word	0x000005c1
1000719c:	00000591 	.word	0x00000591
100071a0:	00000496 	.word	0x00000496
100071a4:	000003e1 	.word	0x000003e1

100071a8 <VL53L1X_SetDistanceMode>:
100071a8:	b570      	push	{r4, r5, r6, lr}
100071aa:	b082      	sub	sp, #8
100071ac:	466b      	mov	r3, sp
100071ae:	1d9d      	adds	r5, r3, #6
100071b0:	002a      	movs	r2, r5
100071b2:	000e      	movs	r6, r1
100071b4:	215e      	movs	r1, #94	@ 0x5e
100071b6:	0004      	movs	r4, r0
100071b8:	f000 f914 	bl	100073e4 <VL53L1X_RdWord>
100071bc:	22d7      	movs	r2, #215	@ 0xd7
100071be:	882b      	ldrh	r3, [r5, #0]
100071c0:	0052      	lsls	r2, r2, #1
100071c2:	4293      	cmp	r3, r2
100071c4:	d100      	bne.n	100071c8 <VL53L1X_SetDistanceMode+0x20>
100071c6:	e07d      	b.n	100072c4 <VL53L1X_SetDistanceMode+0x11c>
100071c8:	d811      	bhi.n	100071ee <VL53L1X_SetDistanceMode+0x46>
100071ca:	2b51      	cmp	r3, #81	@ 0x51
100071cc:	d100      	bne.n	100071d0 <VL53L1X_SetDistanceMode+0x28>
100071ce:	e087      	b.n	100072e0 <VL53L1X_SetDistanceMode+0x138>
100071d0:	d869      	bhi.n	100072a6 <VL53L1X_SetDistanceMode+0xfe>
100071d2:	250f      	movs	r5, #15
100071d4:	2b1d      	cmp	r3, #29
100071d6:	d000      	beq.n	100071da <VL53L1X_SetDistanceMode+0x32>
100071d8:	e06f      	b.n	100072ba <VL53L1X_SetDistanceMode+0x112>
100071da:	2800      	cmp	r0, #0
100071dc:	d103      	bne.n	100071e6 <VL53L1X_SetDistanceMode+0x3e>
100071de:	2e01      	cmp	r6, #1
100071e0:	d041      	beq.n	10007266 <VL53L1X_SetDistanceMode+0xbe>
100071e2:	2e02      	cmp	r6, #2
100071e4:	d013      	beq.n	1000720e <VL53L1X_SetDistanceMode+0x66>
100071e6:	2001      	movs	r0, #1
100071e8:	4240      	negs	r0, r0
100071ea:	b002      	add	sp, #8
100071ec:	bd70      	pop	{r4, r5, r6, pc}
100071ee:	4a3e      	ldr	r2, [pc, #248]	@ (100072e8 <VL53L1X_SetDistanceMode+0x140>)
100071f0:	4293      	cmp	r3, r2
100071f2:	d069      	beq.n	100072c8 <VL53L1X_SetDistanceMode+0x120>
100071f4:	d86a      	bhi.n	100072cc <VL53L1X_SetDistanceMode+0x124>
100071f6:	4a3d      	ldr	r2, [pc, #244]	@ (100072ec <VL53L1X_SetDistanceMode+0x144>)
100071f8:	4293      	cmp	r3, r2
100071fa:	d065      	beq.n	100072c8 <VL53L1X_SetDistanceMode+0x120>
100071fc:	4a3c      	ldr	r2, [pc, #240]	@ (100072f0 <VL53L1X_SetDistanceMode+0x148>)
100071fe:	4293      	cmp	r3, r2
10007200:	d070      	beq.n	100072e4 <VL53L1X_SetDistanceMode+0x13c>
10007202:	3a16      	subs	r2, #22
10007204:	3aff      	subs	r2, #255	@ 0xff
10007206:	2564      	movs	r5, #100	@ 0x64
10007208:	4293      	cmp	r3, r2
1000720a:	d0e6      	beq.n	100071da <VL53L1X_SetDistanceMode+0x32>
1000720c:	e7eb      	b.n	100071e6 <VL53L1X_SetDistanceMode+0x3e>
1000720e:	220a      	movs	r2, #10
10007210:	214b      	movs	r1, #75	@ 0x4b
10007212:	0020      	movs	r0, r4
10007214:	f000 f934 	bl	10007480 <VL53L1X_WrByte>
10007218:	220f      	movs	r2, #15
1000721a:	0006      	movs	r6, r0
1000721c:	2160      	movs	r1, #96	@ 0x60
1000721e:	0020      	movs	r0, r4
10007220:	f000 f92e 	bl	10007480 <VL53L1X_WrByte>
10007224:	220d      	movs	r2, #13
10007226:	2163      	movs	r1, #99	@ 0x63
10007228:	4306      	orrs	r6, r0
1000722a:	0020      	movs	r0, r4
1000722c:	f000 f928 	bl	10007480 <VL53L1X_WrByte>
10007230:	22b8      	movs	r2, #184	@ 0xb8
10007232:	2169      	movs	r1, #105	@ 0x69
10007234:	4306      	orrs	r6, r0
10007236:	0020      	movs	r0, r4
10007238:	f000 f922 	bl	10007480 <VL53L1X_WrByte>
1000723c:	4a2d      	ldr	r2, [pc, #180]	@ (100072f4 <VL53L1X_SetDistanceMode+0x14c>)
1000723e:	4306      	orrs	r6, r0
10007240:	2178      	movs	r1, #120	@ 0x78
10007242:	0020      	movs	r0, r4
10007244:	f000 f936 	bl	100074b4 <VL53L1X_WrWord>
10007248:	4a2b      	ldr	r2, [pc, #172]	@ (100072f8 <VL53L1X_SetDistanceMode+0x150>)
1000724a:	4306      	orrs	r6, r0
1000724c:	217a      	movs	r1, #122	@ 0x7a
1000724e:	0020      	movs	r0, r4
10007250:	f000 f930 	bl	100074b4 <VL53L1X_WrWord>
10007254:	4330      	orrs	r0, r6
10007256:	b240      	sxtb	r0, r0
10007258:	2800      	cmp	r0, #0
1000725a:	d1c6      	bne.n	100071ea <VL53L1X_SetDistanceMode+0x42>
1000725c:	0029      	movs	r1, r5
1000725e:	0020      	movs	r0, r4
10007260:	f7ff ff24 	bl	100070ac <VL53L1X_SetTimingBudgetInMs>
10007264:	e7c1      	b.n	100071ea <VL53L1X_SetDistanceMode+0x42>
10007266:	2214      	movs	r2, #20
10007268:	214b      	movs	r1, #75	@ 0x4b
1000726a:	0020      	movs	r0, r4
1000726c:	f000 f908 	bl	10007480 <VL53L1X_WrByte>
10007270:	2207      	movs	r2, #7
10007272:	0006      	movs	r6, r0
10007274:	2160      	movs	r1, #96	@ 0x60
10007276:	0020      	movs	r0, r4
10007278:	f000 f902 	bl	10007480 <VL53L1X_WrByte>
1000727c:	2205      	movs	r2, #5
1000727e:	2163      	movs	r1, #99	@ 0x63
10007280:	4306      	orrs	r6, r0
10007282:	0020      	movs	r0, r4
10007284:	f000 f8fc 	bl	10007480 <VL53L1X_WrByte>
10007288:	2238      	movs	r2, #56	@ 0x38
1000728a:	2169      	movs	r1, #105	@ 0x69
1000728c:	4306      	orrs	r6, r0
1000728e:	0020      	movs	r0, r4
10007290:	f000 f8f6 	bl	10007480 <VL53L1X_WrByte>
10007294:	4a19      	ldr	r2, [pc, #100]	@ (100072fc <VL53L1X_SetDistanceMode+0x154>)
10007296:	4306      	orrs	r6, r0
10007298:	2178      	movs	r1, #120	@ 0x78
1000729a:	0020      	movs	r0, r4
1000729c:	f000 f90a 	bl	100074b4 <VL53L1X_WrWord>
100072a0:	4a17      	ldr	r2, [pc, #92]	@ (10007300 <VL53L1X_SetDistanceMode+0x158>)
100072a2:	4306      	orrs	r6, r0
100072a4:	e7d2      	b.n	1000724c <VL53L1X_SetDistanceMode+0xa4>
100072a6:	2bad      	cmp	r3, #173	@ 0xad
100072a8:	d00c      	beq.n	100072c4 <VL53L1X_SetDistanceMode+0x11c>
100072aa:	2521      	movs	r5, #33	@ 0x21
100072ac:	2bd6      	cmp	r3, #214	@ 0xd6
100072ae:	d100      	bne.n	100072b2 <VL53L1X_SetDistanceMode+0x10a>
100072b0:	e793      	b.n	100071da <VL53L1X_SetDistanceMode+0x32>
100072b2:	2b60      	cmp	r3, #96	@ 0x60
100072b4:	d100      	bne.n	100072b8 <VL53L1X_SetDistanceMode+0x110>
100072b6:	e790      	b.n	100071da <VL53L1X_SetDistanceMode+0x32>
100072b8:	e795      	b.n	100071e6 <VL53L1X_SetDistanceMode+0x3e>
100072ba:	3505      	adds	r5, #5
100072bc:	2b1e      	cmp	r3, #30
100072be:	d100      	bne.n	100072c2 <VL53L1X_SetDistanceMode+0x11a>
100072c0:	e78b      	b.n	100071da <VL53L1X_SetDistanceMode+0x32>
100072c2:	e790      	b.n	100071e6 <VL53L1X_SetDistanceMode+0x3e>
100072c4:	2532      	movs	r5, #50	@ 0x32
100072c6:	e788      	b.n	100071da <VL53L1X_SetDistanceMode+0x32>
100072c8:	25c8      	movs	r5, #200	@ 0xc8
100072ca:	e786      	b.n	100071da <VL53L1X_SetDistanceMode+0x32>
100072cc:	4a0d      	ldr	r2, [pc, #52]	@ (10007304 <VL53L1X_SetDistanceMode+0x15c>)
100072ce:	4293      	cmp	r3, r2
100072d0:	d003      	beq.n	100072da <VL53L1X_SetDistanceMode+0x132>
100072d2:	4a0d      	ldr	r2, [pc, #52]	@ (10007308 <VL53L1X_SetDistanceMode+0x160>)
100072d4:	4293      	cmp	r3, r2
100072d6:	d000      	beq.n	100072da <VL53L1X_SetDistanceMode+0x132>
100072d8:	e785      	b.n	100071e6 <VL53L1X_SetDistanceMode+0x3e>
100072da:	25fa      	movs	r5, #250	@ 0xfa
100072dc:	006d      	lsls	r5, r5, #1
100072de:	e77c      	b.n	100071da <VL53L1X_SetDistanceMode+0x32>
100072e0:	2514      	movs	r5, #20
100072e2:	e77a      	b.n	100071da <VL53L1X_SetDistanceMode+0x32>
100072e4:	2564      	movs	r5, #100	@ 0x64
100072e6:	e778      	b.n	100071da <VL53L1X_SetDistanceMode+0x32>
100072e8:	000003e1 	.word	0x000003e1
100072ec:	000002d9 	.word	0x000002d9
100072f0:	000002e1 	.word	0x000002e1
100072f4:	00000f0d 	.word	0x00000f0d
100072f8:	00000e0e 	.word	0x00000e0e
100072fc:	00000705 	.word	0x00000705
10007300:	00000606 	.word	0x00000606
10007304:	0000048f 	.word	0x0000048f
10007308:	00000591 	.word	0x00000591

1000730c <VL53L1X_BootState>:
1000730c:	b510      	push	{r4, lr}
1000730e:	000a      	movs	r2, r1
10007310:	21e5      	movs	r1, #229	@ 0xe5
10007312:	f000 f88f 	bl	10007434 <VL53L1X_RdByte>
10007316:	bd10      	pop	{r4, pc}

10007318 <VL53L1X_GetSensorId>:
10007318:	b530      	push	{r4, r5, lr}
1000731a:	b083      	sub	sp, #12
1000731c:	466b      	mov	r3, sp
1000731e:	1d9c      	adds	r4, r3, #6
10007320:	2310      	movs	r3, #16
10007322:	33ff      	adds	r3, #255	@ 0xff
10007324:	000d      	movs	r5, r1
10007326:	0022      	movs	r2, r4
10007328:	0019      	movs	r1, r3
1000732a:	f000 f85b 	bl	100073e4 <VL53L1X_RdWord>
1000732e:	8823      	ldrh	r3, [r4, #0]
10007330:	802b      	strh	r3, [r5, #0]
10007332:	b003      	add	sp, #12
10007334:	bd30      	pop	{r4, r5, pc}
10007336:	46c0      	nop			@ (mov r8, r8)

10007338 <VL53L1X_GetDistance>:
10007338:	b530      	push	{r4, r5, lr}
1000733a:	b083      	sub	sp, #12
1000733c:	466b      	mov	r3, sp
1000733e:	1d9c      	adds	r4, r3, #6
10007340:	000d      	movs	r5, r1
10007342:	0022      	movs	r2, r4
10007344:	2196      	movs	r1, #150	@ 0x96
10007346:	f000 f84d 	bl	100073e4 <VL53L1X_RdWord>
1000734a:	8823      	ldrh	r3, [r4, #0]
1000734c:	802b      	strh	r3, [r5, #0]
1000734e:	b003      	add	sp, #12
10007350:	bd30      	pop	{r4, r5, pc}
10007352:	46c0      	nop			@ (mov r8, r8)

10007354 <VL53L1X_GetRangeStatus>:
10007354:	23ff      	movs	r3, #255	@ 0xff
10007356:	b530      	push	{r4, r5, lr}
10007358:	b083      	sub	sp, #12
1000735a:	700b      	strb	r3, [r1, #0]
1000735c:	466b      	mov	r3, sp
1000735e:	1ddc      	adds	r4, r3, #7
10007360:	0022      	movs	r2, r4
10007362:	000d      	movs	r5, r1
10007364:	2189      	movs	r1, #137	@ 0x89
10007366:	f000 f865 	bl	10007434 <VL53L1X_RdByte>
1000736a:	231f      	movs	r3, #31
1000736c:	7822      	ldrb	r2, [r4, #0]
1000736e:	4013      	ands	r3, r2
10007370:	2b17      	cmp	r3, #23
10007372:	d802      	bhi.n	1000737a <VL53L1X_GetRangeStatus+0x26>
10007374:	4a02      	ldr	r2, [pc, #8]	@ (10007380 <VL53L1X_GetRangeStatus+0x2c>)
10007376:	5cd3      	ldrb	r3, [r2, r3]
10007378:	702b      	strb	r3, [r5, #0]
1000737a:	b003      	add	sp, #12
1000737c:	bd30      	pop	{r4, r5, pc}
1000737e:	46c0      	nop			@ (mov r8, r8)
10007380:	10007f04 	.word	0x10007f04

10007384 <VL53L1X_I2C_Init>:
10007384:	b530      	push	{r4, r5, lr}
10007386:	4b14      	ldr	r3, [pc, #80]	@ (100073d8 <VL53L1X_I2C_Init+0x54>)
10007388:	b083      	sub	sp, #12
1000738a:	0005      	movs	r5, r0
1000738c:	6019      	str	r1, [r3, #0]
1000738e:	0008      	movs	r0, r1
10007390:	4912      	ldr	r1, [pc, #72]	@ (100073dc <VL53L1X_I2C_Init+0x58>)
10007392:	f7ff fde1 	bl	10006f58 <i2c_init>
10007396:	2103      	movs	r1, #3
10007398:	2004      	movs	r0, #4
1000739a:	f7f9 f9b1 	bl	10000700 <gpio_set_function>
1000739e:	2103      	movs	r1, #3
100073a0:	2005      	movs	r0, #5
100073a2:	f7f9 f9ad 	bl	10000700 <gpio_set_function>
100073a6:	2200      	movs	r2, #0
100073a8:	2101      	movs	r1, #1
100073aa:	2004      	movs	r0, #4
100073ac:	f7f9 f9c0 	bl	10000730 <gpio_set_pulls>
100073b0:	2200      	movs	r2, #0
100073b2:	2101      	movs	r1, #1
100073b4:	2005      	movs	r0, #5
100073b6:	f7f9 f9bb 	bl	10000730 <gpio_set_pulls>
100073ba:	466b      	mov	r3, sp
100073bc:	1d9c      	adds	r4, r3, #6
100073be:	0021      	movs	r1, r4
100073c0:	0028      	movs	r0, r5
100073c2:	f7ff ffa9 	bl	10007318 <VL53L1X_GetSensorId>
100073c6:	8822      	ldrh	r2, [r4, #0]
100073c8:	4b05      	ldr	r3, [pc, #20]	@ (100073e0 <VL53L1X_I2C_Init+0x5c>)
100073ca:	429a      	cmp	r2, r3
100073cc:	d101      	bne.n	100073d2 <VL53L1X_I2C_Init+0x4e>
100073ce:	b003      	add	sp, #12
100073d0:	bd30      	pop	{r4, r5, pc}
100073d2:	2001      	movs	r0, #1
100073d4:	4240      	negs	r0, r0
100073d6:	e7fa      	b.n	100073ce <VL53L1X_I2C_Init+0x4a>
100073d8:	20001e64 	.word	0x20001e64
100073dc:	000186a0 	.word	0x000186a0
100073e0:	0000eacc 	.word	0x0000eacc

100073e4 <VL53L1X_RdWord>:
100073e4:	b5f0      	push	{r4, r5, r6, r7, lr}
100073e6:	2600      	movs	r6, #0
100073e8:	0015      	movs	r5, r2
100073ea:	4f10      	ldr	r7, [pc, #64]	@ (1000742c <VL53L1X_RdWord+0x48>)
100073ec:	4a10      	ldr	r2, [pc, #64]	@ (10007430 <VL53L1X_RdWord+0x4c>)
100073ee:	b083      	sub	sp, #12
100073f0:	ba49      	rev16	r1, r1
100073f2:	b2c4      	uxtb	r4, r0
100073f4:	8011      	strh	r1, [r2, #0]
100073f6:	6838      	ldr	r0, [r7, #0]
100073f8:	2302      	movs	r3, #2
100073fa:	0021      	movs	r1, r4
100073fc:	9600      	str	r6, [sp, #0]
100073fe:	f7ff fdd5 	bl	10006fac <i2c_write_blocking>
10007402:	2802      	cmp	r0, #2
10007404:	d10f      	bne.n	10007426 <VL53L1X_RdWord+0x42>
10007406:	2302      	movs	r3, #2
10007408:	6838      	ldr	r0, [r7, #0]
1000740a:	002a      	movs	r2, r5
1000740c:	0021      	movs	r1, r4
1000740e:	9600      	str	r6, [sp, #0]
10007410:	f7ff fdd6 	bl	10006fc0 <i2c_read_blocking>
10007414:	3802      	subs	r0, #2
10007416:	1e43      	subs	r3, r0, #1
10007418:	4198      	sbcs	r0, r3
1000741a:	4240      	negs	r0, r0
1000741c:	882b      	ldrh	r3, [r5, #0]
1000741e:	ba5b      	rev16	r3, r3
10007420:	802b      	strh	r3, [r5, #0]
10007422:	b003      	add	sp, #12
10007424:	bdf0      	pop	{r4, r5, r6, r7, pc}
10007426:	2001      	movs	r0, #1
10007428:	4240      	negs	r0, r0
1000742a:	e7f7      	b.n	1000741c <VL53L1X_RdWord+0x38>
1000742c:	20001e64 	.word	0x20001e64
10007430:	200017ec 	.word	0x200017ec

10007434 <VL53L1X_RdByte>:
10007434:	b5f0      	push	{r4, r5, r6, r7, lr}
10007436:	2500      	movs	r5, #0
10007438:	0017      	movs	r7, r2
1000743a:	4e0f      	ldr	r6, [pc, #60]	@ (10007478 <VL53L1X_RdByte+0x44>)
1000743c:	4a0f      	ldr	r2, [pc, #60]	@ (1000747c <VL53L1X_RdByte+0x48>)
1000743e:	b083      	sub	sp, #12
10007440:	ba49      	rev16	r1, r1
10007442:	b2c4      	uxtb	r4, r0
10007444:	8011      	strh	r1, [r2, #0]
10007446:	6830      	ldr	r0, [r6, #0]
10007448:	2302      	movs	r3, #2
1000744a:	0021      	movs	r1, r4
1000744c:	9500      	str	r5, [sp, #0]
1000744e:	f7ff fdad 	bl	10006fac <i2c_write_blocking>
10007452:	2802      	cmp	r0, #2
10007454:	d10c      	bne.n	10007470 <VL53L1X_RdByte+0x3c>
10007456:	2301      	movs	r3, #1
10007458:	6830      	ldr	r0, [r6, #0]
1000745a:	003a      	movs	r2, r7
1000745c:	0021      	movs	r1, r4
1000745e:	9500      	str	r5, [sp, #0]
10007460:	f7ff fdae 	bl	10006fc0 <i2c_read_blocking>
10007464:	3801      	subs	r0, #1
10007466:	1e43      	subs	r3, r0, #1
10007468:	4198      	sbcs	r0, r3
1000746a:	4240      	negs	r0, r0
1000746c:	b003      	add	sp, #12
1000746e:	bdf0      	pop	{r4, r5, r6, r7, pc}
10007470:	2001      	movs	r0, #1
10007472:	4240      	negs	r0, r0
10007474:	e7fa      	b.n	1000746c <VL53L1X_RdByte+0x38>
10007476:	46c0      	nop			@ (mov r8, r8)
10007478:	20001e64 	.word	0x20001e64
1000747c:	200017ec 	.word	0x200017ec

10007480 <VL53L1X_WrByte>:
10007480:	0013      	movs	r3, r2
10007482:	b500      	push	{lr}
10007484:	4a09      	ldr	r2, [pc, #36]	@ (100074ac <VL53L1X_WrByte+0x2c>)
10007486:	b083      	sub	sp, #12
10007488:	7093      	strb	r3, [r2, #2]
1000748a:	4b09      	ldr	r3, [pc, #36]	@ (100074b0 <VL53L1X_WrByte+0x30>)
1000748c:	ba49      	rev16	r1, r1
1000748e:	8011      	strh	r1, [r2, #0]
10007490:	b2c1      	uxtb	r1, r0
10007492:	6818      	ldr	r0, [r3, #0]
10007494:	2300      	movs	r3, #0
10007496:	9300      	str	r3, [sp, #0]
10007498:	3303      	adds	r3, #3
1000749a:	f7ff fd87 	bl	10006fac <i2c_write_blocking>
1000749e:	3803      	subs	r0, #3
100074a0:	1e43      	subs	r3, r0, #1
100074a2:	4198      	sbcs	r0, r3
100074a4:	4240      	negs	r0, r0
100074a6:	b003      	add	sp, #12
100074a8:	bd00      	pop	{pc}
100074aa:	46c0      	nop			@ (mov r8, r8)
100074ac:	200017ec 	.word	0x200017ec
100074b0:	20001e64 	.word	0x20001e64

100074b4 <VL53L1X_WrWord>:
100074b4:	0013      	movs	r3, r2
100074b6:	b500      	push	{lr}
100074b8:	4a09      	ldr	r2, [pc, #36]	@ (100074e0 <VL53L1X_WrWord+0x2c>)
100074ba:	ba5b      	rev16	r3, r3
100074bc:	b083      	sub	sp, #12
100074be:	8053      	strh	r3, [r2, #2]
100074c0:	4b08      	ldr	r3, [pc, #32]	@ (100074e4 <VL53L1X_WrWord+0x30>)
100074c2:	ba49      	rev16	r1, r1
100074c4:	8011      	strh	r1, [r2, #0]
100074c6:	b2c1      	uxtb	r1, r0
100074c8:	6818      	ldr	r0, [r3, #0]
100074ca:	2300      	movs	r3, #0
100074cc:	9300      	str	r3, [sp, #0]
100074ce:	3304      	adds	r3, #4
100074d0:	f7ff fd6c 	bl	10006fac <i2c_write_blocking>
100074d4:	3804      	subs	r0, #4
100074d6:	1e43      	subs	r3, r0, #1
100074d8:	4198      	sbcs	r0, r3
100074da:	4240      	negs	r0, r0
100074dc:	b003      	add	sp, #12
100074de:	bd00      	pop	{pc}
100074e0:	200017ec 	.word	0x200017ec
100074e4:	20001e64 	.word	0x20001e64

100074e8 <strlen>:
100074e8:	0003      	movs	r3, r0
100074ea:	4684      	mov	ip, r0
100074ec:	079b      	lsls	r3, r3, #30
100074ee:	d00b      	beq.n	10007508 <strlen+0x20>
100074f0:	0003      	movs	r3, r0
100074f2:	2103      	movs	r1, #3
100074f4:	e002      	b.n	100074fc <strlen+0x14>
100074f6:	3301      	adds	r3, #1
100074f8:	420b      	tst	r3, r1
100074fa:	d006      	beq.n	1000750a <strlen+0x22>
100074fc:	781a      	ldrb	r2, [r3, #0]
100074fe:	2a00      	cmp	r2, #0
10007500:	d1f9      	bne.n	100074f6 <strlen+0xe>
10007502:	4662      	mov	r2, ip
10007504:	1a98      	subs	r0, r3, r2
10007506:	4770      	bx	lr
10007508:	0003      	movs	r3, r0
1000750a:	6819      	ldr	r1, [r3, #0]
1000750c:	4a0c      	ldr	r2, [pc, #48]	@ (10007540 <strlen+0x58>)
1000750e:	480d      	ldr	r0, [pc, #52]	@ (10007544 <strlen+0x5c>)
10007510:	188a      	adds	r2, r1, r2
10007512:	438a      	bics	r2, r1
10007514:	4202      	tst	r2, r0
10007516:	d10f      	bne.n	10007538 <strlen+0x50>
10007518:	6859      	ldr	r1, [r3, #4]
1000751a:	4a09      	ldr	r2, [pc, #36]	@ (10007540 <strlen+0x58>)
1000751c:	3304      	adds	r3, #4
1000751e:	188a      	adds	r2, r1, r2
10007520:	438a      	bics	r2, r1
10007522:	4202      	tst	r2, r0
10007524:	d108      	bne.n	10007538 <strlen+0x50>
10007526:	6859      	ldr	r1, [r3, #4]
10007528:	4a05      	ldr	r2, [pc, #20]	@ (10007540 <strlen+0x58>)
1000752a:	3304      	adds	r3, #4
1000752c:	188a      	adds	r2, r1, r2
1000752e:	438a      	bics	r2, r1
10007530:	4202      	tst	r2, r0
10007532:	d0f1      	beq.n	10007518 <strlen+0x30>
10007534:	e000      	b.n	10007538 <strlen+0x50>
10007536:	3301      	adds	r3, #1
10007538:	781a      	ldrb	r2, [r3, #0]
1000753a:	2a00      	cmp	r2, #0
1000753c:	d1fb      	bne.n	10007536 <strlen+0x4e>
1000753e:	e7e0      	b.n	10007502 <strlen+0x1a>
10007540:	fefefeff 	.word	0xfefefeff
10007544:	80808080 	.word	0x80808080

10007548 <__mutex_try_enter_veneer>:
10007548:	b401      	push	{r0}
1000754a:	4802      	ldr	r0, [pc, #8]	@ (10007554 <__mutex_try_enter_veneer+0xc>)
1000754c:	4684      	mov	ip, r0
1000754e:	bc01      	pop	{r0}
10007550:	4760      	bx	ip
10007552:	bf00      	nop
10007554:	200000c1 	.word	0x200000c1

10007558 <___hw_endpoint_buffer_control_update32_veneer>:
10007558:	b401      	push	{r0}
1000755a:	4802      	ldr	r0, [pc, #8]	@ (10007564 <___hw_endpoint_buffer_control_update32_veneer+0xc>)
1000755c:	4684      	mov	ip, r0
1000755e:	bc01      	pop	{r0}
10007560:	4760      	bx	ip
10007562:	bf00      	nop
10007564:	20000c3d 	.word	0x20000c3d

10007568 <__reset_non_control_endpoints_veneer>:
10007568:	b401      	push	{r0}
1000756a:	4802      	ldr	r0, [pc, #8]	@ (10007574 <__reset_non_control_endpoints_veneer+0xc>)
1000756c:	4684      	mov	ip, r0
1000756e:	bc01      	pop	{r0}
10007570:	4760      	bx	ip
10007572:	bf00      	nop
10007574:	20000421 	.word	0x20000421

10007578 <__hw_endpoint_start_next_buffer_veneer>:
10007578:	b401      	push	{r0}
1000757a:	4802      	ldr	r0, [pc, #8]	@ (10007584 <__hw_endpoint_start_next_buffer_veneer+0xc>)
1000757c:	4684      	mov	ip, r0
1000757e:	bc01      	pop	{r0}
10007580:	4760      	bx	ip
10007582:	bf00      	nop
10007584:	20000c8d 	.word	0x20000c8d

10007588 <__mutex_try_enter_block_until_veneer>:
10007588:	b401      	push	{r0}
1000758a:	4802      	ldr	r0, [pc, #8]	@ (10007594 <__mutex_try_enter_block_until_veneer+0xc>)
1000758c:	4684      	mov	ip, r0
1000758e:	bc01      	pop	{r0}
10007590:	4760      	bx	ip
10007592:	bf00      	nop
10007594:	20000101 	.word	0x20000101

10007598 <__mutex_exit_veneer>:
10007598:	b401      	push	{r0}
1000759a:	4802      	ldr	r0, [pc, #8]	@ (100075a4 <__mutex_exit_veneer+0xc>)
1000759c:	4684      	mov	ip, r0
1000759e:	bc01      	pop	{r0}
100075a0:	4760      	bx	ip
100075a2:	bf00      	nop
100075a4:	20000225 	.word	0x20000225

100075a8 <____aeabi_idiv0_veneer>:
100075a8:	b401      	push	{r0}
100075aa:	4802      	ldr	r0, [pc, #8]	@ (100075b4 <____aeabi_idiv0_veneer+0xc>)
100075ac:	4684      	mov	ip, r0
100075ae:	bc01      	pop	{r0}
100075b0:	4760      	bx	ip
100075b2:	bf00      	nop
100075b4:	20000f09 	.word	0x20000f09

100075b8 <__flash_do_cmd_cs_veneer>:
100075b8:	b401      	push	{r0}
100075ba:	4802      	ldr	r0, [pc, #8]	@ (100075c4 <__flash_do_cmd_cs_veneer+0xc>)
100075bc:	4684      	mov	ip, r0
100075be:	bc01      	pop	{r0}
100075c0:	4760      	bx	ip
100075c2:	bf00      	nop
100075c4:	200002d9 	.word	0x200002d9

100075c8 <__e15_is_bulkin_ep_veneer>:
100075c8:	b401      	push	{r0}
100075ca:	4802      	ldr	r0, [pc, #8]	@ (100075d4 <__e15_is_bulkin_ep_veneer+0xc>)
100075cc:	4684      	mov	ip, r0
100075ce:	bc01      	pop	{r0}
100075d0:	4760      	bx	ip
100075d2:	bf00      	nop
100075d4:	20000bd9 	.word	0x20000bd9

100075d8 <____aeabi_ldiv0_veneer>:
100075d8:	b401      	push	{r0}
100075da:	4802      	ldr	r0, [pc, #8]	@ (100075e4 <____aeabi_ldiv0_veneer+0xc>)
100075dc:	4684      	mov	ip, r0
100075de:	bc01      	pop	{r0}
100075e0:	4760      	bx	ip
100075e2:	bf00      	nop
100075e4:	20000f09 	.word	0x20000f09

100075e8 <__e15_is_critical_frame_period_veneer>:
100075e8:	b401      	push	{r0}
100075ea:	4802      	ldr	r0, [pc, #8]	@ (100075f4 <__e15_is_critical_frame_period_veneer+0xc>)
100075ec:	4684      	mov	ip, r0
100075ee:	bc01      	pop	{r0}
100075f0:	4760      	bx	ip
100075f2:	bf00      	nop
100075f4:	20000c01 	.word	0x20000c01

100075f8 <__mutex_enter_timeout_ms_veneer>:
100075f8:	b401      	push	{r0}
100075fa:	4802      	ldr	r0, [pc, #8]	@ (10007604 <__mutex_enter_timeout_ms_veneer+0xc>)
100075fc:	4684      	mov	ip, r0
100075fe:	bc01      	pop	{r0}
10007600:	4760      	bx	ip
10007602:	bf00      	nop
10007604:	20000199 	.word	0x20000199

10007608 <__pre_init_runtime_init_early_resets>:
10007608:	10001d01                                ....

1000760c <__pre_init_runtime_init_usb_power_down>:
1000760c:	10001d2d 10001f11 10002c81 100025b5     -........,...%..
1000761c:	10002bed                                .+..

10007620 <__pre_init_runtime_init_clocks>:
10007620:	10001e39                                9...

10007624 <__pre_init_runtime_init_post_clock_resets>:
10007624:	10001d49                                I...

10007628 <__pre_init_runtime_init_rp2040_gpio_ie_disable>:
10007628:	10001d69                                i...

1000762c <__pre_init_runtime_init_spin_locks_reset>:
1000762c:	10001d7d                                }...

10007630 <__pre_init_runtime_init_mutex>:
10007630:	10000e7d                                }...

10007634 <__pre_init_runtime_init_install_ram_vector_table>:
10007634:	10001d85                                ....

10007638 <__pre_init_runtime_init_default_alarm_pool>:
10007638:	10001249                                I...

1000763c <__pre_init_first_per_core_initializer>:
1000763c:	10001cc9                                ....

10007640 <__pre_init_runtime_init_per_core_irq_priorities>:
10007640:	100008f9                                ....

10007644 <__init_array_start>:
10007644:	10004ea9 	.word	0x10004ea9

Disassembly of section .data:

200000c0 <mutex_try_enter>:
200000c0:	0003      	movs	r3, r0
200000c2:	6800      	ldr	r0, [r0, #0]
200000c4:	f3ef 8c10 	mrs	ip, PRIMASK
200000c8:	b672      	cpsid	i
200000ca:	6802      	ldr	r2, [r0, #0]
200000cc:	2a00      	cmp	r2, #0
200000ce:	d0fc      	beq.n	200000ca <mutex_try_enter+0xa>
200000d0:	f3bf 8f5f 	dmb	sy
200000d4:	2204      	movs	r2, #4
200000d6:	569a      	ldrsb	r2, [r3, r2]
200000d8:	2a00      	cmp	r2, #0
200000da:	db0b      	blt.n	200000f4 <mutex_try_enter+0x34>
200000dc:	2900      	cmp	r1, #0
200000de:	d000      	beq.n	200000e2 <mutex_try_enter+0x22>
200000e0:	600a      	str	r2, [r1, #0]
200000e2:	2000      	movs	r0, #0
200000e4:	681b      	ldr	r3, [r3, #0]
200000e6:	f3bf 8f5f 	dmb	sy
200000ea:	2200      	movs	r2, #0
200000ec:	601a      	str	r2, [r3, #0]
200000ee:	f38c 8810 	msr	PRIMASK, ip
200000f2:	4770      	bx	lr
200000f4:	22d0      	movs	r2, #208	@ 0xd0
200000f6:	0612      	lsls	r2, r2, #24
200000f8:	6812      	ldr	r2, [r2, #0]
200000fa:	2001      	movs	r0, #1
200000fc:	711a      	strb	r2, [r3, #4]
200000fe:	e7f1      	b.n	200000e4 <mutex_try_enter+0x24>

20000100 <mutex_try_enter_block_until>:
20000100:	b5f0      	push	{r4, r5, r6, r7, lr}
20000102:	46c6      	mov	lr, r8
20000104:	0016      	movs	r6, r2
20000106:	b500      	push	{lr}
20000108:	0004      	movs	r4, r0
2000010a:	001f      	movs	r7, r3
2000010c:	6802      	ldr	r2, [r0, #0]
2000010e:	f3ef 8110 	mrs	r1, PRIMASK
20000112:	b672      	cpsid	i
20000114:	6813      	ldr	r3, [r2, #0]
20000116:	2b00      	cmp	r3, #0
20000118:	d0fc      	beq.n	20000114 <mutex_try_enter_block_until+0x14>
2000011a:	f3bf 8f5f 	dmb	sy
2000011e:	2304      	movs	r3, #4
20000120:	56e3      	ldrsb	r3, [r4, r3]
20000122:	6822      	ldr	r2, [r4, #0]
20000124:	2b00      	cmp	r3, #0
20000126:	db2b      	blt.n	20000180 <mutex_try_enter_block_until+0x80>
20000128:	f3bf 8f5f 	dmb	sy
2000012c:	2000      	movs	r0, #0
2000012e:	6010      	str	r0, [r2, #0]
20000130:	f381 8810 	msr	PRIMASK, r1
20000134:	22d0      	movs	r2, #208	@ 0xd0
20000136:	0612      	lsls	r2, r2, #24
20000138:	7812      	ldrb	r2, [r2, #0]
2000013a:	2500      	movs	r5, #0
2000013c:	b252      	sxtb	r2, r2
2000013e:	4690      	mov	r8, r2
20000140:	429a      	cmp	r2, r3
20000142:	d10e      	bne.n	20000162 <mutex_try_enter_block_until+0x62>
20000144:	2000      	movs	r0, #0
20000146:	bc80      	pop	{r7}
20000148:	46b8      	mov	r8, r7
2000014a:	bdf0      	pop	{r4, r5, r6, r7, pc}
2000014c:	f3bf 8f5f 	dmb	sy
20000150:	6015      	str	r5, [r2, #0]
20000152:	f381 8810 	msr	PRIMASK, r1
20000156:	0030      	movs	r0, r6
20000158:	0039      	movs	r1, r7
2000015a:	f000 fef9 	bl	20000f50 <__best_effort_wfe_or_timeout_veneer>
2000015e:	2800      	cmp	r0, #0
20000160:	d1f0      	bne.n	20000144 <mutex_try_enter_block_until+0x44>
20000162:	6822      	ldr	r2, [r4, #0]
20000164:	f3ef 8110 	mrs	r1, PRIMASK
20000168:	b672      	cpsid	i
2000016a:	6813      	ldr	r3, [r2, #0]
2000016c:	2b00      	cmp	r3, #0
2000016e:	d0fc      	beq.n	2000016a <mutex_try_enter_block_until+0x6a>
20000170:	f3bf 8f5f 	dmb	sy
20000174:	7923      	ldrb	r3, [r4, #4]
20000176:	6822      	ldr	r2, [r4, #0]
20000178:	2b7f      	cmp	r3, #127	@ 0x7f
2000017a:	d9e7      	bls.n	2000014c <mutex_try_enter_block_until+0x4c>
2000017c:	4643      	mov	r3, r8
2000017e:	e002      	b.n	20000186 <mutex_try_enter_block_until+0x86>
20000180:	23d0      	movs	r3, #208	@ 0xd0
20000182:	061b      	lsls	r3, r3, #24
20000184:	681b      	ldr	r3, [r3, #0]
20000186:	7123      	strb	r3, [r4, #4]
20000188:	f3bf 8f5f 	dmb	sy
2000018c:	2300      	movs	r3, #0
2000018e:	6013      	str	r3, [r2, #0]
20000190:	f381 8810 	msr	PRIMASK, r1
20000194:	2001      	movs	r0, #1
20000196:	e7d6      	b.n	20000146 <mutex_try_enter_block_until+0x46>

20000198 <mutex_enter_timeout_ms>:
20000198:	b5f0      	push	{r4, r5, r6, r7, lr}
2000019a:	46c6      	mov	lr, r8
2000019c:	b500      	push	{lr}
2000019e:	000f      	movs	r7, r1
200001a0:	0004      	movs	r4, r0
200001a2:	f000 fee5 	bl	20000f70 <__time_us_64_veneer>
200001a6:	22fa      	movs	r2, #250	@ 0xfa
200001a8:	000e      	movs	r6, r1
200001aa:	0005      	movs	r5, r0
200001ac:	2300      	movs	r3, #0
200001ae:	0038      	movs	r0, r7
200001b0:	2100      	movs	r1, #0
200001b2:	0092      	lsls	r2, r2, #2
200001b4:	f000 febc 	bl	20000f30 <____wrap___aeabi_lmul_veneer>
200001b8:	1940      	adds	r0, r0, r5
200001ba:	4171      	adcs	r1, r6
200001bc:	0006      	movs	r6, r0
200001be:	1e0f      	subs	r7, r1, #0
200001c0:	da02      	bge.n	200001c8 <mutex_enter_timeout_ms+0x30>
200001c2:	2601      	movs	r6, #1
200001c4:	4f16      	ldr	r7, [pc, #88]	@ (20000220 <mutex_enter_timeout_ms+0x88>)
200001c6:	4276      	negs	r6, r6
200001c8:	23d0      	movs	r3, #208	@ 0xd0
200001ca:	061b      	lsls	r3, r3, #24
200001cc:	681b      	ldr	r3, [r3, #0]
200001ce:	2500      	movs	r5, #0
200001d0:	4698      	mov	r8, r3
200001d2:	e00a      	b.n	200001ea <mutex_enter_timeout_ms+0x52>
200001d4:	f3bf 8f5f 	dmb	sy
200001d8:	6015      	str	r5, [r2, #0]
200001da:	f381 8810 	msr	PRIMASK, r1
200001de:	0030      	movs	r0, r6
200001e0:	0039      	movs	r1, r7
200001e2:	f000 feb5 	bl	20000f50 <__best_effort_wfe_or_timeout_veneer>
200001e6:	2800      	cmp	r0, #0
200001e8:	d118      	bne.n	2000021c <mutex_enter_timeout_ms+0x84>
200001ea:	6822      	ldr	r2, [r4, #0]
200001ec:	f3ef 8110 	mrs	r1, PRIMASK
200001f0:	b672      	cpsid	i
200001f2:	6813      	ldr	r3, [r2, #0]
200001f4:	2b00      	cmp	r3, #0
200001f6:	d0fc      	beq.n	200001f2 <mutex_enter_timeout_ms+0x5a>
200001f8:	f3bf 8f5f 	dmb	sy
200001fc:	7923      	ldrb	r3, [r4, #4]
200001fe:	6822      	ldr	r2, [r4, #0]
20000200:	2b7f      	cmp	r3, #127	@ 0x7f
20000202:	d9e7      	bls.n	200001d4 <mutex_enter_timeout_ms+0x3c>
20000204:	4643      	mov	r3, r8
20000206:	7123      	strb	r3, [r4, #4]
20000208:	f3bf 8f5f 	dmb	sy
2000020c:	2300      	movs	r3, #0
2000020e:	6013      	str	r3, [r2, #0]
20000210:	f381 8810 	msr	PRIMASK, r1
20000214:	2001      	movs	r0, #1
20000216:	bc80      	pop	{r7}
20000218:	46b8      	mov	r8, r7
2000021a:	bdf0      	pop	{r4, r5, r6, r7, pc}
2000021c:	2000      	movs	r0, #0
2000021e:	e7fa      	b.n	20000216 <mutex_enter_timeout_ms+0x7e>
20000220:	7fffffff 	.word	0x7fffffff

20000224 <mutex_exit>:
20000224:	6802      	ldr	r2, [r0, #0]
20000226:	f3ef 8110 	mrs	r1, PRIMASK
2000022a:	b672      	cpsid	i
2000022c:	6813      	ldr	r3, [r2, #0]
2000022e:	2b00      	cmp	r3, #0
20000230:	d0fc      	beq.n	2000022c <mutex_exit+0x8>
20000232:	f3bf 8f5f 	dmb	sy
20000236:	23ff      	movs	r3, #255	@ 0xff
20000238:	7103      	strb	r3, [r0, #4]
2000023a:	6803      	ldr	r3, [r0, #0]
2000023c:	f3bf 8f5f 	dmb	sy
20000240:	2200      	movs	r2, #0
20000242:	601a      	str	r2, [r3, #0]
20000244:	f381 8810 	msr	PRIMASK, r1
20000248:	bf40      	sev
2000024a:	4770      	bx	lr

2000024c <flash_init_boot2_copyout>:
2000024c:	4b08      	ldr	r3, [pc, #32]	@ (20000270 <flash_init_boot2_copyout+0x24>)
2000024e:	469c      	mov	ip, r3
20000250:	781b      	ldrb	r3, [r3, #0]
20000252:	2b00      	cmp	r3, #0
20000254:	d10b      	bne.n	2000026e <flash_init_boot2_copyout+0x22>
20000256:	2380      	movs	r3, #128	@ 0x80
20000258:	4806      	ldr	r0, [pc, #24]	@ (20000274 <flash_init_boot2_copyout+0x28>)
2000025a:	4907      	ldr	r1, [pc, #28]	@ (20000278 <flash_init_boot2_copyout+0x2c>)
2000025c:	055b      	lsls	r3, r3, #21
2000025e:	681a      	ldr	r2, [r3, #0]
20000260:	50c2      	str	r2, [r0, r3]
20000262:	3304      	adds	r3, #4
20000264:	428b      	cmp	r3, r1
20000266:	d1fa      	bne.n	2000025e <flash_init_boot2_copyout+0x12>
20000268:	2301      	movs	r3, #1
2000026a:	4662      	mov	r2, ip
2000026c:	7013      	strb	r3, [r2, #0]
2000026e:	4770      	bx	lr
20000270:	20001ec4 	.word	0x20001ec4
20000274:	100016ec 	.word	0x100016ec
20000278:	10000100 	.word	0x10000100

2000027c <flash_enable_xip_via_boot2>:
2000027c:	b510      	push	{r4, lr}
2000027e:	4b01      	ldr	r3, [pc, #4]	@ (20000284 <flash_enable_xip_via_boot2+0x8>)
20000280:	4798      	blx	r3
20000282:	bd10      	pop	{r4, pc}
20000284:	200016ed 	.word	0x200016ed

20000288 <flash_save_hardware_state>:
20000288:	4b08      	ldr	r3, [pc, #32]	@ (200002ac <flash_save_hardware_state+0x24>)
2000028a:	685a      	ldr	r2, [r3, #4]
2000028c:	6042      	str	r2, [r0, #4]
2000028e:	689a      	ldr	r2, [r3, #8]
20000290:	6082      	str	r2, [r0, #8]
20000292:	68da      	ldr	r2, [r3, #12]
20000294:	60c2      	str	r2, [r0, #12]
20000296:	691a      	ldr	r2, [r3, #16]
20000298:	6102      	str	r2, [r0, #16]
2000029a:	695a      	ldr	r2, [r3, #20]
2000029c:	6142      	str	r2, [r0, #20]
2000029e:	699b      	ldr	r3, [r3, #24]
200002a0:	6183      	str	r3, [r0, #24]
200002a2:	23a0      	movs	r3, #160	@ 0xa0
200002a4:	055b      	lsls	r3, r3, #21
200002a6:	681b      	ldr	r3, [r3, #0]
200002a8:	6003      	str	r3, [r0, #0]
200002aa:	4770      	bx	lr
200002ac:	40020000 	.word	0x40020000

200002b0 <flash_restore_hardware_state>:
200002b0:	6842      	ldr	r2, [r0, #4]
200002b2:	4b08      	ldr	r3, [pc, #32]	@ (200002d4 <flash_restore_hardware_state+0x24>)
200002b4:	605a      	str	r2, [r3, #4]
200002b6:	6882      	ldr	r2, [r0, #8]
200002b8:	609a      	str	r2, [r3, #8]
200002ba:	68c2      	ldr	r2, [r0, #12]
200002bc:	60da      	str	r2, [r3, #12]
200002be:	6902      	ldr	r2, [r0, #16]
200002c0:	611a      	str	r2, [r3, #16]
200002c2:	6942      	ldr	r2, [r0, #20]
200002c4:	615a      	str	r2, [r3, #20]
200002c6:	6982      	ldr	r2, [r0, #24]
200002c8:	619a      	str	r2, [r3, #24]
200002ca:	23a0      	movs	r3, #160	@ 0xa0
200002cc:	6802      	ldr	r2, [r0, #0]
200002ce:	055b      	lsls	r3, r3, #21
200002d0:	601a      	str	r2, [r3, #0]
200002d2:	4770      	bx	lr
200002d4:	40020000 	.word	0x40020000

200002d8 <flash_do_cmd_cs>:
200002d8:	b5f0      	push	{r4, r5, r6, r7, lr}
200002da:	46d6      	mov	lr, sl
200002dc:	464f      	mov	r7, r9
200002de:	4646      	mov	r6, r8
200002e0:	2300      	movs	r3, #0
200002e2:	b5c0      	push	{r6, r7, lr}
200002e4:	2718      	movs	r7, #24
200002e6:	b088      	sub	sp, #32
200002e8:	001e      	movs	r6, r3
200002ea:	4681      	mov	r9, r0
200002ec:	000d      	movs	r5, r1
200002ee:	8a98      	ldrh	r0, [r3, #20]
200002f0:	4946      	ldr	r1, [pc, #280]	@ (2000040c <flash_do_cmd_cs+0x134>)
200002f2:	883b      	ldrh	r3, [r7, #0]
200002f4:	0014      	movs	r4, r2
200002f6:	4798      	blx	r3
200002f8:	883b      	ldrh	r3, [r7, #0]
200002fa:	4680      	mov	r8, r0
200002fc:	4944      	ldr	r1, [pc, #272]	@ (20000410 <flash_do_cmd_cs+0x138>)
200002fe:	8ab0      	ldrh	r0, [r6, #20]
20000300:	4798      	blx	r3
20000302:	2300      	movs	r3, #0
20000304:	4943      	ldr	r1, [pc, #268]	@ (20000414 <flash_do_cmd_cs+0x13c>)
20000306:	0006      	movs	r6, r0
20000308:	8a98      	ldrh	r0, [r3, #20]
2000030a:	883b      	ldrh	r3, [r7, #0]
2000030c:	4798      	blx	r3
2000030e:	4682      	mov	sl, r0
20000310:	f7ff ff9c 	bl	2000024c <flash_init_boot2_copyout>
20000314:	a801      	add	r0, sp, #4
20000316:	f7ff ffb7 	bl	20000288 <flash_save_hardware_state>
2000031a:	47c0      	blx	r8
2000031c:	47b0      	blx	r6
2000031e:	4b3e      	ldr	r3, [pc, #248]	@ (20000418 <flash_do_cmd_cs+0x140>)
20000320:	0021      	movs	r1, r4
20000322:	681a      	ldr	r2, [r3, #0]
20000324:	2380      	movs	r3, #128	@ 0x80
20000326:	009b      	lsls	r3, r3, #2
20000328:	4053      	eors	r3, r2
2000032a:	22c0      	movs	r2, #192	@ 0xc0
2000032c:	0092      	lsls	r2, r2, #2
2000032e:	4013      	ands	r3, r2
20000330:	4a3a      	ldr	r2, [pc, #232]	@ (2000041c <flash_do_cmd_cs+0x144>)
20000332:	6013      	str	r3, [r2, #0]
20000334:	2c00      	cmp	r4, #0
20000336:	d01c      	beq.n	20000372 <flash_do_cmd_cs+0x9a>
20000338:	2308      	movs	r3, #8
2000033a:	20c0      	movs	r0, #192	@ 0xc0
2000033c:	469c      	mov	ip, r3
2000033e:	0540      	lsls	r0, r0, #21
20000340:	3f16      	subs	r7, #22
20000342:	4662      	mov	r2, ip
20000344:	6a83      	ldr	r3, [r0, #40]	@ 0x28
20000346:	401a      	ands	r2, r3
20000348:	421f      	tst	r7, r3
2000034a:	d039      	beq.n	200003c0 <flash_do_cmd_cs+0xe8>
2000034c:	1a63      	subs	r3, r4, r1
2000034e:	2900      	cmp	r1, #0
20000350:	d12b      	bne.n	200003aa <flash_do_cmd_cs+0xd2>
20000352:	2a00      	cmp	r2, #0
20000354:	d10b      	bne.n	2000036e <flash_do_cmd_cs+0x96>
20000356:	2c00      	cmp	r4, #0
20000358:	d00b      	beq.n	20000372 <flash_do_cmd_cs+0x9a>
2000035a:	23c0      	movs	r3, #192	@ 0xc0
2000035c:	2208      	movs	r2, #8
2000035e:	2602      	movs	r6, #2
20000360:	055b      	lsls	r3, r3, #21
20000362:	6a9b      	ldr	r3, [r3, #40]	@ 0x28
20000364:	401a      	ands	r2, r3
20000366:	421e      	tst	r6, r3
20000368:	d042      	beq.n	200003f0 <flash_do_cmd_cs+0x118>
2000036a:	2a00      	cmp	r2, #0
2000036c:	d0f5      	beq.n	2000035a <flash_do_cmd_cs+0x82>
2000036e:	2c00      	cmp	r4, #0
20000370:	d130      	bne.n	200003d4 <flash_do_cmd_cs+0xfc>
20000372:	4b29      	ldr	r3, [pc, #164]	@ (20000418 <flash_do_cmd_cs+0x140>)
20000374:	681a      	ldr	r2, [r3, #0]
20000376:	23c0      	movs	r3, #192	@ 0xc0
20000378:	009b      	lsls	r3, r3, #2
2000037a:	4393      	bics	r3, r2
2000037c:	4a27      	ldr	r2, [pc, #156]	@ (2000041c <flash_do_cmd_cs+0x144>)
2000037e:	6013      	str	r3, [r2, #0]
20000380:	47d0      	blx	sl
20000382:	f7ff ff7b 	bl	2000027c <flash_enable_xip_via_boot2>
20000386:	a801      	add	r0, sp, #4
20000388:	f7ff ff92 	bl	200002b0 <flash_restore_hardware_state>
2000038c:	b008      	add	sp, #32
2000038e:	bce0      	pop	{r5, r6, r7}
20000390:	46ba      	mov	sl, r7
20000392:	46b1      	mov	r9, r6
20000394:	46a8      	mov	r8, r5
20000396:	bdf0      	pop	{r4, r5, r6, r7, pc}
20000398:	2c00      	cmp	r4, #0
2000039a:	d12b      	bne.n	200003f4 <flash_do_cmd_cs+0x11c>
2000039c:	22c0      	movs	r2, #192	@ 0xc0
2000039e:	0552      	lsls	r2, r2, #21
200003a0:	6a96      	ldr	r6, [r2, #40]	@ 0x28
200003a2:	2208      	movs	r2, #8
200003a4:	4032      	ands	r2, r6
200003a6:	07b6      	lsls	r6, r6, #30
200003a8:	d52b      	bpl.n	20000402 <flash_do_cmd_cs+0x12a>
200003aa:	2b0d      	cmp	r3, #13
200003ac:	d919      	bls.n	200003e2 <flash_do_cmd_cs+0x10a>
200003ae:	2a00      	cmp	r2, #0
200003b0:	d1f2      	bne.n	20000398 <flash_do_cmd_cs+0xc0>
200003b2:	22c0      	movs	r2, #192	@ 0xc0
200003b4:	0552      	lsls	r2, r2, #21
200003b6:	6a96      	ldr	r6, [r2, #40]	@ 0x28
200003b8:	2208      	movs	r2, #8
200003ba:	4032      	ands	r2, r6
200003bc:	07b6      	lsls	r6, r6, #30
200003be:	d4f4      	bmi.n	200003aa <flash_do_cmd_cs+0xd2>
200003c0:	2a00      	cmp	r2, #0
200003c2:	d104      	bne.n	200003ce <flash_do_cmd_cs+0xf6>
200003c4:	000b      	movs	r3, r1
200003c6:	4323      	orrs	r3, r4
200003c8:	2b00      	cmp	r3, #0
200003ca:	d1ba      	bne.n	20000342 <flash_do_cmd_cs+0x6a>
200003cc:	e7d1      	b.n	20000372 <flash_do_cmd_cs+0x9a>
200003ce:	000b      	movs	r3, r1
200003d0:	2c00      	cmp	r4, #0
200003d2:	d0f9      	beq.n	200003c8 <flash_do_cmd_cs+0xf0>
200003d4:	6e03      	ldr	r3, [r0, #96]	@ 0x60
200003d6:	3c01      	subs	r4, #1
200003d8:	702b      	strb	r3, [r5, #0]
200003da:	0023      	movs	r3, r4
200003dc:	3501      	adds	r5, #1
200003de:	430b      	orrs	r3, r1
200003e0:	e7f2      	b.n	200003c8 <flash_do_cmd_cs+0xf0>
200003e2:	464b      	mov	r3, r9
200003e4:	781b      	ldrb	r3, [r3, #0]
200003e6:	3901      	subs	r1, #1
200003e8:	6603      	str	r3, [r0, #96]	@ 0x60
200003ea:	2301      	movs	r3, #1
200003ec:	4499      	add	r9, r3
200003ee:	e7e7      	b.n	200003c0 <flash_do_cmd_cs+0xe8>
200003f0:	2100      	movs	r1, #0
200003f2:	e7e5      	b.n	200003c0 <flash_do_cmd_cs+0xe8>
200003f4:	23c0      	movs	r3, #192	@ 0xc0
200003f6:	055b      	lsls	r3, r3, #21
200003f8:	6e1b      	ldr	r3, [r3, #96]	@ 0x60
200003fa:	3c01      	subs	r4, #1
200003fc:	702b      	strb	r3, [r5, #0]
200003fe:	3501      	adds	r5, #1
20000400:	e79f      	b.n	20000342 <flash_do_cmd_cs+0x6a>
20000402:	000b      	movs	r3, r1
20000404:	42a2      	cmp	r2, r4
20000406:	d1df      	bne.n	200003c8 <flash_do_cmd_cs+0xf0>
20000408:	e7dc      	b.n	200003c4 <flash_do_cmd_cs+0xec>
2000040a:	46c0      	nop			@ (mov r8, r8)
2000040c:	00004649 	.word	0x00004649
20000410:	00005845 	.word	0x00005845
20000414:	00004346 	.word	0x00004346
20000418:	4001800c 	.word	0x4001800c
2000041c:	4001900c 	.word	0x4001900c

20000420 <reset_non_control_endpoints>:
20000420:	2200      	movs	r2, #0
20000422:	4b15      	ldr	r3, [pc, #84]	@ (20000478 <reset_non_control_endpoints+0x58>)
20000424:	b510      	push	{r4, lr}
20000426:	609a      	str	r2, [r3, #8]
20000428:	60da      	str	r2, [r3, #12]
2000042a:	611a      	str	r2, [r3, #16]
2000042c:	615a      	str	r2, [r3, #20]
2000042e:	619a      	str	r2, [r3, #24]
20000430:	61da      	str	r2, [r3, #28]
20000432:	621a      	str	r2, [r3, #32]
20000434:	625a      	str	r2, [r3, #36]	@ 0x24
20000436:	629a      	str	r2, [r3, #40]	@ 0x28
20000438:	62da      	str	r2, [r3, #44]	@ 0x2c
2000043a:	631a      	str	r2, [r3, #48]	@ 0x30
2000043c:	635a      	str	r2, [r3, #52]	@ 0x34
2000043e:	639a      	str	r2, [r3, #56]	@ 0x38
20000440:	63da      	str	r2, [r3, #60]	@ 0x3c
20000442:	641a      	str	r2, [r3, #64]	@ 0x40
20000444:	645a      	str	r2, [r3, #68]	@ 0x44
20000446:	649a      	str	r2, [r3, #72]	@ 0x48
20000448:	64da      	str	r2, [r3, #76]	@ 0x4c
2000044a:	651a      	str	r2, [r3, #80]	@ 0x50
2000044c:	655a      	str	r2, [r3, #84]	@ 0x54
2000044e:	659a      	str	r2, [r3, #88]	@ 0x58
20000450:	65da      	str	r2, [r3, #92]	@ 0x5c
20000452:	661a      	str	r2, [r3, #96]	@ 0x60
20000454:	665a      	str	r2, [r3, #100]	@ 0x64
20000456:	669a      	str	r2, [r3, #104]	@ 0x68
20000458:	66da      	str	r2, [r3, #108]	@ 0x6c
2000045a:	671a      	str	r2, [r3, #112]	@ 0x70
2000045c:	675a      	str	r2, [r3, #116]	@ 0x74
2000045e:	679a      	str	r2, [r3, #120]	@ 0x78
20000460:	67da      	str	r2, [r3, #124]	@ 0x7c
20000462:	32f0      	adds	r2, #240	@ 0xf0
20000464:	0092      	lsls	r2, r2, #2
20000466:	2100      	movs	r1, #0
20000468:	4804      	ldr	r0, [pc, #16]	@ (2000047c <reset_non_control_endpoints+0x5c>)
2000046a:	f000 fd79 	bl	20000f60 <____wrap_memset_veneer>
2000046e:	4b04      	ldr	r3, [pc, #16]	@ (20000480 <reset_non_control_endpoints+0x60>)
20000470:	4a04      	ldr	r2, [pc, #16]	@ (20000484 <reset_non_control_endpoints+0x64>)
20000472:	601a      	str	r2, [r3, #0]
20000474:	bd10      	pop	{r4, pc}
20000476:	46c0      	nop			@ (mov r8, r8)
20000478:	50100000 	.word	0x50100000
2000047c:	20001aa4 	.word	0x20001aa4
20000480:	20001e70 	.word	0x20001e70
20000484:	50100180 	.word	0x50100180

20000488 <hw_handle_buff_status>:
20000488:	b5f0      	push	{r4, r5, r6, r7, lr}
2000048a:	4647      	mov	r7, r8
2000048c:	46ce      	mov	lr, r9
2000048e:	b580      	push	{r7, lr}
20000490:	4b1c      	ldr	r3, [pc, #112]	@ (20000504 <hw_handle_buff_status+0x7c>)
20000492:	2400      	movs	r4, #0
20000494:	6d9f      	ldr	r7, [r3, #88]	@ 0x58
20000496:	2601      	movs	r6, #1
20000498:	b085      	sub	sp, #20
2000049a:	2f00      	cmp	r7, #0
2000049c:	d01b      	beq.n	200004d6 <hw_handle_buff_status+0x4e>
2000049e:	4b1a      	ldr	r3, [pc, #104]	@ (20000508 <hw_handle_buff_status+0x80>)
200004a0:	4698      	mov	r8, r3
200004a2:	4b1a      	ldr	r3, [pc, #104]	@ (2000050c <hw_handle_buff_status+0x84>)
200004a4:	4699      	mov	r9, r3
200004a6:	e004      	b.n	200004b2 <hw_handle_buff_status+0x2a>
200004a8:	3401      	adds	r4, #1
200004aa:	b2e4      	uxtb	r4, r4
200004ac:	0076      	lsls	r6, r6, #1
200004ae:	2c20      	cmp	r4, #32
200004b0:	d011      	beq.n	200004d6 <hw_handle_buff_status+0x4e>
200004b2:	423e      	tst	r6, r7
200004b4:	d0f8      	beq.n	200004a8 <hw_handle_buff_status+0x20>
200004b6:	4643      	mov	r3, r8
200004b8:	659e      	str	r6, [r3, #88]	@ 0x58
200004ba:	2301      	movs	r3, #1
200004bc:	0865      	lsrs	r5, r4, #1
200004be:	006d      	lsls	r5, r5, #1
200004c0:	43a3      	bics	r3, r4
200004c2:	18ed      	adds	r5, r5, r3
200004c4:	016d      	lsls	r5, r5, #5
200004c6:	444d      	add	r5, r9
200004c8:	0028      	movs	r0, r5
200004ca:	f000 fc13 	bl	20000cf4 <hw_endpoint_xfer_continue>
200004ce:	2800      	cmp	r0, #0
200004d0:	d106      	bne.n	200004e0 <hw_handle_buff_status+0x58>
200004d2:	43b7      	bics	r7, r6
200004d4:	d1e8      	bne.n	200004a8 <hw_handle_buff_status+0x20>
200004d6:	b005      	add	sp, #20
200004d8:	bcc0      	pop	{r6, r7}
200004da:	46b9      	mov	r9, r7
200004dc:	46b0      	mov	r8, r6
200004de:	bdf0      	pop	{r4, r5, r6, r7, pc}
200004e0:	8aeb      	ldrh	r3, [r5, #22]
200004e2:	21e0      	movs	r1, #224	@ 0xe0
200004e4:	9303      	str	r3, [sp, #12]
200004e6:	2300      	movs	r3, #0
200004e8:	a801      	add	r0, sp, #4
200004ea:	78aa      	ldrb	r2, [r5, #2]
200004ec:	00c9      	lsls	r1, r1, #3
200004ee:	8001      	strh	r1, [r0, #0]
200004f0:	2101      	movs	r1, #1
200004f2:	7102      	strb	r2, [r0, #4]
200004f4:	7143      	strb	r3, [r0, #5]
200004f6:	f000 fc1d 	bl	20000d34 <dcd_event_handler>
200004fa:	0028      	movs	r0, r5
200004fc:	f000 fb98 	bl	20000c30 <hw_endpoint_reset_transfer>
20000500:	e7e7      	b.n	200004d2 <hw_handle_buff_status+0x4a>
20000502:	46c0      	nop			@ (mov r8, r8)
20000504:	50110000 	.word	0x50110000
20000508:	50113000 	.word	0x50113000
2000050c:	20001a64 	.word	0x20001a64

20000510 <dcd_rp2040_irq>:
20000510:	2398      	movs	r3, #152	@ 0x98
20000512:	4ac6      	ldr	r2, [pc, #792]	@ (2000082c <dcd_rp2040_irq+0x31c>)
20000514:	b5f0      	push	{r4, r5, r6, r7, lr}
20000516:	58d5      	ldr	r5, [r2, r3]
20000518:	2380      	movs	r3, #128	@ 0x80
2000051a:	002e      	movs	r6, r5
2000051c:	029b      	lsls	r3, r3, #10
2000051e:	2410      	movs	r4, #16
20000520:	b085      	sub	sp, #20
20000522:	401e      	ands	r6, r3
20000524:	421d      	tst	r5, r3
20000526:	d074      	beq.n	20000612 <dcd_rp2040_irq+0x102>
20000528:	4bc1      	ldr	r3, [pc, #772]	@ (20000830 <dcd_rp2040_irq+0x320>)
2000052a:	4cc2      	ldr	r4, [pc, #776]	@ (20000834 <dcd_rp2040_irq+0x324>)
2000052c:	6a9a      	ldr	r2, [r3, #40]	@ 0x28
2000052e:	4bc2      	ldr	r3, [pc, #776]	@ (20000838 <dcd_rp2040_irq+0x328>)
20000530:	2600      	movs	r6, #0
20000532:	601a      	str	r2, [r3, #0]
20000534:	233b      	movs	r3, #59	@ 0x3b
20000536:	5ce3      	ldrb	r3, [r4, r3]
20000538:	2b02      	cmp	r3, #2
2000053a:	d100      	bne.n	2000053e <dcd_rp2040_irq+0x2e>
2000053c:	e14b      	b.n	200007d6 <dcd_rp2040_irq+0x2c6>
2000053e:	237b      	movs	r3, #123	@ 0x7b
20000540:	5ce3      	ldrb	r3, [r4, r3]
20000542:	2b02      	cmp	r3, #2
20000544:	d100      	bne.n	20000548 <dcd_rp2040_irq+0x38>
20000546:	e0ef      	b.n	20000728 <dcd_rp2040_irq+0x218>
20000548:	23bb      	movs	r3, #187	@ 0xbb
2000054a:	5ce3      	ldrb	r3, [r4, r3]
2000054c:	2b02      	cmp	r3, #2
2000054e:	d100      	bne.n	20000552 <dcd_rp2040_irq+0x42>
20000550:	e0f6      	b.n	20000740 <dcd_rp2040_irq+0x230>
20000552:	23fb      	movs	r3, #251	@ 0xfb
20000554:	5ce3      	ldrb	r3, [r4, r3]
20000556:	2b02      	cmp	r3, #2
20000558:	d100      	bne.n	2000055c <dcd_rp2040_irq+0x4c>
2000055a:	e0fd      	b.n	20000758 <dcd_rp2040_irq+0x248>
2000055c:	233c      	movs	r3, #60	@ 0x3c
2000055e:	33ff      	adds	r3, #255	@ 0xff
20000560:	5ce3      	ldrb	r3, [r4, r3]
20000562:	2b02      	cmp	r3, #2
20000564:	d100      	bne.n	20000568 <dcd_rp2040_irq+0x58>
20000566:	e129      	b.n	200007bc <dcd_rp2040_irq+0x2ac>
20000568:	237c      	movs	r3, #124	@ 0x7c
2000056a:	33ff      	adds	r3, #255	@ 0xff
2000056c:	5ce3      	ldrb	r3, [r4, r3]
2000056e:	2b02      	cmp	r3, #2
20000570:	d100      	bne.n	20000574 <dcd_rp2040_irq+0x64>
20000572:	e10a      	b.n	2000078a <dcd_rp2040_irq+0x27a>
20000574:	23bc      	movs	r3, #188	@ 0xbc
20000576:	33ff      	adds	r3, #255	@ 0xff
20000578:	5ce3      	ldrb	r3, [r4, r3]
2000057a:	2b02      	cmp	r3, #2
2000057c:	d100      	bne.n	20000580 <dcd_rp2040_irq+0x70>
2000057e:	e13b      	b.n	200007f8 <dcd_rp2040_irq+0x2e8>
20000580:	23fc      	movs	r3, #252	@ 0xfc
20000582:	33ff      	adds	r3, #255	@ 0xff
20000584:	5ce3      	ldrb	r3, [r4, r3]
20000586:	2b02      	cmp	r3, #2
20000588:	d100      	bne.n	2000058c <dcd_rp2040_irq+0x7c>
2000058a:	e0f1      	b.n	20000770 <dcd_rp2040_irq+0x260>
2000058c:	4bab      	ldr	r3, [pc, #684]	@ (2000083c <dcd_rp2040_irq+0x32c>)
2000058e:	5ce3      	ldrb	r3, [r4, r3]
20000590:	2b02      	cmp	r3, #2
20000592:	d100      	bne.n	20000596 <dcd_rp2040_irq+0x86>
20000594:	e170      	b.n	20000878 <dcd_rp2040_irq+0x368>
20000596:	4baa      	ldr	r3, [pc, #680]	@ (20000840 <dcd_rp2040_irq+0x330>)
20000598:	5ce3      	ldrb	r3, [r4, r3]
2000059a:	2b02      	cmp	r3, #2
2000059c:	d100      	bne.n	200005a0 <dcd_rp2040_irq+0x90>
2000059e:	e101      	b.n	200007a4 <dcd_rp2040_irq+0x294>
200005a0:	4ba8      	ldr	r3, [pc, #672]	@ (20000844 <dcd_rp2040_irq+0x334>)
200005a2:	5ce3      	ldrb	r3, [r4, r3]
200005a4:	2b02      	cmp	r3, #2
200005a6:	d100      	bne.n	200005aa <dcd_rp2040_irq+0x9a>
200005a8:	e171      	b.n	2000088e <dcd_rp2040_irq+0x37e>
200005aa:	4ba7      	ldr	r3, [pc, #668]	@ (20000848 <dcd_rp2040_irq+0x338>)
200005ac:	5ce3      	ldrb	r3, [r4, r3]
200005ae:	2b02      	cmp	r3, #2
200005b0:	d100      	bne.n	200005b4 <dcd_rp2040_irq+0xa4>
200005b2:	e12e      	b.n	20000812 <dcd_rp2040_irq+0x302>
200005b4:	4ba5      	ldr	r3, [pc, #660]	@ (2000084c <dcd_rp2040_irq+0x33c>)
200005b6:	5ce3      	ldrb	r3, [r4, r3]
200005b8:	2b02      	cmp	r3, #2
200005ba:	d100      	bne.n	200005be <dcd_rp2040_irq+0xae>
200005bc:	e19c      	b.n	200008f8 <dcd_rp2040_irq+0x3e8>
200005be:	4ba4      	ldr	r3, [pc, #656]	@ (20000850 <dcd_rp2040_irq+0x340>)
200005c0:	5ce3      	ldrb	r3, [r4, r3]
200005c2:	2b02      	cmp	r3, #2
200005c4:	d100      	bne.n	200005c8 <dcd_rp2040_irq+0xb8>
200005c6:	e16d      	b.n	200008a4 <dcd_rp2040_irq+0x394>
200005c8:	4ba2      	ldr	r3, [pc, #648]	@ (20000854 <dcd_rp2040_irq+0x344>)
200005ca:	5ce3      	ldrb	r3, [r4, r3]
200005cc:	2b02      	cmp	r3, #2
200005ce:	d100      	bne.n	200005d2 <dcd_rp2040_irq+0xc2>
200005d0:	e19d      	b.n	2000090e <dcd_rp2040_irq+0x3fe>
200005d2:	4ba1      	ldr	r3, [pc, #644]	@ (20000858 <dcd_rp2040_irq+0x348>)
200005d4:	5ce3      	ldrb	r3, [r4, r3]
200005d6:	2b02      	cmp	r3, #2
200005d8:	d100      	bne.n	200005dc <dcd_rp2040_irq+0xcc>
200005da:	e17b      	b.n	200008d4 <dcd_rp2040_irq+0x3c4>
200005dc:	2e00      	cmp	r6, #0
200005de:	d108      	bne.n	200005f2 <dcd_rp2040_irq+0xe2>
200005e0:	4b9e      	ldr	r3, [pc, #632]	@ (2000085c <dcd_rp2040_irq+0x34c>)
200005e2:	781b      	ldrb	r3, [r3, #0]
200005e4:	2b00      	cmp	r3, #0
200005e6:	d104      	bne.n	200005f2 <dcd_rp2040_irq+0xe2>
200005e8:	2180      	movs	r1, #128	@ 0x80
200005ea:	4a9d      	ldr	r2, [pc, #628]	@ (20000860 <dcd_rp2040_irq+0x350>)
200005ec:	3390      	adds	r3, #144	@ 0x90
200005ee:	0289      	lsls	r1, r1, #10
200005f0:	50d1      	str	r1, [r2, r3]
200005f2:	22c0      	movs	r2, #192	@ 0xc0
200005f4:	4669      	mov	r1, sp
200005f6:	4b8d      	ldr	r3, [pc, #564]	@ (2000082c <dcd_rp2040_irq+0x31c>)
200005f8:	0092      	lsls	r2, r2, #2
200005fa:	6c9b      	ldr	r3, [r3, #72]	@ 0x48
200005fc:	2680      	movs	r6, #128	@ 0x80
200005fe:	055b      	lsls	r3, r3, #21
20000600:	808a      	strh	r2, [r1, #4]
20000602:	0d5b      	lsrs	r3, r3, #21
20000604:	2101      	movs	r1, #1
20000606:	a801      	add	r0, sp, #4
20000608:	9302      	str	r3, [sp, #8]
2000060a:	f000 fb93 	bl	20000d34 <dcd_event_handler>
2000060e:	4c95      	ldr	r4, [pc, #596]	@ (20000864 <dcd_rp2040_irq+0x354>)
20000610:	02b6      	lsls	r6, r6, #10
20000612:	06eb      	lsls	r3, r5, #27
20000614:	d500      	bpl.n	20000618 <dcd_rp2040_irq+0x108>
20000616:	e07b      	b.n	20000710 <dcd_rp2040_irq+0x200>
20000618:	2380      	movs	r3, #128	@ 0x80
2000061a:	025b      	lsls	r3, r3, #9
2000061c:	421d      	tst	r5, r3
2000061e:	d02f      	beq.n	20000680 <dcd_rp2040_irq+0x170>
20000620:	2402      	movs	r4, #2
20000622:	4f84      	ldr	r7, [pc, #528]	@ (20000834 <dcd_rp2040_irq+0x324>)
20000624:	431e      	orrs	r6, r3
20000626:	7ebb      	ldrb	r3, [r7, #26]
20000628:	2b00      	cmp	r3, #0
2000062a:	d014      	beq.n	20000656 <dcd_rp2040_irq+0x146>
2000062c:	f000 fca8 	bl	20000f80 <__rp2040_chip_version_veneer>
20000630:	2801      	cmp	r0, #1
20000632:	d900      	bls.n	20000636 <dcd_rp2040_irq+0x126>
20000634:	e070      	b.n	20000718 <dcd_rp2040_irq+0x208>
20000636:	22c0      	movs	r2, #192	@ 0xc0
20000638:	2100      	movs	r1, #0
2000063a:	0038      	movs	r0, r7
2000063c:	0192      	lsls	r2, r2, #6
2000063e:	f000 fafd 	bl	20000c3c <_hw_endpoint_buffer_control_update32>
20000642:	0038      	movs	r0, r7
20000644:	f000 faf4 	bl	20000c30 <hw_endpoint_reset_transfer>
20000648:	f000 fc9a 	bl	20000f80 <__rp2040_chip_version_veneer>
2000064c:	2801      	cmp	r0, #1
2000064e:	d902      	bls.n	20000656 <dcd_rp2040_irq+0x146>
20000650:	4b83      	ldr	r3, [pc, #524]	@ (20000860 <dcd_rp2040_irq+0x350>)
20000652:	665c      	str	r4, [r3, #100]	@ 0x64
20000654:	661c      	str	r4, [r3, #96]	@ 0x60
20000656:	2301      	movs	r3, #1
20000658:	70fb      	strb	r3, [r7, #3]
2000065a:	3720      	adds	r7, #32
2000065c:	2c01      	cmp	r4, #1
2000065e:	d120      	bne.n	200006a2 <dcd_rp2040_irq+0x192>
20000660:	23c0      	movs	r3, #192	@ 0xc0
20000662:	466a      	mov	r2, sp
20000664:	00db      	lsls	r3, r3, #3
20000666:	8093      	strh	r3, [r2, #4]
20000668:	4a7f      	ldr	r2, [pc, #508]	@ (20000868 <dcd_rp2040_irq+0x358>)
2000066a:	ab02      	add	r3, sp, #8
2000066c:	ca03      	ldmia	r2!, {r0, r1}
2000066e:	c303      	stmia	r3!, {r0, r1}
20000670:	2101      	movs	r1, #1
20000672:	a801      	add	r0, sp, #4
20000674:	f000 fb5e 	bl	20000d34 <dcd_event_handler>
20000678:	2280      	movs	r2, #128	@ 0x80
2000067a:	4b79      	ldr	r3, [pc, #484]	@ (20000860 <dcd_rp2040_irq+0x350>)
2000067c:	0292      	lsls	r2, r2, #10
2000067e:	651a      	str	r2, [r3, #80]	@ 0x50
20000680:	2380      	movs	r3, #128	@ 0x80
20000682:	015b      	lsls	r3, r3, #5
20000684:	421d      	tst	r5, r3
20000686:	d10e      	bne.n	200006a6 <dcd_rp2040_irq+0x196>
20000688:	2380      	movs	r3, #128	@ 0x80
2000068a:	01db      	lsls	r3, r3, #7
2000068c:	421d      	tst	r5, r3
2000068e:	d121      	bne.n	200006d4 <dcd_rp2040_irq+0x1c4>
20000690:	2380      	movs	r3, #128	@ 0x80
20000692:	021b      	lsls	r3, r3, #8
20000694:	421d      	tst	r5, r3
20000696:	d12d      	bne.n	200006f4 <dcd_rp2040_irq+0x1e4>
20000698:	42ae      	cmp	r6, r5
2000069a:	d000      	beq.n	2000069e <dcd_rp2040_irq+0x18e>
2000069c:	e1be      	b.n	20000a1c <dcd_rp2040_irq+0x50c>
2000069e:	b005      	add	sp, #20
200006a0:	bdf0      	pop	{r4, r5, r6, r7, pc}
200006a2:	2401      	movs	r4, #1
200006a4:	e7bf      	b.n	20000626 <dcd_rp2040_irq+0x116>
200006a6:	2400      	movs	r4, #0
200006a8:	431e      	orrs	r6, r3
200006aa:	4b60      	ldr	r3, [pc, #384]	@ (2000082c <dcd_rp2040_irq+0x31c>)
200006ac:	601c      	str	r4, [r3, #0]
200006ae:	f7ff feb7 	bl	20000420 <reset_non_control_endpoints>
200006b2:	2380      	movs	r3, #128	@ 0x80
200006b4:	466a      	mov	r2, sp
200006b6:	005b      	lsls	r3, r3, #1
200006b8:	8093      	strh	r3, [r2, #4]
200006ba:	7214      	strb	r4, [r2, #8]
200006bc:	2101      	movs	r1, #1
200006be:	a801      	add	r0, sp, #4
200006c0:	f000 fb38 	bl	20000d34 <dcd_event_handler>
200006c4:	2280      	movs	r2, #128	@ 0x80
200006c6:	4b66      	ldr	r3, [pc, #408]	@ (20000860 <dcd_rp2040_irq+0x350>)
200006c8:	0312      	lsls	r2, r2, #12
200006ca:	651a      	str	r2, [r3, #80]	@ 0x50
200006cc:	2380      	movs	r3, #128	@ 0x80
200006ce:	01db      	lsls	r3, r3, #7
200006d0:	421d      	tst	r5, r3
200006d2:	d0dd      	beq.n	20000690 <dcd_rp2040_irq+0x180>
200006d4:	431e      	orrs	r6, r3
200006d6:	2380      	movs	r3, #128	@ 0x80
200006d8:	466a      	mov	r2, sp
200006da:	00db      	lsls	r3, r3, #3
200006dc:	8093      	strh	r3, [r2, #4]
200006de:	2101      	movs	r1, #1
200006e0:	a801      	add	r0, sp, #4
200006e2:	f000 fb27 	bl	20000d34 <dcd_event_handler>
200006e6:	2210      	movs	r2, #16
200006e8:	4b5d      	ldr	r3, [pc, #372]	@ (20000860 <dcd_rp2040_irq+0x350>)
200006ea:	651a      	str	r2, [r3, #80]	@ 0x50
200006ec:	2380      	movs	r3, #128	@ 0x80
200006ee:	021b      	lsls	r3, r3, #8
200006f0:	421d      	tst	r5, r3
200006f2:	d0d1      	beq.n	20000698 <dcd_rp2040_irq+0x188>
200006f4:	431e      	orrs	r6, r3
200006f6:	23a0      	movs	r3, #160	@ 0xa0
200006f8:	466a      	mov	r2, sp
200006fa:	00db      	lsls	r3, r3, #3
200006fc:	8093      	strh	r3, [r2, #4]
200006fe:	2101      	movs	r1, #1
20000700:	a801      	add	r0, sp, #4
20000702:	f000 fb17 	bl	20000d34 <dcd_event_handler>
20000706:	2280      	movs	r2, #128	@ 0x80
20000708:	4b55      	ldr	r3, [pc, #340]	@ (20000860 <dcd_rp2040_irq+0x350>)
2000070a:	0112      	lsls	r2, r2, #4
2000070c:	651a      	str	r2, [r3, #80]	@ 0x50
2000070e:	e7c3      	b.n	20000698 <dcd_rp2040_irq+0x188>
20000710:	f7ff feba 	bl	20000488 <hw_handle_buff_status>
20000714:	0026      	movs	r6, r4
20000716:	e77f      	b.n	20000618 <dcd_rp2040_irq+0x108>
20000718:	4b54      	ldr	r3, [pc, #336]	@ (2000086c <dcd_rp2040_irq+0x35c>)
2000071a:	4a44      	ldr	r2, [pc, #272]	@ (2000082c <dcd_rp2040_irq+0x31c>)
2000071c:	661c      	str	r4, [r3, #96]	@ 0x60
2000071e:	6e53      	ldr	r3, [r2, #100]	@ 0x64
20000720:	4023      	ands	r3, r4
20000722:	42a3      	cmp	r3, r4
20000724:	d1fb      	bne.n	2000071e <dcd_rp2040_irq+0x20e>
20000726:	e786      	b.n	20000636 <dcd_rp2040_irq+0x126>
20000728:	3378      	adds	r3, #120	@ 0x78
2000072a:	5ce7      	ldrb	r7, [r4, r3]
2000072c:	2f00      	cmp	r7, #0
2000072e:	d100      	bne.n	20000732 <dcd_rp2040_irq+0x222>
20000730:	e70a      	b.n	20000548 <dcd_rp2040_irq+0x38>
20000732:	3302      	adds	r3, #2
20000734:	5ce2      	ldrb	r2, [r4, r3]
20000736:	2a00      	cmp	r2, #0
20000738:	d000      	beq.n	2000073c <dcd_rp2040_irq+0x22c>
2000073a:	e10d      	b.n	20000958 <dcd_rp2040_irq+0x448>
2000073c:	003e      	movs	r6, r7
2000073e:	e703      	b.n	20000548 <dcd_rp2040_irq+0x38>
20000740:	33b8      	adds	r3, #184	@ 0xb8
20000742:	5ce7      	ldrb	r7, [r4, r3]
20000744:	2f00      	cmp	r7, #0
20000746:	d100      	bne.n	2000074a <dcd_rp2040_irq+0x23a>
20000748:	e703      	b.n	20000552 <dcd_rp2040_irq+0x42>
2000074a:	3302      	adds	r3, #2
2000074c:	5ce2      	ldrb	r2, [r4, r3]
2000074e:	2a00      	cmp	r2, #0
20000750:	d000      	beq.n	20000754 <dcd_rp2040_irq+0x244>
20000752:	e0f9      	b.n	20000948 <dcd_rp2040_irq+0x438>
20000754:	003e      	movs	r6, r7
20000756:	e6fc      	b.n	20000552 <dcd_rp2040_irq+0x42>
20000758:	33f8      	adds	r3, #248	@ 0xf8
2000075a:	5ce7      	ldrb	r7, [r4, r3]
2000075c:	2f00      	cmp	r7, #0
2000075e:	d100      	bne.n	20000762 <dcd_rp2040_irq+0x252>
20000760:	e6fc      	b.n	2000055c <dcd_rp2040_irq+0x4c>
20000762:	3302      	adds	r3, #2
20000764:	5ce2      	ldrb	r2, [r4, r3]
20000766:	2a00      	cmp	r2, #0
20000768:	d000      	beq.n	2000076c <dcd_rp2040_irq+0x25c>
2000076a:	e141      	b.n	200009f0 <dcd_rp2040_irq+0x4e0>
2000076c:	003e      	movs	r6, r7
2000076e:	e6f5      	b.n	2000055c <dcd_rp2040_irq+0x4c>
20000770:	33f9      	adds	r3, #249	@ 0xf9
20000772:	33ff      	adds	r3, #255	@ 0xff
20000774:	5ce7      	ldrb	r7, [r4, r3]
20000776:	2f00      	cmp	r7, #0
20000778:	d100      	bne.n	2000077c <dcd_rp2040_irq+0x26c>
2000077a:	e707      	b.n	2000058c <dcd_rp2040_irq+0x7c>
2000077c:	3302      	adds	r3, #2
2000077e:	5ce2      	ldrb	r2, [r4, r3]
20000780:	2a00      	cmp	r2, #0
20000782:	d000      	beq.n	20000786 <dcd_rp2040_irq+0x276>
20000784:	e12b      	b.n	200009de <dcd_rp2040_irq+0x4ce>
20000786:	003e      	movs	r6, r7
20000788:	e700      	b.n	2000058c <dcd_rp2040_irq+0x7c>
2000078a:	3379      	adds	r3, #121	@ 0x79
2000078c:	33ff      	adds	r3, #255	@ 0xff
2000078e:	5ce7      	ldrb	r7, [r4, r3]
20000790:	2f00      	cmp	r7, #0
20000792:	d100      	bne.n	20000796 <dcd_rp2040_irq+0x286>
20000794:	e6ee      	b.n	20000574 <dcd_rp2040_irq+0x64>
20000796:	3302      	adds	r3, #2
20000798:	5ce2      	ldrb	r2, [r4, r3]
2000079a:	2a00      	cmp	r2, #0
2000079c:	d000      	beq.n	200007a0 <dcd_rp2040_irq+0x290>
2000079e:	e115      	b.n	200009cc <dcd_rp2040_irq+0x4bc>
200007a0:	003e      	movs	r6, r7
200007a2:	e6e7      	b.n	20000574 <dcd_rp2040_irq+0x64>
200007a4:	4b32      	ldr	r3, [pc, #200]	@ (20000870 <dcd_rp2040_irq+0x360>)
200007a6:	5ce7      	ldrb	r7, [r4, r3]
200007a8:	2f00      	cmp	r7, #0
200007aa:	d100      	bne.n	200007ae <dcd_rp2040_irq+0x29e>
200007ac:	e6f8      	b.n	200005a0 <dcd_rp2040_irq+0x90>
200007ae:	3302      	adds	r3, #2
200007b0:	5ce2      	ldrb	r2, [r4, r3]
200007b2:	2a00      	cmp	r2, #0
200007b4:	d000      	beq.n	200007b8 <dcd_rp2040_irq+0x2a8>
200007b6:	e101      	b.n	200009bc <dcd_rp2040_irq+0x4ac>
200007b8:	003e      	movs	r6, r7
200007ba:	e6f1      	b.n	200005a0 <dcd_rp2040_irq+0x90>
200007bc:	3339      	adds	r3, #57	@ 0x39
200007be:	33ff      	adds	r3, #255	@ 0xff
200007c0:	5ce7      	ldrb	r7, [r4, r3]
200007c2:	2f00      	cmp	r7, #0
200007c4:	d100      	bne.n	200007c8 <dcd_rp2040_irq+0x2b8>
200007c6:	e6cf      	b.n	20000568 <dcd_rp2040_irq+0x58>
200007c8:	3302      	adds	r3, #2
200007ca:	5ce2      	ldrb	r2, [r4, r3]
200007cc:	2a00      	cmp	r2, #0
200007ce:	d000      	beq.n	200007d2 <dcd_rp2040_irq+0x2c2>
200007d0:	e0eb      	b.n	200009aa <dcd_rp2040_irq+0x49a>
200007d2:	003e      	movs	r6, r7
200007d4:	e6c8      	b.n	20000568 <dcd_rp2040_irq+0x58>
200007d6:	3338      	adds	r3, #56	@ 0x38
200007d8:	5ce6      	ldrb	r6, [r4, r3]
200007da:	2e00      	cmp	r6, #0
200007dc:	d100      	bne.n	200007e0 <dcd_rp2040_irq+0x2d0>
200007de:	e6ae      	b.n	2000053e <dcd_rp2040_irq+0x2e>
200007e0:	3302      	adds	r3, #2
200007e2:	5ce2      	ldrb	r2, [r4, r3]
200007e4:	2a00      	cmp	r2, #0
200007e6:	d100      	bne.n	200007ea <dcd_rp2040_irq+0x2da>
200007e8:	e6a9      	b.n	2000053e <dcd_rp2040_irq+0x2e>
200007ea:	0020      	movs	r0, r4
200007ec:	2200      	movs	r2, #0
200007ee:	3020      	adds	r0, #32
200007f0:	54e2      	strb	r2, [r4, r3]
200007f2:	f000 fa4b 	bl	20000c8c <hw_endpoint_start_next_buffer>
200007f6:	e6a2      	b.n	2000053e <dcd_rp2040_irq+0x2e>
200007f8:	33b9      	adds	r3, #185	@ 0xb9
200007fa:	33ff      	adds	r3, #255	@ 0xff
200007fc:	5ce7      	ldrb	r7, [r4, r3]
200007fe:	2f00      	cmp	r7, #0
20000800:	d100      	bne.n	20000804 <dcd_rp2040_irq+0x2f4>
20000802:	e6bd      	b.n	20000580 <dcd_rp2040_irq+0x70>
20000804:	3302      	adds	r3, #2
20000806:	5ce2      	ldrb	r2, [r4, r3]
20000808:	2a00      	cmp	r2, #0
2000080a:	d000      	beq.n	2000080e <dcd_rp2040_irq+0x2fe>
2000080c:	e0c4      	b.n	20000998 <dcd_rp2040_irq+0x488>
2000080e:	003e      	movs	r6, r7
20000810:	e6b6      	b.n	20000580 <dcd_rp2040_irq+0x70>
20000812:	4b18      	ldr	r3, [pc, #96]	@ (20000874 <dcd_rp2040_irq+0x364>)
20000814:	5ce7      	ldrb	r7, [r4, r3]
20000816:	2f00      	cmp	r7, #0
20000818:	d100      	bne.n	2000081c <dcd_rp2040_irq+0x30c>
2000081a:	e6cb      	b.n	200005b4 <dcd_rp2040_irq+0xa4>
2000081c:	3302      	adds	r3, #2
2000081e:	5ce2      	ldrb	r2, [r4, r3]
20000820:	2a00      	cmp	r2, #0
20000822:	d000      	beq.n	20000826 <dcd_rp2040_irq+0x316>
20000824:	e0b0      	b.n	20000988 <dcd_rp2040_irq+0x478>
20000826:	003e      	movs	r6, r7
20000828:	e6c4      	b.n	200005b4 <dcd_rp2040_irq+0xa4>
2000082a:	46c0      	nop			@ (mov r8, r8)
2000082c:	50110000 	.word	0x50110000
20000830:	40054000 	.word	0x40054000
20000834:	20001a64 	.word	0x20001a64
20000838:	20001a5c 	.word	0x20001a5c
2000083c:	0000023b 	.word	0x0000023b
20000840:	0000027b 	.word	0x0000027b
20000844:	000002bb 	.word	0x000002bb
20000848:	000002fb 	.word	0x000002fb
2000084c:	0000033b 	.word	0x0000033b
20000850:	0000037b 	.word	0x0000037b
20000854:	000003bb 	.word	0x000003bb
20000858:	000003fb 	.word	0x000003fb
2000085c:	20001ec2 	.word	0x20001ec2
20000860:	50113000 	.word	0x50113000
20000864:	00020010 	.word	0x00020010
20000868:	50100000 	.word	0x50100000
2000086c:	50112000 	.word	0x50112000
20000870:	0000027a 	.word	0x0000027a
20000874:	000002fa 	.word	0x000002fa
20000878:	4b6b      	ldr	r3, [pc, #428]	@ (20000a28 <dcd_rp2040_irq+0x518>)
2000087a:	5ce7      	ldrb	r7, [r4, r3]
2000087c:	2f00      	cmp	r7, #0
2000087e:	d100      	bne.n	20000882 <dcd_rp2040_irq+0x372>
20000880:	e689      	b.n	20000596 <dcd_rp2040_irq+0x86>
20000882:	3302      	adds	r3, #2
20000884:	5ce2      	ldrb	r2, [r4, r3]
20000886:	2a00      	cmp	r2, #0
20000888:	d176      	bne.n	20000978 <dcd_rp2040_irq+0x468>
2000088a:	003e      	movs	r6, r7
2000088c:	e683      	b.n	20000596 <dcd_rp2040_irq+0x86>
2000088e:	4b67      	ldr	r3, [pc, #412]	@ (20000a2c <dcd_rp2040_irq+0x51c>)
20000890:	5ce7      	ldrb	r7, [r4, r3]
20000892:	2f00      	cmp	r7, #0
20000894:	d100      	bne.n	20000898 <dcd_rp2040_irq+0x388>
20000896:	e688      	b.n	200005aa <dcd_rp2040_irq+0x9a>
20000898:	3302      	adds	r3, #2
2000089a:	5ce2      	ldrb	r2, [r4, r3]
2000089c:	2a00      	cmp	r2, #0
2000089e:	d163      	bne.n	20000968 <dcd_rp2040_irq+0x458>
200008a0:	003e      	movs	r6, r7
200008a2:	e682      	b.n	200005aa <dcd_rp2040_irq+0x9a>
200008a4:	4b62      	ldr	r3, [pc, #392]	@ (20000a30 <dcd_rp2040_irq+0x520>)
200008a6:	5ce7      	ldrb	r7, [r4, r3]
200008a8:	2f00      	cmp	r7, #0
200008aa:	d100      	bne.n	200008ae <dcd_rp2040_irq+0x39e>
200008ac:	e68c      	b.n	200005c8 <dcd_rp2040_irq+0xb8>
200008ae:	3302      	adds	r3, #2
200008b0:	5ce2      	ldrb	r2, [r4, r3]
200008b2:	2a00      	cmp	r2, #0
200008b4:	d000      	beq.n	200008b8 <dcd_rp2040_irq+0x3a8>
200008b6:	e0a3      	b.n	20000a00 <dcd_rp2040_irq+0x4f0>
200008b8:	4b5e      	ldr	r3, [pc, #376]	@ (20000a34 <dcd_rp2040_irq+0x524>)
200008ba:	5ce3      	ldrb	r3, [r4, r3]
200008bc:	2b02      	cmp	r3, #2
200008be:	d130      	bne.n	20000922 <dcd_rp2040_irq+0x412>
200008c0:	4b5d      	ldr	r3, [pc, #372]	@ (20000a38 <dcd_rp2040_irq+0x528>)
200008c2:	5ce3      	ldrb	r3, [r4, r3]
200008c4:	2b00      	cmp	r3, #0
200008c6:	d127      	bne.n	20000918 <dcd_rp2040_irq+0x408>
200008c8:	4b5c      	ldr	r3, [pc, #368]	@ (20000a3c <dcd_rp2040_irq+0x52c>)
200008ca:	5ce3      	ldrb	r3, [r4, r3]
200008cc:	2b02      	cmp	r3, #2
200008ce:	d000      	beq.n	200008d2 <dcd_rp2040_irq+0x3c2>
200008d0:	e68f      	b.n	200005f2 <dcd_rp2040_irq+0xe2>
200008d2:	003e      	movs	r6, r7
200008d4:	4b5a      	ldr	r3, [pc, #360]	@ (20000a40 <dcd_rp2040_irq+0x530>)
200008d6:	5ce3      	ldrb	r3, [r4, r3]
200008d8:	2b00      	cmp	r3, #0
200008da:	d100      	bne.n	200008de <dcd_rp2040_irq+0x3ce>
200008dc:	e67e      	b.n	200005dc <dcd_rp2040_irq+0xcc>
200008de:	23ff      	movs	r3, #255	@ 0xff
200008e0:	009b      	lsls	r3, r3, #2
200008e2:	5ce2      	ldrb	r2, [r4, r3]
200008e4:	2a00      	cmp	r2, #0
200008e6:	d100      	bne.n	200008ea <dcd_rp2040_irq+0x3da>
200008e8:	e683      	b.n	200005f2 <dcd_rp2040_irq+0xe2>
200008ea:	2200      	movs	r2, #0
200008ec:	54e2      	strb	r2, [r4, r3]
200008ee:	3b1c      	subs	r3, #28
200008f0:	18e0      	adds	r0, r4, r3
200008f2:	f000 f9cb 	bl	20000c8c <hw_endpoint_start_next_buffer>
200008f6:	e67c      	b.n	200005f2 <dcd_rp2040_irq+0xe2>
200008f8:	4b52      	ldr	r3, [pc, #328]	@ (20000a44 <dcd_rp2040_irq+0x534>)
200008fa:	5ce7      	ldrb	r7, [r4, r3]
200008fc:	2f00      	cmp	r7, #0
200008fe:	d100      	bne.n	20000902 <dcd_rp2040_irq+0x3f2>
20000900:	e65d      	b.n	200005be <dcd_rp2040_irq+0xae>
20000902:	3302      	adds	r3, #2
20000904:	5ce2      	ldrb	r2, [r4, r3]
20000906:	2a00      	cmp	r2, #0
20000908:	d116      	bne.n	20000938 <dcd_rp2040_irq+0x428>
2000090a:	003e      	movs	r6, r7
2000090c:	e657      	b.n	200005be <dcd_rp2040_irq+0xae>
2000090e:	4b4a      	ldr	r3, [pc, #296]	@ (20000a38 <dcd_rp2040_irq+0x528>)
20000910:	5ce3      	ldrb	r3, [r4, r3]
20000912:	2b00      	cmp	r3, #0
20000914:	d100      	bne.n	20000918 <dcd_rp2040_irq+0x408>
20000916:	e65c      	b.n	200005d2 <dcd_rp2040_irq+0xc2>
20000918:	23ef      	movs	r3, #239	@ 0xef
2000091a:	009b      	lsls	r3, r3, #2
2000091c:	5ce2      	ldrb	r2, [r4, r3]
2000091e:	2a00      	cmp	r2, #0
20000920:	d175      	bne.n	20000a0e <dcd_rp2040_irq+0x4fe>
20000922:	4b46      	ldr	r3, [pc, #280]	@ (20000a3c <dcd_rp2040_irq+0x52c>)
20000924:	5ce3      	ldrb	r3, [r4, r3]
20000926:	2b02      	cmp	r3, #2
20000928:	d000      	beq.n	2000092c <dcd_rp2040_irq+0x41c>
2000092a:	e662      	b.n	200005f2 <dcd_rp2040_irq+0xe2>
2000092c:	4b44      	ldr	r3, [pc, #272]	@ (20000a40 <dcd_rp2040_irq+0x530>)
2000092e:	5ce3      	ldrb	r3, [r4, r3]
20000930:	2b00      	cmp	r3, #0
20000932:	d100      	bne.n	20000936 <dcd_rp2040_irq+0x426>
20000934:	e65d      	b.n	200005f2 <dcd_rp2040_irq+0xe2>
20000936:	e7d2      	b.n	200008de <dcd_rp2040_irq+0x3ce>
20000938:	2200      	movs	r2, #0
2000093a:	54e2      	strb	r2, [r4, r3]
2000093c:	3b1c      	subs	r3, #28
2000093e:	18e0      	adds	r0, r4, r3
20000940:	f000 f9a4 	bl	20000c8c <hw_endpoint_start_next_buffer>
20000944:	003e      	movs	r6, r7
20000946:	e63a      	b.n	200005be <dcd_rp2040_irq+0xae>
20000948:	0020      	movs	r0, r4
2000094a:	2200      	movs	r2, #0
2000094c:	30a0      	adds	r0, #160	@ 0xa0
2000094e:	54e2      	strb	r2, [r4, r3]
20000950:	003e      	movs	r6, r7
20000952:	f000 f99b 	bl	20000c8c <hw_endpoint_start_next_buffer>
20000956:	e5fc      	b.n	20000552 <dcd_rp2040_irq+0x42>
20000958:	0020      	movs	r0, r4
2000095a:	2200      	movs	r2, #0
2000095c:	3060      	adds	r0, #96	@ 0x60
2000095e:	54e2      	strb	r2, [r4, r3]
20000960:	003e      	movs	r6, r7
20000962:	f000 f993 	bl	20000c8c <hw_endpoint_start_next_buffer>
20000966:	e5ef      	b.n	20000548 <dcd_rp2040_irq+0x38>
20000968:	2200      	movs	r2, #0
2000096a:	54e2      	strb	r2, [r4, r3]
2000096c:	3b1c      	subs	r3, #28
2000096e:	18e0      	adds	r0, r4, r3
20000970:	f000 f98c 	bl	20000c8c <hw_endpoint_start_next_buffer>
20000974:	003e      	movs	r6, r7
20000976:	e618      	b.n	200005aa <dcd_rp2040_irq+0x9a>
20000978:	2200      	movs	r2, #0
2000097a:	54e2      	strb	r2, [r4, r3]
2000097c:	3b1c      	subs	r3, #28
2000097e:	18e0      	adds	r0, r4, r3
20000980:	f000 f984 	bl	20000c8c <hw_endpoint_start_next_buffer>
20000984:	003e      	movs	r6, r7
20000986:	e606      	b.n	20000596 <dcd_rp2040_irq+0x86>
20000988:	2200      	movs	r2, #0
2000098a:	54e2      	strb	r2, [r4, r3]
2000098c:	3b1c      	subs	r3, #28
2000098e:	18e0      	adds	r0, r4, r3
20000990:	f000 f97c 	bl	20000c8c <hw_endpoint_start_next_buffer>
20000994:	003e      	movs	r6, r7
20000996:	e60d      	b.n	200005b4 <dcd_rp2040_irq+0xa4>
20000998:	0020      	movs	r0, r4
2000099a:	2200      	movs	r2, #0
2000099c:	30a1      	adds	r0, #161	@ 0xa1
2000099e:	30ff      	adds	r0, #255	@ 0xff
200009a0:	54e2      	strb	r2, [r4, r3]
200009a2:	003e      	movs	r6, r7
200009a4:	f000 f972 	bl	20000c8c <hw_endpoint_start_next_buffer>
200009a8:	e5ea      	b.n	20000580 <dcd_rp2040_irq+0x70>
200009aa:	0020      	movs	r0, r4
200009ac:	2200      	movs	r2, #0
200009ae:	3021      	adds	r0, #33	@ 0x21
200009b0:	30ff      	adds	r0, #255	@ 0xff
200009b2:	54e2      	strb	r2, [r4, r3]
200009b4:	003e      	movs	r6, r7
200009b6:	f000 f969 	bl	20000c8c <hw_endpoint_start_next_buffer>
200009ba:	e5d5      	b.n	20000568 <dcd_rp2040_irq+0x58>
200009bc:	2200      	movs	r2, #0
200009be:	54e2      	strb	r2, [r4, r3]
200009c0:	3b1c      	subs	r3, #28
200009c2:	18e0      	adds	r0, r4, r3
200009c4:	f000 f962 	bl	20000c8c <hw_endpoint_start_next_buffer>
200009c8:	003e      	movs	r6, r7
200009ca:	e5e9      	b.n	200005a0 <dcd_rp2040_irq+0x90>
200009cc:	0020      	movs	r0, r4
200009ce:	2200      	movs	r2, #0
200009d0:	3061      	adds	r0, #97	@ 0x61
200009d2:	30ff      	adds	r0, #255	@ 0xff
200009d4:	54e2      	strb	r2, [r4, r3]
200009d6:	003e      	movs	r6, r7
200009d8:	f000 f958 	bl	20000c8c <hw_endpoint_start_next_buffer>
200009dc:	e5ca      	b.n	20000574 <dcd_rp2040_irq+0x64>
200009de:	0020      	movs	r0, r4
200009e0:	2200      	movs	r2, #0
200009e2:	30e1      	adds	r0, #225	@ 0xe1
200009e4:	30ff      	adds	r0, #255	@ 0xff
200009e6:	54e2      	strb	r2, [r4, r3]
200009e8:	003e      	movs	r6, r7
200009ea:	f000 f94f 	bl	20000c8c <hw_endpoint_start_next_buffer>
200009ee:	e5cd      	b.n	2000058c <dcd_rp2040_irq+0x7c>
200009f0:	0020      	movs	r0, r4
200009f2:	2200      	movs	r2, #0
200009f4:	30e0      	adds	r0, #224	@ 0xe0
200009f6:	54e2      	strb	r2, [r4, r3]
200009f8:	003e      	movs	r6, r7
200009fa:	f000 f947 	bl	20000c8c <hw_endpoint_start_next_buffer>
200009fe:	e5ad      	b.n	2000055c <dcd_rp2040_irq+0x4c>
20000a00:	2200      	movs	r2, #0
20000a02:	54e2      	strb	r2, [r4, r3]
20000a04:	3b1c      	subs	r3, #28
20000a06:	18e0      	adds	r0, r4, r3
20000a08:	f000 f940 	bl	20000c8c <hw_endpoint_start_next_buffer>
20000a0c:	e754      	b.n	200008b8 <dcd_rp2040_irq+0x3a8>
20000a0e:	2200      	movs	r2, #0
20000a10:	54e2      	strb	r2, [r4, r3]
20000a12:	3b1c      	subs	r3, #28
20000a14:	18e0      	adds	r0, r4, r3
20000a16:	f000 f939 	bl	20000c8c <hw_endpoint_start_next_buffer>
20000a1a:	e782      	b.n	20000922 <dcd_rp2040_irq+0x412>
20000a1c:	0031      	movs	r1, r6
20000a1e:	480a      	ldr	r0, [pc, #40]	@ (20000a48 <dcd_rp2040_irq+0x538>)
20000a20:	4069      	eors	r1, r5
20000a22:	f000 fa75 	bl	20000f10 <__panic_veneer>
20000a26:	46c0      	nop			@ (mov r8, r8)
20000a28:	0000023a 	.word	0x0000023a
20000a2c:	000002ba 	.word	0x000002ba
20000a30:	0000037a 	.word	0x0000037a
20000a34:	000003bb 	.word	0x000003bb
20000a38:	000003ba 	.word	0x000003ba
20000a3c:	000003fb 	.word	0x000003fb
20000a40:	000003fa 	.word	0x000003fa
20000a44:	0000033a 	.word	0x0000033a
20000a48:	100079ac 	.word	0x100079ac

20000a4c <prepare_ep_buffer>:
20000a4c:	b5f0      	push	{r4, r5, r6, r7, lr}
20000a4e:	468c      	mov	ip, r1
20000a50:	8a83      	ldrh	r3, [r0, #20]
20000a52:	8b01      	ldrh	r1, [r0, #24]
20000a54:	0002      	movs	r2, r0
20000a56:	b083      	sub	sp, #12
20000a58:	1c0e      	adds	r6, r1, #0
20000a5a:	4299      	cmp	r1, r3
20000a5c:	d900      	bls.n	20000a60 <prepare_ep_buffer+0x14>
20000a5e:	1c1e      	adds	r6, r3, #0
20000a60:	b2b6      	uxth	r6, r6
20000a62:	1b9b      	subs	r3, r3, r6
20000a64:	b29c      	uxth	r4, r3
20000a66:	78d3      	ldrb	r3, [r2, #3]
20000a68:	2180      	movs	r1, #128	@ 0x80
20000a6a:	0018      	movs	r0, r3
20000a6c:	1e45      	subs	r5, r0, #1
20000a6e:	41a8      	sbcs	r0, r5
20000a70:	00c9      	lsls	r1, r1, #3
20000a72:	4331      	orrs	r1, r6
20000a74:	0340      	lsls	r0, r0, #13
20000a76:	4308      	orrs	r0, r1
20000a78:	2101      	movs	r1, #1
20000a7a:	404b      	eors	r3, r1
20000a7c:	70d3      	strb	r3, [r2, #3]
20000a7e:	7853      	ldrb	r3, [r2, #1]
20000a80:	8294      	strh	r4, [r2, #20]
20000a82:	2b00      	cmp	r3, #0
20000a84:	d132      	bne.n	20000aec <prepare_ep_buffer+0xa0>
20000a86:	6911      	ldr	r1, [r2, #16]
20000a88:	2e00      	cmp	r6, #0
20000a8a:	d02a      	beq.n	20000ae2 <prepare_ep_buffer+0x96>
20000a8c:	4663      	mov	r3, ip
20000a8e:	68d4      	ldr	r4, [r2, #12]
20000a90:	019b      	lsls	r3, r3, #6
20000a92:	18e4      	adds	r4, r4, r3
20000a94:	1e73      	subs	r3, r6, #1
20000a96:	9301      	str	r3, [sp, #4]
20000a98:	2b06      	cmp	r3, #6
20000a9a:	d932      	bls.n	20000b02 <prepare_ep_buffer+0xb6>
20000a9c:	0023      	movs	r3, r4
20000a9e:	430b      	orrs	r3, r1
20000aa0:	079b      	lsls	r3, r3, #30
20000aa2:	d12e      	bne.n	20000b02 <prepare_ep_buffer+0xb6>
20000aa4:	1a63      	subs	r3, r4, r1
20000aa6:	3b01      	subs	r3, #1
20000aa8:	2b02      	cmp	r3, #2
20000aaa:	d92a      	bls.n	20000b02 <prepare_ep_buffer+0xb6>
20000aac:	2300      	movs	r3, #0
20000aae:	08b7      	lsrs	r7, r6, #2
20000ab0:	00bf      	lsls	r7, r7, #2
20000ab2:	58cd      	ldr	r5, [r1, r3]
20000ab4:	50e5      	str	r5, [r4, r3]
20000ab6:	3304      	adds	r3, #4
20000ab8:	42bb      	cmp	r3, r7
20000aba:	d1fa      	bne.n	20000ab2 <prepare_ep_buffer+0x66>
20000abc:	429e      	cmp	r6, r3
20000abe:	d00e      	beq.n	20000ade <prepare_ep_buffer+0x92>
20000ac0:	9d01      	ldr	r5, [sp, #4]
20000ac2:	18e4      	adds	r4, r4, r3
20000ac4:	1aef      	subs	r7, r5, r3
20000ac6:	18cd      	adds	r5, r1, r3
20000ac8:	5cc9      	ldrb	r1, [r1, r3]
20000aca:	7021      	strb	r1, [r4, #0]
20000acc:	9901      	ldr	r1, [sp, #4]
20000ace:	4299      	cmp	r1, r3
20000ad0:	d005      	beq.n	20000ade <prepare_ep_buffer+0x92>
20000ad2:	786b      	ldrb	r3, [r5, #1]
20000ad4:	7063      	strb	r3, [r4, #1]
20000ad6:	2f01      	cmp	r7, #1
20000ad8:	d001      	beq.n	20000ade <prepare_ep_buffer+0x92>
20000ada:	78ab      	ldrb	r3, [r5, #2]
20000adc:	70a3      	strb	r3, [r4, #2]
20000ade:	6911      	ldr	r1, [r2, #16]
20000ae0:	8a94      	ldrh	r4, [r2, #20]
20000ae2:	2380      	movs	r3, #128	@ 0x80
20000ae4:	1989      	adds	r1, r1, r6
20000ae6:	021b      	lsls	r3, r3, #8
20000ae8:	6111      	str	r1, [r2, #16]
20000aea:	4318      	orrs	r0, r3
20000aec:	2c00      	cmp	r4, #0
20000aee:	d102      	bne.n	20000af6 <prepare_ep_buffer+0xaa>
20000af0:	2380      	movs	r3, #128	@ 0x80
20000af2:	01db      	lsls	r3, r3, #7
20000af4:	4318      	orrs	r0, r3
20000af6:	4663      	mov	r3, ip
20000af8:	2b00      	cmp	r3, #0
20000afa:	d000      	beq.n	20000afe <prepare_ep_buffer+0xb2>
20000afc:	0400      	lsls	r0, r0, #16
20000afe:	b003      	add	sp, #12
20000b00:	bdf0      	pop	{r4, r5, r6, r7, pc}
20000b02:	2300      	movs	r3, #0
20000b04:	5ccd      	ldrb	r5, [r1, r3]
20000b06:	54e5      	strb	r5, [r4, r3]
20000b08:	3301      	adds	r3, #1
20000b0a:	429e      	cmp	r6, r3
20000b0c:	d1fa      	bne.n	20000b04 <prepare_ep_buffer+0xb8>
20000b0e:	e7e6      	b.n	20000ade <prepare_ep_buffer+0x92>

20000b10 <sync_ep_buffer>:
20000b10:	6883      	ldr	r3, [r0, #8]
20000b12:	b5f0      	push	{r4, r5, r6, r7, lr}
20000b14:	681a      	ldr	r2, [r3, #0]
20000b16:	2900      	cmp	r1, #0
20000b18:	d000      	beq.n	20000b1c <sync_ep_buffer+0xc>
20000b1a:	0c12      	lsrs	r2, r2, #16
20000b1c:	7843      	ldrb	r3, [r0, #1]
20000b1e:	0592      	lsls	r2, r2, #22
20000b20:	0d95      	lsrs	r5, r2, #22
20000b22:	2b00      	cmp	r3, #0
20000b24:	d109      	bne.n	20000b3a <sync_ep_buffer+0x2a>
20000b26:	8ac3      	ldrh	r3, [r0, #22]
20000b28:	18eb      	adds	r3, r5, r3
20000b2a:	82c3      	strh	r3, [r0, #22]
20000b2c:	8b03      	ldrh	r3, [r0, #24]
20000b2e:	42ab      	cmp	r3, r5
20000b30:	d901      	bls.n	20000b36 <sync_ep_buffer+0x26>
20000b32:	2300      	movs	r3, #0
20000b34:	8283      	strh	r3, [r0, #20]
20000b36:	0028      	movs	r0, r5
20000b38:	bdf0      	pop	{r4, r5, r6, r7, pc}
20000b3a:	6904      	ldr	r4, [r0, #16]
20000b3c:	2d00      	cmp	r5, #0
20000b3e:	d028      	beq.n	20000b92 <sync_ep_buffer+0x82>
20000b40:	68c3      	ldr	r3, [r0, #12]
20000b42:	0189      	lsls	r1, r1, #6
20000b44:	1e6f      	subs	r7, r5, #1
20000b46:	46bc      	mov	ip, r7
20000b48:	185e      	adds	r6, r3, r1
20000b4a:	2f06      	cmp	r7, #6
20000b4c:	d927      	bls.n	20000b9e <sync_ep_buffer+0x8e>
20000b4e:	3101      	adds	r1, #1
20000b50:	185b      	adds	r3, r3, r1
20000b52:	1ae3      	subs	r3, r4, r3
20000b54:	2b02      	cmp	r3, #2
20000b56:	d922      	bls.n	20000b9e <sync_ep_buffer+0x8e>
20000b58:	0023      	movs	r3, r4
20000b5a:	4333      	orrs	r3, r6
20000b5c:	079b      	lsls	r3, r3, #30
20000b5e:	d11e      	bne.n	20000b9e <sync_ep_buffer+0x8e>
20000b60:	2300      	movs	r3, #0
20000b62:	0e12      	lsrs	r2, r2, #24
20000b64:	0092      	lsls	r2, r2, #2
20000b66:	58f1      	ldr	r1, [r6, r3]
20000b68:	50e1      	str	r1, [r4, r3]
20000b6a:	3304      	adds	r3, #4
20000b6c:	429a      	cmp	r2, r3
20000b6e:	d1fa      	bne.n	20000b66 <sync_ep_buffer+0x56>
20000b70:	4295      	cmp	r5, r2
20000b72:	d00d      	beq.n	20000b90 <sync_ep_buffer+0x80>
20000b74:	4663      	mov	r3, ip
20000b76:	1a9f      	subs	r7, r3, r2
20000b78:	18a3      	adds	r3, r4, r2
20000b7a:	5cb4      	ldrb	r4, [r6, r2]
20000b7c:	18b1      	adds	r1, r6, r2
20000b7e:	701c      	strb	r4, [r3, #0]
20000b80:	4594      	cmp	ip, r2
20000b82:	d005      	beq.n	20000b90 <sync_ep_buffer+0x80>
20000b84:	784a      	ldrb	r2, [r1, #1]
20000b86:	705a      	strb	r2, [r3, #1]
20000b88:	2f01      	cmp	r7, #1
20000b8a:	d001      	beq.n	20000b90 <sync_ep_buffer+0x80>
20000b8c:	788a      	ldrb	r2, [r1, #2]
20000b8e:	709a      	strb	r2, [r3, #2]
20000b90:	6904      	ldr	r4, [r0, #16]
20000b92:	8ac3      	ldrh	r3, [r0, #22]
20000b94:	1964      	adds	r4, r4, r5
20000b96:	18eb      	adds	r3, r5, r3
20000b98:	82c3      	strh	r3, [r0, #22]
20000b9a:	6104      	str	r4, [r0, #16]
20000b9c:	e7c6      	b.n	20000b2c <sync_ep_buffer+0x1c>
20000b9e:	2200      	movs	r2, #0
20000ba0:	5cb3      	ldrb	r3, [r6, r2]
20000ba2:	54a3      	strb	r3, [r4, r2]
20000ba4:	3201      	adds	r2, #1
20000ba6:	4295      	cmp	r5, r2
20000ba8:	d1fa      	bne.n	20000ba0 <sync_ep_buffer+0x90>
20000baa:	6904      	ldr	r4, [r0, #16]
20000bac:	e7f1      	b.n	20000b92 <sync_ep_buffer+0x82>
20000bae:	46c0      	nop			@ (mov r8, r8)

20000bb0 <_hw_endpoint_xfer_sync>:
20000bb0:	b510      	push	{r4, lr}
20000bb2:	0004      	movs	r4, r0
20000bb4:	6883      	ldr	r3, [r0, #8]
20000bb6:	2100      	movs	r1, #0
20000bb8:	681b      	ldr	r3, [r3, #0]
20000bba:	f7ff ffa9 	bl	20000b10 <sync_ep_buffer>
20000bbe:	6863      	ldr	r3, [r4, #4]
20000bc0:	681b      	ldr	r3, [r3, #0]
20000bc2:	005b      	lsls	r3, r3, #1
20000bc4:	d502      	bpl.n	20000bcc <_hw_endpoint_xfer_sync+0x1c>
20000bc6:	8b23      	ldrh	r3, [r4, #24]
20000bc8:	4283      	cmp	r3, r0
20000bca:	d000      	beq.n	20000bce <_hw_endpoint_xfer_sync+0x1e>
20000bcc:	bd10      	pop	{r4, pc}
20000bce:	2101      	movs	r1, #1
20000bd0:	0020      	movs	r0, r4
20000bd2:	f7ff ff9d 	bl	20000b10 <sync_ep_buffer>
20000bd6:	e7f9      	b.n	20000bcc <_hw_endpoint_xfer_sync+0x1c>

20000bd8 <e15_is_bulkin_ep>:
20000bd8:	4b08      	ldr	r3, [pc, #32]	@ (20000bfc <e15_is_bulkin_ep+0x24>)
20000bda:	6c1a      	ldr	r2, [r3, #64]	@ 0x40
20000bdc:	2300      	movs	r3, #0
20000bde:	0792      	lsls	r2, r2, #30
20000be0:	d403      	bmi.n	20000bea <e15_is_bulkin_ep+0x12>
20000be2:	7882      	ldrb	r2, [r0, #2]
20000be4:	09d2      	lsrs	r2, r2, #7
20000be6:	2a01      	cmp	r2, #1
20000be8:	d001      	beq.n	20000bee <e15_is_bulkin_ep+0x16>
20000bea:	0018      	movs	r0, r3
20000bec:	4770      	bx	lr
20000bee:	7ec3      	ldrb	r3, [r0, #27]
20000bf0:	3b02      	subs	r3, #2
20000bf2:	425a      	negs	r2, r3
20000bf4:	4153      	adcs	r3, r2
20000bf6:	b2db      	uxtb	r3, r3
20000bf8:	e7f7      	b.n	20000bea <e15_is_bulkin_ep+0x12>
20000bfa:	46c0      	nop			@ (mov r8, r8)
20000bfc:	50110000 	.word	0x50110000

20000c00 <e15_is_critical_frame_period>:
20000c00:	b510      	push	{r4, lr}
20000c02:	f7ff ffe9 	bl	20000bd8 <e15_is_bulkin_ep>
20000c06:	2800      	cmp	r0, #0
20000c08:	d00a      	beq.n	20000c20 <e15_is_critical_frame_period+0x20>
20000c0a:	4b06      	ldr	r3, [pc, #24]	@ (20000c24 <e15_is_critical_frame_period+0x24>)
20000c0c:	4a06      	ldr	r2, [pc, #24]	@ (20000c28 <e15_is_critical_frame_period+0x28>)
20000c0e:	6a9b      	ldr	r3, [r3, #40]	@ 0x28
20000c10:	4906      	ldr	r1, [pc, #24]	@ (20000c2c <e15_is_critical_frame_period+0x2c>)
20000c12:	6812      	ldr	r2, [r2, #0]
20000c14:	185b      	adds	r3, r3, r1
20000c16:	1a9b      	subs	r3, r3, r2
20000c18:	2000      	movs	r0, #0
20000c1a:	22c6      	movs	r2, #198	@ 0xc6
20000c1c:	429a      	cmp	r2, r3
20000c1e:	4140      	adcs	r0, r0
20000c20:	bd10      	pop	{r4, pc}
20000c22:	46c0      	nop			@ (mov r8, r8)
20000c24:	40054000 	.word	0x40054000
20000c28:	20001a5c 	.word	0x20001a5c
20000c2c:	fffffce0 	.word	0xfffffce0

20000c30 <hw_endpoint_reset_transfer>:
20000c30:	2300      	movs	r3, #0
20000c32:	7683      	strb	r3, [r0, #26]
20000c34:	6143      	str	r3, [r0, #20]
20000c36:	6103      	str	r3, [r0, #16]
20000c38:	4770      	bx	lr
20000c3a:	46c0      	nop			@ (mov r8, r8)

20000c3c <_hw_endpoint_buffer_control_update32>:
20000c3c:	b510      	push	{r4, lr}
20000c3e:	6883      	ldr	r3, [r0, #8]
20000c40:	2900      	cmp	r1, #0
20000c42:	d001      	beq.n	20000c48 <_hw_endpoint_buffer_control_update32+0xc>
20000c44:	681c      	ldr	r4, [r3, #0]
20000c46:	4021      	ands	r1, r4
20000c48:	2a00      	cmp	r2, #0
20000c4a:	d012      	beq.n	20000c72 <_hw_endpoint_buffer_control_update32+0x36>
20000c4c:	2480      	movs	r4, #128	@ 0x80
20000c4e:	00e4      	lsls	r4, r4, #3
20000c50:	4311      	orrs	r1, r2
20000c52:	4222      	tst	r2, r4
20000c54:	d00d      	beq.n	20000c72 <_hw_endpoint_buffer_control_update32+0x36>
20000c56:	681a      	ldr	r2, [r3, #0]
20000c58:	4222      	tst	r2, r4
20000c5a:	d10c      	bne.n	20000c76 <_hw_endpoint_buffer_control_update32+0x3a>
20000c5c:	4a08      	ldr	r2, [pc, #32]	@ (20000c80 <_hw_endpoint_buffer_control_update32+0x44>)
20000c5e:	400a      	ands	r2, r1
20000c60:	601a      	str	r2, [r3, #0]
20000c62:	4a08      	ldr	r2, [pc, #32]	@ (20000c84 <_hw_endpoint_buffer_control_update32+0x48>)
20000c64:	6c12      	ldr	r2, [r2, #64]	@ 0x40
20000c66:	0792      	lsls	r2, r2, #30
20000c68:	d403      	bmi.n	20000c72 <_hw_endpoint_buffer_control_update32+0x36>
20000c6a:	230c      	movs	r3, #12
20000c6c:	3b03      	subs	r3, #3
20000c6e:	d2fd      	bcs.n	20000c6c <_hw_endpoint_buffer_control_update32+0x30>
20000c70:	6883      	ldr	r3, [r0, #8]
20000c72:	6019      	str	r1, [r3, #0]
20000c74:	bd10      	pop	{r4, pc}
20000c76:	7881      	ldrb	r1, [r0, #2]
20000c78:	4803      	ldr	r0, [pc, #12]	@ (20000c88 <_hw_endpoint_buffer_control_update32+0x4c>)
20000c7a:	f000 f949 	bl	20000f10 <__panic_veneer>
20000c7e:	46c0      	nop			@ (mov r8, r8)
20000c80:	fffffbff 	.word	0xfffffbff
20000c84:	50110000 	.word	0x50110000
20000c88:	100079c0 	.word	0x100079c0

20000c8c <hw_endpoint_start_next_buffer>:
20000c8c:	6843      	ldr	r3, [r0, #4]
20000c8e:	b570      	push	{r4, r5, r6, lr}
20000c90:	2100      	movs	r1, #0
20000c92:	2580      	movs	r5, #128	@ 0x80
20000c94:	0004      	movs	r4, r0
20000c96:	681e      	ldr	r6, [r3, #0]
20000c98:	f7ff fed8 	bl	20000a4c <prepare_ep_buffer>
20000c9c:	4b12      	ldr	r3, [pc, #72]	@ (20000ce8 <hw_endpoint_start_next_buffer+0x5c>)
20000c9e:	016d      	lsls	r5, r5, #5
20000ca0:	6c1a      	ldr	r2, [r3, #64]	@ 0x40
20000ca2:	4305      	orrs	r5, r0
20000ca4:	78a3      	ldrb	r3, [r4, #2]
20000ca6:	0792      	lsls	r2, r2, #30
20000ca8:	d50e      	bpl.n	20000cc8 <hw_endpoint_start_next_buffer+0x3c>
20000caa:	065b      	lsls	r3, r3, #25
20000cac:	d00e      	beq.n	20000ccc <hw_endpoint_start_next_buffer+0x40>
20000cae:	4b0f      	ldr	r3, [pc, #60]	@ (20000cec <hw_endpoint_start_next_buffer+0x60>)
20000cb0:	401e      	ands	r6, r3
20000cb2:	2380      	movs	r3, #128	@ 0x80
20000cb4:	059b      	lsls	r3, r3, #22
20000cb6:	4333      	orrs	r3, r6
20000cb8:	6862      	ldr	r2, [r4, #4]
20000cba:	2100      	movs	r1, #0
20000cbc:	6013      	str	r3, [r2, #0]
20000cbe:	0020      	movs	r0, r4
20000cc0:	002a      	movs	r2, r5
20000cc2:	f7ff ffbb 	bl	20000c3c <_hw_endpoint_buffer_control_update32>
20000cc6:	bd70      	pop	{r4, r5, r6, pc}
20000cc8:	09db      	lsrs	r3, r3, #7
20000cca:	d0f0      	beq.n	20000cae <hw_endpoint_start_next_buffer+0x22>
20000ccc:	8aa3      	ldrh	r3, [r4, #20]
20000cce:	2b00      	cmp	r3, #0
20000cd0:	d0ed      	beq.n	20000cae <hw_endpoint_start_next_buffer+0x22>
20000cd2:	2101      	movs	r1, #1
20000cd4:	0020      	movs	r0, r4
20000cd6:	f7ff feb9 	bl	20000a4c <prepare_ep_buffer>
20000cda:	23a0      	movs	r3, #160	@ 0xa0
20000cdc:	4a04      	ldr	r2, [pc, #16]	@ (20000cf0 <hw_endpoint_start_next_buffer+0x64>)
20000cde:	05db      	lsls	r3, r3, #23
20000ce0:	4032      	ands	r2, r6
20000ce2:	4305      	orrs	r5, r0
20000ce4:	4313      	orrs	r3, r2
20000ce6:	e7e7      	b.n	20000cb8 <hw_endpoint_start_next_buffer+0x2c>
20000ce8:	50110000 	.word	0x50110000
20000cec:	afffffff 	.word	0xafffffff
20000cf0:	dfffffff 	.word	0xdfffffff

20000cf4 <hw_endpoint_xfer_continue>:
20000cf4:	b570      	push	{r4, r5, r6, lr}
20000cf6:	7e85      	ldrb	r5, [r0, #26]
20000cf8:	0004      	movs	r4, r0
20000cfa:	2d00      	cmp	r5, #0
20000cfc:	d014      	beq.n	20000d28 <hw_endpoint_xfer_continue+0x34>
20000cfe:	f7ff ff57 	bl	20000bb0 <_hw_endpoint_xfer_sync>
20000d02:	8aa3      	ldrh	r3, [r4, #20]
20000d04:	2b00      	cmp	r3, #0
20000d06:	d101      	bne.n	20000d0c <hw_endpoint_xfer_continue+0x18>
20000d08:	0028      	movs	r0, r5
20000d0a:	bd70      	pop	{r4, r5, r6, pc}
20000d0c:	0020      	movs	r0, r4
20000d0e:	f7ff ff77 	bl	20000c00 <e15_is_critical_frame_period>
20000d12:	2800      	cmp	r0, #0
20000d14:	d003      	beq.n	20000d1e <hw_endpoint_xfer_continue+0x2a>
20000d16:	2301      	movs	r3, #1
20000d18:	2500      	movs	r5, #0
20000d1a:	7723      	strb	r3, [r4, #28]
20000d1c:	e7f4      	b.n	20000d08 <hw_endpoint_xfer_continue+0x14>
20000d1e:	0020      	movs	r0, r4
20000d20:	f7ff ffb4 	bl	20000c8c <hw_endpoint_start_next_buffer>
20000d24:	2500      	movs	r5, #0
20000d26:	e7ef      	b.n	20000d08 <hw_endpoint_xfer_continue+0x14>
20000d28:	7881      	ldrb	r1, [r0, #2]
20000d2a:	4801      	ldr	r0, [pc, #4]	@ (20000d30 <hw_endpoint_xfer_continue+0x3c>)
20000d2c:	f000 f8f0 	bl	20000f10 <__panic_veneer>
20000d30:	100079e0 	.word	0x100079e0

20000d34 <dcd_event_handler>:
20000d34:	b5f0      	push	{r4, r5, r6, r7, lr}
20000d36:	4647      	mov	r7, r8
20000d38:	46ce      	mov	lr, r9
20000d3a:	b580      	push	{r7, lr}
20000d3c:	7843      	ldrb	r3, [r0, #1]
20000d3e:	0005      	movs	r5, r0
20000d40:	000f      	movs	r7, r1
20000d42:	b085      	sub	sp, #20
20000d44:	2b06      	cmp	r3, #6
20000d46:	d807      	bhi.n	20000d58 <dcd_event_handler+0x24>
20000d48:	4a68      	ldr	r2, [pc, #416]	@ (20000eec <dcd_event_handler+0x1b8>)
20000d4a:	009b      	lsls	r3, r3, #2
20000d4c:	58d3      	ldr	r3, [r2, r3]
20000d4e:	469f      	mov	pc, r3
20000d50:	4a67      	ldr	r2, [pc, #412]	@ (20000ef0 <dcd_event_handler+0x1bc>)
20000d52:	7813      	ldrb	r3, [r2, #0]
20000d54:	3301      	adds	r3, #1
20000d56:	7013      	strb	r3, [r2, #0]
20000d58:	4b66      	ldr	r3, [pc, #408]	@ (20000ef4 <dcd_event_handler+0x1c0>)
20000d5a:	681c      	ldr	r4, [r3, #0]
20000d5c:	6962      	ldr	r2, [r4, #20]
20000d5e:	f3ef 8110 	mrs	r1, PRIMASK
20000d62:	b672      	cpsid	i
20000d64:	6813      	ldr	r3, [r2, #0]
20000d66:	2b00      	cmp	r3, #0
20000d68:	d0fc      	beq.n	20000d64 <dcd_event_handler+0x30>
20000d6a:	f3bf 8f5f 	dmb	sy
20000d6e:	61a1      	str	r1, [r4, #24]
20000d70:	0020      	movs	r0, r4
20000d72:	0029      	movs	r1, r5
20000d74:	f000 f8e4 	bl	20000f40 <__tu_fifo_write_veneer>
20000d78:	6962      	ldr	r2, [r4, #20]
20000d7a:	69a3      	ldr	r3, [r4, #24]
20000d7c:	f3bf 8f5f 	dmb	sy
20000d80:	2100      	movs	r1, #0
20000d82:	6011      	str	r1, [r2, #0]
20000d84:	f383 8810 	msr	PRIMASK, r3
20000d88:	2800      	cmp	r0, #0
20000d8a:	d104      	bne.n	20000d96 <dcd_event_handler+0x62>
20000d8c:	b005      	add	sp, #20
20000d8e:	bcc0      	pop	{r6, r7}
20000d90:	46b9      	mov	r9, r7
20000d92:	46b0      	mov	r8, r6
20000d94:	bdf0      	pop	{r4, r5, r6, r7, pc}
20000d96:	003a      	movs	r2, r7
20000d98:	7869      	ldrb	r1, [r5, #1]
20000d9a:	7828      	ldrb	r0, [r5, #0]
20000d9c:	f000 f8c0 	bl	20000f20 <__tud_event_hook_cb_veneer>
20000da0:	e7f4      	b.n	20000d8c <dcd_event_handler+0x58>
20000da2:	2101      	movs	r1, #1
20000da4:	4b54      	ldr	r3, [pc, #336]	@ (20000ef8 <dcd_event_handler+0x1c4>)
20000da6:	781a      	ldrb	r2, [r3, #0]
20000da8:	438a      	bics	r2, r1
20000daa:	701a      	strb	r2, [r3, #0]
20000dac:	781a      	ldrb	r2, [r3, #0]
20000dae:	3101      	adds	r1, #1
20000db0:	438a      	bics	r2, r1
20000db2:	701a      	strb	r2, [r3, #0]
20000db4:	2200      	movs	r2, #0
20000db6:	705a      	strb	r2, [r3, #1]
20000db8:	781a      	ldrb	r2, [r3, #0]
20000dba:	3102      	adds	r1, #2
20000dbc:	438a      	bics	r2, r1
20000dbe:	701a      	strb	r2, [r3, #0]
20000dc0:	e7ca      	b.n	20000d58 <dcd_event_handler+0x24>
20000dc2:	4b4e      	ldr	r3, [pc, #312]	@ (20000efc <dcd_event_handler+0x1c8>)
20000dc4:	2400      	movs	r4, #0
20000dc6:	001e      	movs	r6, r3
20000dc8:	781a      	ldrb	r2, [r3, #0]
20000dca:	4b4d      	ldr	r3, [pc, #308]	@ (20000f00 <dcd_event_handler+0x1cc>)
20000dcc:	4698      	mov	r8, r3
20000dce:	4b4d      	ldr	r3, [pc, #308]	@ (20000f04 <dcd_event_handler+0x1d0>)
20000dd0:	4699      	mov	r9, r3
20000dd2:	e010      	b.n	20000df6 <dcd_event_handler+0xc2>
20000dd4:	464b      	mov	r3, r9
20000dd6:	681b      	ldr	r3, [r3, #0]
20000dd8:	0161      	lsls	r1, r4, #5
20000dda:	185b      	adds	r3, r3, r1
20000ddc:	2b00      	cmp	r3, #0
20000dde:	d006      	beq.n	20000dee <dcd_event_handler+0xba>
20000de0:	69db      	ldr	r3, [r3, #28]
20000de2:	2b00      	cmp	r3, #0
20000de4:	d003      	beq.n	20000dee <dcd_event_handler+0xba>
20000de6:	6869      	ldr	r1, [r5, #4]
20000de8:	7828      	ldrb	r0, [r5, #0]
20000dea:	4798      	blx	r3
20000dec:	7832      	ldrb	r2, [r6, #0]
20000dee:	3401      	adds	r4, #1
20000df0:	b2e4      	uxtb	r4, r4
20000df2:	4294      	cmp	r4, r2
20000df4:	d817      	bhi.n	20000e26 <dcd_event_handler+0xf2>
20000df6:	42a2      	cmp	r2, r4
20000df8:	d8ec      	bhi.n	20000dd4 <dcd_event_handler+0xa0>
20000dfa:	1aa3      	subs	r3, r4, r2
20000dfc:	015b      	lsls	r3, r3, #5
20000dfe:	4443      	add	r3, r8
20000e00:	e7ee      	b.n	20000de0 <dcd_event_handler+0xac>
20000e02:	4b3d      	ldr	r3, [pc, #244]	@ (20000ef8 <dcd_event_handler+0x1c4>)
20000e04:	781a      	ldrb	r2, [r3, #0]
20000e06:	07d2      	lsls	r2, r2, #31
20000e08:	d5c0      	bpl.n	20000d8c <dcd_event_handler+0x58>
20000e0a:	2104      	movs	r1, #4
20000e0c:	781a      	ldrb	r2, [r3, #0]
20000e0e:	430a      	orrs	r2, r1
20000e10:	701a      	strb	r2, [r3, #0]
20000e12:	e7a1      	b.n	20000d58 <dcd_event_handler+0x24>
20000e14:	4b38      	ldr	r3, [pc, #224]	@ (20000ef8 <dcd_event_handler+0x1c4>)
20000e16:	781a      	ldrb	r2, [r3, #0]
20000e18:	07d2      	lsls	r2, r2, #31
20000e1a:	d5b7      	bpl.n	20000d8c <dcd_event_handler+0x58>
20000e1c:	2104      	movs	r1, #4
20000e1e:	781a      	ldrb	r2, [r3, #0]
20000e20:	438a      	bics	r2, r1
20000e22:	701a      	strb	r2, [r3, #0]
20000e24:	e798      	b.n	20000d58 <dcd_event_handler+0x24>
20000e26:	4a34      	ldr	r2, [pc, #208]	@ (20000ef8 <dcd_event_handler+0x1c4>)
20000e28:	7813      	ldrb	r3, [r2, #0]
20000e2a:	4690      	mov	r8, r2
20000e2c:	0011      	movs	r1, r2
20000e2e:	075b      	lsls	r3, r3, #29
20000e30:	d528      	bpl.n	20000e84 <dcd_event_handler+0x150>
20000e32:	7813      	ldrb	r3, [r2, #0]
20000e34:	2204      	movs	r2, #4
20000e36:	ac01      	add	r4, sp, #4
20000e38:	4393      	bics	r3, r2
20000e3a:	700b      	strb	r3, [r1, #0]
20000e3c:	0020      	movs	r0, r4
20000e3e:	2100      	movs	r1, #0
20000e40:	3208      	adds	r2, #8
20000e42:	f000 f88d 	bl	20000f60 <____wrap_memset_veneer>
20000e46:	782b      	ldrb	r3, [r5, #0]
20000e48:	7023      	strb	r3, [r4, #0]
20000e4a:	2305      	movs	r3, #5
20000e4c:	7063      	strb	r3, [r4, #1]
20000e4e:	4b29      	ldr	r3, [pc, #164]	@ (20000ef4 <dcd_event_handler+0x1c0>)
20000e50:	681b      	ldr	r3, [r3, #0]
20000e52:	0018      	movs	r0, r3
20000e54:	695a      	ldr	r2, [r3, #20]
20000e56:	f3ef 8110 	mrs	r1, PRIMASK
20000e5a:	b672      	cpsid	i
20000e5c:	6813      	ldr	r3, [r2, #0]
20000e5e:	2b00      	cmp	r3, #0
20000e60:	d0fc      	beq.n	20000e5c <dcd_event_handler+0x128>
20000e62:	f3bf 8f5f 	dmb	sy
20000e66:	0006      	movs	r6, r0
20000e68:	6181      	str	r1, [r0, #24]
20000e6a:	0021      	movs	r1, r4
20000e6c:	f000 f868 	bl	20000f40 <__tu_fifo_write_veneer>
20000e70:	6972      	ldr	r2, [r6, #20]
20000e72:	69b3      	ldr	r3, [r6, #24]
20000e74:	f3bf 8f5f 	dmb	sy
20000e78:	2100      	movs	r1, #0
20000e7a:	6011      	str	r1, [r2, #0]
20000e7c:	f383 8810 	msr	PRIMASK, r3
20000e80:	2800      	cmp	r0, #0
20000e82:	d12c      	bne.n	20000ede <dcd_event_handler+0x1aa>
20000e84:	4643      	mov	r3, r8
20000e86:	78db      	ldrb	r3, [r3, #3]
20000e88:	07db      	lsls	r3, r3, #31
20000e8a:	d400      	bmi.n	20000e8e <dcd_event_handler+0x15a>
20000e8c:	e77e      	b.n	20000d8c <dcd_event_handler+0x58>
20000e8e:	782b      	ldrb	r3, [r5, #0]
20000e90:	ac01      	add	r4, sp, #4
20000e92:	7023      	strb	r3, [r4, #0]
20000e94:	2303      	movs	r3, #3
20000e96:	7063      	strb	r3, [r4, #1]
20000e98:	686b      	ldr	r3, [r5, #4]
20000e9a:	6063      	str	r3, [r4, #4]
20000e9c:	4b15      	ldr	r3, [pc, #84]	@ (20000ef4 <dcd_event_handler+0x1c0>)
20000e9e:	681d      	ldr	r5, [r3, #0]
20000ea0:	696a      	ldr	r2, [r5, #20]
20000ea2:	f3ef 8110 	mrs	r1, PRIMASK
20000ea6:	b672      	cpsid	i
20000ea8:	6813      	ldr	r3, [r2, #0]
20000eaa:	2b00      	cmp	r3, #0
20000eac:	d0fc      	beq.n	20000ea8 <dcd_event_handler+0x174>
20000eae:	f3bf 8f5f 	dmb	sy
20000eb2:	61a9      	str	r1, [r5, #24]
20000eb4:	0028      	movs	r0, r5
20000eb6:	0021      	movs	r1, r4
20000eb8:	f000 f842 	bl	20000f40 <__tu_fifo_write_veneer>
20000ebc:	696a      	ldr	r2, [r5, #20]
20000ebe:	69ab      	ldr	r3, [r5, #24]
20000ec0:	f3bf 8f5f 	dmb	sy
20000ec4:	2100      	movs	r1, #0
20000ec6:	6011      	str	r1, [r2, #0]
20000ec8:	f383 8810 	msr	PRIMASK, r3
20000ecc:	2800      	cmp	r0, #0
20000ece:	d100      	bne.n	20000ed2 <dcd_event_handler+0x19e>
20000ed0:	e75c      	b.n	20000d8c <dcd_event_handler+0x58>
20000ed2:	003a      	movs	r2, r7
20000ed4:	7861      	ldrb	r1, [r4, #1]
20000ed6:	7820      	ldrb	r0, [r4, #0]
20000ed8:	f000 f822 	bl	20000f20 <__tud_event_hook_cb_veneer>
20000edc:	e756      	b.n	20000d8c <dcd_event_handler+0x58>
20000ede:	003a      	movs	r2, r7
20000ee0:	7861      	ldrb	r1, [r4, #1]
20000ee2:	7820      	ldrb	r0, [r4, #0]
20000ee4:	f000 f81c 	bl	20000f20 <__tud_event_hook_cb_veneer>
20000ee8:	e7cc      	b.n	20000e84 <dcd_event_handler+0x150>
20000eea:	46c0      	nop			@ (mov r8, r8)
20000eec:	10007e6c 	.word	0x10007e6c
20000ef0:	20001ec3 	.word	0x20001ec3
20000ef4:	20001628 	.word	0x20001628
20000ef8:	200015d0 	.word	0x200015d0
20000efc:	20001ec1 	.word	0x20001ec1
20000f00:	10007e88 	.word	0x10007e88
20000f04:	200014e8 	.word	0x200014e8

20000f08 <__aeabi_idiv0>:
20000f08:	4770      	bx	lr
20000f0a:	46c0      	nop			@ (mov r8, r8)
20000f0c:	0000      	movs	r0, r0
	...

20000f10 <__panic_veneer>:
20000f10:	b401      	push	{r0}
20000f12:	4802      	ldr	r0, [pc, #8]	@ (20000f1c <__panic_veneer+0xc>)
20000f14:	4684      	mov	ip, r0
20000f16:	bc01      	pop	{r0}
20000f18:	4760      	bx	ip
20000f1a:	bf00      	nop
20000f1c:	1000079d 	.word	0x1000079d

20000f20 <__tud_event_hook_cb_veneer>:
20000f20:	b401      	push	{r0}
20000f22:	4802      	ldr	r0, [pc, #8]	@ (20000f2c <__tud_event_hook_cb_veneer+0xc>)
20000f24:	4684      	mov	ip, r0
20000f26:	bc01      	pop	{r0}
20000f28:	4760      	bx	ip
20000f2a:	bf00      	nop
20000f2c:	100054e5 	.word	0x100054e5

20000f30 <____wrap___aeabi_lmul_veneer>:
20000f30:	b401      	push	{r0}
20000f32:	4802      	ldr	r0, [pc, #8]	@ (20000f3c <____wrap___aeabi_lmul_veneer+0xc>)
20000f34:	4684      	mov	ip, r0
20000f36:	bc01      	pop	{r0}
20000f38:	4760      	bx	ip
20000f3a:	bf00      	nop
20000f3c:	10002bb9 	.word	0x10002bb9

20000f40 <__tu_fifo_write_veneer>:
20000f40:	b401      	push	{r0}
20000f42:	4802      	ldr	r0, [pc, #8]	@ (20000f4c <__tu_fifo_write_veneer+0xc>)
20000f44:	4684      	mov	ip, r0
20000f46:	bc01      	pop	{r0}
20000f48:	4760      	bx	ip
20000f4a:	bf00      	nop
20000f4c:	10006a91 	.word	0x10006a91

20000f50 <__best_effort_wfe_or_timeout_veneer>:
20000f50:	b401      	push	{r0}
20000f52:	4802      	ldr	r0, [pc, #8]	@ (20000f5c <__best_effort_wfe_or_timeout_veneer+0xc>)
20000f54:	4684      	mov	ip, r0
20000f56:	bc01      	pop	{r0}
20000f58:	4760      	bx	ip
20000f5a:	bf00      	nop
20000f5c:	100015e5 	.word	0x100015e5

20000f60 <____wrap_memset_veneer>:
20000f60:	b401      	push	{r0}
20000f62:	4802      	ldr	r0, [pc, #8]	@ (20000f6c <____wrap_memset_veneer+0xc>)
20000f64:	4684      	mov	ip, r0
20000f66:	bc01      	pop	{r0}
20000f68:	4760      	bx	ip
20000f6a:	bf00      	nop
20000f6c:	10002c91 	.word	0x10002c91

20000f70 <__time_us_64_veneer>:
20000f70:	b401      	push	{r0}
20000f72:	4802      	ldr	r0, [pc, #8]	@ (20000f7c <__time_us_64_veneer+0xc>)
20000f74:	4684      	mov	ip, r0
20000f76:	bc01      	pop	{r0}
20000f78:	4760      	bx	ip
20000f7a:	bf00      	nop
20000f7c:	10001729 	.word	0x10001729

20000f80 <__rp2040_chip_version_veneer>:
20000f80:	b401      	push	{r0}
20000f82:	4802      	ldr	r0, [pc, #8]	@ (20000f8c <__rp2040_chip_version_veneer+0xc>)
20000f84:	4684      	mov	ip, r0
20000f86:	bc01      	pop	{r0}
20000f88:	4760      	bx	ip
20000f8a:	bf00      	nop
20000f8c:	10000791 	.word	0x10000791

20000f90 <striped_spin_lock_num>:
20000f90:	00000010                                ....

20000f94 <irq_handler_chain_slots>:
20000f94:	00000000 	.word	0x00000000
20000f98:	00010000 	.word	0x00010000
	...
20000fa4:	00020000 	.word	0x00020000
	...
20000fb0:	00030000 	.word	0x00030000
	...
20000fbc:	00040000 	.word	0x00040000
	...
20000fc8:	00050000 	.word	0x00050000
	...
20000fd4:	00ff0000 	.word	0x00ff0000
20000fd8:	00000000 	.word	0x00000000

20000fdc <irq_handler_chain_first_slot>:
20000fdc:	b501      	push	{r0, lr}
20000fde:	6848      	ldr	r0, [r1, #4]
20000fe0:	3101      	adds	r1, #1
20000fe2:	468e      	mov	lr, r1
20000fe4:	4700      	bx	r0

20000fe6 <irq_handler_chain_remove_tail>:
20000fe6:	4670      	mov	r0, lr
20000fe8:	3809      	subs	r0, #9
20000fea:	4901      	ldr	r1, [pc, #4]	@ (20000ff0 <irq_handler_chain_remove_tail+0xa>)
20000fec:	4788      	blx	r1
20000fee:	bd01      	pop	{r0, pc}
20000ff0:	10000d79 	.word	0x10000d79

20000ff4 <default_alarm_pool>:
	...
20001008:	20001160 00000000                       `.. ....

20001010 <aeabi_bits_funcs>:
20001010:	00003350 	.word	0x00003350
20001014:	0000334c 	.word	0x0000334c
20001018:	00003354 	.word	0x00003354
2000101c:	00003352 	.word	0x00003352

20001020 <aeabi_bits_funcs_end>:
20001020:	0000534d 	.word	0x0000534d
20001024:	0000434d 	.word	0x0000434d
20001028:	00003453 	.word	0x00003453
2000102c:	00003443 	.word	0x00003443

20001030 <stdio_uart>:
20001030:	10004841 10004941 1000488d 10004955     AH..AI...H..UI..
20001040:	00000000 00000100                       ........

20001048 <stdio_usb>:
20001048:	10004b89 10004b3d 10004ab1 10004a29     .K..=K...J..)J..
20001058:	00000000 00000100                       ........

20001060 <_usbd_qdef>:
20001060:	2000162c 000c0010 00000000 00000000     ,.. ............
	...

2000107c <_usbd_rhport>:
2000107c:	000000ff                                ....

20001080 <i2c1_inst>:
20001080:	40048000 00000000                       ...@....

20001088 <i2c0_inst>:
20001088:	40044000 00000000                       .@.@....

20001090 <print_mutex>:
	...
