:020000041000EA
:1000000000B5324B212058609868022188439860DF
:10001000D860186158612E4B002199600221596106
:100020000121F02299502B49196001219960352056
:1000300000F044F80222904214D00621196600F024
:1000400034F8196E01211966002018661A6600F04E
:100050002CF8196E196E196E052000F02FF8012189
:100060000842F9D1002199601B49196000215960AB
:100070001A491B48016001219960EB211966A021F2
:10008000196600F012F800219960164914480160C1
:100090000121996001BC002800D000471248134993
:1000A000086003C880F30888084703B5996A0420EC
:1000B0000142FBD001200142F8D103BD02B5186610
:1000C0001866FFF7F2FF186E186E02BD00000240BE
:1000D000000000180000070000035F00212200005C
:1000E000F4000018222000A00001001008ED00E03C
:1000F00000000000000000000000000074B24E7A12
:1001000000200420F7010010CB010010CD010010E9
:10011000C9010010C9010010C9010010C901001077
:10012000C9010010C9010010C9010010CF01001061
:10013000C9010010C9010010D1010010D301001045
:10014000C1010010C1010010C1010010C101001067
:10015000C1010010C1010010C1010010C101001057
:10016000C1010010C1010010C1010010C101001047
:10017000C1010010C1010010C1010010C101001037
:10018000C1010010C1010010C1010010C101001027
:10019000C1010010C1010010C1010010C101001017
:1001A000C1010010C1010010C1010010C101001007
:1001B000C1010010C1010010C1010010C1010010F7
:1001C000EFF30580103800BE00BE00BE00BE00BECA
:1001D00000BE00BEF2EB8871BC7F0010E87F00100B
:1001E0003802001090A31AE700201E49086006C8D4
:1001F00081F3088810471C480068002801D00020BF
:10020000F3E70DA40ECC002902D000F012F8F9E7B4
:100210001649174A002000E001C19142FCD115495E
:100220008847154988471549884700BEFDE701C939
:1002300001C29A42FBD37047E87F0010C000002043
:10024000B8100020E08F00100000042000000420FF
:10025000E08F0010001004200010042000000000B7
:100260007047000008ED00E0000000D0B81000204A
:10027000E41E00200543001015040010FD4200108C
:10028000F8B50A4CD02527002D061837607800F005
:10029000C7F90122637808349A406A62AA61BC42B5
:1002A000F4D1642001F0A0F8F8BDC046900F002002
:1002B00010B50E4C0E49200006F0B4FD03210420B9
:1002C00000F084F90321052000F080F900220121CB
:1002D000042000F093F900220121052000F08EF99E
:1002E0002100292006F0BCFF10BDC046A810002048
:1002F000801A060070B504004168384804F0FAF925
:100300000123627864209340D0221206536101F0E9
:100310006BF82921324804F0EDF92921227831487F
:1003200004F0E8F9304804F063F921782920490005
:10033000C9B206F0B5FD05002C48290004F0DAF931
:10034000002D31D10A2001F04FF8294804F050F96E
:10035000284804F04DF9207806F0A8FD00281DD1AA
:100360000221207806F086FE002827D1322120784D
:1003700006F002FE00281CD13C21207806F02CFF5C
:10038000002820D1207806F0D7FD002820D122783F
:100390006168194804F0AEF9012004E00100174833
:1003A00004F0A8F9002070BD2900154804F0A2F956
:1003B000F8E70100134804F09DF9F3E70100124843
:1003C00004F098F9EEE70100104804F093F9E9E72A
:1003D00001000F4804F08EF9E4E7C046687500108C
:1003E00084750010A0750010C8750010E07500102D
:1003F0003476001054760010647700107876001080
:1004000004760010D4760010A47600100477001053
:1004100038770010F0B5DE464E4645465746E0B503
:1004200087B004F093F8FA20C00000F0DDFF0A2046
:1004300004F094F8534E0024300004F0D9F85248E8
:1004400004F0D6F8300004F0D3F8504804F0D0F8A7
:10045000FFF72EFF4E4804F0CBF804214D4804F07E
:1004600049F905214C4804F045F94C4804F0C0F81E
:10047000FFF706FF4A4804F0BBF80A2004F06EF8C4
:10048000300004F0B5F8474804F0B2F8300004F04A
:10049000AFF8454B1D0000932800FFF72BFF002805
:1004A00063D001340835032CF6D10A2004F056F845
:1004B000300004F09DF83D4804F09AF8300004F054
:1004C00097F8009C3A48217804F014F9217A3948C9
:1004D00004F010F9217C384804F00CF9374804F096
:1004E00087F80622002104A802F038FB18231B1904
:1004F0009B4602ABDE1D324B02AA9A46314B01935A
:10050000002399460E339B18984604AD2F00009C9B
:100510004B4631002078337006F014FD00280BD1D3
:100520003378002B08D03900207806F08BFE0028A5
:1005300002D1207806F0FAFC08340237A345E7D14F
:10054000009C2A8850466168023504F0D3F845457E
:1005500004D00198083404F0CDF8F2E70A2003F043
:10056000FDFF322000F040FFCFE7009BE4001C19A4
:100570001548616804F0BEF8FA20800000F034FFEE
:10058000FAE7C04684770010B0770010D4770010E7
:10059000EC770010007800100C780010187800102C
:1005A0003878001050780010900F002098780010D4
:1005B000B4780010C4780010D4780010E4780010EB
:1005C000007900100C7900106878001010B54024F4
:1005D000074A83009A181268C0005440C022224083
:1005E000044C1B191A60044BC018416010BDC04672
:1005F00004C0014004D0014000400140064B80008F
:10060000C3181B68C90092000A435A400C231340C8
:10061000024A80180360704704C0014004D00140C2
:100620000123D0228340120693629361084A83001B
:100630009A1811684022514080320A400549C00092
:100640005B181A60044BC018052343607047C0460E
:1006500004C0014004D00140004001408023DB057C
:100660001868000F7047C0460FB400B5084883B043
:1006700003F0BEFF049B002B07D005A918000191D1
:1006800003F020FE034803F0B3FF012003F032FE25
:1006900028790010A076001070B58C461600EFF394
:1006A000108472B60F490B68002BFCD0BFF35F8F2C
:1006B0006346DB08C5180722C05C63461A40012365
:1006C00093401A000240034207D118432870BFF339
:1006D0005F8F0A6084F3108870BD61463000FFF7B9
:1006E000C3FFC0462C0100D0F8B5CE4647468C4625
:1006F00080B51C00EFF3108872B61C490B68002B04
:10070000FCD0BFF35F8FA24221D80723994602E0B5
:100710000132944218D34946012611408E40D30835
:10072000C718C35C1E42F3D1100033433B70BFF3C4
:100730005F8F00220D4B1A6088F3108800280EDBB3
:10074000C0BCB946B046F8BD01204042EFE7BFF358
:100750005F8F00230B6088F31088012040426346BE
:10076000002BEDD00898FFF77FFFC0462C0100D08A
:10077000044A1078431CDBB2172B00D910231370E6
:100780007047C046A80F002000B5054B83B001009C
:10079000009318221F230348FFF7A6FF03B000BDF4
:1007A00038790010201A00200021044B044ABFF3BE
:1007B0005F8F02C39342FAD17047C046000100D058
:1007C000800100D0084B094A1360094A1360094AA6
:1007D0001360094A1360094A1360094A1360094A01
:1007E0001360094A136070478080808000E400E055
:1007F00004E400E008E400E00CE400E010E400E0C1
:1008000014E400E018E400E01CE400E01F231840BA
:100810001E3B8340002905D0C021044A49005350A3
:1008200013607047802201498B50FAE700E100E035
:1008300001228240034B1B6813405A1E9341D8B2D9
:100840007047C04600E100E0012380228340024956
:1008500052008B507047C04600E100E0054B10305D
:100860009B688000C358044A00209B1A47229A4282
:100870004041704700ED00E0AC0F002010B5EFF3F1
:10088000108C72B60F4A1368002BFCD0BFF35F8F39
:100890000D4B10309B6880001B580C4A934201D0CE
:1008A00099420CD1084B9B681950BFF35F8FBFF37F
:1008B0005F8F0022034B1A608CF3108810BD01F08B
:1008C0006BF9C046240100D000ED00E0C10100102A
:1008D000F0B5DE4657464E464546E0B58B4685B0F8
:1008E000EFF3108872B616005B4A1368002BFCD039
:1008F000B246BFF35F8F002558494D57002D00DAEF
:10090000A8E06B00564A01935B199B00D418A779A5
:1009100010300F7053498000896884460F58B91A07
:10092000472933D8012039008143CE79564500D874
:100930006AE0A1465646039307E05800C0188000BD
:100940001018C479B4424DD901000623CB56002BB0
:10095000F3DA081D4C46B24681460293424B4E469E
:10096000043CA41B2405414E640D34438C808D71DE
:1009700001994919890052189380029B3C4993714F
:100980005346D3715B461160936017E039498F423B
:1009900060D139490127D15238490233D31804397B
:1009A000CB1A324A1B055B0D13436380344BE6714F
:1009B000A380FF23A3715B462743A3606246294BB4
:1009C0009B689F50BFF35F8FBFF35F8F0022224B66
:1009D0001A6088F3108805B0F0BCBB46B246A94641
:1009E000A046F0BDB2460E1D4C46B1468888029323
:1009F000039B4005001504334844D318C31A1B0554
:100A00001A485B0D0343AAE79E1CB14691444E462B
:100A10000F001C4DBF1A7F417D432D0D164FA57150
:100A2000D752164F0433043FD318BF1BCB1A3F05D0
:100A3000043B7E0D1B050D4F5B0D3E431F4353468C
:100A4000E3715B46A3600A4BA780668004432700DE
:100A50000B60B3E701F0A0F8240100D0DD1E0020F8
:100A6000AC0F002000ED00E001BD000000E0FFFF42
:100A700001488047C101001000A1FFFFF40F0020D2
:100A800001BDFFFFAAAA0000F0B5DE4657464E465C
:100A90004546E0B583B0EFF3108972B65D4A13683E
:100AA000002BFCD0BFF35F8F5B4B5C4E9A6803005A
:100AB00010339C0012599846B2423BD08A424CD027
:100AC000574FBC46D71B472F34D8564B1F271D689E
:100AD0000740AA460125BD4080270195DD51BFF39F
:100AE0005F8FEFF30585AB46002D38D101231D0044
:100AF0008540280055460540100098438768AA465F
:100B0000B94208D17CE073009B199B0063449F6845
:100B1000B9422DD0180006268657002EF3DAB942C6
:100B20004CD05346002B1ED0C0213E4B01984900AB
:100B300058501860384B9B681A51BFF35F8FBFF352
:100B40005F8F0022334B1A6089F3108803B0F0BC2A
:100B5000BB46B246A946A046F0BD3200EAE7A8452A
:100B6000C4D001F019F880232E490198C850E1E75C
:100B70000627DF57002F22DB7900C81985002E00D9
:100B80006644B0689860F079D87106203056987144
:100B9000002826DB6046B688C01A76053615761919
:100BA00080190005204E400D30439880CB191F4915
:100BB0009B000878634498710F70B2E703005946B0
:100BC000002910D1FF31817119498180174865468C
:100BD0000178997117495B1B5B415943090D0170FD
:100BE0009FE71348E1E714491448C91A08394E022F
:100BF000760D30439880124849080143D98090E728
:100C00000627C7570300002FB6DA59460029EAD154
:100C10003200DBE7240100D000ED00E0C10100104C
:100C2000AC0F002000E100E000E0FFFFDD1E00202F
:100C300001BDFFFFAAAA0000FE0F002000F0FFFF89
:100C400000F8FFFF0123034370B59C46EFF30581D5
:100C5000EFF3108572B6274A1368002BFCD0BFF360
:100C60005F8F254A0400254BA41A644163431B0D82
:100C7000234C8900A6685BB27658664524D00621CD
:100C80005156994224D01221515699422AD01E2100
:100C90005156994228D02A215156994226D03621C0
:100CA0005156994224D0422151560524994210D0E0
:100CB000144A117813708171BFF35F8F00220D4BBE
:100CC0001A6085F3108870BDA2680F4C5450EFE78E
:100CD00000246100091989005218FF2191710B4904
:100CE0009180E5E70124F4E70224F2E70324F0E72A
:100CF0000424EEE7240100D0AC0F0020AAAA0000D3
:100D000000ED00E0DD1E0020C101001001BDFFFF6D
:100D100000B5074B83B0010000930022052305486E
:100D2000FFF7E2FC002801DB1F23181A03B000BD07
:100D300054790010E11E0020024BC918890001609F
:100D40007047C0464000003470B5114C114DAC42A4
:100D50000FD2FF262368002B0CD0FFF709FD0100FE
:100D60002000FFF7E9FFA680BFF35F8F0834AC4295
:100D7000F0D370BDFFF7FCFC01002000FFF7DCFFA3
:100D80002671BFF35F8F0834AC42E3D3F1E7C0466E
:100D9000B0100020B810002010B50400FFF7E8FCE8
:100DA00001002000FFF7C8FFFF232371BFF35F8F0F
:100DB00010BDC04610B504000120FFF7E5FC034B51
:100DC000C01880002060BFF35F8F10BD400000346A
:100DD000034BC91889000160BFF35F8F7047C0469D
:100DE0004000003440BF002000217047F0B5DE46CF
:100DF00057464E464546E0B585B0EFF305830322DE
:100E00001A40B14B91005B580392984601239340DE
:100E10001A000193AD4B02911A600823434499468E
:100E2000019BAB484363434608229B5E9A46002BD6
:100E300000DBB9E043469B881BB2002B00DA26E1B9
:100E400043461B69EFF3108272B619680029FCD083
:100E5000BFF35F8F43469E88012341465B428B80F0
:100E600036B20B69BFF35F8F0021196082F31088DF
:100E7000002E26DB43465D697400A41908201A5E23
:100E8000E40049462C19002A14DBA0689A468046E3
:100E9000E06807E0834200D181E00023FA5E390078
:100EA000002A06DB5700BF18FF00EF19FB688342DA
:100EB000F0DD53460E800021665E2280002EDBDAD4
:100EC000984643460821595E002900DADFE0434690
:100ED0005A694B007E485B180299DB00D318091849
:100EE000826A9D68DC680B69AE1A9B1A9E421BD30E
:100EF0000123026A039883401A4215D043469B7926
:100F0000002B16D1724800F06DFB8C4204DC00D03F
:100F100086E7854200D883E740BF05B0F0BCBB46FA
:100F2000B246A946A046F0BD43460D619B79002B11
:100F3000E8D0002342469371434608229A5E531C30
:100F4000E0D0474648460026A846A34602E00800EF
:100F5000531C20D053007D699B18DB00E918140056
:100F6000EA5E4B881BB2002BF1DA02803B69EFF39B
:100F7000108A72B61D002B68002BFCD0BFF35F8F68
:100F80007B880B803B697C80BFF35F8F1E608AF398
:100F90001088531CDED145465C46B846B2E7BB68B4
:100FA000434500D879E784E7424652695B0093469F
:100FB0005344DB009B445B469E68DF6800F012FBF5
:100FC0008F422ADC30D05B465A461B695469022B9B
:100FD00032D041460820085E5288000421001043A8
:100FE000984704000D0023002B432ED0002D48DA33
:100FF00030003900001BA9415B469860D96000228F
:101000009B5E002B09DB42465E005469F218D20059
:10101000A2189768D2688A425CDD43469B881BB25F
:10102000002B00DA4DE70BE78642F6D85B465A46BE
:101030001B695469022BCCD12000236998470028F2
:1010400003D030CC23002B43D0D15B4642461B88D3
:1010500013811269EFF3108372B611680029FCD076
:10106000BFF35F8F4246594652880A804246514636
:1010700051801269BFF35F8F0021116083F31088E4
:10108000CBE7134800F0AEFA00196941B4E7104C01
:10109000200000F0A7FA8022002312068018594190
:1010A000029AA56A12191369461B5B1B9E4201D264
:1010B000106131E70123039D246AAB401C4200D03C
:1010C0002AE7106128E7C0469C1E00203C700540BE
:1010D000004005408A4201D187429ED845462B8177
:1010E000083505E05E00F218D200A2189768D268B1
:1010F0008A4206DC0AD0F318DB00E518E35E002B19
:10110000F0DA5A46138053462B8086E78742F2D99D
:10111000F7E7C04670B52B4C2569002D00D070BD97
:10112000294E0321284800F053FAE660FFF720FB20
:10113000264B0322C018D02322701B061B680121F6
:101140006370234B8000A3600F2320610220638023
:1011500063694942A18019800231198647311D8394
:10116000585218315A5275325C399952183201313D
:101170009952183201319952183201319952083579
:1011800018329D5202311832995218320131995257
:101190001832013199521832013199521832013105
:1011A00099521832013199520A4B0B49DC600130D7
:1011B0003562FFF763FB01210320FFF727FB074B95
:1011C0001D60ACE70C1000200040054040000034DA
:1011D000FFFF10009C1E0020ED0D00103860054040
:1011E000004870470C100020F8B51F0008AB1B78B2
:1011F00004001600002B07D100F0FCF932003B0080
:10120000121A8B41002B51DB2269EFF3108C72B65E
:101210001368002BFCD0BFF35F8F0223E15E2569CA
:1012200000293ADB4B0060695B18DB00C218C35A27
:101230006380BFF35F8F00232B608CF31088069BC5
:101240009660D7601361079B5361538801335B0439
:101250005B0C181C002B1ED083B25080080418436E
:101260002569EFF3108672B62B68002BFCD0BFF314
:101270005F8FA3881380A1802369BFF35F8F002253
:101280001A6086F31088237801329A400849E3688F
:101290005B181A60F8BD0120DEE7BFF35F8F002303
:1012A0002B608CF3108801204042F3E70020F1E727
:1012B0003C20000070B582B00092019301000269E9
:1012C000EFF3108472B61368002BFCD0BFF35F8F6E
:1012D0000223C85E0D6900283FDB4A6943001600FF
:1012E0001B18DB00D218F35A4B80BFF35F8F00232B
:1012F0002B6084F31088069B1361079B5361009B4E
:10130000019C9360D460538801335B045B0C1D1C0B
:10131000002B20D0ACB20304558023430D69EFF3BA
:10132000108C72B62C68002CFCD0BFF35F8F8C88B9
:10133000148088800A69BFF35F8F002010608CF3EF
:1013400010880A7801309040CA6808495218106025
:10135000180002B070BD0125DCE7BFF35F8F0023EA
:101360002B6084F31088013BF2E7C0463C2000006C
:1013700010B543890A1493421ADD53009B18426941
:10138000DB00D3180469EFF3108C72B62268002AD0
:10139000FCD0BFF35F8F5A88090494B2090C8A42CB
:1013A00008D00369BFF35F8F00221A608CF31088A6
:1013B000002010BD094A22435A800123026983712B
:1013C000BFF35F8F002111608CF31088027804490D
:1013D0009340C268012052181360EAE70080FFFFC3
:1013E0003C20000040787047F0B583B0040000F066
:1013F00001F9FA2206000F002000002300219200CC
:1014000001F040FB8019794104000D1E02DA01242D
:10141000234D644206267642F71736196F41AF42D4
:1014200012D80FD000F0E6F832003B00121A8B41C0
:10143000002B13DC002B30D02000290000F01AF91B
:1014400003B0F0BDA642EDD90026002700F0D2F887
:1014500032003B00121A8B41002BEBDD00F0CAF882
:1014600032003B00121A8B41002B0ADB0023019350
:101470000C4B320000930C483B00FFF71BFF013080
:10148000DAD03900094A536A994204D8906AB042C6
:10149000D2D29942D0D120BFF5E7002ACCD0DDE7E7
:1014A000FFFFFF7FE50D00100C10002000400540FD
:1014B000F0B5CE46474680B504000D0085B0EFF389
:1014C00005868946002E10D03E4900204B6AAB426B
:1014D00006D38A6A5B1B591E8B41A24240411843C6
:1014E00005B0C0BCB946B046F0BD374FFB683A788E
:1014F00098461800039200F075F8039A131D4246AF
:101500009B009B5822001B1A9C462B00121A8B41F1
:101510009E421ADC17D02B4B5A6A4A4505D39B6A68
:101520000120A342DCD24A45DAD120BF254B586ABC
:1015300048453CD3401B9A6A431E98410023A2426F
:101540005B411843CCE79445E5D900F053F82200FD
:101550002B00121A8B41002B25DB002301931B4B20
:101560002200009338002B00FFF7A4FE00281ADDAC
:10157000144B5A6A4A4504D39B6AA34202D24A4595
:1015800000D120BF01003800FFF7F2FE0D4A002015
:10159000536A4B45A4D3926A5B1B591E8B41A242EE
:1015A000404118439CE7074A536A4B4501D200204B
:1015B00096E70020926A5B1BA24240415A1E93416B
:1015C00018438DE7004005400C100020E50D001089
:1015D00010B5024A0248FFF75FF810BD707900109D
:1015E000241A00200300416A0A00986A596A8A4254
:1015F000FAD17047034B596A0A00986A596A9142B6
:10160000FAD170470040054070B505000E00184A39
:10161000536A1900946A536A8B42FAD12000190068
:101620002C00350024184D41AB4216D813D0104B76
:101630002A005B6A9D4203D90D494B6A9342FCD351
:10164000934207D10A4A02E0516A994202D1916A53
:10165000A142F9D370BDA042E9D9054B5B6A1C00D9
:101660005A1CEFD0012201246442E5175242E3E7FD
:1016700000400540064A536A9942FCD807D1044B02
:1016800002E05A6A914202D19A6A9042F9D87047B0
:1016900000400540F8B5040006200D0000F06EF98A
:1016A000002843D0364B3749E3185A1E9341802215
:1016B0005B429B0D12049B059B18334A1360334A0F
:1016C000136018000A689043FBD12D4B304AE31891
:1016D00059424B4180215B0049000620995200F09D
:1016E0004DF92900C00000F0A9FB0130C3091ED14B
:1016F000402701226262A362266BF30722D4E36AC9
:10170000244B0620E51800232B60266300F036F9F1
:101710003900800000F092FB7023E26A5A400E33D9
:1017200013402B601C4B23630323A364F8BD1B4AA7
:1017300093421DD900231A4A1A4F6262A362266B94
:10174000F307DCD5184B144AE3181A60656AA36ADC
:101750000620AD01ED1800F011F9144900F06EFB00
:101760000100A80200F06AFB0021FFF74DFFC6E769
:1017700040069A01800E17181A000300BAE7C04607
:101780000080FCBF08C0004000E0004000F00040C6
:10179000C01E00202C10000001030000FEFF00000E
:1017A000FFFF0000C0FF3F00303000004E0E000081
:1017B000F8B5DE464E4645465746E0B505008B4631
:1017C00018000A99914600F039FB0A9B6C001E0232
:1017D0006419304BA400E418636880469E4200D927
:1017E00066602F1FFBB29A46012B2FD9C02380229F
:1017F000294FAD009B0179591201E3181A600029A5
:101800001BD14B4622685B015340E02213408022EB
:101810005201A21813605346012B2FD98023802236
:101820009B01E31812011A60434666607B51F0BCCD
:10183000BB46B246A946A046F8BD786900F0FEFA5C
:10184000013043001B18033BFDD2DAE75B46012B56
:10185000CCD1C02303229B01E3181A60023AA3688B
:101860001A42FCD04A46236852015A40E0231340F2
:1018700080225201A218084F1360AD00584603237E
:10188000216841400B40136001228240A3681A4244
:10189000FCD0C3E700800040281A0020F0B5D646EF
:1018A0004F464646440098462418324BA400E4189C
:1018B00063688A469146C0B5FF2B02D880235B003F
:1018C0006360061FF6B2012E2FD9C02380222A4F53
:1018D00085009B0179591201E3181A6000291BD178
:1018E0004B4622685B015340E022134080225201A4
:1018F000A2181360012E30D9802380229B01E318A7
:1019000012011A6080235B00636043467B51E0BC98
:10191000BA46B146A846F0BD786900F08FFA0130AA
:1019200043001B18033BFDD2DAE75346012BCCD111
:10193000C02303229B01E3181A60023AA3681A42EB
:10194000FCD04A46236852015A40E02313408022CB
:101950005201A218084F13608500504603232168E6
:1019600041400B40136001228240A3681A42FCD020
:10197000C2E7C04600800040281A0020014B8000CA
:10198000C0587047281A0020F0B5C646040000B5BC
:101990002348160098460D0000F050FA0100300070
:1019A00000F04CFA4346069A1B04120313439C466C
:1019B00023680600002B22DB1A4B1B48E218531E3B
:1019C0009A4180235242120B9B011203D218174BEB
:1019D0001A60174B1A60130001688B43FBD1212258
:1019E000144B2560E318A6601A602268002AFCDA0E
:1019F0006246E26008221A6080BCB846F0BD3F2310
:101A000022681340AB42D7D1A3681B051B0D83424C
:101A1000D2D1EE22E368D20213406345CCD1EBE78A
:101A2000001BB7000040FDBF08C0004000E00040C0
:101A300000F000400430000010B580241C4BE40589
:101A40001C6000281AD001231A4C18431A4BDC6181
:101A50001A4C44401C62596298628021144BC9059B
:101A60001960174817490860E021C9041960002A65
:101A700007D18022144B12061A6010BD0E4BD8619C
:101A8000EBE753019B1A9B009A18802312015B0419
:101A90009A4209D213000D490B60074B5A6080220D
:101AA000094BD2051A60E8E7094B1A00F3E7C04674
:101AB00000B00540D3C007B0008005402D3FF84F6F
:101AC000FCFF01000820014000A005408C1E002002
:101AD000FFFFFF008023024A9B000B43D362704745
:101AE00000800540002310B50100988A1B8B9847A1
:101AF00010BDC046162310B5010018885B889847B2
:101B000010BDC046F8B54746CE4680B50F1E18D06A
:101B100014239946043304000025012698464B46B9
:101B20001888434621681B88984701C4431E984182
:101B300001350640AF42F2D13000C0BCB946B046D4
:101B4000F8BD0126F8E7C046002370B504000D007B
:101B5000988A05491B8B984703000020002C01DB65
:101B60000130A0402900984755420000AA23064AA8
:101B70001B0113608D235B00D3600449044B196083
:101B80005368002BFCDA70470040024000B0FA00B6
:101B9000006002407047C04610B50148FEF764FD82
:101BA0009479001070B5074D074EB54209D2002454
:101BB000013E761BB608013608CD01349847B44281
:101BC000FAD170BD2875001064750010054B064AE7
:101BD00006491A60064A074B1A6010000B689843C2
:101BE000FBD1704700E00040BFCDFBFE08C00040C5
:101BF000FE7F3C0000F00040044BDB6C002B03D167
:101C00008022034BD2021A607047C0460000115078
:101C10004C201150044A054B1A60054A1368DB0139
:101C20008033FBD17047C046FFFFFF0100F000404A
:101C300008C000404022034B9A675A671A67DA6669
:101C40007047C04600F0014010B5FEF7ADFD10BD75
:101C500070B52749274E284D761AB4082200302C3B
:101C600000D930222800920000F07EFF2F2C3BD8B4
:101C700023002A3B214A052B1BD93020AE197107BE
:101C8000001B2600CB0F002902DAA1006A50661C57
:101C9000C01AE3189B004108EB18C900C9181A6064
:101CA0005A6008338B42FAD1012303421CD0984377
:101CB0008419A300EA50631C2F2C15D09B00EA5016
:101CC000A31C2E2C10D09B00EA50E31C2D2C0BD013
:101CD0009B00EA50231D2C2C06D09B00EA50631D6C
:101CE0002B2C01D09B00EA50054B9D6070BDC04677
:101CF00000010010C001001000000020C101001010
:101D000000ED00E0002310B5294C82B0A367FFF777
:101D10002DFF0122274B1A60636C012BFCD103229B
:101D2000254B1A60224A936B012BFCD1013300939F
:101D30000121224A22480433FFF726FE0523012110
:101D40000093204A2048FFF71FFE002202210420B2
:101D50001E4BFFF7A3FD0022012105201C4BFFF7BE
:101D60009DFD0022002107201A4BFFF797FD00225E
:101D700000210820174BFFF791FD8023DB00009323
:101D8000002200210920134BFFF712FD0022104B07
:101D900000210620FFF782FD0420FFF7EFFD0E492A
:101DA00000F04CF801000020FFF794FE02B010BDD7
:101DB000008000403CB0004030B00040002F685927
:101DC00000800240008C864700C00240001BB70024
:101DD00040597307006CDC0240420F0001480421A7
:101DE000014B184730100020051B0010124A936F5A
:101DF0009B0815D29066D166002905D0FFE7FFE762
:101E0000FFE7516F106F704704B580210906C217B4
:101E10005140002800D0C84305F036FB002104BD26
:101E2000F0B5146E556E576F166FFFF7E3FF14662B
:101E3000556657671667F0BD000000D0114A936FD2
:101E40009B0813D210665166002905D0FFE7FFE713
:101E5000FFE7516F106F704704B5002801D00020D4
:101E6000C04305F011FB002104BDC046F0B5146E5F
:101E7000556E576F166FFFF7E5FF14665566576787
:101E80001667F0BD000000D094464A4A926F92084F
:101E9000624601D228E0C046F0B5464E346E756EFB
:101EA000776F366F00F020F89446424A1466556604
:101EB000576716676246F0BD94463E4A926F920895
:101EC000624601D254E0C046F0B53A4E346E756EAB
:101ED000776F366F00F04CF89446364A14665566B4
:101EE000576716676246F0BD002B24DB11D000292E
:101EF0003EDA00B5C943404200D1013100F038F864
:101F0000C943404200D10131DB43524200D1013389
:101F100000BD002AEBD1002801D1002905D0002006
:101F2000C90FC90701D1C043410800B505F09CFAAB
:101F30000022002300BD00B500290ADBDB4352422A
:101F400000D1013300F014F8C943404200D10131FF
:101F500000BDC943404200D10131DB43524200D1B0
:101F6000013300F005F8DB43524200D1013300BDDC
:101F7000002923D1002B18D1002A0CD0BC460D4FCC
:101F800038667A6600210023FFE7FFE7FFE77A6FF4
:101F9000386F67467047002801D00748010000B538
:101FA00005F062FA0022002300BD02000B000020B1
:101FB00000217047000000D0FFFFFFFF002B00D082
:101FC000BFE0130C28D1002AE7D080B4114F396646
:101FD0007A66FFE7FFE730B4040C7B6F396F1B04B0
:101FE00023433B667A66FFE7FFE7FFE7C04684B21C
:101FF0007B6F3D6F1B0423433B667A66FFE7FFE779
:10200000C04600232C042D0C7A6F386F00196941EB
:10201000B0BC7047000000D0F0B594460025140E07
:1020200001D112020835140F01D112010435940FA9
:1020300001D192000235D40F01D152000135D40BE9
:102040000134254F7C66254C3C660E0C93B2FFE7AD
:10205000FFE7FFE73C6F6643360C7703BE467343EA
:10206000DF0B5B04C01AB941130C7343DB18C91AA8
:10207000CE086643360CB64493B273431F0F1B0160
:10208000C01AB941130C73431F0B1B05C01AB94189
:10209000860D8F023E436643360C092D24DB520A1F
:1020A0007243801A7703460A6643360C16235B1B7D
:1020B000DE40DF40BF1964466643821B704604352C
:1020C00006330100D940A840C01900D30131A24213
:1020D00006D20023F0BD0000000000D0FFFFFFFF8C
:1020E000121B0130F3D3F1E709277F1BFE40644642
:1020F000A2B27243801A00D20139220C7243130C2F
:102100001204821A99410B007046043513370100FE
:10211000F940A840801900D30131002B02D1A2421E
:102120000AD2F0BD013000D30131121BFAD2013BBB
:10213000F8D1A24200D2F0BD013000D30131121B10
:10214000F7E7F0B51C0C00D080E00CB400251C0AA9
:1021500004D11B02160E3343120208351C0B04D1A6
:102160001B01160F3343120104359C0B04D19B0055
:10217000960F334392000235DC0B02D192185B417B
:1021800001351C00971864410134464F7C66464C6B
:102190003C660E0CFFE7FFE7FFE7C0463C6F664377
:1021A000360C7703BE4697B27743C01B00D2013985
:1021B000C01B00D201399FB27743C91BC91B170C42
:1021C00077437E04FF0B801BB941CE086643360C73
:1021D0000C2D33DBB644120B1F053A431B0B97B291
:1021E0007743C01B00D201399FB27743C91B170C3C
:1021F00077433E043F0C801BB941860D8F023E435E
:10220000664329277F1BFE400C3D7746AF40BF1930
:1022100030BCA2B2ABB272437343801A9941220C14
:102220007243130C1204801A994102000B0001370B
:10223000001BA941F9D2781E0021F0BD0C277F1B9D
:10224000FE4077467F0BAF40FF19E0E700245D1C9E
:1022500007D0144F7D663966FFE7FFE7FFE7FFE72A
:102260003C6F95B29EB265436643401BB141150C6D
:102270001E0C6543664336042F0C3E432D04401B61
:10228000B141994204D202000B0020000021F0BDB0
:1022900001D19042F7D3801A994101349942F2D387
:1022A000F6E70000000000D0FFFFFFFF484041407C
:1022B000484018B41B4B5B68FC46019308BD04DF23
:1022C0005725001018B4174B1B68FC46019308BD36
:1022D00000DF612500109446134A926F920809D2DC
:1022E000624618B40F4BDB68FC46019308BD0CDF57
:1022F000192800100C4AF0B5146E556E576F166F02
:102300006246FFF7EEFF084A146655665767166780
:10231000F0BD18B4034B9B68FC46019308BD08DF71
:10232000BD26001008130020000000D0FFB550406B
:102330004240504059404B40594000E0FFB5154FD6
:102340004C00640D03D0BC4204D10C0314D800200F
:10235000090D09055C00640D03D0BC4204D11C03C7
:102360000AD800221B0D1B0501264B4009D44B4007
:1023700003D58B4200D18242FFBD9942FCD19042ED
:10238000FFBD0B43DB1803431343F5D0C943491882
:10239000FFBD0000FF07000000B5FFF7CFFF804141
:1023A00000BDC04600B5FFF7C9FF01D9002000BD40
:1023B000012000BD00B5FFF7B9FF01D9002000BD25
:1023C000012000BD00B5FFF7B1FF804100BD012035
:1023D00040054A00121804D85A00121801D80020EB
:1023E00070470120704700000021002805D1704788
:1023F000C1174840401AFAD0C90713B5064B1B68ED
:1024000098470CBC441CA2401005120B0349091B41
:1024100009051943114310BDB41E00201F0400001C
:1024200010B54C00620D8023D218DB00D21A5B0578
:102430007E2A10DD9E3A13DACC17090349081943A6
:102440005242D140640001341532202A05DAD040CE
:102450000843604310BD002010BD0846604310BD16
:10246000C80FC018013810BD18B4044B5B6AFC4695
:10247000019308BD24DFC9290010000008130020C3
:10248000132370B51D78012D19D014DD1F48FFF7F7
:1024900031FB06001E48FFF72DFB1E4C8022310049
:1024A000200000F061FB022D2DD01B48FFF71AFB26
:1024B0001A4B186070BD1A4B164CA364F5E7184B05
:1024C000144C23606360A360E36023616361A361D4
:1024D000E36123626362A362E36223636363A363D2
:1024E000E36323646364A364E36423656365A365B2
:1024F000E36523666366A366E36623676367A36792
:10250000E367A364D1E7064BA364CEE7534400001E
:1025100053460000081300204C330000B41E002076
:102520002525001007B5604601880A0A0230DF2A17
:10253000FAD1C9B2820804D302884088000410434B
:1025400000E00068014A5050039007BD08130020C6
:102550000FB403BC0CBCF0B50124E407634000E0F9
:10256000F0B50C0DCF0F661E3605891B640503D32D
:10257000C943404200D30131640D03D0661CF60A02
:1025800007D0E41B00207F00791C89078912803C5A
:1025900024031D0DDF0F6E1E36059B1B6D0503D337
:1025A000DB43524200D301336D0D03D06E1CF60A9B
:1025B00007D0ED1B00227F007B1C9B079B12803DF8
:1025C0002D032F1B661B58D4A446202E46DA203735
:1025D0001400BC401D00BD40F24033412A43801826
:1025E0005941CB0F05D0C943C0430022644250413A
:1025F000514162464D0D28D10D0D07D100281FD045
:10260000241940414941013A0D0DF9D0640006D327
:10261000013000D30131002C01D140084000013AC3
:102620000BD4941CE40A04D112051144DB071944AD
:10263000F0BDD907204B194300E0D9070020F0BDB9
:102640000029DDD1002CDBD1F0BD0132C6074008E6
:10265000CD0728434908002EE1D0D9E73C2E29DADE
:10266000203E40371400BC4000D00124F240144307
:102670001A00BB401C43D317ACE7AC46202F08DA46
:1026800020360400B4400D00B540F84039412843DD
:10269000A5E73C2F0CDA203F40360400B44000D0C0
:1026A0000124F84004430800B1400C43C117EAE795
:1026B00010001900002494E70000F07FF0B50C0D25
:1026C000661E3605891BE60A6405640D02D0651C8A
:1026D000ED0A04D0002001210905803C2403A44612
:1026E0001C0D671E3F05DB1BE70A6405640D02D065
:1026F000651CED0A04D0002201231B05803C240345
:102700007740644497B484B296B27443070C7E4316
:10271000150C6F4380B26843361802D301200004C1
:102720003F183004350C00197D41844688B29AB2B6
:1027300050430C0C62431F0C7C438EB27E439219B3
:1027400002D301263604A4191604170C3618674163
:1027500001BC81B29AB25143040C62431B0C5C432E
:1027600080B25843121802D3012000042418100428
:10277000130C401863412D185E410020474106BCF0
:1027800088B293B258430C0C6343120C544389B281
:1027900051435B1802D301210904641819041A0C6F
:1027A000091862416D1856410020474118BCF902D2
:1027B000720D1143F0026A0D1043ED020A0D03D1B0
:1027C0006D1940414941013B124E9B1B7600B342BB
:1027D0000ED26D0007D301300026714166463543A5
:1027E00001D1400840001B05C918E4072144F0BD91
:1027F0000BDA013306D1013004D101314F0D01D084
:102800004908F2E7E1070020F0BD0136310500205C
:10281000EBE70000FF030000F0B51C0D671E3F054D
:10282000DB1BE70A6405640D02D0661CF60A04D0BF
:10283000002201231B05803C2403D0252D06002601
:10284000F6432E661E096E66CE0FF619B446490091
:102850004F0D02D07E1CF60A03D000200021403F1D
:102860003F033E1BB600B444013F7F05C91B490826
:102870002E6F013676089C02950D25437543ED13A6
:102880007543AD1301356D10F603761B0CB4CC0205
:10289000450D2C43A2B2B3B25A43270C7B43350CEF
:1028A0006F43A4B26C431B1902D3012424043F19C3
:1028B0001C041D0CA4187D4124196D41009A91B28D
:1028C000ACB26143170C7C432B0C5F4392B25A436A
:1028D000A41802D301221204BF182204230C521898
:1028E0007B41019C6C431B19520ED9010A434401E0
:1028F000A01A81B2B2B2514303145A43360C734347
:1029000087B27743D617D21900277E4136049B1928
:102910001704160C7F185E417316ED18F30100269C
:1029200080337541A90F06D16400690AE8055B0A86
:10293000184309D22FE00422944480337541A90A38
:10294000A8059B0A184326D3404149412404009A14
:10295000019B0D005543641B4343E41A95B286B2B4
:102960007543170C7E43030C5F4392B25A43B6186B
:1029700002D301221204BF183204330C52197B41D6
:1029800052429C41002C02D40022013051414008A7
:10299000CA071043490802B06246D7079210084B95
:1029A000D218084B9A4203D212058918C919F0BDF2
:1029B0000020002A01DC3900F0BD01331905F5E7DC
:1029C000FD030000FE070000002200B5203200F0E9
:1029D00004F8080000BD000000220B150AD410B551
:1029E000944600F031F81414013400DA0021CB17BA
:1029F000144C20470020002170476244343A0CD424
:102A00000C2A07DA04009140904052422032D44010
:102A1000214310BDD843D94310BD203207D40C4602
:102A20009440524220321141D040204310BD080052
:102A3000C917203203D452422032104110BD180071
:102A4000190010BDFB2900100A0DCC0F531E1B05E9
:102A5000C91A520503D3C943404200D30131520D74
:102A600003D0531CDB0A07D0121B00206400611C3A
:102A700089078912803A1203014BD21A704700006D
:102A8000FF03000051434343C9188C46110C83B225
:102A90004B4310B4040C614392B280B25043624382
:102AA0001C041B0C001910BC59411304120CC01853
:102AB0005141614470470000132310B51C7813483E
:102AC000FFF718F8012C0BD004DD0100802210481C
:102AD00000F04AF80F48FFF705F80F4B186010BDDB
:102AE0000B4C01005422200000F03EF80B4B6365B4
:102AF000A365E36523666366A366E366236763678E
:102B0000A367E3672362E361E4E7C046534600003E
:102B1000081400204C330000B41E0020212B0010AC
:102B200007B5604601880A0A0230DF2AFAD1C9B225
:102B3000820804D3028840880004104300E0006843
:102B4000014A5050039007BD081400200148042199
:102B5000014B184740100020051B0010014B1B685B
:102B60001847000040100020014B5B681847000028
:102B7000401000207047C046F8B5DE4657464E4626
:102B80004546E0B599460D9B0700884693469B074E
:102B900028D00B9B002B3CD016000B9C0A9D3619AD
:102BA000321B013C4B464146285DB847002CF7D10B
:102BB00035000D9B9B070ED55B46EC1A0C9BA34280
:102BC00009D91E002A004B46414620200134B8474F
:102BD0000135B442F6D32800F0BCBB46B246A94644
:102BE000A046F8BD0B9B0C9A934214D213005D468D
:102BF0000C000B9A9E1A76192A004B4601352100CB
:102C00002020B847B542F7D10B9BA046002BC4D17A
:102C1000E1E71500CDE75E46002BBED15D46DAE761
:102C2000F0B54F46D6464646C0B584B09C460EAB7E
:102C30001F78129B9146BA460D9C109E119D9B07D2
:102C40004CD4002D41D1B44248D20123129F1F40E1
:102C5000B8460C9B5F1E302303E001343B55A6426F
:102C600001D9202CF9D14346002B00D187E00C9BE1
:102C70005F1E3023A54204D830E001343B55AC42FE
:102C80002CD0202CF9D1129BDB060DD5129B5B05B5
:102C900057D4A64267D0A54265D00F9B102B53D0C6
:102CA000022B5BD0202C36D12023129C01930C9B4D
:102CB0004A460093039463460295FFF75DFF04B014
:102CC000E0BCBA46B146A846F0BD0123129A1340B3
:102CD0009846012313422DD1B442BAD3129BDB068E
:102CE0001ED5129B5B05D8D4002CD2D10F9B102B84
:102CF00060D00F9B022B71D0302301240C9A1370EB
:102D00005346002B11D1129B5B0740D52B260C9A02
:102D1000631C1655C9E72300013430260C9AD6549B
:102D2000202CC1D05346002BEDD02D260C9A631CCD
:102D30001655BAE7002F34D0013DB44200D288E7DF
:102D400095E70F9B102BAFD1129B9B063CD5202CF7
:102D5000AAD058230C9A13550134A3E7202CA3D0F2
:102D60002300013407E0631E012CBFD00F9A102A04
:102D700036D0022AD1D162260C9AD65492E7129B01
:102D8000DB06CDD5129B5B0500D482E785E7129A5E
:102D90002300160700D488E720260C9A0133165525
:102DA00083E70C2313405F1EBB41ED1AB44200D2EF
:102DB0004FE75CE7129B9B060ED478230C9A022403
:102DC0001370302353709BE7202C00D16CE77823DD
:102DD0000C9A1355013465E75823EFE76033EDE7AC
:102DE0000C9AA61EB618129A920602D55822327074
:102DF00093E77822327090E710B5002800D110BD1B
:102E000001F0ACFBFBE7C04610B5002803D04A68D0
:102E10000B681100984710BDF0B54E46DE46574688
:102E20004546E0B595B083468946924698461E9A37
:102E30001F9B10001900209EFFF7C9FA002800D040
:102E4000D2E11E981F990122C44B5242FFF7A4FA07
:102E5000002800D001E11E981F990122C04B524268
:102E6000FFF7B0FA002800D0D6E01E981F99002284
:102E7000BC4BFFF7A7FA002800D0B5E01E981F99B9
:102E80000022B94BFFF788FA002800D0ACE01E986A
:102E90001F9900220023FFF77FFA002800D0D1E01D
:102EA00000230B93229B5B0500D4062600243023CD
:102EB00006E006AA013417321355013E202C01D03A
:102EC000092EF6D81E981F99FFF7AAFAA74BF20011
:102ED0009B180CCB050008920993FFF789FA0200B2
:102EE0000B001E981F99FFF7E4F9089A099BFFF75A
:102EF00010FA06900791FFF7B7FA0700FFF774FA88
:102F000002000B0006980799FFF7D3F90022984BAF
:102F100006900791FFF756FA002800D1E9E0013743
:102F20003800FFF761FA02000B0008980999FFF7D3
:102F300039FA002801D000270135002E00D1B7E072
:102F4000069513E0172306AA9B180A2138000134BE
:102F50001D19FEF773FF3031297038000A21013E38
:102F6000FEF76CFF092F00D8E1E00700202CE9D123
:102F7000069D20240CAB0693172706ABFF180DE027
:102F800028000A21FEF732FF01343031280039557C
:102F90000A21FEF72BFF051E00D1B7E0202CEFD150
:102FA0000323229A1340012B17D1219B002B14D00D
:102FB0000B9B002B00D1E3E0219B013B2193202BB5
:102FC0000BD93023219A06E006A9013417310B559D
:102FD000944200D3A0E0202CF6D1229B01940393CD
:102FE000219B0293069B21E0229B52460493219B46
:102FF0004946039358461E9B1F9C029600930194DA
:10300000434600F043F90400200015B0F0BCBB4675
:10301000B246A946A046F0BD229B5B070FD403220F
:10302000544B2299019203912199029100935246A7
:10303000434649465846FFF79FFD0400E4E7042253
:103040004D4BEEE71E9A1F9B00200021FFF731F940
:1030500001231E901F910B9324E70223229A5446CA
:103060001A40229B06929B0700D1ACE02600434DFC
:1030700008942F1F3200E87843464946013DD8475F
:103080000136BD42F6D1089C069B0434002BBBD010
:103090005746219AE31B9A42B6D9150022004346AF
:1030A000494620200134D847E31BAB42F6D3ABE7B7
:1030B0002800FFF79DF902000B001E981F99FFF7EB
:1030C000F8F82B4B002206000F00FFF765F90CAB58
:1030D0000693002800D04FE7002230003900244B2F
:1030E000FFF770F9002800D046E7012301359D4322
:1030F00042E70022069807991D4BFFF74DF900287B
:1031000000D01AE7002F59D1013716E70323229A7E
:103110001340012B00D1A6E0202C00D15DE70B9BD2
:10312000002B3AD02D23069A1355013455E7069DFE
:10313000202C00D11DE73023361906E006AA013401
:1031400017321355202C00D113E7A642F6D12E23B7
:103150000CAA0134069293550EE7C046FFFFEFFF1D
:10316000FFFFEF7F65CDCD4165CDCDC1B07C0010B7
:103170000000E03FE8790010E0790010F0790010DD
:103180000C23229A134257D0219B013B2193A34247
:1031900000D916E7202C00D11FE7229B5B0704D53E
:1031A0002B23069A1355013417E7229B1B0700D4E3
:1031B00013E72023069A135501340EE7FB0700D4CA
:1031C000BBE60137B9E6219B042B00D84EE75546F4
:1031D0004F46043CE4182A004346013539002020BC
:1031E000D847AC42F7D141E70227229B55461F4002
:1031F0009B0726D006975F46234EEC1C2A00B0782A
:10320000434649460135B847013EAC42F6D1069FD8
:10321000002F00D1F8E65746219AE31B9A4200D8C6
:10322000F2E6150022004346494620200134D847E3
:10323000E31BAB42F6D3E7E6219BA34200D9C0E6ED
:10324000CBE6219B032BD5D9069754464F46033D29
:10325000ED1822004346013439002020D847A5420A
:10326000F7D1069FC6E7219B002B00D154E70B9BAB
:10327000002B85D0219B013B21939C4200D2A0E6EC
:10328000202C00D04EE7A8E6EC790010F0B54546BA
:10329000DE4657464E46E0B59BB0249C259D8246AF
:1032A00088469346994622002B0020002900FFF70C
:1032B0008EF8002800D0C1E00122200029007C4BBC
:1032C0005242FFF77FF8002800D0B7E0012220002B
:1032D0002900784B5242FFF75FF8002800D0ADE09C
:1032E0000022002320002900FFF756F8002800D014
:1032F000BBE108940995089809998023289ADB0076
:103300001A400F928022289E1201164032000E961B
:10331000289E0F000A901E4200D0A4E00B00034339
:1033200000D0CBE0002A00D012E232000633269310
:10333000022313400C930223134200D00AE2279B7E
:10334000042B00D215E200270426043B0E93002232
:10335000002320002900FFF71FF8002800D0C8E153
:10336000554B289A134004930E9B0393269B02937C
:10337000089B099C0093019441464B465A4650468F
:10338000FFF74AFD02002020289B002503405942F8
:103390004B415B421840531C089341464B46453015
:1033A000D047FB17FC185C40FB0F1F270A93731EC6
:1033B0000E930AABFF1806E020000A21FEF73EFD3F
:1033C0000400202D08D00A212000FEF737FD01352A
:1033D00030317955092CEFD8052306930E9B5646BC
:1033E0000593002304930A3303930A9B41460293F7
:1033F00012AB009330004B46089A0195FFF710FC82
:103400000C9B002B28D05F46279BC41BA34223D9CB
:1034100082461D003A194B46414620200134B047F0
:10342000A542F7D850465946279C421A013200233C
:10343000944200D395E1013018180DE0289B0094C8
:1034400001950493279B0393269B02934B465A4670
:1034500041465046FFF7E0FC1BB0F0BCBB46B2460D
:10346000A946A046F0BD01432AD10E9B3200002B95
:1034700000D15DE70027269B0026BB4200DD82E1EC
:103480000022002320002900FEF786FF002800D03C
:103490004BE1289B084A02961A408023DB00134325
:1034A0000493279B0393089B099C00930194CDE709
:1034B000FFFFEF7FFFFFEFFFFFF7FFFF06232693DE
:1034C000B24B7800400DC018FEF792FFB04AB14BE6
:1034D000FEF71FFFB04AB14BFEF7F4FE3F03B04BBF
:1034E0003F0B3B430C900D9100220A981900AD4B05
:1034F000FEF7DFFEAC4AAD4BFEF70BFF02000B0000
:103500000C980D99FEF7DEFEFEF78AFF0700FEF726
:103510006FFFA74AA74B0A900B91FEF7FAFE002215
:10352000A54BFEF7CFFEFEF77BFFA44A06000A98E4
:103530000B99A34BFEF7EDFE0A900B913000FEF7BE
:1035400057FFA04AA04BFEF7E4FE02000B000A98CA
:103550000B99FEF7AEFE02000B000A900B91FEF7EE
:10356000D8FE0C900D910A980B9902000B00FEF703
:10357000A9FE0022109011910C980D99934BFEF723
:10358000AAFE0022924BFEF79DFE02000B000C9853
:103590000D99FEF7A0FE00228E4BFEF793FE02006F
:1035A0000B000C980D99FEF796FE0A9A0B9B0C9057
:1035B0000D9180210020C905FEF77BFE02000B0063
:1035C0000C980D99FEF77EFE02000B0010981199E1
:1035D000FEF781FE0022724BFEF774FE7E4B002246
:1035E000F6183305FEF795FE02000B000A900B91CA
:1035F00008980999FEF7D0FE002808D00A980B9980
:103600000022734BFEF767FE0A900B91013F0A9967
:103610000B9A0B0011003A006332C62A12D802221C
:103620002898042610400E9A0C90002A26D1279B39
:10363000042B05D9002800D0A1E0279B043B0E9362
:10364000042642E00222289810400E9A0C90002A8C
:1036500013D1279B052B00D889E0002800D084E0F7
:10366000279B0526053B0E9332E080231B069C46D4
:10367000AC446346089409933DE605260B4300D10C
:10368000F9E608980999554A554BFEF793FE00282C
:1036900008D0089809990022524BFEF77DFE0028B9
:1036A00000D0E8E6269B002B34D00F9B002B31D0B6
:1036B000269B013B2693279BB34204D90C9B002BEE
:1036C00059D002230C9300230E93002F00D13EE625
:1036D0000A9A0B9B08980999FEF7FDFD00220890B5
:1036E0000991002320002900FEF756FE002800D192
:1036F00036E6089C099D289A80203B4B0006134023
:10370000220004930E9B0393269B02932B18009296
:10371000019331E6279BB342D5D90C9B002B2AD0CD
:1037200000230E9302330C93CFE7289B2E4A802070
:10373000089C099D1A408023DB0013432200049358
:10374000279B000603932B180092019302967DE6B7
:10375000052695E600230E930233002704260C93DA
:10376000F5E54B1E1B191B1A65E602230C93052673
:10377000AEE70423E7E5279B9B1B0E93A5E70223F7
:1037800004260C93A1E7DB1B5E1E79E601FCFFFF1C
:10379000FB799F501344D33FB3C8608B288AC63F40
:1037A0000000F03F0000F83F61436F63A787D23FFE
:1037B00071A379094F930A400000E03F1655B5BB4D
:1037C000B16B0240EF39FAFE422EE63F00002C407A
:1037D0000000244000001840FF0300002D431CEBB4
:1037E000E2361A3F80842E41FFF7FFFFF0B55746BF
:1037F000DE464E464546E0B5A3B01F002C9B9246E0
:103800000C93C94AC94B8B460B901A60002900D112
:10381000BFE1002338789946002800D1C1E1C44BAC
:103820004C460993C34B0E935B460A9308E0220073
:1038300053460A990B9DA84701343878002876D062
:1038400001372528F3D110239B46083B9946043BBA
:103850009846033B002602259C463878791C0300D5
:10386000203BDBB2102B03D8099A9B00D3589F460C
:103870000300303B092B36D900252A2800D1A7E0C8
:1038800000230D932E283FD00300683BDBB2122BA0
:103890001BD80E9A9B00D3589F4663460F001E43C9
:1038A000DBE70F002E43D8E743460F001E43D4E763
:1038B0005B460F001E43D0E74B460F001E43CCE78C
:1038C000802378785B001E4301310F00672845D8BC
:1038D0002428ACD90300253BDBB2422BA7D896495C
:1038E0009B00CB589F460025AB005D196D002D183D
:1038F00008780F000300303B303D0131092BF3D92C
:1039000000230D932E28BFD13022802052429046B2
:10391000C000064378780B0080444246092A00D84C
:1039200051E12A2800D15EE10F000131ACE70A9B8A
:10393000A1469B46CA4503D801235B42534499469E
:1039400053464A46594600200B9DA847200023B005
:10395000F0BCBB46B246A946A046F0BD0300693B99
:10396000DBB20F2B00D962E7012199408846734AE8
:1039700011408B46110042460A4200D013E10A2B47
:103980002FD0072B00D052E70C9D01CD002800D18D
:1039900034E121231E43B0461F260D9A12ABF618C0
:1039A000A14694465946340002E0000920290AD075
:1039B0000F26064032003732092E00D8073A01316F
:1039C00062540F28F1D863464C468B460D9322E192
:1039D0000C9B20CB002D52DB78780C930F0001312B
:1039E0004EE70C9B0D9904CB90469B46002900D1D5
:1039F00028E1434618784144002801D100F029FC11
:103A00000D9A94460A0004E059780133002900D148
:103A100095E19A42F8D163460D934346D31A0F932A
:103A2000730500D46CE10F9B0D9A934200D90F925D
:103A300002231A0032400C92334200D191E20C93DF
:103A40000D9BB9461E1943461B1BA84622001F00AA
:103A50000B9D08E0541C53460A99A847385D00287E
:103A600000D163E122009642F4D145464F4634002E
:103A70000C9B002B00D097E15B460C93DDE6022205
:103A8000787816430F006D420C930131F8E6787890
:103A90006C2800D159E180235B001E43013114E7FB
:103AA00080239B0078781E4301310EE778786828E0
:103AB00000D150E1802301311E4306E7672800D181
:103AC000C2E0472800D134E1452800D134E1072184
:103AD0000C9B0D9A07338B431900049603950292B1
:103AE0000CC90B98009201930C91220053460A993D
:103AF000FFF7CCFB0400A0E6462800D1A8E0072190
:103B00000C9B0D9A07338B43190004960395029280
:103B10000CC90B98009201930C91220053460A990C
:103B2000FFF77AF9040088E6ED370010881E0020C0
:103B3000147B0010587B0010A47B00104190000003
:103B40002200534625200A990B9DA847013474E6AC
:103B50000C9B04339B46631C9846B60700D4FFE0D9
:103B60000C9B220018780A9953460B9EB0476419A3
:103B7000012D00D849E245460B9EB8460A9F2A000F
:103B80005346013539002020B047A542F7D14746BA
:103B900072E7DB4B38780B9300239946002800D05E
:103BA0003DE60024C6E66F2855D000D8BCE21023BD
:103BB000782800D19EE09E430A239C4600230F9361
:103BC0000A339B464DE000218A005218520001330F
:103BD0001118187830390200303A092AF4D90D91B9
:103BE0001F00591C50E60C9BB87804CB0237D14318
:103BF000C9170A400D920C93791C45E6102330003A
:103C0000984311331843802380463000DB0018406E
:103C10001E4200D1C0E643460693082305930D9B40
:103C20002200049310230393002302935B46019325
:103C30001AAB00930A9953460B98FEF7F1FF0C95C7
:103C40000400FAE50139D4E680231B011E433EE758
:103C500020231E4353E708239C4600230F93083379
:103C60009B4680233000DB0018401E4200D11AE141
:103C70000D233100994380230A009B001A4091468E
:103C8000194200D0C3E180230A005B001A4090462D
:103C90000C9A04320F92194200D08FE24B0600D5E5
:103CA00097E10B0600D4E5E20C9B1B8899464B4636
:103CB000002B00D005E210339943002800D100E228
:103CC000002398460D9B069104935B4603930023C3
:103CD000059502934346D9E0582808D0622878D148
:103CE00002239C4600230F9302339B46B9E720230F
:103CF0001E43103B9C4600230F9310339B46B0E7B6
:103D000002231A0032400C92334200D105E20C9398
:103D10004346B9460B9E0A9FA8461D1B22005346E8
:103D200039000134B047285D0028F7D145464F4699
:103D30009EE680231B011E4320231E43C7E66246E6
:103D40000D9242469B1A0F936AE6C0239B00B878F7
:103D50001E43F91CB9E5C023B8781E43F91CB4E52D
:103D6000012D00D84AE1631E9946A9444B465246AC
:103D70002600A146BA461C001700A8460B9D32003B
:103D80003B00013620200A99A847A642F7D13B0004
:103D900057469A464C460C9B320018780A9953466F
:103DA0000B9D4444A84767E6A0460F9B9D4200D860
:103DB00062E62C190B9E4546B8460A9FE41A2A0073
:103DC0005346013539002020B047A542F7D1474678
:103DD00052E680233200DB001A4090461E4200D19A
:103DE000F3E011218E43B4469846802362469B003F
:103DF0001A40934662461A4259D180235B001A400A
:103E000091460C9A04320F9262461A4200D0A0E109
:103E100063465B0600D5D4E063461B0600D412E27D
:103E20000C9B00229B5ED8171918414089B2DA0F0B
:103E30000C92002B00D187E188461F2612ABBB46AF
:103E40001495F71845464E46E046A14606E0280080
:103E50000A21FDF7F3FF0500202E08D00A212800D3
:103E6000FDF7ECFF01363031B955092DEFD84C463E
:103E7000C446B1465F46149D634606930D9B059567
:103E800004930A2303930C9B02934B4601931AABB2
:103E9000220000930A9953460B98FEF7C1FE0F9B30
:103EA00004000C93C9E40C2331009943E3E6082293
:103EB000072191460C9B07338B4399444A460ACB12
:103EC00008000C92DA0F9346184300D085E00023D7
:103ED00099464346002B2FD10022002310921193C4
:103EE00000231F26994612ABF6185B461495BB4675
:103EF000E04637000F934E46A146109C119D05E009
:103F0000752B001004000D00202E0CD00A22002377
:103F100020002900FDF7D0FF01363032BA55002DC0
:103F2000F0D1092CEED80F9B109411955F464C46AA
:103F3000C446B1469B46149D634606930D9B05956A
:103F400004930A2303935B4602934B4601931AABF7
:103F5000220000930A9953460B98FEF761FE040075
:103F60006BE40F9B9D4200D896E18023DB000C930D
:103F70000F9B2E19F61A43460F930D9BA8469946A0
:103F80005346BA461F000B9D22003B0001342020FF
:103F90000A99A847B442F7D10F9B454698464B462D
:103FA0000D933B0057469A4643461878002800D1A7
:103FB00062E56B1C0F930C9B002B00D1A8E600233D
:103FC0003DE50C9B1B78190031E710239E43B44656
:103FD0000BE70C9B1B78994669E6DA17129213924D
:103FE0004A401092129813990A005A401192109A5E
:103FF000119B121A8B411092119371E70C9B2200B6
:1040000018780A9953460B9CA047444634E5082289
:10401000072690460C9B0733B343984442460C92C4
:104020001A685B68149208931300089A134305D129
:104030001033994300239846002838D161208B061D
:1040400000D5412000231F2698465A4612ABF61889
:10405000030018920F9A0A3BB146169517941997C8
:104060004446664690469B46149F089D159103E082
:1040700007000D00202C13D0320000233800290047
:10408000FDF71AFF5B46D2B2D318092A01D81300F4
:1040900030334A4601341355A845E9D1BE42E7D929
:1040A000189BA0469B461599169D179C199F0D9B22
:1040B000069104935B4603930023059502934346C0
:1040C00044E761208B0600D541201F2612ABF21871
:1040D00003000A3B0C934B464646A146A8461C00EB
:1040E0005D461491BB46170002E00400202E0DD05F
:1040F00029002000FDF7A2FE0C9BCB18092901D84E
:104100000B0030330136BB55AC42EED25F464C4615
:10411000AB4614994546B046D4E50F9B9D4200D965
:1041200026E701330F93F3E5102332009A439446B8
:10413000692800D0A2E080233200DB001A409046BC
:104140001E4200D151E64CE64346002B00D093E6D8
:1041500073E60C9B1B68DA0F002B70D0D9175B1825
:104160004B4098461F2612ABF618A14614955C46A4
:104170004546BB46E04637000C9206E028000A217F
:10418000FDF75CFE0500202C08D00A212800FDF771
:1041900055FE013430313955092DEFD85F46C446FC
:1041A000A3464C46149D0C9A634606930D9B0595B9
:1041B00004930A23029203935B4667E60C9B1B68F9
:1041C0009846002B03D11033994300282DD161204C
:1041D0008B0600D541201F2612ABF61803000A3BC0
:1041E0004A460C93149143463100A846A1465E46C8
:1041F0001400BB461D000F0002E00500202C0DD06E
:1042000031002800FDF71AFE0C9BCB18092901D8B4
:104210000B00303301343B55B542EED223005F46EC
:104220004C464546B346994614990D9B0691049316
:104230005B4603930023059502934B4626E64346CF
:10424000002BB1D18EE70C9B1B68D8171918414081
:10425000EDE580233200DB001A400F921E420FD0A2
:104260000230020032400F92304219D00023A046A3
:104270000F939AE50C9B1B68994618E516009BE482
:1042800002231A0032400C92334200D08CE5002DFC
:1042900000D06DE6FFF7F0FB01330F93FFF7D0FB83
:1042A0000C93F4E700B585B00391012102900093CF
:1042B000034813004A4202A9FFF798FA05B000BD6F
:1042C000092E001010B5094A0300146884B0002CB0
:1042D00008D0012200910648524203A9A0470120BC
:1042E00004B010BD00F084F90020F9E7881E00201A
:1042F000F92D001000BEFDE77047C04610B5FFF76E
:10430000F9FFC04670B5FDF74DFC074D074EB542AD
:1043100009D20024013E761BB608013608CD0134CF
:104320009847B442FAD170BD6475001068750010EA
:10433000030010B5080011001B68984710BDC04667
:10434000F8B5437D07000D001600002B38D0002A79
:104350001ADD0B780A2B18D00020012E09D0012479
:1043600021006B5C01340A2B1AD0B442F8D186428A
:1043700003DD311A3B6828189847AD19013D2B78A9
:104380000D3B5A4253413B75F8BD037D002BE3D1F1
:1043900002210E483B689847012EEED00120DEE74F
:1043A0006B1E5B5C0D2BE0D0884203DA091A3B6878
:1043B00028189847054802213B6898472000D4E711
:1043C0000368110028009847DEE7C046007D001012
:1043D000F8B50B680D005A1CCB180A601871802ABA
:1043E00000D0F8BD0E4B1C68002C15D00D4E0F1DD3
:1043F00002E02469002C0FD02368002BF9D0336829
:10440000002B01D0A342F4D1200039002A68FFF725
:1044100097FF2469002CEFD100232B60E1E7C04611
:10442000781A0020801A0020F0B54646D6464F463E
:10443000C0B582B090461C0006000D00FDF7DAF80A
:1044400000232F4A12184B41002B02DA01222D4B78
:1044500052422D4908008A4603F036F881466B1C0B
:1044600003D1300002F0CEFF0500002C27D0274FEB
:10447000274B1C68002C18D04346002B21D1254B1C
:10448000984602E02469002C0FD02368002BF9D055
:1044900043461B68002B01D09C42F3D120002A0028
:1044A0003100B8472469002CEFD14B46002B23D1B3
:1044B000280002B0E0BCBA46B146A846F0BD164F8F
:1044C000D6E7144B984602E02469002CEDD023680F
:1044D000002BF9D043461B68002B01D0A342F3D137
:1044E0002A0031002000B8476B460A222000DA710A
:1044F000D91D093AB847E7E7504602F0DDFFD7E794
:1045000040420F00FFFFFF7FB0100020414300102A
:10451000781A0020801A0020314300100A4A1368DC
:10452000002B05D10CE01A001B691032002B07D0BC
:104530008342F8D1002902D11869106019617047CF
:104540000029FCD01060FAE7781A002010B500F0BE
:10455000A9F900F05DFB012010BDC046F0B5CE46C4
:10456000474680B583B06B460600DD1D2870FDF719
:1045700041F80023194A12184B41002B02DA01229C
:10458000174B524217490800894602F09DFF164B0F
:1045900080461C68002C14D0144F02E02469002CC3
:1045A0000FD02368002BF9D03B68002B01D09C4230
:1045B000F4D1200001222900FFF7C2FE2469002C5B
:1045C000EFD14346002B05D1300003B0C0BCB94643
:1045D000B046F0BD484602F06FFFF5E740420F00DD
:1045E000FFFFFF7FB0100020781A0020801A002003
:1045F00070B5040002F006FF01230100050001224E
:104600002000FFF711FF084B1C68002C06D06368E0
:10461000002B05D098472469002CF8D1280070BDE4
:104620002469002CF3D1F9E7781A0020F0B5CE46C2
:10463000474680B5A3B004000E00FCF7DBFF002363
:10464000264A12184B41002B02DA0122244B524217
:10465000244802F039FF00232200019380463300F2
:10466000214801A9FFF71EFE204F019B81463C68AF
:10467000002B19D0002C2FD01D4E02E02469002CF5
:104680000FD02368002BF9D03368002B01D0A34250
:10469000F4D12000019A02A9FFF752FE2469002CF0
:1046A000EFD100233C680193002C06D06368002BF7
:1046B0000CD098472469002CF8D14346002B07D131
:1046C000484623B0C0BCB946B046F0BD2469EBE70C
:1046D000044802F0F1FEF3E70194EEE740420F00D8
:1046E000FFFFFF7FB0100020D1430010781A002098
:1046F000801A00200FB400B583B004A901C901914C
:10470000FFF794FF03B008BC04B01847F0B50029C8
:1047100015DD0E4B0D271A680D4B0E4CD3185D425C
:104720006B41451820215B001E5F0478A64207D02C
:1047300093691942FCD101301460A842F5D1F0BD53
:1047400093691942FCD11760F2E7C046C41E0020ED
:104750000080FCBFC01E00201F4B30B51B680D1E23
:104760009C462ADD441E102100201C4B1A689369C8
:10477000194214D1013093691942FCD113682354B2
:104780008542F4D16346002B07D050239363516BCD
:10479000183B0B40124952181360280030BD634685
:1047A000002B07D050239363516B183B0B400C49EF
:1047B000521813600028F1D10BE0002B09D05022D1
:1047C000064B1B689A63596B183A0A4004495B18F8
:1047D0001A6003204042E1E7101A0020C41E0020A6
:1047E00034100000064B10B51B68002B06D00021CA
:1047F000044A12689163044A1068984710BDC04685
:10480000101A0020C41E0020181A00200822034B92
:1048100019688B691A42FCD17047C046C41E00203B
:1048200070B51A4E1A4B32680400D31858424341EF
:10483000184D143318002B68002C02D0002B0FD019
:1048400070BD002BFCD0060000219463FBF7DEFF57
:1048500030001149FCF718F9104B2C601C60EFE791
:104860002C6004000D4B19600B49FCF707F801217F
:104870002000FBF7CBFF502233689A63596B183A3C
:104880000A4007495B181A60DAE7C046C41E0020D8
:104890000080FCBF101A0020E5470010181A002005
:1048A000341000000D4B10B51B780D4B0D4C1B78D0
:1048B0000D4B02211B780D4B00202360FBF786FE79
:1048C00002210120FBF782FEE12120684902FCF76A
:1048D000E1FE01210648FFF721FE10BDE07F001038
:1048E000DC7F0010C41E0020D87F00100040034071
:1048F00050100020024B1860024B19607047C046F0
:10490000141A00201C1A002010B5024B1878FBF76F
:104910009BFF10BDDF1E0020154B70B51A68002AE2
:1049200022D0EFF3108172B610680028FCD0BFF3DC
:104930005F8F00200F4A596010701B68BFF35F8FB4
:10494000186081F31088002400250B4E3078FBF7A7
:104950006FFF002804D1002400252900200070BD2D
:104960003078FBF771FFF8E7FA240025A400ECE7A4
:10497000941E0020E01E0020DF1E002070B5050000
:1049800000200E0001F078FB002834D0002001F058
:1049900089FB00282FD0FCF72DFE0023174A1218A0
:1049A0004B41002B16DB164C200002F08DFD002839
:1049B00021D0002001F060FB00280FD10120002150
:1049C000404200F089FD03256D42200002F074FD95
:1049D000280070BD01220B4B5242E4E7002001F099
:1049E00061FB0028EAD029003200002001F064FBBE
:1049F000051EEAD1E7E703256D42E9E740420F00D3
:104A0000B81E0020FFFFFF7F10B5FCF7F3FD002369
:104A10000D4A12184B41002B02DA01220B4B524275
:104A20000B4802F051FD00280CD00120002140422B
:104A300000F052FD002001F083FB0028F5D104486E
:104A400002F03AFD10BDC04640420F00FFFFFF7F5D
:104A5000B81E0020F8B5CE46474680B505000C00CC
:104A6000FCF7C8FD0023344A12184B41002B02DA30
:104A70000122324B524232490800884602F024FD9E
:104A8000002803D1C0BCB946B046F8BD002001F0F3
:104A9000F3FA002848D00026002C41DD294B994626
:104AA00013E0A919002001F087FB07000120002175
:104AB000404200F011FD002001F042FBFCF79AFD9E
:104AC000204BF61903C3B4422ADD002001F094FB09
:104AD000A71B0200B84200DD3A00002AE1D1012004
:104AE0000021404200F0F8FC002001F029FB0020EA
:104AF00001F0C2FA002813D0002001F07DFB00284D
:104B0000E1D1FCF777FD4B460F000CCB002184462A
:104B10000D4812184B419F4202D8D4D19445D2D9A6
:104B2000404602F0C9FCADE700200021054B03C35D
:104B3000404602F0C1FCA5E740420F00FFFFFF7FA7
:104B4000B81E00200013002020A1070030B500216E
:104B500085B0284802F0A8FC00281CD1264B1A6812
:104B6000002A16D0EFF3108172B610680028FCD02E
:104B7000BFF35F8F01242148596002781B68D2B2CD
:104B80000470BFF35F8F0020186081F31088002A43
:104B900017D005B030BD01200021404200F09CFC40
:104BA000002001F07FFA0500124802F085FC002D7C
:104BB000EFD0134B1B68002BEBD0124A10689847BC
:104BC000E7E7FCF70DFB0400FCF714FDFA220023D5
:104BD000920012184B41002B02DA01220A4B52427A
:104BE0000121029100210191084920000091FCF768
:104BF000FBFACEE7B81E0020941E0020E01E002025
:104C0000141A00201C1A0020FFFFFF7F1949001012
:104C1000D02310B51B0684B01C68FCF7E1FAFCF742
:104C2000E1FBA04202D0002004B010BD284B0021BF
:104C300000201B7801F0A6FC26480368002B44D016
:104C40000120FCF765F8FF23234C2449207018400D
:104C5000FBF714FE20780121FBF7D8FD0520FBF7B8
:104C6000FDFD002824D1082200211D48FDF776FF14
:104C7000FCF7B6FA0400FCF7BDFCFA220023920010
:104C800012184B41002B02DA0122164B524201212D
:104C9000029100210191144920000091FCF7A4FA2F
:104CA0000028C0DB11480121FFF738FC0120BBE7D9
:104CB0000120FBF769FD01000948FCF789F8002293
:104CC00005200B49FBF704FEECE7FCF765F8B7E7B6
:104CD000E47F0010B81E0020DF1E00204D4B0010A6
:104CE000941E0020FFFFFF7F19490010681000206C
:104CF0000949001000487047987D0010004870472F
:104D0000447D001010B5040016480378002B20D015
:104D1000002C06D1144B15484380063BFF3B038013
:104D200010BD052C1CD8124BA400E4580F480123D9
:104D3000811C013C04E001330A800231142B0CD0A9
:104D4000E25C002AF7D1C022DBB25B009200134381
:104D5000E5E7112100F016F8DAE7CA239B00DEE749
:104D60000020DDE7C81E002009040000501A0020C2
:104D70002C7D001010B5024800F0F4F810BDC046BC
:104D8000AC1E002030B5012900D1BBE0744B0139C5
:104D90001A78121114003034092A00DDB5E00470CD
:104DA000012900D1DAE00F221C78224014003034AF
:104DB000092A00D9ACE04470022900D1CEE05A782B
:104DC0009446121114003034092A00DDA3E08470E7
:104DD000032900D1C2E064460F222240140030347F
:104DE000092A00D99AE0C470042900D1B6E09A7863
:104DF0009446121114003034092A00DD91E0047148
:104E0000052900D1AAE064460F2222401400303464
:104E1000092A00D988E04471062900D19EE0302596
:104E2000AC46DC7822119444092A00DD7FE062461A
:104E30008271072900D191E00F2222401400303402
:104E4000092A00D977E0C471082900D186E030250D
:104E5000AC461C7922119444092A00DD6EE06246BA
:104E60000272092900D179E00F2222401400303467
:104E7000092A67D844720A2900D16FE03025AC4670
:104E80005C7922119444092A5FDC624682720B2904
:104E900064D00F22224014003034092A59D8C47239
:104EA0000C295BD03025AC469C7922119444092A08
:104EB00002DD0735AC469444624602730D294DD09D
:104EC0000F22224014003034092A01D9373214004D
:104ED00044730E2942D0DA7913111C003034092BA7
:104EE00001DD37331C0084730F2937D00F231340A3
:104EF0001A003732092B01D830331A00C273102937
:104F00002CD010300023037030BD3732140046E738
:104F1000373214004FE73732140058E737321400A5
:104F200061E7373214006AE73732140073E7073558
:104F3000AC4694447BE73732140084E70735AC462F
:104F400094448CE73732140094E70735AC46944418
:104F50009BE737321400C4720C29A3D14018D1E763
:104F6000AC1E002010B588B004000D220021684658
:104F7000FDF7F4FD0D22002104A8FDF7EFFD6A46C0
:104F80004B236846137004A900230D2202F0B4FAE3
:104F90001521082220006944FDF7E6FD08B010BD88
:104FA0007047C0460022014B1A707047DE1E002079
:104FB0004B790020FF2B0BD18B79002B08D1CB79BB
:104FC000012B05D1082A03D9024B8A7809301A70BF
:104FD0007047C046DE1E00200120704710B5012931
:104FE00013D115495379107909781B020343002026
:104FF000994200D010BD5378012B08D0022BF9D173
:10500000642200210020FCF717FD0120F2E7D1788F
:1050100093780902194380230A005B001A40194261
:1050200006D00A06D20F480A03231940FCF78CFD6C
:1050300001204042F8E7C046DE1E002000487047CD
:10504000547E00109446012310B501290AD15278EC
:105050000023012A06D162461179527912020A43CD
:10506000072A01D0180010BDA6336146024A00F09D
:10507000EBFE0300F6E7C046AC7D00100123037091
:1050800000487047787E00104B780A781B02134363
:105090008A7810B512041A43CB781B061343962264
:1050A000D200934200D010BD0022012011004042E6
:1050B000FCF74AFDF8B500F03BF90C23194DFF222F
:1050C000AB6705201849FBF703FC184C4022002170
:1050D0002000FDF743FD4027002301262121144A2B
:1050E00066702783A260136063545F316184453921
:1050F0006354104A10496360E2602787A1620B6025
:105100006362E26202F0E8F980239B052E64EB649F
:1051100090230A4A0120EA508022094B5202DA64A5
:10512000F8BDC0460000115011050020841A00206F
:1051300084001050000110508000105010D0010069
:105140000020115010B501210520FBF75FFB10BDB9
:1051500010B500220021024800F00AF910BDC04637
:10516000A41A0020044B1970002904D08021902338
:10517000024A8902D1507047DA1E002000201150E7
:105180000B785B0600D070474B78052BFBD18A78F3
:10519000014B1A60F7E7C04600001150F8B5CE4643
:1051A0004746CB7880B59B079A0F1000012A58D04C
:1051B0008C780A794B797F211B022140E509134342
:1051C0004A0091462C4E52195201B2189470012493
:1051D0006C40547000245B055B0DD4701383D07653
:1051E000CA00012D2CD0254FD2198F01BC46B444E2
:1051F0006746BA60146000292CD0214AC90089187A
:1052000079603F339B09022832D09A014B461D4CEE
:105210005B1921685B01F6181B4B8A18F16022604C
:105220009A4227D8194A83064A401343802212061D
:105230001343726813600120C0BCB946B046F8BD84
:10524000134FD2198F01BC46B4446746BA6214604A
:10525000002908D100236D0175196B600D4BEB60BF
:10526000E9E70020E8E7094AC90089187962C8E738
:10527000DA01CBE7FCF790FC841A00208400105080
:1052800004001050901E0020FF0F1050000010501E
:10529000800010500001105010B502F01DF910BD33
:1052A0007F2010B508404000C90940181100044A89
:1052B000400180181A0000F05BF8012010BDC046C4
:1052C000841A00207F23180000B5084083B00B42E9
:1052D00004D14B424B41084A013393668022C909ED
:1052E0004000064B401840010021C018120102F096
:1052F00013F903B000BDC04600201150841A0020ED
:105300007F22130010B50B400A4200D110BDC9091D
:105310005B005B1804485B01C018002300220349AE
:10532000C37002F0F9F8F1E7841A0020FFF7FFFFDD
:1053300080220A4B520410B51A60094B09491A60C1
:1053400010000B689843FBD18022002152010648CF
:10535000FDF704FC0922054B5A6710BD00E0004030
:1053600000F0004008C00040000010500000115044
:10537000002310B5C3820133828283760161040069
:1053800002F07AF8002804D080219023074A89028D
:10539000D150200002F0A8F8002802D00123237782
:1053A00010BD200002F0B0F8FAE7C046002011500E
:1053B0007047C0467047C0460020704700207047C5
:1053C0007047C0467047C0467047C0467047C046E9
:1053D000024B5878431E9841C0B27047F015002028
:1053E000024B18784007C00F7047C046F0150020E8
:1053F000F0B5D6464F464646C0B52C4B814698463A
:105400001B788A46FF2B4BD100293BD00021542228
:105410002748FDF7A3FB0022264C274B20001A70DB
:10542000FBF7BAFC254B1C60254C2000143CFBF715
:10543000C1FC200001F098FB224B234D1C60234B44
:10544000002B04D02800FFF719FE214B1860002420
:105450002B78204F1E4E0DE0336862019B18002B05
:1054600010D05B68002B0DD0984701342B78E4B244
:10547000A34209D3A342EFD8E31A5B01DB195B68AF
:10548000002BF1D100200CE042464B4651464846E5
:105490001370FFF70FFE0028F4D04846FFF752FEC6
:1054A0000120E0BCBA46B146A846F0BD9C100020E1
:1054B000F0150020E8150020DB1E00204416002017
:1054C0009410002048160020D91E00207D500010A6
:1054D00008150020407F0010F0B5DE4657464E46C6
:1054E0004546E0B5C84B91B003931B78FF2B00D124
:1054F00042E1C64BC64E1F00C64B0DAC0293C64BD5
:10550000019335686A69EFF3108172B61368002B56
:10551000FCD0BFF35F8FA9612800210001F05AF988
:105520006A69AB69BFF35F8F0021116083F3108854
:10553000002800D120E16378082BE2D89B00FB58BB
:105540009F466368002BDCD0A0689847D9E77F228C
:105550002179B04D0A405300EB189846C8098044A1
:1055600040460123303005799D43057105790333A9
:105570009D430571002A00D105E14346A74A1B7DE2
:105580001278934200D3F5E0A54A5B011568ED1847
:10559000002D00D1F0E0A36862792078AD69A847BA
:1055A000AFE7A04B1A78002A00D1E5E01A78013A5B
:1055B0001A701B78002BA4D10122964D01212B7863
:1055C000042013432B703423EA5C8A43EA54EA5CD8
:1055D0008243EA540133EA5C8A43EA54EA5C824338
:1055E000EA54237800209B4600F088FC602223794F
:1055F0001A40602A00D1F1E0402A00D1F7E0DB0632
:10560000DB0E012B00D115E1022B00D1CAE0002BEB
:1056100000D0E3E0202A00D111E2002A00D0DDE032
:105620006379092B00D9D9E07F4A9B00D3589F4664
:10563000784D2B78DB0700D463E7FFF7C7FE60E700
:10564000029BDB78DB0700D45BE76068FFF7B2FE04
:1056500057E7704D2B78DB0700D452E72878000716
:10566000C00FFFF7B1FE4CE723786B4A994693468B
:105670006A4B6B4A984692463A00002547461B788B
:10568000B0464E4691460EE053461B686A019B1891
:10569000002B00D17DE0DB683000984701353B7876
:1056A000EDB2AB420CD3AB42EED8EB1A5B015B44DC
:1056B000DB683000984701353B78EDB2AB42F2D25F
:1056C000544D542200212800FDF748FA1022FF21F2
:1056D000281DFDF743FA28002022FF2114304646FA
:1056E0004F46FDF73BFA00F0FFFB2379AB7008E76C
:1056F00023784B4A9946494B924698463200BB461E
:105700004E460025474691461B780DE053461B68E0
:105710006A019B18002B40D0DB68300098470135A8
:105720003B78EDB2AB420DD39D42EFD3019AEB1A19
:105730005B01D318DB683000984701353B78EDB248
:10574000AB42F1D2029D542200212800FDF706FA57
:105750001022FF213548FDF701FA28002022FF2101
:1057600014304E465F46FDF7F9F900F0BDFBFFF738
:1057700029FEC6E6934213D011B0F0BCBB46B24638
:10578000A946A046F0BDA3686279207800F0CAFB64
:10579000B7E646464F461F4DA5E74E465F46E4E74F
:1057A0001D4DF8E67023217A0B4217D1C8098246B5
:1057B0000F330B405B0098461848EB1853441B7D91
:1057C0000078834264D216485B01006881469944A0
:1057D000002A00D155E14B46002B61D120780021F1
:1057E000FFF770FD80212078FFF76CFD89E61048F7
:1057F00000F084FB012158460EAAFFF723FC002885
:1058000000D07EE6EAE7C0469C100020987E00109B
:1058100048160020F0150020407F0010D91E0020FF
:1058200008150020DB1E0020BC7E0010F4150020AF
:1058300045500010237A22890F2BCFD8FF23134025
:10584000D14AEB181B791278934234D3C6D1CF4D8D
:10585000686900F053FB012158466B690EAA98470E
:10586000002800D04DE66022150023791D401A4221
:10587000B4D163790A3B012BB0D800F03FFB6379C8
:105880000A2B00D18AE158460EA900F0C7FA38E683
:10589000834200D0F0E0BD4B9946002A00D1F0E0F1
:1058A0004B46586900F02AFB4B46012158465B697C
:1058B0000EAA9847A3E7B64A5B011568ED18002DBC
:1058C000C6D18BE7A37999466B789945DBD06B7885
:1058D000002B00D02CE14B466B70002B00D124E153
:1058E00048460138C0B2FFF709FA002800D174E138
:1058F00043780793022B00D06FE10122C179B146B2
:105900008B11491113400A40302112015B011343EE
:105910002A78A8468A4313432B7009239A46824467
:105920005646BA46C37882781B021343C3180593C0
:10593000954B0493954B0893954B0993954B0A937C
:10594000059BB34200D84BE1737801220B2B03D1A6
:105950003378F278F6187378042B00D03AE1059B7F
:1059600000279B1B9BB20693049B0B921D7819E0AA
:10597000099A7B011568ED18002D00D12AE131004C
:1059800058462B69069A98478446082803D9069AF0
:10599000824200D30BE1049B01371D78FFB2BD4268
:1059A00000D217E1BD42E3D8089B7D1B6D015D1954
:1059B000E5E76B780CAA02321370584601230EA952
:1059C00000F042FA9DE5E088030AC0B20F2B00D92F
:1059D00004E771499A008A5897460EA800F094FA95
:1059E0005846A179FFF7B4FB02222B7813432B70A2
:1059F00087E5E388012B00D0F0E608222B78584693
:105A000093430EA92B7000F009FA7AE50220297859
:105A10000CAB9A1C8B068908DB0F01400B431380EB
:105A2000584602230EA900F00FFA6AE5E388012B1D
:105A300000D0D3E608222B7813432B7023E7237A78
:105A400022890F2B00D9C9E6FF2313404E4AEB18D9
:105A50001B791278934228D24D4A5B011568ED18E4
:105A6000002D00D1BAE6686900F048FA01215846D5
:105A70006B690EAA9847C2E6002A00D0AEE6002362
:105A8000994662790220130004928343012B11D0BE
:105A9000002A00D0A2E62B004344534430331B7944
:105AA0000CAA9B07DB0F0232B9E7934200D095E6C0
:105AB000364DD8E7E388002B12D1039B1878049B5E
:105AC000012B23D0FFF7FEFB43460221EB18534482
:105AD00030331A790A4301211A711A790A431A716B
:105AE0004B46002B00D10CE5586900F007FA4B46F5
:105AF00001215B690EAA58469847002000F0FEF984
:105B00003523EB5CDB0700D5FBE4BCE6FFF7F8FBD5
:105B100043460221EB18534430331A798A431A71F1
:105B20001A7904998A431A71DAE7FFF74BFCAAE65F
:105B300000215846FFF716FB5846FFF7ADFB002241
:105B40009246124AAB780592114A049306922A00B3
:105B50000D4B5546984692461B780EE0069B6A010F
:105B60001B689B18002B54D0DB6858469847434667
:105B700001351B78EDB2AB4237D3AB42EED8059A74
:105B8000EB1A5B01D318EFE7D91E0020407F00100D
:105B90000815002004160020E47E00100CAB9A1CAF
:105BA000584601230EA9157000F04EF9A9E40B9A8E
:105BB000012A4CD0002A3CD00023B07804E0013305
:105BC000DBB20F71934234D2C118C9B241440D798E
:105BD000FF2DF4D04E464546574600236B70FDE539
:105BE0004E465746FFF7ECFB4DE655465422002142
:105BF0002800FCF7B3FF1022FF21281DFCF7AEFFA1
:105C000028002022FF211430FCF7A8FF049BAB7072
:105C100061E65546FAE7FFF711FA021E00D1DDE50D
:105C2000D37891781B020B4358460EA900F00CF96B
:105C3000E5E565463B0031002A000A9800F046FD84
:105C4000049B76191B78BB4200D379E6C2E7174B59
:105C500029699942B0D1079AAEE7FFF7ADFB021E62
:105C600000D1BBE5584613780EA900F0EDF8C6E563
:105C70002189FFF747F8021EF4D1AFE5022B0FD0C0
:105C8000FFF79CFB021ECBD1A8E5FFF733F8021EFD
:105C900000D1A3E5122358460EA900F0D5F8AEE5D1
:105CA000FFF72CF8021EBBD198E5C046F562001044
:105CB000F0B54F464646D646C0B50C0016001F004C
:105CC00082B0002A3AD0702398461D4B0025994691
:105CD0001C4B9A461AE04B461B7820000193534612
:105CE000997800F0B9FC00281CD021000198FFF73A
:105CF00055FA002816D0A378DA09012A19D00A9A91
:105D000001351370B54219DA2378E4186378052B4E
:105D100008D1E3789B079B0FBB4203D14246A3788F
:105D20001A42D8D0002002B0E0BCBA46B146A8461C
:105D3000F0BD0B9A01351370B542E5DB0120F2E7A7
:105D40009C100020F0150020702270B58B780C009C
:105D50001A4201D0002070BD064B20001D78064B72
:105D6000997800F079FC0028F4D021002800FFF792
:105D700015FAF0E79C100020F01500207F20074B5B
:105D800010B51A680840CB0934334000C018044BE2
:105D90001100C01800F01CFC10BDC04644160020C5
:105DA000F01500207F20074B10B51A680840CB097A
:105DB00034334000C018044B1100C01800F030FC10
:105DC00010BDC04644160020F015002070B57F2499
:105DD000C80984460C400F486400041964443034F8
:105DE0002079C00701D5002070BD0B48012500783F
:105DF00084462079284320716046FFF751FA002835
:105E0000F2D10122237993432371237903329343FF
:105E10002371E8E7F01500209C10002070B5094CB4
:105E20000600082220000D00FCF79EFE00238021C2
:105E3000E360A3602B783000994300220023FFF732
:105E4000C5FF70BDD0150020F0B5C646244C170024
:105E500080460822200000B50D001E00FCF784FEDD
:105E60000023A760E381EB79AA791B0213431A1C74
:105E7000B34200D9321C96B2A281002B0CD0002E66
:105E800015D0002F2AD0402E1AD8237896B27F2B17
:105E90001BD80021134A0EE080212B780022994361
:105EA00040460023FFF792FF80BCB846F0BD7F2339
:105EB00000222178994333004046FFF787FFF3E73C
:105EC0004022237896B27F2BE3D9064C320039006A
:105ED0002000FCF749FE80212200ECE70020E3E7E8
:105EE000D01500209015002010B514220021024882
:105EF000FCF734FE10BDC046D0150020014B1861E0
:105F00007047C046D015002010B5054C010008228E
:105F10002000FCF729FE0023A360E36010BDC0460B
:105F2000D015002070B5374C1D0023780600DA0923
:105F3000C9098A4210D00020002D00D070BD210078
:105F40003000FFF71DF92369002B03D02200032145
:105F5000300098470120F1E77F2B06D8A068002881
:105F6000ECD02A002849FCF7FFFDE289A16852190C
:105F7000E38892B24919E281A160934214D03F2D87
:105F800012D9A389981A051C80B2402828D82078F5
:105F9000ADB27F2826D800219A4230D01A4A2B0071
:105FA0003000FFF713FFC9E72369002B05D022005B
:105FB000022130009847002808D080212378002251
:105FC000994330000023FFF701FFB7E700213000BD
:105FD000FFF778F930008021FFF774F90120ADE771
:105FE0004025D4E79A4207D0074C2A002000FCF74E
:105FF000BBFD80212200D2E780210022CFE70022D2
:10600000CDE7C046D01500209015002070B50400E3
:10601000FFF7DEF9002800D170BDFFF7E1F9002895
:10602000FAD1C8236343124A2500D418E178002925
:10603000F2D010339E18300000F0B6FB3F28EBD9A9
:106040000020E178FFF79AFE0028E5D0300000F04C
:10605000ABFBE1783F2807D9064BEA01D2180020B4
:106060004023FFF7B3FED7E70020FFF79BFED3E7FF
:10607000B81000200C15002010B50400FFF7A8F997
:10608000002801D1002010BDFFF7AAF90028F9D19E
:10609000C8226243024B01309B181B791840F2E77B
:1060A000B8100020C82310B543430248181800F068
:1060B0005DFB10BDC8100020F8B5C82343431D4D3B
:1060C0001033EE18802304005B029A4200D31A4A70
:1060D000300092B200F0CCFB0700FFF779F90028FE
:1060E00001D13800F8BDFFF77BF90028F9D1C823AA
:1060F0006343ED18EB78002BF3D0300000F054FB35
:106100003F28EED90020E978FFF738FE0028E8D0D4
:10611000300000F049FBE9783F2807D9074BE2013E
:10612000D21800204023FFF751FEDAE70020FFF7E6
:1061300039FED6E7B8100020FFFF00000C15002044
:10614000F8B50400FFF744F9002801D10020F8BD9C
:10615000FFF746F90028F9D1C82325005D432B003D
:10616000134E2433F718380000F000FB0028EDD060
:1061700075190020A978FFF701FE0028E6D00D4A26
:10618000E3019C1821004022380000F071FBA9783F
:106190000300051E07D022000020FFF717FE00288D
:1061A000D4D02800D3E70020FFF7FCFDCEE7C0469F
:1061B000B81000204C15002070B5C82444430C4B87
:1061C0000500E41880235B029A4200D3094A2000AC
:1061D00092B200F015FC0600200000F0C7FA3F283C
:1061E00001D8300070BD2800FFF7AAFFF9E7C046CC
:1061F000DC100020FFFF0000C82310B54343024815
:10620000181800F0D1FA10BDDC100020F0B5002500
:10621000184C83B0C82200212000FCF79FFC164BCD
:1062200021001D70FF236371E1235B02A360200046
:1062300008234022A37338310095073B103000F04B
:106240005FFA270001232100200026004022783138
:106250000093B837243000F053FAC0363800FAF70C
:106260009BFD3000FAF798FDE561276226636563C0
:1062700003B0F0BDB81000208C1500200A4B196B3C
:106280001A6A00290CD0002A07D00022DA615A636A
:106290001A6300221A62012070475A631A63FAE7F0
:1062A000002AF8D0D961F4E7B810002070B50522B3
:1062B00000210D48FCF752FC0C4D2B78DA0707D56E
:1062C0000B4C9B070CD50121200000F06DFC70BD2C
:1062D0000548103000F048FC2B78054C9B07F2D4A1
:1062E000200000F041FCEEE7B81000208C150020E3
:1062F000DC100020F0B54B79070083B0022B02D1EF
:106300008B79022B03D00024200003B0F0BD214B79
:106310001E009B78002BF6D18B78092433700D7802
:106320004D196B78242B07D00CE02B78ED181C1935
:106330006B78A4B2242B05D1A242F6D20020FFF73D
:1063400065FEE1E71A00052B15D0042AF6D16B791A
:106350000A2BF3D1104B2E780193013300933800B0
:106360000223A919023AFFF7A3FC0028CBD00E3470
:10637000A419A4B2E2E729003800FFF7E5FC0028E1
:10638000C1D0AB7873702B781C19ED186A78A4B261
:10639000DBE7C046B8100020BA10002060238C460E
:1063A0001100127870B513400022202B08D1324C16
:1063B0004B7926000D7924781B022B439C4201D097
:1063C000100070BD4B78222B1CD008D8202B39D060
:1063D000212BF5D16346012B43D00122F0E7232B7B
:1063E000EED16346012B42D0032BF6D1234B002B79
:1063F000F3D08B78C97800200902194300E000BF70
:106400000122DDE76346012B31D0032BE5D10125C5
:10641000CB788A781B0213431C001D4033000121F6
:10642000243318006940347100F0BEFB144B002B7C
:10643000D3D0012362081A402900002000E000BFE9
:106440000122BDE76346012B0BD0032BC5D10D4BB9
:10645000002BC2D0310000200831FEF715FE0122CA
:10646000AEE7094A0723FFF7EFFC0122A8E7FFF791
:10647000D5FC0122A4E7C046B810002000000000AF
:106480000000000089500010C0100020F8B54746F9
:10649000CE4680B5344C1F00E37880460D008B4219
:1064A0003BD0A37800208B4211D0C0BCB946B04687
:1064B000F8BD2E4B002B04D02D4800F06DF90028BC
:1064C0004FD00020FFF7A2FDA378AB420AD1294BA1
:1064D000002B02D0002000E000BF0020FFF730FEBC
:1064E000002801D00120E0E7234C200000F03EF915
:1064F0000028F7D1002FF5D0BB06F3D1243C40464D
:10650000A178FFF73BFC0028ECD000230022404696
:10651000A178FFF75BFC0120C7E7184E1448310053
:10652000BAB200F06DFA164B002BC2D06379FF2B84
:10653000BFD0002FBDD0BC46B444E14603E00136D5
:106540004E45B6D0637932789A42F8D1084800F0C7
:1065500023F90028F3D1064B103B597900E000BF26
:10656000EDE700E000BFACE7B8100020000000003D
:10657000C810002000000000DC1000200C150020D6
:106580000000000000B5030083B0002910D00020F7
:10659000012B07D80A78002A04D00C48C2540120E5
:1065A000012A01D003B000BD1800FEF721FFF9E772
:1065B00001236A46002001A99380FEF719FF0028F5
:1065C000F0D00122014B1A70ECE7C046E415002020
:1065D00070B5040023780800DB070E00DD0F002BE8
:1065E00016D123785B0701D5280070BD01214942EF
:1065F00000F052FF2378DB07DD0F002B0AD1237850
:106600005B0708D40422237801251343237002E09A
:106610000025E9E70025300000F04EFFE4E7C04622
:1066200070B50D00012104004942280000F034FF3C
:1066300023785B07DE0F002B04DB280000F03CFF13
:10664000300070BD2378DB0704D404222378934301
:106650002370F2E70026F0E7437902791B02134327
:10666000C2785B0592075B0D920F022A1AD0032AAB
:106670000BD00020012A07D102394A425141104A69
:10668000891899424041C0B2704702394A1E91416F
:106690000C4A4942114080220020D20089189942B8
:1066A0004041F1E7022904D0002040229A424041B3
:1066B000EAE7054A981843425841C0B2E4E7C046A9
:1066C000FF03000040FCFFFF00FEFFFF8446881828
:1066D00030B51C00814206D24A78052A04D00A78D7
:1066E00089188842F8D830BD7F228B781A40520032
:1066F0006244DB09D4540A7889188842ECD8F2E75E
:10670000F0B5C64600B598466B461E7E8023040051
:106710000F0015001B029A4226D8C068002803D03B
:106720000121494200F0B8FE2069002803D0012170
:10673000494200F0B1FE42465204F303520C1343A7
:10674000E3800023E06863812760A580238100281F
:1067500001D000F0B1FE2069002801D000F0ACFEAD
:10676000012080BCB846F0BD0020FAE703894189CA
:106770009C4682889BB288B28C4507D31B1A9BB279
:10678000101C9A4200D9181C80B270475100091A97
:106790005B189BB2F4E7C04603894089181A43424C
:1067A0005841C0B27047C046038941899C468288DF
:1067B0009BB288B28C4507D31B1A9BB200209A4229
:1067C00001D9D21A90B270475100091A5B189BB2D6
:1067D000F4E7C04670B5040000690D00002803D03E
:1067E0000121494200F058FE238962899C4698B2F3
:1067F00091B2A388944532D3421A92B2002A27D08C
:10680000934208D298422FD3C01A81B261818B4241
:1068100003D8C91A89B28B42FBD9E2882368520493
:10682000520C514328005918FCF79EF96189012543
:106830004A1C92B2A38891420DD900225B00D21A61
:1068400020696281002801D000F036FE280070BD6A
:106850000025628992B25B009A42F1DBEFE75A00B1
:10686000521A821892B2C9E7C01881B26181CEE78C
:10687000F0B54646D6464F46C0B5060000698A4682
:10688000904682B0002803D00121494200F004FE66
:1068900031897289B5888BB294B2914255D31F1B4E
:1068A000BFB2002F4BD0BD4205D2AB4252D25B19D2
:1068B0009CB22F0074814346B8453ED89FB2A54292
:1068C00003D8641BA4B2A542FBD9F28831685204F4
:1068D000500C020062432B1B9BB2891801900200EE
:1068E0009F4225D943439BB21A0050469946FCF774
:1068F0003BF95046019A7D1B641954433168484462
:10690000A2B2FCF731F97189B588CB199BB26A0044
:10691000994216D99B1A30697381002801D000F082
:10692000CBFD380002B0E0BCBA46B146A846F0BD87
:1069300050467A43FCF718F9E5E73B1CBEE773893C
:106940009BB26A009342E6DBE4E76F003F1BDF196E
:10695000BFB2A6E75B1B9CB2ABE7C046F8B504002C
:10696000C0680F00002803D00121494200F094FDC7
:10697000258920896189A288ADB283B28EB288420E
:1069800028D39B1B9BB29A4209D8E679F60906D117
:10699000E068002801D000F08FFD3000F8BD2B002A
:1069A00095421CD39B1A9BB29342FBD2E28820688B
:1069B0005204520C53433900C018FCF7D5F86B1C35
:1069C0009BB2A2889D4216D9002352009B1A012631
:1069D0002381DDE75100891B5B189BB2D3E7E28876
:1069E00020685204520C53433900C018FCF7BCF81D
:1069F0000135A288ABB252009342E8DBE6E7C0461D
:106A0000F0B54E464546DE465746E0B58946050098
:106A1000160083B0002A6BD0C068002803D0012183
:106A2000494200F039FD2F89EA79BBB298466B895B
:106A3000AF889BB2D2093DD1984562D27A00D31A71
:106A400043449BB2BB4261D2FB1A1A1C9BB2B342B5
:106A500000D9321C96B2F31B01934346F3189BB244
:106A60009B46EA884446B84503D3E41BA4B2BC4223
:106A7000FBD252043B1B570C3A00624328689BB27E
:106A80008018B34256D33A0049467243FCF76CF87B
:106A9000AB885B00D84501D89B4502DB5A46D31A28
:106AA0009B465B4637002B81E868002821D000F028
:106AB00003FD1EE0BE422BD298454CD34246D21A6B
:106AC00092B27900F01B921901908A42C5DBDA1963
:106AD00092B29346921B92B29046934240D943465B
:106AE000591A8BB29846F3189BB29B46EA88B9E7CD
:106AF0000027380003B0F0BCBB46B246A946A0460A
:106B0000F0BD4246D31A9BB2BB429DD30027CBE7D0
:106B1000002FC9D0CC46EA88F61B5104490C7143BA
:106B200098468C44D919002389B2E1468B463E0031
:106B3000019397E77B439BB21A0049469A46FCF7BC
:106B400013F84946019B2868E2187A43514492B2EF
:106B5000FCF70AF89CE77900CA1A424492B2B1E7FE
:106B60009142BCDDC2E7C04610B50400C0680028F1
:106B700003D00121494200F08FFC2069002803D096
:106B80000121494200F088FC0023E06863812381F1
:106B9000002801D000F090FC2069002801D000F00E
:106BA0008BFC012010BDC04670B50400C0680D000C
:106BB000002803D00121494200F06EFC2069002822
:106BC00003D00121494200F067FC7F21E279EB010B
:106BD0001140E0681943E171002801D000F06CFC1D
:106BE0002069002801D000F067FC012070BDC0467C
:106BF000F0B5DE4657464E464546E0B5060083B042
:106C00001F000CAB08001978002393463268D36646
:106C100001335060D366002F3BDD7B1E9946012374
:106C20004B409A460020802440238846556F102D03
:106C3000FCD00025AC46002802D13579A9028C464B
:106C40004D46411B4D424D4151460D4061466D023E
:106C50000D43802149000D43414615611559556B7F
:106C60002B420AD00120536D4042317103B0F0BC79
:106C7000BB46B246A946A046F0BD956F002DEDD0AB
:106C80008846594612690A540130874203D0326857
:106C9000CCE70020E9E74146E7E7C046F0B54E46BD
:106CA0004546DE4657468446E0B585B098460EAB6D
:106CB00091461A786346080019680023CB660133B1
:106CC0004860CB6643460392002B4EDD01275E1ED3
:106CD0006346802457401A79A24680254C4692028A
:106CE000002010239146AD000194841B6242624152
:106CF000019C3A40245C520222434C462243019CB0
:106D00000A614A6B1342FCD052468A58019491465C
:106D1000002A10D1B04223D0002201309146804594
:106D2000E3D16346039A1A7105B0F0BCBB46B24684
:106D3000A946A046F0BD4A6D012293464A6B2A42FD
:106D4000FCD00A6E5A460194002AE5D04C46002C2D
:106D500003D009232340082BE3D001204042E0E781
:106D6000039A002AD8D19346E8E70020D9E7C04625
:106D7000F0B5D6464F4646468246C0B505200C00C3
:106D8000FAF7FCFD0500600821004019FBF756F8F2
:106D900047003F18060005213800FBF74FF8A046D2
:106DA0001C4B321A040068009146401998452BD8B4
:106DB0001949FBF743F80130534600221B68DA6695
:106DC00019680432514002320A40802149015918A1
:106DD0000A604A46DA6101221C624F2F00D922095B
:106DE000A0215A50DA6F310050400C4A00049A1822
:106DF000000C106001222800DA66FBF71FF8E0BCE7
:106E0000BA46B146A846F0BD0549FBF717F8013070
:106E1000D2E7C0463F420F00809698007C100000E9
:106E200040787D01104A70B5821A531E9A4107239B
:106E300052429A430D4B10321A600D4B0D4C1A60A2
:106E4000150023689D432B1EFAD166240268FF3487
:106E50000571D5661460633C8833FF3CD563956348
:106E6000D450FFF785FF70BDA010002000E0004067
:106E700000F0004008C0004010B582B06C46247C91
:106E80000094FFF70BFF02B010BDC04610B582B0F2
:106E90006C46247C0094FFF7ABFE02B010BDC046E8
:106EA00010B54A08012100F059FA10BDF0B50500EF
:106EB0002D241D4E83B0325DA1B22800013400F0B4
:106EC0004DFA882CF7D140228721280000F046FA9D
:106ED0006B460127DC1D22003021280000F018FA43
:106EE000220031212800267800F012FA0028F2D181
:106EF000237836095E403742EDD0012286212800F2
:106F000000F02CFA00228721280000F027FA09223D
:106F10000821280000F022FA00220B21280000F0AE
:106F20001DFA03B0F0BDC046337F001010B501223A
:106F3000862100F013FA10BD10B54022872100F021
:106F40000DFA10BDF0B583B06B460500DC1D2200C4
:106F50000F00302100F0DCF92200312128002678D2
:106F600000F0D6F9002805D1227833095A400123D0
:106F700013403B7003B0F0BD70B582B06B46DE1DB0
:106F80000C0032004B21050000F0C2F93378142BBD
:106F90001CD0002817D1642C45D028D8212C23D010
:106FA000322C3DD0142C0ED122241E225E2128002A
:106FB00000F0EEF9220006006121280000F0E8F957
:106FC000304340B200E0012002B070BD0028FAD189
:106FD000322C30D014D8142C38D0212C28D00F2C9F
:106FE000F1D127241D22E1E76E246022DEE7C82CC0
:106FF00012D0FA235B009C42E5D1164C164AD5E725
:10700000C82C20D0FA235B009C4219D0642CDAD122
:10701000E224124AA400C9E7BE24114AA400C5E72D
:10702000C624AD22C2E7F524E62264005200BDE783
:107030006E24D622BAE7F424D72264005200B5E7C2
:10704000084C094AB2E7094C094AAFE76E245122BD
:10705000ACE7C046A40400008F040000E102000079
:10706000D9020000C105000091050000960400004F
:10707000E103000070B582B06B469D1D2A000E0032
:107080005E21040000F01CF9D7222B8852009342A5
:1070900000D17DE011D8512B00D187E069D80F25B0
:1070A0001D2B00D06FE0002803D1012E41D0022E0D
:1070B00013D00120404202B070BD3E4A934269D0D5
:1070C0006AD83D4A934265D03C4A934270D0163A02
:1070D000FF3A64259342E6D0EBE70A224B212000D9
:1070E00000F03CF90F2206006021200000F036F984
:1070F0000D2263210643200000F030F9B8226921F7
:107100000643200000F02AF92D4A0643782120008A
:1071100000F03EF92B4A06437A21200000F038F9AE
:10712000304340B20028C6D129002000FFF724FFD9
:10713000C1E714224B21200000F010F907220600BD
:107140006021200000F00AF9052263210643200097
:1071500000F004F9382269210643200000F0FEF80F
:10716000194A06437821200000F012F9174A064315
:10717000D2E7AD2B0CD02125D62B00D193E7602B85
:1071800000D190E795E705351E2B00D18BE790E7FE
:10719000322588E7C82586E70D4A934203D00D4A79
:1071A000934200D085E7FA256D007CE714257AE745
:1071B000642578E7E1030000D9020000E102000045
:1071C0000D0F00000E0E000005070000060600006F
:1071D0008F04000091050000F0B583B06A46941D4D
:1071E00022000F00DE21050000F06AF82388060067
:1071F0009B05980D20807843FBF7F6F8074B084A6B
:10720000FBF787F8FBF730F96C210200280000F04B
:10721000D9F83300034358B203B0F0BD3333F13F24
:107220003333333330B583B06B469C1D1023FF33AB
:107230000D002200190000F043F823882B8003B0D2
:1072400030BDC04630B583B06B469C1D0D0022009A
:10725000962100F035F823882B8003B030BDC0465E
:1072600030B5144B83B00500196008001249FFF7D0
:10727000D9FD03210420F9F7A9F903210520F9F725
:10728000A5F9002201210420F9F7B8F90022012113
:107290000520F9F7B3F96B469C1D21002800FFF784
:1072A000C1FF2288054B9A4201D103B030BD0120B5
:1072B0004042FAE7841E0020A0860100CCEA0000CC
:1072C000F0B500261500104F104A83B049BAC4B279
:1072D00011803868022321000096FFF7CDFD0228B7
:1072E0000FD1022338682A0021000096FFF7CEFD57
:1072F0000238431E984140422B885BBA2B8003B072
:10730000F0BD01204042F7E7841E00200C18002049
:10731000F0B5002517000F4E0F4A83B049BAC4B22A
:1073200011803068022321000095FFF7A5FD022897
:107330000CD1012330683A0021000095FFF7A6FD2B
:107340000138431E9841404203B0F0BD0120404245
:10735000FAE7C046841E00200C180020130000B578
:10736000094A83B09370094B49BA1180C1B21868B9
:10737000002300930333FFF77FFD0338431E98413A
:10738000404203B000BDC0460C180020841E0020FF
:10739000130000B5094A5BBA83B05380084B49BA61
:1073A0001180C1B21868002300930433FFF764FD15
:1073B0000438431E9841404203B000BD0C18002021
:1073C000841E002030B50D4C85B012BA49BA0500B4
:1073D00003922180042203A9A01CFBF7C5FB084BE4
:1073E000220018680023E9B200930633FFF744FD3A
:1073F0000638431E9841404205B030BD0C180020AD
:10740000841E0020030084469B070BD00300032149
:1074100002E001330B4206D01A78002AF9D1624605
:10742000981A7047030019680C4A0D488A188A4355
:1074300002420FD15968094A04338A188A4302422A
:1074400008D15968054A04338A188A430242F1D0A8
:1074500000E001331A78002AFBD1E0E7FFFEFEFED0
:10746000808080800000000001B40248844601BC96
:10747000604700BF090F002001B40248844601BCE8
:10748000604700BFD90B002001B40248844601BC0C
:10749000604700BF090F002001B40248844601BCC8
:1074A000604700BF9901002001B40248844601BC36
:1074B000604700BFC100002001B40248844601BCFF
:1074C000604700BF2502002001B40248844601BC89
:1074D000604700BF0101002001B40248844601BC9E
:1074E000604700BF2104002001B40248844601BC6B
:1074F000604700BF010C002001B40248844601BC73
:10750000604700BFD902002001B40248844601BC94
:10751000604700BF8D0C002001B40248844601BCC6
:10752000604700BF3D0C0020CD1B0010F91B001070
:10753000DD1D00104D2B001081240010B92A001011
:10754000051D0010151C0010351C0010491C0010F2
:10755000490D0010511C001015110010951B001052
:08756000C5070010754D001075
:107568000A496E697469616C697A696E6720257366
:107578002073656E736F722E2E2E0A0020205365BD
:107588006E736F7220626F6F74656420617420304F
:1075980078253032580A000020204368616E6769F8
:1075A8006E672061646472657373203078253032A9
:1075B80058202D3E203078253032582E2E2E0A00A5
:1075C8004245464F524520536574493243416464ED
:1075D800726573730000000041465445522053659C
:1075E80074493243416464726573732C2073746107
:1075F800747573203D2025640A0000002020455240
:10760800524F523A204661696C656420746F20635A
:1076180068616E676520616464726573732E2053B8
:107628007461747573203D2025640A00202041642C
:107638006472657373206368616E6765642073752F
:10764800636365737366756C6C792E0020205275C0
:107658006E6E696E672073656E736F7220696E69EE
:107668007469616C697A6174696F6E2E2E2E0000E0
:1076780020204552524F523A2053656E736F72491B
:107688006E6974206661696C65642E205374617438
:107698007573203D2025640A000000002020455213
:1076A800524F523A2053657444697374616E63652E
:1076B8004D6F6465206661696C65642E2053746142
:1076C800747573203D2025640A000000202045526F
:1076D800524F523A2053657454696D696E6742750A
:1076E80064676574206661696C65642E20537461F3
:1076F800747573203D2025640A000000202045523F
:10770800524F523A20536574496E7465724D6561E3
:10771800737572656D656E74206661696C65642E3B
:1077280020537461747573203D2025640A0000009D
:1077380020204552524F523A20537461727452615C
:107748006E67696E67206661696C65642E20537484
:1077580061747573203D2025640A0000202025737C
:107768002072656164792061742061646472657354
:1077780073203078253032580A0000003D3D3D3DE9
:107788003D3D3D3D3D3D3D3D3D3D3D3D3D3D3D3D21
:107798003D3D3D3D3D3D3D3D3D3D3D3D3D3D3D3D11
:1077A8003D3D3D3D000000002020337820564C35FB
:1077B800334C31582044697374616E636520536596
:1077C8006E736F722053797374656D000A496E6920
:1077D8007469616C697A696E67204932432E2E2E6E
:1077E8000000000049324320696E697469616C6960
:1077F8007A65642E00000000534441203D20475024
:1078080025640A0053434C203D20475025640A0054
:107818000A5368757474696E6720646F776E2061A7
:107828006C6C2073656E736F72732E2E2E000000C1
:10783800416C6C2073656E736F7273207368757416
:10784800646F776E2E000000496E697469616C6917
:107858007A696E672073656E736F7273000000003B
:107868000A464154414C204552524F523A204661F3
:10787800696C656420746F20696E697469616C69EC
:107888007A652025732073656E736F722E0A000067
:10789800416C6C2073656E736F727320696E6974C6
:1078A80069616C697A656421000000004C454654A2
:1078B80020203D203078253032580A0046524F4E5D
:1078C80054203D203078253032580A005249474824
:1078D80054203D203078253032580A000A5374610C
:1078E8007274696E67206D6561737572656D656E1A
:1078F80074732E2E2E0A000025733A202534752025
:107908006D6D0000207C20004C45465400000000AE
:1079180046524F4E54000000524947485400000058
:107928000A2A2A2A2050414E4943202A2A2A0A0094
:107938004E6F207370696E6C6F636B732061726534
:1079480020617661696C61626C6500004E6F20751C
:1079580073657220495251732061726520617661A6
:10796800696C61626C650000486172647761726578
:1079780020616C61726D20256420616C72656164A0
:107988007920636C61696D65640000004861726408
:10799800206173736572740052656C65617365006C
:1079A800626F6F74325F77323571303830000000A3
:1079B800322E332E310000007069636F0000000022
:1079C800726561645F335F746F667300536570201E
:1079D8003234203230323600666E692B00000000E7
:1079E800666E69006E616E00666E692D00000000AB
:1079F8005541525420737464696E000055415254C5
:107A0800207374646F757400554152542073746404
:107A1800696E202F207374646F757400555342206B
:107A2800737464696E202F207374646F757400001A
:107A380052617370626572727920506900000000AB
:107A48005069636F00000000426F61726420434414
:107A5800430000005265736574000000556E68614C
:107A68006E646C65642049525120307825780A008C
:107A7800657020253032582077617320616C7265FB
:107A880061647920617661696C61626C65000000EF
:107A980043616E277420636F6E74696E7565207814
:107AA800666572206F6E20696E6163746976652001
:107AB800657020253032580006005250D3F07542C8
:107AC800A079001006005250E182887FA879001042
:107AD80006005250ABB36053B879001006005250FC
:107AE800BBFF3CB6C079001006005250861C03024A
:107AF800C8790010060052505422A29DD479001073
:107B080005005250DE65F468E08F0010B8380010A8
:107B18007038001070380010B0380010703800103D
:107B2800703800107038001070380010703800106D
:107B38007038001070380010A83800107038001025
:107B4800A238001070380010703800109A380010F1
:107B5800AC3A0010CA380010A03A0010CA38001019
:107B68008E3A0010CA380010CA380010CA380010FF
:107B7800CA380010CA380010CA380010CA380010B5
:107B8800C0380010CA380010CA380010CA380010AF
:107B9800CA380010CA380010C0380010403B001026
:107BA8002E3800102E3800102E3800102E380010F5
:107BB8002E3800102E3800102E3800102E380010E5
:107BC8002E3800102E3800102E3800102E380010D5
:107BD8002E3800102E3800102E3800102E380010C5
:107BE8002E3800102E3800102E3800102E380010B5
:107BF8002E3800102E3800102E3800102E380010A5
:107C08002E3800102E3800102E3800102E38001094
:107C18002E3800102E3800102E380010BC3A0010F4
:107C2800F83A0010BC3A00102E3800102E38001018
:107C38002E3800102E3800102E3800102E38001064
:107C48002E3800102E3800102E3800102E38001054
:107C58002E3800102E3800102E3800102E38001044
:107C68002E3800102E380010D83C00102E38001086
:107C78002E3800102E3800102E3800102E38001024
:107C88002E3800102E3800102E3800102E38001014
:107C9800D83C0010503B0010D83C0010BC3A0010F3
:107CA800F83A0010BC3A0010000000000000F03F55
:107CB80000000000000024400000000000005940BF
:107CC8000000000000408F40000000000088C34012
:107CD80000000000006AF8400000000080842E4187
:107CE80000000000D01263410000000084D79741D3
:107CF8000000000065CDCD410D0A0000060052507D
:107D080053B4F4A1107A0010080052501200000079
:107D180008005250921000000600525053B4F4A1CB
:107D2800247A001000000000387A0010487A001009
:107D3800C81E0020507A00105C7A00100902540016
:107D4800030100807D080B00020202000009040004
:107D5800000102020004052400200105240100019D
:107D68000424020605240600010705810308001003
:107D780009040100020A0000000705020240000091
:107D8800070582024000000904020000FF00010507
:107D980012011002EF0201408A2E0A0000010102BE
:107DA800030100000A00000000000306A600080006
:107DB800020002009C001400030057494E5553422C
:107DC8000000000000000000000080000400010026
:107DD80028004400650076006900630065004900DA
:107DE8006E00740065007200660061006300650043
:107DF800470055004900440000004E007B00620027
:107E080063003700330039003800630031002D006B
:107E180037003300630064002D0034006300620003
:107E280037002D0039003800620038002D00390075
:107E380031003300610038006600630061003700DC
:107E48006200660036007D0000000000050F21007A
:107E5800011C100500DF60DDD88945C74C9CD26540
:107E68009D9E648A9F00000306A600010000000092
:107E780000000000A14F001000000000A54F0010F6
:107E8800B14F0010DD4F0010D94F00100000000066
:107E98000255001068560010F056001040560010A9
:107EA8005256001030560010A25500104E550010C2
:107EB800425500100C5A0010F2590010DC570010FF
:107EC8002C5A0010DC570010DA590010C65900105F
:107ED800DC570010B2590010C4580010DC570010CD
:107EE8008A5C00107C5C0010705C0010DC5700108D
:107EF800DC5700105A5C00107C5C0010DC57001046
:107F0800DC570010DC570010DC570010DC5700105D
:107F1800DC570010DC570010165C0010580D0020CC
:107F2800580D0020A20D0020C20D0020020E0020D6
:107F3800140E0020500D0020000000000D620010FB
:107F48007D620010AD620010F56200109D630010A4
:107F58008D6400100000000000000001020002080B
:107F6800000810010100000000FF000F00000000E1
:107F780000200B0000020A2100000500000000C8D4
:107F8800000038FF010008000001CC0F01F10D01CD
:107F980068008008B8000000000F89000000000099
:107FA8000000010F0D0E0E000002C7FF9B0000002D
:047FB80001000000C4
:107FBC00C07A0010CC7A0010D87A0010E47A001045
:107FCC00F07A0010FC7A0010087B0010187D00106D
:0C7FDC00107D0010047D0010207D0010BE
:107FE80003000068EFF3108C72B60268002AFCD018
:107FF800BFF35F8F04229A56002A0BDB002900D0BA
:108008000A6000201B68BFF35F8F00221A608CF3A0
:1080180010887047D0221206126801201A71F1E701
:10802800F0B5C646160000B504001F000268EFF35D
:10803800108172B61368002BFCD0BFF35F8F042346
:10804800E3562268002B2BDBBFF35F8F0020106004
:1080580081F31088D02212061278002552B2904679
:108068009A420ED1002080BCB846F0BDBFF35F8FA6
:10807800156081F310883000390000F0F1FE002807
:10808800F0D12268EFF3108172B61368002BFCD090
:10809800BFF35F8F237922687F2BE7D9434602E03D
:1080A800D0231B061B682371BFF35F8F0023136067
:1080B80081F310880120D6E7F0B5C64600B50F0059
:1080C800040000F0B5FEFA220E0005000023380077
:1080D8000021920000F0BCFE4019714106000F1EFD
:1080E80002DA0126164F7642D0231B061B680025AC
:1080F80098460AE0BFF35F8F156081F3108830005F
:10810800390000F0ADFE002818D12268EFF3108185
:1081180072B61368002BFCD0BFF35F8F23792268F7
:108128007F2BE7D943462371BFF35F8F002313608A
:1081380081F31088012080BCB846F0BD0020FAE722
:10814800FFFFFF7F0268EFF3108172B61368002B00
:10815800FCD0BFF35F8FFF2303710368BFF35F8F0A
:1081680000221A6081F3108840BF7047084B9C4674
:108178001B78002B0BD18023064807495B051A683A
:10818800C25004338B42FAD1012362461370704700
:10819800DC1E00200C1700100001001010B5014B68
:1081A800984710BD0D170020084B5A6842609A681E
:1081B8008260DA68C2601A6902615A6942619B6921
:1081C8008361A0235B051B680360704700000240C1
:1081D8004268084B5A6082689A60C268DA6002692D
:1081E8001A6142695A6182699A61A02302685B0533
:1081F8001A60704700000240F0B5D6464F46464622
:108208000023C0B5182788B01E0081460D00988A43
:1082180046493B88140098473B8880464449B08AC1
:108228009847002343490600988A3B889847824626
:10823800FFF79CFF01A8FFF7B7FFC047B0473E4BC9
:1082480021001A6880239B005340C02292001340EB
:108258003A4A1360002C1CD00823C0209C464005D5
:10826800163F6246836A1A401F4239D0631A0029B2
:108278002BD1002A0BD1002C0BD0C02308220226B8
:108288005B059B6A1A401E4242D0002AF5D0002C9A
:1082980030D1294B1A68C0239B009343274A1360A7
:1082A800D047FFF77BFF01A8FFF792FF08B0E0BCBB
:1082B800BA46B146A846F0BD002C2BD1C0225205C3
:1082C800966A08223240B6072BD50D2B19D9002AF9
:1082D800F2D1C0225205966A08223240B607F4D479
:1082E800002A04D10B002343002BBAD1D1E70B009D
:1082F800002CF9D0036E013C2B70230001350B4391
:10830800F2E74B461B780139036601239944E7E7F6
:108318000021E5E7C0235B051B6E013C2B7001358E
:108328009FE70B00A242DFD1DCE7C04649460000C8
:1083380045580000464300000C8001400C90014065
:108348000022154B10B59A60DA601A615A619A6179
:10835800DA611A625A629A62DA621A635A639A6333
:10836800DA631A645A649A64DA641A655A659A6513
:10837800DA651A665A669A66DA661A675A679A67F3
:10838800DA67F03292000021044800F081FD044BC6
:10839800044A1A6010BDC04600001050C41A0020DC
:1083A800901E002080011050F0B54746CE4680B59B
:1083B8001C4B00249F6D012685B0002F1BD01A4B43
:1083C80098461A4B994604E00134E4B27600202C12
:1083D80011D03E42F8D043469E65012365086D00E2
:1083E800A343ED186D014D44280000F013FC00284C
:1083F80006D1B743E8D105B0C0BCB946B046F0BD18
:10840800EB8AE0210393002301A8AA78C900018020
:1084180001210271437100F01DFC280000F098FB57
:10842800E7E7C0460000115000301150841A0020C0
:108438009823C64AF0B5D55880232E009B021024F5
:1084480085B01E401D4274D0C14BC24C9A6AC24BC3
:1084580000261A603B23E35C022B00D14BE17B230F
:10846800E35C022B00D1EFE0BB23E35C022B00D1DD
:10847800F6E0FB23E35C022B00D1FDE03C23FF3355
:10848800E35C022B00D129E17C23FF33E35C022B60
:1084980000D10AE1BC23FF33E35C022B00D13BE1AE
:1084A800FC23FF33E35C022B00D1F1E0AB4BE35C30
:1084B800022B00D170E1AA4BE35C022B00D101E151
:1084C800A84BE35C022B00D171E1A74BE35C022BC4
:1084D80000D12EE1A54BE35C022B00D19CE1A44B1B
:1084E800E35C022B00D16DE1A24BE35C022B00D1CF
:1084F8009DE1A14BE35C022B00D17BE1002E08D16A
:108508009E4B1B78002B04D180219D4A9033890211
:10851800D150C02269468D4B92009B6C80265B052A
:108528008A805B0D012101A8029300F093FB954C12
:10853800B602EB0600D57BE080235B021D422FD0FC
:108548000224844F1E43BB7E002B14D000F098FCFD
:10855800012800D970E0C02200213800920100F003
:10856800FDFA380000F0F4FA00F08AFC012802D97C
:10857800834B5C661C660123FB702037012C20D1DD
:10858800C0236A46DB0093807F4A02AB03CA03C359
:10859800012101A800F05EFB8022794B92021A6546
:1085A80080235B011D420ED18023DB011D4221D1B6
:1085B80080231B021D422DD1AE4200D0BEE105B082
:1085C800F0BD0124BFE700241E43604B1C60FFF789
:1085D800B7FE80236A465B0093801472012101A8CC
:1085E80000F038FB8022664B12031A658023DB01FA
:1085F8001D42DDD01E4380236A46DB0093800121A3
:1086080001A800F027FB10225D4B1A6580231B028E
:108618001D42D1D01E43A0236A46DB00938001216E
:1086280001A800F017FB8022554B12011A65C3E719
:10863800FFF7BAFE26007FE7544B444A1C66536E88
:108648002340A342FBD186E77833E75C002F00D1B3
:108658000AE70233E25C002A00D00DE13E0003E79E
:10866800B833E75C002F00D103E70233E25C002A4D
:1086780000D0F9E03E00FCE6F833E75C002F00D1BB
:10868800FCE60233E25C002A00D041E13E00F5E658
:10869800F933FF33E75C002F00D107E70233E25CD0
:1086A800002A00D02BE13E0000E77933FF33E75C76
:1086B800002F00D1EEE60233E25C002A00D015E17B
:1086C8003E00E7E6324BE75C002F00D1F8E60233C4
:1086D800E25C002A00D001E13E00F1E63933FF33C5
:1086E800E75C002F00D1CFE60233E25C002A00D01D
:1086F800EBE03E00C8E63833E65C002E00D1AEE67B
:108708000233E25C002A00D1A9E6200000222030D2
:10871800E25400F04BFAA2E6B933FF33E75C002FCE
:1087280000D1BDE60233E25C002A00D0C4E03E007E
:10873800B6E6184BE75C002F00D1CBE60233E25CCB
:10874800002A00D0B0E03E00C4E6C0460000115048
:1087580000400540841A00207C1A00203B020000DB
:108768007B020000BB020000FB0200003B0300008C
:108778007B030000BB030000FB030000DA1E00209F
:10878800003011501000020000001050002011505D
:108798007A020000FA0200006B4BE75C002F00D160
:1087A80089E60233E25C002A76D13E0083E6674B15
:1087B800E75C002F00D188E60233E25C002A63D12F
:1087C8003E0082E6624BE75C002F00D18CE6023364
:1087D800E25C002A00D0A3E05E4BE35C022B30D1C0
:1087E8005D4BE35C002B27D15C4BE35C022B00D094
:1087F8008FE63E005A4BE35C002B00D17EE6FF2358
:108808009B00E25C002A00D183E60022E2541C3B74
:10881800E01800F0CBF97CE6524BE75C002F00D162
:108828005DE60233E25C002A16D13E0057E64A4B69
:10883800E35C002B00D15CE6EF239B00E25C002A9E
:1088480075D1464BE35C022B00D062E6444BE35CF7
:10885800002B00D15DE6D2E70022E2541C3BE01871
:1088680000F0A4F93E003AE620000022A030E254CD
:108878003E0000F09BF9FCE5200000226030E25445
:108888003E0000F093F9EFE50022E2541C3BE018AB
:1088980000F08CF93E0018E60022E2541C3BE01878
:1088A80000F084F93E0006E60022E2541C3BE01882
:1088B80000F07CF93E000DE620000022A130FF30D8
:1088C800E2543E0000F072F9EAE52000002221306F
:1088D800FF30E2543E0000F069F9D5E50022E25489
:1088E8001C3BE01800F062F93E00E9E52000002298
:1088F8006130FF30E2543E0000F058F9CAE520002C
:108908000022E130FF30E2543E0000F04FF9CDE59F
:1089180020000022E030E2543E0000F047F9ADE5C7
:108928000022E2541C3BE01800F040F954E7002212
:10893800E2541C3BE01800F039F982E731000A489C
:10894800694000F095FAC0463A020000BA020000F9
:108958007A030000BB030000BA030000FB03000019
:10896800FA0300003A030000647A0010F0B58C4660
:10897800838A018B020083B00E1C994200D91E1C09
:10898800B6B29B1B9CB2D37880211800451EA84123
:10899800C90031434003084301214B40D370537849
:1089A8009482002B32D11169002E2AD06346D468F4
:1089B8009B01E418731E0193062B32D923000B4345
:1089C8009B072ED1631A013B022B2AD90023B70833
:1089D800BF00CD58E5500433BB42FAD19E420ED0B9
:1089E800019DE418EF1ACD18C95C217001999942CC
:1089F80005D06B786370012F01D0AB78A370116933
:108A0800948A802389191B0211611843002C02D112
:108A18008023DB0118436346002B00D0000403B019
:108A2800F0BD0023CD5CE55401339E42FAD1E6E760
:108A38008368F0B51A68002900D0120C43789205B3
:108A4800950D002B09D1C38AEB18C382038BAB4267
:108A580001D9002383822800F0BD0469002D28D0A5
:108A6800C36889016F1EBC465E18062F27D90131DD
:108A78005B18E31A022B22D9230033439B071ED12C
:108A88000023120E9200F158E15004339A42FAD1B1
:108A980095420DD063469F1AA318B45CB1181C7098
:108AA800944505D04A785A70012F01D08A789A7077
:108AB8000469C38A6419EB18C3820461C6E70022FB
:108AC800B35CA35401329542FAD10469F1E7C04678
:108AD80010B50400836800211B68FFF7A9FF6368CD
:108AE8001B685B0002D5238B834200D010BD012197
:108AF8002000FFF79DFFF9E7084B1A6C0023920747
:108B080003D48278D209012A01D018007047C37EA5
:108B1800023B5A425341DBB2F7E7C046000011500E
:108B280010B5FFF7E9FF00280AD0064B064A9B6AF2
:108B3800064912685B189B1A0020C6229A424041D7
:108B480010BDC046004005407C1A0020E0FCFFFF35
:108B580000238376436103617047C04610B583687C
:108B6800002901D01C682140002A12D08024E4008A
:108B7800114322420DD01A6822420CD1084A0A40F9
:108B88001A60084A126C920703D40C23033BFDD2E7
:108B98008368196010BD8178034800F069F9C04600
:108BA800FFFBFFFF00001150787A0010436870B592
:108BB8000021802504001E68FFF7D8FE124B6D01C6
:108BC8001A6C0543A37892070ED55B060ED00F4B9F
:108BD8001E4080239B0533436268002113602000F8
:108BE8002A00FFF7BBFF70BDDB09F0D0A38A002B7A
:108BF800EDD001212000FFF7B9FEA023044ADB05D0
:108C0800324005431343E7E700001150FFFFFFAF71
:108C1800FFFFFFDF70B5857E0400002D14D0FFF73D
:108C280057FFA38A002B01D1280070BD2000FFF751
:108C380077FF002803D0012300252377F4E72000DD
:108C4800FFF7B4FF0025EFE78178014800F010F93D
:108C5800987A0010F0B54746CE4680B543780500AF
:108C68000F0085B0062B07D8684A9B00D3589F464B
:108C7800674A137801331370664B1C686269EFF317
:108C8800108172B61368002BFCD0BFF35F8FA1610F
:108C98002000290000F0D4F86269A369BFF35F8F50
:108CA8000021116083F31088002804D105B0C0BCEE
:108CB800B946B046F0BD3A006978287800F0F0F877
:108CC800F4E70121544B1A788A431A701A78013153
:108CD8008A431A7000225A701A7802318A431A702D
:108CE800CAE74E4B00241E001A784D4B98464D4B50
:108CF800994610E04B461B6861015B18002B06D0B3
:108D0800DB69002B03D069682878984732780134EA
:108D1800E4B2944217D8A242ECD8A31A5B014344A8
:108D2800EEE73D4B1A78D207C0D504211A780A43DA
:108D38001A70A1E7384B1A78D207B7D504211A78E8
:108D48008A431A7098E7344A1378904611005B07F3
:108D580028D51378042201AC93430B70200000211E
:108D6800083200F095F82B78237005236370294B9F
:108D78001B6818005A69EFF3108172B61368002B4C
:108D8800FCD0BFF35F8F06008161210000F058F826
:108D98007269B369BFF35F8F0021116083F3108894
:108DA80000282CD14346DB78DB0700D47EE72B78FC
:108DB80001AC2370032363706B686360154B1D68F7
:108DC8006A69EFF3108172B61368002BFCD0BFF309
:108DD8005F8FA9612800210000F032F86A69AB6949
:108DE800BFF35F8F0021116083F31088002800D142
:108DF8005CE73A006178207800F052F856E73A00CC
:108E08006178207800F04CF8CCE7C046247F001049
:108E1800DB1E002048160020F0150020D91E002077
:108E2800407F0010081500207047C0460000000071
:108E380001B40248844601BC604700BFF515001024
:108E480001B40248844601BC604700BF5D69001058
:108E580001B40248844601BC604700BF852A00105F
:108E680001B40248844601BC604700BFB114001039
:108E780001B40248844601BC604700BF690600107F
:108E880001B40248844601BC604700BF5D0600107B
:108E980001B40248844601BC604700BF5D2B001046
:108EA80001B40248844601BC604700BFB1530010BA
:108EB8003006000010790010310700001879001002
:108EC80032080000207900101000000000000000A7
:108ED8000000010000000000000000000000020087
:108EE8000000000000000000000003000000000077
:108EF8000000000000000400000000000000000066
:108F08000000050000000000000000000000FF0055
:108F18000000000001B5486801318E4600477046E0
:108F280009380149884701BD450C001000000000C0
:108F38000000000000000000000000000000000029
:108F48008011002000000000000000000000000068
:108F5800503300004C3300005433000052330000FB
:108F68004D5300004D4300005334000043340000CB
:108F78000D4700100D4800105947001021480010F7
:108F88000000000000010000554A0010094A0010C6
:108F98007D490010F54800100000000000010000A5
:108FA8004C16002010000C0000000000000000001B
:108FB800000000000000000000000000FF000000AA
:108FC8000080044000000000004004400000000051
:088FD800000000000000000091
:04000005100001E9FD
:00000001FF
