
/Users/jialo.mi/GitHub/School/Y2T1/INF2004 Embedded Systems/VL53L1X-C-API-for-Raspberry-Pi-Pico-main/VL53L1X-C-API-for-Raspberry-Pi-Pico-main/build/read_3_tofs/read_3_tofs.elf:     file format elf32-littlearm

Sections:
Idx Name          Size      VMA       LMA       File off  Algn
  0 .boot2        00000100  10000000  10000000  00001000  2**0
                  CONTENTS, ALLOC, LOAD, READONLY, CODE
  1 .text         00007468  10000100  10000100  00001100  2**3
                  CONTENTS, ALLOC, LOAD, READONLY, CODE
  2 .rodata       00000a54  10007568  10007568  00008568  2**3
                  CONTENTS, ALLOC, LOAD, READONLY, DATA
  3 .binary_info  0000002c  10007fbc  10007fbc  00008fbc  2**2
                  CONTENTS, ALLOC, LOAD, READONLY, DATA
  4 .xip_ram      00000000  15000000  15000000  0000a0b8  2**0
                  CONTENTS
  5 .ram_vector_table 000000c0  20000000  20000000  0000b000  2**2
                  ALLOC
  6 .uninitialized_data 00000000  200000c0  200000c0  0000a0b8  2**0
                  CONTENTS
  7 .data         00000ff8  200000c0  10007fe8  000090c0  2**4
                  CONTENTS, ALLOC, LOAD, READONLY, CODE
  8 .tdata        00000000  200010b8  200010b8  0000a0b8  2**0
                  CONTENTS, ALLOC, LOAD, DATA, THREAD_LOCAL
  9 .tbss         00000000  200010b8  200010b8  00000000  2**0
                  ALLOC, THREAD_LOCAL
 10 .tbss_space   00000000  200010b8  200010b8  0000a0b8  2**0
                  CONTENTS
 11 .bss          00000e2c  200010b8  10008fe0  0000a0b8  2**3
                  ALLOC
 12 .tls0         00000000  20001ee4  20001ee4  0000a0b8  2**0
                  CONTENTS
 13 .tls1         00000000  20001ee4  20001ee4  0000a0b8  2**0
                  CONTENTS
 14 .persistent_data 00000000  20001ee4  20001ee4  0000a0b8  2**0
                  CONTENTS
 15 .dummy_pre_heap 00000000  20001ee4  20001ee4  0000a0b8  2**0
                  CONTENTS
 16 .heap         00000800  20001ee4  20001ee4  0000b000  2**2
                  ALLOC, READONLY
 17 .scratch_x    00000000  20040000  20040000  0000a0b8  2**0
                  CONTENTS
 18 .scratch_y    00000000  20041000  20041000  0000a0b8  2**0
                  CONTENTS
 19 .stack_dummy  00000800  20041000  20041000  0000b000  2**5
                  ALLOC, READONLY
 20 .debug_info   00038b7c  00000000  00000000  0000a0b8  2**0
                  CONTENTS, READONLY, DEBUGGING, OCTETS
 21 .debug_abbrev 00009978  00000000  00000000  00042c34  2**0
                  CONTENTS, READONLY, DEBUGGING, OCTETS
 22 .debug_loclists 0001df02  00000000  00000000  0004c5ac  2**0
                  CONTENTS, READONLY, DEBUGGING, OCTETS
 23 .debug_aranges 000019a0  00000000  00000000  0006a4b0  2**3
                  CONTENTS, READONLY, DEBUGGING, OCTETS
 24 .debug_rnglists 00004cd6  00000000  00000000  0006be50  2**0
                  CONTENTS, READONLY, DEBUGGING, OCTETS
 25 .debug_line   000285fd  00000000  00000000  00070b26  2**0
                  CONTENTS, READONLY, DEBUGGING, OCTETS
 26 .debug_str    0000a021  00000000  00000000  00099123  2**0
                  CONTENTS, READONLY, DEBUGGING, OCTETS
 27 .comment      00000045  00000000  00000000  000a3144  2**0
                  CONTENTS, READONLY
 28 .ARM.attributes 0000002a  00000000  00000000  000a3189  2**0
                  CONTENTS, READONLY
 29 .debug_frame  0000381c  00000000  00000000  000a31b4  2**2
                  CONTENTS, READONLY, DEBUGGING, OCTETS
 30 .debug_line_str 000003d5  00000000  00000000  000a69d0  2**0
                  CONTENTS, READONLY, DEBUGGING, OCTETS

/Users/jialo.mi/GitHub/School/Y2T1/INF2004 Embedded Systems/VL53L1X-C-API-for-Raspberry-Pi-Pico-main/VL53L1X-C-API-for-Raspberry-Pi-Pico-main/build/read_3_tofs/read_3_tofs.elf:     file format elf32-littlearm


Disassembly of section .boot2:

10000000 <__boot2_start__>:
10000000:	4b32b500 	.word	0x4b32b500
10000004:	60582021 	.word	0x60582021
10000008:	21026898 	.word	0x21026898
1000000c:	60984388 	.word	0x60984388
10000010:	611860d8 	.word	0x611860d8
10000014:	4b2e6158 	.word	0x4b2e6158
10000018:	60992100 	.word	0x60992100
1000001c:	61592102 	.word	0x61592102
10000020:	22f02101 	.word	0x22f02101
10000024:	492b5099 	.word	0x492b5099
10000028:	21016019 	.word	0x21016019
1000002c:	20356099 	.word	0x20356099
10000030:	f844f000 	.word	0xf844f000
10000034:	42902202 	.word	0x42902202
10000038:	2106d014 	.word	0x2106d014
1000003c:	f0006619 	.word	0xf0006619
10000040:	6e19f834 	.word	0x6e19f834
10000044:	66192101 	.word	0x66192101
10000048:	66182000 	.word	0x66182000
1000004c:	f000661a 	.word	0xf000661a
10000050:	6e19f82c 	.word	0x6e19f82c
10000054:	6e196e19 	.word	0x6e196e19
10000058:	f0002005 	.word	0xf0002005
1000005c:	2101f82f 	.word	0x2101f82f
10000060:	d1f94208 	.word	0xd1f94208
10000064:	60992100 	.word	0x60992100
10000068:	6019491b 	.word	0x6019491b
1000006c:	60592100 	.word	0x60592100
10000070:	481b491a 	.word	0x481b491a
10000074:	21016001 	.word	0x21016001
10000078:	21eb6099 	.word	0x21eb6099
1000007c:	21a06619 	.word	0x21a06619
10000080:	f0006619 	.word	0xf0006619
10000084:	2100f812 	.word	0x2100f812
10000088:	49166099 	.word	0x49166099
1000008c:	60014814 	.word	0x60014814
10000090:	60992101 	.word	0x60992101
10000094:	2800bc01 	.word	0x2800bc01
10000098:	4700d000 	.word	0x4700d000
1000009c:	49134812 	.word	0x49134812
100000a0:	c8036008 	.word	0xc8036008
100000a4:	8808f380 	.word	0x8808f380
100000a8:	b5034708 	.word	0xb5034708
100000ac:	20046a99 	.word	0x20046a99
100000b0:	d0fb4201 	.word	0xd0fb4201
100000b4:	42012001 	.word	0x42012001
100000b8:	bd03d1f8 	.word	0xbd03d1f8
100000bc:	6618b502 	.word	0x6618b502
100000c0:	f7ff6618 	.word	0xf7ff6618
100000c4:	6e18fff2 	.word	0x6e18fff2
100000c8:	bd026e18 	.word	0xbd026e18
100000cc:	40020000 	.word	0x40020000
100000d0:	18000000 	.word	0x18000000
100000d4:	00070000 	.word	0x00070000
100000d8:	005f0300 	.word	0x005f0300
100000dc:	00002221 	.word	0x00002221
100000e0:	180000f4 	.word	0x180000f4
100000e4:	a0002022 	.word	0xa0002022
100000e8:	10000100 	.word	0x10000100
100000ec:	e000ed08 	.word	0xe000ed08
	...
100000fc:	7a4eb274 	.word	0x7a4eb274

Disassembly of section .text:

10000100 <__VECTOR_TABLE>:
10000100:	20042000 	.word	0x20042000
10000104:	100001f7 	.word	0x100001f7
10000108:	100001cb 	.word	0x100001cb
1000010c:	100001cd 	.word	0x100001cd
10000110:	100001c9 	.word	0x100001c9
10000114:	100001c9 	.word	0x100001c9
10000118:	100001c9 	.word	0x100001c9
1000011c:	100001c9 	.word	0x100001c9
10000120:	100001c9 	.word	0x100001c9
10000124:	100001c9 	.word	0x100001c9
10000128:	100001c9 	.word	0x100001c9
1000012c:	100001cf 	.word	0x100001cf
10000130:	100001c9 	.word	0x100001c9
10000134:	100001c9 	.word	0x100001c9
10000138:	100001d1 	.word	0x100001d1
1000013c:	100001d3 	.word	0x100001d3
10000140:	100001c1 	.word	0x100001c1
10000144:	100001c1 	.word	0x100001c1
10000148:	100001c1 	.word	0x100001c1
1000014c:	100001c1 	.word	0x100001c1
10000150:	100001c1 	.word	0x100001c1
10000154:	100001c1 	.word	0x100001c1
10000158:	100001c1 	.word	0x100001c1
1000015c:	100001c1 	.word	0x100001c1
10000160:	100001c1 	.word	0x100001c1
10000164:	100001c1 	.word	0x100001c1
10000168:	100001c1 	.word	0x100001c1
1000016c:	100001c1 	.word	0x100001c1
10000170:	100001c1 	.word	0x100001c1
10000174:	100001c1 	.word	0x100001c1
10000178:	100001c1 	.word	0x100001c1
1000017c:	100001c1 	.word	0x100001c1
10000180:	100001c1 	.word	0x100001c1
10000184:	100001c1 	.word	0x100001c1
10000188:	100001c1 	.word	0x100001c1
1000018c:	100001c1 	.word	0x100001c1
10000190:	100001c1 	.word	0x100001c1
10000194:	100001c1 	.word	0x100001c1
10000198:	100001c1 	.word	0x100001c1
1000019c:	100001c1 	.word	0x100001c1
100001a0:	100001c1 	.word	0x100001c1
100001a4:	100001c1 	.word	0x100001c1
100001a8:	100001c1 	.word	0x100001c1
100001ac:	100001c1 	.word	0x100001c1
100001b0:	100001c1 	.word	0x100001c1
100001b4:	100001c1 	.word	0x100001c1
100001b8:	100001c1 	.word	0x100001c1
100001bc:	100001c1 	.word	0x100001c1

100001c0 <__unhandled_user_irq>:
100001c0:	f3ef 8005 	mrs	r0, IPSR
100001c4:	3810      	subs	r0, #16

100001c6 <unhandled_user_irq_num_in_r0>:
100001c6:	be00      	bkpt	0x0000

100001c8 <isr_invalid>:
100001c8:	be00      	bkpt	0x0000

100001ca <isr_nmi>:
100001ca:	be00      	bkpt	0x0000

100001cc <isr_hardfault>:
100001cc:	be00      	bkpt	0x0000

100001ce <isr_svcall>:
100001ce:	be00      	bkpt	0x0000

100001d0 <isr_pendsv>:
100001d0:	be00      	bkpt	0x0000

100001d2 <isr_systick>:
100001d2:	be00      	bkpt	0x0000

100001d4 <__default_isrs_end>:
100001d4:	7188ebf2 	.word	0x7188ebf2
100001d8:	10007fbc 	.word	0x10007fbc
100001dc:	10007fe8 	.word	0x10007fe8
100001e0:	10000238 	.word	0x10000238
100001e4:	e71aa390 	.word	0xe71aa390

100001e8 <_entry_point>:
100001e8:	2000      	movs	r0, #0

100001ea <_enter_vtable_in_r0>:
100001ea:	491e      	ldr	r1, [pc, #120]	@ (10000264 <data_cpy_table+0x2c>)
100001ec:	6008      	str	r0, [r1, #0]
100001ee:	c806      	ldmia	r0!, {r1, r2}
100001f0:	f381 8808 	msr	MSP, r1
100001f4:	4710      	bx	r2

100001f6 <_reset_handler>:
100001f6:	481c      	ldr	r0, [pc, #112]	@ (10000268 <data_cpy_table+0x30>)
100001f8:	6800      	ldr	r0, [r0, #0]
100001fa:	2800      	cmp	r0, #0
100001fc:	d001      	beq.n	10000202 <hold_non_core0_in_bootrom+0x4>

100001fe <hold_non_core0_in_bootrom>:
100001fe:	2000      	movs	r0, #0
10000200:	e7f3      	b.n	100001ea <_enter_vtable_in_r0>
10000202:	a40d      	add	r4, pc, #52	@ (adr r4, 10000238 <data_cpy_table>)
10000204:	cc0e      	ldmia	r4!, {r1, r2, r3}
10000206:	2900      	cmp	r1, #0
10000208:	d002      	beq.n	10000210 <hold_non_core0_in_bootrom+0x12>
1000020a:	f000 f812 	bl	10000232 <data_cpy>
1000020e:	e7f9      	b.n	10000204 <hold_non_core0_in_bootrom+0x6>
10000210:	4916      	ldr	r1, [pc, #88]	@ (1000026c <data_cpy_table+0x34>)
10000212:	4a17      	ldr	r2, [pc, #92]	@ (10000270 <data_cpy_table+0x38>)
10000214:	2000      	movs	r0, #0
10000216:	e000      	b.n	1000021a <bss_fill_test>

10000218 <bss_fill_loop>:
10000218:	c101      	stmia	r1!, {r0}

1000021a <bss_fill_test>:
1000021a:	4291      	cmp	r1, r2
1000021c:	d1fc      	bne.n	10000218 <bss_fill_loop>

1000021e <platform_entry>:
1000021e:	4915      	ldr	r1, [pc, #84]	@ (10000274 <data_cpy_table+0x3c>)
10000220:	4788      	blx	r1
10000222:	4915      	ldr	r1, [pc, #84]	@ (10000278 <data_cpy_table+0x40>)
10000224:	4788      	blx	r1
10000226:	4915      	ldr	r1, [pc, #84]	@ (1000027c <data_cpy_table+0x44>)
10000228:	4788      	blx	r1
1000022a:	be00      	bkpt	0x0000
1000022c:	e7fd      	b.n	1000022a <platform_entry+0xc>

1000022e <data_cpy_loop>:
1000022e:	c901      	ldmia	r1!, {r0}
10000230:	c201      	stmia	r2!, {r0}

10000232 <data_cpy>:
10000232:	429a      	cmp	r2, r3
10000234:	d3fb      	bcc.n	1000022e <data_cpy_loop>

10000236 <data_cpy_done>:
10000236:	4770      	bx	lr

10000238 <data_cpy_table>:
10000238:	10007fe8 	.word	0x10007fe8
1000023c:	200000c0 	.word	0x200000c0
10000240:	200010b8 	.word	0x200010b8
10000244:	10008fe0 	.word	0x10008fe0
10000248:	20040000 	.word	0x20040000
1000024c:	20040000 	.word	0x20040000
10000250:	10008fe0 	.word	0x10008fe0
10000254:	20041000 	.word	0x20041000
10000258:	20041000 	.word	0x20041000
1000025c:	00000000 	.word	0x00000000
10000260:	4770      	bx	lr
10000262:	0000      	.short	0x0000
10000264:	e000ed08 	.word	0xe000ed08
10000268:	d0000000 	.word	0xd0000000
1000026c:	200010b8 	.word	0x200010b8
10000270:	20001ee4 	.word	0x20001ee4
10000274:	10004305 	.word	0x10004305
10000278:	10000415 	.word	0x10000415
1000027c:	100042fd 	.word	0x100042fd

10000280 <init_xshut_pins>:
10000280:	b5f8      	push	{r3, r4, r5, r6, r7, lr}
10000282:	4c0a      	ldr	r4, [pc, #40]	@ (100002ac <init_xshut_pins+0x2c>)
10000284:	25d0      	movs	r5, #208	@ 0xd0
10000286:	0027      	movs	r7, r4
10000288:	062d      	lsls	r5, r5, #24
1000028a:	3718      	adds	r7, #24
1000028c:	7860      	ldrb	r0, [r4, #1]
1000028e:	f000 f9c7 	bl	10000620 <gpio_init>
10000292:	2201      	movs	r2, #1
10000294:	7863      	ldrb	r3, [r4, #1]
10000296:	3408      	adds	r4, #8
10000298:	409a      	lsls	r2, r3
1000029a:	626a      	str	r2, [r5, #36]	@ 0x24
1000029c:	61aa      	str	r2, [r5, #24]
1000029e:	42bc      	cmp	r4, r7
100002a0:	d1f4      	bne.n	1000028c <init_xshut_pins+0xc>
100002a2:	2064      	movs	r0, #100	@ 0x64
100002a4:	f001 f8a0 	bl	100013e8 <sleep_ms>
100002a8:	bdf8      	pop	{r3, r4, r5, r6, r7, pc}
100002aa:	46c0      	nop			@ (mov r8, r8)
100002ac:	20000f90 	.word	0x20000f90

100002b0 <init_i2c>:
100002b0:	b510      	push	{r4, lr}
100002b2:	4c0e      	ldr	r4, [pc, #56]	@ (100002ec <init_i2c+0x3c>)
100002b4:	490e      	ldr	r1, [pc, #56]	@ (100002f0 <init_i2c+0x40>)
100002b6:	0020      	movs	r0, r4
100002b8:	f006 fdb4 	bl	10006e24 <i2c_init>
100002bc:	2103      	movs	r1, #3
100002be:	2004      	movs	r0, #4
100002c0:	f000 f984 	bl	100005cc <gpio_set_function>
100002c4:	2103      	movs	r1, #3
100002c6:	2005      	movs	r0, #5
100002c8:	f000 f980 	bl	100005cc <gpio_set_function>
100002cc:	2200      	movs	r2, #0
100002ce:	2101      	movs	r1, #1
100002d0:	2004      	movs	r0, #4
100002d2:	f000 f993 	bl	100005fc <gpio_set_pulls>
100002d6:	2200      	movs	r2, #0
100002d8:	2101      	movs	r1, #1
100002da:	2005      	movs	r0, #5
100002dc:	f000 f98e 	bl	100005fc <gpio_set_pulls>
100002e0:	0021      	movs	r1, r4
100002e2:	2029      	movs	r0, #41	@ 0x29
100002e4:	f006 ffbc 	bl	10007260 <VL53L1X_I2C_Init>
100002e8:	bd10      	pop	{r4, pc}
100002ea:	46c0      	nop			@ (mov r8, r8)
100002ec:	200010a8 	.word	0x200010a8
100002f0:	00061a80 	.word	0x00061a80

100002f4 <init_sensor>:
100002f4:	b570      	push	{r4, r5, r6, lr}
100002f6:	0004      	movs	r4, r0
100002f8:	6841      	ldr	r1, [r0, #4]
100002fa:	4838      	ldr	r0, [pc, #224]	@ (100003dc <init_sensor+0xe8>)
100002fc:	f004 f9fa 	bl	100046f4 <__wrap_printf>
10000300:	2301      	movs	r3, #1
10000302:	7862      	ldrb	r2, [r4, #1]
10000304:	2064      	movs	r0, #100	@ 0x64
10000306:	4093      	lsls	r3, r2
10000308:	22d0      	movs	r2, #208	@ 0xd0
1000030a:	0612      	lsls	r2, r2, #24
1000030c:	6153      	str	r3, [r2, #20]
1000030e:	f001 f86b 	bl	100013e8 <sleep_ms>
10000312:	2129      	movs	r1, #41	@ 0x29
10000314:	4832      	ldr	r0, [pc, #200]	@ (100003e0 <init_sensor+0xec>)
10000316:	f004 f9ed 	bl	100046f4 <__wrap_printf>
1000031a:	2129      	movs	r1, #41	@ 0x29
1000031c:	7822      	ldrb	r2, [r4, #0]
1000031e:	4831      	ldr	r0, [pc, #196]	@ (100003e4 <init_sensor+0xf0>)
10000320:	f004 f9e8 	bl	100046f4 <__wrap_printf>
10000324:	4830      	ldr	r0, [pc, #192]	@ (100003e8 <init_sensor+0xf4>)
10000326:	f004 f963 	bl	100045f0 <__wrap_puts>
1000032a:	7821      	ldrb	r1, [r4, #0]
1000032c:	2029      	movs	r0, #41	@ 0x29
1000032e:	0049      	lsls	r1, r1, #1
10000330:	b2c9      	uxtb	r1, r1
10000332:	f006 fdb5 	bl	10006ea0 <VL53L1X_SetI2CAddress>
10000336:	0005      	movs	r5, r0
10000338:	482c      	ldr	r0, [pc, #176]	@ (100003ec <init_sensor+0xf8>)
1000033a:	0029      	movs	r1, r5
1000033c:	f004 f9da 	bl	100046f4 <__wrap_printf>
10000340:	2d00      	cmp	r5, #0
10000342:	d131      	bne.n	100003a8 <init_sensor+0xb4>
10000344:	200a      	movs	r0, #10
10000346:	f001 f84f 	bl	100013e8 <sleep_ms>
1000034a:	4829      	ldr	r0, [pc, #164]	@ (100003f0 <init_sensor+0xfc>)
1000034c:	f004 f950 	bl	100045f0 <__wrap_puts>
10000350:	4828      	ldr	r0, [pc, #160]	@ (100003f4 <init_sensor+0x100>)
10000352:	f004 f94d 	bl	100045f0 <__wrap_puts>
10000356:	7820      	ldrb	r0, [r4, #0]
10000358:	f006 fda8 	bl	10006eac <VL53L1X_SensorInit>
1000035c:	2800      	cmp	r0, #0
1000035e:	d11d      	bne.n	1000039c <init_sensor+0xa8>
10000360:	2102      	movs	r1, #2
10000362:	7820      	ldrb	r0, [r4, #0]
10000364:	f006 fe86 	bl	10007074 <VL53L1X_SetDistanceMode>
10000368:	2800      	cmp	r0, #0
1000036a:	d127      	bne.n	100003bc <init_sensor+0xc8>
1000036c:	2132      	movs	r1, #50	@ 0x32
1000036e:	7820      	ldrb	r0, [r4, #0]
10000370:	f006 fe02 	bl	10006f78 <VL53L1X_SetTimingBudgetInMs>
10000374:	2800      	cmp	r0, #0
10000376:	d11c      	bne.n	100003b2 <init_sensor+0xbe>
10000378:	213c      	movs	r1, #60	@ 0x3c
1000037a:	7820      	ldrb	r0, [r4, #0]
1000037c:	f006 ff2c 	bl	100071d8 <VL53L1X_SetInterMeasurementInMs>
10000380:	2800      	cmp	r0, #0
10000382:	d120      	bne.n	100003c6 <init_sensor+0xd2>
10000384:	7820      	ldrb	r0, [r4, #0]
10000386:	f006 fdd7 	bl	10006f38 <VL53L1X_StartRanging>
1000038a:	2800      	cmp	r0, #0
1000038c:	d120      	bne.n	100003d0 <init_sensor+0xdc>
1000038e:	7822      	ldrb	r2, [r4, #0]
10000390:	6861      	ldr	r1, [r4, #4]
10000392:	4819      	ldr	r0, [pc, #100]	@ (100003f8 <init_sensor+0x104>)
10000394:	f004 f9ae 	bl	100046f4 <__wrap_printf>
10000398:	2001      	movs	r0, #1
1000039a:	e004      	b.n	100003a6 <init_sensor+0xb2>
1000039c:	0001      	movs	r1, r0
1000039e:	4817      	ldr	r0, [pc, #92]	@ (100003fc <init_sensor+0x108>)
100003a0:	f004 f9a8 	bl	100046f4 <__wrap_printf>
100003a4:	2000      	movs	r0, #0
100003a6:	bd70      	pop	{r4, r5, r6, pc}
100003a8:	0029      	movs	r1, r5
100003aa:	4815      	ldr	r0, [pc, #84]	@ (10000400 <init_sensor+0x10c>)
100003ac:	f004 f9a2 	bl	100046f4 <__wrap_printf>
100003b0:	e7f8      	b.n	100003a4 <init_sensor+0xb0>
100003b2:	0001      	movs	r1, r0
100003b4:	4813      	ldr	r0, [pc, #76]	@ (10000404 <init_sensor+0x110>)
100003b6:	f004 f99d 	bl	100046f4 <__wrap_printf>
100003ba:	e7f3      	b.n	100003a4 <init_sensor+0xb0>
100003bc:	0001      	movs	r1, r0
100003be:	4812      	ldr	r0, [pc, #72]	@ (10000408 <init_sensor+0x114>)
100003c0:	f004 f998 	bl	100046f4 <__wrap_printf>
100003c4:	e7ee      	b.n	100003a4 <init_sensor+0xb0>
100003c6:	0001      	movs	r1, r0
100003c8:	4810      	ldr	r0, [pc, #64]	@ (1000040c <init_sensor+0x118>)
100003ca:	f004 f993 	bl	100046f4 <__wrap_printf>
100003ce:	e7e9      	b.n	100003a4 <init_sensor+0xb0>
100003d0:	0001      	movs	r1, r0
100003d2:	480f      	ldr	r0, [pc, #60]	@ (10000410 <init_sensor+0x11c>)
100003d4:	f004 f98e 	bl	100046f4 <__wrap_printf>
100003d8:	e7e4      	b.n	100003a4 <init_sensor+0xb0>
100003da:	46c0      	nop			@ (mov r8, r8)
100003dc:	10007568 	.word	0x10007568
100003e0:	10007584 	.word	0x10007584
100003e4:	100075a0 	.word	0x100075a0
100003e8:	100075c8 	.word	0x100075c8
100003ec:	100075e0 	.word	0x100075e0
100003f0:	10007634 	.word	0x10007634
100003f4:	10007654 	.word	0x10007654
100003f8:	10007764 	.word	0x10007764
100003fc:	10007678 	.word	0x10007678
10000400:	10007604 	.word	0x10007604
10000404:	100076d4 	.word	0x100076d4
10000408:	100076a4 	.word	0x100076a4
1000040c:	10007704 	.word	0x10007704
10000410:	10007738 	.word	0x10007738

10000414 <main>:
10000414:	b5f0      	push	{r4, r5, r6, r7, lr}
10000416:	46de      	mov	lr, fp
10000418:	464e      	mov	r6, r9
1000041a:	4645      	mov	r5, r8
1000041c:	4657      	mov	r7, sl
1000041e:	b5e0      	push	{r5, r6, r7, lr}
10000420:	b087      	sub	sp, #28
10000422:	f004 f893 	bl	1000454c <stdio_init_all>
10000426:	20fa      	movs	r0, #250	@ 0xfa
10000428:	00c0      	lsls	r0, r0, #3
1000042a:	f000 ffdd 	bl	100013e8 <sleep_ms>
1000042e:	200a      	movs	r0, #10
10000430:	f004 f894 	bl	1000455c <__wrap_putchar>
10000434:	4e53      	ldr	r6, [pc, #332]	@ (10000584 <main+0x170>)
10000436:	2400      	movs	r4, #0
10000438:	0030      	movs	r0, r6
1000043a:	f004 f8d9 	bl	100045f0 <__wrap_puts>
1000043e:	4852      	ldr	r0, [pc, #328]	@ (10000588 <main+0x174>)
10000440:	f004 f8d6 	bl	100045f0 <__wrap_puts>
10000444:	0030      	movs	r0, r6
10000446:	f004 f8d3 	bl	100045f0 <__wrap_puts>
1000044a:	4850      	ldr	r0, [pc, #320]	@ (1000058c <main+0x178>)
1000044c:	f004 f8d0 	bl	100045f0 <__wrap_puts>
10000450:	f7ff ff2e 	bl	100002b0 <init_i2c>
10000454:	484e      	ldr	r0, [pc, #312]	@ (10000590 <main+0x17c>)
10000456:	f004 f8cb 	bl	100045f0 <__wrap_puts>
1000045a:	2104      	movs	r1, #4
1000045c:	484d      	ldr	r0, [pc, #308]	@ (10000594 <main+0x180>)
1000045e:	f004 f949 	bl	100046f4 <__wrap_printf>
10000462:	2105      	movs	r1, #5
10000464:	484c      	ldr	r0, [pc, #304]	@ (10000598 <main+0x184>)
10000466:	f004 f945 	bl	100046f4 <__wrap_printf>
1000046a:	484c      	ldr	r0, [pc, #304]	@ (1000059c <main+0x188>)
1000046c:	f004 f8c0 	bl	100045f0 <__wrap_puts>
10000470:	f7ff ff06 	bl	10000280 <init_xshut_pins>
10000474:	484a      	ldr	r0, [pc, #296]	@ (100005a0 <main+0x18c>)
10000476:	f004 f8bb 	bl	100045f0 <__wrap_puts>
1000047a:	200a      	movs	r0, #10
1000047c:	f004 f86e 	bl	1000455c <__wrap_putchar>
10000480:	0030      	movs	r0, r6
10000482:	f004 f8b5 	bl	100045f0 <__wrap_puts>
10000486:	4847      	ldr	r0, [pc, #284]	@ (100005a4 <main+0x190>)
10000488:	f004 f8b2 	bl	100045f0 <__wrap_puts>
1000048c:	0030      	movs	r0, r6
1000048e:	f004 f8af 	bl	100045f0 <__wrap_puts>
10000492:	4b45      	ldr	r3, [pc, #276]	@ (100005a8 <main+0x194>)
10000494:	001d      	movs	r5, r3
10000496:	9300      	str	r3, [sp, #0]
10000498:	0028      	movs	r0, r5
1000049a:	f7ff ff2b 	bl	100002f4 <init_sensor>
1000049e:	2800      	cmp	r0, #0
100004a0:	d063      	beq.n	1000056a <main+0x156>
100004a2:	3401      	adds	r4, #1
100004a4:	3508      	adds	r5, #8
100004a6:	2c03      	cmp	r4, #3
100004a8:	d1f6      	bne.n	10000498 <main+0x84>
100004aa:	200a      	movs	r0, #10
100004ac:	f004 f856 	bl	1000455c <__wrap_putchar>
100004b0:	0030      	movs	r0, r6
100004b2:	f004 f89d 	bl	100045f0 <__wrap_puts>
100004b6:	483d      	ldr	r0, [pc, #244]	@ (100005ac <main+0x198>)
100004b8:	f004 f89a 	bl	100045f0 <__wrap_puts>
100004bc:	0030      	movs	r0, r6
100004be:	f004 f897 	bl	100045f0 <__wrap_puts>
100004c2:	9c00      	ldr	r4, [sp, #0]
100004c4:	483a      	ldr	r0, [pc, #232]	@ (100005b0 <main+0x19c>)
100004c6:	7821      	ldrb	r1, [r4, #0]
100004c8:	f004 f914 	bl	100046f4 <__wrap_printf>
100004cc:	7a21      	ldrb	r1, [r4, #8]
100004ce:	4839      	ldr	r0, [pc, #228]	@ (100005b4 <main+0x1a0>)
100004d0:	f004 f910 	bl	100046f4 <__wrap_printf>
100004d4:	7c21      	ldrb	r1, [r4, #16]
100004d6:	4838      	ldr	r0, [pc, #224]	@ (100005b8 <main+0x1a4>)
100004d8:	f004 f90c 	bl	100046f4 <__wrap_printf>
100004dc:	4837      	ldr	r0, [pc, #220]	@ (100005bc <main+0x1a8>)
100004de:	f004 f887 	bl	100045f0 <__wrap_puts>
100004e2:	2206      	movs	r2, #6
100004e4:	2100      	movs	r1, #0
100004e6:	a804      	add	r0, sp, #16
100004e8:	f002 fb38 	bl	10002b5c <__wrap_memset>
100004ec:	2318      	movs	r3, #24
100004ee:	191b      	adds	r3, r3, r4
100004f0:	469b      	mov	fp, r3
100004f2:	ab02      	add	r3, sp, #8
100004f4:	1dde      	adds	r6, r3, #7
100004f6:	4b32      	ldr	r3, [pc, #200]	@ (100005c0 <main+0x1ac>)
100004f8:	aa02      	add	r2, sp, #8
100004fa:	469a      	mov	sl, r3
100004fc:	4b31      	ldr	r3, [pc, #196]	@ (100005c4 <main+0x1b0>)
100004fe:	9301      	str	r3, [sp, #4]
10000500:	2300      	movs	r3, #0
10000502:	4699      	mov	r9, r3
10000504:	330e      	adds	r3, #14
10000506:	189b      	adds	r3, r3, r2
10000508:	4698      	mov	r8, r3
1000050a:	ad04      	add	r5, sp, #16
1000050c:	002f      	movs	r7, r5
1000050e:	9c00      	ldr	r4, [sp, #0]
10000510:	464b      	mov	r3, r9
10000512:	0031      	movs	r1, r6
10000514:	7820      	ldrb	r0, [r4, #0]
10000516:	7033      	strb	r3, [r6, #0]
10000518:	f006 fd14 	bl	10006f44 <VL53L1X_CheckForDataReady>
1000051c:	2800      	cmp	r0, #0
1000051e:	d10b      	bne.n	10000538 <main+0x124>
10000520:	7833      	ldrb	r3, [r6, #0]
10000522:	2b00      	cmp	r3, #0
10000524:	d008      	beq.n	10000538 <main+0x124>
10000526:	0039      	movs	r1, r7
10000528:	7820      	ldrb	r0, [r4, #0]
1000052a:	f006 fe8b 	bl	10007244 <VL53L1X_GetDistance>
1000052e:	2800      	cmp	r0, #0
10000530:	d102      	bne.n	10000538 <main+0x124>
10000532:	7820      	ldrb	r0, [r4, #0]
10000534:	f006 fcfa 	bl	10006f2c <VL53L1X_ClearInterrupt>
10000538:	3408      	adds	r4, #8
1000053a:	3702      	adds	r7, #2
1000053c:	45a3      	cmp	fp, r4
1000053e:	d1e7      	bne.n	10000510 <main+0xfc>
10000540:	9c00      	ldr	r4, [sp, #0]
10000542:	882a      	ldrh	r2, [r5, #0]
10000544:	4650      	mov	r0, sl
10000546:	6861      	ldr	r1, [r4, #4]
10000548:	3502      	adds	r5, #2
1000054a:	f004 f8d3 	bl	100046f4 <__wrap_printf>
1000054e:	4545      	cmp	r5, r8
10000550:	d004      	beq.n	1000055c <main+0x148>
10000552:	9801      	ldr	r0, [sp, #4]
10000554:	3408      	adds	r4, #8
10000556:	f004 f8cd 	bl	100046f4 <__wrap_printf>
1000055a:	e7f2      	b.n	10000542 <main+0x12e>
1000055c:	200a      	movs	r0, #10
1000055e:	f003 fffd 	bl	1000455c <__wrap_putchar>
10000562:	2032      	movs	r0, #50	@ 0x32
10000564:	f000 ff40 	bl	100013e8 <sleep_ms>
10000568:	e7cf      	b.n	1000050a <main+0xf6>
1000056a:	9b00      	ldr	r3, [sp, #0]
1000056c:	00e4      	lsls	r4, r4, #3
1000056e:	191c      	adds	r4, r3, r4
10000570:	4815      	ldr	r0, [pc, #84]	@ (100005c8 <main+0x1b4>)
10000572:	6861      	ldr	r1, [r4, #4]
10000574:	f004 f8be 	bl	100046f4 <__wrap_printf>
10000578:	20fa      	movs	r0, #250	@ 0xfa
1000057a:	0080      	lsls	r0, r0, #2
1000057c:	f000 ff34 	bl	100013e8 <sleep_ms>
10000580:	e7fa      	b.n	10000578 <main+0x164>
10000582:	46c0      	nop			@ (mov r8, r8)
10000584:	10007784 	.word	0x10007784
10000588:	100077b0 	.word	0x100077b0
1000058c:	100077d4 	.word	0x100077d4
10000590:	100077ec 	.word	0x100077ec
10000594:	10007800 	.word	0x10007800
10000598:	1000780c 	.word	0x1000780c
1000059c:	10007818 	.word	0x10007818
100005a0:	10007838 	.word	0x10007838
100005a4:	10007850 	.word	0x10007850
100005a8:	20000f90 	.word	0x20000f90
100005ac:	10007898 	.word	0x10007898
100005b0:	100078b4 	.word	0x100078b4
100005b4:	100078c4 	.word	0x100078c4
100005b8:	100078d4 	.word	0x100078d4
100005bc:	100078e4 	.word	0x100078e4
100005c0:	10007900 	.word	0x10007900
100005c4:	1000790c 	.word	0x1000790c
100005c8:	10007868 	.word	0x10007868

100005cc <gpio_set_function>:
100005cc:	b510      	push	{r4, lr}
100005ce:	2440      	movs	r4, #64	@ 0x40
100005d0:	4a07      	ldr	r2, [pc, #28]	@ (100005f0 <gpio_set_function+0x24>)
100005d2:	0083      	lsls	r3, r0, #2
100005d4:	189a      	adds	r2, r3, r2
100005d6:	6812      	ldr	r2, [r2, #0]
100005d8:	00c0      	lsls	r0, r0, #3
100005da:	4054      	eors	r4, r2
100005dc:	22c0      	movs	r2, #192	@ 0xc0
100005de:	4022      	ands	r2, r4
100005e0:	4c04      	ldr	r4, [pc, #16]	@ (100005f4 <gpio_set_function+0x28>)
100005e2:	191b      	adds	r3, r3, r4
100005e4:	601a      	str	r2, [r3, #0]
100005e6:	4b04      	ldr	r3, [pc, #16]	@ (100005f8 <gpio_set_function+0x2c>)
100005e8:	18c0      	adds	r0, r0, r3
100005ea:	6041      	str	r1, [r0, #4]
100005ec:	bd10      	pop	{r4, pc}
100005ee:	46c0      	nop			@ (mov r8, r8)
100005f0:	4001c004 	.word	0x4001c004
100005f4:	4001d004 	.word	0x4001d004
100005f8:	40014000 	.word	0x40014000

100005fc <gpio_set_pulls>:
100005fc:	4b06      	ldr	r3, [pc, #24]	@ (10000618 <gpio_set_pulls+0x1c>)
100005fe:	0080      	lsls	r0, r0, #2
10000600:	18c3      	adds	r3, r0, r3
10000602:	681b      	ldr	r3, [r3, #0]
10000604:	00c9      	lsls	r1, r1, #3
10000606:	0092      	lsls	r2, r2, #2
10000608:	430a      	orrs	r2, r1
1000060a:	405a      	eors	r2, r3
1000060c:	230c      	movs	r3, #12
1000060e:	4013      	ands	r3, r2
10000610:	4a02      	ldr	r2, [pc, #8]	@ (1000061c <gpio_set_pulls+0x20>)
10000612:	1880      	adds	r0, r0, r2
10000614:	6003      	str	r3, [r0, #0]
10000616:	4770      	bx	lr
10000618:	4001c004 	.word	0x4001c004
1000061c:	4001d004 	.word	0x4001d004

10000620 <gpio_init>:
10000620:	2301      	movs	r3, #1
10000622:	22d0      	movs	r2, #208	@ 0xd0
10000624:	4083      	lsls	r3, r0
10000626:	0612      	lsls	r2, r2, #24
10000628:	6293      	str	r3, [r2, #40]	@ 0x28
1000062a:	6193      	str	r3, [r2, #24]
1000062c:	4a08      	ldr	r2, [pc, #32]	@ (10000650 <gpio_init+0x30>)
1000062e:	0083      	lsls	r3, r0, #2
10000630:	189a      	adds	r2, r3, r2
10000632:	6811      	ldr	r1, [r2, #0]
10000634:	2240      	movs	r2, #64	@ 0x40
10000636:	4051      	eors	r1, r2
10000638:	3280      	adds	r2, #128	@ 0x80
1000063a:	400a      	ands	r2, r1
1000063c:	4905      	ldr	r1, [pc, #20]	@ (10000654 <gpio_init+0x34>)
1000063e:	00c0      	lsls	r0, r0, #3
10000640:	185b      	adds	r3, r3, r1
10000642:	601a      	str	r2, [r3, #0]
10000644:	4b04      	ldr	r3, [pc, #16]	@ (10000658 <gpio_init+0x38>)
10000646:	18c0      	adds	r0, r0, r3
10000648:	2305      	movs	r3, #5
1000064a:	6043      	str	r3, [r0, #4]
1000064c:	4770      	bx	lr
1000064e:	46c0      	nop			@ (mov r8, r8)
10000650:	4001c004 	.word	0x4001c004
10000654:	4001d004 	.word	0x4001d004
10000658:	40014000 	.word	0x40014000

1000065c <rp2040_chip_version>:
1000065c:	2380      	movs	r3, #128	@ 0x80
1000065e:	05db      	lsls	r3, r3, #23
10000660:	6818      	ldr	r0, [r3, #0]
10000662:	0f00      	lsrs	r0, r0, #28
10000664:	4770      	bx	lr
10000666:	46c0      	nop			@ (mov r8, r8)

10000668 <panic>:
10000668:	b40f      	push	{r0, r1, r2, r3}
1000066a:	b500      	push	{lr}
1000066c:	4808      	ldr	r0, [pc, #32]	@ (10000690 <panic+0x28>)
1000066e:	b083      	sub	sp, #12
10000670:	f003 ffbe 	bl	100045f0 <__wrap_puts>
10000674:	9b04      	ldr	r3, [sp, #16]
10000676:	2b00      	cmp	r3, #0
10000678:	d007      	beq.n	1000068a <panic+0x22>
1000067a:	a905      	add	r1, sp, #20
1000067c:	0018      	movs	r0, r3
1000067e:	9101      	str	r1, [sp, #4]
10000680:	f003 fe20 	bl	100042c4 <weak_raw_vprintf>
10000684:	4803      	ldr	r0, [pc, #12]	@ (10000694 <panic+0x2c>)
10000686:	f003 ffb3 	bl	100045f0 <__wrap_puts>
1000068a:	2001      	movs	r0, #1
1000068c:	f003 fe32 	bl	100042f4 <_exit>
10000690:	10007928 	.word	0x10007928
10000694:	100076a0 	.word	0x100076a0

10000698 <hw_claim_or_assert>:
10000698:	b570      	push	{r4, r5, r6, lr}
1000069a:	468c      	mov	ip, r1
1000069c:	0016      	movs	r6, r2
1000069e:	f3ef 8410 	mrs	r4, PRIMASK
100006a2:	b672      	cpsid	i
100006a4:	490f      	ldr	r1, [pc, #60]	@ (100006e4 <hw_claim_or_assert+0x4c>)
100006a6:	680b      	ldr	r3, [r1, #0]
100006a8:	2b00      	cmp	r3, #0
100006aa:	d0fc      	beq.n	100006a6 <hw_claim_or_assert+0xe>
100006ac:	f3bf 8f5f 	dmb	sy
100006b0:	4663      	mov	r3, ip
100006b2:	08db      	lsrs	r3, r3, #3
100006b4:	18c5      	adds	r5, r0, r3
100006b6:	2207      	movs	r2, #7
100006b8:	5cc0      	ldrb	r0, [r0, r3]
100006ba:	4663      	mov	r3, ip
100006bc:	401a      	ands	r2, r3
100006be:	2301      	movs	r3, #1
100006c0:	4093      	lsls	r3, r2
100006c2:	001a      	movs	r2, r3
100006c4:	4002      	ands	r2, r0
100006c6:	4203      	tst	r3, r0
100006c8:	d107      	bne.n	100006da <hw_claim_or_assert+0x42>
100006ca:	4318      	orrs	r0, r3
100006cc:	7028      	strb	r0, [r5, #0]
100006ce:	f3bf 8f5f 	dmb	sy
100006d2:	600a      	str	r2, [r1, #0]
100006d4:	f384 8810 	msr	PRIMASK, r4
100006d8:	bd70      	pop	{r4, r5, r6, pc}
100006da:	4661      	mov	r1, ip
100006dc:	0030      	movs	r0, r6
100006de:	f7ff ffc3 	bl	10000668 <panic>
100006e2:	46c0      	nop			@ (mov r8, r8)
100006e4:	d000012c 	.word	0xd000012c

100006e8 <hw_claim_unused_from_range>:
100006e8:	b5f8      	push	{r3, r4, r5, r6, r7, lr}
100006ea:	46ce      	mov	lr, r9
100006ec:	4647      	mov	r7, r8
100006ee:	468c      	mov	ip, r1
100006f0:	b580      	push	{r7, lr}
100006f2:	001c      	movs	r4, r3
100006f4:	f3ef 8810 	mrs	r8, PRIMASK
100006f8:	b672      	cpsid	i
100006fa:	491c      	ldr	r1, [pc, #112]	@ (1000076c <hw_claim_unused_from_range+0x84>)
100006fc:	680b      	ldr	r3, [r1, #0]
100006fe:	2b00      	cmp	r3, #0
10000700:	d0fc      	beq.n	100006fc <hw_claim_unused_from_range+0x14>
10000702:	f3bf 8f5f 	dmb	sy
10000706:	42a2      	cmp	r2, r4
10000708:	d821      	bhi.n	1000074e <hw_claim_unused_from_range+0x66>
1000070a:	2307      	movs	r3, #7
1000070c:	4699      	mov	r9, r3
1000070e:	e002      	b.n	10000716 <hw_claim_unused_from_range+0x2e>
10000710:	3201      	adds	r2, #1
10000712:	4294      	cmp	r4, r2
10000714:	d318      	bcc.n	10000748 <hw_claim_unused_from_range+0x60>
10000716:	4649      	mov	r1, r9
10000718:	2601      	movs	r6, #1
1000071a:	4011      	ands	r1, r2
1000071c:	408e      	lsls	r6, r1
1000071e:	08d3      	lsrs	r3, r2, #3
10000720:	18c7      	adds	r7, r0, r3
10000722:	5cc3      	ldrb	r3, [r0, r3]
10000724:	421e      	tst	r6, r3
10000726:	d1f3      	bne.n	10000710 <hw_claim_unused_from_range+0x28>
10000728:	0010      	movs	r0, r2
1000072a:	4333      	orrs	r3, r6
1000072c:	703b      	strb	r3, [r7, #0]
1000072e:	f3bf 8f5f 	dmb	sy
10000732:	2200      	movs	r2, #0
10000734:	4b0d      	ldr	r3, [pc, #52]	@ (1000076c <hw_claim_unused_from_range+0x84>)
10000736:	601a      	str	r2, [r3, #0]
10000738:	f388 8810 	msr	PRIMASK, r8
1000073c:	2800      	cmp	r0, #0
1000073e:	db0e      	blt.n	1000075e <hw_claim_unused_from_range+0x76>
10000740:	bcc0      	pop	{r6, r7}
10000742:	46b9      	mov	r9, r7
10000744:	46b0      	mov	r8, r6
10000746:	bdf8      	pop	{r3, r4, r5, r6, r7, pc}
10000748:	2001      	movs	r0, #1
1000074a:	4240      	negs	r0, r0
1000074c:	e7ef      	b.n	1000072e <hw_claim_unused_from_range+0x46>
1000074e:	f3bf 8f5f 	dmb	sy
10000752:	2300      	movs	r3, #0
10000754:	600b      	str	r3, [r1, #0]
10000756:	f388 8810 	msr	PRIMASK, r8
1000075a:	2001      	movs	r0, #1
1000075c:	4240      	negs	r0, r0
1000075e:	4663      	mov	r3, ip
10000760:	2b00      	cmp	r3, #0
10000762:	d0ed      	beq.n	10000740 <hw_claim_unused_from_range+0x58>
10000764:	9808      	ldr	r0, [sp, #32]
10000766:	f7ff ff7f 	bl	10000668 <panic>
1000076a:	46c0      	nop			@ (mov r8, r8)
1000076c:	d000012c 	.word	0xd000012c

10000770 <next_striped_spin_lock_num>:
10000770:	4a04      	ldr	r2, [pc, #16]	@ (10000784 <next_striped_spin_lock_num+0x14>)
10000772:	7810      	ldrb	r0, [r2, #0]
10000774:	1c43      	adds	r3, r0, #1
10000776:	b2db      	uxtb	r3, r3
10000778:	2b17      	cmp	r3, #23
1000077a:	d900      	bls.n	1000077e <next_striped_spin_lock_num+0xe>
1000077c:	2310      	movs	r3, #16
1000077e:	7013      	strb	r3, [r2, #0]
10000780:	4770      	bx	lr
10000782:	46c0      	nop			@ (mov r8, r8)
10000784:	20000fa8 	.word	0x20000fa8

10000788 <spin_lock_claim_unused>:
10000788:	b500      	push	{lr}
1000078a:	4b05      	ldr	r3, [pc, #20]	@ (100007a0 <spin_lock_claim_unused+0x18>)
1000078c:	b083      	sub	sp, #12
1000078e:	0001      	movs	r1, r0
10000790:	9300      	str	r3, [sp, #0]
10000792:	2218      	movs	r2, #24
10000794:	231f      	movs	r3, #31
10000796:	4803      	ldr	r0, [pc, #12]	@ (100007a4 <spin_lock_claim_unused+0x1c>)
10000798:	f7ff ffa6 	bl	100006e8 <hw_claim_unused_from_range>
1000079c:	b003      	add	sp, #12
1000079e:	bd00      	pop	{pc}
100007a0:	10007938 	.word	0x10007938
100007a4:	20001a20 	.word	0x20001a20

100007a8 <spin_locks_reset>:
100007a8:	2100      	movs	r1, #0
100007aa:	4b04      	ldr	r3, [pc, #16]	@ (100007bc <spin_locks_reset+0x14>)
100007ac:	4a04      	ldr	r2, [pc, #16]	@ (100007c0 <spin_locks_reset+0x18>)
100007ae:	f3bf 8f5f 	dmb	sy
100007b2:	c302      	stmia	r3!, {r1}
100007b4:	4293      	cmp	r3, r2
100007b6:	d1fa      	bne.n	100007ae <spin_locks_reset+0x6>
100007b8:	4770      	bx	lr
100007ba:	46c0      	nop			@ (mov r8, r8)
100007bc:	d0000100 	.word	0xd0000100
100007c0:	d0000180 	.word	0xd0000180

100007c4 <runtime_init_per_core_irq_priorities>:
100007c4:	4b08      	ldr	r3, [pc, #32]	@ (100007e8 <runtime_init_per_core_irq_priorities+0x24>)
100007c6:	4a09      	ldr	r2, [pc, #36]	@ (100007ec <runtime_init_per_core_irq_priorities+0x28>)
100007c8:	6013      	str	r3, [r2, #0]
100007ca:	4a09      	ldr	r2, [pc, #36]	@ (100007f0 <runtime_init_per_core_irq_priorities+0x2c>)
100007cc:	6013      	str	r3, [r2, #0]
100007ce:	4a09      	ldr	r2, [pc, #36]	@ (100007f4 <runtime_init_per_core_irq_priorities+0x30>)
100007d0:	6013      	str	r3, [r2, #0]
100007d2:	4a09      	ldr	r2, [pc, #36]	@ (100007f8 <runtime_init_per_core_irq_priorities+0x34>)
100007d4:	6013      	str	r3, [r2, #0]
100007d6:	4a09      	ldr	r2, [pc, #36]	@ (100007fc <runtime_init_per_core_irq_priorities+0x38>)
100007d8:	6013      	str	r3, [r2, #0]
100007da:	4a09      	ldr	r2, [pc, #36]	@ (10000800 <runtime_init_per_core_irq_priorities+0x3c>)
100007dc:	6013      	str	r3, [r2, #0]
100007de:	4a09      	ldr	r2, [pc, #36]	@ (10000804 <runtime_init_per_core_irq_priorities+0x40>)
100007e0:	6013      	str	r3, [r2, #0]
100007e2:	4a09      	ldr	r2, [pc, #36]	@ (10000808 <runtime_init_per_core_irq_priorities+0x44>)
100007e4:	6013      	str	r3, [r2, #0]
100007e6:	4770      	bx	lr
100007e8:	80808080 	.word	0x80808080
100007ec:	e000e400 	.word	0xe000e400
100007f0:	e000e404 	.word	0xe000e404
100007f4:	e000e408 	.word	0xe000e408
100007f8:	e000e40c 	.word	0xe000e40c
100007fc:	e000e410 	.word	0xe000e410
10000800:	e000e414 	.word	0xe000e414
10000804:	e000e418 	.word	0xe000e418
10000808:	e000e41c 	.word	0xe000e41c

1000080c <irq_set_enabled>:
1000080c:	231f      	movs	r3, #31
1000080e:	4018      	ands	r0, r3
10000810:	3b1e      	subs	r3, #30
10000812:	4083      	lsls	r3, r0
10000814:	2900      	cmp	r1, #0
10000816:	d005      	beq.n	10000824 <irq_set_enabled+0x18>
10000818:	21c0      	movs	r1, #192	@ 0xc0
1000081a:	4a04      	ldr	r2, [pc, #16]	@ (1000082c <irq_set_enabled+0x20>)
1000081c:	0049      	lsls	r1, r1, #1
1000081e:	5053      	str	r3, [r2, r1]
10000820:	6013      	str	r3, [r2, #0]
10000822:	4770      	bx	lr
10000824:	2280      	movs	r2, #128	@ 0x80
10000826:	4901      	ldr	r1, [pc, #4]	@ (1000082c <irq_set_enabled+0x20>)
10000828:	508b      	str	r3, [r1, r2]
1000082a:	e7fa      	b.n	10000822 <irq_set_enabled+0x16>
1000082c:	e000e100 	.word	0xe000e100

10000830 <irq_is_enabled>:
10000830:	2201      	movs	r2, #1
10000832:	4082      	lsls	r2, r0
10000834:	4b03      	ldr	r3, [pc, #12]	@ (10000844 <irq_is_enabled+0x14>)
10000836:	681b      	ldr	r3, [r3, #0]
10000838:	4013      	ands	r3, r2
1000083a:	1e5a      	subs	r2, r3, #1
1000083c:	4193      	sbcs	r3, r2
1000083e:	b2d8      	uxtb	r0, r3
10000840:	4770      	bx	lr
10000842:	46c0      	nop			@ (mov r8, r8)
10000844:	e000e100 	.word	0xe000e100

10000848 <irq_set_pending>:
10000848:	2301      	movs	r3, #1
1000084a:	2280      	movs	r2, #128	@ 0x80
1000084c:	4083      	lsls	r3, r0
1000084e:	4902      	ldr	r1, [pc, #8]	@ (10000858 <irq_set_pending+0x10>)
10000850:	0052      	lsls	r2, r2, #1
10000852:	508b      	str	r3, [r1, r2]
10000854:	4770      	bx	lr
10000856:	46c0      	nop			@ (mov r8, r8)
10000858:	e000e100 	.word	0xe000e100

1000085c <irq_has_shared_handler>:
1000085c:	4b05      	ldr	r3, [pc, #20]	@ (10000874 <irq_has_shared_handler+0x18>)
1000085e:	3010      	adds	r0, #16
10000860:	689b      	ldr	r3, [r3, #8]
10000862:	0080      	lsls	r0, r0, #2
10000864:	58c3      	ldr	r3, [r0, r3]
10000866:	4a04      	ldr	r2, [pc, #16]	@ (10000878 <irq_has_shared_handler+0x1c>)
10000868:	2000      	movs	r0, #0
1000086a:	1a9b      	subs	r3, r3, r2
1000086c:	2247      	movs	r2, #71	@ 0x47
1000086e:	429a      	cmp	r2, r3
10000870:	4140      	adcs	r0, r0
10000872:	4770      	bx	lr
10000874:	e000ed00 	.word	0xe000ed00
10000878:	20000fac 	.word	0x20000fac

1000087c <irq_set_exclusive_handler>:
1000087c:	b510      	push	{r4, lr}
1000087e:	f3ef 8c10 	mrs	ip, PRIMASK
10000882:	b672      	cpsid	i
10000884:	4a0f      	ldr	r2, [pc, #60]	@ (100008c4 <irq_set_exclusive_handler+0x48>)
10000886:	6813      	ldr	r3, [r2, #0]
10000888:	2b00      	cmp	r3, #0
1000088a:	d0fc      	beq.n	10000886 <irq_set_exclusive_handler+0xa>
1000088c:	f3bf 8f5f 	dmb	sy
10000890:	4b0d      	ldr	r3, [pc, #52]	@ (100008c8 <irq_set_exclusive_handler+0x4c>)
10000892:	3010      	adds	r0, #16
10000894:	689b      	ldr	r3, [r3, #8]
10000896:	0080      	lsls	r0, r0, #2
10000898:	581b      	ldr	r3, [r3, r0]
1000089a:	4a0c      	ldr	r2, [pc, #48]	@ (100008cc <irq_set_exclusive_handler+0x50>)
1000089c:	4293      	cmp	r3, r2
1000089e:	d001      	beq.n	100008a4 <irq_set_exclusive_handler+0x28>
100008a0:	4299      	cmp	r1, r3
100008a2:	d10c      	bne.n	100008be <irq_set_exclusive_handler+0x42>
100008a4:	4b08      	ldr	r3, [pc, #32]	@ (100008c8 <irq_set_exclusive_handler+0x4c>)
100008a6:	689b      	ldr	r3, [r3, #8]
100008a8:	5019      	str	r1, [r3, r0]
100008aa:	f3bf 8f5f 	dmb	sy
100008ae:	f3bf 8f5f 	dmb	sy
100008b2:	2200      	movs	r2, #0
100008b4:	4b03      	ldr	r3, [pc, #12]	@ (100008c4 <irq_set_exclusive_handler+0x48>)
100008b6:	601a      	str	r2, [r3, #0]
100008b8:	f38c 8810 	msr	PRIMASK, ip
100008bc:	bd10      	pop	{r4, pc}
100008be:	f001 f96b 	bl	10001b98 <hard_assertion_failure>
100008c2:	46c0      	nop			@ (mov r8, r8)
100008c4:	d0000124 	.word	0xd0000124
100008c8:	e000ed00 	.word	0xe000ed00
100008cc:	100001c1 	.word	0x100001c1

100008d0 <irq_add_shared_handler>:
100008d0:	b5f0      	push	{r4, r5, r6, r7, lr}
100008d2:	46de      	mov	lr, fp
100008d4:	4657      	mov	r7, sl
100008d6:	464e      	mov	r6, r9
100008d8:	4645      	mov	r5, r8
100008da:	b5e0      	push	{r5, r6, r7, lr}
100008dc:	468b      	mov	fp, r1
100008de:	b085      	sub	sp, #20
100008e0:	f3ef 8810 	mrs	r8, PRIMASK
100008e4:	b672      	cpsid	i
100008e6:	0016      	movs	r6, r2
100008e8:	4a5b      	ldr	r2, [pc, #364]	@ (10000a58 <irq_add_shared_handler+0x188>)
100008ea:	6813      	ldr	r3, [r2, #0]
100008ec:	2b00      	cmp	r3, #0
100008ee:	d0fc      	beq.n	100008ea <irq_add_shared_handler+0x1a>
100008f0:	46b2      	mov	sl, r6
100008f2:	f3bf 8f5f 	dmb	sy
100008f6:	2500      	movs	r5, #0
100008f8:	4958      	ldr	r1, [pc, #352]	@ (10000a5c <irq_add_shared_handler+0x18c>)
100008fa:	574d      	ldrsb	r5, [r1, r5]
100008fc:	2d00      	cmp	r5, #0
100008fe:	da00      	bge.n	10000902 <irq_add_shared_handler+0x32>
10000900:	e0a8      	b.n	10000a54 <irq_add_shared_handler+0x184>
10000902:	006b      	lsls	r3, r5, #1
10000904:	4a56      	ldr	r2, [pc, #344]	@ (10000a60 <irq_add_shared_handler+0x190>)
10000906:	9301      	str	r3, [sp, #4]
10000908:	195b      	adds	r3, r3, r5
1000090a:	009b      	lsls	r3, r3, #2
1000090c:	18d4      	adds	r4, r2, r3
1000090e:	79a7      	ldrb	r7, [r4, #6]
10000910:	3010      	adds	r0, #16
10000912:	700f      	strb	r7, [r1, #0]
10000914:	4953      	ldr	r1, [pc, #332]	@ (10000a64 <irq_add_shared_handler+0x194>)
10000916:	0080      	lsls	r0, r0, #2
10000918:	6889      	ldr	r1, [r1, #8]
1000091a:	4684      	mov	ip, r0
1000091c:	580f      	ldr	r7, [r1, r0]
1000091e:	1ab9      	subs	r1, r7, r2
10000920:	2947      	cmp	r1, #71	@ 0x47
10000922:	d833      	bhi.n	1000098c <irq_add_shared_handler+0xbc>
10000924:	2001      	movs	r0, #1
10000926:	0039      	movs	r1, r7
10000928:	4381      	bics	r1, r0
1000092a:	79ce      	ldrb	r6, [r1, #7]
1000092c:	4556      	cmp	r6, sl
1000092e:	d800      	bhi.n	10000932 <irq_add_shared_handler+0x62>
10000930:	e06a      	b.n	10000a08 <irq_add_shared_handler+0x138>
10000932:	46a1      	mov	r9, r4
10000934:	4656      	mov	r6, sl
10000936:	9303      	str	r3, [sp, #12]
10000938:	e007      	b.n	1000094a <irq_add_shared_handler+0x7a>
1000093a:	0058      	lsls	r0, r3, #1
1000093c:	18c0      	adds	r0, r0, r3
1000093e:	0080      	lsls	r0, r0, #2
10000940:	1810      	adds	r0, r2, r0
10000942:	79c4      	ldrb	r4, [r0, #7]
10000944:	42b4      	cmp	r4, r6
10000946:	d94d      	bls.n	100009e4 <irq_add_shared_handler+0x114>
10000948:	0001      	movs	r1, r0
1000094a:	2306      	movs	r3, #6
1000094c:	56cb      	ldrsb	r3, [r1, r3]
1000094e:	2b00      	cmp	r3, #0
10000950:	daf3      	bge.n	1000093a <irq_add_shared_handler+0x6a>
10000952:	1d08      	adds	r0, r1, #4
10000954:	464c      	mov	r4, r9
10000956:	46b2      	mov	sl, r6
10000958:	4681      	mov	r9, r0
1000095a:	9302      	str	r3, [sp, #8]
1000095c:	4b42      	ldr	r3, [pc, #264]	@ (10000a68 <irq_add_shared_handler+0x198>)
1000095e:	464e      	mov	r6, r9
10000960:	3c04      	subs	r4, #4
10000962:	1ba4      	subs	r4, r4, r6
10000964:	0524      	lsls	r4, r4, #20
10000966:	4e41      	ldr	r6, [pc, #260]	@ (10000a6c <irq_add_shared_handler+0x19c>)
10000968:	0d64      	lsrs	r4, r4, #21
1000096a:	4334      	orrs	r4, r6
1000096c:	808c      	strh	r4, [r1, #4]
1000096e:	718d      	strb	r5, [r1, #6]
10000970:	9901      	ldr	r1, [sp, #4]
10000972:	1949      	adds	r1, r1, r5
10000974:	0089      	lsls	r1, r1, #2
10000976:	1852      	adds	r2, r2, r1
10000978:	8093      	strh	r3, [r2, #4]
1000097a:	9b02      	ldr	r3, [sp, #8]
1000097c:	493c      	ldr	r1, [pc, #240]	@ (10000a70 <irq_add_shared_handler+0x1a0>)
1000097e:	7193      	strb	r3, [r2, #6]
10000980:	4653      	mov	r3, sl
10000982:	71d3      	strb	r3, [r2, #7]
10000984:	465b      	mov	r3, fp
10000986:	6011      	str	r1, [r2, #0]
10000988:	6093      	str	r3, [r2, #8]
1000098a:	e017      	b.n	100009bc <irq_add_shared_handler+0xec>
1000098c:	4939      	ldr	r1, [pc, #228]	@ (10000a74 <irq_add_shared_handler+0x1a4>)
1000098e:	428f      	cmp	r7, r1
10000990:	d160      	bne.n	10000a54 <irq_add_shared_handler+0x184>
10000992:	4939      	ldr	r1, [pc, #228]	@ (10000a78 <irq_add_shared_handler+0x1a8>)
10000994:	2701      	movs	r7, #1
10000996:	52d1      	strh	r1, [r2, r3]
10000998:	4938      	ldr	r1, [pc, #224]	@ (10000a7c <irq_add_shared_handler+0x1ac>)
1000099a:	3302      	adds	r3, #2
1000099c:	18d3      	adds	r3, r2, r3
1000099e:	3904      	subs	r1, #4
100009a0:	1acb      	subs	r3, r1, r3
100009a2:	4a32      	ldr	r2, [pc, #200]	@ (10000a6c <irq_add_shared_handler+0x19c>)
100009a4:	051b      	lsls	r3, r3, #20
100009a6:	0d5b      	lsrs	r3, r3, #21
100009a8:	4313      	orrs	r3, r2
100009aa:	8063      	strh	r3, [r4, #2]
100009ac:	4b34      	ldr	r3, [pc, #208]	@ (10000a80 <irq_add_shared_handler+0x1b0>)
100009ae:	71e6      	strb	r6, [r4, #7]
100009b0:	80a3      	strh	r3, [r4, #4]
100009b2:	23ff      	movs	r3, #255	@ 0xff
100009b4:	71a3      	strb	r3, [r4, #6]
100009b6:	465b      	mov	r3, fp
100009b8:	4327      	orrs	r7, r4
100009ba:	60a3      	str	r3, [r4, #8]
100009bc:	4662      	mov	r2, ip
100009be:	4b29      	ldr	r3, [pc, #164]	@ (10000a64 <irq_add_shared_handler+0x194>)
100009c0:	689b      	ldr	r3, [r3, #8]
100009c2:	509f      	str	r7, [r3, r2]
100009c4:	f3bf 8f5f 	dmb	sy
100009c8:	f3bf 8f5f 	dmb	sy
100009cc:	2200      	movs	r2, #0
100009ce:	4b22      	ldr	r3, [pc, #136]	@ (10000a58 <irq_add_shared_handler+0x188>)
100009d0:	601a      	str	r2, [r3, #0]
100009d2:	f388 8810 	msr	PRIMASK, r8
100009d6:	b005      	add	sp, #20
100009d8:	bcf0      	pop	{r4, r5, r6, r7}
100009da:	46bb      	mov	fp, r7
100009dc:	46b2      	mov	sl, r6
100009de:	46a9      	mov	r9, r5
100009e0:	46a0      	mov	r8, r4
100009e2:	bdf0      	pop	{r4, r5, r6, r7, pc}
100009e4:	46b2      	mov	sl, r6
100009e6:	1d0e      	adds	r6, r1, #4
100009e8:	464c      	mov	r4, r9
100009ea:	46b1      	mov	r9, r6
100009ec:	8888      	ldrh	r0, [r1, #4]
100009ee:	9302      	str	r3, [sp, #8]
100009f0:	9b03      	ldr	r3, [sp, #12]
100009f2:	0540      	lsls	r0, r0, #21
100009f4:	1500      	asrs	r0, r0, #20
100009f6:	3304      	adds	r3, #4
100009f8:	4448      	add	r0, r9
100009fa:	18d3      	adds	r3, r2, r3
100009fc:	1ac3      	subs	r3, r0, r3
100009fe:	051b      	lsls	r3, r3, #20
10000a00:	481a      	ldr	r0, [pc, #104]	@ (10000a6c <irq_add_shared_handler+0x19c>)
10000a02:	0d5b      	lsrs	r3, r3, #21
10000a04:	4303      	orrs	r3, r0
10000a06:	e7aa      	b.n	1000095e <irq_add_shared_handler+0x8e>
10000a08:	1c9e      	adds	r6, r3, #2
10000a0a:	46b1      	mov	r9, r6
10000a0c:	4491      	add	r9, r2
10000a0e:	464e      	mov	r6, r9
10000a10:	000f      	movs	r7, r1
10000a12:	4d1c      	ldr	r5, [pc, #112]	@ (10000a84 <irq_add_shared_handler+0x1b4>)
10000a14:	1abf      	subs	r7, r7, r2
10000a16:	417f      	adcs	r7, r7
10000a18:	437d      	muls	r5, r7
10000a1a:	0d2d      	lsrs	r5, r5, #20
10000a1c:	4f16      	ldr	r7, [pc, #88]	@ (10000a78 <irq_add_shared_handler+0x1a8>)
10000a1e:	71a5      	strb	r5, [r4, #6]
10000a20:	52d7      	strh	r7, [r2, r3]
10000a22:	4f16      	ldr	r7, [pc, #88]	@ (10000a7c <irq_add_shared_handler+0x1ac>)
10000a24:	3304      	adds	r3, #4
10000a26:	3f04      	subs	r7, #4
10000a28:	18d3      	adds	r3, r2, r3
10000a2a:	1bbf      	subs	r7, r7, r6
10000a2c:	1acb      	subs	r3, r1, r3
10000a2e:	053f      	lsls	r7, r7, #20
10000a30:	3b04      	subs	r3, #4
10000a32:	0d7e      	lsrs	r6, r7, #21
10000a34:	051b      	lsls	r3, r3, #20
10000a36:	4f0d      	ldr	r7, [pc, #52]	@ (10000a6c <irq_add_shared_handler+0x19c>)
10000a38:	0d5b      	lsrs	r3, r3, #21
10000a3a:	433e      	orrs	r6, r7
10000a3c:	431f      	orrs	r7, r3
10000a3e:	4653      	mov	r3, sl
10000a40:	71e3      	strb	r3, [r4, #7]
10000a42:	465b      	mov	r3, fp
10000a44:	60a3      	str	r3, [r4, #8]
10000a46:	4b0a      	ldr	r3, [pc, #40]	@ (10000a70 <irq_add_shared_handler+0x1a0>)
10000a48:	80a7      	strh	r7, [r4, #4]
10000a4a:	8066      	strh	r6, [r4, #2]
10000a4c:	4304      	orrs	r4, r0
10000a4e:	0027      	movs	r7, r4
10000a50:	600b      	str	r3, [r1, #0]
10000a52:	e7b3      	b.n	100009bc <irq_add_shared_handler+0xec>
10000a54:	f001 f8a0 	bl	10001b98 <hard_assertion_failure>
10000a58:	d0000124 	.word	0xd0000124
10000a5c:	20001edd 	.word	0x20001edd
10000a60:	20000fac 	.word	0x20000fac
10000a64:	e000ed00 	.word	0xe000ed00
10000a68:	0000bd01 	.word	0x0000bd01
10000a6c:	ffffe000 	.word	0xffffe000
10000a70:	47804801 	.word	0x47804801
10000a74:	100001c1 	.word	0x100001c1
10000a78:	ffffa100 	.word	0xffffa100
10000a7c:	20000ff4 	.word	0x20000ff4
10000a80:	ffffbd01 	.word	0xffffbd01
10000a84:	0000aaaa 	.word	0x0000aaaa

10000a88 <irq_remove_handler>:
10000a88:	b5f0      	push	{r4, r5, r6, r7, lr}
10000a8a:	46de      	mov	lr, fp
10000a8c:	4657      	mov	r7, sl
10000a8e:	464e      	mov	r6, r9
10000a90:	4645      	mov	r5, r8
10000a92:	b5e0      	push	{r5, r6, r7, lr}
10000a94:	b083      	sub	sp, #12
10000a96:	f3ef 8910 	mrs	r9, PRIMASK
10000a9a:	b672      	cpsid	i
10000a9c:	4a5d      	ldr	r2, [pc, #372]	@ (10000c14 <irq_remove_handler+0x18c>)
10000a9e:	6813      	ldr	r3, [r2, #0]
10000aa0:	2b00      	cmp	r3, #0
10000aa2:	d0fc      	beq.n	10000a9e <irq_remove_handler+0x16>
10000aa4:	f3bf 8f5f 	dmb	sy
10000aa8:	4b5b      	ldr	r3, [pc, #364]	@ (10000c18 <irq_remove_handler+0x190>)
10000aaa:	4e5c      	ldr	r6, [pc, #368]	@ (10000c1c <irq_remove_handler+0x194>)
10000aac:	689a      	ldr	r2, [r3, #8]
10000aae:	0003      	movs	r3, r0
10000ab0:	3310      	adds	r3, #16
10000ab2:	009c      	lsls	r4, r3, #2
10000ab4:	5912      	ldr	r2, [r2, r4]
10000ab6:	4698      	mov	r8, r3
10000ab8:	42b2      	cmp	r2, r6
10000aba:	d03b      	beq.n	10000b34 <irq_remove_handler+0xac>
10000abc:	428a      	cmp	r2, r1
10000abe:	d04c      	beq.n	10000b5a <irq_remove_handler+0xd2>
10000ac0:	4f57      	ldr	r7, [pc, #348]	@ (10000c20 <irq_remove_handler+0x198>)
10000ac2:	46bc      	mov	ip, r7
10000ac4:	1bd7      	subs	r7, r2, r7
10000ac6:	2f47      	cmp	r7, #71	@ 0x47
10000ac8:	d834      	bhi.n	10000b34 <irq_remove_handler+0xac>
10000aca:	4b56      	ldr	r3, [pc, #344]	@ (10000c24 <irq_remove_handler+0x19c>)
10000acc:	271f      	movs	r7, #31
10000ace:	681d      	ldr	r5, [r3, #0]
10000ad0:	4007      	ands	r7, r0
10000ad2:	46aa      	mov	sl, r5
10000ad4:	2501      	movs	r5, #1
10000ad6:	40bd      	lsls	r5, r7
10000ad8:	2780      	movs	r7, #128	@ 0x80
10000ada:	9501      	str	r5, [sp, #4]
10000adc:	51dd      	str	r5, [r3, r7]
10000ade:	f3bf 8f5f 	dmb	sy
10000ae2:	f3ef 8505 	mrs	r5, IPSR
10000ae6:	46ab      	mov	fp, r5
10000ae8:	2d00      	cmp	r5, #0
10000aea:	d138      	bne.n	10000b5e <irq_remove_handler+0xd6>
10000aec:	2301      	movs	r3, #1
10000aee:	001d      	movs	r5, r3
10000af0:	4085      	lsls	r5, r0
10000af2:	0028      	movs	r0, r5
10000af4:	4655      	mov	r5, sl
10000af6:	4005      	ands	r5, r0
10000af8:	0010      	movs	r0, r2
10000afa:	4398      	bics	r0, r3
10000afc:	6887      	ldr	r7, [r0, #8]
10000afe:	46aa      	mov	sl, r5
10000b00:	42b9      	cmp	r1, r7
10000b02:	d108      	bne.n	10000b16 <irq_remove_handler+0x8e>
10000b04:	e07c      	b.n	10000c00 <irq_remove_handler+0x178>
10000b06:	0073      	lsls	r3, r6, #1
10000b08:	199b      	adds	r3, r3, r6
10000b0a:	009b      	lsls	r3, r3, #2
10000b0c:	4463      	add	r3, ip
10000b0e:	689f      	ldr	r7, [r3, #8]
10000b10:	42b9      	cmp	r1, r7
10000b12:	d02d      	beq.n	10000b70 <irq_remove_handler+0xe8>
10000b14:	0018      	movs	r0, r3
10000b16:	2606      	movs	r6, #6
10000b18:	5786      	ldrsb	r6, [r0, r6]
10000b1a:	2e00      	cmp	r6, #0
10000b1c:	daf3      	bge.n	10000b06 <irq_remove_handler+0x7e>
10000b1e:	42b9      	cmp	r1, r7
10000b20:	d04c      	beq.n	10000bbc <irq_remove_handler+0x134>
10000b22:	4653      	mov	r3, sl
10000b24:	2b00      	cmp	r3, #0
10000b26:	d01e      	beq.n	10000b66 <irq_remove_handler+0xde>
10000b28:	21c0      	movs	r1, #192	@ 0xc0
10000b2a:	4b3e      	ldr	r3, [pc, #248]	@ (10000c24 <irq_remove_handler+0x19c>)
10000b2c:	9801      	ldr	r0, [sp, #4]
10000b2e:	0049      	lsls	r1, r1, #1
10000b30:	5058      	str	r0, [r3, r1]
10000b32:	6018      	str	r0, [r3, #0]
10000b34:	4b38      	ldr	r3, [pc, #224]	@ (10000c18 <irq_remove_handler+0x190>)
10000b36:	689b      	ldr	r3, [r3, #8]
10000b38:	511a      	str	r2, [r3, r4]
10000b3a:	f3bf 8f5f 	dmb	sy
10000b3e:	f3bf 8f5f 	dmb	sy
10000b42:	2200      	movs	r2, #0
10000b44:	4b33      	ldr	r3, [pc, #204]	@ (10000c14 <irq_remove_handler+0x18c>)
10000b46:	601a      	str	r2, [r3, #0]
10000b48:	f389 8810 	msr	PRIMASK, r9
10000b4c:	b003      	add	sp, #12
10000b4e:	bcf0      	pop	{r4, r5, r6, r7}
10000b50:	46bb      	mov	fp, r7
10000b52:	46b2      	mov	sl, r6
10000b54:	46a9      	mov	r9, r5
10000b56:	46a0      	mov	r8, r4
10000b58:	bdf0      	pop	{r4, r5, r6, r7, pc}
10000b5a:	0032      	movs	r2, r6
10000b5c:	e7ea      	b.n	10000b34 <irq_remove_handler+0xac>
10000b5e:	45a8      	cmp	r8, r5
10000b60:	d0c4      	beq.n	10000aec <irq_remove_handler+0x64>
10000b62:	f001 f819 	bl	10001b98 <hard_assertion_failure>
10000b66:	2380      	movs	r3, #128	@ 0x80
10000b68:	492e      	ldr	r1, [pc, #184]	@ (10000c24 <irq_remove_handler+0x19c>)
10000b6a:	9801      	ldr	r0, [sp, #4]
10000b6c:	50c8      	str	r0, [r1, r3]
10000b6e:	e7e1      	b.n	10000b34 <irq_remove_handler+0xac>
10000b70:	2706      	movs	r7, #6
10000b72:	57df      	ldrsb	r7, [r3, r7]
10000b74:	2f00      	cmp	r7, #0
10000b76:	db22      	blt.n	10000bbe <irq_remove_handler+0x136>
10000b78:	0079      	lsls	r1, r7, #1
10000b7a:	19c8      	adds	r0, r1, r7
10000b7c:	0085      	lsls	r5, r0, #2
10000b7e:	002e      	movs	r6, r5
10000b80:	4466      	add	r6, ip
10000b82:	68b0      	ldr	r0, [r6, #8]
10000b84:	6098      	str	r0, [r3, #8]
10000b86:	79f0      	ldrb	r0, [r6, #7]
10000b88:	71d8      	strb	r0, [r3, #7]
10000b8a:	2006      	movs	r0, #6
10000b8c:	5630      	ldrsb	r0, [r6, r0]
10000b8e:	7198      	strb	r0, [r3, #6]
10000b90:	2800      	cmp	r0, #0
10000b92:	db26      	blt.n	10000be2 <irq_remove_handler+0x15a>
10000b94:	4660      	mov	r0, ip
10000b96:	88b6      	ldrh	r6, [r6, #4]
10000b98:	1ac0      	subs	r0, r0, r3
10000b9a:	0576      	lsls	r6, r6, #21
10000b9c:	1536      	asrs	r6, r6, #20
10000b9e:	1976      	adds	r6, r6, r5
10000ba0:	1980      	adds	r0, r0, r6
10000ba2:	0500      	lsls	r0, r0, #20
10000ba4:	4e20      	ldr	r6, [pc, #128]	@ (10000c28 <irq_remove_handler+0x1a0>)
10000ba6:	0d40      	lsrs	r0, r0, #21
10000ba8:	4330      	orrs	r0, r6
10000baa:	8098      	strh	r0, [r3, #4]
10000bac:	19cb      	adds	r3, r1, r7
10000bae:	491f      	ldr	r1, [pc, #124]	@ (10000c2c <irq_remove_handler+0x1a4>)
10000bb0:	009b      	lsls	r3, r3, #2
10000bb2:	7808      	ldrb	r0, [r1, #0]
10000bb4:	4463      	add	r3, ip
10000bb6:	7198      	strb	r0, [r3, #6]
10000bb8:	700f      	strb	r7, [r1, #0]
10000bba:	e7b2      	b.n	10000b22 <irq_remove_handler+0x9a>
10000bbc:	0003      	movs	r3, r0
10000bbe:	4659      	mov	r1, fp
10000bc0:	2900      	cmp	r1, #0
10000bc2:	d110      	bne.n	10000be6 <irq_remove_handler+0x15e>
10000bc4:	31ff      	adds	r1, #255	@ 0xff
10000bc6:	7181      	strb	r1, [r0, #6]
10000bc8:	4919      	ldr	r1, [pc, #100]	@ (10000c30 <irq_remove_handler+0x1a8>)
10000bca:	8081      	strh	r1, [r0, #4]
10000bcc:	4817      	ldr	r0, [pc, #92]	@ (10000c2c <irq_remove_handler+0x1a4>)
10000bce:	4665      	mov	r5, ip
10000bd0:	7801      	ldrb	r1, [r0, #0]
10000bd2:	7199      	strb	r1, [r3, #6]
10000bd4:	4917      	ldr	r1, [pc, #92]	@ (10000c34 <irq_remove_handler+0x1ac>)
10000bd6:	1b5b      	subs	r3, r3, r5
10000bd8:	415b      	adcs	r3, r3
10000bda:	4359      	muls	r1, r3
10000bdc:	0d09      	lsrs	r1, r1, #20
10000bde:	7001      	strb	r1, [r0, #0]
10000be0:	e79f      	b.n	10000b22 <irq_remove_handler+0x9a>
10000be2:	4813      	ldr	r0, [pc, #76]	@ (10000c30 <irq_remove_handler+0x1a8>)
10000be4:	e7e1      	b.n	10000baa <irq_remove_handler+0x122>
10000be6:	4914      	ldr	r1, [pc, #80]	@ (10000c38 <irq_remove_handler+0x1b0>)
10000be8:	4814      	ldr	r0, [pc, #80]	@ (10000c3c <irq_remove_handler+0x1b4>)
10000bea:	1ac9      	subs	r1, r1, r3
10000bec:	3908      	subs	r1, #8
10000bee:	024e      	lsls	r6, r1, #9
10000bf0:	0d76      	lsrs	r6, r6, #21
10000bf2:	4330      	orrs	r0, r6
10000bf4:	8098      	strh	r0, [r3, #4]
10000bf6:	4812      	ldr	r0, [pc, #72]	@ (10000c40 <irq_remove_handler+0x1b8>)
10000bf8:	0849      	lsrs	r1, r1, #1
10000bfa:	4301      	orrs	r1, r0
10000bfc:	80d9      	strh	r1, [r3, #6]
10000bfe:	e790      	b.n	10000b22 <irq_remove_handler+0x9a>
10000c00:	2706      	movs	r7, #6
10000c02:	57c7      	ldrsb	r7, [r0, r7]
10000c04:	0003      	movs	r3, r0
10000c06:	2f00      	cmp	r7, #0
10000c08:	dab6      	bge.n	10000b78 <irq_remove_handler+0xf0>
10000c0a:	4659      	mov	r1, fp
10000c0c:	2900      	cmp	r1, #0
10000c0e:	d1ea      	bne.n	10000be6 <irq_remove_handler+0x15e>
10000c10:	0032      	movs	r2, r6
10000c12:	e7db      	b.n	10000bcc <irq_remove_handler+0x144>
10000c14:	d0000124 	.word	0xd0000124
10000c18:	e000ed00 	.word	0xe000ed00
10000c1c:	100001c1 	.word	0x100001c1
10000c20:	20000fac 	.word	0x20000fac
10000c24:	e000e100 	.word	0xe000e100
10000c28:	ffffe000 	.word	0xffffe000
10000c2c:	20001edd 	.word	0x20001edd
10000c30:	ffffbd01 	.word	0xffffbd01
10000c34:	0000aaaa 	.word	0x0000aaaa
10000c38:	20000ffe 	.word	0x20000ffe
10000c3c:	fffff000 	.word	0xfffff000
10000c40:	fffff800 	.word	0xfffff800

10000c44 <irq_add_tail_to_free_list>:
10000c44:	2301      	movs	r3, #1
10000c46:	4303      	orrs	r3, r0
10000c48:	b570      	push	{r4, r5, r6, lr}
10000c4a:	469c      	mov	ip, r3
10000c4c:	f3ef 8105 	mrs	r1, IPSR
10000c50:	f3ef 8510 	mrs	r5, PRIMASK
10000c54:	b672      	cpsid	i
10000c56:	4a27      	ldr	r2, [pc, #156]	@ (10000cf4 <irq_add_tail_to_free_list+0xb0>)
10000c58:	6813      	ldr	r3, [r2, #0]
10000c5a:	2b00      	cmp	r3, #0
10000c5c:	d0fc      	beq.n	10000c58 <irq_add_tail_to_free_list+0x14>
10000c5e:	f3bf 8f5f 	dmb	sy
10000c62:	4a25      	ldr	r2, [pc, #148]	@ (10000cf8 <irq_add_tail_to_free_list+0xb4>)
10000c64:	0004      	movs	r4, r0
10000c66:	4b25      	ldr	r3, [pc, #148]	@ (10000cfc <irq_add_tail_to_free_list+0xb8>)
10000c68:	1aa4      	subs	r4, r4, r2
10000c6a:	4164      	adcs	r4, r4
10000c6c:	4363      	muls	r3, r4
10000c6e:	0d1b      	lsrs	r3, r3, #20
10000c70:	4c23      	ldr	r4, [pc, #140]	@ (10000d00 <irq_add_tail_to_free_list+0xbc>)
10000c72:	0089      	lsls	r1, r1, #2
10000c74:	68a6      	ldr	r6, [r4, #8]
10000c76:	b25b      	sxtb	r3, r3
10000c78:	5876      	ldr	r6, [r6, r1]
10000c7a:	4566      	cmp	r6, ip
10000c7c:	d024      	beq.n	10000cc8 <irq_add_tail_to_free_list+0x84>
10000c7e:	2106      	movs	r1, #6
10000c80:	5651      	ldrsb	r1, [r2, r1]
10000c82:	4299      	cmp	r1, r3
10000c84:	d024      	beq.n	10000cd0 <irq_add_tail_to_free_list+0x8c>
10000c86:	2112      	movs	r1, #18
10000c88:	5651      	ldrsb	r1, [r2, r1]
10000c8a:	4299      	cmp	r1, r3
10000c8c:	d02a      	beq.n	10000ce4 <irq_add_tail_to_free_list+0xa0>
10000c8e:	211e      	movs	r1, #30
10000c90:	5651      	ldrsb	r1, [r2, r1]
10000c92:	4299      	cmp	r1, r3
10000c94:	d028      	beq.n	10000ce8 <irq_add_tail_to_free_list+0xa4>
10000c96:	212a      	movs	r1, #42	@ 0x2a
10000c98:	5651      	ldrsb	r1, [r2, r1]
10000c9a:	4299      	cmp	r1, r3
10000c9c:	d026      	beq.n	10000cec <irq_add_tail_to_free_list+0xa8>
10000c9e:	2136      	movs	r1, #54	@ 0x36
10000ca0:	5651      	ldrsb	r1, [r2, r1]
10000ca2:	4299      	cmp	r1, r3
10000ca4:	d024      	beq.n	10000cf0 <irq_add_tail_to_free_list+0xac>
10000ca6:	2142      	movs	r1, #66	@ 0x42
10000ca8:	5651      	ldrsb	r1, [r2, r1]
10000caa:	2405      	movs	r4, #5
10000cac:	4299      	cmp	r1, r3
10000cae:	d010      	beq.n	10000cd2 <irq_add_tail_to_free_list+0x8e>
10000cb0:	4a14      	ldr	r2, [pc, #80]	@ (10000d04 <irq_add_tail_to_free_list+0xc0>)
10000cb2:	7811      	ldrb	r1, [r2, #0]
10000cb4:	7013      	strb	r3, [r2, #0]
10000cb6:	7181      	strb	r1, [r0, #6]
10000cb8:	f3bf 8f5f 	dmb	sy
10000cbc:	2200      	movs	r2, #0
10000cbe:	4b0d      	ldr	r3, [pc, #52]	@ (10000cf4 <irq_add_tail_to_free_list+0xb0>)
10000cc0:	601a      	str	r2, [r3, #0]
10000cc2:	f385 8810 	msr	PRIMASK, r5
10000cc6:	bd70      	pop	{r4, r5, r6, pc}
10000cc8:	68a2      	ldr	r2, [r4, #8]
10000cca:	4c0f      	ldr	r4, [pc, #60]	@ (10000d08 <irq_add_tail_to_free_list+0xc4>)
10000ccc:	5054      	str	r4, [r2, r1]
10000cce:	e7ef      	b.n	10000cb0 <irq_add_tail_to_free_list+0x6c>
10000cd0:	2400      	movs	r4, #0
10000cd2:	0061      	lsls	r1, r4, #1
10000cd4:	1909      	adds	r1, r1, r4
10000cd6:	0089      	lsls	r1, r1, #2
10000cd8:	1852      	adds	r2, r2, r1
10000cda:	21ff      	movs	r1, #255	@ 0xff
10000cdc:	7191      	strb	r1, [r2, #6]
10000cde:	490b      	ldr	r1, [pc, #44]	@ (10000d0c <irq_add_tail_to_free_list+0xc8>)
10000ce0:	8091      	strh	r1, [r2, #4]
10000ce2:	e7e5      	b.n	10000cb0 <irq_add_tail_to_free_list+0x6c>
10000ce4:	2401      	movs	r4, #1
10000ce6:	e7f4      	b.n	10000cd2 <irq_add_tail_to_free_list+0x8e>
10000ce8:	2402      	movs	r4, #2
10000cea:	e7f2      	b.n	10000cd2 <irq_add_tail_to_free_list+0x8e>
10000cec:	2403      	movs	r4, #3
10000cee:	e7f0      	b.n	10000cd2 <irq_add_tail_to_free_list+0x8e>
10000cf0:	2404      	movs	r4, #4
10000cf2:	e7ee      	b.n	10000cd2 <irq_add_tail_to_free_list+0x8e>
10000cf4:	d0000124 	.word	0xd0000124
10000cf8:	20000fac 	.word	0x20000fac
10000cfc:	0000aaaa 	.word	0x0000aaaa
10000d00:	e000ed00 	.word	0xe000ed00
10000d04:	20001edd 	.word	0x20001edd
10000d08:	100001c1 	.word	0x100001c1
10000d0c:	ffffbd01 	.word	0xffffbd01

10000d10 <user_irq_claim_unused>:
10000d10:	b500      	push	{lr}
10000d12:	4b07      	ldr	r3, [pc, #28]	@ (10000d30 <user_irq_claim_unused+0x20>)
10000d14:	b083      	sub	sp, #12
10000d16:	0001      	movs	r1, r0
10000d18:	9300      	str	r3, [sp, #0]
10000d1a:	2200      	movs	r2, #0
10000d1c:	2305      	movs	r3, #5
10000d1e:	4805      	ldr	r0, [pc, #20]	@ (10000d34 <user_irq_claim_unused+0x24>)
10000d20:	f7ff fce2 	bl	100006e8 <hw_claim_unused_from_range>
10000d24:	2800      	cmp	r0, #0
10000d26:	db01      	blt.n	10000d2c <user_irq_claim_unused+0x1c>
10000d28:	231f      	movs	r3, #31
10000d2a:	1a18      	subs	r0, r3, r0
10000d2c:	b003      	add	sp, #12
10000d2e:	bd00      	pop	{pc}
10000d30:	10007954 	.word	0x10007954
10000d34:	20001ee1 	.word	0x20001ee1

10000d38 <lock_init>:
10000d38:	4b02      	ldr	r3, [pc, #8]	@ (10000d44 <lock_init+0xc>)
10000d3a:	18c9      	adds	r1, r1, r3
10000d3c:	0089      	lsls	r1, r1, #2
10000d3e:	6001      	str	r1, [r0, #0]
10000d40:	4770      	bx	lr
10000d42:	46c0      	nop			@ (mov r8, r8)
10000d44:	34000040 	.word	0x34000040

10000d48 <runtime_init_mutex>:
10000d48:	b570      	push	{r4, r5, r6, lr}
10000d4a:	4c11      	ldr	r4, [pc, #68]	@ (10000d90 <runtime_init_mutex+0x48>)
10000d4c:	4d11      	ldr	r5, [pc, #68]	@ (10000d94 <runtime_init_mutex+0x4c>)
10000d4e:	42ac      	cmp	r4, r5
10000d50:	d20f      	bcs.n	10000d72 <runtime_init_mutex+0x2a>
10000d52:	26ff      	movs	r6, #255	@ 0xff
10000d54:	6823      	ldr	r3, [r4, #0]
10000d56:	2b00      	cmp	r3, #0
10000d58:	d00c      	beq.n	10000d74 <runtime_init_mutex+0x2c>
10000d5a:	f7ff fd09 	bl	10000770 <next_striped_spin_lock_num>
10000d5e:	0001      	movs	r1, r0
10000d60:	0020      	movs	r0, r4
10000d62:	f7ff ffe9 	bl	10000d38 <lock_init>
10000d66:	80a6      	strh	r6, [r4, #4]
10000d68:	f3bf 8f5f 	dmb	sy
10000d6c:	3408      	adds	r4, #8
10000d6e:	42ac      	cmp	r4, r5
10000d70:	d3f0      	bcc.n	10000d54 <runtime_init_mutex+0xc>
10000d72:	bd70      	pop	{r4, r5, r6, pc}
10000d74:	f7ff fcfc 	bl	10000770 <next_striped_spin_lock_num>
10000d78:	0001      	movs	r1, r0
10000d7a:	0020      	movs	r0, r4
10000d7c:	f7ff ffdc 	bl	10000d38 <lock_init>
10000d80:	7126      	strb	r6, [r4, #4]
10000d82:	f3bf 8f5f 	dmb	sy
10000d86:	3408      	adds	r4, #8
10000d88:	42ac      	cmp	r4, r5
10000d8a:	d3e3      	bcc.n	10000d54 <runtime_init_mutex+0xc>
10000d8c:	e7f1      	b.n	10000d72 <runtime_init_mutex+0x2a>
10000d8e:	46c0      	nop			@ (mov r8, r8)
10000d90:	200010b0 	.word	0x200010b0
10000d94:	200010b8 	.word	0x200010b8

10000d98 <mutex_init>:
10000d98:	b510      	push	{r4, lr}
10000d9a:	0004      	movs	r4, r0
10000d9c:	f7ff fce8 	bl	10000770 <next_striped_spin_lock_num>
10000da0:	0001      	movs	r1, r0
10000da2:	0020      	movs	r0, r4
10000da4:	f7ff ffc8 	bl	10000d38 <lock_init>
10000da8:	23ff      	movs	r3, #255	@ 0xff
10000daa:	7123      	strb	r3, [r4, #4]
10000dac:	f3bf 8f5f 	dmb	sy
10000db0:	bd10      	pop	{r4, pc}
10000db2:	46c0      	nop			@ (mov r8, r8)

10000db4 <critical_section_init>:
10000db4:	b510      	push	{r4, lr}
10000db6:	0004      	movs	r4, r0
10000db8:	2001      	movs	r0, #1
10000dba:	f7ff fce5 	bl	10000788 <spin_lock_claim_unused>
10000dbe:	4b03      	ldr	r3, [pc, #12]	@ (10000dcc <critical_section_init+0x18>)
10000dc0:	18c0      	adds	r0, r0, r3
10000dc2:	0080      	lsls	r0, r0, #2
10000dc4:	6020      	str	r0, [r4, #0]
10000dc6:	f3bf 8f5f 	dmb	sy
10000dca:	bd10      	pop	{r4, pc}
10000dcc:	34000040 	.word	0x34000040

10000dd0 <critical_section_init_with_lock_num>:
10000dd0:	4b03      	ldr	r3, [pc, #12]	@ (10000de0 <critical_section_init_with_lock_num+0x10>)
10000dd2:	18c9      	adds	r1, r1, r3
10000dd4:	0089      	lsls	r1, r1, #2
10000dd6:	6001      	str	r1, [r0, #0]
10000dd8:	f3bf 8f5f 	dmb	sy
10000ddc:	4770      	bx	lr
10000dde:	46c0      	nop			@ (mov r8, r8)
10000de0:	34000040 	.word	0x34000040

10000de4 <sleep_until_callback>:
10000de4:	bf40      	sev
10000de6:	2000      	movs	r0, #0
10000de8:	2100      	movs	r1, #0
10000dea:	4770      	bx	lr

10000dec <alarm_pool_irq_handler>:
10000dec:	b5f0      	push	{r4, r5, r6, r7, lr}
10000dee:	46de      	mov	lr, fp
10000df0:	4657      	mov	r7, sl
10000df2:	464e      	mov	r6, r9
10000df4:	4645      	mov	r5, r8
10000df6:	b5e0      	push	{r5, r6, r7, lr}
10000df8:	b085      	sub	sp, #20
10000dfa:	f3ef 8305 	mrs	r3, IPSR
10000dfe:	2203      	movs	r2, #3
10000e00:	401a      	ands	r2, r3
10000e02:	4bb1      	ldr	r3, [pc, #708]	@ (100010c8 <alarm_pool_irq_handler+0x2dc>)
10000e04:	0091      	lsls	r1, r2, #2
10000e06:	585b      	ldr	r3, [r3, r1]
10000e08:	9203      	str	r2, [sp, #12]
10000e0a:	4698      	mov	r8, r3
10000e0c:	2301      	movs	r3, #1
10000e0e:	4093      	lsls	r3, r2
10000e10:	001a      	movs	r2, r3
10000e12:	9301      	str	r3, [sp, #4]
10000e14:	4bad      	ldr	r3, [pc, #692]	@ (100010cc <alarm_pool_irq_handler+0x2e0>)
10000e16:	9102      	str	r1, [sp, #8]
10000e18:	601a      	str	r2, [r3, #0]
10000e1a:	2308      	movs	r3, #8
10000e1c:	4443      	add	r3, r8
10000e1e:	4699      	mov	r9, r3
10000e20:	9b01      	ldr	r3, [sp, #4]
10000e22:	48ab      	ldr	r0, [pc, #684]	@ (100010d0 <alarm_pool_irq_handler+0x2e4>)
10000e24:	6343      	str	r3, [r0, #52]	@ 0x34
10000e26:	4643      	mov	r3, r8
10000e28:	2208      	movs	r2, #8
10000e2a:	5e9b      	ldrsh	r3, [r3, r2]
10000e2c:	469a      	mov	sl, r3
10000e2e:	2b00      	cmp	r3, #0
10000e30:	db00      	blt.n	10000e34 <alarm_pool_irq_handler+0x48>
10000e32:	e0b9      	b.n	10000fa8 <alarm_pool_irq_handler+0x1bc>
10000e34:	4643      	mov	r3, r8
10000e36:	889b      	ldrh	r3, [r3, #4]
10000e38:	b21b      	sxth	r3, r3
10000e3a:	2b00      	cmp	r3, #0
10000e3c:	da00      	bge.n	10000e40 <alarm_pool_irq_handler+0x54>
10000e3e:	e126      	b.n	1000108e <alarm_pool_irq_handler+0x2a2>
10000e40:	4643      	mov	r3, r8
10000e42:	691b      	ldr	r3, [r3, #16]
10000e44:	f3ef 8210 	mrs	r2, PRIMASK
10000e48:	b672      	cpsid	i
10000e4a:	6819      	ldr	r1, [r3, #0]
10000e4c:	2900      	cmp	r1, #0
10000e4e:	d0fc      	beq.n	10000e4a <alarm_pool_irq_handler+0x5e>
10000e50:	f3bf 8f5f 	dmb	sy
10000e54:	4643      	mov	r3, r8
10000e56:	889e      	ldrh	r6, [r3, #4]
10000e58:	2301      	movs	r3, #1
10000e5a:	4641      	mov	r1, r8
10000e5c:	425b      	negs	r3, r3
10000e5e:	808b      	strh	r3, [r1, #4]
10000e60:	b236      	sxth	r6, r6
10000e62:	690b      	ldr	r3, [r1, #16]
10000e64:	f3bf 8f5f 	dmb	sy
10000e68:	2100      	movs	r1, #0
10000e6a:	6019      	str	r1, [r3, #0]
10000e6c:	f382 8810 	msr	PRIMASK, r2
10000e70:	2e00      	cmp	r6, #0
10000e72:	db26      	blt.n	10000ec2 <alarm_pool_irq_handler+0xd6>
10000e74:	4643      	mov	r3, r8
10000e76:	695d      	ldr	r5, [r3, #20]
10000e78:	0074      	lsls	r4, r6, #1
10000e7a:	19a4      	adds	r4, r4, r6
10000e7c:	2008      	movs	r0, #8
10000e7e:	5e1a      	ldrsh	r2, [r3, r0]
10000e80:	00e4      	lsls	r4, r4, #3
10000e82:	4649      	mov	r1, r9
10000e84:	192c      	adds	r4, r5, r4
10000e86:	2a00      	cmp	r2, #0
10000e88:	db14      	blt.n	10000eb4 <alarm_pool_irq_handler+0xc8>
10000e8a:	68a0      	ldr	r0, [r4, #8]
10000e8c:	469a      	mov	sl, r3
10000e8e:	4680      	mov	r8, r0
10000e90:	68e0      	ldr	r0, [r4, #12]
10000e92:	e007      	b.n	10000ea4 <alarm_pool_irq_handler+0xb8>
10000e94:	4283      	cmp	r3, r0
10000e96:	d100      	bne.n	10000e9a <alarm_pool_irq_handler+0xae>
10000e98:	e081      	b.n	10000f9e <alarm_pool_irq_handler+0x1b2>
10000e9a:	2300      	movs	r3, #0
10000e9c:	5efa      	ldrsh	r2, [r7, r3]
10000e9e:	0039      	movs	r1, r7
10000ea0:	2a00      	cmp	r2, #0
10000ea2:	db06      	blt.n	10000eb2 <alarm_pool_irq_handler+0xc6>
10000ea4:	0057      	lsls	r7, r2, #1
10000ea6:	18bf      	adds	r7, r7, r2
10000ea8:	00ff      	lsls	r7, r7, #3
10000eaa:	19ef      	adds	r7, r5, r7
10000eac:	68fb      	ldr	r3, [r7, #12]
10000eae:	4283      	cmp	r3, r0
10000eb0:	ddf0      	ble.n	10000e94 <alarm_pool_irq_handler+0xa8>
10000eb2:	4653      	mov	r3, sl
10000eb4:	800e      	strh	r6, [r1, #0]
10000eb6:	2100      	movs	r1, #0
10000eb8:	5e66      	ldrsh	r6, [r4, r1]
10000eba:	8022      	strh	r2, [r4, #0]
10000ebc:	2e00      	cmp	r6, #0
10000ebe:	dadb      	bge.n	10000e78 <alarm_pool_irq_handler+0x8c>
10000ec0:	4698      	mov	r8, r3
10000ec2:	4643      	mov	r3, r8
10000ec4:	2108      	movs	r1, #8
10000ec6:	5e59      	ldrsh	r1, [r3, r1]
10000ec8:	2900      	cmp	r1, #0
10000eca:	da00      	bge.n	10000ece <alarm_pool_irq_handler+0xe2>
10000ecc:	e0df      	b.n	1000108e <alarm_pool_irq_handler+0x2a2>
10000ece:	4643      	mov	r3, r8
10000ed0:	695a      	ldr	r2, [r3, #20]
10000ed2:	004b      	lsls	r3, r1, #1
10000ed4:	487e      	ldr	r0, [pc, #504]	@ (100010d0 <alarm_pool_irq_handler+0x2e4>)
10000ed6:	185b      	adds	r3, r3, r1
10000ed8:	9902      	ldr	r1, [sp, #8]
10000eda:	00db      	lsls	r3, r3, #3
10000edc:	18d3      	adds	r3, r2, r3
10000ede:	1809      	adds	r1, r1, r0
10000ee0:	6a82      	ldr	r2, [r0, #40]	@ 0x28
10000ee2:	689d      	ldr	r5, [r3, #8]
10000ee4:	68dc      	ldr	r4, [r3, #12]
10000ee6:	690b      	ldr	r3, [r1, #16]
10000ee8:	1aae      	subs	r6, r5, r2
10000eea:	1a9b      	subs	r3, r3, r2
10000eec:	429e      	cmp	r6, r3
10000eee:	d31b      	bcc.n	10000f28 <alarm_pool_irq_handler+0x13c>
10000ef0:	2301      	movs	r3, #1
10000ef2:	6a02      	ldr	r2, [r0, #32]
10000ef4:	9803      	ldr	r0, [sp, #12]
10000ef6:	4083      	lsls	r3, r0
10000ef8:	421a      	tst	r2, r3
10000efa:	d015      	beq.n	10000f28 <alarm_pool_irq_handler+0x13c>
10000efc:	4643      	mov	r3, r8
10000efe:	799b      	ldrb	r3, [r3, #6]
10000f00:	2b00      	cmp	r3, #0
10000f02:	d116      	bne.n	10000f32 <alarm_pool_irq_handler+0x146>
10000f04:	4872      	ldr	r0, [pc, #456]	@ (100010d0 <alarm_pool_irq_handler+0x2e4>)
10000f06:	f000 fb6d 	bl	100015e4 <timer_time_us_64>
10000f0a:	428c      	cmp	r4, r1
10000f0c:	dc04      	bgt.n	10000f18 <alarm_pool_irq_handler+0x12c>
10000f0e:	d000      	beq.n	10000f12 <alarm_pool_irq_handler+0x126>
10000f10:	e786      	b.n	10000e20 <alarm_pool_irq_handler+0x34>
10000f12:	4285      	cmp	r5, r0
10000f14:	d800      	bhi.n	10000f18 <alarm_pool_irq_handler+0x12c>
10000f16:	e783      	b.n	10000e20 <alarm_pool_irq_handler+0x34>
10000f18:	bf40      	sev
10000f1a:	b005      	add	sp, #20
10000f1c:	bcf0      	pop	{r4, r5, r6, r7}
10000f1e:	46bb      	mov	fp, r7
10000f20:	46b2      	mov	sl, r6
10000f22:	46a9      	mov	r9, r5
10000f24:	46a0      	mov	r8, r4
10000f26:	bdf0      	pop	{r4, r5, r6, r7, pc}
10000f28:	4643      	mov	r3, r8
10000f2a:	610d      	str	r5, [r1, #16]
10000f2c:	799b      	ldrb	r3, [r3, #6]
10000f2e:	2b00      	cmp	r3, #0
10000f30:	d0e8      	beq.n	10000f04 <alarm_pool_irq_handler+0x118>
10000f32:	2300      	movs	r3, #0
10000f34:	4642      	mov	r2, r8
10000f36:	7193      	strb	r3, [r2, #6]
10000f38:	4643      	mov	r3, r8
10000f3a:	2208      	movs	r2, #8
10000f3c:	5e9a      	ldrsh	r2, [r3, r2]
10000f3e:	1c53      	adds	r3, r2, #1
10000f40:	d0e0      	beq.n	10000f04 <alarm_pool_irq_handler+0x118>
10000f42:	4647      	mov	r7, r8
10000f44:	4648      	mov	r0, r9
10000f46:	2600      	movs	r6, #0
10000f48:	46a8      	mov	r8, r5
10000f4a:	46a3      	mov	fp, r4
10000f4c:	e002      	b.n	10000f54 <alarm_pool_irq_handler+0x168>
10000f4e:	0008      	movs	r0, r1
10000f50:	1c53      	adds	r3, r2, #1
10000f52:	d020      	beq.n	10000f96 <alarm_pool_irq_handler+0x1aa>
10000f54:	0053      	lsls	r3, r2, #1
10000f56:	697d      	ldr	r5, [r7, #20]
10000f58:	189b      	adds	r3, r3, r2
10000f5a:	00db      	lsls	r3, r3, #3
10000f5c:	18e9      	adds	r1, r5, r3
10000f5e:	0014      	movs	r4, r2
10000f60:	5eea      	ldrsh	r2, [r5, r3]
10000f62:	884b      	ldrh	r3, [r1, #2]
10000f64:	b21b      	sxth	r3, r3
10000f66:	2b00      	cmp	r3, #0
10000f68:	daf1      	bge.n	10000f4e <alarm_pool_irq_handler+0x162>
10000f6a:	8002      	strh	r2, [r0, #0]
10000f6c:	693b      	ldr	r3, [r7, #16]
10000f6e:	f3ef 8a10 	mrs	sl, PRIMASK
10000f72:	b672      	cpsid	i
10000f74:	001d      	movs	r5, r3
10000f76:	682b      	ldr	r3, [r5, #0]
10000f78:	2b00      	cmp	r3, #0
10000f7a:	d0fc      	beq.n	10000f76 <alarm_pool_irq_handler+0x18a>
10000f7c:	f3bf 8f5f 	dmb	sy
10000f80:	887b      	ldrh	r3, [r7, #2]
10000f82:	800b      	strh	r3, [r1, #0]
10000f84:	693b      	ldr	r3, [r7, #16]
10000f86:	807c      	strh	r4, [r7, #2]
10000f88:	f3bf 8f5f 	dmb	sy
10000f8c:	601e      	str	r6, [r3, #0]
10000f8e:	f38a 8810 	msr	PRIMASK, sl
10000f92:	1c53      	adds	r3, r2, #1
10000f94:	d1de      	bne.n	10000f54 <alarm_pool_irq_handler+0x168>
10000f96:	4645      	mov	r5, r8
10000f98:	465c      	mov	r4, fp
10000f9a:	46b8      	mov	r8, r7
10000f9c:	e7b2      	b.n	10000f04 <alarm_pool_irq_handler+0x118>
10000f9e:	68bb      	ldr	r3, [r7, #8]
10000fa0:	4543      	cmp	r3, r8
10000fa2:	d800      	bhi.n	10000fa6 <alarm_pool_irq_handler+0x1ba>
10000fa4:	e779      	b.n	10000e9a <alarm_pool_irq_handler+0xae>
10000fa6:	e784      	b.n	10000eb2 <alarm_pool_irq_handler+0xc6>
10000fa8:	4642      	mov	r2, r8
10000faa:	6952      	ldr	r2, [r2, #20]
10000fac:	005b      	lsls	r3, r3, #1
10000fae:	4693      	mov	fp, r2
10000fb0:	4453      	add	r3, sl
10000fb2:	00db      	lsls	r3, r3, #3
10000fb4:	449b      	add	fp, r3
10000fb6:	465b      	mov	r3, fp
10000fb8:	689e      	ldr	r6, [r3, #8]
10000fba:	68df      	ldr	r7, [r3, #12]
10000fbc:	f000 fb12 	bl	100015e4 <timer_time_us_64>
10000fc0:	428f      	cmp	r7, r1
10000fc2:	dc2a      	bgt.n	1000101a <alarm_pool_irq_handler+0x22e>
10000fc4:	d030      	beq.n	10001028 <alarm_pool_irq_handler+0x23c>
10000fc6:	465b      	mov	r3, fp
10000fc8:	465a      	mov	r2, fp
10000fca:	691b      	ldr	r3, [r3, #16]
10000fcc:	6954      	ldr	r4, [r2, #20]
10000fce:	2b02      	cmp	r3, #2
10000fd0:	d032      	beq.n	10001038 <alarm_pool_irq_handler+0x24c>
10000fd2:	4641      	mov	r1, r8
10000fd4:	2008      	movs	r0, #8
10000fd6:	5e08      	ldrsh	r0, [r1, r0]
10000fd8:	8852      	ldrh	r2, [r2, #2]
10000fda:	0400      	lsls	r0, r0, #16
10000fdc:	0021      	movs	r1, r4
10000fde:	4310      	orrs	r0, r2
10000fe0:	4798      	blx	r3
10000fe2:	0004      	movs	r4, r0
10000fe4:	000d      	movs	r5, r1
10000fe6:	0023      	movs	r3, r4
10000fe8:	432b      	orrs	r3, r5
10000fea:	d02e      	beq.n	1000104a <alarm_pool_irq_handler+0x25e>
10000fec:	2d00      	cmp	r5, #0
10000fee:	da48      	bge.n	10001082 <alarm_pool_irq_handler+0x296>
10000ff0:	0030      	movs	r0, r6
10000ff2:	0039      	movs	r1, r7
10000ff4:	1b00      	subs	r0, r0, r4
10000ff6:	41a9      	sbcs	r1, r5
10000ff8:	465b      	mov	r3, fp
10000ffa:	6098      	str	r0, [r3, #8]
10000ffc:	60d9      	str	r1, [r3, #12]
10000ffe:	2200      	movs	r2, #0
10001000:	5e9b      	ldrsh	r3, [r3, r2]
10001002:	2b00      	cmp	r3, #0
10001004:	db09      	blt.n	1000101a <alarm_pool_irq_handler+0x22e>
10001006:	4642      	mov	r2, r8
10001008:	005e      	lsls	r6, r3, #1
1000100a:	6954      	ldr	r4, [r2, #20]
1000100c:	18f2      	adds	r2, r6, r3
1000100e:	00d2      	lsls	r2, r2, #3
10001010:	18a2      	adds	r2, r4, r2
10001012:	6897      	ldr	r7, [r2, #8]
10001014:	68d2      	ldr	r2, [r2, #12]
10001016:	428a      	cmp	r2, r1
10001018:	dd5c      	ble.n	100010d4 <alarm_pool_irq_handler+0x2e8>
1000101a:	4643      	mov	r3, r8
1000101c:	889b      	ldrh	r3, [r3, #4]
1000101e:	b21b      	sxth	r3, r3
10001020:	2b00      	cmp	r3, #0
10001022:	da00      	bge.n	10001026 <alarm_pool_irq_handler+0x23a>
10001024:	e74d      	b.n	10000ec2 <alarm_pool_irq_handler+0xd6>
10001026:	e70b      	b.n	10000e40 <alarm_pool_irq_handler+0x54>
10001028:	4286      	cmp	r6, r0
1000102a:	d8f6      	bhi.n	1000101a <alarm_pool_irq_handler+0x22e>
1000102c:	465b      	mov	r3, fp
1000102e:	465a      	mov	r2, fp
10001030:	691b      	ldr	r3, [r3, #16]
10001032:	6954      	ldr	r4, [r2, #20]
10001034:	2b02      	cmp	r3, #2
10001036:	d1cc      	bne.n	10000fd2 <alarm_pool_irq_handler+0x1e6>
10001038:	0020      	movs	r0, r4
1000103a:	6923      	ldr	r3, [r4, #16]
1000103c:	4798      	blx	r3
1000103e:	2800      	cmp	r0, #0
10001040:	d003      	beq.n	1000104a <alarm_pool_irq_handler+0x25e>
10001042:	cc30      	ldmia	r4, {r4, r5}
10001044:	0023      	movs	r3, r4
10001046:	432b      	orrs	r3, r5
10001048:	d1d0      	bne.n	10000fec <alarm_pool_irq_handler+0x200>
1000104a:	465b      	mov	r3, fp
1000104c:	4642      	mov	r2, r8
1000104e:	881b      	ldrh	r3, [r3, #0]
10001050:	8113      	strh	r3, [r2, #8]
10001052:	6912      	ldr	r2, [r2, #16]
10001054:	f3ef 8310 	mrs	r3, PRIMASK
10001058:	b672      	cpsid	i
1000105a:	6811      	ldr	r1, [r2, #0]
1000105c:	2900      	cmp	r1, #0
1000105e:	d0fc      	beq.n	1000105a <alarm_pool_irq_handler+0x26e>
10001060:	f3bf 8f5f 	dmb	sy
10001064:	4642      	mov	r2, r8
10001066:	4659      	mov	r1, fp
10001068:	8852      	ldrh	r2, [r2, #2]
1000106a:	800a      	strh	r2, [r1, #0]
1000106c:	4642      	mov	r2, r8
1000106e:	4651      	mov	r1, sl
10001070:	8051      	strh	r1, [r2, #2]
10001072:	6912      	ldr	r2, [r2, #16]
10001074:	f3bf 8f5f 	dmb	sy
10001078:	2100      	movs	r1, #0
1000107a:	6011      	str	r1, [r2, #0]
1000107c:	f383 8810 	msr	PRIMASK, r3
10001080:	e7cb      	b.n	1000101a <alarm_pool_irq_handler+0x22e>
10001082:	4813      	ldr	r0, [pc, #76]	@ (100010d0 <alarm_pool_irq_handler+0x2e4>)
10001084:	f000 faae 	bl	100015e4 <timer_time_us_64>
10001088:	1900      	adds	r0, r0, r4
1000108a:	4169      	adcs	r1, r5
1000108c:	e7b4      	b.n	10000ff8 <alarm_pool_irq_handler+0x20c>
1000108e:	4c10      	ldr	r4, [pc, #64]	@ (100010d0 <alarm_pool_irq_handler+0x2e4>)
10001090:	0020      	movs	r0, r4
10001092:	f000 faa7 	bl	100015e4 <timer_time_us_64>
10001096:	2280      	movs	r2, #128	@ 0x80
10001098:	2300      	movs	r3, #0
1000109a:	0612      	lsls	r2, r2, #24
1000109c:	1880      	adds	r0, r0, r2
1000109e:	4159      	adcs	r1, r3
100010a0:	9a02      	ldr	r2, [sp, #8]
100010a2:	6aa5      	ldr	r5, [r4, #40]	@ 0x28
100010a4:	1912      	adds	r2, r2, r4
100010a6:	6913      	ldr	r3, [r2, #16]
100010a8:	1b46      	subs	r6, r0, r5
100010aa:	1b5b      	subs	r3, r3, r5
100010ac:	429e      	cmp	r6, r3
100010ae:	d201      	bcs.n	100010b4 <alarm_pool_irq_handler+0x2c8>
100010b0:	6110      	str	r0, [r2, #16]
100010b2:	e731      	b.n	10000f18 <alarm_pool_irq_handler+0x12c>
100010b4:	2301      	movs	r3, #1
100010b6:	9d03      	ldr	r5, [sp, #12]
100010b8:	6a24      	ldr	r4, [r4, #32]
100010ba:	40ab      	lsls	r3, r5
100010bc:	421c      	tst	r4, r3
100010be:	d000      	beq.n	100010c2 <alarm_pool_irq_handler+0x2d6>
100010c0:	e72a      	b.n	10000f18 <alarm_pool_irq_handler+0x12c>
100010c2:	6110      	str	r0, [r2, #16]
100010c4:	e728      	b.n	10000f18 <alarm_pool_irq_handler+0x12c>
100010c6:	46c0      	nop			@ (mov r8, r8)
100010c8:	20001e9c 	.word	0x20001e9c
100010cc:	4005703c 	.word	0x4005703c
100010d0:	40054000 	.word	0x40054000
100010d4:	428a      	cmp	r2, r1
100010d6:	d101      	bne.n	100010dc <alarm_pool_irq_handler+0x2f0>
100010d8:	4287      	cmp	r7, r0
100010da:	d89e      	bhi.n	1000101a <alarm_pool_irq_handler+0x22e>
100010dc:	4645      	mov	r5, r8
100010de:	812b      	strh	r3, [r5, #8]
100010e0:	3508      	adds	r5, #8
100010e2:	e005      	b.n	100010f0 <alarm_pool_irq_handler+0x304>
100010e4:	005e      	lsls	r6, r3, #1
100010e6:	18f2      	adds	r2, r6, r3
100010e8:	00d2      	lsls	r2, r2, #3
100010ea:	18a2      	adds	r2, r4, r2
100010ec:	6897      	ldr	r7, [r2, #8]
100010ee:	68d2      	ldr	r2, [r2, #12]
100010f0:	428a      	cmp	r2, r1
100010f2:	dc06      	bgt.n	10001102 <alarm_pool_irq_handler+0x316>
100010f4:	d00a      	beq.n	1000110c <alarm_pool_irq_handler+0x320>
100010f6:	18f3      	adds	r3, r6, r3
100010f8:	00db      	lsls	r3, r3, #3
100010fa:	18e5      	adds	r5, r4, r3
100010fc:	5ee3      	ldrsh	r3, [r4, r3]
100010fe:	2b00      	cmp	r3, #0
10001100:	daf0      	bge.n	100010e4 <alarm_pool_irq_handler+0x2f8>
10001102:	465a      	mov	r2, fp
10001104:	8013      	strh	r3, [r2, #0]
10001106:	4653      	mov	r3, sl
10001108:	802b      	strh	r3, [r5, #0]
1000110a:	e786      	b.n	1000101a <alarm_pool_irq_handler+0x22e>
1000110c:	4287      	cmp	r7, r0
1000110e:	d9f2      	bls.n	100010f6 <alarm_pool_irq_handler+0x30a>
10001110:	e7f7      	b.n	10001102 <alarm_pool_irq_handler+0x316>
10001112:	46c0      	nop			@ (mov r8, r8)

10001114 <runtime_init_default_alarm_pool>:
10001114:	b570      	push	{r4, r5, r6, lr}
10001116:	4c2b      	ldr	r4, [pc, #172]	@ (100011c4 <runtime_init_default_alarm_pool+0xb0>)
10001118:	6925      	ldr	r5, [r4, #16]
1000111a:	2d00      	cmp	r5, #0
1000111c:	d000      	beq.n	10001120 <runtime_init_default_alarm_pool+0xc>
1000111e:	bd70      	pop	{r4, r5, r6, pc}
10001120:	4e29      	ldr	r6, [pc, #164]	@ (100011c8 <runtime_init_default_alarm_pool+0xb4>)
10001122:	2103      	movs	r1, #3
10001124:	4828      	ldr	r0, [pc, #160]	@ (100011c8 <runtime_init_default_alarm_pool+0xb4>)
10001126:	f000 fa53 	bl	100015d0 <timer_hardware_alarm_claim>
1000112a:	60e6      	str	r6, [r4, #12]
1000112c:	f7ff fb20 	bl	10000770 <next_striped_spin_lock_num>
10001130:	4b26      	ldr	r3, [pc, #152]	@ (100011cc <runtime_init_default_alarm_pool+0xb8>)
10001132:	2203      	movs	r2, #3
10001134:	18c0      	adds	r0, r0, r3
10001136:	23d0      	movs	r3, #208	@ 0xd0
10001138:	7022      	strb	r2, [r4, #0]
1000113a:	061b      	lsls	r3, r3, #24
1000113c:	681b      	ldr	r3, [r3, #0]
1000113e:	2101      	movs	r1, #1
10001140:	7063      	strb	r3, [r4, #1]
10001142:	4b23      	ldr	r3, [pc, #140]	@ (100011d0 <runtime_init_default_alarm_pool+0xbc>)
10001144:	0080      	lsls	r0, r0, #2
10001146:	60a3      	str	r3, [r4, #8]
10001148:	230f      	movs	r3, #15
1000114a:	6120      	str	r0, [r4, #16]
1000114c:	2002      	movs	r0, #2
1000114e:	8063      	strh	r3, [r4, #2]
10001150:	6963      	ldr	r3, [r4, #20]
10001152:	4249      	negs	r1, r1
10001154:	80a1      	strh	r1, [r4, #4]
10001156:	8019      	strh	r1, [r3, #0]
10001158:	3102      	adds	r1, #2
1000115a:	8619      	strh	r1, [r3, #48]	@ 0x30
1000115c:	3147      	adds	r1, #71	@ 0x47
1000115e:	831d      	strh	r5, [r3, #24]
10001160:	5258      	strh	r0, [r3, r1]
10001162:	3118      	adds	r1, #24
10001164:	525a      	strh	r2, [r3, r1]
10001166:	3275      	adds	r2, #117	@ 0x75
10001168:	395c      	subs	r1, #92	@ 0x5c
1000116a:	5299      	strh	r1, [r3, r2]
1000116c:	3218      	adds	r2, #24
1000116e:	3101      	adds	r1, #1
10001170:	5299      	strh	r1, [r3, r2]
10001172:	3218      	adds	r2, #24
10001174:	3101      	adds	r1, #1
10001176:	5299      	strh	r1, [r3, r2]
10001178:	3218      	adds	r2, #24
1000117a:	3101      	adds	r1, #1
1000117c:	5299      	strh	r1, [r3, r2]
1000117e:	3508      	adds	r5, #8
10001180:	3218      	adds	r2, #24
10001182:	529d      	strh	r5, [r3, r2]
10001184:	3102      	adds	r1, #2
10001186:	3218      	adds	r2, #24
10001188:	5299      	strh	r1, [r3, r2]
1000118a:	3218      	adds	r2, #24
1000118c:	3101      	adds	r1, #1
1000118e:	5299      	strh	r1, [r3, r2]
10001190:	3218      	adds	r2, #24
10001192:	3101      	adds	r1, #1
10001194:	5299      	strh	r1, [r3, r2]
10001196:	3218      	adds	r2, #24
10001198:	3101      	adds	r1, #1
1000119a:	5299      	strh	r1, [r3, r2]
1000119c:	3218      	adds	r2, #24
1000119e:	3101      	adds	r1, #1
100011a0:	5299      	strh	r1, [r3, r2]
100011a2:	3218      	adds	r2, #24
100011a4:	3101      	adds	r1, #1
100011a6:	5299      	strh	r1, [r3, r2]
100011a8:	4b0a      	ldr	r3, [pc, #40]	@ (100011d4 <runtime_init_default_alarm_pool+0xc0>)
100011aa:	490b      	ldr	r1, [pc, #44]	@ (100011d8 <runtime_init_default_alarm_pool+0xc4>)
100011ac:	60dc      	str	r4, [r3, #12]
100011ae:	3001      	adds	r0, #1
100011b0:	6235      	str	r5, [r6, #32]
100011b2:	f7ff fb63 	bl	1000087c <irq_set_exclusive_handler>
100011b6:	2101      	movs	r1, #1
100011b8:	2003      	movs	r0, #3
100011ba:	f7ff fb27 	bl	1000080c <irq_set_enabled>
100011be:	4b07      	ldr	r3, [pc, #28]	@ (100011dc <runtime_init_default_alarm_pool+0xc8>)
100011c0:	601d      	str	r5, [r3, #0]
100011c2:	e7ac      	b.n	1000111e <runtime_init_default_alarm_pool+0xa>
100011c4:	2000100c 	.word	0x2000100c
100011c8:	40054000 	.word	0x40054000
100011cc:	34000040 	.word	0x34000040
100011d0:	0010ffff 	.word	0x0010ffff
100011d4:	20001e9c 	.word	0x20001e9c
100011d8:	10000ded 	.word	0x10000ded
100011dc:	40056038 	.word	0x40056038

100011e0 <alarm_pool_get_default>:
100011e0:	4800      	ldr	r0, [pc, #0]	@ (100011e4 <alarm_pool_get_default+0x4>)
100011e2:	4770      	bx	lr
100011e4:	2000100c 	.word	0x2000100c

100011e8 <alarm_pool_add_alarm_at>:
100011e8:	b5f8      	push	{r3, r4, r5, r6, r7, lr}
100011ea:	001f      	movs	r7, r3
100011ec:	ab08      	add	r3, sp, #32
100011ee:	781b      	ldrb	r3, [r3, #0]
100011f0:	0004      	movs	r4, r0
100011f2:	0016      	movs	r6, r2
100011f4:	2b00      	cmp	r3, #0
100011f6:	d107      	bne.n	10001208 <alarm_pool_add_alarm_at+0x20>
100011f8:	f000 f9fc 	bl	100015f4 <time_us_64>
100011fc:	0032      	movs	r2, r6
100011fe:	003b      	movs	r3, r7
10001200:	1a12      	subs	r2, r2, r0
10001202:	418b      	sbcs	r3, r1
10001204:	2b00      	cmp	r3, #0
10001206:	db51      	blt.n	100012ac <alarm_pool_add_alarm_at+0xc4>
10001208:	6922      	ldr	r2, [r4, #16]
1000120a:	f3ef 8c10 	mrs	ip, PRIMASK
1000120e:	b672      	cpsid	i
10001210:	6813      	ldr	r3, [r2, #0]
10001212:	2b00      	cmp	r3, #0
10001214:	d0fc      	beq.n	10001210 <alarm_pool_add_alarm_at+0x28>
10001216:	f3bf 8f5f 	dmb	sy
1000121a:	2302      	movs	r3, #2
1000121c:	5ee1      	ldrsh	r1, [r4, r3]
1000121e:	6925      	ldr	r5, [r4, #16]
10001220:	2900      	cmp	r1, #0
10001222:	db3a      	blt.n	1000129a <alarm_pool_add_alarm_at+0xb2>
10001224:	004b      	lsls	r3, r1, #1
10001226:	6960      	ldr	r0, [r4, #20]
10001228:	185b      	adds	r3, r3, r1
1000122a:	00db      	lsls	r3, r3, #3
1000122c:	18c2      	adds	r2, r0, r3
1000122e:	5ac3      	ldrh	r3, [r0, r3]
10001230:	8063      	strh	r3, [r4, #2]
10001232:	f3bf 8f5f 	dmb	sy
10001236:	2300      	movs	r3, #0
10001238:	602b      	str	r3, [r5, #0]
1000123a:	f38c 8810 	msr	PRIMASK, ip
1000123e:	9b06      	ldr	r3, [sp, #24]
10001240:	6096      	str	r6, [r2, #8]
10001242:	60d7      	str	r7, [r2, #12]
10001244:	6113      	str	r3, [r2, #16]
10001246:	9b07      	ldr	r3, [sp, #28]
10001248:	6153      	str	r3, [r2, #20]
1000124a:	8853      	ldrh	r3, [r2, #2]
1000124c:	3301      	adds	r3, #1
1000124e:	045b      	lsls	r3, r3, #17
10001250:	0c5b      	lsrs	r3, r3, #17
10001252:	1c18      	adds	r0, r3, #0
10001254:	2b00      	cmp	r3, #0
10001256:	d01e      	beq.n	10001296 <alarm_pool_add_alarm_at+0xae>
10001258:	b283      	uxth	r3, r0
1000125a:	8050      	strh	r0, [r2, #2]
1000125c:	0408      	lsls	r0, r1, #16
1000125e:	4318      	orrs	r0, r3
10001260:	6925      	ldr	r5, [r4, #16]
10001262:	f3ef 8610 	mrs	r6, PRIMASK
10001266:	b672      	cpsid	i
10001268:	682b      	ldr	r3, [r5, #0]
1000126a:	2b00      	cmp	r3, #0
1000126c:	d0fc      	beq.n	10001268 <alarm_pool_add_alarm_at+0x80>
1000126e:	f3bf 8f5f 	dmb	sy
10001272:	88a3      	ldrh	r3, [r4, #4]
10001274:	8013      	strh	r3, [r2, #0]
10001276:	80a1      	strh	r1, [r4, #4]
10001278:	6923      	ldr	r3, [r4, #16]
1000127a:	f3bf 8f5f 	dmb	sy
1000127e:	2200      	movs	r2, #0
10001280:	601a      	str	r2, [r3, #0]
10001282:	f386 8810 	msr	PRIMASK, r6
10001286:	7823      	ldrb	r3, [r4, #0]
10001288:	3201      	adds	r2, #1
1000128a:	409a      	lsls	r2, r3
1000128c:	4908      	ldr	r1, [pc, #32]	@ (100012b0 <alarm_pool_add_alarm_at+0xc8>)
1000128e:	68e3      	ldr	r3, [r4, #12]
10001290:	185b      	adds	r3, r3, r1
10001292:	601a      	str	r2, [r3, #0]
10001294:	bdf8      	pop	{r3, r4, r5, r6, r7, pc}
10001296:	2001      	movs	r0, #1
10001298:	e7de      	b.n	10001258 <alarm_pool_add_alarm_at+0x70>
1000129a:	f3bf 8f5f 	dmb	sy
1000129e:	2300      	movs	r3, #0
100012a0:	602b      	str	r3, [r5, #0]
100012a2:	f38c 8810 	msr	PRIMASK, ip
100012a6:	2001      	movs	r0, #1
100012a8:	4240      	negs	r0, r0
100012aa:	e7f3      	b.n	10001294 <alarm_pool_add_alarm_at+0xac>
100012ac:	2000      	movs	r0, #0
100012ae:	e7f1      	b.n	10001294 <alarm_pool_add_alarm_at+0xac>
100012b0:	0000203c 	.word	0x0000203c

100012b4 <alarm_pool_add_alarm_at_force_in_context>:
100012b4:	b570      	push	{r4, r5, r6, lr}
100012b6:	b082      	sub	sp, #8
100012b8:	9200      	str	r2, [sp, #0]
100012ba:	9301      	str	r3, [sp, #4]
100012bc:	0001      	movs	r1, r0
100012be:	6902      	ldr	r2, [r0, #16]
100012c0:	f3ef 8410 	mrs	r4, PRIMASK
100012c4:	b672      	cpsid	i
100012c6:	6813      	ldr	r3, [r2, #0]
100012c8:	2b00      	cmp	r3, #0
100012ca:	d0fc      	beq.n	100012c6 <alarm_pool_add_alarm_at_force_in_context+0x12>
100012cc:	f3bf 8f5f 	dmb	sy
100012d0:	2302      	movs	r3, #2
100012d2:	5ec8      	ldrsh	r0, [r1, r3]
100012d4:	690d      	ldr	r5, [r1, #16]
100012d6:	2800      	cmp	r0, #0
100012d8:	db3f      	blt.n	1000135a <alarm_pool_add_alarm_at_force_in_context+0xa6>
100012da:	694a      	ldr	r2, [r1, #20]
100012dc:	0043      	lsls	r3, r0, #1
100012de:	0016      	movs	r6, r2
100012e0:	181b      	adds	r3, r3, r0
100012e2:	00db      	lsls	r3, r3, #3
100012e4:	18d2      	adds	r2, r2, r3
100012e6:	5af3      	ldrh	r3, [r6, r3]
100012e8:	804b      	strh	r3, [r1, #2]
100012ea:	f3bf 8f5f 	dmb	sy
100012ee:	2300      	movs	r3, #0
100012f0:	602b      	str	r3, [r5, #0]
100012f2:	f384 8810 	msr	PRIMASK, r4
100012f6:	9b06      	ldr	r3, [sp, #24]
100012f8:	6113      	str	r3, [r2, #16]
100012fa:	9b07      	ldr	r3, [sp, #28]
100012fc:	6153      	str	r3, [r2, #20]
100012fe:	9b00      	ldr	r3, [sp, #0]
10001300:	9c01      	ldr	r4, [sp, #4]
10001302:	6093      	str	r3, [r2, #8]
10001304:	60d4      	str	r4, [r2, #12]
10001306:	8853      	ldrh	r3, [r2, #2]
10001308:	3301      	adds	r3, #1
1000130a:	045b      	lsls	r3, r3, #17
1000130c:	0c5b      	lsrs	r3, r3, #17
1000130e:	1c1d      	adds	r5, r3, #0
10001310:	2b00      	cmp	r3, #0
10001312:	d020      	beq.n	10001356 <alarm_pool_add_alarm_at_force_in_context+0xa2>
10001314:	b2ac      	uxth	r4, r5
10001316:	0403      	lsls	r3, r0, #16
10001318:	8055      	strh	r5, [r2, #2]
1000131a:	4323      	orrs	r3, r4
1000131c:	690d      	ldr	r5, [r1, #16]
1000131e:	f3ef 8c10 	mrs	ip, PRIMASK
10001322:	b672      	cpsid	i
10001324:	682c      	ldr	r4, [r5, #0]
10001326:	2c00      	cmp	r4, #0
10001328:	d0fc      	beq.n	10001324 <alarm_pool_add_alarm_at_force_in_context+0x70>
1000132a:	f3bf 8f5f 	dmb	sy
1000132e:	888c      	ldrh	r4, [r1, #4]
10001330:	8014      	strh	r4, [r2, #0]
10001332:	8088      	strh	r0, [r1, #4]
10001334:	690a      	ldr	r2, [r1, #16]
10001336:	f3bf 8f5f 	dmb	sy
1000133a:	2000      	movs	r0, #0
1000133c:	6010      	str	r0, [r2, #0]
1000133e:	f38c 8810 	msr	PRIMASK, ip
10001342:	780a      	ldrb	r2, [r1, #0]
10001344:	3001      	adds	r0, #1
10001346:	4090      	lsls	r0, r2
10001348:	68ca      	ldr	r2, [r1, #12]
1000134a:	4908      	ldr	r1, [pc, #32]	@ (1000136c <alarm_pool_add_alarm_at_force_in_context+0xb8>)
1000134c:	1852      	adds	r2, r2, r1
1000134e:	6010      	str	r0, [r2, #0]
10001350:	0018      	movs	r0, r3
10001352:	b002      	add	sp, #8
10001354:	bd70      	pop	{r4, r5, r6, pc}
10001356:	2501      	movs	r5, #1
10001358:	e7dc      	b.n	10001314 <alarm_pool_add_alarm_at_force_in_context+0x60>
1000135a:	f3bf 8f5f 	dmb	sy
1000135e:	2300      	movs	r3, #0
10001360:	602b      	str	r3, [r5, #0]
10001362:	f384 8810 	msr	PRIMASK, r4
10001366:	3b01      	subs	r3, #1
10001368:	e7f2      	b.n	10001350 <alarm_pool_add_alarm_at_force_in_context+0x9c>
1000136a:	46c0      	nop			@ (mov r8, r8)
1000136c:	0000203c 	.word	0x0000203c

10001370 <alarm_pool_cancel_alarm>:
10001370:	b510      	push	{r4, lr}
10001372:	8943      	ldrh	r3, [r0, #10]
10001374:	140a      	asrs	r2, r1, #16
10001376:	4293      	cmp	r3, r2
10001378:	dd1a      	ble.n	100013b0 <alarm_pool_cancel_alarm+0x40>
1000137a:	0053      	lsls	r3, r2, #1
1000137c:	189b      	adds	r3, r3, r2
1000137e:	6942      	ldr	r2, [r0, #20]
10001380:	00db      	lsls	r3, r3, #3
10001382:	18d3      	adds	r3, r2, r3
10001384:	6904      	ldr	r4, [r0, #16]
10001386:	f3ef 8c10 	mrs	ip, PRIMASK
1000138a:	b672      	cpsid	i
1000138c:	6822      	ldr	r2, [r4, #0]
1000138e:	2a00      	cmp	r2, #0
10001390:	d0fc      	beq.n	1000138c <alarm_pool_cancel_alarm+0x1c>
10001392:	f3bf 8f5f 	dmb	sy
10001396:	885a      	ldrh	r2, [r3, #2]
10001398:	0409      	lsls	r1, r1, #16
1000139a:	b294      	uxth	r4, r2
1000139c:	0c09      	lsrs	r1, r1, #16
1000139e:	428a      	cmp	r2, r1
100013a0:	d008      	beq.n	100013b4 <alarm_pool_cancel_alarm+0x44>
100013a2:	6903      	ldr	r3, [r0, #16]
100013a4:	f3bf 8f5f 	dmb	sy
100013a8:	2200      	movs	r2, #0
100013aa:	601a      	str	r2, [r3, #0]
100013ac:	f38c 8810 	msr	PRIMASK, ip
100013b0:	2000      	movs	r0, #0
100013b2:	bd10      	pop	{r4, pc}
100013b4:	4a09      	ldr	r2, [pc, #36]	@ (100013dc <alarm_pool_cancel_alarm+0x6c>)
100013b6:	4322      	orrs	r2, r4
100013b8:	805a      	strh	r2, [r3, #2]
100013ba:	2301      	movs	r3, #1
100013bc:	6902      	ldr	r2, [r0, #16]
100013be:	7183      	strb	r3, [r0, #6]
100013c0:	f3bf 8f5f 	dmb	sy
100013c4:	2100      	movs	r1, #0
100013c6:	6011      	str	r1, [r2, #0]
100013c8:	f38c 8810 	msr	PRIMASK, ip
100013cc:	7802      	ldrb	r2, [r0, #0]
100013ce:	4904      	ldr	r1, [pc, #16]	@ (100013e0 <alarm_pool_cancel_alarm+0x70>)
100013d0:	4093      	lsls	r3, r2
100013d2:	68c2      	ldr	r2, [r0, #12]
100013d4:	2001      	movs	r0, #1
100013d6:	1852      	adds	r2, r2, r1
100013d8:	6013      	str	r3, [r2, #0]
100013da:	e7ea      	b.n	100013b2 <alarm_pool_cancel_alarm+0x42>
100013dc:	ffff8000 	.word	0xffff8000
100013e0:	0000203c 	.word	0x0000203c

100013e4 <alarm_pool_core_num>:
100013e4:	7840      	ldrb	r0, [r0, #1]
100013e6:	4770      	bx	lr

100013e8 <sleep_ms>:
100013e8:	b5f0      	push	{r4, r5, r6, r7, lr}
100013ea:	b083      	sub	sp, #12
100013ec:	0004      	movs	r4, r0
100013ee:	f000 f901 	bl	100015f4 <time_us_64>
100013f2:	22fa      	movs	r2, #250	@ 0xfa
100013f4:	0006      	movs	r6, r0
100013f6:	000f      	movs	r7, r1
100013f8:	0020      	movs	r0, r4
100013fa:	2300      	movs	r3, #0
100013fc:	2100      	movs	r1, #0
100013fe:	0092      	lsls	r2, r2, #2
10001400:	f001 fb40 	bl	10002a84 <__wrap___aeabi_lmul>
10001404:	1980      	adds	r0, r0, r6
10001406:	4179      	adcs	r1, r7
10001408:	0004      	movs	r4, r0
1000140a:	1e0d      	subs	r5, r1, #0
1000140c:	da02      	bge.n	10001414 <sleep_ms+0x2c>
1000140e:	2401      	movs	r4, #1
10001410:	4d23      	ldr	r5, [pc, #140]	@ (100014a0 <sleep_ms+0xb8>)
10001412:	4264      	negs	r4, r4
10001414:	2606      	movs	r6, #6
10001416:	4276      	negs	r6, r6
10001418:	17f7      	asrs	r7, r6, #31
1000141a:	1936      	adds	r6, r6, r4
1000141c:	416f      	adcs	r7, r5
1000141e:	42af      	cmp	r7, r5
10001420:	d812      	bhi.n	10001448 <sleep_ms+0x60>
10001422:	d00f      	beq.n	10001444 <sleep_ms+0x5c>
10001424:	f000 f8e6 	bl	100015f4 <time_us_64>
10001428:	0032      	movs	r2, r6
1000142a:	003b      	movs	r3, r7
1000142c:	1a12      	subs	r2, r2, r0
1000142e:	418b      	sbcs	r3, r1
10001430:	2b00      	cmp	r3, #0
10001432:	dc13      	bgt.n	1000145c <sleep_ms+0x74>
10001434:	2b00      	cmp	r3, #0
10001436:	d030      	beq.n	1000149a <sleep_ms+0xb2>
10001438:	0020      	movs	r0, r4
1000143a:	0029      	movs	r1, r5
1000143c:	f000 f91a 	bl	10001674 <busy_wait_until>
10001440:	b003      	add	sp, #12
10001442:	bdf0      	pop	{r4, r5, r6, r7, pc}
10001444:	42a6      	cmp	r6, r4
10001446:	d9ed      	bls.n	10001424 <sleep_ms+0x3c>
10001448:	2600      	movs	r6, #0
1000144a:	2700      	movs	r7, #0
1000144c:	f000 f8d2 	bl	100015f4 <time_us_64>
10001450:	0032      	movs	r2, r6
10001452:	003b      	movs	r3, r7
10001454:	1a12      	subs	r2, r2, r0
10001456:	418b      	sbcs	r3, r1
10001458:	2b00      	cmp	r3, #0
1000145a:	ddeb      	ble.n	10001434 <sleep_ms+0x4c>
1000145c:	f000 f8ca 	bl	100015f4 <time_us_64>
10001460:	0032      	movs	r2, r6
10001462:	003b      	movs	r3, r7
10001464:	1a12      	subs	r2, r2, r0
10001466:	418b      	sbcs	r3, r1
10001468:	2b00      	cmp	r3, #0
1000146a:	db0a      	blt.n	10001482 <sleep_ms+0x9a>
1000146c:	2300      	movs	r3, #0
1000146e:	9301      	str	r3, [sp, #4]
10001470:	4b0c      	ldr	r3, [pc, #48]	@ (100014a4 <sleep_ms+0xbc>)
10001472:	0032      	movs	r2, r6
10001474:	9300      	str	r3, [sp, #0]
10001476:	480c      	ldr	r0, [pc, #48]	@ (100014a8 <sleep_ms+0xc0>)
10001478:	003b      	movs	r3, r7
1000147a:	f7ff ff1b 	bl	100012b4 <alarm_pool_add_alarm_at_force_in_context>
1000147e:	3001      	adds	r0, #1
10001480:	d0da      	beq.n	10001438 <sleep_ms+0x50>
10001482:	0039      	movs	r1, r7
10001484:	4a09      	ldr	r2, [pc, #36]	@ (100014ac <sleep_ms+0xc4>)
10001486:	6a53      	ldr	r3, [r2, #36]	@ 0x24
10001488:	4299      	cmp	r1, r3
1000148a:	d804      	bhi.n	10001496 <sleep_ms+0xae>
1000148c:	6a90      	ldr	r0, [r2, #40]	@ 0x28
1000148e:	42b0      	cmp	r0, r6
10001490:	d2d2      	bcs.n	10001438 <sleep_ms+0x50>
10001492:	4299      	cmp	r1, r3
10001494:	d1d0      	bne.n	10001438 <sleep_ms+0x50>
10001496:	bf20      	wfe
10001498:	e7f5      	b.n	10001486 <sleep_ms+0x9e>
1000149a:	2a00      	cmp	r2, #0
1000149c:	d0cc      	beq.n	10001438 <sleep_ms+0x50>
1000149e:	e7dd      	b.n	1000145c <sleep_ms+0x74>
100014a0:	7fffffff 	.word	0x7fffffff
100014a4:	10000de5 	.word	0x10000de5
100014a8:	2000100c 	.word	0x2000100c
100014ac:	40054000 	.word	0x40054000

100014b0 <best_effort_wfe_or_timeout>:
100014b0:	b5f0      	push	{r4, r5, r6, r7, lr}
100014b2:	46ce      	mov	lr, r9
100014b4:	4647      	mov	r7, r8
100014b6:	b580      	push	{r7, lr}
100014b8:	0004      	movs	r4, r0
100014ba:	000d      	movs	r5, r1
100014bc:	b085      	sub	sp, #20
100014be:	f3ef 8605 	mrs	r6, IPSR
100014c2:	4689      	mov	r9, r1
100014c4:	2e00      	cmp	r6, #0
100014c6:	d010      	beq.n	100014ea <best_effort_wfe_or_timeout+0x3a>
100014c8:	493e      	ldr	r1, [pc, #248]	@ (100015c4 <best_effort_wfe_or_timeout+0x114>)
100014ca:	2000      	movs	r0, #0
100014cc:	6a4b      	ldr	r3, [r1, #36]	@ 0x24
100014ce:	42ab      	cmp	r3, r5
100014d0:	d306      	bcc.n	100014e0 <best_effort_wfe_or_timeout+0x30>
100014d2:	6a8a      	ldr	r2, [r1, #40]	@ 0x28
100014d4:	1b5b      	subs	r3, r3, r5
100014d6:	1e59      	subs	r1, r3, #1
100014d8:	418b      	sbcs	r3, r1
100014da:	42a2      	cmp	r2, r4
100014dc:	4140      	adcs	r0, r0
100014de:	4318      	orrs	r0, r3
100014e0:	b005      	add	sp, #20
100014e2:	bcc0      	pop	{r6, r7}
100014e4:	46b9      	mov	r9, r7
100014e6:	46b0      	mov	r8, r6
100014e8:	bdf0      	pop	{r4, r5, r6, r7, pc}
100014ea:	4f37      	ldr	r7, [pc, #220]	@ (100015c8 <best_effort_wfe_or_timeout+0x118>)
100014ec:	68fb      	ldr	r3, [r7, #12]
100014ee:	783a      	ldrb	r2, [r7, #0]
100014f0:	4698      	mov	r8, r3
100014f2:	0018      	movs	r0, r3
100014f4:	9203      	str	r2, [sp, #12]
100014f6:	f000 f875 	bl	100015e4 <timer_time_us_64>
100014fa:	9a03      	ldr	r2, [sp, #12]
100014fc:	1d13      	adds	r3, r2, #4
100014fe:	4642      	mov	r2, r8
10001500:	009b      	lsls	r3, r3, #2
10001502:	589b      	ldr	r3, [r3, r2]
10001504:	0022      	movs	r2, r4
10001506:	1a1b      	subs	r3, r3, r0
10001508:	469c      	mov	ip, r3
1000150a:	002b      	movs	r3, r5
1000150c:	1a12      	subs	r2, r2, r0
1000150e:	418b      	sbcs	r3, r1
10001510:	429e      	cmp	r6, r3
10001512:	dc1a      	bgt.n	1000154a <best_effort_wfe_or_timeout+0x9a>
10001514:	d017      	beq.n	10001546 <best_effort_wfe_or_timeout+0x96>
10001516:	4b2b      	ldr	r3, [pc, #172]	@ (100015c4 <best_effort_wfe_or_timeout+0x114>)
10001518:	6a5a      	ldr	r2, [r3, #36]	@ 0x24
1000151a:	454a      	cmp	r2, r9
1000151c:	d305      	bcc.n	1000152a <best_effort_wfe_or_timeout+0x7a>
1000151e:	6a9b      	ldr	r3, [r3, #40]	@ 0x28
10001520:	2001      	movs	r0, #1
10001522:	42a3      	cmp	r3, r4
10001524:	d2dc      	bcs.n	100014e0 <best_effort_wfe_or_timeout+0x30>
10001526:	454a      	cmp	r2, r9
10001528:	d1da      	bne.n	100014e0 <best_effort_wfe_or_timeout+0x30>
1000152a:	bf20      	wfe
1000152c:	4b25      	ldr	r3, [pc, #148]	@ (100015c4 <best_effort_wfe_or_timeout+0x114>)
1000152e:	6a58      	ldr	r0, [r3, #36]	@ 0x24
10001530:	4548      	cmp	r0, r9
10001532:	d33c      	bcc.n	100015ae <best_effort_wfe_or_timeout+0xfe>
10001534:	1b40      	subs	r0, r0, r5
10001536:	6a9a      	ldr	r2, [r3, #40]	@ 0x28
10001538:	1e43      	subs	r3, r0, #1
1000153a:	4198      	sbcs	r0, r3
1000153c:	2300      	movs	r3, #0
1000153e:	42a2      	cmp	r2, r4
10001540:	415b      	adcs	r3, r3
10001542:	4318      	orrs	r0, r3
10001544:	e7cc      	b.n	100014e0 <best_effort_wfe_or_timeout+0x30>
10001546:	4594      	cmp	ip, r2
10001548:	d9e5      	bls.n	10001516 <best_effort_wfe_or_timeout+0x66>
1000154a:	f000 f853 	bl	100015f4 <time_us_64>
1000154e:	0022      	movs	r2, r4
10001550:	002b      	movs	r3, r5
10001552:	1a12      	subs	r2, r2, r0
10001554:	418b      	sbcs	r3, r1
10001556:	2b00      	cmp	r3, #0
10001558:	db25      	blt.n	100015a6 <best_effort_wfe_or_timeout+0xf6>
1000155a:	2300      	movs	r3, #0
1000155c:	9301      	str	r3, [sp, #4]
1000155e:	4b1b      	ldr	r3, [pc, #108]	@ (100015cc <best_effort_wfe_or_timeout+0x11c>)
10001560:	0022      	movs	r2, r4
10001562:	9300      	str	r3, [sp, #0]
10001564:	0038      	movs	r0, r7
10001566:	002b      	movs	r3, r5
10001568:	f7ff fea4 	bl	100012b4 <alarm_pool_add_alarm_at_force_in_context>
1000156c:	2800      	cmp	r0, #0
1000156e:	dd1a      	ble.n	100015a6 <best_effort_wfe_or_timeout+0xf6>
10001570:	4b14      	ldr	r3, [pc, #80]	@ (100015c4 <best_effort_wfe_or_timeout+0x114>)
10001572:	6a5a      	ldr	r2, [r3, #36]	@ 0x24
10001574:	454a      	cmp	r2, r9
10001576:	d304      	bcc.n	10001582 <best_effort_wfe_or_timeout+0xd2>
10001578:	6a9b      	ldr	r3, [r3, #40]	@ 0x28
1000157a:	42a3      	cmp	r3, r4
1000157c:	d202      	bcs.n	10001584 <best_effort_wfe_or_timeout+0xd4>
1000157e:	454a      	cmp	r2, r9
10001580:	d100      	bne.n	10001584 <best_effort_wfe_or_timeout+0xd4>
10001582:	bf20      	wfe
10001584:	0001      	movs	r1, r0
10001586:	0038      	movs	r0, r7
10001588:	f7ff fef2 	bl	10001370 <alarm_pool_cancel_alarm>
1000158c:	4a0d      	ldr	r2, [pc, #52]	@ (100015c4 <best_effort_wfe_or_timeout+0x114>)
1000158e:	2000      	movs	r0, #0
10001590:	6a53      	ldr	r3, [r2, #36]	@ 0x24
10001592:	454b      	cmp	r3, r9
10001594:	d3a4      	bcc.n	100014e0 <best_effort_wfe_or_timeout+0x30>
10001596:	6a92      	ldr	r2, [r2, #40]	@ 0x28
10001598:	1b5b      	subs	r3, r3, r5
1000159a:	1e59      	subs	r1, r3, #1
1000159c:	418b      	sbcs	r3, r1
1000159e:	42a2      	cmp	r2, r4
100015a0:	4140      	adcs	r0, r0
100015a2:	4318      	orrs	r0, r3
100015a4:	e79c      	b.n	100014e0 <best_effort_wfe_or_timeout+0x30>
100015a6:	4a07      	ldr	r2, [pc, #28]	@ (100015c4 <best_effort_wfe_or_timeout+0x114>)
100015a8:	6a53      	ldr	r3, [r2, #36]	@ 0x24
100015aa:	454b      	cmp	r3, r9
100015ac:	d201      	bcs.n	100015b2 <best_effort_wfe_or_timeout+0x102>
100015ae:	2000      	movs	r0, #0
100015b0:	e796      	b.n	100014e0 <best_effort_wfe_or_timeout+0x30>
100015b2:	2000      	movs	r0, #0
100015b4:	6a92      	ldr	r2, [r2, #40]	@ 0x28
100015b6:	1b5b      	subs	r3, r3, r5
100015b8:	42a2      	cmp	r2, r4
100015ba:	4140      	adcs	r0, r0
100015bc:	1e5a      	subs	r2, r3, #1
100015be:	4193      	sbcs	r3, r2
100015c0:	4318      	orrs	r0, r3
100015c2:	e78d      	b.n	100014e0 <best_effort_wfe_or_timeout+0x30>
100015c4:	40054000 	.word	0x40054000
100015c8:	2000100c 	.word	0x2000100c
100015cc:	10000de5 	.word	0x10000de5

100015d0 <timer_hardware_alarm_claim>:
100015d0:	b510      	push	{r4, lr}
100015d2:	4a02      	ldr	r2, [pc, #8]	@ (100015dc <timer_hardware_alarm_claim+0xc>)
100015d4:	4802      	ldr	r0, [pc, #8]	@ (100015e0 <timer_hardware_alarm_claim+0x10>)
100015d6:	f7ff f85f 	bl	10000698 <hw_claim_or_assert>
100015da:	bd10      	pop	{r4, pc}
100015dc:	10007970 	.word	0x10007970
100015e0:	20001a24 	.word	0x20001a24

100015e4 <timer_time_us_64>:
100015e4:	0003      	movs	r3, r0
100015e6:	6a41      	ldr	r1, [r0, #36]	@ 0x24
100015e8:	000a      	movs	r2, r1
100015ea:	6a98      	ldr	r0, [r3, #40]	@ 0x28
100015ec:	6a59      	ldr	r1, [r3, #36]	@ 0x24
100015ee:	428a      	cmp	r2, r1
100015f0:	d1fa      	bne.n	100015e8 <timer_time_us_64+0x4>
100015f2:	4770      	bx	lr

100015f4 <time_us_64>:
100015f4:	4b03      	ldr	r3, [pc, #12]	@ (10001604 <time_us_64+0x10>)
100015f6:	6a59      	ldr	r1, [r3, #36]	@ 0x24
100015f8:	000a      	movs	r2, r1
100015fa:	6a98      	ldr	r0, [r3, #40]	@ 0x28
100015fc:	6a59      	ldr	r1, [r3, #36]	@ 0x24
100015fe:	4291      	cmp	r1, r2
10001600:	d1fa      	bne.n	100015f8 <time_us_64+0x4>
10001602:	4770      	bx	lr
10001604:	40054000 	.word	0x40054000

10001608 <busy_wait_us>:
10001608:	b570      	push	{r4, r5, r6, lr}
1000160a:	0005      	movs	r5, r0
1000160c:	000e      	movs	r6, r1
1000160e:	4a18      	ldr	r2, [pc, #96]	@ (10001670 <busy_wait_us+0x68>)
10001610:	6a53      	ldr	r3, [r2, #36]	@ 0x24
10001612:	0019      	movs	r1, r3
10001614:	6a94      	ldr	r4, [r2, #40]	@ 0x28
10001616:	6a53      	ldr	r3, [r2, #36]	@ 0x24
10001618:	428b      	cmp	r3, r1
1000161a:	d1fa      	bne.n	10001612 <busy_wait_us+0xa>
1000161c:	0020      	movs	r0, r4
1000161e:	0019      	movs	r1, r3
10001620:	002c      	movs	r4, r5
10001622:	0035      	movs	r5, r6
10001624:	1824      	adds	r4, r4, r0
10001626:	414d      	adcs	r5, r1
10001628:	42ab      	cmp	r3, r5
1000162a:	d816      	bhi.n	1000165a <busy_wait_us+0x52>
1000162c:	d013      	beq.n	10001656 <busy_wait_us+0x4e>
1000162e:	4b10      	ldr	r3, [pc, #64]	@ (10001670 <busy_wait_us+0x68>)
10001630:	002a      	movs	r2, r5
10001632:	6a5b      	ldr	r3, [r3, #36]	@ 0x24
10001634:	429d      	cmp	r5, r3
10001636:	d903      	bls.n	10001640 <busy_wait_us+0x38>
10001638:	490d      	ldr	r1, [pc, #52]	@ (10001670 <busy_wait_us+0x68>)
1000163a:	6a4b      	ldr	r3, [r1, #36]	@ 0x24
1000163c:	4293      	cmp	r3, r2
1000163e:	d3fc      	bcc.n	1000163a <busy_wait_us+0x32>
10001640:	4293      	cmp	r3, r2
10001642:	d107      	bne.n	10001654 <busy_wait_us+0x4c>
10001644:	4a0a      	ldr	r2, [pc, #40]	@ (10001670 <busy_wait_us+0x68>)
10001646:	e002      	b.n	1000164e <busy_wait_us+0x46>
10001648:	6a51      	ldr	r1, [r2, #36]	@ 0x24
1000164a:	4299      	cmp	r1, r3
1000164c:	d102      	bne.n	10001654 <busy_wait_us+0x4c>
1000164e:	6a91      	ldr	r1, [r2, #40]	@ 0x28
10001650:	42a1      	cmp	r1, r4
10001652:	d3f9      	bcc.n	10001648 <busy_wait_us+0x40>
10001654:	bd70      	pop	{r4, r5, r6, pc}
10001656:	42a0      	cmp	r0, r4
10001658:	d9e9      	bls.n	1000162e <busy_wait_us+0x26>
1000165a:	4b05      	ldr	r3, [pc, #20]	@ (10001670 <busy_wait_us+0x68>)
1000165c:	6a5b      	ldr	r3, [r3, #36]	@ 0x24
1000165e:	001c      	movs	r4, r3
10001660:	1c5a      	adds	r2, r3, #1
10001662:	d0ef      	beq.n	10001644 <busy_wait_us+0x3c>
10001664:	2201      	movs	r2, #1
10001666:	2401      	movs	r4, #1
10001668:	4264      	negs	r4, r4
1000166a:	17e5      	asrs	r5, r4, #31
1000166c:	4252      	negs	r2, r2
1000166e:	e7e3      	b.n	10001638 <busy_wait_us+0x30>
10001670:	40054000 	.word	0x40054000

10001674 <busy_wait_until>:
10001674:	4a06      	ldr	r2, [pc, #24]	@ (10001690 <busy_wait_until+0x1c>)
10001676:	6a53      	ldr	r3, [r2, #36]	@ 0x24
10001678:	4299      	cmp	r1, r3
1000167a:	d8fc      	bhi.n	10001676 <busy_wait_until+0x2>
1000167c:	d107      	bne.n	1000168e <busy_wait_until+0x1a>
1000167e:	4b04      	ldr	r3, [pc, #16]	@ (10001690 <busy_wait_until+0x1c>)
10001680:	e002      	b.n	10001688 <busy_wait_until+0x14>
10001682:	6a5a      	ldr	r2, [r3, #36]	@ 0x24
10001684:	4291      	cmp	r1, r2
10001686:	d102      	bne.n	1000168e <busy_wait_until+0x1a>
10001688:	6a9a      	ldr	r2, [r3, #40]	@ 0x28
1000168a:	4290      	cmp	r0, r2
1000168c:	d8f9      	bhi.n	10001682 <busy_wait_until+0xe>
1000168e:	4770      	bx	lr
10001690:	40054000 	.word	0x40054000

10001694 <uart_init>:
10001694:	b5f8      	push	{r3, r4, r5, r6, r7, lr}
10001696:	0004      	movs	r4, r0
10001698:	2006      	movs	r0, #6
1000169a:	000d      	movs	r5, r1
1000169c:	f000 f96e 	bl	1000197c <clock_get_hz>
100016a0:	2800      	cmp	r0, #0
100016a2:	d043      	beq.n	1000172c <uart_init+0x98>
100016a4:	4b36      	ldr	r3, [pc, #216]	@ (10001780 <uart_init+0xec>)
100016a6:	4937      	ldr	r1, [pc, #220]	@ (10001784 <uart_init+0xf0>)
100016a8:	18e3      	adds	r3, r4, r3
100016aa:	1e5a      	subs	r2, r3, #1
100016ac:	4193      	sbcs	r3, r2
100016ae:	2280      	movs	r2, #128	@ 0x80
100016b0:	425b      	negs	r3, r3
100016b2:	0d9b      	lsrs	r3, r3, #22
100016b4:	0412      	lsls	r2, r2, #16
100016b6:	059b      	lsls	r3, r3, #22
100016b8:	189b      	adds	r3, r3, r2
100016ba:	4a33      	ldr	r2, [pc, #204]	@ (10001788 <uart_init+0xf4>)
100016bc:	6013      	str	r3, [r2, #0]
100016be:	4a33      	ldr	r2, [pc, #204]	@ (1000178c <uart_init+0xf8>)
100016c0:	6013      	str	r3, [r2, #0]
100016c2:	0018      	movs	r0, r3
100016c4:	680a      	ldr	r2, [r1, #0]
100016c6:	4390      	bics	r0, r2
100016c8:	d1fb      	bne.n	100016c2 <uart_init+0x2e>
100016ca:	4b2d      	ldr	r3, [pc, #180]	@ (10001780 <uart_init+0xec>)
100016cc:	4a30      	ldr	r2, [pc, #192]	@ (10001790 <uart_init+0xfc>)
100016ce:	18e3      	adds	r3, r4, r3
100016d0:	4259      	negs	r1, r3
100016d2:	414b      	adcs	r3, r1
100016d4:	2180      	movs	r1, #128	@ 0x80
100016d6:	005b      	lsls	r3, r3, #1
100016d8:	0049      	lsls	r1, r1, #1
100016da:	2006      	movs	r0, #6
100016dc:	5299      	strh	r1, [r3, r2]
100016de:	f000 f94d 	bl	1000197c <clock_get_hz>
100016e2:	0029      	movs	r1, r5
100016e4:	00c0      	lsls	r0, r0, #3
100016e6:	f000 fba9 	bl	10001e3c <__wrap___aeabi_uidiv>
100016ea:	3001      	adds	r0, #1
100016ec:	09c3      	lsrs	r3, r0, #7
100016ee:	d11e      	bne.n	1000172e <uart_init+0x9a>
100016f0:	2740      	movs	r7, #64	@ 0x40
100016f2:	2201      	movs	r2, #1
100016f4:	6262      	str	r2, [r4, #36]	@ 0x24
100016f6:	62a3      	str	r3, [r4, #40]	@ 0x28
100016f8:	6b26      	ldr	r6, [r4, #48]	@ 0x30
100016fa:	07f3      	lsls	r3, r6, #31
100016fc:	d422      	bmi.n	10001744 <uart_init+0xb0>
100016fe:	6ae3      	ldr	r3, [r4, #44]	@ 0x2c
10001700:	4b24      	ldr	r3, [pc, #144]	@ (10001794 <uart_init+0x100>)
10001702:	2006      	movs	r0, #6
10001704:	18e5      	adds	r5, r4, r3
10001706:	2300      	movs	r3, #0
10001708:	602b      	str	r3, [r5, #0]
1000170a:	6326      	str	r6, [r4, #48]	@ 0x30
1000170c:	f000 f936 	bl	1000197c <clock_get_hz>
10001710:	0039      	movs	r1, r7
10001712:	0080      	lsls	r0, r0, #2
10001714:	f000 fb92 	bl	10001e3c <__wrap___aeabi_uidiv>
10001718:	2370      	movs	r3, #112	@ 0x70
1000171a:	6ae2      	ldr	r2, [r4, #44]	@ 0x2c
1000171c:	405a      	eors	r2, r3
1000171e:	330e      	adds	r3, #14
10001720:	4013      	ands	r3, r2
10001722:	602b      	str	r3, [r5, #0]
10001724:	4b1c      	ldr	r3, [pc, #112]	@ (10001798 <uart_init+0x104>)
10001726:	6323      	str	r3, [r4, #48]	@ 0x30
10001728:	2303      	movs	r3, #3
1000172a:	64a3      	str	r3, [r4, #72]	@ 0x48
1000172c:	bdf8      	pop	{r3, r4, r5, r6, r7, pc}
1000172e:	4a1b      	ldr	r2, [pc, #108]	@ (1000179c <uart_init+0x108>)
10001730:	4293      	cmp	r3, r2
10001732:	d91d      	bls.n	10001770 <uart_init+0xdc>
10001734:	2300      	movs	r3, #0
10001736:	4a1a      	ldr	r2, [pc, #104]	@ (100017a0 <uart_init+0x10c>)
10001738:	4f1a      	ldr	r7, [pc, #104]	@ (100017a4 <uart_init+0x110>)
1000173a:	6262      	str	r2, [r4, #36]	@ 0x24
1000173c:	62a3      	str	r3, [r4, #40]	@ 0x28
1000173e:	6b26      	ldr	r6, [r4, #48]	@ 0x30
10001740:	07f3      	lsls	r3, r6, #31
10001742:	d5dc      	bpl.n	100016fe <uart_init+0x6a>
10001744:	4b18      	ldr	r3, [pc, #96]	@ (100017a8 <uart_init+0x114>)
10001746:	4a14      	ldr	r2, [pc, #80]	@ (10001798 <uart_init+0x104>)
10001748:	18e3      	adds	r3, r4, r3
1000174a:	601a      	str	r2, [r3, #0]
1000174c:	6a65      	ldr	r5, [r4, #36]	@ 0x24
1000174e:	6aa3      	ldr	r3, [r4, #40]	@ 0x28
10001750:	2006      	movs	r0, #6
10001752:	01ad      	lsls	r5, r5, #6
10001754:	18ed      	adds	r5, r5, r3
10001756:	f000 f911 	bl	1000197c <clock_get_hz>
1000175a:	4914      	ldr	r1, [pc, #80]	@ (100017ac <uart_init+0x118>)
1000175c:	f000 fb6e 	bl	10001e3c <__wrap___aeabi_uidiv>
10001760:	0001      	movs	r1, r0
10001762:	02a8      	lsls	r0, r5, #10
10001764:	f000 fb6a 	bl	10001e3c <__wrap___aeabi_uidiv>
10001768:	2100      	movs	r1, #0
1000176a:	f7ff ff4d 	bl	10001608 <busy_wait_us>
1000176e:	e7c6      	b.n	100016fe <uart_init+0x6a>
10001770:	0640      	lsls	r0, r0, #25
10001772:	019a      	lsls	r2, r3, #6
10001774:	0e80      	lsrs	r0, r0, #26
10001776:	1817      	adds	r7, r2, r0
10001778:	001a      	movs	r2, r3
1000177a:	0003      	movs	r3, r0
1000177c:	e7ba      	b.n	100016f4 <uart_init+0x60>
1000177e:	46c0      	nop			@ (mov r8, r8)
10001780:	bffc8000 	.word	0xbffc8000
10001784:	4000c008 	.word	0x4000c008
10001788:	4000e000 	.word	0x4000e000
1000178c:	4000f000 	.word	0x4000f000
10001790:	20001ec0 	.word	0x20001ec0
10001794:	0000102c 	.word	0x0000102c
10001798:	00000301 	.word	0x00000301
1000179c:	0000fffe 	.word	0x0000fffe
100017a0:	0000ffff 	.word	0x0000ffff
100017a4:	003fffc0 	.word	0x003fffc0
100017a8:	00003030 	.word	0x00003030
100017ac:	00000e4e 	.word	0x00000e4e

100017b0 <clock_configure_int_divider>:
100017b0:	b5f8      	push	{r3, r4, r5, r6, r7, lr}
100017b2:	46de      	mov	lr, fp
100017b4:	464e      	mov	r6, r9
100017b6:	4645      	mov	r5, r8
100017b8:	4657      	mov	r7, sl
100017ba:	b5e0      	push	{r5, r6, r7, lr}
100017bc:	0005      	movs	r5, r0
100017be:	468b      	mov	fp, r1
100017c0:	0018      	movs	r0, r3
100017c2:	990a      	ldr	r1, [sp, #40]	@ 0x28
100017c4:	4691      	mov	r9, r2
100017c6:	f000 fb39 	bl	10001e3c <__wrap___aeabi_uidiv>
100017ca:	9b0a      	ldr	r3, [sp, #40]	@ 0x28
100017cc:	006c      	lsls	r4, r5, #1
100017ce:	021e      	lsls	r6, r3, #8
100017d0:	1964      	adds	r4, r4, r5
100017d2:	4b30      	ldr	r3, [pc, #192]	@ (10001894 <clock_configure_int_divider+0xe4>)
100017d4:	00a4      	lsls	r4, r4, #2
100017d6:	18e4      	adds	r4, r4, r3
100017d8:	6863      	ldr	r3, [r4, #4]
100017da:	4680      	mov	r8, r0
100017dc:	429e      	cmp	r6, r3
100017de:	d900      	bls.n	100017e2 <clock_configure_int_divider+0x32>
100017e0:	6066      	str	r6, [r4, #4]
100017e2:	1f2f      	subs	r7, r5, #4
100017e4:	b2fb      	uxtb	r3, r7
100017e6:	469a      	mov	sl, r3
100017e8:	2b01      	cmp	r3, #1
100017ea:	d92f      	bls.n	1000184c <clock_configure_int_divider+0x9c>
100017ec:	23c0      	movs	r3, #192	@ 0xc0
100017ee:	2280      	movs	r2, #128	@ 0x80
100017f0:	4f29      	ldr	r7, [pc, #164]	@ (10001898 <clock_configure_int_divider+0xe8>)
100017f2:	00ad      	lsls	r5, r5, #2
100017f4:	019b      	lsls	r3, r3, #6
100017f6:	5979      	ldr	r1, [r7, r5]
100017f8:	0112      	lsls	r2, r2, #4
100017fa:	18e3      	adds	r3, r4, r3
100017fc:	601a      	str	r2, [r3, #0]
100017fe:	2900      	cmp	r1, #0
10001800:	d11b      	bne.n	1000183a <clock_configure_int_divider+0x8a>
10001802:	464b      	mov	r3, r9
10001804:	6822      	ldr	r2, [r4, #0]
10001806:	015b      	lsls	r3, r3, #5
10001808:	4053      	eors	r3, r2
1000180a:	22e0      	movs	r2, #224	@ 0xe0
1000180c:	4013      	ands	r3, r2
1000180e:	2280      	movs	r2, #128	@ 0x80
10001810:	0152      	lsls	r2, r2, #5
10001812:	18a2      	adds	r2, r4, r2
10001814:	6013      	str	r3, [r2, #0]
10001816:	4653      	mov	r3, sl
10001818:	2b01      	cmp	r3, #1
1000181a:	d92f      	bls.n	1000187c <clock_configure_int_divider+0xcc>
1000181c:	2380      	movs	r3, #128	@ 0x80
1000181e:	2280      	movs	r2, #128	@ 0x80
10001820:	019b      	lsls	r3, r3, #6
10001822:	18e3      	adds	r3, r4, r3
10001824:	0112      	lsls	r2, r2, #4
10001826:	601a      	str	r2, [r3, #0]
10001828:	4643      	mov	r3, r8
1000182a:	6066      	str	r6, [r4, #4]
1000182c:	517b      	str	r3, [r7, r5]
1000182e:	bcf0      	pop	{r4, r5, r6, r7}
10001830:	46bb      	mov	fp, r7
10001832:	46b2      	mov	sl, r6
10001834:	46a9      	mov	r9, r5
10001836:	46a0      	mov	r8, r4
10001838:	bdf8      	pop	{r3, r4, r5, r6, r7, pc}
1000183a:	6978      	ldr	r0, [r7, #20]
1000183c:	f000 fafe 	bl	10001e3c <__wrap___aeabi_uidiv>
10001840:	3001      	adds	r0, #1
10001842:	0043      	lsls	r3, r0, #1
10001844:	181b      	adds	r3, r3, r0
10001846:	3b03      	subs	r3, #3
10001848:	d2fd      	bcs.n	10001846 <clock_configure_int_divider+0x96>
1000184a:	e7da      	b.n	10001802 <clock_configure_int_divider+0x52>
1000184c:	465b      	mov	r3, fp
1000184e:	2b01      	cmp	r3, #1
10001850:	d1cc      	bne.n	100017ec <clock_configure_int_divider+0x3c>
10001852:	23c0      	movs	r3, #192	@ 0xc0
10001854:	2203      	movs	r2, #3
10001856:	019b      	lsls	r3, r3, #6
10001858:	18e3      	adds	r3, r4, r3
1000185a:	601a      	str	r2, [r3, #0]
1000185c:	3a02      	subs	r2, #2
1000185e:	68a3      	ldr	r3, [r4, #8]
10001860:	421a      	tst	r2, r3
10001862:	d0fc      	beq.n	1000185e <clock_configure_int_divider+0xae>
10001864:	464a      	mov	r2, r9
10001866:	6823      	ldr	r3, [r4, #0]
10001868:	0152      	lsls	r2, r2, #5
1000186a:	405a      	eors	r2, r3
1000186c:	23e0      	movs	r3, #224	@ 0xe0
1000186e:	4013      	ands	r3, r2
10001870:	2280      	movs	r2, #128	@ 0x80
10001872:	0152      	lsls	r2, r2, #5
10001874:	18a2      	adds	r2, r4, r2
10001876:	4f08      	ldr	r7, [pc, #32]	@ (10001898 <clock_configure_int_divider+0xe8>)
10001878:	6013      	str	r3, [r2, #0]
1000187a:	00ad      	lsls	r5, r5, #2
1000187c:	4658      	mov	r0, fp
1000187e:	2303      	movs	r3, #3
10001880:	6821      	ldr	r1, [r4, #0]
10001882:	4041      	eors	r1, r0
10001884:	400b      	ands	r3, r1
10001886:	6013      	str	r3, [r2, #0]
10001888:	2201      	movs	r2, #1
1000188a:	4082      	lsls	r2, r0
1000188c:	68a3      	ldr	r3, [r4, #8]
1000188e:	421a      	tst	r2, r3
10001890:	d0fc      	beq.n	1000188c <clock_configure_int_divider+0xdc>
10001892:	e7c3      	b.n	1000181c <clock_configure_int_divider+0x6c>
10001894:	40008000 	.word	0x40008000
10001898:	20001a28 	.word	0x20001a28

1000189c <clock_configure_undivided>:
1000189c:	b5f0      	push	{r4, r5, r6, r7, lr}
1000189e:	46d6      	mov	lr, sl
100018a0:	464f      	mov	r7, r9
100018a2:	4646      	mov	r6, r8
100018a4:	0044      	lsls	r4, r0, #1
100018a6:	4698      	mov	r8, r3
100018a8:	1824      	adds	r4, r4, r0
100018aa:	4b32      	ldr	r3, [pc, #200]	@ (10001974 <clock_configure_undivided+0xd8>)
100018ac:	00a4      	lsls	r4, r4, #2
100018ae:	18e4      	adds	r4, r4, r3
100018b0:	6863      	ldr	r3, [r4, #4]
100018b2:	468a      	mov	sl, r1
100018b4:	4691      	mov	r9, r2
100018b6:	b5c0      	push	{r6, r7, lr}
100018b8:	2bff      	cmp	r3, #255	@ 0xff
100018ba:	d802      	bhi.n	100018c2 <clock_configure_undivided+0x26>
100018bc:	2380      	movs	r3, #128	@ 0x80
100018be:	005b      	lsls	r3, r3, #1
100018c0:	6063      	str	r3, [r4, #4]
100018c2:	1f06      	subs	r6, r0, #4
100018c4:	b2f6      	uxtb	r6, r6
100018c6:	2e01      	cmp	r6, #1
100018c8:	d92f      	bls.n	1000192a <clock_configure_undivided+0x8e>
100018ca:	23c0      	movs	r3, #192	@ 0xc0
100018cc:	2280      	movs	r2, #128	@ 0x80
100018ce:	4f2a      	ldr	r7, [pc, #168]	@ (10001978 <clock_configure_undivided+0xdc>)
100018d0:	0085      	lsls	r5, r0, #2
100018d2:	019b      	lsls	r3, r3, #6
100018d4:	5979      	ldr	r1, [r7, r5]
100018d6:	0112      	lsls	r2, r2, #4
100018d8:	18e3      	adds	r3, r4, r3
100018da:	601a      	str	r2, [r3, #0]
100018dc:	2900      	cmp	r1, #0
100018de:	d11b      	bne.n	10001918 <clock_configure_undivided+0x7c>
100018e0:	464b      	mov	r3, r9
100018e2:	6822      	ldr	r2, [r4, #0]
100018e4:	015b      	lsls	r3, r3, #5
100018e6:	4053      	eors	r3, r2
100018e8:	22e0      	movs	r2, #224	@ 0xe0
100018ea:	4013      	ands	r3, r2
100018ec:	2280      	movs	r2, #128	@ 0x80
100018ee:	0152      	lsls	r2, r2, #5
100018f0:	18a2      	adds	r2, r4, r2
100018f2:	6013      	str	r3, [r2, #0]
100018f4:	2e01      	cmp	r6, #1
100018f6:	d930      	bls.n	1000195a <clock_configure_undivided+0xbe>
100018f8:	2380      	movs	r3, #128	@ 0x80
100018fa:	2280      	movs	r2, #128	@ 0x80
100018fc:	019b      	lsls	r3, r3, #6
100018fe:	18e3      	adds	r3, r4, r3
10001900:	0112      	lsls	r2, r2, #4
10001902:	601a      	str	r2, [r3, #0]
10001904:	2380      	movs	r3, #128	@ 0x80
10001906:	005b      	lsls	r3, r3, #1
10001908:	6063      	str	r3, [r4, #4]
1000190a:	4643      	mov	r3, r8
1000190c:	517b      	str	r3, [r7, r5]
1000190e:	bce0      	pop	{r5, r6, r7}
10001910:	46ba      	mov	sl, r7
10001912:	46b1      	mov	r9, r6
10001914:	46a8      	mov	r8, r5
10001916:	bdf0      	pop	{r4, r5, r6, r7, pc}
10001918:	6978      	ldr	r0, [r7, #20]
1000191a:	f000 fa8f 	bl	10001e3c <__wrap___aeabi_uidiv>
1000191e:	3001      	adds	r0, #1
10001920:	0043      	lsls	r3, r0, #1
10001922:	181b      	adds	r3, r3, r0
10001924:	3b03      	subs	r3, #3
10001926:	d2fd      	bcs.n	10001924 <clock_configure_undivided+0x88>
10001928:	e7da      	b.n	100018e0 <clock_configure_undivided+0x44>
1000192a:	4653      	mov	r3, sl
1000192c:	2b01      	cmp	r3, #1
1000192e:	d1cc      	bne.n	100018ca <clock_configure_undivided+0x2e>
10001930:	23c0      	movs	r3, #192	@ 0xc0
10001932:	2203      	movs	r2, #3
10001934:	019b      	lsls	r3, r3, #6
10001936:	18e3      	adds	r3, r4, r3
10001938:	601a      	str	r2, [r3, #0]
1000193a:	3a02      	subs	r2, #2
1000193c:	68a3      	ldr	r3, [r4, #8]
1000193e:	421a      	tst	r2, r3
10001940:	d0fc      	beq.n	1000193c <clock_configure_undivided+0xa0>
10001942:	464a      	mov	r2, r9
10001944:	6823      	ldr	r3, [r4, #0]
10001946:	0152      	lsls	r2, r2, #5
10001948:	405a      	eors	r2, r3
1000194a:	23e0      	movs	r3, #224	@ 0xe0
1000194c:	4013      	ands	r3, r2
1000194e:	2280      	movs	r2, #128	@ 0x80
10001950:	0152      	lsls	r2, r2, #5
10001952:	18a2      	adds	r2, r4, r2
10001954:	4f08      	ldr	r7, [pc, #32]	@ (10001978 <clock_configure_undivided+0xdc>)
10001956:	6013      	str	r3, [r2, #0]
10001958:	0085      	lsls	r5, r0, #2
1000195a:	4650      	mov	r0, sl
1000195c:	2303      	movs	r3, #3
1000195e:	6821      	ldr	r1, [r4, #0]
10001960:	4041      	eors	r1, r0
10001962:	400b      	ands	r3, r1
10001964:	6013      	str	r3, [r2, #0]
10001966:	2201      	movs	r2, #1
10001968:	4082      	lsls	r2, r0
1000196a:	68a3      	ldr	r3, [r4, #8]
1000196c:	421a      	tst	r2, r3
1000196e:	d0fc      	beq.n	1000196a <clock_configure_undivided+0xce>
10001970:	e7c2      	b.n	100018f8 <clock_configure_undivided+0x5c>
10001972:	46c0      	nop			@ (mov r8, r8)
10001974:	40008000 	.word	0x40008000
10001978:	20001a28 	.word	0x20001a28

1000197c <clock_get_hz>:
1000197c:	4b01      	ldr	r3, [pc, #4]	@ (10001984 <clock_get_hz+0x8>)
1000197e:	0080      	lsls	r0, r0, #2
10001980:	58c0      	ldr	r0, [r0, r3]
10001982:	4770      	bx	lr
10001984:	20001a28 	.word	0x20001a28

10001988 <pll_init>:
10001988:	b5f0      	push	{r4, r5, r6, r7, lr}
1000198a:	46c6      	mov	lr, r8
1000198c:	0004      	movs	r4, r0
1000198e:	b500      	push	{lr}
10001990:	4823      	ldr	r0, [pc, #140]	@ (10001a20 <pll_init+0x98>)
10001992:	0016      	movs	r6, r2
10001994:	4698      	mov	r8, r3
10001996:	000d      	movs	r5, r1
10001998:	f000 fa50 	bl	10001e3c <__wrap___aeabi_uidiv>
1000199c:	0001      	movs	r1, r0
1000199e:	0030      	movs	r0, r6
100019a0:	f000 fa4c 	bl	10001e3c <__wrap___aeabi_uidiv>
100019a4:	4643      	mov	r3, r8
100019a6:	9a06      	ldr	r2, [sp, #24]
100019a8:	041b      	lsls	r3, r3, #16
100019aa:	0312      	lsls	r2, r2, #12
100019ac:	4313      	orrs	r3, r2
100019ae:	469c      	mov	ip, r3
100019b0:	6823      	ldr	r3, [r4, #0]
100019b2:	0006      	movs	r6, r0
100019b4:	2b00      	cmp	r3, #0
100019b6:	db22      	blt.n	100019fe <pll_init+0x76>
100019b8:	4b1a      	ldr	r3, [pc, #104]	@ (10001a24 <pll_init+0x9c>)
100019ba:	481b      	ldr	r0, [pc, #108]	@ (10001a28 <pll_init+0xa0>)
100019bc:	18e2      	adds	r2, r4, r3
100019be:	1e53      	subs	r3, r2, #1
100019c0:	419a      	sbcs	r2, r3
100019c2:	2380      	movs	r3, #128	@ 0x80
100019c4:	4252      	negs	r2, r2
100019c6:	0b12      	lsrs	r2, r2, #12
100019c8:	019b      	lsls	r3, r3, #6
100019ca:	0312      	lsls	r2, r2, #12
100019cc:	18d2      	adds	r2, r2, r3
100019ce:	4b17      	ldr	r3, [pc, #92]	@ (10001a2c <pll_init+0xa4>)
100019d0:	601a      	str	r2, [r3, #0]
100019d2:	4b17      	ldr	r3, [pc, #92]	@ (10001a30 <pll_init+0xa8>)
100019d4:	601a      	str	r2, [r3, #0]
100019d6:	0013      	movs	r3, r2
100019d8:	6801      	ldr	r1, [r0, #0]
100019da:	438b      	bics	r3, r1
100019dc:	d1fb      	bne.n	100019d6 <pll_init+0x4e>
100019de:	2221      	movs	r2, #33	@ 0x21
100019e0:	4b14      	ldr	r3, [pc, #80]	@ (10001a34 <pll_init+0xac>)
100019e2:	6025      	str	r5, [r4, #0]
100019e4:	18e3      	adds	r3, r4, r3
100019e6:	60a6      	str	r6, [r4, #8]
100019e8:	601a      	str	r2, [r3, #0]
100019ea:	6822      	ldr	r2, [r4, #0]
100019ec:	2a00      	cmp	r2, #0
100019ee:	dafc      	bge.n	100019ea <pll_init+0x62>
100019f0:	4662      	mov	r2, ip
100019f2:	60e2      	str	r2, [r4, #12]
100019f4:	2208      	movs	r2, #8
100019f6:	601a      	str	r2, [r3, #0]
100019f8:	bc80      	pop	{r7}
100019fa:	46b8      	mov	r8, r7
100019fc:	bdf0      	pop	{r4, r5, r6, r7, pc}
100019fe:	233f      	movs	r3, #63	@ 0x3f
10001a00:	6822      	ldr	r2, [r4, #0]
10001a02:	4013      	ands	r3, r2
10001a04:	42ab      	cmp	r3, r5
10001a06:	d1d7      	bne.n	100019b8 <pll_init+0x30>
10001a08:	68a3      	ldr	r3, [r4, #8]
10001a0a:	051b      	lsls	r3, r3, #20
10001a0c:	0d1b      	lsrs	r3, r3, #20
10001a0e:	4283      	cmp	r3, r0
10001a10:	d1d2      	bne.n	100019b8 <pll_init+0x30>
10001a12:	22ee      	movs	r2, #238	@ 0xee
10001a14:	68e3      	ldr	r3, [r4, #12]
10001a16:	02d2      	lsls	r2, r2, #11
10001a18:	4013      	ands	r3, r2
10001a1a:	4563      	cmp	r3, ip
10001a1c:	d1cc      	bne.n	100019b8 <pll_init+0x30>
10001a1e:	e7eb      	b.n	100019f8 <pll_init+0x70>
10001a20:	00b71b00 	.word	0x00b71b00
10001a24:	bffd4000 	.word	0xbffd4000
10001a28:	4000c008 	.word	0x4000c008
10001a2c:	4000e000 	.word	0x4000e000
10001a30:	4000f000 	.word	0x4000f000
10001a34:	00003004 	.word	0x00003004

10001a38 <watchdog_reboot>:
10001a38:	b510      	push	{r4, lr}
10001a3a:	2480      	movs	r4, #128	@ 0x80
10001a3c:	4b1c      	ldr	r3, [pc, #112]	@ (10001ab0 <watchdog_reboot+0x78>)
10001a3e:	05e4      	lsls	r4, r4, #23
10001a40:	601c      	str	r4, [r3, #0]
10001a42:	2800      	cmp	r0, #0
10001a44:	d01a      	beq.n	10001a7c <watchdog_reboot+0x44>
10001a46:	2301      	movs	r3, #1
10001a48:	4c1a      	ldr	r4, [pc, #104]	@ (10001ab4 <watchdog_reboot+0x7c>)
10001a4a:	4318      	orrs	r0, r3
10001a4c:	4b1a      	ldr	r3, [pc, #104]	@ (10001ab8 <watchdog_reboot+0x80>)
10001a4e:	61dc      	str	r4, [r3, #28]
10001a50:	4c1a      	ldr	r4, [pc, #104]	@ (10001abc <watchdog_reboot+0x84>)
10001a52:	4044      	eors	r4, r0
10001a54:	621c      	str	r4, [r3, #32]
10001a56:	6259      	str	r1, [r3, #36]	@ 0x24
10001a58:	6298      	str	r0, [r3, #40]	@ 0x28
10001a5a:	2180      	movs	r1, #128	@ 0x80
10001a5c:	4b14      	ldr	r3, [pc, #80]	@ (10001ab0 <watchdog_reboot+0x78>)
10001a5e:	05c9      	lsls	r1, r1, #23
10001a60:	6019      	str	r1, [r3, #0]
10001a62:	4817      	ldr	r0, [pc, #92]	@ (10001ac0 <watchdog_reboot+0x88>)
10001a64:	4917      	ldr	r1, [pc, #92]	@ (10001ac4 <watchdog_reboot+0x8c>)
10001a66:	6008      	str	r0, [r1, #0]
10001a68:	21e0      	movs	r1, #224	@ 0xe0
10001a6a:	04c9      	lsls	r1, r1, #19
10001a6c:	6019      	str	r1, [r3, #0]
10001a6e:	2a00      	cmp	r2, #0
10001a70:	d107      	bne.n	10001a82 <watchdog_reboot+0x4a>
10001a72:	2280      	movs	r2, #128	@ 0x80
10001a74:	4b14      	ldr	r3, [pc, #80]	@ (10001ac8 <watchdog_reboot+0x90>)
10001a76:	0612      	lsls	r2, r2, #24
10001a78:	601a      	str	r2, [r3, #0]
10001a7a:	bd10      	pop	{r4, pc}
10001a7c:	4b0e      	ldr	r3, [pc, #56]	@ (10001ab8 <watchdog_reboot+0x80>)
10001a7e:	61d8      	str	r0, [r3, #28]
10001a80:	e7eb      	b.n	10001a5a <watchdog_reboot+0x22>
10001a82:	0153      	lsls	r3, r2, #5
10001a84:	1a9b      	subs	r3, r3, r2
10001a86:	009b      	lsls	r3, r3, #2
10001a88:	189a      	adds	r2, r3, r2
10001a8a:	2380      	movs	r3, #128	@ 0x80
10001a8c:	0112      	lsls	r2, r2, #4
10001a8e:	045b      	lsls	r3, r3, #17
10001a90:	429a      	cmp	r2, r3
10001a92:	d209      	bcs.n	10001aa8 <watchdog_reboot+0x70>
10001a94:	0013      	movs	r3, r2
10001a96:	490d      	ldr	r1, [pc, #52]	@ (10001acc <watchdog_reboot+0x94>)
10001a98:	600b      	str	r3, [r1, #0]
10001a9a:	4b07      	ldr	r3, [pc, #28]	@ (10001ab8 <watchdog_reboot+0x80>)
10001a9c:	605a      	str	r2, [r3, #4]
10001a9e:	2280      	movs	r2, #128	@ 0x80
10001aa0:	4b09      	ldr	r3, [pc, #36]	@ (10001ac8 <watchdog_reboot+0x90>)
10001aa2:	05d2      	lsls	r2, r2, #23
10001aa4:	601a      	str	r2, [r3, #0]
10001aa6:	e7e8      	b.n	10001a7a <watchdog_reboot+0x42>
10001aa8:	4b09      	ldr	r3, [pc, #36]	@ (10001ad0 <watchdog_reboot+0x98>)
10001aaa:	001a      	movs	r2, r3
10001aac:	e7f3      	b.n	10001a96 <watchdog_reboot+0x5e>
10001aae:	46c0      	nop			@ (mov r8, r8)
10001ab0:	4005b000 	.word	0x4005b000
10001ab4:	b007c0d3 	.word	0xb007c0d3
10001ab8:	40058000 	.word	0x40058000
10001abc:	4ff83f2d 	.word	0x4ff83f2d
10001ac0:	0001fffc 	.word	0x0001fffc
10001ac4:	40012008 	.word	0x40012008
10001ac8:	4005a000 	.word	0x4005a000
10001acc:	20001e8c 	.word	0x20001e8c
10001ad0:	00ffffff 	.word	0x00ffffff

10001ad4 <tick_start>:
10001ad4:	2380      	movs	r3, #128	@ 0x80
10001ad6:	4a02      	ldr	r2, [pc, #8]	@ (10001ae0 <tick_start+0xc>)
10001ad8:	009b      	lsls	r3, r3, #2
10001ada:	430b      	orrs	r3, r1
10001adc:	62d3      	str	r3, [r2, #44]	@ 0x2c
10001ade:	4770      	bx	lr
10001ae0:	40058000 	.word	0x40058000

10001ae4 <rom_func_lookup>:
10001ae4:	2300      	movs	r3, #0
10001ae6:	b510      	push	{r4, lr}
10001ae8:	0001      	movs	r1, r0
10001aea:	8a98      	ldrh	r0, [r3, #20]
10001aec:	8b1b      	ldrh	r3, [r3, #24]
10001aee:	4798      	blx	r3
10001af0:	bd10      	pop	{r4, pc}
10001af2:	46c0      	nop			@ (mov r8, r8)

10001af4 <rom_data_lookup>:
10001af4:	2316      	movs	r3, #22
10001af6:	b510      	push	{r4, lr}
10001af8:	0001      	movs	r1, r0
10001afa:	8818      	ldrh	r0, [r3, #0]
10001afc:	885b      	ldrh	r3, [r3, #2]
10001afe:	4798      	blx	r3
10001b00:	bd10      	pop	{r4, pc}
10001b02:	46c0      	nop			@ (mov r8, r8)

10001b04 <rom_funcs_lookup>:
10001b04:	b5f8      	push	{r3, r4, r5, r6, r7, lr}
10001b06:	4647      	mov	r7, r8
10001b08:	46ce      	mov	lr, r9
10001b0a:	b580      	push	{r7, lr}
10001b0c:	1e0f      	subs	r7, r1, #0
10001b0e:	d018      	beq.n	10001b42 <rom_funcs_lookup+0x3e>
10001b10:	2314      	movs	r3, #20
10001b12:	4699      	mov	r9, r3
10001b14:	3304      	adds	r3, #4
10001b16:	0004      	movs	r4, r0
10001b18:	2500      	movs	r5, #0
10001b1a:	2601      	movs	r6, #1
10001b1c:	4698      	mov	r8, r3
10001b1e:	464b      	mov	r3, r9
10001b20:	8818      	ldrh	r0, [r3, #0]
10001b22:	4643      	mov	r3, r8
10001b24:	6821      	ldr	r1, [r4, #0]
10001b26:	881b      	ldrh	r3, [r3, #0]
10001b28:	4798      	blx	r3
10001b2a:	c401      	stmia	r4!, {r0}
10001b2c:	1e43      	subs	r3, r0, #1
10001b2e:	4198      	sbcs	r0, r3
10001b30:	3501      	adds	r5, #1
10001b32:	4006      	ands	r6, r0
10001b34:	42af      	cmp	r7, r5
10001b36:	d1f2      	bne.n	10001b1e <rom_funcs_lookup+0x1a>
10001b38:	0030      	movs	r0, r6
10001b3a:	bcc0      	pop	{r6, r7}
10001b3c:	46b9      	mov	r9, r7
10001b3e:	46b0      	mov	r8, r6
10001b40:	bdf8      	pop	{r3, r4, r5, r6, r7, pc}
10001b42:	2601      	movs	r6, #1
10001b44:	e7f8      	b.n	10001b38 <rom_funcs_lookup+0x34>
10001b46:	46c0      	nop			@ (mov r8, r8)

10001b48 <rom_reset_usb_boot_extra>:
10001b48:	2300      	movs	r3, #0
10001b4a:	b570      	push	{r4, r5, r6, lr}
10001b4c:	0004      	movs	r4, r0
10001b4e:	000d      	movs	r5, r1
10001b50:	8a98      	ldrh	r0, [r3, #20]
10001b52:	4905      	ldr	r1, [pc, #20]	@ (10001b68 <rom_reset_usb_boot_extra+0x20>)
10001b54:	8b1b      	ldrh	r3, [r3, #24]
10001b56:	4798      	blx	r3
10001b58:	0003      	movs	r3, r0
10001b5a:	2000      	movs	r0, #0
10001b5c:	2c00      	cmp	r4, #0
10001b5e:	db01      	blt.n	10001b64 <rom_reset_usb_boot_extra+0x1c>
10001b60:	3001      	adds	r0, #1
10001b62:	40a0      	lsls	r0, r4
10001b64:	0029      	movs	r1, r5
10001b66:	4798      	blx	r3
10001b68:	00004255 	.word	0x00004255

10001b6c <xosc_init>:
10001b6c:	23aa      	movs	r3, #170	@ 0xaa
10001b6e:	4a06      	ldr	r2, [pc, #24]	@ (10001b88 <xosc_init+0x1c>)
10001b70:	011b      	lsls	r3, r3, #4
10001b72:	6013      	str	r3, [r2, #0]
10001b74:	238d      	movs	r3, #141	@ 0x8d
10001b76:	005b      	lsls	r3, r3, #1
10001b78:	60d3      	str	r3, [r2, #12]
10001b7a:	4904      	ldr	r1, [pc, #16]	@ (10001b8c <xosc_init+0x20>)
10001b7c:	4b04      	ldr	r3, [pc, #16]	@ (10001b90 <xosc_init+0x24>)
10001b7e:	6019      	str	r1, [r3, #0]
10001b80:	6853      	ldr	r3, [r2, #4]
10001b82:	2b00      	cmp	r3, #0
10001b84:	dafc      	bge.n	10001b80 <xosc_init+0x14>
10001b86:	4770      	bx	lr
10001b88:	40024000 	.word	0x40024000
10001b8c:	00fab000 	.word	0x00fab000
10001b90:	40026000 	.word	0x40026000

10001b94 <first_per_core_initializer>:
10001b94:	4770      	bx	lr
10001b96:	46c0      	nop			@ (mov r8, r8)

10001b98 <hard_assertion_failure>:
10001b98:	b510      	push	{r4, lr}
10001b9a:	4801      	ldr	r0, [pc, #4]	@ (10001ba0 <hard_assertion_failure+0x8>)
10001b9c:	f7fe fd64 	bl	10000668 <panic>
10001ba0:	10007994 	.word	0x10007994

10001ba4 <runtime_run_initializers>:
10001ba4:	b570      	push	{r4, r5, r6, lr}
10001ba6:	4d07      	ldr	r5, [pc, #28]	@ (10001bc4 <runtime_run_initializers+0x20>)
10001ba8:	4e07      	ldr	r6, [pc, #28]	@ (10001bc8 <runtime_run_initializers+0x24>)
10001baa:	42b5      	cmp	r5, r6
10001bac:	d209      	bcs.n	10001bc2 <runtime_run_initializers+0x1e>
10001bae:	2400      	movs	r4, #0
10001bb0:	3e01      	subs	r6, #1
10001bb2:	1b76      	subs	r6, r6, r5
10001bb4:	08b6      	lsrs	r6, r6, #2
10001bb6:	3601      	adds	r6, #1
10001bb8:	cd08      	ldmia	r5!, {r3}
10001bba:	3401      	adds	r4, #1
10001bbc:	4798      	blx	r3
10001bbe:	42b4      	cmp	r4, r6
10001bc0:	d1fa      	bne.n	10001bb8 <runtime_run_initializers+0x14>
10001bc2:	bd70      	pop	{r4, r5, r6, pc}
10001bc4:	10007528 	.word	0x10007528
10001bc8:	10007564 	.word	0x10007564

10001bcc <runtime_init_early_resets>:
10001bcc:	4b05      	ldr	r3, [pc, #20]	@ (10001be4 <runtime_init_early_resets+0x18>)
10001bce:	4a06      	ldr	r2, [pc, #24]	@ (10001be8 <runtime_init_early_resets+0x1c>)
10001bd0:	4906      	ldr	r1, [pc, #24]	@ (10001bec <runtime_init_early_resets+0x20>)
10001bd2:	601a      	str	r2, [r3, #0]
10001bd4:	4a06      	ldr	r2, [pc, #24]	@ (10001bf0 <runtime_init_early_resets+0x24>)
10001bd6:	4b07      	ldr	r3, [pc, #28]	@ (10001bf4 <runtime_init_early_resets+0x28>)
10001bd8:	601a      	str	r2, [r3, #0]
10001bda:	0010      	movs	r0, r2
10001bdc:	680b      	ldr	r3, [r1, #0]
10001bde:	4398      	bics	r0, r3
10001be0:	d1fb      	bne.n	10001bda <runtime_init_early_resets+0xe>
10001be2:	4770      	bx	lr
10001be4:	4000e000 	.word	0x4000e000
10001be8:	fefbcdbf 	.word	0xfefbcdbf
10001bec:	4000c008 	.word	0x4000c008
10001bf0:	003c7ffe 	.word	0x003c7ffe
10001bf4:	4000f000 	.word	0x4000f000

10001bf8 <runtime_init_usb_power_down>:
10001bf8:	4b04      	ldr	r3, [pc, #16]	@ (10001c0c <runtime_init_usb_power_down+0x14>)
10001bfa:	6cdb      	ldr	r3, [r3, #76]	@ 0x4c
10001bfc:	2b00      	cmp	r3, #0
10001bfe:	d103      	bne.n	10001c08 <runtime_init_usb_power_down+0x10>
10001c00:	2280      	movs	r2, #128	@ 0x80
10001c02:	4b03      	ldr	r3, [pc, #12]	@ (10001c10 <runtime_init_usb_power_down+0x18>)
10001c04:	02d2      	lsls	r2, r2, #11
10001c06:	601a      	str	r2, [r3, #0]
10001c08:	4770      	bx	lr
10001c0a:	46c0      	nop			@ (mov r8, r8)
10001c0c:	50110000 	.word	0x50110000
10001c10:	5011204c 	.word	0x5011204c

10001c14 <runtime_init_post_clock_resets>:
10001c14:	4a04      	ldr	r2, [pc, #16]	@ (10001c28 <runtime_init_post_clock_resets+0x14>)
10001c16:	4b05      	ldr	r3, [pc, #20]	@ (10001c2c <runtime_init_post_clock_resets+0x18>)
10001c18:	601a      	str	r2, [r3, #0]
10001c1a:	4a05      	ldr	r2, [pc, #20]	@ (10001c30 <runtime_init_post_clock_resets+0x1c>)
10001c1c:	6813      	ldr	r3, [r2, #0]
10001c1e:	01db      	lsls	r3, r3, #7
10001c20:	3380      	adds	r3, #128	@ 0x80
10001c22:	d1fb      	bne.n	10001c1c <runtime_init_post_clock_resets+0x8>
10001c24:	4770      	bx	lr
10001c26:	46c0      	nop			@ (mov r8, r8)
10001c28:	01ffffff 	.word	0x01ffffff
10001c2c:	4000f000 	.word	0x4000f000
10001c30:	4000c008 	.word	0x4000c008

10001c34 <runtime_init_rp2040_gpio_ie_disable>:
10001c34:	2240      	movs	r2, #64	@ 0x40
10001c36:	4b03      	ldr	r3, [pc, #12]	@ (10001c44 <runtime_init_rp2040_gpio_ie_disable+0x10>)
10001c38:	679a      	str	r2, [r3, #120]	@ 0x78
10001c3a:	675a      	str	r2, [r3, #116]	@ 0x74
10001c3c:	671a      	str	r2, [r3, #112]	@ 0x70
10001c3e:	66da      	str	r2, [r3, #108]	@ 0x6c
10001c40:	4770      	bx	lr
10001c42:	46c0      	nop			@ (mov r8, r8)
10001c44:	4001f000 	.word	0x4001f000

10001c48 <runtime_init_spin_locks_reset>:
10001c48:	b510      	push	{r4, lr}
10001c4a:	f7fe fdad 	bl	100007a8 <spin_locks_reset>
10001c4e:	bd10      	pop	{r4, pc}

10001c50 <runtime_init_install_ram_vector_table>:
10001c50:	b570      	push	{r4, r5, r6, lr}
10001c52:	4927      	ldr	r1, [pc, #156]	@ (10001cf0 <runtime_init_install_ram_vector_table+0xa0>)
10001c54:	4e27      	ldr	r6, [pc, #156]	@ (10001cf4 <runtime_init_install_ram_vector_table+0xa4>)
10001c56:	4d28      	ldr	r5, [pc, #160]	@ (10001cf8 <runtime_init_install_ram_vector_table+0xa8>)
10001c58:	1a76      	subs	r6, r6, r1
10001c5a:	08b4      	lsrs	r4, r6, #2
10001c5c:	0022      	movs	r2, r4
10001c5e:	2c30      	cmp	r4, #48	@ 0x30
10001c60:	d900      	bls.n	10001c64 <runtime_init_install_ram_vector_table+0x14>
10001c62:	2230      	movs	r2, #48	@ 0x30
10001c64:	0028      	movs	r0, r5
10001c66:	0092      	lsls	r2, r2, #2
10001c68:	f000 ff7e 	bl	10002b68 <__wrap___aeabi_memcpy>
10001c6c:	2c2f      	cmp	r4, #47	@ 0x2f
10001c6e:	d83b      	bhi.n	10001ce8 <runtime_init_install_ram_vector_table+0x98>
10001c70:	0023      	movs	r3, r4
10001c72:	3b2a      	subs	r3, #42	@ 0x2a
10001c74:	4a21      	ldr	r2, [pc, #132]	@ (10001cfc <runtime_init_install_ram_vector_table+0xac>)
10001c76:	2b05      	cmp	r3, #5
10001c78:	d91b      	bls.n	10001cb2 <runtime_init_install_ram_vector_table+0x62>
10001c7a:	2030      	movs	r0, #48	@ 0x30
10001c7c:	19ae      	adds	r6, r5, r6
10001c7e:	0771      	lsls	r1, r6, #29
10001c80:	1b00      	subs	r0, r0, r4
10001c82:	0026      	movs	r6, r4
10001c84:	0fcb      	lsrs	r3, r1, #31
10001c86:	2900      	cmp	r1, #0
10001c88:	da02      	bge.n	10001c90 <runtime_init_install_ram_vector_table+0x40>
10001c8a:	00a1      	lsls	r1, r4, #2
10001c8c:	506a      	str	r2, [r5, r1]
10001c8e:	1c66      	adds	r6, r4, #1
10001c90:	1ac0      	subs	r0, r0, r3
10001c92:	18e3      	adds	r3, r4, r3
10001c94:	009b      	lsls	r3, r3, #2
10001c96:	0841      	lsrs	r1, r0, #1
10001c98:	18eb      	adds	r3, r5, r3
10001c9a:	00c9      	lsls	r1, r1, #3
10001c9c:	18c9      	adds	r1, r1, r3
10001c9e:	601a      	str	r2, [r3, #0]
10001ca0:	605a      	str	r2, [r3, #4]
10001ca2:	3308      	adds	r3, #8
10001ca4:	428b      	cmp	r3, r1
10001ca6:	d1fa      	bne.n	10001c9e <runtime_init_install_ram_vector_table+0x4e>
10001ca8:	2301      	movs	r3, #1
10001caa:	4203      	tst	r3, r0
10001cac:	d01c      	beq.n	10001ce8 <runtime_init_install_ram_vector_table+0x98>
10001cae:	4398      	bics	r0, r3
10001cb0:	1984      	adds	r4, r0, r6
10001cb2:	00a3      	lsls	r3, r4, #2
10001cb4:	50ea      	str	r2, [r5, r3]
10001cb6:	1c63      	adds	r3, r4, #1
10001cb8:	2c2f      	cmp	r4, #47	@ 0x2f
10001cba:	d015      	beq.n	10001ce8 <runtime_init_install_ram_vector_table+0x98>
10001cbc:	009b      	lsls	r3, r3, #2
10001cbe:	50ea      	str	r2, [r5, r3]
10001cc0:	1ca3      	adds	r3, r4, #2
10001cc2:	2c2e      	cmp	r4, #46	@ 0x2e
10001cc4:	d010      	beq.n	10001ce8 <runtime_init_install_ram_vector_table+0x98>
10001cc6:	009b      	lsls	r3, r3, #2
10001cc8:	50ea      	str	r2, [r5, r3]
10001cca:	1ce3      	adds	r3, r4, #3
10001ccc:	2c2d      	cmp	r4, #45	@ 0x2d
10001cce:	d00b      	beq.n	10001ce8 <runtime_init_install_ram_vector_table+0x98>
10001cd0:	009b      	lsls	r3, r3, #2
10001cd2:	50ea      	str	r2, [r5, r3]
10001cd4:	1d23      	adds	r3, r4, #4
10001cd6:	2c2c      	cmp	r4, #44	@ 0x2c
10001cd8:	d006      	beq.n	10001ce8 <runtime_init_install_ram_vector_table+0x98>
10001cda:	009b      	lsls	r3, r3, #2
10001cdc:	50ea      	str	r2, [r5, r3]
10001cde:	1d63      	adds	r3, r4, #5
10001ce0:	2c2b      	cmp	r4, #43	@ 0x2b
10001ce2:	d001      	beq.n	10001ce8 <runtime_init_install_ram_vector_table+0x98>
10001ce4:	009b      	lsls	r3, r3, #2
10001ce6:	50ea      	str	r2, [r5, r3]
10001ce8:	4b05      	ldr	r3, [pc, #20]	@ (10001d00 <runtime_init_install_ram_vector_table+0xb0>)
10001cea:	609d      	str	r5, [r3, #8]
10001cec:	bd70      	pop	{r4, r5, r6, pc}
10001cee:	46c0      	nop			@ (mov r8, r8)
10001cf0:	10000100 	.word	0x10000100
10001cf4:	100001c0 	.word	0x100001c0
10001cf8:	20000000 	.word	0x20000000
10001cfc:	100001c1 	.word	0x100001c1
10001d00:	e000ed00 	.word	0xe000ed00

10001d04 <runtime_init_clocks>:
10001d04:	2300      	movs	r3, #0
10001d06:	b510      	push	{r4, lr}
10001d08:	4c29      	ldr	r4, [pc, #164]	@ (10001db0 <runtime_init_clocks+0xac>)
10001d0a:	b082      	sub	sp, #8
10001d0c:	67a3      	str	r3, [r4, #120]	@ 0x78
10001d0e:	f7ff ff2d 	bl	10001b6c <xosc_init>
10001d12:	2201      	movs	r2, #1
10001d14:	4b27      	ldr	r3, [pc, #156]	@ (10001db4 <runtime_init_clocks+0xb0>)
10001d16:	601a      	str	r2, [r3, #0]
10001d18:	6c63      	ldr	r3, [r4, #68]	@ 0x44
10001d1a:	2b01      	cmp	r3, #1
10001d1c:	d1fc      	bne.n	10001d18 <runtime_init_clocks+0x14>
10001d1e:	2203      	movs	r2, #3
10001d20:	4b25      	ldr	r3, [pc, #148]	@ (10001db8 <runtime_init_clocks+0xb4>)
10001d22:	601a      	str	r2, [r3, #0]
10001d24:	4a22      	ldr	r2, [pc, #136]	@ (10001db0 <runtime_init_clocks+0xac>)
10001d26:	6b93      	ldr	r3, [r2, #56]	@ 0x38
10001d28:	2b01      	cmp	r3, #1
10001d2a:	d1fc      	bne.n	10001d26 <runtime_init_clocks+0x22>
10001d2c:	3301      	adds	r3, #1
10001d2e:	9300      	str	r3, [sp, #0]
10001d30:	2101      	movs	r1, #1
10001d32:	4a22      	ldr	r2, [pc, #136]	@ (10001dbc <runtime_init_clocks+0xb8>)
10001d34:	4822      	ldr	r0, [pc, #136]	@ (10001dc0 <runtime_init_clocks+0xbc>)
10001d36:	3304      	adds	r3, #4
10001d38:	f7ff fe26 	bl	10001988 <pll_init>
10001d3c:	2305      	movs	r3, #5
10001d3e:	2101      	movs	r1, #1
10001d40:	9300      	str	r3, [sp, #0]
10001d42:	4a20      	ldr	r2, [pc, #128]	@ (10001dc4 <runtime_init_clocks+0xc0>)
10001d44:	4820      	ldr	r0, [pc, #128]	@ (10001dc8 <runtime_init_clocks+0xc4>)
10001d46:	f7ff fe1f 	bl	10001988 <pll_init>
10001d4a:	2200      	movs	r2, #0
10001d4c:	2102      	movs	r1, #2
10001d4e:	2004      	movs	r0, #4
10001d50:	4b1e      	ldr	r3, [pc, #120]	@ (10001dcc <runtime_init_clocks+0xc8>)
10001d52:	f7ff fda3 	bl	1000189c <clock_configure_undivided>
10001d56:	2200      	movs	r2, #0
10001d58:	2101      	movs	r1, #1
10001d5a:	2005      	movs	r0, #5
10001d5c:	4b1c      	ldr	r3, [pc, #112]	@ (10001dd0 <runtime_init_clocks+0xcc>)
10001d5e:	f7ff fd9d 	bl	1000189c <clock_configure_undivided>
10001d62:	2200      	movs	r2, #0
10001d64:	2100      	movs	r1, #0
10001d66:	2007      	movs	r0, #7
10001d68:	4b1a      	ldr	r3, [pc, #104]	@ (10001dd4 <runtime_init_clocks+0xd0>)
10001d6a:	f7ff fd97 	bl	1000189c <clock_configure_undivided>
10001d6e:	2200      	movs	r2, #0
10001d70:	2100      	movs	r1, #0
10001d72:	2008      	movs	r0, #8
10001d74:	4b17      	ldr	r3, [pc, #92]	@ (10001dd4 <runtime_init_clocks+0xd0>)
10001d76:	f7ff fd91 	bl	1000189c <clock_configure_undivided>
10001d7a:	2380      	movs	r3, #128	@ 0x80
10001d7c:	00db      	lsls	r3, r3, #3
10001d7e:	9300      	str	r3, [sp, #0]
10001d80:	2200      	movs	r2, #0
10001d82:	2100      	movs	r1, #0
10001d84:	2009      	movs	r0, #9
10001d86:	4b13      	ldr	r3, [pc, #76]	@ (10001dd4 <runtime_init_clocks+0xd0>)
10001d88:	f7ff fd12 	bl	100017b0 <clock_configure_int_divider>
10001d8c:	2200      	movs	r2, #0
10001d8e:	4b10      	ldr	r3, [pc, #64]	@ (10001dd0 <runtime_init_clocks+0xcc>)
10001d90:	2100      	movs	r1, #0
10001d92:	2006      	movs	r0, #6
10001d94:	f7ff fd82 	bl	1000189c <clock_configure_undivided>
10001d98:	2004      	movs	r0, #4
10001d9a:	f7ff fdef 	bl	1000197c <clock_get_hz>
10001d9e:	490e      	ldr	r1, [pc, #56]	@ (10001dd8 <runtime_init_clocks+0xd4>)
10001da0:	f000 f84c 	bl	10001e3c <__wrap___aeabi_uidiv>
10001da4:	0001      	movs	r1, r0
10001da6:	2000      	movs	r0, #0
10001da8:	f7ff fe94 	bl	10001ad4 <tick_start>
10001dac:	b002      	add	sp, #8
10001dae:	bd10      	pop	{r4, pc}
10001db0:	40008000 	.word	0x40008000
10001db4:	4000b03c 	.word	0x4000b03c
10001db8:	4000b030 	.word	0x4000b030
10001dbc:	59682f00 	.word	0x59682f00
10001dc0:	40028000 	.word	0x40028000
10001dc4:	47868c00 	.word	0x47868c00
10001dc8:	4002c000 	.word	0x4002c000
10001dcc:	00b71b00 	.word	0x00b71b00
10001dd0:	07735940 	.word	0x07735940
10001dd4:	02dc6c00 	.word	0x02dc6c00
10001dd8:	000f4240 	.word	0x000f4240

10001ddc <__aeabi_bits_init>:
10001ddc:	4801      	ldr	r0, [pc, #4]	@ (10001de4 <__aeabi_bits_init+0x8>)
10001dde:	2104      	movs	r1, #4
10001de0:	4b01      	ldr	r3, [pc, #4]	@ (10001de8 <__aeabi_bits_init+0xc>)
10001de2:	4718      	bx	r3
10001de4:	20001030 	.word	0x20001030
10001de8:	10001b05 	.word	0x10001b05

10001dec <__wrap___aeabi_idiv>:
10001dec:	4a12      	ldr	r2, [pc, #72]	@ (10001e38 <divmod_s32s32_savestate+0x18>)
10001dee:	6f93      	ldr	r3, [r2, #120]	@ 0x78
10001df0:	089b      	lsrs	r3, r3, #2
10001df2:	d215      	bcs.n	10001e20 <divmod_s32s32_savestate>

10001df4 <divmod_s32s32_core>:
10001df4:	6690      	str	r0, [r2, #104]	@ 0x68
10001df6:	66d1      	str	r1, [r2, #108]	@ 0x6c
10001df8:	2900      	cmp	r1, #0
10001dfa:	d005      	beq.n	10001e08 <divmod_s32s32_core+0x14>
10001dfc:	e7ff      	b.n	10001dfe <divmod_s32s32_core+0xa>
10001dfe:	e7ff      	b.n	10001e00 <divmod_s32s32_core+0xc>
10001e00:	e7ff      	b.n	10001e02 <divmod_s32s32_core+0xe>
10001e02:	6f51      	ldr	r1, [r2, #116]	@ 0x74
10001e04:	6f10      	ldr	r0, [r2, #112]	@ 0x70
10001e06:	4770      	bx	lr
10001e08:	b504      	push	{r2, lr}
10001e0a:	2180      	movs	r1, #128	@ 0x80
10001e0c:	0609      	lsls	r1, r1, #24
10001e0e:	17c2      	asrs	r2, r0, #31
10001e10:	4051      	eors	r1, r2
10001e12:	2800      	cmp	r0, #0
10001e14:	d000      	beq.n	10001e18 <divmod_s32s32_core+0x24>
10001e16:	43c8      	mvns	r0, r1
10001e18:	f005 fb36 	bl	10007488 <____aeabi_idiv0_veneer>
10001e1c:	2100      	movs	r1, #0
10001e1e:	bd04      	pop	{r2, pc}

10001e20 <divmod_s32s32_savestate>:
10001e20:	b5f0      	push	{r4, r5, r6, r7, lr}
10001e22:	6e14      	ldr	r4, [r2, #96]	@ 0x60
10001e24:	6e55      	ldr	r5, [r2, #100]	@ 0x64
10001e26:	6f57      	ldr	r7, [r2, #116]	@ 0x74
10001e28:	6f16      	ldr	r6, [r2, #112]	@ 0x70
10001e2a:	f7ff ffe3 	bl	10001df4 <divmod_s32s32_core>
10001e2e:	6614      	str	r4, [r2, #96]	@ 0x60
10001e30:	6655      	str	r5, [r2, #100]	@ 0x64
10001e32:	6757      	str	r7, [r2, #116]	@ 0x74
10001e34:	6716      	str	r6, [r2, #112]	@ 0x70
10001e36:	bdf0      	pop	{r4, r5, r6, r7, pc}
10001e38:	d0000000 	.word	0xd0000000

10001e3c <__wrap___aeabi_uidiv>:
10001e3c:	4a11      	ldr	r2, [pc, #68]	@ (10001e84 <divmod_u32u32_savestate+0x18>)
10001e3e:	6f93      	ldr	r3, [r2, #120]	@ 0x78
10001e40:	089b      	lsrs	r3, r3, #2
10001e42:	d213      	bcs.n	10001e6c <divmod_u32u32_savestate>

10001e44 <divmod_u32u32_core>:
10001e44:	6610      	str	r0, [r2, #96]	@ 0x60
10001e46:	6651      	str	r1, [r2, #100]	@ 0x64
10001e48:	2900      	cmp	r1, #0
10001e4a:	d005      	beq.n	10001e58 <divmod_u32u32_core+0x14>
10001e4c:	e7ff      	b.n	10001e4e <divmod_u32u32_core+0xa>
10001e4e:	e7ff      	b.n	10001e50 <divmod_u32u32_core+0xc>
10001e50:	e7ff      	b.n	10001e52 <divmod_u32u32_core+0xe>
10001e52:	6f51      	ldr	r1, [r2, #116]	@ 0x74
10001e54:	6f10      	ldr	r0, [r2, #112]	@ 0x70
10001e56:	4770      	bx	lr
10001e58:	b504      	push	{r2, lr}
10001e5a:	2800      	cmp	r0, #0
10001e5c:	d001      	beq.n	10001e62 <divmod_u32u32_core+0x1e>
10001e5e:	2000      	movs	r0, #0
10001e60:	43c0      	mvns	r0, r0
10001e62:	f005 fb11 	bl	10007488 <____aeabi_idiv0_veneer>
10001e66:	2100      	movs	r1, #0
10001e68:	bd04      	pop	{r2, pc}
10001e6a:	46c0      	nop			@ (mov r8, r8)

10001e6c <divmod_u32u32_savestate>:
10001e6c:	b5f0      	push	{r4, r5, r6, r7, lr}
10001e6e:	6e14      	ldr	r4, [r2, #96]	@ 0x60
10001e70:	6e55      	ldr	r5, [r2, #100]	@ 0x64
10001e72:	6f57      	ldr	r7, [r2, #116]	@ 0x74
10001e74:	6f16      	ldr	r6, [r2, #112]	@ 0x70
10001e76:	f7ff ffe5 	bl	10001e44 <divmod_u32u32_core>
10001e7a:	6614      	str	r4, [r2, #96]	@ 0x60
10001e7c:	6655      	str	r5, [r2, #100]	@ 0x64
10001e7e:	6757      	str	r7, [r2, #116]	@ 0x74
10001e80:	6716      	str	r6, [r2, #112]	@ 0x70
10001e82:	bdf0      	pop	{r4, r5, r6, r7, pc}
10001e84:	d0000000 	.word	0xd0000000

10001e88 <__wrap___aeabi_ldivmod>:
10001e88:	4694      	mov	ip, r2
10001e8a:	4a4a      	ldr	r2, [pc, #296]	@ (10001fb4 <udiv0+0x1a>)
10001e8c:	6f92      	ldr	r2, [r2, #120]	@ 0x78
10001e8e:	0892      	lsrs	r2, r2, #2
10001e90:	4662      	mov	r2, ip
10001e92:	d201      	bcs.n	10001e98 <divmod_s64s64_savestate>
10001e94:	e028      	b.n	10001ee8 <divmod_s64s64_unsafe>
10001e96:	46c0      	nop			@ (mov r8, r8)

10001e98 <divmod_s64s64_savestate>:
10001e98:	b5f0      	push	{r4, r5, r6, r7, lr}
10001e9a:	4e46      	ldr	r6, [pc, #280]	@ (10001fb4 <udiv0+0x1a>)
10001e9c:	6e34      	ldr	r4, [r6, #96]	@ 0x60
10001e9e:	6e75      	ldr	r5, [r6, #100]	@ 0x64
10001ea0:	6f77      	ldr	r7, [r6, #116]	@ 0x74
10001ea2:	6f36      	ldr	r6, [r6, #112]	@ 0x70
10001ea4:	f000 f820 	bl	10001ee8 <divmod_s64s64_unsafe>
10001ea8:	4694      	mov	ip, r2
10001eaa:	4a42      	ldr	r2, [pc, #264]	@ (10001fb4 <udiv0+0x1a>)
10001eac:	6614      	str	r4, [r2, #96]	@ 0x60
10001eae:	6655      	str	r5, [r2, #100]	@ 0x64
10001eb0:	6757      	str	r7, [r2, #116]	@ 0x74
10001eb2:	6716      	str	r6, [r2, #112]	@ 0x70
10001eb4:	4662      	mov	r2, ip
10001eb6:	bdf0      	pop	{r4, r5, r6, r7, pc}

10001eb8 <__wrap___aeabi_uldivmod>:
10001eb8:	4694      	mov	ip, r2
10001eba:	4a3e      	ldr	r2, [pc, #248]	@ (10001fb4 <udiv0+0x1a>)
10001ebc:	6f92      	ldr	r2, [r2, #120]	@ 0x78
10001ebe:	0892      	lsrs	r2, r2, #2
10001ec0:	4662      	mov	r2, ip
10001ec2:	d201      	bcs.n	10001ec8 <divmod_u64u64_savestate>
10001ec4:	e054      	b.n	10001f70 <divmod_u64u64_unsafe>
10001ec6:	46c0      	nop			@ (mov r8, r8)

10001ec8 <divmod_u64u64_savestate>:
10001ec8:	b5f0      	push	{r4, r5, r6, r7, lr}
10001eca:	4e3a      	ldr	r6, [pc, #232]	@ (10001fb4 <udiv0+0x1a>)
10001ecc:	6e34      	ldr	r4, [r6, #96]	@ 0x60
10001ece:	6e75      	ldr	r5, [r6, #100]	@ 0x64
10001ed0:	6f77      	ldr	r7, [r6, #116]	@ 0x74
10001ed2:	6f36      	ldr	r6, [r6, #112]	@ 0x70
10001ed4:	f000 f84c 	bl	10001f70 <divmod_u64u64_unsafe>
10001ed8:	4694      	mov	ip, r2
10001eda:	4a36      	ldr	r2, [pc, #216]	@ (10001fb4 <udiv0+0x1a>)
10001edc:	6614      	str	r4, [r2, #96]	@ 0x60
10001ede:	6655      	str	r5, [r2, #100]	@ 0x64
10001ee0:	6757      	str	r7, [r2, #116]	@ 0x74
10001ee2:	6716      	str	r6, [r2, #112]	@ 0x70
10001ee4:	4662      	mov	r2, ip
10001ee6:	bdf0      	pop	{r4, r5, r6, r7, pc}

10001ee8 <divmod_s64s64_unsafe>:
10001ee8:	2b00      	cmp	r3, #0
10001eea:	db24      	blt.n	10001f36 <l46_1+0x26>
10001eec:	d011      	beq.n	10001f12 <l46_1+0x2>
10001eee:	2900      	cmp	r1, #0
10001ef0:	da3e      	bge.n	10001f70 <divmod_u64u64_unsafe>
10001ef2:	b500      	push	{lr}
10001ef4:	43c9      	mvns	r1, r1
10001ef6:	4240      	negs	r0, r0
10001ef8:	d100      	bne.n	10001efc <l44_1>
10001efa:	3101      	adds	r1, #1

10001efc <l44_1>:
10001efc:	f000 f838 	bl	10001f70 <divmod_u64u64_unsafe>
10001f00:	43c9      	mvns	r1, r1
10001f02:	4240      	negs	r0, r0
10001f04:	d100      	bne.n	10001f08 <l45_1>
10001f06:	3101      	adds	r1, #1

10001f08 <l45_1>:
10001f08:	43db      	mvns	r3, r3
10001f0a:	4252      	negs	r2, r2
10001f0c:	d100      	bne.n	10001f10 <l46_1>
10001f0e:	3301      	adds	r3, #1

10001f10 <l46_1>:
10001f10:	bd00      	pop	{pc}
10001f12:	2a00      	cmp	r2, #0
10001f14:	d1eb      	bne.n	10001eee <divmod_s64s64_unsafe+0x6>
10001f16:	2800      	cmp	r0, #0
10001f18:	d101      	bne.n	10001f1e <l46_1+0xe>
10001f1a:	2900      	cmp	r1, #0
10001f1c:	d005      	beq.n	10001f2a <l46_1+0x1a>
10001f1e:	2000      	movs	r0, #0
10001f20:	0fc9      	lsrs	r1, r1, #31
10001f22:	07c9      	lsls	r1, r1, #31
10001f24:	d101      	bne.n	10001f2a <l46_1+0x1a>
10001f26:	43c0      	mvns	r0, r0
10001f28:	0841      	lsrs	r1, r0, #1
10001f2a:	b500      	push	{lr}
10001f2c:	f005 fa9c 	bl	10007468 <____aeabi_ldiv0_veneer>
10001f30:	2200      	movs	r2, #0
10001f32:	2300      	movs	r3, #0
10001f34:	bd00      	pop	{pc}
10001f36:	b500      	push	{lr}
10001f38:	2900      	cmp	r1, #0
10001f3a:	db0a      	blt.n	10001f52 <l48_1+0x2>
10001f3c:	43db      	mvns	r3, r3
10001f3e:	4252      	negs	r2, r2
10001f40:	d100      	bne.n	10001f44 <l47_1>
10001f42:	3301      	adds	r3, #1

10001f44 <l47_1>:
10001f44:	f000 f814 	bl	10001f70 <divmod_u64u64_unsafe>
10001f48:	43c9      	mvns	r1, r1
10001f4a:	4240      	negs	r0, r0
10001f4c:	d100      	bne.n	10001f50 <l48_1>
10001f4e:	3101      	adds	r1, #1

10001f50 <l48_1>:
10001f50:	bd00      	pop	{pc}
10001f52:	43c9      	mvns	r1, r1
10001f54:	4240      	negs	r0, r0
10001f56:	d100      	bne.n	10001f5a <l49_1>
10001f58:	3101      	adds	r1, #1

10001f5a <l49_1>:
10001f5a:	43db      	mvns	r3, r3
10001f5c:	4252      	negs	r2, r2
10001f5e:	d100      	bne.n	10001f62 <l50_1>
10001f60:	3301      	adds	r3, #1

10001f62 <l50_1>:
10001f62:	f000 f805 	bl	10001f70 <divmod_u64u64_unsafe>
10001f66:	43db      	mvns	r3, r3
10001f68:	4252      	negs	r2, r2
10001f6a:	d100      	bne.n	10001f6e <l51_1>
10001f6c:	3301      	adds	r3, #1

10001f6e <l51_1>:
10001f6e:	bd00      	pop	{pc}

10001f70 <divmod_u64u64_unsafe>:
10001f70:	2900      	cmp	r1, #0
10001f72:	d123      	bne.n	10001fbc <y64>
10001f74:	2b00      	cmp	r3, #0
10001f76:	d118      	bne.n	10001faa <udiv0+0x10>
10001f78:	2a00      	cmp	r2, #0
10001f7a:	d00c      	beq.n	10001f96 <divmod_u64u64_unsafe+0x26>
10001f7c:	46bc      	mov	ip, r7
10001f7e:	4f0d      	ldr	r7, [pc, #52]	@ (10001fb4 <udiv0+0x1a>)
10001f80:	6638      	str	r0, [r7, #96]	@ 0x60
10001f82:	667a      	str	r2, [r7, #100]	@ 0x64
10001f84:	2100      	movs	r1, #0
10001f86:	2300      	movs	r3, #0
10001f88:	e7ff      	b.n	10001f8a <divmod_u64u64_unsafe+0x1a>
10001f8a:	e7ff      	b.n	10001f8c <divmod_u64u64_unsafe+0x1c>
10001f8c:	e7ff      	b.n	10001f8e <divmod_u64u64_unsafe+0x1e>
10001f8e:	6f7a      	ldr	r2, [r7, #116]	@ 0x74
10001f90:	6f38      	ldr	r0, [r7, #112]	@ 0x70
10001f92:	4667      	mov	r7, ip
10001f94:	4770      	bx	lr
10001f96:	2800      	cmp	r0, #0
10001f98:	d001      	beq.n	10001f9e <udiv0+0x4>

10001f9a <udiv0>:
10001f9a:	4807      	ldr	r0, [pc, #28]	@ (10001fb8 <udiv0+0x1e>)
10001f9c:	0001      	movs	r1, r0
10001f9e:	b500      	push	{lr}
10001fa0:	f005 fa62 	bl	10007468 <____aeabi_ldiv0_veneer>
10001fa4:	2200      	movs	r2, #0
10001fa6:	2300      	movs	r3, #0
10001fa8:	bd00      	pop	{pc}
10001faa:	0002      	movs	r2, r0
10001fac:	000b      	movs	r3, r1
10001fae:	2000      	movs	r0, #0
10001fb0:	2100      	movs	r1, #0
10001fb2:	4770      	bx	lr
10001fb4:	d0000000 	.word	0xd0000000
10001fb8:	ffffffff 	.word	0xffffffff

10001fbc <y64>:
10001fbc:	2b00      	cmp	r3, #0
10001fbe:	d000      	beq.n	10001fc2 <y64+0x6>
10001fc0:	e0bf      	b.n	10002142 <y64_x48>
10001fc2:	0c13      	lsrs	r3, r2, #16
10001fc4:	d128      	bne.n	10002018 <y64_x32>
10001fc6:	2a00      	cmp	r2, #0
10001fc8:	d0e7      	beq.n	10001f9a <udiv0>
10001fca:	b480      	push	{r7}
10001fcc:	4f11      	ldr	r7, [pc, #68]	@ (10002014 <y64+0x58>)
10001fce:	6639      	str	r1, [r7, #96]	@ 0x60
10001fd0:	667a      	str	r2, [r7, #100]	@ 0x64
10001fd2:	e7ff      	b.n	10001fd4 <y64+0x18>
10001fd4:	e7ff      	b.n	10001fd6 <y64+0x1a>
10001fd6:	b430      	push	{r4, r5}
10001fd8:	0c04      	lsrs	r4, r0, #16
10001fda:	6f7b      	ldr	r3, [r7, #116]	@ 0x74
10001fdc:	6f39      	ldr	r1, [r7, #112]	@ 0x70
10001fde:	041b      	lsls	r3, r3, #16
10001fe0:	4323      	orrs	r3, r4
10001fe2:	663b      	str	r3, [r7, #96]	@ 0x60
10001fe4:	667a      	str	r2, [r7, #100]	@ 0x64
10001fe6:	e7ff      	b.n	10001fe8 <y64+0x2c>
10001fe8:	e7ff      	b.n	10001fea <y64+0x2e>
10001fea:	e7ff      	b.n	10001fec <y64+0x30>
10001fec:	46c0      	nop			@ (mov r8, r8)
10001fee:	b284      	uxth	r4, r0
10001ff0:	6f7b      	ldr	r3, [r7, #116]	@ 0x74
10001ff2:	6f3d      	ldr	r5, [r7, #112]	@ 0x70
10001ff4:	041b      	lsls	r3, r3, #16
10001ff6:	4323      	orrs	r3, r4
10001ff8:	663b      	str	r3, [r7, #96]	@ 0x60
10001ffa:	667a      	str	r2, [r7, #100]	@ 0x64
10001ffc:	e7ff      	b.n	10001ffe <y64+0x42>
10001ffe:	e7ff      	b.n	10002000 <y64+0x44>
10002000:	46c0      	nop			@ (mov r8, r8)
10002002:	2300      	movs	r3, #0
10002004:	042c      	lsls	r4, r5, #16
10002006:	0c2d      	lsrs	r5, r5, #16
10002008:	6f7a      	ldr	r2, [r7, #116]	@ 0x74
1000200a:	6f38      	ldr	r0, [r7, #112]	@ 0x70
1000200c:	1900      	adds	r0, r0, r4
1000200e:	4169      	adcs	r1, r5
10002010:	bcb0      	pop	{r4, r5, r7}
10002012:	4770      	bx	lr
10002014:	d0000000 	.word	0xd0000000

10002018 <y64_x32>:
10002018:	b5f0      	push	{r4, r5, r6, r7, lr}
1000201a:	4694      	mov	ip, r2
1000201c:	2500      	movs	r5, #0
1000201e:	0e14      	lsrs	r4, r2, #24
10002020:	d101      	bne.n	10002026 <y64_x32+0xe>
10002022:	0212      	lsls	r2, r2, #8
10002024:	3508      	adds	r5, #8
10002026:	0f14      	lsrs	r4, r2, #28
10002028:	d101      	bne.n	1000202e <y64_x32+0x16>
1000202a:	0112      	lsls	r2, r2, #4
1000202c:	3504      	adds	r5, #4
1000202e:	0f94      	lsrs	r4, r2, #30
10002030:	d101      	bne.n	10002036 <y64_x32+0x1e>
10002032:	0092      	lsls	r2, r2, #2
10002034:	3502      	adds	r5, #2
10002036:	0fd4      	lsrs	r4, r2, #31
10002038:	d101      	bne.n	1000203e <y64_x32+0x26>
1000203a:	0052      	lsls	r2, r2, #1
1000203c:	3501      	adds	r5, #1
1000203e:	0bd4      	lsrs	r4, r2, #15
10002040:	3401      	adds	r4, #1
10002042:	4f25      	ldr	r7, [pc, #148]	@ (100020d8 <y64_x32+0xc0>)
10002044:	667c      	str	r4, [r7, #100]	@ 0x64
10002046:	4c25      	ldr	r4, [pc, #148]	@ (100020dc <y64_x32+0xc4>)
10002048:	663c      	str	r4, [r7, #96]	@ 0x60
1000204a:	0c0e      	lsrs	r6, r1, #16
1000204c:	b293      	uxth	r3, r2
1000204e:	e7ff      	b.n	10002050 <y64_x32+0x38>
10002050:	e7ff      	b.n	10002052 <y64_x32+0x3a>
10002052:	e7ff      	b.n	10002054 <y64_x32+0x3c>
10002054:	6f3c      	ldr	r4, [r7, #112]	@ 0x70
10002056:	4366      	muls	r6, r4
10002058:	0c36      	lsrs	r6, r6, #16
1000205a:	0377      	lsls	r7, r6, #13
1000205c:	46be      	mov	lr, r7
1000205e:	4373      	muls	r3, r6
10002060:	0bdf      	lsrs	r7, r3, #15
10002062:	045b      	lsls	r3, r3, #17
10002064:	1ac0      	subs	r0, r0, r3
10002066:	41b9      	sbcs	r1, r7
10002068:	0c13      	lsrs	r3, r2, #16
1000206a:	4373      	muls	r3, r6
1000206c:	18db      	adds	r3, r3, r3
1000206e:	1ac9      	subs	r1, r1, r3
10002070:	08ce      	lsrs	r6, r1, #3
10002072:	4366      	muls	r6, r4
10002074:	0c36      	lsrs	r6, r6, #16
10002076:	44b6      	add	lr, r6
10002078:	b293      	uxth	r3, r2
1000207a:	4373      	muls	r3, r6
1000207c:	0f1f      	lsrs	r7, r3, #28
1000207e:	011b      	lsls	r3, r3, #4
10002080:	1ac0      	subs	r0, r0, r3
10002082:	41b9      	sbcs	r1, r7
10002084:	0c13      	lsrs	r3, r2, #16
10002086:	4373      	muls	r3, r6
10002088:	0b1f      	lsrs	r7, r3, #12
1000208a:	051b      	lsls	r3, r3, #20
1000208c:	1ac0      	subs	r0, r0, r3
1000208e:	41b9      	sbcs	r1, r7
10002090:	0d86      	lsrs	r6, r0, #22
10002092:	028f      	lsls	r7, r1, #10
10002094:	433e      	orrs	r6, r7
10002096:	4366      	muls	r6, r4
10002098:	0c36      	lsrs	r6, r6, #16
1000209a:	2d09      	cmp	r5, #9
1000209c:	db24      	blt.n	100020e8 <last0>
1000209e:	0a52      	lsrs	r2, r2, #9
100020a0:	4372      	muls	r2, r6
100020a2:	1a80      	subs	r0, r0, r2
100020a4:	0377      	lsls	r7, r6, #13
100020a6:	0a46      	lsrs	r6, r0, #9
100020a8:	4366      	muls	r6, r4
100020aa:	0c36      	lsrs	r6, r6, #16
100020ac:	2316      	movs	r3, #22
100020ae:	1b5b      	subs	r3, r3, r5
100020b0:	40de      	lsrs	r6, r3
100020b2:	40df      	lsrs	r7, r3
100020b4:	19bf      	adds	r7, r7, r6
100020b6:	4664      	mov	r4, ip
100020b8:	4366      	muls	r6, r4
100020ba:	1b82      	subs	r2, r0, r6
100020bc:	4670      	mov	r0, lr
100020be:	3504      	adds	r5, #4
100020c0:	3306      	adds	r3, #6
100020c2:	0001      	movs	r1, r0
100020c4:	40d9      	lsrs	r1, r3
100020c6:	40a8      	lsls	r0, r5
100020c8:	19c0      	adds	r0, r0, r7
100020ca:	d300      	bcc.n	100020ce <y64_x32+0xb6>
100020cc:	3101      	adds	r1, #1
100020ce:	42a2      	cmp	r2, r4
100020d0:	d206      	bcs.n	100020e0 <y64_x32+0xc8>
100020d2:	2300      	movs	r3, #0
100020d4:	bdf0      	pop	{r4, r5, r6, r7, pc}
100020d6:	0000      	.short	0x0000
100020d8:	d0000000 	.word	0xd0000000
100020dc:	ffffffff 	.word	0xffffffff
100020e0:	1b12      	subs	r2, r2, r4
100020e2:	3001      	adds	r0, #1
100020e4:	d3f3      	bcc.n	100020ce <y64_x32+0xb6>
100020e6:	e7f1      	b.n	100020cc <y64_x32+0xb4>

100020e8 <last0>:
100020e8:	2709      	movs	r7, #9
100020ea:	1b7f      	subs	r7, r7, r5
100020ec:	40fe      	lsrs	r6, r7
100020ee:	4664      	mov	r4, ip
100020f0:	b2a2      	uxth	r2, r4
100020f2:	4372      	muls	r2, r6
100020f4:	1a80      	subs	r0, r0, r2
100020f6:	d200      	bcs.n	100020fa <last0+0x12>
100020f8:	3901      	subs	r1, #1
100020fa:	0c22      	lsrs	r2, r4, #16
100020fc:	4372      	muls	r2, r6
100020fe:	0c13      	lsrs	r3, r2, #16
10002100:	0412      	lsls	r2, r2, #16
10002102:	1a82      	subs	r2, r0, r2
10002104:	4199      	sbcs	r1, r3
10002106:	000b      	movs	r3, r1
10002108:	4670      	mov	r0, lr
1000210a:	3504      	adds	r5, #4
1000210c:	3713      	adds	r7, #19
1000210e:	0001      	movs	r1, r0
10002110:	40f9      	lsrs	r1, r7
10002112:	40a8      	lsls	r0, r5
10002114:	1980      	adds	r0, r0, r6
10002116:	d300      	bcc.n	1000211a <last0+0x32>
10002118:	3101      	adds	r1, #1
1000211a:	2b00      	cmp	r3, #0
1000211c:	d102      	bne.n	10002124 <last0+0x3c>
1000211e:	42a2      	cmp	r2, r4
10002120:	d20a      	bcs.n	10002138 <last0+0x50>
10002122:	bdf0      	pop	{r4, r5, r6, r7, pc}
10002124:	3001      	adds	r0, #1
10002126:	d300      	bcc.n	1000212a <last0+0x42>
10002128:	3101      	adds	r1, #1
1000212a:	1b12      	subs	r2, r2, r4
1000212c:	d2fa      	bcs.n	10002124 <last0+0x3c>
1000212e:	3b01      	subs	r3, #1
10002130:	d1f8      	bne.n	10002124 <last0+0x3c>
10002132:	42a2      	cmp	r2, r4
10002134:	d200      	bcs.n	10002138 <last0+0x50>
10002136:	bdf0      	pop	{r4, r5, r6, r7, pc}
10002138:	3001      	adds	r0, #1
1000213a:	d300      	bcc.n	1000213e <last0+0x56>
1000213c:	3101      	adds	r1, #1
1000213e:	1b12      	subs	r2, r2, r4
10002140:	e7f7      	b.n	10002132 <last0+0x4a>

10002142 <y64_x48>:
10002142:	b5f0      	push	{r4, r5, r6, r7, lr}
10002144:	0c1c      	lsrs	r4, r3, #16
10002146:	d000      	beq.n	1000214a <y64_x48+0x8>
10002148:	e080      	b.n	1000224c <y64_x64>
1000214a:	b40c      	push	{r2, r3}
1000214c:	2500      	movs	r5, #0
1000214e:	0a1c      	lsrs	r4, r3, #8
10002150:	d104      	bne.n	1000215c <y64_x48+0x1a>
10002152:	021b      	lsls	r3, r3, #8
10002154:	0e16      	lsrs	r6, r2, #24
10002156:	4333      	orrs	r3, r6
10002158:	0212      	lsls	r2, r2, #8
1000215a:	3508      	adds	r5, #8
1000215c:	0b1c      	lsrs	r4, r3, #12
1000215e:	d104      	bne.n	1000216a <y64_x48+0x28>
10002160:	011b      	lsls	r3, r3, #4
10002162:	0f16      	lsrs	r6, r2, #28
10002164:	4333      	orrs	r3, r6
10002166:	0112      	lsls	r2, r2, #4
10002168:	3504      	adds	r5, #4
1000216a:	0b9c      	lsrs	r4, r3, #14
1000216c:	d104      	bne.n	10002178 <y64_x48+0x36>
1000216e:	009b      	lsls	r3, r3, #2
10002170:	0f96      	lsrs	r6, r2, #30
10002172:	4333      	orrs	r3, r6
10002174:	0092      	lsls	r2, r2, #2
10002176:	3502      	adds	r5, #2
10002178:	0bdc      	lsrs	r4, r3, #15
1000217a:	d102      	bne.n	10002182 <y64_x48+0x40>
1000217c:	1892      	adds	r2, r2, r2
1000217e:	415b      	adcs	r3, r3
10002180:	3501      	adds	r5, #1
10002182:	001c      	movs	r4, r3
10002184:	1897      	adds	r7, r2, r2
10002186:	4164      	adcs	r4, r4
10002188:	3401      	adds	r4, #1
1000218a:	4f46      	ldr	r7, [pc, #280]	@ (100022a4 <y64_x64+0x58>)
1000218c:	667c      	str	r4, [r7, #100]	@ 0x64
1000218e:	4c46      	ldr	r4, [pc, #280]	@ (100022a8 <y64_x64+0x5c>)
10002190:	663c      	str	r4, [r7, #96]	@ 0x60
10002192:	0c0e      	lsrs	r6, r1, #16
10002194:	e7ff      	b.n	10002196 <y64_x48+0x54>
10002196:	e7ff      	b.n	10002198 <y64_x48+0x56>
10002198:	e7ff      	b.n	1000219a <y64_x48+0x58>
1000219a:	46c0      	nop			@ (mov r8, r8)
1000219c:	6f3c      	ldr	r4, [r7, #112]	@ 0x70
1000219e:	4366      	muls	r6, r4
100021a0:	0c36      	lsrs	r6, r6, #16
100021a2:	0377      	lsls	r7, r6, #13
100021a4:	46be      	mov	lr, r7
100021a6:	b297      	uxth	r7, r2
100021a8:	4377      	muls	r7, r6
100021aa:	1bc0      	subs	r0, r0, r7
100021ac:	d200      	bcs.n	100021b0 <y64_x48+0x6e>
100021ae:	3901      	subs	r1, #1
100021b0:	1bc0      	subs	r0, r0, r7
100021b2:	d200      	bcs.n	100021b6 <y64_x48+0x74>
100021b4:	3901      	subs	r1, #1
100021b6:	b29f      	uxth	r7, r3
100021b8:	4377      	muls	r7, r6
100021ba:	1bc9      	subs	r1, r1, r7
100021bc:	1bc9      	subs	r1, r1, r7
100021be:	0c17      	lsrs	r7, r2, #16
100021c0:	4377      	muls	r7, r6
100021c2:	047e      	lsls	r6, r7, #17
100021c4:	0bff      	lsrs	r7, r7, #15
100021c6:	1b80      	subs	r0, r0, r6
100021c8:	41b9      	sbcs	r1, r7
100021ca:	08ce      	lsrs	r6, r1, #3
100021cc:	4366      	muls	r6, r4
100021ce:	0c36      	lsrs	r6, r6, #16
100021d0:	2d0c      	cmp	r5, #12
100021d2:	db33      	blt.n	1000223c <last1>
100021d4:	44b6      	add	lr, r6
100021d6:	0b12      	lsrs	r2, r2, #12
100021d8:	051f      	lsls	r7, r3, #20
100021da:	433a      	orrs	r2, r7
100021dc:	0b1b      	lsrs	r3, r3, #12
100021de:	b297      	uxth	r7, r2
100021e0:	4377      	muls	r7, r6
100021e2:	1bc0      	subs	r0, r0, r7
100021e4:	d200      	bcs.n	100021e8 <y64_x48+0xa6>
100021e6:	3901      	subs	r1, #1
100021e8:	b29f      	uxth	r7, r3
100021ea:	4377      	muls	r7, r6
100021ec:	1bc9      	subs	r1, r1, r7
100021ee:	0c17      	lsrs	r7, r2, #16
100021f0:	4377      	muls	r7, r6
100021f2:	043e      	lsls	r6, r7, #16
100021f4:	0c3f      	lsrs	r7, r7, #16
100021f6:	1b80      	subs	r0, r0, r6
100021f8:	41b9      	sbcs	r1, r7
100021fa:	0d86      	lsrs	r6, r0, #22
100021fc:	028f      	lsls	r7, r1, #10
100021fe:	433e      	orrs	r6, r7
10002200:	4366      	muls	r6, r4
10002202:	2729      	movs	r7, #41	@ 0x29
10002204:	1b7f      	subs	r7, r7, r5
10002206:	40fe      	lsrs	r6, r7
10002208:	3d0c      	subs	r5, #12
1000220a:	4677      	mov	r7, lr
1000220c:	40af      	lsls	r7, r5
1000220e:	19bf      	adds	r7, r7, r6
10002210:	bc30      	pop	{r4, r5}
10002212:	b2a2      	uxth	r2, r4
10002214:	b2ab      	uxth	r3, r5
10002216:	4372      	muls	r2, r6
10002218:	4373      	muls	r3, r6
1000221a:	1a80      	subs	r0, r0, r2
1000221c:	4199      	sbcs	r1, r3
1000221e:	0c22      	lsrs	r2, r4, #16
10002220:	4372      	muls	r2, r6
10002222:	0c13      	lsrs	r3, r2, #16
10002224:	0412      	lsls	r2, r2, #16
10002226:	1a80      	subs	r0, r0, r2
10002228:	4199      	sbcs	r1, r3
1000222a:	0002      	movs	r2, r0
1000222c:	000b      	movs	r3, r1
1000222e:	3701      	adds	r7, #1
10002230:	1b00      	subs	r0, r0, r4
10002232:	41a9      	sbcs	r1, r5
10002234:	d2f9      	bcs.n	1000222a <y64_x48+0xe8>
10002236:	1e78      	subs	r0, r7, #1
10002238:	2100      	movs	r1, #0
1000223a:	bdf0      	pop	{r4, r5, r6, r7, pc}

1000223c <last1>:
1000223c:	270c      	movs	r7, #12
1000223e:	1b7f      	subs	r7, r7, r5
10002240:	40fe      	lsrs	r6, r7
10002242:	4677      	mov	r7, lr
10002244:	0b7f      	lsrs	r7, r7, #13
10002246:	40af      	lsls	r7, r5
10002248:	19ff      	adds	r7, r7, r7
1000224a:	e7e0      	b.n	1000220e <y64_x48+0xcc>

1000224c <y64_x64>:
1000224c:	2400      	movs	r4, #0
1000224e:	1c5d      	adds	r5, r3, #1
10002250:	d007      	beq.n	10002262 <y64_x64+0x16>
10002252:	4f14      	ldr	r7, [pc, #80]	@ (100022a4 <y64_x64+0x58>)
10002254:	667d      	str	r5, [r7, #100]	@ 0x64
10002256:	6639      	str	r1, [r7, #96]	@ 0x60
10002258:	e7ff      	b.n	1000225a <y64_x64+0xe>
1000225a:	e7ff      	b.n	1000225c <y64_x64+0x10>
1000225c:	e7ff      	b.n	1000225e <y64_x64+0x12>
1000225e:	e7ff      	b.n	10002260 <y64_x64+0x14>
10002260:	6f3c      	ldr	r4, [r7, #112]	@ 0x70
10002262:	b295      	uxth	r5, r2
10002264:	b29e      	uxth	r6, r3
10002266:	4365      	muls	r5, r4
10002268:	4366      	muls	r6, r4
1000226a:	1b40      	subs	r0, r0, r5
1000226c:	41b1      	sbcs	r1, r6
1000226e:	0c15      	lsrs	r5, r2, #16
10002270:	0c1e      	lsrs	r6, r3, #16
10002272:	4365      	muls	r5, r4
10002274:	4366      	muls	r6, r4
10002276:	0436      	lsls	r6, r6, #16
10002278:	0c2f      	lsrs	r7, r5, #16
1000227a:	433e      	orrs	r6, r7
1000227c:	042d      	lsls	r5, r5, #16
1000227e:	1b40      	subs	r0, r0, r5
10002280:	41b1      	sbcs	r1, r6
10002282:	4299      	cmp	r1, r3
10002284:	d204      	bcs.n	10002290 <y64_x64+0x44>
10002286:	0002      	movs	r2, r0
10002288:	000b      	movs	r3, r1
1000228a:	0020      	movs	r0, r4
1000228c:	2100      	movs	r1, #0
1000228e:	bdf0      	pop	{r4, r5, r6, r7, pc}
10002290:	d101      	bne.n	10002296 <y64_x64+0x4a>
10002292:	4290      	cmp	r0, r2
10002294:	d3f7      	bcc.n	10002286 <y64_x64+0x3a>
10002296:	1a80      	subs	r0, r0, r2
10002298:	4199      	sbcs	r1, r3
1000229a:	3401      	adds	r4, #1
1000229c:	4299      	cmp	r1, r3
1000229e:	d3f2      	bcc.n	10002286 <y64_x64+0x3a>
100022a0:	e7f6      	b.n	10002290 <y64_x64+0x44>
100022a2:	0000      	.short	0x0000
100022a4:	d0000000 	.word	0xd0000000
100022a8:	ffffffff 	.word	0xffffffff

100022ac <__wrap___aeabi_drsub>:
100022ac:	4048      	eors	r0, r1
100022ae:	4041      	eors	r1, r0
100022b0:	4048      	eors	r0, r1

100022b2 <__wrap___aeabi_dsub>:
100022b2:	b418      	push	{r3, r4}
100022b4:	4b1b      	ldr	r3, [pc, #108]	@ (10002324 <__wrap___aeabi_dmul+0x12>)
100022b6:	685b      	ldr	r3, [r3, #4]
100022b8:	46fc      	mov	ip, pc
100022ba:	9301      	str	r3, [sp, #4]
100022bc:	bd08      	pop	{r3, pc}
100022be:	df04      	.short	0xdf04
100022c0:	10002557 	.word	0x10002557

100022c4 <__wrap___aeabi_dadd>:
100022c4:	b418      	push	{r3, r4}
100022c6:	4b17      	ldr	r3, [pc, #92]	@ (10002324 <__wrap___aeabi_dmul+0x12>)
100022c8:	681b      	ldr	r3, [r3, #0]
100022ca:	46fc      	mov	ip, pc
100022cc:	9301      	str	r3, [sp, #4]
100022ce:	bd08      	pop	{r3, pc}
100022d0:	2561df00 	.word	0x2561df00
100022d4:	1000      	.short	0x1000

100022d6 <__wrap___aeabi_ddiv>:
100022d6:	4694      	mov	ip, r2
100022d8:	4a13      	ldr	r2, [pc, #76]	@ (10002328 <__wrap___aeabi_dmul+0x16>)
100022da:	6f92      	ldr	r2, [r2, #120]	@ 0x78
100022dc:	0892      	lsrs	r2, r2, #2
100022de:	d209      	bcs.n	100022f4 <ddiv_save_state>
100022e0:	4662      	mov	r2, ip

100022e2 <ddiv_shim_call>:
100022e2:	b418      	push	{r3, r4}
100022e4:	4b0f      	ldr	r3, [pc, #60]	@ (10002324 <__wrap___aeabi_dmul+0x12>)
100022e6:	68db      	ldr	r3, [r3, #12]
100022e8:	46fc      	mov	ip, pc
100022ea:	9301      	str	r3, [sp, #4]
100022ec:	bd08      	pop	{r3, pc}
100022ee:	df0c      	.short	0xdf0c
100022f0:	10002819 	.word	0x10002819

100022f4 <ddiv_save_state>:
100022f4:	4a0c      	ldr	r2, [pc, #48]	@ (10002328 <__wrap___aeabi_dmul+0x16>)
100022f6:	b5f0      	push	{r4, r5, r6, r7, lr}
100022f8:	6e14      	ldr	r4, [r2, #96]	@ 0x60
100022fa:	6e55      	ldr	r5, [r2, #100]	@ 0x64
100022fc:	6f57      	ldr	r7, [r2, #116]	@ 0x74
100022fe:	6f16      	ldr	r6, [r2, #112]	@ 0x70
10002300:	4662      	mov	r2, ip
10002302:	f7ff ffee 	bl	100022e2 <ddiv_shim_call>
10002306:	4a08      	ldr	r2, [pc, #32]	@ (10002328 <__wrap___aeabi_dmul+0x16>)
10002308:	6614      	str	r4, [r2, #96]	@ 0x60
1000230a:	6655      	str	r5, [r2, #100]	@ 0x64
1000230c:	6757      	str	r7, [r2, #116]	@ 0x74
1000230e:	6716      	str	r6, [r2, #112]	@ 0x70
10002310:	bdf0      	pop	{r4, r5, r6, r7, pc}

10002312 <__wrap___aeabi_dmul>:
10002312:	b418      	push	{r3, r4}
10002314:	4b03      	ldr	r3, [pc, #12]	@ (10002324 <__wrap___aeabi_dmul+0x12>)
10002316:	689b      	ldr	r3, [r3, #8]
10002318:	46fc      	mov	ip, pc
1000231a:	9301      	str	r3, [sp, #4]
1000231c:	bd08      	pop	{r3, pc}
1000231e:	df08      	.short	0xdf08
10002320:	100026bd 	.word	0x100026bd
10002324:	20001308 	.word	0x20001308
10002328:	d0000000 	.word	0xd0000000

1000232c <__wrap___aeabi_cdrcmple>:
1000232c:	b5ff      	push	{r0, r1, r2, r3, r4, r5, r6, r7, lr}
1000232e:	4050      	eors	r0, r2
10002330:	4042      	eors	r2, r0
10002332:	4050      	eors	r0, r2
10002334:	4059      	eors	r1, r3
10002336:	404b      	eors	r3, r1
10002338:	4059      	eors	r1, r3
1000233a:	e000      	b.n	1000233e <__aeabi_dfcmple_guts>

1000233c <__wrap___aeabi_cdcmpeq>:
1000233c:	b5ff      	push	{r0, r1, r2, r3, r4, r5, r6, r7, lr}

1000233e <__aeabi_dfcmple_guts>:
1000233e:	4f15      	ldr	r7, [pc, #84]	@ (10002394 <__aeabi_dfcmple_guts+0x56>)
10002340:	004c      	lsls	r4, r1, #1
10002342:	0d64      	lsrs	r4, r4, #21
10002344:	d003      	beq.n	1000234e <__aeabi_dfcmple_guts+0x10>
10002346:	42bc      	cmp	r4, r7
10002348:	d104      	bne.n	10002354 <__aeabi_dfcmple_guts+0x16>
1000234a:	030c      	lsls	r4, r1, #12
1000234c:	d814      	bhi.n	10002378 <__aeabi_dfcmple_guts+0x3a>
1000234e:	2000      	movs	r0, #0
10002350:	0d09      	lsrs	r1, r1, #20
10002352:	0509      	lsls	r1, r1, #20
10002354:	005c      	lsls	r4, r3, #1
10002356:	0d64      	lsrs	r4, r4, #21
10002358:	d003      	beq.n	10002362 <__aeabi_dfcmple_guts+0x24>
1000235a:	42bc      	cmp	r4, r7
1000235c:	d104      	bne.n	10002368 <__aeabi_dfcmple_guts+0x2a>
1000235e:	031c      	lsls	r4, r3, #12
10002360:	d80a      	bhi.n	10002378 <__aeabi_dfcmple_guts+0x3a>
10002362:	2200      	movs	r2, #0
10002364:	0d1b      	lsrs	r3, r3, #20
10002366:	051b      	lsls	r3, r3, #20
10002368:	2601      	movs	r6, #1
1000236a:	404b      	eors	r3, r1
1000236c:	d409      	bmi.n	10002382 <__aeabi_dfcmple_guts+0x44>
1000236e:	404b      	eors	r3, r1
10002370:	d503      	bpl.n	1000237a <__aeabi_dfcmple_guts+0x3c>
10002372:	428b      	cmp	r3, r1
10002374:	d100      	bne.n	10002378 <__aeabi_dfcmple_guts+0x3a>
10002376:	4282      	cmp	r2, r0
10002378:	bdff      	pop	{r0, r1, r2, r3, r4, r5, r6, r7, pc}
1000237a:	4299      	cmp	r1, r3
1000237c:	d1fc      	bne.n	10002378 <__aeabi_dfcmple_guts+0x3a>
1000237e:	4290      	cmp	r0, r2
10002380:	bdff      	pop	{r0, r1, r2, r3, r4, r5, r6, r7, pc}
10002382:	430b      	orrs	r3, r1
10002384:	18db      	adds	r3, r3, r3
10002386:	4303      	orrs	r3, r0
10002388:	4313      	orrs	r3, r2
1000238a:	d0f5      	beq.n	10002378 <__aeabi_dfcmple_guts+0x3a>
1000238c:	43c9      	mvns	r1, r1
1000238e:	1849      	adds	r1, r1, r1
10002390:	bdff      	pop	{r0, r1, r2, r3, r4, r5, r6, r7, pc}
10002392:	0000      	.short	0x0000
10002394:	000007ff 	.word	0x000007ff

10002398 <__wrap___aeabi_dcmplt>:
10002398:	b500      	push	{lr}
1000239a:	f7ff ffcf 	bl	1000233c <__wrap___aeabi_cdcmpeq>
1000239e:	4180      	sbcs	r0, r0
100023a0:	bd00      	pop	{pc}
100023a2:	46c0      	nop			@ (mov r8, r8)

100023a4 <__wrap___aeabi_dcmple>:
100023a4:	b500      	push	{lr}
100023a6:	f7ff ffc9 	bl	1000233c <__wrap___aeabi_cdcmpeq>
100023aa:	d901      	bls.n	100023b0 <__wrap___aeabi_dcmple+0xc>
100023ac:	2000      	movs	r0, #0
100023ae:	bd00      	pop	{pc}
100023b0:	2001      	movs	r0, #1
100023b2:	bd00      	pop	{pc}

100023b4 <__wrap___aeabi_dcmpge>:
100023b4:	b500      	push	{lr}
100023b6:	f7ff ffb9 	bl	1000232c <__wrap___aeabi_cdrcmple>
100023ba:	d901      	bls.n	100023c0 <__wrap___aeabi_dcmpge+0xc>
100023bc:	2000      	movs	r0, #0
100023be:	bd00      	pop	{pc}
100023c0:	2001      	movs	r0, #1
100023c2:	bd00      	pop	{pc}

100023c4 <__wrap___aeabi_dcmpgt>:
100023c4:	b500      	push	{lr}
100023c6:	f7ff ffb1 	bl	1000232c <__wrap___aeabi_cdrcmple>
100023ca:	4180      	sbcs	r0, r0
100023cc:	bd00      	pop	{pc}

100023ce <__wrap___aeabi_dcmpun>:
100023ce:	2001      	movs	r0, #1
100023d0:	0540      	lsls	r0, r0, #21
100023d2:	004a      	lsls	r2, r1, #1
100023d4:	1812      	adds	r2, r2, r0
100023d6:	d804      	bhi.n	100023e2 <__wrap___aeabi_dcmpun+0x14>
100023d8:	005a      	lsls	r2, r3, #1
100023da:	1812      	adds	r2, r2, r0
100023dc:	d801      	bhi.n	100023e2 <__wrap___aeabi_dcmpun+0x14>
100023de:	2000      	movs	r0, #0
100023e0:	4770      	bx	lr
100023e2:	2001      	movs	r0, #1
100023e4:	4770      	bx	lr
	...

100023e8 <__wrap___aeabi_ui2d>:
100023e8:	2100      	movs	r1, #0
100023ea:	2800      	cmp	r0, #0
100023ec:	d105      	bne.n	100023fa <__wrap___aeabi_i2d+0xa>
100023ee:	4770      	bx	lr

100023f0 <__wrap___aeabi_i2d>:
100023f0:	17c1      	asrs	r1, r0, #31
100023f2:	4048      	eors	r0, r1
100023f4:	1a40      	subs	r0, r0, r1
100023f6:	d0fa      	beq.n	100023ee <__wrap___aeabi_ui2d+0x6>
100023f8:	07c9      	lsls	r1, r1, #31
100023fa:	b513      	push	{r0, r1, r4, lr}
100023fc:	4b06      	ldr	r3, [pc, #24]	@ (10002418 <__wrap___aeabi_i2d+0x28>)
100023fe:	681b      	ldr	r3, [r3, #0]
10002400:	4798      	blx	r3
10002402:	bc0c      	pop	{r2, r3}
10002404:	1c44      	adds	r4, r0, #1
10002406:	40a2      	lsls	r2, r4
10002408:	0510      	lsls	r0, r2, #20
1000240a:	0b12      	lsrs	r2, r2, #12
1000240c:	4903      	ldr	r1, [pc, #12]	@ (1000241c <__wrap___aeabi_i2d+0x2c>)
1000240e:	1b09      	subs	r1, r1, r4
10002410:	0509      	lsls	r1, r1, #20
10002412:	4319      	orrs	r1, r3
10002414:	4311      	orrs	r1, r2
10002416:	bd10      	pop	{r4, pc}
10002418:	20001eb4 	.word	0x20001eb4
1000241c:	0000041f 	.word	0x0000041f

10002420 <__wrap___aeabi_d2iz>:
10002420:	b510      	push	{r4, lr}
10002422:	004c      	lsls	r4, r1, #1
10002424:	0d62      	lsrs	r2, r4, #21
10002426:	2380      	movs	r3, #128	@ 0x80
10002428:	18d2      	adds	r2, r2, r3
1000242a:	00db      	lsls	r3, r3, #3
1000242c:	1ad2      	subs	r2, r2, r3
1000242e:	055b      	lsls	r3, r3, #21
10002430:	2a7e      	cmp	r2, #126	@ 0x7e
10002432:	dd10      	ble.n	10002456 <__wrap___aeabi_d2iz+0x36>
10002434:	3a9e      	subs	r2, #158	@ 0x9e
10002436:	da13      	bge.n	10002460 <__wrap___aeabi_d2iz+0x40>
10002438:	17cc      	asrs	r4, r1, #31
1000243a:	0309      	lsls	r1, r1, #12
1000243c:	0849      	lsrs	r1, r1, #1
1000243e:	4319      	orrs	r1, r3
10002440:	4252      	negs	r2, r2
10002442:	40d1      	lsrs	r1, r2
10002444:	0064      	lsls	r4, r4, #1
10002446:	3401      	adds	r4, #1
10002448:	3215      	adds	r2, #21
1000244a:	2a20      	cmp	r2, #32
1000244c:	da05      	bge.n	1000245a <__wrap___aeabi_d2iz+0x3a>
1000244e:	40d0      	lsrs	r0, r2
10002450:	4308      	orrs	r0, r1
10002452:	4360      	muls	r0, r4
10002454:	bd10      	pop	{r4, pc}
10002456:	2000      	movs	r0, #0
10002458:	bd10      	pop	{r4, pc}
1000245a:	4608      	mov	r0, r1
1000245c:	4360      	muls	r0, r4
1000245e:	bd10      	pop	{r4, pc}
10002460:	0fc8      	lsrs	r0, r1, #31
10002462:	18c0      	adds	r0, r0, r3
10002464:	3801      	subs	r0, #1
10002466:	bd10      	pop	{r4, pc}

10002468 <__wrap___aeabi_d2uiz>:
10002468:	b418      	push	{r3, r4}
1000246a:	4b04      	ldr	r3, [pc, #16]	@ (1000247c <__wrap___aeabi_d2uiz+0x14>)
1000246c:	6a5b      	ldr	r3, [r3, #36]	@ 0x24
1000246e:	46fc      	mov	ip, pc
10002470:	9301      	str	r3, [sp, #4]
10002472:	bd08      	pop	{r3, pc}
10002474:	29c9df24 	.word	0x29c9df24
10002478:	00001000 	.word	0x00001000
1000247c:	20001308 	.word	0x20001308

10002480 <__aeabi_double_init>:
10002480:	2313      	movs	r3, #19
10002482:	b570      	push	{r4, r5, r6, lr}
10002484:	781d      	ldrb	r5, [r3, #0]
10002486:	2d01      	cmp	r5, #1
10002488:	d019      	beq.n	100024be <__aeabi_double_init+0x3e>
1000248a:	dd14      	ble.n	100024b6 <__aeabi_double_init+0x36>
1000248c:	481f      	ldr	r0, [pc, #124]	@ (1000250c <__aeabi_double_init+0x8c>)
1000248e:	f7ff fb31 	bl	10001af4 <rom_data_lookup>
10002492:	0006      	movs	r6, r0
10002494:	481e      	ldr	r0, [pc, #120]	@ (10002510 <__aeabi_double_init+0x90>)
10002496:	f7ff fb2d 	bl	10001af4 <rom_data_lookup>
1000249a:	4c1e      	ldr	r4, [pc, #120]	@ (10002514 <__aeabi_double_init+0x94>)
1000249c:	2280      	movs	r2, #128	@ 0x80
1000249e:	0031      	movs	r1, r6
100024a0:	0020      	movs	r0, r4
100024a2:	f000 fb61 	bl	10002b68 <__wrap___aeabi_memcpy>
100024a6:	2d02      	cmp	r5, #2
100024a8:	d02d      	beq.n	10002506 <__aeabi_double_init+0x86>
100024aa:	481b      	ldr	r0, [pc, #108]	@ (10002518 <__aeabi_double_init+0x98>)
100024ac:	f7ff fb1a 	bl	10001ae4 <rom_func_lookup>
100024b0:	4b1a      	ldr	r3, [pc, #104]	@ (1000251c <__aeabi_double_init+0x9c>)
100024b2:	6018      	str	r0, [r3, #0]
100024b4:	bd70      	pop	{r4, r5, r6, pc}
100024b6:	4b1a      	ldr	r3, [pc, #104]	@ (10002520 <__aeabi_double_init+0xa0>)
100024b8:	4c16      	ldr	r4, [pc, #88]	@ (10002514 <__aeabi_double_init+0x94>)
100024ba:	64a3      	str	r3, [r4, #72]	@ 0x48
100024bc:	e7f5      	b.n	100024aa <__aeabi_double_init+0x2a>
100024be:	4b18      	ldr	r3, [pc, #96]	@ (10002520 <__aeabi_double_init+0xa0>)
100024c0:	4c14      	ldr	r4, [pc, #80]	@ (10002514 <__aeabi_double_init+0x94>)
100024c2:	6023      	str	r3, [r4, #0]
100024c4:	6063      	str	r3, [r4, #4]
100024c6:	60a3      	str	r3, [r4, #8]
100024c8:	60e3      	str	r3, [r4, #12]
100024ca:	6123      	str	r3, [r4, #16]
100024cc:	6163      	str	r3, [r4, #20]
100024ce:	61a3      	str	r3, [r4, #24]
100024d0:	61e3      	str	r3, [r4, #28]
100024d2:	6223      	str	r3, [r4, #32]
100024d4:	6263      	str	r3, [r4, #36]	@ 0x24
100024d6:	62a3      	str	r3, [r4, #40]	@ 0x28
100024d8:	62e3      	str	r3, [r4, #44]	@ 0x2c
100024da:	6323      	str	r3, [r4, #48]	@ 0x30
100024dc:	6363      	str	r3, [r4, #52]	@ 0x34
100024de:	63a3      	str	r3, [r4, #56]	@ 0x38
100024e0:	63e3      	str	r3, [r4, #60]	@ 0x3c
100024e2:	6423      	str	r3, [r4, #64]	@ 0x40
100024e4:	6463      	str	r3, [r4, #68]	@ 0x44
100024e6:	64a3      	str	r3, [r4, #72]	@ 0x48
100024e8:	64e3      	str	r3, [r4, #76]	@ 0x4c
100024ea:	6523      	str	r3, [r4, #80]	@ 0x50
100024ec:	6563      	str	r3, [r4, #84]	@ 0x54
100024ee:	65a3      	str	r3, [r4, #88]	@ 0x58
100024f0:	65e3      	str	r3, [r4, #92]	@ 0x5c
100024f2:	6623      	str	r3, [r4, #96]	@ 0x60
100024f4:	6663      	str	r3, [r4, #100]	@ 0x64
100024f6:	66a3      	str	r3, [r4, #104]	@ 0x68
100024f8:	66e3      	str	r3, [r4, #108]	@ 0x6c
100024fa:	6723      	str	r3, [r4, #112]	@ 0x70
100024fc:	6763      	str	r3, [r4, #116]	@ 0x74
100024fe:	67a3      	str	r3, [r4, #120]	@ 0x78
10002500:	67e3      	str	r3, [r4, #124]	@ 0x7c
10002502:	64a3      	str	r3, [r4, #72]	@ 0x48
10002504:	e7d1      	b.n	100024aa <__aeabi_double_init+0x2a>
10002506:	4b06      	ldr	r3, [pc, #24]	@ (10002520 <__aeabi_double_init+0xa0>)
10002508:	64a3      	str	r3, [r4, #72]	@ 0x48
1000250a:	e7ce      	b.n	100024aa <__aeabi_double_init+0x2a>
1000250c:	00004453 	.word	0x00004453
10002510:	00004653 	.word	0x00004653
10002514:	20001308 	.word	0x20001308
10002518:	0000334c 	.word	0x0000334c
1000251c:	20001eb4 	.word	0x20001eb4
10002520:	10002525 	.word	0x10002525

10002524 <double_table_shim_on_use_helper>:
10002524:	b507      	push	{r0, r1, r2, lr}
10002526:	4660      	mov	r0, ip
10002528:	8801      	ldrh	r1, [r0, #0]
1000252a:	0a0a      	lsrs	r2, r1, #8
1000252c:	3002      	adds	r0, #2
1000252e:	2adf      	cmp	r2, #223	@ 0xdf
10002530:	d1fa      	bne.n	10002528 <double_table_shim_on_use_helper+0x4>
10002532:	b2c9      	uxtb	r1, r1
10002534:	0882      	lsrs	r2, r0, #2
10002536:	d304      	bcc.n	10002542 <double_table_shim_on_use_helper+0x1e>
10002538:	8802      	ldrh	r2, [r0, #0]
1000253a:	8840      	ldrh	r0, [r0, #2]
1000253c:	0400      	lsls	r0, r0, #16
1000253e:	4310      	orrs	r0, r2
10002540:	e000      	b.n	10002544 <double_table_shim_on_use_helper+0x20>
10002542:	6800      	ldr	r0, [r0, #0]
10002544:	4a01      	ldr	r2, [pc, #4]	@ (1000254c <double_table_shim_on_use_helper+0x28>)
10002546:	5050      	str	r0, [r2, r1]
10002548:	9003      	str	r0, [sp, #12]
1000254a:	bd07      	pop	{r0, r1, r2, pc}
1000254c:	20001308 	.word	0x20001308

10002550 <drsub_shim>:
10002550:	b40f      	push	{r0, r1, r2, r3}
10002552:	bc03      	pop	{r0, r1}
10002554:	bc0c      	pop	{r2, r3}

10002556 <dsub_shim>:
10002556:	b5f0      	push	{r4, r5, r6, r7, lr}
10002558:	2401      	movs	r4, #1
1000255a:	07e4      	lsls	r4, r4, #31
1000255c:	4063      	eors	r3, r4
1000255e:	e000      	b.n	10002562 <da_entry>

10002560 <dadd_shim>:
10002560:	b5f0      	push	{r4, r5, r6, r7, lr}

10002562 <da_entry>:
10002562:	0d0c      	lsrs	r4, r1, #20
10002564:	0fcf      	lsrs	r7, r1, #31
10002566:	1e66      	subs	r6, r4, #1
10002568:	0536      	lsls	r6, r6, #20
1000256a:	1b89      	subs	r1, r1, r6
1000256c:	0564      	lsls	r4, r4, #21
1000256e:	d303      	bcc.n	10002578 <l8_1>
10002570:	43c9      	mvns	r1, r1
10002572:	4240      	negs	r0, r0
10002574:	d300      	bcc.n	10002578 <l8_1>
10002576:	3101      	adds	r1, #1

10002578 <l8_1>:
10002578:	0d64      	lsrs	r4, r4, #21
1000257a:	d003      	beq.n	10002584 <l8_2>
1000257c:	1c66      	adds	r6, r4, #1
1000257e:	0af6      	lsrs	r6, r6, #11
10002580:	d007      	beq.n	10002592 <l8_3>
10002582:	1be4      	subs	r4, r4, r7

10002584 <l8_2>:
10002584:	2000      	movs	r0, #0
10002586:	007f      	lsls	r7, r7, #1
10002588:	1c79      	adds	r1, r7, #1
1000258a:	0789      	lsls	r1, r1, #30
1000258c:	1289      	asrs	r1, r1, #10
1000258e:	3c80      	subs	r4, #128	@ 0x80
10002590:	0324      	lsls	r4, r4, #12

10002592 <l8_3>:
10002592:	0d1d      	lsrs	r5, r3, #20
10002594:	0fdf      	lsrs	r7, r3, #31
10002596:	1e6e      	subs	r6, r5, #1
10002598:	0536      	lsls	r6, r6, #20
1000259a:	1b9b      	subs	r3, r3, r6
1000259c:	056d      	lsls	r5, r5, #21
1000259e:	d303      	bcc.n	100025a8 <l9_1>
100025a0:	43db      	mvns	r3, r3
100025a2:	4252      	negs	r2, r2
100025a4:	d300      	bcc.n	100025a8 <l9_1>
100025a6:	3301      	adds	r3, #1

100025a8 <l9_1>:
100025a8:	0d6d      	lsrs	r5, r5, #21
100025aa:	d003      	beq.n	100025b4 <l9_2>
100025ac:	1c6e      	adds	r6, r5, #1
100025ae:	0af6      	lsrs	r6, r6, #11
100025b0:	d007      	beq.n	100025c2 <l9_3>
100025b2:	1bed      	subs	r5, r5, r7

100025b4 <l9_2>:
100025b4:	2200      	movs	r2, #0
100025b6:	007f      	lsls	r7, r7, #1
100025b8:	1c7b      	adds	r3, r7, #1
100025ba:	079b      	lsls	r3, r3, #30
100025bc:	129b      	asrs	r3, r3, #10
100025be:	3d80      	subs	r5, #128	@ 0x80
100025c0:	032d      	lsls	r5, r5, #12

100025c2 <l9_3>:
100025c2:	1b2f      	subs	r7, r5, r4
100025c4:	1b66      	subs	r6, r4, r5
100025c6:	d458      	bmi.n	1000267a <da_ygtx>
100025c8:	46a4      	mov	ip, r4
100025ca:	2e20      	cmp	r6, #32
100025cc:	da46      	bge.n	1000265c <da_xrgty>
100025ce:	3720      	adds	r7, #32
100025d0:	0014      	movs	r4, r2
100025d2:	40bc      	lsls	r4, r7

100025d4 <da_xgty0>:
100025d4:	001d      	movs	r5, r3
100025d6:	40bd      	lsls	r5, r7
100025d8:	40f2      	lsrs	r2, r6
100025da:	4133      	asrs	r3, r6
100025dc:	432a      	orrs	r2, r5

100025de <da_add>:
100025de:	1880      	adds	r0, r0, r2
100025e0:	4159      	adcs	r1, r3

100025e2 <da_pack>:
100025e2:	0fcb      	lsrs	r3, r1, #31
100025e4:	d005      	beq.n	100025f2 <da_pack+0x10>
100025e6:	43c9      	mvns	r1, r1
100025e8:	43c0      	mvns	r0, r0
100025ea:	2200      	movs	r2, #0
100025ec:	4264      	negs	r4, r4
100025ee:	4150      	adcs	r0, r2
100025f0:	4151      	adcs	r1, r2
100025f2:	4662      	mov	r2, ip
100025f4:	0d4d      	lsrs	r5, r1, #21
100025f6:	d128      	bne.n	1000264a <da_0>
100025f8:	0d0d      	lsrs	r5, r1, #20
100025fa:	d107      	bne.n	1000260c <da_1>
100025fc:	2800      	cmp	r0, #0
100025fe:	d01f      	beq.n	10002640 <da_5>

10002600 <da_2>:
10002600:	1924      	adds	r4, r4, r4
10002602:	4140      	adcs	r0, r0
10002604:	4149      	adcs	r1, r1
10002606:	3a01      	subs	r2, #1
10002608:	0d0d      	lsrs	r5, r1, #20
1000260a:	d0f9      	beq.n	10002600 <da_2>

1000260c <da_1>:
1000260c:	0064      	lsls	r4, r4, #1
1000260e:	d306      	bcc.n	1000261e <da_3>

10002610 <da_4>:
10002610:	3001      	adds	r0, #1
10002612:	d300      	bcc.n	10002616 <da_4+0x6>
10002614:	3101      	adds	r1, #1
10002616:	2c00      	cmp	r4, #0
10002618:	d101      	bne.n	1000261e <da_3>
1000261a:	0840      	lsrs	r0, r0, #1
1000261c:	0040      	lsls	r0, r0, #1

1000261e <da_3>:
1000261e:	3a01      	subs	r2, #1
10002620:	d40b      	bmi.n	1000263a <da_6>
10002622:	1c94      	adds	r4, r2, #2
10002624:	0ae4      	lsrs	r4, r4, #11
10002626:	d104      	bne.n	10002632 <da_7>
10002628:	0512      	lsls	r2, r2, #20
1000262a:	4411      	add	r1, r2
1000262c:	07db      	lsls	r3, r3, #31
1000262e:	4419      	add	r1, r3
10002630:	bdf0      	pop	{r4, r5, r6, r7, pc}

10002632 <da_7>:
10002632:	07d9      	lsls	r1, r3, #31
10002634:	4b20      	ldr	r3, [pc, #128]	@ (100026b8 <da_xmgty+0x4>)
10002636:	4319      	orrs	r1, r3
10002638:	e000      	b.n	1000263c <da_6+0x2>

1000263a <da_6>:
1000263a:	07d9      	lsls	r1, r3, #31
1000263c:	2000      	movs	r0, #0
1000263e:	bdf0      	pop	{r4, r5, r6, r7, pc}

10002640 <da_5>:
10002640:	2900      	cmp	r1, #0
10002642:	d1dd      	bne.n	10002600 <da_2>
10002644:	2c00      	cmp	r4, #0
10002646:	d1db      	bne.n	10002600 <da_2>
10002648:	bdf0      	pop	{r4, r5, r6, r7, pc}

1000264a <da_0>:
1000264a:	3201      	adds	r2, #1
1000264c:	07c6      	lsls	r6, r0, #31
1000264e:	0840      	lsrs	r0, r0, #1
10002650:	07cd      	lsls	r5, r1, #31
10002652:	4328      	orrs	r0, r5
10002654:	0849      	lsrs	r1, r1, #1
10002656:	2e00      	cmp	r6, #0
10002658:	d0e1      	beq.n	1000261e <da_3>
1000265a:	e7d9      	b.n	10002610 <da_4>

1000265c <da_xrgty>:
1000265c:	2e3c      	cmp	r6, #60	@ 0x3c
1000265e:	da29      	bge.n	100026b4 <da_xmgty>
10002660:	3e20      	subs	r6, #32
10002662:	3740      	adds	r7, #64	@ 0x40
10002664:	0014      	movs	r4, r2
10002666:	40bc      	lsls	r4, r7
10002668:	d000      	beq.n	1000266c <da_xrgty+0x10>
1000266a:	2401      	movs	r4, #1
1000266c:	40f2      	lsrs	r2, r6
1000266e:	4314      	orrs	r4, r2
10002670:	001a      	movs	r2, r3
10002672:	40bb      	lsls	r3, r7
10002674:	431c      	orrs	r4, r3
10002676:	17d3      	asrs	r3, r2, #31
10002678:	e7ac      	b.n	100025d4 <da_xgty0>

1000267a <da_ygtx>:
1000267a:	46ac      	mov	ip, r5
1000267c:	2f20      	cmp	r7, #32
1000267e:	da08      	bge.n	10002692 <da_yrgtx>
10002680:	3620      	adds	r6, #32
10002682:	0004      	movs	r4, r0
10002684:	40b4      	lsls	r4, r6

10002686 <da_ygtx0>:
10002686:	000d      	movs	r5, r1
10002688:	40b5      	lsls	r5, r6
1000268a:	40f8      	lsrs	r0, r7
1000268c:	4139      	asrs	r1, r7
1000268e:	4328      	orrs	r0, r5
10002690:	e7a5      	b.n	100025de <da_add>

10002692 <da_yrgtx>:
10002692:	2f3c      	cmp	r7, #60	@ 0x3c
10002694:	da0c      	bge.n	100026b0 <da_ymgtx>
10002696:	3f20      	subs	r7, #32
10002698:	3640      	adds	r6, #64	@ 0x40
1000269a:	0004      	movs	r4, r0
1000269c:	40b4      	lsls	r4, r6
1000269e:	d000      	beq.n	100026a2 <da_yrgtx+0x10>
100026a0:	2401      	movs	r4, #1
100026a2:	40f8      	lsrs	r0, r7
100026a4:	4304      	orrs	r4, r0
100026a6:	0008      	movs	r0, r1
100026a8:	40b1      	lsls	r1, r6
100026aa:	430c      	orrs	r4, r1
100026ac:	17c1      	asrs	r1, r0, #31
100026ae:	e7ea      	b.n	10002686 <da_ygtx0>

100026b0 <da_ymgtx>:
100026b0:	0010      	movs	r0, r2
100026b2:	0019      	movs	r1, r3

100026b4 <da_xmgty>:
100026b4:	2400      	movs	r4, #0
100026b6:	e794      	b.n	100025e2 <da_pack>
100026b8:	7ff00000 	.word	0x7ff00000

100026bc <dmul_shim>:
100026bc:	b5f0      	push	{r4, r5, r6, r7, lr}
100026be:	0d0c      	lsrs	r4, r1, #20
100026c0:	1e66      	subs	r6, r4, #1
100026c2:	0536      	lsls	r6, r6, #20
100026c4:	1b89      	subs	r1, r1, r6
100026c6:	0ae6      	lsrs	r6, r4, #11
100026c8:	0564      	lsls	r4, r4, #21
100026ca:	0d64      	lsrs	r4, r4, #21
100026cc:	d002      	beq.n	100026d4 <l12_1>
100026ce:	1c65      	adds	r5, r4, #1
100026d0:	0aed      	lsrs	r5, r5, #11
100026d2:	d004      	beq.n	100026de <l12_2>

100026d4 <l12_1>:
100026d4:	2000      	movs	r0, #0
100026d6:	2101      	movs	r1, #1
100026d8:	0509      	lsls	r1, r1, #20
100026da:	3c80      	subs	r4, #128	@ 0x80
100026dc:	0324      	lsls	r4, r4, #12

100026de <l12_2>:
100026de:	46a4      	mov	ip, r4
100026e0:	0d1c      	lsrs	r4, r3, #20
100026e2:	1e67      	subs	r7, r4, #1
100026e4:	053f      	lsls	r7, r7, #20
100026e6:	1bdb      	subs	r3, r3, r7
100026e8:	0ae7      	lsrs	r7, r4, #11
100026ea:	0564      	lsls	r4, r4, #21
100026ec:	0d64      	lsrs	r4, r4, #21
100026ee:	d002      	beq.n	100026f6 <l13_1>
100026f0:	1c65      	adds	r5, r4, #1
100026f2:	0aed      	lsrs	r5, r5, #11
100026f4:	d004      	beq.n	10002700 <l13_2>

100026f6 <l13_1>:
100026f6:	2200      	movs	r2, #0
100026f8:	2301      	movs	r3, #1
100026fa:	051b      	lsls	r3, r3, #20
100026fc:	3c80      	subs	r4, #128	@ 0x80
100026fe:	0324      	lsls	r4, r4, #12

10002700 <l13_2>:
10002700:	4077      	eors	r7, r6
10002702:	4464      	add	r4, ip
10002704:	b497      	push	{r0, r1, r2, r4, r7}
10002706:	b284      	uxth	r4, r0
10002708:	b296      	uxth	r6, r2
1000270a:	4374      	muls	r4, r6
1000270c:	0c07      	lsrs	r7, r0, #16
1000270e:	437e      	muls	r6, r7
10002710:	0c15      	lsrs	r5, r2, #16
10002712:	436f      	muls	r7, r5
10002714:	b280      	uxth	r0, r0
10002716:	4368      	muls	r0, r5
10002718:	1836      	adds	r6, r6, r0
1000271a:	d302      	bcc.n	10002722 <l14_1>
1000271c:	2001      	movs	r0, #1
1000271e:	0400      	lsls	r0, r0, #16
10002720:	183f      	adds	r7, r7, r0

10002722 <l14_1>:
10002722:	0430      	lsls	r0, r6, #16
10002724:	0c35      	lsrs	r5, r6, #16
10002726:	1900      	adds	r0, r0, r4
10002728:	417d      	adcs	r5, r7
1000272a:	4684      	mov	ip, r0
1000272c:	b288      	uxth	r0, r1
1000272e:	b29a      	uxth	r2, r3
10002730:	4350      	muls	r0, r2
10002732:	0c0c      	lsrs	r4, r1, #16
10002734:	4362      	muls	r2, r4
10002736:	0c1f      	lsrs	r7, r3, #16
10002738:	437c      	muls	r4, r7
1000273a:	b28e      	uxth	r6, r1
1000273c:	437e      	muls	r6, r7
1000273e:	1992      	adds	r2, r2, r6
10002740:	d302      	bcc.n	10002748 <l15_1>
10002742:	2601      	movs	r6, #1
10002744:	0436      	lsls	r6, r6, #16
10002746:	19a4      	adds	r4, r4, r6

10002748 <l15_1>:
10002748:	0416      	lsls	r6, r2, #16
1000274a:	0c17      	lsrs	r7, r2, #16
1000274c:	1836      	adds	r6, r6, r0
1000274e:	4167      	adcs	r7, r4
10002750:	bc01      	pop	{r0}
10002752:	b281      	uxth	r1, r0
10002754:	b29a      	uxth	r2, r3
10002756:	4351      	muls	r1, r2
10002758:	0c04      	lsrs	r4, r0, #16
1000275a:	4362      	muls	r2, r4
1000275c:	0c1b      	lsrs	r3, r3, #16
1000275e:	435c      	muls	r4, r3
10002760:	b280      	uxth	r0, r0
10002762:	4358      	muls	r0, r3
10002764:	1812      	adds	r2, r2, r0
10002766:	d302      	bcc.n	1000276e <l16_1>
10002768:	2001      	movs	r0, #1
1000276a:	0400      	lsls	r0, r0, #16
1000276c:	1824      	adds	r4, r4, r0

1000276e <l16_1>:
1000276e:	0410      	lsls	r0, r2, #16
10002770:	0c13      	lsrs	r3, r2, #16
10002772:	1840      	adds	r0, r0, r1
10002774:	4163      	adcs	r3, r4
10002776:	182d      	adds	r5, r5, r0
10002778:	415e      	adcs	r6, r3
1000277a:	2000      	movs	r0, #0
1000277c:	4147      	adcs	r7, r0
1000277e:	bc06      	pop	{r1, r2}
10002780:	b288      	uxth	r0, r1
10002782:	b293      	uxth	r3, r2
10002784:	4358      	muls	r0, r3
10002786:	0c0c      	lsrs	r4, r1, #16
10002788:	4363      	muls	r3, r4
1000278a:	0c12      	lsrs	r2, r2, #16
1000278c:	4354      	muls	r4, r2
1000278e:	b289      	uxth	r1, r1
10002790:	4351      	muls	r1, r2
10002792:	185b      	adds	r3, r3, r1
10002794:	d302      	bcc.n	1000279c <l17_1>
10002796:	2101      	movs	r1, #1
10002798:	0409      	lsls	r1, r1, #16
1000279a:	1864      	adds	r4, r4, r1

1000279c <l17_1>:
1000279c:	0419      	lsls	r1, r3, #16
1000279e:	0c1a      	lsrs	r2, r3, #16
100027a0:	1809      	adds	r1, r1, r0
100027a2:	4162      	adcs	r2, r4
100027a4:	186d      	adds	r5, r5, r1
100027a6:	4156      	adcs	r6, r2
100027a8:	2000      	movs	r0, #0
100027aa:	4147      	adcs	r7, r0
100027ac:	bc18      	pop	{r3, r4}
100027ae:	02f9      	lsls	r1, r7, #11
100027b0:	0d72      	lsrs	r2, r6, #21
100027b2:	4311      	orrs	r1, r2
100027b4:	02f0      	lsls	r0, r6, #11
100027b6:	0d6a      	lsrs	r2, r5, #21
100027b8:	4310      	orrs	r0, r2
100027ba:	02ed      	lsls	r5, r5, #11
100027bc:	0d0a      	lsrs	r2, r1, #20
100027be:	d103      	bne.n	100027c8 <l17_1+0x2c>
100027c0:	196d      	adds	r5, r5, r5
100027c2:	4140      	adcs	r0, r0
100027c4:	4149      	adcs	r1, r1
100027c6:	3b01      	subs	r3, #1
100027c8:	4e12      	ldr	r6, [pc, #72]	@ (10002814 <dm_1+0xa>)
100027ca:	1b9b      	subs	r3, r3, r6
100027cc:	0076      	lsls	r6, r6, #1
100027ce:	42b3      	cmp	r3, r6
100027d0:	d20e      	bcs.n	100027f0 <dm_0>
100027d2:	006d      	lsls	r5, r5, #1
100027d4:	d307      	bcc.n	100027e6 <l17_1+0x4a>
100027d6:	3001      	adds	r0, #1
100027d8:	2600      	movs	r6, #0
100027da:	4171      	adcs	r1, r6
100027dc:	4666      	mov	r6, ip
100027de:	4335      	orrs	r5, r6
100027e0:	d101      	bne.n	100027e6 <l17_1+0x4a>
100027e2:	0840      	lsrs	r0, r0, #1
100027e4:	0040      	lsls	r0, r0, #1
100027e6:	051b      	lsls	r3, r3, #20
100027e8:	18c9      	adds	r1, r1, r3

100027ea <dm_2>:
100027ea:	07e4      	lsls	r4, r4, #31
100027ec:	4421      	add	r1, r4
100027ee:	bdf0      	pop	{r4, r5, r6, r7, pc}

100027f0 <dm_0>:
100027f0:	da0b      	bge.n	1000280a <dm_1>
100027f2:	3301      	adds	r3, #1
100027f4:	d106      	bne.n	10002804 <dm_0+0x14>
100027f6:	3001      	adds	r0, #1
100027f8:	d104      	bne.n	10002804 <dm_0+0x14>
100027fa:	3101      	adds	r1, #1
100027fc:	0d4f      	lsrs	r7, r1, #21
100027fe:	d001      	beq.n	10002804 <dm_0+0x14>
10002800:	0849      	lsrs	r1, r1, #1
10002802:	e7f2      	b.n	100027ea <dm_2>
10002804:	07e1      	lsls	r1, r4, #31
10002806:	2000      	movs	r0, #0
10002808:	bdf0      	pop	{r4, r5, r6, r7, pc}

1000280a <dm_1>:
1000280a:	3601      	adds	r6, #1
1000280c:	0531      	lsls	r1, r6, #20
1000280e:	2000      	movs	r0, #0
10002810:	e7eb      	b.n	100027ea <dm_2>
10002812:	0000      	.short	0x0000
10002814:	000003ff 	.word	0x000003ff

10002818 <ddiv_shim>:
10002818:	b5f0      	push	{r4, r5, r6, r7, lr}

1000281a <ddiv0>:
1000281a:	0d1c      	lsrs	r4, r3, #20
1000281c:	1e67      	subs	r7, r4, #1
1000281e:	053f      	lsls	r7, r7, #20
10002820:	1bdb      	subs	r3, r3, r7
10002822:	0ae7      	lsrs	r7, r4, #11
10002824:	0564      	lsls	r4, r4, #21
10002826:	0d64      	lsrs	r4, r4, #21
10002828:	d002      	beq.n	10002830 <l20_1>
1000282a:	1c66      	adds	r6, r4, #1
1000282c:	0af6      	lsrs	r6, r6, #11
1000282e:	d004      	beq.n	1000283a <l20_2>

10002830 <l20_1>:
10002830:	2200      	movs	r2, #0
10002832:	2301      	movs	r3, #1
10002834:	051b      	lsls	r3, r3, #20
10002836:	3c80      	subs	r4, #128	@ 0x80
10002838:	0324      	lsls	r4, r4, #12

1000283a <l20_2>:
1000283a:	25d0      	movs	r5, #208	@ 0xd0
1000283c:	062d      	lsls	r5, r5, #24
1000283e:	2600      	movs	r6, #0
10002840:	43f6      	mvns	r6, r6
10002842:	662e      	str	r6, [r5, #96]	@ 0x60
10002844:	091e      	lsrs	r6, r3, #4
10002846:	666e      	str	r6, [r5, #100]	@ 0x64
10002848:	0fce      	lsrs	r6, r1, #31
1000284a:	19f6      	adds	r6, r6, r7
1000284c:	46b4      	mov	ip, r6
1000284e:	0049      	lsls	r1, r1, #1
10002850:	0d4f      	lsrs	r7, r1, #21
10002852:	d002      	beq.n	1000285a <l20_2+0x20>
10002854:	1c7e      	adds	r6, r7, #1
10002856:	0af6      	lsrs	r6, r6, #11
10002858:	d003      	beq.n	10002862 <l20_2+0x28>
1000285a:	2000      	movs	r0, #0
1000285c:	2100      	movs	r1, #0
1000285e:	3f40      	subs	r7, #64	@ 0x40
10002860:	033f      	lsls	r7, r7, #12
10002862:	1b3e      	subs	r6, r7, r4
10002864:	00b6      	lsls	r6, r6, #2
10002866:	44b4      	add	ip, r6
10002868:	3f01      	subs	r7, #1
1000286a:	057f      	lsls	r7, r7, #21
1000286c:	1bc9      	subs	r1, r1, r7
1000286e:	0849      	lsrs	r1, r1, #1
10002870:	6f2e      	ldr	r6, [r5, #112]	@ 0x70
10002872:	3601      	adds	r6, #1
10002874:	0876      	lsrs	r6, r6, #1
10002876:	029c      	lsls	r4, r3, #10
10002878:	0d95      	lsrs	r5, r2, #22
1000287a:	4325      	orrs	r5, r4
1000287c:	4375      	muls	r5, r6
1000287e:	13ed      	asrs	r5, r5, #15
10002880:	4375      	muls	r5, r6
10002882:	13ad      	asrs	r5, r5, #14
10002884:	3501      	adds	r5, #1
10002886:	106d      	asrs	r5, r5, #1
10002888:	03f6      	lsls	r6, r6, #15
1000288a:	1b76      	subs	r6, r6, r5
1000288c:	b40c      	push	{r2, r3}
1000288e:	02cc      	lsls	r4, r1, #11
10002890:	0d45      	lsrs	r5, r0, #21
10002892:	432c      	orrs	r4, r5
10002894:	b2a2      	uxth	r2, r4
10002896:	b2b3      	uxth	r3, r6
10002898:	435a      	muls	r2, r3
1000289a:	0c27      	lsrs	r7, r4, #16
1000289c:	437b      	muls	r3, r7
1000289e:	0c35      	lsrs	r5, r6, #16
100028a0:	436f      	muls	r7, r5
100028a2:	b2a4      	uxth	r4, r4
100028a4:	436c      	muls	r4, r5
100028a6:	191b      	adds	r3, r3, r4
100028a8:	d302      	bcc.n	100028b0 <l21_1>
100028aa:	2401      	movs	r4, #1
100028ac:	0424      	lsls	r4, r4, #16
100028ae:	193f      	adds	r7, r7, r4

100028b0 <l21_1>:
100028b0:	041c      	lsls	r4, r3, #16
100028b2:	0c1d      	lsrs	r5, r3, #16
100028b4:	18a4      	adds	r4, r4, r2
100028b6:	417d      	adcs	r5, r7
100028b8:	1924      	adds	r4, r4, r4
100028ba:	416d      	adcs	r5, r5
100028bc:	9a00      	ldr	r2, [sp, #0]
100028be:	b291      	uxth	r1, r2
100028c0:	b2ac      	uxth	r4, r5
100028c2:	4361      	muls	r1, r4
100028c4:	0c17      	lsrs	r7, r2, #16
100028c6:	437c      	muls	r4, r7
100028c8:	0c2b      	lsrs	r3, r5, #16
100028ca:	435f      	muls	r7, r3
100028cc:	b292      	uxth	r2, r2
100028ce:	435a      	muls	r2, r3
100028d0:	18a4      	adds	r4, r4, r2
100028d2:	d302      	bcc.n	100028da <l22_1>
100028d4:	2201      	movs	r2, #1
100028d6:	0412      	lsls	r2, r2, #16
100028d8:	18bf      	adds	r7, r7, r2

100028da <l22_1>:
100028da:	0422      	lsls	r2, r4, #16
100028dc:	0c23      	lsrs	r3, r4, #16
100028de:	1852      	adds	r2, r2, r1
100028e0:	417b      	adcs	r3, r7
100028e2:	9c01      	ldr	r4, [sp, #4]
100028e4:	436c      	muls	r4, r5
100028e6:	191b      	adds	r3, r3, r4
100028e8:	0e52      	lsrs	r2, r2, #25
100028ea:	01d9      	lsls	r1, r3, #7
100028ec:	430a      	orrs	r2, r1
100028ee:	0144      	lsls	r4, r0, #5
100028f0:	1aa0      	subs	r0, r4, r2
100028f2:	b281      	uxth	r1, r0
100028f4:	b2b2      	uxth	r2, r6
100028f6:	4351      	muls	r1, r2
100028f8:	1403      	asrs	r3, r0, #16
100028fa:	435a      	muls	r2, r3
100028fc:	0c36      	lsrs	r6, r6, #16
100028fe:	4373      	muls	r3, r6
10002900:	b287      	uxth	r7, r0
10002902:	4377      	muls	r7, r6
10002904:	17d6      	asrs	r6, r2, #31
10002906:	19d2      	adds	r2, r2, r7
10002908:	2700      	movs	r7, #0
1000290a:	417e      	adcs	r6, r7
1000290c:	0436      	lsls	r6, r6, #16
1000290e:	199b      	adds	r3, r3, r6
10002910:	0417      	lsls	r7, r2, #16
10002912:	0c16      	lsrs	r6, r2, #16
10002914:	187f      	adds	r7, r7, r1
10002916:	415e      	adcs	r6, r3
10002918:	1673      	asrs	r3, r6, #25
1000291a:	18ed      	adds	r5, r5, r3
1000291c:	01f3      	lsls	r3, r6, #7
1000291e:	2600      	movs	r6, #0
10002920:	3380      	adds	r3, #128	@ 0x80
10002922:	4175      	adcs	r5, r6
10002924:	0fa9      	lsrs	r1, r5, #30
10002926:	d106      	bne.n	10002936 <dd_0>
10002928:	0064      	lsls	r4, r4, #1
1000292a:	0a69      	lsrs	r1, r5, #9
1000292c:	05e8      	lsls	r0, r5, #23
1000292e:	0a5b      	lsrs	r3, r3, #9
10002930:	4318      	orrs	r0, r3
10002932:	d209      	bcs.n	10002948 <dd_1>
10002934:	e02f      	b.n	10002996 <dd_2>

10002936 <dd_0>:
10002936:	2204      	movs	r2, #4
10002938:	4494      	add	ip, r2
1000293a:	3380      	adds	r3, #128	@ 0x80
1000293c:	4175      	adcs	r5, r6
1000293e:	0aa9      	lsrs	r1, r5, #10
10002940:	05a8      	lsls	r0, r5, #22
10002942:	0a9b      	lsrs	r3, r3, #10
10002944:	4318      	orrs	r0, r3
10002946:	d326      	bcc.n	10002996 <dd_2>

10002948 <dd_1>:
10002948:	4140      	adcs	r0, r0
1000294a:	4149      	adcs	r1, r1
1000294c:	0424      	lsls	r4, r4, #16
1000294e:	9a00      	ldr	r2, [sp, #0]
10002950:	9b01      	ldr	r3, [sp, #4]
10002952:	000d      	movs	r5, r1
10002954:	4355      	muls	r5, r2
10002956:	1b64      	subs	r4, r4, r5
10002958:	4343      	muls	r3, r0
1000295a:	1ae4      	subs	r4, r4, r3
1000295c:	b295      	uxth	r5, r2
1000295e:	b286      	uxth	r6, r0
10002960:	4375      	muls	r5, r6
10002962:	0c17      	lsrs	r7, r2, #16
10002964:	437e      	muls	r6, r7
10002966:	0c03      	lsrs	r3, r0, #16
10002968:	435f      	muls	r7, r3
1000296a:	b292      	uxth	r2, r2
1000296c:	435a      	muls	r2, r3
1000296e:	18b6      	adds	r6, r6, r2
10002970:	d302      	bcc.n	10002978 <l24_1>
10002972:	2201      	movs	r2, #1
10002974:	0412      	lsls	r2, r2, #16
10002976:	18bf      	adds	r7, r7, r2

10002978 <l24_1>:
10002978:	0432      	lsls	r2, r6, #16
1000297a:	0c33      	lsrs	r3, r6, #16
1000297c:	1952      	adds	r2, r2, r5
1000297e:	417b      	adcs	r3, r7
10002980:	4252      	negs	r2, r2
10002982:	419c      	sbcs	r4, r3
10002984:	2c00      	cmp	r4, #0
10002986:	d402      	bmi.n	1000298e <l24_1+0x16>
10002988:	2200      	movs	r2, #0
1000298a:	3001      	adds	r0, #1
1000298c:	4151      	adcs	r1, r2
1000298e:	0840      	lsrs	r0, r0, #1
10002990:	07ca      	lsls	r2, r1, #31
10002992:	4310      	orrs	r0, r2
10002994:	0849      	lsrs	r1, r1, #1

10002996 <dd_2>:
10002996:	b002      	add	sp, #8
10002998:	4662      	mov	r2, ip
1000299a:	07d7      	lsls	r7, r2, #31
1000299c:	1092      	asrs	r2, r2, #2
1000299e:	4b08      	ldr	r3, [pc, #32]	@ (100029c0 <dd_4+0x6>)
100029a0:	18d2      	adds	r2, r2, r3
100029a2:	4b08      	ldr	r3, [pc, #32]	@ (100029c4 <dd_4+0xa>)
100029a4:	429a      	cmp	r2, r3
100029a6:	d203      	bcs.n	100029b0 <dd_3>
100029a8:	0512      	lsls	r2, r2, #20
100029aa:	1889      	adds	r1, r1, r2

100029ac <dd_5>:
100029ac:	19c9      	adds	r1, r1, r7
100029ae:	bdf0      	pop	{r4, r5, r6, r7, pc}

100029b0 <dd_3>:
100029b0:	2000      	movs	r0, #0
100029b2:	2a00      	cmp	r2, #0
100029b4:	dc01      	bgt.n	100029ba <dd_4>
100029b6:	0039      	movs	r1, r7
100029b8:	bdf0      	pop	{r4, r5, r6, r7, pc}

100029ba <dd_4>:
100029ba:	3301      	adds	r3, #1
100029bc:	0519      	lsls	r1, r3, #20
100029be:	e7f5      	b.n	100029ac <dd_5>
100029c0:	000003fd 	.word	0x000003fd
100029c4:	000007fe 	.word	0x000007fe

100029c8 <double2uint_shim>:
100029c8:	2200      	movs	r2, #0

100029ca <double2ufix_shim>:
100029ca:	b500      	push	{lr}
100029cc:	3220      	adds	r2, #32
100029ce:	f000 f804 	bl	100029da <double2ufix64_shim>
100029d2:	0008      	movs	r0, r1
100029d4:	bd00      	pop	{pc}
	...

100029d8 <double2uint64_shim>:
100029d8:	2200      	movs	r2, #0

100029da <double2ufix64_shim>:
100029da:	150b      	asrs	r3, r1, #20
100029dc:	d40a      	bmi.n	100029f4 <ret_dzero>

100029de <d2fix>:
100029de:	b510      	push	{r4, lr}
100029e0:	4694      	mov	ip, r2
100029e2:	f000 f831 	bl	10002a48 <dunpacks>
100029e6:	1414      	asrs	r4, r2, #16
100029e8:	3401      	adds	r4, #1
100029ea:	da00      	bge.n	100029ee <d2fix+0x10>
100029ec:	2100      	movs	r1, #0
100029ee:	17cb      	asrs	r3, r1, #31
100029f0:	4c14      	ldr	r4, [pc, #80]	@ (10002a44 <d2fix_a+0x4a>)
100029f2:	4720      	bx	r4

100029f4 <ret_dzero>:
100029f4:	2000      	movs	r0, #0
100029f6:	2100      	movs	r1, #0
100029f8:	4770      	bx	lr

100029fa <d2fix_a>:
100029fa:	4462      	add	r2, ip
100029fc:	3a34      	subs	r2, #52	@ 0x34
100029fe:	d40c      	bmi.n	10002a1a <d2fix_a+0x20>
10002a00:	2a0c      	cmp	r2, #12
10002a02:	da07      	bge.n	10002a14 <d2fix_a+0x1a>
10002a04:	0004      	movs	r4, r0
10002a06:	4091      	lsls	r1, r2
10002a08:	4090      	lsls	r0, r2
10002a0a:	4252      	negs	r2, r2
10002a0c:	3220      	adds	r2, #32
10002a0e:	40d4      	lsrs	r4, r2
10002a10:	4321      	orrs	r1, r4
10002a12:	bd10      	pop	{r4, pc}
10002a14:	43d8      	mvns	r0, r3
10002a16:	43d9      	mvns	r1, r3
10002a18:	bd10      	pop	{r4, pc}
10002a1a:	3220      	adds	r2, #32
10002a1c:	d407      	bmi.n	10002a2e <d2fix_a+0x34>
10002a1e:	460c      	mov	r4, r1
10002a20:	4094      	lsls	r4, r2
10002a22:	4252      	negs	r2, r2
10002a24:	3220      	adds	r2, #32
10002a26:	4111      	asrs	r1, r2
10002a28:	40d0      	lsrs	r0, r2
10002a2a:	4320      	orrs	r0, r4
10002a2c:	bd10      	pop	{r4, pc}
10002a2e:	0008      	movs	r0, r1
10002a30:	17c9      	asrs	r1, r1, #31
10002a32:	3220      	adds	r2, #32
10002a34:	d403      	bmi.n	10002a3e <d2fix_a+0x44>
10002a36:	4252      	negs	r2, r2
10002a38:	3220      	adds	r2, #32
10002a3a:	4110      	asrs	r0, r2
10002a3c:	bd10      	pop	{r4, pc}
10002a3e:	0018      	movs	r0, r3
10002a40:	0019      	movs	r1, r3
10002a42:	bd10      	pop	{r4, pc}
10002a44:	100029fb 	.word	0x100029fb

10002a48 <dunpacks>:
10002a48:	0d0a      	lsrs	r2, r1, #20
10002a4a:	0fcc      	lsrs	r4, r1, #31
10002a4c:	1e53      	subs	r3, r2, #1
10002a4e:	051b      	lsls	r3, r3, #20
10002a50:	1ac9      	subs	r1, r1, r3
10002a52:	0552      	lsls	r2, r2, #21
10002a54:	d303      	bcc.n	10002a5e <l60_1>
10002a56:	43c9      	mvns	r1, r1
10002a58:	4240      	negs	r0, r0
10002a5a:	d300      	bcc.n	10002a5e <l60_1>
10002a5c:	3101      	adds	r1, #1

10002a5e <l60_1>:
10002a5e:	0d52      	lsrs	r2, r2, #21
10002a60:	d003      	beq.n	10002a6a <l60_2>
10002a62:	1c53      	adds	r3, r2, #1
10002a64:	0adb      	lsrs	r3, r3, #11
10002a66:	d007      	beq.n	10002a78 <l60_3>
10002a68:	1b12      	subs	r2, r2, r4

10002a6a <l60_2>:
10002a6a:	2000      	movs	r0, #0
10002a6c:	0064      	lsls	r4, r4, #1
10002a6e:	1c61      	adds	r1, r4, #1
10002a70:	0789      	lsls	r1, r1, #30
10002a72:	1289      	asrs	r1, r1, #10
10002a74:	3a80      	subs	r2, #128	@ 0x80
10002a76:	0312      	lsls	r2, r2, #12

10002a78 <l60_3>:
10002a78:	4b01      	ldr	r3, [pc, #4]	@ (10002a80 <l60_3+0x8>)
10002a7a:	1ad2      	subs	r2, r2, r3
10002a7c:	4770      	bx	lr
10002a7e:	0000      	.short	0x0000
10002a80:	000003ff 	.word	0x000003ff

10002a84 <__wrap___aeabi_lmul>:
10002a84:	4351      	muls	r1, r2
10002a86:	4343      	muls	r3, r0
10002a88:	18c9      	adds	r1, r1, r3
10002a8a:	468c      	mov	ip, r1
10002a8c:	0c11      	lsrs	r1, r2, #16
10002a8e:	b283      	uxth	r3, r0
10002a90:	434b      	muls	r3, r1
10002a92:	b410      	push	{r4}
10002a94:	0c04      	lsrs	r4, r0, #16
10002a96:	4361      	muls	r1, r4
10002a98:	b292      	uxth	r2, r2
10002a9a:	b280      	uxth	r0, r0
10002a9c:	4350      	muls	r0, r2
10002a9e:	4362      	muls	r2, r4
10002aa0:	041c      	lsls	r4, r3, #16
10002aa2:	0c1b      	lsrs	r3, r3, #16
10002aa4:	1900      	adds	r0, r0, r4
10002aa6:	bc10      	pop	{r4}
10002aa8:	4159      	adcs	r1, r3
10002aaa:	0413      	lsls	r3, r2, #16
10002aac:	0c12      	lsrs	r2, r2, #16
10002aae:	18c0      	adds	r0, r0, r3
10002ab0:	4151      	adcs	r1, r2
10002ab2:	4461      	add	r1, ip
10002ab4:	4770      	bx	lr
	...

10002ab8 <__aeabi_float_init>:
10002ab8:	2313      	movs	r3, #19
10002aba:	b510      	push	{r4, lr}
10002abc:	781c      	ldrb	r4, [r3, #0]
10002abe:	4813      	ldr	r0, [pc, #76]	@ (10002b0c <__aeabi_float_init+0x54>)
10002ac0:	f7ff f818 	bl	10001af4 <rom_data_lookup>
10002ac4:	2c01      	cmp	r4, #1
10002ac6:	d00b      	beq.n	10002ae0 <__aeabi_float_init+0x28>
10002ac8:	dd04      	ble.n	10002ad4 <__aeabi_float_init+0x1c>
10002aca:	0001      	movs	r1, r0
10002acc:	2280      	movs	r2, #128	@ 0x80
10002ace:	4810      	ldr	r0, [pc, #64]	@ (10002b10 <__aeabi_float_init+0x58>)
10002ad0:	f000 f84a 	bl	10002b68 <__wrap___aeabi_memcpy>
10002ad4:	480f      	ldr	r0, [pc, #60]	@ (10002b14 <__aeabi_float_init+0x5c>)
10002ad6:	f7ff f805 	bl	10001ae4 <rom_func_lookup>
10002ada:	4b0f      	ldr	r3, [pc, #60]	@ (10002b18 <__aeabi_float_init+0x60>)
10002adc:	6018      	str	r0, [r3, #0]
10002ade:	bd10      	pop	{r4, pc}
10002ae0:	4c0b      	ldr	r4, [pc, #44]	@ (10002b10 <__aeabi_float_init+0x58>)
10002ae2:	0001      	movs	r1, r0
10002ae4:	2254      	movs	r2, #84	@ 0x54
10002ae6:	0020      	movs	r0, r4
10002ae8:	f000 f83e 	bl	10002b68 <__wrap___aeabi_memcpy>
10002aec:	4b0b      	ldr	r3, [pc, #44]	@ (10002b1c <__aeabi_float_init+0x64>)
10002aee:	6563      	str	r3, [r4, #84]	@ 0x54
10002af0:	65a3      	str	r3, [r4, #88]	@ 0x58
10002af2:	65e3      	str	r3, [r4, #92]	@ 0x5c
10002af4:	6623      	str	r3, [r4, #96]	@ 0x60
10002af6:	6663      	str	r3, [r4, #100]	@ 0x64
10002af8:	66a3      	str	r3, [r4, #104]	@ 0x68
10002afa:	66e3      	str	r3, [r4, #108]	@ 0x6c
10002afc:	6723      	str	r3, [r4, #112]	@ 0x70
10002afe:	6763      	str	r3, [r4, #116]	@ 0x74
10002b00:	67a3      	str	r3, [r4, #120]	@ 0x78
10002b02:	67e3      	str	r3, [r4, #124]	@ 0x7c
10002b04:	6223      	str	r3, [r4, #32]
10002b06:	61e3      	str	r3, [r4, #28]
10002b08:	e7e4      	b.n	10002ad4 <__aeabi_float_init+0x1c>
10002b0a:	46c0      	nop			@ (mov r8, r8)
10002b0c:	00004653 	.word	0x00004653
10002b10:	20001408 	.word	0x20001408
10002b14:	0000334c 	.word	0x0000334c
10002b18:	20001eb4 	.word	0x20001eb4
10002b1c:	10002b21 	.word	0x10002b21

10002b20 <float_table_shim_on_use_helper>:
10002b20:	b507      	push	{r0, r1, r2, lr}
10002b22:	4660      	mov	r0, ip
10002b24:	8801      	ldrh	r1, [r0, #0]
10002b26:	0a0a      	lsrs	r2, r1, #8
10002b28:	3002      	adds	r0, #2
10002b2a:	2adf      	cmp	r2, #223	@ 0xdf
10002b2c:	d1fa      	bne.n	10002b24 <float_table_shim_on_use_helper+0x4>
10002b2e:	b2c9      	uxtb	r1, r1
10002b30:	0882      	lsrs	r2, r0, #2
10002b32:	d304      	bcc.n	10002b3e <float_table_shim_on_use_helper+0x1e>
10002b34:	8802      	ldrh	r2, [r0, #0]
10002b36:	8840      	ldrh	r0, [r0, #2]
10002b38:	0400      	lsls	r0, r0, #16
10002b3a:	4310      	orrs	r0, r2
10002b3c:	e000      	b.n	10002b40 <float_table_shim_on_use_helper+0x20>
10002b3e:	6800      	ldr	r0, [r0, #0]
10002b40:	4a01      	ldr	r2, [pc, #4]	@ (10002b48 <float_table_shim_on_use_helper+0x28>)
10002b42:	5050      	str	r0, [r2, r1]
10002b44:	9003      	str	r0, [sp, #12]
10002b46:	bd07      	pop	{r0, r1, r2, pc}
10002b48:	20001408 	.word	0x20001408

10002b4c <__aeabi_mem_init>:
10002b4c:	4801      	ldr	r0, [pc, #4]	@ (10002b54 <__aeabi_mem_init+0x8>)
10002b4e:	2104      	movs	r1, #4
10002b50:	4b01      	ldr	r3, [pc, #4]	@ (10002b58 <__aeabi_mem_init+0xc>)
10002b52:	4718      	bx	r3
10002b54:	20001040 	.word	0x20001040
10002b58:	10001b05 	.word	0x10001b05

10002b5c <__wrap_memset>:
10002b5c:	4b01      	ldr	r3, [pc, #4]	@ (10002b64 <__wrap_memset+0x8>)
10002b5e:	681b      	ldr	r3, [r3, #0]
10002b60:	4718      	bx	r3
10002b62:	0000      	.short	0x0000
10002b64:	20001040 	.word	0x20001040

10002b68 <__wrap___aeabi_memcpy>:
10002b68:	4b01      	ldr	r3, [pc, #4]	@ (10002b70 <__wrap___aeabi_memcpy+0x8>)
10002b6a:	685b      	ldr	r3, [r3, #4]
10002b6c:	4718      	bx	r3
10002b6e:	0000      	.short	0x0000
10002b70:	20001040 	.word	0x20001040

10002b74 <_out_null>:
10002b74:	4770      	bx	lr
10002b76:	46c0      	nop			@ (mov r8, r8)

10002b78 <_out_rev>:
10002b78:	b5f8      	push	{r3, r4, r5, r6, r7, lr}
10002b7a:	46de      	mov	lr, fp
10002b7c:	4657      	mov	r7, sl
10002b7e:	464e      	mov	r6, r9
10002b80:	4645      	mov	r5, r8
10002b82:	b5e0      	push	{r5, r6, r7, lr}
10002b84:	4699      	mov	r9, r3
10002b86:	9b0d      	ldr	r3, [sp, #52]	@ 0x34
10002b88:	0007      	movs	r7, r0
10002b8a:	4688      	mov	r8, r1
10002b8c:	4693      	mov	fp, r2
10002b8e:	079b      	lsls	r3, r3, #30
10002b90:	d028      	beq.n	10002be4 <_out_rev+0x6c>
10002b92:	9b0b      	ldr	r3, [sp, #44]	@ 0x2c
10002b94:	2b00      	cmp	r3, #0
10002b96:	d03c      	beq.n	10002c12 <_out_rev+0x9a>
10002b98:	0016      	movs	r6, r2
10002b9a:	9c0b      	ldr	r4, [sp, #44]	@ 0x2c
10002b9c:	9d0a      	ldr	r5, [sp, #40]	@ 0x28
10002b9e:	1936      	adds	r6, r6, r4
10002ba0:	1b32      	subs	r2, r6, r4
10002ba2:	3c01      	subs	r4, #1
10002ba4:	464b      	mov	r3, r9
10002ba6:	4641      	mov	r1, r8
10002ba8:	5d28      	ldrb	r0, [r5, r4]
10002baa:	47b8      	blx	r7
10002bac:	2c00      	cmp	r4, #0
10002bae:	d1f7      	bne.n	10002ba0 <_out_rev+0x28>
10002bb0:	0035      	movs	r5, r6
10002bb2:	9b0d      	ldr	r3, [sp, #52]	@ 0x34
10002bb4:	079b      	lsls	r3, r3, #30
10002bb6:	d50e      	bpl.n	10002bd6 <_out_rev+0x5e>
10002bb8:	465b      	mov	r3, fp
10002bba:	1aec      	subs	r4, r5, r3
10002bbc:	9b0c      	ldr	r3, [sp, #48]	@ 0x30
10002bbe:	42a3      	cmp	r3, r4
10002bc0:	d909      	bls.n	10002bd6 <_out_rev+0x5e>
10002bc2:	001e      	movs	r6, r3
10002bc4:	002a      	movs	r2, r5
10002bc6:	464b      	mov	r3, r9
10002bc8:	4641      	mov	r1, r8
10002bca:	2020      	movs	r0, #32
10002bcc:	3401      	adds	r4, #1
10002bce:	47b8      	blx	r7
10002bd0:	3501      	adds	r5, #1
10002bd2:	42b4      	cmp	r4, r6
10002bd4:	d3f6      	bcc.n	10002bc4 <_out_rev+0x4c>
10002bd6:	0028      	movs	r0, r5
10002bd8:	bcf0      	pop	{r4, r5, r6, r7}
10002bda:	46bb      	mov	fp, r7
10002bdc:	46b2      	mov	sl, r6
10002bde:	46a9      	mov	r9, r5
10002be0:	46a0      	mov	r8, r4
10002be2:	bdf8      	pop	{r3, r4, r5, r6, r7, pc}
10002be4:	9b0b      	ldr	r3, [sp, #44]	@ 0x2c
10002be6:	9a0c      	ldr	r2, [sp, #48]	@ 0x30
10002be8:	4293      	cmp	r3, r2
10002bea:	d214      	bcs.n	10002c16 <_out_rev+0x9e>
10002bec:	0013      	movs	r3, r2
10002bee:	465d      	mov	r5, fp
10002bf0:	000c      	movs	r4, r1
10002bf2:	9a0b      	ldr	r2, [sp, #44]	@ 0x2c
10002bf4:	1a9e      	subs	r6, r3, r2
10002bf6:	1976      	adds	r6, r6, r5
10002bf8:	002a      	movs	r2, r5
10002bfa:	464b      	mov	r3, r9
10002bfc:	3501      	adds	r5, #1
10002bfe:	0021      	movs	r1, r4
10002c00:	2020      	movs	r0, #32
10002c02:	47b8      	blx	r7
10002c04:	42b5      	cmp	r5, r6
10002c06:	d1f7      	bne.n	10002bf8 <_out_rev+0x80>
10002c08:	9b0b      	ldr	r3, [sp, #44]	@ 0x2c
10002c0a:	46a0      	mov	r8, r4
10002c0c:	2b00      	cmp	r3, #0
10002c0e:	d1c4      	bne.n	10002b9a <_out_rev+0x22>
10002c10:	e7e1      	b.n	10002bd6 <_out_rev+0x5e>
10002c12:	0015      	movs	r5, r2
10002c14:	e7cd      	b.n	10002bb2 <_out_rev+0x3a>
10002c16:	465e      	mov	r6, fp
10002c18:	2b00      	cmp	r3, #0
10002c1a:	d1be      	bne.n	10002b9a <_out_rev+0x22>
10002c1c:	465d      	mov	r5, fp
10002c1e:	e7da      	b.n	10002bd6 <_out_rev+0x5e>

10002c20 <_ntoa_format>:
10002c20:	b5f0      	push	{r4, r5, r6, r7, lr}
10002c22:	464f      	mov	r7, r9
10002c24:	46d6      	mov	lr, sl
10002c26:	4646      	mov	r6, r8
10002c28:	b5c0      	push	{r6, r7, lr}
10002c2a:	b084      	sub	sp, #16
10002c2c:	469c      	mov	ip, r3
10002c2e:	ab0e      	add	r3, sp, #56	@ 0x38
10002c30:	781f      	ldrb	r7, [r3, #0]
10002c32:	9b12      	ldr	r3, [sp, #72]	@ 0x48
10002c34:	4691      	mov	r9, r2
10002c36:	46ba      	mov	sl, r7
10002c38:	9c0d      	ldr	r4, [sp, #52]	@ 0x34
10002c3a:	9e10      	ldr	r6, [sp, #64]	@ 0x40
10002c3c:	9d11      	ldr	r5, [sp, #68]	@ 0x44
10002c3e:	079b      	lsls	r3, r3, #30
10002c40:	d44c      	bmi.n	10002cdc <_ntoa_format+0xbc>
10002c42:	2d00      	cmp	r5, #0
10002c44:	d141      	bne.n	10002cca <_ntoa_format+0xaa>
10002c46:	42b4      	cmp	r4, r6
10002c48:	d248      	bcs.n	10002cdc <_ntoa_format+0xbc>
10002c4a:	2301      	movs	r3, #1
10002c4c:	9f12      	ldr	r7, [sp, #72]	@ 0x48
10002c4e:	401f      	ands	r7, r3
10002c50:	46b8      	mov	r8, r7
10002c52:	9b0c      	ldr	r3, [sp, #48]	@ 0x30
10002c54:	1e5f      	subs	r7, r3, #1
10002c56:	2330      	movs	r3, #48	@ 0x30
10002c58:	e003      	b.n	10002c62 <_ntoa_format+0x42>
10002c5a:	3401      	adds	r4, #1
10002c5c:	553b      	strb	r3, [r7, r4]
10002c5e:	42a6      	cmp	r6, r4
10002c60:	d901      	bls.n	10002c66 <_ntoa_format+0x46>
10002c62:	2c20      	cmp	r4, #32
10002c64:	d1f9      	bne.n	10002c5a <_ntoa_format+0x3a>
10002c66:	4643      	mov	r3, r8
10002c68:	2b00      	cmp	r3, #0
10002c6a:	d100      	bne.n	10002c6e <_ntoa_format+0x4e>
10002c6c:	e087      	b.n	10002d7e <_ntoa_format+0x15e>
10002c6e:	9b0c      	ldr	r3, [sp, #48]	@ 0x30
10002c70:	1e5f      	subs	r7, r3, #1
10002c72:	2330      	movs	r3, #48	@ 0x30
10002c74:	42a5      	cmp	r5, r4
10002c76:	d804      	bhi.n	10002c82 <_ntoa_format+0x62>
10002c78:	e030      	b.n	10002cdc <_ntoa_format+0xbc>
10002c7a:	3401      	adds	r4, #1
10002c7c:	553b      	strb	r3, [r7, r4]
10002c7e:	42ac      	cmp	r4, r5
10002c80:	d02c      	beq.n	10002cdc <_ntoa_format+0xbc>
10002c82:	2c20      	cmp	r4, #32
10002c84:	d1f9      	bne.n	10002c7a <_ntoa_format+0x5a>
10002c86:	9b12      	ldr	r3, [sp, #72]	@ 0x48
10002c88:	06db      	lsls	r3, r3, #27
10002c8a:	d50d      	bpl.n	10002ca8 <_ntoa_format+0x88>
10002c8c:	9b12      	ldr	r3, [sp, #72]	@ 0x48
10002c8e:	055b      	lsls	r3, r3, #21
10002c90:	d457      	bmi.n	10002d42 <_ntoa_format+0x122>
10002c92:	42a6      	cmp	r6, r4
10002c94:	d067      	beq.n	10002d66 <_ntoa_format+0x146>
10002c96:	42a5      	cmp	r5, r4
10002c98:	d065      	beq.n	10002d66 <_ntoa_format+0x146>
10002c9a:	9b0f      	ldr	r3, [sp, #60]	@ 0x3c
10002c9c:	2b10      	cmp	r3, #16
10002c9e:	d053      	beq.n	10002d48 <_ntoa_format+0x128>
10002ca0:	2b02      	cmp	r3, #2
10002ca2:	d05b      	beq.n	10002d5c <_ntoa_format+0x13c>
10002ca4:	2c20      	cmp	r4, #32
10002ca6:	d136      	bne.n	10002d16 <_ntoa_format+0xf6>
10002ca8:	2320      	movs	r3, #32
10002caa:	9c12      	ldr	r4, [sp, #72]	@ 0x48
10002cac:	9301      	str	r3, [sp, #4]
10002cae:	9b0c      	ldr	r3, [sp, #48]	@ 0x30
10002cb0:	464a      	mov	r2, r9
10002cb2:	9300      	str	r3, [sp, #0]
10002cb4:	9403      	str	r4, [sp, #12]
10002cb6:	4663      	mov	r3, ip
10002cb8:	9502      	str	r5, [sp, #8]
10002cba:	f7ff ff5d 	bl	10002b78 <_out_rev>
10002cbe:	b004      	add	sp, #16
10002cc0:	bce0      	pop	{r5, r6, r7}
10002cc2:	46ba      	mov	sl, r7
10002cc4:	46b1      	mov	r9, r6
10002cc6:	46a8      	mov	r8, r5
10002cc8:	bdf0      	pop	{r4, r5, r6, r7, pc}
10002cca:	2301      	movs	r3, #1
10002ccc:	9a12      	ldr	r2, [sp, #72]	@ 0x48
10002cce:	4013      	ands	r3, r2
10002cd0:	4698      	mov	r8, r3
10002cd2:	2301      	movs	r3, #1
10002cd4:	4213      	tst	r3, r2
10002cd6:	d12d      	bne.n	10002d34 <_ntoa_format+0x114>
10002cd8:	42b4      	cmp	r4, r6
10002cda:	d3ba      	bcc.n	10002c52 <_ntoa_format+0x32>
10002cdc:	9b12      	ldr	r3, [sp, #72]	@ 0x48
10002cde:	06db      	lsls	r3, r3, #27
10002ce0:	d51e      	bpl.n	10002d20 <_ntoa_format+0x100>
10002ce2:	9b12      	ldr	r3, [sp, #72]	@ 0x48
10002ce4:	055b      	lsls	r3, r3, #21
10002ce6:	d4d8      	bmi.n	10002c9a <_ntoa_format+0x7a>
10002ce8:	2c00      	cmp	r4, #0
10002cea:	d1d2      	bne.n	10002c92 <_ntoa_format+0x72>
10002cec:	9b0f      	ldr	r3, [sp, #60]	@ 0x3c
10002cee:	2b10      	cmp	r3, #16
10002cf0:	d060      	beq.n	10002db4 <_ntoa_format+0x194>
10002cf2:	9b0f      	ldr	r3, [sp, #60]	@ 0x3c
10002cf4:	2b02      	cmp	r3, #2
10002cf6:	d071      	beq.n	10002ddc <_ntoa_format+0x1bc>
10002cf8:	2330      	movs	r3, #48	@ 0x30
10002cfa:	2401      	movs	r4, #1
10002cfc:	9a0c      	ldr	r2, [sp, #48]	@ 0x30
10002cfe:	7013      	strb	r3, [r2, #0]
10002d00:	4653      	mov	r3, sl
10002d02:	2b00      	cmp	r3, #0
10002d04:	d111      	bne.n	10002d2a <_ntoa_format+0x10a>
10002d06:	9b12      	ldr	r3, [sp, #72]	@ 0x48
10002d08:	075b      	lsls	r3, r3, #29
10002d0a:	d540      	bpl.n	10002d8e <_ntoa_format+0x16e>
10002d0c:	262b      	movs	r6, #43	@ 0x2b
10002d0e:	9a0c      	ldr	r2, [sp, #48]	@ 0x30
10002d10:	1c63      	adds	r3, r4, #1
10002d12:	5516      	strb	r6, [r2, r4]
10002d14:	e7c9      	b.n	10002caa <_ntoa_format+0x8a>
10002d16:	0023      	movs	r3, r4
10002d18:	3401      	adds	r4, #1
10002d1a:	2630      	movs	r6, #48	@ 0x30
10002d1c:	9a0c      	ldr	r2, [sp, #48]	@ 0x30
10002d1e:	54d6      	strb	r6, [r2, r3]
10002d20:	2c20      	cmp	r4, #32
10002d22:	d0c1      	beq.n	10002ca8 <_ntoa_format+0x88>
10002d24:	4653      	mov	r3, sl
10002d26:	2b00      	cmp	r3, #0
10002d28:	d0ed      	beq.n	10002d06 <_ntoa_format+0xe6>
10002d2a:	262d      	movs	r6, #45	@ 0x2d
10002d2c:	9a0c      	ldr	r2, [sp, #48]	@ 0x30
10002d2e:	1c63      	adds	r3, r4, #1
10002d30:	5516      	strb	r6, [r2, r4]
10002d32:	e7ba      	b.n	10002caa <_ntoa_format+0x8a>
10002d34:	2f00      	cmp	r7, #0
10002d36:	d034      	beq.n	10002da2 <_ntoa_format+0x182>
10002d38:	3d01      	subs	r5, #1
10002d3a:	42b4      	cmp	r4, r6
10002d3c:	d200      	bcs.n	10002d40 <_ntoa_format+0x120>
10002d3e:	e788      	b.n	10002c52 <_ntoa_format+0x32>
10002d40:	e795      	b.n	10002c6e <_ntoa_format+0x4e>
10002d42:	9b0f      	ldr	r3, [sp, #60]	@ 0x3c
10002d44:	2b10      	cmp	r3, #16
10002d46:	d1af      	bne.n	10002ca8 <_ntoa_format+0x88>
10002d48:	9b12      	ldr	r3, [sp, #72]	@ 0x48
10002d4a:	069b      	lsls	r3, r3, #26
10002d4c:	d53c      	bpl.n	10002dc8 <_ntoa_format+0x1a8>
10002d4e:	2c20      	cmp	r4, #32
10002d50:	d0aa      	beq.n	10002ca8 <_ntoa_format+0x88>
10002d52:	2358      	movs	r3, #88	@ 0x58
10002d54:	9a0c      	ldr	r2, [sp, #48]	@ 0x30
10002d56:	5513      	strb	r3, [r2, r4]
10002d58:	3401      	adds	r4, #1
10002d5a:	e7a3      	b.n	10002ca4 <_ntoa_format+0x84>
10002d5c:	2c20      	cmp	r4, #32
10002d5e:	d0a3      	beq.n	10002ca8 <_ntoa_format+0x88>
10002d60:	0023      	movs	r3, r4
10002d62:	3401      	adds	r4, #1
10002d64:	e007      	b.n	10002d76 <_ntoa_format+0x156>
10002d66:	1e63      	subs	r3, r4, #1
10002d68:	2c01      	cmp	r4, #1
10002d6a:	d0bf      	beq.n	10002cec <_ntoa_format+0xcc>
10002d6c:	9a0f      	ldr	r2, [sp, #60]	@ 0x3c
10002d6e:	2a10      	cmp	r2, #16
10002d70:	d036      	beq.n	10002de0 <_ntoa_format+0x1c0>
10002d72:	2a02      	cmp	r2, #2
10002d74:	d1d1      	bne.n	10002d1a <_ntoa_format+0xfa>
10002d76:	2662      	movs	r6, #98	@ 0x62
10002d78:	9a0c      	ldr	r2, [sp, #48]	@ 0x30
10002d7a:	54d6      	strb	r6, [r2, r3]
10002d7c:	e792      	b.n	10002ca4 <_ntoa_format+0x84>
10002d7e:	9b12      	ldr	r3, [sp, #72]	@ 0x48
10002d80:	06db      	lsls	r3, r3, #27
10002d82:	d5cd      	bpl.n	10002d20 <_ntoa_format+0x100>
10002d84:	9b12      	ldr	r3, [sp, #72]	@ 0x48
10002d86:	055b      	lsls	r3, r3, #21
10002d88:	d400      	bmi.n	10002d8c <_ntoa_format+0x16c>
10002d8a:	e782      	b.n	10002c92 <_ntoa_format+0x72>
10002d8c:	e785      	b.n	10002c9a <_ntoa_format+0x7a>
10002d8e:	9a12      	ldr	r2, [sp, #72]	@ 0x48
10002d90:	0023      	movs	r3, r4
10002d92:	0716      	lsls	r6, r2, #28
10002d94:	d400      	bmi.n	10002d98 <_ntoa_format+0x178>
10002d96:	e788      	b.n	10002caa <_ntoa_format+0x8a>
10002d98:	2620      	movs	r6, #32
10002d9a:	9a0c      	ldr	r2, [sp, #48]	@ 0x30
10002d9c:	3301      	adds	r3, #1
10002d9e:	5516      	strb	r6, [r2, r4]
10002da0:	e783      	b.n	10002caa <_ntoa_format+0x8a>
10002da2:	230c      	movs	r3, #12
10002da4:	4013      	ands	r3, r2
10002da6:	1e5f      	subs	r7, r3, #1
10002da8:	41bb      	sbcs	r3, r7
10002daa:	1aed      	subs	r5, r5, r3
10002dac:	42b4      	cmp	r4, r6
10002dae:	d200      	bcs.n	10002db2 <_ntoa_format+0x192>
10002db0:	e74f      	b.n	10002c52 <_ntoa_format+0x32>
10002db2:	e75c      	b.n	10002c6e <_ntoa_format+0x4e>
10002db4:	9b12      	ldr	r3, [sp, #72]	@ 0x48
10002db6:	069b      	lsls	r3, r3, #26
10002db8:	d40e      	bmi.n	10002dd8 <_ntoa_format+0x1b8>
10002dba:	2378      	movs	r3, #120	@ 0x78
10002dbc:	9a0c      	ldr	r2, [sp, #48]	@ 0x30
10002dbe:	2402      	movs	r4, #2
10002dc0:	7013      	strb	r3, [r2, #0]
10002dc2:	2330      	movs	r3, #48	@ 0x30
10002dc4:	7053      	strb	r3, [r2, #1]
10002dc6:	e79b      	b.n	10002d00 <_ntoa_format+0xe0>
10002dc8:	2c20      	cmp	r4, #32
10002dca:	d100      	bne.n	10002dce <_ntoa_format+0x1ae>
10002dcc:	e76c      	b.n	10002ca8 <_ntoa_format+0x88>
10002dce:	2378      	movs	r3, #120	@ 0x78
10002dd0:	9a0c      	ldr	r2, [sp, #48]	@ 0x30
10002dd2:	5513      	strb	r3, [r2, r4]
10002dd4:	3401      	adds	r4, #1
10002dd6:	e765      	b.n	10002ca4 <_ntoa_format+0x84>
10002dd8:	2358      	movs	r3, #88	@ 0x58
10002dda:	e7ef      	b.n	10002dbc <_ntoa_format+0x19c>
10002ddc:	3360      	adds	r3, #96	@ 0x60
10002dde:	e7ed      	b.n	10002dbc <_ntoa_format+0x19c>
10002de0:	9a0c      	ldr	r2, [sp, #48]	@ 0x30
10002de2:	1ea6      	subs	r6, r4, #2
10002de4:	18b6      	adds	r6, r6, r2
10002de6:	9a12      	ldr	r2, [sp, #72]	@ 0x48
10002de8:	0692      	lsls	r2, r2, #26
10002dea:	d502      	bpl.n	10002df2 <_ntoa_format+0x1d2>
10002dec:	2258      	movs	r2, #88	@ 0x58
10002dee:	7032      	strb	r2, [r6, #0]
10002df0:	e793      	b.n	10002d1a <_ntoa_format+0xfa>
10002df2:	2278      	movs	r2, #120	@ 0x78
10002df4:	7032      	strb	r2, [r6, #0]
10002df6:	e790      	b.n	10002d1a <_ntoa_format+0xfa>

10002df8 <_out_char>:
10002df8:	b510      	push	{r4, lr}
10002dfa:	2800      	cmp	r0, #0
10002dfc:	d100      	bne.n	10002e00 <_out_char+0x8>
10002dfe:	bd10      	pop	{r4, pc}
10002e00:	f001 fbac 	bl	1000455c <__wrap_putchar>
10002e04:	e7fb      	b.n	10002dfe <_out_char+0x6>
10002e06:	46c0      	nop			@ (mov r8, r8)

10002e08 <_out_fct>:
10002e08:	b510      	push	{r4, lr}
10002e0a:	2800      	cmp	r0, #0
10002e0c:	d003      	beq.n	10002e16 <_out_fct+0xe>
10002e0e:	684a      	ldr	r2, [r1, #4]
10002e10:	680b      	ldr	r3, [r1, #0]
10002e12:	0011      	movs	r1, r2
10002e14:	4798      	blx	r3
10002e16:	bd10      	pop	{r4, pc}

10002e18 <_ftoa>:
10002e18:	b5f0      	push	{r4, r5, r6, r7, lr}
10002e1a:	464e      	mov	r6, r9
10002e1c:	46de      	mov	lr, fp
10002e1e:	4657      	mov	r7, sl
10002e20:	4645      	mov	r5, r8
10002e22:	b5e0      	push	{r5, r6, r7, lr}
10002e24:	b095      	sub	sp, #84	@ 0x54
10002e26:	4683      	mov	fp, r0
10002e28:	4689      	mov	r9, r1
10002e2a:	4692      	mov	sl, r2
10002e2c:	4698      	mov	r8, r3
10002e2e:	9a1e      	ldr	r2, [sp, #120]	@ 0x78
10002e30:	9b1f      	ldr	r3, [sp, #124]	@ 0x7c
10002e32:	0010      	movs	r0, r2
10002e34:	0019      	movs	r1, r3
10002e36:	9e20      	ldr	r6, [sp, #128]	@ 0x80
10002e38:	f7ff fac9 	bl	100023ce <__wrap___aeabi_dcmpun>
10002e3c:	2800      	cmp	r0, #0
10002e3e:	d000      	beq.n	10002e42 <_ftoa+0x2a>
10002e40:	e1d2      	b.n	100031e8 <_ftoa+0x3d0>
10002e42:	981e      	ldr	r0, [sp, #120]	@ 0x78
10002e44:	991f      	ldr	r1, [sp, #124]	@ 0x7c
10002e46:	2201      	movs	r2, #1
10002e48:	4bc4      	ldr	r3, [pc, #784]	@ (1000315c <_ftoa+0x344>)
10002e4a:	4252      	negs	r2, r2
10002e4c:	f7ff faa4 	bl	10002398 <__wrap___aeabi_dcmplt>
10002e50:	2800      	cmp	r0, #0
10002e52:	d000      	beq.n	10002e56 <_ftoa+0x3e>
10002e54:	e101      	b.n	1000305a <_ftoa+0x242>
10002e56:	981e      	ldr	r0, [sp, #120]	@ 0x78
10002e58:	991f      	ldr	r1, [sp, #124]	@ 0x7c
10002e5a:	2201      	movs	r2, #1
10002e5c:	4bc0      	ldr	r3, [pc, #768]	@ (10003160 <_ftoa+0x348>)
10002e5e:	4252      	negs	r2, r2
10002e60:	f7ff fab0 	bl	100023c4 <__wrap___aeabi_dcmpgt>
10002e64:	2800      	cmp	r0, #0
10002e66:	d000      	beq.n	10002e6a <_ftoa+0x52>
10002e68:	e0d6      	b.n	10003018 <_ftoa+0x200>
10002e6a:	981e      	ldr	r0, [sp, #120]	@ 0x78
10002e6c:	991f      	ldr	r1, [sp, #124]	@ 0x7c
10002e6e:	2200      	movs	r2, #0
10002e70:	4bbc      	ldr	r3, [pc, #752]	@ (10003164 <_ftoa+0x34c>)
10002e72:	f7ff faa7 	bl	100023c4 <__wrap___aeabi_dcmpgt>
10002e76:	2800      	cmp	r0, #0
10002e78:	d000      	beq.n	10002e7c <_ftoa+0x64>
10002e7a:	e0b5      	b.n	10002fe8 <_ftoa+0x1d0>
10002e7c:	981e      	ldr	r0, [sp, #120]	@ 0x78
10002e7e:	991f      	ldr	r1, [sp, #124]	@ 0x7c
10002e80:	2200      	movs	r2, #0
10002e82:	4bb9      	ldr	r3, [pc, #740]	@ (10003168 <_ftoa+0x350>)
10002e84:	f7ff fa88 	bl	10002398 <__wrap___aeabi_dcmplt>
10002e88:	2800      	cmp	r0, #0
10002e8a:	d000      	beq.n	10002e8e <_ftoa+0x76>
10002e8c:	e0ac      	b.n	10002fe8 <_ftoa+0x1d0>
10002e8e:	981e      	ldr	r0, [sp, #120]	@ 0x78
10002e90:	991f      	ldr	r1, [sp, #124]	@ 0x7c
10002e92:	2200      	movs	r2, #0
10002e94:	2300      	movs	r3, #0
10002e96:	f7ff fa7f 	bl	10002398 <__wrap___aeabi_dcmplt>
10002e9a:	2800      	cmp	r0, #0
10002e9c:	d000      	beq.n	10002ea0 <_ftoa+0x88>
10002e9e:	e0d1      	b.n	10003044 <_ftoa+0x22c>
10002ea0:	2300      	movs	r3, #0
10002ea2:	930b      	str	r3, [sp, #44]	@ 0x2c
10002ea4:	9b22      	ldr	r3, [sp, #136]	@ 0x88
10002ea6:	055b      	lsls	r3, r3, #21
10002ea8:	d400      	bmi.n	10002eac <_ftoa+0x94>
10002eaa:	2606      	movs	r6, #6
10002eac:	2400      	movs	r4, #0
10002eae:	2330      	movs	r3, #48	@ 0x30
10002eb0:	e006      	b.n	10002ec0 <_ftoa+0xa8>
10002eb2:	aa06      	add	r2, sp, #24
10002eb4:	3401      	adds	r4, #1
10002eb6:	3217      	adds	r2, #23
10002eb8:	5513      	strb	r3, [r2, r4]
10002eba:	3e01      	subs	r6, #1
10002ebc:	2c20      	cmp	r4, #32
10002ebe:	d001      	beq.n	10002ec4 <_ftoa+0xac>
10002ec0:	2e09      	cmp	r6, #9
10002ec2:	d8f6      	bhi.n	10002eb2 <_ftoa+0x9a>
10002ec4:	981e      	ldr	r0, [sp, #120]	@ 0x78
10002ec6:	991f      	ldr	r1, [sp, #124]	@ 0x7c
10002ec8:	f7ff faaa 	bl	10002420 <__wrap___aeabi_d2iz>
10002ecc:	4ba7      	ldr	r3, [pc, #668]	@ (1000316c <_ftoa+0x354>)
10002ece:	00f2      	lsls	r2, r6, #3
10002ed0:	189b      	adds	r3, r3, r2
10002ed2:	cb0c      	ldmia	r3, {r2, r3}
10002ed4:	0005      	movs	r5, r0
10002ed6:	9208      	str	r2, [sp, #32]
10002ed8:	9309      	str	r3, [sp, #36]	@ 0x24
10002eda:	f7ff fa89 	bl	100023f0 <__wrap___aeabi_i2d>
10002ede:	0002      	movs	r2, r0
10002ee0:	000b      	movs	r3, r1
10002ee2:	981e      	ldr	r0, [sp, #120]	@ 0x78
10002ee4:	991f      	ldr	r1, [sp, #124]	@ 0x7c
10002ee6:	f7ff f9e4 	bl	100022b2 <__wrap___aeabi_dsub>
10002eea:	9a08      	ldr	r2, [sp, #32]
10002eec:	9b09      	ldr	r3, [sp, #36]	@ 0x24
10002eee:	f7ff fa10 	bl	10002312 <__wrap___aeabi_dmul>
10002ef2:	9006      	str	r0, [sp, #24]
10002ef4:	9107      	str	r1, [sp, #28]
10002ef6:	f7ff fab7 	bl	10002468 <__wrap___aeabi_d2uiz>
10002efa:	0007      	movs	r7, r0
10002efc:	f7ff fa74 	bl	100023e8 <__wrap___aeabi_ui2d>
10002f00:	0002      	movs	r2, r0
10002f02:	000b      	movs	r3, r1
10002f04:	9806      	ldr	r0, [sp, #24]
10002f06:	9907      	ldr	r1, [sp, #28]
10002f08:	f7ff f9d3 	bl	100022b2 <__wrap___aeabi_dsub>
10002f0c:	2200      	movs	r2, #0
10002f0e:	4b98      	ldr	r3, [pc, #608]	@ (10003170 <_ftoa+0x358>)
10002f10:	9006      	str	r0, [sp, #24]
10002f12:	9107      	str	r1, [sp, #28]
10002f14:	f7ff fa56 	bl	100023c4 <__wrap___aeabi_dcmpgt>
10002f18:	2800      	cmp	r0, #0
10002f1a:	d100      	bne.n	10002f1e <_ftoa+0x106>
10002f1c:	e0e9      	b.n	100030f2 <_ftoa+0x2da>
10002f1e:	3701      	adds	r7, #1
10002f20:	0038      	movs	r0, r7
10002f22:	f7ff fa61 	bl	100023e8 <__wrap___aeabi_ui2d>
10002f26:	0002      	movs	r2, r0
10002f28:	000b      	movs	r3, r1
10002f2a:	9808      	ldr	r0, [sp, #32]
10002f2c:	9909      	ldr	r1, [sp, #36]	@ 0x24
10002f2e:	f7ff fa39 	bl	100023a4 <__wrap___aeabi_dcmple>
10002f32:	2800      	cmp	r0, #0
10002f34:	d001      	beq.n	10002f3a <_ftoa+0x122>
10002f36:	2700      	movs	r7, #0
10002f38:	3501      	adds	r5, #1
10002f3a:	2e00      	cmp	r6, #0
10002f3c:	d100      	bne.n	10002f40 <_ftoa+0x128>
10002f3e:	e0b7      	b.n	100030b0 <_ftoa+0x298>
10002f40:	9506      	str	r5, [sp, #24]
10002f42:	e013      	b.n	10002f6c <_ftoa+0x154>
10002f44:	2317      	movs	r3, #23
10002f46:	aa06      	add	r2, sp, #24
10002f48:	189b      	adds	r3, r3, r2
10002f4a:	210a      	movs	r1, #10
10002f4c:	0038      	movs	r0, r7
10002f4e:	3401      	adds	r4, #1
10002f50:	191d      	adds	r5, r3, r4
10002f52:	f7fe ff73 	bl	10001e3c <__wrap___aeabi_uidiv>
10002f56:	3130      	adds	r1, #48	@ 0x30
10002f58:	7029      	strb	r1, [r5, #0]
10002f5a:	0038      	movs	r0, r7
10002f5c:	210a      	movs	r1, #10
10002f5e:	3e01      	subs	r6, #1
10002f60:	f7fe ff6c 	bl	10001e3c <__wrap___aeabi_uidiv>
10002f64:	2f09      	cmp	r7, #9
10002f66:	d800      	bhi.n	10002f6a <_ftoa+0x152>
10002f68:	e0e1      	b.n	1000312e <_ftoa+0x316>
10002f6a:	0007      	movs	r7, r0
10002f6c:	2c20      	cmp	r4, #32
10002f6e:	d1e9      	bne.n	10002f44 <_ftoa+0x12c>
10002f70:	9d06      	ldr	r5, [sp, #24]
10002f72:	2420      	movs	r4, #32
10002f74:	ab0c      	add	r3, sp, #48	@ 0x30
10002f76:	9306      	str	r3, [sp, #24]
10002f78:	2717      	movs	r7, #23
10002f7a:	ab06      	add	r3, sp, #24
10002f7c:	18ff      	adds	r7, r7, r3
10002f7e:	e00d      	b.n	10002f9c <_ftoa+0x184>
10002f80:	0028      	movs	r0, r5
10002f82:	210a      	movs	r1, #10
10002f84:	f7fe ff32 	bl	10001dec <__wrap___aeabi_idiv>
10002f88:	3401      	adds	r4, #1
10002f8a:	3130      	adds	r1, #48	@ 0x30
10002f8c:	0028      	movs	r0, r5
10002f8e:	5539      	strb	r1, [r7, r4]
10002f90:	210a      	movs	r1, #10
10002f92:	f7fe ff2b 	bl	10001dec <__wrap___aeabi_idiv>
10002f96:	1e05      	subs	r5, r0, #0
10002f98:	d100      	bne.n	10002f9c <_ftoa+0x184>
10002f9a:	e0b7      	b.n	1000310c <_ftoa+0x2f4>
10002f9c:	2c20      	cmp	r4, #32
10002f9e:	d1ef      	bne.n	10002f80 <_ftoa+0x168>
10002fa0:	2303      	movs	r3, #3
10002fa2:	9a22      	ldr	r2, [sp, #136]	@ 0x88
10002fa4:	4013      	ands	r3, r2
10002fa6:	2b01      	cmp	r3, #1
10002fa8:	d117      	bne.n	10002fda <_ftoa+0x1c2>
10002faa:	9b21      	ldr	r3, [sp, #132]	@ 0x84
10002fac:	2b00      	cmp	r3, #0
10002fae:	d014      	beq.n	10002fda <_ftoa+0x1c2>
10002fb0:	9b0b      	ldr	r3, [sp, #44]	@ 0x2c
10002fb2:	2b00      	cmp	r3, #0
10002fb4:	d100      	bne.n	10002fb8 <_ftoa+0x1a0>
10002fb6:	e0e3      	b.n	10003180 <_ftoa+0x368>
10002fb8:	9b21      	ldr	r3, [sp, #132]	@ 0x84
10002fba:	3b01      	subs	r3, #1
10002fbc:	9321      	str	r3, [sp, #132]	@ 0x84
10002fbe:	2b20      	cmp	r3, #32
10002fc0:	d90b      	bls.n	10002fda <_ftoa+0x1c2>
10002fc2:	2330      	movs	r3, #48	@ 0x30
10002fc4:	9a21      	ldr	r2, [sp, #132]	@ 0x84
10002fc6:	e006      	b.n	10002fd6 <_ftoa+0x1be>
10002fc8:	a906      	add	r1, sp, #24
10002fca:	3401      	adds	r4, #1
10002fcc:	3117      	adds	r1, #23
10002fce:	550b      	strb	r3, [r1, r4]
10002fd0:	4294      	cmp	r4, r2
10002fd2:	d300      	bcc.n	10002fd6 <_ftoa+0x1be>
10002fd4:	e0a0      	b.n	10003118 <_ftoa+0x300>
10002fd6:	2c20      	cmp	r4, #32
10002fd8:	d1f6      	bne.n	10002fc8 <_ftoa+0x1b0>
10002fda:	9b22      	ldr	r3, [sp, #136]	@ 0x88
10002fdc:	9401      	str	r4, [sp, #4]
10002fde:	9303      	str	r3, [sp, #12]
10002fe0:	9b21      	ldr	r3, [sp, #132]	@ 0x84
10002fe2:	9302      	str	r3, [sp, #8]
10002fe4:	9b06      	ldr	r3, [sp, #24]
10002fe6:	e021      	b.n	1000302c <_ftoa+0x214>
10002fe8:	9b22      	ldr	r3, [sp, #136]	@ 0x88
10002fea:	4652      	mov	r2, sl
10002fec:	9304      	str	r3, [sp, #16]
10002fee:	9b21      	ldr	r3, [sp, #132]	@ 0x84
10002ff0:	4649      	mov	r1, r9
10002ff2:	9303      	str	r3, [sp, #12]
10002ff4:	4658      	mov	r0, fp
10002ff6:	9b1e      	ldr	r3, [sp, #120]	@ 0x78
10002ff8:	9c1f      	ldr	r4, [sp, #124]	@ 0x7c
10002ffa:	9602      	str	r6, [sp, #8]
10002ffc:	9300      	str	r3, [sp, #0]
10002ffe:	9401      	str	r4, [sp, #4]
10003000:	4643      	mov	r3, r8
10003002:	f000 f943 	bl	1000328c <_etoa>
10003006:	0004      	movs	r4, r0
10003008:	0020      	movs	r0, r4
1000300a:	b015      	add	sp, #84	@ 0x54
1000300c:	bcf0      	pop	{r4, r5, r6, r7}
1000300e:	46bb      	mov	fp, r7
10003010:	46b2      	mov	sl, r6
10003012:	46a9      	mov	r9, r5
10003014:	46a0      	mov	r8, r4
10003016:	bdf0      	pop	{r4, r5, r6, r7, pc}
10003018:	9b22      	ldr	r3, [sp, #136]	@ 0x88
1000301a:	075b      	lsls	r3, r3, #29
1000301c:	d40f      	bmi.n	1000303e <_ftoa+0x226>
1000301e:	2203      	movs	r2, #3
10003020:	4b54      	ldr	r3, [pc, #336]	@ (10003174 <_ftoa+0x35c>)
10003022:	9922      	ldr	r1, [sp, #136]	@ 0x88
10003024:	9201      	str	r2, [sp, #4]
10003026:	9103      	str	r1, [sp, #12]
10003028:	9921      	ldr	r1, [sp, #132]	@ 0x84
1000302a:	9102      	str	r1, [sp, #8]
1000302c:	9300      	str	r3, [sp, #0]
1000302e:	4652      	mov	r2, sl
10003030:	4643      	mov	r3, r8
10003032:	4649      	mov	r1, r9
10003034:	4658      	mov	r0, fp
10003036:	f7ff fd9f 	bl	10002b78 <_out_rev>
1000303a:	0004      	movs	r4, r0
1000303c:	e7e4      	b.n	10003008 <_ftoa+0x1f0>
1000303e:	2204      	movs	r2, #4
10003040:	4b4d      	ldr	r3, [pc, #308]	@ (10003178 <_ftoa+0x360>)
10003042:	e7ee      	b.n	10003022 <_ftoa+0x20a>
10003044:	9a1e      	ldr	r2, [sp, #120]	@ 0x78
10003046:	9b1f      	ldr	r3, [sp, #124]	@ 0x7c
10003048:	2000      	movs	r0, #0
1000304a:	2100      	movs	r1, #0
1000304c:	f7ff f931 	bl	100022b2 <__wrap___aeabi_dsub>
10003050:	2301      	movs	r3, #1
10003052:	901e      	str	r0, [sp, #120]	@ 0x78
10003054:	911f      	str	r1, [sp, #124]	@ 0x7c
10003056:	930b      	str	r3, [sp, #44]	@ 0x2c
10003058:	e724      	b.n	10002ea4 <_ftoa+0x8c>
1000305a:	2302      	movs	r3, #2
1000305c:	9a22      	ldr	r2, [sp, #136]	@ 0x88
1000305e:	4654      	mov	r4, sl
10003060:	401a      	ands	r2, r3
10003062:	9b22      	ldr	r3, [sp, #136]	@ 0x88
10003064:	9206      	str	r2, [sp, #24]
10003066:	079b      	lsls	r3, r3, #30
10003068:	d100      	bne.n	1000306c <_ftoa+0x254>
1000306a:	e0ac      	b.n	100031c6 <_ftoa+0x3ae>
1000306c:	0026      	movs	r6, r4
1000306e:	4d43      	ldr	r5, [pc, #268]	@ (1000317c <_ftoa+0x364>)
10003070:	9408      	str	r4, [sp, #32]
10003072:	1f2f      	subs	r7, r5, #4
10003074:	0032      	movs	r2, r6
10003076:	78e8      	ldrb	r0, [r5, #3]
10003078:	4643      	mov	r3, r8
1000307a:	4649      	mov	r1, r9
1000307c:	3d01      	subs	r5, #1
1000307e:	47d8      	blx	fp
10003080:	3601      	adds	r6, #1
10003082:	42bd      	cmp	r5, r7
10003084:	d1f6      	bne.n	10003074 <_ftoa+0x25c>
10003086:	9c08      	ldr	r4, [sp, #32]
10003088:	9b06      	ldr	r3, [sp, #24]
1000308a:	3404      	adds	r4, #4
1000308c:	2b00      	cmp	r3, #0
1000308e:	d0bb      	beq.n	10003008 <_ftoa+0x1f0>
10003090:	4657      	mov	r7, sl
10003092:	9a21      	ldr	r2, [sp, #132]	@ 0x84
10003094:	1be3      	subs	r3, r4, r7
10003096:	429a      	cmp	r2, r3
10003098:	d9b6      	bls.n	10003008 <_ftoa+0x1f0>
1000309a:	0015      	movs	r5, r2
1000309c:	0022      	movs	r2, r4
1000309e:	4643      	mov	r3, r8
100030a0:	4649      	mov	r1, r9
100030a2:	2020      	movs	r0, #32
100030a4:	3401      	adds	r4, #1
100030a6:	47d8      	blx	fp
100030a8:	1be3      	subs	r3, r4, r7
100030aa:	42ab      	cmp	r3, r5
100030ac:	d3f6      	bcc.n	1000309c <_ftoa+0x284>
100030ae:	e7ab      	b.n	10003008 <_ftoa+0x1f0>
100030b0:	0028      	movs	r0, r5
100030b2:	f7ff f99d 	bl	100023f0 <__wrap___aeabi_i2d>
100030b6:	0002      	movs	r2, r0
100030b8:	000b      	movs	r3, r1
100030ba:	981e      	ldr	r0, [sp, #120]	@ 0x78
100030bc:	991f      	ldr	r1, [sp, #124]	@ 0x7c
100030be:	f7ff f8f8 	bl	100022b2 <__wrap___aeabi_dsub>
100030c2:	4b2b      	ldr	r3, [pc, #172]	@ (10003170 <_ftoa+0x358>)
100030c4:	2200      	movs	r2, #0
100030c6:	0006      	movs	r6, r0
100030c8:	000f      	movs	r7, r1
100030ca:	f7ff f965 	bl	10002398 <__wrap___aeabi_dcmplt>
100030ce:	ab0c      	add	r3, sp, #48	@ 0x30
100030d0:	9306      	str	r3, [sp, #24]
100030d2:	2800      	cmp	r0, #0
100030d4:	d000      	beq.n	100030d8 <_ftoa+0x2c0>
100030d6:	e74f      	b.n	10002f78 <_ftoa+0x160>
100030d8:	2200      	movs	r2, #0
100030da:	0030      	movs	r0, r6
100030dc:	0039      	movs	r1, r7
100030de:	4b24      	ldr	r3, [pc, #144]	@ (10003170 <_ftoa+0x358>)
100030e0:	f7ff f970 	bl	100023c4 <__wrap___aeabi_dcmpgt>
100030e4:	2800      	cmp	r0, #0
100030e6:	d000      	beq.n	100030ea <_ftoa+0x2d2>
100030e8:	e746      	b.n	10002f78 <_ftoa+0x160>
100030ea:	2301      	movs	r3, #1
100030ec:	3501      	adds	r5, #1
100030ee:	439d      	bics	r5, r3
100030f0:	e742      	b.n	10002f78 <_ftoa+0x160>
100030f2:	2200      	movs	r2, #0
100030f4:	9806      	ldr	r0, [sp, #24]
100030f6:	9907      	ldr	r1, [sp, #28]
100030f8:	4b1d      	ldr	r3, [pc, #116]	@ (10003170 <_ftoa+0x358>)
100030fa:	f7ff f94d 	bl	10002398 <__wrap___aeabi_dcmplt>
100030fe:	2800      	cmp	r0, #0
10003100:	d000      	beq.n	10003104 <_ftoa+0x2ec>
10003102:	e71a      	b.n	10002f3a <_ftoa+0x122>
10003104:	2f00      	cmp	r7, #0
10003106:	d159      	bne.n	100031bc <_ftoa+0x3a4>
10003108:	3701      	adds	r7, #1
1000310a:	e716      	b.n	10002f3a <_ftoa+0x122>
1000310c:	2303      	movs	r3, #3
1000310e:	9a22      	ldr	r2, [sp, #136]	@ 0x88
10003110:	4013      	ands	r3, r2
10003112:	2b01      	cmp	r3, #1
10003114:	d100      	bne.n	10003118 <_ftoa+0x300>
10003116:	e0a6      	b.n	10003266 <_ftoa+0x44e>
10003118:	2c20      	cmp	r4, #32
1000311a:	d100      	bne.n	1000311e <_ftoa+0x306>
1000311c:	e75d      	b.n	10002fda <_ftoa+0x1c2>
1000311e:	9b0b      	ldr	r3, [sp, #44]	@ 0x2c
10003120:	2b00      	cmp	r3, #0
10003122:	d03a      	beq.n	1000319a <_ftoa+0x382>
10003124:	232d      	movs	r3, #45	@ 0x2d
10003126:	9a06      	ldr	r2, [sp, #24]
10003128:	5513      	strb	r3, [r2, r4]
1000312a:	3401      	adds	r4, #1
1000312c:	e755      	b.n	10002fda <_ftoa+0x1c2>
1000312e:	9d06      	ldr	r5, [sp, #24]
10003130:	2c20      	cmp	r4, #32
10003132:	d100      	bne.n	10003136 <_ftoa+0x31e>
10003134:	e71d      	b.n	10002f72 <_ftoa+0x15a>
10003136:	2330      	movs	r3, #48	@ 0x30
10003138:	1936      	adds	r6, r6, r4
1000313a:	e006      	b.n	1000314a <_ftoa+0x332>
1000313c:	aa06      	add	r2, sp, #24
1000313e:	3401      	adds	r4, #1
10003140:	3217      	adds	r2, #23
10003142:	5513      	strb	r3, [r2, r4]
10003144:	2c20      	cmp	r4, #32
10003146:	d100      	bne.n	1000314a <_ftoa+0x332>
10003148:	e713      	b.n	10002f72 <_ftoa+0x15a>
1000314a:	42a6      	cmp	r6, r4
1000314c:	d1f6      	bne.n	1000313c <_ftoa+0x324>
1000314e:	232e      	movs	r3, #46	@ 0x2e
10003150:	aa0c      	add	r2, sp, #48	@ 0x30
10003152:	3401      	adds	r4, #1
10003154:	9206      	str	r2, [sp, #24]
10003156:	5593      	strb	r3, [r2, r6]
10003158:	e70e      	b.n	10002f78 <_ftoa+0x160>
1000315a:	46c0      	nop			@ (mov r8, r8)
1000315c:	ffefffff 	.word	0xffefffff
10003160:	7fefffff 	.word	0x7fefffff
10003164:	41cdcd65 	.word	0x41cdcd65
10003168:	c1cdcd65 	.word	0xc1cdcd65
1000316c:	10007cb0 	.word	0x10007cb0
10003170:	3fe00000 	.word	0x3fe00000
10003174:	100079e8 	.word	0x100079e8
10003178:	100079e0 	.word	0x100079e0
1000317c:	100079f0 	.word	0x100079f0
10003180:	230c      	movs	r3, #12
10003182:	9a22      	ldr	r2, [sp, #136]	@ 0x88
10003184:	4213      	tst	r3, r2
10003186:	d057      	beq.n	10003238 <_ftoa+0x420>
10003188:	9b21      	ldr	r3, [sp, #132]	@ 0x84
1000318a:	3b01      	subs	r3, #1
1000318c:	9321      	str	r3, [sp, #132]	@ 0x84
1000318e:	42a3      	cmp	r3, r4
10003190:	d900      	bls.n	10003194 <_ftoa+0x37c>
10003192:	e716      	b.n	10002fc2 <_ftoa+0x1aa>
10003194:	2c20      	cmp	r4, #32
10003196:	d100      	bne.n	1000319a <_ftoa+0x382>
10003198:	e71f      	b.n	10002fda <_ftoa+0x1c2>
1000319a:	9b22      	ldr	r3, [sp, #136]	@ 0x88
1000319c:	075b      	lsls	r3, r3, #29
1000319e:	d504      	bpl.n	100031aa <_ftoa+0x392>
100031a0:	232b      	movs	r3, #43	@ 0x2b
100031a2:	9a06      	ldr	r2, [sp, #24]
100031a4:	5513      	strb	r3, [r2, r4]
100031a6:	3401      	adds	r4, #1
100031a8:	e717      	b.n	10002fda <_ftoa+0x1c2>
100031aa:	9b22      	ldr	r3, [sp, #136]	@ 0x88
100031ac:	071b      	lsls	r3, r3, #28
100031ae:	d400      	bmi.n	100031b2 <_ftoa+0x39a>
100031b0:	e713      	b.n	10002fda <_ftoa+0x1c2>
100031b2:	2320      	movs	r3, #32
100031b4:	9a06      	ldr	r2, [sp, #24]
100031b6:	5513      	strb	r3, [r2, r4]
100031b8:	3401      	adds	r4, #1
100031ba:	e70e      	b.n	10002fda <_ftoa+0x1c2>
100031bc:	07fb      	lsls	r3, r7, #31
100031be:	d400      	bmi.n	100031c2 <_ftoa+0x3aa>
100031c0:	e6bb      	b.n	10002f3a <_ftoa+0x122>
100031c2:	3701      	adds	r7, #1
100031c4:	e6b9      	b.n	10002f3a <_ftoa+0x122>
100031c6:	9b21      	ldr	r3, [sp, #132]	@ 0x84
100031c8:	2b04      	cmp	r3, #4
100031ca:	d800      	bhi.n	100031ce <_ftoa+0x3b6>
100031cc:	e74e      	b.n	1000306c <_ftoa+0x254>
100031ce:	4655      	mov	r5, sl
100031d0:	464f      	mov	r7, r9
100031d2:	3c04      	subs	r4, #4
100031d4:	18e4      	adds	r4, r4, r3
100031d6:	002a      	movs	r2, r5
100031d8:	4643      	mov	r3, r8
100031da:	3501      	adds	r5, #1
100031dc:	0039      	movs	r1, r7
100031de:	2020      	movs	r0, #32
100031e0:	47d8      	blx	fp
100031e2:	42ac      	cmp	r4, r5
100031e4:	d1f7      	bne.n	100031d6 <_ftoa+0x3be>
100031e6:	e741      	b.n	1000306c <_ftoa+0x254>
100031e8:	2702      	movs	r7, #2
100031ea:	9b22      	ldr	r3, [sp, #136]	@ 0x88
100031ec:	4655      	mov	r5, sl
100031ee:	401f      	ands	r7, r3
100031f0:	079b      	lsls	r3, r3, #30
100031f2:	d026      	beq.n	10003242 <_ftoa+0x42a>
100031f4:	9706      	str	r7, [sp, #24]
100031f6:	465f      	mov	r7, fp
100031f8:	4e23      	ldr	r6, [pc, #140]	@ (10003288 <_ftoa+0x470>)
100031fa:	1cec      	adds	r4, r5, #3
100031fc:	002a      	movs	r2, r5
100031fe:	78b0      	ldrb	r0, [r6, #2]
10003200:	4643      	mov	r3, r8
10003202:	4649      	mov	r1, r9
10003204:	3501      	adds	r5, #1
10003206:	47b8      	blx	r7
10003208:	3e01      	subs	r6, #1
1000320a:	42ac      	cmp	r4, r5
1000320c:	d1f6      	bne.n	100031fc <_ftoa+0x3e4>
1000320e:	9f06      	ldr	r7, [sp, #24]
10003210:	2f00      	cmp	r7, #0
10003212:	d100      	bne.n	10003216 <_ftoa+0x3fe>
10003214:	e6f8      	b.n	10003008 <_ftoa+0x1f0>
10003216:	4657      	mov	r7, sl
10003218:	9a21      	ldr	r2, [sp, #132]	@ 0x84
1000321a:	1be3      	subs	r3, r4, r7
1000321c:	429a      	cmp	r2, r3
1000321e:	d800      	bhi.n	10003222 <_ftoa+0x40a>
10003220:	e6f2      	b.n	10003008 <_ftoa+0x1f0>
10003222:	0015      	movs	r5, r2
10003224:	0022      	movs	r2, r4
10003226:	4643      	mov	r3, r8
10003228:	4649      	mov	r1, r9
1000322a:	2020      	movs	r0, #32
1000322c:	3401      	adds	r4, #1
1000322e:	47d8      	blx	fp
10003230:	1be3      	subs	r3, r4, r7
10003232:	42ab      	cmp	r3, r5
10003234:	d3f6      	bcc.n	10003224 <_ftoa+0x40c>
10003236:	e6e7      	b.n	10003008 <_ftoa+0x1f0>
10003238:	9b21      	ldr	r3, [sp, #132]	@ 0x84
1000323a:	42a3      	cmp	r3, r4
1000323c:	d900      	bls.n	10003240 <_ftoa+0x428>
1000323e:	e6c0      	b.n	10002fc2 <_ftoa+0x1aa>
10003240:	e6cb      	b.n	10002fda <_ftoa+0x1c2>
10003242:	9b21      	ldr	r3, [sp, #132]	@ 0x84
10003244:	2b03      	cmp	r3, #3
10003246:	d9d5      	bls.n	100031f4 <_ftoa+0x3dc>
10003248:	9706      	str	r7, [sp, #24]
1000324a:	4654      	mov	r4, sl
1000324c:	464f      	mov	r7, r9
1000324e:	3d03      	subs	r5, #3
10003250:	18ed      	adds	r5, r5, r3
10003252:	0022      	movs	r2, r4
10003254:	4643      	mov	r3, r8
10003256:	3401      	adds	r4, #1
10003258:	0039      	movs	r1, r7
1000325a:	2020      	movs	r0, #32
1000325c:	47d8      	blx	fp
1000325e:	42a5      	cmp	r5, r4
10003260:	d1f7      	bne.n	10003252 <_ftoa+0x43a>
10003262:	9f06      	ldr	r7, [sp, #24]
10003264:	e7c6      	b.n	100031f4 <_ftoa+0x3dc>
10003266:	9b21      	ldr	r3, [sp, #132]	@ 0x84
10003268:	2b00      	cmp	r3, #0
1000326a:	d100      	bne.n	1000326e <_ftoa+0x456>
1000326c:	e754      	b.n	10003118 <_ftoa+0x300>
1000326e:	9b0b      	ldr	r3, [sp, #44]	@ 0x2c
10003270:	2b00      	cmp	r3, #0
10003272:	d085      	beq.n	10003180 <_ftoa+0x368>
10003274:	9b21      	ldr	r3, [sp, #132]	@ 0x84
10003276:	3b01      	subs	r3, #1
10003278:	9321      	str	r3, [sp, #132]	@ 0x84
1000327a:	429c      	cmp	r4, r3
1000327c:	d200      	bcs.n	10003280 <_ftoa+0x468>
1000327e:	e6a0      	b.n	10002fc2 <_ftoa+0x1aa>
10003280:	2c20      	cmp	r4, #32
10003282:	d000      	beq.n	10003286 <_ftoa+0x46e>
10003284:	e74e      	b.n	10003124 <_ftoa+0x30c>
10003286:	e6a8      	b.n	10002fda <_ftoa+0x1c2>
10003288:	100079ec 	.word	0x100079ec

1000328c <_etoa>:
1000328c:	b5f0      	push	{r4, r5, r6, r7, lr}
1000328e:	4645      	mov	r5, r8
10003290:	46de      	mov	lr, fp
10003292:	4657      	mov	r7, sl
10003294:	464e      	mov	r6, r9
10003296:	b5e0      	push	{r5, r6, r7, lr}
10003298:	b09b      	sub	sp, #108	@ 0x6c
1000329a:	9c24      	ldr	r4, [sp, #144]	@ 0x90
1000329c:	9d25      	ldr	r5, [sp, #148]	@ 0x94
1000329e:	4682      	mov	sl, r0
100032a0:	4688      	mov	r8, r1
100032a2:	4693      	mov	fp, r2
100032a4:	4699      	mov	r9, r3
100032a6:	0022      	movs	r2, r4
100032a8:	002b      	movs	r3, r5
100032aa:	0020      	movs	r0, r4
100032ac:	0029      	movs	r1, r5
100032ae:	f7ff f88e 	bl	100023ce <__wrap___aeabi_dcmpun>
100032b2:	2800      	cmp	r0, #0
100032b4:	d000      	beq.n	100032b8 <_etoa+0x2c>
100032b6:	e0c1      	b.n	1000343c <_etoa+0x1b0>
100032b8:	2201      	movs	r2, #1
100032ba:	0020      	movs	r0, r4
100032bc:	0029      	movs	r1, r5
100032be:	4b7c      	ldr	r3, [pc, #496]	@ (100034b0 <_etoa+0x224>)
100032c0:	4252      	negs	r2, r2
100032c2:	f7ff f87f 	bl	100023c4 <__wrap___aeabi_dcmpgt>
100032c6:	2800      	cmp	r0, #0
100032c8:	d000      	beq.n	100032cc <_etoa+0x40>
100032ca:	e0b7      	b.n	1000343c <_etoa+0x1b0>
100032cc:	2201      	movs	r2, #1
100032ce:	0020      	movs	r0, r4
100032d0:	0029      	movs	r1, r5
100032d2:	4b78      	ldr	r3, [pc, #480]	@ (100034b4 <_etoa+0x228>)
100032d4:	4252      	negs	r2, r2
100032d6:	f7ff f85f 	bl	10002398 <__wrap___aeabi_dcmplt>
100032da:	2800      	cmp	r0, #0
100032dc:	d000      	beq.n	100032e0 <_etoa+0x54>
100032de:	e0ad      	b.n	1000343c <_etoa+0x1b0>
100032e0:	2200      	movs	r2, #0
100032e2:	2300      	movs	r3, #0
100032e4:	0020      	movs	r0, r4
100032e6:	0029      	movs	r1, r5
100032e8:	f7ff f856 	bl	10002398 <__wrap___aeabi_dcmplt>
100032ec:	2800      	cmp	r0, #0
100032ee:	d000      	beq.n	100032f2 <_etoa+0x66>
100032f0:	e1bb      	b.n	1000366a <_etoa+0x3de>
100032f2:	9408      	str	r4, [sp, #32]
100032f4:	9509      	str	r5, [sp, #36]	@ 0x24
100032f6:	9808      	ldr	r0, [sp, #32]
100032f8:	9909      	ldr	r1, [sp, #36]	@ 0x24
100032fa:	2380      	movs	r3, #128	@ 0x80
100032fc:	9a28      	ldr	r2, [sp, #160]	@ 0xa0
100032fe:	00db      	lsls	r3, r3, #3
10003300:	401a      	ands	r2, r3
10003302:	920f      	str	r2, [sp, #60]	@ 0x3c
10003304:	2280      	movs	r2, #128	@ 0x80
10003306:	9e28      	ldr	r6, [sp, #160]	@ 0xa0
10003308:	0112      	lsls	r2, r2, #4
1000330a:	4016      	ands	r6, r2
1000330c:	0032      	movs	r2, r6
1000330e:	960e      	str	r6, [sp, #56]	@ 0x38
10003310:	9e28      	ldr	r6, [sp, #160]	@ 0xa0
10003312:	000f      	movs	r7, r1
10003314:	900a      	str	r0, [sp, #40]	@ 0x28
10003316:	421e      	tst	r6, r3
10003318:	d000      	beq.n	1000331c <_etoa+0x90>
1000331a:	e0a4      	b.n	10003466 <_etoa+0x1da>
1000331c:	000b      	movs	r3, r1
1000331e:	4303      	orrs	r3, r0
10003320:	d000      	beq.n	10003324 <_etoa+0x98>
10003322:	e0cb      	b.n	100034bc <_etoa+0x230>
10003324:	2a00      	cmp	r2, #0
10003326:	d000      	beq.n	1000332a <_etoa+0x9e>
10003328:	e212      	b.n	10003750 <_etoa+0x4c4>
1000332a:	0032      	movs	r2, r6
1000332c:	3306      	adds	r3, #6
1000332e:	9326      	str	r3, [sp, #152]	@ 0x98
10003330:	2302      	movs	r3, #2
10003332:	4013      	ands	r3, r2
10003334:	930c      	str	r3, [sp, #48]	@ 0x30
10003336:	2302      	movs	r3, #2
10003338:	4213      	tst	r3, r2
1000333a:	d000      	beq.n	1000333e <_etoa+0xb2>
1000333c:	e20a      	b.n	10003754 <_etoa+0x4c8>
1000333e:	9b27      	ldr	r3, [sp, #156]	@ 0x9c
10003340:	2b04      	cmp	r3, #4
10003342:	d200      	bcs.n	10003346 <_etoa+0xba>
10003344:	e215      	b.n	10003772 <_etoa+0x4e6>
10003346:	2700      	movs	r7, #0
10003348:	2604      	movs	r6, #4
1000334a:	3b04      	subs	r3, #4
1000334c:	930e      	str	r3, [sp, #56]	@ 0x38
1000334e:	2200      	movs	r2, #0
10003350:	2300      	movs	r3, #0
10003352:	0020      	movs	r0, r4
10003354:	0029      	movs	r1, r5
10003356:	f7ff f81f 	bl	10002398 <__wrap___aeabi_dcmplt>
1000335a:	2800      	cmp	r0, #0
1000335c:	d000      	beq.n	10003360 <_etoa+0xd4>
1000335e:	e1c8      	b.n	100036f2 <_etoa+0x466>
10003360:	4b55      	ldr	r3, [pc, #340]	@ (100034b8 <_etoa+0x22c>)
10003362:	9a28      	ldr	r2, [sp, #160]	@ 0xa0
10003364:	4013      	ands	r3, r2
10003366:	9304      	str	r3, [sp, #16]
10003368:	9b0e      	ldr	r3, [sp, #56]	@ 0x38
1000336a:	9303      	str	r3, [sp, #12]
1000336c:	9b26      	ldr	r3, [sp, #152]	@ 0x98
1000336e:	9302      	str	r3, [sp, #8]
10003370:	9b08      	ldr	r3, [sp, #32]
10003372:	9c09      	ldr	r4, [sp, #36]	@ 0x24
10003374:	9300      	str	r3, [sp, #0]
10003376:	9401      	str	r4, [sp, #4]
10003378:	4641      	mov	r1, r8
1000337a:	464b      	mov	r3, r9
1000337c:	465a      	mov	r2, fp
1000337e:	4650      	mov	r0, sl
10003380:	f7ff fd4a 	bl	10002e18 <_ftoa>
10003384:	0002      	movs	r2, r0
10003386:	2020      	movs	r0, #32
10003388:	9b28      	ldr	r3, [sp, #160]	@ 0xa0
1000338a:	2500      	movs	r5, #0
1000338c:	4003      	ands	r3, r0
1000338e:	4259      	negs	r1, r3
10003390:	414b      	adcs	r3, r1
10003392:	425b      	negs	r3, r3
10003394:	4018      	ands	r0, r3
10003396:	1c53      	adds	r3, r2, #1
10003398:	9308      	str	r3, [sp, #32]
1000339a:	4641      	mov	r1, r8
1000339c:	464b      	mov	r3, r9
1000339e:	3045      	adds	r0, #69	@ 0x45
100033a0:	47d0      	blx	sl
100033a2:	17fb      	asrs	r3, r7, #31
100033a4:	18fc      	adds	r4, r7, r3
100033a6:	405c      	eors	r4, r3
100033a8:	0ffb      	lsrs	r3, r7, #31
100033aa:	271f      	movs	r7, #31
100033ac:	930a      	str	r3, [sp, #40]	@ 0x28
100033ae:	1e73      	subs	r3, r6, #1
100033b0:	930e      	str	r3, [sp, #56]	@ 0x38
100033b2:	ab0a      	add	r3, sp, #40	@ 0x28
100033b4:	18ff      	adds	r7, r7, r3
100033b6:	e006      	b.n	100033c6 <_etoa+0x13a>
100033b8:	0020      	movs	r0, r4
100033ba:	210a      	movs	r1, #10
100033bc:	f7fe fd3e 	bl	10001e3c <__wrap___aeabi_uidiv>
100033c0:	0004      	movs	r4, r0
100033c2:	2d20      	cmp	r5, #32
100033c4:	d008      	beq.n	100033d8 <_etoa+0x14c>
100033c6:	210a      	movs	r1, #10
100033c8:	0020      	movs	r0, r4
100033ca:	f7fe fd37 	bl	10001e3c <__wrap___aeabi_uidiv>
100033ce:	3501      	adds	r5, #1
100033d0:	3130      	adds	r1, #48	@ 0x30
100033d2:	5579      	strb	r1, [r7, r5]
100033d4:	2c09      	cmp	r4, #9
100033d6:	d8ef      	bhi.n	100033b8 <_etoa+0x12c>
100033d8:	2305      	movs	r3, #5
100033da:	9306      	str	r3, [sp, #24]
100033dc:	9b0e      	ldr	r3, [sp, #56]	@ 0x38
100033de:	4656      	mov	r6, sl
100033e0:	9305      	str	r3, [sp, #20]
100033e2:	2300      	movs	r3, #0
100033e4:	9304      	str	r3, [sp, #16]
100033e6:	330a      	adds	r3, #10
100033e8:	9303      	str	r3, [sp, #12]
100033ea:	9b0a      	ldr	r3, [sp, #40]	@ 0x28
100033ec:	4641      	mov	r1, r8
100033ee:	9302      	str	r3, [sp, #8]
100033f0:	ab12      	add	r3, sp, #72	@ 0x48
100033f2:	9300      	str	r3, [sp, #0]
100033f4:	0030      	movs	r0, r6
100033f6:	464b      	mov	r3, r9
100033f8:	9a08      	ldr	r2, [sp, #32]
100033fa:	9501      	str	r5, [sp, #4]
100033fc:	f7ff fc10 	bl	10002c20 <_ntoa_format>
10003400:	9b0c      	ldr	r3, [sp, #48]	@ 0x30
10003402:	2b00      	cmp	r3, #0
10003404:	d028      	beq.n	10003458 <_etoa+0x1cc>
10003406:	465f      	mov	r7, fp
10003408:	9b27      	ldr	r3, [sp, #156]	@ 0x9c
1000340a:	1bc4      	subs	r4, r0, r7
1000340c:	42a3      	cmp	r3, r4
1000340e:	d923      	bls.n	10003458 <_etoa+0x1cc>
10003410:	4682      	mov	sl, r0
10003412:	001d      	movs	r5, r3
10003414:	193a      	adds	r2, r7, r4
10003416:	464b      	mov	r3, r9
10003418:	4641      	mov	r1, r8
1000341a:	2020      	movs	r0, #32
1000341c:	3401      	adds	r4, #1
1000341e:	47b0      	blx	r6
10003420:	42a5      	cmp	r5, r4
10003422:	d8f7      	bhi.n	10003414 <_etoa+0x188>
10003424:	4650      	mov	r0, sl
10003426:	4659      	mov	r1, fp
10003428:	9c27      	ldr	r4, [sp, #156]	@ 0x9c
1000342a:	1a42      	subs	r2, r0, r1
1000342c:	3201      	adds	r2, #1
1000342e:	2300      	movs	r3, #0
10003430:	4294      	cmp	r4, r2
10003432:	d300      	bcc.n	10003436 <_etoa+0x1aa>
10003434:	e195      	b.n	10003762 <_etoa+0x4d6>
10003436:	3001      	adds	r0, #1
10003438:	1818      	adds	r0, r3, r0
1000343a:	e00d      	b.n	10003458 <_etoa+0x1cc>
1000343c:	9b28      	ldr	r3, [sp, #160]	@ 0xa0
1000343e:	9400      	str	r4, [sp, #0]
10003440:	9501      	str	r5, [sp, #4]
10003442:	9304      	str	r3, [sp, #16]
10003444:	9b27      	ldr	r3, [sp, #156]	@ 0x9c
10003446:	9303      	str	r3, [sp, #12]
10003448:	9b26      	ldr	r3, [sp, #152]	@ 0x98
1000344a:	9302      	str	r3, [sp, #8]
1000344c:	464b      	mov	r3, r9
1000344e:	465a      	mov	r2, fp
10003450:	4641      	mov	r1, r8
10003452:	4650      	mov	r0, sl
10003454:	f7ff fce0 	bl	10002e18 <_ftoa>
10003458:	b01b      	add	sp, #108	@ 0x6c
1000345a:	bcf0      	pop	{r4, r5, r6, r7}
1000345c:	46bb      	mov	fp, r7
1000345e:	46b2      	mov	sl, r6
10003460:	46a9      	mov	r9, r5
10003462:	46a0      	mov	r8, r4
10003464:	bdf0      	pop	{r4, r5, r6, r7, pc}
10003466:	4301      	orrs	r1, r0
10003468:	d12a      	bne.n	100034c0 <_etoa+0x234>
1000346a:	9b0e      	ldr	r3, [sp, #56]	@ 0x38
1000346c:	0032      	movs	r2, r6
1000346e:	2b00      	cmp	r3, #0
10003470:	d100      	bne.n	10003474 <_etoa+0x1e8>
10003472:	e75d      	b.n	10003330 <_etoa+0xa4>
10003474:	2700      	movs	r7, #0
10003476:	9b26      	ldr	r3, [sp, #152]	@ 0x98
10003478:	2600      	movs	r6, #0
1000347a:	42bb      	cmp	r3, r7
1000347c:	dd00      	ble.n	10003480 <_etoa+0x1f4>
1000347e:	e182      	b.n	10003786 <_etoa+0x4fa>
10003480:	2200      	movs	r2, #0
10003482:	2300      	movs	r3, #0
10003484:	0020      	movs	r0, r4
10003486:	0029      	movs	r1, r5
10003488:	f7fe ff86 	bl	10002398 <__wrap___aeabi_dcmplt>
1000348c:	2800      	cmp	r0, #0
1000348e:	d000      	beq.n	10003492 <_etoa+0x206>
10003490:	e14b      	b.n	1000372a <_etoa+0x49e>
10003492:	9b28      	ldr	r3, [sp, #160]	@ 0xa0
10003494:	4a08      	ldr	r2, [pc, #32]	@ (100034b8 <_etoa+0x22c>)
10003496:	9602      	str	r6, [sp, #8]
10003498:	401a      	ands	r2, r3
1000349a:	2380      	movs	r3, #128	@ 0x80
1000349c:	00db      	lsls	r3, r3, #3
1000349e:	4313      	orrs	r3, r2
100034a0:	9304      	str	r3, [sp, #16]
100034a2:	9b27      	ldr	r3, [sp, #156]	@ 0x9c
100034a4:	9303      	str	r3, [sp, #12]
100034a6:	9b08      	ldr	r3, [sp, #32]
100034a8:	9c09      	ldr	r4, [sp, #36]	@ 0x24
100034aa:	9300      	str	r3, [sp, #0]
100034ac:	9401      	str	r4, [sp, #4]
100034ae:	e7cd      	b.n	1000344c <_etoa+0x1c0>
100034b0:	7fefffff 	.word	0x7fefffff
100034b4:	ffefffff 	.word	0xffefffff
100034b8:	fffff7ff 	.word	0xfffff7ff
100034bc:	2306      	movs	r3, #6
100034be:	9326      	str	r3, [sp, #152]	@ 0x98
100034c0:	4bb2      	ldr	r3, [pc, #712]	@ (1000378c <_etoa+0x500>)
100034c2:	0078      	lsls	r0, r7, #1
100034c4:	0d40      	lsrs	r0, r0, #21
100034c6:	18c0      	adds	r0, r0, r3
100034c8:	f7fe ff92 	bl	100023f0 <__wrap___aeabi_i2d>
100034cc:	4ab0      	ldr	r2, [pc, #704]	@ (10003790 <_etoa+0x504>)
100034ce:	4bb1      	ldr	r3, [pc, #708]	@ (10003794 <_etoa+0x508>)
100034d0:	f7fe ff1f 	bl	10002312 <__wrap___aeabi_dmul>
100034d4:	4ab0      	ldr	r2, [pc, #704]	@ (10003798 <_etoa+0x50c>)
100034d6:	4bb1      	ldr	r3, [pc, #708]	@ (1000379c <_etoa+0x510>)
100034d8:	f7fe fef4 	bl	100022c4 <__wrap___aeabi_dadd>
100034dc:	033f      	lsls	r7, r7, #12
100034de:	4bb0      	ldr	r3, [pc, #704]	@ (100037a0 <_etoa+0x514>)
100034e0:	0b3f      	lsrs	r7, r7, #12
100034e2:	433b      	orrs	r3, r7
100034e4:	900c      	str	r0, [sp, #48]	@ 0x30
100034e6:	910d      	str	r1, [sp, #52]	@ 0x34
100034e8:	2200      	movs	r2, #0
100034ea:	980a      	ldr	r0, [sp, #40]	@ 0x28
100034ec:	0019      	movs	r1, r3
100034ee:	4bad      	ldr	r3, [pc, #692]	@ (100037a4 <_etoa+0x518>)
100034f0:	f7fe fedf 	bl	100022b2 <__wrap___aeabi_dsub>
100034f4:	4aac      	ldr	r2, [pc, #688]	@ (100037a8 <_etoa+0x51c>)
100034f6:	4bad      	ldr	r3, [pc, #692]	@ (100037ac <_etoa+0x520>)
100034f8:	f7fe ff0b 	bl	10002312 <__wrap___aeabi_dmul>
100034fc:	0002      	movs	r2, r0
100034fe:	000b      	movs	r3, r1
10003500:	980c      	ldr	r0, [sp, #48]	@ 0x30
10003502:	990d      	ldr	r1, [sp, #52]	@ 0x34
10003504:	f7fe fede 	bl	100022c4 <__wrap___aeabi_dadd>
10003508:	f7fe ff8a 	bl	10002420 <__wrap___aeabi_d2iz>
1000350c:	0007      	movs	r7, r0
1000350e:	f7fe ff6f 	bl	100023f0 <__wrap___aeabi_i2d>
10003512:	4aa7      	ldr	r2, [pc, #668]	@ (100037b0 <_etoa+0x524>)
10003514:	4ba7      	ldr	r3, [pc, #668]	@ (100037b4 <_etoa+0x528>)
10003516:	900a      	str	r0, [sp, #40]	@ 0x28
10003518:	910b      	str	r1, [sp, #44]	@ 0x2c
1000351a:	f7fe fefa 	bl	10002312 <__wrap___aeabi_dmul>
1000351e:	2200      	movs	r2, #0
10003520:	4ba5      	ldr	r3, [pc, #660]	@ (100037b8 <_etoa+0x52c>)
10003522:	f7fe fecf 	bl	100022c4 <__wrap___aeabi_dadd>
10003526:	f7fe ff7b 	bl	10002420 <__wrap___aeabi_d2iz>
1000352a:	4aa4      	ldr	r2, [pc, #656]	@ (100037bc <_etoa+0x530>)
1000352c:	0006      	movs	r6, r0
1000352e:	980a      	ldr	r0, [sp, #40]	@ 0x28
10003530:	990b      	ldr	r1, [sp, #44]	@ 0x2c
10003532:	4ba3      	ldr	r3, [pc, #652]	@ (100037c0 <_etoa+0x534>)
10003534:	f7fe feed 	bl	10002312 <__wrap___aeabi_dmul>
10003538:	900a      	str	r0, [sp, #40]	@ 0x28
1000353a:	910b      	str	r1, [sp, #44]	@ 0x2c
1000353c:	0030      	movs	r0, r6
1000353e:	f7fe ff57 	bl	100023f0 <__wrap___aeabi_i2d>
10003542:	4aa0      	ldr	r2, [pc, #640]	@ (100037c4 <_etoa+0x538>)
10003544:	4ba0      	ldr	r3, [pc, #640]	@ (100037c8 <_etoa+0x53c>)
10003546:	f7fe fee4 	bl	10002312 <__wrap___aeabi_dmul>
1000354a:	0002      	movs	r2, r0
1000354c:	000b      	movs	r3, r1
1000354e:	980a      	ldr	r0, [sp, #40]	@ 0x28
10003550:	990b      	ldr	r1, [sp, #44]	@ 0x2c
10003552:	f7fe feae 	bl	100022b2 <__wrap___aeabi_dsub>
10003556:	0002      	movs	r2, r0
10003558:	000b      	movs	r3, r1
1000355a:	900a      	str	r0, [sp, #40]	@ 0x28
1000355c:	910b      	str	r1, [sp, #44]	@ 0x2c
1000355e:	f7fe fed8 	bl	10002312 <__wrap___aeabi_dmul>
10003562:	900c      	str	r0, [sp, #48]	@ 0x30
10003564:	910d      	str	r1, [sp, #52]	@ 0x34
10003566:	980a      	ldr	r0, [sp, #40]	@ 0x28
10003568:	990b      	ldr	r1, [sp, #44]	@ 0x2c
1000356a:	0002      	movs	r2, r0
1000356c:	000b      	movs	r3, r1
1000356e:	f7fe fea9 	bl	100022c4 <__wrap___aeabi_dadd>
10003572:	2200      	movs	r2, #0
10003574:	9010      	str	r0, [sp, #64]	@ 0x40
10003576:	9111      	str	r1, [sp, #68]	@ 0x44
10003578:	980c      	ldr	r0, [sp, #48]	@ 0x30
1000357a:	990d      	ldr	r1, [sp, #52]	@ 0x34
1000357c:	4b93      	ldr	r3, [pc, #588]	@ (100037cc <_etoa+0x540>)
1000357e:	f7fe feaa 	bl	100022d6 <__wrap___aeabi_ddiv>
10003582:	2200      	movs	r2, #0
10003584:	4b92      	ldr	r3, [pc, #584]	@ (100037d0 <_etoa+0x544>)
10003586:	f7fe fe9d 	bl	100022c4 <__wrap___aeabi_dadd>
1000358a:	0002      	movs	r2, r0
1000358c:	000b      	movs	r3, r1
1000358e:	980c      	ldr	r0, [sp, #48]	@ 0x30
10003590:	990d      	ldr	r1, [sp, #52]	@ 0x34
10003592:	f7fe fea0 	bl	100022d6 <__wrap___aeabi_ddiv>
10003596:	2200      	movs	r2, #0
10003598:	4b8e      	ldr	r3, [pc, #568]	@ (100037d4 <_etoa+0x548>)
1000359a:	f7fe fe93 	bl	100022c4 <__wrap___aeabi_dadd>
1000359e:	0002      	movs	r2, r0
100035a0:	000b      	movs	r3, r1
100035a2:	980c      	ldr	r0, [sp, #48]	@ 0x30
100035a4:	990d      	ldr	r1, [sp, #52]	@ 0x34
100035a6:	f7fe fe96 	bl	100022d6 <__wrap___aeabi_ddiv>
100035aa:	9a0a      	ldr	r2, [sp, #40]	@ 0x28
100035ac:	9b0b      	ldr	r3, [sp, #44]	@ 0x2c
100035ae:	900c      	str	r0, [sp, #48]	@ 0x30
100035b0:	910d      	str	r1, [sp, #52]	@ 0x34
100035b2:	2180      	movs	r1, #128	@ 0x80
100035b4:	2000      	movs	r0, #0
100035b6:	05c9      	lsls	r1, r1, #23
100035b8:	f7fe fe7b 	bl	100022b2 <__wrap___aeabi_dsub>
100035bc:	0002      	movs	r2, r0
100035be:	000b      	movs	r3, r1
100035c0:	980c      	ldr	r0, [sp, #48]	@ 0x30
100035c2:	990d      	ldr	r1, [sp, #52]	@ 0x34
100035c4:	f7fe fe7e 	bl	100022c4 <__wrap___aeabi_dadd>
100035c8:	0002      	movs	r2, r0
100035ca:	000b      	movs	r3, r1
100035cc:	9810      	ldr	r0, [sp, #64]	@ 0x40
100035ce:	9911      	ldr	r1, [sp, #68]	@ 0x44
100035d0:	f7fe fe81 	bl	100022d6 <__wrap___aeabi_ddiv>
100035d4:	2200      	movs	r2, #0
100035d6:	4b72      	ldr	r3, [pc, #456]	@ (100037a0 <_etoa+0x514>)
100035d8:	f7fe fe74 	bl	100022c4 <__wrap___aeabi_dadd>
100035dc:	4b7e      	ldr	r3, [pc, #504]	@ (100037d8 <_etoa+0x54c>)
100035de:	2200      	movs	r2, #0
100035e0:	18f6      	adds	r6, r6, r3
100035e2:	0533      	lsls	r3, r6, #20
100035e4:	f7fe fe95 	bl	10002312 <__wrap___aeabi_dmul>
100035e8:	0002      	movs	r2, r0
100035ea:	000b      	movs	r3, r1
100035ec:	900a      	str	r0, [sp, #40]	@ 0x28
100035ee:	910b      	str	r1, [sp, #44]	@ 0x2c
100035f0:	9808      	ldr	r0, [sp, #32]
100035f2:	9909      	ldr	r1, [sp, #36]	@ 0x24
100035f4:	f7fe fed0 	bl	10002398 <__wrap___aeabi_dcmplt>
100035f8:	2800      	cmp	r0, #0
100035fa:	d008      	beq.n	1000360e <_etoa+0x382>
100035fc:	980a      	ldr	r0, [sp, #40]	@ 0x28
100035fe:	990b      	ldr	r1, [sp, #44]	@ 0x2c
10003600:	2200      	movs	r2, #0
10003602:	4b73      	ldr	r3, [pc, #460]	@ (100037d0 <_etoa+0x544>)
10003604:	f7fe fe67 	bl	100022d6 <__wrap___aeabi_ddiv>
10003608:	900a      	str	r0, [sp, #40]	@ 0x28
1000360a:	910b      	str	r1, [sp, #44]	@ 0x2c
1000360c:	3f01      	subs	r7, #1
1000360e:	990a      	ldr	r1, [sp, #40]	@ 0x28
10003610:	9a0b      	ldr	r2, [sp, #44]	@ 0x2c
10003612:	000b      	movs	r3, r1
10003614:	0011      	movs	r1, r2
10003616:	003a      	movs	r2, r7
10003618:	3263      	adds	r2, #99	@ 0x63
1000361a:	2ac6      	cmp	r2, #198	@ 0xc6
1000361c:	d812      	bhi.n	10003644 <_etoa+0x3b8>
1000361e:	2202      	movs	r2, #2
10003620:	9828      	ldr	r0, [sp, #160]	@ 0xa0
10003622:	2604      	movs	r6, #4
10003624:	4010      	ands	r0, r2
10003626:	9a0e      	ldr	r2, [sp, #56]	@ 0x38
10003628:	900c      	str	r0, [sp, #48]	@ 0x30
1000362a:	2a00      	cmp	r2, #0
1000362c:	d126      	bne.n	1000367c <_etoa+0x3f0>
1000362e:	9b27      	ldr	r3, [sp, #156]	@ 0x9c
10003630:	2b04      	cmp	r3, #4
10003632:	d905      	bls.n	10003640 <_etoa+0x3b4>
10003634:	2800      	cmp	r0, #0
10003636:	d000      	beq.n	1000363a <_etoa+0x3ae>
10003638:	e0a1      	b.n	1000377e <_etoa+0x4f2>
1000363a:	9b27      	ldr	r3, [sp, #156]	@ 0x9c
1000363c:	3b04      	subs	r3, #4
1000363e:	930e      	str	r3, [sp, #56]	@ 0x38
10003640:	2604      	movs	r6, #4
10003642:	e042      	b.n	100036ca <_etoa+0x43e>
10003644:	2202      	movs	r2, #2
10003646:	9828      	ldr	r0, [sp, #160]	@ 0xa0
10003648:	4010      	ands	r0, r2
1000364a:	9a0e      	ldr	r2, [sp, #56]	@ 0x38
1000364c:	900c      	str	r0, [sp, #48]	@ 0x30
1000364e:	2a00      	cmp	r2, #0
10003650:	d113      	bne.n	1000367a <_etoa+0x3ee>
10003652:	9b27      	ldr	r3, [sp, #156]	@ 0x9c
10003654:	2b05      	cmp	r3, #5
10003656:	d800      	bhi.n	1000365a <_etoa+0x3ce>
10003658:	e089      	b.n	1000376e <_etoa+0x4e2>
1000365a:	2800      	cmp	r0, #0
1000365c:	d000      	beq.n	10003660 <_etoa+0x3d4>
1000365e:	e084      	b.n	1000376a <_etoa+0x4de>
10003660:	9b27      	ldr	r3, [sp, #156]	@ 0x9c
10003662:	2605      	movs	r6, #5
10003664:	3b05      	subs	r3, #5
10003666:	930e      	str	r3, [sp, #56]	@ 0x38
10003668:	e032      	b.n	100036d0 <_etoa+0x444>
1000366a:	2380      	movs	r3, #128	@ 0x80
1000366c:	061b      	lsls	r3, r3, #24
1000366e:	469c      	mov	ip, r3
10003670:	44ac      	add	ip, r5
10003672:	4663      	mov	r3, ip
10003674:	9408      	str	r4, [sp, #32]
10003676:	9309      	str	r3, [sp, #36]	@ 0x24
10003678:	e63d      	b.n	100032f6 <_etoa+0x6a>
1000367a:	2605      	movs	r6, #5
1000367c:	430b      	orrs	r3, r1
1000367e:	d100      	bne.n	10003682 <_etoa+0x3f6>
10003680:	e6f9      	b.n	10003476 <_etoa+0x1ea>
10003682:	9808      	ldr	r0, [sp, #32]
10003684:	9909      	ldr	r1, [sp, #36]	@ 0x24
10003686:	4a55      	ldr	r2, [pc, #340]	@ (100037dc <_etoa+0x550>)
10003688:	4b55      	ldr	r3, [pc, #340]	@ (100037e0 <_etoa+0x554>)
1000368a:	f7fe fe93 	bl	100023b4 <__wrap___aeabi_dcmpge>
1000368e:	2800      	cmp	r0, #0
10003690:	d008      	beq.n	100036a4 <_etoa+0x418>
10003692:	9808      	ldr	r0, [sp, #32]
10003694:	9909      	ldr	r1, [sp, #36]	@ 0x24
10003696:	2200      	movs	r2, #0
10003698:	4b52      	ldr	r3, [pc, #328]	@ (100037e4 <_etoa+0x558>)
1000369a:	f7fe fe7d 	bl	10002398 <__wrap___aeabi_dcmplt>
1000369e:	2800      	cmp	r0, #0
100036a0:	d000      	beq.n	100036a4 <_etoa+0x418>
100036a2:	e6e8      	b.n	10003476 <_etoa+0x1ea>
100036a4:	9b26      	ldr	r3, [sp, #152]	@ 0x98
100036a6:	2b00      	cmp	r3, #0
100036a8:	d034      	beq.n	10003714 <_etoa+0x488>
100036aa:	9b0f      	ldr	r3, [sp, #60]	@ 0x3c
100036ac:	2b00      	cmp	r3, #0
100036ae:	d031      	beq.n	10003714 <_etoa+0x488>
100036b0:	9b26      	ldr	r3, [sp, #152]	@ 0x98
100036b2:	3b01      	subs	r3, #1
100036b4:	9326      	str	r3, [sp, #152]	@ 0x98
100036b6:	9b27      	ldr	r3, [sp, #156]	@ 0x9c
100036b8:	42b3      	cmp	r3, r6
100036ba:	d904      	bls.n	100036c6 <_etoa+0x43a>
100036bc:	9b0c      	ldr	r3, [sp, #48]	@ 0x30
100036be:	2b00      	cmp	r3, #0
100036c0:	d059      	beq.n	10003776 <_etoa+0x4ea>
100036c2:	2302      	movs	r3, #2
100036c4:	930c      	str	r3, [sp, #48]	@ 0x30
100036c6:	2300      	movs	r3, #0
100036c8:	930e      	str	r3, [sp, #56]	@ 0x38
100036ca:	2f00      	cmp	r7, #0
100036cc:	d100      	bne.n	100036d0 <_etoa+0x444>
100036ce:	e63e      	b.n	1000334e <_etoa+0xc2>
100036d0:	9a0a      	ldr	r2, [sp, #40]	@ 0x28
100036d2:	9b0b      	ldr	r3, [sp, #44]	@ 0x2c
100036d4:	9808      	ldr	r0, [sp, #32]
100036d6:	9909      	ldr	r1, [sp, #36]	@ 0x24
100036d8:	f7fe fdfd 	bl	100022d6 <__wrap___aeabi_ddiv>
100036dc:	2200      	movs	r2, #0
100036de:	9008      	str	r0, [sp, #32]
100036e0:	9109      	str	r1, [sp, #36]	@ 0x24
100036e2:	2300      	movs	r3, #0
100036e4:	0020      	movs	r0, r4
100036e6:	0029      	movs	r1, r5
100036e8:	f7fe fe56 	bl	10002398 <__wrap___aeabi_dcmplt>
100036ec:	2800      	cmp	r0, #0
100036ee:	d100      	bne.n	100036f2 <_etoa+0x466>
100036f0:	e636      	b.n	10003360 <_etoa+0xd4>
100036f2:	9c08      	ldr	r4, [sp, #32]
100036f4:	9d09      	ldr	r5, [sp, #36]	@ 0x24
100036f6:	9a28      	ldr	r2, [sp, #160]	@ 0xa0
100036f8:	2080      	movs	r0, #128	@ 0x80
100036fa:	4b3b      	ldr	r3, [pc, #236]	@ (100037e8 <_etoa+0x55c>)
100036fc:	0600      	lsls	r0, r0, #24
100036fe:	4013      	ands	r3, r2
10003700:	0022      	movs	r2, r4
10003702:	9304      	str	r3, [sp, #16]
10003704:	9b0e      	ldr	r3, [sp, #56]	@ 0x38
10003706:	9303      	str	r3, [sp, #12]
10003708:	9b26      	ldr	r3, [sp, #152]	@ 0x98
1000370a:	9302      	str	r3, [sp, #8]
1000370c:	182b      	adds	r3, r5, r0
1000370e:	9200      	str	r2, [sp, #0]
10003710:	9301      	str	r3, [sp, #4]
10003712:	e631      	b.n	10003378 <_etoa+0xec>
10003714:	9b27      	ldr	r3, [sp, #156]	@ 0x9c
10003716:	42b3      	cmp	r3, r6
10003718:	d9d5      	bls.n	100036c6 <_etoa+0x43a>
1000371a:	9b0c      	ldr	r3, [sp, #48]	@ 0x30
1000371c:	2b00      	cmp	r3, #0
1000371e:	d02a      	beq.n	10003776 <_etoa+0x4ea>
10003720:	2300      	movs	r3, #0
10003722:	930e      	str	r3, [sp, #56]	@ 0x38
10003724:	3302      	adds	r3, #2
10003726:	930c      	str	r3, [sp, #48]	@ 0x30
10003728:	e7cf      	b.n	100036ca <_etoa+0x43e>
1000372a:	9b28      	ldr	r3, [sp, #160]	@ 0xa0
1000372c:	4a2e      	ldr	r2, [pc, #184]	@ (100037e8 <_etoa+0x55c>)
1000372e:	2080      	movs	r0, #128	@ 0x80
10003730:	9c08      	ldr	r4, [sp, #32]
10003732:	9d09      	ldr	r5, [sp, #36]	@ 0x24
10003734:	401a      	ands	r2, r3
10003736:	2380      	movs	r3, #128	@ 0x80
10003738:	00db      	lsls	r3, r3, #3
1000373a:	4313      	orrs	r3, r2
1000373c:	0022      	movs	r2, r4
1000373e:	9304      	str	r3, [sp, #16]
10003740:	9b27      	ldr	r3, [sp, #156]	@ 0x9c
10003742:	0600      	lsls	r0, r0, #24
10003744:	9303      	str	r3, [sp, #12]
10003746:	182b      	adds	r3, r5, r0
10003748:	9200      	str	r2, [sp, #0]
1000374a:	9301      	str	r3, [sp, #4]
1000374c:	9602      	str	r6, [sp, #8]
1000374e:	e67d      	b.n	1000344c <_etoa+0x1c0>
10003750:	2605      	movs	r6, #5
10003752:	e695      	b.n	10003480 <_etoa+0x1f4>
10003754:	2300      	movs	r3, #0
10003756:	930e      	str	r3, [sp, #56]	@ 0x38
10003758:	3302      	adds	r3, #2
1000375a:	2700      	movs	r7, #0
1000375c:	2604      	movs	r6, #4
1000375e:	930c      	str	r3, [sp, #48]	@ 0x30
10003760:	e5f5      	b.n	1000334e <_etoa+0xc2>
10003762:	1e4b      	subs	r3, r1, #1
10003764:	191b      	adds	r3, r3, r4
10003766:	1a1b      	subs	r3, r3, r0
10003768:	e665      	b.n	10003436 <_etoa+0x1aa>
1000376a:	2302      	movs	r3, #2
1000376c:	930c      	str	r3, [sp, #48]	@ 0x30
1000376e:	2605      	movs	r6, #5
10003770:	e7ae      	b.n	100036d0 <_etoa+0x444>
10003772:	2304      	movs	r3, #4
10003774:	e5e7      	b.n	10003346 <_etoa+0xba>
10003776:	9b27      	ldr	r3, [sp, #156]	@ 0x9c
10003778:	1b9b      	subs	r3, r3, r6
1000377a:	930e      	str	r3, [sp, #56]	@ 0x38
1000377c:	e7a5      	b.n	100036ca <_etoa+0x43e>
1000377e:	2302      	movs	r3, #2
10003780:	2604      	movs	r6, #4
10003782:	930c      	str	r3, [sp, #48]	@ 0x30
10003784:	e7a1      	b.n	100036ca <_etoa+0x43e>
10003786:	1bdb      	subs	r3, r3, r7
10003788:	1e5e      	subs	r6, r3, #1
1000378a:	e679      	b.n	10003480 <_etoa+0x1f4>
1000378c:	fffffc01 	.word	0xfffffc01
10003790:	509f79fb 	.word	0x509f79fb
10003794:	3fd34413 	.word	0x3fd34413
10003798:	8b60c8b3 	.word	0x8b60c8b3
1000379c:	3fc68a28 	.word	0x3fc68a28
100037a0:	3ff00000 	.word	0x3ff00000
100037a4:	3ff80000 	.word	0x3ff80000
100037a8:	636f4361 	.word	0x636f4361
100037ac:	3fd287a7 	.word	0x3fd287a7
100037b0:	0979a371 	.word	0x0979a371
100037b4:	400a934f 	.word	0x400a934f
100037b8:	3fe00000 	.word	0x3fe00000
100037bc:	bbb55516 	.word	0xbbb55516
100037c0:	40026bb1 	.word	0x40026bb1
100037c4:	fefa39ef 	.word	0xfefa39ef
100037c8:	3fe62e42 	.word	0x3fe62e42
100037cc:	402c0000 	.word	0x402c0000
100037d0:	40240000 	.word	0x40240000
100037d4:	40180000 	.word	0x40180000
100037d8:	000003ff 	.word	0x000003ff
100037dc:	eb1c432d 	.word	0xeb1c432d
100037e0:	3f1a36e2 	.word	0x3f1a36e2
100037e4:	412e8480 	.word	0x412e8480
100037e8:	fffff7ff 	.word	0xfffff7ff

100037ec <_vsnprintf>:
100037ec:	b5f0      	push	{r4, r5, r6, r7, lr}
100037ee:	4657      	mov	r7, sl
100037f0:	46de      	mov	lr, fp
100037f2:	464e      	mov	r6, r9
100037f4:	4645      	mov	r5, r8
100037f6:	b5e0      	push	{r5, r6, r7, lr}
100037f8:	b0a3      	sub	sp, #140	@ 0x8c
100037fa:	001f      	movs	r7, r3
100037fc:	9b2c      	ldr	r3, [sp, #176]	@ 0xb0
100037fe:	4692      	mov	sl, r2
10003800:	930c      	str	r3, [sp, #48]	@ 0x30
10003802:	4ac9      	ldr	r2, [pc, #804]	@ (10003b28 <_vsnprintf+0x33c>)
10003804:	4bc9      	ldr	r3, [pc, #804]	@ (10003b2c <_vsnprintf+0x340>)
10003806:	468b      	mov	fp, r1
10003808:	900b      	str	r0, [sp, #44]	@ 0x2c
1000380a:	601a      	str	r2, [r3, #0]
1000380c:	2900      	cmp	r1, #0
1000380e:	d100      	bne.n	10003812 <_vsnprintf+0x26>
10003810:	e1bf      	b.n	10003b92 <_vsnprintf+0x3a6>
10003812:	2300      	movs	r3, #0
10003814:	7838      	ldrb	r0, [r7, #0]
10003816:	4699      	mov	r9, r3
10003818:	2800      	cmp	r0, #0
1000381a:	d100      	bne.n	1000381e <_vsnprintf+0x32>
1000381c:	e1c1      	b.n	10003ba2 <_vsnprintf+0x3b6>
1000381e:	4bc4      	ldr	r3, [pc, #784]	@ (10003b30 <_vsnprintf+0x344>)
10003820:	464c      	mov	r4, r9
10003822:	9309      	str	r3, [sp, #36]	@ 0x24
10003824:	4bc3      	ldr	r3, [pc, #780]	@ (10003b34 <_vsnprintf+0x348>)
10003826:	930e      	str	r3, [sp, #56]	@ 0x38
10003828:	465b      	mov	r3, fp
1000382a:	930a      	str	r3, [sp, #40]	@ 0x28
1000382c:	e008      	b.n	10003840 <_vsnprintf+0x54>
1000382e:	0022      	movs	r2, r4
10003830:	4653      	mov	r3, sl
10003832:	990a      	ldr	r1, [sp, #40]	@ 0x28
10003834:	9d0b      	ldr	r5, [sp, #44]	@ 0x2c
10003836:	47a8      	blx	r5
10003838:	3401      	adds	r4, #1
1000383a:	7838      	ldrb	r0, [r7, #0]
1000383c:	2800      	cmp	r0, #0
1000383e:	d076      	beq.n	1000392e <_vsnprintf+0x142>
10003840:	3701      	adds	r7, #1
10003842:	2825      	cmp	r0, #37	@ 0x25
10003844:	d1f3      	bne.n	1000382e <_vsnprintf+0x42>
10003846:	2310      	movs	r3, #16
10003848:	469b      	mov	fp, r3
1000384a:	3b08      	subs	r3, #8
1000384c:	4699      	mov	r9, r3
1000384e:	3b04      	subs	r3, #4
10003850:	4698      	mov	r8, r3
10003852:	3b03      	subs	r3, #3
10003854:	2600      	movs	r6, #0
10003856:	2502      	movs	r5, #2
10003858:	469c      	mov	ip, r3
1000385a:	7838      	ldrb	r0, [r7, #0]
1000385c:	1c79      	adds	r1, r7, #1
1000385e:	0003      	movs	r3, r0
10003860:	3b20      	subs	r3, #32
10003862:	b2db      	uxtb	r3, r3
10003864:	2b10      	cmp	r3, #16
10003866:	d803      	bhi.n	10003870 <_vsnprintf+0x84>
10003868:	9a09      	ldr	r2, [sp, #36]	@ 0x24
1000386a:	009b      	lsls	r3, r3, #2
1000386c:	58d3      	ldr	r3, [r2, r3]
1000386e:	469f      	mov	pc, r3
10003870:	0003      	movs	r3, r0
10003872:	3b30      	subs	r3, #48	@ 0x30
10003874:	2b09      	cmp	r3, #9
10003876:	d936      	bls.n	100038e6 <_vsnprintf+0xfa>
10003878:	2500      	movs	r5, #0
1000387a:	282a      	cmp	r0, #42	@ 0x2a
1000387c:	d100      	bne.n	10003880 <_vsnprintf+0x94>
1000387e:	e0a7      	b.n	100039d0 <_vsnprintf+0x1e4>
10003880:	2300      	movs	r3, #0
10003882:	930d      	str	r3, [sp, #52]	@ 0x34
10003884:	282e      	cmp	r0, #46	@ 0x2e
10003886:	d03f      	beq.n	10003908 <_vsnprintf+0x11c>
10003888:	0003      	movs	r3, r0
1000388a:	3b68      	subs	r3, #104	@ 0x68
1000388c:	b2db      	uxtb	r3, r3
1000388e:	2b12      	cmp	r3, #18
10003890:	d81b      	bhi.n	100038ca <_vsnprintf+0xde>
10003892:	9a0e      	ldr	r2, [sp, #56]	@ 0x38
10003894:	009b      	lsls	r3, r3, #2
10003896:	58d3      	ldr	r3, [r2, r3]
10003898:	469f      	mov	pc, r3
1000389a:	4663      	mov	r3, ip
1000389c:	000f      	movs	r7, r1
1000389e:	431e      	orrs	r6, r3
100038a0:	e7db      	b.n	1000385a <_vsnprintf+0x6e>
100038a2:	000f      	movs	r7, r1
100038a4:	432e      	orrs	r6, r5
100038a6:	e7d8      	b.n	1000385a <_vsnprintf+0x6e>
100038a8:	4643      	mov	r3, r8
100038aa:	000f      	movs	r7, r1
100038ac:	431e      	orrs	r6, r3
100038ae:	e7d4      	b.n	1000385a <_vsnprintf+0x6e>
100038b0:	465b      	mov	r3, fp
100038b2:	000f      	movs	r7, r1
100038b4:	431e      	orrs	r6, r3
100038b6:	e7d0      	b.n	1000385a <_vsnprintf+0x6e>
100038b8:	464b      	mov	r3, r9
100038ba:	000f      	movs	r7, r1
100038bc:	431e      	orrs	r6, r3
100038be:	e7cc      	b.n	1000385a <_vsnprintf+0x6e>
100038c0:	2380      	movs	r3, #128	@ 0x80
100038c2:	7878      	ldrb	r0, [r7, #1]
100038c4:	005b      	lsls	r3, r3, #1
100038c6:	431e      	orrs	r6, r3
100038c8:	3101      	adds	r1, #1
100038ca:	000f      	movs	r7, r1
100038cc:	2867      	cmp	r0, #103	@ 0x67
100038ce:	d845      	bhi.n	1000395c <_vsnprintf+0x170>
100038d0:	2824      	cmp	r0, #36	@ 0x24
100038d2:	d9ac      	bls.n	1000382e <_vsnprintf+0x42>
100038d4:	0003      	movs	r3, r0
100038d6:	3b25      	subs	r3, #37	@ 0x25
100038d8:	b2db      	uxtb	r3, r3
100038da:	2b42      	cmp	r3, #66	@ 0x42
100038dc:	d8a7      	bhi.n	1000382e <_vsnprintf+0x42>
100038de:	4996      	ldr	r1, [pc, #600]	@ (10003b38 <_vsnprintf+0x34c>)
100038e0:	009b      	lsls	r3, r3, #2
100038e2:	58cb      	ldr	r3, [r1, r3]
100038e4:	469f      	mov	pc, r3
100038e6:	2500      	movs	r5, #0
100038e8:	00ab      	lsls	r3, r5, #2
100038ea:	195d      	adds	r5, r3, r5
100038ec:	006d      	lsls	r5, r5, #1
100038ee:	182d      	adds	r5, r5, r0
100038f0:	7808      	ldrb	r0, [r1, #0]
100038f2:	000f      	movs	r7, r1
100038f4:	0003      	movs	r3, r0
100038f6:	3b30      	subs	r3, #48	@ 0x30
100038f8:	3d30      	subs	r5, #48	@ 0x30
100038fa:	3101      	adds	r1, #1
100038fc:	2b09      	cmp	r3, #9
100038fe:	d9f3      	bls.n	100038e8 <_vsnprintf+0xfc>
10003900:	2300      	movs	r3, #0
10003902:	930d      	str	r3, [sp, #52]	@ 0x34
10003904:	282e      	cmp	r0, #46	@ 0x2e
10003906:	d1bf      	bne.n	10003888 <_vsnprintf+0x9c>
10003908:	2230      	movs	r2, #48	@ 0x30
1000390a:	2080      	movs	r0, #128	@ 0x80
1000390c:	4252      	negs	r2, r2
1000390e:	4690      	mov	r8, r2
10003910:	00c0      	lsls	r0, r0, #3
10003912:	4306      	orrs	r6, r0
10003914:	7878      	ldrb	r0, [r7, #1]
10003916:	000b      	movs	r3, r1
10003918:	4480      	add	r8, r0
1000391a:	4642      	mov	r2, r8
1000391c:	2a09      	cmp	r2, #9
1000391e:	d800      	bhi.n	10003922 <_vsnprintf+0x136>
10003920:	e151      	b.n	10003bc6 <_vsnprintf+0x3da>
10003922:	282a      	cmp	r0, #42	@ 0x2a
10003924:	d100      	bne.n	10003928 <_vsnprintf+0x13c>
10003926:	e15e      	b.n	10003be6 <_vsnprintf+0x3fa>
10003928:	000f      	movs	r7, r1
1000392a:	3101      	adds	r1, #1
1000392c:	e7ac      	b.n	10003888 <_vsnprintf+0x9c>
1000392e:	9b0a      	ldr	r3, [sp, #40]	@ 0x28
10003930:	46a1      	mov	r9, r4
10003932:	469b      	mov	fp, r3
10003934:	45ca      	cmp	sl, r9
10003936:	d803      	bhi.n	10003940 <_vsnprintf+0x154>
10003938:	2301      	movs	r3, #1
1000393a:	425b      	negs	r3, r3
1000393c:	4453      	add	r3, sl
1000393e:	4699      	mov	r9, r3
10003940:	4653      	mov	r3, sl
10003942:	464a      	mov	r2, r9
10003944:	4659      	mov	r1, fp
10003946:	2000      	movs	r0, #0
10003948:	9d0b      	ldr	r5, [sp, #44]	@ 0x2c
1000394a:	47a8      	blx	r5
1000394c:	0020      	movs	r0, r4
1000394e:	b023      	add	sp, #140	@ 0x8c
10003950:	bcf0      	pop	{r4, r5, r6, r7}
10003952:	46bb      	mov	fp, r7
10003954:	46b2      	mov	sl, r6
10003956:	46a9      	mov	r9, r5
10003958:	46a0      	mov	r8, r4
1000395a:	bdf0      	pop	{r4, r5, r6, r7, pc}
1000395c:	0003      	movs	r3, r0
1000395e:	3b69      	subs	r3, #105	@ 0x69
10003960:	b2db      	uxtb	r3, r3
10003962:	2b0f      	cmp	r3, #15
10003964:	d900      	bls.n	10003968 <_vsnprintf+0x17c>
10003966:	e762      	b.n	1000382e <_vsnprintf+0x42>
10003968:	2101      	movs	r1, #1
1000396a:	4099      	lsls	r1, r3
1000396c:	4688      	mov	r8, r1
1000396e:	4a73      	ldr	r2, [pc, #460]	@ (10003b3c <_vsnprintf+0x350>)
10003970:	4011      	ands	r1, r2
10003972:	468b      	mov	fp, r1
10003974:	0011      	movs	r1, r2
10003976:	4642      	mov	r2, r8
10003978:	420a      	tst	r2, r1
1000397a:	d000      	beq.n	1000397e <_vsnprintf+0x192>
1000397c:	e113      	b.n	10003ba6 <_vsnprintf+0x3ba>
1000397e:	2b0a      	cmp	r3, #10
10003980:	d02f      	beq.n	100039e2 <_vsnprintf+0x1f6>
10003982:	2b07      	cmp	r3, #7
10003984:	d000      	beq.n	10003988 <_vsnprintf+0x19c>
10003986:	e752      	b.n	1000382e <_vsnprintf+0x42>
10003988:	9d0c      	ldr	r5, [sp, #48]	@ 0x30
1000398a:	cd01      	ldmia	r5!, {r0}
1000398c:	2800      	cmp	r0, #0
1000398e:	d100      	bne.n	10003992 <_vsnprintf+0x1a6>
10003990:	e134      	b.n	10003bfc <_vsnprintf+0x410>
10003992:	2321      	movs	r3, #33	@ 0x21
10003994:	431e      	orrs	r6, r3
10003996:	46b0      	mov	r8, r6
10003998:	261f      	movs	r6, #31
1000399a:	9a0d      	ldr	r2, [sp, #52]	@ 0x34
1000399c:	ab12      	add	r3, sp, #72	@ 0x48
1000399e:	18f6      	adds	r6, r6, r3
100039a0:	46a1      	mov	r9, r4
100039a2:	4694      	mov	ip, r2
100039a4:	4659      	mov	r1, fp
100039a6:	0034      	movs	r4, r6
100039a8:	e002      	b.n	100039b0 <_vsnprintf+0x1c4>
100039aa:	0900      	lsrs	r0, r0, #4
100039ac:	2920      	cmp	r1, #32
100039ae:	d00a      	beq.n	100039c6 <_vsnprintf+0x1da>
100039b0:	260f      	movs	r6, #15
100039b2:	4006      	ands	r6, r0
100039b4:	0032      	movs	r2, r6
100039b6:	3237      	adds	r2, #55	@ 0x37
100039b8:	2e09      	cmp	r6, #9
100039ba:	d800      	bhi.n	100039be <_vsnprintf+0x1d2>
100039bc:	3a07      	subs	r2, #7
100039be:	3101      	adds	r1, #1
100039c0:	5462      	strb	r2, [r4, r1]
100039c2:	280f      	cmp	r0, #15
100039c4:	d8f1      	bhi.n	100039aa <_vsnprintf+0x1be>
100039c6:	4663      	mov	r3, ip
100039c8:	464c      	mov	r4, r9
100039ca:	468b      	mov	fp, r1
100039cc:	930d      	str	r3, [sp, #52]	@ 0x34
100039ce:	e122      	b.n	10003c16 <_vsnprintf+0x42a>
100039d0:	9b0c      	ldr	r3, [sp, #48]	@ 0x30
100039d2:	cb20      	ldmia	r3!, {r5}
100039d4:	2d00      	cmp	r5, #0
100039d6:	db52      	blt.n	10003a7e <_vsnprintf+0x292>
100039d8:	7878      	ldrb	r0, [r7, #1]
100039da:	930c      	str	r3, [sp, #48]	@ 0x30
100039dc:	000f      	movs	r7, r1
100039de:	3101      	adds	r1, #1
100039e0:	e74e      	b.n	10003880 <_vsnprintf+0x94>
100039e2:	9b0c      	ldr	r3, [sp, #48]	@ 0x30
100039e4:	990d      	ldr	r1, [sp, #52]	@ 0x34
100039e6:	cb04      	ldmia	r3!, {r2}
100039e8:	4690      	mov	r8, r2
100039ea:	469b      	mov	fp, r3
100039ec:	2900      	cmp	r1, #0
100039ee:	d100      	bne.n	100039f2 <_vsnprintf+0x206>
100039f0:	e128      	b.n	10003c44 <_vsnprintf+0x458>
100039f2:	4643      	mov	r3, r8
100039f4:	7818      	ldrb	r0, [r3, #0]
100039f6:	4441      	add	r1, r8
100039f8:	2800      	cmp	r0, #0
100039fa:	d101      	bne.n	10003a00 <_vsnprintf+0x214>
100039fc:	f000 fc29 	bl	10004252 <_vsnprintf+0xa66>
10003a00:	9a0d      	ldr	r2, [sp, #52]	@ 0x34
10003a02:	4694      	mov	ip, r2
10003a04:	000a      	movs	r2, r1
10003a06:	e004      	b.n	10003a12 <_vsnprintf+0x226>
10003a08:	7859      	ldrb	r1, [r3, #1]
10003a0a:	3301      	adds	r3, #1
10003a0c:	2900      	cmp	r1, #0
10003a0e:	d100      	bne.n	10003a12 <_vsnprintf+0x226>
10003a10:	e195      	b.n	10003d3e <_vsnprintf+0x552>
10003a12:	429a      	cmp	r2, r3
10003a14:	d1f8      	bne.n	10003a08 <_vsnprintf+0x21c>
10003a16:	4663      	mov	r3, ip
10003a18:	930d      	str	r3, [sp, #52]	@ 0x34
10003a1a:	4643      	mov	r3, r8
10003a1c:	1ad3      	subs	r3, r2, r3
10003a1e:	930f      	str	r3, [sp, #60]	@ 0x3c
10003a20:	0573      	lsls	r3, r6, #21
10003a22:	d400      	bmi.n	10003a26 <_vsnprintf+0x23a>
10003a24:	e16c      	b.n	10003d00 <_vsnprintf+0x514>
10003a26:	9b0f      	ldr	r3, [sp, #60]	@ 0x3c
10003a28:	9a0d      	ldr	r2, [sp, #52]	@ 0x34
10003a2a:	4293      	cmp	r3, r2
10003a2c:	d900      	bls.n	10003a30 <_vsnprintf+0x244>
10003a2e:	920f      	str	r2, [sp, #60]	@ 0x3c
10003a30:	2302      	movs	r3, #2
10003a32:	001a      	movs	r2, r3
10003a34:	4032      	ands	r2, r6
10003a36:	920c      	str	r2, [sp, #48]	@ 0x30
10003a38:	4233      	tst	r3, r6
10003a3a:	d100      	bne.n	10003a3e <_vsnprintf+0x252>
10003a3c:	e291      	b.n	10003f62 <_vsnprintf+0x776>
10003a3e:	930c      	str	r3, [sp, #48]	@ 0x30
10003a40:	9b0d      	ldr	r3, [sp, #52]	@ 0x34
10003a42:	46b9      	mov	r9, r7
10003a44:	191e      	adds	r6, r3, r4
10003a46:	4643      	mov	r3, r8
10003a48:	1b1b      	subs	r3, r3, r4
10003a4a:	46a8      	mov	r8, r5
10003a4c:	0022      	movs	r2, r4
10003a4e:	001f      	movs	r7, r3
10003a50:	9d0b      	ldr	r5, [sp, #44]	@ 0x2c
10003a52:	e008      	b.n	10003a66 <_vsnprintf+0x27a>
10003a54:	1c54      	adds	r4, r2, #1
10003a56:	4653      	mov	r3, sl
10003a58:	990a      	ldr	r1, [sp, #40]	@ 0x28
10003a5a:	47a8      	blx	r5
10003a5c:	5d38      	ldrb	r0, [r7, r4]
10003a5e:	2800      	cmp	r0, #0
10003a60:	d100      	bne.n	10003a64 <_vsnprintf+0x278>
10003a62:	e163      	b.n	10003d2c <_vsnprintf+0x540>
10003a64:	0022      	movs	r2, r4
10003a66:	4296      	cmp	r6, r2
10003a68:	d1f4      	bne.n	10003a54 <_vsnprintf+0x268>
10003a6a:	4645      	mov	r5, r8
10003a6c:	464f      	mov	r7, r9
10003a6e:	0034      	movs	r4, r6
10003a70:	9b0c      	ldr	r3, [sp, #48]	@ 0x30
10003a72:	2b00      	cmp	r3, #0
10003a74:	d000      	beq.n	10003a78 <_vsnprintf+0x28c>
10003a76:	e197      	b.n	10003da8 <_vsnprintf+0x5bc>
10003a78:	465b      	mov	r3, fp
10003a7a:	930c      	str	r3, [sp, #48]	@ 0x30
10003a7c:	e6dd      	b.n	1000383a <_vsnprintf+0x4e>
10003a7e:	2202      	movs	r2, #2
10003a80:	7878      	ldrb	r0, [r7, #1]
10003a82:	4316      	orrs	r6, r2
10003a84:	000f      	movs	r7, r1
10003a86:	426d      	negs	r5, r5
10003a88:	930c      	str	r3, [sp, #48]	@ 0x30
10003a8a:	3101      	adds	r1, #1
10003a8c:	e6f8      	b.n	10003880 <_vsnprintf+0x94>
10003a8e:	7878      	ldrb	r0, [r7, #1]
10003a90:	286c      	cmp	r0, #108	@ 0x6c
10003a92:	d100      	bne.n	10003a96 <_vsnprintf+0x2aa>
10003a94:	e159      	b.n	10003d4a <_vsnprintf+0x55e>
10003a96:	2380      	movs	r3, #128	@ 0x80
10003a98:	005b      	lsls	r3, r3, #1
10003a9a:	431e      	orrs	r6, r3
10003a9c:	3101      	adds	r1, #1
10003a9e:	e714      	b.n	100038ca <_vsnprintf+0xde>
10003aa0:	2380      	movs	r3, #128	@ 0x80
10003aa2:	009b      	lsls	r3, r3, #2
10003aa4:	7878      	ldrb	r0, [r7, #1]
10003aa6:	431e      	orrs	r6, r3
10003aa8:	3101      	adds	r1, #1
10003aaa:	e70e      	b.n	100038ca <_vsnprintf+0xde>
10003aac:	7878      	ldrb	r0, [r7, #1]
10003aae:	2868      	cmp	r0, #104	@ 0x68
10003ab0:	d100      	bne.n	10003ab4 <_vsnprintf+0x2c8>
10003ab2:	e150      	b.n	10003d56 <_vsnprintf+0x56a>
10003ab4:	2380      	movs	r3, #128	@ 0x80
10003ab6:	3101      	adds	r1, #1
10003ab8:	431e      	orrs	r6, r3
10003aba:	e706      	b.n	100038ca <_vsnprintf+0xde>
10003abc:	2867      	cmp	r0, #103	@ 0x67
10003abe:	d100      	bne.n	10003ac2 <_vsnprintf+0x2d6>
10003ac0:	e0c2      	b.n	10003c48 <_vsnprintf+0x45c>
10003ac2:	2847      	cmp	r0, #71	@ 0x47
10003ac4:	d100      	bne.n	10003ac8 <_vsnprintf+0x2dc>
10003ac6:	e134      	b.n	10003d32 <_vsnprintf+0x546>
10003ac8:	2845      	cmp	r0, #69	@ 0x45
10003aca:	d100      	bne.n	10003ace <_vsnprintf+0x2e2>
10003acc:	e134      	b.n	10003d38 <_vsnprintf+0x54c>
10003ace:	2107      	movs	r1, #7
10003ad0:	9b0c      	ldr	r3, [sp, #48]	@ 0x30
10003ad2:	9a0d      	ldr	r2, [sp, #52]	@ 0x34
10003ad4:	3307      	adds	r3, #7
10003ad6:	438b      	bics	r3, r1
10003ad8:	0019      	movs	r1, r3
10003ada:	9604      	str	r6, [sp, #16]
10003adc:	9503      	str	r5, [sp, #12]
10003ade:	9202      	str	r2, [sp, #8]
10003ae0:	c90c      	ldmia	r1!, {r2, r3}
10003ae2:	980b      	ldr	r0, [sp, #44]	@ 0x2c
10003ae4:	9200      	str	r2, [sp, #0]
10003ae6:	9301      	str	r3, [sp, #4]
10003ae8:	910c      	str	r1, [sp, #48]	@ 0x30
10003aea:	0022      	movs	r2, r4
10003aec:	4653      	mov	r3, sl
10003aee:	990a      	ldr	r1, [sp, #40]	@ 0x28
10003af0:	f7ff fbcc 	bl	1000328c <_etoa>
10003af4:	0004      	movs	r4, r0
10003af6:	e6a0      	b.n	1000383a <_vsnprintf+0x4e>
10003af8:	2846      	cmp	r0, #70	@ 0x46
10003afa:	d100      	bne.n	10003afe <_vsnprintf+0x312>
10003afc:	e0a8      	b.n	10003c50 <_vsnprintf+0x464>
10003afe:	2107      	movs	r1, #7
10003b00:	9b0c      	ldr	r3, [sp, #48]	@ 0x30
10003b02:	9a0d      	ldr	r2, [sp, #52]	@ 0x34
10003b04:	3307      	adds	r3, #7
10003b06:	438b      	bics	r3, r1
10003b08:	0019      	movs	r1, r3
10003b0a:	9604      	str	r6, [sp, #16]
10003b0c:	9503      	str	r5, [sp, #12]
10003b0e:	9202      	str	r2, [sp, #8]
10003b10:	c90c      	ldmia	r1!, {r2, r3}
10003b12:	980b      	ldr	r0, [sp, #44]	@ 0x2c
10003b14:	9200      	str	r2, [sp, #0]
10003b16:	9301      	str	r3, [sp, #4]
10003b18:	910c      	str	r1, [sp, #48]	@ 0x30
10003b1a:	0022      	movs	r2, r4
10003b1c:	4653      	mov	r3, sl
10003b1e:	990a      	ldr	r1, [sp, #40]	@ 0x28
10003b20:	f7ff f97a 	bl	10002e18 <_ftoa>
10003b24:	0004      	movs	r4, r0
10003b26:	e688      	b.n	1000383a <_vsnprintf+0x4e>
10003b28:	100037ed 	.word	0x100037ed
10003b2c:	20001e88 	.word	0x20001e88
10003b30:	10007b14 	.word	0x10007b14
10003b34:	10007b58 	.word	0x10007b58
10003b38:	10007ba4 	.word	0x10007ba4
10003b3c:	00009041 	.word	0x00009041
10003b40:	0022      	movs	r2, r4
10003b42:	4653      	mov	r3, sl
10003b44:	2025      	movs	r0, #37	@ 0x25
10003b46:	990a      	ldr	r1, [sp, #40]	@ 0x28
10003b48:	9d0b      	ldr	r5, [sp, #44]	@ 0x2c
10003b4a:	47a8      	blx	r5
10003b4c:	3401      	adds	r4, #1
10003b4e:	e674      	b.n	1000383a <_vsnprintf+0x4e>
10003b50:	9b0c      	ldr	r3, [sp, #48]	@ 0x30
10003b52:	3304      	adds	r3, #4
10003b54:	469b      	mov	fp, r3
10003b56:	1c63      	adds	r3, r4, #1
10003b58:	4698      	mov	r8, r3
10003b5a:	07b6      	lsls	r6, r6, #30
10003b5c:	d400      	bmi.n	10003b60 <_vsnprintf+0x374>
10003b5e:	e0ff      	b.n	10003d60 <_vsnprintf+0x574>
10003b60:	9b0c      	ldr	r3, [sp, #48]	@ 0x30
10003b62:	0022      	movs	r2, r4
10003b64:	7818      	ldrb	r0, [r3, #0]
10003b66:	990a      	ldr	r1, [sp, #40]	@ 0x28
10003b68:	4653      	mov	r3, sl
10003b6a:	9e0b      	ldr	r6, [sp, #44]	@ 0x2c
10003b6c:	47b0      	blx	r6
10003b6e:	1964      	adds	r4, r4, r5
10003b70:	2d01      	cmp	r5, #1
10003b72:	d800      	bhi.n	10003b76 <_vsnprintf+0x38a>
10003b74:	e249      	b.n	1000400a <_vsnprintf+0x81e>
10003b76:	4645      	mov	r5, r8
10003b78:	9e0b      	ldr	r6, [sp, #44]	@ 0x2c
10003b7a:	46b8      	mov	r8, r7
10003b7c:	9f0a      	ldr	r7, [sp, #40]	@ 0x28
10003b7e:	002a      	movs	r2, r5
10003b80:	4653      	mov	r3, sl
10003b82:	3501      	adds	r5, #1
10003b84:	0039      	movs	r1, r7
10003b86:	2020      	movs	r0, #32
10003b88:	47b0      	blx	r6
10003b8a:	42a5      	cmp	r5, r4
10003b8c:	d1f7      	bne.n	10003b7e <_vsnprintf+0x392>
10003b8e:	4647      	mov	r7, r8
10003b90:	e772      	b.n	10003a78 <_vsnprintf+0x28c>
10003b92:	4bdb      	ldr	r3, [pc, #876]	@ (10003f00 <_vsnprintf+0x714>)
10003b94:	7838      	ldrb	r0, [r7, #0]
10003b96:	930b      	str	r3, [sp, #44]	@ 0x2c
10003b98:	2300      	movs	r3, #0
10003b9a:	4699      	mov	r9, r3
10003b9c:	2800      	cmp	r0, #0
10003b9e:	d000      	beq.n	10003ba2 <_vsnprintf+0x3b6>
10003ba0:	e63d      	b.n	1000381e <_vsnprintf+0x32>
10003ba2:	2400      	movs	r4, #0
10003ba4:	e6c6      	b.n	10003934 <_vsnprintf+0x148>
10003ba6:	286f      	cmp	r0, #111	@ 0x6f
10003ba8:	d055      	beq.n	10003c56 <_vsnprintf+0x46a>
10003baa:	d800      	bhi.n	10003bae <_vsnprintf+0x3c2>
10003bac:	e2bc      	b.n	10004128 <_vsnprintf+0x93c>
10003bae:	2310      	movs	r3, #16
10003bb0:	2878      	cmp	r0, #120	@ 0x78
10003bb2:	d100      	bne.n	10003bb6 <_vsnprintf+0x3ca>
10003bb4:	e09e      	b.n	10003cf4 <_vsnprintf+0x508>
10003bb6:	439e      	bics	r6, r3
10003bb8:	230a      	movs	r3, #10
10003bba:	469c      	mov	ip, r3
10003bbc:	2300      	movs	r3, #0
10003bbe:	930f      	str	r3, [sp, #60]	@ 0x3c
10003bc0:	330a      	adds	r3, #10
10003bc2:	469b      	mov	fp, r3
10003bc4:	e04d      	b.n	10003c62 <_vsnprintf+0x476>
10003bc6:	2100      	movs	r1, #0
10003bc8:	008a      	lsls	r2, r1, #2
10003bca:	1852      	adds	r2, r2, r1
10003bcc:	0052      	lsls	r2, r2, #1
10003bce:	3301      	adds	r3, #1
10003bd0:	1811      	adds	r1, r2, r0
10003bd2:	7818      	ldrb	r0, [r3, #0]
10003bd4:	3930      	subs	r1, #48	@ 0x30
10003bd6:	0002      	movs	r2, r0
10003bd8:	3a30      	subs	r2, #48	@ 0x30
10003bda:	2a09      	cmp	r2, #9
10003bdc:	d9f4      	bls.n	10003bc8 <_vsnprintf+0x3dc>
10003bde:	910d      	str	r1, [sp, #52]	@ 0x34
10003be0:	001f      	movs	r7, r3
10003be2:	1c59      	adds	r1, r3, #1
10003be4:	e650      	b.n	10003888 <_vsnprintf+0x9c>
10003be6:	9b0c      	ldr	r3, [sp, #48]	@ 0x30
10003be8:	78b8      	ldrb	r0, [r7, #2]
10003bea:	cb04      	ldmia	r3!, {r2}
10003bec:	3702      	adds	r7, #2
10003bee:	43d1      	mvns	r1, r2
10003bf0:	17c9      	asrs	r1, r1, #31
10003bf2:	400a      	ands	r2, r1
10003bf4:	920d      	str	r2, [sp, #52]	@ 0x34
10003bf6:	930c      	str	r3, [sp, #48]	@ 0x30
10003bf8:	1c79      	adds	r1, r7, #1
10003bfa:	e645      	b.n	10003888 <_vsnprintf+0x9c>
10003bfc:	2310      	movs	r3, #16
10003bfe:	0030      	movs	r0, r6
10003c00:	4398      	bics	r0, r3
10003c02:	3311      	adds	r3, #17
10003c04:	4318      	orrs	r0, r3
10003c06:	2380      	movs	r3, #128	@ 0x80
10003c08:	4680      	mov	r8, r0
10003c0a:	0030      	movs	r0, r6
10003c0c:	00db      	lsls	r3, r3, #3
10003c0e:	4018      	ands	r0, r3
10003c10:	421e      	tst	r6, r3
10003c12:	d100      	bne.n	10003c16 <_vsnprintf+0x42a>
10003c14:	e6c0      	b.n	10003998 <_vsnprintf+0x1ac>
10003c16:	4643      	mov	r3, r8
10003c18:	9306      	str	r3, [sp, #24]
10003c1a:	2308      	movs	r3, #8
10003c1c:	9305      	str	r3, [sp, #20]
10003c1e:	9b0d      	ldr	r3, [sp, #52]	@ 0x34
10003c20:	0022      	movs	r2, r4
10003c22:	9304      	str	r3, [sp, #16]
10003c24:	2310      	movs	r3, #16
10003c26:	9303      	str	r3, [sp, #12]
10003c28:	2300      	movs	r3, #0
10003c2a:	9302      	str	r3, [sp, #8]
10003c2c:	465b      	mov	r3, fp
10003c2e:	9301      	str	r3, [sp, #4]
10003c30:	ab1a      	add	r3, sp, #104	@ 0x68
10003c32:	9300      	str	r3, [sp, #0]
10003c34:	990a      	ldr	r1, [sp, #40]	@ 0x28
10003c36:	4653      	mov	r3, sl
10003c38:	980b      	ldr	r0, [sp, #44]	@ 0x2c
10003c3a:	f7fe fff1 	bl	10002c20 <_ntoa_format>
10003c3e:	950c      	str	r5, [sp, #48]	@ 0x30
10003c40:	0004      	movs	r4, r0
10003c42:	e5fa      	b.n	1000383a <_vsnprintf+0x4e>
10003c44:	3901      	subs	r1, #1
10003c46:	e6d4      	b.n	100039f2 <_vsnprintf+0x206>
10003c48:	2380      	movs	r3, #128	@ 0x80
10003c4a:	011b      	lsls	r3, r3, #4
10003c4c:	431e      	orrs	r6, r3
10003c4e:	e73e      	b.n	10003ace <_vsnprintf+0x2e2>
10003c50:	2320      	movs	r3, #32
10003c52:	431e      	orrs	r6, r3
10003c54:	e753      	b.n	10003afe <_vsnprintf+0x312>
10003c56:	2308      	movs	r3, #8
10003c58:	469c      	mov	ip, r3
10003c5a:	2300      	movs	r3, #0
10003c5c:	930f      	str	r3, [sp, #60]	@ 0x3c
10003c5e:	3308      	adds	r3, #8
10003c60:	469b      	mov	fp, r3
10003c62:	2380      	movs	r3, #128	@ 0x80
10003c64:	0030      	movs	r0, r6
10003c66:	00db      	lsls	r3, r3, #3
10003c68:	4018      	ands	r0, r3
10003c6a:	421e      	tst	r6, r3
10003c6c:	d100      	bne.n	10003c70 <_vsnprintf+0x484>
10003c6e:	e11a      	b.n	10003ea6 <_vsnprintf+0x6ba>
10003c70:	230d      	movs	r3, #13
10003c72:	0031      	movs	r1, r6
10003c74:	4399      	bics	r1, r3
10003c76:	2380      	movs	r3, #128	@ 0x80
10003c78:	000a      	movs	r2, r1
10003c7a:	009b      	lsls	r3, r3, #2
10003c7c:	401a      	ands	r2, r3
10003c7e:	4691      	mov	r9, r2
10003c80:	4219      	tst	r1, r3
10003c82:	d000      	beq.n	10003c86 <_vsnprintf+0x49a>
10003c84:	e1c3      	b.n	1000400e <_vsnprintf+0x822>
10003c86:	2380      	movs	r3, #128	@ 0x80
10003c88:	000a      	movs	r2, r1
10003c8a:	005b      	lsls	r3, r3, #1
10003c8c:	401a      	ands	r2, r3
10003c8e:	4690      	mov	r8, r2
10003c90:	9a0c      	ldr	r2, [sp, #48]	@ 0x30
10003c92:	3204      	adds	r2, #4
10003c94:	920f      	str	r2, [sp, #60]	@ 0x3c
10003c96:	4219      	tst	r1, r3
10003c98:	d000      	beq.n	10003c9c <_vsnprintf+0x4b0>
10003c9a:	e28f      	b.n	100041bc <_vsnprintf+0x9d0>
10003c9c:	064b      	lsls	r3, r1, #25
10003c9e:	d500      	bpl.n	10003ca2 <_vsnprintf+0x4b6>
10003ca0:	e197      	b.n	10003fd2 <_vsnprintf+0x7e6>
10003ca2:	060b      	lsls	r3, r1, #24
10003ca4:	d400      	bmi.n	10003ca8 <_vsnprintf+0x4bc>
10003ca6:	e2e5      	b.n	10004274 <_vsnprintf+0xa88>
10003ca8:	9b0c      	ldr	r3, [sp, #48]	@ 0x30
10003caa:	881b      	ldrh	r3, [r3, #0]
10003cac:	4699      	mov	r9, r3
10003cae:	464b      	mov	r3, r9
10003cb0:	2b00      	cmp	r3, #0
10003cb2:	d000      	beq.n	10003cb6 <_vsnprintf+0x4ca>
10003cb4:	e205      	b.n	100040c2 <_vsnprintf+0x8d6>
10003cb6:	3310      	adds	r3, #16
10003cb8:	4399      	bics	r1, r3
10003cba:	2800      	cmp	r0, #0
10003cbc:	d100      	bne.n	10003cc0 <_vsnprintf+0x4d4>
10003cbe:	e200      	b.n	100040c2 <_vsnprintf+0x8d6>
10003cc0:	2300      	movs	r3, #0
10003cc2:	4698      	mov	r8, r3
10003cc4:	9b0d      	ldr	r3, [sp, #52]	@ 0x34
10003cc6:	9106      	str	r1, [sp, #24]
10003cc8:	9304      	str	r3, [sp, #16]
10003cca:	465b      	mov	r3, fp
10003ccc:	9303      	str	r3, [sp, #12]
10003cce:	2300      	movs	r3, #0
10003cd0:	9505      	str	r5, [sp, #20]
10003cd2:	9302      	str	r3, [sp, #8]
10003cd4:	4643      	mov	r3, r8
10003cd6:	e0d9      	b.n	10003e8c <_vsnprintf+0x6a0>
10003cd8:	2858      	cmp	r0, #88	@ 0x58
10003cda:	d008      	beq.n	10003cee <_vsnprintf+0x502>
10003cdc:	2862      	cmp	r0, #98	@ 0x62
10003cde:	d178      	bne.n	10003dd2 <_vsnprintf+0x5e6>
10003ce0:	2302      	movs	r3, #2
10003ce2:	469c      	mov	ip, r3
10003ce4:	2300      	movs	r3, #0
10003ce6:	930f      	str	r3, [sp, #60]	@ 0x3c
10003ce8:	3302      	adds	r3, #2
10003cea:	469b      	mov	fp, r3
10003cec:	e7b9      	b.n	10003c62 <_vsnprintf+0x476>
10003cee:	2320      	movs	r3, #32
10003cf0:	431e      	orrs	r6, r3
10003cf2:	3b10      	subs	r3, #16
10003cf4:	469c      	mov	ip, r3
10003cf6:	2300      	movs	r3, #0
10003cf8:	930f      	str	r3, [sp, #60]	@ 0x3c
10003cfa:	3310      	adds	r3, #16
10003cfc:	469b      	mov	fp, r3
10003cfe:	e7b0      	b.n	10003c62 <_vsnprintf+0x476>
10003d00:	2302      	movs	r3, #2
10003d02:	001a      	movs	r2, r3
10003d04:	4032      	ands	r2, r6
10003d06:	920c      	str	r2, [sp, #48]	@ 0x30
10003d08:	4233      	tst	r3, r6
10003d0a:	d100      	bne.n	10003d0e <_vsnprintf+0x522>
10003d0c:	e205      	b.n	1000411a <_vsnprintf+0x92e>
10003d0e:	930c      	str	r3, [sp, #48]	@ 0x30
10003d10:	4643      	mov	r3, r8
10003d12:	46b9      	mov	r9, r7
10003d14:	9e0b      	ldr	r6, [sp, #44]	@ 0x2c
10003d16:	9f0a      	ldr	r7, [sp, #40]	@ 0x28
10003d18:	46a8      	mov	r8, r5
10003d1a:	1b1d      	subs	r5, r3, r4
10003d1c:	0022      	movs	r2, r4
10003d1e:	4653      	mov	r3, sl
10003d20:	0039      	movs	r1, r7
10003d22:	3401      	adds	r4, #1
10003d24:	47b0      	blx	r6
10003d26:	5d28      	ldrb	r0, [r5, r4]
10003d28:	2800      	cmp	r0, #0
10003d2a:	d1f7      	bne.n	10003d1c <_vsnprintf+0x530>
10003d2c:	4645      	mov	r5, r8
10003d2e:	464f      	mov	r7, r9
10003d30:	e69e      	b.n	10003a70 <_vsnprintf+0x284>
10003d32:	2380      	movs	r3, #128	@ 0x80
10003d34:	011b      	lsls	r3, r3, #4
10003d36:	431e      	orrs	r6, r3
10003d38:	2320      	movs	r3, #32
10003d3a:	431e      	orrs	r6, r3
10003d3c:	e6c7      	b.n	10003ace <_vsnprintf+0x2e2>
10003d3e:	4662      	mov	r2, ip
10003d40:	920d      	str	r2, [sp, #52]	@ 0x34
10003d42:	4642      	mov	r2, r8
10003d44:	1a9b      	subs	r3, r3, r2
10003d46:	930f      	str	r3, [sp, #60]	@ 0x3c
10003d48:	e66a      	b.n	10003a20 <_vsnprintf+0x234>
10003d4a:	23c0      	movs	r3, #192	@ 0xc0
10003d4c:	009b      	lsls	r3, r3, #2
10003d4e:	78b8      	ldrb	r0, [r7, #2]
10003d50:	431e      	orrs	r6, r3
10003d52:	1cf9      	adds	r1, r7, #3
10003d54:	e5b9      	b.n	100038ca <_vsnprintf+0xde>
10003d56:	23c0      	movs	r3, #192	@ 0xc0
10003d58:	78b8      	ldrb	r0, [r7, #2]
10003d5a:	431e      	orrs	r6, r3
10003d5c:	1cf9      	adds	r1, r7, #3
10003d5e:	e5b4      	b.n	100038ca <_vsnprintf+0xde>
10003d60:	2d01      	cmp	r5, #1
10003d62:	d800      	bhi.n	10003d66 <_vsnprintf+0x57a>
10003d64:	e14a      	b.n	10003ffc <_vsnprintf+0x810>
10003d66:	1e63      	subs	r3, r4, #1
10003d68:	4699      	mov	r9, r3
10003d6a:	44a9      	add	r9, r5
10003d6c:	464b      	mov	r3, r9
10003d6e:	4652      	mov	r2, sl
10003d70:	0026      	movs	r6, r4
10003d72:	46a1      	mov	r9, r4
10003d74:	46ba      	mov	sl, r7
10003d76:	001c      	movs	r4, r3
10003d78:	0017      	movs	r7, r2
10003d7a:	46a8      	mov	r8, r5
10003d7c:	9d0b      	ldr	r5, [sp, #44]	@ 0x2c
10003d7e:	0032      	movs	r2, r6
10003d80:	003b      	movs	r3, r7
10003d82:	3601      	adds	r6, #1
10003d84:	2020      	movs	r0, #32
10003d86:	990a      	ldr	r1, [sp, #40]	@ 0x28
10003d88:	47a8      	blx	r5
10003d8a:	42a6      	cmp	r6, r4
10003d8c:	d1f7      	bne.n	10003d7e <_vsnprintf+0x592>
10003d8e:	003b      	movs	r3, r7
10003d90:	4657      	mov	r7, sl
10003d92:	469a      	mov	sl, r3
10003d94:	464c      	mov	r4, r9
10003d96:	9b0c      	ldr	r3, [sp, #48]	@ 0x30
10003d98:	0032      	movs	r2, r6
10003d9a:	7818      	ldrb	r0, [r3, #0]
10003d9c:	990a      	ldr	r1, [sp, #40]	@ 0x28
10003d9e:	4653      	mov	r3, sl
10003da0:	9d0b      	ldr	r5, [sp, #44]	@ 0x2c
10003da2:	4444      	add	r4, r8
10003da4:	47a8      	blx	r5
10003da6:	e667      	b.n	10003a78 <_vsnprintf+0x28c>
10003da8:	46a0      	mov	r8, r4
10003daa:	9b0f      	ldr	r3, [sp, #60]	@ 0x3c
10003dac:	429d      	cmp	r5, r3
10003dae:	d800      	bhi.n	10003db2 <_vsnprintf+0x5c6>
10003db0:	e662      	b.n	10003a78 <_vsnprintf+0x28c>
10003db2:	192c      	adds	r4, r5, r4
10003db4:	9e0b      	ldr	r6, [sp, #44]	@ 0x2c
10003db6:	4645      	mov	r5, r8
10003db8:	46b8      	mov	r8, r7
10003dba:	9f0a      	ldr	r7, [sp, #40]	@ 0x28
10003dbc:	1ae4      	subs	r4, r4, r3
10003dbe:	002a      	movs	r2, r5
10003dc0:	4653      	mov	r3, sl
10003dc2:	3501      	adds	r5, #1
10003dc4:	0039      	movs	r1, r7
10003dc6:	2020      	movs	r0, #32
10003dc8:	47b0      	blx	r6
10003dca:	42a5      	cmp	r5, r4
10003dcc:	d1f7      	bne.n	10003dbe <_vsnprintf+0x5d2>
10003dce:	4647      	mov	r7, r8
10003dd0:	e652      	b.n	10003a78 <_vsnprintf+0x28c>
10003dd2:	2380      	movs	r3, #128	@ 0x80
10003dd4:	0032      	movs	r2, r6
10003dd6:	00db      	lsls	r3, r3, #3
10003dd8:	401a      	ands	r2, r3
10003dda:	4690      	mov	r8, r2
10003ddc:	421e      	tst	r6, r3
10003dde:	d100      	bne.n	10003de2 <_vsnprintf+0x5f6>
10003de0:	e0f3      	b.n	10003fca <_vsnprintf+0x7de>
10003de2:	2111      	movs	r1, #17
10003de4:	438e      	bics	r6, r1
10003de6:	46b4      	mov	ip, r6
10003de8:	4698      	mov	r8, r3
10003dea:	2380      	movs	r3, #128	@ 0x80
10003dec:	4662      	mov	r2, ip
10003dee:	009b      	lsls	r3, r3, #2
10003df0:	401a      	ands	r2, r3
10003df2:	4693      	mov	fp, r2
10003df4:	4662      	mov	r2, ip
10003df6:	421a      	tst	r2, r3
10003df8:	d159      	bne.n	10003eae <_vsnprintf+0x6c2>
10003dfa:	2380      	movs	r3, #128	@ 0x80
10003dfc:	005b      	lsls	r3, r3, #1
10003dfe:	401a      	ands	r2, r3
10003e00:	4691      	mov	r9, r2
10003e02:	9a0c      	ldr	r2, [sp, #48]	@ 0x30
10003e04:	3204      	adds	r2, #4
10003e06:	920f      	str	r2, [sp, #60]	@ 0x3c
10003e08:	4662      	mov	r2, ip
10003e0a:	421a      	tst	r2, r3
10003e0c:	d000      	beq.n	10003e10 <_vsnprintf+0x624>
10003e0e:	e1a0      	b.n	10004152 <_vsnprintf+0x966>
10003e10:	4663      	mov	r3, ip
10003e12:	065b      	lsls	r3, r3, #25
10003e14:	d500      	bpl.n	10003e18 <_vsnprintf+0x62c>
10003e16:	e0d4      	b.n	10003fc2 <_vsnprintf+0x7d6>
10003e18:	4663      	mov	r3, ip
10003e1a:	061b      	lsls	r3, r3, #24
10003e1c:	d400      	bmi.n	10003e20 <_vsnprintf+0x634>
10003e1e:	e212      	b.n	10004246 <_vsnprintf+0xa5a>
10003e20:	9b0c      	ldr	r3, [sp, #48]	@ 0x30
10003e22:	2200      	movs	r2, #0
10003e24:	5e9b      	ldrsh	r3, [r3, r2]
10003e26:	17d8      	asrs	r0, r3, #31
10003e28:	1819      	adds	r1, r3, r0
10003e2a:	4041      	eors	r1, r0
10003e2c:	b289      	uxth	r1, r1
10003e2e:	0fda      	lsrs	r2, r3, #31
10003e30:	920c      	str	r2, [sp, #48]	@ 0x30
10003e32:	2b00      	cmp	r3, #0
10003e34:	d100      	bne.n	10003e38 <_vsnprintf+0x64c>
10003e36:	e187      	b.n	10004148 <_vsnprintf+0x95c>
10003e38:	4688      	mov	r8, r1
10003e3a:	261f      	movs	r6, #31
10003e3c:	ab12      	add	r3, sp, #72	@ 0x48
10003e3e:	46bb      	mov	fp, r7
10003e40:	9514      	str	r5, [sp, #80]	@ 0x50
10003e42:	18f7      	adds	r7, r6, r3
10003e44:	4645      	mov	r5, r8
10003e46:	464e      	mov	r6, r9
10003e48:	46e0      	mov	r8, ip
10003e4a:	46a1      	mov	r9, r4
10003e4c:	e006      	b.n	10003e5c <_vsnprintf+0x670>
10003e4e:	0028      	movs	r0, r5
10003e50:	210a      	movs	r1, #10
10003e52:	f7fd fff3 	bl	10001e3c <__wrap___aeabi_uidiv>
10003e56:	0005      	movs	r5, r0
10003e58:	2e20      	cmp	r6, #32
10003e5a:	d008      	beq.n	10003e6e <_vsnprintf+0x682>
10003e5c:	210a      	movs	r1, #10
10003e5e:	0028      	movs	r0, r5
10003e60:	f7fd ffec 	bl	10001e3c <__wrap___aeabi_uidiv>
10003e64:	3601      	adds	r6, #1
10003e66:	3130      	adds	r1, #48	@ 0x30
10003e68:	55b9      	strb	r1, [r7, r6]
10003e6a:	2d09      	cmp	r5, #9
10003e6c:	d8ef      	bhi.n	10003e4e <_vsnprintf+0x662>
10003e6e:	464c      	mov	r4, r9
10003e70:	46c4      	mov	ip, r8
10003e72:	46b1      	mov	r9, r6
10003e74:	465f      	mov	r7, fp
10003e76:	9d14      	ldr	r5, [sp, #80]	@ 0x50
10003e78:	4663      	mov	r3, ip
10003e7a:	9306      	str	r3, [sp, #24]
10003e7c:	9b0d      	ldr	r3, [sp, #52]	@ 0x34
10003e7e:	9505      	str	r5, [sp, #20]
10003e80:	9304      	str	r3, [sp, #16]
10003e82:	230a      	movs	r3, #10
10003e84:	9303      	str	r3, [sp, #12]
10003e86:	9b0c      	ldr	r3, [sp, #48]	@ 0x30
10003e88:	9302      	str	r3, [sp, #8]
10003e8a:	464b      	mov	r3, r9
10003e8c:	9301      	str	r3, [sp, #4]
10003e8e:	ab1a      	add	r3, sp, #104	@ 0x68
10003e90:	0022      	movs	r2, r4
10003e92:	9300      	str	r3, [sp, #0]
10003e94:	990a      	ldr	r1, [sp, #40]	@ 0x28
10003e96:	4653      	mov	r3, sl
10003e98:	980b      	ldr	r0, [sp, #44]	@ 0x2c
10003e9a:	f7fe fec1 	bl	10002c20 <_ntoa_format>
10003e9e:	9b0f      	ldr	r3, [sp, #60]	@ 0x3c
10003ea0:	0004      	movs	r4, r0
10003ea2:	930c      	str	r3, [sp, #48]	@ 0x30
10003ea4:	e4c9      	b.n	1000383a <_vsnprintf+0x4e>
10003ea6:	230c      	movs	r3, #12
10003ea8:	0031      	movs	r1, r6
10003eaa:	4399      	bics	r1, r3
10003eac:	e6e3      	b.n	10003c76 <_vsnprintf+0x48a>
10003eae:	2208      	movs	r2, #8
10003eb0:	2107      	movs	r1, #7
10003eb2:	4691      	mov	r9, r2
10003eb4:	9b0c      	ldr	r3, [sp, #48]	@ 0x30
10003eb6:	3307      	adds	r3, #7
10003eb8:	438b      	bics	r3, r1
10003eba:	4499      	add	r9, r3
10003ebc:	464a      	mov	r2, r9
10003ebe:	cb0a      	ldmia	r3, {r1, r3}
10003ec0:	0008      	movs	r0, r1
10003ec2:	920c      	str	r2, [sp, #48]	@ 0x30
10003ec4:	0fda      	lsrs	r2, r3, #31
10003ec6:	4693      	mov	fp, r2
10003ec8:	4318      	orrs	r0, r3
10003eca:	d000      	beq.n	10003ece <_vsnprintf+0x6e2>
10003ecc:	e085      	b.n	10003fda <_vsnprintf+0x7ee>
10003ece:	2300      	movs	r3, #0
10003ed0:	4699      	mov	r9, r3
10003ed2:	4643      	mov	r3, r8
10003ed4:	2b00      	cmp	r3, #0
10003ed6:	d12f      	bne.n	10003f38 <_vsnprintf+0x74c>
10003ed8:	2200      	movs	r2, #0
10003eda:	2300      	movs	r3, #0
10003edc:	9210      	str	r2, [sp, #64]	@ 0x40
10003ede:	9311      	str	r3, [sp, #68]	@ 0x44
10003ee0:	2300      	movs	r3, #0
10003ee2:	261f      	movs	r6, #31
10003ee4:	4699      	mov	r9, r3
10003ee6:	ab12      	add	r3, sp, #72	@ 0x48
10003ee8:	18f6      	adds	r6, r6, r3
10003eea:	465b      	mov	r3, fp
10003eec:	9514      	str	r5, [sp, #80]	@ 0x50
10003eee:	46bb      	mov	fp, r7
10003ef0:	46e0      	mov	r8, ip
10003ef2:	0037      	movs	r7, r6
10003ef4:	930f      	str	r3, [sp, #60]	@ 0x3c
10003ef6:	464e      	mov	r6, r9
10003ef8:	46a1      	mov	r9, r4
10003efa:	9c10      	ldr	r4, [sp, #64]	@ 0x40
10003efc:	9d11      	ldr	r5, [sp, #68]	@ 0x44
10003efe:	e005      	b.n	10003f0c <_vsnprintf+0x720>
10003f00:	10002b75 	.word	0x10002b75
10003f04:	0004      	movs	r4, r0
10003f06:	000d      	movs	r5, r1
10003f08:	2e20      	cmp	r6, #32
10003f0a:	d00c      	beq.n	10003f26 <_vsnprintf+0x73a>
10003f0c:	220a      	movs	r2, #10
10003f0e:	2300      	movs	r3, #0
10003f10:	0020      	movs	r0, r4
10003f12:	0029      	movs	r1, r5
10003f14:	f7fd ffd0 	bl	10001eb8 <__wrap___aeabi_uldivmod>
10003f18:	3601      	adds	r6, #1
10003f1a:	3230      	adds	r2, #48	@ 0x30
10003f1c:	55ba      	strb	r2, [r7, r6]
10003f1e:	2d00      	cmp	r5, #0
10003f20:	d1f0      	bne.n	10003f04 <_vsnprintf+0x718>
10003f22:	2c09      	cmp	r4, #9
10003f24:	d8ee      	bhi.n	10003f04 <_vsnprintf+0x718>
10003f26:	9b0f      	ldr	r3, [sp, #60]	@ 0x3c
10003f28:	9410      	str	r4, [sp, #64]	@ 0x40
10003f2a:	9511      	str	r5, [sp, #68]	@ 0x44
10003f2c:	465f      	mov	r7, fp
10003f2e:	464c      	mov	r4, r9
10003f30:	46c4      	mov	ip, r8
10003f32:	46b1      	mov	r9, r6
10003f34:	469b      	mov	fp, r3
10003f36:	9d14      	ldr	r5, [sp, #80]	@ 0x50
10003f38:	4663      	mov	r3, ip
10003f3a:	9306      	str	r3, [sp, #24]
10003f3c:	9b0d      	ldr	r3, [sp, #52]	@ 0x34
10003f3e:	9505      	str	r5, [sp, #20]
10003f40:	9304      	str	r3, [sp, #16]
10003f42:	230a      	movs	r3, #10
10003f44:	9303      	str	r3, [sp, #12]
10003f46:	465b      	mov	r3, fp
10003f48:	9302      	str	r3, [sp, #8]
10003f4a:	464b      	mov	r3, r9
10003f4c:	9301      	str	r3, [sp, #4]
10003f4e:	ab1a      	add	r3, sp, #104	@ 0x68
10003f50:	0022      	movs	r2, r4
10003f52:	9300      	str	r3, [sp, #0]
10003f54:	990a      	ldr	r1, [sp, #40]	@ 0x28
10003f56:	4653      	mov	r3, sl
10003f58:	980b      	ldr	r0, [sp, #44]	@ 0x2c
10003f5a:	f7fe fe61 	bl	10002c20 <_ntoa_format>
10003f5e:	0004      	movs	r4, r0
10003f60:	e46b      	b.n	1000383a <_vsnprintf+0x4e>
10003f62:	9b0f      	ldr	r3, [sp, #60]	@ 0x3c
10003f64:	429d      	cmp	r5, r3
10003f66:	d800      	bhi.n	10003f6a <_vsnprintf+0x77e>
10003f68:	e196      	b.n	10004298 <_vsnprintf+0xaac>
10003f6a:	2380      	movs	r3, #128	@ 0x80
10003f6c:	00db      	lsls	r3, r3, #3
10003f6e:	930c      	str	r3, [sp, #48]	@ 0x30
10003f70:	9b0f      	ldr	r3, [sp, #60]	@ 0x3c
10003f72:	192e      	adds	r6, r5, r4
10003f74:	1af6      	subs	r6, r6, r3
10003f76:	4643      	mov	r3, r8
10003f78:	930f      	str	r3, [sp, #60]	@ 0x3c
10003f7a:	9b0d      	ldr	r3, [sp, #52]	@ 0x34
10003f7c:	46a8      	mov	r8, r5
10003f7e:	4699      	mov	r9, r3
10003f80:	4653      	mov	r3, sl
10003f82:	46ba      	mov	sl, r7
10003f84:	001f      	movs	r7, r3
10003f86:	9d0b      	ldr	r5, [sp, #44]	@ 0x2c
10003f88:	0022      	movs	r2, r4
10003f8a:	003b      	movs	r3, r7
10003f8c:	3401      	adds	r4, #1
10003f8e:	2020      	movs	r0, #32
10003f90:	990a      	ldr	r1, [sp, #40]	@ 0x28
10003f92:	47a8      	blx	r5
10003f94:	42b4      	cmp	r4, r6
10003f96:	d1f7      	bne.n	10003f88 <_vsnprintf+0x79c>
10003f98:	9b0f      	ldr	r3, [sp, #60]	@ 0x3c
10003f9a:	4645      	mov	r5, r8
10003f9c:	4698      	mov	r8, r3
10003f9e:	464b      	mov	r3, r9
10003fa0:	930d      	str	r3, [sp, #52]	@ 0x34
10003fa2:	003b      	movs	r3, r7
10003fa4:	4657      	mov	r7, sl
10003fa6:	469a      	mov	sl, r3
10003fa8:	4643      	mov	r3, r8
10003faa:	7818      	ldrb	r0, [r3, #0]
10003fac:	2800      	cmp	r0, #0
10003fae:	d100      	bne.n	10003fb2 <_vsnprintf+0x7c6>
10003fb0:	e562      	b.n	10003a78 <_vsnprintf+0x28c>
10003fb2:	1c6b      	adds	r3, r5, #1
10003fb4:	930f      	str	r3, [sp, #60]	@ 0x3c
10003fb6:	9b0c      	ldr	r3, [sp, #48]	@ 0x30
10003fb8:	2b00      	cmp	r3, #0
10003fba:	d100      	bne.n	10003fbe <_vsnprintf+0x7d2>
10003fbc:	e6a8      	b.n	10003d10 <_vsnprintf+0x524>
10003fbe:	2300      	movs	r3, #0
10003fc0:	e53d      	b.n	10003a3e <_vsnprintf+0x252>
10003fc2:	9b0c      	ldr	r3, [sp, #48]	@ 0x30
10003fc4:	781b      	ldrb	r3, [r3, #0]
10003fc6:	0019      	movs	r1, r3
10003fc8:	e731      	b.n	10003e2e <_vsnprintf+0x642>
10003fca:	2310      	movs	r3, #16
10003fcc:	439e      	bics	r6, r3
10003fce:	46b4      	mov	ip, r6
10003fd0:	e70b      	b.n	10003dea <_vsnprintf+0x5fe>
10003fd2:	9b0c      	ldr	r3, [sp, #48]	@ 0x30
10003fd4:	781b      	ldrb	r3, [r3, #0]
10003fd6:	4699      	mov	r9, r3
10003fd8:	e669      	b.n	10003cae <_vsnprintf+0x4c2>
10003fda:	17da      	asrs	r2, r3, #31
10003fdc:	9212      	str	r2, [sp, #72]	@ 0x48
10003fde:	9213      	str	r2, [sp, #76]	@ 0x4c
10003fe0:	404a      	eors	r2, r1
10003fe2:	9210      	str	r2, [sp, #64]	@ 0x40
10003fe4:	9812      	ldr	r0, [sp, #72]	@ 0x48
10003fe6:	9913      	ldr	r1, [sp, #76]	@ 0x4c
10003fe8:	000a      	movs	r2, r1
10003fea:	405a      	eors	r2, r3
10003fec:	9211      	str	r2, [sp, #68]	@ 0x44
10003fee:	9a10      	ldr	r2, [sp, #64]	@ 0x40
10003ff0:	9b11      	ldr	r3, [sp, #68]	@ 0x44
10003ff2:	1a12      	subs	r2, r2, r0
10003ff4:	418b      	sbcs	r3, r1
10003ff6:	9210      	str	r2, [sp, #64]	@ 0x40
10003ff8:	9311      	str	r3, [sp, #68]	@ 0x44
10003ffa:	e771      	b.n	10003ee0 <_vsnprintf+0x6f4>
10003ffc:	9b0c      	ldr	r3, [sp, #48]	@ 0x30
10003ffe:	0022      	movs	r2, r4
10004000:	7818      	ldrb	r0, [r3, #0]
10004002:	990a      	ldr	r1, [sp, #40]	@ 0x28
10004004:	4653      	mov	r3, sl
10004006:	9c0b      	ldr	r4, [sp, #44]	@ 0x2c
10004008:	47a0      	blx	r4
1000400a:	4644      	mov	r4, r8
1000400c:	e534      	b.n	10003a78 <_vsnprintf+0x28c>
1000400e:	2208      	movs	r2, #8
10004010:	2607      	movs	r6, #7
10004012:	4690      	mov	r8, r2
10004014:	9b0c      	ldr	r3, [sp, #48]	@ 0x30
10004016:	3307      	adds	r3, #7
10004018:	43b3      	bics	r3, r6
1000401a:	4498      	add	r8, r3
1000401c:	4642      	mov	r2, r8
1000401e:	920c      	str	r2, [sp, #48]	@ 0x30
10004020:	681a      	ldr	r2, [r3, #0]
10004022:	685b      	ldr	r3, [r3, #4]
10004024:	9214      	str	r2, [sp, #80]	@ 0x50
10004026:	9308      	str	r3, [sp, #32]
10004028:	0013      	movs	r3, r2
1000402a:	9a08      	ldr	r2, [sp, #32]
1000402c:	4313      	orrs	r3, r2
1000402e:	d105      	bne.n	1000403c <_vsnprintf+0x850>
10004030:	3310      	adds	r3, #16
10004032:	4399      	bics	r1, r3
10004034:	2300      	movs	r3, #0
10004036:	4698      	mov	r8, r3
10004038:	2800      	cmp	r0, #0
1000403a:	d138      	bne.n	100040ae <_vsnprintf+0x8c2>
1000403c:	2061      	movs	r0, #97	@ 0x61
1000403e:	068b      	lsls	r3, r1, #26
10004040:	d500      	bpl.n	10004044 <_vsnprintf+0x858>
10004042:	2041      	movs	r0, #65	@ 0x41
10004044:	2300      	movs	r3, #0
10004046:	261f      	movs	r6, #31
10004048:	4698      	mov	r8, r3
1000404a:	465a      	mov	r2, fp
1000404c:	ab12      	add	r3, sp, #72	@ 0x48
1000404e:	18f6      	adds	r6, r6, r3
10004050:	0003      	movs	r3, r0
10004052:	9218      	str	r2, [sp, #96]	@ 0x60
10004054:	9a0f      	ldr	r2, [sp, #60]	@ 0x3c
10004056:	3b0a      	subs	r3, #10
10004058:	46b1      	mov	r9, r6
1000405a:	9516      	str	r5, [sp, #88]	@ 0x58
1000405c:	9417      	str	r4, [sp, #92]	@ 0x5c
1000405e:	9719      	str	r7, [sp, #100]	@ 0x64
10004060:	4644      	mov	r4, r8
10004062:	4666      	mov	r6, ip
10004064:	4690      	mov	r8, r2
10004066:	469b      	mov	fp, r3
10004068:	9f14      	ldr	r7, [sp, #80]	@ 0x50
1000406a:	9d08      	ldr	r5, [sp, #32]
1000406c:	9115      	str	r1, [sp, #84]	@ 0x54
1000406e:	e003      	b.n	10004078 <_vsnprintf+0x88c>
10004070:	0007      	movs	r7, r0
10004072:	000d      	movs	r5, r1
10004074:	2c20      	cmp	r4, #32
10004076:	d013      	beq.n	100040a0 <_vsnprintf+0x8b4>
10004078:	0032      	movs	r2, r6
1000407a:	2300      	movs	r3, #0
1000407c:	0038      	movs	r0, r7
1000407e:	0029      	movs	r1, r5
10004080:	f7fd ff1a 	bl	10001eb8 <__wrap___aeabi_uldivmod>
10004084:	465b      	mov	r3, fp
10004086:	b2d2      	uxtb	r2, r2
10004088:	18d3      	adds	r3, r2, r3
1000408a:	2a09      	cmp	r2, #9
1000408c:	d801      	bhi.n	10004092 <_vsnprintf+0x8a6>
1000408e:	0013      	movs	r3, r2
10004090:	3330      	adds	r3, #48	@ 0x30
10004092:	464a      	mov	r2, r9
10004094:	3401      	adds	r4, #1
10004096:	5513      	strb	r3, [r2, r4]
10004098:	45a8      	cmp	r8, r5
1000409a:	d1e9      	bne.n	10004070 <_vsnprintf+0x884>
1000409c:	42be      	cmp	r6, r7
1000409e:	d9e7      	bls.n	10004070 <_vsnprintf+0x884>
100040a0:	9b18      	ldr	r3, [sp, #96]	@ 0x60
100040a2:	46a0      	mov	r8, r4
100040a4:	469b      	mov	fp, r3
100040a6:	9915      	ldr	r1, [sp, #84]	@ 0x54
100040a8:	9d16      	ldr	r5, [sp, #88]	@ 0x58
100040aa:	9c17      	ldr	r4, [sp, #92]	@ 0x5c
100040ac:	9f19      	ldr	r7, [sp, #100]	@ 0x64
100040ae:	9b0d      	ldr	r3, [sp, #52]	@ 0x34
100040b0:	9106      	str	r1, [sp, #24]
100040b2:	9304      	str	r3, [sp, #16]
100040b4:	465b      	mov	r3, fp
100040b6:	9303      	str	r3, [sp, #12]
100040b8:	2300      	movs	r3, #0
100040ba:	9505      	str	r5, [sp, #20]
100040bc:	9302      	str	r3, [sp, #8]
100040be:	4643      	mov	r3, r8
100040c0:	e744      	b.n	10003f4c <_vsnprintf+0x760>
100040c2:	2061      	movs	r0, #97	@ 0x61
100040c4:	068b      	lsls	r3, r1, #26
100040c6:	d500      	bpl.n	100040ca <_vsnprintf+0x8de>
100040c8:	2041      	movs	r0, #65	@ 0x41
100040ca:	261f      	movs	r6, #31
100040cc:	ab12      	add	r3, sp, #72	@ 0x48
100040ce:	18f2      	adds	r2, r6, r3
100040d0:	0003      	movs	r3, r0
100040d2:	3b0a      	subs	r3, #10
100040d4:	930c      	str	r3, [sp, #48]	@ 0x30
100040d6:	464b      	mov	r3, r9
100040d8:	4646      	mov	r6, r8
100040da:	46a1      	mov	r9, r4
100040dc:	46a8      	mov	r8, r5
100040de:	001c      	movs	r4, r3
100040e0:	465d      	mov	r5, fp
100040e2:	9114      	str	r1, [sp, #80]	@ 0x50
100040e4:	46bb      	mov	fp, r7
100040e6:	0017      	movs	r7, r2
100040e8:	e002      	b.n	100040f0 <_vsnprintf+0x904>
100040ea:	0004      	movs	r4, r0
100040ec:	2e20      	cmp	r6, #32
100040ee:	d00d      	beq.n	1000410c <_vsnprintf+0x920>
100040f0:	0029      	movs	r1, r5
100040f2:	0020      	movs	r0, r4
100040f4:	f7fd fea2 	bl	10001e3c <__wrap___aeabi_uidiv>
100040f8:	9b0c      	ldr	r3, [sp, #48]	@ 0x30
100040fa:	18cb      	adds	r3, r1, r3
100040fc:	2909      	cmp	r1, #9
100040fe:	d801      	bhi.n	10004104 <_vsnprintf+0x918>
10004100:	000b      	movs	r3, r1
10004102:	3330      	adds	r3, #48	@ 0x30
10004104:	3601      	adds	r6, #1
10004106:	55bb      	strb	r3, [r7, r6]
10004108:	42ac      	cmp	r4, r5
1000410a:	d2ee      	bcs.n	100040ea <_vsnprintf+0x8fe>
1000410c:	465f      	mov	r7, fp
1000410e:	464c      	mov	r4, r9
10004110:	46ab      	mov	fp, r5
10004112:	9914      	ldr	r1, [sp, #80]	@ 0x50
10004114:	4645      	mov	r5, r8
10004116:	46b0      	mov	r8, r6
10004118:	e5d4      	b.n	10003cc4 <_vsnprintf+0x4d8>
1000411a:	9b0f      	ldr	r3, [sp, #60]	@ 0x3c
1000411c:	429d      	cmp	r5, r3
1000411e:	d900      	bls.n	10004122 <_vsnprintf+0x936>
10004120:	e726      	b.n	10003f70 <_vsnprintf+0x784>
10004122:	3301      	adds	r3, #1
10004124:	930f      	str	r3, [sp, #60]	@ 0x3c
10004126:	e5f3      	b.n	10003d10 <_vsnprintf+0x524>
10004128:	2310      	movs	r3, #16
1000412a:	0032      	movs	r2, r6
1000412c:	439a      	bics	r2, r3
1000412e:	4694      	mov	ip, r2
10004130:	2869      	cmp	r0, #105	@ 0x69
10004132:	d000      	beq.n	10004136 <_vsnprintf+0x94a>
10004134:	e0a2      	b.n	1000427c <_vsnprintf+0xa90>
10004136:	2380      	movs	r3, #128	@ 0x80
10004138:	0032      	movs	r2, r6
1000413a:	00db      	lsls	r3, r3, #3
1000413c:	401a      	ands	r2, r3
1000413e:	4690      	mov	r8, r2
10004140:	421e      	tst	r6, r3
10004142:	d100      	bne.n	10004146 <_vsnprintf+0x95a>
10004144:	e651      	b.n	10003dea <_vsnprintf+0x5fe>
10004146:	e64c      	b.n	10003de2 <_vsnprintf+0x5f6>
10004148:	4643      	mov	r3, r8
1000414a:	2b00      	cmp	r3, #0
1000414c:	d000      	beq.n	10004150 <_vsnprintf+0x964>
1000414e:	e693      	b.n	10003e78 <_vsnprintf+0x68c>
10004150:	e673      	b.n	10003e3a <_vsnprintf+0x64e>
10004152:	9b0c      	ldr	r3, [sp, #48]	@ 0x30
10004154:	681b      	ldr	r3, [r3, #0]
10004156:	0fda      	lsrs	r2, r3, #31
10004158:	2b00      	cmp	r3, #0
1000415a:	d070      	beq.n	1000423e <_vsnprintf+0xa52>
1000415c:	17d9      	asrs	r1, r3, #31
1000415e:	185b      	adds	r3, r3, r1
10004160:	404b      	eors	r3, r1
10004162:	4698      	mov	r8, r3
10004164:	261f      	movs	r6, #31
10004166:	ab12      	add	r3, sp, #72	@ 0x48
10004168:	18f6      	adds	r6, r6, r3
1000416a:	46a1      	mov	r9, r4
1000416c:	9514      	str	r5, [sp, #80]	@ 0x50
1000416e:	465c      	mov	r4, fp
10004170:	4645      	mov	r5, r8
10004172:	46bb      	mov	fp, r7
10004174:	46e0      	mov	r8, ip
10004176:	0037      	movs	r7, r6
10004178:	920c      	str	r2, [sp, #48]	@ 0x30
1000417a:	e006      	b.n	1000418a <_vsnprintf+0x99e>
1000417c:	0028      	movs	r0, r5
1000417e:	210a      	movs	r1, #10
10004180:	f7fd fe5c 	bl	10001e3c <__wrap___aeabi_uidiv>
10004184:	0005      	movs	r5, r0
10004186:	2c20      	cmp	r4, #32
10004188:	d008      	beq.n	1000419c <_vsnprintf+0x9b0>
1000418a:	210a      	movs	r1, #10
1000418c:	0028      	movs	r0, r5
1000418e:	f7fd fe55 	bl	10001e3c <__wrap___aeabi_uidiv>
10004192:	3401      	adds	r4, #1
10004194:	3130      	adds	r1, #48	@ 0x30
10004196:	5539      	strb	r1, [r7, r4]
10004198:	2d09      	cmp	r5, #9
1000419a:	d8ef      	bhi.n	1000417c <_vsnprintf+0x990>
1000419c:	465f      	mov	r7, fp
1000419e:	46c4      	mov	ip, r8
100041a0:	46a3      	mov	fp, r4
100041a2:	464c      	mov	r4, r9
100041a4:	9d14      	ldr	r5, [sp, #80]	@ 0x50
100041a6:	9a0c      	ldr	r2, [sp, #48]	@ 0x30
100041a8:	4663      	mov	r3, ip
100041aa:	9306      	str	r3, [sp, #24]
100041ac:	9b0d      	ldr	r3, [sp, #52]	@ 0x34
100041ae:	9505      	str	r5, [sp, #20]
100041b0:	9304      	str	r3, [sp, #16]
100041b2:	230a      	movs	r3, #10
100041b4:	9202      	str	r2, [sp, #8]
100041b6:	9303      	str	r3, [sp, #12]
100041b8:	465b      	mov	r3, fp
100041ba:	e667      	b.n	10003e8c <_vsnprintf+0x6a0>
100041bc:	9b0c      	ldr	r3, [sp, #48]	@ 0x30
100041be:	681b      	ldr	r3, [r3, #0]
100041c0:	4698      	mov	r8, r3
100041c2:	2b00      	cmp	r3, #0
100041c4:	d103      	bne.n	100041ce <_vsnprintf+0x9e2>
100041c6:	3310      	adds	r3, #16
100041c8:	4399      	bics	r1, r3
100041ca:	2800      	cmp	r0, #0
100041cc:	d12d      	bne.n	1000422a <_vsnprintf+0xa3e>
100041ce:	2061      	movs	r0, #97	@ 0x61
100041d0:	068b      	lsls	r3, r1, #26
100041d2:	d500      	bpl.n	100041d6 <_vsnprintf+0x9ea>
100041d4:	2041      	movs	r0, #65	@ 0x41
100041d6:	261f      	movs	r6, #31
100041d8:	ab12      	add	r3, sp, #72	@ 0x48
100041da:	18f6      	adds	r6, r6, r3
100041dc:	0003      	movs	r3, r0
100041de:	3b0a      	subs	r3, #10
100041e0:	464a      	mov	r2, r9
100041e2:	930c      	str	r3, [sp, #48]	@ 0x30
100041e4:	9114      	str	r1, [sp, #80]	@ 0x50
100041e6:	4643      	mov	r3, r8
100041e8:	0031      	movs	r1, r6
100041ea:	46a8      	mov	r8, r5
100041ec:	46a1      	mov	r9, r4
100041ee:	465e      	mov	r6, fp
100041f0:	0014      	movs	r4, r2
100041f2:	46bb      	mov	fp, r7
100041f4:	001d      	movs	r5, r3
100041f6:	000f      	movs	r7, r1
100041f8:	e002      	b.n	10004200 <_vsnprintf+0xa14>
100041fa:	0005      	movs	r5, r0
100041fc:	2c20      	cmp	r4, #32
100041fe:	d00d      	beq.n	1000421c <_vsnprintf+0xa30>
10004200:	0031      	movs	r1, r6
10004202:	0028      	movs	r0, r5
10004204:	f7fd fe1a 	bl	10001e3c <__wrap___aeabi_uidiv>
10004208:	9b0c      	ldr	r3, [sp, #48]	@ 0x30
1000420a:	18cb      	adds	r3, r1, r3
1000420c:	2909      	cmp	r1, #9
1000420e:	d801      	bhi.n	10004214 <_vsnprintf+0xa28>
10004210:	000b      	movs	r3, r1
10004212:	3330      	adds	r3, #48	@ 0x30
10004214:	3401      	adds	r4, #1
10004216:	553b      	strb	r3, [r7, r4]
10004218:	42b5      	cmp	r5, r6
1000421a:	d2ee      	bcs.n	100041fa <_vsnprintf+0xa0e>
1000421c:	0023      	movs	r3, r4
1000421e:	465f      	mov	r7, fp
10004220:	464c      	mov	r4, r9
10004222:	4645      	mov	r5, r8
10004224:	46b3      	mov	fp, r6
10004226:	4699      	mov	r9, r3
10004228:	9914      	ldr	r1, [sp, #80]	@ 0x50
1000422a:	9b0d      	ldr	r3, [sp, #52]	@ 0x34
1000422c:	9106      	str	r1, [sp, #24]
1000422e:	9304      	str	r3, [sp, #16]
10004230:	465b      	mov	r3, fp
10004232:	9303      	str	r3, [sp, #12]
10004234:	2300      	movs	r3, #0
10004236:	9505      	str	r5, [sp, #20]
10004238:	9302      	str	r3, [sp, #8]
1000423a:	464b      	mov	r3, r9
1000423c:	e626      	b.n	10003e8c <_vsnprintf+0x6a0>
1000423e:	4643      	mov	r3, r8
10004240:	2b00      	cmp	r3, #0
10004242:	d1b1      	bne.n	100041a8 <_vsnprintf+0x9bc>
10004244:	e78e      	b.n	10004164 <_vsnprintf+0x978>
10004246:	9b0c      	ldr	r3, [sp, #48]	@ 0x30
10004248:	681b      	ldr	r3, [r3, #0]
1000424a:	17d8      	asrs	r0, r3, #31
1000424c:	1819      	adds	r1, r3, r0
1000424e:	4041      	eors	r1, r0
10004250:	e5ed      	b.n	10003e2e <_vsnprintf+0x642>
10004252:	2380      	movs	r3, #128	@ 0x80
10004254:	0032      	movs	r2, r6
10004256:	00db      	lsls	r3, r3, #3
10004258:	401a      	ands	r2, r3
1000425a:	920f      	str	r2, [sp, #60]	@ 0x3c
1000425c:	421e      	tst	r6, r3
1000425e:	d00f      	beq.n	10004280 <_vsnprintf+0xa94>
10004260:	3002      	adds	r0, #2
10004262:	0002      	movs	r2, r0
10004264:	4032      	ands	r2, r6
10004266:	920f      	str	r2, [sp, #60]	@ 0x3c
10004268:	4230      	tst	r0, r6
1000426a:	d019      	beq.n	100042a0 <_vsnprintf+0xab4>
1000426c:	2300      	movs	r3, #0
1000426e:	46a0      	mov	r8, r4
10004270:	930f      	str	r3, [sp, #60]	@ 0x3c
10004272:	e59a      	b.n	10003daa <_vsnprintf+0x5be>
10004274:	9b0c      	ldr	r3, [sp, #48]	@ 0x30
10004276:	681b      	ldr	r3, [r3, #0]
10004278:	4699      	mov	r9, r3
1000427a:	e518      	b.n	10003cae <_vsnprintf+0x4c2>
1000427c:	0016      	movs	r6, r2
1000427e:	e49b      	b.n	10003bb8 <_vsnprintf+0x3cc>
10004280:	2302      	movs	r3, #2
10004282:	001a      	movs	r2, r3
10004284:	4032      	ands	r2, r6
10004286:	920c      	str	r2, [sp, #48]	@ 0x30
10004288:	4233      	tst	r3, r6
1000428a:	d000      	beq.n	1000428e <_vsnprintf+0xaa2>
1000428c:	e58c      	b.n	10003da8 <_vsnprintf+0x5bc>
1000428e:	2d00      	cmp	r5, #0
10004290:	d000      	beq.n	10004294 <_vsnprintf+0xaa8>
10004292:	e66d      	b.n	10003f70 <_vsnprintf+0x784>
10004294:	f7ff fbf0 	bl	10003a78 <_vsnprintf+0x28c>
10004298:	3301      	adds	r3, #1
1000429a:	930f      	str	r3, [sp, #60]	@ 0x3c
1000429c:	f7ff fbd0 	bl	10003a40 <_vsnprintf+0x254>
100042a0:	930c      	str	r3, [sp, #48]	@ 0x30
100042a2:	e7f4      	b.n	1000428e <_vsnprintf+0xaa2>

100042a4 <vfctprintf>:
100042a4:	b500      	push	{lr}
100042a6:	b085      	sub	sp, #20
100042a8:	9103      	str	r1, [sp, #12]
100042aa:	2101      	movs	r1, #1
100042ac:	9002      	str	r0, [sp, #8]
100042ae:	9300      	str	r3, [sp, #0]
100042b0:	4803      	ldr	r0, [pc, #12]	@ (100042c0 <vfctprintf+0x1c>)
100042b2:	0013      	movs	r3, r2
100042b4:	424a      	negs	r2, r1
100042b6:	a902      	add	r1, sp, #8
100042b8:	f7ff fa98 	bl	100037ec <_vsnprintf>
100042bc:	b005      	add	sp, #20
100042be:	bd00      	pop	{pc}
100042c0:	10002e09 	.word	0x10002e09

100042c4 <weak_raw_vprintf>:
100042c4:	b510      	push	{r4, lr}
100042c6:	4a09      	ldr	r2, [pc, #36]	@ (100042ec <weak_raw_vprintf+0x28>)
100042c8:	0003      	movs	r3, r0
100042ca:	6814      	ldr	r4, [r2, #0]
100042cc:	b084      	sub	sp, #16
100042ce:	2c00      	cmp	r4, #0
100042d0:	d008      	beq.n	100042e4 <weak_raw_vprintf+0x20>
100042d2:	2201      	movs	r2, #1
100042d4:	9100      	str	r1, [sp, #0]
100042d6:	4806      	ldr	r0, [pc, #24]	@ (100042f0 <weak_raw_vprintf+0x2c>)
100042d8:	4252      	negs	r2, r2
100042da:	a903      	add	r1, sp, #12
100042dc:	47a0      	blx	r4
100042de:	2001      	movs	r0, #1
100042e0:	b004      	add	sp, #16
100042e2:	bd10      	pop	{r4, pc}
100042e4:	f000 f984 	bl	100045f0 <__wrap_puts>
100042e8:	2000      	movs	r0, #0
100042ea:	e7f9      	b.n	100042e0 <weak_raw_vprintf+0x1c>
100042ec:	20001e88 	.word	0x20001e88
100042f0:	10002df9 	.word	0x10002df9

100042f4 <_exit>:
100042f4:	be00      	bkpt	0x0000
100042f6:	e7fd      	b.n	100042f4 <_exit>

100042f8 <_fini>:
100042f8:	4770      	bx	lr
100042fa:	46c0      	nop			@ (mov r8, r8)

100042fc <exit>:
100042fc:	b510      	push	{r4, lr}
100042fe:	f7ff fff9 	bl	100042f4 <_exit>
10004302:	46c0      	nop			@ (mov r8, r8)

10004304 <runtime_init>:
10004304:	b570      	push	{r4, r5, r6, lr}
10004306:	f7fd fc4d 	bl	10001ba4 <runtime_run_initializers>
1000430a:	4d07      	ldr	r5, [pc, #28]	@ (10004328 <runtime_init+0x24>)
1000430c:	4e07      	ldr	r6, [pc, #28]	@ (1000432c <runtime_init+0x28>)
1000430e:	42b5      	cmp	r5, r6
10004310:	d209      	bcs.n	10004326 <runtime_init+0x22>
10004312:	2400      	movs	r4, #0
10004314:	3e01      	subs	r6, #1
10004316:	1b76      	subs	r6, r6, r5
10004318:	08b6      	lsrs	r6, r6, #2
1000431a:	3601      	adds	r6, #1
1000431c:	cd08      	ldmia	r5!, {r3}
1000431e:	3401      	adds	r4, #1
10004320:	4798      	blx	r3
10004322:	42b4      	cmp	r4, r6
10004324:	d1fa      	bne.n	1000431c <runtime_init+0x18>
10004326:	bd70      	pop	{r4, r5, r6, pc}
10004328:	10007564 	.word	0x10007564
1000432c:	10007568 	.word	0x10007568

10004330 <stdio_out_chars_no_crlf>:
10004330:	0003      	movs	r3, r0
10004332:	b510      	push	{r4, lr}
10004334:	0008      	movs	r0, r1
10004336:	0011      	movs	r1, r2
10004338:	681b      	ldr	r3, [r3, #0]
1000433a:	4798      	blx	r3
1000433c:	bd10      	pop	{r4, pc}
1000433e:	46c0      	nop			@ (mov r8, r8)

10004340 <stdio_out_chars_crlf>:
10004340:	b5f8      	push	{r3, r4, r5, r6, r7, lr}
10004342:	7d43      	ldrb	r3, [r0, #21]
10004344:	0007      	movs	r7, r0
10004346:	000d      	movs	r5, r1
10004348:	0016      	movs	r6, r2
1000434a:	2b00      	cmp	r3, #0
1000434c:	d038      	beq.n	100043c0 <stdio_out_chars_crlf+0x80>
1000434e:	2a00      	cmp	r2, #0
10004350:	dd1a      	ble.n	10004388 <stdio_out_chars_crlf+0x48>
10004352:	780b      	ldrb	r3, [r1, #0]
10004354:	2b0a      	cmp	r3, #10
10004356:	d018      	beq.n	1000438a <stdio_out_chars_crlf+0x4a>
10004358:	2000      	movs	r0, #0
1000435a:	2e01      	cmp	r6, #1
1000435c:	d009      	beq.n	10004372 <stdio_out_chars_crlf+0x32>
1000435e:	2401      	movs	r4, #1
10004360:	0021      	movs	r1, r4
10004362:	5c6b      	ldrb	r3, [r5, r1]
10004364:	3401      	adds	r4, #1
10004366:	2b0a      	cmp	r3, #10
10004368:	d01a      	beq.n	100043a0 <stdio_out_chars_crlf+0x60>
1000436a:	42b4      	cmp	r4, r6
1000436c:	d1f8      	bne.n	10004360 <stdio_out_chars_crlf+0x20>
1000436e:	4286      	cmp	r6, r0
10004370:	dd03      	ble.n	1000437a <stdio_out_chars_crlf+0x3a>
10004372:	1a31      	subs	r1, r6, r0
10004374:	683b      	ldr	r3, [r7, #0]
10004376:	1828      	adds	r0, r5, r0
10004378:	4798      	blx	r3
1000437a:	19ad      	adds	r5, r5, r6
1000437c:	3d01      	subs	r5, #1
1000437e:	782b      	ldrb	r3, [r5, #0]
10004380:	3b0d      	subs	r3, #13
10004382:	425a      	negs	r2, r3
10004384:	4153      	adcs	r3, r2
10004386:	753b      	strb	r3, [r7, #20]
10004388:	bdf8      	pop	{r3, r4, r5, r6, r7, pc}
1000438a:	7d03      	ldrb	r3, [r0, #20]
1000438c:	2b00      	cmp	r3, #0
1000438e:	d1e3      	bne.n	10004358 <stdio_out_chars_crlf+0x18>
10004390:	2102      	movs	r1, #2
10004392:	480e      	ldr	r0, [pc, #56]	@ (100043cc <stdio_out_chars_crlf+0x8c>)
10004394:	683b      	ldr	r3, [r7, #0]
10004396:	4798      	blx	r3
10004398:	2e01      	cmp	r6, #1
1000439a:	d0ee      	beq.n	1000437a <stdio_out_chars_crlf+0x3a>
1000439c:	2001      	movs	r0, #1
1000439e:	e7de      	b.n	1000435e <stdio_out_chars_crlf+0x1e>
100043a0:	1e6b      	subs	r3, r5, #1
100043a2:	5c5b      	ldrb	r3, [r3, r1]
100043a4:	2b0d      	cmp	r3, #13
100043a6:	d0e0      	beq.n	1000436a <stdio_out_chars_crlf+0x2a>
100043a8:	4288      	cmp	r0, r1
100043aa:	da03      	bge.n	100043b4 <stdio_out_chars_crlf+0x74>
100043ac:	1a09      	subs	r1, r1, r0
100043ae:	683b      	ldr	r3, [r7, #0]
100043b0:	1828      	adds	r0, r5, r0
100043b2:	4798      	blx	r3
100043b4:	4805      	ldr	r0, [pc, #20]	@ (100043cc <stdio_out_chars_crlf+0x8c>)
100043b6:	2102      	movs	r1, #2
100043b8:	683b      	ldr	r3, [r7, #0]
100043ba:	4798      	blx	r3
100043bc:	0020      	movs	r0, r4
100043be:	e7d4      	b.n	1000436a <stdio_out_chars_crlf+0x2a>
100043c0:	6803      	ldr	r3, [r0, #0]
100043c2:	0011      	movs	r1, r2
100043c4:	0028      	movs	r0, r5
100043c6:	4798      	blx	r3
100043c8:	e7de      	b.n	10004388 <stdio_out_chars_crlf+0x48>
100043ca:	46c0      	nop			@ (mov r8, r8)
100043cc:	10007d00 	.word	0x10007d00

100043d0 <stdio_buffered_printer>:
100043d0:	b5f8      	push	{r3, r4, r5, r6, r7, lr}
100043d2:	680b      	ldr	r3, [r1, #0]
100043d4:	000d      	movs	r5, r1
100043d6:	1c5a      	adds	r2, r3, #1
100043d8:	18cb      	adds	r3, r1, r3
100043da:	600a      	str	r2, [r1, #0]
100043dc:	7118      	strb	r0, [r3, #4]
100043de:	2a80      	cmp	r2, #128	@ 0x80
100043e0:	d000      	beq.n	100043e4 <stdio_buffered_printer+0x14>
100043e2:	bdf8      	pop	{r3, r4, r5, r6, r7, pc}
100043e4:	4b0e      	ldr	r3, [pc, #56]	@ (10004420 <stdio_buffered_printer+0x50>)
100043e6:	681c      	ldr	r4, [r3, #0]
100043e8:	2c00      	cmp	r4, #0
100043ea:	d015      	beq.n	10004418 <stdio_buffered_printer+0x48>
100043ec:	4e0d      	ldr	r6, [pc, #52]	@ (10004424 <stdio_buffered_printer+0x54>)
100043ee:	1d0f      	adds	r7, r1, #4
100043f0:	e002      	b.n	100043f8 <stdio_buffered_printer+0x28>
100043f2:	6924      	ldr	r4, [r4, #16]
100043f4:	2c00      	cmp	r4, #0
100043f6:	d00f      	beq.n	10004418 <stdio_buffered_printer+0x48>
100043f8:	6823      	ldr	r3, [r4, #0]
100043fa:	2b00      	cmp	r3, #0
100043fc:	d0f9      	beq.n	100043f2 <stdio_buffered_printer+0x22>
100043fe:	6833      	ldr	r3, [r6, #0]
10004400:	2b00      	cmp	r3, #0
10004402:	d001      	beq.n	10004408 <stdio_buffered_printer+0x38>
10004404:	42a3      	cmp	r3, r4
10004406:	d1f4      	bne.n	100043f2 <stdio_buffered_printer+0x22>
10004408:	0020      	movs	r0, r4
1000440a:	0039      	movs	r1, r7
1000440c:	682a      	ldr	r2, [r5, #0]
1000440e:	f7ff ff97 	bl	10004340 <stdio_out_chars_crlf>
10004412:	6924      	ldr	r4, [r4, #16]
10004414:	2c00      	cmp	r4, #0
10004416:	d1ef      	bne.n	100043f8 <stdio_buffered_printer+0x28>
10004418:	2300      	movs	r3, #0
1000441a:	602b      	str	r3, [r5, #0]
1000441c:	e7e1      	b.n	100043e2 <stdio_buffered_printer+0x12>
1000441e:	46c0      	nop			@ (mov r8, r8)
10004420:	20001a78 	.word	0x20001a78
10004424:	20001a80 	.word	0x20001a80

10004428 <stdio_put_string>:
10004428:	b5f0      	push	{r4, r5, r6, r7, lr}
1000442a:	4646      	mov	r6, r8
1000442c:	46d6      	mov	lr, sl
1000442e:	464f      	mov	r7, r9
10004430:	b5c0      	push	{r6, r7, lr}
10004432:	b082      	sub	sp, #8
10004434:	4690      	mov	r8, r2
10004436:	001c      	movs	r4, r3
10004438:	0006      	movs	r6, r0
1000443a:	000d      	movs	r5, r1
1000443c:	f7fd f8da 	bl	100015f4 <time_us_64>
10004440:	2300      	movs	r3, #0
10004442:	4a2f      	ldr	r2, [pc, #188]	@ (10004500 <stdio_put_string+0xd8>)
10004444:	1812      	adds	r2, r2, r0
10004446:	414b      	adcs	r3, r1
10004448:	2b00      	cmp	r3, #0
1000444a:	da02      	bge.n	10004452 <stdio_put_string+0x2a>
1000444c:	2201      	movs	r2, #1
1000444e:	4b2d      	ldr	r3, [pc, #180]	@ (10004504 <stdio_put_string+0xdc>)
10004450:	4252      	negs	r2, r2
10004452:	492d      	ldr	r1, [pc, #180]	@ (10004508 <stdio_put_string+0xe0>)
10004454:	0008      	movs	r0, r1
10004456:	468a      	mov	sl, r1
10004458:	f003 f836 	bl	100074c8 <__mutex_try_enter_block_until_veneer>
1000445c:	4681      	mov	r9, r0
1000445e:	1c6b      	adds	r3, r5, #1
10004460:	d103      	bne.n	1000446a <stdio_put_string+0x42>
10004462:	0030      	movs	r0, r6
10004464:	f002 ffce 	bl	10007404 <strlen>
10004468:	0005      	movs	r5, r0
1000446a:	2c00      	cmp	r4, #0
1000446c:	d027      	beq.n	100044be <stdio_put_string+0x96>
1000446e:	4f27      	ldr	r7, [pc, #156]	@ (1000450c <stdio_put_string+0xe4>)
10004470:	4b27      	ldr	r3, [pc, #156]	@ (10004510 <stdio_put_string+0xe8>)
10004472:	681c      	ldr	r4, [r3, #0]
10004474:	2c00      	cmp	r4, #0
10004476:	d018      	beq.n	100044aa <stdio_put_string+0x82>
10004478:	4643      	mov	r3, r8
1000447a:	2b00      	cmp	r3, #0
1000447c:	d121      	bne.n	100044c2 <stdio_put_string+0x9a>
1000447e:	4b25      	ldr	r3, [pc, #148]	@ (10004514 <stdio_put_string+0xec>)
10004480:	4698      	mov	r8, r3
10004482:	e002      	b.n	1000448a <stdio_put_string+0x62>
10004484:	6924      	ldr	r4, [r4, #16]
10004486:	2c00      	cmp	r4, #0
10004488:	d00f      	beq.n	100044aa <stdio_put_string+0x82>
1000448a:	6823      	ldr	r3, [r4, #0]
1000448c:	2b00      	cmp	r3, #0
1000448e:	d0f9      	beq.n	10004484 <stdio_put_string+0x5c>
10004490:	4643      	mov	r3, r8
10004492:	681b      	ldr	r3, [r3, #0]
10004494:	2b00      	cmp	r3, #0
10004496:	d001      	beq.n	1000449c <stdio_put_string+0x74>
10004498:	429c      	cmp	r4, r3
1000449a:	d1f3      	bne.n	10004484 <stdio_put_string+0x5c>
1000449c:	0020      	movs	r0, r4
1000449e:	002a      	movs	r2, r5
100044a0:	0031      	movs	r1, r6
100044a2:	47b8      	blx	r7
100044a4:	6924      	ldr	r4, [r4, #16]
100044a6:	2c00      	cmp	r4, #0
100044a8:	d1ef      	bne.n	1000448a <stdio_put_string+0x62>
100044aa:	464b      	mov	r3, r9
100044ac:	2b00      	cmp	r3, #0
100044ae:	d123      	bne.n	100044f8 <stdio_put_string+0xd0>
100044b0:	0028      	movs	r0, r5
100044b2:	b002      	add	sp, #8
100044b4:	bce0      	pop	{r5, r6, r7}
100044b6:	46ba      	mov	sl, r7
100044b8:	46b1      	mov	r9, r6
100044ba:	46a8      	mov	r8, r5
100044bc:	bdf0      	pop	{r4, r5, r6, r7, pc}
100044be:	4f16      	ldr	r7, [pc, #88]	@ (10004518 <stdio_put_string+0xf0>)
100044c0:	e7d6      	b.n	10004470 <stdio_put_string+0x48>
100044c2:	4b14      	ldr	r3, [pc, #80]	@ (10004514 <stdio_put_string+0xec>)
100044c4:	4698      	mov	r8, r3
100044c6:	e002      	b.n	100044ce <stdio_put_string+0xa6>
100044c8:	6924      	ldr	r4, [r4, #16]
100044ca:	2c00      	cmp	r4, #0
100044cc:	d0ed      	beq.n	100044aa <stdio_put_string+0x82>
100044ce:	6823      	ldr	r3, [r4, #0]
100044d0:	2b00      	cmp	r3, #0
100044d2:	d0f9      	beq.n	100044c8 <stdio_put_string+0xa0>
100044d4:	4643      	mov	r3, r8
100044d6:	681b      	ldr	r3, [r3, #0]
100044d8:	2b00      	cmp	r3, #0
100044da:	d001      	beq.n	100044e0 <stdio_put_string+0xb8>
100044dc:	42a3      	cmp	r3, r4
100044de:	d1f3      	bne.n	100044c8 <stdio_put_string+0xa0>
100044e0:	002a      	movs	r2, r5
100044e2:	0031      	movs	r1, r6
100044e4:	0020      	movs	r0, r4
100044e6:	47b8      	blx	r7
100044e8:	466b      	mov	r3, sp
100044ea:	220a      	movs	r2, #10
100044ec:	0020      	movs	r0, r4
100044ee:	71da      	strb	r2, [r3, #7]
100044f0:	1dd9      	adds	r1, r3, #7
100044f2:	3a09      	subs	r2, #9
100044f4:	47b8      	blx	r7
100044f6:	e7e7      	b.n	100044c8 <stdio_put_string+0xa0>
100044f8:	4650      	mov	r0, sl
100044fa:	f002 ffdd 	bl	100074b8 <__mutex_exit_veneer>
100044fe:	e7d7      	b.n	100044b0 <stdio_put_string+0x88>
10004500:	000f4240 	.word	0x000f4240
10004504:	7fffffff 	.word	0x7fffffff
10004508:	200010b0 	.word	0x200010b0
1000450c:	10004341 	.word	0x10004341
10004510:	20001a78 	.word	0x20001a78
10004514:	20001a80 	.word	0x20001a80
10004518:	10004331 	.word	0x10004331

1000451c <stdio_set_driver_enabled>:
1000451c:	4a0a      	ldr	r2, [pc, #40]	@ (10004548 <stdio_set_driver_enabled+0x2c>)
1000451e:	6813      	ldr	r3, [r2, #0]
10004520:	2b00      	cmp	r3, #0
10004522:	d105      	bne.n	10004530 <stdio_set_driver_enabled+0x14>
10004524:	e00c      	b.n	10004540 <stdio_set_driver_enabled+0x24>
10004526:	001a      	movs	r2, r3
10004528:	691b      	ldr	r3, [r3, #16]
1000452a:	3210      	adds	r2, #16
1000452c:	2b00      	cmp	r3, #0
1000452e:	d007      	beq.n	10004540 <stdio_set_driver_enabled+0x24>
10004530:	4283      	cmp	r3, r0
10004532:	d1f8      	bne.n	10004526 <stdio_set_driver_enabled+0xa>
10004534:	2900      	cmp	r1, #0
10004536:	d102      	bne.n	1000453e <stdio_set_driver_enabled+0x22>
10004538:	6918      	ldr	r0, [r3, #16]
1000453a:	6010      	str	r0, [r2, #0]
1000453c:	6119      	str	r1, [r3, #16]
1000453e:	4770      	bx	lr
10004540:	2900      	cmp	r1, #0
10004542:	d0fc      	beq.n	1000453e <stdio_set_driver_enabled+0x22>
10004544:	6010      	str	r0, [r2, #0]
10004546:	e7fa      	b.n	1000453e <stdio_set_driver_enabled+0x22>
10004548:	20001a78 	.word	0x20001a78

1000454c <stdio_init_all>:
1000454c:	b510      	push	{r4, lr}
1000454e:	f000 f9a9 	bl	100048a4 <stdio_uart_init>
10004552:	f000 fb5d 	bl	10004c10 <stdio_usb_init>
10004556:	2001      	movs	r0, #1
10004558:	bd10      	pop	{r4, pc}
1000455a:	46c0      	nop			@ (mov r8, r8)

1000455c <__wrap_putchar>:
1000455c:	b5f0      	push	{r4, r5, r6, r7, lr}
1000455e:	46ce      	mov	lr, r9
10004560:	4647      	mov	r7, r8
10004562:	b580      	push	{r7, lr}
10004564:	b083      	sub	sp, #12
10004566:	466b      	mov	r3, sp
10004568:	0006      	movs	r6, r0
1000456a:	1ddd      	adds	r5, r3, #7
1000456c:	7028      	strb	r0, [r5, #0]
1000456e:	f7fd f841 	bl	100015f4 <time_us_64>
10004572:	2300      	movs	r3, #0
10004574:	4a19      	ldr	r2, [pc, #100]	@ (100045dc <__wrap_putchar+0x80>)
10004576:	1812      	adds	r2, r2, r0
10004578:	414b      	adcs	r3, r1
1000457a:	2b00      	cmp	r3, #0
1000457c:	da02      	bge.n	10004584 <__wrap_putchar+0x28>
1000457e:	2201      	movs	r2, #1
10004580:	4b17      	ldr	r3, [pc, #92]	@ (100045e0 <__wrap_putchar+0x84>)
10004582:	4252      	negs	r2, r2
10004584:	4917      	ldr	r1, [pc, #92]	@ (100045e4 <__wrap_putchar+0x88>)
10004586:	0008      	movs	r0, r1
10004588:	4689      	mov	r9, r1
1000458a:	f002 ff9d 	bl	100074c8 <__mutex_try_enter_block_until_veneer>
1000458e:	4b16      	ldr	r3, [pc, #88]	@ (100045e8 <__wrap_putchar+0x8c>)
10004590:	4680      	mov	r8, r0
10004592:	681c      	ldr	r4, [r3, #0]
10004594:	2c00      	cmp	r4, #0
10004596:	d014      	beq.n	100045c2 <__wrap_putchar+0x66>
10004598:	4f14      	ldr	r7, [pc, #80]	@ (100045ec <__wrap_putchar+0x90>)
1000459a:	e002      	b.n	100045a2 <__wrap_putchar+0x46>
1000459c:	6924      	ldr	r4, [r4, #16]
1000459e:	2c00      	cmp	r4, #0
100045a0:	d00f      	beq.n	100045c2 <__wrap_putchar+0x66>
100045a2:	6823      	ldr	r3, [r4, #0]
100045a4:	2b00      	cmp	r3, #0
100045a6:	d0f9      	beq.n	1000459c <__wrap_putchar+0x40>
100045a8:	683b      	ldr	r3, [r7, #0]
100045aa:	2b00      	cmp	r3, #0
100045ac:	d001      	beq.n	100045b2 <__wrap_putchar+0x56>
100045ae:	429c      	cmp	r4, r3
100045b0:	d1f4      	bne.n	1000459c <__wrap_putchar+0x40>
100045b2:	0020      	movs	r0, r4
100045b4:	2201      	movs	r2, #1
100045b6:	0029      	movs	r1, r5
100045b8:	f7ff fec2 	bl	10004340 <stdio_out_chars_crlf>
100045bc:	6924      	ldr	r4, [r4, #16]
100045be:	2c00      	cmp	r4, #0
100045c0:	d1ef      	bne.n	100045a2 <__wrap_putchar+0x46>
100045c2:	4643      	mov	r3, r8
100045c4:	2b00      	cmp	r3, #0
100045c6:	d105      	bne.n	100045d4 <__wrap_putchar+0x78>
100045c8:	0030      	movs	r0, r6
100045ca:	b003      	add	sp, #12
100045cc:	bcc0      	pop	{r6, r7}
100045ce:	46b9      	mov	r9, r7
100045d0:	46b0      	mov	r8, r6
100045d2:	bdf0      	pop	{r4, r5, r6, r7, pc}
100045d4:	4648      	mov	r0, r9
100045d6:	f002 ff6f 	bl	100074b8 <__mutex_exit_veneer>
100045da:	e7f5      	b.n	100045c8 <__wrap_putchar+0x6c>
100045dc:	000f4240 	.word	0x000f4240
100045e0:	7fffffff 	.word	0x7fffffff
100045e4:	200010b0 	.word	0x200010b0
100045e8:	20001a78 	.word	0x20001a78
100045ec:	20001a80 	.word	0x20001a80

100045f0 <__wrap_puts>:
100045f0:	b570      	push	{r4, r5, r6, lr}
100045f2:	0004      	movs	r4, r0
100045f4:	f002 ff06 	bl	10007404 <strlen>
100045f8:	2301      	movs	r3, #1
100045fa:	0001      	movs	r1, r0
100045fc:	0005      	movs	r5, r0
100045fe:	2201      	movs	r2, #1
10004600:	0020      	movs	r0, r4
10004602:	f7ff ff11 	bl	10004428 <stdio_put_string>
10004606:	4b08      	ldr	r3, [pc, #32]	@ (10004628 <__wrap_puts+0x38>)
10004608:	681c      	ldr	r4, [r3, #0]
1000460a:	2c00      	cmp	r4, #0
1000460c:	d006      	beq.n	1000461c <__wrap_puts+0x2c>
1000460e:	6863      	ldr	r3, [r4, #4]
10004610:	2b00      	cmp	r3, #0
10004612:	d005      	beq.n	10004620 <__wrap_puts+0x30>
10004614:	4798      	blx	r3
10004616:	6924      	ldr	r4, [r4, #16]
10004618:	2c00      	cmp	r4, #0
1000461a:	d1f8      	bne.n	1000460e <__wrap_puts+0x1e>
1000461c:	0028      	movs	r0, r5
1000461e:	bd70      	pop	{r4, r5, r6, pc}
10004620:	6924      	ldr	r4, [r4, #16]
10004622:	2c00      	cmp	r4, #0
10004624:	d1f3      	bne.n	1000460e <__wrap_puts+0x1e>
10004626:	e7f9      	b.n	1000461c <__wrap_puts+0x2c>
10004628:	20001a78 	.word	0x20001a78

1000462c <__wrap_vprintf>:
1000462c:	b5f0      	push	{r4, r5, r6, r7, lr}
1000462e:	46ce      	mov	lr, r9
10004630:	4647      	mov	r7, r8
10004632:	b580      	push	{r7, lr}
10004634:	b0a3      	sub	sp, #140	@ 0x8c
10004636:	0004      	movs	r4, r0
10004638:	000e      	movs	r6, r1
1000463a:	f7fc ffdb 	bl	100015f4 <time_us_64>
1000463e:	2300      	movs	r3, #0
10004640:	4a26      	ldr	r2, [pc, #152]	@ (100046dc <__wrap_vprintf+0xb0>)
10004642:	1812      	adds	r2, r2, r0
10004644:	414b      	adcs	r3, r1
10004646:	2b00      	cmp	r3, #0
10004648:	da02      	bge.n	10004650 <__wrap_vprintf+0x24>
1000464a:	2201      	movs	r2, #1
1000464c:	4b24      	ldr	r3, [pc, #144]	@ (100046e0 <__wrap_vprintf+0xb4>)
1000464e:	4252      	negs	r2, r2
10004650:	4824      	ldr	r0, [pc, #144]	@ (100046e4 <__wrap_vprintf+0xb8>)
10004652:	f002 ff39 	bl	100074c8 <__mutex_try_enter_block_until_veneer>
10004656:	2300      	movs	r3, #0
10004658:	0022      	movs	r2, r4
1000465a:	9301      	str	r3, [sp, #4]
1000465c:	4680      	mov	r8, r0
1000465e:	0033      	movs	r3, r6
10004660:	4821      	ldr	r0, [pc, #132]	@ (100046e8 <__wrap_vprintf+0xbc>)
10004662:	a901      	add	r1, sp, #4
10004664:	f7ff fe1e 	bl	100042a4 <vfctprintf>
10004668:	4f20      	ldr	r7, [pc, #128]	@ (100046ec <__wrap_vprintf+0xc0>)
1000466a:	9b01      	ldr	r3, [sp, #4]
1000466c:	4681      	mov	r9, r0
1000466e:	683c      	ldr	r4, [r7, #0]
10004670:	2b00      	cmp	r3, #0
10004672:	d019      	beq.n	100046a8 <__wrap_vprintf+0x7c>
10004674:	2c00      	cmp	r4, #0
10004676:	d02f      	beq.n	100046d8 <__wrap_vprintf+0xac>
10004678:	4e1d      	ldr	r6, [pc, #116]	@ (100046f0 <__wrap_vprintf+0xc4>)
1000467a:	e002      	b.n	10004682 <__wrap_vprintf+0x56>
1000467c:	6924      	ldr	r4, [r4, #16]
1000467e:	2c00      	cmp	r4, #0
10004680:	d00f      	beq.n	100046a2 <__wrap_vprintf+0x76>
10004682:	6823      	ldr	r3, [r4, #0]
10004684:	2b00      	cmp	r3, #0
10004686:	d0f9      	beq.n	1000467c <__wrap_vprintf+0x50>
10004688:	6833      	ldr	r3, [r6, #0]
1000468a:	2b00      	cmp	r3, #0
1000468c:	d001      	beq.n	10004692 <__wrap_vprintf+0x66>
1000468e:	42a3      	cmp	r3, r4
10004690:	d1f4      	bne.n	1000467c <__wrap_vprintf+0x50>
10004692:	0020      	movs	r0, r4
10004694:	9a01      	ldr	r2, [sp, #4]
10004696:	a902      	add	r1, sp, #8
10004698:	f7ff fe52 	bl	10004340 <stdio_out_chars_crlf>
1000469c:	6924      	ldr	r4, [r4, #16]
1000469e:	2c00      	cmp	r4, #0
100046a0:	d1ef      	bne.n	10004682 <__wrap_vprintf+0x56>
100046a2:	2300      	movs	r3, #0
100046a4:	683c      	ldr	r4, [r7, #0]
100046a6:	9301      	str	r3, [sp, #4]
100046a8:	2c00      	cmp	r4, #0
100046aa:	d006      	beq.n	100046ba <__wrap_vprintf+0x8e>
100046ac:	6863      	ldr	r3, [r4, #4]
100046ae:	2b00      	cmp	r3, #0
100046b0:	d00c      	beq.n	100046cc <__wrap_vprintf+0xa0>
100046b2:	4798      	blx	r3
100046b4:	6924      	ldr	r4, [r4, #16]
100046b6:	2c00      	cmp	r4, #0
100046b8:	d1f8      	bne.n	100046ac <__wrap_vprintf+0x80>
100046ba:	4643      	mov	r3, r8
100046bc:	2b00      	cmp	r3, #0
100046be:	d107      	bne.n	100046d0 <__wrap_vprintf+0xa4>
100046c0:	4648      	mov	r0, r9
100046c2:	b023      	add	sp, #140	@ 0x8c
100046c4:	bcc0      	pop	{r6, r7}
100046c6:	46b9      	mov	r9, r7
100046c8:	46b0      	mov	r8, r6
100046ca:	bdf0      	pop	{r4, r5, r6, r7, pc}
100046cc:	6924      	ldr	r4, [r4, #16]
100046ce:	e7eb      	b.n	100046a8 <__wrap_vprintf+0x7c>
100046d0:	4804      	ldr	r0, [pc, #16]	@ (100046e4 <__wrap_vprintf+0xb8>)
100046d2:	f002 fef1 	bl	100074b8 <__mutex_exit_veneer>
100046d6:	e7f3      	b.n	100046c0 <__wrap_vprintf+0x94>
100046d8:	9401      	str	r4, [sp, #4]
100046da:	e7ee      	b.n	100046ba <__wrap_vprintf+0x8e>
100046dc:	000f4240 	.word	0x000f4240
100046e0:	7fffffff 	.word	0x7fffffff
100046e4:	200010b0 	.word	0x200010b0
100046e8:	100043d1 	.word	0x100043d1
100046ec:	20001a78 	.word	0x20001a78
100046f0:	20001a80 	.word	0x20001a80

100046f4 <__wrap_printf>:
100046f4:	b40f      	push	{r0, r1, r2, r3}
100046f6:	b500      	push	{lr}
100046f8:	b083      	sub	sp, #12
100046fa:	a904      	add	r1, sp, #16
100046fc:	c901      	ldmia	r1!, {r0}
100046fe:	9101      	str	r1, [sp, #4]
10004700:	f7ff ff94 	bl	1000462c <__wrap_vprintf>
10004704:	b003      	add	sp, #12
10004706:	bc08      	pop	{r3}
10004708:	b004      	add	sp, #16
1000470a:	4718      	bx	r3

1000470c <stdio_uart_out_chars>:
1000470c:	b5f0      	push	{r4, r5, r6, r7, lr}
1000470e:	2900      	cmp	r1, #0
10004710:	dd15      	ble.n	1000473e <stdio_uart_out_chars+0x32>
10004712:	4b0e      	ldr	r3, [pc, #56]	@ (1000474c <stdio_uart_out_chars+0x40>)
10004714:	270d      	movs	r7, #13
10004716:	681a      	ldr	r2, [r3, #0]
10004718:	4b0d      	ldr	r3, [pc, #52]	@ (10004750 <stdio_uart_out_chars+0x44>)
1000471a:	4c0e      	ldr	r4, [pc, #56]	@ (10004754 <stdio_uart_out_chars+0x48>)
1000471c:	18d3      	adds	r3, r2, r3
1000471e:	425d      	negs	r5, r3
10004720:	416b      	adcs	r3, r5
10004722:	1845      	adds	r5, r0, r1
10004724:	2120      	movs	r1, #32
10004726:	005b      	lsls	r3, r3, #1
10004728:	5f1e      	ldrsh	r6, [r3, r4]
1000472a:	7804      	ldrb	r4, [r0, #0]
1000472c:	42a6      	cmp	r6, r4
1000472e:	d007      	beq.n	10004740 <stdio_uart_out_chars+0x34>
10004730:	6993      	ldr	r3, [r2, #24]
10004732:	4219      	tst	r1, r3
10004734:	d1fc      	bne.n	10004730 <stdio_uart_out_chars+0x24>
10004736:	3001      	adds	r0, #1
10004738:	6014      	str	r4, [r2, #0]
1000473a:	42a8      	cmp	r0, r5
1000473c:	d1f5      	bne.n	1000472a <stdio_uart_out_chars+0x1e>
1000473e:	bdf0      	pop	{r4, r5, r6, r7, pc}
10004740:	6993      	ldr	r3, [r2, #24]
10004742:	4219      	tst	r1, r3
10004744:	d1fc      	bne.n	10004740 <stdio_uart_out_chars+0x34>
10004746:	6017      	str	r7, [r2, #0]
10004748:	e7f2      	b.n	10004730 <stdio_uart_out_chars+0x24>
1000474a:	46c0      	nop			@ (mov r8, r8)
1000474c:	20001ec4 	.word	0x20001ec4
10004750:	bffc8000 	.word	0xbffc8000
10004754:	20001ec0 	.word	0x20001ec0

10004758 <stdio_uart_in_chars>:
10004758:	4b1f      	ldr	r3, [pc, #124]	@ (100047d8 <stdio_uart_in_chars+0x80>)
1000475a:	b530      	push	{r4, r5, lr}
1000475c:	681b      	ldr	r3, [r3, #0]
1000475e:	1e0d      	subs	r5, r1, #0
10004760:	469c      	mov	ip, r3
10004762:	dd2a      	ble.n	100047ba <stdio_uart_in_chars+0x62>
10004764:	1e44      	subs	r4, r0, #1
10004766:	2110      	movs	r1, #16
10004768:	2000      	movs	r0, #0
1000476a:	4b1c      	ldr	r3, [pc, #112]	@ (100047dc <stdio_uart_in_chars+0x84>)
1000476c:	681a      	ldr	r2, [r3, #0]
1000476e:	6993      	ldr	r3, [r2, #24]
10004770:	4219      	tst	r1, r3
10004772:	d114      	bne.n	1000479e <stdio_uart_in_chars+0x46>
10004774:	3001      	adds	r0, #1
10004776:	6993      	ldr	r3, [r2, #24]
10004778:	4219      	tst	r1, r3
1000477a:	d1fc      	bne.n	10004776 <stdio_uart_in_chars+0x1e>
1000477c:	6813      	ldr	r3, [r2, #0]
1000477e:	5423      	strb	r3, [r4, r0]
10004780:	4285      	cmp	r5, r0
10004782:	d1f4      	bne.n	1000476e <stdio_uart_in_chars+0x16>
10004784:	4663      	mov	r3, ip
10004786:	2b00      	cmp	r3, #0
10004788:	d007      	beq.n	1000479a <stdio_uart_in_chars+0x42>
1000478a:	2350      	movs	r3, #80	@ 0x50
1000478c:	6393      	str	r3, [r2, #56]	@ 0x38
1000478e:	6b51      	ldr	r1, [r2, #52]	@ 0x34
10004790:	3b18      	subs	r3, #24
10004792:	400b      	ands	r3, r1
10004794:	4912      	ldr	r1, [pc, #72]	@ (100047e0 <stdio_uart_in_chars+0x88>)
10004796:	1852      	adds	r2, r2, r1
10004798:	6013      	str	r3, [r2, #0]
1000479a:	0028      	movs	r0, r5
1000479c:	bd30      	pop	{r4, r5, pc}
1000479e:	4663      	mov	r3, ip
100047a0:	2b00      	cmp	r3, #0
100047a2:	d007      	beq.n	100047b4 <stdio_uart_in_chars+0x5c>
100047a4:	2350      	movs	r3, #80	@ 0x50
100047a6:	6393      	str	r3, [r2, #56]	@ 0x38
100047a8:	6b51      	ldr	r1, [r2, #52]	@ 0x34
100047aa:	3b18      	subs	r3, #24
100047ac:	400b      	ands	r3, r1
100047ae:	490c      	ldr	r1, [pc, #48]	@ (100047e0 <stdio_uart_in_chars+0x88>)
100047b0:	1852      	adds	r2, r2, r1
100047b2:	6013      	str	r3, [r2, #0]
100047b4:	2800      	cmp	r0, #0
100047b6:	d1f1      	bne.n	1000479c <stdio_uart_in_chars+0x44>
100047b8:	e00b      	b.n	100047d2 <stdio_uart_in_chars+0x7a>
100047ba:	2b00      	cmp	r3, #0
100047bc:	d009      	beq.n	100047d2 <stdio_uart_in_chars+0x7a>
100047be:	2250      	movs	r2, #80	@ 0x50
100047c0:	4b06      	ldr	r3, [pc, #24]	@ (100047dc <stdio_uart_in_chars+0x84>)
100047c2:	681b      	ldr	r3, [r3, #0]
100047c4:	639a      	str	r2, [r3, #56]	@ 0x38
100047c6:	6b59      	ldr	r1, [r3, #52]	@ 0x34
100047c8:	3a18      	subs	r2, #24
100047ca:	400a      	ands	r2, r1
100047cc:	4904      	ldr	r1, [pc, #16]	@ (100047e0 <stdio_uart_in_chars+0x88>)
100047ce:	185b      	adds	r3, r3, r1
100047d0:	601a      	str	r2, [r3, #0]
100047d2:	2003      	movs	r0, #3
100047d4:	4240      	negs	r0, r0
100047d6:	e7e1      	b.n	1000479c <stdio_uart_in_chars+0x44>
100047d8:	20001a10 	.word	0x20001a10
100047dc:	20001ec4 	.word	0x20001ec4
100047e0:	00001034 	.word	0x00001034

100047e4 <on_uart_rx>:
100047e4:	4b06      	ldr	r3, [pc, #24]	@ (10004800 <on_uart_rx+0x1c>)
100047e6:	b510      	push	{r4, lr}
100047e8:	681b      	ldr	r3, [r3, #0]
100047ea:	2b00      	cmp	r3, #0
100047ec:	d006      	beq.n	100047fc <on_uart_rx+0x18>
100047ee:	2100      	movs	r1, #0
100047f0:	4a04      	ldr	r2, [pc, #16]	@ (10004804 <on_uart_rx+0x20>)
100047f2:	6812      	ldr	r2, [r2, #0]
100047f4:	6391      	str	r1, [r2, #56]	@ 0x38
100047f6:	4a04      	ldr	r2, [pc, #16]	@ (10004808 <on_uart_rx+0x24>)
100047f8:	6810      	ldr	r0, [r2, #0]
100047fa:	4798      	blx	r3
100047fc:	bd10      	pop	{r4, pc}
100047fe:	46c0      	nop			@ (mov r8, r8)
10004800:	20001a10 	.word	0x20001a10
10004804:	20001ec4 	.word	0x20001ec4
10004808:	20001a18 	.word	0x20001a18

1000480c <stdio_uart_out_flush>:
1000480c:	2208      	movs	r2, #8
1000480e:	4b03      	ldr	r3, [pc, #12]	@ (1000481c <stdio_uart_out_flush+0x10>)
10004810:	6819      	ldr	r1, [r3, #0]
10004812:	698b      	ldr	r3, [r1, #24]
10004814:	421a      	tst	r2, r3
10004816:	d1fc      	bne.n	10004812 <stdio_uart_out_flush+0x6>
10004818:	4770      	bx	lr
1000481a:	46c0      	nop			@ (mov r8, r8)
1000481c:	20001ec4 	.word	0x20001ec4

10004820 <stdio_uart_set_chars_available_callback>:
10004820:	b570      	push	{r4, r5, r6, lr}
10004822:	4e1a      	ldr	r6, [pc, #104]	@ (1000488c <stdio_uart_set_chars_available_callback+0x6c>)
10004824:	4b1a      	ldr	r3, [pc, #104]	@ (10004890 <stdio_uart_set_chars_available_callback+0x70>)
10004826:	6832      	ldr	r2, [r6, #0]
10004828:	0004      	movs	r4, r0
1000482a:	18d3      	adds	r3, r2, r3
1000482c:	4258      	negs	r0, r3
1000482e:	4143      	adcs	r3, r0
10004830:	4d18      	ldr	r5, [pc, #96]	@ (10004894 <stdio_uart_set_chars_available_callback+0x74>)
10004832:	3314      	adds	r3, #20
10004834:	0018      	movs	r0, r3
10004836:	682b      	ldr	r3, [r5, #0]
10004838:	2c00      	cmp	r4, #0
1000483a:	d002      	beq.n	10004842 <stdio_uart_set_chars_available_callback+0x22>
1000483c:	2b00      	cmp	r3, #0
1000483e:	d00f      	beq.n	10004860 <stdio_uart_set_chars_available_callback+0x40>
10004840:	bd70      	pop	{r4, r5, r6, pc}
10004842:	2b00      	cmp	r3, #0
10004844:	d0fc      	beq.n	10004840 <stdio_uart_set_chars_available_callback+0x20>
10004846:	0006      	movs	r6, r0
10004848:	2100      	movs	r1, #0
1000484a:	6394      	str	r4, [r2, #56]	@ 0x38
1000484c:	f7fb ffde 	bl	1000080c <irq_set_enabled>
10004850:	0030      	movs	r0, r6
10004852:	4911      	ldr	r1, [pc, #68]	@ (10004898 <stdio_uart_set_chars_available_callback+0x78>)
10004854:	f7fc f918 	bl	10000a88 <irq_remove_handler>
10004858:	4b10      	ldr	r3, [pc, #64]	@ (1000489c <stdio_uart_set_chars_available_callback+0x7c>)
1000485a:	602c      	str	r4, [r5, #0]
1000485c:	601c      	str	r4, [r3, #0]
1000485e:	e7ef      	b.n	10004840 <stdio_uart_set_chars_available_callback+0x20>
10004860:	602c      	str	r4, [r5, #0]
10004862:	0004      	movs	r4, r0
10004864:	4b0d      	ldr	r3, [pc, #52]	@ (1000489c <stdio_uart_set_chars_available_callback+0x7c>)
10004866:	6019      	str	r1, [r3, #0]
10004868:	490b      	ldr	r1, [pc, #44]	@ (10004898 <stdio_uart_set_chars_available_callback+0x78>)
1000486a:	f7fc f807 	bl	1000087c <irq_set_exclusive_handler>
1000486e:	2101      	movs	r1, #1
10004870:	0020      	movs	r0, r4
10004872:	f7fb ffcb 	bl	1000080c <irq_set_enabled>
10004876:	2250      	movs	r2, #80	@ 0x50
10004878:	6833      	ldr	r3, [r6, #0]
1000487a:	639a      	str	r2, [r3, #56]	@ 0x38
1000487c:	6b59      	ldr	r1, [r3, #52]	@ 0x34
1000487e:	3a18      	subs	r2, #24
10004880:	400a      	ands	r2, r1
10004882:	4907      	ldr	r1, [pc, #28]	@ (100048a0 <stdio_uart_set_chars_available_callback+0x80>)
10004884:	185b      	adds	r3, r3, r1
10004886:	601a      	str	r2, [r3, #0]
10004888:	e7da      	b.n	10004840 <stdio_uart_set_chars_available_callback+0x20>
1000488a:	46c0      	nop			@ (mov r8, r8)
1000488c:	20001ec4 	.word	0x20001ec4
10004890:	bffc8000 	.word	0xbffc8000
10004894:	20001a10 	.word	0x20001a10
10004898:	100047e5 	.word	0x100047e5
1000489c:	20001a18 	.word	0x20001a18
100048a0:	00001034 	.word	0x00001034

100048a4 <stdio_uart_init>:
100048a4:	4b0d      	ldr	r3, [pc, #52]	@ (100048dc <stdio_uart_init+0x38>)
100048a6:	b510      	push	{r4, lr}
100048a8:	781b      	ldrb	r3, [r3, #0]
100048aa:	4b0d      	ldr	r3, [pc, #52]	@ (100048e0 <stdio_uart_init+0x3c>)
100048ac:	4c0d      	ldr	r4, [pc, #52]	@ (100048e4 <stdio_uart_init+0x40>)
100048ae:	781b      	ldrb	r3, [r3, #0]
100048b0:	4b0d      	ldr	r3, [pc, #52]	@ (100048e8 <stdio_uart_init+0x44>)
100048b2:	2102      	movs	r1, #2
100048b4:	781b      	ldrb	r3, [r3, #0]
100048b6:	4b0d      	ldr	r3, [pc, #52]	@ (100048ec <stdio_uart_init+0x48>)
100048b8:	2000      	movs	r0, #0
100048ba:	6023      	str	r3, [r4, #0]
100048bc:	f7fb fe86 	bl	100005cc <gpio_set_function>
100048c0:	2102      	movs	r1, #2
100048c2:	2001      	movs	r0, #1
100048c4:	f7fb fe82 	bl	100005cc <gpio_set_function>
100048c8:	21e1      	movs	r1, #225	@ 0xe1
100048ca:	6820      	ldr	r0, [r4, #0]
100048cc:	0249      	lsls	r1, r1, #9
100048ce:	f7fc fee1 	bl	10001694 <uart_init>
100048d2:	2101      	movs	r1, #1
100048d4:	4806      	ldr	r0, [pc, #24]	@ (100048f0 <stdio_uart_init+0x4c>)
100048d6:	f7ff fe21 	bl	1000451c <stdio_set_driver_enabled>
100048da:	bd10      	pop	{r4, pc}
100048dc:	10007fe0 	.word	0x10007fe0
100048e0:	10007fdc 	.word	0x10007fdc
100048e4:	20001ec4 	.word	0x20001ec4
100048e8:	10007fd8 	.word	0x10007fd8
100048ec:	40034000 	.word	0x40034000
100048f0:	20001050 	.word	0x20001050

100048f4 <stdio_usb_set_chars_available_callback>:
100048f4:	4b02      	ldr	r3, [pc, #8]	@ (10004900 <stdio_usb_set_chars_available_callback+0xc>)
100048f6:	6018      	str	r0, [r3, #0]
100048f8:	4b02      	ldr	r3, [pc, #8]	@ (10004904 <stdio_usb_set_chars_available_callback+0x10>)
100048fa:	6019      	str	r1, [r3, #0]
100048fc:	4770      	bx	lr
100048fe:	46c0      	nop			@ (mov r8, r8)
10004900:	20001a14 	.word	0x20001a14
10004904:	20001a1c 	.word	0x20001a1c

10004908 <usb_irq>:
10004908:	b510      	push	{r4, lr}
1000490a:	4b02      	ldr	r3, [pc, #8]	@ (10004914 <usb_irq+0xc>)
1000490c:	7818      	ldrb	r0, [r3, #0]
1000490e:	f7fb ff9b 	bl	10000848 <irq_set_pending>
10004912:	bd10      	pop	{r4, pc}
10004914:	20001edf 	.word	0x20001edf

10004918 <timer_task>:
10004918:	4b15      	ldr	r3, [pc, #84]	@ (10004970 <timer_task+0x58>)
1000491a:	b570      	push	{r4, r5, r6, lr}
1000491c:	681a      	ldr	r2, [r3, #0]
1000491e:	2a00      	cmp	r2, #0
10004920:	d022      	beq.n	10004968 <timer_task+0x50>
10004922:	f3ef 8110 	mrs	r1, PRIMASK
10004926:	b672      	cpsid	i
10004928:	6810      	ldr	r0, [r2, #0]
1000492a:	2800      	cmp	r0, #0
1000492c:	d0fc      	beq.n	10004928 <timer_task+0x10>
1000492e:	f3bf 8f5f 	dmb	sy
10004932:	2000      	movs	r0, #0
10004934:	4a0f      	ldr	r2, [pc, #60]	@ (10004974 <timer_task+0x5c>)
10004936:	6059      	str	r1, [r3, #4]
10004938:	7010      	strb	r0, [r2, #0]
1000493a:	681b      	ldr	r3, [r3, #0]
1000493c:	f3bf 8f5f 	dmb	sy
10004940:	6018      	str	r0, [r3, #0]
10004942:	f381 8810 	msr	PRIMASK, r1
10004946:	2400      	movs	r4, #0
10004948:	2500      	movs	r5, #0
1000494a:	4e0b      	ldr	r6, [pc, #44]	@ (10004978 <timer_task+0x60>)
1000494c:	7830      	ldrb	r0, [r6, #0]
1000494e:	f7fb ff6f 	bl	10000830 <irq_is_enabled>
10004952:	2800      	cmp	r0, #0
10004954:	d104      	bne.n	10004960 <timer_task+0x48>
10004956:	2400      	movs	r4, #0
10004958:	2500      	movs	r5, #0
1000495a:	0029      	movs	r1, r5
1000495c:	0020      	movs	r0, r4
1000495e:	bd70      	pop	{r4, r5, r6, pc}
10004960:	7830      	ldrb	r0, [r6, #0]
10004962:	f7fb ff71 	bl	10000848 <irq_set_pending>
10004966:	e7f8      	b.n	1000495a <timer_task+0x42>
10004968:	24fa      	movs	r4, #250	@ 0xfa
1000496a:	2500      	movs	r5, #0
1000496c:	00a4      	lsls	r4, r4, #2
1000496e:	e7ec      	b.n	1000494a <timer_task+0x32>
10004970:	20001e94 	.word	0x20001e94
10004974:	20001ee0 	.word	0x20001ee0
10004978:	20001edf 	.word	0x20001edf

1000497c <stdio_usb_in_chars>:
1000497c:	b570      	push	{r4, r5, r6, lr}
1000497e:	0005      	movs	r5, r0
10004980:	2000      	movs	r0, #0
10004982:	000e      	movs	r6, r1
10004984:	f001 fb78 	bl	10006078 <tud_cdc_n_connected>
10004988:	2800      	cmp	r0, #0
1000498a:	d034      	beq.n	100049f6 <stdio_usb_in_chars+0x7a>
1000498c:	2000      	movs	r0, #0
1000498e:	f001 fb89 	bl	100060a4 <tud_cdc_n_available>
10004992:	2800      	cmp	r0, #0
10004994:	d02f      	beq.n	100049f6 <stdio_usb_in_chars+0x7a>
10004996:	f7fc fe2d 	bl	100015f4 <time_us_64>
1000499a:	2300      	movs	r3, #0
1000499c:	4a17      	ldr	r2, [pc, #92]	@ (100049fc <stdio_usb_in_chars+0x80>)
1000499e:	1812      	adds	r2, r2, r0
100049a0:	414b      	adcs	r3, r1
100049a2:	2b00      	cmp	r3, #0
100049a4:	db16      	blt.n	100049d4 <stdio_usb_in_chars+0x58>
100049a6:	4c16      	ldr	r4, [pc, #88]	@ (10004a00 <stdio_usb_in_chars+0x84>)
100049a8:	0020      	movs	r0, r4
100049aa:	f002 fd8d 	bl	100074c8 <__mutex_try_enter_block_until_veneer>
100049ae:	2800      	cmp	r0, #0
100049b0:	d021      	beq.n	100049f6 <stdio_usb_in_chars+0x7a>
100049b2:	2000      	movs	r0, #0
100049b4:	f001 fb60 	bl	10006078 <tud_cdc_n_connected>
100049b8:	2800      	cmp	r0, #0
100049ba:	d10f      	bne.n	100049dc <stdio_usb_in_chars+0x60>
100049bc:	2001      	movs	r0, #1
100049be:	2100      	movs	r1, #0
100049c0:	4240      	negs	r0, r0
100049c2:	f000 fd89 	bl	100054d8 <tud_task_ext>
100049c6:	2503      	movs	r5, #3
100049c8:	426d      	negs	r5, r5
100049ca:	0020      	movs	r0, r4
100049cc:	f002 fd74 	bl	100074b8 <__mutex_exit_veneer>
100049d0:	0028      	movs	r0, r5
100049d2:	bd70      	pop	{r4, r5, r6, pc}
100049d4:	2201      	movs	r2, #1
100049d6:	4b0b      	ldr	r3, [pc, #44]	@ (10004a04 <stdio_usb_in_chars+0x88>)
100049d8:	4252      	negs	r2, r2
100049da:	e7e4      	b.n	100049a6 <stdio_usb_in_chars+0x2a>
100049dc:	2000      	movs	r0, #0
100049de:	f001 fb61 	bl	100060a4 <tud_cdc_n_available>
100049e2:	2800      	cmp	r0, #0
100049e4:	d0ea      	beq.n	100049bc <stdio_usb_in_chars+0x40>
100049e6:	0029      	movs	r1, r5
100049e8:	0032      	movs	r2, r6
100049ea:	2000      	movs	r0, #0
100049ec:	f001 fb64 	bl	100060b8 <tud_cdc_n_read>
100049f0:	1e05      	subs	r5, r0, #0
100049f2:	d1ea      	bne.n	100049ca <stdio_usb_in_chars+0x4e>
100049f4:	e7e7      	b.n	100049c6 <stdio_usb_in_chars+0x4a>
100049f6:	2503      	movs	r5, #3
100049f8:	426d      	negs	r5, r5
100049fa:	e7e9      	b.n	100049d0 <stdio_usb_in_chars+0x54>
100049fc:	000f4240 	.word	0x000f4240
10004a00:	20001eb8 	.word	0x20001eb8
10004a04:	7fffffff 	.word	0x7fffffff

10004a08 <stdio_usb_out_flush>:
10004a08:	b510      	push	{r4, lr}
10004a0a:	f7fc fdf3 	bl	100015f4 <time_us_64>
10004a0e:	2300      	movs	r3, #0
10004a10:	4a0d      	ldr	r2, [pc, #52]	@ (10004a48 <stdio_usb_out_flush+0x40>)
10004a12:	1812      	adds	r2, r2, r0
10004a14:	414b      	adcs	r3, r1
10004a16:	2b00      	cmp	r3, #0
10004a18:	da02      	bge.n	10004a20 <stdio_usb_out_flush+0x18>
10004a1a:	2201      	movs	r2, #1
10004a1c:	4b0b      	ldr	r3, [pc, #44]	@ (10004a4c <stdio_usb_out_flush+0x44>)
10004a1e:	4252      	negs	r2, r2
10004a20:	480b      	ldr	r0, [pc, #44]	@ (10004a50 <stdio_usb_out_flush+0x48>)
10004a22:	f002 fd51 	bl	100074c8 <__mutex_try_enter_block_until_veneer>
10004a26:	2800      	cmp	r0, #0
10004a28:	d00c      	beq.n	10004a44 <stdio_usb_out_flush+0x3c>
10004a2a:	2001      	movs	r0, #1
10004a2c:	2100      	movs	r1, #0
10004a2e:	4240      	negs	r0, r0
10004a30:	f000 fd52 	bl	100054d8 <tud_task_ext>
10004a34:	2000      	movs	r0, #0
10004a36:	f001 fb83 	bl	10006140 <tud_cdc_n_write_flush>
10004a3a:	2800      	cmp	r0, #0
10004a3c:	d1f5      	bne.n	10004a2a <stdio_usb_out_flush+0x22>
10004a3e:	4804      	ldr	r0, [pc, #16]	@ (10004a50 <stdio_usb_out_flush+0x48>)
10004a40:	f002 fd3a 	bl	100074b8 <__mutex_exit_veneer>
10004a44:	bd10      	pop	{r4, pc}
10004a46:	46c0      	nop			@ (mov r8, r8)
10004a48:	000f4240 	.word	0x000f4240
10004a4c:	7fffffff 	.word	0x7fffffff
10004a50:	20001eb8 	.word	0x20001eb8

10004a54 <stdio_usb_out_chars>:
10004a54:	b5f8      	push	{r3, r4, r5, r6, r7, lr}
10004a56:	46ce      	mov	lr, r9
10004a58:	4647      	mov	r7, r8
10004a5a:	b580      	push	{r7, lr}
10004a5c:	0005      	movs	r5, r0
10004a5e:	000c      	movs	r4, r1
10004a60:	f7fc fdc8 	bl	100015f4 <time_us_64>
10004a64:	2300      	movs	r3, #0
10004a66:	4a34      	ldr	r2, [pc, #208]	@ (10004b38 <stdio_usb_out_chars+0xe4>)
10004a68:	1812      	adds	r2, r2, r0
10004a6a:	414b      	adcs	r3, r1
10004a6c:	2b00      	cmp	r3, #0
10004a6e:	da02      	bge.n	10004a76 <stdio_usb_out_chars+0x22>
10004a70:	2201      	movs	r2, #1
10004a72:	4b32      	ldr	r3, [pc, #200]	@ (10004b3c <stdio_usb_out_chars+0xe8>)
10004a74:	4252      	negs	r2, r2
10004a76:	4932      	ldr	r1, [pc, #200]	@ (10004b40 <stdio_usb_out_chars+0xec>)
10004a78:	0008      	movs	r0, r1
10004a7a:	4688      	mov	r8, r1
10004a7c:	f002 fd24 	bl	100074c8 <__mutex_try_enter_block_until_veneer>
10004a80:	2800      	cmp	r0, #0
10004a82:	d103      	bne.n	10004a8c <stdio_usb_out_chars+0x38>
10004a84:	bcc0      	pop	{r6, r7}
10004a86:	46b9      	mov	r9, r7
10004a88:	46b0      	mov	r8, r6
10004a8a:	bdf8      	pop	{r3, r4, r5, r6, r7, pc}
10004a8c:	2000      	movs	r0, #0
10004a8e:	f001 faf3 	bl	10006078 <tud_cdc_n_connected>
10004a92:	2800      	cmp	r0, #0
10004a94:	d048      	beq.n	10004b28 <stdio_usb_out_chars+0xd4>
10004a96:	2600      	movs	r6, #0
10004a98:	2c00      	cmp	r4, #0
10004a9a:	dd41      	ble.n	10004b20 <stdio_usb_out_chars+0xcc>
10004a9c:	4b29      	ldr	r3, [pc, #164]	@ (10004b44 <stdio_usb_out_chars+0xf0>)
10004a9e:	4699      	mov	r9, r3
10004aa0:	e013      	b.n	10004aca <stdio_usb_out_chars+0x76>
10004aa2:	19a9      	adds	r1, r5, r6
10004aa4:	2000      	movs	r0, #0
10004aa6:	f001 fb87 	bl	100061b8 <tud_cdc_n_write>
10004aaa:	0007      	movs	r7, r0
10004aac:	2001      	movs	r0, #1
10004aae:	2100      	movs	r1, #0
10004ab0:	4240      	negs	r0, r0
10004ab2:	f000 fd11 	bl	100054d8 <tud_task_ext>
10004ab6:	2000      	movs	r0, #0
10004ab8:	f001 fb42 	bl	10006140 <tud_cdc_n_write_flush>
10004abc:	f7fc fd9a 	bl	100015f4 <time_us_64>
10004ac0:	4b20      	ldr	r3, [pc, #128]	@ (10004b44 <stdio_usb_out_chars+0xf0>)
10004ac2:	19f6      	adds	r6, r6, r7
10004ac4:	c303      	stmia	r3!, {r0, r1}
10004ac6:	42b4      	cmp	r4, r6
10004ac8:	dd2a      	ble.n	10004b20 <stdio_usb_out_chars+0xcc>
10004aca:	2000      	movs	r0, #0
10004acc:	f001 fb94 	bl	100061f8 <tud_cdc_n_write_available>
10004ad0:	1ba7      	subs	r7, r4, r6
10004ad2:	0002      	movs	r2, r0
10004ad4:	42b8      	cmp	r0, r7
10004ad6:	dd00      	ble.n	10004ada <stdio_usb_out_chars+0x86>
10004ad8:	003a      	movs	r2, r7
10004ada:	2a00      	cmp	r2, #0
10004adc:	d1e1      	bne.n	10004aa2 <stdio_usb_out_chars+0x4e>
10004ade:	2001      	movs	r0, #1
10004ae0:	2100      	movs	r1, #0
10004ae2:	4240      	negs	r0, r0
10004ae4:	f000 fcf8 	bl	100054d8 <tud_task_ext>
10004ae8:	2000      	movs	r0, #0
10004aea:	f001 fb29 	bl	10006140 <tud_cdc_n_write_flush>
10004aee:	2000      	movs	r0, #0
10004af0:	f001 fac2 	bl	10006078 <tud_cdc_n_connected>
10004af4:	2800      	cmp	r0, #0
10004af6:	d013      	beq.n	10004b20 <stdio_usb_out_chars+0xcc>
10004af8:	2000      	movs	r0, #0
10004afa:	f001 fb7d 	bl	100061f8 <tud_cdc_n_write_available>
10004afe:	2800      	cmp	r0, #0
10004b00:	d1e1      	bne.n	10004ac6 <stdio_usb_out_chars+0x72>
10004b02:	f7fc fd77 	bl	100015f4 <time_us_64>
10004b06:	464b      	mov	r3, r9
10004b08:	000f      	movs	r7, r1
10004b0a:	cb0c      	ldmia	r3, {r2, r3}
10004b0c:	2100      	movs	r1, #0
10004b0e:	4684      	mov	ip, r0
10004b10:	480d      	ldr	r0, [pc, #52]	@ (10004b48 <stdio_usb_out_chars+0xf4>)
10004b12:	1812      	adds	r2, r2, r0
10004b14:	414b      	adcs	r3, r1
10004b16:	429f      	cmp	r7, r3
10004b18:	d802      	bhi.n	10004b20 <stdio_usb_out_chars+0xcc>
10004b1a:	d1d4      	bne.n	10004ac6 <stdio_usb_out_chars+0x72>
10004b1c:	4594      	cmp	ip, r2
10004b1e:	d9d2      	bls.n	10004ac6 <stdio_usb_out_chars+0x72>
10004b20:	4640      	mov	r0, r8
10004b22:	f002 fcc9 	bl	100074b8 <__mutex_exit_veneer>
10004b26:	e7ad      	b.n	10004a84 <stdio_usb_out_chars+0x30>
10004b28:	2000      	movs	r0, #0
10004b2a:	2100      	movs	r1, #0
10004b2c:	4b05      	ldr	r3, [pc, #20]	@ (10004b44 <stdio_usb_out_chars+0xf0>)
10004b2e:	c303      	stmia	r3!, {r0, r1}
10004b30:	4640      	mov	r0, r8
10004b32:	f002 fcc1 	bl	100074b8 <__mutex_exit_veneer>
10004b36:	e7a5      	b.n	10004a84 <stdio_usb_out_chars+0x30>
10004b38:	000f4240 	.word	0x000f4240
10004b3c:	7fffffff 	.word	0x7fffffff
10004b40:	20001eb8 	.word	0x20001eb8
10004b44:	20001300 	.word	0x20001300
10004b48:	0007a120 	.word	0x0007a120

10004b4c <low_priority_worker_irq>:
10004b4c:	b530      	push	{r4, r5, lr}
10004b4e:	2100      	movs	r1, #0
10004b50:	b085      	sub	sp, #20
10004b52:	4828      	ldr	r0, [pc, #160]	@ (10004bf4 <low_priority_worker_irq+0xa8>)
10004b54:	f002 fca8 	bl	100074a8 <__mutex_try_enter_veneer>
10004b58:	2800      	cmp	r0, #0
10004b5a:	d11c      	bne.n	10004b96 <low_priority_worker_irq+0x4a>
10004b5c:	4b26      	ldr	r3, [pc, #152]	@ (10004bf8 <low_priority_worker_irq+0xac>)
10004b5e:	681a      	ldr	r2, [r3, #0]
10004b60:	2a00      	cmp	r2, #0
10004b62:	d016      	beq.n	10004b92 <low_priority_worker_irq+0x46>
10004b64:	f3ef 8110 	mrs	r1, PRIMASK
10004b68:	b672      	cpsid	i
10004b6a:	6810      	ldr	r0, [r2, #0]
10004b6c:	2800      	cmp	r0, #0
10004b6e:	d0fc      	beq.n	10004b6a <low_priority_worker_irq+0x1e>
10004b70:	f3bf 8f5f 	dmb	sy
10004b74:	2401      	movs	r4, #1
10004b76:	4821      	ldr	r0, [pc, #132]	@ (10004bfc <low_priority_worker_irq+0xb0>)
10004b78:	6059      	str	r1, [r3, #4]
10004b7a:	7802      	ldrb	r2, [r0, #0]
10004b7c:	681b      	ldr	r3, [r3, #0]
10004b7e:	b2d2      	uxtb	r2, r2
10004b80:	7004      	strb	r4, [r0, #0]
10004b82:	f3bf 8f5f 	dmb	sy
10004b86:	2000      	movs	r0, #0
10004b88:	6018      	str	r0, [r3, #0]
10004b8a:	f381 8810 	msr	PRIMASK, r1
10004b8e:	2a00      	cmp	r2, #0
10004b90:	d017      	beq.n	10004bc2 <low_priority_worker_irq+0x76>
10004b92:	b005      	add	sp, #20
10004b94:	bd30      	pop	{r4, r5, pc}
10004b96:	2001      	movs	r0, #1
10004b98:	2100      	movs	r1, #0
10004b9a:	4240      	negs	r0, r0
10004b9c:	f000 fc9c 	bl	100054d8 <tud_task_ext>
10004ba0:	2000      	movs	r0, #0
10004ba2:	f001 fa7f 	bl	100060a4 <tud_cdc_n_available>
10004ba6:	0005      	movs	r5, r0
10004ba8:	4812      	ldr	r0, [pc, #72]	@ (10004bf4 <low_priority_worker_irq+0xa8>)
10004baa:	f002 fc85 	bl	100074b8 <__mutex_exit_veneer>
10004bae:	2d00      	cmp	r5, #0
10004bb0:	d0ef      	beq.n	10004b92 <low_priority_worker_irq+0x46>
10004bb2:	4b13      	ldr	r3, [pc, #76]	@ (10004c00 <low_priority_worker_irq+0xb4>)
10004bb4:	681b      	ldr	r3, [r3, #0]
10004bb6:	2b00      	cmp	r3, #0
10004bb8:	d0eb      	beq.n	10004b92 <low_priority_worker_irq+0x46>
10004bba:	4a12      	ldr	r2, [pc, #72]	@ (10004c04 <low_priority_worker_irq+0xb8>)
10004bbc:	6810      	ldr	r0, [r2, #0]
10004bbe:	4798      	blx	r3
10004bc0:	e7e7      	b.n	10004b92 <low_priority_worker_irq+0x46>
10004bc2:	f7fc fb0d 	bl	100011e0 <alarm_pool_get_default>
10004bc6:	0004      	movs	r4, r0
10004bc8:	f7fc fd14 	bl	100015f4 <time_us_64>
10004bcc:	22fa      	movs	r2, #250	@ 0xfa
10004bce:	2300      	movs	r3, #0
10004bd0:	0092      	lsls	r2, r2, #2
10004bd2:	1812      	adds	r2, r2, r0
10004bd4:	414b      	adcs	r3, r1
10004bd6:	2b00      	cmp	r3, #0
10004bd8:	da02      	bge.n	10004be0 <low_priority_worker_irq+0x94>
10004bda:	2201      	movs	r2, #1
10004bdc:	4b0a      	ldr	r3, [pc, #40]	@ (10004c08 <low_priority_worker_irq+0xbc>)
10004bde:	4252      	negs	r2, r2
10004be0:	2101      	movs	r1, #1
10004be2:	9102      	str	r1, [sp, #8]
10004be4:	2100      	movs	r1, #0
10004be6:	9101      	str	r1, [sp, #4]
10004be8:	4908      	ldr	r1, [pc, #32]	@ (10004c0c <low_priority_worker_irq+0xc0>)
10004bea:	0020      	movs	r0, r4
10004bec:	9100      	str	r1, [sp, #0]
10004bee:	f7fc fafb 	bl	100011e8 <alarm_pool_add_alarm_at>
10004bf2:	e7ce      	b.n	10004b92 <low_priority_worker_irq+0x46>
10004bf4:	20001eb8 	.word	0x20001eb8
10004bf8:	20001e94 	.word	0x20001e94
10004bfc:	20001ee0 	.word	0x20001ee0
10004c00:	20001a14 	.word	0x20001a14
10004c04:	20001a1c 	.word	0x20001a1c
10004c08:	7fffffff 	.word	0x7fffffff
10004c0c:	10004919 	.word	0x10004919

10004c10 <stdio_usb_init>:
10004c10:	23d0      	movs	r3, #208	@ 0xd0
10004c12:	b510      	push	{r4, lr}
10004c14:	061b      	lsls	r3, r3, #24
10004c16:	b084      	sub	sp, #16
10004c18:	681c      	ldr	r4, [r3, #0]
10004c1a:	f7fc fae1 	bl	100011e0 <alarm_pool_get_default>
10004c1e:	f7fc fbe1 	bl	100013e4 <alarm_pool_core_num>
10004c22:	42a0      	cmp	r0, r4
10004c24:	d002      	beq.n	10004c2c <stdio_usb_init+0x1c>
10004c26:	2000      	movs	r0, #0
10004c28:	b004      	add	sp, #16
10004c2a:	bd10      	pop	{r4, pc}
10004c2c:	4b28      	ldr	r3, [pc, #160]	@ (10004cd0 <stdio_usb_init+0xc0>)
10004c2e:	2100      	movs	r1, #0
10004c30:	2000      	movs	r0, #0
10004c32:	781b      	ldrb	r3, [r3, #0]
10004c34:	f001 fca6 	bl	10006584 <tusb_rhport_init>
10004c38:	4826      	ldr	r0, [pc, #152]	@ (10004cd4 <stdio_usb_init+0xc4>)
10004c3a:	6803      	ldr	r3, [r0, #0]
10004c3c:	2b00      	cmp	r3, #0
10004c3e:	d044      	beq.n	10004cca <stdio_usb_init+0xba>
10004c40:	2001      	movs	r0, #1
10004c42:	f7fc f865 	bl	10000d10 <user_irq_claim_unused>
10004c46:	23ff      	movs	r3, #255	@ 0xff
10004c48:	4c23      	ldr	r4, [pc, #140]	@ (10004cd8 <stdio_usb_init+0xc8>)
10004c4a:	4924      	ldr	r1, [pc, #144]	@ (10004cdc <stdio_usb_init+0xcc>)
10004c4c:	7020      	strb	r0, [r4, #0]
10004c4e:	4018      	ands	r0, r3
10004c50:	f7fb fe14 	bl	1000087c <irq_set_exclusive_handler>
10004c54:	7820      	ldrb	r0, [r4, #0]
10004c56:	2101      	movs	r1, #1
10004c58:	f7fb fdd8 	bl	1000080c <irq_set_enabled>
10004c5c:	2005      	movs	r0, #5
10004c5e:	f7fb fdfd 	bl	1000085c <irq_has_shared_handler>
10004c62:	2800      	cmp	r0, #0
10004c64:	d124      	bne.n	10004cb0 <stdio_usb_init+0xa0>
10004c66:	2208      	movs	r2, #8
10004c68:	2100      	movs	r1, #0
10004c6a:	481d      	ldr	r0, [pc, #116]	@ (10004ce0 <stdio_usb_init+0xd0>)
10004c6c:	f7fd ff76 	bl	10002b5c <__wrap_memset>
10004c70:	f7fc fab6 	bl	100011e0 <alarm_pool_get_default>
10004c74:	0004      	movs	r4, r0
10004c76:	f7fc fcbd 	bl	100015f4 <time_us_64>
10004c7a:	22fa      	movs	r2, #250	@ 0xfa
10004c7c:	2300      	movs	r3, #0
10004c7e:	0092      	lsls	r2, r2, #2
10004c80:	1812      	adds	r2, r2, r0
10004c82:	414b      	adcs	r3, r1
10004c84:	2b00      	cmp	r3, #0
10004c86:	da02      	bge.n	10004c8e <stdio_usb_init+0x7e>
10004c88:	2201      	movs	r2, #1
10004c8a:	4b16      	ldr	r3, [pc, #88]	@ (10004ce4 <stdio_usb_init+0xd4>)
10004c8c:	4252      	negs	r2, r2
10004c8e:	2101      	movs	r1, #1
10004c90:	9102      	str	r1, [sp, #8]
10004c92:	2100      	movs	r1, #0
10004c94:	9101      	str	r1, [sp, #4]
10004c96:	4914      	ldr	r1, [pc, #80]	@ (10004ce8 <stdio_usb_init+0xd8>)
10004c98:	0020      	movs	r0, r4
10004c9a:	9100      	str	r1, [sp, #0]
10004c9c:	f7fc faa4 	bl	100011e8 <alarm_pool_add_alarm_at>
10004ca0:	2800      	cmp	r0, #0
10004ca2:	dbc0      	blt.n	10004c26 <stdio_usb_init+0x16>
10004ca4:	4811      	ldr	r0, [pc, #68]	@ (10004cec <stdio_usb_init+0xdc>)
10004ca6:	2101      	movs	r1, #1
10004ca8:	f7ff fc38 	bl	1000451c <stdio_set_driver_enabled>
10004cac:	2001      	movs	r0, #1
10004cae:	e7bb      	b.n	10004c28 <stdio_usb_init+0x18>
10004cb0:	2001      	movs	r0, #1
10004cb2:	f7fb fd69 	bl	10000788 <spin_lock_claim_unused>
10004cb6:	0001      	movs	r1, r0
10004cb8:	4809      	ldr	r0, [pc, #36]	@ (10004ce0 <stdio_usb_init+0xd0>)
10004cba:	f7fc f889 	bl	10000dd0 <critical_section_init_with_lock_num>
10004cbe:	2200      	movs	r2, #0
10004cc0:	2005      	movs	r0, #5
10004cc2:	490b      	ldr	r1, [pc, #44]	@ (10004cf0 <stdio_usb_init+0xe0>)
10004cc4:	f7fb fe04 	bl	100008d0 <irq_add_shared_handler>
10004cc8:	e7ec      	b.n	10004ca4 <stdio_usb_init+0x94>
10004cca:	f7fc f865 	bl	10000d98 <mutex_init>
10004cce:	e7b7      	b.n	10004c40 <stdio_usb_init+0x30>
10004cd0:	10007fe4 	.word	0x10007fe4
10004cd4:	20001eb8 	.word	0x20001eb8
10004cd8:	20001edf 	.word	0x20001edf
10004cdc:	10004b4d 	.word	0x10004b4d
10004ce0:	20001e94 	.word	0x20001e94
10004ce4:	7fffffff 	.word	0x7fffffff
10004ce8:	10004919 	.word	0x10004919
10004cec:	20001068 	.word	0x20001068
10004cf0:	10004909 	.word	0x10004909

10004cf4 <tud_descriptor_device_cb>:
10004cf4:	4800      	ldr	r0, [pc, #0]	@ (10004cf8 <tud_descriptor_device_cb+0x4>)
10004cf6:	4770      	bx	lr
10004cf8:	10007d98 	.word	0x10007d98

10004cfc <tud_descriptor_configuration_cb>:
10004cfc:	4800      	ldr	r0, [pc, #0]	@ (10004d00 <tud_descriptor_configuration_cb+0x4>)
10004cfe:	4770      	bx	lr
10004d00:	10007d44 	.word	0x10007d44

10004d04 <tud_descriptor_string_cb>:
10004d04:	b510      	push	{r4, lr}
10004d06:	0004      	movs	r4, r0
10004d08:	4816      	ldr	r0, [pc, #88]	@ (10004d64 <tud_descriptor_string_cb+0x60>)
10004d0a:	7803      	ldrb	r3, [r0, #0]
10004d0c:	2b00      	cmp	r3, #0
10004d0e:	d020      	beq.n	10004d52 <tud_descriptor_string_cb+0x4e>
10004d10:	2c00      	cmp	r4, #0
10004d12:	d106      	bne.n	10004d22 <tud_descriptor_string_cb+0x1e>
10004d14:	4b14      	ldr	r3, [pc, #80]	@ (10004d68 <tud_descriptor_string_cb+0x64>)
10004d16:	4815      	ldr	r0, [pc, #84]	@ (10004d6c <tud_descriptor_string_cb+0x68>)
10004d18:	8043      	strh	r3, [r0, #2]
10004d1a:	3b06      	subs	r3, #6
10004d1c:	3bff      	subs	r3, #255	@ 0xff
10004d1e:	8003      	strh	r3, [r0, #0]
10004d20:	bd10      	pop	{r4, pc}
10004d22:	2c05      	cmp	r4, #5
10004d24:	d81c      	bhi.n	10004d60 <tud_descriptor_string_cb+0x5c>
10004d26:	4b12      	ldr	r3, [pc, #72]	@ (10004d70 <tud_descriptor_string_cb+0x6c>)
10004d28:	00a4      	lsls	r4, r4, #2
10004d2a:	58e4      	ldr	r4, [r4, r3]
10004d2c:	480f      	ldr	r0, [pc, #60]	@ (10004d6c <tud_descriptor_string_cb+0x68>)
10004d2e:	2301      	movs	r3, #1
10004d30:	1c81      	adds	r1, r0, #2
10004d32:	3c01      	subs	r4, #1
10004d34:	e004      	b.n	10004d40 <tud_descriptor_string_cb+0x3c>
10004d36:	3301      	adds	r3, #1
10004d38:	800a      	strh	r2, [r1, #0]
10004d3a:	3102      	adds	r1, #2
10004d3c:	2b14      	cmp	r3, #20
10004d3e:	d00c      	beq.n	10004d5a <tud_descriptor_string_cb+0x56>
10004d40:	5ce2      	ldrb	r2, [r4, r3]
10004d42:	2a00      	cmp	r2, #0
10004d44:	d1f7      	bne.n	10004d36 <tud_descriptor_string_cb+0x32>
10004d46:	22c0      	movs	r2, #192	@ 0xc0
10004d48:	b2db      	uxtb	r3, r3
10004d4a:	005b      	lsls	r3, r3, #1
10004d4c:	0092      	lsls	r2, r2, #2
10004d4e:	4313      	orrs	r3, r2
10004d50:	e7e5      	b.n	10004d1e <tud_descriptor_string_cb+0x1a>
10004d52:	2111      	movs	r1, #17
10004d54:	f000 f816 	bl	10004d84 <pico_get_unique_board_id_string>
10004d58:	e7da      	b.n	10004d10 <tud_descriptor_string_cb+0xc>
10004d5a:	23ca      	movs	r3, #202	@ 0xca
10004d5c:	009b      	lsls	r3, r3, #2
10004d5e:	e7de      	b.n	10004d1e <tud_descriptor_string_cb+0x1a>
10004d60:	2000      	movs	r0, #0
10004d62:	e7dd      	b.n	10004d20 <tud_descriptor_string_cb+0x1c>
10004d64:	20001ec8 	.word	0x20001ec8
10004d68:	00000409 	.word	0x00000409
10004d6c:	20001a50 	.word	0x20001a50
10004d70:	10007d2c 	.word	0x10007d2c

10004d74 <_retrieve_unique_id_on_boot>:
10004d74:	b510      	push	{r4, lr}
10004d76:	4802      	ldr	r0, [pc, #8]	@ (10004d80 <_retrieve_unique_id_on_boot+0xc>)
10004d78:	f000 f8f4 	bl	10004f64 <flash_get_unique_id>
10004d7c:	bd10      	pop	{r4, pc}
10004d7e:	46c0      	nop			@ (mov r8, r8)
10004d80:	20001eac 	.word	0x20001eac

10004d84 <pico_get_unique_board_id_string>:
10004d84:	b530      	push	{r4, r5, lr}
10004d86:	2901      	cmp	r1, #1
10004d88:	d100      	bne.n	10004d8c <pico_get_unique_board_id_string+0x8>
10004d8a:	e0bb      	b.n	10004f04 <pico_get_unique_board_id_string+0x180>
10004d8c:	4b74      	ldr	r3, [pc, #464]	@ (10004f60 <pico_get_unique_board_id_string+0x1dc>)
10004d8e:	3901      	subs	r1, #1
10004d90:	781a      	ldrb	r2, [r3, #0]
10004d92:	1112      	asrs	r2, r2, #4
10004d94:	0014      	movs	r4, r2
10004d96:	3430      	adds	r4, #48	@ 0x30
10004d98:	2a09      	cmp	r2, #9
10004d9a:	dd00      	ble.n	10004d9e <pico_get_unique_board_id_string+0x1a>
10004d9c:	e0b5      	b.n	10004f0a <pico_get_unique_board_id_string+0x186>
10004d9e:	7004      	strb	r4, [r0, #0]
10004da0:	2901      	cmp	r1, #1
10004da2:	d100      	bne.n	10004da6 <pico_get_unique_board_id_string+0x22>
10004da4:	e0da      	b.n	10004f5c <pico_get_unique_board_id_string+0x1d8>
10004da6:	220f      	movs	r2, #15
10004da8:	781c      	ldrb	r4, [r3, #0]
10004daa:	4022      	ands	r2, r4
10004dac:	0014      	movs	r4, r2
10004dae:	3430      	adds	r4, #48	@ 0x30
10004db0:	2a09      	cmp	r2, #9
10004db2:	d900      	bls.n	10004db6 <pico_get_unique_board_id_string+0x32>
10004db4:	e0ac      	b.n	10004f10 <pico_get_unique_board_id_string+0x18c>
10004db6:	7044      	strb	r4, [r0, #1]
10004db8:	2902      	cmp	r1, #2
10004dba:	d100      	bne.n	10004dbe <pico_get_unique_board_id_string+0x3a>
10004dbc:	e0ce      	b.n	10004f5c <pico_get_unique_board_id_string+0x1d8>
10004dbe:	785a      	ldrb	r2, [r3, #1]
10004dc0:	4694      	mov	ip, r2
10004dc2:	1112      	asrs	r2, r2, #4
10004dc4:	0014      	movs	r4, r2
10004dc6:	3430      	adds	r4, #48	@ 0x30
10004dc8:	2a09      	cmp	r2, #9
10004dca:	dd00      	ble.n	10004dce <pico_get_unique_board_id_string+0x4a>
10004dcc:	e0a3      	b.n	10004f16 <pico_get_unique_board_id_string+0x192>
10004dce:	7084      	strb	r4, [r0, #2]
10004dd0:	2903      	cmp	r1, #3
10004dd2:	d100      	bne.n	10004dd6 <pico_get_unique_board_id_string+0x52>
10004dd4:	e0c2      	b.n	10004f5c <pico_get_unique_board_id_string+0x1d8>
10004dd6:	4664      	mov	r4, ip
10004dd8:	220f      	movs	r2, #15
10004dda:	4022      	ands	r2, r4
10004ddc:	0014      	movs	r4, r2
10004dde:	3430      	adds	r4, #48	@ 0x30
10004de0:	2a09      	cmp	r2, #9
10004de2:	d900      	bls.n	10004de6 <pico_get_unique_board_id_string+0x62>
10004de4:	e09a      	b.n	10004f1c <pico_get_unique_board_id_string+0x198>
10004de6:	70c4      	strb	r4, [r0, #3]
10004de8:	2904      	cmp	r1, #4
10004dea:	d100      	bne.n	10004dee <pico_get_unique_board_id_string+0x6a>
10004dec:	e0b6      	b.n	10004f5c <pico_get_unique_board_id_string+0x1d8>
10004dee:	789a      	ldrb	r2, [r3, #2]
10004df0:	4694      	mov	ip, r2
10004df2:	1112      	asrs	r2, r2, #4
10004df4:	0014      	movs	r4, r2
10004df6:	3430      	adds	r4, #48	@ 0x30
10004df8:	2a09      	cmp	r2, #9
10004dfa:	dd00      	ble.n	10004dfe <pico_get_unique_board_id_string+0x7a>
10004dfc:	e091      	b.n	10004f22 <pico_get_unique_board_id_string+0x19e>
10004dfe:	7104      	strb	r4, [r0, #4]
10004e00:	2905      	cmp	r1, #5
10004e02:	d100      	bne.n	10004e06 <pico_get_unique_board_id_string+0x82>
10004e04:	e0aa      	b.n	10004f5c <pico_get_unique_board_id_string+0x1d8>
10004e06:	4664      	mov	r4, ip
10004e08:	220f      	movs	r2, #15
10004e0a:	4022      	ands	r2, r4
10004e0c:	0014      	movs	r4, r2
10004e0e:	3430      	adds	r4, #48	@ 0x30
10004e10:	2a09      	cmp	r2, #9
10004e12:	d900      	bls.n	10004e16 <pico_get_unique_board_id_string+0x92>
10004e14:	e088      	b.n	10004f28 <pico_get_unique_board_id_string+0x1a4>
10004e16:	7144      	strb	r4, [r0, #5]
10004e18:	2906      	cmp	r1, #6
10004e1a:	d100      	bne.n	10004e1e <pico_get_unique_board_id_string+0x9a>
10004e1c:	e09e      	b.n	10004f5c <pico_get_unique_board_id_string+0x1d8>
10004e1e:	2530      	movs	r5, #48	@ 0x30
10004e20:	46ac      	mov	ip, r5
10004e22:	78dc      	ldrb	r4, [r3, #3]
10004e24:	1122      	asrs	r2, r4, #4
10004e26:	4494      	add	ip, r2
10004e28:	2a09      	cmp	r2, #9
10004e2a:	dd00      	ble.n	10004e2e <pico_get_unique_board_id_string+0xaa>
10004e2c:	e07f      	b.n	10004f2e <pico_get_unique_board_id_string+0x1aa>
10004e2e:	4662      	mov	r2, ip
10004e30:	7182      	strb	r2, [r0, #6]
10004e32:	2907      	cmp	r1, #7
10004e34:	d100      	bne.n	10004e38 <pico_get_unique_board_id_string+0xb4>
10004e36:	e091      	b.n	10004f5c <pico_get_unique_board_id_string+0x1d8>
10004e38:	220f      	movs	r2, #15
10004e3a:	4022      	ands	r2, r4
10004e3c:	0014      	movs	r4, r2
10004e3e:	3430      	adds	r4, #48	@ 0x30
10004e40:	2a09      	cmp	r2, #9
10004e42:	d900      	bls.n	10004e46 <pico_get_unique_board_id_string+0xc2>
10004e44:	e077      	b.n	10004f36 <pico_get_unique_board_id_string+0x1b2>
10004e46:	71c4      	strb	r4, [r0, #7]
10004e48:	2908      	cmp	r1, #8
10004e4a:	d100      	bne.n	10004e4e <pico_get_unique_board_id_string+0xca>
10004e4c:	e086      	b.n	10004f5c <pico_get_unique_board_id_string+0x1d8>
10004e4e:	2530      	movs	r5, #48	@ 0x30
10004e50:	46ac      	mov	ip, r5
10004e52:	791c      	ldrb	r4, [r3, #4]
10004e54:	1122      	asrs	r2, r4, #4
10004e56:	4494      	add	ip, r2
10004e58:	2a09      	cmp	r2, #9
10004e5a:	dd00      	ble.n	10004e5e <pico_get_unique_board_id_string+0xda>
10004e5c:	e06e      	b.n	10004f3c <pico_get_unique_board_id_string+0x1b8>
10004e5e:	4662      	mov	r2, ip
10004e60:	7202      	strb	r2, [r0, #8]
10004e62:	2909      	cmp	r1, #9
10004e64:	d100      	bne.n	10004e68 <pico_get_unique_board_id_string+0xe4>
10004e66:	e079      	b.n	10004f5c <pico_get_unique_board_id_string+0x1d8>
10004e68:	220f      	movs	r2, #15
10004e6a:	4022      	ands	r2, r4
10004e6c:	0014      	movs	r4, r2
10004e6e:	3430      	adds	r4, #48	@ 0x30
10004e70:	2a09      	cmp	r2, #9
10004e72:	d867      	bhi.n	10004f44 <pico_get_unique_board_id_string+0x1c0>
10004e74:	7244      	strb	r4, [r0, #9]
10004e76:	290a      	cmp	r1, #10
10004e78:	d100      	bne.n	10004e7c <pico_get_unique_board_id_string+0xf8>
10004e7a:	e06f      	b.n	10004f5c <pico_get_unique_board_id_string+0x1d8>
10004e7c:	2530      	movs	r5, #48	@ 0x30
10004e7e:	46ac      	mov	ip, r5
10004e80:	795c      	ldrb	r4, [r3, #5]
10004e82:	1122      	asrs	r2, r4, #4
10004e84:	4494      	add	ip, r2
10004e86:	2a09      	cmp	r2, #9
10004e88:	dc5f      	bgt.n	10004f4a <pico_get_unique_board_id_string+0x1c6>
10004e8a:	4662      	mov	r2, ip
10004e8c:	7282      	strb	r2, [r0, #10]
10004e8e:	290b      	cmp	r1, #11
10004e90:	d064      	beq.n	10004f5c <pico_get_unique_board_id_string+0x1d8>
10004e92:	220f      	movs	r2, #15
10004e94:	4022      	ands	r2, r4
10004e96:	0014      	movs	r4, r2
10004e98:	3430      	adds	r4, #48	@ 0x30
10004e9a:	2a09      	cmp	r2, #9
10004e9c:	d859      	bhi.n	10004f52 <pico_get_unique_board_id_string+0x1ce>
10004e9e:	72c4      	strb	r4, [r0, #11]
10004ea0:	290c      	cmp	r1, #12
10004ea2:	d05b      	beq.n	10004f5c <pico_get_unique_board_id_string+0x1d8>
10004ea4:	2530      	movs	r5, #48	@ 0x30
10004ea6:	46ac      	mov	ip, r5
10004ea8:	799c      	ldrb	r4, [r3, #6]
10004eaa:	1122      	asrs	r2, r4, #4
10004eac:	4494      	add	ip, r2
10004eae:	2a09      	cmp	r2, #9
10004eb0:	dd02      	ble.n	10004eb8 <pico_get_unique_board_id_string+0x134>
10004eb2:	3507      	adds	r5, #7
10004eb4:	46ac      	mov	ip, r5
10004eb6:	4494      	add	ip, r2
10004eb8:	4662      	mov	r2, ip
10004eba:	7302      	strb	r2, [r0, #12]
10004ebc:	290d      	cmp	r1, #13
10004ebe:	d04d      	beq.n	10004f5c <pico_get_unique_board_id_string+0x1d8>
10004ec0:	220f      	movs	r2, #15
10004ec2:	4022      	ands	r2, r4
10004ec4:	0014      	movs	r4, r2
10004ec6:	3430      	adds	r4, #48	@ 0x30
10004ec8:	2a09      	cmp	r2, #9
10004eca:	d901      	bls.n	10004ed0 <pico_get_unique_board_id_string+0x14c>
10004ecc:	3237      	adds	r2, #55	@ 0x37
10004ece:	0014      	movs	r4, r2
10004ed0:	7344      	strb	r4, [r0, #13]
10004ed2:	290e      	cmp	r1, #14
10004ed4:	d042      	beq.n	10004f5c <pico_get_unique_board_id_string+0x1d8>
10004ed6:	79da      	ldrb	r2, [r3, #7]
10004ed8:	1113      	asrs	r3, r2, #4
10004eda:	001c      	movs	r4, r3
10004edc:	3430      	adds	r4, #48	@ 0x30
10004ede:	2b09      	cmp	r3, #9
10004ee0:	dd01      	ble.n	10004ee6 <pico_get_unique_board_id_string+0x162>
10004ee2:	3337      	adds	r3, #55	@ 0x37
10004ee4:	001c      	movs	r4, r3
10004ee6:	7384      	strb	r4, [r0, #14]
10004ee8:	290f      	cmp	r1, #15
10004eea:	d037      	beq.n	10004f5c <pico_get_unique_board_id_string+0x1d8>
10004eec:	230f      	movs	r3, #15
10004eee:	4013      	ands	r3, r2
10004ef0:	001a      	movs	r2, r3
10004ef2:	3237      	adds	r2, #55	@ 0x37
10004ef4:	2b09      	cmp	r3, #9
10004ef6:	d801      	bhi.n	10004efc <pico_get_unique_board_id_string+0x178>
10004ef8:	3330      	adds	r3, #48	@ 0x30
10004efa:	001a      	movs	r2, r3
10004efc:	73c2      	strb	r2, [r0, #15]
10004efe:	2910      	cmp	r1, #16
10004f00:	d02c      	beq.n	10004f5c <pico_get_unique_board_id_string+0x1d8>
10004f02:	3010      	adds	r0, #16
10004f04:	2300      	movs	r3, #0
10004f06:	7003      	strb	r3, [r0, #0]
10004f08:	bd30      	pop	{r4, r5, pc}
10004f0a:	3237      	adds	r2, #55	@ 0x37
10004f0c:	0014      	movs	r4, r2
10004f0e:	e746      	b.n	10004d9e <pico_get_unique_board_id_string+0x1a>
10004f10:	3237      	adds	r2, #55	@ 0x37
10004f12:	0014      	movs	r4, r2
10004f14:	e74f      	b.n	10004db6 <pico_get_unique_board_id_string+0x32>
10004f16:	3237      	adds	r2, #55	@ 0x37
10004f18:	0014      	movs	r4, r2
10004f1a:	e758      	b.n	10004dce <pico_get_unique_board_id_string+0x4a>
10004f1c:	3237      	adds	r2, #55	@ 0x37
10004f1e:	0014      	movs	r4, r2
10004f20:	e761      	b.n	10004de6 <pico_get_unique_board_id_string+0x62>
10004f22:	3237      	adds	r2, #55	@ 0x37
10004f24:	0014      	movs	r4, r2
10004f26:	e76a      	b.n	10004dfe <pico_get_unique_board_id_string+0x7a>
10004f28:	3237      	adds	r2, #55	@ 0x37
10004f2a:	0014      	movs	r4, r2
10004f2c:	e773      	b.n	10004e16 <pico_get_unique_board_id_string+0x92>
10004f2e:	3507      	adds	r5, #7
10004f30:	46ac      	mov	ip, r5
10004f32:	4494      	add	ip, r2
10004f34:	e77b      	b.n	10004e2e <pico_get_unique_board_id_string+0xaa>
10004f36:	3237      	adds	r2, #55	@ 0x37
10004f38:	0014      	movs	r4, r2
10004f3a:	e784      	b.n	10004e46 <pico_get_unique_board_id_string+0xc2>
10004f3c:	3507      	adds	r5, #7
10004f3e:	46ac      	mov	ip, r5
10004f40:	4494      	add	ip, r2
10004f42:	e78c      	b.n	10004e5e <pico_get_unique_board_id_string+0xda>
10004f44:	3237      	adds	r2, #55	@ 0x37
10004f46:	0014      	movs	r4, r2
10004f48:	e794      	b.n	10004e74 <pico_get_unique_board_id_string+0xf0>
10004f4a:	3507      	adds	r5, #7
10004f4c:	46ac      	mov	ip, r5
10004f4e:	4494      	add	ip, r2
10004f50:	e79b      	b.n	10004e8a <pico_get_unique_board_id_string+0x106>
10004f52:	3237      	adds	r2, #55	@ 0x37
10004f54:	0014      	movs	r4, r2
10004f56:	72c4      	strb	r4, [r0, #11]
10004f58:	290c      	cmp	r1, #12
10004f5a:	d1a3      	bne.n	10004ea4 <pico_get_unique_board_id_string+0x120>
10004f5c:	1840      	adds	r0, r0, r1
10004f5e:	e7d1      	b.n	10004f04 <pico_get_unique_board_id_string+0x180>
10004f60:	20001eac 	.word	0x20001eac

10004f64 <flash_get_unique_id>:
10004f64:	b510      	push	{r4, lr}
10004f66:	b088      	sub	sp, #32
10004f68:	0004      	movs	r4, r0
10004f6a:	220d      	movs	r2, #13
10004f6c:	2100      	movs	r1, #0
10004f6e:	4668      	mov	r0, sp
10004f70:	f7fd fdf4 	bl	10002b5c <__wrap_memset>
10004f74:	220d      	movs	r2, #13
10004f76:	2100      	movs	r1, #0
10004f78:	a804      	add	r0, sp, #16
10004f7a:	f7fd fdef 	bl	10002b5c <__wrap_memset>
10004f7e:	466a      	mov	r2, sp
10004f80:	234b      	movs	r3, #75	@ 0x4b
10004f82:	4668      	mov	r0, sp
10004f84:	7013      	strb	r3, [r2, #0]
10004f86:	a904      	add	r1, sp, #16
10004f88:	2300      	movs	r3, #0
10004f8a:	220d      	movs	r2, #13
10004f8c:	f002 fab4 	bl	100074f8 <__flash_do_cmd_cs_veneer>
10004f90:	2115      	movs	r1, #21
10004f92:	2208      	movs	r2, #8
10004f94:	0020      	movs	r0, r4
10004f96:	4469      	add	r1, sp
10004f98:	f7fd fde6 	bl	10002b68 <__wrap___aeabi_memcpy>
10004f9c:	b008      	add	sp, #32
10004f9e:	bd10      	pop	{r4, pc}

10004fa0 <usb_reset_interface_init>:
10004fa0:	4770      	bx	lr
10004fa2:	46c0      	nop			@ (mov r8, r8)

10004fa4 <usb_reset_interface_reset>:
10004fa4:	2200      	movs	r2, #0
10004fa6:	4b01      	ldr	r3, [pc, #4]	@ (10004fac <usb_reset_interface_reset+0x8>)
10004fa8:	701a      	strb	r2, [r3, #0]
10004faa:	4770      	bx	lr
10004fac:	20001ede 	.word	0x20001ede

10004fb0 <usb_reset_interface_open>:
10004fb0:	794b      	ldrb	r3, [r1, #5]
10004fb2:	2000      	movs	r0, #0
10004fb4:	2bff      	cmp	r3, #255	@ 0xff
10004fb6:	d10b      	bne.n	10004fd0 <usb_reset_interface_open+0x20>
10004fb8:	798b      	ldrb	r3, [r1, #6]
10004fba:	2b00      	cmp	r3, #0
10004fbc:	d108      	bne.n	10004fd0 <usb_reset_interface_open+0x20>
10004fbe:	79cb      	ldrb	r3, [r1, #7]
10004fc0:	2b01      	cmp	r3, #1
10004fc2:	d105      	bne.n	10004fd0 <usb_reset_interface_open+0x20>
10004fc4:	2a08      	cmp	r2, #8
10004fc6:	d903      	bls.n	10004fd0 <usb_reset_interface_open+0x20>
10004fc8:	4b02      	ldr	r3, [pc, #8]	@ (10004fd4 <usb_reset_interface_open+0x24>)
10004fca:	788a      	ldrb	r2, [r1, #2]
10004fcc:	3009      	adds	r0, #9
10004fce:	701a      	strb	r2, [r3, #0]
10004fd0:	4770      	bx	lr
10004fd2:	46c0      	nop			@ (mov r8, r8)
10004fd4:	20001ede 	.word	0x20001ede

10004fd8 <usb_reset_interface_xfer_cb>:
10004fd8:	2001      	movs	r0, #1
10004fda:	4770      	bx	lr

10004fdc <usb_reset_interface_control_xfer_cb>:
10004fdc:	b510      	push	{r4, lr}
10004fde:	2901      	cmp	r1, #1
10004fe0:	d113      	bne.n	1000500a <usb_reset_interface_control_xfer_cb+0x2e>
10004fe2:	4915      	ldr	r1, [pc, #84]	@ (10005038 <usb_reset_interface_control_xfer_cb+0x5c>)
10004fe4:	7953      	ldrb	r3, [r2, #5]
10004fe6:	7910      	ldrb	r0, [r2, #4]
10004fe8:	7809      	ldrb	r1, [r1, #0]
10004fea:	021b      	lsls	r3, r3, #8
10004fec:	4303      	orrs	r3, r0
10004fee:	2000      	movs	r0, #0
10004ff0:	4299      	cmp	r1, r3
10004ff2:	d000      	beq.n	10004ff6 <usb_reset_interface_control_xfer_cb+0x1a>
10004ff4:	bd10      	pop	{r4, pc}
10004ff6:	7853      	ldrb	r3, [r2, #1]
10004ff8:	2b01      	cmp	r3, #1
10004ffa:	d008      	beq.n	1000500e <usb_reset_interface_control_xfer_cb+0x32>
10004ffc:	2b02      	cmp	r3, #2
10004ffe:	d1f9      	bne.n	10004ff4 <usb_reset_interface_control_xfer_cb+0x18>
10005000:	2264      	movs	r2, #100	@ 0x64
10005002:	2100      	movs	r1, #0
10005004:	2000      	movs	r0, #0
10005006:	f7fc fd17 	bl	10001a38 <watchdog_reboot>
1000500a:	2001      	movs	r0, #1
1000500c:	e7f2      	b.n	10004ff4 <usb_reset_interface_control_xfer_cb+0x18>
1000500e:	78d1      	ldrb	r1, [r2, #3]
10005010:	7893      	ldrb	r3, [r2, #2]
10005012:	0209      	lsls	r1, r1, #8
10005014:	4319      	orrs	r1, r3
10005016:	2380      	movs	r3, #128	@ 0x80
10005018:	000a      	movs	r2, r1
1000501a:	005b      	lsls	r3, r3, #1
1000501c:	401a      	ands	r2, r3
1000501e:	4219      	tst	r1, r3
10005020:	d006      	beq.n	10005030 <usb_reset_interface_control_xfer_cb+0x54>
10005022:	060a      	lsls	r2, r1, #24
10005024:	0fd2      	lsrs	r2, r2, #31
10005026:	0a48      	lsrs	r0, r1, #9
10005028:	2303      	movs	r3, #3
1000502a:	4019      	ands	r1, r3
1000502c:	f7fc fd8c 	bl	10001b48 <rom_reset_usb_boot_extra>
10005030:	2001      	movs	r0, #1
10005032:	4240      	negs	r0, r0
10005034:	e7f8      	b.n	10005028 <usb_reset_interface_control_xfer_cb+0x4c>
10005036:	46c0      	nop			@ (mov r8, r8)
10005038:	20001ede 	.word	0x20001ede

1000503c <tud_descriptor_bos_cb>:
1000503c:	4800      	ldr	r0, [pc, #0]	@ (10005040 <tud_descriptor_bos_cb+0x4>)
1000503e:	4770      	bx	lr
10005040:	10007e54 	.word	0x10007e54

10005044 <tud_vendor_control_xfer_cb>:
10005044:	4694      	mov	ip, r2
10005046:	2301      	movs	r3, #1
10005048:	b510      	push	{r4, lr}
1000504a:	2901      	cmp	r1, #1
1000504c:	d10a      	bne.n	10005064 <tud_vendor_control_xfer_cb+0x20>
1000504e:	7852      	ldrb	r2, [r2, #1]
10005050:	2300      	movs	r3, #0
10005052:	2a01      	cmp	r2, #1
10005054:	d106      	bne.n	10005064 <tud_vendor_control_xfer_cb+0x20>
10005056:	4662      	mov	r2, ip
10005058:	7911      	ldrb	r1, [r2, #4]
1000505a:	7952      	ldrb	r2, [r2, #5]
1000505c:	0212      	lsls	r2, r2, #8
1000505e:	430a      	orrs	r2, r1
10005060:	2a07      	cmp	r2, #7
10005062:	d001      	beq.n	10005068 <tud_vendor_control_xfer_cb+0x24>
10005064:	0018      	movs	r0, r3
10005066:	bd10      	pop	{r4, pc}
10005068:	33a6      	adds	r3, #166	@ 0xa6
1000506a:	4661      	mov	r1, ip
1000506c:	4a02      	ldr	r2, [pc, #8]	@ (10005078 <tud_vendor_control_xfer_cb+0x34>)
1000506e:	f000 feeb 	bl	10005e48 <tud_control_xfer>
10005072:	0003      	movs	r3, r0
10005074:	e7f6      	b.n	10005064 <tud_vendor_control_xfer_cb+0x20>
10005076:	46c0      	nop			@ (mov r8, r8)
10005078:	10007dac 	.word	0x10007dac

1000507c <usbd_app_driver_get_cb>:
1000507c:	2301      	movs	r3, #1
1000507e:	7003      	strb	r3, [r0, #0]
10005080:	4800      	ldr	r0, [pc, #0]	@ (10005084 <usbd_app_driver_get_cb+0x8>)
10005082:	4770      	bx	lr
10005084:	10007e78 	.word	0x10007e78

10005088 <tud_cdc_line_coding_cb>:
10005088:	784b      	ldrb	r3, [r1, #1]
1000508a:	780a      	ldrb	r2, [r1, #0]
1000508c:	021b      	lsls	r3, r3, #8
1000508e:	4313      	orrs	r3, r2
10005090:	788a      	ldrb	r2, [r1, #2]
10005092:	b510      	push	{r4, lr}
10005094:	0412      	lsls	r2, r2, #16
10005096:	431a      	orrs	r2, r3
10005098:	78cb      	ldrb	r3, [r1, #3]
1000509a:	061b      	lsls	r3, r3, #24
1000509c:	4313      	orrs	r3, r2
1000509e:	2296      	movs	r2, #150	@ 0x96
100050a0:	00d2      	lsls	r2, r2, #3
100050a2:	4293      	cmp	r3, r2
100050a4:	d000      	beq.n	100050a8 <tud_cdc_line_coding_cb+0x20>
100050a6:	bd10      	pop	{r4, pc}
100050a8:	2200      	movs	r2, #0
100050aa:	2001      	movs	r0, #1
100050ac:	0011      	movs	r1, r2
100050ae:	4240      	negs	r0, r0
100050b0:	f7fc fd4a 	bl	10001b48 <rom_reset_usb_boot_extra>

100050b4 <dcd_init>:
100050b4:	b5f8      	push	{r3, r4, r5, r6, r7, lr}
100050b6:	f000 f93b 	bl	10005330 <rp2040_usb_init>
100050ba:	230c      	movs	r3, #12
100050bc:	4d19      	ldr	r5, [pc, #100]	@ (10005124 <dcd_init+0x70>)
100050be:	22ff      	movs	r2, #255	@ 0xff
100050c0:	67ab      	str	r3, [r5, #120]	@ 0x78
100050c2:	2005      	movs	r0, #5
100050c4:	4918      	ldr	r1, [pc, #96]	@ (10005128 <dcd_init+0x74>)
100050c6:	f7fb fc03 	bl	100008d0 <irq_add_shared_handler>
100050ca:	4c18      	ldr	r4, [pc, #96]	@ (1000512c <dcd_init+0x78>)
100050cc:	2240      	movs	r2, #64	@ 0x40
100050ce:	2100      	movs	r1, #0
100050d0:	0020      	movs	r0, r4
100050d2:	f7fd fd43 	bl	10002b5c <__wrap_memset>
100050d6:	2740      	movs	r7, #64	@ 0x40
100050d8:	2300      	movs	r3, #0
100050da:	2601      	movs	r6, #1
100050dc:	2121      	movs	r1, #33	@ 0x21
100050de:	4a14      	ldr	r2, [pc, #80]	@ (10005130 <dcd_init+0x7c>)
100050e0:	7066      	strb	r6, [r4, #1]
100050e2:	8327      	strh	r7, [r4, #24]
100050e4:	60a2      	str	r2, [r4, #8]
100050e6:	6013      	str	r3, [r2, #0]
100050e8:	5463      	strb	r3, [r4, r1]
100050ea:	315f      	adds	r1, #95	@ 0x5f
100050ec:	8461      	strh	r1, [r4, #34]	@ 0x22
100050ee:	3945      	subs	r1, #69	@ 0x45
100050f0:	5463      	strb	r3, [r4, r1]
100050f2:	4a10      	ldr	r2, [pc, #64]	@ (10005134 <dcd_init+0x80>)
100050f4:	4910      	ldr	r1, [pc, #64]	@ (10005138 <dcd_init+0x84>)
100050f6:	6063      	str	r3, [r4, #4]
100050f8:	60e2      	str	r2, [r4, #12]
100050fa:	8727      	strh	r7, [r4, #56]	@ 0x38
100050fc:	62a1      	str	r1, [r4, #40]	@ 0x28
100050fe:	600b      	str	r3, [r1, #0]
10005100:	6263      	str	r3, [r4, #36]	@ 0x24
10005102:	62e2      	str	r2, [r4, #44]	@ 0x2c
10005104:	f002 f9e8 	bl	100074d8 <__reset_non_control_endpoints_veneer>
10005108:	2380      	movs	r3, #128	@ 0x80
1000510a:	059b      	lsls	r3, r3, #22
1000510c:	642e      	str	r6, [r5, #64]	@ 0x40
1000510e:	64eb      	str	r3, [r5, #76]	@ 0x4c
10005110:	2390      	movs	r3, #144	@ 0x90
10005112:	4a0a      	ldr	r2, [pc, #40]	@ (1000513c <dcd_init+0x88>)
10005114:	2001      	movs	r0, #1
10005116:	50ea      	str	r2, [r5, r3]
10005118:	2280      	movs	r2, #128	@ 0x80
1000511a:	4b09      	ldr	r3, [pc, #36]	@ (10005140 <dcd_init+0x8c>)
1000511c:	0252      	lsls	r2, r2, #9
1000511e:	64da      	str	r2, [r3, #76]	@ 0x4c
10005120:	bdf8      	pop	{r3, r4, r5, r6, r7, pc}
10005122:	46c0      	nop			@ (mov r8, r8)
10005124:	50110000 	.word	0x50110000
10005128:	20000511 	.word	0x20000511
1000512c:	20001a84 	.word	0x20001a84
10005130:	50100084 	.word	0x50100084
10005134:	50100100 	.word	0x50100100
10005138:	50100080 	.word	0x50100080
1000513c:	0001d010 	.word	0x0001d010
10005140:	50112000 	.word	0x50112000

10005144 <dcd_int_enable>:
10005144:	b510      	push	{r4, lr}
10005146:	2101      	movs	r1, #1
10005148:	2005      	movs	r0, #5
1000514a:	f7fb fb5f 	bl	1000080c <irq_set_enabled>
1000514e:	bd10      	pop	{r4, pc}

10005150 <dcd_set_address>:
10005150:	b510      	push	{r4, lr}
10005152:	2200      	movs	r2, #0
10005154:	2100      	movs	r1, #0
10005156:	4802      	ldr	r0, [pc, #8]	@ (10005160 <dcd_set_address+0x10>)
10005158:	f000 f90a 	bl	10005370 <hw_endpoint_xfer_start>
1000515c:	bd10      	pop	{r4, pc}
1000515e:	46c0      	nop			@ (mov r8, r8)
10005160:	20001aa4 	.word	0x20001aa4

10005164 <dcd_sof_enable>:
10005164:	4b04      	ldr	r3, [pc, #16]	@ (10005178 <dcd_sof_enable+0x14>)
10005166:	7019      	strb	r1, [r3, #0]
10005168:	2900      	cmp	r1, #0
1000516a:	d004      	beq.n	10005176 <dcd_sof_enable+0x12>
1000516c:	2180      	movs	r1, #128	@ 0x80
1000516e:	2390      	movs	r3, #144	@ 0x90
10005170:	4a02      	ldr	r2, [pc, #8]	@ (1000517c <dcd_sof_enable+0x18>)
10005172:	0289      	lsls	r1, r1, #10
10005174:	50d1      	str	r1, [r2, r3]
10005176:	4770      	bx	lr
10005178:	20001eda 	.word	0x20001eda
1000517c:	50112000 	.word	0x50112000

10005180 <dcd_edpt0_status_complete>:
10005180:	780b      	ldrb	r3, [r1, #0]
10005182:	065b      	lsls	r3, r3, #25
10005184:	d000      	beq.n	10005188 <dcd_edpt0_status_complete+0x8>
10005186:	4770      	bx	lr
10005188:	784b      	ldrb	r3, [r1, #1]
1000518a:	2b05      	cmp	r3, #5
1000518c:	d1fb      	bne.n	10005186 <dcd_edpt0_status_complete+0x6>
1000518e:	788a      	ldrb	r2, [r1, #2]
10005190:	4b01      	ldr	r3, [pc, #4]	@ (10005198 <dcd_edpt0_status_complete+0x18>)
10005192:	601a      	str	r2, [r3, #0]
10005194:	e7f7      	b.n	10005186 <dcd_edpt0_status_complete+0x6>
10005196:	46c0      	nop			@ (mov r8, r8)
10005198:	50110000 	.word	0x50110000

1000519c <dcd_edpt_open>:
1000519c:	b5f8      	push	{r3, r4, r5, r6, r7, lr}
1000519e:	46ce      	mov	lr, r9
100051a0:	4647      	mov	r7, r8
100051a2:	78cb      	ldrb	r3, [r1, #3]
100051a4:	b580      	push	{r7, lr}
100051a6:	079b      	lsls	r3, r3, #30
100051a8:	0f9a      	lsrs	r2, r3, #30
100051aa:	0010      	movs	r0, r2
100051ac:	2a01      	cmp	r2, #1
100051ae:	d058      	beq.n	10005262 <dcd_edpt_open+0xc6>
100051b0:	788c      	ldrb	r4, [r1, #2]
100051b2:	790a      	ldrb	r2, [r1, #4]
100051b4:	794b      	ldrb	r3, [r1, #5]
100051b6:	217f      	movs	r1, #127	@ 0x7f
100051b8:	021b      	lsls	r3, r3, #8
100051ba:	4021      	ands	r1, r4
100051bc:	09e5      	lsrs	r5, r4, #7
100051be:	4313      	orrs	r3, r2
100051c0:	004a      	lsls	r2, r1, #1
100051c2:	4691      	mov	r9, r2
100051c4:	4e2c      	ldr	r6, [pc, #176]	@ (10005278 <dcd_edpt_open+0xdc>)
100051c6:	1952      	adds	r2, r2, r5
100051c8:	0152      	lsls	r2, r2, #5
100051ca:	18b2      	adds	r2, r6, r2
100051cc:	7094      	strb	r4, [r2, #2]
100051ce:	2401      	movs	r4, #1
100051d0:	406c      	eors	r4, r5
100051d2:	7054      	strb	r4, [r2, #1]
100051d4:	2400      	movs	r4, #0
100051d6:	055b      	lsls	r3, r3, #21
100051d8:	0d5b      	lsrs	r3, r3, #21
100051da:	70d4      	strb	r4, [r2, #3]
100051dc:	8313      	strh	r3, [r2, #24]
100051de:	76d0      	strb	r0, [r2, #27]
100051e0:	00ca      	lsls	r2, r1, #3
100051e2:	2d01      	cmp	r5, #1
100051e4:	d02c      	beq.n	10005240 <dcd_edpt_open+0xa4>
100051e6:	4f25      	ldr	r7, [pc, #148]	@ (1000527c <dcd_edpt_open+0xe0>)
100051e8:	19d2      	adds	r2, r2, r7
100051ea:	018f      	lsls	r7, r1, #6
100051ec:	46bc      	mov	ip, r7
100051ee:	44b4      	add	ip, r6
100051f0:	4667      	mov	r7, ip
100051f2:	60ba      	str	r2, [r7, #8]
100051f4:	6014      	str	r4, [r2, #0]
100051f6:	2900      	cmp	r1, #0
100051f8:	d02c      	beq.n	10005254 <dcd_edpt_open+0xb8>
100051fa:	4a21      	ldr	r2, [pc, #132]	@ (10005280 <dcd_edpt_open+0xe4>)
100051fc:	00c9      	lsls	r1, r1, #3
100051fe:	1889      	adds	r1, r1, r2
10005200:	6079      	str	r1, [r7, #4]
10005202:	333f      	adds	r3, #63	@ 0x3f
10005204:	099b      	lsrs	r3, r3, #6
10005206:	2802      	cmp	r0, #2
10005208:	d032      	beq.n	10005270 <dcd_edpt_open+0xd4>
1000520a:	019a      	lsls	r2, r3, #6
1000520c:	464b      	mov	r3, r9
1000520e:	4c1d      	ldr	r4, [pc, #116]	@ (10005284 <dcd_edpt_open+0xe8>)
10005210:	195b      	adds	r3, r3, r5
10005212:	6821      	ldr	r1, [r4, #0]
10005214:	015b      	lsls	r3, r3, #5
10005216:	18f6      	adds	r6, r6, r3
10005218:	4b1b      	ldr	r3, [pc, #108]	@ (10005288 <dcd_edpt_open+0xec>)
1000521a:	188a      	adds	r2, r1, r2
1000521c:	60f1      	str	r1, [r6, #12]
1000521e:	6022      	str	r2, [r4, #0]
10005220:	429a      	cmp	r2, r3
10005222:	d827      	bhi.n	10005274 <dcd_edpt_open+0xd8>
10005224:	4a19      	ldr	r2, [pc, #100]	@ (1000528c <dcd_edpt_open+0xf0>)
10005226:	0683      	lsls	r3, r0, #26
10005228:	404a      	eors	r2, r1
1000522a:	4313      	orrs	r3, r2
1000522c:	2280      	movs	r2, #128	@ 0x80
1000522e:	0612      	lsls	r2, r2, #24
10005230:	4313      	orrs	r3, r2
10005232:	6872      	ldr	r2, [r6, #4]
10005234:	6013      	str	r3, [r2, #0]
10005236:	2001      	movs	r0, #1
10005238:	bcc0      	pop	{r6, r7}
1000523a:	46b9      	mov	r9, r7
1000523c:	46b0      	mov	r8, r6
1000523e:	bdf8      	pop	{r3, r4, r5, r6, r7, pc}
10005240:	4f13      	ldr	r7, [pc, #76]	@ (10005290 <dcd_edpt_open+0xf4>)
10005242:	19d2      	adds	r2, r2, r7
10005244:	018f      	lsls	r7, r1, #6
10005246:	46bc      	mov	ip, r7
10005248:	44b4      	add	ip, r6
1000524a:	4667      	mov	r7, ip
1000524c:	62ba      	str	r2, [r7, #40]	@ 0x28
1000524e:	6014      	str	r4, [r2, #0]
10005250:	2900      	cmp	r1, #0
10005252:	d108      	bne.n	10005266 <dcd_edpt_open+0xca>
10005254:	2300      	movs	r3, #0
10005256:	016d      	lsls	r5, r5, #5
10005258:	1975      	adds	r5, r6, r5
1000525a:	606b      	str	r3, [r5, #4]
1000525c:	4b0d      	ldr	r3, [pc, #52]	@ (10005294 <dcd_edpt_open+0xf8>)
1000525e:	60eb      	str	r3, [r5, #12]
10005260:	e7e9      	b.n	10005236 <dcd_edpt_open+0x9a>
10005262:	2000      	movs	r0, #0
10005264:	e7e8      	b.n	10005238 <dcd_edpt_open+0x9c>
10005266:	4a09      	ldr	r2, [pc, #36]	@ (1000528c <dcd_edpt_open+0xf0>)
10005268:	00c9      	lsls	r1, r1, #3
1000526a:	1889      	adds	r1, r1, r2
1000526c:	6279      	str	r1, [r7, #36]	@ 0x24
1000526e:	e7c8      	b.n	10005202 <dcd_edpt_open+0x66>
10005270:	01da      	lsls	r2, r3, #7
10005272:	e7cb      	b.n	1000520c <dcd_edpt_open+0x70>
10005274:	f7fc fc90 	bl	10001b98 <hard_assertion_failure>
10005278:	20001a84 	.word	0x20001a84
1000527c:	50100084 	.word	0x50100084
10005280:	50100004 	.word	0x50100004
10005284:	20001e90 	.word	0x20001e90
10005288:	50100fff 	.word	0x50100fff
1000528c:	50100000 	.word	0x50100000
10005290:	50100080 	.word	0x50100080
10005294:	50100100 	.word	0x50100100

10005298 <dcd_edpt_close_all>:
10005298:	b510      	push	{r4, lr}
1000529a:	f002 f91d 	bl	100074d8 <__reset_non_control_endpoints_veneer>
1000529e:	bd10      	pop	{r4, pc}

100052a0 <dcd_edpt_xfer>:
100052a0:	207f      	movs	r0, #127	@ 0x7f
100052a2:	b510      	push	{r4, lr}
100052a4:	4008      	ands	r0, r1
100052a6:	0040      	lsls	r0, r0, #1
100052a8:	09c9      	lsrs	r1, r1, #7
100052aa:	1840      	adds	r0, r0, r1
100052ac:	0011      	movs	r1, r2
100052ae:	4a04      	ldr	r2, [pc, #16]	@ (100052c0 <dcd_edpt_xfer+0x20>)
100052b0:	0140      	lsls	r0, r0, #5
100052b2:	1880      	adds	r0, r0, r2
100052b4:	001a      	movs	r2, r3
100052b6:	f000 f85b 	bl	10005370 <hw_endpoint_xfer_start>
100052ba:	2001      	movs	r0, #1
100052bc:	bd10      	pop	{r4, pc}
100052be:	46c0      	nop			@ (mov r8, r8)
100052c0:	20001a84 	.word	0x20001a84

100052c4 <dcd_edpt_stall>:
100052c4:	237f      	movs	r3, #127	@ 0x7f
100052c6:	0018      	movs	r0, r3
100052c8:	b500      	push	{lr}
100052ca:	4008      	ands	r0, r1
100052cc:	b083      	sub	sp, #12
100052ce:	420b      	tst	r3, r1
100052d0:	d104      	bne.n	100052dc <dcd_edpt_stall+0x18>
100052d2:	424b      	negs	r3, r1
100052d4:	414b      	adcs	r3, r1
100052d6:	4a08      	ldr	r2, [pc, #32]	@ (100052f8 <dcd_edpt_stall+0x34>)
100052d8:	3301      	adds	r3, #1
100052da:	6693      	str	r3, [r2, #104]	@ 0x68
100052dc:	2280      	movs	r2, #128	@ 0x80
100052de:	09c9      	lsrs	r1, r1, #7
100052e0:	0040      	lsls	r0, r0, #1
100052e2:	4b06      	ldr	r3, [pc, #24]	@ (100052fc <dcd_edpt_stall+0x38>)
100052e4:	1840      	adds	r0, r0, r1
100052e6:	0140      	lsls	r0, r0, #5
100052e8:	2100      	movs	r1, #0
100052ea:	18c0      	adds	r0, r0, r3
100052ec:	0112      	lsls	r2, r2, #4
100052ee:	f002 f913 	bl	10007518 <___hw_endpoint_buffer_control_update32_veneer>
100052f2:	b003      	add	sp, #12
100052f4:	bd00      	pop	{pc}
100052f6:	46c0      	nop			@ (mov r8, r8)
100052f8:	50112000 	.word	0x50112000
100052fc:	20001a84 	.word	0x20001a84

10005300 <dcd_edpt_clear_stall>:
10005300:	227f      	movs	r2, #127	@ 0x7f
10005302:	0013      	movs	r3, r2
10005304:	b510      	push	{r4, lr}
10005306:	400b      	ands	r3, r1
10005308:	420a      	tst	r2, r1
1000530a:	d100      	bne.n	1000530e <dcd_edpt_clear_stall+0xe>
1000530c:	bd10      	pop	{r4, pc}
1000530e:	09c9      	lsrs	r1, r1, #7
10005310:	005b      	lsls	r3, r3, #1
10005312:	185b      	adds	r3, r3, r1
10005314:	4804      	ldr	r0, [pc, #16]	@ (10005328 <dcd_edpt_clear_stall+0x28>)
10005316:	015b      	lsls	r3, r3, #5
10005318:	18c0      	adds	r0, r0, r3
1000531a:	2300      	movs	r3, #0
1000531c:	2200      	movs	r2, #0
1000531e:	4903      	ldr	r1, [pc, #12]	@ (1000532c <dcd_edpt_clear_stall+0x2c>)
10005320:	70c3      	strb	r3, [r0, #3]
10005322:	f002 f8f9 	bl	10007518 <___hw_endpoint_buffer_control_update32_veneer>
10005326:	e7f1      	b.n	1000530c <dcd_edpt_clear_stall+0xc>
10005328:	20001a84 	.word	0x20001a84
1000532c:	fffff7ff 	.word	0xfffff7ff

10005330 <rp2040_usb_init>:
10005330:	2280      	movs	r2, #128	@ 0x80
10005332:	4b0a      	ldr	r3, [pc, #40]	@ (1000535c <rp2040_usb_init+0x2c>)
10005334:	0452      	lsls	r2, r2, #17
10005336:	b510      	push	{r4, lr}
10005338:	601a      	str	r2, [r3, #0]
1000533a:	4b09      	ldr	r3, [pc, #36]	@ (10005360 <rp2040_usb_init+0x30>)
1000533c:	4909      	ldr	r1, [pc, #36]	@ (10005364 <rp2040_usb_init+0x34>)
1000533e:	601a      	str	r2, [r3, #0]
10005340:	0010      	movs	r0, r2
10005342:	680b      	ldr	r3, [r1, #0]
10005344:	4398      	bics	r0, r3
10005346:	d1fb      	bne.n	10005340 <rp2040_usb_init+0x10>
10005348:	2280      	movs	r2, #128	@ 0x80
1000534a:	2100      	movs	r1, #0
1000534c:	0152      	lsls	r2, r2, #5
1000534e:	4806      	ldr	r0, [pc, #24]	@ (10005368 <rp2040_usb_init+0x38>)
10005350:	f7fd fc04 	bl	10002b5c <__wrap_memset>
10005354:	2209      	movs	r2, #9
10005356:	4b05      	ldr	r3, [pc, #20]	@ (1000536c <rp2040_usb_init+0x3c>)
10005358:	675a      	str	r2, [r3, #116]	@ 0x74
1000535a:	bd10      	pop	{r4, pc}
1000535c:	4000e000 	.word	0x4000e000
10005360:	4000f000 	.word	0x4000f000
10005364:	4000c008 	.word	0x4000c008
10005368:	50100000 	.word	0x50100000
1000536c:	50110000 	.word	0x50110000

10005370 <hw_endpoint_xfer_start>:
10005370:	2300      	movs	r3, #0
10005372:	b510      	push	{r4, lr}
10005374:	82c3      	strh	r3, [r0, #22]
10005376:	3301      	adds	r3, #1
10005378:	8282      	strh	r2, [r0, #20]
1000537a:	7683      	strb	r3, [r0, #26]
1000537c:	6101      	str	r1, [r0, #16]
1000537e:	0004      	movs	r4, r0
10005380:	f002 f87a 	bl	10007478 <__e15_is_bulkin_ep_veneer>
10005384:	2800      	cmp	r0, #0
10005386:	d004      	beq.n	10005392 <hw_endpoint_xfer_start+0x22>
10005388:	2180      	movs	r1, #128	@ 0x80
1000538a:	2390      	movs	r3, #144	@ 0x90
1000538c:	4a07      	ldr	r2, [pc, #28]	@ (100053ac <hw_endpoint_xfer_start+0x3c>)
1000538e:	0289      	lsls	r1, r1, #10
10005390:	50d1      	str	r1, [r2, r3]
10005392:	0020      	movs	r0, r4
10005394:	f002 f8a8 	bl	100074e8 <__e15_is_critical_frame_period_veneer>
10005398:	2800      	cmp	r0, #0
1000539a:	d002      	beq.n	100053a2 <hw_endpoint_xfer_start+0x32>
1000539c:	2301      	movs	r3, #1
1000539e:	7723      	strb	r3, [r4, #28]
100053a0:	bd10      	pop	{r4, pc}
100053a2:	0020      	movs	r0, r4
100053a4:	f002 f8b0 	bl	10007508 <__hw_endpoint_start_next_buffer_veneer>
100053a8:	e7fa      	b.n	100053a0 <hw_endpoint_xfer_start+0x30>
100053aa:	46c0      	nop			@ (mov r8, r8)
100053ac:	50112000 	.word	0x50112000

100053b0 <tud_event_hook_cb>:
100053b0:	4770      	bx	lr
100053b2:	46c0      	nop			@ (mov r8, r8)

100053b4 <tud_sof_cb>:
100053b4:	4770      	bx	lr
100053b6:	46c0      	nop			@ (mov r8, r8)

100053b8 <tud_descriptor_device_qualifier_cb>:
100053b8:	2000      	movs	r0, #0
100053ba:	4770      	bx	lr

100053bc <tud_descriptor_other_speed_configuration_cb>:
100053bc:	2000      	movs	r0, #0
100053be:	4770      	bx	lr

100053c0 <tud_mount_cb>:
100053c0:	4770      	bx	lr
100053c2:	46c0      	nop			@ (mov r8, r8)

100053c4 <tud_umount_cb>:
100053c4:	4770      	bx	lr
100053c6:	46c0      	nop			@ (mov r8, r8)

100053c8 <tud_suspend_cb>:
100053c8:	4770      	bx	lr
100053ca:	46c0      	nop			@ (mov r8, r8)

100053cc <tud_resume_cb>:
100053cc:	4770      	bx	lr
100053ce:	46c0      	nop			@ (mov r8, r8)

100053d0 <tud_mounted>:
100053d0:	4b02      	ldr	r3, [pc, #8]	@ (100053dc <tud_mounted+0xc>)
100053d2:	7858      	ldrb	r0, [r3, #1]
100053d4:	1e43      	subs	r3, r0, #1
100053d6:	4198      	sbcs	r0, r3
100053d8:	b2c0      	uxtb	r0, r0
100053da:	4770      	bx	lr
100053dc:	200015f0 	.word	0x200015f0

100053e0 <tud_suspended>:
100053e0:	4b02      	ldr	r3, [pc, #8]	@ (100053ec <tud_suspended+0xc>)
100053e2:	7818      	ldrb	r0, [r3, #0]
100053e4:	0740      	lsls	r0, r0, #29
100053e6:	0fc0      	lsrs	r0, r0, #31
100053e8:	4770      	bx	lr
100053ea:	46c0      	nop			@ (mov r8, r8)
100053ec:	200015f0 	.word	0x200015f0

100053f0 <tud_rhport_init>:
100053f0:	b5f0      	push	{r4, r5, r6, r7, lr}
100053f2:	46d6      	mov	lr, sl
100053f4:	464f      	mov	r7, r9
100053f6:	4646      	mov	r6, r8
100053f8:	b5c0      	push	{r6, r7, lr}
100053fa:	4b2c      	ldr	r3, [pc, #176]	@ (100054ac <tud_rhport_init+0xbc>)
100053fc:	4681      	mov	r9, r0
100053fe:	4698      	mov	r8, r3
10005400:	781b      	ldrb	r3, [r3, #0]
10005402:	468a      	mov	sl, r1
10005404:	2bff      	cmp	r3, #255	@ 0xff
10005406:	d14b      	bne.n	100054a0 <tud_rhport_init+0xb0>
10005408:	2900      	cmp	r1, #0
1000540a:	d03b      	beq.n	10005484 <tud_rhport_init+0x94>
1000540c:	2100      	movs	r1, #0
1000540e:	2254      	movs	r2, #84	@ 0x54
10005410:	4827      	ldr	r0, [pc, #156]	@ (100054b0 <tud_rhport_init+0xc0>)
10005412:	f7fd fba3 	bl	10002b5c <__wrap_memset>
10005416:	2200      	movs	r2, #0
10005418:	4c26      	ldr	r4, [pc, #152]	@ (100054b4 <tud_rhport_init+0xc4>)
1000541a:	4b27      	ldr	r3, [pc, #156]	@ (100054b8 <tud_rhport_init+0xc8>)
1000541c:	0020      	movs	r0, r4
1000541e:	701a      	strb	r2, [r3, #0]
10005420:	f7fb fcba 	bl	10000d98 <mutex_init>
10005424:	4b25      	ldr	r3, [pc, #148]	@ (100054bc <tud_rhport_init+0xcc>)
10005426:	601c      	str	r4, [r3, #0]
10005428:	4c25      	ldr	r4, [pc, #148]	@ (100054c0 <tud_rhport_init+0xd0>)
1000542a:	0020      	movs	r0, r4
1000542c:	3c14      	subs	r4, #20
1000542e:	f7fb fcc1 	bl	10000db4 <critical_section_init>
10005432:	0020      	movs	r0, r4
10005434:	f001 fb98 	bl	10006b68 <tu_fifo_clear>
10005438:	4b22      	ldr	r3, [pc, #136]	@ (100054c4 <tud_rhport_init+0xd4>)
1000543a:	4d23      	ldr	r5, [pc, #140]	@ (100054c8 <tud_rhport_init+0xd8>)
1000543c:	601c      	str	r4, [r3, #0]
1000543e:	4b23      	ldr	r3, [pc, #140]	@ (100054cc <tud_rhport_init+0xdc>)
10005440:	2b00      	cmp	r3, #0
10005442:	d004      	beq.n	1000544e <tud_rhport_init+0x5e>
10005444:	0028      	movs	r0, r5
10005446:	f7ff fe19 	bl	1000507c <usbd_app_driver_get_cb>
1000544a:	4b21      	ldr	r3, [pc, #132]	@ (100054d0 <tud_rhport_init+0xe0>)
1000544c:	6018      	str	r0, [r3, #0]
1000544e:	2400      	movs	r4, #0
10005450:	782b      	ldrb	r3, [r5, #0]
10005452:	4f20      	ldr	r7, [pc, #128]	@ (100054d4 <tud_rhport_init+0xe4>)
10005454:	4e1e      	ldr	r6, [pc, #120]	@ (100054d0 <tud_rhport_init+0xe0>)
10005456:	e00d      	b.n	10005474 <tud_rhport_init+0x84>
10005458:	6833      	ldr	r3, [r6, #0]
1000545a:	0162      	lsls	r2, r4, #5
1000545c:	189b      	adds	r3, r3, r2
1000545e:	2b00      	cmp	r3, #0
10005460:	d010      	beq.n	10005484 <tud_rhport_init+0x94>
10005462:	685b      	ldr	r3, [r3, #4]
10005464:	2b00      	cmp	r3, #0
10005466:	d00d      	beq.n	10005484 <tud_rhport_init+0x94>
10005468:	4798      	blx	r3
1000546a:	3401      	adds	r4, #1
1000546c:	782b      	ldrb	r3, [r5, #0]
1000546e:	b2e4      	uxtb	r4, r4
10005470:	42a3      	cmp	r3, r4
10005472:	d309      	bcc.n	10005488 <tud_rhport_init+0x98>
10005474:	42a3      	cmp	r3, r4
10005476:	d8ef      	bhi.n	10005458 <tud_rhport_init+0x68>
10005478:	1ae3      	subs	r3, r4, r3
1000547a:	015b      	lsls	r3, r3, #5
1000547c:	19db      	adds	r3, r3, r7
1000547e:	685b      	ldr	r3, [r3, #4]
10005480:	2b00      	cmp	r3, #0
10005482:	d1f1      	bne.n	10005468 <tud_rhport_init+0x78>
10005484:	2000      	movs	r0, #0
10005486:	e00c      	b.n	100054a2 <tud_rhport_init+0xb2>
10005488:	4642      	mov	r2, r8
1000548a:	464b      	mov	r3, r9
1000548c:	4651      	mov	r1, sl
1000548e:	4648      	mov	r0, r9
10005490:	7013      	strb	r3, [r2, #0]
10005492:	f7ff fe0f 	bl	100050b4 <dcd_init>
10005496:	2800      	cmp	r0, #0
10005498:	d0f4      	beq.n	10005484 <tud_rhport_init+0x94>
1000549a:	4648      	mov	r0, r9
1000549c:	f7ff fe52 	bl	10005144 <dcd_int_enable>
100054a0:	2001      	movs	r0, #1
100054a2:	bce0      	pop	{r5, r6, r7}
100054a4:	46ba      	mov	sl, r7
100054a6:	46b1      	mov	r9, r6
100054a8:	46a8      	mov	r8, r5
100054aa:	bdf0      	pop	{r4, r5, r6, r7, pc}
100054ac:	2000109c 	.word	0x2000109c
100054b0:	200015f0 	.word	0x200015f0
100054b4:	200015e8 	.word	0x200015e8
100054b8:	20001edb 	.word	0x20001edb
100054bc:	20001644 	.word	0x20001644
100054c0:	20001094 	.word	0x20001094
100054c4:	20001648 	.word	0x20001648
100054c8:	20001ed9 	.word	0x20001ed9
100054cc:	1000507d 	.word	0x1000507d
100054d0:	20001508 	.word	0x20001508
100054d4:	10007f40 	.word	0x10007f40

100054d8 <tud_task_ext>:
100054d8:	b5f0      	push	{r4, r5, r6, r7, lr}
100054da:	46de      	mov	lr, fp
100054dc:	4657      	mov	r7, sl
100054de:	464e      	mov	r6, r9
100054e0:	4645      	mov	r5, r8
100054e2:	b5e0      	push	{r5, r6, r7, lr}
100054e4:	4bc8      	ldr	r3, [pc, #800]	@ (10005808 <tud_task_ext+0x330>)
100054e6:	b091      	sub	sp, #68	@ 0x44
100054e8:	9303      	str	r3, [sp, #12]
100054ea:	781b      	ldrb	r3, [r3, #0]
100054ec:	2bff      	cmp	r3, #255	@ 0xff
100054ee:	d100      	bne.n	100054f2 <tud_task_ext+0x1a>
100054f0:	e142      	b.n	10005778 <tud_task_ext+0x2a0>
100054f2:	4bc6      	ldr	r3, [pc, #792]	@ (1000580c <tud_task_ext+0x334>)
100054f4:	4ec6      	ldr	r6, [pc, #792]	@ (10005810 <tud_task_ext+0x338>)
100054f6:	001f      	movs	r7, r3
100054f8:	4bc6      	ldr	r3, [pc, #792]	@ (10005814 <tud_task_ext+0x33c>)
100054fa:	ac0d      	add	r4, sp, #52	@ 0x34
100054fc:	9302      	str	r3, [sp, #8]
100054fe:	4bc6      	ldr	r3, [pc, #792]	@ (10005818 <tud_task_ext+0x340>)
10005500:	9301      	str	r3, [sp, #4]
10005502:	6835      	ldr	r5, [r6, #0]
10005504:	696a      	ldr	r2, [r5, #20]
10005506:	f3ef 8110 	mrs	r1, PRIMASK
1000550a:	b672      	cpsid	i
1000550c:	6813      	ldr	r3, [r2, #0]
1000550e:	2b00      	cmp	r3, #0
10005510:	d0fc      	beq.n	1000550c <tud_task_ext+0x34>
10005512:	f3bf 8f5f 	dmb	sy
10005516:	61a9      	str	r1, [r5, #24]
10005518:	0028      	movs	r0, r5
1000551a:	0021      	movs	r1, r4
1000551c:	f001 f95a 	bl	100067d4 <tu_fifo_read>
10005520:	696a      	ldr	r2, [r5, #20]
10005522:	69ab      	ldr	r3, [r5, #24]
10005524:	f3bf 8f5f 	dmb	sy
10005528:	2100      	movs	r1, #0
1000552a:	6011      	str	r1, [r2, #0]
1000552c:	f383 8810 	msr	PRIMASK, r3
10005530:	2800      	cmp	r0, #0
10005532:	d100      	bne.n	10005536 <tud_task_ext+0x5e>
10005534:	e120      	b.n	10005778 <tud_task_ext+0x2a0>
10005536:	7863      	ldrb	r3, [r4, #1]
10005538:	2b08      	cmp	r3, #8
1000553a:	d8e2      	bhi.n	10005502 <tud_task_ext+0x2a>
1000553c:	009b      	lsls	r3, r3, #2
1000553e:	58fb      	ldr	r3, [r7, r3]
10005540:	469f      	mov	pc, r3
10005542:	6863      	ldr	r3, [r4, #4]
10005544:	2b00      	cmp	r3, #0
10005546:	d0dc      	beq.n	10005502 <tud_task_ext+0x2a>
10005548:	68a0      	ldr	r0, [r4, #8]
1000554a:	4798      	blx	r3
1000554c:	e7d9      	b.n	10005502 <tud_task_ext+0x2a>
1000554e:	227f      	movs	r2, #127	@ 0x7f
10005550:	7921      	ldrb	r1, [r4, #4]
10005552:	4db0      	ldr	r5, [pc, #704]	@ (10005814 <tud_task_ext+0x33c>)
10005554:	400a      	ands	r2, r1
10005556:	0053      	lsls	r3, r2, #1
10005558:	18eb      	adds	r3, r5, r3
1000555a:	4698      	mov	r8, r3
1000555c:	09c8      	lsrs	r0, r1, #7
1000555e:	4480      	add	r8, r0
10005560:	4640      	mov	r0, r8
10005562:	2301      	movs	r3, #1
10005564:	3030      	adds	r0, #48	@ 0x30
10005566:	7905      	ldrb	r5, [r0, #4]
10005568:	439d      	bics	r5, r3
1000556a:	7105      	strb	r5, [r0, #4]
1000556c:	7905      	ldrb	r5, [r0, #4]
1000556e:	3303      	adds	r3, #3
10005570:	439d      	bics	r5, r3
10005572:	7105      	strb	r5, [r0, #4]
10005574:	2a00      	cmp	r2, #0
10005576:	d100      	bne.n	1000557a <tud_task_ext+0xa2>
10005578:	e105      	b.n	10005786 <tud_task_ext+0x2ae>
1000557a:	4643      	mov	r3, r8
1000557c:	4aa7      	ldr	r2, [pc, #668]	@ (1000581c <tud_task_ext+0x344>)
1000557e:	7d1b      	ldrb	r3, [r3, #20]
10005580:	7812      	ldrb	r2, [r2, #0]
10005582:	4293      	cmp	r3, r2
10005584:	d300      	bcc.n	10005588 <tud_task_ext+0xb0>
10005586:	e0f5      	b.n	10005774 <tud_task_ext+0x29c>
10005588:	4aa5      	ldr	r2, [pc, #660]	@ (10005820 <tud_task_ext+0x348>)
1000558a:	015b      	lsls	r3, r3, #5
1000558c:	6815      	ldr	r5, [r2, #0]
1000558e:	18ed      	adds	r5, r5, r3
10005590:	2d00      	cmp	r5, #0
10005592:	d100      	bne.n	10005596 <tud_task_ext+0xbe>
10005594:	e0f0      	b.n	10005778 <tud_task_ext+0x2a0>
10005596:	68a3      	ldr	r3, [r4, #8]
10005598:	7962      	ldrb	r2, [r4, #5]
1000559a:	7820      	ldrb	r0, [r4, #0]
1000559c:	69ad      	ldr	r5, [r5, #24]
1000559e:	47a8      	blx	r5
100055a0:	e7af      	b.n	10005502 <tud_task_ext+0x2a>
100055a2:	4ba0      	ldr	r3, [pc, #640]	@ (10005824 <tud_task_ext+0x34c>)
100055a4:	781a      	ldrb	r2, [r3, #0]
100055a6:	2a00      	cmp	r2, #0
100055a8:	d100      	bne.n	100055ac <tud_task_ext+0xd4>
100055aa:	e0e5      	b.n	10005778 <tud_task_ext+0x2a0>
100055ac:	781a      	ldrb	r2, [r3, #0]
100055ae:	3a01      	subs	r2, #1
100055b0:	701a      	strb	r2, [r3, #0]
100055b2:	781b      	ldrb	r3, [r3, #0]
100055b4:	2b00      	cmp	r3, #0
100055b6:	d1a4      	bne.n	10005502 <tud_task_ext+0x2a>
100055b8:	2201      	movs	r2, #1
100055ba:	4d96      	ldr	r5, [pc, #600]	@ (10005814 <tud_task_ext+0x33c>)
100055bc:	2101      	movs	r1, #1
100055be:	782b      	ldrb	r3, [r5, #0]
100055c0:	2004      	movs	r0, #4
100055c2:	4313      	orrs	r3, r2
100055c4:	702b      	strb	r3, [r5, #0]
100055c6:	2334      	movs	r3, #52	@ 0x34
100055c8:	5cea      	ldrb	r2, [r5, r3]
100055ca:	438a      	bics	r2, r1
100055cc:	54ea      	strb	r2, [r5, r3]
100055ce:	5cea      	ldrb	r2, [r5, r3]
100055d0:	4382      	bics	r2, r0
100055d2:	54ea      	strb	r2, [r5, r3]
100055d4:	3301      	adds	r3, #1
100055d6:	5cea      	ldrb	r2, [r5, r3]
100055d8:	438a      	bics	r2, r1
100055da:	54ea      	strb	r2, [r5, r3]
100055dc:	5cea      	ldrb	r2, [r5, r3]
100055de:	4382      	bics	r2, r0
100055e0:	54ea      	strb	r2, [r5, r3]
100055e2:	7823      	ldrb	r3, [r4, #0]
100055e4:	2000      	movs	r0, #0
100055e6:	469b      	mov	fp, r3
100055e8:	f000 fc88 	bl	10005efc <usbd_control_set_complete_callback>
100055ec:	2260      	movs	r2, #96	@ 0x60
100055ee:	7923      	ldrb	r3, [r4, #4]
100055f0:	401a      	ands	r2, r3
100055f2:	2a60      	cmp	r2, #96	@ 0x60
100055f4:	d100      	bne.n	100055f8 <tud_task_ext+0x120>
100055f6:	e0f1      	b.n	100057dc <tud_task_ext+0x304>
100055f8:	2a40      	cmp	r2, #64	@ 0x40
100055fa:	d100      	bne.n	100055fe <tud_task_ext+0x126>
100055fc:	e0f7      	b.n	100057ee <tud_task_ext+0x316>
100055fe:	06db      	lsls	r3, r3, #27
10005600:	0edb      	lsrs	r3, r3, #27
10005602:	2b01      	cmp	r3, #1
10005604:	d100      	bne.n	10005608 <tud_task_ext+0x130>
10005606:	e115      	b.n	10005834 <tud_task_ext+0x35c>
10005608:	2b02      	cmp	r3, #2
1000560a:	d100      	bne.n	1000560e <tud_task_ext+0x136>
1000560c:	e0ca      	b.n	100057a4 <tud_task_ext+0x2cc>
1000560e:	2b00      	cmp	r3, #0
10005610:	d000      	beq.n	10005614 <tud_task_ext+0x13c>
10005612:	e0e3      	b.n	100057dc <tud_task_ext+0x304>
10005614:	2a20      	cmp	r2, #32
10005616:	d100      	bne.n	1000561a <tud_task_ext+0x142>
10005618:	e211      	b.n	10005a3e <tud_task_ext+0x566>
1000561a:	2a00      	cmp	r2, #0
1000561c:	d000      	beq.n	10005620 <tud_task_ext+0x148>
1000561e:	e0dd      	b.n	100057dc <tud_task_ext+0x304>
10005620:	7963      	ldrb	r3, [r4, #5]
10005622:	2b09      	cmp	r3, #9
10005624:	d900      	bls.n	10005628 <tud_task_ext+0x150>
10005626:	e0d9      	b.n	100057dc <tud_task_ext+0x304>
10005628:	4a7f      	ldr	r2, [pc, #508]	@ (10005828 <tud_task_ext+0x350>)
1000562a:	009b      	lsls	r3, r3, #2
1000562c:	58d3      	ldr	r3, [r2, r3]
1000562e:	469f      	mov	pc, r3
10005630:	4d78      	ldr	r5, [pc, #480]	@ (10005814 <tud_task_ext+0x33c>)
10005632:	782b      	ldrb	r3, [r5, #0]
10005634:	07db      	lsls	r3, r3, #31
10005636:	d400      	bmi.n	1000563a <tud_task_ext+0x162>
10005638:	e763      	b.n	10005502 <tud_task_ext+0x2a>
1000563a:	f7ff fec7 	bl	100053cc <tud_resume_cb>
1000563e:	e760      	b.n	10005502 <tud_task_ext+0x2a>
10005640:	9b02      	ldr	r3, [sp, #8]
10005642:	78db      	ldrb	r3, [r3, #3]
10005644:	07db      	lsls	r3, r3, #31
10005646:	d400      	bmi.n	1000564a <tud_task_ext+0x172>
10005648:	e75b      	b.n	10005502 <tud_task_ext+0x2a>
1000564a:	6860      	ldr	r0, [r4, #4]
1000564c:	f7ff feb2 	bl	100053b4 <tud_sof_cb>
10005650:	e757      	b.n	10005502 <tud_task_ext+0x2a>
10005652:	4d70      	ldr	r5, [pc, #448]	@ (10005814 <tud_task_ext+0x33c>)
10005654:	782b      	ldrb	r3, [r5, #0]
10005656:	07db      	lsls	r3, r3, #31
10005658:	d400      	bmi.n	1000565c <tud_task_ext+0x184>
1000565a:	e752      	b.n	10005502 <tud_task_ext+0x2a>
1000565c:	7828      	ldrb	r0, [r5, #0]
1000565e:	0700      	lsls	r0, r0, #28
10005660:	0fc0      	lsrs	r0, r0, #31
10005662:	f7ff feb1 	bl	100053c8 <tud_suspend_cb>
10005666:	e74c      	b.n	10005502 <tud_task_ext+0x2a>
10005668:	7823      	ldrb	r3, [r4, #0]
1000566a:	4a6b      	ldr	r2, [pc, #428]	@ (10005818 <tud_task_ext+0x340>)
1000566c:	4699      	mov	r9, r3
1000566e:	4693      	mov	fp, r2
10005670:	4b6a      	ldr	r3, [pc, #424]	@ (1000581c <tud_task_ext+0x344>)
10005672:	4a6b      	ldr	r2, [pc, #428]	@ (10005820 <tud_task_ext+0x348>)
10005674:	4698      	mov	r8, r3
10005676:	4692      	mov	sl, r2
10005678:	003a      	movs	r2, r7
1000567a:	2500      	movs	r5, #0
1000567c:	4647      	mov	r7, r8
1000567e:	781b      	ldrb	r3, [r3, #0]
10005680:	46b0      	mov	r8, r6
10005682:	464e      	mov	r6, r9
10005684:	4691      	mov	r9, r2
10005686:	e00e      	b.n	100056a6 <tud_task_ext+0x1ce>
10005688:	4653      	mov	r3, sl
1000568a:	681b      	ldr	r3, [r3, #0]
1000568c:	016a      	lsls	r2, r5, #5
1000568e:	189b      	adds	r3, r3, r2
10005690:	2b00      	cmp	r3, #0
10005692:	d100      	bne.n	10005696 <tud_task_ext+0x1be>
10005694:	e07d      	b.n	10005792 <tud_task_ext+0x2ba>
10005696:	68db      	ldr	r3, [r3, #12]
10005698:	0030      	movs	r0, r6
1000569a:	4798      	blx	r3
1000569c:	3501      	adds	r5, #1
1000569e:	783b      	ldrb	r3, [r7, #0]
100056a0:	b2ed      	uxtb	r5, r5
100056a2:	42ab      	cmp	r3, r5
100056a4:	d30c      	bcc.n	100056c0 <tud_task_ext+0x1e8>
100056a6:	42ab      	cmp	r3, r5
100056a8:	d8ee      	bhi.n	10005688 <tud_task_ext+0x1b0>
100056aa:	1aeb      	subs	r3, r5, r3
100056ac:	015b      	lsls	r3, r3, #5
100056ae:	445b      	add	r3, fp
100056b0:	68db      	ldr	r3, [r3, #12]
100056b2:	0030      	movs	r0, r6
100056b4:	4798      	blx	r3
100056b6:	3501      	adds	r5, #1
100056b8:	783b      	ldrb	r3, [r7, #0]
100056ba:	b2ed      	uxtb	r5, r5
100056bc:	42ab      	cmp	r3, r5
100056be:	d2f2      	bcs.n	100056a6 <tud_task_ext+0x1ce>
100056c0:	4d54      	ldr	r5, [pc, #336]	@ (10005814 <tud_task_ext+0x33c>)
100056c2:	2254      	movs	r2, #84	@ 0x54
100056c4:	2100      	movs	r1, #0
100056c6:	0028      	movs	r0, r5
100056c8:	f7fd fa48 	bl	10002b5c <__wrap_memset>
100056cc:	2210      	movs	r2, #16
100056ce:	21ff      	movs	r1, #255	@ 0xff
100056d0:	1d28      	adds	r0, r5, #4
100056d2:	f7fd fa43 	bl	10002b5c <__wrap_memset>
100056d6:	0028      	movs	r0, r5
100056d8:	2220      	movs	r2, #32
100056da:	21ff      	movs	r1, #255	@ 0xff
100056dc:	3014      	adds	r0, #20
100056de:	4646      	mov	r6, r8
100056e0:	464f      	mov	r7, r9
100056e2:	f7fd fa3b 	bl	10002b5c <__wrap_memset>
100056e6:	f000 fbff 	bl	10005ee8 <usbd_control_reset>
100056ea:	7923      	ldrb	r3, [r4, #4]
100056ec:	70ab      	strb	r3, [r5, #2]
100056ee:	e708      	b.n	10005502 <tud_task_ext+0x2a>
100056f0:	7823      	ldrb	r3, [r4, #0]
100056f2:	4a4b      	ldr	r2, [pc, #300]	@ (10005820 <tud_task_ext+0x348>)
100056f4:	4699      	mov	r9, r3
100056f6:	4b49      	ldr	r3, [pc, #292]	@ (1000581c <tud_task_ext+0x344>)
100056f8:	4692      	mov	sl, r2
100056fa:	4698      	mov	r8, r3
100056fc:	0032      	movs	r2, r6
100056fe:	46bb      	mov	fp, r7
10005700:	464e      	mov	r6, r9
10005702:	2500      	movs	r5, #0
10005704:	4647      	mov	r7, r8
10005706:	4691      	mov	r9, r2
10005708:	781b      	ldrb	r3, [r3, #0]
1000570a:	e00d      	b.n	10005728 <tud_task_ext+0x250>
1000570c:	4653      	mov	r3, sl
1000570e:	681b      	ldr	r3, [r3, #0]
10005710:	016a      	lsls	r2, r5, #5
10005712:	189b      	adds	r3, r3, r2
10005714:	2b00      	cmp	r3, #0
10005716:	d040      	beq.n	1000579a <tud_task_ext+0x2c2>
10005718:	68db      	ldr	r3, [r3, #12]
1000571a:	0030      	movs	r0, r6
1000571c:	4798      	blx	r3
1000571e:	3501      	adds	r5, #1
10005720:	783b      	ldrb	r3, [r7, #0]
10005722:	b2ed      	uxtb	r5, r5
10005724:	42ab      	cmp	r3, r5
10005726:	d30d      	bcc.n	10005744 <tud_task_ext+0x26c>
10005728:	429d      	cmp	r5, r3
1000572a:	d3ef      	bcc.n	1000570c <tud_task_ext+0x234>
1000572c:	9a01      	ldr	r2, [sp, #4]
1000572e:	1aeb      	subs	r3, r5, r3
10005730:	015b      	lsls	r3, r3, #5
10005732:	18d3      	adds	r3, r2, r3
10005734:	68db      	ldr	r3, [r3, #12]
10005736:	0030      	movs	r0, r6
10005738:	4798      	blx	r3
1000573a:	3501      	adds	r5, #1
1000573c:	783b      	ldrb	r3, [r7, #0]
1000573e:	b2ed      	uxtb	r5, r5
10005740:	42ab      	cmp	r3, r5
10005742:	d2f1      	bcs.n	10005728 <tud_task_ext+0x250>
10005744:	9d02      	ldr	r5, [sp, #8]
10005746:	2254      	movs	r2, #84	@ 0x54
10005748:	2100      	movs	r1, #0
1000574a:	0028      	movs	r0, r5
1000574c:	f7fd fa06 	bl	10002b5c <__wrap_memset>
10005750:	2210      	movs	r2, #16
10005752:	21ff      	movs	r1, #255	@ 0xff
10005754:	4835      	ldr	r0, [pc, #212]	@ (1000582c <tud_task_ext+0x354>)
10005756:	f7fd fa01 	bl	10002b5c <__wrap_memset>
1000575a:	0028      	movs	r0, r5
1000575c:	2220      	movs	r2, #32
1000575e:	21ff      	movs	r1, #255	@ 0xff
10005760:	3014      	adds	r0, #20
10005762:	464e      	mov	r6, r9
10005764:	465f      	mov	r7, fp
10005766:	f7fd f9f9 	bl	10002b5c <__wrap_memset>
1000576a:	f000 fbbd 	bl	10005ee8 <usbd_control_reset>
1000576e:	f7ff fe29 	bl	100053c4 <tud_umount_cb>
10005772:	e6c6      	b.n	10005502 <tud_task_ext+0x2a>
10005774:	4293      	cmp	r3, r2
10005776:	d013      	beq.n	100057a0 <tud_task_ext+0x2c8>
10005778:	b011      	add	sp, #68	@ 0x44
1000577a:	bcf0      	pop	{r4, r5, r6, r7}
1000577c:	46bb      	mov	fp, r7
1000577e:	46b2      	mov	sl, r6
10005780:	46a9      	mov	r9, r5
10005782:	46a0      	mov	r8, r4
10005784:	bdf0      	pop	{r4, r5, r6, r7, pc}
10005786:	68a3      	ldr	r3, [r4, #8]
10005788:	7962      	ldrb	r2, [r4, #5]
1000578a:	7820      	ldrb	r0, [r4, #0]
1000578c:	f000 fbca 	bl	10005f24 <usbd_control_xfer_cb>
10005790:	e6b7      	b.n	10005502 <tud_task_ext+0x2a>
10005792:	4646      	mov	r6, r8
10005794:	464f      	mov	r7, r9
10005796:	4d1f      	ldr	r5, [pc, #124]	@ (10005814 <tud_task_ext+0x33c>)
10005798:	e7a5      	b.n	100056e6 <tud_task_ext+0x20e>
1000579a:	464e      	mov	r6, r9
1000579c:	465f      	mov	r7, fp
1000579e:	e7e4      	b.n	1000576a <tud_task_ext+0x292>
100057a0:	4d1d      	ldr	r5, [pc, #116]	@ (10005818 <tud_task_ext+0x340>)
100057a2:	e6f8      	b.n	10005596 <tud_task_ext+0xbe>
100057a4:	2370      	movs	r3, #112	@ 0x70
100057a6:	7a21      	ldrb	r1, [r4, #8]
100057a8:	420b      	tst	r3, r1
100057aa:	d117      	bne.n	100057dc <tud_task_ext+0x304>
100057ac:	09c8      	lsrs	r0, r1, #7
100057ae:	4682      	mov	sl, r0
100057b0:	330f      	adds	r3, #15
100057b2:	400b      	ands	r3, r1
100057b4:	005b      	lsls	r3, r3, #1
100057b6:	4698      	mov	r8, r3
100057b8:	4818      	ldr	r0, [pc, #96]	@ (1000581c <tud_task_ext+0x344>)
100057ba:	18eb      	adds	r3, r5, r3
100057bc:	4453      	add	r3, sl
100057be:	7d1b      	ldrb	r3, [r3, #20]
100057c0:	7800      	ldrb	r0, [r0, #0]
100057c2:	4283      	cmp	r3, r0
100057c4:	d264      	bcs.n	10005890 <tud_task_ext+0x3b8>
100057c6:	4816      	ldr	r0, [pc, #88]	@ (10005820 <tud_task_ext+0x348>)
100057c8:	015b      	lsls	r3, r3, #5
100057ca:	6800      	ldr	r0, [r0, #0]
100057cc:	4681      	mov	r9, r0
100057ce:	4499      	add	r9, r3
100057d0:	2a00      	cmp	r2, #0
100057d2:	d100      	bne.n	100057d6 <tud_task_ext+0x2fe>
100057d4:	e155      	b.n	10005a82 <tud_task_ext+0x5aa>
100057d6:	464b      	mov	r3, r9
100057d8:	2b00      	cmp	r3, #0
100057da:	d161      	bne.n	100058a0 <tud_task_ext+0x3c8>
100057dc:	7820      	ldrb	r0, [r4, #0]
100057de:	2100      	movs	r1, #0
100057e0:	f7ff fd70 	bl	100052c4 <dcd_edpt_stall>
100057e4:	2180      	movs	r1, #128	@ 0x80
100057e6:	7820      	ldrb	r0, [r4, #0]
100057e8:	f7ff fd6c 	bl	100052c4 <dcd_edpt_stall>
100057ec:	e689      	b.n	10005502 <tud_task_ext+0x2a>
100057ee:	4810      	ldr	r0, [pc, #64]	@ (10005830 <tud_task_ext+0x358>)
100057f0:	f000 fb84 	bl	10005efc <usbd_control_set_complete_callback>
100057f4:	2101      	movs	r1, #1
100057f6:	4658      	mov	r0, fp
100057f8:	aa0e      	add	r2, sp, #56	@ 0x38
100057fa:	f7ff fc23 	bl	10005044 <tud_vendor_control_xfer_cb>
100057fe:	2800      	cmp	r0, #0
10005800:	d000      	beq.n	10005804 <tud_task_ext+0x32c>
10005802:	e67e      	b.n	10005502 <tud_task_ext+0x2a>
10005804:	e7ea      	b.n	100057dc <tud_task_ext+0x304>
10005806:	46c0      	nop			@ (mov r8, r8)
10005808:	2000109c 	.word	0x2000109c
1000580c:	10007e98 	.word	0x10007e98
10005810:	20001648 	.word	0x20001648
10005814:	200015f0 	.word	0x200015f0
10005818:	10007f40 	.word	0x10007f40
1000581c:	20001ed9 	.word	0x20001ed9
10005820:	20001508 	.word	0x20001508
10005824:	20001edb 	.word	0x20001edb
10005828:	10007ebc 	.word	0x10007ebc
1000582c:	200015f4 	.word	0x200015f4
10005830:	10005045 	.word	0x10005045
10005834:	7a23      	ldrb	r3, [r4, #8]
10005836:	8922      	ldrh	r2, [r4, #8]
10005838:	2b0f      	cmp	r3, #15
1000583a:	d8cf      	bhi.n	100057dc <tud_task_ext+0x304>
1000583c:	23ff      	movs	r3, #255	@ 0xff
1000583e:	4013      	ands	r3, r2
10005840:	4ad1      	ldr	r2, [pc, #836]	@ (10005b88 <tud_task_ext+0x6b0>)
10005842:	18eb      	adds	r3, r5, r3
10005844:	791b      	ldrb	r3, [r3, #4]
10005846:	7812      	ldrb	r2, [r2, #0]
10005848:	4293      	cmp	r3, r2
1000584a:	d334      	bcc.n	100058b6 <tud_task_ext+0x3de>
1000584c:	d1c6      	bne.n	100057dc <tud_task_ext+0x304>
1000584e:	4dcf      	ldr	r5, [pc, #828]	@ (10005b8c <tud_task_ext+0x6b4>)
10005850:	6968      	ldr	r0, [r5, #20]
10005852:	f000 fb53 	bl	10005efc <usbd_control_set_complete_callback>
10005856:	2101      	movs	r1, #1
10005858:	4658      	mov	r0, fp
1000585a:	696b      	ldr	r3, [r5, #20]
1000585c:	aa0e      	add	r2, sp, #56	@ 0x38
1000585e:	4798      	blx	r3
10005860:	2800      	cmp	r0, #0
10005862:	d000      	beq.n	10005866 <tud_task_ext+0x38e>
10005864:	e64d      	b.n	10005502 <tud_task_ext+0x2a>
10005866:	2260      	movs	r2, #96	@ 0x60
10005868:	0015      	movs	r5, r2
1000586a:	7923      	ldrb	r3, [r4, #4]
1000586c:	401d      	ands	r5, r3
1000586e:	421a      	tst	r2, r3
10005870:	d1b4      	bne.n	100057dc <tud_task_ext+0x304>
10005872:	7963      	ldrb	r3, [r4, #5]
10005874:	3b0a      	subs	r3, #10
10005876:	2b01      	cmp	r3, #1
10005878:	d8b0      	bhi.n	100057dc <tud_task_ext+0x304>
1000587a:	f000 fb3f 	bl	10005efc <usbd_control_set_complete_callback>
1000587e:	7963      	ldrb	r3, [r4, #5]
10005880:	2b0a      	cmp	r3, #10
10005882:	d100      	bne.n	10005886 <tud_task_ext+0x3ae>
10005884:	e18a      	b.n	10005b9c <tud_task_ext+0x6c4>
10005886:	4658      	mov	r0, fp
10005888:	a90e      	add	r1, sp, #56	@ 0x38
1000588a:	f000 fac7 	bl	10005e1c <tud_control_status>
1000588e:	e638      	b.n	10005502 <tud_task_ext+0x2a>
10005890:	4283      	cmp	r3, r0
10005892:	d000      	beq.n	10005896 <tud_task_ext+0x3be>
10005894:	e0f0      	b.n	10005a78 <tud_task_ext+0x5a0>
10005896:	4bbd      	ldr	r3, [pc, #756]	@ (10005b8c <tud_task_ext+0x6b4>)
10005898:	4699      	mov	r9, r3
1000589a:	2a00      	cmp	r2, #0
1000589c:	d100      	bne.n	100058a0 <tud_task_ext+0x3c8>
1000589e:	e0f0      	b.n	10005a82 <tud_task_ext+0x5aa>
100058a0:	464b      	mov	r3, r9
100058a2:	6958      	ldr	r0, [r3, #20]
100058a4:	f000 fb2a 	bl	10005efc <usbd_control_set_complete_callback>
100058a8:	464b      	mov	r3, r9
100058aa:	2101      	movs	r1, #1
100058ac:	4658      	mov	r0, fp
100058ae:	695b      	ldr	r3, [r3, #20]
100058b0:	aa0e      	add	r2, sp, #56	@ 0x38
100058b2:	4798      	blx	r3
100058b4:	e7a3      	b.n	100057fe <tud_task_ext+0x326>
100058b6:	4ab6      	ldr	r2, [pc, #728]	@ (10005b90 <tud_task_ext+0x6b8>)
100058b8:	015b      	lsls	r3, r3, #5
100058ba:	6815      	ldr	r5, [r2, #0]
100058bc:	18ed      	adds	r5, r5, r3
100058be:	2d00      	cmp	r5, #0
100058c0:	d1c6      	bne.n	10005850 <tud_task_ext+0x378>
100058c2:	e78b      	b.n	100057dc <tud_task_ext+0x304>
100058c4:	79a3      	ldrb	r3, [r4, #6]
100058c6:	4699      	mov	r9, r3
100058c8:	786b      	ldrb	r3, [r5, #1]
100058ca:	4599      	cmp	r9, r3
100058cc:	d0db      	beq.n	10005886 <tud_task_ext+0x3ae>
100058ce:	786b      	ldrb	r3, [r5, #1]
100058d0:	2b00      	cmp	r3, #0
100058d2:	d000      	beq.n	100058d6 <tud_task_ext+0x3fe>
100058d4:	e12c      	b.n	10005b30 <tud_task_ext+0x658>
100058d6:	464b      	mov	r3, r9
100058d8:	706b      	strb	r3, [r5, #1]
100058da:	2b00      	cmp	r3, #0
100058dc:	d100      	bne.n	100058e0 <tud_task_ext+0x408>
100058de:	e124      	b.n	10005b2a <tud_task_ext+0x652>
100058e0:	4648      	mov	r0, r9
100058e2:	3801      	subs	r0, #1
100058e4:	b2c0      	uxtb	r0, r0
100058e6:	f7ff fa09 	bl	10004cfc <tud_descriptor_configuration_cb>
100058ea:	2800      	cmp	r0, #0
100058ec:	d100      	bne.n	100058f0 <tud_task_ext+0x418>
100058ee:	e174      	b.n	10005bda <tud_task_ext+0x702>
100058f0:	7843      	ldrb	r3, [r0, #1]
100058f2:	9307      	str	r3, [sp, #28]
100058f4:	2b02      	cmp	r3, #2
100058f6:	d000      	beq.n	100058fa <tud_task_ext+0x422>
100058f8:	e16f      	b.n	10005bda <tud_task_ext+0x702>
100058fa:	2201      	movs	r2, #1
100058fc:	79c1      	ldrb	r1, [r0, #7]
100058fe:	46b1      	mov	r9, r6
10005900:	118b      	asrs	r3, r1, #6
10005902:	1149      	asrs	r1, r1, #5
10005904:	4013      	ands	r3, r2
10005906:	400a      	ands	r2, r1
10005908:	2130      	movs	r1, #48	@ 0x30
1000590a:	0112      	lsls	r2, r2, #4
1000590c:	015b      	lsls	r3, r3, #5
1000590e:	4313      	orrs	r3, r2
10005910:	782a      	ldrb	r2, [r5, #0]
10005912:	46a8      	mov	r8, r5
10005914:	438a      	bics	r2, r1
10005916:	4313      	orrs	r3, r2
10005918:	702b      	strb	r3, [r5, #0]
1000591a:	2309      	movs	r3, #9
1000591c:	469a      	mov	sl, r3
1000591e:	4482      	add	sl, r0
10005920:	4656      	mov	r6, sl
10005922:	46ba      	mov	sl, r7
10005924:	78c3      	ldrb	r3, [r0, #3]
10005926:	7882      	ldrb	r2, [r0, #2]
10005928:	021b      	lsls	r3, r3, #8
1000592a:	4313      	orrs	r3, r2
1000592c:	18c3      	adds	r3, r0, r3
1000592e:	9305      	str	r3, [sp, #20]
10005930:	4b95      	ldr	r3, [pc, #596]	@ (10005b88 <tud_task_ext+0x6b0>)
10005932:	9304      	str	r3, [sp, #16]
10005934:	4b95      	ldr	r3, [pc, #596]	@ (10005b8c <tud_task_ext+0x6b4>)
10005936:	9308      	str	r3, [sp, #32]
10005938:	4b95      	ldr	r3, [pc, #596]	@ (10005b90 <tud_task_ext+0x6b8>)
1000593a:	9309      	str	r3, [sp, #36]	@ 0x24
1000593c:	4b95      	ldr	r3, [pc, #596]	@ (10005b94 <tud_task_ext+0x6bc>)
1000593e:	930a      	str	r3, [sp, #40]	@ 0x28
10005940:	9b05      	ldr	r3, [sp, #20]
10005942:	42b3      	cmp	r3, r6
10005944:	d800      	bhi.n	10005948 <tud_task_ext+0x470>
10005946:	e14b      	b.n	10005be0 <tud_task_ext+0x708>
10005948:	7873      	ldrb	r3, [r6, #1]
1000594a:	2201      	movs	r2, #1
1000594c:	2b0b      	cmp	r3, #11
1000594e:	d103      	bne.n	10005958 <tud_task_ext+0x480>
10005950:	7833      	ldrb	r3, [r6, #0]
10005952:	78f2      	ldrb	r2, [r6, #3]
10005954:	18f6      	adds	r6, r6, r3
10005956:	7873      	ldrb	r3, [r6, #1]
10005958:	2b04      	cmp	r3, #4
1000595a:	d000      	beq.n	1000595e <tud_task_ext+0x486>
1000595c:	e13a      	b.n	10005bd4 <tud_task_ext+0x6fc>
1000595e:	9b05      	ldr	r3, [sp, #20]
10005960:	2700      	movs	r7, #0
10005962:	1b9b      	subs	r3, r3, r6
10005964:	b29b      	uxth	r3, r3
10005966:	9306      	str	r3, [sp, #24]
10005968:	9b04      	ldr	r3, [sp, #16]
1000596a:	920b      	str	r2, [sp, #44]	@ 0x2c
1000596c:	781d      	ldrb	r5, [r3, #0]
1000596e:	e019      	b.n	100059a4 <tud_task_ext+0x4cc>
10005970:	9a09      	ldr	r2, [sp, #36]	@ 0x24
10005972:	017b      	lsls	r3, r7, #5
10005974:	6815      	ldr	r5, [r2, #0]
10005976:	18ed      	adds	r5, r5, r3
10005978:	2d00      	cmp	r5, #0
1000597a:	d100      	bne.n	1000597e <tud_task_ext+0x4a6>
1000597c:	e12a      	b.n	10005bd4 <tud_task_ext+0x6fc>
1000597e:	0031      	movs	r1, r6
10005980:	4658      	mov	r0, fp
10005982:	692b      	ldr	r3, [r5, #16]
10005984:	9a06      	ldr	r2, [sp, #24]
10005986:	4798      	blx	r3
10005988:	4684      	mov	ip, r0
1000598a:	2808      	cmp	r0, #8
1000598c:	d903      	bls.n	10005996 <tud_task_ext+0x4be>
1000598e:	9a06      	ldr	r2, [sp, #24]
10005990:	4282      	cmp	r2, r0
10005992:	d300      	bcc.n	10005996 <tud_task_ext+0x4be>
10005994:	e10b      	b.n	10005bae <tud_task_ext+0x6d6>
10005996:	9b04      	ldr	r3, [sp, #16]
10005998:	3701      	adds	r7, #1
1000599a:	781d      	ldrb	r5, [r3, #0]
1000599c:	b2ff      	uxtb	r7, r7
1000599e:	42bd      	cmp	r5, r7
100059a0:	d200      	bcs.n	100059a4 <tud_task_ext+0x4cc>
100059a2:	e117      	b.n	10005bd4 <tud_task_ext+0x6fc>
100059a4:	42bd      	cmp	r5, r7
100059a6:	d8e3      	bhi.n	10005970 <tud_task_ext+0x498>
100059a8:	9b08      	ldr	r3, [sp, #32]
100059aa:	1b7d      	subs	r5, r7, r5
100059ac:	016d      	lsls	r5, r5, #5
100059ae:	195d      	adds	r5, r3, r5
100059b0:	e7e5      	b.n	1000597e <tud_task_ext+0x4a6>
100059b2:	786b      	ldrb	r3, [r5, #1]
100059b4:	aa0c      	add	r2, sp, #48	@ 0x30
100059b6:	3202      	adds	r2, #2
100059b8:	7013      	strb	r3, [r2, #0]
100059ba:	4658      	mov	r0, fp
100059bc:	2301      	movs	r3, #1
100059be:	a90e      	add	r1, sp, #56	@ 0x38
100059c0:	f000 fa42 	bl	10005e48 <tud_control_xfer>
100059c4:	e59d      	b.n	10005502 <tud_task_ext+0x2a>
100059c6:	88e0      	ldrh	r0, [r4, #6]
100059c8:	0a03      	lsrs	r3, r0, #8
100059ca:	b2c0      	uxtb	r0, r0
100059cc:	2b0f      	cmp	r3, #15
100059ce:	d900      	bls.n	100059d2 <tud_task_ext+0x4fa>
100059d0:	e704      	b.n	100057dc <tud_task_ext+0x304>
100059d2:	4971      	ldr	r1, [pc, #452]	@ (10005b98 <tud_task_ext+0x6c0>)
100059d4:	009a      	lsls	r2, r3, #2
100059d6:	588a      	ldr	r2, [r1, r2]
100059d8:	4697      	mov	pc, r2
100059da:	a80e      	add	r0, sp, #56	@ 0x38
100059dc:	f000 fa94 	bl	10005f08 <usbd_control_set_request>
100059e0:	4658      	mov	r0, fp
100059e2:	79a1      	ldrb	r1, [r4, #6]
100059e4:	f7ff fbb4 	bl	10005150 <dcd_set_address>
100059e8:	2202      	movs	r2, #2
100059ea:	782b      	ldrb	r3, [r5, #0]
100059ec:	4313      	orrs	r3, r2
100059ee:	702b      	strb	r3, [r5, #0]
100059f0:	e587      	b.n	10005502 <tud_task_ext+0x2a>
100059f2:	88e3      	ldrh	r3, [r4, #6]
100059f4:	2b01      	cmp	r3, #1
100059f6:	d000      	beq.n	100059fa <tud_task_ext+0x522>
100059f8:	e6f0      	b.n	100057dc <tud_task_ext+0x304>
100059fa:	2208      	movs	r2, #8
100059fc:	782b      	ldrb	r3, [r5, #0]
100059fe:	4658      	mov	r0, fp
10005a00:	4393      	bics	r3, r2
10005a02:	a90e      	add	r1, sp, #56	@ 0x38
10005a04:	702b      	strb	r3, [r5, #0]
10005a06:	f000 fa09 	bl	10005e1c <tud_control_status>
10005a0a:	e57a      	b.n	10005502 <tud_task_ext+0x2a>
10005a0c:	2002      	movs	r0, #2
10005a0e:	7829      	ldrb	r1, [r5, #0]
10005a10:	ab0c      	add	r3, sp, #48	@ 0x30
10005a12:	1c9a      	adds	r2, r3, #2
10005a14:	068b      	lsls	r3, r1, #26
10005a16:	0889      	lsrs	r1, r1, #2
10005a18:	0fdb      	lsrs	r3, r3, #31
10005a1a:	4001      	ands	r1, r0
10005a1c:	430b      	orrs	r3, r1
10005a1e:	8013      	strh	r3, [r2, #0]
10005a20:	4658      	mov	r0, fp
10005a22:	2302      	movs	r3, #2
10005a24:	a90e      	add	r1, sp, #56	@ 0x38
10005a26:	f000 fa0f 	bl	10005e48 <tud_control_xfer>
10005a2a:	e56a      	b.n	10005502 <tud_task_ext+0x2a>
10005a2c:	88e3      	ldrh	r3, [r4, #6]
10005a2e:	2b01      	cmp	r3, #1
10005a30:	d000      	beq.n	10005a34 <tud_task_ext+0x55c>
10005a32:	e6d3      	b.n	100057dc <tud_task_ext+0x304>
10005a34:	2208      	movs	r2, #8
10005a36:	782b      	ldrb	r3, [r5, #0]
10005a38:	4313      	orrs	r3, r2
10005a3a:	702b      	strb	r3, [r5, #0]
10005a3c:	e723      	b.n	10005886 <tud_task_ext+0x3ae>
10005a3e:	7a23      	ldrb	r3, [r4, #8]
10005a40:	8922      	ldrh	r2, [r4, #8]
10005a42:	2b0f      	cmp	r3, #15
10005a44:	d900      	bls.n	10005a48 <tud_task_ext+0x570>
10005a46:	e6c9      	b.n	100057dc <tud_task_ext+0x304>
10005a48:	23ff      	movs	r3, #255	@ 0xff
10005a4a:	4013      	ands	r3, r2
10005a4c:	4a4e      	ldr	r2, [pc, #312]	@ (10005b88 <tud_task_ext+0x6b0>)
10005a4e:	18eb      	adds	r3, r5, r3
10005a50:	791b      	ldrb	r3, [r3, #4]
10005a52:	7812      	ldrb	r2, [r2, #0]
10005a54:	4293      	cmp	r3, r2
10005a56:	d228      	bcs.n	10005aaa <tud_task_ext+0x5d2>
10005a58:	4a4d      	ldr	r2, [pc, #308]	@ (10005b90 <tud_task_ext+0x6b8>)
10005a5a:	015b      	lsls	r3, r3, #5
10005a5c:	6815      	ldr	r5, [r2, #0]
10005a5e:	18ed      	adds	r5, r5, r3
10005a60:	2d00      	cmp	r5, #0
10005a62:	d100      	bne.n	10005a66 <tud_task_ext+0x58e>
10005a64:	e6ba      	b.n	100057dc <tud_task_ext+0x304>
10005a66:	6968      	ldr	r0, [r5, #20]
10005a68:	f000 fa48 	bl	10005efc <usbd_control_set_complete_callback>
10005a6c:	2101      	movs	r1, #1
10005a6e:	4658      	mov	r0, fp
10005a70:	696b      	ldr	r3, [r5, #20]
10005a72:	aa0e      	add	r2, sp, #56	@ 0x38
10005a74:	4798      	blx	r3
10005a76:	e6c2      	b.n	100057fe <tud_task_ext+0x326>
10005a78:	2a00      	cmp	r2, #0
10005a7a:	d000      	beq.n	10005a7e <tud_task_ext+0x5a6>
10005a7c:	e6ae      	b.n	100057dc <tud_task_ext+0x304>
10005a7e:	2300      	movs	r3, #0
10005a80:	4699      	mov	r9, r3
10005a82:	7962      	ldrb	r2, [r4, #5]
10005a84:	2002      	movs	r0, #2
10005a86:	0013      	movs	r3, r2
10005a88:	9204      	str	r2, [sp, #16]
10005a8a:	4383      	bics	r3, r0
10005a8c:	2b01      	cmp	r3, #1
10005a8e:	d011      	beq.n	10005ab4 <tud_task_ext+0x5dc>
10005a90:	2a00      	cmp	r2, #0
10005a92:	d000      	beq.n	10005a96 <tud_task_ext+0x5be>
10005a94:	e6a2      	b.n	100057dc <tud_task_ext+0x304>
10005a96:	002b      	movs	r3, r5
10005a98:	4443      	add	r3, r8
10005a9a:	4453      	add	r3, sl
10005a9c:	3330      	adds	r3, #48	@ 0x30
10005a9e:	791b      	ldrb	r3, [r3, #4]
10005aa0:	aa0c      	add	r2, sp, #48	@ 0x30
10005aa2:	079b      	lsls	r3, r3, #30
10005aa4:	0fdb      	lsrs	r3, r3, #31
10005aa6:	3202      	adds	r2, #2
10005aa8:	e7b9      	b.n	10005a1e <tud_task_ext+0x546>
10005aaa:	4293      	cmp	r3, r2
10005aac:	d000      	beq.n	10005ab0 <tud_task_ext+0x5d8>
10005aae:	e695      	b.n	100057dc <tud_task_ext+0x304>
10005ab0:	4d36      	ldr	r5, [pc, #216]	@ (10005b8c <tud_task_ext+0x6b4>)
10005ab2:	e7d8      	b.n	10005a66 <tud_task_ext+0x58e>
10005ab4:	88e3      	ldrh	r3, [r4, #6]
10005ab6:	2b00      	cmp	r3, #0
10005ab8:	d112      	bne.n	10005ae0 <tud_task_ext+0x608>
10005aba:	9b03      	ldr	r3, [sp, #12]
10005abc:	7818      	ldrb	r0, [r3, #0]
10005abe:	9b04      	ldr	r3, [sp, #16]
10005ac0:	2b01      	cmp	r3, #1
10005ac2:	d023      	beq.n	10005b0c <tud_task_ext+0x634>
10005ac4:	f7ff fbfe 	bl	100052c4 <dcd_edpt_stall>
10005ac8:	4643      	mov	r3, r8
10005aca:	2102      	movs	r1, #2
10005acc:	18eb      	adds	r3, r5, r3
10005ace:	4453      	add	r3, sl
10005ad0:	3330      	adds	r3, #48	@ 0x30
10005ad2:	791a      	ldrb	r2, [r3, #4]
10005ad4:	430a      	orrs	r2, r1
10005ad6:	2101      	movs	r1, #1
10005ad8:	711a      	strb	r2, [r3, #4]
10005ada:	791a      	ldrb	r2, [r3, #4]
10005adc:	430a      	orrs	r2, r1
10005ade:	711a      	strb	r2, [r3, #4]
10005ae0:	464b      	mov	r3, r9
10005ae2:	2b00      	cmp	r3, #0
10005ae4:	d100      	bne.n	10005ae8 <tud_task_ext+0x610>
10005ae6:	e50c      	b.n	10005502 <tud_task_ext+0x2a>
10005ae8:	6958      	ldr	r0, [r3, #20]
10005aea:	f000 fa07 	bl	10005efc <usbd_control_set_complete_callback>
10005aee:	464b      	mov	r3, r9
10005af0:	2101      	movs	r1, #1
10005af2:	695b      	ldr	r3, [r3, #20]
10005af4:	aa0e      	add	r2, sp, #56	@ 0x38
10005af6:	4658      	mov	r0, fp
10005af8:	4798      	blx	r3
10005afa:	2000      	movs	r0, #0
10005afc:	f000 f9fe 	bl	10005efc <usbd_control_set_complete_callback>
10005b00:	2335      	movs	r3, #53	@ 0x35
10005b02:	5ceb      	ldrb	r3, [r5, r3]
10005b04:	07db      	lsls	r3, r3, #31
10005b06:	d500      	bpl.n	10005b0a <tud_task_ext+0x632>
10005b08:	e4fb      	b.n	10005502 <tud_task_ext+0x2a>
10005b0a:	e6bc      	b.n	10005886 <tud_task_ext+0x3ae>
10005b0c:	f7ff fbf8 	bl	10005300 <dcd_edpt_clear_stall>
10005b10:	4643      	mov	r3, r8
10005b12:	2102      	movs	r1, #2
10005b14:	18eb      	adds	r3, r5, r3
10005b16:	4453      	add	r3, sl
10005b18:	3330      	adds	r3, #48	@ 0x30
10005b1a:	791a      	ldrb	r2, [r3, #4]
10005b1c:	438a      	bics	r2, r1
10005b1e:	711a      	strb	r2, [r3, #4]
10005b20:	791a      	ldrb	r2, [r3, #4]
10005b22:	9904      	ldr	r1, [sp, #16]
10005b24:	438a      	bics	r2, r1
10005b26:	711a      	strb	r2, [r3, #4]
10005b28:	e7da      	b.n	10005ae0 <tud_task_ext+0x608>
10005b2a:	f7ff fc4b 	bl	100053c4 <tud_umount_cb>
10005b2e:	e6aa      	b.n	10005886 <tud_task_ext+0x3ae>
10005b30:	2100      	movs	r1, #0
10005b32:	4658      	mov	r0, fp
10005b34:	f7ff fb16 	bl	10005164 <dcd_sof_enable>
10005b38:	4658      	mov	r0, fp
10005b3a:	f7ff fbad 	bl	10005298 <dcd_edpt_close_all>
10005b3e:	2200      	movs	r2, #0
10005b40:	4692      	mov	sl, r2
10005b42:	4a12      	ldr	r2, [pc, #72]	@ (10005b8c <tud_task_ext+0x6b4>)
10005b44:	78ab      	ldrb	r3, [r5, #2]
10005b46:	9205      	str	r2, [sp, #20]
10005b48:	4a11      	ldr	r2, [pc, #68]	@ (10005b90 <tud_task_ext+0x6b8>)
10005b4a:	9304      	str	r3, [sp, #16]
10005b4c:	9206      	str	r2, [sp, #24]
10005b4e:	002a      	movs	r2, r5
10005b50:	4b0d      	ldr	r3, [pc, #52]	@ (10005b88 <tud_task_ext+0x6b0>)
10005b52:	4655      	mov	r5, sl
10005b54:	4698      	mov	r8, r3
10005b56:	4692      	mov	sl, r2
10005b58:	781b      	ldrb	r3, [r3, #0]
10005b5a:	e00e      	b.n	10005b7a <tud_task_ext+0x6a2>
10005b5c:	9b06      	ldr	r3, [sp, #24]
10005b5e:	016a      	lsls	r2, r5, #5
10005b60:	681b      	ldr	r3, [r3, #0]
10005b62:	189b      	adds	r3, r3, r2
10005b64:	2b00      	cmp	r3, #0
10005b66:	d054      	beq.n	10005c12 <tud_task_ext+0x73a>
10005b68:	68db      	ldr	r3, [r3, #12]
10005b6a:	4658      	mov	r0, fp
10005b6c:	4798      	blx	r3
10005b6e:	4643      	mov	r3, r8
10005b70:	3501      	adds	r5, #1
10005b72:	781b      	ldrb	r3, [r3, #0]
10005b74:	b2ed      	uxtb	r5, r5
10005b76:	42ab      	cmp	r3, r5
10005b78:	d337      	bcc.n	10005bea <tud_task_ext+0x712>
10005b7a:	42ab      	cmp	r3, r5
10005b7c:	d8ee      	bhi.n	10005b5c <tud_task_ext+0x684>
10005b7e:	9a05      	ldr	r2, [sp, #20]
10005b80:	1aeb      	subs	r3, r5, r3
10005b82:	015b      	lsls	r3, r3, #5
10005b84:	18d3      	adds	r3, r2, r3
10005b86:	e7ef      	b.n	10005b68 <tud_task_ext+0x690>
10005b88:	20001ed9 	.word	0x20001ed9
10005b8c:	10007f40 	.word	0x10007f40
10005b90:	20001508 	.word	0x20001508
10005b94:	20001604 	.word	0x20001604
10005b98:	10007ee4 	.word	0x10007ee4
10005b9c:	ab0c      	add	r3, sp, #48	@ 0x30
10005b9e:	1c9a      	adds	r2, r3, #2
10005ba0:	4658      	mov	r0, fp
10005ba2:	2301      	movs	r3, #1
10005ba4:	a90e      	add	r1, sp, #56	@ 0x38
10005ba6:	7015      	strb	r5, [r2, #0]
10005ba8:	f000 f94e 	bl	10005e48 <tud_control_xfer>
10005bac:	e4a9      	b.n	10005502 <tud_task_ext+0x2a>
10005bae:	9a0b      	ldr	r2, [sp, #44]	@ 0x2c
10005bb0:	2a01      	cmp	r2, #1
10005bb2:	d04c      	beq.n	10005c4e <tud_task_ext+0x776>
10005bb4:	2a00      	cmp	r2, #0
10005bb6:	d03c      	beq.n	10005c32 <tud_task_ext+0x75a>
10005bb8:	2300      	movs	r3, #0
10005bba:	78b0      	ldrb	r0, [r6, #2]
10005bbc:	e004      	b.n	10005bc8 <tud_task_ext+0x6f0>
10005bbe:	3301      	adds	r3, #1
10005bc0:	b2db      	uxtb	r3, r3
10005bc2:	710f      	strb	r7, [r1, #4]
10005bc4:	4293      	cmp	r3, r2
10005bc6:	d234      	bcs.n	10005c32 <tud_task_ext+0x75a>
10005bc8:	18c1      	adds	r1, r0, r3
10005bca:	b2c9      	uxtb	r1, r1
10005bcc:	4441      	add	r1, r8
10005bce:	790d      	ldrb	r5, [r1, #4]
10005bd0:	2dff      	cmp	r5, #255	@ 0xff
10005bd2:	d0f4      	beq.n	10005bbe <tud_task_ext+0x6e6>
10005bd4:	464e      	mov	r6, r9
10005bd6:	4645      	mov	r5, r8
10005bd8:	4657      	mov	r7, sl
10005bda:	2300      	movs	r3, #0
10005bdc:	706b      	strb	r3, [r5, #1]
10005bde:	e5fd      	b.n	100057dc <tud_task_ext+0x304>
10005be0:	464e      	mov	r6, r9
10005be2:	4657      	mov	r7, sl
10005be4:	f7ff fbec 	bl	100053c0 <tud_mount_cb>
10005be8:	e64d      	b.n	10005886 <tud_task_ext+0x3ae>
10005bea:	4655      	mov	r5, sl
10005bec:	2254      	movs	r2, #84	@ 0x54
10005bee:	2100      	movs	r1, #0
10005bf0:	0028      	movs	r0, r5
10005bf2:	f7fc ffb3 	bl	10002b5c <__wrap_memset>
10005bf6:	2210      	movs	r2, #16
10005bf8:	21ff      	movs	r1, #255	@ 0xff
10005bfa:	1d28      	adds	r0, r5, #4
10005bfc:	f7fc ffae 	bl	10002b5c <__wrap_memset>
10005c00:	0028      	movs	r0, r5
10005c02:	2220      	movs	r2, #32
10005c04:	21ff      	movs	r1, #255	@ 0xff
10005c06:	3014      	adds	r0, #20
10005c08:	f7fc ffa8 	bl	10002b5c <__wrap_memset>
10005c0c:	9b04      	ldr	r3, [sp, #16]
10005c0e:	70ab      	strb	r3, [r5, #2]
10005c10:	e661      	b.n	100058d6 <tud_task_ext+0x3fe>
10005c12:	4655      	mov	r5, sl
10005c14:	e7fa      	b.n	10005c0c <tud_task_ext+0x734>
10005c16:	f7ff fa11 	bl	1000503c <tud_descriptor_bos_cb>
10005c1a:	1e02      	subs	r2, r0, #0
10005c1c:	d100      	bne.n	10005c20 <tud_task_ext+0x748>
10005c1e:	e5dd      	b.n	100057dc <tud_task_ext+0x304>
10005c20:	78d3      	ldrb	r3, [r2, #3]
10005c22:	7891      	ldrb	r1, [r2, #2]
10005c24:	021b      	lsls	r3, r3, #8
10005c26:	430b      	orrs	r3, r1
10005c28:	4658      	mov	r0, fp
10005c2a:	a90e      	add	r1, sp, #56	@ 0x38
10005c2c:	f000 f90c 	bl	10005e48 <tud_control_xfer>
10005c30:	e5e5      	b.n	100057fe <tud_task_ext+0x326>
10005c32:	4665      	mov	r5, ip
10005c34:	003b      	movs	r3, r7
10005c36:	0031      	movs	r1, r6
10005c38:	002a      	movs	r2, r5
10005c3a:	980a      	ldr	r0, [sp, #40]	@ 0x28
10005c3c:	f000 fd46 	bl	100066cc <tu_edpt_bind_driver>
10005c40:	9b04      	ldr	r3, [sp, #16]
10005c42:	1976      	adds	r6, r6, r5
10005c44:	781b      	ldrb	r3, [r3, #0]
10005c46:	42bb      	cmp	r3, r7
10005c48:	d300      	bcc.n	10005c4c <tud_task_ext+0x774>
10005c4a:	e679      	b.n	10005940 <tud_task_ext+0x468>
10005c4c:	e7c2      	b.n	10005bd4 <tud_task_ext+0x6fc>
10005c4e:	4b17      	ldr	r3, [pc, #92]	@ (10005cac <tud_task_ext+0x7d4>)
10005c50:	6929      	ldr	r1, [r5, #16]
10005c52:	4299      	cmp	r1, r3
10005c54:	d1b0      	bne.n	10005bb8 <tud_task_ext+0x6e0>
10005c56:	9a07      	ldr	r2, [sp, #28]
10005c58:	e7ae      	b.n	10005bb8 <tud_task_ext+0x6e0>
10005c5a:	f7ff fbad 	bl	100053b8 <tud_descriptor_device_qualifier_cb>
10005c5e:	1e02      	subs	r2, r0, #0
10005c60:	d100      	bne.n	10005c64 <tud_task_ext+0x78c>
10005c62:	e5bb      	b.n	100057dc <tud_task_ext+0x304>
10005c64:	4658      	mov	r0, fp
10005c66:	7813      	ldrb	r3, [r2, #0]
10005c68:	a90e      	add	r1, sp, #56	@ 0x38
10005c6a:	f000 f8ed 	bl	10005e48 <tud_control_xfer>
10005c6e:	e5c6      	b.n	100057fe <tud_task_ext+0x326>
10005c70:	8921      	ldrh	r1, [r4, #8]
10005c72:	f7ff f847 	bl	10004d04 <tud_descriptor_string_cb>
10005c76:	1e02      	subs	r2, r0, #0
10005c78:	d1f4      	bne.n	10005c64 <tud_task_ext+0x78c>
10005c7a:	e5af      	b.n	100057dc <tud_task_ext+0x304>
10005c7c:	2b02      	cmp	r3, #2
10005c7e:	d00f      	beq.n	10005ca0 <tud_task_ext+0x7c8>
10005c80:	f7ff fb9c 	bl	100053bc <tud_descriptor_other_speed_configuration_cb>
10005c84:	1e02      	subs	r2, r0, #0
10005c86:	d1cb      	bne.n	10005c20 <tud_task_ext+0x748>
10005c88:	e5a8      	b.n	100057dc <tud_task_ext+0x304>
10005c8a:	f7ff f833 	bl	10004cf4 <tud_descriptor_device_cb>
10005c8e:	1e02      	subs	r2, r0, #0
10005c90:	d100      	bne.n	10005c94 <tud_task_ext+0x7bc>
10005c92:	e5a3      	b.n	100057dc <tud_task_ext+0x304>
10005c94:	2312      	movs	r3, #18
10005c96:	4658      	mov	r0, fp
10005c98:	a90e      	add	r1, sp, #56	@ 0x38
10005c9a:	f000 f8d5 	bl	10005e48 <tud_control_xfer>
10005c9e:	e5ae      	b.n	100057fe <tud_task_ext+0x326>
10005ca0:	f7ff f82c 	bl	10004cfc <tud_descriptor_configuration_cb>
10005ca4:	1e02      	subs	r2, r0, #0
10005ca6:	d1bb      	bne.n	10005c20 <tud_task_ext+0x748>
10005ca8:	e598      	b.n	100057dc <tud_task_ext+0x304>
10005caa:	46c0      	nop			@ (mov r8, r8)
10005cac:	100062f5 	.word	0x100062f5

10005cb0 <usbd_open_edpt_pair>:
10005cb0:	b5f0      	push	{r4, r5, r6, r7, lr}
10005cb2:	464f      	mov	r7, r9
10005cb4:	4646      	mov	r6, r8
10005cb6:	46d6      	mov	lr, sl
10005cb8:	b5c0      	push	{r6, r7, lr}
10005cba:	000c      	movs	r4, r1
10005cbc:	0016      	movs	r6, r2
10005cbe:	001f      	movs	r7, r3
10005cc0:	b082      	sub	sp, #8
10005cc2:	2a00      	cmp	r2, #0
10005cc4:	d03a      	beq.n	10005d3c <usbd_open_edpt_pair+0x8c>
10005cc6:	2370      	movs	r3, #112	@ 0x70
10005cc8:	4698      	mov	r8, r3
10005cca:	4b1d      	ldr	r3, [pc, #116]	@ (10005d40 <usbd_open_edpt_pair+0x90>)
10005ccc:	2500      	movs	r5, #0
10005cce:	4699      	mov	r9, r3
10005cd0:	4b1c      	ldr	r3, [pc, #112]	@ (10005d44 <usbd_open_edpt_pair+0x94>)
10005cd2:	469a      	mov	sl, r3
10005cd4:	e01a      	b.n	10005d0c <usbd_open_edpt_pair+0x5c>
10005cd6:	464b      	mov	r3, r9
10005cd8:	781b      	ldrb	r3, [r3, #0]
10005cda:	0020      	movs	r0, r4
10005cdc:	9301      	str	r3, [sp, #4]
10005cde:	4653      	mov	r3, sl
10005ce0:	7899      	ldrb	r1, [r3, #2]
10005ce2:	f000 fcb9 	bl	10006658 <tu_edpt_validate>
10005ce6:	2800      	cmp	r0, #0
10005ce8:	d01c      	beq.n	10005d24 <usbd_open_edpt_pair+0x74>
10005cea:	0021      	movs	r1, r4
10005cec:	9801      	ldr	r0, [sp, #4]
10005cee:	f7ff fa55 	bl	1000519c <dcd_edpt_open>
10005cf2:	2800      	cmp	r0, #0
10005cf4:	d016      	beq.n	10005d24 <usbd_open_edpt_pair+0x74>
10005cf6:	78a3      	ldrb	r3, [r4, #2]
10005cf8:	09da      	lsrs	r2, r3, #7
10005cfa:	2a01      	cmp	r2, #1
10005cfc:	d019      	beq.n	10005d32 <usbd_open_edpt_pair+0x82>
10005cfe:	9a0a      	ldr	r2, [sp, #40]	@ 0x28
10005d00:	3501      	adds	r5, #1
10005d02:	7013      	strb	r3, [r2, #0]
10005d04:	42b5      	cmp	r5, r6
10005d06:	da19      	bge.n	10005d3c <usbd_open_edpt_pair+0x8c>
10005d08:	7823      	ldrb	r3, [r4, #0]
10005d0a:	18e4      	adds	r4, r4, r3
10005d0c:	7863      	ldrb	r3, [r4, #1]
10005d0e:	2b05      	cmp	r3, #5
10005d10:	d108      	bne.n	10005d24 <usbd_open_edpt_pair+0x74>
10005d12:	78e3      	ldrb	r3, [r4, #3]
10005d14:	079b      	lsls	r3, r3, #30
10005d16:	0f9b      	lsrs	r3, r3, #30
10005d18:	42bb      	cmp	r3, r7
10005d1a:	d103      	bne.n	10005d24 <usbd_open_edpt_pair+0x74>
10005d1c:	4642      	mov	r2, r8
10005d1e:	78a3      	ldrb	r3, [r4, #2]
10005d20:	421a      	tst	r2, r3
10005d22:	d0d8      	beq.n	10005cd6 <usbd_open_edpt_pair+0x26>
10005d24:	2000      	movs	r0, #0
10005d26:	b002      	add	sp, #8
10005d28:	bce0      	pop	{r5, r6, r7}
10005d2a:	46ba      	mov	sl, r7
10005d2c:	46b1      	mov	r9, r6
10005d2e:	46a8      	mov	r8, r5
10005d30:	bdf0      	pop	{r4, r5, r6, r7, pc}
10005d32:	9a0b      	ldr	r2, [sp, #44]	@ 0x2c
10005d34:	3501      	adds	r5, #1
10005d36:	7013      	strb	r3, [r2, #0]
10005d38:	42b5      	cmp	r5, r6
10005d3a:	dbe5      	blt.n	10005d08 <usbd_open_edpt_pair+0x58>
10005d3c:	2001      	movs	r0, #1
10005d3e:	e7f2      	b.n	10005d26 <usbd_open_edpt_pair+0x76>
10005d40:	2000109c 	.word	0x2000109c
10005d44:	200015f0 	.word	0x200015f0

10005d48 <usbd_edpt_open>:
10005d48:	2270      	movs	r2, #112	@ 0x70
10005d4a:	b570      	push	{r4, r5, r6, lr}
10005d4c:	788b      	ldrb	r3, [r1, #2]
10005d4e:	000c      	movs	r4, r1
10005d50:	421a      	tst	r2, r3
10005d52:	d001      	beq.n	10005d58 <usbd_edpt_open+0x10>
10005d54:	2000      	movs	r0, #0
10005d56:	bd70      	pop	{r4, r5, r6, pc}
10005d58:	4b06      	ldr	r3, [pc, #24]	@ (10005d74 <usbd_edpt_open+0x2c>)
10005d5a:	0020      	movs	r0, r4
10005d5c:	781d      	ldrb	r5, [r3, #0]
10005d5e:	4b06      	ldr	r3, [pc, #24]	@ (10005d78 <usbd_edpt_open+0x30>)
10005d60:	7899      	ldrb	r1, [r3, #2]
10005d62:	f000 fc79 	bl	10006658 <tu_edpt_validate>
10005d66:	2800      	cmp	r0, #0
10005d68:	d0f4      	beq.n	10005d54 <usbd_edpt_open+0xc>
10005d6a:	0021      	movs	r1, r4
10005d6c:	0028      	movs	r0, r5
10005d6e:	f7ff fa15 	bl	1000519c <dcd_edpt_open>
10005d72:	e7f0      	b.n	10005d56 <usbd_edpt_open+0xe>
10005d74:	2000109c 	.word	0x2000109c
10005d78:	200015f0 	.word	0x200015f0

10005d7c <usbd_edpt_claim>:
10005d7c:	207f      	movs	r0, #127	@ 0x7f
10005d7e:	4b07      	ldr	r3, [pc, #28]	@ (10005d9c <usbd_edpt_claim+0x20>)
10005d80:	b510      	push	{r4, lr}
10005d82:	681a      	ldr	r2, [r3, #0]
10005d84:	4008      	ands	r0, r1
10005d86:	09cb      	lsrs	r3, r1, #7
10005d88:	3334      	adds	r3, #52	@ 0x34
10005d8a:	0040      	lsls	r0, r0, #1
10005d8c:	18c0      	adds	r0, r0, r3
10005d8e:	4b04      	ldr	r3, [pc, #16]	@ (10005da0 <usbd_edpt_claim+0x24>)
10005d90:	0011      	movs	r1, r2
10005d92:	18c0      	adds	r0, r0, r3
10005d94:	f000 fc1c 	bl	100065d0 <tu_edpt_claim>
10005d98:	bd10      	pop	{r4, pc}
10005d9a:	46c0      	nop			@ (mov r8, r8)
10005d9c:	20001644 	.word	0x20001644
10005da0:	200015f0 	.word	0x200015f0

10005da4 <usbd_edpt_release>:
10005da4:	207f      	movs	r0, #127	@ 0x7f
10005da6:	4b07      	ldr	r3, [pc, #28]	@ (10005dc4 <usbd_edpt_release+0x20>)
10005da8:	b510      	push	{r4, lr}
10005daa:	681a      	ldr	r2, [r3, #0]
10005dac:	4008      	ands	r0, r1
10005dae:	09cb      	lsrs	r3, r1, #7
10005db0:	3334      	adds	r3, #52	@ 0x34
10005db2:	0040      	lsls	r0, r0, #1
10005db4:	18c0      	adds	r0, r0, r3
10005db6:	4b04      	ldr	r3, [pc, #16]	@ (10005dc8 <usbd_edpt_release+0x24>)
10005db8:	0011      	movs	r1, r2
10005dba:	18c0      	adds	r0, r0, r3
10005dbc:	f000 fc30 	bl	10006620 <tu_edpt_release>
10005dc0:	bd10      	pop	{r4, pc}
10005dc2:	46c0      	nop			@ (mov r8, r8)
10005dc4:	20001644 	.word	0x20001644
10005dc8:	200015f0 	.word	0x200015f0

10005dcc <usbd_edpt_xfer>:
10005dcc:	b570      	push	{r4, r5, r6, lr}
10005dce:	247f      	movs	r4, #127	@ 0x7f
10005dd0:	09c8      	lsrs	r0, r1, #7
10005dd2:	4684      	mov	ip, r0
10005dd4:	400c      	ands	r4, r1
10005dd6:	480f      	ldr	r0, [pc, #60]	@ (10005e14 <usbd_edpt_xfer+0x48>)
10005dd8:	0064      	lsls	r4, r4, #1
10005dda:	1904      	adds	r4, r0, r4
10005ddc:	4464      	add	r4, ip
10005dde:	3430      	adds	r4, #48	@ 0x30
10005de0:	7920      	ldrb	r0, [r4, #4]
10005de2:	07c0      	lsls	r0, r0, #31
10005de4:	d501      	bpl.n	10005dea <usbd_edpt_xfer+0x1e>
10005de6:	2000      	movs	r0, #0
10005de8:	bd70      	pop	{r4, r5, r6, pc}
10005dea:	480b      	ldr	r0, [pc, #44]	@ (10005e18 <usbd_edpt_xfer+0x4c>)
10005dec:	2501      	movs	r5, #1
10005dee:	7800      	ldrb	r0, [r0, #0]
10005df0:	4684      	mov	ip, r0
10005df2:	7920      	ldrb	r0, [r4, #4]
10005df4:	4328      	orrs	r0, r5
10005df6:	7120      	strb	r0, [r4, #4]
10005df8:	4660      	mov	r0, ip
10005dfa:	f7ff fa51 	bl	100052a0 <dcd_edpt_xfer>
10005dfe:	2800      	cmp	r0, #0
10005e00:	d1f2      	bne.n	10005de8 <usbd_edpt_xfer+0x1c>
10005e02:	2201      	movs	r2, #1
10005e04:	7923      	ldrb	r3, [r4, #4]
10005e06:	4393      	bics	r3, r2
10005e08:	7123      	strb	r3, [r4, #4]
10005e0a:	7923      	ldrb	r3, [r4, #4]
10005e0c:	3203      	adds	r2, #3
10005e0e:	4393      	bics	r3, r2
10005e10:	7123      	strb	r3, [r4, #4]
10005e12:	e7e8      	b.n	10005de6 <usbd_edpt_xfer+0x1a>
10005e14:	200015f0 	.word	0x200015f0
10005e18:	2000109c 	.word	0x2000109c

10005e1c <tud_control_status>:
10005e1c:	b570      	push	{r4, r5, r6, lr}
10005e1e:	4c09      	ldr	r4, [pc, #36]	@ (10005e44 <tud_control_status+0x28>)
10005e20:	0006      	movs	r6, r0
10005e22:	2208      	movs	r2, #8
10005e24:	0020      	movs	r0, r4
10005e26:	000d      	movs	r5, r1
10005e28:	f7fc fe9e 	bl	10002b68 <__wrap___aeabi_memcpy>
10005e2c:	2300      	movs	r3, #0
10005e2e:	2180      	movs	r1, #128	@ 0x80
10005e30:	60e3      	str	r3, [r4, #12]
10005e32:	60a3      	str	r3, [r4, #8]
10005e34:	782b      	ldrb	r3, [r5, #0]
10005e36:	0030      	movs	r0, r6
10005e38:	4399      	bics	r1, r3
10005e3a:	2200      	movs	r2, #0
10005e3c:	2300      	movs	r3, #0
10005e3e:	f7ff ffc5 	bl	10005dcc <usbd_edpt_xfer>
10005e42:	bd70      	pop	{r4, r5, r6, pc}
10005e44:	200015d0 	.word	0x200015d0

10005e48 <tud_control_xfer>:
10005e48:	b5f0      	push	{r4, r5, r6, r7, lr}
10005e4a:	46c6      	mov	lr, r8
10005e4c:	4c24      	ldr	r4, [pc, #144]	@ (10005ee0 <tud_control_xfer+0x98>)
10005e4e:	0017      	movs	r7, r2
10005e50:	4680      	mov	r8, r0
10005e52:	2208      	movs	r2, #8
10005e54:	0020      	movs	r0, r4
10005e56:	b500      	push	{lr}
10005e58:	000d      	movs	r5, r1
10005e5a:	001e      	movs	r6, r3
10005e5c:	f7fc fe84 	bl	10002b68 <__wrap___aeabi_memcpy>
10005e60:	2300      	movs	r3, #0
10005e62:	60a7      	str	r7, [r4, #8]
10005e64:	81e3      	strh	r3, [r4, #14]
10005e66:	79eb      	ldrb	r3, [r5, #7]
10005e68:	79aa      	ldrb	r2, [r5, #6]
10005e6a:	021b      	lsls	r3, r3, #8
10005e6c:	4313      	orrs	r3, r2
10005e6e:	1c1a      	adds	r2, r3, #0
10005e70:	42b3      	cmp	r3, r6
10005e72:	d900      	bls.n	10005e76 <tud_control_xfer+0x2e>
10005e74:	1c32      	adds	r2, r6, #0
10005e76:	b296      	uxth	r6, r2
10005e78:	81a2      	strh	r2, [r4, #12]
10005e7a:	2b00      	cmp	r3, #0
10005e7c:	d00c      	beq.n	10005e98 <tud_control_xfer+0x50>
10005e7e:	2e00      	cmp	r6, #0
10005e80:	d015      	beq.n	10005eae <tud_control_xfer+0x66>
10005e82:	2f00      	cmp	r7, #0
10005e84:	d02a      	beq.n	10005edc <tud_control_xfer+0x94>
10005e86:	2e40      	cmp	r6, #64	@ 0x40
10005e88:	d81a      	bhi.n	10005ec0 <tud_control_xfer+0x78>
10005e8a:	7823      	ldrb	r3, [r4, #0]
10005e8c:	b296      	uxth	r6, r2
10005e8e:	2b7f      	cmp	r3, #127	@ 0x7f
10005e90:	d81b      	bhi.n	10005eca <tud_control_xfer+0x82>
10005e92:	2100      	movs	r1, #0
10005e94:	4a13      	ldr	r2, [pc, #76]	@ (10005ee4 <tud_control_xfer+0x9c>)
10005e96:	e00e      	b.n	10005eb6 <tud_control_xfer+0x6e>
10005e98:	2180      	movs	r1, #128	@ 0x80
10005e9a:	782b      	ldrb	r3, [r5, #0]
10005e9c:	2200      	movs	r2, #0
10005e9e:	4399      	bics	r1, r3
10005ea0:	4640      	mov	r0, r8
10005ea2:	2300      	movs	r3, #0
10005ea4:	f7ff ff92 	bl	10005dcc <usbd_edpt_xfer>
10005ea8:	bc80      	pop	{r7}
10005eaa:	46b8      	mov	r8, r7
10005eac:	bdf0      	pop	{r4, r5, r6, r7, pc}
10005eae:	237f      	movs	r3, #127	@ 0x7f
10005eb0:	2200      	movs	r2, #0
10005eb2:	7821      	ldrb	r1, [r4, #0]
10005eb4:	4399      	bics	r1, r3
10005eb6:	0033      	movs	r3, r6
10005eb8:	4640      	mov	r0, r8
10005eba:	f7ff ff87 	bl	10005dcc <usbd_edpt_xfer>
10005ebe:	e7f3      	b.n	10005ea8 <tud_control_xfer+0x60>
10005ec0:	2240      	movs	r2, #64	@ 0x40
10005ec2:	7823      	ldrb	r3, [r4, #0]
10005ec4:	b296      	uxth	r6, r2
10005ec6:	2b7f      	cmp	r3, #127	@ 0x7f
10005ec8:	d9e3      	bls.n	10005e92 <tud_control_xfer+0x4a>
10005eca:	4c06      	ldr	r4, [pc, #24]	@ (10005ee4 <tud_control_xfer+0x9c>)
10005ecc:	0032      	movs	r2, r6
10005ece:	0039      	movs	r1, r7
10005ed0:	0020      	movs	r0, r4
10005ed2:	f7fc fe49 	bl	10002b68 <__wrap___aeabi_memcpy>
10005ed6:	2180      	movs	r1, #128	@ 0x80
10005ed8:	0022      	movs	r2, r4
10005eda:	e7ec      	b.n	10005eb6 <tud_control_xfer+0x6e>
10005edc:	2000      	movs	r0, #0
10005ede:	e7e3      	b.n	10005ea8 <tud_control_xfer+0x60>
10005ee0:	200015d0 	.word	0x200015d0
10005ee4:	20001590 	.word	0x20001590

10005ee8 <usbd_control_reset>:
10005ee8:	b510      	push	{r4, lr}
10005eea:	2214      	movs	r2, #20
10005eec:	2100      	movs	r1, #0
10005eee:	4802      	ldr	r0, [pc, #8]	@ (10005ef8 <usbd_control_reset+0x10>)
10005ef0:	f7fc fe34 	bl	10002b5c <__wrap_memset>
10005ef4:	bd10      	pop	{r4, pc}
10005ef6:	46c0      	nop			@ (mov r8, r8)
10005ef8:	200015d0 	.word	0x200015d0

10005efc <usbd_control_set_complete_callback>:
10005efc:	4b01      	ldr	r3, [pc, #4]	@ (10005f04 <usbd_control_set_complete_callback+0x8>)
10005efe:	6118      	str	r0, [r3, #16]
10005f00:	4770      	bx	lr
10005f02:	46c0      	nop			@ (mov r8, r8)
10005f04:	200015d0 	.word	0x200015d0

10005f08 <usbd_control_set_request>:
10005f08:	b510      	push	{r4, lr}
10005f0a:	4c05      	ldr	r4, [pc, #20]	@ (10005f20 <usbd_control_set_request+0x18>)
10005f0c:	0001      	movs	r1, r0
10005f0e:	2208      	movs	r2, #8
10005f10:	0020      	movs	r0, r4
10005f12:	f7fc fe29 	bl	10002b68 <__wrap___aeabi_memcpy>
10005f16:	2300      	movs	r3, #0
10005f18:	60a3      	str	r3, [r4, #8]
10005f1a:	60e3      	str	r3, [r4, #12]
10005f1c:	bd10      	pop	{r4, pc}
10005f1e:	46c0      	nop			@ (mov r8, r8)
10005f20:	200015d0 	.word	0x200015d0

10005f24 <usbd_control_xfer_cb>:
10005f24:	b570      	push	{r4, r5, r6, lr}
10005f26:	4c37      	ldr	r4, [pc, #220]	@ (10006004 <usbd_control_xfer_cb+0xe0>)
10005f28:	001d      	movs	r5, r3
10005f2a:	7823      	ldrb	r3, [r4, #0]
10005f2c:	0006      	movs	r6, r0
10005f2e:	09da      	lsrs	r2, r3, #7
10005f30:	09c9      	lsrs	r1, r1, #7
10005f32:	428a      	cmp	r2, r1
10005f34:	d010      	beq.n	10005f58 <usbd_control_xfer_cb+0x34>
10005f36:	2000      	movs	r0, #0
10005f38:	2d00      	cmp	r5, #0
10005f3a:	d000      	beq.n	10005f3e <usbd_control_xfer_cb+0x1a>
10005f3c:	bd70      	pop	{r4, r5, r6, pc}
10005f3e:	0021      	movs	r1, r4
10005f40:	0030      	movs	r0, r6
10005f42:	f7ff f91d 	bl	10005180 <dcd_edpt0_status_complete>
10005f46:	6923      	ldr	r3, [r4, #16]
10005f48:	2b00      	cmp	r3, #0
10005f4a:	d003      	beq.n	10005f54 <usbd_control_xfer_cb+0x30>
10005f4c:	0022      	movs	r2, r4
10005f4e:	2103      	movs	r1, #3
10005f50:	0030      	movs	r0, r6
10005f52:	4798      	blx	r3
10005f54:	2001      	movs	r0, #1
10005f56:	e7f1      	b.n	10005f3c <usbd_control_xfer_cb+0x18>
10005f58:	2b7f      	cmp	r3, #127	@ 0x7f
10005f5a:	d806      	bhi.n	10005f6a <usbd_control_xfer_cb+0x46>
10005f5c:	68a0      	ldr	r0, [r4, #8]
10005f5e:	2800      	cmp	r0, #0
10005f60:	d0ec      	beq.n	10005f3c <usbd_control_xfer_cb+0x18>
10005f62:	002a      	movs	r2, r5
10005f64:	4928      	ldr	r1, [pc, #160]	@ (10006008 <usbd_control_xfer_cb+0xe4>)
10005f66:	f7fc fdff 	bl	10002b68 <__wrap___aeabi_memcpy>
10005f6a:	89e2      	ldrh	r2, [r4, #14]
10005f6c:	68a1      	ldr	r1, [r4, #8]
10005f6e:	1952      	adds	r2, r2, r5
10005f70:	88e3      	ldrh	r3, [r4, #6]
10005f72:	b292      	uxth	r2, r2
10005f74:	1949      	adds	r1, r1, r5
10005f76:	81e2      	strh	r2, [r4, #14]
10005f78:	60a1      	str	r1, [r4, #8]
10005f7a:	4293      	cmp	r3, r2
10005f7c:	d014      	beq.n	10005fa8 <usbd_control_xfer_cb+0x84>
10005f7e:	2d3f      	cmp	r5, #63	@ 0x3f
10005f80:	d912      	bls.n	10005fa8 <usbd_control_xfer_cb+0x84>
10005f82:	89a3      	ldrh	r3, [r4, #12]
10005f84:	1a98      	subs	r0, r3, r2
10005f86:	1c05      	adds	r5, r0, #0
10005f88:	b280      	uxth	r0, r0
10005f8a:	2840      	cmp	r0, #64	@ 0x40
10005f8c:	d828      	bhi.n	10005fe0 <usbd_control_xfer_cb+0xbc>
10005f8e:	7820      	ldrb	r0, [r4, #0]
10005f90:	b2ad      	uxth	r5, r5
10005f92:	287f      	cmp	r0, #127	@ 0x7f
10005f94:	d826      	bhi.n	10005fe4 <usbd_control_xfer_cb+0xc0>
10005f96:	2100      	movs	r1, #0
10005f98:	429a      	cmp	r2, r3
10005f9a:	d030      	beq.n	10005ffe <usbd_control_xfer_cb+0xda>
10005f9c:	4a1a      	ldr	r2, [pc, #104]	@ (10006008 <usbd_control_xfer_cb+0xe4>)
10005f9e:	002b      	movs	r3, r5
10005fa0:	0030      	movs	r0, r6
10005fa2:	f7ff ff13 	bl	10005dcc <usbd_edpt_xfer>
10005fa6:	e7c9      	b.n	10005f3c <usbd_control_xfer_cb+0x18>
10005fa8:	6923      	ldr	r3, [r4, #16]
10005faa:	2b00      	cmp	r3, #0
10005fac:	d005      	beq.n	10005fba <usbd_control_xfer_cb+0x96>
10005fae:	0022      	movs	r2, r4
10005fb0:	2102      	movs	r1, #2
10005fb2:	0030      	movs	r0, r6
10005fb4:	4798      	blx	r3
10005fb6:	2800      	cmp	r0, #0
10005fb8:	d008      	beq.n	10005fcc <usbd_control_xfer_cb+0xa8>
10005fba:	2180      	movs	r1, #128	@ 0x80
10005fbc:	7823      	ldrb	r3, [r4, #0]
10005fbe:	2200      	movs	r2, #0
10005fc0:	4399      	bics	r1, r3
10005fc2:	0030      	movs	r0, r6
10005fc4:	2300      	movs	r3, #0
10005fc6:	f7ff ff01 	bl	10005dcc <usbd_edpt_xfer>
10005fca:	e7b7      	b.n	10005f3c <usbd_control_xfer_cb+0x18>
10005fcc:	2100      	movs	r1, #0
10005fce:	0030      	movs	r0, r6
10005fd0:	f7ff f978 	bl	100052c4 <dcd_edpt_stall>
10005fd4:	0030      	movs	r0, r6
10005fd6:	2180      	movs	r1, #128	@ 0x80
10005fd8:	f7ff f974 	bl	100052c4 <dcd_edpt_stall>
10005fdc:	2001      	movs	r0, #1
10005fde:	e7ad      	b.n	10005f3c <usbd_control_xfer_cb+0x18>
10005fe0:	2540      	movs	r5, #64	@ 0x40
10005fe2:	e7d4      	b.n	10005f8e <usbd_control_xfer_cb+0x6a>
10005fe4:	429a      	cmp	r2, r3
10005fe6:	d007      	beq.n	10005ff8 <usbd_control_xfer_cb+0xd4>
10005fe8:	4c07      	ldr	r4, [pc, #28]	@ (10006008 <usbd_control_xfer_cb+0xe4>)
10005fea:	002a      	movs	r2, r5
10005fec:	0020      	movs	r0, r4
10005fee:	f7fc fdbb 	bl	10002b68 <__wrap___aeabi_memcpy>
10005ff2:	2180      	movs	r1, #128	@ 0x80
10005ff4:	0022      	movs	r2, r4
10005ff6:	e7d2      	b.n	10005f9e <usbd_control_xfer_cb+0x7a>
10005ff8:	2180      	movs	r1, #128	@ 0x80
10005ffa:	2200      	movs	r2, #0
10005ffc:	e7cf      	b.n	10005f9e <usbd_control_xfer_cb+0x7a>
10005ffe:	2200      	movs	r2, #0
10006000:	e7cd      	b.n	10005f9e <usbd_control_xfer_cb+0x7a>
10006002:	46c0      	nop			@ (mov r8, r8)
10006004:	200015d0 	.word	0x200015d0
10006008:	20001590 	.word	0x20001590

1000600c <_prep_out_transaction.isra.0>:
1000600c:	b570      	push	{r4, r5, r6, lr}
1000600e:	0004      	movs	r4, r0
10006010:	f7ff f9de 	bl	100053d0 <tud_mounted>
10006014:	2800      	cmp	r0, #0
10006016:	d100      	bne.n	1000601a <_prep_out_transaction.isra.0+0xe>
10006018:	bd70      	pop	{r4, r5, r6, pc}
1000601a:	f7ff f9e1 	bl	100053e0 <tud_suspended>
1000601e:	2800      	cmp	r0, #0
10006020:	d1fa      	bne.n	10006018 <_prep_out_transaction.isra.0+0xc>
10006022:	23c8      	movs	r3, #200	@ 0xc8
10006024:	4363      	muls	r3, r4
10006026:	4a12      	ldr	r2, [pc, #72]	@ (10006070 <_prep_out_transaction.isra.0+0x64>)
10006028:	0025      	movs	r5, r4
1000602a:	18d4      	adds	r4, r2, r3
1000602c:	78e1      	ldrb	r1, [r4, #3]
1000602e:	2900      	cmp	r1, #0
10006030:	d0f2      	beq.n	10006018 <_prep_out_transaction.isra.0+0xc>
10006032:	3310      	adds	r3, #16
10006034:	189e      	adds	r6, r3, r2
10006036:	0030      	movs	r0, r6
10006038:	f000 fbb6 	bl	100067a8 <tu_fifo_remaining>
1000603c:	283f      	cmp	r0, #63	@ 0x3f
1000603e:	d9eb      	bls.n	10006018 <_prep_out_transaction.isra.0+0xc>
10006040:	2000      	movs	r0, #0
10006042:	78e1      	ldrb	r1, [r4, #3]
10006044:	f7ff fe9a 	bl	10005d7c <usbd_edpt_claim>
10006048:	2800      	cmp	r0, #0
1000604a:	d0e5      	beq.n	10006018 <_prep_out_transaction.isra.0+0xc>
1000604c:	0030      	movs	r0, r6
1000604e:	f000 fbab 	bl	100067a8 <tu_fifo_remaining>
10006052:	78e1      	ldrb	r1, [r4, #3]
10006054:	283f      	cmp	r0, #63	@ 0x3f
10006056:	d907      	bls.n	10006068 <_prep_out_transaction.isra.0+0x5c>
10006058:	4b06      	ldr	r3, [pc, #24]	@ (10006074 <_prep_out_transaction.isra.0+0x68>)
1000605a:	01ea      	lsls	r2, r5, #7
1000605c:	18d2      	adds	r2, r2, r3
1000605e:	2000      	movs	r0, #0
10006060:	2340      	movs	r3, #64	@ 0x40
10006062:	f7ff feb3 	bl	10005dcc <usbd_edpt_xfer>
10006066:	e7d7      	b.n	10006018 <_prep_out_transaction.isra.0+0xc>
10006068:	2000      	movs	r0, #0
1000606a:	f7ff fe9b 	bl	10005da4 <usbd_edpt_release>
1000606e:	e7d3      	b.n	10006018 <_prep_out_transaction.isra.0+0xc>
10006070:	200010b8 	.word	0x200010b8
10006074:	2000150c 	.word	0x2000150c

10006078 <tud_cdc_n_connected>:
10006078:	b510      	push	{r4, lr}
1000607a:	0004      	movs	r4, r0
1000607c:	f7ff f9a8 	bl	100053d0 <tud_mounted>
10006080:	2800      	cmp	r0, #0
10006082:	d101      	bne.n	10006088 <tud_cdc_n_connected+0x10>
10006084:	2000      	movs	r0, #0
10006086:	bd10      	pop	{r4, pc}
10006088:	f7ff f9aa 	bl	100053e0 <tud_suspended>
1000608c:	2800      	cmp	r0, #0
1000608e:	d1f9      	bne.n	10006084 <tud_cdc_n_connected+0xc>
10006090:	22c8      	movs	r2, #200	@ 0xc8
10006092:	4362      	muls	r2, r4
10006094:	4b02      	ldr	r3, [pc, #8]	@ (100060a0 <tud_cdc_n_connected+0x28>)
10006096:	3001      	adds	r0, #1
10006098:	189b      	adds	r3, r3, r2
1000609a:	791b      	ldrb	r3, [r3, #4]
1000609c:	4018      	ands	r0, r3
1000609e:	e7f2      	b.n	10006086 <tud_cdc_n_connected+0xe>
100060a0:	200010b8 	.word	0x200010b8

100060a4 <tud_cdc_n_available>:
100060a4:	23c8      	movs	r3, #200	@ 0xc8
100060a6:	b510      	push	{r4, lr}
100060a8:	4343      	muls	r3, r0
100060aa:	4802      	ldr	r0, [pc, #8]	@ (100060b4 <tud_cdc_n_available+0x10>)
100060ac:	1818      	adds	r0, r3, r0
100060ae:	f000 fb5d 	bl	1000676c <tu_fifo_count>
100060b2:	bd10      	pop	{r4, pc}
100060b4:	200010c8 	.word	0x200010c8

100060b8 <tud_cdc_n_read>:
100060b8:	b5f8      	push	{r3, r4, r5, r6, r7, lr}
100060ba:	23c8      	movs	r3, #200	@ 0xc8
100060bc:	4343      	muls	r3, r0
100060be:	4d1d      	ldr	r5, [pc, #116]	@ (10006134 <tud_cdc_n_read+0x7c>)
100060c0:	3310      	adds	r3, #16
100060c2:	18ee      	adds	r6, r5, r3
100060c4:	2380      	movs	r3, #128	@ 0x80
100060c6:	0004      	movs	r4, r0
100060c8:	025b      	lsls	r3, r3, #9
100060ca:	429a      	cmp	r2, r3
100060cc:	d300      	bcc.n	100060d0 <tud_cdc_n_read+0x18>
100060ce:	4a1a      	ldr	r2, [pc, #104]	@ (10006138 <tud_cdc_n_read+0x80>)
100060d0:	0030      	movs	r0, r6
100060d2:	b292      	uxth	r2, r2
100060d4:	f000 fbcc 	bl	10006870 <tu_fifo_read_n>
100060d8:	0007      	movs	r7, r0
100060da:	f7ff f979 	bl	100053d0 <tud_mounted>
100060de:	2800      	cmp	r0, #0
100060e0:	d101      	bne.n	100060e6 <tud_cdc_n_read+0x2e>
100060e2:	0038      	movs	r0, r7
100060e4:	bdf8      	pop	{r3, r4, r5, r6, r7, pc}
100060e6:	f7ff f97b 	bl	100053e0 <tud_suspended>
100060ea:	2800      	cmp	r0, #0
100060ec:	d1f9      	bne.n	100060e2 <tud_cdc_n_read+0x2a>
100060ee:	23c8      	movs	r3, #200	@ 0xc8
100060f0:	4363      	muls	r3, r4
100060f2:	18ed      	adds	r5, r5, r3
100060f4:	78eb      	ldrb	r3, [r5, #3]
100060f6:	2b00      	cmp	r3, #0
100060f8:	d0f3      	beq.n	100060e2 <tud_cdc_n_read+0x2a>
100060fa:	0030      	movs	r0, r6
100060fc:	f000 fb54 	bl	100067a8 <tu_fifo_remaining>
10006100:	283f      	cmp	r0, #63	@ 0x3f
10006102:	d9ee      	bls.n	100060e2 <tud_cdc_n_read+0x2a>
10006104:	2000      	movs	r0, #0
10006106:	78e9      	ldrb	r1, [r5, #3]
10006108:	f7ff fe38 	bl	10005d7c <usbd_edpt_claim>
1000610c:	2800      	cmp	r0, #0
1000610e:	d0e8      	beq.n	100060e2 <tud_cdc_n_read+0x2a>
10006110:	0030      	movs	r0, r6
10006112:	f000 fb49 	bl	100067a8 <tu_fifo_remaining>
10006116:	78e9      	ldrb	r1, [r5, #3]
10006118:	283f      	cmp	r0, #63	@ 0x3f
1000611a:	d907      	bls.n	1000612c <tud_cdc_n_read+0x74>
1000611c:	4b07      	ldr	r3, [pc, #28]	@ (1000613c <tud_cdc_n_read+0x84>)
1000611e:	01e2      	lsls	r2, r4, #7
10006120:	18d2      	adds	r2, r2, r3
10006122:	2000      	movs	r0, #0
10006124:	2340      	movs	r3, #64	@ 0x40
10006126:	f7ff fe51 	bl	10005dcc <usbd_edpt_xfer>
1000612a:	e7da      	b.n	100060e2 <tud_cdc_n_read+0x2a>
1000612c:	2000      	movs	r0, #0
1000612e:	f7ff fe39 	bl	10005da4 <usbd_edpt_release>
10006132:	e7d6      	b.n	100060e2 <tud_cdc_n_read+0x2a>
10006134:	200010b8 	.word	0x200010b8
10006138:	0000ffff 	.word	0x0000ffff
1000613c:	2000150c 	.word	0x2000150c

10006140 <tud_cdc_n_write_flush>:
10006140:	b5f8      	push	{r3, r4, r5, r6, r7, lr}
10006142:	0004      	movs	r4, r0
10006144:	f7ff f944 	bl	100053d0 <tud_mounted>
10006148:	2800      	cmp	r0, #0
1000614a:	d101      	bne.n	10006150 <tud_cdc_n_write_flush+0x10>
1000614c:	2000      	movs	r0, #0
1000614e:	bdf8      	pop	{r3, r4, r5, r6, r7, pc}
10006150:	f7ff f946 	bl	100053e0 <tud_suspended>
10006154:	2800      	cmp	r0, #0
10006156:	d1f9      	bne.n	1000614c <tud_cdc_n_write_flush+0xc>
10006158:	23c8      	movs	r3, #200	@ 0xc8
1000615a:	0025      	movs	r5, r4
1000615c:	435d      	muls	r5, r3
1000615e:	002b      	movs	r3, r5
10006160:	4e13      	ldr	r6, [pc, #76]	@ (100061b0 <tud_cdc_n_write_flush+0x70>)
10006162:	3324      	adds	r3, #36	@ 0x24
10006164:	18f7      	adds	r7, r6, r3
10006166:	0038      	movs	r0, r7
10006168:	f000 fb00 	bl	1000676c <tu_fifo_count>
1000616c:	2800      	cmp	r0, #0
1000616e:	d0ed      	beq.n	1000614c <tud_cdc_n_write_flush+0xc>
10006170:	1975      	adds	r5, r6, r5
10006172:	2000      	movs	r0, #0
10006174:	78a9      	ldrb	r1, [r5, #2]
10006176:	f7ff fe01 	bl	10005d7c <usbd_edpt_claim>
1000617a:	2800      	cmp	r0, #0
1000617c:	d0e6      	beq.n	1000614c <tud_cdc_n_write_flush+0xc>
1000617e:	4a0d      	ldr	r2, [pc, #52]	@ (100061b4 <tud_cdc_n_write_flush+0x74>)
10006180:	01e3      	lsls	r3, r4, #7
10006182:	189c      	adds	r4, r3, r2
10006184:	0021      	movs	r1, r4
10006186:	2240      	movs	r2, #64	@ 0x40
10006188:	0038      	movs	r0, r7
1000618a:	f000 fb71 	bl	10006870 <tu_fifo_read_n>
1000618e:	78a9      	ldrb	r1, [r5, #2]
10006190:	0003      	movs	r3, r0
10006192:	1e05      	subs	r5, r0, #0
10006194:	d007      	beq.n	100061a6 <tud_cdc_n_write_flush+0x66>
10006196:	0022      	movs	r2, r4
10006198:	2000      	movs	r0, #0
1000619a:	f7ff fe17 	bl	10005dcc <usbd_edpt_xfer>
1000619e:	2800      	cmp	r0, #0
100061a0:	d0d4      	beq.n	1000614c <tud_cdc_n_write_flush+0xc>
100061a2:	0028      	movs	r0, r5
100061a4:	e7d3      	b.n	1000614e <tud_cdc_n_write_flush+0xe>
100061a6:	2000      	movs	r0, #0
100061a8:	f7ff fdfc 	bl	10005da4 <usbd_edpt_release>
100061ac:	e7ce      	b.n	1000614c <tud_cdc_n_write_flush+0xc>
100061ae:	46c0      	nop			@ (mov r8, r8)
100061b0:	200010b8 	.word	0x200010b8
100061b4:	2000154c 	.word	0x2000154c

100061b8 <tud_cdc_n_write>:
100061b8:	b570      	push	{r4, r5, r6, lr}
100061ba:	24c8      	movs	r4, #200	@ 0xc8
100061bc:	4344      	muls	r4, r0
100061be:	4b0c      	ldr	r3, [pc, #48]	@ (100061f0 <tud_cdc_n_write+0x38>)
100061c0:	0005      	movs	r5, r0
100061c2:	18e4      	adds	r4, r4, r3
100061c4:	2380      	movs	r3, #128	@ 0x80
100061c6:	025b      	lsls	r3, r3, #9
100061c8:	429a      	cmp	r2, r3
100061ca:	d300      	bcc.n	100061ce <tud_cdc_n_write+0x16>
100061cc:	4a09      	ldr	r2, [pc, #36]	@ (100061f4 <tud_cdc_n_write+0x3c>)
100061ce:	0020      	movs	r0, r4
100061d0:	b292      	uxth	r2, r2
100061d2:	f000 fc15 	bl	10006a00 <tu_fifo_write_n>
100061d6:	0006      	movs	r6, r0
100061d8:	0020      	movs	r0, r4
100061da:	f000 fac7 	bl	1000676c <tu_fifo_count>
100061de:	283f      	cmp	r0, #63	@ 0x3f
100061e0:	d801      	bhi.n	100061e6 <tud_cdc_n_write+0x2e>
100061e2:	0030      	movs	r0, r6
100061e4:	bd70      	pop	{r4, r5, r6, pc}
100061e6:	0028      	movs	r0, r5
100061e8:	f7ff ffaa 	bl	10006140 <tud_cdc_n_write_flush>
100061ec:	e7f9      	b.n	100061e2 <tud_cdc_n_write+0x2a>
100061ee:	46c0      	nop			@ (mov r8, r8)
100061f0:	200010dc 	.word	0x200010dc
100061f4:	0000ffff 	.word	0x0000ffff

100061f8 <tud_cdc_n_write_available>:
100061f8:	23c8      	movs	r3, #200	@ 0xc8
100061fa:	b510      	push	{r4, lr}
100061fc:	4343      	muls	r3, r0
100061fe:	4802      	ldr	r0, [pc, #8]	@ (10006208 <tud_cdc_n_write_available+0x10>)
10006200:	1818      	adds	r0, r3, r0
10006202:	f000 fad1 	bl	100067a8 <tu_fifo_remaining>
10006206:	bd10      	pop	{r4, pc}
10006208:	200010dc 	.word	0x200010dc

1000620c <cdcd_init>:
1000620c:	b5f0      	push	{r4, r5, r6, r7, lr}
1000620e:	2500      	movs	r5, #0
10006210:	4c18      	ldr	r4, [pc, #96]	@ (10006274 <cdcd_init+0x68>)
10006212:	b083      	sub	sp, #12
10006214:	22c8      	movs	r2, #200	@ 0xc8
10006216:	2100      	movs	r1, #0
10006218:	0020      	movs	r0, r4
1000621a:	f7fc fc9f 	bl	10002b5c <__wrap_memset>
1000621e:	4b16      	ldr	r3, [pc, #88]	@ (10006278 <cdcd_init+0x6c>)
10006220:	0021      	movs	r1, r4
10006222:	701d      	strb	r5, [r3, #0]
10006224:	23ff      	movs	r3, #255	@ 0xff
10006226:	7163      	strb	r3, [r4, #5]
10006228:	23e1      	movs	r3, #225	@ 0xe1
1000622a:	025b      	lsls	r3, r3, #9
1000622c:	60a3      	str	r3, [r4, #8]
1000622e:	0020      	movs	r0, r4
10006230:	2308      	movs	r3, #8
10006232:	2240      	movs	r2, #64	@ 0x40
10006234:	73a3      	strb	r3, [r4, #14]
10006236:	3138      	adds	r1, #56	@ 0x38
10006238:	9500      	str	r5, [sp, #0]
1000623a:	3b07      	subs	r3, #7
1000623c:	3010      	adds	r0, #16
1000623e:	f000 fa5f 	bl	10006700 <tu_fifo_config>
10006242:	0027      	movs	r7, r4
10006244:	2301      	movs	r3, #1
10006246:	0021      	movs	r1, r4
10006248:	0020      	movs	r0, r4
1000624a:	0026      	movs	r6, r4
1000624c:	2240      	movs	r2, #64	@ 0x40
1000624e:	3178      	adds	r1, #120	@ 0x78
10006250:	9300      	str	r3, [sp, #0]
10006252:	37b8      	adds	r7, #184	@ 0xb8
10006254:	3024      	adds	r0, #36	@ 0x24
10006256:	f000 fa53 	bl	10006700 <tu_fifo_config>
1000625a:	36c0      	adds	r6, #192	@ 0xc0
1000625c:	0038      	movs	r0, r7
1000625e:	f7fa fd9b 	bl	10000d98 <mutex_init>
10006262:	0030      	movs	r0, r6
10006264:	f7fa fd98 	bl	10000d98 <mutex_init>
10006268:	61e5      	str	r5, [r4, #28]
1000626a:	6227      	str	r7, [r4, #32]
1000626c:	6326      	str	r6, [r4, #48]	@ 0x30
1000626e:	6365      	str	r5, [r4, #52]	@ 0x34
10006270:	b003      	add	sp, #12
10006272:	bdf0      	pop	{r4, r5, r6, r7, pc}
10006274:	200010b8 	.word	0x200010b8
10006278:	2000158c 	.word	0x2000158c

1000627c <cdcd_deinit>:
1000627c:	4b0a      	ldr	r3, [pc, #40]	@ (100062a8 <cdcd_deinit+0x2c>)
1000627e:	6b19      	ldr	r1, [r3, #48]	@ 0x30
10006280:	6a1a      	ldr	r2, [r3, #32]
10006282:	2900      	cmp	r1, #0
10006284:	d00c      	beq.n	100062a0 <cdcd_deinit+0x24>
10006286:	2a00      	cmp	r2, #0
10006288:	d007      	beq.n	1000629a <cdcd_deinit+0x1e>
1000628a:	2200      	movs	r2, #0
1000628c:	61da      	str	r2, [r3, #28]
1000628e:	635a      	str	r2, [r3, #52]	@ 0x34
10006290:	631a      	str	r2, [r3, #48]	@ 0x30
10006292:	2200      	movs	r2, #0
10006294:	621a      	str	r2, [r3, #32]
10006296:	2001      	movs	r0, #1
10006298:	4770      	bx	lr
1000629a:	635a      	str	r2, [r3, #52]	@ 0x34
1000629c:	631a      	str	r2, [r3, #48]	@ 0x30
1000629e:	e7fa      	b.n	10006296 <cdcd_deinit+0x1a>
100062a0:	2a00      	cmp	r2, #0
100062a2:	d0f8      	beq.n	10006296 <cdcd_deinit+0x1a>
100062a4:	61d9      	str	r1, [r3, #28]
100062a6:	e7f4      	b.n	10006292 <cdcd_deinit+0x16>
100062a8:	200010b8 	.word	0x200010b8

100062ac <cdcd_reset>:
100062ac:	b570      	push	{r4, r5, r6, lr}
100062ae:	2205      	movs	r2, #5
100062b0:	2100      	movs	r1, #0
100062b2:	480d      	ldr	r0, [pc, #52]	@ (100062e8 <cdcd_reset+0x3c>)
100062b4:	f7fc fc52 	bl	10002b5c <__wrap_memset>
100062b8:	4d0c      	ldr	r5, [pc, #48]	@ (100062ec <cdcd_reset+0x40>)
100062ba:	782b      	ldrb	r3, [r5, #0]
100062bc:	07da      	lsls	r2, r3, #31
100062be:	d507      	bpl.n	100062d0 <cdcd_reset+0x24>
100062c0:	4c0b      	ldr	r4, [pc, #44]	@ (100062f0 <cdcd_reset+0x44>)
100062c2:	079b      	lsls	r3, r3, #30
100062c4:	d50c      	bpl.n	100062e0 <cdcd_reset+0x34>
100062c6:	2101      	movs	r1, #1
100062c8:	0020      	movs	r0, r4
100062ca:	f000 fc6d 	bl	10006ba8 <tu_fifo_set_overwritable>
100062ce:	bd70      	pop	{r4, r5, r6, pc}
100062d0:	4805      	ldr	r0, [pc, #20]	@ (100062e8 <cdcd_reset+0x3c>)
100062d2:	3010      	adds	r0, #16
100062d4:	f000 fc48 	bl	10006b68 <tu_fifo_clear>
100062d8:	782b      	ldrb	r3, [r5, #0]
100062da:	4c05      	ldr	r4, [pc, #20]	@ (100062f0 <cdcd_reset+0x44>)
100062dc:	079b      	lsls	r3, r3, #30
100062de:	d4f2      	bmi.n	100062c6 <cdcd_reset+0x1a>
100062e0:	0020      	movs	r0, r4
100062e2:	f000 fc41 	bl	10006b68 <tu_fifo_clear>
100062e6:	e7ee      	b.n	100062c6 <cdcd_reset+0x1a>
100062e8:	200010b8 	.word	0x200010b8
100062ec:	2000158c 	.word	0x2000158c
100062f0:	200010dc 	.word	0x200010dc

100062f4 <cdcd_open>:
100062f4:	b5f0      	push	{r4, r5, r6, r7, lr}
100062f6:	794b      	ldrb	r3, [r1, #5]
100062f8:	0007      	movs	r7, r0
100062fa:	b083      	sub	sp, #12
100062fc:	2b02      	cmp	r3, #2
100062fe:	d102      	bne.n	10006306 <cdcd_open+0x12>
10006300:	798b      	ldrb	r3, [r1, #6]
10006302:	2b02      	cmp	r3, #2
10006304:	d003      	beq.n	1000630e <cdcd_open+0x1a>
10006306:	2400      	movs	r4, #0
10006308:	0020      	movs	r0, r4
1000630a:	b003      	add	sp, #12
1000630c:	bdf0      	pop	{r4, r5, r6, r7, pc}
1000630e:	4b21      	ldr	r3, [pc, #132]	@ (10006394 <cdcd_open+0xa0>)
10006310:	001e      	movs	r6, r3
10006312:	789b      	ldrb	r3, [r3, #2]
10006314:	2b00      	cmp	r3, #0
10006316:	d1f6      	bne.n	10006306 <cdcd_open+0x12>
10006318:	788b      	ldrb	r3, [r1, #2]
1000631a:	2409      	movs	r4, #9
1000631c:	7033      	strb	r3, [r6, #0]
1000631e:	780d      	ldrb	r5, [r1, #0]
10006320:	194d      	adds	r5, r1, r5
10006322:	786b      	ldrb	r3, [r5, #1]
10006324:	2b24      	cmp	r3, #36	@ 0x24
10006326:	d007      	beq.n	10006338 <cdcd_open+0x44>
10006328:	e00c      	b.n	10006344 <cdcd_open+0x50>
1000632a:	782b      	ldrb	r3, [r5, #0]
1000632c:	18ed      	adds	r5, r5, r3
1000632e:	191c      	adds	r4, r3, r4
10006330:	786b      	ldrb	r3, [r5, #1]
10006332:	b2a4      	uxth	r4, r4
10006334:	2b24      	cmp	r3, #36	@ 0x24
10006336:	d105      	bne.n	10006344 <cdcd_open+0x50>
10006338:	42a2      	cmp	r2, r4
1000633a:	d2f6      	bcs.n	1000632a <cdcd_open+0x36>
1000633c:	2000      	movs	r0, #0
1000633e:	f7ff fe65 	bl	1000600c <_prep_out_transaction.isra.0>
10006342:	e7e1      	b.n	10006308 <cdcd_open+0x14>
10006344:	001a      	movs	r2, r3
10006346:	2b05      	cmp	r3, #5
10006348:	d015      	beq.n	10006376 <cdcd_open+0x82>
1000634a:	2a04      	cmp	r2, #4
1000634c:	d1f6      	bne.n	1000633c <cdcd_open+0x48>
1000634e:	796b      	ldrb	r3, [r5, #5]
10006350:	2b0a      	cmp	r3, #10
10006352:	d1f3      	bne.n	1000633c <cdcd_open+0x48>
10006354:	4b10      	ldr	r3, [pc, #64]	@ (10006398 <cdcd_open+0xa4>)
10006356:	782e      	ldrb	r6, [r5, #0]
10006358:	9301      	str	r3, [sp, #4]
1000635a:	3301      	adds	r3, #1
1000635c:	9300      	str	r3, [sp, #0]
1000635e:	0038      	movs	r0, r7
10006360:	2302      	movs	r3, #2
10006362:	19a9      	adds	r1, r5, r6
10006364:	3a02      	subs	r2, #2
10006366:	f7ff fca3 	bl	10005cb0 <usbd_open_edpt_pair>
1000636a:	2800      	cmp	r0, #0
1000636c:	d0cb      	beq.n	10006306 <cdcd_open+0x12>
1000636e:	340e      	adds	r4, #14
10006370:	19a4      	adds	r4, r4, r6
10006372:	b2a4      	uxth	r4, r4
10006374:	e7e2      	b.n	1000633c <cdcd_open+0x48>
10006376:	0029      	movs	r1, r5
10006378:	0038      	movs	r0, r7
1000637a:	f7ff fce5 	bl	10005d48 <usbd_edpt_open>
1000637e:	2800      	cmp	r0, #0
10006380:	d0c1      	beq.n	10006306 <cdcd_open+0x12>
10006382:	78ab      	ldrb	r3, [r5, #2]
10006384:	7073      	strb	r3, [r6, #1]
10006386:	782b      	ldrb	r3, [r5, #0]
10006388:	191c      	adds	r4, r3, r4
1000638a:	18ed      	adds	r5, r5, r3
1000638c:	786a      	ldrb	r2, [r5, #1]
1000638e:	b2a4      	uxth	r4, r4
10006390:	e7db      	b.n	1000634a <cdcd_open+0x56>
10006392:	46c0      	nop			@ (mov r8, r8)
10006394:	200010b8 	.word	0x200010b8
10006398:	200010ba 	.word	0x200010ba

1000639c <cdcd_control_xfer_cb>:
1000639c:	2360      	movs	r3, #96	@ 0x60
1000639e:	468c      	mov	ip, r1
100063a0:	0011      	movs	r1, r2
100063a2:	7812      	ldrb	r2, [r2, #0]
100063a4:	b570      	push	{r4, r5, r6, lr}
100063a6:	4013      	ands	r3, r2
100063a8:	2200      	movs	r2, #0
100063aa:	2b20      	cmp	r3, #32
100063ac:	d108      	bne.n	100063c0 <cdcd_control_xfer_cb+0x24>
100063ae:	4c32      	ldr	r4, [pc, #200]	@ (10006478 <cdcd_control_xfer_cb+0xdc>)
100063b0:	794b      	ldrb	r3, [r1, #5]
100063b2:	0026      	movs	r6, r4
100063b4:	790d      	ldrb	r5, [r1, #4]
100063b6:	7824      	ldrb	r4, [r4, #0]
100063b8:	021b      	lsls	r3, r3, #8
100063ba:	432b      	orrs	r3, r5
100063bc:	429c      	cmp	r4, r3
100063be:	d001      	beq.n	100063c4 <cdcd_control_xfer_cb+0x28>
100063c0:	0010      	movs	r0, r2
100063c2:	bd70      	pop	{r4, r5, r6, pc}
100063c4:	784b      	ldrb	r3, [r1, #1]
100063c6:	2b22      	cmp	r3, #34	@ 0x22
100063c8:	d01c      	beq.n	10006404 <cdcd_control_xfer_cb+0x68>
100063ca:	d808      	bhi.n	100063de <cdcd_control_xfer_cb+0x42>
100063cc:	2b20      	cmp	r3, #32
100063ce:	d039      	beq.n	10006444 <cdcd_control_xfer_cb+0xa8>
100063d0:	2b21      	cmp	r3, #33	@ 0x21
100063d2:	d1f5      	bne.n	100063c0 <cdcd_control_xfer_cb+0x24>
100063d4:	4663      	mov	r3, ip
100063d6:	2b01      	cmp	r3, #1
100063d8:	d043      	beq.n	10006462 <cdcd_control_xfer_cb+0xc6>
100063da:	2201      	movs	r2, #1
100063dc:	e7f0      	b.n	100063c0 <cdcd_control_xfer_cb+0x24>
100063de:	2b23      	cmp	r3, #35	@ 0x23
100063e0:	d1ee      	bne.n	100063c0 <cdcd_control_xfer_cb+0x24>
100063e2:	4663      	mov	r3, ip
100063e4:	2b01      	cmp	r3, #1
100063e6:	d042      	beq.n	1000646e <cdcd_control_xfer_cb+0xd2>
100063e8:	2b03      	cmp	r3, #3
100063ea:	d1f6      	bne.n	100063da <cdcd_control_xfer_cb+0x3e>
100063ec:	4b23      	ldr	r3, [pc, #140]	@ (1000647c <cdcd_control_xfer_cb+0xe0>)
100063ee:	2b00      	cmp	r3, #0
100063f0:	d0f3      	beq.n	100063da <cdcd_control_xfer_cb+0x3e>
100063f2:	788b      	ldrb	r3, [r1, #2]
100063f4:	78c9      	ldrb	r1, [r1, #3]
100063f6:	2000      	movs	r0, #0
100063f8:	0209      	lsls	r1, r1, #8
100063fa:	4319      	orrs	r1, r3
100063fc:	e000      	b.n	10006400 <cdcd_control_xfer_cb+0x64>
100063fe:	bf00      	nop
10006400:	2201      	movs	r2, #1
10006402:	e7dd      	b.n	100063c0 <cdcd_control_xfer_cb+0x24>
10006404:	4663      	mov	r3, ip
10006406:	2b01      	cmp	r3, #1
10006408:	d031      	beq.n	1000646e <cdcd_control_xfer_cb+0xd2>
1000640a:	2b03      	cmp	r3, #3
1000640c:	d1e5      	bne.n	100063da <cdcd_control_xfer_cb+0x3e>
1000640e:	2501      	movs	r5, #1
10006410:	78cb      	ldrb	r3, [r1, #3]
10006412:	788a      	ldrb	r2, [r1, #2]
10006414:	021b      	lsls	r3, r3, #8
10006416:	4313      	orrs	r3, r2
10006418:	001c      	movs	r4, r3
1000641a:	401d      	ands	r5, r3
1000641c:	0033      	movs	r3, r6
1000641e:	2101      	movs	r1, #1
10006420:	3324      	adds	r3, #36	@ 0x24
10006422:	0018      	movs	r0, r3
10006424:	4069      	eors	r1, r5
10006426:	7134      	strb	r4, [r6, #4]
10006428:	f000 fbbe 	bl	10006ba8 <tu_fifo_set_overwritable>
1000642c:	4b14      	ldr	r3, [pc, #80]	@ (10006480 <cdcd_control_xfer_cb+0xe4>)
1000642e:	2b00      	cmp	r3, #0
10006430:	d0d3      	beq.n	100063da <cdcd_control_xfer_cb+0x3e>
10006432:	2301      	movs	r3, #1
10006434:	0862      	lsrs	r2, r4, #1
10006436:	401a      	ands	r2, r3
10006438:	0029      	movs	r1, r5
1000643a:	2000      	movs	r0, #0
1000643c:	e000      	b.n	10006440 <cdcd_control_xfer_cb+0xa4>
1000643e:	bf00      	nop
10006440:	2201      	movs	r2, #1
10006442:	e7bd      	b.n	100063c0 <cdcd_control_xfer_cb+0x24>
10006444:	4663      	mov	r3, ip
10006446:	2b01      	cmp	r3, #1
10006448:	d00b      	beq.n	10006462 <cdcd_control_xfer_cb+0xc6>
1000644a:	2b03      	cmp	r3, #3
1000644c:	d1c5      	bne.n	100063da <cdcd_control_xfer_cb+0x3e>
1000644e:	4b0d      	ldr	r3, [pc, #52]	@ (10006484 <cdcd_control_xfer_cb+0xe8>)
10006450:	2b00      	cmp	r3, #0
10006452:	d0c2      	beq.n	100063da <cdcd_control_xfer_cb+0x3e>
10006454:	0031      	movs	r1, r6
10006456:	2000      	movs	r0, #0
10006458:	3108      	adds	r1, #8
1000645a:	f7fe fe15 	bl	10005088 <tud_cdc_line_coding_cb>
1000645e:	2201      	movs	r2, #1
10006460:	e7ae      	b.n	100063c0 <cdcd_control_xfer_cb+0x24>
10006462:	4a09      	ldr	r2, [pc, #36]	@ (10006488 <cdcd_control_xfer_cb+0xec>)
10006464:	2307      	movs	r3, #7
10006466:	f7ff fcef 	bl	10005e48 <tud_control_xfer>
1000646a:	2201      	movs	r2, #1
1000646c:	e7a8      	b.n	100063c0 <cdcd_control_xfer_cb+0x24>
1000646e:	f7ff fcd5 	bl	10005e1c <tud_control_status>
10006472:	2201      	movs	r2, #1
10006474:	e7a4      	b.n	100063c0 <cdcd_control_xfer_cb+0x24>
10006476:	46c0      	nop			@ (mov r8, r8)
10006478:	200010b8 	.word	0x200010b8
	...
10006484:	10005089 	.word	0x10005089
10006488:	200010c0 	.word	0x200010c0

1000648c <cdcd_xfer_cb>:
1000648c:	b5f8      	push	{r3, r4, r5, r6, r7, lr}
1000648e:	4647      	mov	r7, r8
10006490:	46ce      	mov	lr, r9
10006492:	b580      	push	{r7, lr}
10006494:	4c34      	ldr	r4, [pc, #208]	@ (10006568 <cdcd_xfer_cb+0xdc>)
10006496:	001f      	movs	r7, r3
10006498:	78e3      	ldrb	r3, [r4, #3]
1000649a:	4680      	mov	r8, r0
1000649c:	000d      	movs	r5, r1
1000649e:	428b      	cmp	r3, r1
100064a0:	d03b      	beq.n	1000651a <cdcd_xfer_cb+0x8e>
100064a2:	78a3      	ldrb	r3, [r4, #2]
100064a4:	2000      	movs	r0, #0
100064a6:	428b      	cmp	r3, r1
100064a8:	d011      	beq.n	100064ce <cdcd_xfer_cb+0x42>
100064aa:	bcc0      	pop	{r6, r7}
100064ac:	46b9      	mov	r9, r7
100064ae:	46b0      	mov	r8, r6
100064b0:	bdf8      	pop	{r3, r4, r5, r6, r7, pc}
100064b2:	4b2e      	ldr	r3, [pc, #184]	@ (1000656c <cdcd_xfer_cb+0xe0>)
100064b4:	2b00      	cmp	r3, #0
100064b6:	d004      	beq.n	100064c2 <cdcd_xfer_cb+0x36>
100064b8:	482d      	ldr	r0, [pc, #180]	@ (10006570 <cdcd_xfer_cb+0xe4>)
100064ba:	f000 f96d 	bl	10006798 <tu_fifo_empty>
100064be:	2800      	cmp	r0, #0
100064c0:	d04f      	beq.n	10006562 <cdcd_xfer_cb+0xd6>
100064c2:	2000      	movs	r0, #0
100064c4:	f7ff fda2 	bl	1000600c <_prep_out_transaction.isra.0>
100064c8:	78a3      	ldrb	r3, [r4, #2]
100064ca:	42ab      	cmp	r3, r5
100064cc:	d10a      	bne.n	100064e4 <cdcd_xfer_cb+0x58>
100064ce:	4b29      	ldr	r3, [pc, #164]	@ (10006574 <cdcd_xfer_cb+0xe8>)
100064d0:	2b00      	cmp	r3, #0
100064d2:	d002      	beq.n	100064da <cdcd_xfer_cb+0x4e>
100064d4:	2000      	movs	r0, #0
100064d6:	e000      	b.n	100064da <cdcd_xfer_cb+0x4e>
100064d8:	bf00      	nop
100064da:	2000      	movs	r0, #0
100064dc:	f7ff fe30 	bl	10006140 <tud_cdc_n_write_flush>
100064e0:	2800      	cmp	r0, #0
100064e2:	d001      	beq.n	100064e8 <cdcd_xfer_cb+0x5c>
100064e4:	2001      	movs	r0, #1
100064e6:	e7e0      	b.n	100064aa <cdcd_xfer_cb+0x1e>
100064e8:	4c23      	ldr	r4, [pc, #140]	@ (10006578 <cdcd_xfer_cb+0xec>)
100064ea:	0020      	movs	r0, r4
100064ec:	f000 f93e 	bl	1000676c <tu_fifo_count>
100064f0:	2800      	cmp	r0, #0
100064f2:	d1f7      	bne.n	100064e4 <cdcd_xfer_cb+0x58>
100064f4:	2f00      	cmp	r7, #0
100064f6:	d0f5      	beq.n	100064e4 <cdcd_xfer_cb+0x58>
100064f8:	06bb      	lsls	r3, r7, #26
100064fa:	d1f3      	bne.n	100064e4 <cdcd_xfer_cb+0x58>
100064fc:	3c24      	subs	r4, #36	@ 0x24
100064fe:	4640      	mov	r0, r8
10006500:	78a1      	ldrb	r1, [r4, #2]
10006502:	f7ff fc3b 	bl	10005d7c <usbd_edpt_claim>
10006506:	2800      	cmp	r0, #0
10006508:	d0ec      	beq.n	100064e4 <cdcd_xfer_cb+0x58>
1000650a:	2300      	movs	r3, #0
1000650c:	2200      	movs	r2, #0
1000650e:	4640      	mov	r0, r8
10006510:	78a1      	ldrb	r1, [r4, #2]
10006512:	f7ff fc5b 	bl	10005dcc <usbd_edpt_xfer>
10006516:	2001      	movs	r0, #1
10006518:	e7c7      	b.n	100064aa <cdcd_xfer_cb+0x1e>
1000651a:	4e18      	ldr	r6, [pc, #96]	@ (1000657c <cdcd_xfer_cb+0xf0>)
1000651c:	4814      	ldr	r0, [pc, #80]	@ (10006570 <cdcd_xfer_cb+0xe4>)
1000651e:	0031      	movs	r1, r6
10006520:	b2ba      	uxth	r2, r7
10006522:	f000 fa6d 	bl	10006a00 <tu_fifo_write_n>
10006526:	4b16      	ldr	r3, [pc, #88]	@ (10006580 <cdcd_xfer_cb+0xf4>)
10006528:	2b00      	cmp	r3, #0
1000652a:	d0c2      	beq.n	100064b2 <cdcd_xfer_cb+0x26>
1000652c:	7963      	ldrb	r3, [r4, #5]
1000652e:	2bff      	cmp	r3, #255	@ 0xff
10006530:	d0bf      	beq.n	100064b2 <cdcd_xfer_cb+0x26>
10006532:	2f00      	cmp	r7, #0
10006534:	d0bd      	beq.n	100064b2 <cdcd_xfer_cb+0x26>
10006536:	46bc      	mov	ip, r7
10006538:	44b4      	add	ip, r6
1000653a:	46e1      	mov	r9, ip
1000653c:	e003      	b.n	10006546 <cdcd_xfer_cb+0xba>
1000653e:	3601      	adds	r6, #1
10006540:	454e      	cmp	r6, r9
10006542:	d0b6      	beq.n	100064b2 <cdcd_xfer_cb+0x26>
10006544:	7963      	ldrb	r3, [r4, #5]
10006546:	7832      	ldrb	r2, [r6, #0]
10006548:	429a      	cmp	r2, r3
1000654a:	d1f8      	bne.n	1000653e <cdcd_xfer_cb+0xb2>
1000654c:	4808      	ldr	r0, [pc, #32]	@ (10006570 <cdcd_xfer_cb+0xe4>)
1000654e:	f000 f923 	bl	10006798 <tu_fifo_empty>
10006552:	2800      	cmp	r0, #0
10006554:	d1f3      	bne.n	1000653e <cdcd_xfer_cb+0xb2>
10006556:	4b06      	ldr	r3, [pc, #24]	@ (10006570 <cdcd_xfer_cb+0xe4>)
10006558:	3b10      	subs	r3, #16
1000655a:	7959      	ldrb	r1, [r3, #5]
1000655c:	e000      	b.n	10006560 <cdcd_xfer_cb+0xd4>
1000655e:	bf00      	nop
10006560:	e7ed      	b.n	1000653e <cdcd_xfer_cb+0xb2>
10006562:	e000      	b.n	10006566 <cdcd_xfer_cb+0xda>
10006564:	bf00      	nop
10006566:	e7ac      	b.n	100064c2 <cdcd_xfer_cb+0x36>
10006568:	200010b8 	.word	0x200010b8
1000656c:	00000000 	.word	0x00000000
10006570:	200010c8 	.word	0x200010c8
10006574:	00000000 	.word	0x00000000
10006578:	200010dc 	.word	0x200010dc
1000657c:	2000150c 	.word	0x2000150c
10006580:	00000000 	.word	0x00000000

10006584 <tusb_rhport_init>:
10006584:	b500      	push	{lr}
10006586:	0003      	movs	r3, r0
10006588:	b083      	sub	sp, #12
1000658a:	2900      	cmp	r1, #0
1000658c:	d010      	beq.n	100065b0 <tusb_rhport_init+0x2c>
1000658e:	2000      	movs	r0, #0
10006590:	2b01      	cmp	r3, #1
10006592:	d807      	bhi.n	100065a4 <tusb_rhport_init+0x20>
10006594:	780a      	ldrb	r2, [r1, #0]
10006596:	2a00      	cmp	r2, #0
10006598:	d004      	beq.n	100065a4 <tusb_rhport_init+0x20>
1000659a:	480c      	ldr	r0, [pc, #48]	@ (100065cc <tusb_rhport_init+0x48>)
1000659c:	54c2      	strb	r2, [r0, r3]
1000659e:	2001      	movs	r0, #1
100065a0:	2a01      	cmp	r2, #1
100065a2:	d001      	beq.n	100065a8 <tusb_rhport_init+0x24>
100065a4:	b003      	add	sp, #12
100065a6:	bd00      	pop	{pc}
100065a8:	0018      	movs	r0, r3
100065aa:	f7fe ff21 	bl	100053f0 <tud_rhport_init>
100065ae:	e7f9      	b.n	100065a4 <tusb_rhport_init+0x20>
100065b0:	2301      	movs	r3, #1
100065b2:	466a      	mov	r2, sp
100065b4:	2000      	movs	r0, #0
100065b6:	a901      	add	r1, sp, #4
100065b8:	8093      	strh	r3, [r2, #4]
100065ba:	f7fe ff19 	bl	100053f0 <tud_rhport_init>
100065be:	2800      	cmp	r0, #0
100065c0:	d0f0      	beq.n	100065a4 <tusb_rhport_init+0x20>
100065c2:	2201      	movs	r2, #1
100065c4:	4b01      	ldr	r3, [pc, #4]	@ (100065cc <tusb_rhport_init+0x48>)
100065c6:	701a      	strb	r2, [r3, #0]
100065c8:	e7ec      	b.n	100065a4 <tusb_rhport_init+0x20>
100065ca:	46c0      	nop			@ (mov r8, r8)
100065cc:	200015e4 	.word	0x200015e4

100065d0 <tu_edpt_claim>:
100065d0:	b570      	push	{r4, r5, r6, lr}
100065d2:	0004      	movs	r4, r0
100065d4:	7823      	ldrb	r3, [r4, #0]
100065d6:	0008      	movs	r0, r1
100065d8:	07db      	lsls	r3, r3, #31
100065da:	000e      	movs	r6, r1
100065dc:	0fdd      	lsrs	r5, r3, #31
100065de:	2b00      	cmp	r3, #0
100065e0:	d116      	bne.n	10006610 <tu_edpt_claim+0x40>
100065e2:	7823      	ldrb	r3, [r4, #0]
100065e4:	075b      	lsls	r3, r3, #29
100065e6:	d501      	bpl.n	100065ec <tu_edpt_claim+0x1c>
100065e8:	0028      	movs	r0, r5
100065ea:	bd70      	pop	{r4, r5, r6, pc}
100065ec:	2101      	movs	r1, #1
100065ee:	4249      	negs	r1, r1
100065f0:	f000 ff52 	bl	10007498 <__mutex_enter_timeout_ms_veneer>
100065f4:	7823      	ldrb	r3, [r4, #0]
100065f6:	07db      	lsls	r3, r3, #31
100065f8:	0fdd      	lsrs	r5, r3, #31
100065fa:	2b00      	cmp	r3, #0
100065fc:	d10a      	bne.n	10006614 <tu_edpt_claim+0x44>
100065fe:	7823      	ldrb	r3, [r4, #0]
10006600:	075b      	lsls	r3, r3, #29
10006602:	d408      	bmi.n	10006616 <tu_edpt_claim+0x46>
10006604:	2204      	movs	r2, #4
10006606:	7823      	ldrb	r3, [r4, #0]
10006608:	2501      	movs	r5, #1
1000660a:	4313      	orrs	r3, r2
1000660c:	7023      	strb	r3, [r4, #0]
1000660e:	e002      	b.n	10006616 <tu_edpt_claim+0x46>
10006610:	2500      	movs	r5, #0
10006612:	e7e9      	b.n	100065e8 <tu_edpt_claim+0x18>
10006614:	2500      	movs	r5, #0
10006616:	0030      	movs	r0, r6
10006618:	f000 ff4e 	bl	100074b8 <__mutex_exit_veneer>
1000661c:	e7e4      	b.n	100065e8 <tu_edpt_claim+0x18>
1000661e:	46c0      	nop			@ (mov r8, r8)

10006620 <tu_edpt_release>:
10006620:	b570      	push	{r4, r5, r6, lr}
10006622:	000d      	movs	r5, r1
10006624:	2101      	movs	r1, #1
10006626:	0004      	movs	r4, r0
10006628:	4249      	negs	r1, r1
1000662a:	0028      	movs	r0, r5
1000662c:	f000 ff34 	bl	10007498 <__mutex_enter_timeout_ms_veneer>
10006630:	7823      	ldrb	r3, [r4, #0]
10006632:	075b      	lsls	r3, r3, #29
10006634:	0fde      	lsrs	r6, r3, #31
10006636:	2b00      	cmp	r3, #0
10006638:	db04      	blt.n	10006644 <tu_edpt_release+0x24>
1000663a:	0028      	movs	r0, r5
1000663c:	f000 ff3c 	bl	100074b8 <__mutex_exit_veneer>
10006640:	0030      	movs	r0, r6
10006642:	bd70      	pop	{r4, r5, r6, pc}
10006644:	7823      	ldrb	r3, [r4, #0]
10006646:	07db      	lsls	r3, r3, #31
10006648:	d404      	bmi.n	10006654 <tu_edpt_release+0x34>
1000664a:	2204      	movs	r2, #4
1000664c:	7823      	ldrb	r3, [r4, #0]
1000664e:	4393      	bics	r3, r2
10006650:	7023      	strb	r3, [r4, #0]
10006652:	e7f2      	b.n	1000663a <tu_edpt_release+0x1a>
10006654:	2600      	movs	r6, #0
10006656:	e7f0      	b.n	1000663a <tu_edpt_release+0x1a>

10006658 <tu_edpt_validate>:
10006658:	7943      	ldrb	r3, [r0, #5]
1000665a:	7902      	ldrb	r2, [r0, #4]
1000665c:	021b      	lsls	r3, r3, #8
1000665e:	4313      	orrs	r3, r2
10006660:	78c2      	ldrb	r2, [r0, #3]
10006662:	055b      	lsls	r3, r3, #21
10006664:	0792      	lsls	r2, r2, #30
10006666:	0d5b      	lsrs	r3, r3, #21
10006668:	0f92      	lsrs	r2, r2, #30
1000666a:	2a02      	cmp	r2, #2
1000666c:	d01a      	beq.n	100066a4 <tu_edpt_validate+0x4c>
1000666e:	2a03      	cmp	r2, #3
10006670:	d00b      	beq.n	1000668a <tu_edpt_validate+0x32>
10006672:	2000      	movs	r0, #0
10006674:	2a01      	cmp	r2, #1
10006676:	d107      	bne.n	10006688 <tu_edpt_validate+0x30>
10006678:	3902      	subs	r1, #2
1000667a:	424a      	negs	r2, r1
1000667c:	4151      	adcs	r1, r2
1000667e:	4a10      	ldr	r2, [pc, #64]	@ (100066c0 <tu_edpt_validate+0x68>)
10006680:	1889      	adds	r1, r1, r2
10006682:	4299      	cmp	r1, r3
10006684:	4140      	adcs	r0, r0
10006686:	b2c0      	uxtb	r0, r0
10006688:	4770      	bx	lr
1000668a:	3902      	subs	r1, #2
1000668c:	1e4a      	subs	r2, r1, #1
1000668e:	4191      	sbcs	r1, r2
10006690:	4a0c      	ldr	r2, [pc, #48]	@ (100066c4 <tu_edpt_validate+0x6c>)
10006692:	4249      	negs	r1, r1
10006694:	4011      	ands	r1, r2
10006696:	2280      	movs	r2, #128	@ 0x80
10006698:	2000      	movs	r0, #0
1000669a:	00d2      	lsls	r2, r2, #3
1000669c:	1889      	adds	r1, r1, r2
1000669e:	4299      	cmp	r1, r3
100066a0:	4140      	adcs	r0, r0
100066a2:	e7f1      	b.n	10006688 <tu_edpt_validate+0x30>
100066a4:	2902      	cmp	r1, #2
100066a6:	d004      	beq.n	100066b2 <tu_edpt_validate+0x5a>
100066a8:	2000      	movs	r0, #0
100066aa:	2240      	movs	r2, #64	@ 0x40
100066ac:	429a      	cmp	r2, r3
100066ae:	4140      	adcs	r0, r0
100066b0:	e7ea      	b.n	10006688 <tu_edpt_validate+0x30>
100066b2:	4a05      	ldr	r2, [pc, #20]	@ (100066c8 <tu_edpt_validate+0x70>)
100066b4:	1898      	adds	r0, r3, r2
100066b6:	4243      	negs	r3, r0
100066b8:	4158      	adcs	r0, r3
100066ba:	b2c0      	uxtb	r0, r0
100066bc:	e7e4      	b.n	10006688 <tu_edpt_validate+0x30>
100066be:	46c0      	nop			@ (mov r8, r8)
100066c0:	000003ff 	.word	0x000003ff
100066c4:	fffffc40 	.word	0xfffffc40
100066c8:	fffffe00 	.word	0xfffffe00

100066cc <tu_edpt_bind_driver>:
100066cc:	4684      	mov	ip, r0
100066ce:	1888      	adds	r0, r1, r2
100066d0:	b530      	push	{r4, r5, lr}
100066d2:	001c      	movs	r4, r3
100066d4:	4281      	cmp	r1, r0
100066d6:	d206      	bcs.n	100066e6 <tu_edpt_bind_driver+0x1a>
100066d8:	784a      	ldrb	r2, [r1, #1]
100066da:	2a05      	cmp	r2, #5
100066dc:	d004      	beq.n	100066e8 <tu_edpt_bind_driver+0x1c>
100066de:	780a      	ldrb	r2, [r1, #0]
100066e0:	1889      	adds	r1, r1, r2
100066e2:	4288      	cmp	r0, r1
100066e4:	d8f8      	bhi.n	100066d8 <tu_edpt_bind_driver+0xc>
100066e6:	bd30      	pop	{r4, r5, pc}
100066e8:	227f      	movs	r2, #127	@ 0x7f
100066ea:	788b      	ldrb	r3, [r1, #2]
100066ec:	401a      	ands	r2, r3
100066ee:	0052      	lsls	r2, r2, #1
100066f0:	4462      	add	r2, ip
100066f2:	09db      	lsrs	r3, r3, #7
100066f4:	54d4      	strb	r4, [r2, r3]
100066f6:	780a      	ldrb	r2, [r1, #0]
100066f8:	1889      	adds	r1, r1, r2
100066fa:	4288      	cmp	r0, r1
100066fc:	d8ec      	bhi.n	100066d8 <tu_edpt_bind_driver+0xc>
100066fe:	e7f2      	b.n	100066e6 <tu_edpt_bind_driver+0x1a>

10006700 <tu_fifo_config>:
10006700:	b5f0      	push	{r4, r5, r6, r7, lr}
10006702:	46c6      	mov	lr, r8
10006704:	b500      	push	{lr}
10006706:	4698      	mov	r8, r3
10006708:	466b      	mov	r3, sp
1000670a:	7e1e      	ldrb	r6, [r3, #24]
1000670c:	2380      	movs	r3, #128	@ 0x80
1000670e:	0004      	movs	r4, r0
10006710:	000f      	movs	r7, r1
10006712:	0015      	movs	r5, r2
10006714:	021b      	lsls	r3, r3, #8
10006716:	429a      	cmp	r2, r3
10006718:	d826      	bhi.n	10006768 <tu_fifo_config+0x68>
1000671a:	68c0      	ldr	r0, [r0, #12]
1000671c:	2800      	cmp	r0, #0
1000671e:	d003      	beq.n	10006728 <tu_fifo_config+0x28>
10006720:	2101      	movs	r1, #1
10006722:	4249      	negs	r1, r1
10006724:	f000 feb8 	bl	10007498 <__mutex_enter_timeout_ms_veneer>
10006728:	6920      	ldr	r0, [r4, #16]
1000672a:	2800      	cmp	r0, #0
1000672c:	d003      	beq.n	10006736 <tu_fifo_config+0x36>
1000672e:	2101      	movs	r1, #1
10006730:	4249      	negs	r1, r1
10006732:	f000 feb1 	bl	10007498 <__mutex_enter_timeout_ms_veneer>
10006736:	4642      	mov	r2, r8
10006738:	0452      	lsls	r2, r2, #17
1000673a:	03f3      	lsls	r3, r6, #15
1000673c:	0c52      	lsrs	r2, r2, #17
1000673e:	4313      	orrs	r3, r2
10006740:	80e3      	strh	r3, [r4, #6]
10006742:	2300      	movs	r3, #0
10006744:	68e0      	ldr	r0, [r4, #12]
10006746:	8163      	strh	r3, [r4, #10]
10006748:	6027      	str	r7, [r4, #0]
1000674a:	80a5      	strh	r5, [r4, #4]
1000674c:	8123      	strh	r3, [r4, #8]
1000674e:	2800      	cmp	r0, #0
10006750:	d001      	beq.n	10006756 <tu_fifo_config+0x56>
10006752:	f000 feb1 	bl	100074b8 <__mutex_exit_veneer>
10006756:	6920      	ldr	r0, [r4, #16]
10006758:	2800      	cmp	r0, #0
1000675a:	d001      	beq.n	10006760 <tu_fifo_config+0x60>
1000675c:	f000 feac 	bl	100074b8 <__mutex_exit_veneer>
10006760:	2001      	movs	r0, #1
10006762:	bc80      	pop	{r7}
10006764:	46b8      	mov	r8, r7
10006766:	bdf0      	pop	{r4, r5, r6, r7, pc}
10006768:	2000      	movs	r0, #0
1000676a:	e7fa      	b.n	10006762 <tu_fifo_config+0x62>

1000676c <tu_fifo_count>:
1000676c:	8903      	ldrh	r3, [r0, #8]
1000676e:	8941      	ldrh	r1, [r0, #10]
10006770:	469c      	mov	ip, r3
10006772:	8882      	ldrh	r2, [r0, #4]
10006774:	b29b      	uxth	r3, r3
10006776:	b288      	uxth	r0, r1
10006778:	458c      	cmp	ip, r1
1000677a:	d307      	bcc.n	1000678c <tu_fifo_count+0x20>
1000677c:	1a1b      	subs	r3, r3, r0
1000677e:	b29b      	uxth	r3, r3
10006780:	1c10      	adds	r0, r2, #0
10006782:	429a      	cmp	r2, r3
10006784:	d900      	bls.n	10006788 <tu_fifo_count+0x1c>
10006786:	1c18      	adds	r0, r3, #0
10006788:	b280      	uxth	r0, r0
1000678a:	4770      	bx	lr
1000678c:	0051      	lsls	r1, r2, #1
1000678e:	1a09      	subs	r1, r1, r0
10006790:	185b      	adds	r3, r3, r1
10006792:	b29b      	uxth	r3, r3
10006794:	e7f4      	b.n	10006780 <tu_fifo_count+0x14>
10006796:	46c0      	nop			@ (mov r8, r8)

10006798 <tu_fifo_empty>:
10006798:	8903      	ldrh	r3, [r0, #8]
1000679a:	8940      	ldrh	r0, [r0, #10]
1000679c:	1a18      	subs	r0, r3, r0
1000679e:	4243      	negs	r3, r0
100067a0:	4158      	adcs	r0, r3
100067a2:	b2c0      	uxtb	r0, r0
100067a4:	4770      	bx	lr
100067a6:	46c0      	nop			@ (mov r8, r8)

100067a8 <tu_fifo_remaining>:
100067a8:	8903      	ldrh	r3, [r0, #8]
100067aa:	8941      	ldrh	r1, [r0, #10]
100067ac:	469c      	mov	ip, r3
100067ae:	8882      	ldrh	r2, [r0, #4]
100067b0:	b29b      	uxth	r3, r3
100067b2:	b288      	uxth	r0, r1
100067b4:	458c      	cmp	ip, r1
100067b6:	d307      	bcc.n	100067c8 <tu_fifo_remaining+0x20>
100067b8:	1a1b      	subs	r3, r3, r0
100067ba:	b29b      	uxth	r3, r3
100067bc:	2000      	movs	r0, #0
100067be:	429a      	cmp	r2, r3
100067c0:	d901      	bls.n	100067c6 <tu_fifo_remaining+0x1e>
100067c2:	1ad2      	subs	r2, r2, r3
100067c4:	b290      	uxth	r0, r2
100067c6:	4770      	bx	lr
100067c8:	0051      	lsls	r1, r2, #1
100067ca:	1a09      	subs	r1, r1, r0
100067cc:	185b      	adds	r3, r3, r1
100067ce:	b29b      	uxth	r3, r3
100067d0:	e7f4      	b.n	100067bc <tu_fifo_remaining+0x14>
100067d2:	46c0      	nop			@ (mov r8, r8)

100067d4 <tu_fifo_read>:
100067d4:	b570      	push	{r4, r5, r6, lr}
100067d6:	0004      	movs	r4, r0
100067d8:	6900      	ldr	r0, [r0, #16]
100067da:	000d      	movs	r5, r1
100067dc:	2800      	cmp	r0, #0
100067de:	d003      	beq.n	100067e8 <tu_fifo_read+0x14>
100067e0:	2101      	movs	r1, #1
100067e2:	4249      	negs	r1, r1
100067e4:	f000 fe58 	bl	10007498 <__mutex_enter_timeout_ms_veneer>
100067e8:	8923      	ldrh	r3, [r4, #8]
100067ea:	8962      	ldrh	r2, [r4, #10]
100067ec:	469c      	mov	ip, r3
100067ee:	b298      	uxth	r0, r3
100067f0:	b291      	uxth	r1, r2
100067f2:	88a3      	ldrh	r3, [r4, #4]
100067f4:	4594      	cmp	ip, r2
100067f6:	d332      	bcc.n	1000685e <tu_fifo_read+0x8a>
100067f8:	1a42      	subs	r2, r0, r1
100067fa:	b292      	uxth	r2, r2
100067fc:	2a00      	cmp	r2, #0
100067fe:	d027      	beq.n	10006850 <tu_fifo_read+0x7c>
10006800:	4293      	cmp	r3, r2
10006802:	d208      	bcs.n	10006816 <tu_fifo_read+0x42>
10006804:	4298      	cmp	r0, r3
10006806:	d32f      	bcc.n	10006868 <tu_fifo_read+0x94>
10006808:	1ac0      	subs	r0, r0, r3
1000680a:	b281      	uxth	r1, r0
1000680c:	8161      	strh	r1, [r4, #10]
1000680e:	428b      	cmp	r3, r1
10006810:	d803      	bhi.n	1000681a <tu_fifo_read+0x46>
10006812:	1ac9      	subs	r1, r1, r3
10006814:	b289      	uxth	r1, r1
10006816:	428b      	cmp	r3, r1
10006818:	d9fb      	bls.n	10006812 <tu_fifo_read+0x3e>
1000681a:	88e2      	ldrh	r2, [r4, #6]
1000681c:	6823      	ldr	r3, [r4, #0]
1000681e:	0452      	lsls	r2, r2, #17
10006820:	0c52      	lsrs	r2, r2, #17
10006822:	4351      	muls	r1, r2
10006824:	0028      	movs	r0, r5
10006826:	1859      	adds	r1, r3, r1
10006828:	f7fc f99e 	bl	10002b68 <__wrap___aeabi_memcpy>
1000682c:	8961      	ldrh	r1, [r4, #10]
1000682e:	2501      	movs	r5, #1
10006830:	1c4a      	adds	r2, r1, #1
10006832:	b292      	uxth	r2, r2
10006834:	88a3      	ldrh	r3, [r4, #4]
10006836:	4291      	cmp	r1, r2
10006838:	d90d      	bls.n	10006856 <tu_fifo_read+0x82>
1000683a:	2200      	movs	r2, #0
1000683c:	005b      	lsls	r3, r3, #1
1000683e:	1ad2      	subs	r2, r2, r3
10006840:	6920      	ldr	r0, [r4, #16]
10006842:	8162      	strh	r2, [r4, #10]
10006844:	2800      	cmp	r0, #0
10006846:	d001      	beq.n	1000684c <tu_fifo_read+0x78>
10006848:	f000 fe36 	bl	100074b8 <__mutex_exit_veneer>
1000684c:	0028      	movs	r0, r5
1000684e:	bd70      	pop	{r4, r5, r6, pc}
10006850:	2500      	movs	r5, #0
10006852:	8962      	ldrh	r2, [r4, #10]
10006854:	b292      	uxth	r2, r2
10006856:	005b      	lsls	r3, r3, #1
10006858:	429a      	cmp	r2, r3
1000685a:	dbf1      	blt.n	10006840 <tu_fifo_read+0x6c>
1000685c:	e7ef      	b.n	1000683e <tu_fifo_read+0x6a>
1000685e:	005a      	lsls	r2, r3, #1
10006860:	1a52      	subs	r2, r2, r1
10006862:	1882      	adds	r2, r0, r2
10006864:	b292      	uxth	r2, r2
10006866:	e7c9      	b.n	100067fc <tu_fifo_read+0x28>
10006868:	18c0      	adds	r0, r0, r3
1000686a:	b281      	uxth	r1, r0
1000686c:	8161      	strh	r1, [r4, #10]
1000686e:	e7ce      	b.n	1000680e <tu_fifo_read+0x3a>

10006870 <tu_fifo_read_n>:
10006870:	b5f0      	push	{r4, r5, r6, r7, lr}
10006872:	4646      	mov	r6, r8
10006874:	46d6      	mov	lr, sl
10006876:	464f      	mov	r7, r9
10006878:	b5c0      	push	{r6, r7, lr}
1000687a:	0006      	movs	r6, r0
1000687c:	6900      	ldr	r0, [r0, #16]
1000687e:	468a      	mov	sl, r1
10006880:	4690      	mov	r8, r2
10006882:	b082      	sub	sp, #8
10006884:	2800      	cmp	r0, #0
10006886:	d003      	beq.n	10006890 <tu_fifo_read_n+0x20>
10006888:	2101      	movs	r1, #1
1000688a:	4249      	negs	r1, r1
1000688c:	f000 fe04 	bl	10007498 <__mutex_enter_timeout_ms_veneer>
10006890:	8931      	ldrh	r1, [r6, #8]
10006892:	8972      	ldrh	r2, [r6, #10]
10006894:	88b5      	ldrh	r5, [r6, #4]
10006896:	b28b      	uxth	r3, r1
10006898:	b294      	uxth	r4, r2
1000689a:	4291      	cmp	r1, r2
1000689c:	d355      	bcc.n	1000694a <tu_fifo_read_n+0xda>
1000689e:	1b1f      	subs	r7, r3, r4
100068a0:	b2bf      	uxth	r7, r7
100068a2:	2f00      	cmp	r7, #0
100068a4:	d04b      	beq.n	1000693e <tu_fifo_read_n+0xce>
100068a6:	42bd      	cmp	r5, r7
100068a8:	d205      	bcs.n	100068b6 <tu_fifo_read_n+0x46>
100068aa:	42ab      	cmp	r3, r5
100068ac:	d252      	bcs.n	10006954 <tu_fifo_read_n+0xe4>
100068ae:	195b      	adds	r3, r3, r5
100068b0:	b29c      	uxth	r4, r3
100068b2:	002f      	movs	r7, r5
100068b4:	8174      	strh	r4, [r6, #10]
100068b6:	4643      	mov	r3, r8
100068b8:	45b8      	cmp	r8, r7
100068ba:	d83e      	bhi.n	1000693a <tu_fifo_read_n+0xca>
100068bc:	b29f      	uxth	r7, r3
100068be:	42a5      	cmp	r5, r4
100068c0:	d803      	bhi.n	100068ca <tu_fifo_read_n+0x5a>
100068c2:	1b64      	subs	r4, r4, r5
100068c4:	b2a4      	uxth	r4, r4
100068c6:	42a5      	cmp	r5, r4
100068c8:	d9fb      	bls.n	100068c2 <tu_fifo_read_n+0x52>
100068ca:	88f2      	ldrh	r2, [r6, #6]
100068cc:	6831      	ldr	r1, [r6, #0]
100068ce:	0452      	lsls	r2, r2, #17
100068d0:	0c50      	lsrs	r0, r2, #17
100068d2:	0002      	movs	r2, r0
100068d4:	4362      	muls	r2, r4
100068d6:	1b2b      	subs	r3, r5, r4
100068d8:	b29b      	uxth	r3, r3
100068da:	1889      	adds	r1, r1, r2
100068dc:	9001      	str	r0, [sp, #4]
100068de:	0002      	movs	r2, r0
100068e0:	429f      	cmp	r7, r3
100068e2:	d925      	bls.n	10006930 <tu_fifo_read_n+0xc0>
100068e4:	4343      	muls	r3, r0
100068e6:	b29b      	uxth	r3, r3
100068e8:	001a      	movs	r2, r3
100068ea:	4650      	mov	r0, sl
100068ec:	4699      	mov	r9, r3
100068ee:	f7fc f93b 	bl	10002b68 <__wrap___aeabi_memcpy>
100068f2:	4650      	mov	r0, sl
100068f4:	9a01      	ldr	r2, [sp, #4]
100068f6:	1b7d      	subs	r5, r7, r5
100068f8:	1964      	adds	r4, r4, r5
100068fa:	4354      	muls	r4, r2
100068fc:	6831      	ldr	r1, [r6, #0]
100068fe:	4448      	add	r0, r9
10006900:	b2a2      	uxth	r2, r4
10006902:	f7fc f931 	bl	10002b68 <__wrap___aeabi_memcpy>
10006906:	8971      	ldrh	r1, [r6, #10]
10006908:	88b5      	ldrh	r5, [r6, #4]
1000690a:	19cb      	adds	r3, r1, r7
1000690c:	b29b      	uxth	r3, r3
1000690e:	006a      	lsls	r2, r5, #1
10006910:	4299      	cmp	r1, r3
10006912:	d916      	bls.n	10006942 <tu_fifo_read_n+0xd2>
10006914:	1a9b      	subs	r3, r3, r2
10006916:	6930      	ldr	r0, [r6, #16]
10006918:	8173      	strh	r3, [r6, #10]
1000691a:	2800      	cmp	r0, #0
1000691c:	d001      	beq.n	10006922 <tu_fifo_read_n+0xb2>
1000691e:	f000 fdcb 	bl	100074b8 <__mutex_exit_veneer>
10006922:	0038      	movs	r0, r7
10006924:	b002      	add	sp, #8
10006926:	bce0      	pop	{r5, r6, r7}
10006928:	46ba      	mov	sl, r7
1000692a:	46b1      	mov	r9, r6
1000692c:	46a8      	mov	r8, r5
1000692e:	bdf0      	pop	{r4, r5, r6, r7, pc}
10006930:	4650      	mov	r0, sl
10006932:	437a      	muls	r2, r7
10006934:	f7fc f918 	bl	10002b68 <__wrap___aeabi_memcpy>
10006938:	e7e5      	b.n	10006906 <tu_fifo_read_n+0x96>
1000693a:	1c3b      	adds	r3, r7, #0
1000693c:	e7be      	b.n	100068bc <tu_fifo_read_n+0x4c>
1000693e:	8973      	ldrh	r3, [r6, #10]
10006940:	b29b      	uxth	r3, r3
10006942:	006a      	lsls	r2, r5, #1
10006944:	4293      	cmp	r3, r2
10006946:	dbe6      	blt.n	10006916 <tu_fifo_read_n+0xa6>
10006948:	e7e4      	b.n	10006914 <tu_fifo_read_n+0xa4>
1000694a:	006f      	lsls	r7, r5, #1
1000694c:	1b3f      	subs	r7, r7, r4
1000694e:	19df      	adds	r7, r3, r7
10006950:	b2bf      	uxth	r7, r7
10006952:	e7a6      	b.n	100068a2 <tu_fifo_read_n+0x32>
10006954:	1b5b      	subs	r3, r3, r5
10006956:	b29c      	uxth	r4, r3
10006958:	e7ab      	b.n	100068b2 <tu_fifo_read_n+0x42>
1000695a:	46c0      	nop			@ (mov r8, r8)

1000695c <tu_fifo_write>:
1000695c:	b5f8      	push	{r3, r4, r5, r6, r7, lr}
1000695e:	0004      	movs	r4, r0
10006960:	68c0      	ldr	r0, [r0, #12]
10006962:	000f      	movs	r7, r1
10006964:	2800      	cmp	r0, #0
10006966:	d003      	beq.n	10006970 <tu_fifo_write+0x14>
10006968:	2101      	movs	r1, #1
1000696a:	4249      	negs	r1, r1
1000696c:	f000 fd94 	bl	10007498 <__mutex_enter_timeout_ms_veneer>
10006970:	8925      	ldrh	r5, [r4, #8]
10006972:	8920      	ldrh	r0, [r4, #8]
10006974:	8961      	ldrh	r1, [r4, #10]
10006976:	88a2      	ldrh	r2, [r4, #4]
10006978:	b2ad      	uxth	r5, r5
1000697a:	b283      	uxth	r3, r0
1000697c:	b28e      	uxth	r6, r1
1000697e:	4288      	cmp	r0, r1
10006980:	d328      	bcc.n	100069d4 <tu_fifo_write+0x78>
10006982:	1b9b      	subs	r3, r3, r6
10006984:	b29b      	uxth	r3, r3
10006986:	429a      	cmp	r2, r3
10006988:	d809      	bhi.n	1000699e <tu_fifo_write+0x42>
1000698a:	79e6      	ldrb	r6, [r4, #7]
1000698c:	09f6      	lsrs	r6, r6, #7
1000698e:	d106      	bne.n	1000699e <tu_fifo_write+0x42>
10006990:	68e0      	ldr	r0, [r4, #12]
10006992:	2800      	cmp	r0, #0
10006994:	d001      	beq.n	1000699a <tu_fifo_write+0x3e>
10006996:	f000 fd8f 	bl	100074b8 <__mutex_exit_veneer>
1000699a:	0030      	movs	r0, r6
1000699c:	bdf8      	pop	{r3, r4, r5, r6, r7, pc}
1000699e:	002b      	movs	r3, r5
100069a0:	4295      	cmp	r5, r2
100069a2:	d31c      	bcc.n	100069de <tu_fifo_write+0x82>
100069a4:	1a9b      	subs	r3, r3, r2
100069a6:	b29b      	uxth	r3, r3
100069a8:	4293      	cmp	r3, r2
100069aa:	d2fb      	bcs.n	100069a4 <tu_fifo_write+0x48>
100069ac:	88e2      	ldrh	r2, [r4, #6]
100069ae:	6820      	ldr	r0, [r4, #0]
100069b0:	0452      	lsls	r2, r2, #17
100069b2:	0c52      	lsrs	r2, r2, #17
100069b4:	4353      	muls	r3, r2
100069b6:	0039      	movs	r1, r7
100069b8:	18c0      	adds	r0, r0, r3
100069ba:	f7fc f8d5 	bl	10002b68 <__wrap___aeabi_memcpy>
100069be:	1c6b      	adds	r3, r5, #1
100069c0:	b29b      	uxth	r3, r3
100069c2:	88a2      	ldrh	r2, [r4, #4]
100069c4:	429d      	cmp	r5, r3
100069c6:	d916      	bls.n	100069f6 <tu_fifo_write+0x9a>
100069c8:	2300      	movs	r3, #0
100069ca:	0052      	lsls	r2, r2, #1
100069cc:	1a9b      	subs	r3, r3, r2
100069ce:	2601      	movs	r6, #1
100069d0:	8123      	strh	r3, [r4, #8]
100069d2:	e7dd      	b.n	10006990 <tu_fifo_write+0x34>
100069d4:	0051      	lsls	r1, r2, #1
100069d6:	1b89      	subs	r1, r1, r6
100069d8:	185b      	adds	r3, r3, r1
100069da:	b29b      	uxth	r3, r3
100069dc:	e7d3      	b.n	10006986 <tu_fifo_write+0x2a>
100069de:	88e2      	ldrh	r2, [r4, #6]
100069e0:	6820      	ldr	r0, [r4, #0]
100069e2:	0452      	lsls	r2, r2, #17
100069e4:	0c52      	lsrs	r2, r2, #17
100069e6:	4353      	muls	r3, r2
100069e8:	0039      	movs	r1, r7
100069ea:	18c0      	adds	r0, r0, r3
100069ec:	f7fc f8bc 	bl	10002b68 <__wrap___aeabi_memcpy>
100069f0:	3501      	adds	r5, #1
100069f2:	88a2      	ldrh	r2, [r4, #4]
100069f4:	b2ab      	uxth	r3, r5
100069f6:	0052      	lsls	r2, r2, #1
100069f8:	4293      	cmp	r3, r2
100069fa:	dbe8      	blt.n	100069ce <tu_fifo_write+0x72>
100069fc:	e7e6      	b.n	100069cc <tu_fifo_write+0x70>
100069fe:	46c0      	nop			@ (mov r8, r8)

10006a00 <tu_fifo_write_n>:
10006a00:	b5f0      	push	{r4, r5, r6, r7, lr}
10006a02:	464e      	mov	r6, r9
10006a04:	4645      	mov	r5, r8
10006a06:	46de      	mov	lr, fp
10006a08:	4657      	mov	r7, sl
10006a0a:	b5e0      	push	{r5, r6, r7, lr}
10006a0c:	4689      	mov	r9, r1
10006a0e:	0005      	movs	r5, r0
10006a10:	0016      	movs	r6, r2
10006a12:	b083      	sub	sp, #12
10006a14:	2a00      	cmp	r2, #0
10006a16:	d06b      	beq.n	10006af0 <tu_fifo_write_n+0xf0>
10006a18:	68c0      	ldr	r0, [r0, #12]
10006a1a:	2800      	cmp	r0, #0
10006a1c:	d003      	beq.n	10006a26 <tu_fifo_write_n+0x26>
10006a1e:	2101      	movs	r1, #1
10006a20:	4249      	negs	r1, r1
10006a22:	f000 fd39 	bl	10007498 <__mutex_enter_timeout_ms_veneer>
10006a26:	892f      	ldrh	r7, [r5, #8]
10006a28:	79ea      	ldrb	r2, [r5, #7]
10006a2a:	b2bb      	uxth	r3, r7
10006a2c:	4698      	mov	r8, r3
10006a2e:	896b      	ldrh	r3, [r5, #10]
10006a30:	88af      	ldrh	r7, [r5, #4]
10006a32:	b29b      	uxth	r3, r3
10006a34:	09d2      	lsrs	r2, r2, #7
10006a36:	d13d      	bne.n	10006ab4 <tu_fifo_write_n+0xb4>
10006a38:	4598      	cmp	r8, r3
10006a3a:	d262      	bcs.n	10006b02 <tu_fifo_write_n+0x102>
10006a3c:	007a      	lsls	r2, r7, #1
10006a3e:	1ad3      	subs	r3, r2, r3
10006a40:	4443      	add	r3, r8
10006a42:	b29b      	uxth	r3, r3
10006a44:	42bb      	cmp	r3, r7
10006a46:	d261      	bcs.n	10006b0c <tu_fifo_write_n+0x10c>
10006a48:	1afb      	subs	r3, r7, r3
10006a4a:	1c1a      	adds	r2, r3, #0
10006a4c:	b29b      	uxth	r3, r3
10006a4e:	42b3      	cmp	r3, r6
10006a50:	d900      	bls.n	10006a54 <tu_fifo_write_n+0x54>
10006a52:	1c32      	adds	r2, r6, #0
10006a54:	b296      	uxth	r6, r2
10006a56:	1bf3      	subs	r3, r6, r7
10006a58:	9301      	str	r3, [sp, #4]
10006a5a:	4643      	mov	r3, r8
10006a5c:	18f3      	adds	r3, r6, r3
10006a5e:	b29b      	uxth	r3, r3
10006a60:	469b      	mov	fp, r3
10006a62:	88ea      	ldrh	r2, [r5, #6]
10006a64:	4644      	mov	r4, r8
10006a66:	45b8      	cmp	r8, r7
10006a68:	d303      	bcc.n	10006a72 <tu_fifo_write_n+0x72>
10006a6a:	1be4      	subs	r4, r4, r7
10006a6c:	b2a4      	uxth	r4, r4
10006a6e:	42bc      	cmp	r4, r7
10006a70:	d2fb      	bcs.n	10006a6a <tu_fifo_write_n+0x6a>
10006a72:	0452      	lsls	r2, r2, #17
10006a74:	1b3b      	subs	r3, r7, r4
10006a76:	0c57      	lsrs	r7, r2, #17
10006a78:	003a      	movs	r2, r7
10006a7a:	4362      	muls	r2, r4
10006a7c:	6828      	ldr	r0, [r5, #0]
10006a7e:	b29b      	uxth	r3, r3
10006a80:	1880      	adds	r0, r0, r2
10006a82:	42b3      	cmp	r3, r6
10006a84:	d356      	bcc.n	10006b34 <tu_fifo_write_n+0x134>
10006a86:	003a      	movs	r2, r7
10006a88:	4649      	mov	r1, r9
10006a8a:	4372      	muls	r2, r6
10006a8c:	f7fc f86c 	bl	10002b68 <__wrap___aeabi_memcpy>
10006a90:	88ab      	ldrh	r3, [r5, #4]
10006a92:	005b      	lsls	r3, r3, #1
10006a94:	45d8      	cmp	r8, fp
10006a96:	d801      	bhi.n	10006a9c <tu_fifo_write_n+0x9c>
10006a98:	459b      	cmp	fp, r3
10006a9a:	db02      	blt.n	10006aa2 <tu_fifo_write_n+0xa2>
10006a9c:	465a      	mov	r2, fp
10006a9e:	1ad3      	subs	r3, r2, r3
10006aa0:	469b      	mov	fp, r3
10006aa2:	465b      	mov	r3, fp
10006aa4:	0037      	movs	r7, r6
10006aa6:	812b      	strh	r3, [r5, #8]
10006aa8:	68e8      	ldr	r0, [r5, #12]
10006aaa:	2800      	cmp	r0, #0
10006aac:	d021      	beq.n	10006af2 <tu_fifo_write_n+0xf2>
10006aae:	f000 fd03 	bl	100074b8 <__mutex_exit_veneer>
10006ab2:	e01e      	b.n	10006af2 <tu_fifo_write_n+0xf2>
10006ab4:	42be      	cmp	r6, r7
10006ab6:	d22b      	bcs.n	10006b10 <tu_fifo_write_n+0x110>
10006ab8:	4598      	cmp	r8, r3
10006aba:	d34c      	bcc.n	10006b56 <tu_fifo_write_n+0x156>
10006abc:	4642      	mov	r2, r8
10006abe:	1ad2      	subs	r2, r2, r3
10006ac0:	b292      	uxth	r2, r2
10006ac2:	0079      	lsls	r1, r7, #1
10006ac4:	1bf0      	subs	r0, r6, r7
10006ac6:	1992      	adds	r2, r2, r6
10006ac8:	9001      	str	r0, [sp, #4]
10006aca:	428a      	cmp	r2, r1
10006acc:	dbc5      	blt.n	10006a5a <tu_fifo_write_n+0x5a>
10006ace:	19da      	adds	r2, r3, r7
10006ad0:	b292      	uxth	r2, r2
10006ad2:	4693      	mov	fp, r2
10006ad4:	1b92      	subs	r2, r2, r6
10006ad6:	b292      	uxth	r2, r2
10006ad8:	4690      	mov	r8, r2
10006ada:	4293      	cmp	r3, r2
10006adc:	d940      	bls.n	10006b60 <tu_fifo_write_n+0x160>
10006ade:	4643      	mov	r3, r8
10006ae0:	1a59      	subs	r1, r3, r1
10006ae2:	b28b      	uxth	r3, r1
10006ae4:	4698      	mov	r8, r3
10006ae6:	18f3      	adds	r3, r6, r3
10006ae8:	b29b      	uxth	r3, r3
10006aea:	469b      	mov	fp, r3
10006aec:	88ea      	ldrh	r2, [r5, #6]
10006aee:	e7b9      	b.n	10006a64 <tu_fifo_write_n+0x64>
10006af0:	2700      	movs	r7, #0
10006af2:	0038      	movs	r0, r7
10006af4:	b003      	add	sp, #12
10006af6:	bcf0      	pop	{r4, r5, r6, r7}
10006af8:	46bb      	mov	fp, r7
10006afa:	46b2      	mov	sl, r6
10006afc:	46a9      	mov	r9, r5
10006afe:	46a0      	mov	r8, r4
10006b00:	bdf0      	pop	{r4, r5, r6, r7, pc}
10006b02:	4642      	mov	r2, r8
10006b04:	1ad3      	subs	r3, r2, r3
10006b06:	b29b      	uxth	r3, r3
10006b08:	42bb      	cmp	r3, r7
10006b0a:	d39d      	bcc.n	10006a48 <tu_fifo_write_n+0x48>
10006b0c:	2700      	movs	r7, #0
10006b0e:	e7cb      	b.n	10006aa8 <tu_fifo_write_n+0xa8>
10006b10:	2f00      	cmp	r7, #0
10006b12:	d0c9      	beq.n	10006aa8 <tu_fifo_write_n+0xa8>
10006b14:	46cc      	mov	ip, r9
10006b16:	88ea      	ldrh	r2, [r5, #6]
10006b18:	1bf6      	subs	r6, r6, r7
10006b1a:	0451      	lsls	r1, r2, #17
10006b1c:	0c49      	lsrs	r1, r1, #17
10006b1e:	4371      	muls	r1, r6
10006b20:	4698      	mov	r8, r3
10006b22:	448c      	add	ip, r1
10006b24:	19d9      	adds	r1, r3, r7
10006b26:	2300      	movs	r3, #0
10006b28:	b289      	uxth	r1, r1
10006b2a:	46e1      	mov	r9, ip
10006b2c:	468b      	mov	fp, r1
10006b2e:	003e      	movs	r6, r7
10006b30:	9301      	str	r3, [sp, #4]
10006b32:	e797      	b.n	10006a64 <tu_fifo_write_n+0x64>
10006b34:	437b      	muls	r3, r7
10006b36:	b29b      	uxth	r3, r3
10006b38:	001a      	movs	r2, r3
10006b3a:	4649      	mov	r1, r9
10006b3c:	469a      	mov	sl, r3
10006b3e:	f7fc f813 	bl	10002b68 <__wrap___aeabi_memcpy>
10006b42:	4649      	mov	r1, r9
10006b44:	9b01      	ldr	r3, [sp, #4]
10006b46:	6828      	ldr	r0, [r5, #0]
10006b48:	18e2      	adds	r2, r4, r3
10006b4a:	437a      	muls	r2, r7
10006b4c:	4451      	add	r1, sl
10006b4e:	b292      	uxth	r2, r2
10006b50:	f7fc f80a 	bl	10002b68 <__wrap___aeabi_memcpy>
10006b54:	e79c      	b.n	10006a90 <tu_fifo_write_n+0x90>
10006b56:	0079      	lsls	r1, r7, #1
10006b58:	1aca      	subs	r2, r1, r3
10006b5a:	4442      	add	r2, r8
10006b5c:	b292      	uxth	r2, r2
10006b5e:	e7b1      	b.n	10006ac4 <tu_fifo_write_n+0xc4>
10006b60:	4291      	cmp	r1, r2
10006b62:	ddbc      	ble.n	10006ade <tu_fifo_write_n+0xde>
10006b64:	e7c2      	b.n	10006aec <tu_fifo_write_n+0xec>
10006b66:	46c0      	nop			@ (mov r8, r8)

10006b68 <tu_fifo_clear>:
10006b68:	b510      	push	{r4, lr}
10006b6a:	0004      	movs	r4, r0
10006b6c:	68c0      	ldr	r0, [r0, #12]
10006b6e:	2800      	cmp	r0, #0
10006b70:	d003      	beq.n	10006b7a <tu_fifo_clear+0x12>
10006b72:	2101      	movs	r1, #1
10006b74:	4249      	negs	r1, r1
10006b76:	f000 fc8f 	bl	10007498 <__mutex_enter_timeout_ms_veneer>
10006b7a:	6920      	ldr	r0, [r4, #16]
10006b7c:	2800      	cmp	r0, #0
10006b7e:	d003      	beq.n	10006b88 <tu_fifo_clear+0x20>
10006b80:	2101      	movs	r1, #1
10006b82:	4249      	negs	r1, r1
10006b84:	f000 fc88 	bl	10007498 <__mutex_enter_timeout_ms_veneer>
10006b88:	2300      	movs	r3, #0
10006b8a:	68e0      	ldr	r0, [r4, #12]
10006b8c:	8163      	strh	r3, [r4, #10]
10006b8e:	8123      	strh	r3, [r4, #8]
10006b90:	2800      	cmp	r0, #0
10006b92:	d001      	beq.n	10006b98 <tu_fifo_clear+0x30>
10006b94:	f000 fc90 	bl	100074b8 <__mutex_exit_veneer>
10006b98:	6920      	ldr	r0, [r4, #16]
10006b9a:	2800      	cmp	r0, #0
10006b9c:	d001      	beq.n	10006ba2 <tu_fifo_clear+0x3a>
10006b9e:	f000 fc8b 	bl	100074b8 <__mutex_exit_veneer>
10006ba2:	2001      	movs	r0, #1
10006ba4:	bd10      	pop	{r4, pc}
10006ba6:	46c0      	nop			@ (mov r8, r8)

10006ba8 <tu_fifo_set_overwritable>:
10006ba8:	b570      	push	{r4, r5, r6, lr}
10006baa:	0004      	movs	r4, r0
10006bac:	68c0      	ldr	r0, [r0, #12]
10006bae:	000d      	movs	r5, r1
10006bb0:	2800      	cmp	r0, #0
10006bb2:	d003      	beq.n	10006bbc <tu_fifo_set_overwritable+0x14>
10006bb4:	2101      	movs	r1, #1
10006bb6:	4249      	negs	r1, r1
10006bb8:	f000 fc6e 	bl	10007498 <__mutex_enter_timeout_ms_veneer>
10006bbc:	6920      	ldr	r0, [r4, #16]
10006bbe:	2800      	cmp	r0, #0
10006bc0:	d003      	beq.n	10006bca <tu_fifo_set_overwritable+0x22>
10006bc2:	2101      	movs	r1, #1
10006bc4:	4249      	negs	r1, r1
10006bc6:	f000 fc67 	bl	10007498 <__mutex_enter_timeout_ms_veneer>
10006bca:	217f      	movs	r1, #127	@ 0x7f
10006bcc:	79e2      	ldrb	r2, [r4, #7]
10006bce:	01eb      	lsls	r3, r5, #7
10006bd0:	4011      	ands	r1, r2
10006bd2:	68e0      	ldr	r0, [r4, #12]
10006bd4:	4319      	orrs	r1, r3
10006bd6:	71e1      	strb	r1, [r4, #7]
10006bd8:	2800      	cmp	r0, #0
10006bda:	d001      	beq.n	10006be0 <tu_fifo_set_overwritable+0x38>
10006bdc:	f000 fc6c 	bl	100074b8 <__mutex_exit_veneer>
10006be0:	6920      	ldr	r0, [r4, #16]
10006be2:	2800      	cmp	r0, #0
10006be4:	d001      	beq.n	10006bea <tu_fifo_set_overwritable+0x42>
10006be6:	f000 fc67 	bl	100074b8 <__mutex_exit_veneer>
10006bea:	2001      	movs	r0, #1
10006bec:	bd70      	pop	{r4, r5, r6, pc}
10006bee:	46c0      	nop			@ (mov r8, r8)

10006bf0 <i2c_read_blocking_internal.constprop.0>:
10006bf0:	b5f0      	push	{r4, r5, r6, r7, lr}
10006bf2:	46de      	mov	lr, fp
10006bf4:	4657      	mov	r7, sl
10006bf6:	464e      	mov	r6, r9
10006bf8:	4645      	mov	r5, r8
10006bfa:	b5e0      	push	{r5, r6, r7, lr}
10006bfc:	0006      	movs	r6, r0
10006bfe:	b083      	sub	sp, #12
10006c00:	001f      	movs	r7, r3
10006c02:	ab0c      	add	r3, sp, #48	@ 0x30
10006c04:	0008      	movs	r0, r1
10006c06:	7819      	ldrb	r1, [r3, #0]
10006c08:	2300      	movs	r3, #0
10006c0a:	4693      	mov	fp, r2
10006c0c:	6832      	ldr	r2, [r6, #0]
10006c0e:	66d3      	str	r3, [r2, #108]	@ 0x6c
10006c10:	3301      	adds	r3, #1
10006c12:	6050      	str	r0, [r2, #4]
10006c14:	66d3      	str	r3, [r2, #108]	@ 0x6c
10006c16:	2f00      	cmp	r7, #0
10006c18:	dd3b      	ble.n	10006c92 <i2c_read_blocking_internal.constprop.0+0xa2>
10006c1a:	1e7b      	subs	r3, r7, #1
10006c1c:	4699      	mov	r9, r3
10006c1e:	2301      	movs	r3, #1
10006c20:	404b      	eors	r3, r1
10006c22:	469a      	mov	sl, r3
10006c24:	2000      	movs	r0, #0
10006c26:	2480      	movs	r4, #128	@ 0x80
10006c28:	2340      	movs	r3, #64	@ 0x40
10006c2a:	4688      	mov	r8, r1
10006c2c:	6f55      	ldr	r5, [r2, #116]	@ 0x74
10006c2e:	2d10      	cmp	r5, #16
10006c30:	d0fc      	beq.n	10006c2c <i2c_read_blocking_internal.constprop.0+0x3c>
10006c32:	2500      	movs	r5, #0
10006c34:	46ac      	mov	ip, r5
10006c36:	2800      	cmp	r0, #0
10006c38:	d102      	bne.n	10006c40 <i2c_read_blocking_internal.constprop.0+0x50>
10006c3a:	7935      	ldrb	r5, [r6, #4]
10006c3c:	02a9      	lsls	r1, r5, #10
10006c3e:	468c      	mov	ip, r1
10006c40:	464d      	mov	r5, r9
10006c42:	1b41      	subs	r1, r0, r5
10006c44:	424d      	negs	r5, r1
10006c46:	414d      	adcs	r5, r1
10006c48:	4651      	mov	r1, sl
10006c4a:	400d      	ands	r5, r1
10006c4c:	4661      	mov	r1, ip
10006c4e:	026d      	lsls	r5, r5, #9
10006c50:	430d      	orrs	r5, r1
10006c52:	2180      	movs	r1, #128	@ 0x80
10006c54:	0049      	lsls	r1, r1, #1
10006c56:	430d      	orrs	r5, r1
10006c58:	4641      	mov	r1, r8
10006c5a:	6115      	str	r5, [r2, #16]
10006c5c:	5915      	ldr	r5, [r2, r4]
10006c5e:	6b55      	ldr	r5, [r2, #52]	@ 0x34
10006c60:	422b      	tst	r3, r5
10006c62:	d00a      	beq.n	10006c7a <i2c_read_blocking_internal.constprop.0+0x8a>
10006c64:	2001      	movs	r0, #1
10006c66:	6d53      	ldr	r3, [r2, #84]	@ 0x54
10006c68:	4240      	negs	r0, r0
10006c6a:	7131      	strb	r1, [r6, #4]
10006c6c:	b003      	add	sp, #12
10006c6e:	bcf0      	pop	{r4, r5, r6, r7}
10006c70:	46bb      	mov	fp, r7
10006c72:	46b2      	mov	sl, r6
10006c74:	46a9      	mov	r9, r5
10006c76:	46a0      	mov	r8, r4
10006c78:	bdf0      	pop	{r4, r5, r6, r7, pc}
10006c7a:	6f95      	ldr	r5, [r2, #120]	@ 0x78
10006c7c:	2d00      	cmp	r5, #0
10006c7e:	d0ed      	beq.n	10006c5c <i2c_read_blocking_internal.constprop.0+0x6c>
10006c80:	4688      	mov	r8, r1
10006c82:	4659      	mov	r1, fp
10006c84:	6912      	ldr	r2, [r2, #16]
10006c86:	540a      	strb	r2, [r1, r0]
10006c88:	3001      	adds	r0, #1
10006c8a:	4287      	cmp	r7, r0
10006c8c:	d003      	beq.n	10006c96 <i2c_read_blocking_internal.constprop.0+0xa6>
10006c8e:	6832      	ldr	r2, [r6, #0]
10006c90:	e7cc      	b.n	10006c2c <i2c_read_blocking_internal.constprop.0+0x3c>
10006c92:	2000      	movs	r0, #0
10006c94:	e7e9      	b.n	10006c6a <i2c_read_blocking_internal.constprop.0+0x7a>
10006c96:	4641      	mov	r1, r8
10006c98:	e7e7      	b.n	10006c6a <i2c_read_blocking_internal.constprop.0+0x7a>
10006c9a:	46c0      	nop			@ (mov r8, r8)

10006c9c <i2c_write_blocking_internal.constprop.0>:
10006c9c:	b5f0      	push	{r4, r5, r6, r7, lr}
10006c9e:	464e      	mov	r6, r9
10006ca0:	4645      	mov	r5, r8
10006ca2:	46de      	mov	lr, fp
10006ca4:	4657      	mov	r7, sl
10006ca6:	4684      	mov	ip, r0
10006ca8:	b5e0      	push	{r5, r6, r7, lr}
10006caa:	b085      	sub	sp, #20
10006cac:	4698      	mov	r8, r3
10006cae:	ab0e      	add	r3, sp, #56	@ 0x38
10006cb0:	4691      	mov	r9, r2
10006cb2:	781a      	ldrb	r2, [r3, #0]
10006cb4:	4663      	mov	r3, ip
10006cb6:	0008      	movs	r0, r1
10006cb8:	6819      	ldr	r1, [r3, #0]
10006cba:	2300      	movs	r3, #0
10006cbc:	66cb      	str	r3, [r1, #108]	@ 0x6c
10006cbe:	3301      	adds	r3, #1
10006cc0:	6048      	str	r0, [r1, #4]
10006cc2:	66cb      	str	r3, [r1, #108]	@ 0x6c
10006cc4:	4643      	mov	r3, r8
10006cc6:	9203      	str	r2, [sp, #12]
10006cc8:	2b00      	cmp	r3, #0
10006cca:	dd4e      	ble.n	10006d6a <i2c_write_blocking_internal.constprop.0+0xce>
10006ccc:	2701      	movs	r7, #1
10006cce:	1e5e      	subs	r6, r3, #1
10006cd0:	4663      	mov	r3, ip
10006cd2:	2480      	movs	r4, #128	@ 0x80
10006cd4:	4057      	eors	r7, r2
10006cd6:	791a      	ldrb	r2, [r3, #4]
10006cd8:	46a2      	mov	sl, r4
10006cda:	2580      	movs	r5, #128	@ 0x80
10006cdc:	464c      	mov	r4, r9
10006cde:	0292      	lsls	r2, r2, #10
10006ce0:	2000      	movs	r0, #0
10006ce2:	2310      	movs	r3, #16
10006ce4:	4691      	mov	r9, r2
10006ce6:	00ad      	lsls	r5, r5, #2
10006ce8:	9401      	str	r4, [sp, #4]
10006cea:	1b84      	subs	r4, r0, r6
10006cec:	4262      	negs	r2, r4
10006cee:	4162      	adcs	r2, r4
10006cf0:	9c01      	ldr	r4, [sp, #4]
10006cf2:	403a      	ands	r2, r7
10006cf4:	5c24      	ldrb	r4, [r4, r0]
10006cf6:	0252      	lsls	r2, r2, #9
10006cf8:	4322      	orrs	r2, r4
10006cfa:	464c      	mov	r4, r9
10006cfc:	4322      	orrs	r2, r4
10006cfe:	9c01      	ldr	r4, [sp, #4]
10006d00:	610a      	str	r2, [r1, #16]
10006d02:	6b4a      	ldr	r2, [r1, #52]	@ 0x34
10006d04:	4213      	tst	r3, r2
10006d06:	d0fc      	beq.n	10006d02 <i2c_write_blocking_internal.constprop.0+0x66>
10006d08:	4652      	mov	r2, sl
10006d0a:	588a      	ldr	r2, [r1, r2]
10006d0c:	9401      	str	r4, [sp, #4]
10006d0e:	4691      	mov	r9, r2
10006d10:	2a00      	cmp	r2, #0
10006d12:	d110      	bne.n	10006d36 <i2c_write_blocking_internal.constprop.0+0x9a>
10006d14:	42b0      	cmp	r0, r6
10006d16:	d023      	beq.n	10006d60 <i2c_write_blocking_internal.constprop.0+0xc4>
10006d18:	2200      	movs	r2, #0
10006d1a:	3001      	adds	r0, #1
10006d1c:	4691      	mov	r9, r2
10006d1e:	4580      	cmp	r8, r0
10006d20:	d1e3      	bne.n	10006cea <i2c_write_blocking_internal.constprop.0+0x4e>
10006d22:	4663      	mov	r3, ip
10006d24:	9a03      	ldr	r2, [sp, #12]
10006d26:	711a      	strb	r2, [r3, #4]
10006d28:	b005      	add	sp, #20
10006d2a:	bcf0      	pop	{r4, r5, r6, r7}
10006d2c:	46bb      	mov	fp, r7
10006d2e:	46b2      	mov	sl, r6
10006d30:	46a9      	mov	r9, r5
10006d32:	46a0      	mov	r8, r4
10006d34:	bdf0      	pop	{r4, r5, r6, r7, pc}
10006d36:	6d4a      	ldr	r2, [r1, #84]	@ 0x54
10006d38:	2201      	movs	r2, #1
10006d3a:	4693      	mov	fp, r2
10006d3c:	6b4a      	ldr	r2, [r1, #52]	@ 0x34
10006d3e:	422a      	tst	r2, r5
10006d40:	d0fc      	beq.n	10006d3c <i2c_write_blocking_internal.constprop.0+0xa0>
10006d42:	6e0a      	ldr	r2, [r1, #96]	@ 0x60
10006d44:	465a      	mov	r2, fp
10006d46:	9401      	str	r4, [sp, #4]
10006d48:	2a00      	cmp	r2, #0
10006d4a:	d0e5      	beq.n	10006d18 <i2c_write_blocking_internal.constprop.0+0x7c>
10006d4c:	464c      	mov	r4, r9
10006d4e:	2c00      	cmp	r4, #0
10006d50:	d003      	beq.n	10006d5a <i2c_write_blocking_internal.constprop.0+0xbe>
10006d52:	2309      	movs	r3, #9
10006d54:	4023      	ands	r3, r4
10006d56:	2b08      	cmp	r3, #8
10006d58:	d0e3      	beq.n	10006d22 <i2c_write_blocking_internal.constprop.0+0x86>
10006d5a:	2001      	movs	r0, #1
10006d5c:	4240      	negs	r0, r0
10006d5e:	e7e0      	b.n	10006d22 <i2c_write_blocking_internal.constprop.0+0x86>
10006d60:	9a03      	ldr	r2, [sp, #12]
10006d62:	2a00      	cmp	r2, #0
10006d64:	d1d8      	bne.n	10006d18 <i2c_write_blocking_internal.constprop.0+0x7c>
10006d66:	4693      	mov	fp, r2
10006d68:	e7e8      	b.n	10006d3c <i2c_write_blocking_internal.constprop.0+0xa0>
10006d6a:	2000      	movs	r0, #0
10006d6c:	e7d9      	b.n	10006d22 <i2c_write_blocking_internal.constprop.0+0x86>
10006d6e:	46c0      	nop			@ (mov r8, r8)

10006d70 <i2c_set_baudrate>:
10006d70:	b5f0      	push	{r4, r5, r6, r7, lr}
10006d72:	46d6      	mov	lr, sl
10006d74:	464f      	mov	r7, r9
10006d76:	4646      	mov	r6, r8
10006d78:	4682      	mov	sl, r0
10006d7a:	b5c0      	push	{r6, r7, lr}
10006d7c:	2005      	movs	r0, #5
10006d7e:	000c      	movs	r4, r1
10006d80:	f7fa fdfc 	bl	1000197c <clock_get_hz>
10006d84:	0005      	movs	r5, r0
10006d86:	0860      	lsrs	r0, r4, #1
10006d88:	0021      	movs	r1, r4
10006d8a:	1940      	adds	r0, r0, r5
10006d8c:	f7fb f856 	bl	10001e3c <__wrap___aeabi_uidiv>
10006d90:	0047      	lsls	r7, r0, #1
10006d92:	183f      	adds	r7, r7, r0
10006d94:	0006      	movs	r6, r0
10006d96:	2105      	movs	r1, #5
10006d98:	0038      	movs	r0, r7
10006d9a:	f7fb f84f 	bl	10001e3c <__wrap___aeabi_uidiv>
10006d9e:	46a0      	mov	r8, r4
10006da0:	4b1c      	ldr	r3, [pc, #112]	@ (10006e14 <i2c_set_baudrate+0xa4>)
10006da2:	1a32      	subs	r2, r6, r0
10006da4:	0004      	movs	r4, r0
10006da6:	0068      	lsls	r0, r5, #1
10006da8:	4691      	mov	r9, r2
10006daa:	1940      	adds	r0, r0, r5
10006dac:	4598      	cmp	r8, r3
10006dae:	d82b      	bhi.n	10006e08 <i2c_set_baudrate+0x98>
10006db0:	4919      	ldr	r1, [pc, #100]	@ (10006e18 <i2c_set_baudrate+0xa8>)
10006db2:	f7fb f843 	bl	10001e3c <__wrap___aeabi_uidiv>
10006db6:	3001      	adds	r0, #1
10006db8:	4653      	mov	r3, sl
10006dba:	2200      	movs	r2, #0
10006dbc:	681b      	ldr	r3, [r3, #0]
10006dbe:	66da      	str	r2, [r3, #108]	@ 0x6c
10006dc0:	6819      	ldr	r1, [r3, #0]
10006dc2:	3204      	adds	r2, #4
10006dc4:	4051      	eors	r1, r2
10006dc6:	3202      	adds	r2, #2
10006dc8:	400a      	ands	r2, r1
10006dca:	2180      	movs	r1, #128	@ 0x80
10006dcc:	0149      	lsls	r1, r1, #5
10006dce:	1859      	adds	r1, r3, r1
10006dd0:	600a      	str	r2, [r1, #0]
10006dd2:	464a      	mov	r2, r9
10006dd4:	61da      	str	r2, [r3, #28]
10006dd6:	2201      	movs	r2, #1
10006dd8:	621c      	str	r4, [r3, #32]
10006dda:	2f4f      	cmp	r7, #79	@ 0x4f
10006ddc:	d900      	bls.n	10006de0 <i2c_set_baudrate+0x70>
10006dde:	0922      	lsrs	r2, r4, #4
10006de0:	21a0      	movs	r1, #160	@ 0xa0
10006de2:	505a      	str	r2, [r3, r1]
10006de4:	6fda      	ldr	r2, [r3, #124]	@ 0x7c
10006de6:	0031      	movs	r1, r6
10006de8:	4050      	eors	r0, r2
10006dea:	4a0c      	ldr	r2, [pc, #48]	@ (10006e1c <i2c_set_baudrate+0xac>)
10006dec:	0400      	lsls	r0, r0, #16
10006dee:	189a      	adds	r2, r3, r2
10006df0:	0c00      	lsrs	r0, r0, #16
10006df2:	6010      	str	r0, [r2, #0]
10006df4:	2201      	movs	r2, #1
10006df6:	0028      	movs	r0, r5
10006df8:	66da      	str	r2, [r3, #108]	@ 0x6c
10006dfa:	f7fb f81f 	bl	10001e3c <__wrap___aeabi_uidiv>
10006dfe:	bce0      	pop	{r5, r6, r7}
10006e00:	46ba      	mov	sl, r7
10006e02:	46b1      	mov	r9, r6
10006e04:	46a8      	mov	r8, r5
10006e06:	bdf0      	pop	{r4, r5, r6, r7, pc}
10006e08:	4905      	ldr	r1, [pc, #20]	@ (10006e20 <i2c_set_baudrate+0xb0>)
10006e0a:	f7fb f817 	bl	10001e3c <__wrap___aeabi_uidiv>
10006e0e:	3001      	adds	r0, #1
10006e10:	e7d2      	b.n	10006db8 <i2c_set_baudrate+0x48>
10006e12:	46c0      	nop			@ (mov r8, r8)
10006e14:	000f423f 	.word	0x000f423f
10006e18:	00989680 	.word	0x00989680
10006e1c:	0000107c 	.word	0x0000107c
10006e20:	017d7840 	.word	0x017d7840

10006e24 <i2c_init>:
10006e24:	4a10      	ldr	r2, [pc, #64]	@ (10006e68 <i2c_init+0x44>)
10006e26:	b570      	push	{r4, r5, r6, lr}
10006e28:	1a82      	subs	r2, r0, r2
10006e2a:	1e53      	subs	r3, r2, #1
10006e2c:	419a      	sbcs	r2, r3
10006e2e:	2307      	movs	r3, #7
10006e30:	4252      	negs	r2, r2
10006e32:	439a      	bics	r2, r3
10006e34:	4b0d      	ldr	r3, [pc, #52]	@ (10006e6c <i2c_init+0x48>)
10006e36:	3210      	adds	r2, #16
10006e38:	601a      	str	r2, [r3, #0]
10006e3a:	4b0d      	ldr	r3, [pc, #52]	@ (10006e70 <i2c_init+0x4c>)
10006e3c:	4c0d      	ldr	r4, [pc, #52]	@ (10006e74 <i2c_init+0x50>)
10006e3e:	601a      	str	r2, [r3, #0]
10006e40:	0015      	movs	r5, r2
10006e42:	6823      	ldr	r3, [r4, #0]
10006e44:	439d      	bics	r5, r3
10006e46:	1e2b      	subs	r3, r5, #0
10006e48:	d1fa      	bne.n	10006e40 <i2c_init+0x1c>
10006e4a:	2466      	movs	r4, #102	@ 0x66
10006e4c:	6802      	ldr	r2, [r0, #0]
10006e4e:	34ff      	adds	r4, #255	@ 0xff
10006e50:	7105      	strb	r5, [r0, #4]
10006e52:	66d5      	str	r5, [r2, #108]	@ 0x6c
10006e54:	6014      	str	r4, [r2, #0]
10006e56:	3c63      	subs	r4, #99	@ 0x63
10006e58:	3388      	adds	r3, #136	@ 0x88
10006e5a:	3cff      	subs	r4, #255	@ 0xff
10006e5c:	63d5      	str	r5, [r2, #60]	@ 0x3c
10006e5e:	6395      	str	r5, [r2, #56]	@ 0x38
10006e60:	50d4      	str	r4, [r2, r3]
10006e62:	f7ff ff85 	bl	10006d70 <i2c_set_baudrate>
10006e66:	bd70      	pop	{r4, r5, r6, pc}
10006e68:	200010a0 	.word	0x200010a0
10006e6c:	4000e000 	.word	0x4000e000
10006e70:	4000f000 	.word	0x4000f000
10006e74:	4000c008 	.word	0x4000c008

10006e78 <i2c_write_blocking>:
10006e78:	b510      	push	{r4, lr}
10006e7a:	b082      	sub	sp, #8
10006e7c:	466c      	mov	r4, sp
10006e7e:	7c24      	ldrb	r4, [r4, #16]
10006e80:	9400      	str	r4, [sp, #0]
10006e82:	f7ff ff0b 	bl	10006c9c <i2c_write_blocking_internal.constprop.0>
10006e86:	b002      	add	sp, #8
10006e88:	bd10      	pop	{r4, pc}
10006e8a:	46c0      	nop			@ (mov r8, r8)

10006e8c <i2c_read_blocking>:
10006e8c:	b510      	push	{r4, lr}
10006e8e:	b082      	sub	sp, #8
10006e90:	466c      	mov	r4, sp
10006e92:	7c24      	ldrb	r4, [r4, #16]
10006e94:	9400      	str	r4, [sp, #0]
10006e96:	f7ff feab 	bl	10006bf0 <i2c_read_blocking_internal.constprop.0>
10006e9a:	b002      	add	sp, #8
10006e9c:	bd10      	pop	{r4, pc}
10006e9e:	46c0      	nop			@ (mov r8, r8)

10006ea0 <VL53L1X_SetI2CAddress>:
10006ea0:	b510      	push	{r4, lr}
10006ea2:	084a      	lsrs	r2, r1, #1
10006ea4:	2101      	movs	r1, #1
10006ea6:	f000 fa59 	bl	1000735c <VL53L1X_WrByte>
10006eaa:	bd10      	pop	{r4, pc}

10006eac <VL53L1X_SensorInit>:
10006eac:	b5f0      	push	{r4, r5, r6, r7, lr}
10006eae:	0005      	movs	r5, r0
10006eb0:	242d      	movs	r4, #45	@ 0x2d
10006eb2:	4e1d      	ldr	r6, [pc, #116]	@ (10006f28 <VL53L1X_SensorInit+0x7c>)
10006eb4:	b083      	sub	sp, #12
10006eb6:	5d32      	ldrb	r2, [r6, r4]
10006eb8:	b2a1      	uxth	r1, r4
10006eba:	0028      	movs	r0, r5
10006ebc:	3401      	adds	r4, #1
10006ebe:	f000 fa4d 	bl	1000735c <VL53L1X_WrByte>
10006ec2:	2c88      	cmp	r4, #136	@ 0x88
10006ec4:	d1f7      	bne.n	10006eb6 <VL53L1X_SensorInit+0xa>
10006ec6:	2240      	movs	r2, #64	@ 0x40
10006ec8:	2187      	movs	r1, #135	@ 0x87
10006eca:	0028      	movs	r0, r5
10006ecc:	f000 fa46 	bl	1000735c <VL53L1X_WrByte>
10006ed0:	466b      	mov	r3, sp
10006ed2:	2701      	movs	r7, #1
10006ed4:	1ddc      	adds	r4, r3, #7
10006ed6:	0022      	movs	r2, r4
10006ed8:	2130      	movs	r1, #48	@ 0x30
10006eda:	0028      	movs	r0, r5
10006edc:	f000 fa18 	bl	10007310 <VL53L1X_RdByte>
10006ee0:	0022      	movs	r2, r4
10006ee2:	2131      	movs	r1, #49	@ 0x31
10006ee4:	0028      	movs	r0, r5
10006ee6:	7826      	ldrb	r6, [r4, #0]
10006ee8:	f000 fa12 	bl	10007310 <VL53L1X_RdByte>
10006eec:	2800      	cmp	r0, #0
10006eee:	d1f2      	bne.n	10006ed6 <VL53L1X_SensorInit+0x2a>
10006ef0:	7823      	ldrb	r3, [r4, #0]
10006ef2:	0936      	lsrs	r6, r6, #4
10006ef4:	405e      	eors	r6, r3
10006ef6:	4237      	tst	r7, r6
10006ef8:	d0ed      	beq.n	10006ed6 <VL53L1X_SensorInit+0x2a>
10006efa:	2201      	movs	r2, #1
10006efc:	2186      	movs	r1, #134	@ 0x86
10006efe:	0028      	movs	r0, r5
10006f00:	f000 fa2c 	bl	1000735c <VL53L1X_WrByte>
10006f04:	2200      	movs	r2, #0
10006f06:	2187      	movs	r1, #135	@ 0x87
10006f08:	0028      	movs	r0, r5
10006f0a:	f000 fa27 	bl	1000735c <VL53L1X_WrByte>
10006f0e:	2209      	movs	r2, #9
10006f10:	2108      	movs	r1, #8
10006f12:	0028      	movs	r0, r5
10006f14:	f000 fa22 	bl	1000735c <VL53L1X_WrByte>
10006f18:	2200      	movs	r2, #0
10006f1a:	210b      	movs	r1, #11
10006f1c:	0028      	movs	r0, r5
10006f1e:	f000 fa1d 	bl	1000735c <VL53L1X_WrByte>
10006f22:	b003      	add	sp, #12
10006f24:	bdf0      	pop	{r4, r5, r6, r7, pc}
10006f26:	46c0      	nop			@ (mov r8, r8)
10006f28:	10007f33 	.word	0x10007f33

10006f2c <VL53L1X_ClearInterrupt>:
10006f2c:	b510      	push	{r4, lr}
10006f2e:	2201      	movs	r2, #1
10006f30:	2186      	movs	r1, #134	@ 0x86
10006f32:	f000 fa13 	bl	1000735c <VL53L1X_WrByte>
10006f36:	bd10      	pop	{r4, pc}

10006f38 <VL53L1X_StartRanging>:
10006f38:	b510      	push	{r4, lr}
10006f3a:	2240      	movs	r2, #64	@ 0x40
10006f3c:	2187      	movs	r1, #135	@ 0x87
10006f3e:	f000 fa0d 	bl	1000735c <VL53L1X_WrByte>
10006f42:	bd10      	pop	{r4, pc}

10006f44 <VL53L1X_CheckForDataReady>:
10006f44:	b5f0      	push	{r4, r5, r6, r7, lr}
10006f46:	b083      	sub	sp, #12
10006f48:	466b      	mov	r3, sp
10006f4a:	0005      	movs	r5, r0
10006f4c:	1ddc      	adds	r4, r3, #7
10006f4e:	0022      	movs	r2, r4
10006f50:	000f      	movs	r7, r1
10006f52:	2130      	movs	r1, #48	@ 0x30
10006f54:	f000 f9dc 	bl	10007310 <VL53L1X_RdByte>
10006f58:	0022      	movs	r2, r4
10006f5a:	2131      	movs	r1, #49	@ 0x31
10006f5c:	0028      	movs	r0, r5
10006f5e:	7826      	ldrb	r6, [r4, #0]
10006f60:	f000 f9d6 	bl	10007310 <VL53L1X_RdByte>
10006f64:	2800      	cmp	r0, #0
10006f66:	d105      	bne.n	10006f74 <VL53L1X_CheckForDataReady+0x30>
10006f68:	7822      	ldrb	r2, [r4, #0]
10006f6a:	0933      	lsrs	r3, r6, #4
10006f6c:	405a      	eors	r2, r3
10006f6e:	2301      	movs	r3, #1
10006f70:	4013      	ands	r3, r2
10006f72:	703b      	strb	r3, [r7, #0]
10006f74:	b003      	add	sp, #12
10006f76:	bdf0      	pop	{r4, r5, r6, r7, pc}

10006f78 <VL53L1X_SetTimingBudgetInMs>:
10006f78:	b570      	push	{r4, r5, r6, lr}
10006f7a:	b082      	sub	sp, #8
10006f7c:	466b      	mov	r3, sp
10006f7e:	1dde      	adds	r6, r3, #7
10006f80:	000c      	movs	r4, r1
10006f82:	0032      	movs	r2, r6
10006f84:	214b      	movs	r1, #75	@ 0x4b
10006f86:	0005      	movs	r5, r0
10006f88:	f000 f9c2 	bl	10007310 <VL53L1X_RdByte>
10006f8c:	7833      	ldrb	r3, [r6, #0]
10006f8e:	2b14      	cmp	r3, #20
10006f90:	d01c      	beq.n	10006fcc <VL53L1X_SetTimingBudgetInMs+0x54>
10006f92:	2800      	cmp	r0, #0
10006f94:	d117      	bne.n	10006fc6 <VL53L1X_SetTimingBudgetInMs+0x4e>
10006f96:	2c64      	cmp	r4, #100	@ 0x64
10006f98:	d045      	beq.n	10007026 <VL53L1X_SetTimingBudgetInMs+0xae>
10006f9a:	d828      	bhi.n	10006fee <VL53L1X_SetTimingBudgetInMs+0x76>
10006f9c:	2c21      	cmp	r4, #33	@ 0x21
10006f9e:	d023      	beq.n	10006fe8 <VL53L1X_SetTimingBudgetInMs+0x70>
10006fa0:	2c32      	cmp	r4, #50	@ 0x32
10006fa2:	d03d      	beq.n	10007020 <VL53L1X_SetTimingBudgetInMs+0xa8>
10006fa4:	2c14      	cmp	r4, #20
10006fa6:	d10e      	bne.n	10006fc6 <VL53L1X_SetTimingBudgetInMs+0x4e>
10006fa8:	2422      	movs	r4, #34	@ 0x22
10006faa:	221e      	movs	r2, #30
10006fac:	215e      	movs	r1, #94	@ 0x5e
10006fae:	0028      	movs	r0, r5
10006fb0:	f000 f9ee 	bl	10007390 <VL53L1X_WrWord>
10006fb4:	0022      	movs	r2, r4
10006fb6:	0006      	movs	r6, r0
10006fb8:	2161      	movs	r1, #97	@ 0x61
10006fba:	0028      	movs	r0, r5
10006fbc:	f000 f9e8 	bl	10007390 <VL53L1X_WrWord>
10006fc0:	4330      	orrs	r0, r6
10006fc2:	b240      	sxtb	r0, r0
10006fc4:	e000      	b.n	10006fc8 <VL53L1X_SetTimingBudgetInMs+0x50>
10006fc6:	2001      	movs	r0, #1
10006fc8:	b002      	add	sp, #8
10006fca:	bd70      	pop	{r4, r5, r6, pc}
10006fcc:	2800      	cmp	r0, #0
10006fce:	d1fa      	bne.n	10006fc6 <VL53L1X_SetTimingBudgetInMs+0x4e>
10006fd0:	2c32      	cmp	r4, #50	@ 0x32
10006fd2:	d030      	beq.n	10007036 <VL53L1X_SetTimingBudgetInMs+0xbe>
10006fd4:	d814      	bhi.n	10007000 <VL53L1X_SetTimingBudgetInMs+0x88>
10006fd6:	2c14      	cmp	r4, #20
10006fd8:	d038      	beq.n	1000704c <VL53L1X_SetTimingBudgetInMs+0xd4>
10006fda:	2c21      	cmp	r4, #33	@ 0x21
10006fdc:	d028      	beq.n	10007030 <VL53L1X_SetTimingBudgetInMs+0xb8>
10006fde:	2c0f      	cmp	r4, #15
10006fe0:	d1f1      	bne.n	10006fc6 <VL53L1X_SetTimingBudgetInMs+0x4e>
10006fe2:	2427      	movs	r4, #39	@ 0x27
10006fe4:	221d      	movs	r2, #29
10006fe6:	e7e1      	b.n	10006fac <VL53L1X_SetTimingBudgetInMs+0x34>
10006fe8:	246e      	movs	r4, #110	@ 0x6e
10006fea:	2260      	movs	r2, #96	@ 0x60
10006fec:	e7de      	b.n	10006fac <VL53L1X_SetTimingBudgetInMs+0x34>
10006fee:	2cc8      	cmp	r4, #200	@ 0xc8
10006ff0:	d012      	beq.n	10007018 <VL53L1X_SetTimingBudgetInMs+0xa0>
10006ff2:	23fa      	movs	r3, #250	@ 0xfa
10006ff4:	005b      	lsls	r3, r3, #1
10006ff6:	429c      	cmp	r4, r3
10006ff8:	d1e5      	bne.n	10006fc6 <VL53L1X_SetTimingBudgetInMs+0x4e>
10006ffa:	4c16      	ldr	r4, [pc, #88]	@ (10007054 <VL53L1X_SetTimingBudgetInMs+0xdc>)
10006ffc:	4a16      	ldr	r2, [pc, #88]	@ (10007058 <VL53L1X_SetTimingBudgetInMs+0xe0>)
10006ffe:	e7d5      	b.n	10006fac <VL53L1X_SetTimingBudgetInMs+0x34>
10007000:	2cc8      	cmp	r4, #200	@ 0xc8
10007002:	d020      	beq.n	10007046 <VL53L1X_SetTimingBudgetInMs+0xce>
10007004:	23fa      	movs	r3, #250	@ 0xfa
10007006:	005b      	lsls	r3, r3, #1
10007008:	429c      	cmp	r4, r3
1000700a:	d019      	beq.n	10007040 <VL53L1X_SetTimingBudgetInMs+0xc8>
1000700c:	2c64      	cmp	r4, #100	@ 0x64
1000700e:	d1da      	bne.n	10006fc6 <VL53L1X_SetTimingBudgetInMs+0x4e>
10007010:	24e2      	movs	r4, #226	@ 0xe2
10007012:	4a12      	ldr	r2, [pc, #72]	@ (1000705c <VL53L1X_SetTimingBudgetInMs+0xe4>)
10007014:	00a4      	lsls	r4, r4, #2
10007016:	e7c9      	b.n	10006fac <VL53L1X_SetTimingBudgetInMs+0x34>
10007018:	24be      	movs	r4, #190	@ 0xbe
1000701a:	4a11      	ldr	r2, [pc, #68]	@ (10007060 <VL53L1X_SetTimingBudgetInMs+0xe8>)
1000701c:	00a4      	lsls	r4, r4, #2
1000701e:	e7c5      	b.n	10006fac <VL53L1X_SetTimingBudgetInMs+0x34>
10007020:	24c6      	movs	r4, #198	@ 0xc6
10007022:	22ad      	movs	r2, #173	@ 0xad
10007024:	e7c2      	b.n	10006fac <VL53L1X_SetTimingBudgetInMs+0x34>
10007026:	24f5      	movs	r4, #245	@ 0xf5
10007028:	22e6      	movs	r2, #230	@ 0xe6
1000702a:	0064      	lsls	r4, r4, #1
1000702c:	0052      	lsls	r2, r2, #1
1000702e:	e7bd      	b.n	10006fac <VL53L1X_SetTimingBudgetInMs+0x34>
10007030:	246e      	movs	r4, #110	@ 0x6e
10007032:	22d6      	movs	r2, #214	@ 0xd6
10007034:	e7ba      	b.n	10006fac <VL53L1X_SetTimingBudgetInMs+0x34>
10007036:	24f4      	movs	r4, #244	@ 0xf4
10007038:	22d7      	movs	r2, #215	@ 0xd7
1000703a:	0064      	lsls	r4, r4, #1
1000703c:	0052      	lsls	r2, r2, #1
1000703e:	e7b5      	b.n	10006fac <VL53L1X_SetTimingBudgetInMs+0x34>
10007040:	4c08      	ldr	r4, [pc, #32]	@ (10007064 <VL53L1X_SetTimingBudgetInMs+0xec>)
10007042:	4a09      	ldr	r2, [pc, #36]	@ (10007068 <VL53L1X_SetTimingBudgetInMs+0xf0>)
10007044:	e7b2      	b.n	10006fac <VL53L1X_SetTimingBudgetInMs+0x34>
10007046:	4c09      	ldr	r4, [pc, #36]	@ (1000706c <VL53L1X_SetTimingBudgetInMs+0xf4>)
10007048:	4a09      	ldr	r2, [pc, #36]	@ (10007070 <VL53L1X_SetTimingBudgetInMs+0xf8>)
1000704a:	e7af      	b.n	10006fac <VL53L1X_SetTimingBudgetInMs+0x34>
1000704c:	246e      	movs	r4, #110	@ 0x6e
1000704e:	2251      	movs	r2, #81	@ 0x51
10007050:	e7ac      	b.n	10006fac <VL53L1X_SetTimingBudgetInMs+0x34>
10007052:	46c0      	nop			@ (mov r8, r8)
10007054:	000004a4 	.word	0x000004a4
10007058:	0000048f 	.word	0x0000048f
1000705c:	000002e1 	.word	0x000002e1
10007060:	000002d9 	.word	0x000002d9
10007064:	000005c1 	.word	0x000005c1
10007068:	00000591 	.word	0x00000591
1000706c:	00000496 	.word	0x00000496
10007070:	000003e1 	.word	0x000003e1

10007074 <VL53L1X_SetDistanceMode>:
10007074:	b570      	push	{r4, r5, r6, lr}
10007076:	b082      	sub	sp, #8
10007078:	466b      	mov	r3, sp
1000707a:	1d9d      	adds	r5, r3, #6
1000707c:	002a      	movs	r2, r5
1000707e:	000e      	movs	r6, r1
10007080:	215e      	movs	r1, #94	@ 0x5e
10007082:	0004      	movs	r4, r0
10007084:	f000 f91c 	bl	100072c0 <VL53L1X_RdWord>
10007088:	22d7      	movs	r2, #215	@ 0xd7
1000708a:	882b      	ldrh	r3, [r5, #0]
1000708c:	0052      	lsls	r2, r2, #1
1000708e:	4293      	cmp	r3, r2
10007090:	d100      	bne.n	10007094 <VL53L1X_SetDistanceMode+0x20>
10007092:	e07d      	b.n	10007190 <VL53L1X_SetDistanceMode+0x11c>
10007094:	d811      	bhi.n	100070ba <VL53L1X_SetDistanceMode+0x46>
10007096:	2b51      	cmp	r3, #81	@ 0x51
10007098:	d100      	bne.n	1000709c <VL53L1X_SetDistanceMode+0x28>
1000709a:	e087      	b.n	100071ac <VL53L1X_SetDistanceMode+0x138>
1000709c:	d869      	bhi.n	10007172 <VL53L1X_SetDistanceMode+0xfe>
1000709e:	250f      	movs	r5, #15
100070a0:	2b1d      	cmp	r3, #29
100070a2:	d000      	beq.n	100070a6 <VL53L1X_SetDistanceMode+0x32>
100070a4:	e06f      	b.n	10007186 <VL53L1X_SetDistanceMode+0x112>
100070a6:	2800      	cmp	r0, #0
100070a8:	d103      	bne.n	100070b2 <VL53L1X_SetDistanceMode+0x3e>
100070aa:	2e01      	cmp	r6, #1
100070ac:	d041      	beq.n	10007132 <VL53L1X_SetDistanceMode+0xbe>
100070ae:	2e02      	cmp	r6, #2
100070b0:	d013      	beq.n	100070da <VL53L1X_SetDistanceMode+0x66>
100070b2:	2001      	movs	r0, #1
100070b4:	4240      	negs	r0, r0
100070b6:	b002      	add	sp, #8
100070b8:	bd70      	pop	{r4, r5, r6, pc}
100070ba:	4a3e      	ldr	r2, [pc, #248]	@ (100071b4 <VL53L1X_SetDistanceMode+0x140>)
100070bc:	4293      	cmp	r3, r2
100070be:	d069      	beq.n	10007194 <VL53L1X_SetDistanceMode+0x120>
100070c0:	d86a      	bhi.n	10007198 <VL53L1X_SetDistanceMode+0x124>
100070c2:	4a3d      	ldr	r2, [pc, #244]	@ (100071b8 <VL53L1X_SetDistanceMode+0x144>)
100070c4:	4293      	cmp	r3, r2
100070c6:	d065      	beq.n	10007194 <VL53L1X_SetDistanceMode+0x120>
100070c8:	4a3c      	ldr	r2, [pc, #240]	@ (100071bc <VL53L1X_SetDistanceMode+0x148>)
100070ca:	4293      	cmp	r3, r2
100070cc:	d070      	beq.n	100071b0 <VL53L1X_SetDistanceMode+0x13c>
100070ce:	3a16      	subs	r2, #22
100070d0:	3aff      	subs	r2, #255	@ 0xff
100070d2:	2564      	movs	r5, #100	@ 0x64
100070d4:	4293      	cmp	r3, r2
100070d6:	d0e6      	beq.n	100070a6 <VL53L1X_SetDistanceMode+0x32>
100070d8:	e7eb      	b.n	100070b2 <VL53L1X_SetDistanceMode+0x3e>
100070da:	220a      	movs	r2, #10
100070dc:	214b      	movs	r1, #75	@ 0x4b
100070de:	0020      	movs	r0, r4
100070e0:	f000 f93c 	bl	1000735c <VL53L1X_WrByte>
100070e4:	220f      	movs	r2, #15
100070e6:	0006      	movs	r6, r0
100070e8:	2160      	movs	r1, #96	@ 0x60
100070ea:	0020      	movs	r0, r4
100070ec:	f000 f936 	bl	1000735c <VL53L1X_WrByte>
100070f0:	220d      	movs	r2, #13
100070f2:	2163      	movs	r1, #99	@ 0x63
100070f4:	4306      	orrs	r6, r0
100070f6:	0020      	movs	r0, r4
100070f8:	f000 f930 	bl	1000735c <VL53L1X_WrByte>
100070fc:	22b8      	movs	r2, #184	@ 0xb8
100070fe:	2169      	movs	r1, #105	@ 0x69
10007100:	4306      	orrs	r6, r0
10007102:	0020      	movs	r0, r4
10007104:	f000 f92a 	bl	1000735c <VL53L1X_WrByte>
10007108:	4a2d      	ldr	r2, [pc, #180]	@ (100071c0 <VL53L1X_SetDistanceMode+0x14c>)
1000710a:	4306      	orrs	r6, r0
1000710c:	2178      	movs	r1, #120	@ 0x78
1000710e:	0020      	movs	r0, r4
10007110:	f000 f93e 	bl	10007390 <VL53L1X_WrWord>
10007114:	4a2b      	ldr	r2, [pc, #172]	@ (100071c4 <VL53L1X_SetDistanceMode+0x150>)
10007116:	4306      	orrs	r6, r0
10007118:	217a      	movs	r1, #122	@ 0x7a
1000711a:	0020      	movs	r0, r4
1000711c:	f000 f938 	bl	10007390 <VL53L1X_WrWord>
10007120:	4330      	orrs	r0, r6
10007122:	b240      	sxtb	r0, r0
10007124:	2800      	cmp	r0, #0
10007126:	d1c6      	bne.n	100070b6 <VL53L1X_SetDistanceMode+0x42>
10007128:	0029      	movs	r1, r5
1000712a:	0020      	movs	r0, r4
1000712c:	f7ff ff24 	bl	10006f78 <VL53L1X_SetTimingBudgetInMs>
10007130:	e7c1      	b.n	100070b6 <VL53L1X_SetDistanceMode+0x42>
10007132:	2214      	movs	r2, #20
10007134:	214b      	movs	r1, #75	@ 0x4b
10007136:	0020      	movs	r0, r4
10007138:	f000 f910 	bl	1000735c <VL53L1X_WrByte>
1000713c:	2207      	movs	r2, #7
1000713e:	0006      	movs	r6, r0
10007140:	2160      	movs	r1, #96	@ 0x60
10007142:	0020      	movs	r0, r4
10007144:	f000 f90a 	bl	1000735c <VL53L1X_WrByte>
10007148:	2205      	movs	r2, #5
1000714a:	2163      	movs	r1, #99	@ 0x63
1000714c:	4306      	orrs	r6, r0
1000714e:	0020      	movs	r0, r4
10007150:	f000 f904 	bl	1000735c <VL53L1X_WrByte>
10007154:	2238      	movs	r2, #56	@ 0x38
10007156:	2169      	movs	r1, #105	@ 0x69
10007158:	4306      	orrs	r6, r0
1000715a:	0020      	movs	r0, r4
1000715c:	f000 f8fe 	bl	1000735c <VL53L1X_WrByte>
10007160:	4a19      	ldr	r2, [pc, #100]	@ (100071c8 <VL53L1X_SetDistanceMode+0x154>)
10007162:	4306      	orrs	r6, r0
10007164:	2178      	movs	r1, #120	@ 0x78
10007166:	0020      	movs	r0, r4
10007168:	f000 f912 	bl	10007390 <VL53L1X_WrWord>
1000716c:	4a17      	ldr	r2, [pc, #92]	@ (100071cc <VL53L1X_SetDistanceMode+0x158>)
1000716e:	4306      	orrs	r6, r0
10007170:	e7d2      	b.n	10007118 <VL53L1X_SetDistanceMode+0xa4>
10007172:	2bad      	cmp	r3, #173	@ 0xad
10007174:	d00c      	beq.n	10007190 <VL53L1X_SetDistanceMode+0x11c>
10007176:	2521      	movs	r5, #33	@ 0x21
10007178:	2bd6      	cmp	r3, #214	@ 0xd6
1000717a:	d100      	bne.n	1000717e <VL53L1X_SetDistanceMode+0x10a>
1000717c:	e793      	b.n	100070a6 <VL53L1X_SetDistanceMode+0x32>
1000717e:	2b60      	cmp	r3, #96	@ 0x60
10007180:	d100      	bne.n	10007184 <VL53L1X_SetDistanceMode+0x110>
10007182:	e790      	b.n	100070a6 <VL53L1X_SetDistanceMode+0x32>
10007184:	e795      	b.n	100070b2 <VL53L1X_SetDistanceMode+0x3e>
10007186:	3505      	adds	r5, #5
10007188:	2b1e      	cmp	r3, #30
1000718a:	d100      	bne.n	1000718e <VL53L1X_SetDistanceMode+0x11a>
1000718c:	e78b      	b.n	100070a6 <VL53L1X_SetDistanceMode+0x32>
1000718e:	e790      	b.n	100070b2 <VL53L1X_SetDistanceMode+0x3e>
10007190:	2532      	movs	r5, #50	@ 0x32
10007192:	e788      	b.n	100070a6 <VL53L1X_SetDistanceMode+0x32>
10007194:	25c8      	movs	r5, #200	@ 0xc8
10007196:	e786      	b.n	100070a6 <VL53L1X_SetDistanceMode+0x32>
10007198:	4a0d      	ldr	r2, [pc, #52]	@ (100071d0 <VL53L1X_SetDistanceMode+0x15c>)
1000719a:	4293      	cmp	r3, r2
1000719c:	d003      	beq.n	100071a6 <VL53L1X_SetDistanceMode+0x132>
1000719e:	4a0d      	ldr	r2, [pc, #52]	@ (100071d4 <VL53L1X_SetDistanceMode+0x160>)
100071a0:	4293      	cmp	r3, r2
100071a2:	d000      	beq.n	100071a6 <VL53L1X_SetDistanceMode+0x132>
100071a4:	e785      	b.n	100070b2 <VL53L1X_SetDistanceMode+0x3e>
100071a6:	25fa      	movs	r5, #250	@ 0xfa
100071a8:	006d      	lsls	r5, r5, #1
100071aa:	e77c      	b.n	100070a6 <VL53L1X_SetDistanceMode+0x32>
100071ac:	2514      	movs	r5, #20
100071ae:	e77a      	b.n	100070a6 <VL53L1X_SetDistanceMode+0x32>
100071b0:	2564      	movs	r5, #100	@ 0x64
100071b2:	e778      	b.n	100070a6 <VL53L1X_SetDistanceMode+0x32>
100071b4:	000003e1 	.word	0x000003e1
100071b8:	000002d9 	.word	0x000002d9
100071bc:	000002e1 	.word	0x000002e1
100071c0:	00000f0d 	.word	0x00000f0d
100071c4:	00000e0e 	.word	0x00000e0e
100071c8:	00000705 	.word	0x00000705
100071cc:	00000606 	.word	0x00000606
100071d0:	0000048f 	.word	0x0000048f
100071d4:	00000591 	.word	0x00000591

100071d8 <VL53L1X_SetInterMeasurementInMs>:
100071d8:	b5f0      	push	{r4, r5, r6, r7, lr}
100071da:	b083      	sub	sp, #12
100071dc:	466a      	mov	r2, sp
100071de:	1d94      	adds	r4, r2, #6
100071e0:	0022      	movs	r2, r4
100071e2:	000f      	movs	r7, r1
100071e4:	21de      	movs	r1, #222	@ 0xde
100071e6:	0005      	movs	r5, r0
100071e8:	f000 f86a 	bl	100072c0 <VL53L1X_RdWord>
100071ec:	8823      	ldrh	r3, [r4, #0]
100071ee:	0006      	movs	r6, r0
100071f0:	059b      	lsls	r3, r3, #22
100071f2:	0d98      	lsrs	r0, r3, #22
100071f4:	8020      	strh	r0, [r4, #0]
100071f6:	4378      	muls	r0, r7
100071f8:	f7fb f8f6 	bl	100023e8 <__wrap___aeabi_ui2d>
100071fc:	4b07      	ldr	r3, [pc, #28]	@ (1000721c <VL53L1X_SetInterMeasurementInMs+0x44>)
100071fe:	4a08      	ldr	r2, [pc, #32]	@ (10007220 <VL53L1X_SetInterMeasurementInMs+0x48>)
10007200:	f7fb f887 	bl	10002312 <__wrap___aeabi_dmul>
10007204:	f7fb f930 	bl	10002468 <__wrap___aeabi_d2uiz>
10007208:	216c      	movs	r1, #108	@ 0x6c
1000720a:	0002      	movs	r2, r0
1000720c:	0028      	movs	r0, r5
1000720e:	f000 f8d9 	bl	100073c4 <VL53L1X_WrDWord>
10007212:	0033      	movs	r3, r6
10007214:	4303      	orrs	r3, r0
10007216:	b258      	sxtb	r0, r3
10007218:	b003      	add	sp, #12
1000721a:	bdf0      	pop	{r4, r5, r6, r7, pc}
1000721c:	3ff13333 	.word	0x3ff13333
10007220:	33333333 	.word	0x33333333

10007224 <VL53L1X_GetSensorId>:
10007224:	b530      	push	{r4, r5, lr}
10007226:	b083      	sub	sp, #12
10007228:	466b      	mov	r3, sp
1000722a:	1d9c      	adds	r4, r3, #6
1000722c:	2310      	movs	r3, #16
1000722e:	33ff      	adds	r3, #255	@ 0xff
10007230:	000d      	movs	r5, r1
10007232:	0022      	movs	r2, r4
10007234:	0019      	movs	r1, r3
10007236:	f000 f843 	bl	100072c0 <VL53L1X_RdWord>
1000723a:	8823      	ldrh	r3, [r4, #0]
1000723c:	802b      	strh	r3, [r5, #0]
1000723e:	b003      	add	sp, #12
10007240:	bd30      	pop	{r4, r5, pc}
10007242:	46c0      	nop			@ (mov r8, r8)

10007244 <VL53L1X_GetDistance>:
10007244:	b530      	push	{r4, r5, lr}
10007246:	b083      	sub	sp, #12
10007248:	466b      	mov	r3, sp
1000724a:	1d9c      	adds	r4, r3, #6
1000724c:	000d      	movs	r5, r1
1000724e:	0022      	movs	r2, r4
10007250:	2196      	movs	r1, #150	@ 0x96
10007252:	f000 f835 	bl	100072c0 <VL53L1X_RdWord>
10007256:	8823      	ldrh	r3, [r4, #0]
10007258:	802b      	strh	r3, [r5, #0]
1000725a:	b003      	add	sp, #12
1000725c:	bd30      	pop	{r4, r5, pc}
1000725e:	46c0      	nop			@ (mov r8, r8)

10007260 <VL53L1X_I2C_Init>:
10007260:	b530      	push	{r4, r5, lr}
10007262:	4b14      	ldr	r3, [pc, #80]	@ (100072b4 <VL53L1X_I2C_Init+0x54>)
10007264:	b083      	sub	sp, #12
10007266:	0005      	movs	r5, r0
10007268:	6019      	str	r1, [r3, #0]
1000726a:	0008      	movs	r0, r1
1000726c:	4912      	ldr	r1, [pc, #72]	@ (100072b8 <VL53L1X_I2C_Init+0x58>)
1000726e:	f7ff fdd9 	bl	10006e24 <i2c_init>
10007272:	2103      	movs	r1, #3
10007274:	2004      	movs	r0, #4
10007276:	f7f9 f9a9 	bl	100005cc <gpio_set_function>
1000727a:	2103      	movs	r1, #3
1000727c:	2005      	movs	r0, #5
1000727e:	f7f9 f9a5 	bl	100005cc <gpio_set_function>
10007282:	2200      	movs	r2, #0
10007284:	2101      	movs	r1, #1
10007286:	2004      	movs	r0, #4
10007288:	f7f9 f9b8 	bl	100005fc <gpio_set_pulls>
1000728c:	2200      	movs	r2, #0
1000728e:	2101      	movs	r1, #1
10007290:	2005      	movs	r0, #5
10007292:	f7f9 f9b3 	bl	100005fc <gpio_set_pulls>
10007296:	466b      	mov	r3, sp
10007298:	1d9c      	adds	r4, r3, #6
1000729a:	0021      	movs	r1, r4
1000729c:	0028      	movs	r0, r5
1000729e:	f7ff ffc1 	bl	10007224 <VL53L1X_GetSensorId>
100072a2:	8822      	ldrh	r2, [r4, #0]
100072a4:	4b05      	ldr	r3, [pc, #20]	@ (100072bc <VL53L1X_I2C_Init+0x5c>)
100072a6:	429a      	cmp	r2, r3
100072a8:	d101      	bne.n	100072ae <VL53L1X_I2C_Init+0x4e>
100072aa:	b003      	add	sp, #12
100072ac:	bd30      	pop	{r4, r5, pc}
100072ae:	2001      	movs	r0, #1
100072b0:	4240      	negs	r0, r0
100072b2:	e7fa      	b.n	100072aa <VL53L1X_I2C_Init+0x4a>
100072b4:	20001e84 	.word	0x20001e84
100072b8:	000186a0 	.word	0x000186a0
100072bc:	0000eacc 	.word	0x0000eacc

100072c0 <VL53L1X_RdWord>:
100072c0:	b5f0      	push	{r4, r5, r6, r7, lr}
100072c2:	2600      	movs	r6, #0
100072c4:	0015      	movs	r5, r2
100072c6:	4f10      	ldr	r7, [pc, #64]	@ (10007308 <VL53L1X_RdWord+0x48>)
100072c8:	4a10      	ldr	r2, [pc, #64]	@ (1000730c <VL53L1X_RdWord+0x4c>)
100072ca:	b083      	sub	sp, #12
100072cc:	ba49      	rev16	r1, r1
100072ce:	b2c4      	uxtb	r4, r0
100072d0:	8011      	strh	r1, [r2, #0]
100072d2:	6838      	ldr	r0, [r7, #0]
100072d4:	2302      	movs	r3, #2
100072d6:	0021      	movs	r1, r4
100072d8:	9600      	str	r6, [sp, #0]
100072da:	f7ff fdcd 	bl	10006e78 <i2c_write_blocking>
100072de:	2802      	cmp	r0, #2
100072e0:	d10f      	bne.n	10007302 <VL53L1X_RdWord+0x42>
100072e2:	2302      	movs	r3, #2
100072e4:	6838      	ldr	r0, [r7, #0]
100072e6:	002a      	movs	r2, r5
100072e8:	0021      	movs	r1, r4
100072ea:	9600      	str	r6, [sp, #0]
100072ec:	f7ff fdce 	bl	10006e8c <i2c_read_blocking>
100072f0:	3802      	subs	r0, #2
100072f2:	1e43      	subs	r3, r0, #1
100072f4:	4198      	sbcs	r0, r3
100072f6:	4240      	negs	r0, r0
100072f8:	882b      	ldrh	r3, [r5, #0]
100072fa:	ba5b      	rev16	r3, r3
100072fc:	802b      	strh	r3, [r5, #0]
100072fe:	b003      	add	sp, #12
10007300:	bdf0      	pop	{r4, r5, r6, r7, pc}
10007302:	2001      	movs	r0, #1
10007304:	4240      	negs	r0, r0
10007306:	e7f7      	b.n	100072f8 <VL53L1X_RdWord+0x38>
10007308:	20001e84 	.word	0x20001e84
1000730c:	2000180c 	.word	0x2000180c

10007310 <VL53L1X_RdByte>:
10007310:	b5f0      	push	{r4, r5, r6, r7, lr}
10007312:	2500      	movs	r5, #0
10007314:	0017      	movs	r7, r2
10007316:	4e0f      	ldr	r6, [pc, #60]	@ (10007354 <VL53L1X_RdByte+0x44>)
10007318:	4a0f      	ldr	r2, [pc, #60]	@ (10007358 <VL53L1X_RdByte+0x48>)
1000731a:	b083      	sub	sp, #12
1000731c:	ba49      	rev16	r1, r1
1000731e:	b2c4      	uxtb	r4, r0
10007320:	8011      	strh	r1, [r2, #0]
10007322:	6830      	ldr	r0, [r6, #0]
10007324:	2302      	movs	r3, #2
10007326:	0021      	movs	r1, r4
10007328:	9500      	str	r5, [sp, #0]
1000732a:	f7ff fda5 	bl	10006e78 <i2c_write_blocking>
1000732e:	2802      	cmp	r0, #2
10007330:	d10c      	bne.n	1000734c <VL53L1X_RdByte+0x3c>
10007332:	2301      	movs	r3, #1
10007334:	6830      	ldr	r0, [r6, #0]
10007336:	003a      	movs	r2, r7
10007338:	0021      	movs	r1, r4
1000733a:	9500      	str	r5, [sp, #0]
1000733c:	f7ff fda6 	bl	10006e8c <i2c_read_blocking>
10007340:	3801      	subs	r0, #1
10007342:	1e43      	subs	r3, r0, #1
10007344:	4198      	sbcs	r0, r3
10007346:	4240      	negs	r0, r0
10007348:	b003      	add	sp, #12
1000734a:	bdf0      	pop	{r4, r5, r6, r7, pc}
1000734c:	2001      	movs	r0, #1
1000734e:	4240      	negs	r0, r0
10007350:	e7fa      	b.n	10007348 <VL53L1X_RdByte+0x38>
10007352:	46c0      	nop			@ (mov r8, r8)
10007354:	20001e84 	.word	0x20001e84
10007358:	2000180c 	.word	0x2000180c

1000735c <VL53L1X_WrByte>:
1000735c:	0013      	movs	r3, r2
1000735e:	b500      	push	{lr}
10007360:	4a09      	ldr	r2, [pc, #36]	@ (10007388 <VL53L1X_WrByte+0x2c>)
10007362:	b083      	sub	sp, #12
10007364:	7093      	strb	r3, [r2, #2]
10007366:	4b09      	ldr	r3, [pc, #36]	@ (1000738c <VL53L1X_WrByte+0x30>)
10007368:	ba49      	rev16	r1, r1
1000736a:	8011      	strh	r1, [r2, #0]
1000736c:	b2c1      	uxtb	r1, r0
1000736e:	6818      	ldr	r0, [r3, #0]
10007370:	2300      	movs	r3, #0
10007372:	9300      	str	r3, [sp, #0]
10007374:	3303      	adds	r3, #3
10007376:	f7ff fd7f 	bl	10006e78 <i2c_write_blocking>
1000737a:	3803      	subs	r0, #3
1000737c:	1e43      	subs	r3, r0, #1
1000737e:	4198      	sbcs	r0, r3
10007380:	4240      	negs	r0, r0
10007382:	b003      	add	sp, #12
10007384:	bd00      	pop	{pc}
10007386:	46c0      	nop			@ (mov r8, r8)
10007388:	2000180c 	.word	0x2000180c
1000738c:	20001e84 	.word	0x20001e84

10007390 <VL53L1X_WrWord>:
10007390:	0013      	movs	r3, r2
10007392:	b500      	push	{lr}
10007394:	4a09      	ldr	r2, [pc, #36]	@ (100073bc <VL53L1X_WrWord+0x2c>)
10007396:	ba5b      	rev16	r3, r3
10007398:	b083      	sub	sp, #12
1000739a:	8053      	strh	r3, [r2, #2]
1000739c:	4b08      	ldr	r3, [pc, #32]	@ (100073c0 <VL53L1X_WrWord+0x30>)
1000739e:	ba49      	rev16	r1, r1
100073a0:	8011      	strh	r1, [r2, #0]
100073a2:	b2c1      	uxtb	r1, r0
100073a4:	6818      	ldr	r0, [r3, #0]
100073a6:	2300      	movs	r3, #0
100073a8:	9300      	str	r3, [sp, #0]
100073aa:	3304      	adds	r3, #4
100073ac:	f7ff fd64 	bl	10006e78 <i2c_write_blocking>
100073b0:	3804      	subs	r0, #4
100073b2:	1e43      	subs	r3, r0, #1
100073b4:	4198      	sbcs	r0, r3
100073b6:	4240      	negs	r0, r0
100073b8:	b003      	add	sp, #12
100073ba:	bd00      	pop	{pc}
100073bc:	2000180c 	.word	0x2000180c
100073c0:	20001e84 	.word	0x20001e84

100073c4 <VL53L1X_WrDWord>:
100073c4:	b530      	push	{r4, r5, lr}
100073c6:	4c0d      	ldr	r4, [pc, #52]	@ (100073fc <VL53L1X_WrDWord+0x38>)
100073c8:	b085      	sub	sp, #20
100073ca:	ba12      	rev	r2, r2
100073cc:	ba49      	rev16	r1, r1
100073ce:	0005      	movs	r5, r0
100073d0:	9203      	str	r2, [sp, #12]
100073d2:	8021      	strh	r1, [r4, #0]
100073d4:	2204      	movs	r2, #4
100073d6:	a903      	add	r1, sp, #12
100073d8:	1ca0      	adds	r0, r4, #2
100073da:	f7fb fbc5 	bl	10002b68 <__wrap___aeabi_memcpy>
100073de:	4b08      	ldr	r3, [pc, #32]	@ (10007400 <VL53L1X_WrDWord+0x3c>)
100073e0:	0022      	movs	r2, r4
100073e2:	6818      	ldr	r0, [r3, #0]
100073e4:	2300      	movs	r3, #0
100073e6:	b2e9      	uxtb	r1, r5
100073e8:	9300      	str	r3, [sp, #0]
100073ea:	3306      	adds	r3, #6
100073ec:	f7ff fd44 	bl	10006e78 <i2c_write_blocking>
100073f0:	3806      	subs	r0, #6
100073f2:	1e43      	subs	r3, r0, #1
100073f4:	4198      	sbcs	r0, r3
100073f6:	4240      	negs	r0, r0
100073f8:	b005      	add	sp, #20
100073fa:	bd30      	pop	{r4, r5, pc}
100073fc:	2000180c 	.word	0x2000180c
10007400:	20001e84 	.word	0x20001e84

10007404 <strlen>:
10007404:	0003      	movs	r3, r0
10007406:	4684      	mov	ip, r0
10007408:	079b      	lsls	r3, r3, #30
1000740a:	d00b      	beq.n	10007424 <strlen+0x20>
1000740c:	0003      	movs	r3, r0
1000740e:	2103      	movs	r1, #3
10007410:	e002      	b.n	10007418 <strlen+0x14>
10007412:	3301      	adds	r3, #1
10007414:	420b      	tst	r3, r1
10007416:	d006      	beq.n	10007426 <strlen+0x22>
10007418:	781a      	ldrb	r2, [r3, #0]
1000741a:	2a00      	cmp	r2, #0
1000741c:	d1f9      	bne.n	10007412 <strlen+0xe>
1000741e:	4662      	mov	r2, ip
10007420:	1a98      	subs	r0, r3, r2
10007422:	4770      	bx	lr
10007424:	0003      	movs	r3, r0
10007426:	6819      	ldr	r1, [r3, #0]
10007428:	4a0c      	ldr	r2, [pc, #48]	@ (1000745c <strlen+0x58>)
1000742a:	480d      	ldr	r0, [pc, #52]	@ (10007460 <strlen+0x5c>)
1000742c:	188a      	adds	r2, r1, r2
1000742e:	438a      	bics	r2, r1
10007430:	4202      	tst	r2, r0
10007432:	d10f      	bne.n	10007454 <strlen+0x50>
10007434:	6859      	ldr	r1, [r3, #4]
10007436:	4a09      	ldr	r2, [pc, #36]	@ (1000745c <strlen+0x58>)
10007438:	3304      	adds	r3, #4
1000743a:	188a      	adds	r2, r1, r2
1000743c:	438a      	bics	r2, r1
1000743e:	4202      	tst	r2, r0
10007440:	d108      	bne.n	10007454 <strlen+0x50>
10007442:	6859      	ldr	r1, [r3, #4]
10007444:	4a05      	ldr	r2, [pc, #20]	@ (1000745c <strlen+0x58>)
10007446:	3304      	adds	r3, #4
10007448:	188a      	adds	r2, r1, r2
1000744a:	438a      	bics	r2, r1
1000744c:	4202      	tst	r2, r0
1000744e:	d0f1      	beq.n	10007434 <strlen+0x30>
10007450:	e000      	b.n	10007454 <strlen+0x50>
10007452:	3301      	adds	r3, #1
10007454:	781a      	ldrb	r2, [r3, #0]
10007456:	2a00      	cmp	r2, #0
10007458:	d1fb      	bne.n	10007452 <strlen+0x4e>
1000745a:	e7e0      	b.n	1000741e <strlen+0x1a>
1000745c:	fefefeff 	.word	0xfefefeff
10007460:	80808080 	.word	0x80808080
10007464:	00000000 	.word	0x00000000

10007468 <____aeabi_ldiv0_veneer>:
10007468:	b401      	push	{r0}
1000746a:	4802      	ldr	r0, [pc, #8]	@ (10007474 <____aeabi_ldiv0_veneer+0xc>)
1000746c:	4684      	mov	ip, r0
1000746e:	bc01      	pop	{r0}
10007470:	4760      	bx	ip
10007472:	bf00      	nop
10007474:	20000f09 	.word	0x20000f09

10007478 <__e15_is_bulkin_ep_veneer>:
10007478:	b401      	push	{r0}
1000747a:	4802      	ldr	r0, [pc, #8]	@ (10007484 <__e15_is_bulkin_ep_veneer+0xc>)
1000747c:	4684      	mov	ip, r0
1000747e:	bc01      	pop	{r0}
10007480:	4760      	bx	ip
10007482:	bf00      	nop
10007484:	20000bd9 	.word	0x20000bd9

10007488 <____aeabi_idiv0_veneer>:
10007488:	b401      	push	{r0}
1000748a:	4802      	ldr	r0, [pc, #8]	@ (10007494 <____aeabi_idiv0_veneer+0xc>)
1000748c:	4684      	mov	ip, r0
1000748e:	bc01      	pop	{r0}
10007490:	4760      	bx	ip
10007492:	bf00      	nop
10007494:	20000f09 	.word	0x20000f09

10007498 <__mutex_enter_timeout_ms_veneer>:
10007498:	b401      	push	{r0}
1000749a:	4802      	ldr	r0, [pc, #8]	@ (100074a4 <__mutex_enter_timeout_ms_veneer+0xc>)
1000749c:	4684      	mov	ip, r0
1000749e:	bc01      	pop	{r0}
100074a0:	4760      	bx	ip
100074a2:	bf00      	nop
100074a4:	20000199 	.word	0x20000199

100074a8 <__mutex_try_enter_veneer>:
100074a8:	b401      	push	{r0}
100074aa:	4802      	ldr	r0, [pc, #8]	@ (100074b4 <__mutex_try_enter_veneer+0xc>)
100074ac:	4684      	mov	ip, r0
100074ae:	bc01      	pop	{r0}
100074b0:	4760      	bx	ip
100074b2:	bf00      	nop
100074b4:	200000c1 	.word	0x200000c1

100074b8 <__mutex_exit_veneer>:
100074b8:	b401      	push	{r0}
100074ba:	4802      	ldr	r0, [pc, #8]	@ (100074c4 <__mutex_exit_veneer+0xc>)
100074bc:	4684      	mov	ip, r0
100074be:	bc01      	pop	{r0}
100074c0:	4760      	bx	ip
100074c2:	bf00      	nop
100074c4:	20000225 	.word	0x20000225

100074c8 <__mutex_try_enter_block_until_veneer>:
100074c8:	b401      	push	{r0}
100074ca:	4802      	ldr	r0, [pc, #8]	@ (100074d4 <__mutex_try_enter_block_until_veneer+0xc>)
100074cc:	4684      	mov	ip, r0
100074ce:	bc01      	pop	{r0}
100074d0:	4760      	bx	ip
100074d2:	bf00      	nop
100074d4:	20000101 	.word	0x20000101

100074d8 <__reset_non_control_endpoints_veneer>:
100074d8:	b401      	push	{r0}
100074da:	4802      	ldr	r0, [pc, #8]	@ (100074e4 <__reset_non_control_endpoints_veneer+0xc>)
100074dc:	4684      	mov	ip, r0
100074de:	bc01      	pop	{r0}
100074e0:	4760      	bx	ip
100074e2:	bf00      	nop
100074e4:	20000421 	.word	0x20000421

100074e8 <__e15_is_critical_frame_period_veneer>:
100074e8:	b401      	push	{r0}
100074ea:	4802      	ldr	r0, [pc, #8]	@ (100074f4 <__e15_is_critical_frame_period_veneer+0xc>)
100074ec:	4684      	mov	ip, r0
100074ee:	bc01      	pop	{r0}
100074f0:	4760      	bx	ip
100074f2:	bf00      	nop
100074f4:	20000c01 	.word	0x20000c01

100074f8 <__flash_do_cmd_cs_veneer>:
100074f8:	b401      	push	{r0}
100074fa:	4802      	ldr	r0, [pc, #8]	@ (10007504 <__flash_do_cmd_cs_veneer+0xc>)
100074fc:	4684      	mov	ip, r0
100074fe:	bc01      	pop	{r0}
10007500:	4760      	bx	ip
10007502:	bf00      	nop
10007504:	200002d9 	.word	0x200002d9

10007508 <__hw_endpoint_start_next_buffer_veneer>:
10007508:	b401      	push	{r0}
1000750a:	4802      	ldr	r0, [pc, #8]	@ (10007514 <__hw_endpoint_start_next_buffer_veneer+0xc>)
1000750c:	4684      	mov	ip, r0
1000750e:	bc01      	pop	{r0}
10007510:	4760      	bx	ip
10007512:	bf00      	nop
10007514:	20000c8d 	.word	0x20000c8d

10007518 <___hw_endpoint_buffer_control_update32_veneer>:
10007518:	b401      	push	{r0}
1000751a:	4802      	ldr	r0, [pc, #8]	@ (10007524 <___hw_endpoint_buffer_control_update32_veneer+0xc>)
1000751c:	4684      	mov	ip, r0
1000751e:	bc01      	pop	{r0}
10007520:	4760      	bx	ip
10007522:	bf00      	nop
10007524:	20000c3d 	.word	0x20000c3d

10007528 <__pre_init_runtime_init_early_resets>:
10007528:	10001bcd                                ....

1000752c <__pre_init_runtime_init_usb_power_down>:
1000752c:	10001bf9 10001ddd 10002b4d 10002481     ........M+...$..
1000753c:	10002ab9                                .*..

10007540 <__pre_init_runtime_init_clocks>:
10007540:	10001d05                                ....

10007544 <__pre_init_runtime_init_post_clock_resets>:
10007544:	10001c15                                ....

10007548 <__pre_init_runtime_init_rp2040_gpio_ie_disable>:
10007548:	10001c35                                5...

1000754c <__pre_init_runtime_init_spin_locks_reset>:
1000754c:	10001c49                                I...

10007550 <__pre_init_runtime_init_mutex>:
10007550:	10000d49                                I...

10007554 <__pre_init_runtime_init_install_ram_vector_table>:
10007554:	10001c51                                Q...

10007558 <__pre_init_runtime_init_default_alarm_pool>:
10007558:	10001115                                ....

1000755c <__pre_init_first_per_core_initializer>:
1000755c:	10001b95                                ....

10007560 <__pre_init_runtime_init_per_core_irq_priorities>:
10007560:	100007c5                                ....

10007564 <__init_array_start>:
10007564:	10004d75 	.word	0x10004d75

Disassembly of section .data:

200000c0 <mutex_try_enter>:
200000c0:	0003      	movs	r3, r0
200000c2:	6800      	ldr	r0, [r0, #0]
200000c4:	f3ef 8c10 	mrs	ip, PRIMASK
200000c8:	b672      	cpsid	i
200000ca:	6802      	ldr	r2, [r0, #0]
200000cc:	2a00      	cmp	r2, #0
200000ce:	d0fc      	beq.n	200000ca <mutex_try_enter+0xa>
200000d0:	f3bf 8f5f 	dmb	sy
200000d4:	2204      	movs	r2, #4
200000d6:	569a      	ldrsb	r2, [r3, r2]
200000d8:	2a00      	cmp	r2, #0
200000da:	db0b      	blt.n	200000f4 <mutex_try_enter+0x34>
200000dc:	2900      	cmp	r1, #0
200000de:	d000      	beq.n	200000e2 <mutex_try_enter+0x22>
200000e0:	600a      	str	r2, [r1, #0]
200000e2:	2000      	movs	r0, #0
200000e4:	681b      	ldr	r3, [r3, #0]
200000e6:	f3bf 8f5f 	dmb	sy
200000ea:	2200      	movs	r2, #0
200000ec:	601a      	str	r2, [r3, #0]
200000ee:	f38c 8810 	msr	PRIMASK, ip
200000f2:	4770      	bx	lr
200000f4:	22d0      	movs	r2, #208	@ 0xd0
200000f6:	0612      	lsls	r2, r2, #24
200000f8:	6812      	ldr	r2, [r2, #0]
200000fa:	2001      	movs	r0, #1
200000fc:	711a      	strb	r2, [r3, #4]
200000fe:	e7f1      	b.n	200000e4 <mutex_try_enter+0x24>

20000100 <mutex_try_enter_block_until>:
20000100:	b5f0      	push	{r4, r5, r6, r7, lr}
20000102:	46c6      	mov	lr, r8
20000104:	0016      	movs	r6, r2
20000106:	b500      	push	{lr}
20000108:	0004      	movs	r4, r0
2000010a:	001f      	movs	r7, r3
2000010c:	6802      	ldr	r2, [r0, #0]
2000010e:	f3ef 8110 	mrs	r1, PRIMASK
20000112:	b672      	cpsid	i
20000114:	6813      	ldr	r3, [r2, #0]
20000116:	2b00      	cmp	r3, #0
20000118:	d0fc      	beq.n	20000114 <mutex_try_enter_block_until+0x14>
2000011a:	f3bf 8f5f 	dmb	sy
2000011e:	2304      	movs	r3, #4
20000120:	56e3      	ldrsb	r3, [r4, r3]
20000122:	6822      	ldr	r2, [r4, #0]
20000124:	2b00      	cmp	r3, #0
20000126:	db2b      	blt.n	20000180 <mutex_try_enter_block_until+0x80>
20000128:	f3bf 8f5f 	dmb	sy
2000012c:	2000      	movs	r0, #0
2000012e:	6010      	str	r0, [r2, #0]
20000130:	f381 8810 	msr	PRIMASK, r1
20000134:	22d0      	movs	r2, #208	@ 0xd0
20000136:	0612      	lsls	r2, r2, #24
20000138:	7812      	ldrb	r2, [r2, #0]
2000013a:	2500      	movs	r5, #0
2000013c:	b252      	sxtb	r2, r2
2000013e:	4690      	mov	r8, r2
20000140:	429a      	cmp	r2, r3
20000142:	d10e      	bne.n	20000162 <mutex_try_enter_block_until+0x62>
20000144:	2000      	movs	r0, #0
20000146:	bc80      	pop	{r7}
20000148:	46b8      	mov	r8, r7
2000014a:	bdf0      	pop	{r4, r5, r6, r7, pc}
2000014c:	f3bf 8f5f 	dmb	sy
20000150:	6015      	str	r5, [r2, #0]
20000152:	f381 8810 	msr	PRIMASK, r1
20000156:	0030      	movs	r0, r6
20000158:	0039      	movs	r1, r7
2000015a:	f000 fef1 	bl	20000f40 <__best_effort_wfe_or_timeout_veneer>
2000015e:	2800      	cmp	r0, #0
20000160:	d1f0      	bne.n	20000144 <mutex_try_enter_block_until+0x44>
20000162:	6822      	ldr	r2, [r4, #0]
20000164:	f3ef 8110 	mrs	r1, PRIMASK
20000168:	b672      	cpsid	i
2000016a:	6813      	ldr	r3, [r2, #0]
2000016c:	2b00      	cmp	r3, #0
2000016e:	d0fc      	beq.n	2000016a <mutex_try_enter_block_until+0x6a>
20000170:	f3bf 8f5f 	dmb	sy
20000174:	7923      	ldrb	r3, [r4, #4]
20000176:	6822      	ldr	r2, [r4, #0]
20000178:	2b7f      	cmp	r3, #127	@ 0x7f
2000017a:	d9e7      	bls.n	2000014c <mutex_try_enter_block_until+0x4c>
2000017c:	4643      	mov	r3, r8
2000017e:	e002      	b.n	20000186 <mutex_try_enter_block_until+0x86>
20000180:	23d0      	movs	r3, #208	@ 0xd0
20000182:	061b      	lsls	r3, r3, #24
20000184:	681b      	ldr	r3, [r3, #0]
20000186:	7123      	strb	r3, [r4, #4]
20000188:	f3bf 8f5f 	dmb	sy
2000018c:	2300      	movs	r3, #0
2000018e:	6013      	str	r3, [r2, #0]
20000190:	f381 8810 	msr	PRIMASK, r1
20000194:	2001      	movs	r0, #1
20000196:	e7d6      	b.n	20000146 <mutex_try_enter_block_until+0x46>

20000198 <mutex_enter_timeout_ms>:
20000198:	b5f0      	push	{r4, r5, r6, r7, lr}
2000019a:	46c6      	mov	lr, r8
2000019c:	b500      	push	{lr}
2000019e:	000f      	movs	r7, r1
200001a0:	0004      	movs	r4, r0
200001a2:	f000 feb5 	bl	20000f10 <__time_us_64_veneer>
200001a6:	22fa      	movs	r2, #250	@ 0xfa
200001a8:	000e      	movs	r6, r1
200001aa:	0005      	movs	r5, r0
200001ac:	2300      	movs	r3, #0
200001ae:	0038      	movs	r0, r7
200001b0:	2100      	movs	r1, #0
200001b2:	0092      	lsls	r2, r2, #2
200001b4:	f000 febc 	bl	20000f30 <____wrap___aeabi_lmul_veneer>
200001b8:	1940      	adds	r0, r0, r5
200001ba:	4171      	adcs	r1, r6
200001bc:	0006      	movs	r6, r0
200001be:	1e0f      	subs	r7, r1, #0
200001c0:	da02      	bge.n	200001c8 <mutex_enter_timeout_ms+0x30>
200001c2:	2601      	movs	r6, #1
200001c4:	4f16      	ldr	r7, [pc, #88]	@ (20000220 <mutex_enter_timeout_ms+0x88>)
200001c6:	4276      	negs	r6, r6
200001c8:	23d0      	movs	r3, #208	@ 0xd0
200001ca:	061b      	lsls	r3, r3, #24
200001cc:	681b      	ldr	r3, [r3, #0]
200001ce:	2500      	movs	r5, #0
200001d0:	4698      	mov	r8, r3
200001d2:	e00a      	b.n	200001ea <mutex_enter_timeout_ms+0x52>
200001d4:	f3bf 8f5f 	dmb	sy
200001d8:	6015      	str	r5, [r2, #0]
200001da:	f381 8810 	msr	PRIMASK, r1
200001de:	0030      	movs	r0, r6
200001e0:	0039      	movs	r1, r7
200001e2:	f000 fead 	bl	20000f40 <__best_effort_wfe_or_timeout_veneer>
200001e6:	2800      	cmp	r0, #0
200001e8:	d118      	bne.n	2000021c <mutex_enter_timeout_ms+0x84>
200001ea:	6822      	ldr	r2, [r4, #0]
200001ec:	f3ef 8110 	mrs	r1, PRIMASK
200001f0:	b672      	cpsid	i
200001f2:	6813      	ldr	r3, [r2, #0]
200001f4:	2b00      	cmp	r3, #0
200001f6:	d0fc      	beq.n	200001f2 <mutex_enter_timeout_ms+0x5a>
200001f8:	f3bf 8f5f 	dmb	sy
200001fc:	7923      	ldrb	r3, [r4, #4]
200001fe:	6822      	ldr	r2, [r4, #0]
20000200:	2b7f      	cmp	r3, #127	@ 0x7f
20000202:	d9e7      	bls.n	200001d4 <mutex_enter_timeout_ms+0x3c>
20000204:	4643      	mov	r3, r8
20000206:	7123      	strb	r3, [r4, #4]
20000208:	f3bf 8f5f 	dmb	sy
2000020c:	2300      	movs	r3, #0
2000020e:	6013      	str	r3, [r2, #0]
20000210:	f381 8810 	msr	PRIMASK, r1
20000214:	2001      	movs	r0, #1
20000216:	bc80      	pop	{r7}
20000218:	46b8      	mov	r8, r7
2000021a:	bdf0      	pop	{r4, r5, r6, r7, pc}
2000021c:	2000      	movs	r0, #0
2000021e:	e7fa      	b.n	20000216 <mutex_enter_timeout_ms+0x7e>
20000220:	7fffffff 	.word	0x7fffffff

20000224 <mutex_exit>:
20000224:	6802      	ldr	r2, [r0, #0]
20000226:	f3ef 8110 	mrs	r1, PRIMASK
2000022a:	b672      	cpsid	i
2000022c:	6813      	ldr	r3, [r2, #0]
2000022e:	2b00      	cmp	r3, #0
20000230:	d0fc      	beq.n	2000022c <mutex_exit+0x8>
20000232:	f3bf 8f5f 	dmb	sy
20000236:	23ff      	movs	r3, #255	@ 0xff
20000238:	7103      	strb	r3, [r0, #4]
2000023a:	6803      	ldr	r3, [r0, #0]
2000023c:	f3bf 8f5f 	dmb	sy
20000240:	2200      	movs	r2, #0
20000242:	601a      	str	r2, [r3, #0]
20000244:	f381 8810 	msr	PRIMASK, r1
20000248:	bf40      	sev
2000024a:	4770      	bx	lr

2000024c <flash_init_boot2_copyout>:
2000024c:	4b08      	ldr	r3, [pc, #32]	@ (20000270 <flash_init_boot2_copyout+0x24>)
2000024e:	469c      	mov	ip, r3
20000250:	781b      	ldrb	r3, [r3, #0]
20000252:	2b00      	cmp	r3, #0
20000254:	d10b      	bne.n	2000026e <flash_init_boot2_copyout+0x22>
20000256:	2380      	movs	r3, #128	@ 0x80
20000258:	4806      	ldr	r0, [pc, #24]	@ (20000274 <flash_init_boot2_copyout+0x28>)
2000025a:	4907      	ldr	r1, [pc, #28]	@ (20000278 <flash_init_boot2_copyout+0x2c>)
2000025c:	055b      	lsls	r3, r3, #21
2000025e:	681a      	ldr	r2, [r3, #0]
20000260:	50c2      	str	r2, [r0, r3]
20000262:	3304      	adds	r3, #4
20000264:	428b      	cmp	r3, r1
20000266:	d1fa      	bne.n	2000025e <flash_init_boot2_copyout+0x12>
20000268:	2301      	movs	r3, #1
2000026a:	4662      	mov	r2, ip
2000026c:	7013      	strb	r3, [r2, #0]
2000026e:	4770      	bx	lr
20000270:	20001edc 	.word	0x20001edc
20000274:	1000170c 	.word	0x1000170c
20000278:	10000100 	.word	0x10000100

2000027c <flash_enable_xip_via_boot2>:
2000027c:	b510      	push	{r4, lr}
2000027e:	4b01      	ldr	r3, [pc, #4]	@ (20000284 <flash_enable_xip_via_boot2+0x8>)
20000280:	4798      	blx	r3
20000282:	bd10      	pop	{r4, pc}
20000284:	2000170d 	.word	0x2000170d

20000288 <flash_save_hardware_state>:
20000288:	4b08      	ldr	r3, [pc, #32]	@ (200002ac <flash_save_hardware_state+0x24>)
2000028a:	685a      	ldr	r2, [r3, #4]
2000028c:	6042      	str	r2, [r0, #4]
2000028e:	689a      	ldr	r2, [r3, #8]
20000290:	6082      	str	r2, [r0, #8]
20000292:	68da      	ldr	r2, [r3, #12]
20000294:	60c2      	str	r2, [r0, #12]
20000296:	691a      	ldr	r2, [r3, #16]
20000298:	6102      	str	r2, [r0, #16]
2000029a:	695a      	ldr	r2, [r3, #20]
2000029c:	6142      	str	r2, [r0, #20]
2000029e:	699b      	ldr	r3, [r3, #24]
200002a0:	6183      	str	r3, [r0, #24]
200002a2:	23a0      	movs	r3, #160	@ 0xa0
200002a4:	055b      	lsls	r3, r3, #21
200002a6:	681b      	ldr	r3, [r3, #0]
200002a8:	6003      	str	r3, [r0, #0]
200002aa:	4770      	bx	lr
200002ac:	40020000 	.word	0x40020000

200002b0 <flash_restore_hardware_state>:
200002b0:	6842      	ldr	r2, [r0, #4]
200002b2:	4b08      	ldr	r3, [pc, #32]	@ (200002d4 <flash_restore_hardware_state+0x24>)
200002b4:	605a      	str	r2, [r3, #4]
200002b6:	6882      	ldr	r2, [r0, #8]
200002b8:	609a      	str	r2, [r3, #8]
200002ba:	68c2      	ldr	r2, [r0, #12]
200002bc:	60da      	str	r2, [r3, #12]
200002be:	6902      	ldr	r2, [r0, #16]
200002c0:	611a      	str	r2, [r3, #16]
200002c2:	6942      	ldr	r2, [r0, #20]
200002c4:	615a      	str	r2, [r3, #20]
200002c6:	6982      	ldr	r2, [r0, #24]
200002c8:	619a      	str	r2, [r3, #24]
200002ca:	23a0      	movs	r3, #160	@ 0xa0
200002cc:	6802      	ldr	r2, [r0, #0]
200002ce:	055b      	lsls	r3, r3, #21
200002d0:	601a      	str	r2, [r3, #0]
200002d2:	4770      	bx	lr
200002d4:	40020000 	.word	0x40020000

200002d8 <flash_do_cmd_cs>:
200002d8:	b5f0      	push	{r4, r5, r6, r7, lr}
200002da:	46d6      	mov	lr, sl
200002dc:	464f      	mov	r7, r9
200002de:	4646      	mov	r6, r8
200002e0:	2300      	movs	r3, #0
200002e2:	b5c0      	push	{r6, r7, lr}
200002e4:	2718      	movs	r7, #24
200002e6:	b088      	sub	sp, #32
200002e8:	001e      	movs	r6, r3
200002ea:	4681      	mov	r9, r0
200002ec:	000d      	movs	r5, r1
200002ee:	8a98      	ldrh	r0, [r3, #20]
200002f0:	4946      	ldr	r1, [pc, #280]	@ (2000040c <flash_do_cmd_cs+0x134>)
200002f2:	883b      	ldrh	r3, [r7, #0]
200002f4:	0014      	movs	r4, r2
200002f6:	4798      	blx	r3
200002f8:	883b      	ldrh	r3, [r7, #0]
200002fa:	4680      	mov	r8, r0
200002fc:	4944      	ldr	r1, [pc, #272]	@ (20000410 <flash_do_cmd_cs+0x138>)
200002fe:	8ab0      	ldrh	r0, [r6, #20]
20000300:	4798      	blx	r3
20000302:	2300      	movs	r3, #0
20000304:	4943      	ldr	r1, [pc, #268]	@ (20000414 <flash_do_cmd_cs+0x13c>)
20000306:	0006      	movs	r6, r0
20000308:	8a98      	ldrh	r0, [r3, #20]
2000030a:	883b      	ldrh	r3, [r7, #0]
2000030c:	4798      	blx	r3
2000030e:	4682      	mov	sl, r0
20000310:	f7ff ff9c 	bl	2000024c <flash_init_boot2_copyout>
20000314:	a801      	add	r0, sp, #4
20000316:	f7ff ffb7 	bl	20000288 <flash_save_hardware_state>
2000031a:	47c0      	blx	r8
2000031c:	47b0      	blx	r6
2000031e:	4b3e      	ldr	r3, [pc, #248]	@ (20000418 <flash_do_cmd_cs+0x140>)
20000320:	0021      	movs	r1, r4
20000322:	681a      	ldr	r2, [r3, #0]
20000324:	2380      	movs	r3, #128	@ 0x80
20000326:	009b      	lsls	r3, r3, #2
20000328:	4053      	eors	r3, r2
2000032a:	22c0      	movs	r2, #192	@ 0xc0
2000032c:	0092      	lsls	r2, r2, #2
2000032e:	4013      	ands	r3, r2
20000330:	4a3a      	ldr	r2, [pc, #232]	@ (2000041c <flash_do_cmd_cs+0x144>)
20000332:	6013      	str	r3, [r2, #0]
20000334:	2c00      	cmp	r4, #0
20000336:	d01c      	beq.n	20000372 <flash_do_cmd_cs+0x9a>
20000338:	2308      	movs	r3, #8
2000033a:	20c0      	movs	r0, #192	@ 0xc0
2000033c:	469c      	mov	ip, r3
2000033e:	0540      	lsls	r0, r0, #21
20000340:	3f16      	subs	r7, #22
20000342:	4662      	mov	r2, ip
20000344:	6a83      	ldr	r3, [r0, #40]	@ 0x28
20000346:	401a      	ands	r2, r3
20000348:	421f      	tst	r7, r3
2000034a:	d039      	beq.n	200003c0 <flash_do_cmd_cs+0xe8>
2000034c:	1a63      	subs	r3, r4, r1
2000034e:	2900      	cmp	r1, #0
20000350:	d12b      	bne.n	200003aa <flash_do_cmd_cs+0xd2>
20000352:	2a00      	cmp	r2, #0
20000354:	d10b      	bne.n	2000036e <flash_do_cmd_cs+0x96>
20000356:	2c00      	cmp	r4, #0
20000358:	d00b      	beq.n	20000372 <flash_do_cmd_cs+0x9a>
2000035a:	23c0      	movs	r3, #192	@ 0xc0
2000035c:	2208      	movs	r2, #8
2000035e:	2602      	movs	r6, #2
20000360:	055b      	lsls	r3, r3, #21
20000362:	6a9b      	ldr	r3, [r3, #40]	@ 0x28
20000364:	401a      	ands	r2, r3
20000366:	421e      	tst	r6, r3
20000368:	d042      	beq.n	200003f0 <flash_do_cmd_cs+0x118>
2000036a:	2a00      	cmp	r2, #0
2000036c:	d0f5      	beq.n	2000035a <flash_do_cmd_cs+0x82>
2000036e:	2c00      	cmp	r4, #0
20000370:	d130      	bne.n	200003d4 <flash_do_cmd_cs+0xfc>
20000372:	4b29      	ldr	r3, [pc, #164]	@ (20000418 <flash_do_cmd_cs+0x140>)
20000374:	681a      	ldr	r2, [r3, #0]
20000376:	23c0      	movs	r3, #192	@ 0xc0
20000378:	009b      	lsls	r3, r3, #2
2000037a:	4393      	bics	r3, r2
2000037c:	4a27      	ldr	r2, [pc, #156]	@ (2000041c <flash_do_cmd_cs+0x144>)
2000037e:	6013      	str	r3, [r2, #0]
20000380:	47d0      	blx	sl
20000382:	f7ff ff7b 	bl	2000027c <flash_enable_xip_via_boot2>
20000386:	a801      	add	r0, sp, #4
20000388:	f7ff ff92 	bl	200002b0 <flash_restore_hardware_state>
2000038c:	b008      	add	sp, #32
2000038e:	bce0      	pop	{r5, r6, r7}
20000390:	46ba      	mov	sl, r7
20000392:	46b1      	mov	r9, r6
20000394:	46a8      	mov	r8, r5
20000396:	bdf0      	pop	{r4, r5, r6, r7, pc}
20000398:	2c00      	cmp	r4, #0
2000039a:	d12b      	bne.n	200003f4 <flash_do_cmd_cs+0x11c>
2000039c:	22c0      	movs	r2, #192	@ 0xc0
2000039e:	0552      	lsls	r2, r2, #21
200003a0:	6a96      	ldr	r6, [r2, #40]	@ 0x28
200003a2:	2208      	movs	r2, #8
200003a4:	4032      	ands	r2, r6
200003a6:	07b6      	lsls	r6, r6, #30
200003a8:	d52b      	bpl.n	20000402 <flash_do_cmd_cs+0x12a>
200003aa:	2b0d      	cmp	r3, #13
200003ac:	d919      	bls.n	200003e2 <flash_do_cmd_cs+0x10a>
200003ae:	2a00      	cmp	r2, #0
200003b0:	d1f2      	bne.n	20000398 <flash_do_cmd_cs+0xc0>
200003b2:	22c0      	movs	r2, #192	@ 0xc0
200003b4:	0552      	lsls	r2, r2, #21
200003b6:	6a96      	ldr	r6, [r2, #40]	@ 0x28
200003b8:	2208      	movs	r2, #8
200003ba:	4032      	ands	r2, r6
200003bc:	07b6      	lsls	r6, r6, #30
200003be:	d4f4      	bmi.n	200003aa <flash_do_cmd_cs+0xd2>
200003c0:	2a00      	cmp	r2, #0
200003c2:	d104      	bne.n	200003ce <flash_do_cmd_cs+0xf6>
200003c4:	000b      	movs	r3, r1
200003c6:	4323      	orrs	r3, r4
200003c8:	2b00      	cmp	r3, #0
200003ca:	d1ba      	bne.n	20000342 <flash_do_cmd_cs+0x6a>
200003cc:	e7d1      	b.n	20000372 <flash_do_cmd_cs+0x9a>
200003ce:	000b      	movs	r3, r1
200003d0:	2c00      	cmp	r4, #0
200003d2:	d0f9      	beq.n	200003c8 <flash_do_cmd_cs+0xf0>
200003d4:	6e03      	ldr	r3, [r0, #96]	@ 0x60
200003d6:	3c01      	subs	r4, #1
200003d8:	702b      	strb	r3, [r5, #0]
200003da:	0023      	movs	r3, r4
200003dc:	3501      	adds	r5, #1
200003de:	430b      	orrs	r3, r1
200003e0:	e7f2      	b.n	200003c8 <flash_do_cmd_cs+0xf0>
200003e2:	464b      	mov	r3, r9
200003e4:	781b      	ldrb	r3, [r3, #0]
200003e6:	3901      	subs	r1, #1
200003e8:	6603      	str	r3, [r0, #96]	@ 0x60
200003ea:	2301      	movs	r3, #1
200003ec:	4499      	add	r9, r3
200003ee:	e7e7      	b.n	200003c0 <flash_do_cmd_cs+0xe8>
200003f0:	2100      	movs	r1, #0
200003f2:	e7e5      	b.n	200003c0 <flash_do_cmd_cs+0xe8>
200003f4:	23c0      	movs	r3, #192	@ 0xc0
200003f6:	055b      	lsls	r3, r3, #21
200003f8:	6e1b      	ldr	r3, [r3, #96]	@ 0x60
200003fa:	3c01      	subs	r4, #1
200003fc:	702b      	strb	r3, [r5, #0]
200003fe:	3501      	adds	r5, #1
20000400:	e79f      	b.n	20000342 <flash_do_cmd_cs+0x6a>
20000402:	000b      	movs	r3, r1
20000404:	42a2      	cmp	r2, r4
20000406:	d1df      	bne.n	200003c8 <flash_do_cmd_cs+0xf0>
20000408:	e7dc      	b.n	200003c4 <flash_do_cmd_cs+0xec>
2000040a:	46c0      	nop			@ (mov r8, r8)
2000040c:	00004649 	.word	0x00004649
20000410:	00005845 	.word	0x00005845
20000414:	00004346 	.word	0x00004346
20000418:	4001800c 	.word	0x4001800c
2000041c:	4001900c 	.word	0x4001900c

20000420 <reset_non_control_endpoints>:
20000420:	2200      	movs	r2, #0
20000422:	4b15      	ldr	r3, [pc, #84]	@ (20000478 <reset_non_control_endpoints+0x58>)
20000424:	b510      	push	{r4, lr}
20000426:	609a      	str	r2, [r3, #8]
20000428:	60da      	str	r2, [r3, #12]
2000042a:	611a      	str	r2, [r3, #16]
2000042c:	615a      	str	r2, [r3, #20]
2000042e:	619a      	str	r2, [r3, #24]
20000430:	61da      	str	r2, [r3, #28]
20000432:	621a      	str	r2, [r3, #32]
20000434:	625a      	str	r2, [r3, #36]	@ 0x24
20000436:	629a      	str	r2, [r3, #40]	@ 0x28
20000438:	62da      	str	r2, [r3, #44]	@ 0x2c
2000043a:	631a      	str	r2, [r3, #48]	@ 0x30
2000043c:	635a      	str	r2, [r3, #52]	@ 0x34
2000043e:	639a      	str	r2, [r3, #56]	@ 0x38
20000440:	63da      	str	r2, [r3, #60]	@ 0x3c
20000442:	641a      	str	r2, [r3, #64]	@ 0x40
20000444:	645a      	str	r2, [r3, #68]	@ 0x44
20000446:	649a      	str	r2, [r3, #72]	@ 0x48
20000448:	64da      	str	r2, [r3, #76]	@ 0x4c
2000044a:	651a      	str	r2, [r3, #80]	@ 0x50
2000044c:	655a      	str	r2, [r3, #84]	@ 0x54
2000044e:	659a      	str	r2, [r3, #88]	@ 0x58
20000450:	65da      	str	r2, [r3, #92]	@ 0x5c
20000452:	661a      	str	r2, [r3, #96]	@ 0x60
20000454:	665a      	str	r2, [r3, #100]	@ 0x64
20000456:	669a      	str	r2, [r3, #104]	@ 0x68
20000458:	66da      	str	r2, [r3, #108]	@ 0x6c
2000045a:	671a      	str	r2, [r3, #112]	@ 0x70
2000045c:	675a      	str	r2, [r3, #116]	@ 0x74
2000045e:	679a      	str	r2, [r3, #120]	@ 0x78
20000460:	67da      	str	r2, [r3, #124]	@ 0x7c
20000462:	32f0      	adds	r2, #240	@ 0xf0
20000464:	0092      	lsls	r2, r2, #2
20000466:	2100      	movs	r1, #0
20000468:	4804      	ldr	r0, [pc, #16]	@ (2000047c <reset_non_control_endpoints+0x5c>)
2000046a:	f000 fd81 	bl	20000f70 <____wrap_memset_veneer>
2000046e:	4b04      	ldr	r3, [pc, #16]	@ (20000480 <reset_non_control_endpoints+0x60>)
20000470:	4a04      	ldr	r2, [pc, #16]	@ (20000484 <reset_non_control_endpoints+0x64>)
20000472:	601a      	str	r2, [r3, #0]
20000474:	bd10      	pop	{r4, pc}
20000476:	46c0      	nop			@ (mov r8, r8)
20000478:	50100000 	.word	0x50100000
2000047c:	20001ac4 	.word	0x20001ac4
20000480:	20001e90 	.word	0x20001e90
20000484:	50100180 	.word	0x50100180

20000488 <hw_handle_buff_status>:
20000488:	b5f0      	push	{r4, r5, r6, r7, lr}
2000048a:	4647      	mov	r7, r8
2000048c:	46ce      	mov	lr, r9
2000048e:	b580      	push	{r7, lr}
20000490:	4b1c      	ldr	r3, [pc, #112]	@ (20000504 <hw_handle_buff_status+0x7c>)
20000492:	2400      	movs	r4, #0
20000494:	6d9f      	ldr	r7, [r3, #88]	@ 0x58
20000496:	2601      	movs	r6, #1
20000498:	b085      	sub	sp, #20
2000049a:	2f00      	cmp	r7, #0
2000049c:	d01b      	beq.n	200004d6 <hw_handle_buff_status+0x4e>
2000049e:	4b1a      	ldr	r3, [pc, #104]	@ (20000508 <hw_handle_buff_status+0x80>)
200004a0:	4698      	mov	r8, r3
200004a2:	4b1a      	ldr	r3, [pc, #104]	@ (2000050c <hw_handle_buff_status+0x84>)
200004a4:	4699      	mov	r9, r3
200004a6:	e004      	b.n	200004b2 <hw_handle_buff_status+0x2a>
200004a8:	3401      	adds	r4, #1
200004aa:	b2e4      	uxtb	r4, r4
200004ac:	0076      	lsls	r6, r6, #1
200004ae:	2c20      	cmp	r4, #32
200004b0:	d011      	beq.n	200004d6 <hw_handle_buff_status+0x4e>
200004b2:	423e      	tst	r6, r7
200004b4:	d0f8      	beq.n	200004a8 <hw_handle_buff_status+0x20>
200004b6:	4643      	mov	r3, r8
200004b8:	659e      	str	r6, [r3, #88]	@ 0x58
200004ba:	2301      	movs	r3, #1
200004bc:	0865      	lsrs	r5, r4, #1
200004be:	006d      	lsls	r5, r5, #1
200004c0:	43a3      	bics	r3, r4
200004c2:	18ed      	adds	r5, r5, r3
200004c4:	016d      	lsls	r5, r5, #5
200004c6:	444d      	add	r5, r9
200004c8:	0028      	movs	r0, r5
200004ca:	f000 fc13 	bl	20000cf4 <hw_endpoint_xfer_continue>
200004ce:	2800      	cmp	r0, #0
200004d0:	d106      	bne.n	200004e0 <hw_handle_buff_status+0x58>
200004d2:	43b7      	bics	r7, r6
200004d4:	d1e8      	bne.n	200004a8 <hw_handle_buff_status+0x20>
200004d6:	b005      	add	sp, #20
200004d8:	bcc0      	pop	{r6, r7}
200004da:	46b9      	mov	r9, r7
200004dc:	46b0      	mov	r8, r6
200004de:	bdf0      	pop	{r4, r5, r6, r7, pc}
200004e0:	8aeb      	ldrh	r3, [r5, #22]
200004e2:	21e0      	movs	r1, #224	@ 0xe0
200004e4:	9303      	str	r3, [sp, #12]
200004e6:	2300      	movs	r3, #0
200004e8:	a801      	add	r0, sp, #4
200004ea:	78aa      	ldrb	r2, [r5, #2]
200004ec:	00c9      	lsls	r1, r1, #3
200004ee:	8001      	strh	r1, [r0, #0]
200004f0:	2101      	movs	r1, #1
200004f2:	7102      	strb	r2, [r0, #4]
200004f4:	7143      	strb	r3, [r0, #5]
200004f6:	f000 fc1d 	bl	20000d34 <dcd_event_handler>
200004fa:	0028      	movs	r0, r5
200004fc:	f000 fb98 	bl	20000c30 <hw_endpoint_reset_transfer>
20000500:	e7e7      	b.n	200004d2 <hw_handle_buff_status+0x4a>
20000502:	46c0      	nop			@ (mov r8, r8)
20000504:	50110000 	.word	0x50110000
20000508:	50113000 	.word	0x50113000
2000050c:	20001a84 	.word	0x20001a84

20000510 <dcd_rp2040_irq>:
20000510:	2398      	movs	r3, #152	@ 0x98
20000512:	4ac6      	ldr	r2, [pc, #792]	@ (2000082c <dcd_rp2040_irq+0x31c>)
20000514:	b5f0      	push	{r4, r5, r6, r7, lr}
20000516:	58d5      	ldr	r5, [r2, r3]
20000518:	2380      	movs	r3, #128	@ 0x80
2000051a:	002e      	movs	r6, r5
2000051c:	029b      	lsls	r3, r3, #10
2000051e:	2410      	movs	r4, #16
20000520:	b085      	sub	sp, #20
20000522:	401e      	ands	r6, r3
20000524:	421d      	tst	r5, r3
20000526:	d074      	beq.n	20000612 <dcd_rp2040_irq+0x102>
20000528:	4bc1      	ldr	r3, [pc, #772]	@ (20000830 <dcd_rp2040_irq+0x320>)
2000052a:	4cc2      	ldr	r4, [pc, #776]	@ (20000834 <dcd_rp2040_irq+0x324>)
2000052c:	6a9a      	ldr	r2, [r3, #40]	@ 0x28
2000052e:	4bc2      	ldr	r3, [pc, #776]	@ (20000838 <dcd_rp2040_irq+0x328>)
20000530:	2600      	movs	r6, #0
20000532:	601a      	str	r2, [r3, #0]
20000534:	233b      	movs	r3, #59	@ 0x3b
20000536:	5ce3      	ldrb	r3, [r4, r3]
20000538:	2b02      	cmp	r3, #2
2000053a:	d100      	bne.n	2000053e <dcd_rp2040_irq+0x2e>
2000053c:	e14b      	b.n	200007d6 <dcd_rp2040_irq+0x2c6>
2000053e:	237b      	movs	r3, #123	@ 0x7b
20000540:	5ce3      	ldrb	r3, [r4, r3]
20000542:	2b02      	cmp	r3, #2
20000544:	d100      	bne.n	20000548 <dcd_rp2040_irq+0x38>
20000546:	e0ef      	b.n	20000728 <dcd_rp2040_irq+0x218>
20000548:	23bb      	movs	r3, #187	@ 0xbb
2000054a:	5ce3      	ldrb	r3, [r4, r3]
2000054c:	2b02      	cmp	r3, #2
2000054e:	d100      	bne.n	20000552 <dcd_rp2040_irq+0x42>
20000550:	e0f6      	b.n	20000740 <dcd_rp2040_irq+0x230>
20000552:	23fb      	movs	r3, #251	@ 0xfb
20000554:	5ce3      	ldrb	r3, [r4, r3]
20000556:	2b02      	cmp	r3, #2
20000558:	d100      	bne.n	2000055c <dcd_rp2040_irq+0x4c>
2000055a:	e0fd      	b.n	20000758 <dcd_rp2040_irq+0x248>
2000055c:	233c      	movs	r3, #60	@ 0x3c
2000055e:	33ff      	adds	r3, #255	@ 0xff
20000560:	5ce3      	ldrb	r3, [r4, r3]
20000562:	2b02      	cmp	r3, #2
20000564:	d100      	bne.n	20000568 <dcd_rp2040_irq+0x58>
20000566:	e129      	b.n	200007bc <dcd_rp2040_irq+0x2ac>
20000568:	237c      	movs	r3, #124	@ 0x7c
2000056a:	33ff      	adds	r3, #255	@ 0xff
2000056c:	5ce3      	ldrb	r3, [r4, r3]
2000056e:	2b02      	cmp	r3, #2
20000570:	d100      	bne.n	20000574 <dcd_rp2040_irq+0x64>
20000572:	e10a      	b.n	2000078a <dcd_rp2040_irq+0x27a>
20000574:	23bc      	movs	r3, #188	@ 0xbc
20000576:	33ff      	adds	r3, #255	@ 0xff
20000578:	5ce3      	ldrb	r3, [r4, r3]
2000057a:	2b02      	cmp	r3, #2
2000057c:	d100      	bne.n	20000580 <dcd_rp2040_irq+0x70>
2000057e:	e13b      	b.n	200007f8 <dcd_rp2040_irq+0x2e8>
20000580:	23fc      	movs	r3, #252	@ 0xfc
20000582:	33ff      	adds	r3, #255	@ 0xff
20000584:	5ce3      	ldrb	r3, [r4, r3]
20000586:	2b02      	cmp	r3, #2
20000588:	d100      	bne.n	2000058c <dcd_rp2040_irq+0x7c>
2000058a:	e0f1      	b.n	20000770 <dcd_rp2040_irq+0x260>
2000058c:	4bab      	ldr	r3, [pc, #684]	@ (2000083c <dcd_rp2040_irq+0x32c>)
2000058e:	5ce3      	ldrb	r3, [r4, r3]
20000590:	2b02      	cmp	r3, #2
20000592:	d100      	bne.n	20000596 <dcd_rp2040_irq+0x86>
20000594:	e170      	b.n	20000878 <dcd_rp2040_irq+0x368>
20000596:	4baa      	ldr	r3, [pc, #680]	@ (20000840 <dcd_rp2040_irq+0x330>)
20000598:	5ce3      	ldrb	r3, [r4, r3]
2000059a:	2b02      	cmp	r3, #2
2000059c:	d100      	bne.n	200005a0 <dcd_rp2040_irq+0x90>
2000059e:	e101      	b.n	200007a4 <dcd_rp2040_irq+0x294>
200005a0:	4ba8      	ldr	r3, [pc, #672]	@ (20000844 <dcd_rp2040_irq+0x334>)
200005a2:	5ce3      	ldrb	r3, [r4, r3]
200005a4:	2b02      	cmp	r3, #2
200005a6:	d100      	bne.n	200005aa <dcd_rp2040_irq+0x9a>
200005a8:	e171      	b.n	2000088e <dcd_rp2040_irq+0x37e>
200005aa:	4ba7      	ldr	r3, [pc, #668]	@ (20000848 <dcd_rp2040_irq+0x338>)
200005ac:	5ce3      	ldrb	r3, [r4, r3]
200005ae:	2b02      	cmp	r3, #2
200005b0:	d100      	bne.n	200005b4 <dcd_rp2040_irq+0xa4>
200005b2:	e12e      	b.n	20000812 <dcd_rp2040_irq+0x302>
200005b4:	4ba5      	ldr	r3, [pc, #660]	@ (2000084c <dcd_rp2040_irq+0x33c>)
200005b6:	5ce3      	ldrb	r3, [r4, r3]
200005b8:	2b02      	cmp	r3, #2
200005ba:	d100      	bne.n	200005be <dcd_rp2040_irq+0xae>
200005bc:	e19c      	b.n	200008f8 <dcd_rp2040_irq+0x3e8>
200005be:	4ba4      	ldr	r3, [pc, #656]	@ (20000850 <dcd_rp2040_irq+0x340>)
200005c0:	5ce3      	ldrb	r3, [r4, r3]
200005c2:	2b02      	cmp	r3, #2
200005c4:	d100      	bne.n	200005c8 <dcd_rp2040_irq+0xb8>
200005c6:	e16d      	b.n	200008a4 <dcd_rp2040_irq+0x394>
200005c8:	4ba2      	ldr	r3, [pc, #648]	@ (20000854 <dcd_rp2040_irq+0x344>)
200005ca:	5ce3      	ldrb	r3, [r4, r3]
200005cc:	2b02      	cmp	r3, #2
200005ce:	d100      	bne.n	200005d2 <dcd_rp2040_irq+0xc2>
200005d0:	e19d      	b.n	2000090e <dcd_rp2040_irq+0x3fe>
200005d2:	4ba1      	ldr	r3, [pc, #644]	@ (20000858 <dcd_rp2040_irq+0x348>)
200005d4:	5ce3      	ldrb	r3, [r4, r3]
200005d6:	2b02      	cmp	r3, #2
200005d8:	d100      	bne.n	200005dc <dcd_rp2040_irq+0xcc>
200005da:	e17b      	b.n	200008d4 <dcd_rp2040_irq+0x3c4>
200005dc:	2e00      	cmp	r6, #0
200005de:	d108      	bne.n	200005f2 <dcd_rp2040_irq+0xe2>
200005e0:	4b9e      	ldr	r3, [pc, #632]	@ (2000085c <dcd_rp2040_irq+0x34c>)
200005e2:	781b      	ldrb	r3, [r3, #0]
200005e4:	2b00      	cmp	r3, #0
200005e6:	d104      	bne.n	200005f2 <dcd_rp2040_irq+0xe2>
200005e8:	2180      	movs	r1, #128	@ 0x80
200005ea:	4a9d      	ldr	r2, [pc, #628]	@ (20000860 <dcd_rp2040_irq+0x350>)
200005ec:	3390      	adds	r3, #144	@ 0x90
200005ee:	0289      	lsls	r1, r1, #10
200005f0:	50d1      	str	r1, [r2, r3]
200005f2:	22c0      	movs	r2, #192	@ 0xc0
200005f4:	4669      	mov	r1, sp
200005f6:	4b8d      	ldr	r3, [pc, #564]	@ (2000082c <dcd_rp2040_irq+0x31c>)
200005f8:	0092      	lsls	r2, r2, #2
200005fa:	6c9b      	ldr	r3, [r3, #72]	@ 0x48
200005fc:	2680      	movs	r6, #128	@ 0x80
200005fe:	055b      	lsls	r3, r3, #21
20000600:	808a      	strh	r2, [r1, #4]
20000602:	0d5b      	lsrs	r3, r3, #21
20000604:	2101      	movs	r1, #1
20000606:	a801      	add	r0, sp, #4
20000608:	9302      	str	r3, [sp, #8]
2000060a:	f000 fb93 	bl	20000d34 <dcd_event_handler>
2000060e:	4c95      	ldr	r4, [pc, #596]	@ (20000864 <dcd_rp2040_irq+0x354>)
20000610:	02b6      	lsls	r6, r6, #10
20000612:	06eb      	lsls	r3, r5, #27
20000614:	d500      	bpl.n	20000618 <dcd_rp2040_irq+0x108>
20000616:	e07b      	b.n	20000710 <dcd_rp2040_irq+0x200>
20000618:	2380      	movs	r3, #128	@ 0x80
2000061a:	025b      	lsls	r3, r3, #9
2000061c:	421d      	tst	r5, r3
2000061e:	d02f      	beq.n	20000680 <dcd_rp2040_irq+0x170>
20000620:	2402      	movs	r4, #2
20000622:	4f84      	ldr	r7, [pc, #528]	@ (20000834 <dcd_rp2040_irq+0x324>)
20000624:	431e      	orrs	r6, r3
20000626:	7ebb      	ldrb	r3, [r7, #26]
20000628:	2b00      	cmp	r3, #0
2000062a:	d014      	beq.n	20000656 <dcd_rp2040_irq+0x146>
2000062c:	f000 fc98 	bl	20000f60 <__rp2040_chip_version_veneer>
20000630:	2801      	cmp	r0, #1
20000632:	d900      	bls.n	20000636 <dcd_rp2040_irq+0x126>
20000634:	e070      	b.n	20000718 <dcd_rp2040_irq+0x208>
20000636:	22c0      	movs	r2, #192	@ 0xc0
20000638:	2100      	movs	r1, #0
2000063a:	0038      	movs	r0, r7
2000063c:	0192      	lsls	r2, r2, #6
2000063e:	f000 fafd 	bl	20000c3c <_hw_endpoint_buffer_control_update32>
20000642:	0038      	movs	r0, r7
20000644:	f000 faf4 	bl	20000c30 <hw_endpoint_reset_transfer>
20000648:	f000 fc8a 	bl	20000f60 <__rp2040_chip_version_veneer>
2000064c:	2801      	cmp	r0, #1
2000064e:	d902      	bls.n	20000656 <dcd_rp2040_irq+0x146>
20000650:	4b83      	ldr	r3, [pc, #524]	@ (20000860 <dcd_rp2040_irq+0x350>)
20000652:	665c      	str	r4, [r3, #100]	@ 0x64
20000654:	661c      	str	r4, [r3, #96]	@ 0x60
20000656:	2301      	movs	r3, #1
20000658:	70fb      	strb	r3, [r7, #3]
2000065a:	3720      	adds	r7, #32
2000065c:	2c01      	cmp	r4, #1
2000065e:	d120      	bne.n	200006a2 <dcd_rp2040_irq+0x192>
20000660:	23c0      	movs	r3, #192	@ 0xc0
20000662:	466a      	mov	r2, sp
20000664:	00db      	lsls	r3, r3, #3
20000666:	8093      	strh	r3, [r2, #4]
20000668:	4a7f      	ldr	r2, [pc, #508]	@ (20000868 <dcd_rp2040_irq+0x358>)
2000066a:	ab02      	add	r3, sp, #8
2000066c:	ca03      	ldmia	r2!, {r0, r1}
2000066e:	c303      	stmia	r3!, {r0, r1}
20000670:	2101      	movs	r1, #1
20000672:	a801      	add	r0, sp, #4
20000674:	f000 fb5e 	bl	20000d34 <dcd_event_handler>
20000678:	2280      	movs	r2, #128	@ 0x80
2000067a:	4b79      	ldr	r3, [pc, #484]	@ (20000860 <dcd_rp2040_irq+0x350>)
2000067c:	0292      	lsls	r2, r2, #10
2000067e:	651a      	str	r2, [r3, #80]	@ 0x50
20000680:	2380      	movs	r3, #128	@ 0x80
20000682:	015b      	lsls	r3, r3, #5
20000684:	421d      	tst	r5, r3
20000686:	d10e      	bne.n	200006a6 <dcd_rp2040_irq+0x196>
20000688:	2380      	movs	r3, #128	@ 0x80
2000068a:	01db      	lsls	r3, r3, #7
2000068c:	421d      	tst	r5, r3
2000068e:	d121      	bne.n	200006d4 <dcd_rp2040_irq+0x1c4>
20000690:	2380      	movs	r3, #128	@ 0x80
20000692:	021b      	lsls	r3, r3, #8
20000694:	421d      	tst	r5, r3
20000696:	d12d      	bne.n	200006f4 <dcd_rp2040_irq+0x1e4>
20000698:	42ae      	cmp	r6, r5
2000069a:	d000      	beq.n	2000069e <dcd_rp2040_irq+0x18e>
2000069c:	e1be      	b.n	20000a1c <dcd_rp2040_irq+0x50c>
2000069e:	b005      	add	sp, #20
200006a0:	bdf0      	pop	{r4, r5, r6, r7, pc}
200006a2:	2401      	movs	r4, #1
200006a4:	e7bf      	b.n	20000626 <dcd_rp2040_irq+0x116>
200006a6:	2400      	movs	r4, #0
200006a8:	431e      	orrs	r6, r3
200006aa:	4b60      	ldr	r3, [pc, #384]	@ (2000082c <dcd_rp2040_irq+0x31c>)
200006ac:	601c      	str	r4, [r3, #0]
200006ae:	f7ff feb7 	bl	20000420 <reset_non_control_endpoints>
200006b2:	2380      	movs	r3, #128	@ 0x80
200006b4:	466a      	mov	r2, sp
200006b6:	005b      	lsls	r3, r3, #1
200006b8:	8093      	strh	r3, [r2, #4]
200006ba:	7214      	strb	r4, [r2, #8]
200006bc:	2101      	movs	r1, #1
200006be:	a801      	add	r0, sp, #4
200006c0:	f000 fb38 	bl	20000d34 <dcd_event_handler>
200006c4:	2280      	movs	r2, #128	@ 0x80
200006c6:	4b66      	ldr	r3, [pc, #408]	@ (20000860 <dcd_rp2040_irq+0x350>)
200006c8:	0312      	lsls	r2, r2, #12
200006ca:	651a      	str	r2, [r3, #80]	@ 0x50
200006cc:	2380      	movs	r3, #128	@ 0x80
200006ce:	01db      	lsls	r3, r3, #7
200006d0:	421d      	tst	r5, r3
200006d2:	d0dd      	beq.n	20000690 <dcd_rp2040_irq+0x180>
200006d4:	431e      	orrs	r6, r3
200006d6:	2380      	movs	r3, #128	@ 0x80
200006d8:	466a      	mov	r2, sp
200006da:	00db      	lsls	r3, r3, #3
200006dc:	8093      	strh	r3, [r2, #4]
200006de:	2101      	movs	r1, #1
200006e0:	a801      	add	r0, sp, #4
200006e2:	f000 fb27 	bl	20000d34 <dcd_event_handler>
200006e6:	2210      	movs	r2, #16
200006e8:	4b5d      	ldr	r3, [pc, #372]	@ (20000860 <dcd_rp2040_irq+0x350>)
200006ea:	651a      	str	r2, [r3, #80]	@ 0x50
200006ec:	2380      	movs	r3, #128	@ 0x80
200006ee:	021b      	lsls	r3, r3, #8
200006f0:	421d      	tst	r5, r3
200006f2:	d0d1      	beq.n	20000698 <dcd_rp2040_irq+0x188>
200006f4:	431e      	orrs	r6, r3
200006f6:	23a0      	movs	r3, #160	@ 0xa0
200006f8:	466a      	mov	r2, sp
200006fa:	00db      	lsls	r3, r3, #3
200006fc:	8093      	strh	r3, [r2, #4]
200006fe:	2101      	movs	r1, #1
20000700:	a801      	add	r0, sp, #4
20000702:	f000 fb17 	bl	20000d34 <dcd_event_handler>
20000706:	2280      	movs	r2, #128	@ 0x80
20000708:	4b55      	ldr	r3, [pc, #340]	@ (20000860 <dcd_rp2040_irq+0x350>)
2000070a:	0112      	lsls	r2, r2, #4
2000070c:	651a      	str	r2, [r3, #80]	@ 0x50
2000070e:	e7c3      	b.n	20000698 <dcd_rp2040_irq+0x188>
20000710:	f7ff feba 	bl	20000488 <hw_handle_buff_status>
20000714:	0026      	movs	r6, r4
20000716:	e77f      	b.n	20000618 <dcd_rp2040_irq+0x108>
20000718:	4b54      	ldr	r3, [pc, #336]	@ (2000086c <dcd_rp2040_irq+0x35c>)
2000071a:	4a44      	ldr	r2, [pc, #272]	@ (2000082c <dcd_rp2040_irq+0x31c>)
2000071c:	661c      	str	r4, [r3, #96]	@ 0x60
2000071e:	6e53      	ldr	r3, [r2, #100]	@ 0x64
20000720:	4023      	ands	r3, r4
20000722:	42a3      	cmp	r3, r4
20000724:	d1fb      	bne.n	2000071e <dcd_rp2040_irq+0x20e>
20000726:	e786      	b.n	20000636 <dcd_rp2040_irq+0x126>
20000728:	3378      	adds	r3, #120	@ 0x78
2000072a:	5ce7      	ldrb	r7, [r4, r3]
2000072c:	2f00      	cmp	r7, #0
2000072e:	d100      	bne.n	20000732 <dcd_rp2040_irq+0x222>
20000730:	e70a      	b.n	20000548 <dcd_rp2040_irq+0x38>
20000732:	3302      	adds	r3, #2
20000734:	5ce2      	ldrb	r2, [r4, r3]
20000736:	2a00      	cmp	r2, #0
20000738:	d000      	beq.n	2000073c <dcd_rp2040_irq+0x22c>
2000073a:	e10d      	b.n	20000958 <dcd_rp2040_irq+0x448>
2000073c:	003e      	movs	r6, r7
2000073e:	e703      	b.n	20000548 <dcd_rp2040_irq+0x38>
20000740:	33b8      	adds	r3, #184	@ 0xb8
20000742:	5ce7      	ldrb	r7, [r4, r3]
20000744:	2f00      	cmp	r7, #0
20000746:	d100      	bne.n	2000074a <dcd_rp2040_irq+0x23a>
20000748:	e703      	b.n	20000552 <dcd_rp2040_irq+0x42>
2000074a:	3302      	adds	r3, #2
2000074c:	5ce2      	ldrb	r2, [r4, r3]
2000074e:	2a00      	cmp	r2, #0
20000750:	d000      	beq.n	20000754 <dcd_rp2040_irq+0x244>
20000752:	e0f9      	b.n	20000948 <dcd_rp2040_irq+0x438>
20000754:	003e      	movs	r6, r7
20000756:	e6fc      	b.n	20000552 <dcd_rp2040_irq+0x42>
20000758:	33f8      	adds	r3, #248	@ 0xf8
2000075a:	5ce7      	ldrb	r7, [r4, r3]
2000075c:	2f00      	cmp	r7, #0
2000075e:	d100      	bne.n	20000762 <dcd_rp2040_irq+0x252>
20000760:	e6fc      	b.n	2000055c <dcd_rp2040_irq+0x4c>
20000762:	3302      	adds	r3, #2
20000764:	5ce2      	ldrb	r2, [r4, r3]
20000766:	2a00      	cmp	r2, #0
20000768:	d000      	beq.n	2000076c <dcd_rp2040_irq+0x25c>
2000076a:	e141      	b.n	200009f0 <dcd_rp2040_irq+0x4e0>
2000076c:	003e      	movs	r6, r7
2000076e:	e6f5      	b.n	2000055c <dcd_rp2040_irq+0x4c>
20000770:	33f9      	adds	r3, #249	@ 0xf9
20000772:	33ff      	adds	r3, #255	@ 0xff
20000774:	5ce7      	ldrb	r7, [r4, r3]
20000776:	2f00      	cmp	r7, #0
20000778:	d100      	bne.n	2000077c <dcd_rp2040_irq+0x26c>
2000077a:	e707      	b.n	2000058c <dcd_rp2040_irq+0x7c>
2000077c:	3302      	adds	r3, #2
2000077e:	5ce2      	ldrb	r2, [r4, r3]
20000780:	2a00      	cmp	r2, #0
20000782:	d000      	beq.n	20000786 <dcd_rp2040_irq+0x276>
20000784:	e12b      	b.n	200009de <dcd_rp2040_irq+0x4ce>
20000786:	003e      	movs	r6, r7
20000788:	e700      	b.n	2000058c <dcd_rp2040_irq+0x7c>
2000078a:	3379      	adds	r3, #121	@ 0x79
2000078c:	33ff      	adds	r3, #255	@ 0xff
2000078e:	5ce7      	ldrb	r7, [r4, r3]
20000790:	2f00      	cmp	r7, #0
20000792:	d100      	bne.n	20000796 <dcd_rp2040_irq+0x286>
20000794:	e6ee      	b.n	20000574 <dcd_rp2040_irq+0x64>
20000796:	3302      	adds	r3, #2
20000798:	5ce2      	ldrb	r2, [r4, r3]
2000079a:	2a00      	cmp	r2, #0
2000079c:	d000      	beq.n	200007a0 <dcd_rp2040_irq+0x290>
2000079e:	e115      	b.n	200009cc <dcd_rp2040_irq+0x4bc>
200007a0:	003e      	movs	r6, r7
200007a2:	e6e7      	b.n	20000574 <dcd_rp2040_irq+0x64>
200007a4:	4b32      	ldr	r3, [pc, #200]	@ (20000870 <dcd_rp2040_irq+0x360>)
200007a6:	5ce7      	ldrb	r7, [r4, r3]
200007a8:	2f00      	cmp	r7, #0
200007aa:	d100      	bne.n	200007ae <dcd_rp2040_irq+0x29e>
200007ac:	e6f8      	b.n	200005a0 <dcd_rp2040_irq+0x90>
200007ae:	3302      	adds	r3, #2
200007b0:	5ce2      	ldrb	r2, [r4, r3]
200007b2:	2a00      	cmp	r2, #0
200007b4:	d000      	beq.n	200007b8 <dcd_rp2040_irq+0x2a8>
200007b6:	e101      	b.n	200009bc <dcd_rp2040_irq+0x4ac>
200007b8:	003e      	movs	r6, r7
200007ba:	e6f1      	b.n	200005a0 <dcd_rp2040_irq+0x90>
200007bc:	3339      	adds	r3, #57	@ 0x39
200007be:	33ff      	adds	r3, #255	@ 0xff
200007c0:	5ce7      	ldrb	r7, [r4, r3]
200007c2:	2f00      	cmp	r7, #0
200007c4:	d100      	bne.n	200007c8 <dcd_rp2040_irq+0x2b8>
200007c6:	e6cf      	b.n	20000568 <dcd_rp2040_irq+0x58>
200007c8:	3302      	adds	r3, #2
200007ca:	5ce2      	ldrb	r2, [r4, r3]
200007cc:	2a00      	cmp	r2, #0
200007ce:	d000      	beq.n	200007d2 <dcd_rp2040_irq+0x2c2>
200007d0:	e0eb      	b.n	200009aa <dcd_rp2040_irq+0x49a>
200007d2:	003e      	movs	r6, r7
200007d4:	e6c8      	b.n	20000568 <dcd_rp2040_irq+0x58>
200007d6:	3338      	adds	r3, #56	@ 0x38
200007d8:	5ce6      	ldrb	r6, [r4, r3]
200007da:	2e00      	cmp	r6, #0
200007dc:	d100      	bne.n	200007e0 <dcd_rp2040_irq+0x2d0>
200007de:	e6ae      	b.n	2000053e <dcd_rp2040_irq+0x2e>
200007e0:	3302      	adds	r3, #2
200007e2:	5ce2      	ldrb	r2, [r4, r3]
200007e4:	2a00      	cmp	r2, #0
200007e6:	d100      	bne.n	200007ea <dcd_rp2040_irq+0x2da>
200007e8:	e6a9      	b.n	2000053e <dcd_rp2040_irq+0x2e>
200007ea:	0020      	movs	r0, r4
200007ec:	2200      	movs	r2, #0
200007ee:	3020      	adds	r0, #32
200007f0:	54e2      	strb	r2, [r4, r3]
200007f2:	f000 fa4b 	bl	20000c8c <hw_endpoint_start_next_buffer>
200007f6:	e6a2      	b.n	2000053e <dcd_rp2040_irq+0x2e>
200007f8:	33b9      	adds	r3, #185	@ 0xb9
200007fa:	33ff      	adds	r3, #255	@ 0xff
200007fc:	5ce7      	ldrb	r7, [r4, r3]
200007fe:	2f00      	cmp	r7, #0
20000800:	d100      	bne.n	20000804 <dcd_rp2040_irq+0x2f4>
20000802:	e6bd      	b.n	20000580 <dcd_rp2040_irq+0x70>
20000804:	3302      	adds	r3, #2
20000806:	5ce2      	ldrb	r2, [r4, r3]
20000808:	2a00      	cmp	r2, #0
2000080a:	d000      	beq.n	2000080e <dcd_rp2040_irq+0x2fe>
2000080c:	e0c4      	b.n	20000998 <dcd_rp2040_irq+0x488>
2000080e:	003e      	movs	r6, r7
20000810:	e6b6      	b.n	20000580 <dcd_rp2040_irq+0x70>
20000812:	4b18      	ldr	r3, [pc, #96]	@ (20000874 <dcd_rp2040_irq+0x364>)
20000814:	5ce7      	ldrb	r7, [r4, r3]
20000816:	2f00      	cmp	r7, #0
20000818:	d100      	bne.n	2000081c <dcd_rp2040_irq+0x30c>
2000081a:	e6cb      	b.n	200005b4 <dcd_rp2040_irq+0xa4>
2000081c:	3302      	adds	r3, #2
2000081e:	5ce2      	ldrb	r2, [r4, r3]
20000820:	2a00      	cmp	r2, #0
20000822:	d000      	beq.n	20000826 <dcd_rp2040_irq+0x316>
20000824:	e0b0      	b.n	20000988 <dcd_rp2040_irq+0x478>
20000826:	003e      	movs	r6, r7
20000828:	e6c4      	b.n	200005b4 <dcd_rp2040_irq+0xa4>
2000082a:	46c0      	nop			@ (mov r8, r8)
2000082c:	50110000 	.word	0x50110000
20000830:	40054000 	.word	0x40054000
20000834:	20001a84 	.word	0x20001a84
20000838:	20001a7c 	.word	0x20001a7c
2000083c:	0000023b 	.word	0x0000023b
20000840:	0000027b 	.word	0x0000027b
20000844:	000002bb 	.word	0x000002bb
20000848:	000002fb 	.word	0x000002fb
2000084c:	0000033b 	.word	0x0000033b
20000850:	0000037b 	.word	0x0000037b
20000854:	000003bb 	.word	0x000003bb
20000858:	000003fb 	.word	0x000003fb
2000085c:	20001eda 	.word	0x20001eda
20000860:	50113000 	.word	0x50113000
20000864:	00020010 	.word	0x00020010
20000868:	50100000 	.word	0x50100000
2000086c:	50112000 	.word	0x50112000
20000870:	0000027a 	.word	0x0000027a
20000874:	000002fa 	.word	0x000002fa
20000878:	4b6b      	ldr	r3, [pc, #428]	@ (20000a28 <dcd_rp2040_irq+0x518>)
2000087a:	5ce7      	ldrb	r7, [r4, r3]
2000087c:	2f00      	cmp	r7, #0
2000087e:	d100      	bne.n	20000882 <dcd_rp2040_irq+0x372>
20000880:	e689      	b.n	20000596 <dcd_rp2040_irq+0x86>
20000882:	3302      	adds	r3, #2
20000884:	5ce2      	ldrb	r2, [r4, r3]
20000886:	2a00      	cmp	r2, #0
20000888:	d176      	bne.n	20000978 <dcd_rp2040_irq+0x468>
2000088a:	003e      	movs	r6, r7
2000088c:	e683      	b.n	20000596 <dcd_rp2040_irq+0x86>
2000088e:	4b67      	ldr	r3, [pc, #412]	@ (20000a2c <dcd_rp2040_irq+0x51c>)
20000890:	5ce7      	ldrb	r7, [r4, r3]
20000892:	2f00      	cmp	r7, #0
20000894:	d100      	bne.n	20000898 <dcd_rp2040_irq+0x388>
20000896:	e688      	b.n	200005aa <dcd_rp2040_irq+0x9a>
20000898:	3302      	adds	r3, #2
2000089a:	5ce2      	ldrb	r2, [r4, r3]
2000089c:	2a00      	cmp	r2, #0
2000089e:	d163      	bne.n	20000968 <dcd_rp2040_irq+0x458>
200008a0:	003e      	movs	r6, r7
200008a2:	e682      	b.n	200005aa <dcd_rp2040_irq+0x9a>
200008a4:	4b62      	ldr	r3, [pc, #392]	@ (20000a30 <dcd_rp2040_irq+0x520>)
200008a6:	5ce7      	ldrb	r7, [r4, r3]
200008a8:	2f00      	cmp	r7, #0
200008aa:	d100      	bne.n	200008ae <dcd_rp2040_irq+0x39e>
200008ac:	e68c      	b.n	200005c8 <dcd_rp2040_irq+0xb8>
200008ae:	3302      	adds	r3, #2
200008b0:	5ce2      	ldrb	r2, [r4, r3]
200008b2:	2a00      	cmp	r2, #0
200008b4:	d000      	beq.n	200008b8 <dcd_rp2040_irq+0x3a8>
200008b6:	e0a3      	b.n	20000a00 <dcd_rp2040_irq+0x4f0>
200008b8:	4b5e      	ldr	r3, [pc, #376]	@ (20000a34 <dcd_rp2040_irq+0x524>)
200008ba:	5ce3      	ldrb	r3, [r4, r3]
200008bc:	2b02      	cmp	r3, #2
200008be:	d130      	bne.n	20000922 <dcd_rp2040_irq+0x412>
200008c0:	4b5d      	ldr	r3, [pc, #372]	@ (20000a38 <dcd_rp2040_irq+0x528>)
200008c2:	5ce3      	ldrb	r3, [r4, r3]
200008c4:	2b00      	cmp	r3, #0
200008c6:	d127      	bne.n	20000918 <dcd_rp2040_irq+0x408>
200008c8:	4b5c      	ldr	r3, [pc, #368]	@ (20000a3c <dcd_rp2040_irq+0x52c>)
200008ca:	5ce3      	ldrb	r3, [r4, r3]
200008cc:	2b02      	cmp	r3, #2
200008ce:	d000      	beq.n	200008d2 <dcd_rp2040_irq+0x3c2>
200008d0:	e68f      	b.n	200005f2 <dcd_rp2040_irq+0xe2>
200008d2:	003e      	movs	r6, r7
200008d4:	4b5a      	ldr	r3, [pc, #360]	@ (20000a40 <dcd_rp2040_irq+0x530>)
200008d6:	5ce3      	ldrb	r3, [r4, r3]
200008d8:	2b00      	cmp	r3, #0
200008da:	d100      	bne.n	200008de <dcd_rp2040_irq+0x3ce>
200008dc:	e67e      	b.n	200005dc <dcd_rp2040_irq+0xcc>
200008de:	23ff      	movs	r3, #255	@ 0xff
200008e0:	009b      	lsls	r3, r3, #2
200008e2:	5ce2      	ldrb	r2, [r4, r3]
200008e4:	2a00      	cmp	r2, #0
200008e6:	d100      	bne.n	200008ea <dcd_rp2040_irq+0x3da>
200008e8:	e683      	b.n	200005f2 <dcd_rp2040_irq+0xe2>
200008ea:	2200      	movs	r2, #0
200008ec:	54e2      	strb	r2, [r4, r3]
200008ee:	3b1c      	subs	r3, #28
200008f0:	18e0      	adds	r0, r4, r3
200008f2:	f000 f9cb 	bl	20000c8c <hw_endpoint_start_next_buffer>
200008f6:	e67c      	b.n	200005f2 <dcd_rp2040_irq+0xe2>
200008f8:	4b52      	ldr	r3, [pc, #328]	@ (20000a44 <dcd_rp2040_irq+0x534>)
200008fa:	5ce7      	ldrb	r7, [r4, r3]
200008fc:	2f00      	cmp	r7, #0
200008fe:	d100      	bne.n	20000902 <dcd_rp2040_irq+0x3f2>
20000900:	e65d      	b.n	200005be <dcd_rp2040_irq+0xae>
20000902:	3302      	adds	r3, #2
20000904:	5ce2      	ldrb	r2, [r4, r3]
20000906:	2a00      	cmp	r2, #0
20000908:	d116      	bne.n	20000938 <dcd_rp2040_irq+0x428>
2000090a:	003e      	movs	r6, r7
2000090c:	e657      	b.n	200005be <dcd_rp2040_irq+0xae>
2000090e:	4b4a      	ldr	r3, [pc, #296]	@ (20000a38 <dcd_rp2040_irq+0x528>)
20000910:	5ce3      	ldrb	r3, [r4, r3]
20000912:	2b00      	cmp	r3, #0
20000914:	d100      	bne.n	20000918 <dcd_rp2040_irq+0x408>
20000916:	e65c      	b.n	200005d2 <dcd_rp2040_irq+0xc2>
20000918:	23ef      	movs	r3, #239	@ 0xef
2000091a:	009b      	lsls	r3, r3, #2
2000091c:	5ce2      	ldrb	r2, [r4, r3]
2000091e:	2a00      	cmp	r2, #0
20000920:	d175      	bne.n	20000a0e <dcd_rp2040_irq+0x4fe>
20000922:	4b46      	ldr	r3, [pc, #280]	@ (20000a3c <dcd_rp2040_irq+0x52c>)
20000924:	5ce3      	ldrb	r3, [r4, r3]
20000926:	2b02      	cmp	r3, #2
20000928:	d000      	beq.n	2000092c <dcd_rp2040_irq+0x41c>
2000092a:	e662      	b.n	200005f2 <dcd_rp2040_irq+0xe2>
2000092c:	4b44      	ldr	r3, [pc, #272]	@ (20000a40 <dcd_rp2040_irq+0x530>)
2000092e:	5ce3      	ldrb	r3, [r4, r3]
20000930:	2b00      	cmp	r3, #0
20000932:	d100      	bne.n	20000936 <dcd_rp2040_irq+0x426>
20000934:	e65d      	b.n	200005f2 <dcd_rp2040_irq+0xe2>
20000936:	e7d2      	b.n	200008de <dcd_rp2040_irq+0x3ce>
20000938:	2200      	movs	r2, #0
2000093a:	54e2      	strb	r2, [r4, r3]
2000093c:	3b1c      	subs	r3, #28
2000093e:	18e0      	adds	r0, r4, r3
20000940:	f000 f9a4 	bl	20000c8c <hw_endpoint_start_next_buffer>
20000944:	003e      	movs	r6, r7
20000946:	e63a      	b.n	200005be <dcd_rp2040_irq+0xae>
20000948:	0020      	movs	r0, r4
2000094a:	2200      	movs	r2, #0
2000094c:	30a0      	adds	r0, #160	@ 0xa0
2000094e:	54e2      	strb	r2, [r4, r3]
20000950:	003e      	movs	r6, r7
20000952:	f000 f99b 	bl	20000c8c <hw_endpoint_start_next_buffer>
20000956:	e5fc      	b.n	20000552 <dcd_rp2040_irq+0x42>
20000958:	0020      	movs	r0, r4
2000095a:	2200      	movs	r2, #0
2000095c:	3060      	adds	r0, #96	@ 0x60
2000095e:	54e2      	strb	r2, [r4, r3]
20000960:	003e      	movs	r6, r7
20000962:	f000 f993 	bl	20000c8c <hw_endpoint_start_next_buffer>
20000966:	e5ef      	b.n	20000548 <dcd_rp2040_irq+0x38>
20000968:	2200      	movs	r2, #0
2000096a:	54e2      	strb	r2, [r4, r3]
2000096c:	3b1c      	subs	r3, #28
2000096e:	18e0      	adds	r0, r4, r3
20000970:	f000 f98c 	bl	20000c8c <hw_endpoint_start_next_buffer>
20000974:	003e      	movs	r6, r7
20000976:	e618      	b.n	200005aa <dcd_rp2040_irq+0x9a>
20000978:	2200      	movs	r2, #0
2000097a:	54e2      	strb	r2, [r4, r3]
2000097c:	3b1c      	subs	r3, #28
2000097e:	18e0      	adds	r0, r4, r3
20000980:	f000 f984 	bl	20000c8c <hw_endpoint_start_next_buffer>
20000984:	003e      	movs	r6, r7
20000986:	e606      	b.n	20000596 <dcd_rp2040_irq+0x86>
20000988:	2200      	movs	r2, #0
2000098a:	54e2      	strb	r2, [r4, r3]
2000098c:	3b1c      	subs	r3, #28
2000098e:	18e0      	adds	r0, r4, r3
20000990:	f000 f97c 	bl	20000c8c <hw_endpoint_start_next_buffer>
20000994:	003e      	movs	r6, r7
20000996:	e60d      	b.n	200005b4 <dcd_rp2040_irq+0xa4>
20000998:	0020      	movs	r0, r4
2000099a:	2200      	movs	r2, #0
2000099c:	30a1      	adds	r0, #161	@ 0xa1
2000099e:	30ff      	adds	r0, #255	@ 0xff
200009a0:	54e2      	strb	r2, [r4, r3]
200009a2:	003e      	movs	r6, r7
200009a4:	f000 f972 	bl	20000c8c <hw_endpoint_start_next_buffer>
200009a8:	e5ea      	b.n	20000580 <dcd_rp2040_irq+0x70>
200009aa:	0020      	movs	r0, r4
200009ac:	2200      	movs	r2, #0
200009ae:	3021      	adds	r0, #33	@ 0x21
200009b0:	30ff      	adds	r0, #255	@ 0xff
200009b2:	54e2      	strb	r2, [r4, r3]
200009b4:	003e      	movs	r6, r7
200009b6:	f000 f969 	bl	20000c8c <hw_endpoint_start_next_buffer>
200009ba:	e5d5      	b.n	20000568 <dcd_rp2040_irq+0x58>
200009bc:	2200      	movs	r2, #0
200009be:	54e2      	strb	r2, [r4, r3]
200009c0:	3b1c      	subs	r3, #28
200009c2:	18e0      	adds	r0, r4, r3
200009c4:	f000 f962 	bl	20000c8c <hw_endpoint_start_next_buffer>
200009c8:	003e      	movs	r6, r7
200009ca:	e5e9      	b.n	200005a0 <dcd_rp2040_irq+0x90>
200009cc:	0020      	movs	r0, r4
200009ce:	2200      	movs	r2, #0
200009d0:	3061      	adds	r0, #97	@ 0x61
200009d2:	30ff      	adds	r0, #255	@ 0xff
200009d4:	54e2      	strb	r2, [r4, r3]
200009d6:	003e      	movs	r6, r7
200009d8:	f000 f958 	bl	20000c8c <hw_endpoint_start_next_buffer>
200009dc:	e5ca      	b.n	20000574 <dcd_rp2040_irq+0x64>
200009de:	0020      	movs	r0, r4
200009e0:	2200      	movs	r2, #0
200009e2:	30e1      	adds	r0, #225	@ 0xe1
200009e4:	30ff      	adds	r0, #255	@ 0xff
200009e6:	54e2      	strb	r2, [r4, r3]
200009e8:	003e      	movs	r6, r7
200009ea:	f000 f94f 	bl	20000c8c <hw_endpoint_start_next_buffer>
200009ee:	e5cd      	b.n	2000058c <dcd_rp2040_irq+0x7c>
200009f0:	0020      	movs	r0, r4
200009f2:	2200      	movs	r2, #0
200009f4:	30e0      	adds	r0, #224	@ 0xe0
200009f6:	54e2      	strb	r2, [r4, r3]
200009f8:	003e      	movs	r6, r7
200009fa:	f000 f947 	bl	20000c8c <hw_endpoint_start_next_buffer>
200009fe:	e5ad      	b.n	2000055c <dcd_rp2040_irq+0x4c>
20000a00:	2200      	movs	r2, #0
20000a02:	54e2      	strb	r2, [r4, r3]
20000a04:	3b1c      	subs	r3, #28
20000a06:	18e0      	adds	r0, r4, r3
20000a08:	f000 f940 	bl	20000c8c <hw_endpoint_start_next_buffer>
20000a0c:	e754      	b.n	200008b8 <dcd_rp2040_irq+0x3a8>
20000a0e:	2200      	movs	r2, #0
20000a10:	54e2      	strb	r2, [r4, r3]
20000a12:	3b1c      	subs	r3, #28
20000a14:	18e0      	adds	r0, r4, r3
20000a16:	f000 f939 	bl	20000c8c <hw_endpoint_start_next_buffer>
20000a1a:	e782      	b.n	20000922 <dcd_rp2040_irq+0x412>
20000a1c:	0031      	movs	r1, r6
20000a1e:	480a      	ldr	r0, [pc, #40]	@ (20000a48 <dcd_rp2040_irq+0x538>)
20000a20:	4069      	eors	r1, r5
20000a22:	f000 fa95 	bl	20000f50 <__panic_veneer>
20000a26:	46c0      	nop			@ (mov r8, r8)
20000a28:	0000023a 	.word	0x0000023a
20000a2c:	000002ba 	.word	0x000002ba
20000a30:	0000037a 	.word	0x0000037a
20000a34:	000003bb 	.word	0x000003bb
20000a38:	000003ba 	.word	0x000003ba
20000a3c:	000003fb 	.word	0x000003fb
20000a40:	000003fa 	.word	0x000003fa
20000a44:	0000033a 	.word	0x0000033a
20000a48:	10007a64 	.word	0x10007a64

20000a4c <prepare_ep_buffer>:
20000a4c:	b5f0      	push	{r4, r5, r6, r7, lr}
20000a4e:	468c      	mov	ip, r1
20000a50:	8a83      	ldrh	r3, [r0, #20]
20000a52:	8b01      	ldrh	r1, [r0, #24]
20000a54:	0002      	movs	r2, r0
20000a56:	b083      	sub	sp, #12
20000a58:	1c0e      	adds	r6, r1, #0
20000a5a:	4299      	cmp	r1, r3
20000a5c:	d900      	bls.n	20000a60 <prepare_ep_buffer+0x14>
20000a5e:	1c1e      	adds	r6, r3, #0
20000a60:	b2b6      	uxth	r6, r6
20000a62:	1b9b      	subs	r3, r3, r6
20000a64:	b29c      	uxth	r4, r3
20000a66:	78d3      	ldrb	r3, [r2, #3]
20000a68:	2180      	movs	r1, #128	@ 0x80
20000a6a:	0018      	movs	r0, r3
20000a6c:	1e45      	subs	r5, r0, #1
20000a6e:	41a8      	sbcs	r0, r5
20000a70:	00c9      	lsls	r1, r1, #3
20000a72:	4331      	orrs	r1, r6
20000a74:	0340      	lsls	r0, r0, #13
20000a76:	4308      	orrs	r0, r1
20000a78:	2101      	movs	r1, #1
20000a7a:	404b      	eors	r3, r1
20000a7c:	70d3      	strb	r3, [r2, #3]
20000a7e:	7853      	ldrb	r3, [r2, #1]
20000a80:	8294      	strh	r4, [r2, #20]
20000a82:	2b00      	cmp	r3, #0
20000a84:	d132      	bne.n	20000aec <prepare_ep_buffer+0xa0>
20000a86:	6911      	ldr	r1, [r2, #16]
20000a88:	2e00      	cmp	r6, #0
20000a8a:	d02a      	beq.n	20000ae2 <prepare_ep_buffer+0x96>
20000a8c:	4663      	mov	r3, ip
20000a8e:	68d4      	ldr	r4, [r2, #12]
20000a90:	019b      	lsls	r3, r3, #6
20000a92:	18e4      	adds	r4, r4, r3
20000a94:	1e73      	subs	r3, r6, #1
20000a96:	9301      	str	r3, [sp, #4]
20000a98:	2b06      	cmp	r3, #6
20000a9a:	d932      	bls.n	20000b02 <prepare_ep_buffer+0xb6>
20000a9c:	0023      	movs	r3, r4
20000a9e:	430b      	orrs	r3, r1
20000aa0:	079b      	lsls	r3, r3, #30
20000aa2:	d12e      	bne.n	20000b02 <prepare_ep_buffer+0xb6>
20000aa4:	1a63      	subs	r3, r4, r1
20000aa6:	3b01      	subs	r3, #1
20000aa8:	2b02      	cmp	r3, #2
20000aaa:	d92a      	bls.n	20000b02 <prepare_ep_buffer+0xb6>
20000aac:	2300      	movs	r3, #0
20000aae:	08b7      	lsrs	r7, r6, #2
20000ab0:	00bf      	lsls	r7, r7, #2
20000ab2:	58cd      	ldr	r5, [r1, r3]
20000ab4:	50e5      	str	r5, [r4, r3]
20000ab6:	3304      	adds	r3, #4
20000ab8:	42bb      	cmp	r3, r7
20000aba:	d1fa      	bne.n	20000ab2 <prepare_ep_buffer+0x66>
20000abc:	429e      	cmp	r6, r3
20000abe:	d00e      	beq.n	20000ade <prepare_ep_buffer+0x92>
20000ac0:	9d01      	ldr	r5, [sp, #4]
20000ac2:	18e4      	adds	r4, r4, r3
20000ac4:	1aef      	subs	r7, r5, r3
20000ac6:	18cd      	adds	r5, r1, r3
20000ac8:	5cc9      	ldrb	r1, [r1, r3]
20000aca:	7021      	strb	r1, [r4, #0]
20000acc:	9901      	ldr	r1, [sp, #4]
20000ace:	4299      	cmp	r1, r3
20000ad0:	d005      	beq.n	20000ade <prepare_ep_buffer+0x92>
20000ad2:	786b      	ldrb	r3, [r5, #1]
20000ad4:	7063      	strb	r3, [r4, #1]
20000ad6:	2f01      	cmp	r7, #1
20000ad8:	d001      	beq.n	20000ade <prepare_ep_buffer+0x92>
20000ada:	78ab      	ldrb	r3, [r5, #2]
20000adc:	70a3      	strb	r3, [r4, #2]
20000ade:	6911      	ldr	r1, [r2, #16]
20000ae0:	8a94      	ldrh	r4, [r2, #20]
20000ae2:	2380      	movs	r3, #128	@ 0x80
20000ae4:	1989      	adds	r1, r1, r6
20000ae6:	021b      	lsls	r3, r3, #8
20000ae8:	6111      	str	r1, [r2, #16]
20000aea:	4318      	orrs	r0, r3
20000aec:	2c00      	cmp	r4, #0
20000aee:	d102      	bne.n	20000af6 <prepare_ep_buffer+0xaa>
20000af0:	2380      	movs	r3, #128	@ 0x80
20000af2:	01db      	lsls	r3, r3, #7
20000af4:	4318      	orrs	r0, r3
20000af6:	4663      	mov	r3, ip
20000af8:	2b00      	cmp	r3, #0
20000afa:	d000      	beq.n	20000afe <prepare_ep_buffer+0xb2>
20000afc:	0400      	lsls	r0, r0, #16
20000afe:	b003      	add	sp, #12
20000b00:	bdf0      	pop	{r4, r5, r6, r7, pc}
20000b02:	2300      	movs	r3, #0
20000b04:	5ccd      	ldrb	r5, [r1, r3]
20000b06:	54e5      	strb	r5, [r4, r3]
20000b08:	3301      	adds	r3, #1
20000b0a:	429e      	cmp	r6, r3
20000b0c:	d1fa      	bne.n	20000b04 <prepare_ep_buffer+0xb8>
20000b0e:	e7e6      	b.n	20000ade <prepare_ep_buffer+0x92>

20000b10 <sync_ep_buffer>:
20000b10:	6883      	ldr	r3, [r0, #8]
20000b12:	b5f0      	push	{r4, r5, r6, r7, lr}
20000b14:	681a      	ldr	r2, [r3, #0]
20000b16:	2900      	cmp	r1, #0
20000b18:	d000      	beq.n	20000b1c <sync_ep_buffer+0xc>
20000b1a:	0c12      	lsrs	r2, r2, #16
20000b1c:	7843      	ldrb	r3, [r0, #1]
20000b1e:	0592      	lsls	r2, r2, #22
20000b20:	0d95      	lsrs	r5, r2, #22
20000b22:	2b00      	cmp	r3, #0
20000b24:	d109      	bne.n	20000b3a <sync_ep_buffer+0x2a>
20000b26:	8ac3      	ldrh	r3, [r0, #22]
20000b28:	18eb      	adds	r3, r5, r3
20000b2a:	82c3      	strh	r3, [r0, #22]
20000b2c:	8b03      	ldrh	r3, [r0, #24]
20000b2e:	42ab      	cmp	r3, r5
20000b30:	d901      	bls.n	20000b36 <sync_ep_buffer+0x26>
20000b32:	2300      	movs	r3, #0
20000b34:	8283      	strh	r3, [r0, #20]
20000b36:	0028      	movs	r0, r5
20000b38:	bdf0      	pop	{r4, r5, r6, r7, pc}
20000b3a:	6904      	ldr	r4, [r0, #16]
20000b3c:	2d00      	cmp	r5, #0
20000b3e:	d028      	beq.n	20000b92 <sync_ep_buffer+0x82>
20000b40:	68c3      	ldr	r3, [r0, #12]
20000b42:	0189      	lsls	r1, r1, #6
20000b44:	1e6f      	subs	r7, r5, #1
20000b46:	46bc      	mov	ip, r7
20000b48:	185e      	adds	r6, r3, r1
20000b4a:	2f06      	cmp	r7, #6
20000b4c:	d927      	bls.n	20000b9e <sync_ep_buffer+0x8e>
20000b4e:	3101      	adds	r1, #1
20000b50:	185b      	adds	r3, r3, r1
20000b52:	1ae3      	subs	r3, r4, r3
20000b54:	2b02      	cmp	r3, #2
20000b56:	d922      	bls.n	20000b9e <sync_ep_buffer+0x8e>
20000b58:	0023      	movs	r3, r4
20000b5a:	4333      	orrs	r3, r6
20000b5c:	079b      	lsls	r3, r3, #30
20000b5e:	d11e      	bne.n	20000b9e <sync_ep_buffer+0x8e>
20000b60:	2300      	movs	r3, #0
20000b62:	0e12      	lsrs	r2, r2, #24
20000b64:	0092      	lsls	r2, r2, #2
20000b66:	58f1      	ldr	r1, [r6, r3]
20000b68:	50e1      	str	r1, [r4, r3]
20000b6a:	3304      	adds	r3, #4
20000b6c:	429a      	cmp	r2, r3
20000b6e:	d1fa      	bne.n	20000b66 <sync_ep_buffer+0x56>
20000b70:	4295      	cmp	r5, r2
20000b72:	d00d      	beq.n	20000b90 <sync_ep_buffer+0x80>
20000b74:	4663      	mov	r3, ip
20000b76:	1a9f      	subs	r7, r3, r2
20000b78:	18a3      	adds	r3, r4, r2
20000b7a:	5cb4      	ldrb	r4, [r6, r2]
20000b7c:	18b1      	adds	r1, r6, r2
20000b7e:	701c      	strb	r4, [r3, #0]
20000b80:	4594      	cmp	ip, r2
20000b82:	d005      	beq.n	20000b90 <sync_ep_buffer+0x80>
20000b84:	784a      	ldrb	r2, [r1, #1]
20000b86:	705a      	strb	r2, [r3, #1]
20000b88:	2f01      	cmp	r7, #1
20000b8a:	d001      	beq.n	20000b90 <sync_ep_buffer+0x80>
20000b8c:	788a      	ldrb	r2, [r1, #2]
20000b8e:	709a      	strb	r2, [r3, #2]
20000b90:	6904      	ldr	r4, [r0, #16]
20000b92:	8ac3      	ldrh	r3, [r0, #22]
20000b94:	1964      	adds	r4, r4, r5
20000b96:	18eb      	adds	r3, r5, r3
20000b98:	82c3      	strh	r3, [r0, #22]
20000b9a:	6104      	str	r4, [r0, #16]
20000b9c:	e7c6      	b.n	20000b2c <sync_ep_buffer+0x1c>
20000b9e:	2200      	movs	r2, #0
20000ba0:	5cb3      	ldrb	r3, [r6, r2]
20000ba2:	54a3      	strb	r3, [r4, r2]
20000ba4:	3201      	adds	r2, #1
20000ba6:	4295      	cmp	r5, r2
20000ba8:	d1fa      	bne.n	20000ba0 <sync_ep_buffer+0x90>
20000baa:	6904      	ldr	r4, [r0, #16]
20000bac:	e7f1      	b.n	20000b92 <sync_ep_buffer+0x82>
20000bae:	46c0      	nop			@ (mov r8, r8)

20000bb0 <_hw_endpoint_xfer_sync>:
20000bb0:	b510      	push	{r4, lr}
20000bb2:	0004      	movs	r4, r0
20000bb4:	6883      	ldr	r3, [r0, #8]
20000bb6:	2100      	movs	r1, #0
20000bb8:	681b      	ldr	r3, [r3, #0]
20000bba:	f7ff ffa9 	bl	20000b10 <sync_ep_buffer>
20000bbe:	6863      	ldr	r3, [r4, #4]
20000bc0:	681b      	ldr	r3, [r3, #0]
20000bc2:	005b      	lsls	r3, r3, #1
20000bc4:	d502      	bpl.n	20000bcc <_hw_endpoint_xfer_sync+0x1c>
20000bc6:	8b23      	ldrh	r3, [r4, #24]
20000bc8:	4283      	cmp	r3, r0
20000bca:	d000      	beq.n	20000bce <_hw_endpoint_xfer_sync+0x1e>
20000bcc:	bd10      	pop	{r4, pc}
20000bce:	2101      	movs	r1, #1
20000bd0:	0020      	movs	r0, r4
20000bd2:	f7ff ff9d 	bl	20000b10 <sync_ep_buffer>
20000bd6:	e7f9      	b.n	20000bcc <_hw_endpoint_xfer_sync+0x1c>

20000bd8 <e15_is_bulkin_ep>:
20000bd8:	4b08      	ldr	r3, [pc, #32]	@ (20000bfc <e15_is_bulkin_ep+0x24>)
20000bda:	6c1a      	ldr	r2, [r3, #64]	@ 0x40
20000bdc:	2300      	movs	r3, #0
20000bde:	0792      	lsls	r2, r2, #30
20000be0:	d403      	bmi.n	20000bea <e15_is_bulkin_ep+0x12>
20000be2:	7882      	ldrb	r2, [r0, #2]
20000be4:	09d2      	lsrs	r2, r2, #7
20000be6:	2a01      	cmp	r2, #1
20000be8:	d001      	beq.n	20000bee <e15_is_bulkin_ep+0x16>
20000bea:	0018      	movs	r0, r3
20000bec:	4770      	bx	lr
20000bee:	7ec3      	ldrb	r3, [r0, #27]
20000bf0:	3b02      	subs	r3, #2
20000bf2:	425a      	negs	r2, r3
20000bf4:	4153      	adcs	r3, r2
20000bf6:	b2db      	uxtb	r3, r3
20000bf8:	e7f7      	b.n	20000bea <e15_is_bulkin_ep+0x12>
20000bfa:	46c0      	nop			@ (mov r8, r8)
20000bfc:	50110000 	.word	0x50110000

20000c00 <e15_is_critical_frame_period>:
20000c00:	b510      	push	{r4, lr}
20000c02:	f7ff ffe9 	bl	20000bd8 <e15_is_bulkin_ep>
20000c06:	2800      	cmp	r0, #0
20000c08:	d00a      	beq.n	20000c20 <e15_is_critical_frame_period+0x20>
20000c0a:	4b06      	ldr	r3, [pc, #24]	@ (20000c24 <e15_is_critical_frame_period+0x24>)
20000c0c:	4a06      	ldr	r2, [pc, #24]	@ (20000c28 <e15_is_critical_frame_period+0x28>)
20000c0e:	6a9b      	ldr	r3, [r3, #40]	@ 0x28
20000c10:	4906      	ldr	r1, [pc, #24]	@ (20000c2c <e15_is_critical_frame_period+0x2c>)
20000c12:	6812      	ldr	r2, [r2, #0]
20000c14:	185b      	adds	r3, r3, r1
20000c16:	1a9b      	subs	r3, r3, r2
20000c18:	2000      	movs	r0, #0
20000c1a:	22c6      	movs	r2, #198	@ 0xc6
20000c1c:	429a      	cmp	r2, r3
20000c1e:	4140      	adcs	r0, r0
20000c20:	bd10      	pop	{r4, pc}
20000c22:	46c0      	nop			@ (mov r8, r8)
20000c24:	40054000 	.word	0x40054000
20000c28:	20001a7c 	.word	0x20001a7c
20000c2c:	fffffce0 	.word	0xfffffce0

20000c30 <hw_endpoint_reset_transfer>:
20000c30:	2300      	movs	r3, #0
20000c32:	7683      	strb	r3, [r0, #26]
20000c34:	6143      	str	r3, [r0, #20]
20000c36:	6103      	str	r3, [r0, #16]
20000c38:	4770      	bx	lr
20000c3a:	46c0      	nop			@ (mov r8, r8)

20000c3c <_hw_endpoint_buffer_control_update32>:
20000c3c:	b510      	push	{r4, lr}
20000c3e:	6883      	ldr	r3, [r0, #8]
20000c40:	2900      	cmp	r1, #0
20000c42:	d001      	beq.n	20000c48 <_hw_endpoint_buffer_control_update32+0xc>
20000c44:	681c      	ldr	r4, [r3, #0]
20000c46:	4021      	ands	r1, r4
20000c48:	2a00      	cmp	r2, #0
20000c4a:	d012      	beq.n	20000c72 <_hw_endpoint_buffer_control_update32+0x36>
20000c4c:	2480      	movs	r4, #128	@ 0x80
20000c4e:	00e4      	lsls	r4, r4, #3
20000c50:	4311      	orrs	r1, r2
20000c52:	4222      	tst	r2, r4
20000c54:	d00d      	beq.n	20000c72 <_hw_endpoint_buffer_control_update32+0x36>
20000c56:	681a      	ldr	r2, [r3, #0]
20000c58:	4222      	tst	r2, r4
20000c5a:	d10c      	bne.n	20000c76 <_hw_endpoint_buffer_control_update32+0x3a>
20000c5c:	4a08      	ldr	r2, [pc, #32]	@ (20000c80 <_hw_endpoint_buffer_control_update32+0x44>)
20000c5e:	400a      	ands	r2, r1
20000c60:	601a      	str	r2, [r3, #0]
20000c62:	4a08      	ldr	r2, [pc, #32]	@ (20000c84 <_hw_endpoint_buffer_control_update32+0x48>)
20000c64:	6c12      	ldr	r2, [r2, #64]	@ 0x40
20000c66:	0792      	lsls	r2, r2, #30
20000c68:	d403      	bmi.n	20000c72 <_hw_endpoint_buffer_control_update32+0x36>
20000c6a:	230c      	movs	r3, #12
20000c6c:	3b03      	subs	r3, #3
20000c6e:	d2fd      	bcs.n	20000c6c <_hw_endpoint_buffer_control_update32+0x30>
20000c70:	6883      	ldr	r3, [r0, #8]
20000c72:	6019      	str	r1, [r3, #0]
20000c74:	bd10      	pop	{r4, pc}
20000c76:	7881      	ldrb	r1, [r0, #2]
20000c78:	4803      	ldr	r0, [pc, #12]	@ (20000c88 <_hw_endpoint_buffer_control_update32+0x4c>)
20000c7a:	f000 f969 	bl	20000f50 <__panic_veneer>
20000c7e:	46c0      	nop			@ (mov r8, r8)
20000c80:	fffffbff 	.word	0xfffffbff
20000c84:	50110000 	.word	0x50110000
20000c88:	10007a78 	.word	0x10007a78

20000c8c <hw_endpoint_start_next_buffer>:
20000c8c:	6843      	ldr	r3, [r0, #4]
20000c8e:	b570      	push	{r4, r5, r6, lr}
20000c90:	2100      	movs	r1, #0
20000c92:	2580      	movs	r5, #128	@ 0x80
20000c94:	0004      	movs	r4, r0
20000c96:	681e      	ldr	r6, [r3, #0]
20000c98:	f7ff fed8 	bl	20000a4c <prepare_ep_buffer>
20000c9c:	4b12      	ldr	r3, [pc, #72]	@ (20000ce8 <hw_endpoint_start_next_buffer+0x5c>)
20000c9e:	016d      	lsls	r5, r5, #5
20000ca0:	6c1a      	ldr	r2, [r3, #64]	@ 0x40
20000ca2:	4305      	orrs	r5, r0
20000ca4:	78a3      	ldrb	r3, [r4, #2]
20000ca6:	0792      	lsls	r2, r2, #30
20000ca8:	d50e      	bpl.n	20000cc8 <hw_endpoint_start_next_buffer+0x3c>
20000caa:	065b      	lsls	r3, r3, #25
20000cac:	d00e      	beq.n	20000ccc <hw_endpoint_start_next_buffer+0x40>
20000cae:	4b0f      	ldr	r3, [pc, #60]	@ (20000cec <hw_endpoint_start_next_buffer+0x60>)
20000cb0:	401e      	ands	r6, r3
20000cb2:	2380      	movs	r3, #128	@ 0x80
20000cb4:	059b      	lsls	r3, r3, #22
20000cb6:	4333      	orrs	r3, r6
20000cb8:	6862      	ldr	r2, [r4, #4]
20000cba:	2100      	movs	r1, #0
20000cbc:	6013      	str	r3, [r2, #0]
20000cbe:	0020      	movs	r0, r4
20000cc0:	002a      	movs	r2, r5
20000cc2:	f7ff ffbb 	bl	20000c3c <_hw_endpoint_buffer_control_update32>
20000cc6:	bd70      	pop	{r4, r5, r6, pc}
20000cc8:	09db      	lsrs	r3, r3, #7
20000cca:	d0f0      	beq.n	20000cae <hw_endpoint_start_next_buffer+0x22>
20000ccc:	8aa3      	ldrh	r3, [r4, #20]
20000cce:	2b00      	cmp	r3, #0
20000cd0:	d0ed      	beq.n	20000cae <hw_endpoint_start_next_buffer+0x22>
20000cd2:	2101      	movs	r1, #1
20000cd4:	0020      	movs	r0, r4
20000cd6:	f7ff feb9 	bl	20000a4c <prepare_ep_buffer>
20000cda:	23a0      	movs	r3, #160	@ 0xa0
20000cdc:	4a04      	ldr	r2, [pc, #16]	@ (20000cf0 <hw_endpoint_start_next_buffer+0x64>)
20000cde:	05db      	lsls	r3, r3, #23
20000ce0:	4032      	ands	r2, r6
20000ce2:	4305      	orrs	r5, r0
20000ce4:	4313      	orrs	r3, r2
20000ce6:	e7e7      	b.n	20000cb8 <hw_endpoint_start_next_buffer+0x2c>
20000ce8:	50110000 	.word	0x50110000
20000cec:	afffffff 	.word	0xafffffff
20000cf0:	dfffffff 	.word	0xdfffffff

20000cf4 <hw_endpoint_xfer_continue>:
20000cf4:	b570      	push	{r4, r5, r6, lr}
20000cf6:	7e85      	ldrb	r5, [r0, #26]
20000cf8:	0004      	movs	r4, r0
20000cfa:	2d00      	cmp	r5, #0
20000cfc:	d014      	beq.n	20000d28 <hw_endpoint_xfer_continue+0x34>
20000cfe:	f7ff ff57 	bl	20000bb0 <_hw_endpoint_xfer_sync>
20000d02:	8aa3      	ldrh	r3, [r4, #20]
20000d04:	2b00      	cmp	r3, #0
20000d06:	d101      	bne.n	20000d0c <hw_endpoint_xfer_continue+0x18>
20000d08:	0028      	movs	r0, r5
20000d0a:	bd70      	pop	{r4, r5, r6, pc}
20000d0c:	0020      	movs	r0, r4
20000d0e:	f7ff ff77 	bl	20000c00 <e15_is_critical_frame_period>
20000d12:	2800      	cmp	r0, #0
20000d14:	d003      	beq.n	20000d1e <hw_endpoint_xfer_continue+0x2a>
20000d16:	2301      	movs	r3, #1
20000d18:	2500      	movs	r5, #0
20000d1a:	7723      	strb	r3, [r4, #28]
20000d1c:	e7f4      	b.n	20000d08 <hw_endpoint_xfer_continue+0x14>
20000d1e:	0020      	movs	r0, r4
20000d20:	f7ff ffb4 	bl	20000c8c <hw_endpoint_start_next_buffer>
20000d24:	2500      	movs	r5, #0
20000d26:	e7ef      	b.n	20000d08 <hw_endpoint_xfer_continue+0x14>
20000d28:	7881      	ldrb	r1, [r0, #2]
20000d2a:	4801      	ldr	r0, [pc, #4]	@ (20000d30 <hw_endpoint_xfer_continue+0x3c>)
20000d2c:	f000 f910 	bl	20000f50 <__panic_veneer>
20000d30:	10007a98 	.word	0x10007a98

20000d34 <dcd_event_handler>:
20000d34:	b5f0      	push	{r4, r5, r6, r7, lr}
20000d36:	4647      	mov	r7, r8
20000d38:	46ce      	mov	lr, r9
20000d3a:	b580      	push	{r7, lr}
20000d3c:	7843      	ldrb	r3, [r0, #1]
20000d3e:	0005      	movs	r5, r0
20000d40:	000f      	movs	r7, r1
20000d42:	b085      	sub	sp, #20
20000d44:	2b06      	cmp	r3, #6
20000d46:	d807      	bhi.n	20000d58 <dcd_event_handler+0x24>
20000d48:	4a68      	ldr	r2, [pc, #416]	@ (20000eec <dcd_event_handler+0x1b8>)
20000d4a:	009b      	lsls	r3, r3, #2
20000d4c:	58d3      	ldr	r3, [r2, r3]
20000d4e:	469f      	mov	pc, r3
20000d50:	4a67      	ldr	r2, [pc, #412]	@ (20000ef0 <dcd_event_handler+0x1bc>)
20000d52:	7813      	ldrb	r3, [r2, #0]
20000d54:	3301      	adds	r3, #1
20000d56:	7013      	strb	r3, [r2, #0]
20000d58:	4b66      	ldr	r3, [pc, #408]	@ (20000ef4 <dcd_event_handler+0x1c0>)
20000d5a:	681c      	ldr	r4, [r3, #0]
20000d5c:	6962      	ldr	r2, [r4, #20]
20000d5e:	f3ef 8110 	mrs	r1, PRIMASK
20000d62:	b672      	cpsid	i
20000d64:	6813      	ldr	r3, [r2, #0]
20000d66:	2b00      	cmp	r3, #0
20000d68:	d0fc      	beq.n	20000d64 <dcd_event_handler+0x30>
20000d6a:	f3bf 8f5f 	dmb	sy
20000d6e:	61a1      	str	r1, [r4, #24]
20000d70:	0020      	movs	r0, r4
20000d72:	0029      	movs	r1, r5
20000d74:	f000 f8d4 	bl	20000f20 <__tu_fifo_write_veneer>
20000d78:	6962      	ldr	r2, [r4, #20]
20000d7a:	69a3      	ldr	r3, [r4, #24]
20000d7c:	f3bf 8f5f 	dmb	sy
20000d80:	2100      	movs	r1, #0
20000d82:	6011      	str	r1, [r2, #0]
20000d84:	f383 8810 	msr	PRIMASK, r3
20000d88:	2800      	cmp	r0, #0
20000d8a:	d104      	bne.n	20000d96 <dcd_event_handler+0x62>
20000d8c:	b005      	add	sp, #20
20000d8e:	bcc0      	pop	{r6, r7}
20000d90:	46b9      	mov	r9, r7
20000d92:	46b0      	mov	r8, r6
20000d94:	bdf0      	pop	{r4, r5, r6, r7, pc}
20000d96:	003a      	movs	r2, r7
20000d98:	7869      	ldrb	r1, [r5, #1]
20000d9a:	7828      	ldrb	r0, [r5, #0]
20000d9c:	f000 f8f0 	bl	20000f80 <__tud_event_hook_cb_veneer>
20000da0:	e7f4      	b.n	20000d8c <dcd_event_handler+0x58>
20000da2:	2101      	movs	r1, #1
20000da4:	4b54      	ldr	r3, [pc, #336]	@ (20000ef8 <dcd_event_handler+0x1c4>)
20000da6:	781a      	ldrb	r2, [r3, #0]
20000da8:	438a      	bics	r2, r1
20000daa:	701a      	strb	r2, [r3, #0]
20000dac:	781a      	ldrb	r2, [r3, #0]
20000dae:	3101      	adds	r1, #1
20000db0:	438a      	bics	r2, r1
20000db2:	701a      	strb	r2, [r3, #0]
20000db4:	2200      	movs	r2, #0
20000db6:	705a      	strb	r2, [r3, #1]
20000db8:	781a      	ldrb	r2, [r3, #0]
20000dba:	3102      	adds	r1, #2
20000dbc:	438a      	bics	r2, r1
20000dbe:	701a      	strb	r2, [r3, #0]
20000dc0:	e7ca      	b.n	20000d58 <dcd_event_handler+0x24>
20000dc2:	4b4e      	ldr	r3, [pc, #312]	@ (20000efc <dcd_event_handler+0x1c8>)
20000dc4:	2400      	movs	r4, #0
20000dc6:	001e      	movs	r6, r3
20000dc8:	781a      	ldrb	r2, [r3, #0]
20000dca:	4b4d      	ldr	r3, [pc, #308]	@ (20000f00 <dcd_event_handler+0x1cc>)
20000dcc:	4698      	mov	r8, r3
20000dce:	4b4d      	ldr	r3, [pc, #308]	@ (20000f04 <dcd_event_handler+0x1d0>)
20000dd0:	4699      	mov	r9, r3
20000dd2:	e010      	b.n	20000df6 <dcd_event_handler+0xc2>
20000dd4:	464b      	mov	r3, r9
20000dd6:	681b      	ldr	r3, [r3, #0]
20000dd8:	0161      	lsls	r1, r4, #5
20000dda:	185b      	adds	r3, r3, r1
20000ddc:	2b00      	cmp	r3, #0
20000dde:	d006      	beq.n	20000dee <dcd_event_handler+0xba>
20000de0:	69db      	ldr	r3, [r3, #28]
20000de2:	2b00      	cmp	r3, #0
20000de4:	d003      	beq.n	20000dee <dcd_event_handler+0xba>
20000de6:	6869      	ldr	r1, [r5, #4]
20000de8:	7828      	ldrb	r0, [r5, #0]
20000dea:	4798      	blx	r3
20000dec:	7832      	ldrb	r2, [r6, #0]
20000dee:	3401      	adds	r4, #1
20000df0:	b2e4      	uxtb	r4, r4
20000df2:	4294      	cmp	r4, r2
20000df4:	d817      	bhi.n	20000e26 <dcd_event_handler+0xf2>
20000df6:	42a2      	cmp	r2, r4
20000df8:	d8ec      	bhi.n	20000dd4 <dcd_event_handler+0xa0>
20000dfa:	1aa3      	subs	r3, r4, r2
20000dfc:	015b      	lsls	r3, r3, #5
20000dfe:	4443      	add	r3, r8
20000e00:	e7ee      	b.n	20000de0 <dcd_event_handler+0xac>
20000e02:	4b3d      	ldr	r3, [pc, #244]	@ (20000ef8 <dcd_event_handler+0x1c4>)
20000e04:	781a      	ldrb	r2, [r3, #0]
20000e06:	07d2      	lsls	r2, r2, #31
20000e08:	d5c0      	bpl.n	20000d8c <dcd_event_handler+0x58>
20000e0a:	2104      	movs	r1, #4
20000e0c:	781a      	ldrb	r2, [r3, #0]
20000e0e:	430a      	orrs	r2, r1
20000e10:	701a      	strb	r2, [r3, #0]
20000e12:	e7a1      	b.n	20000d58 <dcd_event_handler+0x24>
20000e14:	4b38      	ldr	r3, [pc, #224]	@ (20000ef8 <dcd_event_handler+0x1c4>)
20000e16:	781a      	ldrb	r2, [r3, #0]
20000e18:	07d2      	lsls	r2, r2, #31
20000e1a:	d5b7      	bpl.n	20000d8c <dcd_event_handler+0x58>
20000e1c:	2104      	movs	r1, #4
20000e1e:	781a      	ldrb	r2, [r3, #0]
20000e20:	438a      	bics	r2, r1
20000e22:	701a      	strb	r2, [r3, #0]
20000e24:	e798      	b.n	20000d58 <dcd_event_handler+0x24>
20000e26:	4a34      	ldr	r2, [pc, #208]	@ (20000ef8 <dcd_event_handler+0x1c4>)
20000e28:	7813      	ldrb	r3, [r2, #0]
20000e2a:	4690      	mov	r8, r2
20000e2c:	0011      	movs	r1, r2
20000e2e:	075b      	lsls	r3, r3, #29
20000e30:	d528      	bpl.n	20000e84 <dcd_event_handler+0x150>
20000e32:	7813      	ldrb	r3, [r2, #0]
20000e34:	2204      	movs	r2, #4
20000e36:	ac01      	add	r4, sp, #4
20000e38:	4393      	bics	r3, r2
20000e3a:	700b      	strb	r3, [r1, #0]
20000e3c:	0020      	movs	r0, r4
20000e3e:	2100      	movs	r1, #0
20000e40:	3208      	adds	r2, #8
20000e42:	f000 f895 	bl	20000f70 <____wrap_memset_veneer>
20000e46:	782b      	ldrb	r3, [r5, #0]
20000e48:	7023      	strb	r3, [r4, #0]
20000e4a:	2305      	movs	r3, #5
20000e4c:	7063      	strb	r3, [r4, #1]
20000e4e:	4b29      	ldr	r3, [pc, #164]	@ (20000ef4 <dcd_event_handler+0x1c0>)
20000e50:	681b      	ldr	r3, [r3, #0]
20000e52:	0018      	movs	r0, r3
20000e54:	695a      	ldr	r2, [r3, #20]
20000e56:	f3ef 8110 	mrs	r1, PRIMASK
20000e5a:	b672      	cpsid	i
20000e5c:	6813      	ldr	r3, [r2, #0]
20000e5e:	2b00      	cmp	r3, #0
20000e60:	d0fc      	beq.n	20000e5c <dcd_event_handler+0x128>
20000e62:	f3bf 8f5f 	dmb	sy
20000e66:	0006      	movs	r6, r0
20000e68:	6181      	str	r1, [r0, #24]
20000e6a:	0021      	movs	r1, r4
20000e6c:	f000 f858 	bl	20000f20 <__tu_fifo_write_veneer>
20000e70:	6972      	ldr	r2, [r6, #20]
20000e72:	69b3      	ldr	r3, [r6, #24]
20000e74:	f3bf 8f5f 	dmb	sy
20000e78:	2100      	movs	r1, #0
20000e7a:	6011      	str	r1, [r2, #0]
20000e7c:	f383 8810 	msr	PRIMASK, r3
20000e80:	2800      	cmp	r0, #0
20000e82:	d12c      	bne.n	20000ede <dcd_event_handler+0x1aa>
20000e84:	4643      	mov	r3, r8
20000e86:	78db      	ldrb	r3, [r3, #3]
20000e88:	07db      	lsls	r3, r3, #31
20000e8a:	d400      	bmi.n	20000e8e <dcd_event_handler+0x15a>
20000e8c:	e77e      	b.n	20000d8c <dcd_event_handler+0x58>
20000e8e:	782b      	ldrb	r3, [r5, #0]
20000e90:	ac01      	add	r4, sp, #4
20000e92:	7023      	strb	r3, [r4, #0]
20000e94:	2303      	movs	r3, #3
20000e96:	7063      	strb	r3, [r4, #1]
20000e98:	686b      	ldr	r3, [r5, #4]
20000e9a:	6063      	str	r3, [r4, #4]
20000e9c:	4b15      	ldr	r3, [pc, #84]	@ (20000ef4 <dcd_event_handler+0x1c0>)
20000e9e:	681d      	ldr	r5, [r3, #0]
20000ea0:	696a      	ldr	r2, [r5, #20]
20000ea2:	f3ef 8110 	mrs	r1, PRIMASK
20000ea6:	b672      	cpsid	i
20000ea8:	6813      	ldr	r3, [r2, #0]
20000eaa:	2b00      	cmp	r3, #0
20000eac:	d0fc      	beq.n	20000ea8 <dcd_event_handler+0x174>
20000eae:	f3bf 8f5f 	dmb	sy
20000eb2:	61a9      	str	r1, [r5, #24]
20000eb4:	0028      	movs	r0, r5
20000eb6:	0021      	movs	r1, r4
20000eb8:	f000 f832 	bl	20000f20 <__tu_fifo_write_veneer>
20000ebc:	696a      	ldr	r2, [r5, #20]
20000ebe:	69ab      	ldr	r3, [r5, #24]
20000ec0:	f3bf 8f5f 	dmb	sy
20000ec4:	2100      	movs	r1, #0
20000ec6:	6011      	str	r1, [r2, #0]
20000ec8:	f383 8810 	msr	PRIMASK, r3
20000ecc:	2800      	cmp	r0, #0
20000ece:	d100      	bne.n	20000ed2 <dcd_event_handler+0x19e>
20000ed0:	e75c      	b.n	20000d8c <dcd_event_handler+0x58>
20000ed2:	003a      	movs	r2, r7
20000ed4:	7861      	ldrb	r1, [r4, #1]
20000ed6:	7820      	ldrb	r0, [r4, #0]
20000ed8:	f000 f852 	bl	20000f80 <__tud_event_hook_cb_veneer>
20000edc:	e756      	b.n	20000d8c <dcd_event_handler+0x58>
20000ede:	003a      	movs	r2, r7
20000ee0:	7861      	ldrb	r1, [r4, #1]
20000ee2:	7820      	ldrb	r0, [r4, #0]
20000ee4:	f000 f84c 	bl	20000f80 <__tud_event_hook_cb_veneer>
20000ee8:	e7cc      	b.n	20000e84 <dcd_event_handler+0x150>
20000eea:	46c0      	nop			@ (mov r8, r8)
20000eec:	10007f24 	.word	0x10007f24
20000ef0:	20001edb 	.word	0x20001edb
20000ef4:	20001648 	.word	0x20001648
20000ef8:	200015f0 	.word	0x200015f0
20000efc:	20001ed9 	.word	0x20001ed9
20000f00:	10007f40 	.word	0x10007f40
20000f04:	20001508 	.word	0x20001508

20000f08 <__aeabi_idiv0>:
20000f08:	4770      	bx	lr
20000f0a:	46c0      	nop			@ (mov r8, r8)
20000f0c:	0000      	movs	r0, r0
	...

20000f10 <__time_us_64_veneer>:
20000f10:	b401      	push	{r0}
20000f12:	4802      	ldr	r0, [pc, #8]	@ (20000f1c <__time_us_64_veneer+0xc>)
20000f14:	4684      	mov	ip, r0
20000f16:	bc01      	pop	{r0}
20000f18:	4760      	bx	ip
20000f1a:	bf00      	nop
20000f1c:	100015f5 	.word	0x100015f5

20000f20 <__tu_fifo_write_veneer>:
20000f20:	b401      	push	{r0}
20000f22:	4802      	ldr	r0, [pc, #8]	@ (20000f2c <__tu_fifo_write_veneer+0xc>)
20000f24:	4684      	mov	ip, r0
20000f26:	bc01      	pop	{r0}
20000f28:	4760      	bx	ip
20000f2a:	bf00      	nop
20000f2c:	1000695d 	.word	0x1000695d

20000f30 <____wrap___aeabi_lmul_veneer>:
20000f30:	b401      	push	{r0}
20000f32:	4802      	ldr	r0, [pc, #8]	@ (20000f3c <____wrap___aeabi_lmul_veneer+0xc>)
20000f34:	4684      	mov	ip, r0
20000f36:	bc01      	pop	{r0}
20000f38:	4760      	bx	ip
20000f3a:	bf00      	nop
20000f3c:	10002a85 	.word	0x10002a85

20000f40 <__best_effort_wfe_or_timeout_veneer>:
20000f40:	b401      	push	{r0}
20000f42:	4802      	ldr	r0, [pc, #8]	@ (20000f4c <__best_effort_wfe_or_timeout_veneer+0xc>)
20000f44:	4684      	mov	ip, r0
20000f46:	bc01      	pop	{r0}
20000f48:	4760      	bx	ip
20000f4a:	bf00      	nop
20000f4c:	100014b1 	.word	0x100014b1

20000f50 <__panic_veneer>:
20000f50:	b401      	push	{r0}
20000f52:	4802      	ldr	r0, [pc, #8]	@ (20000f5c <__panic_veneer+0xc>)
20000f54:	4684      	mov	ip, r0
20000f56:	bc01      	pop	{r0}
20000f58:	4760      	bx	ip
20000f5a:	bf00      	nop
20000f5c:	10000669 	.word	0x10000669

20000f60 <__rp2040_chip_version_veneer>:
20000f60:	b401      	push	{r0}
20000f62:	4802      	ldr	r0, [pc, #8]	@ (20000f6c <__rp2040_chip_version_veneer+0xc>)
20000f64:	4684      	mov	ip, r0
20000f66:	bc01      	pop	{r0}
20000f68:	4760      	bx	ip
20000f6a:	bf00      	nop
20000f6c:	1000065d 	.word	0x1000065d

20000f70 <____wrap_memset_veneer>:
20000f70:	b401      	push	{r0}
20000f72:	4802      	ldr	r0, [pc, #8]	@ (20000f7c <____wrap_memset_veneer+0xc>)
20000f74:	4684      	mov	ip, r0
20000f76:	bc01      	pop	{r0}
20000f78:	4760      	bx	ip
20000f7a:	bf00      	nop
20000f7c:	10002b5d 	.word	0x10002b5d

20000f80 <__tud_event_hook_cb_veneer>:
20000f80:	b401      	push	{r0}
20000f82:	4802      	ldr	r0, [pc, #8]	@ (20000f8c <__tud_event_hook_cb_veneer+0xc>)
20000f84:	4684      	mov	ip, r0
20000f86:	bc01      	pop	{r0}
20000f88:	4760      	bx	ip
20000f8a:	bf00      	nop
20000f8c:	100053b1 	.word	0x100053b1

20000f90 <sensors>:
20000f90:	00000630 10007910 00000731 10007918     0....y..1....y..
20000fa0:	00000832 10007920                       2... y..

20000fa8 <striped_spin_lock_num>:
20000fa8:	00000010                                ....

20000fac <irq_handler_chain_slots>:
20000fac:	00000000 	.word	0x00000000
20000fb0:	00010000 	.word	0x00010000
	...
20000fbc:	00020000 	.word	0x00020000
	...
20000fc8:	00030000 	.word	0x00030000
	...
20000fd4:	00040000 	.word	0x00040000
	...
20000fe0:	00050000 	.word	0x00050000
	...
20000fec:	00ff0000 	.word	0x00ff0000
20000ff0:	00000000 	.word	0x00000000

20000ff4 <irq_handler_chain_first_slot>:
20000ff4:	b501      	push	{r0, lr}
20000ff6:	6848      	ldr	r0, [r1, #4]
20000ff8:	3101      	adds	r1, #1
20000ffa:	468e      	mov	lr, r1
20000ffc:	4700      	bx	r0

20000ffe <irq_handler_chain_remove_tail>:
20000ffe:	4670      	mov	r0, lr
20001000:	3809      	subs	r0, #9
20001002:	4901      	ldr	r1, [pc, #4]	@ (20001008 <irq_handler_chain_remove_tail+0xa>)
20001004:	4788      	blx	r1
20001006:	bd01      	pop	{r0, pc}
20001008:	10000c45 	.word	0x10000c45

2000100c <default_alarm_pool>:
	...
20001020:	20001180 00000000 00000000 00000000     ... ............

20001030 <aeabi_bits_funcs>:
20001030:	00003350 	.word	0x00003350
20001034:	0000334c 	.word	0x0000334c
20001038:	00003354 	.word	0x00003354
2000103c:	00003352 	.word	0x00003352

20001040 <aeabi_bits_funcs_end>:
20001040:	0000534d 	.word	0x0000534d
20001044:	0000434d 	.word	0x0000434d
20001048:	00003453 	.word	0x00003453
2000104c:	00003443 	.word	0x00003443

20001050 <stdio_uart>:
20001050:	1000470d 1000480d 10004759 10004821     .G...H..YG..!H..
20001060:	00000000 00000100                       ........

20001068 <stdio_usb>:
20001068:	10004a55 10004a09 1000497d 100048f5     UJ...J..}I...H..
20001078:	00000000 00000100                       ........

20001080 <_usbd_qdef>:
20001080:	2000164c 000c0010 00000000 00000000     L.. ............
	...

2000109c <_usbd_rhport>:
2000109c:	000000ff                                ....

200010a0 <i2c1_inst>:
200010a0:	40048000 00000000                       ...@....

200010a8 <i2c0_inst>:
200010a8:	40044000 00000000                       .@.@....

200010b0 <print_mutex>:
	...
