
C:/Users/rpora/Downloads/VL53L1X-C-API-for-Raspberry-Pi-Pico-main/VL53L1X-C-API-for-Raspberry-Pi-Pico-main/build/continuous_measurement/continuous.elf:     file format elf32-littlearm

Sections:
Idx Name          Size      VMA       LMA       File off  Algn
  0 .boot2        00000100  10000000  10000000  00001000  2**0
                  CONTENTS, ALLOC, LOAD, READONLY, CODE
  1 .text         00007758  10000100  10000100  00001100  2**3
                  CONTENTS, ALLOC, LOAD, READONLY, CODE
  2 .rodata       00001628  10007858  10007858  00008858  2**3
                  CONTENTS, ALLOC, LOAD, READONLY, DATA
  3 .binary_info  0000002c  10008e80  10008e80  00009e80  2**2
                  CONTENTS, ALLOC, LOAD, READONLY, DATA
  4 .xip_ram      00000000  15000000  15000000  0000acd8  2**0
                  CONTENTS
  5 .ram_vector_table 000000c0  20000000  20000000  0000b000  2**2
                  ALLOC
  6 .uninitialized_data 00000000  200000c0  200000c0  0000acd8  2**0
                  CONTENTS
  7 .data         00000c18  200000c0  10008eac  0000a0c0  2**4
                  CONTENTS, ALLOC, LOAD, READONLY, CODE
  8 .tdata        00000000  20000cd8  20000cd8  0000acd8  2**0
                  CONTENTS, ALLOC, LOAD, DATA, THREAD_LOCAL
  9 .tbss         00000000  20000cd8  20000cd8  00000000  2**0
                  ALLOC, THREAD_LOCAL
 10 .tbss_space   00000000  20000cd8  20000cd8  0000acd8  2**0
                  CONTENTS
 11 .bss          00000e28  20000cd8  10009ac4  0000acd8  2**3
                  ALLOC
 12 .tls0         00000000  20001b00  20001b00  0000acd8  2**0
                  CONTENTS
 13 .tls1         00000000  20001b00  20001b00  0000acd8  2**0
                  CONTENTS
 14 .persistent_data 00000000  20001b00  20001b00  0000acd8  2**0
                  CONTENTS
 15 .dummy_pre_heap 00000000  20001b00  20001b00  0000acd8  2**0
                  CONTENTS
 16 .heap         00000800  20001b00  20001b00  0000b000  2**2
                  ALLOC, READONLY
 17 .scratch_x    00000000  20040000  20040000  0000acd8  2**0
                  CONTENTS
 18 .scratch_y    00000000  20041000  20041000  0000acd8  2**0
                  CONTENTS
 19 .stack_dummy  00000800  20041000  20041000  0000b000  2**5
                  ALLOC, READONLY
 20 .debug_info   000315b0  00000000  00000000  0000acd8  2**0
                  CONTENTS, READONLY, DEBUGGING, OCTETS
 21 .debug_abbrev 00008f4b  00000000  00000000  0003c288  2**0
                  CONTENTS, READONLY, DEBUGGING, OCTETS
 22 .debug_loclists 000142d1  00000000  00000000  000451d3  2**0
                  CONTENTS, READONLY, DEBUGGING, OCTETS
 23 .debug_aranges 00001af8  00000000  00000000  000594a8  2**3
                  CONTENTS, READONLY, DEBUGGING, OCTETS
 24 .debug_rnglists 00001d42  00000000  00000000  0005afa0  2**0
                  CONTENTS, READONLY, DEBUGGING, OCTETS
 25 .debug_line   0001e764  00000000  00000000  0005cce2  2**0
                  CONTENTS, READONLY, DEBUGGING, OCTETS
 26 .debug_str    00009f05  00000000  00000000  0007b446  2**0
                  CONTENTS, READONLY, DEBUGGING, OCTETS
 27 .comment      00000045  00000000  00000000  0008534b  2**0
                  CONTENTS, READONLY
 28 .ARM.attributes 0000002a  00000000  00000000  00085390  2**0
                  CONTENTS, READONLY
 29 .debug_frame  00003b74  00000000  00000000  000853bc  2**2
                  CONTENTS, READONLY, DEBUGGING, OCTETS
 30 .debug_line_str 000003a6  00000000  00000000  00088f30  2**0
                  CONTENTS, READONLY, DEBUGGING, OCTETS

C:/Users/rpora/Downloads/VL53L1X-C-API-for-Raspberry-Pi-Pico-main/VL53L1X-C-API-for-Raspberry-Pi-Pico-main/build/continuous_measurement/continuous.elf:     file format elf32-littlearm


Disassembly of section .boot2:

10000000 <__boot2_start__>:
10000000:	4b32b500 	.word	0x4b32b500
10000004:	60582021 	.word	0x60582021
10000008:	21026898 	.word	0x21026898
1000000c:	60984388 	.word	0x60984388
10000010:	611860d8 	.word	0x611860d8
10000014:	4b2e6158 	.word	0x4b2e6158
10000018:	60992100 	.word	0x60992100
1000001c:	61592102 	.word	0x61592102
10000020:	22f02101 	.word	0x22f02101
10000024:	492b5099 	.word	0x492b5099
10000028:	21016019 	.word	0x21016019
1000002c:	20356099 	.word	0x20356099
10000030:	f844f000 	.word	0xf844f000
10000034:	42902202 	.word	0x42902202
10000038:	2106d014 	.word	0x2106d014
1000003c:	f0006619 	.word	0xf0006619
10000040:	6e19f834 	.word	0x6e19f834
10000044:	66192101 	.word	0x66192101
10000048:	66182000 	.word	0x66182000
1000004c:	f000661a 	.word	0xf000661a
10000050:	6e19f82c 	.word	0x6e19f82c
10000054:	6e196e19 	.word	0x6e196e19
10000058:	f0002005 	.word	0xf0002005
1000005c:	2101f82f 	.word	0x2101f82f
10000060:	d1f94208 	.word	0xd1f94208
10000064:	60992100 	.word	0x60992100
10000068:	6019491b 	.word	0x6019491b
1000006c:	60592100 	.word	0x60592100
10000070:	481b491a 	.word	0x481b491a
10000074:	21016001 	.word	0x21016001
10000078:	21eb6099 	.word	0x21eb6099
1000007c:	21a06619 	.word	0x21a06619
10000080:	f0006619 	.word	0xf0006619
10000084:	2100f812 	.word	0x2100f812
10000088:	49166099 	.word	0x49166099
1000008c:	60014814 	.word	0x60014814
10000090:	60992101 	.word	0x60992101
10000094:	2800bc01 	.word	0x2800bc01
10000098:	4700d000 	.word	0x4700d000
1000009c:	49134812 	.word	0x49134812
100000a0:	c8036008 	.word	0xc8036008
100000a4:	8808f380 	.word	0x8808f380
100000a8:	b5034708 	.word	0xb5034708
100000ac:	20046a99 	.word	0x20046a99
100000b0:	d0fb4201 	.word	0xd0fb4201
100000b4:	42012001 	.word	0x42012001
100000b8:	bd03d1f8 	.word	0xbd03d1f8
100000bc:	6618b502 	.word	0x6618b502
100000c0:	f7ff6618 	.word	0xf7ff6618
100000c4:	6e18fff2 	.word	0x6e18fff2
100000c8:	bd026e18 	.word	0xbd026e18
100000cc:	40020000 	.word	0x40020000
100000d0:	18000000 	.word	0x18000000
100000d4:	00070000 	.word	0x00070000
100000d8:	005f0300 	.word	0x005f0300
100000dc:	00002221 	.word	0x00002221
100000e0:	180000f4 	.word	0x180000f4
100000e4:	a0002022 	.word	0xa0002022
100000e8:	10000100 	.word	0x10000100
100000ec:	e000ed08 	.word	0xe000ed08
	...
100000fc:	7a4eb274 	.word	0x7a4eb274

Disassembly of section .text:

10000100 <__VECTOR_TABLE>:
10000100:	20042000 	.word	0x20042000
10000104:	100001f7 	.word	0x100001f7
10000108:	100001cb 	.word	0x100001cb
1000010c:	100001cd 	.word	0x100001cd
10000110:	100001c9 	.word	0x100001c9
10000114:	100001c9 	.word	0x100001c9
10000118:	100001c9 	.word	0x100001c9
1000011c:	100001c9 	.word	0x100001c9
10000120:	100001c9 	.word	0x100001c9
10000124:	100001c9 	.word	0x100001c9
10000128:	100001c9 	.word	0x100001c9
1000012c:	100001cf 	.word	0x100001cf
10000130:	100001c9 	.word	0x100001c9
10000134:	100001c9 	.word	0x100001c9
10000138:	100001d1 	.word	0x100001d1
1000013c:	100001d3 	.word	0x100001d3
10000140:	100001c1 	.word	0x100001c1
10000144:	100001c1 	.word	0x100001c1
10000148:	100001c1 	.word	0x100001c1
1000014c:	100001c1 	.word	0x100001c1
10000150:	100001c1 	.word	0x100001c1
10000154:	100001c1 	.word	0x100001c1
10000158:	100001c1 	.word	0x100001c1
1000015c:	100001c1 	.word	0x100001c1
10000160:	100001c1 	.word	0x100001c1
10000164:	100001c1 	.word	0x100001c1
10000168:	100001c1 	.word	0x100001c1
1000016c:	100001c1 	.word	0x100001c1
10000170:	100001c1 	.word	0x100001c1
10000174:	100001c1 	.word	0x100001c1
10000178:	100001c1 	.word	0x100001c1
1000017c:	100001c1 	.word	0x100001c1
10000180:	100001c1 	.word	0x100001c1
10000184:	100001c1 	.word	0x100001c1
10000188:	100001c1 	.word	0x100001c1
1000018c:	100001c1 	.word	0x100001c1
10000190:	100001c1 	.word	0x100001c1
10000194:	100001c1 	.word	0x100001c1
10000198:	100001c1 	.word	0x100001c1
1000019c:	100001c1 	.word	0x100001c1
100001a0:	100001c1 	.word	0x100001c1
100001a4:	100001c1 	.word	0x100001c1
100001a8:	100001c1 	.word	0x100001c1
100001ac:	100001c1 	.word	0x100001c1
100001b0:	100001c1 	.word	0x100001c1
100001b4:	100001c1 	.word	0x100001c1
100001b8:	100001c1 	.word	0x100001c1
100001bc:	100001c1 	.word	0x100001c1

100001c0 <__unhandled_user_irq>:
100001c0:	f3ef 8005 	mrs	r0, IPSR
100001c4:	3810      	subs	r0, #16

100001c6 <unhandled_user_irq_num_in_r0>:
100001c6:	be00      	bkpt	0x0000

100001c8 <isr_invalid>:
100001c8:	be00      	bkpt	0x0000

100001ca <isr_nmi>:
100001ca:	be00      	bkpt	0x0000

100001cc <isr_hardfault>:
100001cc:	be00      	bkpt	0x0000

100001ce <isr_svcall>:
100001ce:	be00      	bkpt	0x0000

100001d0 <isr_pendsv>:
100001d0:	be00      	bkpt	0x0000

100001d2 <isr_systick>:
100001d2:	be00      	bkpt	0x0000

100001d4 <__default_isrs_end>:
100001d4:	7188ebf2 	.word	0x7188ebf2
100001d8:	10008e80 	.word	0x10008e80
100001dc:	10008eac 	.word	0x10008eac
100001e0:	10000238 	.word	0x10000238
100001e4:	e71aa390 	.word	0xe71aa390

100001e8 <_entry_point>:
100001e8:	2000      	movs	r0, #0

100001ea <_enter_vtable_in_r0>:
100001ea:	491e      	ldr	r1, [pc, #120]	@ (10000264 <data_cpy_table+0x2c>)
100001ec:	6008      	str	r0, [r1, #0]
100001ee:	c806      	ldmia	r0!, {r1, r2}
100001f0:	f381 8808 	msr	MSP, r1
100001f4:	4710      	bx	r2

100001f6 <_reset_handler>:
100001f6:	481c      	ldr	r0, [pc, #112]	@ (10000268 <data_cpy_table+0x30>)
100001f8:	6800      	ldr	r0, [r0, #0]
100001fa:	2800      	cmp	r0, #0
100001fc:	d001      	beq.n	10000202 <hold_non_core0_in_bootrom+0x4>

100001fe <hold_non_core0_in_bootrom>:
100001fe:	2000      	movs	r0, #0
10000200:	e7f3      	b.n	100001ea <_enter_vtable_in_r0>
10000202:	a40d      	add	r4, pc, #52	@ (adr r4, 10000238 <data_cpy_table>)
10000204:	cc0e      	ldmia	r4!, {r1, r2, r3}
10000206:	2900      	cmp	r1, #0
10000208:	d002      	beq.n	10000210 <hold_non_core0_in_bootrom+0x12>
1000020a:	f000 f812 	bl	10000232 <data_cpy>
1000020e:	e7f9      	b.n	10000204 <hold_non_core0_in_bootrom+0x6>
10000210:	4916      	ldr	r1, [pc, #88]	@ (1000026c <data_cpy_table+0x34>)
10000212:	4a17      	ldr	r2, [pc, #92]	@ (10000270 <data_cpy_table+0x38>)
10000214:	2000      	movs	r0, #0
10000216:	e000      	b.n	1000021a <bss_fill_test>

10000218 <bss_fill_loop>:
10000218:	c101      	stmia	r1!, {r0}

1000021a <bss_fill_test>:
1000021a:	4291      	cmp	r1, r2
1000021c:	d1fc      	bne.n	10000218 <bss_fill_loop>

1000021e <platform_entry>:
1000021e:	4915      	ldr	r1, [pc, #84]	@ (10000274 <data_cpy_table+0x3c>)
10000220:	4788      	blx	r1
10000222:	4915      	ldr	r1, [pc, #84]	@ (10000278 <data_cpy_table+0x40>)
10000224:	4788      	blx	r1
10000226:	4915      	ldr	r1, [pc, #84]	@ (1000027c <data_cpy_table+0x44>)
10000228:	4788      	blx	r1
1000022a:	be00      	bkpt	0x0000
1000022c:	e7fd      	b.n	1000022a <platform_entry+0xc>

1000022e <data_cpy_loop>:
1000022e:	c901      	ldmia	r1!, {r0}
10000230:	c201      	stmia	r2!, {r0}

10000232 <data_cpy>:
10000232:	429a      	cmp	r2, r3
10000234:	d3fb      	bcc.n	1000022e <data_cpy_loop>

10000236 <data_cpy_done>:
10000236:	4770      	bx	lr

10000238 <data_cpy_table>:
10000238:	10008eac 	.word	0x10008eac
1000023c:	200000c0 	.word	0x200000c0
10000240:	20000cd8 	.word	0x20000cd8
10000244:	10009ac4 	.word	0x10009ac4
10000248:	20040000 	.word	0x20040000
1000024c:	20040000 	.word	0x20040000
10000250:	10009ac4 	.word	0x10009ac4
10000254:	20041000 	.word	0x20041000
10000258:	20041000 	.word	0x20041000
1000025c:	00000000 	.word	0x00000000
10000260:	4770      	bx	lr
10000262:	0000      	.short	0x0000
10000264:	e000ed08 	.word	0xe000ed08
10000268:	d0000000 	.word	0xd0000000
1000026c:	20000cd8 	.word	0x20000cd8
10000270:	20001b00 	.word	0x20001b00
10000274:	10003f21 	.word	0x10003f21
10000278:	10000281 	.word	0x10000281
1000027c:	10003ee3 	.word	0x10003ee3

10000280 <main>:
10000280:	b570      	push	{r4, r5, r6, lr}
10000282:	b086      	sub	sp, #24
10000284:	f003 ff68 	bl	10004158 <stdio_init_all>
10000288:	20fa      	movs	r0, #250	@ 0xfa
1000028a:	00c0      	lsls	r0, r0, #3
1000028c:	f001 f952 	bl	10001534 <sleep_ms>
10000290:	200a      	movs	r0, #10
10000292:	f003 ff68 	bl	10004166 <__wrap_putchar>
10000296:	4c94      	ldr	r4, [pc, #592]	@ (100004e8 <main+0x268>)
10000298:	0020      	movs	r0, r4
1000029a:	f003 ff72 	bl	10004182 <__wrap_puts>
1000029e:	4893      	ldr	r0, [pc, #588]	@ (100004ec <main+0x26c>)
100002a0:	f003 ff6f 	bl	10004182 <__wrap_puts>
100002a4:	0020      	movs	r0, r4
100002a6:	f003 ff6c 	bl	10004182 <__wrap_puts>
100002aa:	2019      	movs	r0, #25
100002ac:	f000 f98a 	bl	100005c4 <gpio_init>
100002b0:	23d0      	movs	r3, #208	@ 0xd0
100002b2:	061b      	lsls	r3, r3, #24
100002b4:	2280      	movs	r2, #128	@ 0x80
100002b6:	0492      	lsls	r2, r2, #18
100002b8:	625a      	str	r2, [r3, #36]	@ 0x24
100002ba:	2400      	movs	r4, #0
100002bc:	e00c      	b.n	100002d8 <main+0x58>
100002be:	25d0      	movs	r5, #208	@ 0xd0
100002c0:	062d      	lsls	r5, r5, #24
100002c2:	2680      	movs	r6, #128	@ 0x80
100002c4:	04b6      	lsls	r6, r6, #18
100002c6:	616e      	str	r6, [r5, #20]
100002c8:	2096      	movs	r0, #150	@ 0x96
100002ca:	f001 f933 	bl	10001534 <sleep_ms>
100002ce:	61ae      	str	r6, [r5, #24]
100002d0:	2096      	movs	r0, #150	@ 0x96
100002d2:	f001 f92f 	bl	10001534 <sleep_ms>
100002d6:	3401      	adds	r4, #1
100002d8:	2c03      	cmp	r4, #3
100002da:	ddf0      	ble.n	100002be <main+0x3e>
100002dc:	4884      	ldr	r0, [pc, #528]	@ (100004f0 <main+0x270>)
100002de:	f003 ff50 	bl	10004182 <__wrap_puts>
100002e2:	4984      	ldr	r1, [pc, #528]	@ (100004f4 <main+0x274>)
100002e4:	2029      	movs	r0, #41	@ 0x29
100002e6:	f007 f945 	bl	10007574 <VL53L1X_I2C_Init>
100002ea:	2800      	cmp	r0, #0
100002ec:	db0b      	blt.n	10000306 <main+0x86>
100002ee:	4882      	ldr	r0, [pc, #520]	@ (100004f8 <main+0x278>)
100002f0:	f003 ff47 	bl	10004182 <__wrap_puts>
100002f4:	4881      	ldr	r0, [pc, #516]	@ (100004fc <main+0x27c>)
100002f6:	f003 ff44 	bl	10004182 <__wrap_puts>
100002fa:	230b      	movs	r3, #11
100002fc:	446b      	add	r3, sp
100002fe:	2200      	movs	r2, #0
10000300:	701a      	strb	r2, [r3, #0]
10000302:	2400      	movs	r4, #0
10000304:	e013      	b.n	1000032e <main+0xae>
10000306:	487e      	ldr	r0, [pc, #504]	@ (10000500 <main+0x280>)
10000308:	f003 ff3b 	bl	10004182 <__wrap_puts>
1000030c:	2001      	movs	r0, #1
1000030e:	b006      	add	sp, #24
10000310:	bd70      	pop	{r4, r5, r6, pc}
10000312:	2102      	movs	r1, #2
10000314:	2029      	movs	r0, #41	@ 0x29
10000316:	f007 f9df 	bl	100076d8 <VL53L1X_WaitMs>
1000031a:	3402      	adds	r4, #2
1000031c:	23fa      	movs	r3, #250	@ 0xfa
1000031e:	00db      	lsls	r3, r3, #3
10000320:	429c      	cmp	r4, r3
10000322:	da0f      	bge.n	10000344 <main+0xc4>
10000324:	230b      	movs	r3, #11
10000326:	446b      	add	r3, sp
10000328:	781b      	ldrb	r3, [r3, #0]
1000032a:	2b00      	cmp	r3, #0
1000032c:	d10e      	bne.n	1000034c <main+0xcc>
1000032e:	210b      	movs	r1, #11
10000330:	4469      	add	r1, sp
10000332:	2029      	movs	r0, #41	@ 0x29
10000334:	f007 f8ae 	bl	10007494 <VL53L1X_BootState>
10000338:	1e01      	subs	r1, r0, #0
1000033a:	d0ea      	beq.n	10000312 <main+0x92>
1000033c:	4871      	ldr	r0, [pc, #452]	@ (10000504 <main+0x284>)
1000033e:	f003 ff4f 	bl	100041e0 <__wrap_printf>
10000342:	e7e6      	b.n	10000312 <main+0x92>
10000344:	4870      	ldr	r0, [pc, #448]	@ (10000508 <main+0x288>)
10000346:	f003 ff1c 	bl	10004182 <__wrap_puts>
1000034a:	e7df      	b.n	1000030c <main+0x8c>
1000034c:	486f      	ldr	r0, [pc, #444]	@ (1000050c <main+0x28c>)
1000034e:	f003 ff18 	bl	10004182 <__wrap_puts>
10000352:	2029      	movs	r0, #41	@ 0x29
10000354:	f006 fec4 	bl	100070e0 <VL53L1X_SensorInit>
10000358:	0004      	movs	r4, r0
1000035a:	486d      	ldr	r0, [pc, #436]	@ (10000510 <main+0x290>)
1000035c:	0021      	movs	r1, r4
1000035e:	f003 ff3f 	bl	100041e0 <__wrap_printf>
10000362:	2c00      	cmp	r4, #0
10000364:	d12e      	bne.n	100003c4 <main+0x144>
10000366:	2101      	movs	r1, #1
10000368:	2029      	movs	r0, #41	@ 0x29
1000036a:	f006 ffed 	bl	10007348 <VL53L1X_SetDistanceMode>
1000036e:	0004      	movs	r4, r0
10000370:	4868      	ldr	r0, [pc, #416]	@ (10000514 <main+0x294>)
10000372:	0021      	movs	r1, r4
10000374:	f003 ff34 	bl	100041e0 <__wrap_printf>
10000378:	2c00      	cmp	r4, #0
1000037a:	d127      	bne.n	100003cc <main+0x14c>
1000037c:	2164      	movs	r1, #100	@ 0x64
1000037e:	2029      	movs	r0, #41	@ 0x29
10000380:	f006 ff4e 	bl	10007220 <VL53L1X_SetTimingBudgetInMs>
10000384:	0004      	movs	r4, r0
10000386:	4864      	ldr	r0, [pc, #400]	@ (10000518 <main+0x298>)
10000388:	0021      	movs	r1, r4
1000038a:	f003 ff29 	bl	100041e0 <__wrap_printf>
1000038e:	2c00      	cmp	r4, #0
10000390:	d120      	bne.n	100003d4 <main+0x154>
10000392:	21c8      	movs	r1, #200	@ 0xc8
10000394:	2029      	movs	r0, #41	@ 0x29
10000396:	f007 f855 	bl	10007444 <VL53L1X_SetInterMeasurementInMs>
1000039a:	0004      	movs	r4, r0
1000039c:	485f      	ldr	r0, [pc, #380]	@ (1000051c <main+0x29c>)
1000039e:	0021      	movs	r1, r4
100003a0:	f003 ff1e 	bl	100041e0 <__wrap_printf>
100003a4:	2c00      	cmp	r4, #0
100003a6:	d119      	bne.n	100003dc <main+0x15c>
100003a8:	2029      	movs	r0, #41	@ 0x29
100003aa:	f006 fe71 	bl	10007090 <VL53L1X_StartRanging>
100003ae:	0004      	movs	r4, r0
100003b0:	485b      	ldr	r0, [pc, #364]	@ (10000520 <main+0x2a0>)
100003b2:	0021      	movs	r1, r4
100003b4:	f003 ff14 	bl	100041e0 <__wrap_printf>
100003b8:	2c00      	cmp	r4, #0
100003ba:	d013      	beq.n	100003e4 <main+0x164>
100003bc:	4859      	ldr	r0, [pc, #356]	@ (10000524 <main+0x2a4>)
100003be:	f003 fee0 	bl	10004182 <__wrap_puts>
100003c2:	e7a3      	b.n	1000030c <main+0x8c>
100003c4:	4858      	ldr	r0, [pc, #352]	@ (10000528 <main+0x2a8>)
100003c6:	f003 fedc 	bl	10004182 <__wrap_puts>
100003ca:	e79f      	b.n	1000030c <main+0x8c>
100003cc:	4857      	ldr	r0, [pc, #348]	@ (1000052c <main+0x2ac>)
100003ce:	f003 fed8 	bl	10004182 <__wrap_puts>
100003d2:	e79b      	b.n	1000030c <main+0x8c>
100003d4:	4856      	ldr	r0, [pc, #344]	@ (10000530 <main+0x2b0>)
100003d6:	f003 fed4 	bl	10004182 <__wrap_puts>
100003da:	e797      	b.n	1000030c <main+0x8c>
100003dc:	4855      	ldr	r0, [pc, #340]	@ (10000534 <main+0x2b4>)
100003de:	f003 fed0 	bl	10004182 <__wrap_puts>
100003e2:	e793      	b.n	1000030c <main+0x8c>
100003e4:	200a      	movs	r0, #10
100003e6:	f003 febe 	bl	10004166 <__wrap_putchar>
100003ea:	483f      	ldr	r0, [pc, #252]	@ (100004e8 <main+0x268>)
100003ec:	f003 fec9 	bl	10004182 <__wrap_puts>
100003f0:	4851      	ldr	r0, [pc, #324]	@ (10000538 <main+0x2b8>)
100003f2:	f003 fec6 	bl	10004182 <__wrap_puts>
100003f6:	4851      	ldr	r0, [pc, #324]	@ (1000053c <main+0x2bc>)
100003f8:	f003 fec3 	bl	10004182 <__wrap_puts>
100003fc:	e029      	b.n	10000452 <main+0x1d2>
100003fe:	4b50      	ldr	r3, [pc, #320]	@ (10000540 <main+0x2c0>)
10000400:	0001      	movs	r1, r0
10000402:	0018      	movs	r0, r3
10000404:	f003 feec 	bl	100041e0 <__wrap_printf>
10000408:	2d00      	cmp	r5, #0
1000040a:	d149      	bne.n	100004a0 <main+0x220>
1000040c:	230a      	movs	r3, #10
1000040e:	446b      	add	r3, sp
10000410:	781b      	ldrb	r3, [r3, #0]
10000412:	2b00      	cmp	r3, #0
10000414:	d04b      	beq.n	100004ae <main+0x22e>
10000416:	a903      	add	r1, sp, #12
10000418:	2029      	movs	r0, #41	@ 0x29
1000041a:	f007 f84f 	bl	100074bc <VL53L1X_GetResult>
1000041e:	1e01      	subs	r1, r0, #0
10000420:	d14f      	bne.n	100004c2 <main+0x242>
10000422:	a803      	add	r0, sp, #12
10000424:	7801      	ldrb	r1, [r0, #0]
10000426:	8842      	ldrh	r2, [r0, #2]
10000428:	8883      	ldrh	r3, [r0, #4]
1000042a:	88c4      	ldrh	r4, [r0, #6]
1000042c:	8905      	ldrh	r5, [r0, #8]
1000042e:	4845      	ldr	r0, [pc, #276]	@ (10000544 <main+0x2c4>)
10000430:	9501      	str	r5, [sp, #4]
10000432:	9400      	str	r4, [sp, #0]
10000434:	f003 fed4 	bl	100041e0 <__wrap_printf>
10000438:	2029      	movs	r0, #41	@ 0x29
1000043a:	f006 fe11 	bl	10007060 <VL53L1X_ClearInterrupt>
1000043e:	1e01      	subs	r1, r0, #0
10000440:	d149      	bne.n	100004d6 <main+0x256>
10000442:	2029      	movs	r0, #41	@ 0x29
10000444:	f006 fe2a 	bl	1000709c <VL53L1X_StopRanging>
10000448:	1e01      	subs	r1, r0, #0
1000044a:	d148      	bne.n	100004de <main+0x25e>
1000044c:	2064      	movs	r0, #100	@ 0x64
1000044e:	f001 f871 	bl	10001534 <sleep_ms>
10000452:	230a      	movs	r3, #10
10000454:	446b      	add	r3, sp
10000456:	2200      	movs	r2, #0
10000458:	701a      	strb	r2, [r3, #0]
1000045a:	2029      	movs	r0, #41	@ 0x29
1000045c:	f006 fe18 	bl	10007090 <VL53L1X_StartRanging>
10000460:	0001      	movs	r1, r0
10000462:	1e05      	subs	r5, r0, #0
10000464:	d006      	beq.n	10000474 <main+0x1f4>
10000466:	4838      	ldr	r0, [pc, #224]	@ (10000548 <main+0x2c8>)
10000468:	f003 feba 	bl	100041e0 <__wrap_printf>
1000046c:	2064      	movs	r0, #100	@ 0x64
1000046e:	f001 f861 	bl	10001534 <sleep_ms>
10000472:	e7ee      	b.n	10000452 <main+0x1d2>
10000474:	2400      	movs	r4, #0
10000476:	230a      	movs	r3, #10
10000478:	446b      	add	r3, sp
1000047a:	781b      	ldrb	r3, [r3, #0]
1000047c:	2b00      	cmp	r3, #0
1000047e:	d1c3      	bne.n	10000408 <main+0x188>
10000480:	23fa      	movs	r3, #250	@ 0xfa
10000482:	009b      	lsls	r3, r3, #2
10000484:	429c      	cmp	r4, r3
10000486:	dabf      	bge.n	10000408 <main+0x188>
10000488:	210a      	movs	r1, #10
1000048a:	4469      	add	r1, sp
1000048c:	2029      	movs	r0, #41	@ 0x29
1000048e:	f006 fe0b 	bl	100070a8 <VL53L1X_CheckForDataReady>
10000492:	1e05      	subs	r5, r0, #0
10000494:	d1b3      	bne.n	100003fe <main+0x17e>
10000496:	2005      	movs	r0, #5
10000498:	f001 f84c 	bl	10001534 <sleep_ms>
1000049c:	3405      	adds	r4, #5
1000049e:	e7ea      	b.n	10000476 <main+0x1f6>
100004a0:	2029      	movs	r0, #41	@ 0x29
100004a2:	f006 fdfb 	bl	1000709c <VL53L1X_StopRanging>
100004a6:	2064      	movs	r0, #100	@ 0x64
100004a8:	f001 f844 	bl	10001534 <sleep_ms>
100004ac:	e7d1      	b.n	10000452 <main+0x1d2>
100004ae:	4827      	ldr	r0, [pc, #156]	@ (1000054c <main+0x2cc>)
100004b0:	f003 fe67 	bl	10004182 <__wrap_puts>
100004b4:	2029      	movs	r0, #41	@ 0x29
100004b6:	f006 fdf1 	bl	1000709c <VL53L1X_StopRanging>
100004ba:	2064      	movs	r0, #100	@ 0x64
100004bc:	f001 f83a 	bl	10001534 <sleep_ms>
100004c0:	e7c7      	b.n	10000452 <main+0x1d2>
100004c2:	4823      	ldr	r0, [pc, #140]	@ (10000550 <main+0x2d0>)
100004c4:	f003 fe8c 	bl	100041e0 <__wrap_printf>
100004c8:	2029      	movs	r0, #41	@ 0x29
100004ca:	f006 fde7 	bl	1000709c <VL53L1X_StopRanging>
100004ce:	2064      	movs	r0, #100	@ 0x64
100004d0:	f001 f830 	bl	10001534 <sleep_ms>
100004d4:	e7bd      	b.n	10000452 <main+0x1d2>
100004d6:	481f      	ldr	r0, [pc, #124]	@ (10000554 <main+0x2d4>)
100004d8:	f003 fe82 	bl	100041e0 <__wrap_printf>
100004dc:	e7b1      	b.n	10000442 <main+0x1c2>
100004de:	481e      	ldr	r0, [pc, #120]	@ (10000558 <main+0x2d8>)
100004e0:	f003 fe7e 	bl	100041e0 <__wrap_printf>
100004e4:	e7b2      	b.n	1000044c <main+0x1cc>
100004e6:	46c0      	nop			@ (mov r8, r8)
100004e8:	10007858 	.word	0x10007858
100004ec:	10007878 	.word	0x10007878
100004f0:	10007890 	.word	0x10007890
100004f4:	20000cc8 	.word	0x20000cc8
100004f8:	100078c8 	.word	0x100078c8
100004fc:	100078dc 	.word	0x100078dc
10000500:	100078a4 	.word	0x100078a4
10000504:	100078fc 	.word	0x100078fc
10000508:	10007914 	.word	0x10007914
1000050c:	10007930 	.word	0x10007930
10000510:	1000794c 	.word	0x1000794c
10000514:	10007984 	.word	0x10007984
10000518:	100079bc 	.word	0x100079bc
1000051c:	100079f4 	.word	0x100079f4
10000520:	10007a38 	.word	0x10007a38
10000524:	10007a4c 	.word	0x10007a4c
10000528:	1000795c 	.word	0x1000795c
1000052c:	1000799c 	.word	0x1000799c
10000530:	100079d4 	.word	0x100079d4
10000534:	10007a10 	.word	0x10007a10
10000538:	10007a64 	.word	0x10007a64
1000053c:	10007a80 	.word	0x10007a80
10000540:	10007ab8 	.word	0x10007ab8
10000544:	10007b10 	.word	0x10007b10
10000548:	10007aa0 	.word	0x10007aa0
1000054c:	10007ad8 	.word	0x10007ad8
10000550:	10007af8 	.word	0x10007af8
10000554:	10007b50 	.word	0x10007b50
10000558:	10007b6c 	.word	0x10007b6c

1000055c <gpio_set_function>:
1000055c:	b510      	push	{r4, lr}
1000055e:	0083      	lsls	r3, r0, #2
10000560:	4a08      	ldr	r2, [pc, #32]	@ (10000584 <gpio_set_function+0x28>)
10000562:	189a      	adds	r2, r3, r2
10000564:	6812      	ldr	r2, [r2, #0]
10000566:	2440      	movs	r4, #64	@ 0x40
10000568:	4054      	eors	r4, r2
1000056a:	22c0      	movs	r2, #192	@ 0xc0
1000056c:	4022      	ands	r2, r4
1000056e:	4c06      	ldr	r4, [pc, #24]	@ (10000588 <gpio_set_function+0x2c>)
10000570:	46a4      	mov	ip, r4
10000572:	4463      	add	r3, ip
10000574:	601a      	str	r2, [r3, #0]
10000576:	00c0      	lsls	r0, r0, #3
10000578:	4b04      	ldr	r3, [pc, #16]	@ (1000058c <gpio_set_function+0x30>)
1000057a:	469c      	mov	ip, r3
1000057c:	4460      	add	r0, ip
1000057e:	6041      	str	r1, [r0, #4]
10000580:	bd10      	pop	{r4, pc}
10000582:	46c0      	nop			@ (mov r8, r8)
10000584:	4001c004 	.word	0x4001c004
10000588:	4001d004 	.word	0x4001d004
1000058c:	40014000 	.word	0x40014000

10000590 <gpio_set_pulls>:
10000590:	0080      	lsls	r0, r0, #2
10000592:	4b0b      	ldr	r3, [pc, #44]	@ (100005c0 <gpio_set_pulls+0x30>)
10000594:	469c      	mov	ip, r3
10000596:	4460      	add	r0, ip
10000598:	2900      	cmp	r1, #0
1000059a:	d00e      	beq.n	100005ba <gpio_set_pulls+0x2a>
1000059c:	2308      	movs	r3, #8
1000059e:	2a00      	cmp	r2, #0
100005a0:	d000      	beq.n	100005a4 <gpio_set_pulls+0x14>
100005a2:	2204      	movs	r2, #4
100005a4:	4313      	orrs	r3, r2
100005a6:	6802      	ldr	r2, [r0, #0]
100005a8:	4053      	eors	r3, r2
100005aa:	220c      	movs	r2, #12
100005ac:	4013      	ands	r3, r2
100005ae:	2280      	movs	r2, #128	@ 0x80
100005b0:	0152      	lsls	r2, r2, #5
100005b2:	4694      	mov	ip, r2
100005b4:	4460      	add	r0, ip
100005b6:	6003      	str	r3, [r0, #0]
100005b8:	4770      	bx	lr
100005ba:	2300      	movs	r3, #0
100005bc:	e7ef      	b.n	1000059e <gpio_set_pulls+0xe>
100005be:	46c0      	nop			@ (mov r8, r8)
100005c0:	4001c004 	.word	0x4001c004

100005c4 <gpio_init>:
100005c4:	b510      	push	{r4, lr}
100005c6:	2301      	movs	r3, #1
100005c8:	4083      	lsls	r3, r0
100005ca:	22d0      	movs	r2, #208	@ 0xd0
100005cc:	0612      	lsls	r2, r2, #24
100005ce:	6293      	str	r3, [r2, #40]	@ 0x28
100005d0:	6193      	str	r3, [r2, #24]
100005d2:	2105      	movs	r1, #5
100005d4:	f7ff ffc2 	bl	1000055c <gpio_set_function>
100005d8:	bd10      	pop	{r4, pc}
	...

100005dc <rp2040_chip_version>:
100005dc:	b510      	push	{r4, lr}
100005de:	2380      	movs	r3, #128	@ 0x80
100005e0:	05db      	lsls	r3, r3, #23
100005e2:	6818      	ldr	r0, [r3, #0]
100005e4:	0503      	lsls	r3, r0, #20
100005e6:	0d1b      	lsrs	r3, r3, #20
100005e8:	4a0b      	ldr	r2, [pc, #44]	@ (10000618 <rp2040_chip_version+0x3c>)
100005ea:	4293      	cmp	r3, r2
100005ec:	d107      	bne.n	100005fe <rp2040_chip_version+0x22>
100005ee:	4b0b      	ldr	r3, [pc, #44]	@ (1000061c <rp2040_chip_version+0x40>)
100005f0:	4003      	ands	r3, r0
100005f2:	2280      	movs	r2, #128	@ 0x80
100005f4:	0192      	lsls	r2, r2, #6
100005f6:	4293      	cmp	r3, r2
100005f8:	d107      	bne.n	1000060a <rp2040_chip_version+0x2e>
100005fa:	0f00      	lsrs	r0, r0, #28
100005fc:	bd10      	pop	{r4, pc}
100005fe:	4b08      	ldr	r3, [pc, #32]	@ (10000620 <rp2040_chip_version+0x44>)
10000600:	4a08      	ldr	r2, [pc, #32]	@ (10000624 <rp2040_chip_version+0x48>)
10000602:	4809      	ldr	r0, [pc, #36]	@ (10000628 <rp2040_chip_version+0x4c>)
10000604:	2113      	movs	r1, #19
10000606:	f003 fc6f 	bl	10003ee8 <__assert_func>
1000060a:	4b08      	ldr	r3, [pc, #32]	@ (1000062c <rp2040_chip_version+0x50>)
1000060c:	4a05      	ldr	r2, [pc, #20]	@ (10000624 <rp2040_chip_version+0x48>)
1000060e:	4806      	ldr	r0, [pc, #24]	@ (10000628 <rp2040_chip_version+0x4c>)
10000610:	2114      	movs	r1, #20
10000612:	f003 fc69 	bl	10003ee8 <__assert_func>
10000616:	46c0      	nop			@ (mov r8, r8)
10000618:	00000927 	.word	0x00000927
1000061c:	0ffff000 	.word	0x0ffff000
10000620:	10007b84 	.word	0x10007b84
10000624:	1000887c 	.word	0x1000887c
10000628:	10007ba8 	.word	0x10007ba8
1000062c:	10007bf0 	.word	0x10007bf0

10000630 <panic>:
10000630:	b40f      	push	{r0, r1, r2, r3}
10000632:	b500      	push	{lr}
10000634:	b083      	sub	sp, #12
10000636:	4808      	ldr	r0, [pc, #32]	@ (10000658 <panic+0x28>)
10000638:	f003 fda3 	bl	10004182 <__wrap_puts>
1000063c:	9b04      	ldr	r3, [sp, #16]
1000063e:	2b00      	cmp	r3, #0
10000640:	d007      	beq.n	10000652 <panic+0x22>
10000642:	a905      	add	r1, sp, #20
10000644:	9101      	str	r1, [sp, #4]
10000646:	0018      	movs	r0, r3
10000648:	f003 fdaa 	bl	100041a0 <__wrap_vprintf>
1000064c:	4803      	ldr	r0, [pc, #12]	@ (1000065c <panic+0x2c>)
1000064e:	f003 fd98 	bl	10004182 <__wrap_puts>
10000652:	2001      	movs	r0, #1
10000654:	f003 fc42 	bl	10003edc <_exit>
10000658:	10007c04 	.word	0x10007c04
1000065c:	10007b0c 	.word	0x10007b0c

10000660 <hw_claim_lock>:
10000660:	f3ef 8010 	mrs	r0, PRIMASK
10000664:	b672      	cpsid	i
10000666:	4b03      	ldr	r3, [pc, #12]	@ (10000674 <hw_claim_lock+0x14>)
10000668:	681b      	ldr	r3, [r3, #0]
1000066a:	2b00      	cmp	r3, #0
1000066c:	d0fb      	beq.n	10000666 <hw_claim_lock+0x6>
1000066e:	f3bf 8f5f 	dmb	sy
10000672:	4770      	bx	lr
10000674:	d000012c 	.word	0xd000012c

10000678 <hw_claim_unlock>:
10000678:	f3bf 8f5f 	dmb	sy
1000067c:	4b02      	ldr	r3, [pc, #8]	@ (10000688 <hw_claim_unlock+0x10>)
1000067e:	2200      	movs	r2, #0
10000680:	601a      	str	r2, [r3, #0]
10000682:	f380 8810 	msr	PRIMASK, r0
10000686:	4770      	bx	lr
10000688:	d000012c 	.word	0xd000012c

1000068c <hw_claim_or_assert>:
1000068c:	b570      	push	{r4, r5, r6, lr}
1000068e:	0005      	movs	r5, r0
10000690:	000c      	movs	r4, r1
10000692:	0016      	movs	r6, r2
10000694:	f7ff ffe4 	bl	10000660 <hw_claim_lock>
10000698:	08e3      	lsrs	r3, r4, #3
1000069a:	18ea      	adds	r2, r5, r3
1000069c:	4694      	mov	ip, r2
1000069e:	5ce9      	ldrb	r1, [r5, r3]
100006a0:	2207      	movs	r2, #7
100006a2:	4022      	ands	r2, r4
100006a4:	2301      	movs	r3, #1
100006a6:	4093      	lsls	r3, r2
100006a8:	420b      	tst	r3, r1
100006aa:	d106      	bne.n	100006ba <hw_claim_or_assert+0x2e>
100006ac:	b2db      	uxtb	r3, r3
100006ae:	430b      	orrs	r3, r1
100006b0:	4662      	mov	r2, ip
100006b2:	7013      	strb	r3, [r2, #0]
100006b4:	f7ff ffe0 	bl	10000678 <hw_claim_unlock>
100006b8:	bd70      	pop	{r4, r5, r6, pc}
100006ba:	0021      	movs	r1, r4
100006bc:	0030      	movs	r0, r6
100006be:	f7ff ffb7 	bl	10000630 <panic>

100006c2 <hw_claim_unused_from_range>:
100006c2:	b5f0      	push	{r4, r5, r6, r7, lr}
100006c4:	b083      	sub	sp, #12
100006c6:	0005      	movs	r5, r0
100006c8:	9101      	str	r1, [sp, #4]
100006ca:	0014      	movs	r4, r2
100006cc:	001e      	movs	r6, r3
100006ce:	f7ff ffc7 	bl	10000660 <hw_claim_lock>
100006d2:	e000      	b.n	100006d6 <hw_claim_unused_from_range+0x14>
100006d4:	3401      	adds	r4, #1
100006d6:	42b4      	cmp	r4, r6
100006d8:	d80c      	bhi.n	100006f4 <hw_claim_unused_from_range+0x32>
100006da:	08e3      	lsrs	r3, r4, #3
100006dc:	18ef      	adds	r7, r5, r3
100006de:	5ceb      	ldrb	r3, [r5, r3]
100006e0:	2107      	movs	r1, #7
100006e2:	4021      	ands	r1, r4
100006e4:	2201      	movs	r2, #1
100006e6:	408a      	lsls	r2, r1
100006e8:	421a      	tst	r2, r3
100006ea:	d1f3      	bne.n	100006d4 <hw_claim_unused_from_range+0x12>
100006ec:	b2d2      	uxtb	r2, r2
100006ee:	431a      	orrs	r2, r3
100006f0:	703a      	strb	r2, [r7, #0]
100006f2:	e001      	b.n	100006f8 <hw_claim_unused_from_range+0x36>
100006f4:	2401      	movs	r4, #1
100006f6:	4264      	negs	r4, r4
100006f8:	f7ff ffbe 	bl	10000678 <hw_claim_unlock>
100006fc:	2c00      	cmp	r4, #0
100006fe:	db02      	blt.n	10000706 <hw_claim_unused_from_range+0x44>
10000700:	0020      	movs	r0, r4
10000702:	b003      	add	sp, #12
10000704:	bdf0      	pop	{r4, r5, r6, r7, pc}
10000706:	9b01      	ldr	r3, [sp, #4]
10000708:	2b00      	cmp	r3, #0
1000070a:	d0f9      	beq.n	10000700 <hw_claim_unused_from_range+0x3e>
1000070c:	9808      	ldr	r0, [sp, #32]
1000070e:	f7ff ff8f 	bl	10000630 <panic>
	...

10000714 <next_striped_spin_lock_num>:
10000714:	4a05      	ldr	r2, [pc, #20]	@ (1000072c <next_striped_spin_lock_num+0x18>)
10000716:	7810      	ldrb	r0, [r2, #0]
10000718:	1c43      	adds	r3, r0, #1
1000071a:	b2db      	uxtb	r3, r3
1000071c:	7013      	strb	r3, [r2, #0]
1000071e:	2b17      	cmp	r3, #23
10000720:	d902      	bls.n	10000728 <next_striped_spin_lock_num+0x14>
10000722:	0013      	movs	r3, r2
10000724:	2210      	movs	r2, #16
10000726:	701a      	strb	r2, [r3, #0]
10000728:	4770      	bx	lr
1000072a:	46c0      	nop			@ (mov r8, r8)
1000072c:	20000bd0 	.word	0x20000bd0

10000730 <spin_lock_claim_unused>:
10000730:	b500      	push	{lr}
10000732:	b083      	sub	sp, #12
10000734:	0001      	movs	r1, r0
10000736:	4804      	ldr	r0, [pc, #16]	@ (10000748 <spin_lock_claim_unused+0x18>)
10000738:	4b04      	ldr	r3, [pc, #16]	@ (1000074c <spin_lock_claim_unused+0x1c>)
1000073a:	9300      	str	r3, [sp, #0]
1000073c:	231f      	movs	r3, #31
1000073e:	2218      	movs	r2, #24
10000740:	f7ff ffbf 	bl	100006c2 <hw_claim_unused_from_range>
10000744:	b003      	add	sp, #12
10000746:	bd00      	pop	{pc}
10000748:	20001440 	.word	0x20001440
1000074c:	10007c14 	.word	0x10007c14

10000750 <spin_locks_reset>:
10000750:	2300      	movs	r3, #0
10000752:	e007      	b.n	10000764 <spin_locks_reset+0x14>
10000754:	4a05      	ldr	r2, [pc, #20]	@ (1000076c <spin_locks_reset+0x1c>)
10000756:	189a      	adds	r2, r3, r2
10000758:	0092      	lsls	r2, r2, #2
1000075a:	f3bf 8f5f 	dmb	sy
1000075e:	2100      	movs	r1, #0
10000760:	6011      	str	r1, [r2, #0]
10000762:	3301      	adds	r3, #1
10000764:	2b1f      	cmp	r3, #31
10000766:	d9f5      	bls.n	10000754 <spin_locks_reset+0x4>
10000768:	4770      	bx	lr
1000076a:	46c0      	nop			@ (mov r8, r8)
1000076c:	34000040 	.word	0x34000040

10000770 <set_raw_irq_handler_and_unlock>:
10000770:	4b07      	ldr	r3, [pc, #28]	@ (10000790 <set_raw_irq_handler_and_unlock+0x20>)
10000772:	689b      	ldr	r3, [r3, #8]
10000774:	3010      	adds	r0, #16
10000776:	0080      	lsls	r0, r0, #2
10000778:	5019      	str	r1, [r3, r0]
1000077a:	f3bf 8f5f 	dmb	sy
1000077e:	f3bf 8f5f 	dmb	sy
10000782:	4b04      	ldr	r3, [pc, #16]	@ (10000794 <set_raw_irq_handler_and_unlock+0x24>)
10000784:	2100      	movs	r1, #0
10000786:	6019      	str	r1, [r3, #0]
10000788:	f382 8810 	msr	PRIMASK, r2
1000078c:	4770      	bx	lr
1000078e:	46c0      	nop			@ (mov r8, r8)
10000790:	e000ed00 	.word	0xe000ed00
10000794:	d0000124 	.word	0xd0000124

10000798 <nvic_ipr0>:
10000798:	4800      	ldr	r0, [pc, #0]	@ (1000079c <nvic_ipr0+0x4>)
1000079a:	4770      	bx	lr
1000079c:	e000e400 	.word	0xe000e400

100007a0 <runtime_init_per_core_irq_priorities>:
100007a0:	b510      	push	{r4, lr}
100007a2:	f7ff fff9 	bl	10000798 <nvic_ipr0>
100007a6:	2300      	movs	r3, #0
100007a8:	e002      	b.n	100007b0 <runtime_init_per_core_irq_priorities+0x10>
100007aa:	4a03      	ldr	r2, [pc, #12]	@ (100007b8 <runtime_init_per_core_irq_priorities+0x18>)
100007ac:	c004      	stmia	r0!, {r2}
100007ae:	3301      	adds	r3, #1
100007b0:	2b07      	cmp	r3, #7
100007b2:	d9fa      	bls.n	100007aa <runtime_init_per_core_irq_priorities+0xa>
100007b4:	bd10      	pop	{r4, pc}
100007b6:	46c0      	nop			@ (mov r8, r8)
100007b8:	80808080 	.word	0x80808080

100007bc <resolve_j_16>:
100007bc:	b510      	push	{r4, lr}
100007be:	8803      	ldrh	r3, [r0, #0]
100007c0:	0ada      	lsrs	r2, r3, #11
100007c2:	2a1c      	cmp	r2, #28
100007c4:	d105      	bne.n	100007d2 <resolve_j_16+0x16>
100007c6:	055b      	lsls	r3, r3, #21
100007c8:	155b      	asrs	r3, r3, #21
100007ca:	3302      	adds	r3, #2
100007cc:	005b      	lsls	r3, r3, #1
100007ce:	18c0      	adds	r0, r0, r3
100007d0:	bd10      	pop	{r4, pc}
100007d2:	4b03      	ldr	r3, [pc, #12]	@ (100007e0 <resolve_j_16+0x24>)
100007d4:	4a03      	ldr	r2, [pc, #12]	@ (100007e4 <resolve_j_16+0x28>)
100007d6:	21a0      	movs	r1, #160	@ 0xa0
100007d8:	4803      	ldr	r0, [pc, #12]	@ (100007e8 <resolve_j_16+0x2c>)
100007da:	0049      	lsls	r1, r1, #1
100007dc:	f003 fb84 	bl	10003ee8 <__assert_func>
100007e0:	10007c30 	.word	0x10007c30
100007e4:	100088dc 	.word	0x100088dc
100007e8:	10007c48 	.word	0x10007c48

100007ec <make_j_16>:
100007ec:	b510      	push	{r4, lr}
100007ee:	1a09      	subs	r1, r1, r0
100007f0:	1f0b      	subs	r3, r1, #4
100007f2:	4a0a      	ldr	r2, [pc, #40]	@ (1000081c <make_j_16+0x30>)
100007f4:	1888      	adds	r0, r1, r2
100007f6:	4a0a      	ldr	r2, [pc, #40]	@ (10000820 <make_j_16+0x34>)
100007f8:	4290      	cmp	r0, r2
100007fa:	d808      	bhi.n	1000080e <make_j_16+0x22>
100007fc:	07c9      	lsls	r1, r1, #31
100007fe:	d406      	bmi.n	1000080e <make_j_16+0x22>
10000800:	105b      	asrs	r3, r3, #1
10000802:	055b      	lsls	r3, r3, #21
10000804:	0d5b      	lsrs	r3, r3, #21
10000806:	4807      	ldr	r0, [pc, #28]	@ (10000824 <make_j_16+0x38>)
10000808:	4318      	orrs	r0, r3
1000080a:	b280      	uxth	r0, r0
1000080c:	bd10      	pop	{r4, pc}
1000080e:	4b06      	ldr	r3, [pc, #24]	@ (10000828 <make_j_16+0x3c>)
10000810:	4a06      	ldr	r2, [pc, #24]	@ (1000082c <make_j_16+0x40>)
10000812:	2199      	movs	r1, #153	@ 0x99
10000814:	4806      	ldr	r0, [pc, #24]	@ (10000830 <make_j_16+0x44>)
10000816:	0049      	lsls	r1, r1, #1
10000818:	f003 fb66 	bl	10003ee8 <__assert_func>
1000081c:	000007fc 	.word	0x000007fc
10000820:	00000ffe 	.word	0x00000ffe
10000824:	ffffe000 	.word	0xffffe000
10000828:	10007c90 	.word	0x10007c90
1000082c:	100088d0 	.word	0x100088d0
10000830:	10007c48 	.word	0x10007c48

10000834 <insert_bl_32>:
10000834:	b510      	push	{r4, lr}
10000836:	1a09      	subs	r1, r1, r0
10000838:	3904      	subs	r1, #4
1000083a:	084a      	lsrs	r2, r1, #1
1000083c:	0b09      	lsrs	r1, r1, #12
1000083e:	d108      	bne.n	10000852 <insert_bl_32+0x1e>
10000840:	0549      	lsls	r1, r1, #21
10000842:	0d49      	lsrs	r1, r1, #21
10000844:	4b06      	ldr	r3, [pc, #24]	@ (10000860 <insert_bl_32+0x2c>)
10000846:	430b      	orrs	r3, r1
10000848:	8003      	strh	r3, [r0, #0]
1000084a:	4b06      	ldr	r3, [pc, #24]	@ (10000864 <insert_bl_32+0x30>)
1000084c:	4313      	orrs	r3, r2
1000084e:	8043      	strh	r3, [r0, #2]
10000850:	bd10      	pop	{r4, pc}
10000852:	4b05      	ldr	r3, [pc, #20]	@ (10000868 <insert_bl_32+0x34>)
10000854:	4a05      	ldr	r2, [pc, #20]	@ (1000086c <insert_bl_32+0x38>)
10000856:	219d      	movs	r1, #157	@ 0x9d
10000858:	4805      	ldr	r0, [pc, #20]	@ (10000870 <insert_bl_32+0x3c>)
1000085a:	0049      	lsls	r1, r1, #1
1000085c:	f003 fb44 	bl	10003ee8 <__assert_func>
10000860:	fffff000 	.word	0xfffff000
10000864:	fffff800 	.word	0xfffff800
10000868:	10007cc0 	.word	0x10007cc0
1000086c:	100088ac 	.word	0x100088ac
10000870:	10007c48 	.word	0x10007c48

10000874 <irq_is_enabled>:
10000874:	2301      	movs	r3, #1
10000876:	4083      	lsls	r3, r0
10000878:	4a03      	ldr	r2, [pc, #12]	@ (10000888 <irq_is_enabled+0x14>)
1000087a:	6810      	ldr	r0, [r2, #0]
1000087c:	4018      	ands	r0, r3
1000087e:	1e43      	subs	r3, r0, #1
10000880:	4198      	sbcs	r0, r3
10000882:	b2c0      	uxtb	r0, r0
10000884:	4770      	bx	lr
10000886:	46c0      	nop			@ (mov r8, r8)
10000888:	e000e100 	.word	0xe000e100

1000088c <irq_set_mask_n_enabled>:
1000088c:	2a00      	cmp	r2, #0
1000088e:	d005      	beq.n	1000089c <irq_set_mask_n_enabled+0x10>
10000890:	4b04      	ldr	r3, [pc, #16]	@ (100008a4 <irq_set_mask_n_enabled+0x18>)
10000892:	22c0      	movs	r2, #192	@ 0xc0
10000894:	0052      	lsls	r2, r2, #1
10000896:	5099      	str	r1, [r3, r2]
10000898:	6019      	str	r1, [r3, #0]
1000089a:	4770      	bx	lr
1000089c:	4a01      	ldr	r2, [pc, #4]	@ (100008a4 <irq_set_mask_n_enabled+0x18>)
1000089e:	2380      	movs	r3, #128	@ 0x80
100008a0:	50d1      	str	r1, [r2, r3]
100008a2:	e7fa      	b.n	1000089a <irq_set_mask_n_enabled+0xe>
100008a4:	e000e100 	.word	0xe000e100

100008a8 <irq_set_enabled>:
100008a8:	b510      	push	{r4, lr}
100008aa:	000a      	movs	r2, r1
100008ac:	231f      	movs	r3, #31
100008ae:	4003      	ands	r3, r0
100008b0:	2101      	movs	r1, #1
100008b2:	4099      	lsls	r1, r3
100008b4:	0940      	lsrs	r0, r0, #5
100008b6:	f7ff ffe9 	bl	1000088c <irq_set_mask_n_enabled>
100008ba:	bd10      	pop	{r4, pc}

100008bc <irq_set_pending>:
100008bc:	2301      	movs	r3, #1
100008be:	4083      	lsls	r3, r0
100008c0:	4902      	ldr	r1, [pc, #8]	@ (100008cc <irq_set_pending+0x10>)
100008c2:	2280      	movs	r2, #128	@ 0x80
100008c4:	0052      	lsls	r2, r2, #1
100008c6:	508b      	str	r3, [r1, r2]
100008c8:	4770      	bx	lr
100008ca:	46c0      	nop			@ (mov r8, r8)
100008cc:	e000e100 	.word	0xe000e100

100008d0 <irq_get_vtable_handler>:
100008d0:	4b02      	ldr	r3, [pc, #8]	@ (100008dc <irq_get_vtable_handler+0xc>)
100008d2:	689b      	ldr	r3, [r3, #8]
100008d4:	3010      	adds	r0, #16
100008d6:	0080      	lsls	r0, r0, #2
100008d8:	58c0      	ldr	r0, [r0, r3]
100008da:	4770      	bx	lr
100008dc:	e000ed00 	.word	0xe000ed00

100008e0 <irq_has_shared_handler>:
100008e0:	b510      	push	{r4, lr}
100008e2:	f7ff fff5 	bl	100008d0 <irq_get_vtable_handler>
100008e6:	4b04      	ldr	r3, [pc, #16]	@ (100008f8 <irq_has_shared_handler+0x18>)
100008e8:	1ac3      	subs	r3, r0, r3
100008ea:	2000      	movs	r0, #0
100008ec:	2247      	movs	r2, #71	@ 0x47
100008ee:	429a      	cmp	r2, r3
100008f0:	4140      	adcs	r0, r0
100008f2:	b2c0      	uxtb	r0, r0
100008f4:	bd10      	pop	{r4, pc}
100008f6:	46c0      	nop			@ (mov r8, r8)
100008f8:	20000bd4 	.word	0x20000bd4

100008fc <irq_set_exclusive_handler>:
100008fc:	b570      	push	{r4, r5, r6, lr}
100008fe:	0005      	movs	r5, r0
10000900:	000e      	movs	r6, r1
10000902:	f3ef 8410 	mrs	r4, PRIMASK
10000906:	b672      	cpsid	i
10000908:	4b0d      	ldr	r3, [pc, #52]	@ (10000940 <irq_set_exclusive_handler+0x44>)
1000090a:	681b      	ldr	r3, [r3, #0]
1000090c:	2b00      	cmp	r3, #0
1000090e:	d0fb      	beq.n	10000908 <irq_set_exclusive_handler+0xc>
10000910:	f3bf 8f5f 	dmb	sy
10000914:	0028      	movs	r0, r5
10000916:	f7ff ffdb 	bl	100008d0 <irq_get_vtable_handler>
1000091a:	4b0a      	ldr	r3, [pc, #40]	@ (10000944 <irq_set_exclusive_handler+0x48>)
1000091c:	4298      	cmp	r0, r3
1000091e:	d001      	beq.n	10000924 <irq_set_exclusive_handler+0x28>
10000920:	42b0      	cmp	r0, r6
10000922:	d105      	bne.n	10000930 <irq_set_exclusive_handler+0x34>
10000924:	0022      	movs	r2, r4
10000926:	0031      	movs	r1, r6
10000928:	0028      	movs	r0, r5
1000092a:	f7ff ff21 	bl	10000770 <set_raw_irq_handler_and_unlock>
1000092e:	bd70      	pop	{r4, r5, r6, pc}
10000930:	4b05      	ldr	r3, [pc, #20]	@ (10000948 <irq_set_exclusive_handler+0x4c>)
10000932:	4a06      	ldr	r2, [pc, #24]	@ (1000094c <irq_set_exclusive_handler+0x50>)
10000934:	2112      	movs	r1, #18
10000936:	4806      	ldr	r0, [pc, #24]	@ (10000950 <irq_set_exclusive_handler+0x54>)
10000938:	31ff      	adds	r1, #255	@ 0xff
1000093a:	f003 fad5 	bl	10003ee8 <__assert_func>
1000093e:	46c0      	nop			@ (mov r8, r8)
10000940:	d0000124 	.word	0xd0000124
10000944:	100001c1 	.word	0x100001c1
10000948:	10007cd0 	.word	0x10007cd0
1000094c:	10008904 	.word	0x10008904
10000950:	10007c48 	.word	0x10007c48

10000954 <irq_add_shared_handler>:
10000954:	b5f0      	push	{r4, r5, r6, r7, lr}
10000956:	46de      	mov	lr, fp
10000958:	4657      	mov	r7, sl
1000095a:	464e      	mov	r6, r9
1000095c:	4645      	mov	r5, r8
1000095e:	b5e0      	push	{r5, r6, r7, lr}
10000960:	b089      	sub	sp, #36	@ 0x24
10000962:	4681      	mov	r9, r0
10000964:	9101      	str	r1, [sp, #4]
10000966:	0015      	movs	r5, r2
10000968:	f3ef 8310 	mrs	r3, PRIMASK
1000096c:	b672      	cpsid	i
1000096e:	469a      	mov	sl, r3
10000970:	4b6e      	ldr	r3, [pc, #440]	@ (10000b2c <irq_add_shared_handler+0x1d8>)
10000972:	681b      	ldr	r3, [r3, #0]
10000974:	2b00      	cmp	r3, #0
10000976:	d0fb      	beq.n	10000970 <irq_add_shared_handler+0x1c>
10000978:	f3bf 8f5f 	dmb	sy
1000097c:	4b6c      	ldr	r3, [pc, #432]	@ (10000b30 <irq_add_shared_handler+0x1dc>)
1000097e:	2600      	movs	r6, #0
10000980:	579e      	ldrsb	r6, [r3, r6]
10000982:	2e00      	cmp	r6, #0
10000984:	db40      	blt.n	10000a08 <irq_add_shared_handler+0xb4>
10000986:	0074      	lsls	r4, r6, #1
10000988:	19a4      	adds	r4, r4, r6
1000098a:	00a4      	lsls	r4, r4, #2
1000098c:	4869      	ldr	r0, [pc, #420]	@ (10000b34 <irq_add_shared_handler+0x1e0>)
1000098e:	1823      	adds	r3, r4, r0
10000990:	469b      	mov	fp, r3
10000992:	2206      	movs	r2, #6
10000994:	569a      	ldrsb	r2, [r3, r2]
10000996:	4b66      	ldr	r3, [pc, #408]	@ (10000b30 <irq_add_shared_handler+0x1dc>)
10000998:	701a      	strb	r2, [r3, #0]
1000099a:	4b67      	ldr	r3, [pc, #412]	@ (10000b38 <irq_add_shared_handler+0x1e4>)
1000099c:	689a      	ldr	r2, [r3, #8]
1000099e:	464b      	mov	r3, r9
100009a0:	3310      	adds	r3, #16
100009a2:	009b      	lsls	r3, r3, #2
100009a4:	58d7      	ldr	r7, [r2, r3]
100009a6:	1a3b      	subs	r3, r7, r0
100009a8:	2b47      	cmp	r3, #71	@ 0x47
100009aa:	d93b      	bls.n	10000a24 <irq_add_shared_handler+0xd0>
100009ac:	4b63      	ldr	r3, [pc, #396]	@ (10000b3c <irq_add_shared_handler+0x1e8>)
100009ae:	429f      	cmp	r7, r3
100009b0:	d131      	bne.n	10000a16 <irq_add_shared_handler+0xc2>
100009b2:	af05      	add	r7, sp, #20
100009b4:	4b62      	ldr	r3, [pc, #392]	@ (10000b40 <irq_add_shared_handler+0x1ec>)
100009b6:	803b      	strh	r3, [r7, #0]
100009b8:	4962      	ldr	r1, [pc, #392]	@ (10000b44 <irq_add_shared_handler+0x1f0>)
100009ba:	0073      	lsls	r3, r6, #1
100009bc:	9302      	str	r3, [sp, #8]
100009be:	1998      	adds	r0, r3, r6
100009c0:	0080      	lsls	r0, r0, #2
100009c2:	4c5c      	ldr	r4, [pc, #368]	@ (10000b34 <irq_add_shared_handler+0x1e0>)
100009c4:	1900      	adds	r0, r0, r4
100009c6:	3002      	adds	r0, #2
100009c8:	f7ff ff10 	bl	100007ec <make_j_16>
100009cc:	8078      	strh	r0, [r7, #2]
100009ce:	4b5e      	ldr	r3, [pc, #376]	@ (10000b48 <irq_add_shared_handler+0x1f4>)
100009d0:	80bb      	strh	r3, [r7, #4]
100009d2:	23ff      	movs	r3, #255	@ 0xff
100009d4:	71bb      	strb	r3, [r7, #6]
100009d6:	71fd      	strb	r5, [r7, #7]
100009d8:	9a01      	ldr	r2, [sp, #4]
100009da:	9207      	str	r2, [sp, #28]
100009dc:	9b02      	ldr	r3, [sp, #8]
100009de:	199b      	adds	r3, r3, r6
100009e0:	009b      	lsls	r3, r3, #2
100009e2:	18e3      	adds	r3, r4, r3
100009e4:	cf07      	ldmia	r7!, {r0, r1, r2}
100009e6:	c307      	stmia	r3!, {r0, r1, r2}
100009e8:	2701      	movs	r7, #1
100009ea:	465b      	mov	r3, fp
100009ec:	433b      	orrs	r3, r7
100009ee:	001f      	movs	r7, r3
100009f0:	4652      	mov	r2, sl
100009f2:	0039      	movs	r1, r7
100009f4:	4648      	mov	r0, r9
100009f6:	f7ff febb 	bl	10000770 <set_raw_irq_handler_and_unlock>
100009fa:	b009      	add	sp, #36	@ 0x24
100009fc:	bcf0      	pop	{r4, r5, r6, r7}
100009fe:	46bb      	mov	fp, r7
10000a00:	46b2      	mov	sl, r6
10000a02:	46a9      	mov	r9, r5
10000a04:	46a0      	mov	r8, r4
10000a06:	bdf0      	pop	{r4, r5, r6, r7, pc}
10000a08:	4b50      	ldr	r3, [pc, #320]	@ (10000b4c <irq_add_shared_handler+0x1f8>)
10000a0a:	4a51      	ldr	r2, [pc, #324]	@ (10000b50 <irq_add_shared_handler+0x1fc>)
10000a0c:	21d0      	movs	r1, #208	@ 0xd0
10000a0e:	4851      	ldr	r0, [pc, #324]	@ (10000b54 <irq_add_shared_handler+0x200>)
10000a10:	0049      	lsls	r1, r1, #1
10000a12:	f003 fa69 	bl	10003ee8 <__assert_func>
10000a16:	4b50      	ldr	r3, [pc, #320]	@ (10000b58 <irq_add_shared_handler+0x204>)
10000a18:	4a4d      	ldr	r2, [pc, #308]	@ (10000b50 <irq_add_shared_handler+0x1fc>)
10000a1a:	21a8      	movs	r1, #168	@ 0xa8
10000a1c:	484d      	ldr	r0, [pc, #308]	@ (10000b54 <irq_add_shared_handler+0x200>)
10000a1e:	31ff      	adds	r1, #255	@ 0xff
10000a20:	f003 fa62 	bl	10003ee8 <__assert_func>
10000a24:	2301      	movs	r3, #1
10000a26:	003a      	movs	r2, r7
10000a28:	439a      	bics	r2, r3
10000a2a:	4690      	mov	r8, r2
10000a2c:	1a10      	subs	r0, r2, r0
10000a2e:	210c      	movs	r1, #12
10000a30:	f001 fa5e 	bl	10001ef0 <__wrap___aeabi_uidiv>
10000a34:	2900      	cmp	r1, #0
10000a36:	d10f      	bne.n	10000a58 <irq_add_shared_handler+0x104>
10000a38:	4643      	mov	r3, r8
10000a3a:	2400      	movs	r4, #0
10000a3c:	79da      	ldrb	r2, [r3, #7]
10000a3e:	42aa      	cmp	r2, r5
10000a40:	d912      	bls.n	10000a68 <irq_add_shared_handler+0x114>
10000a42:	2106      	movs	r1, #6
10000a44:	5659      	ldrsb	r1, [r3, r1]
10000a46:	2900      	cmp	r1, #0
10000a48:	db0d      	blt.n	10000a66 <irq_add_shared_handler+0x112>
10000a4a:	004a      	lsls	r2, r1, #1
10000a4c:	1852      	adds	r2, r2, r1
10000a4e:	0092      	lsls	r2, r2, #2
10000a50:	4938      	ldr	r1, [pc, #224]	@ (10000b34 <irq_add_shared_handler+0x1e0>)
10000a52:	001c      	movs	r4, r3
10000a54:	188b      	adds	r3, r1, r2
10000a56:	e7f1      	b.n	10000a3c <irq_add_shared_handler+0xe8>
10000a58:	4b40      	ldr	r3, [pc, #256]	@ (10000b5c <irq_add_shared_handler+0x208>)
10000a5a:	4a3d      	ldr	r2, [pc, #244]	@ (10000b50 <irq_add_shared_handler+0x1fc>)
10000a5c:	21dc      	movs	r1, #220	@ 0xdc
10000a5e:	483d      	ldr	r0, [pc, #244]	@ (10000b54 <irq_add_shared_handler+0x200>)
10000a60:	0049      	lsls	r1, r1, #1
10000a62:	f003 fa41 	bl	10003ee8 <__assert_func>
10000a66:	001c      	movs	r4, r3
10000a68:	2c00      	cmp	r4, #0
10000a6a:	d02d      	beq.n	10000ac8 <irq_add_shared_handler+0x174>
10000a6c:	ab05      	add	r3, sp, #20
10000a6e:	4a3c      	ldr	r2, [pc, #240]	@ (10000b60 <irq_add_shared_handler+0x20c>)
10000a70:	801a      	strh	r2, [r3, #0]
10000a72:	3a81      	subs	r2, #129	@ 0x81
10000a74:	805a      	strh	r2, [r3, #2]
10000a76:	2306      	movs	r3, #6
10000a78:	56e3      	ldrsb	r3, [r4, r3]
10000a7a:	4698      	mov	r8, r3
10000a7c:	2b00      	cmp	r3, #0
10000a7e:	da16      	bge.n	10000aae <irq_add_shared_handler+0x15a>
10000a80:	4838      	ldr	r0, [pc, #224]	@ (10000b64 <irq_add_shared_handler+0x210>)
10000a82:	ab04      	add	r3, sp, #16
10000a84:	8118      	strh	r0, [r3, #8]
10000a86:	4642      	mov	r2, r8
10000a88:	729a      	strb	r2, [r3, #10]
10000a8a:	72dd      	strb	r5, [r3, #11]
10000a8c:	9b01      	ldr	r3, [sp, #4]
10000a8e:	9307      	str	r3, [sp, #28]
10000a90:	1d20      	adds	r0, r4, #4
10000a92:	4659      	mov	r1, fp
10000a94:	f7ff feaa 	bl	100007ec <make_j_16>
10000a98:	80a0      	strh	r0, [r4, #4]
10000a9a:	71a6      	strb	r6, [r4, #6]
10000a9c:	4b25      	ldr	r3, [pc, #148]	@ (10000b34 <irq_add_shared_handler+0x1e0>)
10000a9e:	0072      	lsls	r2, r6, #1
10000aa0:	1992      	adds	r2, r2, r6
10000aa2:	0092      	lsls	r2, r2, #2
10000aa4:	189b      	adds	r3, r3, r2
10000aa6:	aa05      	add	r2, sp, #20
10000aa8:	ca13      	ldmia	r2!, {r0, r1, r4}
10000aaa:	c313      	stmia	r3!, {r0, r1, r4}
10000aac:	e7a0      	b.n	100009f0 <irq_add_shared_handler+0x9c>
10000aae:	1d20      	adds	r0, r4, #4
10000ab0:	f7ff fe84 	bl	100007bc <resolve_j_16>
10000ab4:	0001      	movs	r1, r0
10000ab6:	0070      	lsls	r0, r6, #1
10000ab8:	1980      	adds	r0, r0, r6
10000aba:	0080      	lsls	r0, r0, #2
10000abc:	4b1d      	ldr	r3, [pc, #116]	@ (10000b34 <irq_add_shared_handler+0x1e0>)
10000abe:	18c0      	adds	r0, r0, r3
10000ac0:	3004      	adds	r0, #4
10000ac2:	f7ff fe93 	bl	100007ec <make_j_16>
10000ac6:	e7dc      	b.n	10000a82 <irq_add_shared_handler+0x12e>
10000ac8:	af05      	add	r7, sp, #20
10000aca:	4b1d      	ldr	r3, [pc, #116]	@ (10000b40 <irq_add_shared_handler+0x1ec>)
10000acc:	803b      	strh	r3, [r7, #0]
10000ace:	491d      	ldr	r1, [pc, #116]	@ (10000b44 <irq_add_shared_handler+0x1f0>)
10000ad0:	0073      	lsls	r3, r6, #1
10000ad2:	9302      	str	r3, [sp, #8]
10000ad4:	199b      	adds	r3, r3, r6
10000ad6:	009b      	lsls	r3, r3, #2
10000ad8:	4c16      	ldr	r4, [pc, #88]	@ (10000b34 <irq_add_shared_handler+0x1e0>)
10000ada:	0018      	movs	r0, r3
10000adc:	46a4      	mov	ip, r4
10000ade:	4460      	add	r0, ip
10000ae0:	9003      	str	r0, [sp, #12]
10000ae2:	3002      	adds	r0, #2
10000ae4:	f7ff fe82 	bl	100007ec <make_j_16>
10000ae8:	8078      	strh	r0, [r7, #2]
10000aea:	9a03      	ldr	r2, [sp, #12]
10000aec:	1d10      	adds	r0, r2, #4
10000aee:	4641      	mov	r1, r8
10000af0:	f7ff fe7c 	bl	100007ec <make_j_16>
10000af4:	80b8      	strh	r0, [r7, #4]
10000af6:	4b1c      	ldr	r3, [pc, #112]	@ (10000b68 <irq_add_shared_handler+0x214>)
10000af8:	4642      	mov	r2, r8
10000afa:	1b12      	subs	r2, r2, r4
10000afc:	4152      	adcs	r2, r2
10000afe:	4353      	muls	r3, r2
10000b00:	0d1b      	lsrs	r3, r3, #20
10000b02:	71bb      	strb	r3, [r7, #6]
10000b04:	71fd      	strb	r5, [r7, #7]
10000b06:	9901      	ldr	r1, [sp, #4]
10000b08:	9107      	str	r1, [sp, #28]
10000b0a:	9b02      	ldr	r3, [sp, #8]
10000b0c:	199b      	adds	r3, r3, r6
10000b0e:	009b      	lsls	r3, r3, #2
10000b10:	46a4      	mov	ip, r4
10000b12:	4463      	add	r3, ip
10000b14:	cf07      	ldmia	r7!, {r0, r1, r2}
10000b16:	c307      	stmia	r3!, {r0, r1, r2}
10000b18:	4b11      	ldr	r3, [pc, #68]	@ (10000b60 <irq_add_shared_handler+0x20c>)
10000b1a:	4642      	mov	r2, r8
10000b1c:	8013      	strh	r3, [r2, #0]
10000b1e:	3b81      	subs	r3, #129	@ 0x81
10000b20:	8053      	strh	r3, [r2, #2]
10000b22:	2701      	movs	r7, #1
10000b24:	465b      	mov	r3, fp
10000b26:	433b      	orrs	r3, r7
10000b28:	001f      	movs	r7, r3
10000b2a:	e761      	b.n	100009f0 <irq_add_shared_handler+0x9c>
10000b2c:	d0000124 	.word	0xd0000124
10000b30:	20001af9 	.word	0x20001af9
10000b34:	20000bd4 	.word	0x20000bd4
10000b38:	e000ed00 	.word	0xe000ed00
10000b3c:	100001c1 	.word	0x100001c1
10000b40:	ffffa100 	.word	0xffffa100
10000b44:	20000c1c 	.word	0x20000c1c
10000b48:	ffffbd01 	.word	0xffffbd01
10000b4c:	10007d08 	.word	0x10007d08
10000b50:	100088ec 	.word	0x100088ec
10000b54:	10007c48 	.word	0x10007c48
10000b58:	10007d30 	.word	0x10007d30
10000b5c:	10007d58 	.word	0x10007d58
10000b60:	00004801 	.word	0x00004801
10000b64:	0000bd01 	.word	0x0000bd01
10000b68:	0000aaaa 	.word	0x0000aaaa

10000b6c <irq_remove_handler>:
10000b6c:	b5f0      	push	{r4, r5, r6, r7, lr}
10000b6e:	46ce      	mov	lr, r9
10000b70:	4647      	mov	r7, r8
10000b72:	b580      	push	{r7, lr}
10000b74:	b083      	sub	sp, #12
10000b76:	4680      	mov	r8, r0
10000b78:	000c      	movs	r4, r1
10000b7a:	f3ef 8710 	mrs	r7, PRIMASK
10000b7e:	b672      	cpsid	i
10000b80:	4b4f      	ldr	r3, [pc, #316]	@ (10000cc0 <irq_remove_handler+0x154>)
10000b82:	681b      	ldr	r3, [r3, #0]
10000b84:	2b00      	cmp	r3, #0
10000b86:	d0fb      	beq.n	10000b80 <irq_remove_handler+0x14>
10000b88:	f3bf 8f5f 	dmb	sy
10000b8c:	4b4d      	ldr	r3, [pc, #308]	@ (10000cc4 <irq_remove_handler+0x158>)
10000b8e:	689a      	ldr	r2, [r3, #8]
10000b90:	4645      	mov	r5, r8
10000b92:	3510      	adds	r5, #16
10000b94:	00ab      	lsls	r3, r5, #2
10000b96:	58d6      	ldr	r6, [r2, r3]
10000b98:	4b4b      	ldr	r3, [pc, #300]	@ (10000cc8 <irq_remove_handler+0x15c>)
10000b9a:	429e      	cmp	r6, r3
10000b9c:	d007      	beq.n	10000bae <irq_remove_handler+0x42>
10000b9e:	42a6      	cmp	r6, r4
10000ba0:	d100      	bne.n	10000ba4 <irq_remove_handler+0x38>
10000ba2:	e08a      	b.n	10000cba <irq_remove_handler+0x14e>
10000ba4:	9601      	str	r6, [sp, #4]
10000ba6:	4b49      	ldr	r3, [pc, #292]	@ (10000ccc <irq_remove_handler+0x160>)
10000ba8:	1af3      	subs	r3, r6, r3
10000baa:	2b47      	cmp	r3, #71	@ 0x47
10000bac:	d909      	bls.n	10000bc2 <irq_remove_handler+0x56>
10000bae:	003a      	movs	r2, r7
10000bb0:	0031      	movs	r1, r6
10000bb2:	4640      	mov	r0, r8
10000bb4:	f7ff fddc 	bl	10000770 <set_raw_irq_handler_and_unlock>
10000bb8:	b003      	add	sp, #12
10000bba:	bcc0      	pop	{r6, r7}
10000bbc:	46b9      	mov	r9, r7
10000bbe:	46b0      	mov	r8, r6
10000bc0:	bdf0      	pop	{r4, r5, r6, r7, pc}
10000bc2:	4640      	mov	r0, r8
10000bc4:	f7ff fe56 	bl	10000874 <irq_is_enabled>
10000bc8:	4681      	mov	r9, r0
10000bca:	2100      	movs	r1, #0
10000bcc:	4640      	mov	r0, r8
10000bce:	f7ff fe6b 	bl	100008a8 <irq_set_enabled>
10000bd2:	f3bf 8f5f 	dmb	sy
10000bd6:	f3ef 8105 	mrs	r1, IPSR
10000bda:	2900      	cmp	r1, #0
10000bdc:	d001      	beq.n	10000be2 <irq_remove_handler+0x76>
10000bde:	428d      	cmp	r5, r1
10000be0:	d111      	bne.n	10000c06 <irq_remove_handler+0x9a>
10000be2:	2301      	movs	r3, #1
10000be4:	9d01      	ldr	r5, [sp, #4]
10000be6:	439d      	bics	r5, r3
10000be8:	2000      	movs	r0, #0
10000bea:	68ab      	ldr	r3, [r5, #8]
10000bec:	429c      	cmp	r4, r3
10000bee:	d011      	beq.n	10000c14 <irq_remove_handler+0xa8>
10000bf0:	2206      	movs	r2, #6
10000bf2:	56aa      	ldrsb	r2, [r5, r2]
10000bf4:	2a00      	cmp	r2, #0
10000bf6:	db0c      	blt.n	10000c12 <irq_remove_handler+0xa6>
10000bf8:	0053      	lsls	r3, r2, #1
10000bfa:	189b      	adds	r3, r3, r2
10000bfc:	009b      	lsls	r3, r3, #2
10000bfe:	4a33      	ldr	r2, [pc, #204]	@ (10000ccc <irq_remove_handler+0x160>)
10000c00:	0028      	movs	r0, r5
10000c02:	18d5      	adds	r5, r2, r3
10000c04:	e7f1      	b.n	10000bea <irq_remove_handler+0x7e>
10000c06:	4b32      	ldr	r3, [pc, #200]	@ (10000cd0 <irq_remove_handler+0x164>)
10000c08:	4a32      	ldr	r2, [pc, #200]	@ (10000cd4 <irq_remove_handler+0x168>)
10000c0a:	4833      	ldr	r0, [pc, #204]	@ (10000cd8 <irq_remove_handler+0x16c>)
10000c0c:	4933      	ldr	r1, [pc, #204]	@ (10000cdc <irq_remove_handler+0x170>)
10000c0e:	f003 f96b 	bl	10003ee8 <__assert_func>
10000c12:	0028      	movs	r0, r5
10000c14:	429c      	cmp	r4, r3
10000c16:	d149      	bne.n	10000cac <irq_remove_handler+0x140>
10000c18:	2406      	movs	r4, #6
10000c1a:	572c      	ldrsb	r4, [r5, r4]
10000c1c:	2c00      	cmp	r4, #0
10000c1e:	db2b      	blt.n	10000c78 <irq_remove_handler+0x10c>
10000c20:	4b2a      	ldr	r3, [pc, #168]	@ (10000ccc <irq_remove_handler+0x160>)
10000c22:	0062      	lsls	r2, r4, #1
10000c24:	1912      	adds	r2, r2, r4
10000c26:	0092      	lsls	r2, r2, #2
10000c28:	189b      	adds	r3, r3, r2
10000c2a:	689a      	ldr	r2, [r3, #8]
10000c2c:	60aa      	str	r2, [r5, #8]
10000c2e:	79da      	ldrb	r2, [r3, #7]
10000c30:	71ea      	strb	r2, [r5, #7]
10000c32:	799b      	ldrb	r3, [r3, #6]
10000c34:	b25b      	sxtb	r3, r3
10000c36:	71ab      	strb	r3, [r5, #6]
10000c38:	2b00      	cmp	r3, #0
10000c3a:	da0f      	bge.n	10000c5c <irq_remove_handler+0xf0>
10000c3c:	4828      	ldr	r0, [pc, #160]	@ (10000ce0 <irq_remove_handler+0x174>)
10000c3e:	80a8      	strh	r0, [r5, #4]
10000c40:	4b22      	ldr	r3, [pc, #136]	@ (10000ccc <irq_remove_handler+0x160>)
10000c42:	0062      	lsls	r2, r4, #1
10000c44:	1912      	adds	r2, r2, r4
10000c46:	0092      	lsls	r2, r2, #2
10000c48:	189b      	adds	r3, r3, r2
10000c4a:	4a26      	ldr	r2, [pc, #152]	@ (10000ce4 <irq_remove_handler+0x178>)
10000c4c:	7811      	ldrb	r1, [r2, #0]
10000c4e:	7199      	strb	r1, [r3, #6]
10000c50:	7014      	strb	r4, [r2, #0]
10000c52:	4649      	mov	r1, r9
10000c54:	4640      	mov	r0, r8
10000c56:	f7ff fe27 	bl	100008a8 <irq_set_enabled>
10000c5a:	e7a8      	b.n	10000bae <irq_remove_handler+0x42>
10000c5c:	0060      	lsls	r0, r4, #1
10000c5e:	1900      	adds	r0, r0, r4
10000c60:	0080      	lsls	r0, r0, #2
10000c62:	4b1a      	ldr	r3, [pc, #104]	@ (10000ccc <irq_remove_handler+0x160>)
10000c64:	18c0      	adds	r0, r0, r3
10000c66:	3004      	adds	r0, #4
10000c68:	f7ff fda8 	bl	100007bc <resolve_j_16>
10000c6c:	0001      	movs	r1, r0
10000c6e:	1d2b      	adds	r3, r5, #4
10000c70:	0018      	movs	r0, r3
10000c72:	f7ff fdbb 	bl	100007ec <make_j_16>
10000c76:	e7e2      	b.n	10000c3e <irq_remove_handler+0xd2>
10000c78:	2900      	cmp	r1, #0
10000c7a:	d112      	bne.n	10000ca2 <irq_remove_handler+0x136>
10000c7c:	2800      	cmp	r0, #0
10000c7e:	d00e      	beq.n	10000c9e <irq_remove_handler+0x132>
10000c80:	23ff      	movs	r3, #255	@ 0xff
10000c82:	7183      	strb	r3, [r0, #6]
10000c84:	4b18      	ldr	r3, [pc, #96]	@ (10000ce8 <irq_remove_handler+0x17c>)
10000c86:	8083      	strh	r3, [r0, #4]
10000c88:	4916      	ldr	r1, [pc, #88]	@ (10000ce4 <irq_remove_handler+0x178>)
10000c8a:	780b      	ldrb	r3, [r1, #0]
10000c8c:	71ab      	strb	r3, [r5, #6]
10000c8e:	4a0f      	ldr	r2, [pc, #60]	@ (10000ccc <irq_remove_handler+0x160>)
10000c90:	4b16      	ldr	r3, [pc, #88]	@ (10000cec <irq_remove_handler+0x180>)
10000c92:	1aad      	subs	r5, r5, r2
10000c94:	416d      	adcs	r5, r5
10000c96:	436b      	muls	r3, r5
10000c98:	0d1b      	lsrs	r3, r3, #20
10000c9a:	700b      	strb	r3, [r1, #0]
10000c9c:	e7d9      	b.n	10000c52 <irq_remove_handler+0xe6>
10000c9e:	4e0a      	ldr	r6, [pc, #40]	@ (10000cc8 <irq_remove_handler+0x15c>)
10000ca0:	e7f2      	b.n	10000c88 <irq_remove_handler+0x11c>
10000ca2:	4913      	ldr	r1, [pc, #76]	@ (10000cf0 <irq_remove_handler+0x184>)
10000ca4:	1d28      	adds	r0, r5, #4
10000ca6:	f7ff fdc5 	bl	10000834 <insert_bl_32>
10000caa:	e7d2      	b.n	10000c52 <irq_remove_handler+0xe6>
10000cac:	4b11      	ldr	r3, [pc, #68]	@ (10000cf4 <irq_remove_handler+0x188>)
10000cae:	4a09      	ldr	r2, [pc, #36]	@ (10000cd4 <irq_remove_handler+0x168>)
10000cb0:	219a      	movs	r1, #154	@ 0x9a
10000cb2:	4809      	ldr	r0, [pc, #36]	@ (10000cd8 <irq_remove_handler+0x16c>)
10000cb4:	0089      	lsls	r1, r1, #2
10000cb6:	f003 f917 	bl	10003ee8 <__assert_func>
10000cba:	4e03      	ldr	r6, [pc, #12]	@ (10000cc8 <irq_remove_handler+0x15c>)
10000cbc:	e777      	b.n	10000bae <irq_remove_handler+0x42>
10000cbe:	46c0      	nop			@ (mov r8, r8)
10000cc0:	d0000124 	.word	0xd0000124
10000cc4:	e000ed00 	.word	0xe000ed00
10000cc8:	100001c1 	.word	0x100001c1
10000ccc:	20000bd4 	.word	0x20000bd4
10000cd0:	10007ddc 	.word	0x10007ddc
10000cd4:	100088bc 	.word	0x100088bc
10000cd8:	10007c48 	.word	0x10007c48
10000cdc:	00000226 	.word	0x00000226
10000ce0:	0000bd01 	.word	0x0000bd01
10000ce4:	20001af9 	.word	0x20001af9
10000ce8:	ffffbd01 	.word	0xffffbd01
10000cec:	0000aaaa 	.word	0x0000aaaa
10000cf0:	20000c26 	.word	0x20000c26
10000cf4:	10007e10 	.word	0x10007e10

10000cf8 <irq_add_tail_to_free_list>:
10000cf8:	b570      	push	{r4, r5, r6, lr}
10000cfa:	2201      	movs	r2, #1
10000cfc:	4302      	orrs	r2, r0
10000cfe:	4b2d      	ldr	r3, [pc, #180]	@ (10000db4 <irq_add_tail_to_free_list+0xbc>)
10000d00:	1ad3      	subs	r3, r2, r3
10000d02:	2b47      	cmp	r3, #71	@ 0x47
10000d04:	d829      	bhi.n	10000d5a <irq_add_tail_to_free_list+0x62>
10000d06:	f3ef 8305 	mrs	r3, IPSR
10000d0a:	2b00      	cmp	r3, #0
10000d0c:	d02b      	beq.n	10000d66 <irq_add_tail_to_free_list+0x6e>
10000d0e:	f3ef 8110 	mrs	r1, PRIMASK
10000d12:	b672      	cpsid	i
10000d14:	468c      	mov	ip, r1
10000d16:	4928      	ldr	r1, [pc, #160]	@ (10000db8 <irq_add_tail_to_free_list+0xc0>)
10000d18:	6809      	ldr	r1, [r1, #0]
10000d1a:	2900      	cmp	r1, #0
10000d1c:	d0fb      	beq.n	10000d16 <irq_add_tail_to_free_list+0x1e>
10000d1e:	f3bf 8f5f 	dmb	sy
10000d22:	4924      	ldr	r1, [pc, #144]	@ (10000db4 <irq_add_tail_to_free_list+0xbc>)
10000d24:	4c25      	ldr	r4, [pc, #148]	@ (10000dbc <irq_add_tail_to_free_list+0xc4>)
10000d26:	0005      	movs	r5, r0
10000d28:	1a6d      	subs	r5, r5, r1
10000d2a:	416d      	adcs	r5, r5
10000d2c:	436c      	muls	r4, r5
10000d2e:	0d24      	lsrs	r4, r4, #20
10000d30:	b264      	sxtb	r4, r4
10000d32:	4923      	ldr	r1, [pc, #140]	@ (10000dc0 <irq_add_tail_to_free_list+0xc8>)
10000d34:	6889      	ldr	r1, [r1, #8]
10000d36:	009b      	lsls	r3, r3, #2
10000d38:	58c9      	ldr	r1, [r1, r3]
10000d3a:	4291      	cmp	r1, r2
10000d3c:	d019      	beq.n	10000d72 <irq_add_tail_to_free_list+0x7a>
10000d3e:	2100      	movs	r1, #0
10000d40:	2905      	cmp	r1, #5
10000d42:	d830      	bhi.n	10000da6 <irq_add_tail_to_free_list+0xae>
10000d44:	4b1b      	ldr	r3, [pc, #108]	@ (10000db4 <irq_add_tail_to_free_list+0xbc>)
10000d46:	004a      	lsls	r2, r1, #1
10000d48:	1852      	adds	r2, r2, r1
10000d4a:	0092      	lsls	r2, r2, #2
10000d4c:	189b      	adds	r3, r3, r2
10000d4e:	799b      	ldrb	r3, [r3, #6]
10000d50:	b25b      	sxtb	r3, r3
10000d52:	42a3      	cmp	r3, r4
10000d54:	d01d      	beq.n	10000d92 <irq_add_tail_to_free_list+0x9a>
10000d56:	3101      	adds	r1, #1
10000d58:	e7f2      	b.n	10000d40 <irq_add_tail_to_free_list+0x48>
10000d5a:	4b1a      	ldr	r3, [pc, #104]	@ (10000dc4 <irq_add_tail_to_free_list+0xcc>)
10000d5c:	4a1a      	ldr	r2, [pc, #104]	@ (10000dc8 <irq_add_tail_to_free_list+0xd0>)
10000d5e:	481b      	ldr	r0, [pc, #108]	@ (10000dcc <irq_add_tail_to_free_list+0xd4>)
10000d60:	491b      	ldr	r1, [pc, #108]	@ (10000dd0 <irq_add_tail_to_free_list+0xd8>)
10000d62:	f003 f8c1 	bl	10003ee8 <__assert_func>
10000d66:	4b1b      	ldr	r3, [pc, #108]	@ (10000dd4 <irq_add_tail_to_free_list+0xdc>)
10000d68:	4a17      	ldr	r2, [pc, #92]	@ (10000dc8 <irq_add_tail_to_free_list+0xd0>)
10000d6a:	4818      	ldr	r0, [pc, #96]	@ (10000dcc <irq_add_tail_to_free_list+0xd4>)
10000d6c:	491a      	ldr	r1, [pc, #104]	@ (10000dd8 <irq_add_tail_to_free_list+0xe0>)
10000d6e:	f003 f8bb 	bl	10003ee8 <__assert_func>
10000d72:	4a13      	ldr	r2, [pc, #76]	@ (10000dc0 <irq_add_tail_to_free_list+0xc8>)
10000d74:	6892      	ldr	r2, [r2, #8]
10000d76:	4919      	ldr	r1, [pc, #100]	@ (10000ddc <irq_add_tail_to_free_list+0xe4>)
10000d78:	50d1      	str	r1, [r2, r3]
10000d7a:	4b19      	ldr	r3, [pc, #100]	@ (10000de0 <irq_add_tail_to_free_list+0xe8>)
10000d7c:	781a      	ldrb	r2, [r3, #0]
10000d7e:	7182      	strb	r2, [r0, #6]
10000d80:	701c      	strb	r4, [r3, #0]
10000d82:	f3bf 8f5f 	dmb	sy
10000d86:	4b0c      	ldr	r3, [pc, #48]	@ (10000db8 <irq_add_tail_to_free_list+0xc0>)
10000d88:	2200      	movs	r2, #0
10000d8a:	601a      	str	r2, [r3, #0]
10000d8c:	f38c 8810 	msr	PRIMASK, ip
10000d90:	bd70      	pop	{r4, r5, r6, pc}
10000d92:	4b08      	ldr	r3, [pc, #32]	@ (10000db4 <irq_add_tail_to_free_list+0xbc>)
10000d94:	004a      	lsls	r2, r1, #1
10000d96:	1855      	adds	r5, r2, r1
10000d98:	00ad      	lsls	r5, r5, #2
10000d9a:	195d      	adds	r5, r3, r5
10000d9c:	26ff      	movs	r6, #255	@ 0xff
10000d9e:	71ae      	strb	r6, [r5, #6]
10000da0:	4a10      	ldr	r2, [pc, #64]	@ (10000de4 <irq_add_tail_to_free_list+0xec>)
10000da2:	80aa      	strh	r2, [r5, #4]
10000da4:	e7e9      	b.n	10000d7a <irq_add_tail_to_free_list+0x82>
10000da6:	4b10      	ldr	r3, [pc, #64]	@ (10000de8 <irq_add_tail_to_free_list+0xf0>)
10000da8:	4a07      	ldr	r2, [pc, #28]	@ (10000dc8 <irq_add_tail_to_free_list+0xd0>)
10000daa:	4808      	ldr	r0, [pc, #32]	@ (10000dcc <irq_add_tail_to_free_list+0xd4>)
10000dac:	490f      	ldr	r1, [pc, #60]	@ (10000dec <irq_add_tail_to_free_list+0xf4>)
10000dae:	f003 f89b 	bl	10003ee8 <__assert_func>
10000db2:	46c0      	nop			@ (mov r8, r8)
10000db4:	20000bd4 	.word	0x20000bd4
10000db8:	d0000124 	.word	0xd0000124
10000dbc:	0000aaaa 	.word	0x0000aaaa
10000dc0:	e000ed00 	.word	0xe000ed00
10000dc4:	10007e18 	.word	0x10007e18
10000dc8:	10008890 	.word	0x10008890
10000dcc:	10007c48 	.word	0x10007c48
10000dd0:	000002a3 	.word	0x000002a3
10000dd4:	10007e40 	.word	0x10007e40
10000dd8:	000002a6 	.word	0x000002a6
10000ddc:	100001c1 	.word	0x100001c1
10000de0:	20001af9 	.word	0x20001af9
10000de4:	ffffbd01 	.word	0xffffbd01
10000de8:	10007e4c 	.word	0x10007e4c
10000dec:	000002b7 	.word	0x000002b7

10000df0 <user_irq_claim_unused>:
10000df0:	b500      	push	{lr}
10000df2:	b083      	sub	sp, #12
10000df4:	0001      	movs	r1, r0
10000df6:	4806      	ldr	r0, [pc, #24]	@ (10000e10 <user_irq_claim_unused+0x20>)
10000df8:	4b06      	ldr	r3, [pc, #24]	@ (10000e14 <user_irq_claim_unused+0x24>)
10000dfa:	9300      	str	r3, [sp, #0]
10000dfc:	2305      	movs	r3, #5
10000dfe:	2200      	movs	r2, #0
10000e00:	f7ff fc5f 	bl	100006c2 <hw_claim_unused_from_range>
10000e04:	2800      	cmp	r0, #0
10000e06:	db01      	blt.n	10000e0c <user_irq_claim_unused+0x1c>
10000e08:	231f      	movs	r3, #31
10000e0a:	1a18      	subs	r0, r3, r0
10000e0c:	b003      	add	sp, #12
10000e0e:	bd00      	pop	{pc}
10000e10:	20001afd 	.word	0x20001afd
10000e14:	10007e54 	.word	0x10007e54

10000e18 <lock_init>:
10000e18:	4b02      	ldr	r3, [pc, #8]	@ (10000e24 <lock_init+0xc>)
10000e1a:	469c      	mov	ip, r3
10000e1c:	4461      	add	r1, ip
10000e1e:	0089      	lsls	r1, r1, #2
10000e20:	6001      	str	r1, [r0, #0]
10000e22:	4770      	bx	lr
10000e24:	34000040 	.word	0x34000040

10000e28 <mutex_init>:
10000e28:	b510      	push	{r4, lr}
10000e2a:	0004      	movs	r4, r0
10000e2c:	f7ff fc72 	bl	10000714 <next_striped_spin_lock_num>
10000e30:	0001      	movs	r1, r0
10000e32:	0020      	movs	r0, r4
10000e34:	f7ff fff0 	bl	10000e18 <lock_init>
10000e38:	23ff      	movs	r3, #255	@ 0xff
10000e3a:	7123      	strb	r3, [r4, #4]
10000e3c:	f3bf 8f5f 	dmb	sy
10000e40:	bd10      	pop	{r4, pc}

10000e42 <recursive_mutex_init>:
10000e42:	b510      	push	{r4, lr}
10000e44:	0004      	movs	r4, r0
10000e46:	f7ff fc65 	bl	10000714 <next_striped_spin_lock_num>
10000e4a:	0001      	movs	r1, r0
10000e4c:	0020      	movs	r0, r4
10000e4e:	f7ff ffe3 	bl	10000e18 <lock_init>
10000e52:	23ff      	movs	r3, #255	@ 0xff
10000e54:	7123      	strb	r3, [r4, #4]
10000e56:	2300      	movs	r3, #0
10000e58:	7163      	strb	r3, [r4, #5]
10000e5a:	f3bf 8f5f 	dmb	sy
10000e5e:	bd10      	pop	{r4, pc}

10000e60 <runtime_init_mutex>:
10000e60:	b510      	push	{r4, lr}
10000e62:	4c0d      	ldr	r4, [pc, #52]	@ (10000e98 <runtime_init_mutex+0x38>)
10000e64:	e009      	b.n	10000e7a <runtime_init_mutex+0x1a>
10000e66:	4b0d      	ldr	r3, [pc, #52]	@ (10000e9c <runtime_init_mutex+0x3c>)
10000e68:	4a0d      	ldr	r2, [pc, #52]	@ (10000ea0 <runtime_init_mutex+0x40>)
10000e6a:	480e      	ldr	r0, [pc, #56]	@ (10000ea4 <runtime_init_mutex+0x44>)
10000e6c:	211a      	movs	r1, #26
10000e6e:	f003 f83b 	bl	10003ee8 <__assert_func>
10000e72:	0020      	movs	r0, r4
10000e74:	f7ff ffd8 	bl	10000e28 <mutex_init>
10000e78:	3408      	adds	r4, #8
10000e7a:	4b0b      	ldr	r3, [pc, #44]	@ (10000ea8 <runtime_init_mutex+0x48>)
10000e7c:	429c      	cmp	r4, r3
10000e7e:	d209      	bcs.n	10000e94 <runtime_init_mutex+0x34>
10000e80:	6823      	ldr	r3, [r4, #0]
10000e82:	2b00      	cmp	r3, #0
10000e84:	d0f5      	beq.n	10000e72 <runtime_init_mutex+0x12>
10000e86:	2b01      	cmp	r3, #1
10000e88:	d1ed      	bne.n	10000e66 <runtime_init_mutex+0x6>
10000e8a:	0020      	movs	r0, r4
10000e8c:	f7ff ffd9 	bl	10000e42 <recursive_mutex_init>
10000e90:	3408      	adds	r4, #8
10000e92:	e7f2      	b.n	10000e7a <runtime_init_mutex+0x1a>
10000e94:	bd10      	pop	{r4, pc}
10000e96:	46c0      	nop			@ (mov r8, r8)
10000e98:	20000cd0 	.word	0x20000cd0
10000e9c:	10007e70 	.word	0x10007e70
10000ea0:	10008944 	.word	0x10008944
10000ea4:	10007e90 	.word	0x10007e90
10000ea8:	20000cd8 	.word	0x20000cd8

10000eac <critical_section_init_with_lock_num>:
10000eac:	4b03      	ldr	r3, [pc, #12]	@ (10000ebc <critical_section_init_with_lock_num+0x10>)
10000eae:	469c      	mov	ip, r3
10000eb0:	4461      	add	r1, ip
10000eb2:	0089      	lsls	r1, r1, #2
10000eb4:	6001      	str	r1, [r0, #0]
10000eb6:	f3bf 8f5f 	dmb	sy
10000eba:	4770      	bx	lr
10000ebc:	34000040 	.word	0x34000040

10000ec0 <critical_section_init>:
10000ec0:	b510      	push	{r4, lr}
10000ec2:	0004      	movs	r4, r0
10000ec4:	2001      	movs	r0, #1
10000ec6:	f7ff fc33 	bl	10000730 <spin_lock_claim_unused>
10000eca:	0001      	movs	r1, r0
10000ecc:	0020      	movs	r0, r4
10000ece:	f7ff ffed 	bl	10000eac <critical_section_init_with_lock_num>
10000ed2:	bd10      	pop	{r4, pc}

10000ed4 <ta_set_timeout>:
10000ed4:	b530      	push	{r4, r5, lr}
10000ed6:	6a83      	ldr	r3, [r0, #40]	@ 0x28
10000ed8:	469c      	mov	ip, r3
10000eda:	1ad4      	subs	r4, r2, r3
10000edc:	1d0b      	adds	r3, r1, #4
10000ede:	009b      	lsls	r3, r3, #2
10000ee0:	581b      	ldr	r3, [r3, r0]
10000ee2:	4665      	mov	r5, ip
10000ee4:	1b5b      	subs	r3, r3, r5
10000ee6:	429c      	cmp	r4, r3
10000ee8:	d304      	bcc.n	10000ef4 <ta_set_timeout+0x20>
10000eea:	6a04      	ldr	r4, [r0, #32]
10000eec:	2301      	movs	r3, #1
10000eee:	408b      	lsls	r3, r1
10000ef0:	4223      	tst	r3, r4
10000ef2:	d102      	bne.n	10000efa <ta_set_timeout+0x26>
10000ef4:	3104      	adds	r1, #4
10000ef6:	0089      	lsls	r1, r1, #2
10000ef8:	500a      	str	r2, [r1, r0]
10000efa:	bd30      	pop	{r4, r5, pc}

10000efc <make_alarm_id>:
10000efc:	0400      	lsls	r0, r0, #16
10000efe:	4308      	orrs	r0, r1
10000f00:	4770      	bx	lr

10000f02 <sleep_until_callback>:
10000f02:	bf40      	sev
10000f04:	2000      	movs	r0, #0
10000f06:	2100      	movs	r1, #0
10000f08:	4770      	bx	lr
	...

10000f0c <alarm_pool_irq_handler>:
10000f0c:	b5f0      	push	{r4, r5, r6, r7, lr}
10000f0e:	46de      	mov	lr, fp
10000f10:	4657      	mov	r7, sl
10000f12:	464e      	mov	r6, r9
10000f14:	4645      	mov	r5, r8
10000f16:	b5e0      	push	{r5, r6, r7, lr}
10000f18:	b083      	sub	sp, #12
10000f1a:	f3ef 8305 	mrs	r3, IPSR
10000f1e:	2203      	movs	r2, #3
10000f20:	401a      	ands	r2, r3
10000f22:	9200      	str	r2, [sp, #0]
10000f24:	4bb8      	ldr	r3, [pc, #736]	@ (10001208 <alarm_pool_irq_handler+0x2fc>)
10000f26:	0092      	lsls	r2, r2, #2
10000f28:	58d3      	ldr	r3, [r2, r3]
10000f2a:	4698      	mov	r8, r3
10000f2c:	781b      	ldrb	r3, [r3, #0]
10000f2e:	9a00      	ldr	r2, [sp, #0]
10000f30:	4293      	cmp	r3, r2
10000f32:	d107      	bne.n	10000f44 <alarm_pool_irq_handler+0x38>
10000f34:	2301      	movs	r3, #1
10000f36:	9a00      	ldr	r2, [sp, #0]
10000f38:	4093      	lsls	r3, r2
10000f3a:	001a      	movs	r2, r3
10000f3c:	9301      	str	r3, [sp, #4]
10000f3e:	4bb3      	ldr	r3, [pc, #716]	@ (1000120c <alarm_pool_irq_handler+0x300>)
10000f40:	601a      	str	r2, [r3, #0]
10000f42:	e072      	b.n	1000102a <alarm_pool_irq_handler+0x11e>
10000f44:	4bb2      	ldr	r3, [pc, #712]	@ (10001210 <alarm_pool_irq_handler+0x304>)
10000f46:	4ab3      	ldr	r2, [pc, #716]	@ (10001214 <alarm_pool_irq_handler+0x308>)
10000f48:	48b3      	ldr	r0, [pc, #716]	@ (10001218 <alarm_pool_irq_handler+0x30c>)
10000f4a:	21b9      	movs	r1, #185	@ 0xb9
10000f4c:	f002 ffcc 	bl	10003ee8 <__assert_func>
10000f50:	695c      	ldr	r4, [r3, #20]
10000f52:	6923      	ldr	r3, [r4, #16]
10000f54:	0020      	movs	r0, r4
10000f56:	4798      	blx	r3
10000f58:	2800      	cmp	r0, #0
10000f5a:	d021      	beq.n	10000fa0 <alarm_pool_irq_handler+0x94>
10000f5c:	cc30      	ldmia	r4, {r4, r5}
10000f5e:	e091      	b.n	10001084 <alarm_pool_irq_handler+0x178>
10000f60:	48ae      	ldr	r0, [pc, #696]	@ (1000121c <alarm_pool_irq_handler+0x310>)
10000f62:	f000 fbb5 	bl	100016d0 <timer_time_us_64>
10000f66:	1900      	adds	r0, r0, r4
10000f68:	4169      	adcs	r1, r5
10000f6a:	e096      	b.n	1000109a <alarm_pool_irq_handler+0x18e>
10000f6c:	46ac      	mov	ip, r5
10000f6e:	2300      	movs	r3, #0
10000f70:	5eec      	ldrsh	r4, [r5, r3]
10000f72:	2c00      	cmp	r4, #0
10000f74:	db0e      	blt.n	10000f94 <alarm_pool_irq_handler+0x88>
10000f76:	4663      	mov	r3, ip
10000f78:	2200      	movs	r2, #0
10000f7a:	5e9b      	ldrsh	r3, [r3, r2]
10000f7c:	005d      	lsls	r5, r3, #1
10000f7e:	18ed      	adds	r5, r5, r3
10000f80:	00ed      	lsls	r5, r5, #3
10000f82:	4455      	add	r5, sl
10000f84:	68aa      	ldr	r2, [r5, #8]
10000f86:	68eb      	ldr	r3, [r5, #12]
10000f88:	0006      	movs	r6, r0
10000f8a:	000f      	movs	r7, r1
10000f8c:	1ab6      	subs	r6, r6, r2
10000f8e:	419f      	sbcs	r7, r3
10000f90:	2f00      	cmp	r7, #0
10000f92:	daeb      	bge.n	10000f6c <alarm_pool_irq_handler+0x60>
10000f94:	465b      	mov	r3, fp
10000f96:	801c      	strh	r4, [r3, #0]
10000f98:	464b      	mov	r3, r9
10000f9a:	4662      	mov	r2, ip
10000f9c:	8013      	strh	r3, [r2, #0]
10000f9e:	e01c      	b.n	10000fda <alarm_pool_irq_handler+0xce>
10000fa0:	465b      	mov	r3, fp
10000fa2:	2200      	movs	r2, #0
10000fa4:	5e9b      	ldrsh	r3, [r3, r2]
10000fa6:	4642      	mov	r2, r8
10000fa8:	8113      	strh	r3, [r2, #8]
10000faa:	6912      	ldr	r2, [r2, #16]
10000fac:	f3ef 8310 	mrs	r3, PRIMASK
10000fb0:	b672      	cpsid	i
10000fb2:	6811      	ldr	r1, [r2, #0]
10000fb4:	2900      	cmp	r1, #0
10000fb6:	d0fc      	beq.n	10000fb2 <alarm_pool_irq_handler+0xa6>
10000fb8:	f3bf 8f5f 	dmb	sy
10000fbc:	4642      	mov	r2, r8
10000fbe:	2102      	movs	r1, #2
10000fc0:	5e52      	ldrsh	r2, [r2, r1]
10000fc2:	4659      	mov	r1, fp
10000fc4:	800a      	strh	r2, [r1, #0]
10000fc6:	4642      	mov	r2, r8
10000fc8:	4649      	mov	r1, r9
10000fca:	8051      	strh	r1, [r2, #2]
10000fcc:	6912      	ldr	r2, [r2, #16]
10000fce:	f3bf 8f5f 	dmb	sy
10000fd2:	2100      	movs	r1, #0
10000fd4:	6011      	str	r1, [r2, #0]
10000fd6:	f383 8810 	msr	PRIMASK, r3
10000fda:	4643      	mov	r3, r8
10000fdc:	889b      	ldrh	r3, [r3, #4]
10000fde:	b21b      	sxth	r3, r3
10000fe0:	2b00      	cmp	r3, #0
10000fe2:	da76      	bge.n	100010d2 <alarm_pool_irq_handler+0x1c6>
10000fe4:	4643      	mov	r3, r8
10000fe6:	2208      	movs	r2, #8
10000fe8:	5e9a      	ldrsh	r2, [r3, r2]
10000fea:	2a00      	cmp	r2, #0
10000fec:	da00      	bge.n	10000ff0 <alarm_pool_irq_handler+0xe4>
10000fee:	e0be      	b.n	1000116e <alarm_pool_irq_handler+0x262>
10000ff0:	4643      	mov	r3, r8
10000ff2:	6959      	ldr	r1, [r3, #20]
10000ff4:	0053      	lsls	r3, r2, #1
10000ff6:	189b      	adds	r3, r3, r2
10000ff8:	00db      	lsls	r3, r3, #3
10000ffa:	18cb      	adds	r3, r1, r3
10000ffc:	689c      	ldr	r4, [r3, #8]
10000ffe:	68dd      	ldr	r5, [r3, #12]
10001000:	0022      	movs	r2, r4
10001002:	002b      	movs	r3, r5
10001004:	9900      	ldr	r1, [sp, #0]
10001006:	4885      	ldr	r0, [pc, #532]	@ (1000121c <alarm_pool_irq_handler+0x310>)
10001008:	f7ff ff64 	bl	10000ed4 <ta_set_timeout>
1000100c:	4643      	mov	r3, r8
1000100e:	799b      	ldrb	r3, [r3, #6]
10001010:	2b00      	cmp	r3, #0
10001012:	d000      	beq.n	10001016 <alarm_pool_irq_handler+0x10a>
10001014:	e0c0      	b.n	10001198 <alarm_pool_irq_handler+0x28c>
10001016:	4881      	ldr	r0, [pc, #516]	@ (1000121c <alarm_pool_irq_handler+0x310>)
10001018:	f000 fb5a 	bl	100016d0 <timer_time_us_64>
1000101c:	1a24      	subs	r4, r4, r0
1000101e:	418d      	sbcs	r5, r1
10001020:	2d00      	cmp	r5, #0
10001022:	dd00      	ble.n	10001026 <alarm_pool_irq_handler+0x11a>
10001024:	e0b0      	b.n	10001188 <alarm_pool_irq_handler+0x27c>
10001026:	d100      	bne.n	1000102a <alarm_pool_irq_handler+0x11e>
10001028:	e0ea      	b.n	10001200 <alarm_pool_irq_handler+0x2f4>
1000102a:	4b7c      	ldr	r3, [pc, #496]	@ (1000121c <alarm_pool_irq_handler+0x310>)
1000102c:	9a01      	ldr	r2, [sp, #4]
1000102e:	635a      	str	r2, [r3, #52]	@ 0x34
10001030:	4643      	mov	r3, r8
10001032:	2208      	movs	r2, #8
10001034:	5e9b      	ldrsh	r3, [r3, r2]
10001036:	4699      	mov	r9, r3
10001038:	2b00      	cmp	r3, #0
1000103a:	dbce      	blt.n	10000fda <alarm_pool_irq_handler+0xce>
1000103c:	4643      	mov	r3, r8
1000103e:	695a      	ldr	r2, [r3, #20]
10001040:	464b      	mov	r3, r9
10001042:	005b      	lsls	r3, r3, #1
10001044:	444b      	add	r3, r9
10001046:	00db      	lsls	r3, r3, #3
10001048:	4693      	mov	fp, r2
1000104a:	449b      	add	fp, r3
1000104c:	465b      	mov	r3, fp
1000104e:	689e      	ldr	r6, [r3, #8]
10001050:	68df      	ldr	r7, [r3, #12]
10001052:	4872      	ldr	r0, [pc, #456]	@ (1000121c <alarm_pool_irq_handler+0x310>)
10001054:	f000 fb3c 	bl	100016d0 <timer_time_us_64>
10001058:	1b80      	subs	r0, r0, r6
1000105a:	41b9      	sbcs	r1, r7
1000105c:	2900      	cmp	r1, #0
1000105e:	dbbc      	blt.n	10000fda <alarm_pool_irq_handler+0xce>
10001060:	465b      	mov	r3, fp
10001062:	691c      	ldr	r4, [r3, #16]
10001064:	2c02      	cmp	r4, #2
10001066:	d100      	bne.n	1000106a <alarm_pool_irq_handler+0x15e>
10001068:	e772      	b.n	10000f50 <alarm_pool_irq_handler+0x44>
1000106a:	4643      	mov	r3, r8
1000106c:	2008      	movs	r0, #8
1000106e:	5e18      	ldrsh	r0, [r3, r0]
10001070:	465b      	mov	r3, fp
10001072:	8859      	ldrh	r1, [r3, #2]
10001074:	b289      	uxth	r1, r1
10001076:	f7ff ff41 	bl	10000efc <make_alarm_id>
1000107a:	465b      	mov	r3, fp
1000107c:	6959      	ldr	r1, [r3, #20]
1000107e:	47a0      	blx	r4
10001080:	0004      	movs	r4, r0
10001082:	000d      	movs	r5, r1
10001084:	0023      	movs	r3, r4
10001086:	432b      	orrs	r3, r5
10001088:	d100      	bne.n	1000108c <alarm_pool_irq_handler+0x180>
1000108a:	e789      	b.n	10000fa0 <alarm_pool_irq_handler+0x94>
1000108c:	2d00      	cmp	r5, #0
1000108e:	db00      	blt.n	10001092 <alarm_pool_irq_handler+0x186>
10001090:	e766      	b.n	10000f60 <alarm_pool_irq_handler+0x54>
10001092:	0030      	movs	r0, r6
10001094:	0039      	movs	r1, r7
10001096:	1b00      	subs	r0, r0, r4
10001098:	41a9      	sbcs	r1, r5
1000109a:	465b      	mov	r3, fp
1000109c:	6098      	str	r0, [r3, #8]
1000109e:	60d9      	str	r1, [r3, #12]
100010a0:	2400      	movs	r4, #0
100010a2:	5f1c      	ldrsh	r4, [r3, r4]
100010a4:	2c00      	cmp	r4, #0
100010a6:	db98      	blt.n	10000fda <alarm_pool_irq_handler+0xce>
100010a8:	4643      	mov	r3, r8
100010aa:	695a      	ldr	r2, [r3, #20]
100010ac:	4692      	mov	sl, r2
100010ae:	0063      	lsls	r3, r4, #1
100010b0:	191b      	adds	r3, r3, r4
100010b2:	00db      	lsls	r3, r3, #3
100010b4:	4453      	add	r3, sl
100010b6:	689a      	ldr	r2, [r3, #8]
100010b8:	68db      	ldr	r3, [r3, #12]
100010ba:	0005      	movs	r5, r0
100010bc:	000e      	movs	r6, r1
100010be:	1aad      	subs	r5, r5, r2
100010c0:	419e      	sbcs	r6, r3
100010c2:	2e00      	cmp	r6, #0
100010c4:	db89      	blt.n	10000fda <alarm_pool_irq_handler+0xce>
100010c6:	4643      	mov	r3, r8
100010c8:	811c      	strh	r4, [r3, #8]
100010ca:	4647      	mov	r7, r8
100010cc:	3708      	adds	r7, #8
100010ce:	46bc      	mov	ip, r7
100010d0:	e74f      	b.n	10000f72 <alarm_pool_irq_handler+0x66>
100010d2:	4643      	mov	r3, r8
100010d4:	6919      	ldr	r1, [r3, #16]
100010d6:	f3ef 8310 	mrs	r3, PRIMASK
100010da:	b672      	cpsid	i
100010dc:	680a      	ldr	r2, [r1, #0]
100010de:	2a00      	cmp	r2, #0
100010e0:	d0fc      	beq.n	100010dc <alarm_pool_irq_handler+0x1d0>
100010e2:	f3bf 8f5f 	dmb	sy
100010e6:	4642      	mov	r2, r8
100010e8:	8892      	ldrh	r2, [r2, #4]
100010ea:	b212      	sxth	r2, r2
100010ec:	4691      	mov	r9, r2
100010ee:	2201      	movs	r2, #1
100010f0:	4252      	negs	r2, r2
100010f2:	4641      	mov	r1, r8
100010f4:	808a      	strh	r2, [r1, #4]
100010f6:	690a      	ldr	r2, [r1, #16]
100010f8:	f3bf 8f5f 	dmb	sy
100010fc:	2100      	movs	r1, #0
100010fe:	6011      	str	r1, [r2, #0]
10001100:	f383 8810 	msr	PRIMASK, r3
10001104:	e01c      	b.n	10001140 <alarm_pool_irq_handler+0x234>
10001106:	469b      	mov	fp, r3
10001108:	2200      	movs	r2, #0
1000110a:	5e9a      	ldrsh	r2, [r3, r2]
1000110c:	2a00      	cmp	r2, #0
1000110e:	db0e      	blt.n	1000112e <alarm_pool_irq_handler+0x222>
10001110:	465b      	mov	r3, fp
10001112:	2100      	movs	r1, #0
10001114:	5e59      	ldrsh	r1, [r3, r1]
10001116:	004b      	lsls	r3, r1, #1
10001118:	185b      	adds	r3, r3, r1
1000111a:	00db      	lsls	r3, r3, #3
1000111c:	4453      	add	r3, sl
1000111e:	6898      	ldr	r0, [r3, #8]
10001120:	68d9      	ldr	r1, [r3, #12]
10001122:	0026      	movs	r6, r4
10001124:	002f      	movs	r7, r5
10001126:	1a36      	subs	r6, r6, r0
10001128:	418f      	sbcs	r7, r1
1000112a:	2f00      	cmp	r7, #0
1000112c:	daeb      	bge.n	10001106 <alarm_pool_irq_handler+0x1fa>
1000112e:	464b      	mov	r3, r9
10001130:	4659      	mov	r1, fp
10001132:	800b      	strh	r3, [r1, #0]
10001134:	4663      	mov	r3, ip
10001136:	2100      	movs	r1, #0
10001138:	5e5b      	ldrsh	r3, [r3, r1]
1000113a:	4699      	mov	r9, r3
1000113c:	4663      	mov	r3, ip
1000113e:	801a      	strh	r2, [r3, #0]
10001140:	464b      	mov	r3, r9
10001142:	2b00      	cmp	r3, #0
10001144:	da00      	bge.n	10001148 <alarm_pool_irq_handler+0x23c>
10001146:	e74d      	b.n	10000fe4 <alarm_pool_irq_handler+0xd8>
10001148:	4643      	mov	r3, r8
1000114a:	695a      	ldr	r2, [r3, #20]
1000114c:	4692      	mov	sl, r2
1000114e:	464b      	mov	r3, r9
10001150:	005b      	lsls	r3, r3, #1
10001152:	444b      	add	r3, r9
10001154:	00db      	lsls	r3, r3, #3
10001156:	469c      	mov	ip, r3
10001158:	44d4      	add	ip, sl
1000115a:	4663      	mov	r3, ip
1000115c:	689c      	ldr	r4, [r3, #8]
1000115e:	68dd      	ldr	r5, [r3, #12]
10001160:	4646      	mov	r6, r8
10001162:	3608      	adds	r6, #8
10001164:	46b3      	mov	fp, r6
10001166:	4643      	mov	r3, r8
10001168:	2208      	movs	r2, #8
1000116a:	5e9a      	ldrsh	r2, [r3, r2]
1000116c:	e7ce      	b.n	1000110c <alarm_pool_irq_handler+0x200>
1000116e:	4c2b      	ldr	r4, [pc, #172]	@ (1000121c <alarm_pool_irq_handler+0x310>)
10001170:	0020      	movs	r0, r4
10001172:	f000 faad 	bl	100016d0 <timer_time_us_64>
10001176:	2280      	movs	r2, #128	@ 0x80
10001178:	0612      	lsls	r2, r2, #24
1000117a:	2300      	movs	r3, #0
1000117c:	1812      	adds	r2, r2, r0
1000117e:	414b      	adcs	r3, r1
10001180:	9900      	ldr	r1, [sp, #0]
10001182:	0020      	movs	r0, r4
10001184:	f7ff fea6 	bl	10000ed4 <ta_set_timeout>
10001188:	bf40      	sev
1000118a:	b003      	add	sp, #12
1000118c:	bcf0      	pop	{r4, r5, r6, r7}
1000118e:	46bb      	mov	fp, r7
10001190:	46b2      	mov	sl, r6
10001192:	46a9      	mov	r9, r5
10001194:	46a0      	mov	r8, r4
10001196:	bdf0      	pop	{r4, r5, r6, r7, pc}
10001198:	2300      	movs	r3, #0
1000119a:	4642      	mov	r2, r8
1000119c:	7193      	strb	r3, [r2, #6]
1000119e:	3208      	adds	r2, #8
100011a0:	4643      	mov	r3, r8
100011a2:	2108      	movs	r1, #8
100011a4:	5e59      	ldrsh	r1, [r3, r1]
100011a6:	e01b      	b.n	100011e0 <alarm_pool_irq_handler+0x2d4>
100011a8:	8016      	strh	r6, [r2, #0]
100011aa:	4643      	mov	r3, r8
100011ac:	691b      	ldr	r3, [r3, #16]
100011ae:	469c      	mov	ip, r3
100011b0:	f3ef 8310 	mrs	r3, PRIMASK
100011b4:	b672      	cpsid	i
100011b6:	4699      	mov	r9, r3
100011b8:	4667      	mov	r7, ip
100011ba:	683f      	ldr	r7, [r7, #0]
100011bc:	2f00      	cmp	r7, #0
100011be:	d0fb      	beq.n	100011b8 <alarm_pool_irq_handler+0x2ac>
100011c0:	f3bf 8f5f 	dmb	sy
100011c4:	4647      	mov	r7, r8
100011c6:	2302      	movs	r3, #2
100011c8:	5eff      	ldrsh	r7, [r7, r3]
100011ca:	8007      	strh	r7, [r0, #0]
100011cc:	4640      	mov	r0, r8
100011ce:	8041      	strh	r1, [r0, #2]
100011d0:	6901      	ldr	r1, [r0, #16]
100011d2:	f3bf 8f5f 	dmb	sy
100011d6:	2000      	movs	r0, #0
100011d8:	6008      	str	r0, [r1, #0]
100011da:	f389 8810 	msr	PRIMASK, r9
100011de:	0031      	movs	r1, r6
100011e0:	1c4b      	adds	r3, r1, #1
100011e2:	d100      	bne.n	100011e6 <alarm_pool_irq_handler+0x2da>
100011e4:	e717      	b.n	10001016 <alarm_pool_irq_handler+0x10a>
100011e6:	4643      	mov	r3, r8
100011e8:	695e      	ldr	r6, [r3, #20]
100011ea:	004b      	lsls	r3, r1, #1
100011ec:	185b      	adds	r3, r3, r1
100011ee:	00db      	lsls	r3, r3, #3
100011f0:	18f0      	adds	r0, r6, r3
100011f2:	5ef6      	ldrsh	r6, [r6, r3]
100011f4:	8843      	ldrh	r3, [r0, #2]
100011f6:	b21b      	sxth	r3, r3
100011f8:	2b00      	cmp	r3, #0
100011fa:	dbd5      	blt.n	100011a8 <alarm_pool_irq_handler+0x29c>
100011fc:	0002      	movs	r2, r0
100011fe:	e7ee      	b.n	100011de <alarm_pool_irq_handler+0x2d2>
10001200:	2c00      	cmp	r4, #0
10001202:	d100      	bne.n	10001206 <alarm_pool_irq_handler+0x2fa>
10001204:	e711      	b.n	1000102a <alarm_pool_irq_handler+0x11e>
10001206:	e7bf      	b.n	10001188 <alarm_pool_irq_handler+0x27c>
10001208:	200018b8 	.word	0x200018b8
1000120c:	4005703c 	.word	0x4005703c
10001210:	10007f24 	.word	0x10007f24
10001214:	10008970 	.word	0x10008970
10001218:	10007f50 	.word	0x10007f50
1000121c:	40054000 	.word	0x40054000

10001220 <ta_enable_irq_handler>:
10001220:	b570      	push	{r4, r5, r6, lr}
10001222:	0004      	movs	r4, r0
10001224:	000d      	movs	r5, r1
10001226:	0011      	movs	r1, r2
10001228:	2601      	movs	r6, #1
1000122a:	40ae      	lsls	r6, r5
1000122c:	6206      	str	r6, [r0, #32]
1000122e:	0028      	movs	r0, r5
10001230:	f7ff fb64 	bl	100008fc <irq_set_exclusive_handler>
10001234:	2101      	movs	r1, #1
10001236:	0028      	movs	r0, r5
10001238:	f7ff fb36 	bl	100008a8 <irq_set_enabled>
1000123c:	4b02      	ldr	r3, [pc, #8]	@ (10001248 <ta_enable_irq_handler+0x28>)
1000123e:	469c      	mov	ip, r3
10001240:	4464      	add	r4, ip
10001242:	6026      	str	r6, [r4, #0]
10001244:	bd70      	pop	{r4, r5, r6, pc}
10001246:	46c0      	nop			@ (mov r8, r8)
10001248:	00002038 	.word	0x00002038

1000124c <alarm_pool_post_alloc_init>:
1000124c:	b5f8      	push	{r3, r4, r5, r6, r7, lr}
1000124e:	0004      	movs	r4, r0
10001250:	000f      	movs	r7, r1
10001252:	0016      	movs	r6, r2
10001254:	001d      	movs	r5, r3
10001256:	60c1      	str	r1, [r0, #12]
10001258:	f7ff fa5c 	bl	10000714 <next_striped_spin_lock_num>
1000125c:	4b12      	ldr	r3, [pc, #72]	@ (100012a8 <alarm_pool_post_alloc_init+0x5c>)
1000125e:	469c      	mov	ip, r3
10001260:	4460      	add	r0, ip
10001262:	0080      	lsls	r0, r0, #2
10001264:	6120      	str	r0, [r4, #16]
10001266:	7026      	strb	r6, [r4, #0]
10001268:	b2ab      	uxth	r3, r5
1000126a:	8163      	strh	r3, [r4, #10]
1000126c:	22d0      	movs	r2, #208	@ 0xd0
1000126e:	0612      	lsls	r2, r2, #24
10001270:	7812      	ldrb	r2, [r2, #0]
10001272:	7062      	strb	r2, [r4, #1]
10001274:	2201      	movs	r2, #1
10001276:	4252      	negs	r2, r2
10001278:	8122      	strh	r2, [r4, #8]
1000127a:	80a2      	strh	r2, [r4, #4]
1000127c:	189b      	adds	r3, r3, r2
1000127e:	8063      	strh	r3, [r4, #2]
10001280:	2300      	movs	r3, #0
10001282:	e006      	b.n	10001292 <alarm_pool_post_alloc_init+0x46>
10001284:	1e58      	subs	r0, r3, #1
10001286:	6961      	ldr	r1, [r4, #20]
10001288:	005a      	lsls	r2, r3, #1
1000128a:	18d2      	adds	r2, r2, r3
1000128c:	00d2      	lsls	r2, r2, #3
1000128e:	5288      	strh	r0, [r1, r2]
10001290:	3301      	adds	r3, #1
10001292:	42ab      	cmp	r3, r5
10001294:	d3f6      	bcc.n	10001284 <alarm_pool_post_alloc_init+0x38>
10001296:	4b05      	ldr	r3, [pc, #20]	@ (100012ac <alarm_pool_post_alloc_init+0x60>)
10001298:	00b2      	lsls	r2, r6, #2
1000129a:	50d4      	str	r4, [r2, r3]
1000129c:	4a04      	ldr	r2, [pc, #16]	@ (100012b0 <alarm_pool_post_alloc_init+0x64>)
1000129e:	0031      	movs	r1, r6
100012a0:	0038      	movs	r0, r7
100012a2:	f7ff ffbd 	bl	10001220 <ta_enable_irq_handler>
100012a6:	bdf8      	pop	{r3, r4, r5, r6, r7, pc}
100012a8:	34000040 	.word	0x34000040
100012ac:	200018b8 	.word	0x200018b8
100012b0:	10000f0d 	.word	0x10000f0d

100012b4 <alarm_pool_get_default>:
100012b4:	b510      	push	{r4, lr}
100012b6:	4b06      	ldr	r3, [pc, #24]	@ (100012d0 <alarm_pool_get_default+0x1c>)
100012b8:	691b      	ldr	r3, [r3, #16]
100012ba:	2b00      	cmp	r3, #0
100012bc:	d001      	beq.n	100012c2 <alarm_pool_get_default+0xe>
100012be:	4804      	ldr	r0, [pc, #16]	@ (100012d0 <alarm_pool_get_default+0x1c>)
100012c0:	bd10      	pop	{r4, pc}
100012c2:	4b04      	ldr	r3, [pc, #16]	@ (100012d4 <alarm_pool_get_default+0x20>)
100012c4:	4a04      	ldr	r2, [pc, #16]	@ (100012d8 <alarm_pool_get_default+0x24>)
100012c6:	4805      	ldr	r0, [pc, #20]	@ (100012dc <alarm_pool_get_default+0x28>)
100012c8:	2172      	movs	r1, #114	@ 0x72
100012ca:	f002 fe0d 	bl	10003ee8 <__assert_func>
100012ce:	46c0      	nop			@ (mov r8, r8)
100012d0:	20000c34 	.word	0x20000c34
100012d4:	10007f90 	.word	0x10007f90
100012d8:	10008958 	.word	0x10008958
100012dc:	10007f50 	.word	0x10007f50

100012e0 <alarm_pool_add_alarm_at_force_in_context>:
100012e0:	b5f8      	push	{r3, r4, r5, r6, r7, lr}
100012e2:	0004      	movs	r4, r0
100012e4:	6905      	ldr	r5, [r0, #16]
100012e6:	f3ef 8010 	mrs	r0, PRIMASK
100012ea:	b672      	cpsid	i
100012ec:	6829      	ldr	r1, [r5, #0]
100012ee:	2900      	cmp	r1, #0
100012f0:	d0fc      	beq.n	100012ec <alarm_pool_add_alarm_at_force_in_context+0xc>
100012f2:	f3bf 8f5f 	dmb	sy
100012f6:	2102      	movs	r1, #2
100012f8:	5e66      	ldrsh	r6, [r4, r1]
100012fa:	6965      	ldr	r5, [r4, #20]
100012fc:	0071      	lsls	r1, r6, #1
100012fe:	1989      	adds	r1, r1, r6
10001300:	00c9      	lsls	r1, r1, #3
10001302:	186d      	adds	r5, r5, r1
10001304:	2e00      	cmp	r6, #0
10001306:	db02      	blt.n	1000130e <alarm_pool_add_alarm_at_force_in_context+0x2e>
10001308:	2700      	movs	r7, #0
1000130a:	5fe9      	ldrsh	r1, [r5, r7]
1000130c:	8061      	strh	r1, [r4, #2]
1000130e:	6921      	ldr	r1, [r4, #16]
10001310:	f3bf 8f5f 	dmb	sy
10001314:	2700      	movs	r7, #0
10001316:	600f      	str	r7, [r1, #0]
10001318:	f380 8810 	msr	PRIMASK, r0
1000131c:	2e00      	cmp	r6, #0
1000131e:	db2c      	blt.n	1000137a <alarm_pool_add_alarm_at_force_in_context+0x9a>
10001320:	9906      	ldr	r1, [sp, #24]
10001322:	6129      	str	r1, [r5, #16]
10001324:	9907      	ldr	r1, [sp, #28]
10001326:	6169      	str	r1, [r5, #20]
10001328:	60aa      	str	r2, [r5, #8]
1000132a:	60eb      	str	r3, [r5, #12]
1000132c:	886b      	ldrh	r3, [r5, #2]
1000132e:	3301      	adds	r3, #1
10001330:	045b      	lsls	r3, r3, #17
10001332:	0c59      	lsrs	r1, r3, #17
10001334:	2b00      	cmp	r3, #0
10001336:	d100      	bne.n	1000133a <alarm_pool_add_alarm_at_force_in_context+0x5a>
10001338:	2101      	movs	r1, #1
1000133a:	8069      	strh	r1, [r5, #2]
1000133c:	0030      	movs	r0, r6
1000133e:	f7ff fddd 	bl	10000efc <make_alarm_id>
10001342:	6921      	ldr	r1, [r4, #16]
10001344:	f3ef 8310 	mrs	r3, PRIMASK
10001348:	b672      	cpsid	i
1000134a:	680a      	ldr	r2, [r1, #0]
1000134c:	2a00      	cmp	r2, #0
1000134e:	d0fc      	beq.n	1000134a <alarm_pool_add_alarm_at_force_in_context+0x6a>
10001350:	f3bf 8f5f 	dmb	sy
10001354:	88a2      	ldrh	r2, [r4, #4]
10001356:	802a      	strh	r2, [r5, #0]
10001358:	80a6      	strh	r6, [r4, #4]
1000135a:	6922      	ldr	r2, [r4, #16]
1000135c:	f3bf 8f5f 	dmb	sy
10001360:	2100      	movs	r1, #0
10001362:	6011      	str	r1, [r2, #0]
10001364:	f383 8810 	msr	PRIMASK, r3
10001368:	68e3      	ldr	r3, [r4, #12]
1000136a:	7821      	ldrb	r1, [r4, #0]
1000136c:	2201      	movs	r2, #1
1000136e:	408a      	lsls	r2, r1
10001370:	4903      	ldr	r1, [pc, #12]	@ (10001380 <alarm_pool_add_alarm_at_force_in_context+0xa0>)
10001372:	468c      	mov	ip, r1
10001374:	4463      	add	r3, ip
10001376:	601a      	str	r2, [r3, #0]
10001378:	bdf8      	pop	{r3, r4, r5, r6, r7, pc}
1000137a:	2001      	movs	r0, #1
1000137c:	4240      	negs	r0, r0
1000137e:	e7fb      	b.n	10001378 <alarm_pool_add_alarm_at_force_in_context+0x98>
10001380:	0000203c 	.word	0x0000203c

10001384 <alarm_pool_add_alarm_at>:
10001384:	b570      	push	{r4, r5, r6, lr}
10001386:	b082      	sub	sp, #8
10001388:	0006      	movs	r6, r0
1000138a:	0014      	movs	r4, r2
1000138c:	001d      	movs	r5, r3
1000138e:	ab08      	add	r3, sp, #32
10001390:	781b      	ldrb	r3, [r3, #0]
10001392:	2b00      	cmp	r3, #0
10001394:	d107      	bne.n	100013a6 <alarm_pool_add_alarm_at+0x22>
10001396:	f000 f9cb 	bl	10001730 <time_us_64>
1000139a:	0022      	movs	r2, r4
1000139c:	002b      	movs	r3, r5
1000139e:	1a12      	subs	r2, r2, r0
100013a0:	418b      	sbcs	r3, r1
100013a2:	2b00      	cmp	r3, #0
100013a4:	db0a      	blt.n	100013bc <alarm_pool_add_alarm_at+0x38>
100013a6:	9b07      	ldr	r3, [sp, #28]
100013a8:	9301      	str	r3, [sp, #4]
100013aa:	9b06      	ldr	r3, [sp, #24]
100013ac:	9300      	str	r3, [sp, #0]
100013ae:	0022      	movs	r2, r4
100013b0:	002b      	movs	r3, r5
100013b2:	0030      	movs	r0, r6
100013b4:	f7ff ff94 	bl	100012e0 <alarm_pool_add_alarm_at_force_in_context>
100013b8:	b002      	add	sp, #8
100013ba:	bd70      	pop	{r4, r5, r6, pc}
100013bc:	2000      	movs	r0, #0
100013be:	e7fb      	b.n	100013b8 <alarm_pool_add_alarm_at+0x34>

100013c0 <add_alarm_at>:
100013c0:	b5f0      	push	{r4, r5, r6, r7, lr}
100013c2:	46c6      	mov	lr, r8
100013c4:	b500      	push	{lr}
100013c6:	b084      	sub	sp, #16
100013c8:	4680      	mov	r8, r0
100013ca:	000f      	movs	r7, r1
100013cc:	0016      	movs	r6, r2
100013ce:	001d      	movs	r5, r3
100013d0:	ab0a      	add	r3, sp, #40	@ 0x28
100013d2:	781c      	ldrb	r4, [r3, #0]
100013d4:	f7ff ff6e 	bl	100012b4 <alarm_pool_get_default>
100013d8:	9402      	str	r4, [sp, #8]
100013da:	9501      	str	r5, [sp, #4]
100013dc:	9600      	str	r6, [sp, #0]
100013de:	4642      	mov	r2, r8
100013e0:	003b      	movs	r3, r7
100013e2:	f7ff ffcf 	bl	10001384 <alarm_pool_add_alarm_at>
100013e6:	b004      	add	sp, #16
100013e8:	bc80      	pop	{r7}
100013ea:	46b8      	mov	r8, r7
100013ec:	bdf0      	pop	{r4, r5, r6, r7, pc}
	...

100013f0 <alarm_pool_cancel_alarm>:
100013f0:	b530      	push	{r4, r5, lr}
100013f2:	0004      	movs	r4, r0
100013f4:	140a      	asrs	r2, r1, #16
100013f6:	8943      	ldrh	r3, [r0, #10]
100013f8:	429a      	cmp	r2, r3
100013fa:	da30      	bge.n	1000145e <alarm_pool_cancel_alarm+0x6e>
100013fc:	6940      	ldr	r0, [r0, #20]
100013fe:	0053      	lsls	r3, r2, #1
10001400:	189b      	adds	r3, r3, r2
10001402:	00db      	lsls	r3, r3, #3
10001404:	18c3      	adds	r3, r0, r3
10001406:	6922      	ldr	r2, [r4, #16]
10001408:	4694      	mov	ip, r2
1000140a:	f3ef 8210 	mrs	r2, PRIMASK
1000140e:	b672      	cpsid	i
10001410:	4660      	mov	r0, ip
10001412:	6800      	ldr	r0, [r0, #0]
10001414:	2800      	cmp	r0, #0
10001416:	d0fb      	beq.n	10001410 <alarm_pool_cancel_alarm+0x20>
10001418:	f3bf 8f5f 	dmb	sy
1000141c:	8858      	ldrh	r0, [r3, #2]
1000141e:	b285      	uxth	r5, r0
10001420:	0409      	lsls	r1, r1, #16
10001422:	0c09      	lsrs	r1, r1, #16
10001424:	4288      	cmp	r0, r1
10001426:	d012      	beq.n	1000144e <alarm_pool_cancel_alarm+0x5e>
10001428:	2000      	movs	r0, #0
1000142a:	6923      	ldr	r3, [r4, #16]
1000142c:	f3bf 8f5f 	dmb	sy
10001430:	2100      	movs	r1, #0
10001432:	6019      	str	r1, [r3, #0]
10001434:	f382 8810 	msr	PRIMASK, r2
10001438:	2800      	cmp	r0, #0
1000143a:	d011      	beq.n	10001460 <alarm_pool_cancel_alarm+0x70>
1000143c:	68e3      	ldr	r3, [r4, #12]
1000143e:	7821      	ldrb	r1, [r4, #0]
10001440:	2201      	movs	r2, #1
10001442:	408a      	lsls	r2, r1
10001444:	4907      	ldr	r1, [pc, #28]	@ (10001464 <alarm_pool_cancel_alarm+0x74>)
10001446:	468c      	mov	ip, r1
10001448:	4463      	add	r3, ip
1000144a:	601a      	str	r2, [r3, #0]
1000144c:	e008      	b.n	10001460 <alarm_pool_cancel_alarm+0x70>
1000144e:	4906      	ldr	r1, [pc, #24]	@ (10001468 <alarm_pool_cancel_alarm+0x78>)
10001450:	4329      	orrs	r1, r5
10001452:	b289      	uxth	r1, r1
10001454:	8059      	strh	r1, [r3, #2]
10001456:	2301      	movs	r3, #1
10001458:	71a3      	strb	r3, [r4, #6]
1000145a:	2001      	movs	r0, #1
1000145c:	e7e5      	b.n	1000142a <alarm_pool_cancel_alarm+0x3a>
1000145e:	2000      	movs	r0, #0
10001460:	bd30      	pop	{r4, r5, pc}
10001462:	46c0      	nop			@ (mov r8, r8)
10001464:	0000203c 	.word	0x0000203c
10001468:	ffff8000 	.word	0xffff8000

1000146c <cancel_alarm>:
1000146c:	b510      	push	{r4, lr}
1000146e:	0004      	movs	r4, r0
10001470:	f7ff ff20 	bl	100012b4 <alarm_pool_get_default>
10001474:	0021      	movs	r1, r4
10001476:	f7ff ffbb 	bl	100013f0 <alarm_pool_cancel_alarm>
1000147a:	bd10      	pop	{r4, pc}

1000147c <alarm_pool_core_num>:
1000147c:	7840      	ldrb	r0, [r0, #1]
1000147e:	4770      	bx	lr

10001480 <sleep_until>:
10001480:	b5f0      	push	{r4, r5, r6, r7, lr}
10001482:	b083      	sub	sp, #12
10001484:	0006      	movs	r6, r0
10001486:	000f      	movs	r7, r1
10001488:	f3ef 8305 	mrs	r3, IPSR
1000148c:	2b00      	cmp	r3, #0
1000148e:	d11a      	bne.n	100014c6 <sleep_until+0x46>
10001490:	2406      	movs	r4, #6
10001492:	4264      	negs	r4, r4
10001494:	17e5      	asrs	r5, r4, #31
10001496:	19a4      	adds	r4, r4, r6
10001498:	417d      	adcs	r5, r7
1000149a:	428d      	cmp	r5, r1
1000149c:	d802      	bhi.n	100014a4 <sleep_until+0x24>
1000149e:	d103      	bne.n	100014a8 <sleep_until+0x28>
100014a0:	4284      	cmp	r4, r0
100014a2:	d901      	bls.n	100014a8 <sleep_until+0x28>
100014a4:	2400      	movs	r4, #0
100014a6:	2500      	movs	r5, #0
100014a8:	f000 f942 	bl	10001730 <time_us_64>
100014ac:	0022      	movs	r2, r4
100014ae:	002b      	movs	r3, r5
100014b0:	1a12      	subs	r2, r2, r0
100014b2:	418b      	sbcs	r3, r1
100014b4:	2b00      	cmp	r3, #0
100014b6:	dc0b      	bgt.n	100014d0 <sleep_until+0x50>
100014b8:	d008      	beq.n	100014cc <sleep_until+0x4c>
100014ba:	0030      	movs	r0, r6
100014bc:	0039      	movs	r1, r7
100014be:	f000 f949 	bl	10001754 <busy_wait_until>
100014c2:	b003      	add	sp, #12
100014c4:	bdf0      	pop	{r4, r5, r6, r7, pc}
100014c6:	480d      	ldr	r0, [pc, #52]	@ (100014fc <sleep_until+0x7c>)
100014c8:	f7ff f8b2 	bl	10000630 <panic>
100014cc:	2a00      	cmp	r2, #0
100014ce:	d0f4      	beq.n	100014ba <sleep_until+0x3a>
100014d0:	4a0b      	ldr	r2, [pc, #44]	@ (10001500 <sleep_until+0x80>)
100014d2:	2300      	movs	r3, #0
100014d4:	9300      	str	r3, [sp, #0]
100014d6:	0020      	movs	r0, r4
100014d8:	0029      	movs	r1, r5
100014da:	f7ff ff71 	bl	100013c0 <add_alarm_at>
100014de:	2800      	cmp	r0, #0
100014e0:	da01      	bge.n	100014e6 <sleep_until+0x66>
100014e2:	e7ea      	b.n	100014ba <sleep_until+0x3a>
100014e4:	bf20      	wfe
100014e6:	4b07      	ldr	r3, [pc, #28]	@ (10001504 <sleep_until+0x84>)
100014e8:	6a5b      	ldr	r3, [r3, #36]	@ 0x24
100014ea:	429d      	cmp	r5, r3
100014ec:	d8fa      	bhi.n	100014e4 <sleep_until+0x64>
100014ee:	4905      	ldr	r1, [pc, #20]	@ (10001504 <sleep_until+0x84>)
100014f0:	6a89      	ldr	r1, [r1, #40]	@ 0x28
100014f2:	42a1      	cmp	r1, r4
100014f4:	d2e1      	bcs.n	100014ba <sleep_until+0x3a>
100014f6:	429d      	cmp	r5, r3
100014f8:	d1df      	bne.n	100014ba <sleep_until+0x3a>
100014fa:	e7f3      	b.n	100014e4 <sleep_until+0x64>
100014fc:	10007fb4 	.word	0x10007fb4
10001500:	10000f03 	.word	0x10000f03
10001504:	40054000 	.word	0x40054000

10001508 <sleep_us>:
10001508:	b570      	push	{r4, r5, r6, lr}
1000150a:	0004      	movs	r4, r0
1000150c:	000d      	movs	r5, r1
1000150e:	f000 f90f 	bl	10001730 <time_us_64>
10001512:	0022      	movs	r2, r4
10001514:	002b      	movs	r3, r5
10001516:	1812      	adds	r2, r2, r0
10001518:	414b      	adcs	r3, r1
1000151a:	0010      	movs	r0, r2
1000151c:	1e19      	subs	r1, r3, #0
1000151e:	db02      	blt.n	10001526 <sleep_us+0x1e>
10001520:	f7ff ffae 	bl	10001480 <sleep_until>
10001524:	bd70      	pop	{r4, r5, r6, pc}
10001526:	2001      	movs	r0, #1
10001528:	4240      	negs	r0, r0
1000152a:	4901      	ldr	r1, [pc, #4]	@ (10001530 <sleep_us+0x28>)
1000152c:	e7f8      	b.n	10001520 <sleep_us+0x18>
1000152e:	46c0      	nop			@ (mov r8, r8)
10001530:	7fffffff 	.word	0x7fffffff

10001534 <sleep_ms>:
10001534:	b510      	push	{r4, lr}
10001536:	22fa      	movs	r2, #250	@ 0xfa
10001538:	0092      	lsls	r2, r2, #2
1000153a:	2300      	movs	r3, #0
1000153c:	2100      	movs	r1, #0
1000153e:	f001 fb13 	bl	10002b68 <__wrap___aeabi_lmul>
10001542:	f7ff ffe1 	bl	10001508 <sleep_us>
10001546:	bd10      	pop	{r4, pc}

10001548 <best_effort_wfe_or_timeout>:
10001548:	b5f0      	push	{r4, r5, r6, r7, lr}
1000154a:	b085      	sub	sp, #20
1000154c:	9003      	str	r0, [sp, #12]
1000154e:	9102      	str	r1, [sp, #8]
10001550:	f3ef 8305 	mrs	r3, IPSR
10001554:	2b00      	cmp	r3, #0
10001556:	d013      	beq.n	10001580 <best_effort_wfe_or_timeout+0x38>
10001558:	000b      	movs	r3, r1
1000155a:	4a49      	ldr	r2, [pc, #292]	@ (10001680 <best_effort_wfe_or_timeout+0x138>)
1000155c:	6a52      	ldr	r2, [r2, #36]	@ 0x24
1000155e:	428a      	cmp	r2, r1
10001560:	d309      	bcc.n	10001576 <best_effort_wfe_or_timeout+0x2e>
10001562:	4947      	ldr	r1, [pc, #284]	@ (10001680 <best_effort_wfe_or_timeout+0x138>)
10001564:	6a89      	ldr	r1, [r1, #40]	@ 0x28
10001566:	4281      	cmp	r1, r0
10001568:	d208      	bcs.n	1000157c <best_effort_wfe_or_timeout+0x34>
1000156a:	429a      	cmp	r2, r3
1000156c:	d001      	beq.n	10001572 <best_effort_wfe_or_timeout+0x2a>
1000156e:	2001      	movs	r0, #1
10001570:	e002      	b.n	10001578 <best_effort_wfe_or_timeout+0x30>
10001572:	2000      	movs	r0, #0
10001574:	e000      	b.n	10001578 <best_effort_wfe_or_timeout+0x30>
10001576:	2000      	movs	r0, #0
10001578:	b005      	add	sp, #20
1000157a:	bdf0      	pop	{r4, r5, r6, r7, pc}
1000157c:	2001      	movs	r0, #1
1000157e:	e7fb      	b.n	10001578 <best_effort_wfe_or_timeout+0x30>
10001580:	f7ff fe98 	bl	100012b4 <alarm_pool_get_default>
10001584:	68c3      	ldr	r3, [r0, #12]
10001586:	001f      	movs	r7, r3
10001588:	7806      	ldrb	r6, [r0, #0]
1000158a:	9a03      	ldr	r2, [sp, #12]
1000158c:	0014      	movs	r4, r2
1000158e:	9a02      	ldr	r2, [sp, #8]
10001590:	0015      	movs	r5, r2
10001592:	0018      	movs	r0, r3
10001594:	f000 f89c 	bl	100016d0 <timer_time_us_64>
10001598:	0002      	movs	r2, r0
1000159a:	000b      	movs	r3, r1
1000159c:	1aa4      	subs	r4, r4, r2
1000159e:	419d      	sbcs	r5, r3
100015a0:	0022      	movs	r2, r4
100015a2:	1d31      	adds	r1, r6, #4
100015a4:	0089      	lsls	r1, r1, #2
100015a6:	59c9      	ldr	r1, [r1, r7]
100015a8:	1a09      	subs	r1, r1, r0
100015aa:	2000      	movs	r0, #0
100015ac:	42a8      	cmp	r0, r5
100015ae:	dc10      	bgt.n	100015d2 <best_effort_wfe_or_timeout+0x8a>
100015b0:	d00d      	beq.n	100015ce <best_effort_wfe_or_timeout+0x86>
100015b2:	9b02      	ldr	r3, [sp, #8]
100015b4:	4a32      	ldr	r2, [pc, #200]	@ (10001680 <best_effort_wfe_or_timeout+0x138>)
100015b6:	6a52      	ldr	r2, [r2, #36]	@ 0x24
100015b8:	4293      	cmp	r3, r2
100015ba:	d832      	bhi.n	10001622 <best_effort_wfe_or_timeout+0xda>
100015bc:	4930      	ldr	r1, [pc, #192]	@ (10001680 <best_effort_wfe_or_timeout+0x138>)
100015be:	6a89      	ldr	r1, [r1, #40]	@ 0x28
100015c0:	9803      	ldr	r0, [sp, #12]
100015c2:	4281      	cmp	r1, r0
100015c4:	d259      	bcs.n	1000167a <best_effort_wfe_or_timeout+0x132>
100015c6:	4293      	cmp	r3, r2
100015c8:	d02b      	beq.n	10001622 <best_effort_wfe_or_timeout+0xda>
100015ca:	2001      	movs	r0, #1
100015cc:	e7d4      	b.n	10001578 <best_effort_wfe_or_timeout+0x30>
100015ce:	4291      	cmp	r1, r2
100015d0:	d9ef      	bls.n	100015b2 <best_effort_wfe_or_timeout+0x6a>
100015d2:	4a2c      	ldr	r2, [pc, #176]	@ (10001684 <best_effort_wfe_or_timeout+0x13c>)
100015d4:	2300      	movs	r3, #0
100015d6:	9300      	str	r3, [sp, #0]
100015d8:	9d03      	ldr	r5, [sp, #12]
100015da:	0028      	movs	r0, r5
100015dc:	9c02      	ldr	r4, [sp, #8]
100015de:	0021      	movs	r1, r4
100015e0:	f7ff feee 	bl	100013c0 <add_alarm_at>
100015e4:	2800      	cmp	r0, #0
100015e6:	dd30      	ble.n	1000164a <best_effort_wfe_or_timeout+0x102>
100015e8:	9902      	ldr	r1, [sp, #8]
100015ea:	000d      	movs	r5, r1
100015ec:	4b24      	ldr	r3, [pc, #144]	@ (10001680 <best_effort_wfe_or_timeout+0x138>)
100015ee:	6a5b      	ldr	r3, [r3, #36]	@ 0x24
100015f0:	4299      	cmp	r1, r3
100015f2:	d806      	bhi.n	10001602 <best_effort_wfe_or_timeout+0xba>
100015f4:	4a22      	ldr	r2, [pc, #136]	@ (10001680 <best_effort_wfe_or_timeout+0x138>)
100015f6:	6a92      	ldr	r2, [r2, #40]	@ 0x28
100015f8:	9c03      	ldr	r4, [sp, #12]
100015fa:	42a2      	cmp	r2, r4
100015fc:	d202      	bcs.n	10001604 <best_effort_wfe_or_timeout+0xbc>
100015fe:	4299      	cmp	r1, r3
10001600:	d100      	bne.n	10001604 <best_effort_wfe_or_timeout+0xbc>
10001602:	bf20      	wfe
10001604:	f7ff ff32 	bl	1000146c <cancel_alarm>
10001608:	4b1d      	ldr	r3, [pc, #116]	@ (10001680 <best_effort_wfe_or_timeout+0x138>)
1000160a:	6a5b      	ldr	r3, [r3, #36]	@ 0x24
1000160c:	429d      	cmp	r5, r3
1000160e:	d830      	bhi.n	10001672 <best_effort_wfe_or_timeout+0x12a>
10001610:	4a1b      	ldr	r2, [pc, #108]	@ (10001680 <best_effort_wfe_or_timeout+0x138>)
10001612:	6a92      	ldr	r2, [r2, #40]	@ 0x28
10001614:	9803      	ldr	r0, [sp, #12]
10001616:	4282      	cmp	r2, r0
10001618:	d22d      	bcs.n	10001676 <best_effort_wfe_or_timeout+0x12e>
1000161a:	429d      	cmp	r5, r3
1000161c:	d027      	beq.n	1000166e <best_effort_wfe_or_timeout+0x126>
1000161e:	2001      	movs	r0, #1
10001620:	e7aa      	b.n	10001578 <best_effort_wfe_or_timeout+0x30>
10001622:	bf20      	wfe
10001624:	4a16      	ldr	r2, [pc, #88]	@ (10001680 <best_effort_wfe_or_timeout+0x138>)
10001626:	6a52      	ldr	r2, [r2, #36]	@ 0x24
10001628:	4293      	cmp	r3, r2
1000162a:	d80a      	bhi.n	10001642 <best_effort_wfe_or_timeout+0xfa>
1000162c:	4914      	ldr	r1, [pc, #80]	@ (10001680 <best_effort_wfe_or_timeout+0x138>)
1000162e:	6a89      	ldr	r1, [r1, #40]	@ 0x28
10001630:	9803      	ldr	r0, [sp, #12]
10001632:	4281      	cmp	r1, r0
10001634:	d207      	bcs.n	10001646 <best_effort_wfe_or_timeout+0xfe>
10001636:	4293      	cmp	r3, r2
10001638:	d001      	beq.n	1000163e <best_effort_wfe_or_timeout+0xf6>
1000163a:	2001      	movs	r0, #1
1000163c:	e79c      	b.n	10001578 <best_effort_wfe_or_timeout+0x30>
1000163e:	2000      	movs	r0, #0
10001640:	e79a      	b.n	10001578 <best_effort_wfe_or_timeout+0x30>
10001642:	2000      	movs	r0, #0
10001644:	e798      	b.n	10001578 <best_effort_wfe_or_timeout+0x30>
10001646:	2001      	movs	r0, #1
10001648:	e796      	b.n	10001578 <best_effort_wfe_or_timeout+0x30>
1000164a:	4b0d      	ldr	r3, [pc, #52]	@ (10001680 <best_effort_wfe_or_timeout+0x138>)
1000164c:	6a5b      	ldr	r3, [r3, #36]	@ 0x24
1000164e:	429c      	cmp	r4, r3
10001650:	d809      	bhi.n	10001666 <best_effort_wfe_or_timeout+0x11e>
10001652:	490b      	ldr	r1, [pc, #44]	@ (10001680 <best_effort_wfe_or_timeout+0x138>)
10001654:	6a89      	ldr	r1, [r1, #40]	@ 0x28
10001656:	42a9      	cmp	r1, r5
10001658:	d207      	bcs.n	1000166a <best_effort_wfe_or_timeout+0x122>
1000165a:	429c      	cmp	r4, r3
1000165c:	d001      	beq.n	10001662 <best_effort_wfe_or_timeout+0x11a>
1000165e:	2001      	movs	r0, #1
10001660:	e78a      	b.n	10001578 <best_effort_wfe_or_timeout+0x30>
10001662:	2000      	movs	r0, #0
10001664:	e788      	b.n	10001578 <best_effort_wfe_or_timeout+0x30>
10001666:	2000      	movs	r0, #0
10001668:	e786      	b.n	10001578 <best_effort_wfe_or_timeout+0x30>
1000166a:	2001      	movs	r0, #1
1000166c:	e784      	b.n	10001578 <best_effort_wfe_or_timeout+0x30>
1000166e:	2000      	movs	r0, #0
10001670:	e782      	b.n	10001578 <best_effort_wfe_or_timeout+0x30>
10001672:	2000      	movs	r0, #0
10001674:	e780      	b.n	10001578 <best_effort_wfe_or_timeout+0x30>
10001676:	2001      	movs	r0, #1
10001678:	e77e      	b.n	10001578 <best_effort_wfe_or_timeout+0x30>
1000167a:	2001      	movs	r0, #1
1000167c:	e77c      	b.n	10001578 <best_effort_wfe_or_timeout+0x30>
1000167e:	46c0      	nop			@ (mov r8, r8)
10001680:	40054000 	.word	0x40054000
10001684:	10000f03 	.word	0x10000f03

10001688 <alarm_pool_get_default_timer>:
10001688:	4800      	ldr	r0, [pc, #0]	@ (1000168c <alarm_pool_get_default_timer+0x4>)
1000168a:	4770      	bx	lr
1000168c:	40054000 	.word	0x40054000

10001690 <runtime_init_default_alarm_pool>:
10001690:	b510      	push	{r4, lr}
10001692:	4b09      	ldr	r3, [pc, #36]	@ (100016b8 <runtime_init_default_alarm_pool+0x28>)
10001694:	691b      	ldr	r3, [r3, #16]
10001696:	2b00      	cmp	r3, #0
10001698:	d000      	beq.n	1000169c <runtime_init_default_alarm_pool+0xc>
1000169a:	bd10      	pop	{r4, pc}
1000169c:	f7ff fff4 	bl	10001688 <alarm_pool_get_default_timer>
100016a0:	0004      	movs	r4, r0
100016a2:	2103      	movs	r1, #3
100016a4:	f000 f80a 	bl	100016bc <timer_hardware_alarm_claim>
100016a8:	4803      	ldr	r0, [pc, #12]	@ (100016b8 <runtime_init_default_alarm_pool+0x28>)
100016aa:	2310      	movs	r3, #16
100016ac:	2203      	movs	r2, #3
100016ae:	0021      	movs	r1, r4
100016b0:	f7ff fdcc 	bl	1000124c <alarm_pool_post_alloc_init>
100016b4:	e7f1      	b.n	1000169a <runtime_init_default_alarm_pool+0xa>
100016b6:	46c0      	nop			@ (mov r8, r8)
100016b8:	20000c34 	.word	0x20000c34

100016bc <timer_hardware_alarm_claim>:
100016bc:	b510      	push	{r4, lr}
100016be:	4a02      	ldr	r2, [pc, #8]	@ (100016c8 <timer_hardware_alarm_claim+0xc>)
100016c0:	4802      	ldr	r0, [pc, #8]	@ (100016cc <timer_hardware_alarm_claim+0x10>)
100016c2:	f7fe ffe3 	bl	1000068c <hw_claim_or_assert>
100016c6:	bd10      	pop	{r4, pc}
100016c8:	10008004 	.word	0x10008004
100016cc:	20001444 	.word	0x20001444

100016d0 <timer_time_us_64>:
100016d0:	0002      	movs	r2, r0
100016d2:	6a43      	ldr	r3, [r0, #36]	@ 0x24
100016d4:	6a90      	ldr	r0, [r2, #40]	@ 0x28
100016d6:	0019      	movs	r1, r3
100016d8:	6a53      	ldr	r3, [r2, #36]	@ 0x24
100016da:	4299      	cmp	r1, r3
100016dc:	d1fa      	bne.n	100016d4 <timer_time_us_64+0x4>
100016de:	4770      	bx	lr

100016e0 <timer_busy_wait_until>:
100016e0:	6a41      	ldr	r1, [r0, #36]	@ 0x24
100016e2:	e000      	b.n	100016e6 <timer_busy_wait_until+0x6>
100016e4:	6a41      	ldr	r1, [r0, #36]	@ 0x24
100016e6:	4299      	cmp	r1, r3
100016e8:	d3fc      	bcc.n	100016e4 <timer_busy_wait_until+0x4>
100016ea:	e000      	b.n	100016ee <timer_busy_wait_until+0xe>
100016ec:	6a41      	ldr	r1, [r0, #36]	@ 0x24
100016ee:	4299      	cmp	r1, r3
100016f0:	d102      	bne.n	100016f8 <timer_busy_wait_until+0x18>
100016f2:	6a81      	ldr	r1, [r0, #40]	@ 0x28
100016f4:	4291      	cmp	r1, r2
100016f6:	d3f9      	bcc.n	100016ec <timer_busy_wait_until+0xc>
100016f8:	4770      	bx	lr

100016fa <timer_busy_wait_us>:
100016fa:	b570      	push	{r4, r5, r6, lr}
100016fc:	0006      	movs	r6, r0
100016fe:	0014      	movs	r4, r2
10001700:	001d      	movs	r5, r3
10001702:	f7ff ffe5 	bl	100016d0 <timer_time_us_64>
10001706:	0002      	movs	r2, r0
10001708:	000b      	movs	r3, r1
1000170a:	0010      	movs	r0, r2
1000170c:	0019      	movs	r1, r3
1000170e:	0022      	movs	r2, r4
10001710:	002b      	movs	r3, r5
10001712:	1812      	adds	r2, r2, r0
10001714:	414b      	adcs	r3, r1
10001716:	4299      	cmp	r1, r3
10001718:	d802      	bhi.n	10001720 <timer_busy_wait_us+0x26>
1000171a:	d104      	bne.n	10001726 <timer_busy_wait_us+0x2c>
1000171c:	4290      	cmp	r0, r2
1000171e:	d902      	bls.n	10001726 <timer_busy_wait_us+0x2c>
10001720:	2201      	movs	r2, #1
10001722:	4252      	negs	r2, r2
10001724:	17d3      	asrs	r3, r2, #31
10001726:	0030      	movs	r0, r6
10001728:	f7ff ffda 	bl	100016e0 <timer_busy_wait_until>
1000172c:	bd70      	pop	{r4, r5, r6, pc}
	...

10001730 <time_us_64>:
10001730:	b510      	push	{r4, lr}
10001732:	4802      	ldr	r0, [pc, #8]	@ (1000173c <time_us_64+0xc>)
10001734:	f7ff ffcc 	bl	100016d0 <timer_time_us_64>
10001738:	bd10      	pop	{r4, pc}
1000173a:	46c0      	nop			@ (mov r8, r8)
1000173c:	40054000 	.word	0x40054000

10001740 <busy_wait_us>:
10001740:	b510      	push	{r4, lr}
10001742:	0002      	movs	r2, r0
10001744:	000b      	movs	r3, r1
10001746:	4802      	ldr	r0, [pc, #8]	@ (10001750 <busy_wait_us+0x10>)
10001748:	f7ff ffd7 	bl	100016fa <timer_busy_wait_us>
1000174c:	bd10      	pop	{r4, pc}
1000174e:	46c0      	nop			@ (mov r8, r8)
10001750:	40054000 	.word	0x40054000

10001754 <busy_wait_until>:
10001754:	b510      	push	{r4, lr}
10001756:	0002      	movs	r2, r0
10001758:	000b      	movs	r3, r1
1000175a:	4802      	ldr	r0, [pc, #8]	@ (10001764 <busy_wait_until+0x10>)
1000175c:	f7ff ffc0 	bl	100016e0 <timer_busy_wait_until>
10001760:	bd10      	pop	{r4, pc}
10001762:	46c0      	nop			@ (mov r8, r8)
10001764:	40054000 	.word	0x40054000

10001768 <uart_unreset>:
10001768:	4b07      	ldr	r3, [pc, #28]	@ (10001788 <uart_unreset+0x20>)
1000176a:	4298      	cmp	r0, r3
1000176c:	d00a      	beq.n	10001784 <uart_unreset+0x1c>
1000176e:	2316      	movs	r3, #22
10001770:	2201      	movs	r2, #1
10001772:	409a      	lsls	r2, r3
10001774:	4b05      	ldr	r3, [pc, #20]	@ (1000178c <uart_unreset+0x24>)
10001776:	601a      	str	r2, [r3, #0]
10001778:	4b05      	ldr	r3, [pc, #20]	@ (10001790 <uart_unreset+0x28>)
1000177a:	681b      	ldr	r3, [r3, #0]
1000177c:	0011      	movs	r1, r2
1000177e:	4399      	bics	r1, r3
10001780:	d1fa      	bne.n	10001778 <uart_unreset+0x10>
10001782:	4770      	bx	lr
10001784:	2317      	movs	r3, #23
10001786:	e7f3      	b.n	10001770 <uart_unreset+0x8>
10001788:	40038000 	.word	0x40038000
1000178c:	4000f000 	.word	0x4000f000
10001790:	4000c008 	.word	0x4000c008

10001794 <uart_disable_before_lcr_write>:
10001794:	b570      	push	{r4, r5, r6, lr}
10001796:	6b04      	ldr	r4, [r0, #48]	@ 0x30
10001798:	07e3      	lsls	r3, r4, #31
1000179a:	d401      	bmi.n	100017a0 <uart_disable_before_lcr_write+0xc>
1000179c:	0020      	movs	r0, r4
1000179e:	bd70      	pop	{r4, r5, r6, pc}
100017a0:	4b0b      	ldr	r3, [pc, #44]	@ (100017d0 <uart_disable_before_lcr_write+0x3c>)
100017a2:	18c3      	adds	r3, r0, r3
100017a4:	4a0b      	ldr	r2, [pc, #44]	@ (100017d4 <uart_disable_before_lcr_write+0x40>)
100017a6:	601a      	str	r2, [r3, #0]
100017a8:	6a43      	ldr	r3, [r0, #36]	@ 0x24
100017aa:	6a82      	ldr	r2, [r0, #40]	@ 0x28
100017ac:	019b      	lsls	r3, r3, #6
100017ae:	189b      	adds	r3, r3, r2
100017b0:	029d      	lsls	r5, r3, #10
100017b2:	2006      	movs	r0, #6
100017b4:	f000 f918 	bl	100019e8 <clock_get_hz>
100017b8:	4907      	ldr	r1, [pc, #28]	@ (100017d8 <uart_disable_before_lcr_write+0x44>)
100017ba:	f000 fb99 	bl	10001ef0 <__wrap___aeabi_uidiv>
100017be:	0001      	movs	r1, r0
100017c0:	0028      	movs	r0, r5
100017c2:	f000 fb95 	bl	10001ef0 <__wrap___aeabi_uidiv>
100017c6:	2100      	movs	r1, #0
100017c8:	f7ff ffba 	bl	10001740 <busy_wait_us>
100017cc:	e7e6      	b.n	1000179c <uart_disable_before_lcr_write+0x8>
100017ce:	46c0      	nop			@ (mov r8, r8)
100017d0:	00003030 	.word	0x00003030
100017d4:	00000301 	.word	0x00000301
100017d8:	00000e4e 	.word	0x00000e4e

100017dc <uart_write_lcr_bits_masked>:
100017dc:	b570      	push	{r4, r5, r6, lr}
100017de:	0004      	movs	r4, r0
100017e0:	000e      	movs	r6, r1
100017e2:	0015      	movs	r5, r2
100017e4:	f7ff ffd6 	bl	10001794 <uart_disable_before_lcr_write>
100017e8:	6ae1      	ldr	r1, [r4, #44]	@ 0x2c
100017ea:	0033      	movs	r3, r6
100017ec:	404b      	eors	r3, r1
100017ee:	0019      	movs	r1, r3
100017f0:	002b      	movs	r3, r5
100017f2:	400b      	ands	r3, r1
100017f4:	0019      	movs	r1, r3
100017f6:	4b02      	ldr	r3, [pc, #8]	@ (10001800 <uart_write_lcr_bits_masked+0x24>)
100017f8:	18e3      	adds	r3, r4, r3
100017fa:	6019      	str	r1, [r3, #0]
100017fc:	6320      	str	r0, [r4, #48]	@ 0x30
100017fe:	bd70      	pop	{r4, r5, r6, pc}
10001800:	0000102c 	.word	0x0000102c

10001804 <uart_set_baudrate>:
10001804:	b570      	push	{r4, r5, r6, lr}
10001806:	0005      	movs	r5, r0
10001808:	000c      	movs	r4, r1
1000180a:	2006      	movs	r0, #6
1000180c:	f000 f8ec 	bl	100019e8 <clock_get_hz>
10001810:	00c0      	lsls	r0, r0, #3
10001812:	0021      	movs	r1, r4
10001814:	f000 fb6c 	bl	10001ef0 <__wrap___aeabi_uidiv>
10001818:	3001      	adds	r0, #1
1000181a:	09c6      	lsrs	r6, r0, #7
1000181c:	d007      	beq.n	1000182e <uart_set_baudrate+0x2a>
1000181e:	4b0e      	ldr	r3, [pc, #56]	@ (10001858 <uart_set_baudrate+0x54>)
10001820:	429e      	cmp	r6, r3
10001822:	d815      	bhi.n	10001850 <uart_set_baudrate+0x4c>
10001824:	0840      	lsrs	r0, r0, #1
10001826:	0034      	movs	r4, r6
10001828:	263f      	movs	r6, #63	@ 0x3f
1000182a:	4006      	ands	r6, r0
1000182c:	e000      	b.n	10001830 <uart_set_baudrate+0x2c>
1000182e:	2401      	movs	r4, #1
10001830:	626c      	str	r4, [r5, #36]	@ 0x24
10001832:	62ae      	str	r6, [r5, #40]	@ 0x28
10001834:	2200      	movs	r2, #0
10001836:	2100      	movs	r1, #0
10001838:	0028      	movs	r0, r5
1000183a:	f7ff ffcf 	bl	100017dc <uart_write_lcr_bits_masked>
1000183e:	2006      	movs	r0, #6
10001840:	f000 f8d2 	bl	100019e8 <clock_get_hz>
10001844:	0080      	lsls	r0, r0, #2
10001846:	01a1      	lsls	r1, r4, #6
10001848:	1989      	adds	r1, r1, r6
1000184a:	f000 fb51 	bl	10001ef0 <__wrap___aeabi_uidiv>
1000184e:	bd70      	pop	{r4, r5, r6, pc}
10001850:	2600      	movs	r6, #0
10001852:	4c02      	ldr	r4, [pc, #8]	@ (1000185c <uart_set_baudrate+0x58>)
10001854:	e7ec      	b.n	10001830 <uart_set_baudrate+0x2c>
10001856:	46c0      	nop			@ (mov r8, r8)
10001858:	0000fffe 	.word	0x0000fffe
1000185c:	0000ffff 	.word	0x0000ffff

10001860 <uart_set_translate_crlf>:
10001860:	2900      	cmp	r1, #0
10001862:	d009      	beq.n	10001878 <uart_set_translate_crlf+0x18>
10001864:	220a      	movs	r2, #10
10001866:	4b06      	ldr	r3, [pc, #24]	@ (10001880 <uart_set_translate_crlf+0x20>)
10001868:	469c      	mov	ip, r3
1000186a:	4460      	add	r0, ip
1000186c:	4243      	negs	r3, r0
1000186e:	4158      	adcs	r0, r3
10001870:	4b04      	ldr	r3, [pc, #16]	@ (10001884 <uart_set_translate_crlf+0x24>)
10001872:	0040      	lsls	r0, r0, #1
10001874:	52c2      	strh	r2, [r0, r3]
10001876:	4770      	bx	lr
10001878:	2280      	movs	r2, #128	@ 0x80
1000187a:	0052      	lsls	r2, r2, #1
1000187c:	e7f3      	b.n	10001866 <uart_set_translate_crlf+0x6>
1000187e:	46c0      	nop			@ (mov r8, r8)
10001880:	bffc8000 	.word	0xbffc8000
10001884:	20001adc 	.word	0x20001adc

10001888 <uart_init>:
10001888:	b570      	push	{r4, r5, r6, lr}
1000188a:	0004      	movs	r4, r0
1000188c:	000d      	movs	r5, r1
1000188e:	2006      	movs	r0, #6
10001890:	f000 f8aa 	bl	100019e8 <clock_get_hz>
10001894:	2800      	cmp	r0, #0
10001896:	d01e      	beq.n	100018d6 <uart_init+0x4e>
10001898:	4b10      	ldr	r3, [pc, #64]	@ (100018dc <uart_init+0x54>)
1000189a:	429c      	cmp	r4, r3
1000189c:	d01c      	beq.n	100018d8 <uart_init+0x50>
1000189e:	2216      	movs	r2, #22
100018a0:	2301      	movs	r3, #1
100018a2:	4093      	lsls	r3, r2
100018a4:	4a0e      	ldr	r2, [pc, #56]	@ (100018e0 <uart_init+0x58>)
100018a6:	6013      	str	r3, [r2, #0]
100018a8:	0020      	movs	r0, r4
100018aa:	f7ff ff5d 	bl	10001768 <uart_unreset>
100018ae:	2100      	movs	r1, #0
100018b0:	0020      	movs	r0, r4
100018b2:	f7ff ffd5 	bl	10001860 <uart_set_translate_crlf>
100018b6:	0029      	movs	r1, r5
100018b8:	0020      	movs	r0, r4
100018ba:	f7ff ffa3 	bl	10001804 <uart_set_baudrate>
100018be:	6ae2      	ldr	r2, [r4, #44]	@ 0x2c
100018c0:	2370      	movs	r3, #112	@ 0x70
100018c2:	405a      	eors	r2, r3
100018c4:	330e      	adds	r3, #14
100018c6:	4013      	ands	r3, r2
100018c8:	4a06      	ldr	r2, [pc, #24]	@ (100018e4 <uart_init+0x5c>)
100018ca:	18a2      	adds	r2, r4, r2
100018cc:	6013      	str	r3, [r2, #0]
100018ce:	4b06      	ldr	r3, [pc, #24]	@ (100018e8 <uart_init+0x60>)
100018d0:	6323      	str	r3, [r4, #48]	@ 0x30
100018d2:	2303      	movs	r3, #3
100018d4:	64a3      	str	r3, [r4, #72]	@ 0x48
100018d6:	bd70      	pop	{r4, r5, r6, pc}
100018d8:	2217      	movs	r2, #23
100018da:	e7e1      	b.n	100018a0 <uart_init+0x18>
100018dc:	40038000 	.word	0x40038000
100018e0:	4000e000 	.word	0x4000e000
100018e4:	0000102c 	.word	0x0000102c
100018e8:	00000301 	.word	0x00000301

100018ec <clock_configure_internal>:
100018ec:	b5f8      	push	{r3, r4, r5, r6, r7, lr}
100018ee:	46ce      	mov	lr, r9
100018f0:	4647      	mov	r7, r8
100018f2:	b580      	push	{r7, lr}
100018f4:	0005      	movs	r5, r0
100018f6:	000e      	movs	r6, r1
100018f8:	4690      	mov	r8, r2
100018fa:	4699      	mov	r9, r3
100018fc:	0044      	lsls	r4, r0, #1
100018fe:	1824      	adds	r4, r4, r0
10001900:	00a4      	lsls	r4, r4, #2
10001902:	4b28      	ldr	r3, [pc, #160]	@ (100019a4 <clock_configure_internal+0xb8>)
10001904:	469c      	mov	ip, r3
10001906:	4464      	add	r4, ip
10001908:	6863      	ldr	r3, [r4, #4]
1000190a:	9a08      	ldr	r2, [sp, #32]
1000190c:	4293      	cmp	r3, r2
1000190e:	d200      	bcs.n	10001912 <clock_configure_internal+0x26>
10001910:	6062      	str	r2, [r4, #4]
10001912:	1f2f      	subs	r7, r5, #4
10001914:	b2ff      	uxtb	r7, r7
10001916:	2f01      	cmp	r7, #1
10001918:	d92e      	bls.n	10001978 <clock_configure_internal+0x8c>
1000191a:	2280      	movs	r2, #128	@ 0x80
1000191c:	0112      	lsls	r2, r2, #4
1000191e:	23c0      	movs	r3, #192	@ 0xc0
10001920:	019b      	lsls	r3, r3, #6
10001922:	18e3      	adds	r3, r4, r3
10001924:	601a      	str	r2, [r3, #0]
10001926:	4b20      	ldr	r3, [pc, #128]	@ (100019a8 <clock_configure_internal+0xbc>)
10001928:	00aa      	lsls	r2, r5, #2
1000192a:	58d1      	ldr	r1, [r2, r3]
1000192c:	2900      	cmp	r1, #0
1000192e:	d007      	beq.n	10001940 <clock_configure_internal+0x54>
10001930:	6958      	ldr	r0, [r3, #20]
10001932:	f000 fadd 	bl	10001ef0 <__wrap___aeabi_uidiv>
10001936:	3001      	adds	r0, #1
10001938:	0043      	lsls	r3, r0, #1
1000193a:	181b      	adds	r3, r3, r0
1000193c:	3b03      	subs	r3, #3
1000193e:	d2fd      	bcs.n	1000193c <clock_configure_internal+0x50>
10001940:	4643      	mov	r3, r8
10001942:	015b      	lsls	r3, r3, #5
10001944:	6822      	ldr	r2, [r4, #0]
10001946:	4053      	eors	r3, r2
10001948:	22e0      	movs	r2, #224	@ 0xe0
1000194a:	4013      	ands	r3, r2
1000194c:	2280      	movs	r2, #128	@ 0x80
1000194e:	0152      	lsls	r2, r2, #5
10001950:	18a2      	adds	r2, r4, r2
10001952:	6013      	str	r3, [r2, #0]
10001954:	2f01      	cmp	r7, #1
10001956:	d91a      	bls.n	1000198e <clock_configure_internal+0xa2>
10001958:	2380      	movs	r3, #128	@ 0x80
1000195a:	019b      	lsls	r3, r3, #6
1000195c:	18e3      	adds	r3, r4, r3
1000195e:	2280      	movs	r2, #128	@ 0x80
10001960:	0112      	lsls	r2, r2, #4
10001962:	601a      	str	r2, [r3, #0]
10001964:	9b08      	ldr	r3, [sp, #32]
10001966:	6063      	str	r3, [r4, #4]
10001968:	4b0f      	ldr	r3, [pc, #60]	@ (100019a8 <clock_configure_internal+0xbc>)
1000196a:	00ad      	lsls	r5, r5, #2
1000196c:	464a      	mov	r2, r9
1000196e:	50ea      	str	r2, [r5, r3]
10001970:	bcc0      	pop	{r6, r7}
10001972:	46b9      	mov	r9, r7
10001974:	46b0      	mov	r8, r6
10001976:	bdf8      	pop	{r3, r4, r5, r6, r7, pc}
10001978:	2e01      	cmp	r6, #1
1000197a:	d1ce      	bne.n	1000191a <clock_configure_internal+0x2e>
1000197c:	2203      	movs	r2, #3
1000197e:	23c0      	movs	r3, #192	@ 0xc0
10001980:	019b      	lsls	r3, r3, #6
10001982:	18e3      	adds	r3, r4, r3
10001984:	601a      	str	r2, [r3, #0]
10001986:	68a3      	ldr	r3, [r4, #8]
10001988:	07db      	lsls	r3, r3, #31
1000198a:	d5fc      	bpl.n	10001986 <clock_configure_internal+0x9a>
1000198c:	e7d8      	b.n	10001940 <clock_configure_internal+0x54>
1000198e:	6821      	ldr	r1, [r4, #0]
10001990:	4071      	eors	r1, r6
10001992:	2303      	movs	r3, #3
10001994:	400b      	ands	r3, r1
10001996:	6013      	str	r3, [r2, #0]
10001998:	68a3      	ldr	r3, [r4, #8]
1000199a:	2201      	movs	r2, #1
1000199c:	40b2      	lsls	r2, r6
1000199e:	421a      	tst	r2, r3
100019a0:	d0fa      	beq.n	10001998 <clock_configure_internal+0xac>
100019a2:	e7d9      	b.n	10001958 <clock_configure_internal+0x6c>
100019a4:	40008000 	.word	0x40008000
100019a8:	20001448 	.word	0x20001448

100019ac <clock_configure_int_divider>:
100019ac:	b570      	push	{r4, r5, r6, lr}
100019ae:	b082      	sub	sp, #8
100019b0:	0006      	movs	r6, r0
100019b2:	000d      	movs	r5, r1
100019b4:	0014      	movs	r4, r2
100019b6:	0018      	movs	r0, r3
100019b8:	9906      	ldr	r1, [sp, #24]
100019ba:	f000 fa99 	bl	10001ef0 <__wrap___aeabi_uidiv>
100019be:	0003      	movs	r3, r0
100019c0:	9a06      	ldr	r2, [sp, #24]
100019c2:	0211      	lsls	r1, r2, #8
100019c4:	9100      	str	r1, [sp, #0]
100019c6:	0022      	movs	r2, r4
100019c8:	0029      	movs	r1, r5
100019ca:	0030      	movs	r0, r6
100019cc:	f7ff ff8e 	bl	100018ec <clock_configure_internal>
100019d0:	b002      	add	sp, #8
100019d2:	bd70      	pop	{r4, r5, r6, pc}

100019d4 <clock_configure_undivided>:
100019d4:	b510      	push	{r4, lr}
100019d6:	b082      	sub	sp, #8
100019d8:	2480      	movs	r4, #128	@ 0x80
100019da:	0064      	lsls	r4, r4, #1
100019dc:	9400      	str	r4, [sp, #0]
100019de:	f7ff ff85 	bl	100018ec <clock_configure_internal>
100019e2:	b002      	add	sp, #8
100019e4:	bd10      	pop	{r4, pc}
	...

100019e8 <clock_get_hz>:
100019e8:	4b01      	ldr	r3, [pc, #4]	@ (100019f0 <clock_get_hz+0x8>)
100019ea:	0080      	lsls	r0, r0, #2
100019ec:	58c0      	ldr	r0, [r0, r3]
100019ee:	4770      	bx	lr
100019f0:	20001448 	.word	0x20001448

100019f4 <pll_init>:
100019f4:	b5f0      	push	{r4, r5, r6, r7, lr}
100019f6:	46c6      	mov	lr, r8
100019f8:	b500      	push	{lr}
100019fa:	0004      	movs	r4, r0
100019fc:	000e      	movs	r6, r1
100019fe:	0017      	movs	r7, r2
10001a00:	001d      	movs	r5, r3
10001a02:	4837      	ldr	r0, [pc, #220]	@ (10001ae0 <pll_init+0xec>)
10001a04:	f000 fa74 	bl	10001ef0 <__wrap___aeabi_uidiv>
10001a08:	4680      	mov	r8, r0
10001a0a:	4b36      	ldr	r3, [pc, #216]	@ (10001ae4 <pll_init+0xf0>)
10001a0c:	18fa      	adds	r2, r7, r3
10001a0e:	4b36      	ldr	r3, [pc, #216]	@ (10001ae8 <pll_init+0xf4>)
10001a10:	429a      	cmp	r2, r3
10001a12:	d839      	bhi.n	10001a88 <pll_init+0x94>
10001a14:	0001      	movs	r1, r0
10001a16:	0038      	movs	r0, r7
10001a18:	f000 fa6a 	bl	10001ef0 <__wrap___aeabi_uidiv>
10001a1c:	0002      	movs	r2, r0
10001a1e:	3a10      	subs	r2, #16
10001a20:	2398      	movs	r3, #152	@ 0x98
10001a22:	005b      	lsls	r3, r3, #1
10001a24:	429a      	cmp	r2, r3
10001a26:	d835      	bhi.n	10001a94 <pll_init+0xa0>
10001a28:	1e6b      	subs	r3, r5, #1
10001a2a:	2b06      	cmp	r3, #6
10001a2c:	d838      	bhi.n	10001aa0 <pll_init+0xac>
10001a2e:	9b06      	ldr	r3, [sp, #24]
10001a30:	3b01      	subs	r3, #1
10001a32:	2b06      	cmp	r3, #6
10001a34:	d834      	bhi.n	10001aa0 <pll_init+0xac>
10001a36:	093f      	lsrs	r7, r7, #4
10001a38:	4547      	cmp	r7, r8
10001a3a:	d337      	bcc.n	10001aac <pll_init+0xb8>
10001a3c:	042d      	lsls	r5, r5, #16
10001a3e:	9b06      	ldr	r3, [sp, #24]
10001a40:	031b      	lsls	r3, r3, #12
10001a42:	431d      	orrs	r5, r3
10001a44:	6823      	ldr	r3, [r4, #0]
10001a46:	2b00      	cmp	r3, #0
10001a48:	db36      	blt.n	10001ab8 <pll_init+0xc4>
10001a4a:	4b28      	ldr	r3, [pc, #160]	@ (10001aec <pll_init+0xf8>)
10001a4c:	429c      	cmp	r4, r3
10001a4e:	d044      	beq.n	10001ada <pll_init+0xe6>
10001a50:	220c      	movs	r2, #12
10001a52:	2301      	movs	r3, #1
10001a54:	4093      	lsls	r3, r2
10001a56:	4a26      	ldr	r2, [pc, #152]	@ (10001af0 <pll_init+0xfc>)
10001a58:	6013      	str	r3, [r2, #0]
10001a5a:	4a26      	ldr	r2, [pc, #152]	@ (10001af4 <pll_init+0x100>)
10001a5c:	6013      	str	r3, [r2, #0]
10001a5e:	4a26      	ldr	r2, [pc, #152]	@ (10001af8 <pll_init+0x104>)
10001a60:	6812      	ldr	r2, [r2, #0]
10001a62:	0019      	movs	r1, r3
10001a64:	4391      	bics	r1, r2
10001a66:	1e0a      	subs	r2, r1, #0
10001a68:	d1f9      	bne.n	10001a5e <pll_init+0x6a>
10001a6a:	6026      	str	r6, [r4, #0]
10001a6c:	60a0      	str	r0, [r4, #8]
10001a6e:	4b23      	ldr	r3, [pc, #140]	@ (10001afc <pll_init+0x108>)
10001a70:	18e3      	adds	r3, r4, r3
10001a72:	3221      	adds	r2, #33	@ 0x21
10001a74:	601a      	str	r2, [r3, #0]
10001a76:	6822      	ldr	r2, [r4, #0]
10001a78:	2a00      	cmp	r2, #0
10001a7a:	dafc      	bge.n	10001a76 <pll_init+0x82>
10001a7c:	60e5      	str	r5, [r4, #12]
10001a7e:	2208      	movs	r2, #8
10001a80:	601a      	str	r2, [r3, #0]
10001a82:	bc80      	pop	{r7}
10001a84:	46b8      	mov	r8, r7
10001a86:	bdf0      	pop	{r4, r5, r6, r7, pc}
10001a88:	4b1d      	ldr	r3, [pc, #116]	@ (10001b00 <pll_init+0x10c>)
10001a8a:	4a1e      	ldr	r2, [pc, #120]	@ (10001b04 <pll_init+0x110>)
10001a8c:	481e      	ldr	r0, [pc, #120]	@ (10001b08 <pll_init+0x114>)
10001a8e:	2111      	movs	r1, #17
10001a90:	f002 fa2a 	bl	10003ee8 <__assert_func>
10001a94:	4b1d      	ldr	r3, [pc, #116]	@ (10001b0c <pll_init+0x118>)
10001a96:	4a1b      	ldr	r2, [pc, #108]	@ (10001b04 <pll_init+0x110>)
10001a98:	481b      	ldr	r0, [pc, #108]	@ (10001b08 <pll_init+0x114>)
10001a9a:	2119      	movs	r1, #25
10001a9c:	f002 fa24 	bl	10003ee8 <__assert_func>
10001aa0:	4b1b      	ldr	r3, [pc, #108]	@ (10001b10 <pll_init+0x11c>)
10001aa2:	4a18      	ldr	r2, [pc, #96]	@ (10001b04 <pll_init+0x110>)
10001aa4:	4818      	ldr	r0, [pc, #96]	@ (10001b08 <pll_init+0x114>)
10001aa6:	211c      	movs	r1, #28
10001aa8:	f002 fa1e 	bl	10003ee8 <__assert_func>
10001aac:	4b19      	ldr	r3, [pc, #100]	@ (10001b14 <pll_init+0x120>)
10001aae:	4a15      	ldr	r2, [pc, #84]	@ (10001b04 <pll_init+0x110>)
10001ab0:	4815      	ldr	r0, [pc, #84]	@ (10001b08 <pll_init+0x114>)
10001ab2:	2123      	movs	r1, #35	@ 0x23
10001ab4:	f002 fa18 	bl	10003ee8 <__assert_func>
10001ab8:	6822      	ldr	r2, [r4, #0]
10001aba:	233f      	movs	r3, #63	@ 0x3f
10001abc:	4013      	ands	r3, r2
10001abe:	42b3      	cmp	r3, r6
10001ac0:	d1c3      	bne.n	10001a4a <pll_init+0x56>
10001ac2:	68a3      	ldr	r3, [r4, #8]
10001ac4:	051b      	lsls	r3, r3, #20
10001ac6:	0d1b      	lsrs	r3, r3, #20
10001ac8:	4283      	cmp	r3, r0
10001aca:	d1be      	bne.n	10001a4a <pll_init+0x56>
10001acc:	68e3      	ldr	r3, [r4, #12]
10001ace:	22ee      	movs	r2, #238	@ 0xee
10001ad0:	02d2      	lsls	r2, r2, #11
10001ad2:	4013      	ands	r3, r2
10001ad4:	42ab      	cmp	r3, r5
10001ad6:	d1b8      	bne.n	10001a4a <pll_init+0x56>
10001ad8:	e7d3      	b.n	10001a82 <pll_init+0x8e>
10001ada:	220d      	movs	r2, #13
10001adc:	e7b9      	b.n	10001a52 <pll_init+0x5e>
10001ade:	46c0      	nop			@ (mov r8, r8)
10001ae0:	00b71b00 	.word	0x00b71b00
10001ae4:	d34be880 	.word	0xd34be880
10001ae8:	32a9f880 	.word	0x32a9f880
10001aec:	4002c000 	.word	0x4002c000
10001af0:	4000e000 	.word	0x4000e000
10001af4:	4000f000 	.word	0x4000f000
10001af8:	4000c008 	.word	0x4000c008
10001afc:	00003004 	.word	0x00003004
10001b00:	10008028 	.word	0x10008028
10001b04:	10008988 	.word	0x10008988
10001b08:	10008078 	.word	0x10008078
10001b0c:	100080c0 	.word	0x100080c0
10001b10:	100080dc 	.word	0x100080dc
10001b14:	10008128 	.word	0x10008128

10001b18 <watchdog_update>:
10001b18:	4b02      	ldr	r3, [pc, #8]	@ (10001b24 <watchdog_update+0xc>)
10001b1a:	681a      	ldr	r2, [r3, #0]
10001b1c:	4b02      	ldr	r3, [pc, #8]	@ (10001b28 <watchdog_update+0x10>)
10001b1e:	605a      	str	r2, [r3, #4]
10001b20:	4770      	bx	lr
10001b22:	46c0      	nop			@ (mov r8, r8)
10001b24:	200018a8 	.word	0x200018a8
10001b28:	40058000 	.word	0x40058000

10001b2c <_watchdog_enable>:
10001b2c:	b510      	push	{r4, lr}
10001b2e:	4b17      	ldr	r3, [pc, #92]	@ (10001b8c <_watchdog_enable+0x60>)
10001b30:	2280      	movs	r2, #128	@ 0x80
10001b32:	05d2      	lsls	r2, r2, #23
10001b34:	601a      	str	r2, [r3, #0]
10001b36:	4b16      	ldr	r3, [pc, #88]	@ (10001b90 <_watchdog_enable+0x64>)
10001b38:	4a16      	ldr	r2, [pc, #88]	@ (10001b94 <_watchdog_enable+0x68>)
10001b3a:	601a      	str	r2, [r3, #0]
10001b3c:	2900      	cmp	r1, #0
10001b3e:	d00a      	beq.n	10001b56 <_watchdog_enable+0x2a>
10001b40:	4b15      	ldr	r3, [pc, #84]	@ (10001b98 <_watchdog_enable+0x6c>)
10001b42:	22e0      	movs	r2, #224	@ 0xe0
10001b44:	04d2      	lsls	r2, r2, #19
10001b46:	601a      	str	r2, [r3, #0]
10001b48:	2800      	cmp	r0, #0
10001b4a:	d109      	bne.n	10001b60 <_watchdog_enable+0x34>
10001b4c:	4b12      	ldr	r3, [pc, #72]	@ (10001b98 <_watchdog_enable+0x6c>)
10001b4e:	2280      	movs	r2, #128	@ 0x80
10001b50:	0612      	lsls	r2, r2, #24
10001b52:	601a      	str	r2, [r3, #0]
10001b54:	bd10      	pop	{r4, pc}
10001b56:	4b0d      	ldr	r3, [pc, #52]	@ (10001b8c <_watchdog_enable+0x60>)
10001b58:	22e0      	movs	r2, #224	@ 0xe0
10001b5a:	04d2      	lsls	r2, r2, #19
10001b5c:	601a      	str	r2, [r3, #0]
10001b5e:	e7f3      	b.n	10001b48 <_watchdog_enable+0x1c>
10001b60:	0143      	lsls	r3, r0, #5
10001b62:	1a1b      	subs	r3, r3, r0
10001b64:	009b      	lsls	r3, r3, #2
10001b66:	1818      	adds	r0, r3, r0
10001b68:	0100      	lsls	r0, r0, #4
10001b6a:	4b0c      	ldr	r3, [pc, #48]	@ (10001b9c <_watchdog_enable+0x70>)
10001b6c:	6018      	str	r0, [r3, #0]
10001b6e:	2380      	movs	r3, #128	@ 0x80
10001b70:	045b      	lsls	r3, r3, #17
10001b72:	4298      	cmp	r0, r3
10001b74:	d302      	bcc.n	10001b7c <_watchdog_enable+0x50>
10001b76:	4b09      	ldr	r3, [pc, #36]	@ (10001b9c <_watchdog_enable+0x70>)
10001b78:	4a09      	ldr	r2, [pc, #36]	@ (10001ba0 <_watchdog_enable+0x74>)
10001b7a:	601a      	str	r2, [r3, #0]
10001b7c:	f7ff ffcc 	bl	10001b18 <watchdog_update>
10001b80:	4b05      	ldr	r3, [pc, #20]	@ (10001b98 <_watchdog_enable+0x6c>)
10001b82:	2280      	movs	r2, #128	@ 0x80
10001b84:	05d2      	lsls	r2, r2, #23
10001b86:	601a      	str	r2, [r3, #0]
10001b88:	e7e4      	b.n	10001b54 <_watchdog_enable+0x28>
10001b8a:	46c0      	nop			@ (mov r8, r8)
10001b8c:	4005b000 	.word	0x4005b000
10001b90:	40012008 	.word	0x40012008
10001b94:	0001fffc 	.word	0x0001fffc
10001b98:	4005a000 	.word	0x4005a000
10001b9c:	200018a8 	.word	0x200018a8
10001ba0:	00ffffff 	.word	0x00ffffff

10001ba4 <watchdog_reboot>:
10001ba4:	b510      	push	{r4, lr}
10001ba6:	0003      	movs	r3, r0
10001ba8:	000c      	movs	r4, r1
10001baa:	0010      	movs	r0, r2
10001bac:	4a0b      	ldr	r2, [pc, #44]	@ (10001bdc <watchdog_reboot+0x38>)
10001bae:	2180      	movs	r1, #128	@ 0x80
10001bb0:	05c9      	lsls	r1, r1, #23
10001bb2:	6011      	str	r1, [r2, #0]
10001bb4:	2b00      	cmp	r3, #0
10001bb6:	d00d      	beq.n	10001bd4 <watchdog_reboot+0x30>
10001bb8:	2201      	movs	r2, #1
10001bba:	4313      	orrs	r3, r2
10001bbc:	4a08      	ldr	r2, [pc, #32]	@ (10001be0 <watchdog_reboot+0x3c>)
10001bbe:	4909      	ldr	r1, [pc, #36]	@ (10001be4 <watchdog_reboot+0x40>)
10001bc0:	61d1      	str	r1, [r2, #28]
10001bc2:	4909      	ldr	r1, [pc, #36]	@ (10001be8 <watchdog_reboot+0x44>)
10001bc4:	4059      	eors	r1, r3
10001bc6:	6211      	str	r1, [r2, #32]
10001bc8:	6254      	str	r4, [r2, #36]	@ 0x24
10001bca:	6293      	str	r3, [r2, #40]	@ 0x28
10001bcc:	2100      	movs	r1, #0
10001bce:	f7ff ffad 	bl	10001b2c <_watchdog_enable>
10001bd2:	bd10      	pop	{r4, pc}
10001bd4:	4b02      	ldr	r3, [pc, #8]	@ (10001be0 <watchdog_reboot+0x3c>)
10001bd6:	2200      	movs	r2, #0
10001bd8:	61da      	str	r2, [r3, #28]
10001bda:	e7f7      	b.n	10001bcc <watchdog_reboot+0x28>
10001bdc:	4005b000 	.word	0x4005b000
10001be0:	40058000 	.word	0x40058000
10001be4:	b007c0d3 	.word	0xb007c0d3
10001be8:	4ff83f2d 	.word	0x4ff83f2d

10001bec <tick_start>:
10001bec:	2380      	movs	r3, #128	@ 0x80
10001bee:	009b      	lsls	r3, r3, #2
10001bf0:	430b      	orrs	r3, r1
10001bf2:	4a01      	ldr	r2, [pc, #4]	@ (10001bf8 <tick_start+0xc>)
10001bf4:	62d3      	str	r3, [r2, #44]	@ 0x2c
10001bf6:	4770      	bx	lr
10001bf8:	40058000 	.word	0x40058000

10001bfc <rom_func_lookup>:
10001bfc:	b510      	push	{r4, lr}
10001bfe:	0001      	movs	r1, r0
10001c00:	2318      	movs	r3, #24
10001c02:	881b      	ldrh	r3, [r3, #0]
10001c04:	2214      	movs	r2, #20
10001c06:	8810      	ldrh	r0, [r2, #0]
10001c08:	4798      	blx	r3
10001c0a:	bd10      	pop	{r4, pc}

10001c0c <rom_data_lookup>:
10001c0c:	b510      	push	{r4, lr}
10001c0e:	0001      	movs	r1, r0
10001c10:	2318      	movs	r3, #24
10001c12:	881b      	ldrh	r3, [r3, #0]
10001c14:	2216      	movs	r2, #22
10001c16:	8810      	ldrh	r0, [r2, #0]
10001c18:	4798      	blx	r3
10001c1a:	bd10      	pop	{r4, pc}

10001c1c <rom_funcs_lookup>:
10001c1c:	b5f0      	push	{r4, r5, r6, r7, lr}
10001c1e:	46c6      	mov	lr, r8
10001c20:	b500      	push	{lr}
10001c22:	0007      	movs	r7, r0
10001c24:	000e      	movs	r6, r1
10001c26:	2500      	movs	r5, #0
10001c28:	2301      	movs	r3, #1
10001c2a:	4698      	mov	r8, r3
10001c2c:	e000      	b.n	10001c30 <rom_funcs_lookup+0x14>
10001c2e:	3501      	adds	r5, #1
10001c30:	42b5      	cmp	r5, r6
10001c32:	d20a      	bcs.n	10001c4a <rom_funcs_lookup+0x2e>
10001c34:	00ac      	lsls	r4, r5, #2
10001c36:	193c      	adds	r4, r7, r4
10001c38:	6820      	ldr	r0, [r4, #0]
10001c3a:	f7ff ffdf 	bl	10001bfc <rom_func_lookup>
10001c3e:	6020      	str	r0, [r4, #0]
10001c40:	2800      	cmp	r0, #0
10001c42:	d1f4      	bne.n	10001c2e <rom_funcs_lookup+0x12>
10001c44:	2300      	movs	r3, #0
10001c46:	4698      	mov	r8, r3
10001c48:	e7f1      	b.n	10001c2e <rom_funcs_lookup+0x12>
10001c4a:	4640      	mov	r0, r8
10001c4c:	bc80      	pop	{r7}
10001c4e:	46b8      	mov	r8, r7
10001c50:	bdf0      	pop	{r4, r5, r6, r7, pc}
	...

10001c54 <rom_reset_usb_boot_extra>:
10001c54:	b570      	push	{r4, r5, r6, lr}
10001c56:	0004      	movs	r4, r0
10001c58:	000d      	movs	r5, r1
10001c5a:	4806      	ldr	r0, [pc, #24]	@ (10001c74 <rom_reset_usb_boot_extra+0x20>)
10001c5c:	f7ff ffce 	bl	10001bfc <rom_func_lookup>
10001c60:	0003      	movs	r3, r0
10001c62:	2c00      	cmp	r4, #0
10001c64:	db03      	blt.n	10001c6e <rom_reset_usb_boot_extra+0x1a>
10001c66:	2001      	movs	r0, #1
10001c68:	40a0      	lsls	r0, r4
10001c6a:	0029      	movs	r1, r5
10001c6c:	4798      	blx	r3
10001c6e:	2000      	movs	r0, #0
10001c70:	e7fb      	b.n	10001c6a <rom_reset_usb_boot_extra+0x16>
10001c72:	46c0      	nop			@ (mov r8, r8)
10001c74:	00004255 	.word	0x00004255

10001c78 <xosc_init>:
10001c78:	4b07      	ldr	r3, [pc, #28]	@ (10001c98 <xosc_init+0x20>)
10001c7a:	22aa      	movs	r2, #170	@ 0xaa
10001c7c:	0112      	lsls	r2, r2, #4
10001c7e:	601a      	str	r2, [r3, #0]
10001c80:	228d      	movs	r2, #141	@ 0x8d
10001c82:	0052      	lsls	r2, r2, #1
10001c84:	60da      	str	r2, [r3, #12]
10001c86:	4b05      	ldr	r3, [pc, #20]	@ (10001c9c <xosc_init+0x24>)
10001c88:	4a05      	ldr	r2, [pc, #20]	@ (10001ca0 <xosc_init+0x28>)
10001c8a:	601a      	str	r2, [r3, #0]
10001c8c:	4b02      	ldr	r3, [pc, #8]	@ (10001c98 <xosc_init+0x20>)
10001c8e:	685b      	ldr	r3, [r3, #4]
10001c90:	2b00      	cmp	r3, #0
10001c92:	dafb      	bge.n	10001c8c <xosc_init+0x14>
10001c94:	4770      	bx	lr
10001c96:	46c0      	nop			@ (mov r8, r8)
10001c98:	40024000 	.word	0x40024000
10001c9c:	40026000 	.word	0x40026000
10001ca0:	00fab000 	.word	0x00fab000

10001ca4 <runtime_run_initializers_from>:
10001ca4:	b510      	push	{r4, lr}
10001ca6:	0004      	movs	r4, r0
10001ca8:	e001      	b.n	10001cae <runtime_run_initializers_from+0xa>
10001caa:	cc08      	ldmia	r4!, {r3}
10001cac:	4798      	blx	r3
10001cae:	4b02      	ldr	r3, [pc, #8]	@ (10001cb8 <runtime_run_initializers_from+0x14>)
10001cb0:	429c      	cmp	r4, r3
10001cb2:	d3fa      	bcc.n	10001caa <runtime_run_initializers_from+0x6>
10001cb4:	bd10      	pop	{r4, pc}
10001cb6:	46c0      	nop			@ (mov r8, r8)
10001cb8:	10007854 	.word	0x10007854

10001cbc <first_per_core_initializer>:
10001cbc:	4770      	bx	lr
	...

10001cc0 <runtime_run_initializers>:
10001cc0:	b510      	push	{r4, lr}
10001cc2:	4802      	ldr	r0, [pc, #8]	@ (10001ccc <runtime_run_initializers+0xc>)
10001cc4:	f7ff ffee 	bl	10001ca4 <runtime_run_initializers_from>
10001cc8:	bd10      	pop	{r4, pc}
10001cca:	46c0      	nop			@ (mov r8, r8)
10001ccc:	10007818 	.word	0x10007818

10001cd0 <runtime_init_early_resets>:
10001cd0:	4b05      	ldr	r3, [pc, #20]	@ (10001ce8 <runtime_init_early_resets+0x18>)
10001cd2:	4a06      	ldr	r2, [pc, #24]	@ (10001cec <runtime_init_early_resets+0x1c>)
10001cd4:	601a      	str	r2, [r3, #0]
10001cd6:	4b06      	ldr	r3, [pc, #24]	@ (10001cf0 <runtime_init_early_resets+0x20>)
10001cd8:	4a06      	ldr	r2, [pc, #24]	@ (10001cf4 <runtime_init_early_resets+0x24>)
10001cda:	601a      	str	r2, [r3, #0]
10001cdc:	4b06      	ldr	r3, [pc, #24]	@ (10001cf8 <runtime_init_early_resets+0x28>)
10001cde:	681a      	ldr	r2, [r3, #0]
10001ce0:	4b04      	ldr	r3, [pc, #16]	@ (10001cf4 <runtime_init_early_resets+0x24>)
10001ce2:	4393      	bics	r3, r2
10001ce4:	d1fa      	bne.n	10001cdc <runtime_init_early_resets+0xc>
10001ce6:	4770      	bx	lr
10001ce8:	4000e000 	.word	0x4000e000
10001cec:	fefbcdbf 	.word	0xfefbcdbf
10001cf0:	4000f000 	.word	0x4000f000
10001cf4:	003c7ffe 	.word	0x003c7ffe
10001cf8:	4000c008 	.word	0x4000c008

10001cfc <runtime_init_usb_power_down>:
10001cfc:	4b04      	ldr	r3, [pc, #16]	@ (10001d10 <runtime_init_usb_power_down+0x14>)
10001cfe:	6cdb      	ldr	r3, [r3, #76]	@ 0x4c
10001d00:	2b00      	cmp	r3, #0
10001d02:	d103      	bne.n	10001d0c <runtime_init_usb_power_down+0x10>
10001d04:	4b03      	ldr	r3, [pc, #12]	@ (10001d14 <runtime_init_usb_power_down+0x18>)
10001d06:	2280      	movs	r2, #128	@ 0x80
10001d08:	02d2      	lsls	r2, r2, #11
10001d0a:	601a      	str	r2, [r3, #0]
10001d0c:	4770      	bx	lr
10001d0e:	46c0      	nop			@ (mov r8, r8)
10001d10:	50110000 	.word	0x50110000
10001d14:	5011204c 	.word	0x5011204c

10001d18 <runtime_init_post_clock_resets>:
10001d18:	4b04      	ldr	r3, [pc, #16]	@ (10001d2c <runtime_init_post_clock_resets+0x14>)
10001d1a:	4a05      	ldr	r2, [pc, #20]	@ (10001d30 <runtime_init_post_clock_resets+0x18>)
10001d1c:	601a      	str	r2, [r3, #0]
10001d1e:	4b05      	ldr	r3, [pc, #20]	@ (10001d34 <runtime_init_post_clock_resets+0x1c>)
10001d20:	681b      	ldr	r3, [r3, #0]
10001d22:	43db      	mvns	r3, r3
10001d24:	01db      	lsls	r3, r3, #7
10001d26:	d1fa      	bne.n	10001d1e <runtime_init_post_clock_resets+0x6>
10001d28:	4770      	bx	lr
10001d2a:	46c0      	nop			@ (mov r8, r8)
10001d2c:	4000f000 	.word	0x4000f000
10001d30:	01ffffff 	.word	0x01ffffff
10001d34:	4000c008 	.word	0x4000c008

10001d38 <runtime_init_rp2040_gpio_ie_disable>:
10001d38:	4b03      	ldr	r3, [pc, #12]	@ (10001d48 <runtime_init_rp2040_gpio_ie_disable+0x10>)
10001d3a:	2240      	movs	r2, #64	@ 0x40
10001d3c:	679a      	str	r2, [r3, #120]	@ 0x78
10001d3e:	675a      	str	r2, [r3, #116]	@ 0x74
10001d40:	671a      	str	r2, [r3, #112]	@ 0x70
10001d42:	66da      	str	r2, [r3, #108]	@ 0x6c
10001d44:	4770      	bx	lr
10001d46:	46c0      	nop			@ (mov r8, r8)
10001d48:	4001f000 	.word	0x4001f000

10001d4c <runtime_init_spin_locks_reset>:
10001d4c:	b510      	push	{r4, lr}
10001d4e:	f7fe fcff 	bl	10000750 <spin_locks_reset>
10001d52:	bd10      	pop	{r4, pc}

10001d54 <runtime_init_install_ram_vector_table>:
10001d54:	b510      	push	{r4, lr}
10001d56:	4c0c      	ldr	r4, [pc, #48]	@ (10001d88 <runtime_init_install_ram_vector_table+0x34>)
10001d58:	4b0c      	ldr	r3, [pc, #48]	@ (10001d8c <runtime_init_install_ram_vector_table+0x38>)
10001d5a:	1ae4      	subs	r4, r4, r3
10001d5c:	08a4      	lsrs	r4, r4, #2
10001d5e:	0022      	movs	r2, r4
10001d60:	2c30      	cmp	r4, #48	@ 0x30
10001d62:	d900      	bls.n	10001d66 <runtime_init_install_ram_vector_table+0x12>
10001d64:	2230      	movs	r2, #48	@ 0x30
10001d66:	0092      	lsls	r2, r2, #2
10001d68:	4809      	ldr	r0, [pc, #36]	@ (10001d90 <runtime_init_install_ram_vector_table+0x3c>)
10001d6a:	4908      	ldr	r1, [pc, #32]	@ (10001d8c <runtime_init_install_ram_vector_table+0x38>)
10001d6c:	f000 ffbc 	bl	10002ce8 <__wrap___aeabi_memcpy>
10001d70:	e004      	b.n	10001d7c <runtime_init_install_ram_vector_table+0x28>
10001d72:	4a08      	ldr	r2, [pc, #32]	@ (10001d94 <runtime_init_install_ram_vector_table+0x40>)
10001d74:	4b06      	ldr	r3, [pc, #24]	@ (10001d90 <runtime_init_install_ram_vector_table+0x3c>)
10001d76:	00a1      	lsls	r1, r4, #2
10001d78:	50ca      	str	r2, [r1, r3]
10001d7a:	3401      	adds	r4, #1
10001d7c:	2c2f      	cmp	r4, #47	@ 0x2f
10001d7e:	d9f8      	bls.n	10001d72 <runtime_init_install_ram_vector_table+0x1e>
10001d80:	4b03      	ldr	r3, [pc, #12]	@ (10001d90 <runtime_init_install_ram_vector_table+0x3c>)
10001d82:	4a05      	ldr	r2, [pc, #20]	@ (10001d98 <runtime_init_install_ram_vector_table+0x44>)
10001d84:	6093      	str	r3, [r2, #8]
10001d86:	bd10      	pop	{r4, pc}
10001d88:	100001c0 	.word	0x100001c0
10001d8c:	10000100 	.word	0x10000100
10001d90:	20000000 	.word	0x20000000
10001d94:	100001c1 	.word	0x100001c1
10001d98:	e000ed00 	.word	0xe000ed00

10001d9c <start_all_ticks>:
10001d9c:	b570      	push	{r4, r5, r6, lr}
10001d9e:	2004      	movs	r0, #4
10001da0:	f7ff fe22 	bl	100019e8 <clock_get_hz>
10001da4:	4906      	ldr	r1, [pc, #24]	@ (10001dc0 <start_all_ticks+0x24>)
10001da6:	f000 f8a3 	bl	10001ef0 <__wrap___aeabi_uidiv>
10001daa:	0005      	movs	r5, r0
10001dac:	2400      	movs	r4, #0
10001dae:	2c00      	cmp	r4, #0
10001db0:	dd00      	ble.n	10001db4 <start_all_ticks+0x18>
10001db2:	bd70      	pop	{r4, r5, r6, pc}
10001db4:	b2e0      	uxtb	r0, r4
10001db6:	0029      	movs	r1, r5
10001db8:	f7ff ff18 	bl	10001bec <tick_start>
10001dbc:	3401      	adds	r4, #1
10001dbe:	e7f6      	b.n	10001dae <start_all_ticks+0x12>
10001dc0:	000f4240 	.word	0x000f4240

10001dc4 <runtime_init_clocks>:
10001dc4:	b530      	push	{r4, r5, lr}
10001dc6:	b083      	sub	sp, #12
10001dc8:	4b27      	ldr	r3, [pc, #156]	@ (10001e68 <runtime_init_clocks+0xa4>)
10001dca:	2200      	movs	r2, #0
10001dcc:	679a      	str	r2, [r3, #120]	@ 0x78
10001dce:	f7ff ff53 	bl	10001c78 <xosc_init>
10001dd2:	4b26      	ldr	r3, [pc, #152]	@ (10001e6c <runtime_init_clocks+0xa8>)
10001dd4:	2201      	movs	r2, #1
10001dd6:	601a      	str	r2, [r3, #0]
10001dd8:	4b23      	ldr	r3, [pc, #140]	@ (10001e68 <runtime_init_clocks+0xa4>)
10001dda:	6c5b      	ldr	r3, [r3, #68]	@ 0x44
10001ddc:	2b01      	cmp	r3, #1
10001dde:	d1fb      	bne.n	10001dd8 <runtime_init_clocks+0x14>
10001de0:	4b23      	ldr	r3, [pc, #140]	@ (10001e70 <runtime_init_clocks+0xac>)
10001de2:	2203      	movs	r2, #3
10001de4:	601a      	str	r2, [r3, #0]
10001de6:	4b20      	ldr	r3, [pc, #128]	@ (10001e68 <runtime_init_clocks+0xa4>)
10001de8:	6b9b      	ldr	r3, [r3, #56]	@ 0x38
10001dea:	2b01      	cmp	r3, #1
10001dec:	d1fb      	bne.n	10001de6 <runtime_init_clocks+0x22>
10001dee:	3301      	adds	r3, #1
10001df0:	9300      	str	r3, [sp, #0]
10001df2:	3304      	adds	r3, #4
10001df4:	4a1f      	ldr	r2, [pc, #124]	@ (10001e74 <runtime_init_clocks+0xb0>)
10001df6:	2101      	movs	r1, #1
10001df8:	481f      	ldr	r0, [pc, #124]	@ (10001e78 <runtime_init_clocks+0xb4>)
10001dfa:	f7ff fdfb 	bl	100019f4 <pll_init>
10001dfe:	2305      	movs	r3, #5
10001e00:	9300      	str	r3, [sp, #0]
10001e02:	4a1e      	ldr	r2, [pc, #120]	@ (10001e7c <runtime_init_clocks+0xb8>)
10001e04:	2101      	movs	r1, #1
10001e06:	481e      	ldr	r0, [pc, #120]	@ (10001e80 <runtime_init_clocks+0xbc>)
10001e08:	f7ff fdf4 	bl	100019f4 <pll_init>
10001e0c:	4b1d      	ldr	r3, [pc, #116]	@ (10001e84 <runtime_init_clocks+0xc0>)
10001e0e:	2200      	movs	r2, #0
10001e10:	2102      	movs	r1, #2
10001e12:	2004      	movs	r0, #4
10001e14:	f7ff fdde 	bl	100019d4 <clock_configure_undivided>
10001e18:	4d1b      	ldr	r5, [pc, #108]	@ (10001e88 <runtime_init_clocks+0xc4>)
10001e1a:	002b      	movs	r3, r5
10001e1c:	2200      	movs	r2, #0
10001e1e:	2101      	movs	r1, #1
10001e20:	2005      	movs	r0, #5
10001e22:	f7ff fdd7 	bl	100019d4 <clock_configure_undivided>
10001e26:	4c19      	ldr	r4, [pc, #100]	@ (10001e8c <runtime_init_clocks+0xc8>)
10001e28:	0023      	movs	r3, r4
10001e2a:	2200      	movs	r2, #0
10001e2c:	2100      	movs	r1, #0
10001e2e:	2007      	movs	r0, #7
10001e30:	f7ff fdd0 	bl	100019d4 <clock_configure_undivided>
10001e34:	0023      	movs	r3, r4
10001e36:	2200      	movs	r2, #0
10001e38:	2100      	movs	r1, #0
10001e3a:	2008      	movs	r0, #8
10001e3c:	f7ff fdca 	bl	100019d4 <clock_configure_undivided>
10001e40:	2380      	movs	r3, #128	@ 0x80
10001e42:	00db      	lsls	r3, r3, #3
10001e44:	9300      	str	r3, [sp, #0]
10001e46:	0023      	movs	r3, r4
10001e48:	2200      	movs	r2, #0
10001e4a:	2100      	movs	r1, #0
10001e4c:	2009      	movs	r0, #9
10001e4e:	f7ff fdad 	bl	100019ac <clock_configure_int_divider>
10001e52:	002b      	movs	r3, r5
10001e54:	2200      	movs	r2, #0
10001e56:	2100      	movs	r1, #0
10001e58:	2006      	movs	r0, #6
10001e5a:	f7ff fdbb 	bl	100019d4 <clock_configure_undivided>
10001e5e:	f7ff ff9d 	bl	10001d9c <start_all_ticks>
10001e62:	b003      	add	sp, #12
10001e64:	bd30      	pop	{r4, r5, pc}
10001e66:	46c0      	nop			@ (mov r8, r8)
10001e68:	40008000 	.word	0x40008000
10001e6c:	4000b03c 	.word	0x4000b03c
10001e70:	4000b030 	.word	0x4000b030
10001e74:	59682f00 	.word	0x59682f00
10001e78:	40028000 	.word	0x40028000
10001e7c:	47868c00 	.word	0x47868c00
10001e80:	4002c000 	.word	0x4002c000
10001e84:	00b71b00 	.word	0x00b71b00
10001e88:	07735940 	.word	0x07735940
10001e8c:	02dc6c00 	.word	0x02dc6c00

10001e90 <__aeabi_bits_init>:
10001e90:	4801      	ldr	r0, [pc, #4]	@ (10001e98 <__aeabi_bits_init+0x8>)
10001e92:	2104      	movs	r1, #4
10001e94:	4b01      	ldr	r3, [pc, #4]	@ (10001e9c <__aeabi_bits_init+0xc>)
10001e96:	4718      	bx	r3
10001e98:	20000c50 	.word	0x20000c50
10001e9c:	10001c1d 	.word	0x10001c1d

10001ea0 <__wrap___aeabi_idiv>:
10001ea0:	4a12      	ldr	r2, [pc, #72]	@ (10001eec <divmod_s32s32_savestate+0x18>)
10001ea2:	6f93      	ldr	r3, [r2, #120]	@ 0x78
10001ea4:	089b      	lsrs	r3, r3, #2
10001ea6:	d215      	bcs.n	10001ed4 <divmod_s32s32_savestate>

10001ea8 <divmod_s32s32_core>:
10001ea8:	6690      	str	r0, [r2, #104]	@ 0x68
10001eaa:	66d1      	str	r1, [r2, #108]	@ 0x6c
10001eac:	2900      	cmp	r1, #0
10001eae:	d005      	beq.n	10001ebc <divmod_s32s32_core+0x14>
10001eb0:	e7ff      	b.n	10001eb2 <divmod_s32s32_core+0xa>
10001eb2:	e7ff      	b.n	10001eb4 <divmod_s32s32_core+0xc>
10001eb4:	e7ff      	b.n	10001eb6 <divmod_s32s32_core+0xe>
10001eb6:	6f51      	ldr	r1, [r2, #116]	@ 0x74
10001eb8:	6f10      	ldr	r0, [r2, #112]	@ 0x70
10001eba:	4770      	bx	lr
10001ebc:	b504      	push	{r2, lr}
10001ebe:	2180      	movs	r1, #128	@ 0x80
10001ec0:	0609      	lsls	r1, r1, #24
10001ec2:	17c2      	asrs	r2, r0, #31
10001ec4:	4051      	eors	r1, r2
10001ec6:	2800      	cmp	r0, #0
10001ec8:	d000      	beq.n	10001ecc <divmod_s32s32_core+0x24>
10001eca:	43c8      	mvns	r0, r1
10001ecc:	f005 fc5c 	bl	10007788 <____aeabi_idiv0_veneer>
10001ed0:	2100      	movs	r1, #0
10001ed2:	bd04      	pop	{r2, pc}

10001ed4 <divmod_s32s32_savestate>:
10001ed4:	b5f0      	push	{r4, r5, r6, r7, lr}
10001ed6:	6e14      	ldr	r4, [r2, #96]	@ 0x60
10001ed8:	6e55      	ldr	r5, [r2, #100]	@ 0x64
10001eda:	6f57      	ldr	r7, [r2, #116]	@ 0x74
10001edc:	6f16      	ldr	r6, [r2, #112]	@ 0x70
10001ede:	f7ff ffe3 	bl	10001ea8 <divmod_s32s32_core>
10001ee2:	6614      	str	r4, [r2, #96]	@ 0x60
10001ee4:	6655      	str	r5, [r2, #100]	@ 0x64
10001ee6:	6757      	str	r7, [r2, #116]	@ 0x74
10001ee8:	6716      	str	r6, [r2, #112]	@ 0x70
10001eea:	bdf0      	pop	{r4, r5, r6, r7, pc}
10001eec:	d0000000 	.word	0xd0000000

10001ef0 <__wrap___aeabi_uidiv>:
10001ef0:	4a11      	ldr	r2, [pc, #68]	@ (10001f38 <divmod_u32u32_savestate+0x18>)
10001ef2:	6f93      	ldr	r3, [r2, #120]	@ 0x78
10001ef4:	089b      	lsrs	r3, r3, #2
10001ef6:	d213      	bcs.n	10001f20 <divmod_u32u32_savestate>

10001ef8 <divmod_u32u32_core>:
10001ef8:	6610      	str	r0, [r2, #96]	@ 0x60
10001efa:	6651      	str	r1, [r2, #100]	@ 0x64
10001efc:	2900      	cmp	r1, #0
10001efe:	d005      	beq.n	10001f0c <divmod_u32u32_core+0x14>
10001f00:	e7ff      	b.n	10001f02 <divmod_u32u32_core+0xa>
10001f02:	e7ff      	b.n	10001f04 <divmod_u32u32_core+0xc>
10001f04:	e7ff      	b.n	10001f06 <divmod_u32u32_core+0xe>
10001f06:	6f51      	ldr	r1, [r2, #116]	@ 0x74
10001f08:	6f10      	ldr	r0, [r2, #112]	@ 0x70
10001f0a:	4770      	bx	lr
10001f0c:	b504      	push	{r2, lr}
10001f0e:	2800      	cmp	r0, #0
10001f10:	d001      	beq.n	10001f16 <divmod_u32u32_core+0x1e>
10001f12:	2000      	movs	r0, #0
10001f14:	43c0      	mvns	r0, r0
10001f16:	f005 fc37 	bl	10007788 <____aeabi_idiv0_veneer>
10001f1a:	2100      	movs	r1, #0
10001f1c:	bd04      	pop	{r2, pc}
10001f1e:	46c0      	nop			@ (mov r8, r8)

10001f20 <divmod_u32u32_savestate>:
10001f20:	b5f0      	push	{r4, r5, r6, r7, lr}
10001f22:	6e14      	ldr	r4, [r2, #96]	@ 0x60
10001f24:	6e55      	ldr	r5, [r2, #100]	@ 0x64
10001f26:	6f57      	ldr	r7, [r2, #116]	@ 0x74
10001f28:	6f16      	ldr	r6, [r2, #112]	@ 0x70
10001f2a:	f7ff ffe5 	bl	10001ef8 <divmod_u32u32_core>
10001f2e:	6614      	str	r4, [r2, #96]	@ 0x60
10001f30:	6655      	str	r5, [r2, #100]	@ 0x64
10001f32:	6757      	str	r7, [r2, #116]	@ 0x74
10001f34:	6716      	str	r6, [r2, #112]	@ 0x70
10001f36:	bdf0      	pop	{r4, r5, r6, r7, pc}
10001f38:	d0000000 	.word	0xd0000000

10001f3c <__wrap___aeabi_ldivmod>:
10001f3c:	4694      	mov	ip, r2
10001f3e:	4a4a      	ldr	r2, [pc, #296]	@ (10002068 <udiv0+0x1a>)
10001f40:	6f92      	ldr	r2, [r2, #120]	@ 0x78
10001f42:	0892      	lsrs	r2, r2, #2
10001f44:	4662      	mov	r2, ip
10001f46:	d201      	bcs.n	10001f4c <divmod_s64s64_savestate>
10001f48:	e028      	b.n	10001f9c <divmod_s64s64_unsafe>
10001f4a:	46c0      	nop			@ (mov r8, r8)

10001f4c <divmod_s64s64_savestate>:
10001f4c:	b5f0      	push	{r4, r5, r6, r7, lr}
10001f4e:	4e46      	ldr	r6, [pc, #280]	@ (10002068 <udiv0+0x1a>)
10001f50:	6e34      	ldr	r4, [r6, #96]	@ 0x60
10001f52:	6e75      	ldr	r5, [r6, #100]	@ 0x64
10001f54:	6f77      	ldr	r7, [r6, #116]	@ 0x74
10001f56:	6f36      	ldr	r6, [r6, #112]	@ 0x70
10001f58:	f000 f820 	bl	10001f9c <divmod_s64s64_unsafe>
10001f5c:	4694      	mov	ip, r2
10001f5e:	4a42      	ldr	r2, [pc, #264]	@ (10002068 <udiv0+0x1a>)
10001f60:	6614      	str	r4, [r2, #96]	@ 0x60
10001f62:	6655      	str	r5, [r2, #100]	@ 0x64
10001f64:	6757      	str	r7, [r2, #116]	@ 0x74
10001f66:	6716      	str	r6, [r2, #112]	@ 0x70
10001f68:	4662      	mov	r2, ip
10001f6a:	bdf0      	pop	{r4, r5, r6, r7, pc}

10001f6c <__wrap___aeabi_uldivmod>:
10001f6c:	4694      	mov	ip, r2
10001f6e:	4a3e      	ldr	r2, [pc, #248]	@ (10002068 <udiv0+0x1a>)
10001f70:	6f92      	ldr	r2, [r2, #120]	@ 0x78
10001f72:	0892      	lsrs	r2, r2, #2
10001f74:	4662      	mov	r2, ip
10001f76:	d201      	bcs.n	10001f7c <divmod_u64u64_savestate>
10001f78:	e054      	b.n	10002024 <divmod_u64u64_unsafe>
10001f7a:	46c0      	nop			@ (mov r8, r8)

10001f7c <divmod_u64u64_savestate>:
10001f7c:	b5f0      	push	{r4, r5, r6, r7, lr}
10001f7e:	4e3a      	ldr	r6, [pc, #232]	@ (10002068 <udiv0+0x1a>)
10001f80:	6e34      	ldr	r4, [r6, #96]	@ 0x60
10001f82:	6e75      	ldr	r5, [r6, #100]	@ 0x64
10001f84:	6f77      	ldr	r7, [r6, #116]	@ 0x74
10001f86:	6f36      	ldr	r6, [r6, #112]	@ 0x70
10001f88:	f000 f84c 	bl	10002024 <divmod_u64u64_unsafe>
10001f8c:	4694      	mov	ip, r2
10001f8e:	4a36      	ldr	r2, [pc, #216]	@ (10002068 <udiv0+0x1a>)
10001f90:	6614      	str	r4, [r2, #96]	@ 0x60
10001f92:	6655      	str	r5, [r2, #100]	@ 0x64
10001f94:	6757      	str	r7, [r2, #116]	@ 0x74
10001f96:	6716      	str	r6, [r2, #112]	@ 0x70
10001f98:	4662      	mov	r2, ip
10001f9a:	bdf0      	pop	{r4, r5, r6, r7, pc}

10001f9c <divmod_s64s64_unsafe>:
10001f9c:	2b00      	cmp	r3, #0
10001f9e:	db24      	blt.n	10001fea <l46_1+0x26>
10001fa0:	d011      	beq.n	10001fc6 <l46_1+0x2>
10001fa2:	2900      	cmp	r1, #0
10001fa4:	da3e      	bge.n	10002024 <divmod_u64u64_unsafe>
10001fa6:	b500      	push	{lr}
10001fa8:	43c9      	mvns	r1, r1
10001faa:	4240      	negs	r0, r0
10001fac:	d100      	bne.n	10001fb0 <l44_1>
10001fae:	3101      	adds	r1, #1

10001fb0 <l44_1>:
10001fb0:	f000 f838 	bl	10002024 <divmod_u64u64_unsafe>
10001fb4:	43c9      	mvns	r1, r1
10001fb6:	4240      	negs	r0, r0
10001fb8:	d100      	bne.n	10001fbc <l45_1>
10001fba:	3101      	adds	r1, #1

10001fbc <l45_1>:
10001fbc:	43db      	mvns	r3, r3
10001fbe:	4252      	negs	r2, r2
10001fc0:	d100      	bne.n	10001fc4 <l46_1>
10001fc2:	3301      	adds	r3, #1

10001fc4 <l46_1>:
10001fc4:	bd00      	pop	{pc}
10001fc6:	2a00      	cmp	r2, #0
10001fc8:	d1eb      	bne.n	10001fa2 <divmod_s64s64_unsafe+0x6>
10001fca:	2800      	cmp	r0, #0
10001fcc:	d101      	bne.n	10001fd2 <l46_1+0xe>
10001fce:	2900      	cmp	r1, #0
10001fd0:	d005      	beq.n	10001fde <l46_1+0x1a>
10001fd2:	2000      	movs	r0, #0
10001fd4:	0fc9      	lsrs	r1, r1, #31
10001fd6:	07c9      	lsls	r1, r1, #31
10001fd8:	d101      	bne.n	10001fde <l46_1+0x1a>
10001fda:	43c0      	mvns	r0, r0
10001fdc:	0841      	lsrs	r1, r0, #1
10001fde:	b500      	push	{lr}
10001fe0:	f005 fbba 	bl	10007758 <____aeabi_ldiv0_veneer>
10001fe4:	2200      	movs	r2, #0
10001fe6:	2300      	movs	r3, #0
10001fe8:	bd00      	pop	{pc}
10001fea:	b500      	push	{lr}
10001fec:	2900      	cmp	r1, #0
10001fee:	db0a      	blt.n	10002006 <l48_1+0x2>
10001ff0:	43db      	mvns	r3, r3
10001ff2:	4252      	negs	r2, r2
10001ff4:	d100      	bne.n	10001ff8 <l47_1>
10001ff6:	3301      	adds	r3, #1

10001ff8 <l47_1>:
10001ff8:	f000 f814 	bl	10002024 <divmod_u64u64_unsafe>
10001ffc:	43c9      	mvns	r1, r1
10001ffe:	4240      	negs	r0, r0
10002000:	d100      	bne.n	10002004 <l48_1>
10002002:	3101      	adds	r1, #1

10002004 <l48_1>:
10002004:	bd00      	pop	{pc}
10002006:	43c9      	mvns	r1, r1
10002008:	4240      	negs	r0, r0
1000200a:	d100      	bne.n	1000200e <l49_1>
1000200c:	3101      	adds	r1, #1

1000200e <l49_1>:
1000200e:	43db      	mvns	r3, r3
10002010:	4252      	negs	r2, r2
10002012:	d100      	bne.n	10002016 <l50_1>
10002014:	3301      	adds	r3, #1

10002016 <l50_1>:
10002016:	f000 f805 	bl	10002024 <divmod_u64u64_unsafe>
1000201a:	43db      	mvns	r3, r3
1000201c:	4252      	negs	r2, r2
1000201e:	d100      	bne.n	10002022 <l51_1>
10002020:	3301      	adds	r3, #1

10002022 <l51_1>:
10002022:	bd00      	pop	{pc}

10002024 <divmod_u64u64_unsafe>:
10002024:	2900      	cmp	r1, #0
10002026:	d123      	bne.n	10002070 <y64>
10002028:	2b00      	cmp	r3, #0
1000202a:	d118      	bne.n	1000205e <udiv0+0x10>
1000202c:	2a00      	cmp	r2, #0
1000202e:	d00c      	beq.n	1000204a <divmod_u64u64_unsafe+0x26>
10002030:	46bc      	mov	ip, r7
10002032:	4f0d      	ldr	r7, [pc, #52]	@ (10002068 <udiv0+0x1a>)
10002034:	6638      	str	r0, [r7, #96]	@ 0x60
10002036:	667a      	str	r2, [r7, #100]	@ 0x64
10002038:	2100      	movs	r1, #0
1000203a:	2300      	movs	r3, #0
1000203c:	e7ff      	b.n	1000203e <divmod_u64u64_unsafe+0x1a>
1000203e:	e7ff      	b.n	10002040 <divmod_u64u64_unsafe+0x1c>
10002040:	e7ff      	b.n	10002042 <divmod_u64u64_unsafe+0x1e>
10002042:	6f7a      	ldr	r2, [r7, #116]	@ 0x74
10002044:	6f38      	ldr	r0, [r7, #112]	@ 0x70
10002046:	4667      	mov	r7, ip
10002048:	4770      	bx	lr
1000204a:	2800      	cmp	r0, #0
1000204c:	d001      	beq.n	10002052 <udiv0+0x4>

1000204e <udiv0>:
1000204e:	4807      	ldr	r0, [pc, #28]	@ (1000206c <udiv0+0x1e>)
10002050:	0001      	movs	r1, r0
10002052:	b500      	push	{lr}
10002054:	f005 fb80 	bl	10007758 <____aeabi_ldiv0_veneer>
10002058:	2200      	movs	r2, #0
1000205a:	2300      	movs	r3, #0
1000205c:	bd00      	pop	{pc}
1000205e:	0002      	movs	r2, r0
10002060:	000b      	movs	r3, r1
10002062:	2000      	movs	r0, #0
10002064:	2100      	movs	r1, #0
10002066:	4770      	bx	lr
10002068:	d0000000 	.word	0xd0000000
1000206c:	ffffffff 	.word	0xffffffff

10002070 <y64>:
10002070:	2b00      	cmp	r3, #0
10002072:	d000      	beq.n	10002076 <y64+0x6>
10002074:	e0bf      	b.n	100021f6 <y64_x48>
10002076:	0c13      	lsrs	r3, r2, #16
10002078:	d128      	bne.n	100020cc <y64_x32>
1000207a:	2a00      	cmp	r2, #0
1000207c:	d0e7      	beq.n	1000204e <udiv0>
1000207e:	b480      	push	{r7}
10002080:	4f11      	ldr	r7, [pc, #68]	@ (100020c8 <y64+0x58>)
10002082:	6639      	str	r1, [r7, #96]	@ 0x60
10002084:	667a      	str	r2, [r7, #100]	@ 0x64
10002086:	e7ff      	b.n	10002088 <y64+0x18>
10002088:	e7ff      	b.n	1000208a <y64+0x1a>
1000208a:	b430      	push	{r4, r5}
1000208c:	0c04      	lsrs	r4, r0, #16
1000208e:	6f7b      	ldr	r3, [r7, #116]	@ 0x74
10002090:	6f39      	ldr	r1, [r7, #112]	@ 0x70
10002092:	041b      	lsls	r3, r3, #16
10002094:	4323      	orrs	r3, r4
10002096:	663b      	str	r3, [r7, #96]	@ 0x60
10002098:	667a      	str	r2, [r7, #100]	@ 0x64
1000209a:	e7ff      	b.n	1000209c <y64+0x2c>
1000209c:	e7ff      	b.n	1000209e <y64+0x2e>
1000209e:	e7ff      	b.n	100020a0 <y64+0x30>
100020a0:	46c0      	nop			@ (mov r8, r8)
100020a2:	b284      	uxth	r4, r0
100020a4:	6f7b      	ldr	r3, [r7, #116]	@ 0x74
100020a6:	6f3d      	ldr	r5, [r7, #112]	@ 0x70
100020a8:	041b      	lsls	r3, r3, #16
100020aa:	4323      	orrs	r3, r4
100020ac:	663b      	str	r3, [r7, #96]	@ 0x60
100020ae:	667a      	str	r2, [r7, #100]	@ 0x64
100020b0:	e7ff      	b.n	100020b2 <y64+0x42>
100020b2:	e7ff      	b.n	100020b4 <y64+0x44>
100020b4:	46c0      	nop			@ (mov r8, r8)
100020b6:	2300      	movs	r3, #0
100020b8:	042c      	lsls	r4, r5, #16
100020ba:	0c2d      	lsrs	r5, r5, #16
100020bc:	6f7a      	ldr	r2, [r7, #116]	@ 0x74
100020be:	6f38      	ldr	r0, [r7, #112]	@ 0x70
100020c0:	1900      	adds	r0, r0, r4
100020c2:	4169      	adcs	r1, r5
100020c4:	bcb0      	pop	{r4, r5, r7}
100020c6:	4770      	bx	lr
100020c8:	d0000000 	.word	0xd0000000

100020cc <y64_x32>:
100020cc:	b5f0      	push	{r4, r5, r6, r7, lr}
100020ce:	4694      	mov	ip, r2
100020d0:	2500      	movs	r5, #0
100020d2:	0e14      	lsrs	r4, r2, #24
100020d4:	d101      	bne.n	100020da <y64_x32+0xe>
100020d6:	0212      	lsls	r2, r2, #8
100020d8:	3508      	adds	r5, #8
100020da:	0f14      	lsrs	r4, r2, #28
100020dc:	d101      	bne.n	100020e2 <y64_x32+0x16>
100020de:	0112      	lsls	r2, r2, #4
100020e0:	3504      	adds	r5, #4
100020e2:	0f94      	lsrs	r4, r2, #30
100020e4:	d101      	bne.n	100020ea <y64_x32+0x1e>
100020e6:	0092      	lsls	r2, r2, #2
100020e8:	3502      	adds	r5, #2
100020ea:	0fd4      	lsrs	r4, r2, #31
100020ec:	d101      	bne.n	100020f2 <y64_x32+0x26>
100020ee:	0052      	lsls	r2, r2, #1
100020f0:	3501      	adds	r5, #1
100020f2:	0bd4      	lsrs	r4, r2, #15
100020f4:	3401      	adds	r4, #1
100020f6:	4f25      	ldr	r7, [pc, #148]	@ (1000218c <y64_x32+0xc0>)
100020f8:	667c      	str	r4, [r7, #100]	@ 0x64
100020fa:	4c25      	ldr	r4, [pc, #148]	@ (10002190 <y64_x32+0xc4>)
100020fc:	663c      	str	r4, [r7, #96]	@ 0x60
100020fe:	0c0e      	lsrs	r6, r1, #16
10002100:	b293      	uxth	r3, r2
10002102:	e7ff      	b.n	10002104 <y64_x32+0x38>
10002104:	e7ff      	b.n	10002106 <y64_x32+0x3a>
10002106:	e7ff      	b.n	10002108 <y64_x32+0x3c>
10002108:	6f3c      	ldr	r4, [r7, #112]	@ 0x70
1000210a:	4366      	muls	r6, r4
1000210c:	0c36      	lsrs	r6, r6, #16
1000210e:	0377      	lsls	r7, r6, #13
10002110:	46be      	mov	lr, r7
10002112:	4373      	muls	r3, r6
10002114:	0bdf      	lsrs	r7, r3, #15
10002116:	045b      	lsls	r3, r3, #17
10002118:	1ac0      	subs	r0, r0, r3
1000211a:	41b9      	sbcs	r1, r7
1000211c:	0c13      	lsrs	r3, r2, #16
1000211e:	4373      	muls	r3, r6
10002120:	18db      	adds	r3, r3, r3
10002122:	1ac9      	subs	r1, r1, r3
10002124:	08ce      	lsrs	r6, r1, #3
10002126:	4366      	muls	r6, r4
10002128:	0c36      	lsrs	r6, r6, #16
1000212a:	44b6      	add	lr, r6
1000212c:	b293      	uxth	r3, r2
1000212e:	4373      	muls	r3, r6
10002130:	0f1f      	lsrs	r7, r3, #28
10002132:	011b      	lsls	r3, r3, #4
10002134:	1ac0      	subs	r0, r0, r3
10002136:	41b9      	sbcs	r1, r7
10002138:	0c13      	lsrs	r3, r2, #16
1000213a:	4373      	muls	r3, r6
1000213c:	0b1f      	lsrs	r7, r3, #12
1000213e:	051b      	lsls	r3, r3, #20
10002140:	1ac0      	subs	r0, r0, r3
10002142:	41b9      	sbcs	r1, r7
10002144:	0d86      	lsrs	r6, r0, #22
10002146:	028f      	lsls	r7, r1, #10
10002148:	433e      	orrs	r6, r7
1000214a:	4366      	muls	r6, r4
1000214c:	0c36      	lsrs	r6, r6, #16
1000214e:	2d09      	cmp	r5, #9
10002150:	db24      	blt.n	1000219c <last0>
10002152:	0a52      	lsrs	r2, r2, #9
10002154:	4372      	muls	r2, r6
10002156:	1a80      	subs	r0, r0, r2
10002158:	0377      	lsls	r7, r6, #13
1000215a:	0a46      	lsrs	r6, r0, #9
1000215c:	4366      	muls	r6, r4
1000215e:	0c36      	lsrs	r6, r6, #16
10002160:	2316      	movs	r3, #22
10002162:	1b5b      	subs	r3, r3, r5
10002164:	40de      	lsrs	r6, r3
10002166:	40df      	lsrs	r7, r3
10002168:	19bf      	adds	r7, r7, r6
1000216a:	4664      	mov	r4, ip
1000216c:	4366      	muls	r6, r4
1000216e:	1b82      	subs	r2, r0, r6
10002170:	4670      	mov	r0, lr
10002172:	3504      	adds	r5, #4
10002174:	3306      	adds	r3, #6
10002176:	0001      	movs	r1, r0
10002178:	40d9      	lsrs	r1, r3
1000217a:	40a8      	lsls	r0, r5
1000217c:	19c0      	adds	r0, r0, r7
1000217e:	d300      	bcc.n	10002182 <y64_x32+0xb6>
10002180:	3101      	adds	r1, #1
10002182:	42a2      	cmp	r2, r4
10002184:	d206      	bcs.n	10002194 <y64_x32+0xc8>
10002186:	2300      	movs	r3, #0
10002188:	bdf0      	pop	{r4, r5, r6, r7, pc}
1000218a:	0000      	.short	0x0000
1000218c:	d0000000 	.word	0xd0000000
10002190:	ffffffff 	.word	0xffffffff
10002194:	1b12      	subs	r2, r2, r4
10002196:	3001      	adds	r0, #1
10002198:	d3f3      	bcc.n	10002182 <y64_x32+0xb6>
1000219a:	e7f1      	b.n	10002180 <y64_x32+0xb4>

1000219c <last0>:
1000219c:	2709      	movs	r7, #9
1000219e:	1b7f      	subs	r7, r7, r5
100021a0:	40fe      	lsrs	r6, r7
100021a2:	4664      	mov	r4, ip
100021a4:	b2a2      	uxth	r2, r4
100021a6:	4372      	muls	r2, r6
100021a8:	1a80      	subs	r0, r0, r2
100021aa:	d200      	bcs.n	100021ae <last0+0x12>
100021ac:	3901      	subs	r1, #1
100021ae:	0c22      	lsrs	r2, r4, #16
100021b0:	4372      	muls	r2, r6
100021b2:	0c13      	lsrs	r3, r2, #16
100021b4:	0412      	lsls	r2, r2, #16
100021b6:	1a82      	subs	r2, r0, r2
100021b8:	4199      	sbcs	r1, r3
100021ba:	000b      	movs	r3, r1
100021bc:	4670      	mov	r0, lr
100021be:	3504      	adds	r5, #4
100021c0:	3713      	adds	r7, #19
100021c2:	0001      	movs	r1, r0
100021c4:	40f9      	lsrs	r1, r7
100021c6:	40a8      	lsls	r0, r5
100021c8:	1980      	adds	r0, r0, r6
100021ca:	d300      	bcc.n	100021ce <last0+0x32>
100021cc:	3101      	adds	r1, #1
100021ce:	2b00      	cmp	r3, #0
100021d0:	d102      	bne.n	100021d8 <last0+0x3c>
100021d2:	42a2      	cmp	r2, r4
100021d4:	d20a      	bcs.n	100021ec <last0+0x50>
100021d6:	bdf0      	pop	{r4, r5, r6, r7, pc}
100021d8:	3001      	adds	r0, #1
100021da:	d300      	bcc.n	100021de <last0+0x42>
100021dc:	3101      	adds	r1, #1
100021de:	1b12      	subs	r2, r2, r4
100021e0:	d2fa      	bcs.n	100021d8 <last0+0x3c>
100021e2:	3b01      	subs	r3, #1
100021e4:	d1f8      	bne.n	100021d8 <last0+0x3c>
100021e6:	42a2      	cmp	r2, r4
100021e8:	d200      	bcs.n	100021ec <last0+0x50>
100021ea:	bdf0      	pop	{r4, r5, r6, r7, pc}
100021ec:	3001      	adds	r0, #1
100021ee:	d300      	bcc.n	100021f2 <last0+0x56>
100021f0:	3101      	adds	r1, #1
100021f2:	1b12      	subs	r2, r2, r4
100021f4:	e7f7      	b.n	100021e6 <last0+0x4a>

100021f6 <y64_x48>:
100021f6:	b5f0      	push	{r4, r5, r6, r7, lr}
100021f8:	0c1c      	lsrs	r4, r3, #16
100021fa:	d000      	beq.n	100021fe <y64_x48+0x8>
100021fc:	e080      	b.n	10002300 <y64_x64>
100021fe:	b40c      	push	{r2, r3}
10002200:	2500      	movs	r5, #0
10002202:	0a1c      	lsrs	r4, r3, #8
10002204:	d104      	bne.n	10002210 <y64_x48+0x1a>
10002206:	021b      	lsls	r3, r3, #8
10002208:	0e16      	lsrs	r6, r2, #24
1000220a:	4333      	orrs	r3, r6
1000220c:	0212      	lsls	r2, r2, #8
1000220e:	3508      	adds	r5, #8
10002210:	0b1c      	lsrs	r4, r3, #12
10002212:	d104      	bne.n	1000221e <y64_x48+0x28>
10002214:	011b      	lsls	r3, r3, #4
10002216:	0f16      	lsrs	r6, r2, #28
10002218:	4333      	orrs	r3, r6
1000221a:	0112      	lsls	r2, r2, #4
1000221c:	3504      	adds	r5, #4
1000221e:	0b9c      	lsrs	r4, r3, #14
10002220:	d104      	bne.n	1000222c <y64_x48+0x36>
10002222:	009b      	lsls	r3, r3, #2
10002224:	0f96      	lsrs	r6, r2, #30
10002226:	4333      	orrs	r3, r6
10002228:	0092      	lsls	r2, r2, #2
1000222a:	3502      	adds	r5, #2
1000222c:	0bdc      	lsrs	r4, r3, #15
1000222e:	d102      	bne.n	10002236 <y64_x48+0x40>
10002230:	1892      	adds	r2, r2, r2
10002232:	415b      	adcs	r3, r3
10002234:	3501      	adds	r5, #1
10002236:	001c      	movs	r4, r3
10002238:	1897      	adds	r7, r2, r2
1000223a:	4164      	adcs	r4, r4
1000223c:	3401      	adds	r4, #1
1000223e:	4f46      	ldr	r7, [pc, #280]	@ (10002358 <y64_x64+0x58>)
10002240:	667c      	str	r4, [r7, #100]	@ 0x64
10002242:	4c46      	ldr	r4, [pc, #280]	@ (1000235c <y64_x64+0x5c>)
10002244:	663c      	str	r4, [r7, #96]	@ 0x60
10002246:	0c0e      	lsrs	r6, r1, #16
10002248:	e7ff      	b.n	1000224a <y64_x48+0x54>
1000224a:	e7ff      	b.n	1000224c <y64_x48+0x56>
1000224c:	e7ff      	b.n	1000224e <y64_x48+0x58>
1000224e:	46c0      	nop			@ (mov r8, r8)
10002250:	6f3c      	ldr	r4, [r7, #112]	@ 0x70
10002252:	4366      	muls	r6, r4
10002254:	0c36      	lsrs	r6, r6, #16
10002256:	0377      	lsls	r7, r6, #13
10002258:	46be      	mov	lr, r7
1000225a:	b297      	uxth	r7, r2
1000225c:	4377      	muls	r7, r6
1000225e:	1bc0      	subs	r0, r0, r7
10002260:	d200      	bcs.n	10002264 <y64_x48+0x6e>
10002262:	3901      	subs	r1, #1
10002264:	1bc0      	subs	r0, r0, r7
10002266:	d200      	bcs.n	1000226a <y64_x48+0x74>
10002268:	3901      	subs	r1, #1
1000226a:	b29f      	uxth	r7, r3
1000226c:	4377      	muls	r7, r6
1000226e:	1bc9      	subs	r1, r1, r7
10002270:	1bc9      	subs	r1, r1, r7
10002272:	0c17      	lsrs	r7, r2, #16
10002274:	4377      	muls	r7, r6
10002276:	047e      	lsls	r6, r7, #17
10002278:	0bff      	lsrs	r7, r7, #15
1000227a:	1b80      	subs	r0, r0, r6
1000227c:	41b9      	sbcs	r1, r7
1000227e:	08ce      	lsrs	r6, r1, #3
10002280:	4366      	muls	r6, r4
10002282:	0c36      	lsrs	r6, r6, #16
10002284:	2d0c      	cmp	r5, #12
10002286:	db33      	blt.n	100022f0 <last1>
10002288:	44b6      	add	lr, r6
1000228a:	0b12      	lsrs	r2, r2, #12
1000228c:	051f      	lsls	r7, r3, #20
1000228e:	433a      	orrs	r2, r7
10002290:	0b1b      	lsrs	r3, r3, #12
10002292:	b297      	uxth	r7, r2
10002294:	4377      	muls	r7, r6
10002296:	1bc0      	subs	r0, r0, r7
10002298:	d200      	bcs.n	1000229c <y64_x48+0xa6>
1000229a:	3901      	subs	r1, #1
1000229c:	b29f      	uxth	r7, r3
1000229e:	4377      	muls	r7, r6
100022a0:	1bc9      	subs	r1, r1, r7
100022a2:	0c17      	lsrs	r7, r2, #16
100022a4:	4377      	muls	r7, r6
100022a6:	043e      	lsls	r6, r7, #16
100022a8:	0c3f      	lsrs	r7, r7, #16
100022aa:	1b80      	subs	r0, r0, r6
100022ac:	41b9      	sbcs	r1, r7
100022ae:	0d86      	lsrs	r6, r0, #22
100022b0:	028f      	lsls	r7, r1, #10
100022b2:	433e      	orrs	r6, r7
100022b4:	4366      	muls	r6, r4
100022b6:	2729      	movs	r7, #41	@ 0x29
100022b8:	1b7f      	subs	r7, r7, r5
100022ba:	40fe      	lsrs	r6, r7
100022bc:	3d0c      	subs	r5, #12
100022be:	4677      	mov	r7, lr
100022c0:	40af      	lsls	r7, r5
100022c2:	19bf      	adds	r7, r7, r6
100022c4:	bc30      	pop	{r4, r5}
100022c6:	b2a2      	uxth	r2, r4
100022c8:	b2ab      	uxth	r3, r5
100022ca:	4372      	muls	r2, r6
100022cc:	4373      	muls	r3, r6
100022ce:	1a80      	subs	r0, r0, r2
100022d0:	4199      	sbcs	r1, r3
100022d2:	0c22      	lsrs	r2, r4, #16
100022d4:	4372      	muls	r2, r6
100022d6:	0c13      	lsrs	r3, r2, #16
100022d8:	0412      	lsls	r2, r2, #16
100022da:	1a80      	subs	r0, r0, r2
100022dc:	4199      	sbcs	r1, r3
100022de:	0002      	movs	r2, r0
100022e0:	000b      	movs	r3, r1
100022e2:	3701      	adds	r7, #1
100022e4:	1b00      	subs	r0, r0, r4
100022e6:	41a9      	sbcs	r1, r5
100022e8:	d2f9      	bcs.n	100022de <y64_x48+0xe8>
100022ea:	1e78      	subs	r0, r7, #1
100022ec:	2100      	movs	r1, #0
100022ee:	bdf0      	pop	{r4, r5, r6, r7, pc}

100022f0 <last1>:
100022f0:	270c      	movs	r7, #12
100022f2:	1b7f      	subs	r7, r7, r5
100022f4:	40fe      	lsrs	r6, r7
100022f6:	4677      	mov	r7, lr
100022f8:	0b7f      	lsrs	r7, r7, #13
100022fa:	40af      	lsls	r7, r5
100022fc:	19ff      	adds	r7, r7, r7
100022fe:	e7e0      	b.n	100022c2 <y64_x48+0xcc>

10002300 <y64_x64>:
10002300:	2400      	movs	r4, #0
10002302:	1c5d      	adds	r5, r3, #1
10002304:	d007      	beq.n	10002316 <y64_x64+0x16>
10002306:	4f14      	ldr	r7, [pc, #80]	@ (10002358 <y64_x64+0x58>)
10002308:	667d      	str	r5, [r7, #100]	@ 0x64
1000230a:	6639      	str	r1, [r7, #96]	@ 0x60
1000230c:	e7ff      	b.n	1000230e <y64_x64+0xe>
1000230e:	e7ff      	b.n	10002310 <y64_x64+0x10>
10002310:	e7ff      	b.n	10002312 <y64_x64+0x12>
10002312:	e7ff      	b.n	10002314 <y64_x64+0x14>
10002314:	6f3c      	ldr	r4, [r7, #112]	@ 0x70
10002316:	b295      	uxth	r5, r2
10002318:	b29e      	uxth	r6, r3
1000231a:	4365      	muls	r5, r4
1000231c:	4366      	muls	r6, r4
1000231e:	1b40      	subs	r0, r0, r5
10002320:	41b1      	sbcs	r1, r6
10002322:	0c15      	lsrs	r5, r2, #16
10002324:	0c1e      	lsrs	r6, r3, #16
10002326:	4365      	muls	r5, r4
10002328:	4366      	muls	r6, r4
1000232a:	0436      	lsls	r6, r6, #16
1000232c:	0c2f      	lsrs	r7, r5, #16
1000232e:	433e      	orrs	r6, r7
10002330:	042d      	lsls	r5, r5, #16
10002332:	1b40      	subs	r0, r0, r5
10002334:	41b1      	sbcs	r1, r6
10002336:	4299      	cmp	r1, r3
10002338:	d204      	bcs.n	10002344 <y64_x64+0x44>
1000233a:	0002      	movs	r2, r0
1000233c:	000b      	movs	r3, r1
1000233e:	0020      	movs	r0, r4
10002340:	2100      	movs	r1, #0
10002342:	bdf0      	pop	{r4, r5, r6, r7, pc}
10002344:	d101      	bne.n	1000234a <y64_x64+0x4a>
10002346:	4290      	cmp	r0, r2
10002348:	d3f7      	bcc.n	1000233a <y64_x64+0x3a>
1000234a:	1a80      	subs	r0, r0, r2
1000234c:	4199      	sbcs	r1, r3
1000234e:	3401      	adds	r4, #1
10002350:	4299      	cmp	r1, r3
10002352:	d3f2      	bcc.n	1000233a <y64_x64+0x3a>
10002354:	e7f6      	b.n	10002344 <y64_x64+0x44>
10002356:	0000      	.short	0x0000
10002358:	d0000000 	.word	0xd0000000
1000235c:	ffffffff 	.word	0xffffffff

10002360 <__wrap___aeabi_drsub>:
10002360:	4048      	eors	r0, r1
10002362:	4041      	eors	r1, r0
10002364:	4048      	eors	r0, r1

10002366 <__wrap___aeabi_dsub>:
10002366:	b418      	push	{r3, r4}
10002368:	4b1b      	ldr	r3, [pc, #108]	@ (100023d8 <__wrap___aeabi_dmul+0x12>)
1000236a:	685b      	ldr	r3, [r3, #4]
1000236c:	46fc      	mov	ip, pc
1000236e:	9301      	str	r3, [sp, #4]
10002370:	bd08      	pop	{r3, pc}
10002372:	df04      	.short	0xdf04
10002374:	1000263b 	.word	0x1000263b

10002378 <__wrap___aeabi_dadd>:
10002378:	b418      	push	{r3, r4}
1000237a:	4b17      	ldr	r3, [pc, #92]	@ (100023d8 <__wrap___aeabi_dmul+0x12>)
1000237c:	681b      	ldr	r3, [r3, #0]
1000237e:	46fc      	mov	ip, pc
10002380:	9301      	str	r3, [sp, #4]
10002382:	bd08      	pop	{r3, pc}
10002384:	2645df00 	.word	0x2645df00
10002388:	1000      	.short	0x1000

1000238a <__wrap___aeabi_ddiv>:
1000238a:	4694      	mov	ip, r2
1000238c:	4a13      	ldr	r2, [pc, #76]	@ (100023dc <__wrap___aeabi_dmul+0x16>)
1000238e:	6f92      	ldr	r2, [r2, #120]	@ 0x78
10002390:	0892      	lsrs	r2, r2, #2
10002392:	d209      	bcs.n	100023a8 <ddiv_save_state>
10002394:	4662      	mov	r2, ip

10002396 <ddiv_shim_call>:
10002396:	b418      	push	{r3, r4}
10002398:	4b0f      	ldr	r3, [pc, #60]	@ (100023d8 <__wrap___aeabi_dmul+0x12>)
1000239a:	68db      	ldr	r3, [r3, #12]
1000239c:	46fc      	mov	ip, pc
1000239e:	9301      	str	r3, [sp, #4]
100023a0:	bd08      	pop	{r3, pc}
100023a2:	df0c      	.short	0xdf0c
100023a4:	100028fd 	.word	0x100028fd

100023a8 <ddiv_save_state>:
100023a8:	4a0c      	ldr	r2, [pc, #48]	@ (100023dc <__wrap___aeabi_dmul+0x16>)
100023aa:	b5f0      	push	{r4, r5, r6, r7, lr}
100023ac:	6e14      	ldr	r4, [r2, #96]	@ 0x60
100023ae:	6e55      	ldr	r5, [r2, #100]	@ 0x64
100023b0:	6f57      	ldr	r7, [r2, #116]	@ 0x74
100023b2:	6f16      	ldr	r6, [r2, #112]	@ 0x70
100023b4:	4662      	mov	r2, ip
100023b6:	f7ff ffee 	bl	10002396 <ddiv_shim_call>
100023ba:	4a08      	ldr	r2, [pc, #32]	@ (100023dc <__wrap___aeabi_dmul+0x16>)
100023bc:	6614      	str	r4, [r2, #96]	@ 0x60
100023be:	6655      	str	r5, [r2, #100]	@ 0x64
100023c0:	6757      	str	r7, [r2, #116]	@ 0x74
100023c2:	6716      	str	r6, [r2, #112]	@ 0x70
100023c4:	bdf0      	pop	{r4, r5, r6, r7, pc}

100023c6 <__wrap___aeabi_dmul>:
100023c6:	b418      	push	{r3, r4}
100023c8:	4b03      	ldr	r3, [pc, #12]	@ (100023d8 <__wrap___aeabi_dmul+0x12>)
100023ca:	689b      	ldr	r3, [r3, #8]
100023cc:	46fc      	mov	ip, pc
100023ce:	9301      	str	r3, [sp, #4]
100023d0:	bd08      	pop	{r3, pc}
100023d2:	df08      	.short	0xdf08
100023d4:	100027a1 	.word	0x100027a1
100023d8:	200018d0 	.word	0x200018d0
100023dc:	d0000000 	.word	0xd0000000

100023e0 <__wrap___aeabi_cdrcmple>:
100023e0:	b5ff      	push	{r0, r1, r2, r3, r4, r5, r6, r7, lr}
100023e2:	4050      	eors	r0, r2
100023e4:	4042      	eors	r2, r0
100023e6:	4050      	eors	r0, r2
100023e8:	4059      	eors	r1, r3
100023ea:	404b      	eors	r3, r1
100023ec:	4059      	eors	r1, r3
100023ee:	e000      	b.n	100023f2 <__aeabi_dfcmple_guts>

100023f0 <__wrap___aeabi_cdcmpeq>:
100023f0:	b5ff      	push	{r0, r1, r2, r3, r4, r5, r6, r7, lr}

100023f2 <__aeabi_dfcmple_guts>:
100023f2:	4f15      	ldr	r7, [pc, #84]	@ (10002448 <__aeabi_dfcmple_guts+0x56>)
100023f4:	004c      	lsls	r4, r1, #1
100023f6:	0d64      	lsrs	r4, r4, #21
100023f8:	d003      	beq.n	10002402 <__aeabi_dfcmple_guts+0x10>
100023fa:	42bc      	cmp	r4, r7
100023fc:	d104      	bne.n	10002408 <__aeabi_dfcmple_guts+0x16>
100023fe:	030c      	lsls	r4, r1, #12
10002400:	d814      	bhi.n	1000242c <__aeabi_dfcmple_guts+0x3a>
10002402:	2000      	movs	r0, #0
10002404:	0d09      	lsrs	r1, r1, #20
10002406:	0509      	lsls	r1, r1, #20
10002408:	005c      	lsls	r4, r3, #1
1000240a:	0d64      	lsrs	r4, r4, #21
1000240c:	d003      	beq.n	10002416 <__aeabi_dfcmple_guts+0x24>
1000240e:	42bc      	cmp	r4, r7
10002410:	d104      	bne.n	1000241c <__aeabi_dfcmple_guts+0x2a>
10002412:	031c      	lsls	r4, r3, #12
10002414:	d80a      	bhi.n	1000242c <__aeabi_dfcmple_guts+0x3a>
10002416:	2200      	movs	r2, #0
10002418:	0d1b      	lsrs	r3, r3, #20
1000241a:	051b      	lsls	r3, r3, #20
1000241c:	2601      	movs	r6, #1
1000241e:	404b      	eors	r3, r1
10002420:	d409      	bmi.n	10002436 <__aeabi_dfcmple_guts+0x44>
10002422:	404b      	eors	r3, r1
10002424:	d503      	bpl.n	1000242e <__aeabi_dfcmple_guts+0x3c>
10002426:	428b      	cmp	r3, r1
10002428:	d100      	bne.n	1000242c <__aeabi_dfcmple_guts+0x3a>
1000242a:	4282      	cmp	r2, r0
1000242c:	bdff      	pop	{r0, r1, r2, r3, r4, r5, r6, r7, pc}
1000242e:	4299      	cmp	r1, r3
10002430:	d1fc      	bne.n	1000242c <__aeabi_dfcmple_guts+0x3a>
10002432:	4290      	cmp	r0, r2
10002434:	bdff      	pop	{r0, r1, r2, r3, r4, r5, r6, r7, pc}
10002436:	430b      	orrs	r3, r1
10002438:	18db      	adds	r3, r3, r3
1000243a:	4303      	orrs	r3, r0
1000243c:	4313      	orrs	r3, r2
1000243e:	d0f5      	beq.n	1000242c <__aeabi_dfcmple_guts+0x3a>
10002440:	43c9      	mvns	r1, r1
10002442:	1849      	adds	r1, r1, r1
10002444:	bdff      	pop	{r0, r1, r2, r3, r4, r5, r6, r7, pc}
10002446:	0000      	.short	0x0000
10002448:	000007ff 	.word	0x000007ff

1000244c <__wrap___aeabi_dcmplt>:
1000244c:	b500      	push	{lr}
1000244e:	f7ff ffcf 	bl	100023f0 <__wrap___aeabi_cdcmpeq>
10002452:	4180      	sbcs	r0, r0
10002454:	bd00      	pop	{pc}
10002456:	46c0      	nop			@ (mov r8, r8)

10002458 <__wrap___aeabi_dcmple>:
10002458:	b500      	push	{lr}
1000245a:	f7ff ffc9 	bl	100023f0 <__wrap___aeabi_cdcmpeq>
1000245e:	d901      	bls.n	10002464 <__wrap___aeabi_dcmple+0xc>
10002460:	2000      	movs	r0, #0
10002462:	bd00      	pop	{pc}
10002464:	2001      	movs	r0, #1
10002466:	bd00      	pop	{pc}

10002468 <__wrap___aeabi_dcmpge>:
10002468:	b500      	push	{lr}
1000246a:	f7ff ffb9 	bl	100023e0 <__wrap___aeabi_cdrcmple>
1000246e:	d901      	bls.n	10002474 <__wrap___aeabi_dcmpge+0xc>
10002470:	2000      	movs	r0, #0
10002472:	bd00      	pop	{pc}
10002474:	2001      	movs	r0, #1
10002476:	bd00      	pop	{pc}

10002478 <__wrap___aeabi_dcmpgt>:
10002478:	b500      	push	{lr}
1000247a:	f7ff ffb1 	bl	100023e0 <__wrap___aeabi_cdrcmple>
1000247e:	4180      	sbcs	r0, r0
10002480:	bd00      	pop	{pc}

10002482 <__wrap___aeabi_dcmpun>:
10002482:	2001      	movs	r0, #1
10002484:	0540      	lsls	r0, r0, #21
10002486:	004a      	lsls	r2, r1, #1
10002488:	1812      	adds	r2, r2, r0
1000248a:	d804      	bhi.n	10002496 <__wrap___aeabi_dcmpun+0x14>
1000248c:	005a      	lsls	r2, r3, #1
1000248e:	1812      	adds	r2, r2, r0
10002490:	d801      	bhi.n	10002496 <__wrap___aeabi_dcmpun+0x14>
10002492:	2000      	movs	r0, #0
10002494:	4770      	bx	lr
10002496:	2001      	movs	r0, #1
10002498:	4770      	bx	lr
	...

1000249c <__wrap___aeabi_ui2d>:
1000249c:	2100      	movs	r1, #0
1000249e:	2800      	cmp	r0, #0
100024a0:	d105      	bne.n	100024ae <__wrap___aeabi_i2d+0xa>
100024a2:	4770      	bx	lr

100024a4 <__wrap___aeabi_i2d>:
100024a4:	17c1      	asrs	r1, r0, #31
100024a6:	4048      	eors	r0, r1
100024a8:	1a40      	subs	r0, r0, r1
100024aa:	d0fa      	beq.n	100024a2 <__wrap___aeabi_ui2d+0x6>
100024ac:	07c9      	lsls	r1, r1, #31
100024ae:	b513      	push	{r0, r1, r4, lr}
100024b0:	4b06      	ldr	r3, [pc, #24]	@ (100024cc <__wrap___aeabi_i2d+0x28>)
100024b2:	681b      	ldr	r3, [r3, #0]
100024b4:	4798      	blx	r3
100024b6:	bc0c      	pop	{r2, r3}
100024b8:	1c44      	adds	r4, r0, #1
100024ba:	40a2      	lsls	r2, r4
100024bc:	0510      	lsls	r0, r2, #20
100024be:	0b12      	lsrs	r2, r2, #12
100024c0:	4903      	ldr	r1, [pc, #12]	@ (100024d0 <__wrap___aeabi_i2d+0x2c>)
100024c2:	1b09      	subs	r1, r1, r4
100024c4:	0509      	lsls	r1, r1, #20
100024c6:	4319      	orrs	r1, r3
100024c8:	4311      	orrs	r1, r2
100024ca:	bd10      	pop	{r4, pc}
100024cc:	200019d0 	.word	0x200019d0
100024d0:	0000041f 	.word	0x0000041f

100024d4 <__wrap___aeabi_d2iz>:
100024d4:	b510      	push	{r4, lr}
100024d6:	004c      	lsls	r4, r1, #1
100024d8:	0d62      	lsrs	r2, r4, #21
100024da:	2380      	movs	r3, #128	@ 0x80
100024dc:	18d2      	adds	r2, r2, r3
100024de:	00db      	lsls	r3, r3, #3
100024e0:	1ad2      	subs	r2, r2, r3
100024e2:	055b      	lsls	r3, r3, #21
100024e4:	2a7e      	cmp	r2, #126	@ 0x7e
100024e6:	dd10      	ble.n	1000250a <__wrap___aeabi_d2iz+0x36>
100024e8:	3a9e      	subs	r2, #158	@ 0x9e
100024ea:	da13      	bge.n	10002514 <__wrap___aeabi_d2iz+0x40>
100024ec:	17cc      	asrs	r4, r1, #31
100024ee:	0309      	lsls	r1, r1, #12
100024f0:	0849      	lsrs	r1, r1, #1
100024f2:	4319      	orrs	r1, r3
100024f4:	4252      	negs	r2, r2
100024f6:	40d1      	lsrs	r1, r2
100024f8:	0064      	lsls	r4, r4, #1
100024fa:	3401      	adds	r4, #1
100024fc:	3215      	adds	r2, #21
100024fe:	2a20      	cmp	r2, #32
10002500:	da05      	bge.n	1000250e <__wrap___aeabi_d2iz+0x3a>
10002502:	40d0      	lsrs	r0, r2
10002504:	4308      	orrs	r0, r1
10002506:	4360      	muls	r0, r4
10002508:	bd10      	pop	{r4, pc}
1000250a:	2000      	movs	r0, #0
1000250c:	bd10      	pop	{r4, pc}
1000250e:	4608      	mov	r0, r1
10002510:	4360      	muls	r0, r4
10002512:	bd10      	pop	{r4, pc}
10002514:	0fc8      	lsrs	r0, r1, #31
10002516:	18c0      	adds	r0, r0, r3
10002518:	3801      	subs	r0, #1
1000251a:	bd10      	pop	{r4, pc}

1000251c <__wrap___aeabi_d2uiz>:
1000251c:	b418      	push	{r3, r4}
1000251e:	4b04      	ldr	r3, [pc, #16]	@ (10002530 <__wrap___aeabi_d2uiz+0x14>)
10002520:	6a5b      	ldr	r3, [r3, #36]	@ 0x24
10002522:	46fc      	mov	ip, pc
10002524:	9301      	str	r3, [sp, #4]
10002526:	bd08      	pop	{r3, pc}
10002528:	2aaddf24 	.word	0x2aaddf24
1000252c:	00001000 	.word	0x00001000
10002530:	200018d0 	.word	0x200018d0

10002534 <__aeabi_double_init>:
10002534:	b570      	push	{r4, r5, r6, lr}
10002536:	2313      	movs	r3, #19
10002538:	781c      	ldrb	r4, [r3, #0]
1000253a:	2c01      	cmp	r4, #1
1000253c:	d012      	beq.n	10002564 <__aeabi_double_init+0x30>
1000253e:	2c01      	cmp	r4, #1
10002540:	dc12      	bgt.n	10002568 <__aeabi_double_init+0x34>
10002542:	4b21      	ldr	r3, [pc, #132]	@ (100025c8 <__aeabi_double_init+0x94>)
10002544:	4a21      	ldr	r2, [pc, #132]	@ (100025cc <__aeabi_double_init+0x98>)
10002546:	6493      	str	r3, [r2, #72]	@ 0x48
10002548:	4821      	ldr	r0, [pc, #132]	@ (100025d0 <__aeabi_double_init+0x9c>)
1000254a:	f7ff fb57 	bl	10001bfc <rom_func_lookup>
1000254e:	4b21      	ldr	r3, [pc, #132]	@ (100025d4 <__aeabi_double_init+0xa0>)
10002550:	6018      	str	r0, [r3, #0]
10002552:	bd70      	pop	{r4, r5, r6, pc}
10002554:	491c      	ldr	r1, [pc, #112]	@ (100025c8 <__aeabi_double_init+0x94>)
10002556:	4a1d      	ldr	r2, [pc, #116]	@ (100025cc <__aeabi_double_init+0x98>)
10002558:	0098      	lsls	r0, r3, #2
1000255a:	5081      	str	r1, [r0, r2]
1000255c:	3301      	adds	r3, #1
1000255e:	2b1f      	cmp	r3, #31
10002560:	d9f8      	bls.n	10002554 <__aeabi_double_init+0x20>
10002562:	e7ec      	b.n	1000253e <__aeabi_double_init+0xa>
10002564:	2300      	movs	r3, #0
10002566:	e7fa      	b.n	1000255e <__aeabi_double_init+0x2a>
10002568:	481b      	ldr	r0, [pc, #108]	@ (100025d8 <__aeabi_double_init+0xa4>)
1000256a:	f7ff fb4f 	bl	10001c0c <rom_data_lookup>
1000256e:	0005      	movs	r5, r0
10002570:	481a      	ldr	r0, [pc, #104]	@ (100025dc <__aeabi_double_init+0xa8>)
10002572:	f7ff fb4b 	bl	10001c0c <rom_data_lookup>
10002576:	3802      	subs	r0, #2
10002578:	7803      	ldrb	r3, [r0, #0]
1000257a:	009b      	lsls	r3, r3, #2
1000257c:	2b7f      	cmp	r3, #127	@ 0x7f
1000257e:	dd09      	ble.n	10002594 <__aeabi_double_init+0x60>
10002580:	4812      	ldr	r0, [pc, #72]	@ (100025cc <__aeabi_double_init+0x98>)
10002582:	2280      	movs	r2, #128	@ 0x80
10002584:	0029      	movs	r1, r5
10002586:	f000 fbaf 	bl	10002ce8 <__wrap___aeabi_memcpy>
1000258a:	2c02      	cmp	r4, #2
1000258c:	d008      	beq.n	100025a0 <__aeabi_double_init+0x6c>
1000258e:	2c02      	cmp	r4, #2
10002590:	dcda      	bgt.n	10002548 <__aeabi_double_init+0x14>
10002592:	e7d6      	b.n	10002542 <__aeabi_double_init+0xe>
10002594:	4b12      	ldr	r3, [pc, #72]	@ (100025e0 <__aeabi_double_init+0xac>)
10002596:	4a13      	ldr	r2, [pc, #76]	@ (100025e4 <__aeabi_double_init+0xb0>)
10002598:	4813      	ldr	r0, [pc, #76]	@ (100025e8 <__aeabi_double_init+0xb4>)
1000259a:	2134      	movs	r1, #52	@ 0x34
1000259c:	f001 fca4 	bl	10003ee8 <__assert_func>
100025a0:	4b12      	ldr	r3, [pc, #72]	@ (100025ec <__aeabi_double_init+0xb8>)
100025a2:	881a      	ldrh	r2, [r3, #0]
100025a4:	23b5      	movs	r3, #181	@ 0xb5
100025a6:	021b      	lsls	r3, r3, #8
100025a8:	429a      	cmp	r2, r3
100025aa:	d109      	bne.n	100025c0 <__aeabi_double_init+0x8c>
100025ac:	4b10      	ldr	r3, [pc, #64]	@ (100025f0 <__aeabi_double_init+0xbc>)
100025ae:	881a      	ldrh	r2, [r3, #0]
100025b0:	4b10      	ldr	r3, [pc, #64]	@ (100025f4 <__aeabi_double_init+0xc0>)
100025b2:	429a      	cmp	r2, r3
100025b4:	d104      	bne.n	100025c0 <__aeabi_double_init+0x8c>
100025b6:	4b10      	ldr	r3, [pc, #64]	@ (100025f8 <__aeabi_double_init+0xc4>)
100025b8:	881a      	ldrh	r2, [r3, #0]
100025ba:	4b10      	ldr	r3, [pc, #64]	@ (100025fc <__aeabi_double_init+0xc8>)
100025bc:	429a      	cmp	r2, r3
100025be:	d0e6      	beq.n	1000258e <__aeabi_double_init+0x5a>
100025c0:	2000      	movs	r0, #0
100025c2:	f7fe f835 	bl	10000630 <panic>
100025c6:	46c0      	nop			@ (mov r8, r8)
100025c8:	10002601 	.word	0x10002601
100025cc:	200018d0 	.word	0x200018d0
100025d0:	0000334c 	.word	0x0000334c
100025d4:	200019d0 	.word	0x200019d0
100025d8:	00004453 	.word	0x00004453
100025dc:	00004653 	.word	0x00004653
100025e0:	10008144 	.word	0x10008144
100025e4:	10008994 	.word	0x10008994
100025e8:	10008188 	.word	0x10008188
100025ec:	00003854 	.word	0x00003854
100025f0:	000038d8 	.word	0x000038d8
100025f4:	00004649 	.word	0x00004649
100025f8:	0000389c 	.word	0x0000389c
100025fc:	00004659 	.word	0x00004659

10002600 <double_table_shim_on_use_helper>:
10002600:	b507      	push	{r0, r1, r2, lr}
10002602:	4660      	mov	r0, ip
10002604:	2800      	cmp	r0, #0
10002606:	d100      	bne.n	1000260a <double_table_shim_on_use_helper+0xa>
10002608:	be00      	bkpt	0x0000
1000260a:	8801      	ldrh	r1, [r0, #0]
1000260c:	0a0a      	lsrs	r2, r1, #8
1000260e:	3002      	adds	r0, #2
10002610:	2adf      	cmp	r2, #223	@ 0xdf
10002612:	d1fa      	bne.n	1000260a <double_table_shim_on_use_helper+0xa>
10002614:	b2c9      	uxtb	r1, r1
10002616:	0882      	lsrs	r2, r0, #2
10002618:	d304      	bcc.n	10002624 <double_table_shim_on_use_helper+0x24>
1000261a:	8802      	ldrh	r2, [r0, #0]
1000261c:	8840      	ldrh	r0, [r0, #2]
1000261e:	0400      	lsls	r0, r0, #16
10002620:	4310      	orrs	r0, r2
10002622:	e000      	b.n	10002626 <double_table_shim_on_use_helper+0x26>
10002624:	6800      	ldr	r0, [r0, #0]
10002626:	4a02      	ldr	r2, [pc, #8]	@ (10002630 <double_table_shim_on_use_helper+0x30>)
10002628:	5050      	str	r0, [r2, r1]
1000262a:	9003      	str	r0, [sp, #12]
1000262c:	bd07      	pop	{r0, r1, r2, pc}
1000262e:	0000      	.short	0x0000
10002630:	200018d0 	.word	0x200018d0

10002634 <drsub_shim>:
10002634:	b40f      	push	{r0, r1, r2, r3}
10002636:	bc03      	pop	{r0, r1}
10002638:	bc0c      	pop	{r2, r3}

1000263a <dsub_shim>:
1000263a:	b5f0      	push	{r4, r5, r6, r7, lr}
1000263c:	2401      	movs	r4, #1
1000263e:	07e4      	lsls	r4, r4, #31
10002640:	4063      	eors	r3, r4
10002642:	e000      	b.n	10002646 <da_entry>

10002644 <dadd_shim>:
10002644:	b5f0      	push	{r4, r5, r6, r7, lr}

10002646 <da_entry>:
10002646:	0d0c      	lsrs	r4, r1, #20
10002648:	0fcf      	lsrs	r7, r1, #31
1000264a:	1e66      	subs	r6, r4, #1
1000264c:	0536      	lsls	r6, r6, #20
1000264e:	1b89      	subs	r1, r1, r6
10002650:	0564      	lsls	r4, r4, #21
10002652:	d303      	bcc.n	1000265c <l8_1>
10002654:	43c9      	mvns	r1, r1
10002656:	4240      	negs	r0, r0
10002658:	d300      	bcc.n	1000265c <l8_1>
1000265a:	3101      	adds	r1, #1

1000265c <l8_1>:
1000265c:	0d64      	lsrs	r4, r4, #21
1000265e:	d003      	beq.n	10002668 <l8_2>
10002660:	1c66      	adds	r6, r4, #1
10002662:	0af6      	lsrs	r6, r6, #11
10002664:	d007      	beq.n	10002676 <l8_3>
10002666:	1be4      	subs	r4, r4, r7

10002668 <l8_2>:
10002668:	2000      	movs	r0, #0
1000266a:	007f      	lsls	r7, r7, #1
1000266c:	1c79      	adds	r1, r7, #1
1000266e:	0789      	lsls	r1, r1, #30
10002670:	1289      	asrs	r1, r1, #10
10002672:	3c80      	subs	r4, #128	@ 0x80
10002674:	0324      	lsls	r4, r4, #12

10002676 <l8_3>:
10002676:	0d1d      	lsrs	r5, r3, #20
10002678:	0fdf      	lsrs	r7, r3, #31
1000267a:	1e6e      	subs	r6, r5, #1
1000267c:	0536      	lsls	r6, r6, #20
1000267e:	1b9b      	subs	r3, r3, r6
10002680:	056d      	lsls	r5, r5, #21
10002682:	d303      	bcc.n	1000268c <l9_1>
10002684:	43db      	mvns	r3, r3
10002686:	4252      	negs	r2, r2
10002688:	d300      	bcc.n	1000268c <l9_1>
1000268a:	3301      	adds	r3, #1

1000268c <l9_1>:
1000268c:	0d6d      	lsrs	r5, r5, #21
1000268e:	d003      	beq.n	10002698 <l9_2>
10002690:	1c6e      	adds	r6, r5, #1
10002692:	0af6      	lsrs	r6, r6, #11
10002694:	d007      	beq.n	100026a6 <l9_3>
10002696:	1bed      	subs	r5, r5, r7

10002698 <l9_2>:
10002698:	2200      	movs	r2, #0
1000269a:	007f      	lsls	r7, r7, #1
1000269c:	1c7b      	adds	r3, r7, #1
1000269e:	079b      	lsls	r3, r3, #30
100026a0:	129b      	asrs	r3, r3, #10
100026a2:	3d80      	subs	r5, #128	@ 0x80
100026a4:	032d      	lsls	r5, r5, #12

100026a6 <l9_3>:
100026a6:	1b2f      	subs	r7, r5, r4
100026a8:	1b66      	subs	r6, r4, r5
100026aa:	d458      	bmi.n	1000275e <da_ygtx>
100026ac:	46a4      	mov	ip, r4
100026ae:	2e20      	cmp	r6, #32
100026b0:	da46      	bge.n	10002740 <da_xrgty>
100026b2:	3720      	adds	r7, #32
100026b4:	0014      	movs	r4, r2
100026b6:	40bc      	lsls	r4, r7

100026b8 <da_xgty0>:
100026b8:	001d      	movs	r5, r3
100026ba:	40bd      	lsls	r5, r7
100026bc:	40f2      	lsrs	r2, r6
100026be:	4133      	asrs	r3, r6
100026c0:	432a      	orrs	r2, r5

100026c2 <da_add>:
100026c2:	1880      	adds	r0, r0, r2
100026c4:	4159      	adcs	r1, r3

100026c6 <da_pack>:
100026c6:	0fcb      	lsrs	r3, r1, #31
100026c8:	d005      	beq.n	100026d6 <da_pack+0x10>
100026ca:	43c9      	mvns	r1, r1
100026cc:	43c0      	mvns	r0, r0
100026ce:	2200      	movs	r2, #0
100026d0:	4264      	negs	r4, r4
100026d2:	4150      	adcs	r0, r2
100026d4:	4151      	adcs	r1, r2
100026d6:	4662      	mov	r2, ip
100026d8:	0d4d      	lsrs	r5, r1, #21
100026da:	d128      	bne.n	1000272e <da_0>
100026dc:	0d0d      	lsrs	r5, r1, #20
100026de:	d107      	bne.n	100026f0 <da_1>
100026e0:	2800      	cmp	r0, #0
100026e2:	d01f      	beq.n	10002724 <da_5>

100026e4 <da_2>:
100026e4:	1924      	adds	r4, r4, r4
100026e6:	4140      	adcs	r0, r0
100026e8:	4149      	adcs	r1, r1
100026ea:	3a01      	subs	r2, #1
100026ec:	0d0d      	lsrs	r5, r1, #20
100026ee:	d0f9      	beq.n	100026e4 <da_2>

100026f0 <da_1>:
100026f0:	0064      	lsls	r4, r4, #1
100026f2:	d306      	bcc.n	10002702 <da_3>

100026f4 <da_4>:
100026f4:	3001      	adds	r0, #1
100026f6:	d300      	bcc.n	100026fa <da_4+0x6>
100026f8:	3101      	adds	r1, #1
100026fa:	2c00      	cmp	r4, #0
100026fc:	d101      	bne.n	10002702 <da_3>
100026fe:	0840      	lsrs	r0, r0, #1
10002700:	0040      	lsls	r0, r0, #1

10002702 <da_3>:
10002702:	3a01      	subs	r2, #1
10002704:	d40b      	bmi.n	1000271e <da_6>
10002706:	1c94      	adds	r4, r2, #2
10002708:	0ae4      	lsrs	r4, r4, #11
1000270a:	d104      	bne.n	10002716 <da_7>
1000270c:	0512      	lsls	r2, r2, #20
1000270e:	4411      	add	r1, r2
10002710:	07db      	lsls	r3, r3, #31
10002712:	4419      	add	r1, r3
10002714:	bdf0      	pop	{r4, r5, r6, r7, pc}

10002716 <da_7>:
10002716:	07d9      	lsls	r1, r3, #31
10002718:	4b20      	ldr	r3, [pc, #128]	@ (1000279c <da_xmgty+0x4>)
1000271a:	4319      	orrs	r1, r3
1000271c:	e000      	b.n	10002720 <da_6+0x2>

1000271e <da_6>:
1000271e:	07d9      	lsls	r1, r3, #31
10002720:	2000      	movs	r0, #0
10002722:	bdf0      	pop	{r4, r5, r6, r7, pc}

10002724 <da_5>:
10002724:	2900      	cmp	r1, #0
10002726:	d1dd      	bne.n	100026e4 <da_2>
10002728:	2c00      	cmp	r4, #0
1000272a:	d1db      	bne.n	100026e4 <da_2>
1000272c:	bdf0      	pop	{r4, r5, r6, r7, pc}

1000272e <da_0>:
1000272e:	3201      	adds	r2, #1
10002730:	07c6      	lsls	r6, r0, #31
10002732:	0840      	lsrs	r0, r0, #1
10002734:	07cd      	lsls	r5, r1, #31
10002736:	4328      	orrs	r0, r5
10002738:	0849      	lsrs	r1, r1, #1
1000273a:	2e00      	cmp	r6, #0
1000273c:	d0e1      	beq.n	10002702 <da_3>
1000273e:	e7d9      	b.n	100026f4 <da_4>

10002740 <da_xrgty>:
10002740:	2e3c      	cmp	r6, #60	@ 0x3c
10002742:	da29      	bge.n	10002798 <da_xmgty>
10002744:	3e20      	subs	r6, #32
10002746:	3740      	adds	r7, #64	@ 0x40
10002748:	0014      	movs	r4, r2
1000274a:	40bc      	lsls	r4, r7
1000274c:	d000      	beq.n	10002750 <da_xrgty+0x10>
1000274e:	2401      	movs	r4, #1
10002750:	40f2      	lsrs	r2, r6
10002752:	4314      	orrs	r4, r2
10002754:	001a      	movs	r2, r3
10002756:	40bb      	lsls	r3, r7
10002758:	431c      	orrs	r4, r3
1000275a:	17d3      	asrs	r3, r2, #31
1000275c:	e7ac      	b.n	100026b8 <da_xgty0>

1000275e <da_ygtx>:
1000275e:	46ac      	mov	ip, r5
10002760:	2f20      	cmp	r7, #32
10002762:	da08      	bge.n	10002776 <da_yrgtx>
10002764:	3620      	adds	r6, #32
10002766:	0004      	movs	r4, r0
10002768:	40b4      	lsls	r4, r6

1000276a <da_ygtx0>:
1000276a:	000d      	movs	r5, r1
1000276c:	40b5      	lsls	r5, r6
1000276e:	40f8      	lsrs	r0, r7
10002770:	4139      	asrs	r1, r7
10002772:	4328      	orrs	r0, r5
10002774:	e7a5      	b.n	100026c2 <da_add>

10002776 <da_yrgtx>:
10002776:	2f3c      	cmp	r7, #60	@ 0x3c
10002778:	da0c      	bge.n	10002794 <da_ymgtx>
1000277a:	3f20      	subs	r7, #32
1000277c:	3640      	adds	r6, #64	@ 0x40
1000277e:	0004      	movs	r4, r0
10002780:	40b4      	lsls	r4, r6
10002782:	d000      	beq.n	10002786 <da_yrgtx+0x10>
10002784:	2401      	movs	r4, #1
10002786:	40f8      	lsrs	r0, r7
10002788:	4304      	orrs	r4, r0
1000278a:	0008      	movs	r0, r1
1000278c:	40b1      	lsls	r1, r6
1000278e:	430c      	orrs	r4, r1
10002790:	17c1      	asrs	r1, r0, #31
10002792:	e7ea      	b.n	1000276a <da_ygtx0>

10002794 <da_ymgtx>:
10002794:	0010      	movs	r0, r2
10002796:	0019      	movs	r1, r3

10002798 <da_xmgty>:
10002798:	2400      	movs	r4, #0
1000279a:	e794      	b.n	100026c6 <da_pack>
1000279c:	7ff00000 	.word	0x7ff00000

100027a0 <dmul_shim>:
100027a0:	b5f0      	push	{r4, r5, r6, r7, lr}
100027a2:	0d0c      	lsrs	r4, r1, #20
100027a4:	1e66      	subs	r6, r4, #1
100027a6:	0536      	lsls	r6, r6, #20
100027a8:	1b89      	subs	r1, r1, r6
100027aa:	0ae6      	lsrs	r6, r4, #11
100027ac:	0564      	lsls	r4, r4, #21
100027ae:	0d64      	lsrs	r4, r4, #21
100027b0:	d002      	beq.n	100027b8 <l12_1>
100027b2:	1c65      	adds	r5, r4, #1
100027b4:	0aed      	lsrs	r5, r5, #11
100027b6:	d004      	beq.n	100027c2 <l12_2>

100027b8 <l12_1>:
100027b8:	2000      	movs	r0, #0
100027ba:	2101      	movs	r1, #1
100027bc:	0509      	lsls	r1, r1, #20
100027be:	3c80      	subs	r4, #128	@ 0x80
100027c0:	0324      	lsls	r4, r4, #12

100027c2 <l12_2>:
100027c2:	46a4      	mov	ip, r4
100027c4:	0d1c      	lsrs	r4, r3, #20
100027c6:	1e67      	subs	r7, r4, #1
100027c8:	053f      	lsls	r7, r7, #20
100027ca:	1bdb      	subs	r3, r3, r7
100027cc:	0ae7      	lsrs	r7, r4, #11
100027ce:	0564      	lsls	r4, r4, #21
100027d0:	0d64      	lsrs	r4, r4, #21
100027d2:	d002      	beq.n	100027da <l13_1>
100027d4:	1c65      	adds	r5, r4, #1
100027d6:	0aed      	lsrs	r5, r5, #11
100027d8:	d004      	beq.n	100027e4 <l13_2>

100027da <l13_1>:
100027da:	2200      	movs	r2, #0
100027dc:	2301      	movs	r3, #1
100027de:	051b      	lsls	r3, r3, #20
100027e0:	3c80      	subs	r4, #128	@ 0x80
100027e2:	0324      	lsls	r4, r4, #12

100027e4 <l13_2>:
100027e4:	4077      	eors	r7, r6
100027e6:	4464      	add	r4, ip
100027e8:	b497      	push	{r0, r1, r2, r4, r7}
100027ea:	b284      	uxth	r4, r0
100027ec:	b296      	uxth	r6, r2
100027ee:	4374      	muls	r4, r6
100027f0:	0c07      	lsrs	r7, r0, #16
100027f2:	437e      	muls	r6, r7
100027f4:	0c15      	lsrs	r5, r2, #16
100027f6:	436f      	muls	r7, r5
100027f8:	b280      	uxth	r0, r0
100027fa:	4368      	muls	r0, r5
100027fc:	1836      	adds	r6, r6, r0
100027fe:	d302      	bcc.n	10002806 <l14_1>
10002800:	2001      	movs	r0, #1
10002802:	0400      	lsls	r0, r0, #16
10002804:	183f      	adds	r7, r7, r0

10002806 <l14_1>:
10002806:	0430      	lsls	r0, r6, #16
10002808:	0c35      	lsrs	r5, r6, #16
1000280a:	1900      	adds	r0, r0, r4
1000280c:	417d      	adcs	r5, r7
1000280e:	4684      	mov	ip, r0
10002810:	b288      	uxth	r0, r1
10002812:	b29a      	uxth	r2, r3
10002814:	4350      	muls	r0, r2
10002816:	0c0c      	lsrs	r4, r1, #16
10002818:	4362      	muls	r2, r4
1000281a:	0c1f      	lsrs	r7, r3, #16
1000281c:	437c      	muls	r4, r7
1000281e:	b28e      	uxth	r6, r1
10002820:	437e      	muls	r6, r7
10002822:	1992      	adds	r2, r2, r6
10002824:	d302      	bcc.n	1000282c <l15_1>
10002826:	2601      	movs	r6, #1
10002828:	0436      	lsls	r6, r6, #16
1000282a:	19a4      	adds	r4, r4, r6

1000282c <l15_1>:
1000282c:	0416      	lsls	r6, r2, #16
1000282e:	0c17      	lsrs	r7, r2, #16
10002830:	1836      	adds	r6, r6, r0
10002832:	4167      	adcs	r7, r4
10002834:	bc01      	pop	{r0}
10002836:	b281      	uxth	r1, r0
10002838:	b29a      	uxth	r2, r3
1000283a:	4351      	muls	r1, r2
1000283c:	0c04      	lsrs	r4, r0, #16
1000283e:	4362      	muls	r2, r4
10002840:	0c1b      	lsrs	r3, r3, #16
10002842:	435c      	muls	r4, r3
10002844:	b280      	uxth	r0, r0
10002846:	4358      	muls	r0, r3
10002848:	1812      	adds	r2, r2, r0
1000284a:	d302      	bcc.n	10002852 <l16_1>
1000284c:	2001      	movs	r0, #1
1000284e:	0400      	lsls	r0, r0, #16
10002850:	1824      	adds	r4, r4, r0

10002852 <l16_1>:
10002852:	0410      	lsls	r0, r2, #16
10002854:	0c13      	lsrs	r3, r2, #16
10002856:	1840      	adds	r0, r0, r1
10002858:	4163      	adcs	r3, r4
1000285a:	182d      	adds	r5, r5, r0
1000285c:	415e      	adcs	r6, r3
1000285e:	2000      	movs	r0, #0
10002860:	4147      	adcs	r7, r0
10002862:	bc06      	pop	{r1, r2}
10002864:	b288      	uxth	r0, r1
10002866:	b293      	uxth	r3, r2
10002868:	4358      	muls	r0, r3
1000286a:	0c0c      	lsrs	r4, r1, #16
1000286c:	4363      	muls	r3, r4
1000286e:	0c12      	lsrs	r2, r2, #16
10002870:	4354      	muls	r4, r2
10002872:	b289      	uxth	r1, r1
10002874:	4351      	muls	r1, r2
10002876:	185b      	adds	r3, r3, r1
10002878:	d302      	bcc.n	10002880 <l17_1>
1000287a:	2101      	movs	r1, #1
1000287c:	0409      	lsls	r1, r1, #16
1000287e:	1864      	adds	r4, r4, r1

10002880 <l17_1>:
10002880:	0419      	lsls	r1, r3, #16
10002882:	0c1a      	lsrs	r2, r3, #16
10002884:	1809      	adds	r1, r1, r0
10002886:	4162      	adcs	r2, r4
10002888:	186d      	adds	r5, r5, r1
1000288a:	4156      	adcs	r6, r2
1000288c:	2000      	movs	r0, #0
1000288e:	4147      	adcs	r7, r0
10002890:	bc18      	pop	{r3, r4}
10002892:	02f9      	lsls	r1, r7, #11
10002894:	0d72      	lsrs	r2, r6, #21
10002896:	4311      	orrs	r1, r2
10002898:	02f0      	lsls	r0, r6, #11
1000289a:	0d6a      	lsrs	r2, r5, #21
1000289c:	4310      	orrs	r0, r2
1000289e:	02ed      	lsls	r5, r5, #11
100028a0:	0d0a      	lsrs	r2, r1, #20
100028a2:	d103      	bne.n	100028ac <l17_1+0x2c>
100028a4:	196d      	adds	r5, r5, r5
100028a6:	4140      	adcs	r0, r0
100028a8:	4149      	adcs	r1, r1
100028aa:	3b01      	subs	r3, #1
100028ac:	4e12      	ldr	r6, [pc, #72]	@ (100028f8 <dm_1+0xa>)
100028ae:	1b9b      	subs	r3, r3, r6
100028b0:	0076      	lsls	r6, r6, #1
100028b2:	42b3      	cmp	r3, r6
100028b4:	d20e      	bcs.n	100028d4 <dm_0>
100028b6:	006d      	lsls	r5, r5, #1
100028b8:	d307      	bcc.n	100028ca <l17_1+0x4a>
100028ba:	3001      	adds	r0, #1
100028bc:	2600      	movs	r6, #0
100028be:	4171      	adcs	r1, r6
100028c0:	4666      	mov	r6, ip
100028c2:	4335      	orrs	r5, r6
100028c4:	d101      	bne.n	100028ca <l17_1+0x4a>
100028c6:	0840      	lsrs	r0, r0, #1
100028c8:	0040      	lsls	r0, r0, #1
100028ca:	051b      	lsls	r3, r3, #20
100028cc:	18c9      	adds	r1, r1, r3

100028ce <dm_2>:
100028ce:	07e4      	lsls	r4, r4, #31
100028d0:	4421      	add	r1, r4
100028d2:	bdf0      	pop	{r4, r5, r6, r7, pc}

100028d4 <dm_0>:
100028d4:	da0b      	bge.n	100028ee <dm_1>
100028d6:	3301      	adds	r3, #1
100028d8:	d106      	bne.n	100028e8 <dm_0+0x14>
100028da:	3001      	adds	r0, #1
100028dc:	d104      	bne.n	100028e8 <dm_0+0x14>
100028de:	3101      	adds	r1, #1
100028e0:	0d4f      	lsrs	r7, r1, #21
100028e2:	d001      	beq.n	100028e8 <dm_0+0x14>
100028e4:	0849      	lsrs	r1, r1, #1
100028e6:	e7f2      	b.n	100028ce <dm_2>
100028e8:	07e1      	lsls	r1, r4, #31
100028ea:	2000      	movs	r0, #0
100028ec:	bdf0      	pop	{r4, r5, r6, r7, pc}

100028ee <dm_1>:
100028ee:	3601      	adds	r6, #1
100028f0:	0531      	lsls	r1, r6, #20
100028f2:	2000      	movs	r0, #0
100028f4:	e7eb      	b.n	100028ce <dm_2>
100028f6:	0000      	.short	0x0000
100028f8:	000003ff 	.word	0x000003ff

100028fc <ddiv_shim>:
100028fc:	b5f0      	push	{r4, r5, r6, r7, lr}

100028fe <ddiv0>:
100028fe:	0d1c      	lsrs	r4, r3, #20
10002900:	1e67      	subs	r7, r4, #1
10002902:	053f      	lsls	r7, r7, #20
10002904:	1bdb      	subs	r3, r3, r7
10002906:	0ae7      	lsrs	r7, r4, #11
10002908:	0564      	lsls	r4, r4, #21
1000290a:	0d64      	lsrs	r4, r4, #21
1000290c:	d002      	beq.n	10002914 <l20_1>
1000290e:	1c66      	adds	r6, r4, #1
10002910:	0af6      	lsrs	r6, r6, #11
10002912:	d004      	beq.n	1000291e <l20_2>

10002914 <l20_1>:
10002914:	2200      	movs	r2, #0
10002916:	2301      	movs	r3, #1
10002918:	051b      	lsls	r3, r3, #20
1000291a:	3c80      	subs	r4, #128	@ 0x80
1000291c:	0324      	lsls	r4, r4, #12

1000291e <l20_2>:
1000291e:	25d0      	movs	r5, #208	@ 0xd0
10002920:	062d      	lsls	r5, r5, #24
10002922:	2600      	movs	r6, #0
10002924:	43f6      	mvns	r6, r6
10002926:	662e      	str	r6, [r5, #96]	@ 0x60
10002928:	091e      	lsrs	r6, r3, #4
1000292a:	666e      	str	r6, [r5, #100]	@ 0x64
1000292c:	0fce      	lsrs	r6, r1, #31
1000292e:	19f6      	adds	r6, r6, r7
10002930:	46b4      	mov	ip, r6
10002932:	0049      	lsls	r1, r1, #1
10002934:	0d4f      	lsrs	r7, r1, #21
10002936:	d002      	beq.n	1000293e <l20_2+0x20>
10002938:	1c7e      	adds	r6, r7, #1
1000293a:	0af6      	lsrs	r6, r6, #11
1000293c:	d003      	beq.n	10002946 <l20_2+0x28>
1000293e:	2000      	movs	r0, #0
10002940:	2100      	movs	r1, #0
10002942:	3f40      	subs	r7, #64	@ 0x40
10002944:	033f      	lsls	r7, r7, #12
10002946:	1b3e      	subs	r6, r7, r4
10002948:	00b6      	lsls	r6, r6, #2
1000294a:	44b4      	add	ip, r6
1000294c:	3f01      	subs	r7, #1
1000294e:	057f      	lsls	r7, r7, #21
10002950:	1bc9      	subs	r1, r1, r7
10002952:	0849      	lsrs	r1, r1, #1
10002954:	6f2e      	ldr	r6, [r5, #112]	@ 0x70
10002956:	3601      	adds	r6, #1
10002958:	0876      	lsrs	r6, r6, #1
1000295a:	029c      	lsls	r4, r3, #10
1000295c:	0d95      	lsrs	r5, r2, #22
1000295e:	4325      	orrs	r5, r4
10002960:	4375      	muls	r5, r6
10002962:	13ed      	asrs	r5, r5, #15
10002964:	4375      	muls	r5, r6
10002966:	13ad      	asrs	r5, r5, #14
10002968:	3501      	adds	r5, #1
1000296a:	106d      	asrs	r5, r5, #1
1000296c:	03f6      	lsls	r6, r6, #15
1000296e:	1b76      	subs	r6, r6, r5
10002970:	b40c      	push	{r2, r3}
10002972:	02cc      	lsls	r4, r1, #11
10002974:	0d45      	lsrs	r5, r0, #21
10002976:	432c      	orrs	r4, r5
10002978:	b2a2      	uxth	r2, r4
1000297a:	b2b3      	uxth	r3, r6
1000297c:	435a      	muls	r2, r3
1000297e:	0c27      	lsrs	r7, r4, #16
10002980:	437b      	muls	r3, r7
10002982:	0c35      	lsrs	r5, r6, #16
10002984:	436f      	muls	r7, r5
10002986:	b2a4      	uxth	r4, r4
10002988:	436c      	muls	r4, r5
1000298a:	191b      	adds	r3, r3, r4
1000298c:	d302      	bcc.n	10002994 <l21_1>
1000298e:	2401      	movs	r4, #1
10002990:	0424      	lsls	r4, r4, #16
10002992:	193f      	adds	r7, r7, r4

10002994 <l21_1>:
10002994:	041c      	lsls	r4, r3, #16
10002996:	0c1d      	lsrs	r5, r3, #16
10002998:	18a4      	adds	r4, r4, r2
1000299a:	417d      	adcs	r5, r7
1000299c:	1924      	adds	r4, r4, r4
1000299e:	416d      	adcs	r5, r5
100029a0:	9a00      	ldr	r2, [sp, #0]
100029a2:	b291      	uxth	r1, r2
100029a4:	b2ac      	uxth	r4, r5
100029a6:	4361      	muls	r1, r4
100029a8:	0c17      	lsrs	r7, r2, #16
100029aa:	437c      	muls	r4, r7
100029ac:	0c2b      	lsrs	r3, r5, #16
100029ae:	435f      	muls	r7, r3
100029b0:	b292      	uxth	r2, r2
100029b2:	435a      	muls	r2, r3
100029b4:	18a4      	adds	r4, r4, r2
100029b6:	d302      	bcc.n	100029be <l22_1>
100029b8:	2201      	movs	r2, #1
100029ba:	0412      	lsls	r2, r2, #16
100029bc:	18bf      	adds	r7, r7, r2

100029be <l22_1>:
100029be:	0422      	lsls	r2, r4, #16
100029c0:	0c23      	lsrs	r3, r4, #16
100029c2:	1852      	adds	r2, r2, r1
100029c4:	417b      	adcs	r3, r7
100029c6:	9c01      	ldr	r4, [sp, #4]
100029c8:	436c      	muls	r4, r5
100029ca:	191b      	adds	r3, r3, r4
100029cc:	0e52      	lsrs	r2, r2, #25
100029ce:	01d9      	lsls	r1, r3, #7
100029d0:	430a      	orrs	r2, r1
100029d2:	0144      	lsls	r4, r0, #5
100029d4:	1aa0      	subs	r0, r4, r2
100029d6:	b281      	uxth	r1, r0
100029d8:	b2b2      	uxth	r2, r6
100029da:	4351      	muls	r1, r2
100029dc:	1403      	asrs	r3, r0, #16
100029de:	435a      	muls	r2, r3
100029e0:	0c36      	lsrs	r6, r6, #16
100029e2:	4373      	muls	r3, r6
100029e4:	b287      	uxth	r7, r0
100029e6:	4377      	muls	r7, r6
100029e8:	17d6      	asrs	r6, r2, #31
100029ea:	19d2      	adds	r2, r2, r7
100029ec:	2700      	movs	r7, #0
100029ee:	417e      	adcs	r6, r7
100029f0:	0436      	lsls	r6, r6, #16
100029f2:	199b      	adds	r3, r3, r6
100029f4:	0417      	lsls	r7, r2, #16
100029f6:	0c16      	lsrs	r6, r2, #16
100029f8:	187f      	adds	r7, r7, r1
100029fa:	415e      	adcs	r6, r3
100029fc:	1673      	asrs	r3, r6, #25
100029fe:	18ed      	adds	r5, r5, r3
10002a00:	01f3      	lsls	r3, r6, #7
10002a02:	2600      	movs	r6, #0
10002a04:	3380      	adds	r3, #128	@ 0x80
10002a06:	4175      	adcs	r5, r6
10002a08:	0fa9      	lsrs	r1, r5, #30
10002a0a:	d106      	bne.n	10002a1a <dd_0>
10002a0c:	0064      	lsls	r4, r4, #1
10002a0e:	0a69      	lsrs	r1, r5, #9
10002a10:	05e8      	lsls	r0, r5, #23
10002a12:	0a5b      	lsrs	r3, r3, #9
10002a14:	4318      	orrs	r0, r3
10002a16:	d209      	bcs.n	10002a2c <dd_1>
10002a18:	e02f      	b.n	10002a7a <dd_2>

10002a1a <dd_0>:
10002a1a:	2204      	movs	r2, #4
10002a1c:	4494      	add	ip, r2
10002a1e:	3380      	adds	r3, #128	@ 0x80
10002a20:	4175      	adcs	r5, r6
10002a22:	0aa9      	lsrs	r1, r5, #10
10002a24:	05a8      	lsls	r0, r5, #22
10002a26:	0a9b      	lsrs	r3, r3, #10
10002a28:	4318      	orrs	r0, r3
10002a2a:	d326      	bcc.n	10002a7a <dd_2>

10002a2c <dd_1>:
10002a2c:	4140      	adcs	r0, r0
10002a2e:	4149      	adcs	r1, r1
10002a30:	0424      	lsls	r4, r4, #16
10002a32:	9a00      	ldr	r2, [sp, #0]
10002a34:	9b01      	ldr	r3, [sp, #4]
10002a36:	000d      	movs	r5, r1
10002a38:	4355      	muls	r5, r2
10002a3a:	1b64      	subs	r4, r4, r5
10002a3c:	4343      	muls	r3, r0
10002a3e:	1ae4      	subs	r4, r4, r3
10002a40:	b295      	uxth	r5, r2
10002a42:	b286      	uxth	r6, r0
10002a44:	4375      	muls	r5, r6
10002a46:	0c17      	lsrs	r7, r2, #16
10002a48:	437e      	muls	r6, r7
10002a4a:	0c03      	lsrs	r3, r0, #16
10002a4c:	435f      	muls	r7, r3
10002a4e:	b292      	uxth	r2, r2
10002a50:	435a      	muls	r2, r3
10002a52:	18b6      	adds	r6, r6, r2
10002a54:	d302      	bcc.n	10002a5c <l24_1>
10002a56:	2201      	movs	r2, #1
10002a58:	0412      	lsls	r2, r2, #16
10002a5a:	18bf      	adds	r7, r7, r2

10002a5c <l24_1>:
10002a5c:	0432      	lsls	r2, r6, #16
10002a5e:	0c33      	lsrs	r3, r6, #16
10002a60:	1952      	adds	r2, r2, r5
10002a62:	417b      	adcs	r3, r7
10002a64:	4252      	negs	r2, r2
10002a66:	419c      	sbcs	r4, r3
10002a68:	2c00      	cmp	r4, #0
10002a6a:	d402      	bmi.n	10002a72 <l24_1+0x16>
10002a6c:	2200      	movs	r2, #0
10002a6e:	3001      	adds	r0, #1
10002a70:	4151      	adcs	r1, r2
10002a72:	0840      	lsrs	r0, r0, #1
10002a74:	07ca      	lsls	r2, r1, #31
10002a76:	4310      	orrs	r0, r2
10002a78:	0849      	lsrs	r1, r1, #1

10002a7a <dd_2>:
10002a7a:	b002      	add	sp, #8
10002a7c:	4662      	mov	r2, ip
10002a7e:	07d7      	lsls	r7, r2, #31
10002a80:	1092      	asrs	r2, r2, #2
10002a82:	4b08      	ldr	r3, [pc, #32]	@ (10002aa4 <dd_4+0x6>)
10002a84:	18d2      	adds	r2, r2, r3
10002a86:	4b08      	ldr	r3, [pc, #32]	@ (10002aa8 <dd_4+0xa>)
10002a88:	429a      	cmp	r2, r3
10002a8a:	d203      	bcs.n	10002a94 <dd_3>
10002a8c:	0512      	lsls	r2, r2, #20
10002a8e:	1889      	adds	r1, r1, r2

10002a90 <dd_5>:
10002a90:	19c9      	adds	r1, r1, r7
10002a92:	bdf0      	pop	{r4, r5, r6, r7, pc}

10002a94 <dd_3>:
10002a94:	2000      	movs	r0, #0
10002a96:	2a00      	cmp	r2, #0
10002a98:	dc01      	bgt.n	10002a9e <dd_4>
10002a9a:	0039      	movs	r1, r7
10002a9c:	bdf0      	pop	{r4, r5, r6, r7, pc}

10002a9e <dd_4>:
10002a9e:	3301      	adds	r3, #1
10002aa0:	0519      	lsls	r1, r3, #20
10002aa2:	e7f5      	b.n	10002a90 <dd_5>
10002aa4:	000003fd 	.word	0x000003fd
10002aa8:	000007fe 	.word	0x000007fe

10002aac <double2uint_shim>:
10002aac:	2200      	movs	r2, #0

10002aae <double2ufix_shim>:
10002aae:	b500      	push	{lr}
10002ab0:	3220      	adds	r2, #32
10002ab2:	f000 f804 	bl	10002abe <double2ufix64_shim>
10002ab6:	0008      	movs	r0, r1
10002ab8:	bd00      	pop	{pc}
	...

10002abc <double2uint64_shim>:
10002abc:	2200      	movs	r2, #0

10002abe <double2ufix64_shim>:
10002abe:	150b      	asrs	r3, r1, #20
10002ac0:	d40a      	bmi.n	10002ad8 <ret_dzero>

10002ac2 <d2fix>:
10002ac2:	b510      	push	{r4, lr}
10002ac4:	4694      	mov	ip, r2
10002ac6:	f000 f831 	bl	10002b2c <dunpacks>
10002aca:	1414      	asrs	r4, r2, #16
10002acc:	3401      	adds	r4, #1
10002ace:	da00      	bge.n	10002ad2 <d2fix+0x10>
10002ad0:	2100      	movs	r1, #0
10002ad2:	17cb      	asrs	r3, r1, #31
10002ad4:	4c14      	ldr	r4, [pc, #80]	@ (10002b28 <d2fix_a+0x4a>)
10002ad6:	4720      	bx	r4

10002ad8 <ret_dzero>:
10002ad8:	2000      	movs	r0, #0
10002ada:	2100      	movs	r1, #0
10002adc:	4770      	bx	lr

10002ade <d2fix_a>:
10002ade:	4462      	add	r2, ip
10002ae0:	3a34      	subs	r2, #52	@ 0x34
10002ae2:	d40c      	bmi.n	10002afe <d2fix_a+0x20>
10002ae4:	2a0c      	cmp	r2, #12
10002ae6:	da07      	bge.n	10002af8 <d2fix_a+0x1a>
10002ae8:	0004      	movs	r4, r0
10002aea:	4091      	lsls	r1, r2
10002aec:	4090      	lsls	r0, r2
10002aee:	4252      	negs	r2, r2
10002af0:	3220      	adds	r2, #32
10002af2:	40d4      	lsrs	r4, r2
10002af4:	4321      	orrs	r1, r4
10002af6:	bd10      	pop	{r4, pc}
10002af8:	43d8      	mvns	r0, r3
10002afa:	43d9      	mvns	r1, r3
10002afc:	bd10      	pop	{r4, pc}
10002afe:	3220      	adds	r2, #32
10002b00:	d407      	bmi.n	10002b12 <d2fix_a+0x34>
10002b02:	460c      	mov	r4, r1
10002b04:	4094      	lsls	r4, r2
10002b06:	4252      	negs	r2, r2
10002b08:	3220      	adds	r2, #32
10002b0a:	4111      	asrs	r1, r2
10002b0c:	40d0      	lsrs	r0, r2
10002b0e:	4320      	orrs	r0, r4
10002b10:	bd10      	pop	{r4, pc}
10002b12:	0008      	movs	r0, r1
10002b14:	17c9      	asrs	r1, r1, #31
10002b16:	3220      	adds	r2, #32
10002b18:	d403      	bmi.n	10002b22 <d2fix_a+0x44>
10002b1a:	4252      	negs	r2, r2
10002b1c:	3220      	adds	r2, #32
10002b1e:	4110      	asrs	r0, r2
10002b20:	bd10      	pop	{r4, pc}
10002b22:	0018      	movs	r0, r3
10002b24:	0019      	movs	r1, r3
10002b26:	bd10      	pop	{r4, pc}
10002b28:	10002adf 	.word	0x10002adf

10002b2c <dunpacks>:
10002b2c:	0d0a      	lsrs	r2, r1, #20
10002b2e:	0fcc      	lsrs	r4, r1, #31
10002b30:	1e53      	subs	r3, r2, #1
10002b32:	051b      	lsls	r3, r3, #20
10002b34:	1ac9      	subs	r1, r1, r3
10002b36:	0552      	lsls	r2, r2, #21
10002b38:	d303      	bcc.n	10002b42 <l60_1>
10002b3a:	43c9      	mvns	r1, r1
10002b3c:	4240      	negs	r0, r0
10002b3e:	d300      	bcc.n	10002b42 <l60_1>
10002b40:	3101      	adds	r1, #1

10002b42 <l60_1>:
10002b42:	0d52      	lsrs	r2, r2, #21
10002b44:	d003      	beq.n	10002b4e <l60_2>
10002b46:	1c53      	adds	r3, r2, #1
10002b48:	0adb      	lsrs	r3, r3, #11
10002b4a:	d007      	beq.n	10002b5c <l60_3>
10002b4c:	1b12      	subs	r2, r2, r4

10002b4e <l60_2>:
10002b4e:	2000      	movs	r0, #0
10002b50:	0064      	lsls	r4, r4, #1
10002b52:	1c61      	adds	r1, r4, #1
10002b54:	0789      	lsls	r1, r1, #30
10002b56:	1289      	asrs	r1, r1, #10
10002b58:	3a80      	subs	r2, #128	@ 0x80
10002b5a:	0312      	lsls	r2, r2, #12

10002b5c <l60_3>:
10002b5c:	4b01      	ldr	r3, [pc, #4]	@ (10002b64 <l60_3+0x8>)
10002b5e:	1ad2      	subs	r2, r2, r3
10002b60:	4770      	bx	lr
10002b62:	0000      	.short	0x0000
10002b64:	000003ff 	.word	0x000003ff

10002b68 <__wrap___aeabi_lmul>:
10002b68:	4351      	muls	r1, r2
10002b6a:	4343      	muls	r3, r0
10002b6c:	18c9      	adds	r1, r1, r3
10002b6e:	468c      	mov	ip, r1
10002b70:	0c11      	lsrs	r1, r2, #16
10002b72:	b283      	uxth	r3, r0
10002b74:	434b      	muls	r3, r1
10002b76:	b410      	push	{r4}
10002b78:	0c04      	lsrs	r4, r0, #16
10002b7a:	4361      	muls	r1, r4
10002b7c:	b292      	uxth	r2, r2
10002b7e:	b280      	uxth	r0, r0
10002b80:	4350      	muls	r0, r2
10002b82:	4362      	muls	r2, r4
10002b84:	041c      	lsls	r4, r3, #16
10002b86:	0c1b      	lsrs	r3, r3, #16
10002b88:	1900      	adds	r0, r0, r4
10002b8a:	bc10      	pop	{r4}
10002b8c:	4159      	adcs	r1, r3
10002b8e:	0413      	lsls	r3, r2, #16
10002b90:	0c12      	lsrs	r2, r2, #16
10002b92:	18c0      	adds	r0, r0, r3
10002b94:	4151      	adcs	r1, r2
10002b96:	4461      	add	r1, ip
10002b98:	4770      	bx	lr
	...

10002b9c <__aeabi_float_init>:
10002b9c:	b570      	push	{r4, r5, r6, lr}
10002b9e:	2313      	movs	r3, #19
10002ba0:	781c      	ldrb	r4, [r3, #0]
10002ba2:	482a      	ldr	r0, [pc, #168]	@ (10002c4c <__aeabi_float_init+0xb0>)
10002ba4:	f7ff f832 	bl	10001c0c <rom_data_lookup>
10002ba8:	0005      	movs	r5, r0
10002baa:	2c01      	cmp	r4, #1
10002bac:	d012      	beq.n	10002bd4 <__aeabi_float_init+0x38>
10002bae:	2c01      	cmp	r4, #1
10002bb0:	dd0a      	ble.n	10002bc8 <__aeabi_float_init+0x2c>
10002bb2:	002b      	movs	r3, r5
10002bb4:	3b02      	subs	r3, #2
10002bb6:	781b      	ldrb	r3, [r3, #0]
10002bb8:	009b      	lsls	r3, r3, #2
10002bba:	2b7f      	cmp	r3, #127	@ 0x7f
10002bbc:	dd40      	ble.n	10002c40 <__aeabi_float_init+0xa4>
10002bbe:	4824      	ldr	r0, [pc, #144]	@ (10002c50 <__aeabi_float_init+0xb4>)
10002bc0:	2280      	movs	r2, #128	@ 0x80
10002bc2:	0029      	movs	r1, r5
10002bc4:	f000 f890 	bl	10002ce8 <__wrap___aeabi_memcpy>
10002bc8:	4822      	ldr	r0, [pc, #136]	@ (10002c54 <__aeabi_float_init+0xb8>)
10002bca:	f7ff f817 	bl	10001bfc <rom_func_lookup>
10002bce:	4b22      	ldr	r3, [pc, #136]	@ (10002c58 <__aeabi_float_init+0xbc>)
10002bd0:	6018      	str	r0, [r3, #0]
10002bd2:	bd70      	pop	{r4, r5, r6, pc}
10002bd4:	481e      	ldr	r0, [pc, #120]	@ (10002c50 <__aeabi_float_init+0xb4>)
10002bd6:	2254      	movs	r2, #84	@ 0x54
10002bd8:	0029      	movs	r1, r5
10002bda:	f000 f885 	bl	10002ce8 <__wrap___aeabi_memcpy>
10002bde:	4b1f      	ldr	r3, [pc, #124]	@ (10002c5c <__aeabi_float_init+0xc0>)
10002be0:	881a      	ldrh	r2, [r3, #0]
10002be2:	4b1f      	ldr	r3, [pc, #124]	@ (10002c60 <__aeabi_float_init+0xc4>)
10002be4:	429a      	cmp	r2, r3
10002be6:	d11c      	bne.n	10002c22 <__aeabi_float_init+0x86>
10002be8:	23a7      	movs	r3, #167	@ 0xa7
10002bea:	019b      	lsls	r3, r3, #6
10002bec:	881a      	ldrh	r2, [r3, #0]
10002bee:	4b1d      	ldr	r3, [pc, #116]	@ (10002c64 <__aeabi_float_init+0xc8>)
10002bf0:	429a      	cmp	r2, r3
10002bf2:	d116      	bne.n	10002c22 <__aeabi_float_init+0x86>
10002bf4:	4b1c      	ldr	r3, [pc, #112]	@ (10002c68 <__aeabi_float_init+0xcc>)
10002bf6:	881a      	ldrh	r2, [r3, #0]
10002bf8:	4b1c      	ldr	r3, [pc, #112]	@ (10002c6c <__aeabi_float_init+0xd0>)
10002bfa:	429a      	cmp	r2, r3
10002bfc:	d111      	bne.n	10002c22 <__aeabi_float_init+0x86>
10002bfe:	4b1c      	ldr	r3, [pc, #112]	@ (10002c70 <__aeabi_float_init+0xd4>)
10002c00:	881a      	ldrh	r2, [r3, #0]
10002c02:	2394      	movs	r3, #148	@ 0x94
10002c04:	019b      	lsls	r3, r3, #6
10002c06:	429a      	cmp	r2, r3
10002c08:	d10b      	bne.n	10002c22 <__aeabi_float_init+0x86>
10002c0a:	4b1a      	ldr	r3, [pc, #104]	@ (10002c74 <__aeabi_float_init+0xd8>)
10002c0c:	881a      	ldrh	r2, [r3, #0]
10002c0e:	4b1a      	ldr	r3, [pc, #104]	@ (10002c78 <__aeabi_float_init+0xdc>)
10002c10:	429a      	cmp	r2, r3
10002c12:	d106      	bne.n	10002c22 <__aeabi_float_init+0x86>
10002c14:	4b19      	ldr	r3, [pc, #100]	@ (10002c7c <__aeabi_float_init+0xe0>)
10002c16:	681a      	ldr	r2, [r3, #0]
10002c18:	4b19      	ldr	r3, [pc, #100]	@ (10002c80 <__aeabi_float_init+0xe4>)
10002c1a:	429a      	cmp	r2, r3
10002c1c:	d101      	bne.n	10002c22 <__aeabi_float_init+0x86>
10002c1e:	2315      	movs	r3, #21
10002c20:	e007      	b.n	10002c32 <__aeabi_float_init+0x96>
10002c22:	4818      	ldr	r0, [pc, #96]	@ (10002c84 <__aeabi_float_init+0xe8>)
10002c24:	f7fd fd04 	bl	10000630 <panic>
10002c28:	4917      	ldr	r1, [pc, #92]	@ (10002c88 <__aeabi_float_init+0xec>)
10002c2a:	4a09      	ldr	r2, [pc, #36]	@ (10002c50 <__aeabi_float_init+0xb4>)
10002c2c:	0098      	lsls	r0, r3, #2
10002c2e:	5081      	str	r1, [r0, r2]
10002c30:	3301      	adds	r3, #1
10002c32:	2b1f      	cmp	r3, #31
10002c34:	d9f8      	bls.n	10002c28 <__aeabi_float_init+0x8c>
10002c36:	4b14      	ldr	r3, [pc, #80]	@ (10002c88 <__aeabi_float_init+0xec>)
10002c38:	4a05      	ldr	r2, [pc, #20]	@ (10002c50 <__aeabi_float_init+0xb4>)
10002c3a:	6213      	str	r3, [r2, #32]
10002c3c:	61d3      	str	r3, [r2, #28]
10002c3e:	e7b6      	b.n	10002bae <__aeabi_float_init+0x12>
10002c40:	4b12      	ldr	r3, [pc, #72]	@ (10002c8c <__aeabi_float_init+0xf0>)
10002c42:	4a13      	ldr	r2, [pc, #76]	@ (10002c90 <__aeabi_float_init+0xf4>)
10002c44:	4813      	ldr	r0, [pc, #76]	@ (10002c94 <__aeabi_float_init+0xf8>)
10002c46:	2143      	movs	r1, #67	@ 0x43
10002c48:	f001 f94e 	bl	10003ee8 <__assert_func>
10002c4c:	00004653 	.word	0x00004653
10002c50:	200019d4 	.word	0x200019d4
10002c54:	0000334c 	.word	0x0000334c
10002c58:	200019d0 	.word	0x200019d0
10002c5c:	000029ee 	.word	0x000029ee
10002c60:	00000fc4 	.word	0x00000fc4
10002c64:	00000dc2 	.word	0x00000dc2
10002c68:	00002b96 	.word	0x00002b96
10002c6c:	0000b5c0 	.word	0x0000b5c0
10002c70:	00002b18 	.word	0x00002b18
10002c74:	00002acc 	.word	0x00002acc
10002c78:	0000b510 	.word	0x0000b510
10002c7c:	00002cfc 	.word	0x00002cfc
10002c80:	6487ed51 	.word	0x6487ed51
10002c84:	10007b0c 	.word	0x10007b0c
10002c88:	10002c99 	.word	0x10002c99
10002c8c:	100081e0 	.word	0x100081e0
10002c90:	100089a8 	.word	0x100089a8
10002c94:	10008214 	.word	0x10008214

10002c98 <float_table_shim_on_use_helper>:
10002c98:	b507      	push	{r0, r1, r2, lr}
10002c9a:	4660      	mov	r0, ip
10002c9c:	2800      	cmp	r0, #0
10002c9e:	d100      	bne.n	10002ca2 <float_table_shim_on_use_helper+0xa>
10002ca0:	be00      	bkpt	0x0000
10002ca2:	8801      	ldrh	r1, [r0, #0]
10002ca4:	0a0a      	lsrs	r2, r1, #8
10002ca6:	3002      	adds	r0, #2
10002ca8:	2adf      	cmp	r2, #223	@ 0xdf
10002caa:	d1fa      	bne.n	10002ca2 <float_table_shim_on_use_helper+0xa>
10002cac:	b2c9      	uxtb	r1, r1
10002cae:	0882      	lsrs	r2, r0, #2
10002cb0:	d304      	bcc.n	10002cbc <float_table_shim_on_use_helper+0x24>
10002cb2:	8802      	ldrh	r2, [r0, #0]
10002cb4:	8840      	ldrh	r0, [r0, #2]
10002cb6:	0400      	lsls	r0, r0, #16
10002cb8:	4310      	orrs	r0, r2
10002cba:	e000      	b.n	10002cbe <float_table_shim_on_use_helper+0x26>
10002cbc:	6800      	ldr	r0, [r0, #0]
10002cbe:	4a02      	ldr	r2, [pc, #8]	@ (10002cc8 <float_table_shim_on_use_helper+0x30>)
10002cc0:	5050      	str	r0, [r2, r1]
10002cc2:	9003      	str	r0, [sp, #12]
10002cc4:	bd07      	pop	{r0, r1, r2, pc}
10002cc6:	0000      	.short	0x0000
10002cc8:	200019d4 	.word	0x200019d4

10002ccc <__aeabi_mem_init>:
10002ccc:	4801      	ldr	r0, [pc, #4]	@ (10002cd4 <__aeabi_mem_init+0x8>)
10002cce:	2104      	movs	r1, #4
10002cd0:	4b01      	ldr	r3, [pc, #4]	@ (10002cd8 <__aeabi_mem_init+0xc>)
10002cd2:	4718      	bx	r3
10002cd4:	20000c60 	.word	0x20000c60
10002cd8:	10001c1d 	.word	0x10001c1d

10002cdc <__wrap_memset>:
10002cdc:	4b01      	ldr	r3, [pc, #4]	@ (10002ce4 <__wrap_memset+0x8>)
10002cde:	681b      	ldr	r3, [r3, #0]
10002ce0:	4718      	bx	r3
10002ce2:	0000      	.short	0x0000
10002ce4:	20000c60 	.word	0x20000c60

10002ce8 <__wrap___aeabi_memcpy>:
10002ce8:	4b01      	ldr	r3, [pc, #4]	@ (10002cf0 <__wrap___aeabi_memcpy+0x8>)
10002cea:	685b      	ldr	r3, [r3, #4]
10002cec:	4718      	bx	r3
10002cee:	0000      	.short	0x0000
10002cf0:	20000c60 	.word	0x20000c60

10002cf4 <_out_null>:
10002cf4:	4770      	bx	lr

10002cf6 <_out_fct>:
10002cf6:	b510      	push	{r4, lr}
10002cf8:	2800      	cmp	r0, #0
10002cfa:	d002      	beq.n	10002d02 <_out_fct+0xc>
10002cfc:	680b      	ldr	r3, [r1, #0]
10002cfe:	6849      	ldr	r1, [r1, #4]
10002d00:	4798      	blx	r3
10002d02:	bd10      	pop	{r4, pc}

10002d04 <_atoi>:
10002d04:	0001      	movs	r1, r0
10002d06:	2000      	movs	r0, #0
10002d08:	e007      	b.n	10002d1a <_atoi+0x16>
10002d0a:	0083      	lsls	r3, r0, #2
10002d0c:	181b      	adds	r3, r3, r0
10002d0e:	005b      	lsls	r3, r3, #1
10002d10:	1c50      	adds	r0, r2, #1
10002d12:	6008      	str	r0, [r1, #0]
10002d14:	7810      	ldrb	r0, [r2, #0]
10002d16:	18c0      	adds	r0, r0, r3
10002d18:	3830      	subs	r0, #48	@ 0x30
10002d1a:	680a      	ldr	r2, [r1, #0]
10002d1c:	7813      	ldrb	r3, [r2, #0]
10002d1e:	3b30      	subs	r3, #48	@ 0x30
10002d20:	b2db      	uxtb	r3, r3
10002d22:	2b09      	cmp	r3, #9
10002d24:	d9f1      	bls.n	10002d0a <_atoi+0x6>
10002d26:	4770      	bx	lr

10002d28 <_out_rev>:
10002d28:	b5f0      	push	{r4, r5, r6, r7, lr}
10002d2a:	46d6      	mov	lr, sl
10002d2c:	464f      	mov	r7, r9
10002d2e:	4646      	mov	r6, r8
10002d30:	b5c0      	push	{r6, r7, lr}
10002d32:	0005      	movs	r5, r0
10002d34:	000e      	movs	r6, r1
10002d36:	0010      	movs	r0, r2
10002d38:	4691      	mov	r9, r2
10002d3a:	001f      	movs	r7, r3
10002d3c:	9c09      	ldr	r4, [sp, #36]	@ 0x24
10002d3e:	9b0b      	ldr	r3, [sp, #44]	@ 0x2c
10002d40:	2202      	movs	r2, #2
10002d42:	0011      	movs	r1, r2
10002d44:	4019      	ands	r1, r3
10002d46:	468a      	mov	sl, r1
10002d48:	421a      	tst	r2, r3
10002d4a:	d134      	bne.n	10002db6 <_out_rev+0x8e>
10002d4c:	07db      	lsls	r3, r3, #31
10002d4e:	d516      	bpl.n	10002d7e <_out_rev+0x56>
10002d50:	0002      	movs	r2, r0
10002d52:	46b8      	mov	r8, r7
10002d54:	0037      	movs	r7, r6
10002d56:	002e      	movs	r6, r5
10002d58:	e01f      	b.n	10002d9a <_out_rev+0x72>
10002d5a:	1c55      	adds	r5, r2, #1
10002d5c:	0033      	movs	r3, r6
10002d5e:	4641      	mov	r1, r8
10002d60:	2020      	movs	r0, #32
10002d62:	47b8      	blx	r7
10002d64:	3401      	adds	r4, #1
10002d66:	002a      	movs	r2, r5
10002d68:	9b0a      	ldr	r3, [sp, #40]	@ 0x28
10002d6a:	429c      	cmp	r4, r3
10002d6c:	d3f5      	bcc.n	10002d5a <_out_rev+0x32>
10002d6e:	003d      	movs	r5, r7
10002d70:	0037      	movs	r7, r6
10002d72:	4646      	mov	r6, r8
10002d74:	9c09      	ldr	r4, [sp, #36]	@ 0x24
10002d76:	46b8      	mov	r8, r7
10002d78:	0037      	movs	r7, r6
10002d7a:	002e      	movs	r6, r5
10002d7c:	e00d      	b.n	10002d9a <_out_rev+0x72>
10002d7e:	0002      	movs	r2, r0
10002d80:	46b0      	mov	r8, r6
10002d82:	003e      	movs	r6, r7
10002d84:	002f      	movs	r7, r5
10002d86:	9409      	str	r4, [sp, #36]	@ 0x24
10002d88:	e7ee      	b.n	10002d68 <_out_rev+0x40>
10002d8a:	3c01      	subs	r4, #1
10002d8c:	1c55      	adds	r5, r2, #1
10002d8e:	9b08      	ldr	r3, [sp, #32]
10002d90:	5d18      	ldrb	r0, [r3, r4]
10002d92:	4643      	mov	r3, r8
10002d94:	0039      	movs	r1, r7
10002d96:	47b0      	blx	r6
10002d98:	002a      	movs	r2, r5
10002d9a:	2c00      	cmp	r4, #0
10002d9c:	d1f5      	bne.n	10002d8a <_out_rev+0x62>
10002d9e:	0035      	movs	r5, r6
10002da0:	003e      	movs	r6, r7
10002da2:	4647      	mov	r7, r8
10002da4:	4653      	mov	r3, sl
10002da6:	2b00      	cmp	r3, #0
10002da8:	d116      	bne.n	10002dd8 <_out_rev+0xb0>
10002daa:	0010      	movs	r0, r2
10002dac:	bce0      	pop	{r5, r6, r7}
10002dae:	46ba      	mov	sl, r7
10002db0:	46b1      	mov	r9, r6
10002db2:	46a8      	mov	r8, r5
10002db4:	bdf0      	pop	{r4, r5, r6, r7, pc}
10002db6:	0002      	movs	r2, r0
10002db8:	46b8      	mov	r8, r7
10002dba:	0037      	movs	r7, r6
10002dbc:	002e      	movs	r6, r5
10002dbe:	e7ec      	b.n	10002d9a <_out_rev+0x72>
10002dc0:	1c54      	adds	r4, r2, #1
10002dc2:	0033      	movs	r3, r6
10002dc4:	0029      	movs	r1, r5
10002dc6:	2020      	movs	r0, #32
10002dc8:	47b8      	blx	r7
10002dca:	0022      	movs	r2, r4
10002dcc:	464b      	mov	r3, r9
10002dce:	1ad3      	subs	r3, r2, r3
10002dd0:	990a      	ldr	r1, [sp, #40]	@ 0x28
10002dd2:	428b      	cmp	r3, r1
10002dd4:	d3f4      	bcc.n	10002dc0 <_out_rev+0x98>
10002dd6:	e7e8      	b.n	10002daa <_out_rev+0x82>
10002dd8:	003b      	movs	r3, r7
10002dda:	002f      	movs	r7, r5
10002ddc:	0035      	movs	r5, r6
10002dde:	001e      	movs	r6, r3
10002de0:	e7f4      	b.n	10002dcc <_out_rev+0xa4>

10002de2 <_ntoa_format>:
10002de2:	b5f0      	push	{r4, r5, r6, r7, lr}
10002de4:	46ce      	mov	lr, r9
10002de6:	4647      	mov	r7, r8
10002de8:	b580      	push	{r7, lr}
10002dea:	b085      	sub	sp, #20
10002dec:	0006      	movs	r6, r0
10002dee:	000f      	movs	r7, r1
10002df0:	4690      	mov	r8, r2
10002df2:	4699      	mov	r9, r3
10002df4:	9a0c      	ldr	r2, [sp, #48]	@ 0x30
10002df6:	9b0d      	ldr	r3, [sp, #52]	@ 0x34
10002df8:	a90e      	add	r1, sp, #56	@ 0x38
10002dfa:	7809      	ldrb	r1, [r1, #0]
10002dfc:	468c      	mov	ip, r1
10002dfe:	9d10      	ldr	r5, [sp, #64]	@ 0x40
10002e00:	9c11      	ldr	r4, [sp, #68]	@ 0x44
10002e02:	9912      	ldr	r1, [sp, #72]	@ 0x48
10002e04:	0788      	lsls	r0, r1, #30
10002e06:	d41c      	bmi.n	10002e42 <_ntoa_format+0x60>
10002e08:	2c00      	cmp	r4, #0
10002e0a:	d00c      	beq.n	10002e26 <_ntoa_format+0x44>
10002e0c:	07c8      	lsls	r0, r1, #31
10002e0e:	d50a      	bpl.n	10002e26 <_ntoa_format+0x44>
10002e10:	4660      	mov	r0, ip
10002e12:	2800      	cmp	r0, #0
10002e14:	d102      	bne.n	10002e1c <_ntoa_format+0x3a>
10002e16:	300c      	adds	r0, #12
10002e18:	4208      	tst	r0, r1
10002e1a:	d004      	beq.n	10002e26 <_ntoa_format+0x44>
10002e1c:	3c01      	subs	r4, #1
10002e1e:	e002      	b.n	10002e26 <_ntoa_format+0x44>
10002e20:	2030      	movs	r0, #48	@ 0x30
10002e22:	54d0      	strb	r0, [r2, r3]
10002e24:	3301      	adds	r3, #1
10002e26:	42ab      	cmp	r3, r5
10002e28:	d201      	bcs.n	10002e2e <_ntoa_format+0x4c>
10002e2a:	2b1f      	cmp	r3, #31
10002e2c:	d9f8      	bls.n	10002e20 <_ntoa_format+0x3e>
10002e2e:	07c8      	lsls	r0, r1, #31
10002e30:	d507      	bpl.n	10002e42 <_ntoa_format+0x60>
10002e32:	42a3      	cmp	r3, r4
10002e34:	d205      	bcs.n	10002e42 <_ntoa_format+0x60>
10002e36:	2b1f      	cmp	r3, #31
10002e38:	d803      	bhi.n	10002e42 <_ntoa_format+0x60>
10002e3a:	2030      	movs	r0, #48	@ 0x30
10002e3c:	54d0      	strb	r0, [r2, r3]
10002e3e:	3301      	adds	r3, #1
10002e40:	e7f5      	b.n	10002e2e <_ntoa_format+0x4c>
10002e42:	06c8      	lsls	r0, r1, #27
10002e44:	d512      	bpl.n	10002e6c <_ntoa_format+0x8a>
10002e46:	0548      	lsls	r0, r1, #21
10002e48:	d405      	bmi.n	10002e56 <_ntoa_format+0x74>
10002e4a:	2b00      	cmp	r3, #0
10002e4c:	d003      	beq.n	10002e56 <_ntoa_format+0x74>
10002e4e:	42ab      	cmp	r3, r5
10002e50:	d023      	beq.n	10002e9a <_ntoa_format+0xb8>
10002e52:	42a3      	cmp	r3, r4
10002e54:	d021      	beq.n	10002e9a <_ntoa_format+0xb8>
10002e56:	980f      	ldr	r0, [sp, #60]	@ 0x3c
10002e58:	2810      	cmp	r0, #16
10002e5a:	d031      	beq.n	10002ec0 <_ntoa_format+0xde>
10002e5c:	980f      	ldr	r0, [sp, #60]	@ 0x3c
10002e5e:	2802      	cmp	r0, #2
10002e60:	d038      	beq.n	10002ed4 <_ntoa_format+0xf2>
10002e62:	2b1f      	cmp	r3, #31
10002e64:	d80a      	bhi.n	10002e7c <_ntoa_format+0x9a>
10002e66:	2030      	movs	r0, #48	@ 0x30
10002e68:	54d0      	strb	r0, [r2, r3]
10002e6a:	3301      	adds	r3, #1
10002e6c:	2b1f      	cmp	r3, #31
10002e6e:	d805      	bhi.n	10002e7c <_ntoa_format+0x9a>
10002e70:	4660      	mov	r0, ip
10002e72:	2800      	cmp	r0, #0
10002e74:	d034      	beq.n	10002ee0 <_ntoa_format+0xfe>
10002e76:	202d      	movs	r0, #45	@ 0x2d
10002e78:	54d0      	strb	r0, [r2, r3]
10002e7a:	3301      	adds	r3, #1
10002e7c:	9103      	str	r1, [sp, #12]
10002e7e:	9402      	str	r4, [sp, #8]
10002e80:	9301      	str	r3, [sp, #4]
10002e82:	9200      	str	r2, [sp, #0]
10002e84:	464b      	mov	r3, r9
10002e86:	4642      	mov	r2, r8
10002e88:	0039      	movs	r1, r7
10002e8a:	0030      	movs	r0, r6
10002e8c:	f7ff ff4c 	bl	10002d28 <_out_rev>
10002e90:	b005      	add	sp, #20
10002e92:	bcc0      	pop	{r6, r7}
10002e94:	46b9      	mov	r9, r7
10002e96:	46b0      	mov	r8, r6
10002e98:	bdf0      	pop	{r4, r5, r6, r7, pc}
10002e9a:	1e58      	subs	r0, r3, #1
10002e9c:	2b01      	cmp	r3, #1
10002e9e:	d017      	beq.n	10002ed0 <_ntoa_format+0xee>
10002ea0:	9d0f      	ldr	r5, [sp, #60]	@ 0x3c
10002ea2:	2d10      	cmp	r5, #16
10002ea4:	d00b      	beq.n	10002ebe <_ntoa_format+0xdc>
10002ea6:	0003      	movs	r3, r0
10002ea8:	980f      	ldr	r0, [sp, #60]	@ 0x3c
10002eaa:	2810      	cmp	r0, #16
10002eac:	d1d6      	bne.n	10002e5c <_ntoa_format+0x7a>
10002eae:	0688      	lsls	r0, r1, #26
10002eb0:	d5d4      	bpl.n	10002e5c <_ntoa_format+0x7a>
10002eb2:	2b1f      	cmp	r3, #31
10002eb4:	d8d2      	bhi.n	10002e5c <_ntoa_format+0x7a>
10002eb6:	2058      	movs	r0, #88	@ 0x58
10002eb8:	54d0      	strb	r0, [r2, r3]
10002eba:	3301      	adds	r3, #1
10002ebc:	e7d1      	b.n	10002e62 <_ntoa_format+0x80>
10002ebe:	3b02      	subs	r3, #2
10002ec0:	0688      	lsls	r0, r1, #26
10002ec2:	d4f1      	bmi.n	10002ea8 <_ntoa_format+0xc6>
10002ec4:	2b1f      	cmp	r3, #31
10002ec6:	d8ef      	bhi.n	10002ea8 <_ntoa_format+0xc6>
10002ec8:	2078      	movs	r0, #120	@ 0x78
10002eca:	54d0      	strb	r0, [r2, r3]
10002ecc:	3301      	adds	r3, #1
10002ece:	e7c8      	b.n	10002e62 <_ntoa_format+0x80>
10002ed0:	0003      	movs	r3, r0
10002ed2:	e7c0      	b.n	10002e56 <_ntoa_format+0x74>
10002ed4:	2b1f      	cmp	r3, #31
10002ed6:	d8d1      	bhi.n	10002e7c <_ntoa_format+0x9a>
10002ed8:	3060      	adds	r0, #96	@ 0x60
10002eda:	54d0      	strb	r0, [r2, r3]
10002edc:	3301      	adds	r3, #1
10002ede:	e7c0      	b.n	10002e62 <_ntoa_format+0x80>
10002ee0:	0748      	lsls	r0, r1, #29
10002ee2:	d503      	bpl.n	10002eec <_ntoa_format+0x10a>
10002ee4:	202b      	movs	r0, #43	@ 0x2b
10002ee6:	54d0      	strb	r0, [r2, r3]
10002ee8:	3301      	adds	r3, #1
10002eea:	e7c7      	b.n	10002e7c <_ntoa_format+0x9a>
10002eec:	0708      	lsls	r0, r1, #28
10002eee:	d5c5      	bpl.n	10002e7c <_ntoa_format+0x9a>
10002ef0:	2020      	movs	r0, #32
10002ef2:	54d0      	strb	r0, [r2, r3]
10002ef4:	3301      	adds	r3, #1
10002ef6:	e7c1      	b.n	10002e7c <_ntoa_format+0x9a>

10002ef8 <_ntoa_long>:
10002ef8:	b5f0      	push	{r4, r5, r6, r7, lr}
10002efa:	46de      	mov	lr, fp
10002efc:	4657      	mov	r7, sl
10002efe:	464e      	mov	r6, r9
10002f00:	4645      	mov	r5, r8
10002f02:	b5e0      	push	{r5, r6, r7, lr}
10002f04:	b093      	sub	sp, #76	@ 0x4c
10002f06:	4680      	mov	r8, r0
10002f08:	4689      	mov	r9, r1
10002f0a:	4692      	mov	sl, r2
10002f0c:	469b      	mov	fp, r3
10002f0e:	ab1c      	add	r3, sp, #112	@ 0x70
10002f10:	cb10      	ldmia	r3!, {r4}
10002f12:	781b      	ldrb	r3, [r3, #0]
10002f14:	9309      	str	r3, [sp, #36]	@ 0x24
10002f16:	9d1e      	ldr	r5, [sp, #120]	@ 0x78
10002f18:	2c00      	cmp	r4, #0
10002f1a:	d103      	bne.n	10002f24 <_ntoa_long+0x2c>
10002f1c:	2310      	movs	r3, #16
10002f1e:	9a21      	ldr	r2, [sp, #132]	@ 0x84
10002f20:	439a      	bics	r2, r3
10002f22:	9221      	str	r2, [sp, #132]	@ 0x84
10002f24:	2380      	movs	r3, #128	@ 0x80
10002f26:	00db      	lsls	r3, r3, #3
10002f28:	9e21      	ldr	r6, [sp, #132]	@ 0x84
10002f2a:	401e      	ands	r6, r3
10002f2c:	9a21      	ldr	r2, [sp, #132]	@ 0x84
10002f2e:	421a      	tst	r2, r3
10002f30:	d018      	beq.n	10002f64 <_ntoa_long+0x6c>
10002f32:	2c00      	cmp	r4, #0
10002f34:	d022      	beq.n	10002f7c <_ntoa_long+0x84>
10002f36:	2600      	movs	r6, #0
10002f38:	e014      	b.n	10002f64 <_ntoa_long+0x6c>
10002f3a:	9a21      	ldr	r2, [sp, #132]	@ 0x84
10002f3c:	0692      	lsls	r2, r2, #26
10002f3e:	d51b      	bpl.n	10002f78 <_ntoa_long+0x80>
10002f40:	2141      	movs	r1, #65	@ 0x41
10002f42:	18c9      	adds	r1, r1, r3
10002f44:	b2c9      	uxtb	r1, r1
10002f46:	390a      	subs	r1, #10
10002f48:	b2c9      	uxtb	r1, r1
10002f4a:	1c77      	adds	r7, r6, #1
10002f4c:	ab0a      	add	r3, sp, #40	@ 0x28
10002f4e:	5599      	strb	r1, [r3, r6]
10002f50:	0029      	movs	r1, r5
10002f52:	0020      	movs	r0, r4
10002f54:	f7fe ffcc 	bl	10001ef0 <__wrap___aeabi_uidiv>
10002f58:	42ac      	cmp	r4, r5
10002f5a:	d310      	bcc.n	10002f7e <_ntoa_long+0x86>
10002f5c:	2f1f      	cmp	r7, #31
10002f5e:	d80e      	bhi.n	10002f7e <_ntoa_long+0x86>
10002f60:	003e      	movs	r6, r7
10002f62:	0004      	movs	r4, r0
10002f64:	0029      	movs	r1, r5
10002f66:	0020      	movs	r0, r4
10002f68:	f7fe ffc2 	bl	10001ef0 <__wrap___aeabi_uidiv>
10002f6c:	b2cb      	uxtb	r3, r1
10002f6e:	2b09      	cmp	r3, #9
10002f70:	d8e3      	bhi.n	10002f3a <_ntoa_long+0x42>
10002f72:	3330      	adds	r3, #48	@ 0x30
10002f74:	b2d9      	uxtb	r1, r3
10002f76:	e7e8      	b.n	10002f4a <_ntoa_long+0x52>
10002f78:	2161      	movs	r1, #97	@ 0x61
10002f7a:	e7e2      	b.n	10002f42 <_ntoa_long+0x4a>
10002f7c:	0027      	movs	r7, r4
10002f7e:	9b21      	ldr	r3, [sp, #132]	@ 0x84
10002f80:	9306      	str	r3, [sp, #24]
10002f82:	9b20      	ldr	r3, [sp, #128]	@ 0x80
10002f84:	9305      	str	r3, [sp, #20]
10002f86:	9b1f      	ldr	r3, [sp, #124]	@ 0x7c
10002f88:	9304      	str	r3, [sp, #16]
10002f8a:	9503      	str	r5, [sp, #12]
10002f8c:	9b09      	ldr	r3, [sp, #36]	@ 0x24
10002f8e:	9302      	str	r3, [sp, #8]
10002f90:	9701      	str	r7, [sp, #4]
10002f92:	ab0a      	add	r3, sp, #40	@ 0x28
10002f94:	9300      	str	r3, [sp, #0]
10002f96:	465b      	mov	r3, fp
10002f98:	4652      	mov	r2, sl
10002f9a:	4649      	mov	r1, r9
10002f9c:	4640      	mov	r0, r8
10002f9e:	f7ff ff20 	bl	10002de2 <_ntoa_format>
10002fa2:	b013      	add	sp, #76	@ 0x4c
10002fa4:	bcf0      	pop	{r4, r5, r6, r7}
10002fa6:	46bb      	mov	fp, r7
10002fa8:	46b2      	mov	sl, r6
10002faa:	46a9      	mov	r9, r5
10002fac:	46a0      	mov	r8, r4
10002fae:	bdf0      	pop	{r4, r5, r6, r7, pc}

10002fb0 <_ntoa_long_long>:
10002fb0:	b5f0      	push	{r4, r5, r6, r7, lr}
10002fb2:	46de      	mov	lr, fp
10002fb4:	4657      	mov	r7, sl
10002fb6:	464e      	mov	r6, r9
10002fb8:	4645      	mov	r5, r8
10002fba:	b5e0      	push	{r5, r6, r7, lr}
10002fbc:	b095      	sub	sp, #84	@ 0x54
10002fbe:	4683      	mov	fp, r0
10002fc0:	9108      	str	r1, [sp, #32]
10002fc2:	9209      	str	r2, [sp, #36]	@ 0x24
10002fc4:	930a      	str	r3, [sp, #40]	@ 0x28
10002fc6:	9b1e      	ldr	r3, [sp, #120]	@ 0x78
10002fc8:	4699      	mov	r9, r3
10002fca:	9f1f      	ldr	r7, [sp, #124]	@ 0x7c
10002fcc:	ab20      	add	r3, sp, #128	@ 0x80
10002fce:	781b      	ldrb	r3, [r3, #0]
10002fd0:	930b      	str	r3, [sp, #44]	@ 0x2c
10002fd2:	9b22      	ldr	r3, [sp, #136]	@ 0x88
10002fd4:	4698      	mov	r8, r3
10002fd6:	9c23      	ldr	r4, [sp, #140]	@ 0x8c
10002fd8:	464b      	mov	r3, r9
10002fda:	433b      	orrs	r3, r7
10002fdc:	d103      	bne.n	10002fe6 <_ntoa_long_long+0x36>
10002fde:	3310      	adds	r3, #16
10002fe0:	9a26      	ldr	r2, [sp, #152]	@ 0x98
10002fe2:	439a      	bics	r2, r3
10002fe4:	9226      	str	r2, [sp, #152]	@ 0x98
10002fe6:	2380      	movs	r3, #128	@ 0x80
10002fe8:	00db      	lsls	r3, r3, #3
10002fea:	9d26      	ldr	r5, [sp, #152]	@ 0x98
10002fec:	401d      	ands	r5, r3
10002fee:	9a26      	ldr	r2, [sp, #152]	@ 0x98
10002ff0:	421a      	tst	r2, r3
10002ff2:	d008      	beq.n	10003006 <_ntoa_long_long+0x56>
10002ff4:	464b      	mov	r3, r9
10002ff6:	433b      	orrs	r3, r7
10002ff8:	d039      	beq.n	1000306e <_ntoa_long_long+0xbe>
10002ffa:	2500      	movs	r5, #0
10002ffc:	464e      	mov	r6, r9
10002ffe:	0023      	movs	r3, r4
10003000:	002c      	movs	r4, r5
10003002:	001d      	movs	r5, r3
10003004:	e01f      	b.n	10003046 <_ntoa_long_long+0x96>
10003006:	464e      	mov	r6, r9
10003008:	0023      	movs	r3, r4
1000300a:	002c      	movs	r4, r5
1000300c:	001d      	movs	r5, r3
1000300e:	e01a      	b.n	10003046 <_ntoa_long_long+0x96>
10003010:	9a26      	ldr	r2, [sp, #152]	@ 0x98
10003012:	0692      	lsls	r2, r2, #26
10003014:	d523      	bpl.n	1000305e <_ntoa_long_long+0xae>
10003016:	2241      	movs	r2, #65	@ 0x41
10003018:	18d2      	adds	r2, r2, r3
1000301a:	b2d2      	uxtb	r2, r2
1000301c:	3a0a      	subs	r2, #10
1000301e:	b2d2      	uxtb	r2, r2
10003020:	1c63      	adds	r3, r4, #1
10003022:	469a      	mov	sl, r3
10003024:	ab0c      	add	r3, sp, #48	@ 0x30
10003026:	551a      	strb	r2, [r3, r4]
10003028:	4642      	mov	r2, r8
1000302a:	002b      	movs	r3, r5
1000302c:	0030      	movs	r0, r6
1000302e:	0039      	movs	r1, r7
10003030:	f7fe ff9c 	bl	10001f6c <__wrap___aeabi_uldivmod>
10003034:	42bd      	cmp	r5, r7
10003036:	d81c      	bhi.n	10003072 <_ntoa_long_long+0xc2>
10003038:	d013      	beq.n	10003062 <_ntoa_long_long+0xb2>
1000303a:	4653      	mov	r3, sl
1000303c:	2b1f      	cmp	r3, #31
1000303e:	d814      	bhi.n	1000306a <_ntoa_long_long+0xba>
10003040:	4654      	mov	r4, sl
10003042:	0006      	movs	r6, r0
10003044:	000f      	movs	r7, r1
10003046:	4642      	mov	r2, r8
10003048:	002b      	movs	r3, r5
1000304a:	0030      	movs	r0, r6
1000304c:	0039      	movs	r1, r7
1000304e:	f7fe ff8d 	bl	10001f6c <__wrap___aeabi_uldivmod>
10003052:	b2d3      	uxtb	r3, r2
10003054:	2b09      	cmp	r3, #9
10003056:	d8db      	bhi.n	10003010 <_ntoa_long_long+0x60>
10003058:	3330      	adds	r3, #48	@ 0x30
1000305a:	b2da      	uxtb	r2, r3
1000305c:	e7e0      	b.n	10003020 <_ntoa_long_long+0x70>
1000305e:	2261      	movs	r2, #97	@ 0x61
10003060:	e7da      	b.n	10003018 <_ntoa_long_long+0x68>
10003062:	45b0      	cmp	r8, r6
10003064:	d9e9      	bls.n	1000303a <_ntoa_long_long+0x8a>
10003066:	4656      	mov	r6, sl
10003068:	e004      	b.n	10003074 <_ntoa_long_long+0xc4>
1000306a:	4656      	mov	r6, sl
1000306c:	e002      	b.n	10003074 <_ntoa_long_long+0xc4>
1000306e:	2600      	movs	r6, #0
10003070:	e000      	b.n	10003074 <_ntoa_long_long+0xc4>
10003072:	4656      	mov	r6, sl
10003074:	9b26      	ldr	r3, [sp, #152]	@ 0x98
10003076:	9306      	str	r3, [sp, #24]
10003078:	9b25      	ldr	r3, [sp, #148]	@ 0x94
1000307a:	9305      	str	r3, [sp, #20]
1000307c:	9b24      	ldr	r3, [sp, #144]	@ 0x90
1000307e:	9304      	str	r3, [sp, #16]
10003080:	4643      	mov	r3, r8
10003082:	9303      	str	r3, [sp, #12]
10003084:	9b0b      	ldr	r3, [sp, #44]	@ 0x2c
10003086:	9302      	str	r3, [sp, #8]
10003088:	9601      	str	r6, [sp, #4]
1000308a:	ab0c      	add	r3, sp, #48	@ 0x30
1000308c:	9300      	str	r3, [sp, #0]
1000308e:	9b0a      	ldr	r3, [sp, #40]	@ 0x28
10003090:	9a09      	ldr	r2, [sp, #36]	@ 0x24
10003092:	9908      	ldr	r1, [sp, #32]
10003094:	4658      	mov	r0, fp
10003096:	f7ff fea4 	bl	10002de2 <_ntoa_format>
1000309a:	b015      	add	sp, #84	@ 0x54
1000309c:	bcf0      	pop	{r4, r5, r6, r7}
1000309e:	46bb      	mov	fp, r7
100030a0:	46b2      	mov	sl, r6
100030a2:	46a9      	mov	r9, r5
100030a4:	46a0      	mov	r8, r4
100030a6:	bdf0      	pop	{r4, r5, r6, r7, pc}

100030a8 <_etoa>:
100030a8:	b5f0      	push	{r4, r5, r6, r7, lr}
100030aa:	46de      	mov	lr, fp
100030ac:	4657      	mov	r7, sl
100030ae:	464e      	mov	r6, r9
100030b0:	4645      	mov	r5, r8
100030b2:	b5e0      	push	{r5, r6, r7, lr}
100030b4:	b095      	sub	sp, #84	@ 0x54
100030b6:	0004      	movs	r4, r0
100030b8:	468a      	mov	sl, r1
100030ba:	4693      	mov	fp, r2
100030bc:	4699      	mov	r9, r3
100030be:	9e1e      	ldr	r6, [sp, #120]	@ 0x78
100030c0:	9f1f      	ldr	r7, [sp, #124]	@ 0x7c
100030c2:	0032      	movs	r2, r6
100030c4:	003b      	movs	r3, r7
100030c6:	0030      	movs	r0, r6
100030c8:	0039      	movs	r1, r7
100030ca:	f7ff f9da 	bl	10002482 <__wrap___aeabi_dcmpun>
100030ce:	2800      	cmp	r0, #0
100030d0:	d000      	beq.n	100030d4 <_etoa+0x2c>
100030d2:	e0fb      	b.n	100032cc <_etoa+0x224>
100030d4:	2201      	movs	r2, #1
100030d6:	4252      	negs	r2, r2
100030d8:	4bd6      	ldr	r3, [pc, #856]	@ (10003434 <_etoa+0x38c>)
100030da:	0030      	movs	r0, r6
100030dc:	0039      	movs	r1, r7
100030de:	f7ff f9cb 	bl	10002478 <__wrap___aeabi_dcmpgt>
100030e2:	2800      	cmp	r0, #0
100030e4:	d000      	beq.n	100030e8 <_etoa+0x40>
100030e6:	e0f1      	b.n	100032cc <_etoa+0x224>
100030e8:	2201      	movs	r2, #1
100030ea:	4252      	negs	r2, r2
100030ec:	4bd2      	ldr	r3, [pc, #840]	@ (10003438 <_etoa+0x390>)
100030ee:	0030      	movs	r0, r6
100030f0:	0039      	movs	r1, r7
100030f2:	f7ff f9ab 	bl	1000244c <__wrap___aeabi_dcmplt>
100030f6:	2800      	cmp	r0, #0
100030f8:	d000      	beq.n	100030fc <_etoa+0x54>
100030fa:	e0e7      	b.n	100032cc <_etoa+0x224>
100030fc:	2200      	movs	r2, #0
100030fe:	2300      	movs	r3, #0
10003100:	0030      	movs	r0, r6
10003102:	0039      	movs	r1, r7
10003104:	f7ff f9a2 	bl	1000244c <__wrap___aeabi_dcmplt>
10003108:	2800      	cmp	r0, #0
1000310a:	d000      	beq.n	1000310e <_etoa+0x66>
1000310c:	e0f3      	b.n	100032f6 <_etoa+0x24e>
1000310e:	9606      	str	r6, [sp, #24]
10003110:	9707      	str	r7, [sp, #28]
10003112:	2380      	movs	r3, #128	@ 0x80
10003114:	00db      	lsls	r3, r3, #3
10003116:	9a22      	ldr	r2, [sp, #136]	@ 0x88
10003118:	401a      	ands	r2, r3
1000311a:	9211      	str	r2, [sp, #68]	@ 0x44
1000311c:	9a22      	ldr	r2, [sp, #136]	@ 0x88
1000311e:	421a      	tst	r2, r3
10003120:	d101      	bne.n	10003126 <_etoa+0x7e>
10003122:	2306      	movs	r3, #6
10003124:	9320      	str	r3, [sp, #128]	@ 0x80
10003126:	9806      	ldr	r0, [sp, #24]
10003128:	9907      	ldr	r1, [sp, #28]
1000312a:	0002      	movs	r2, r0
1000312c:	000b      	movs	r3, r1
1000312e:	920a      	str	r2, [sp, #40]	@ 0x28
10003130:	930b      	str	r3, [sp, #44]	@ 0x2c
10003132:	0003      	movs	r3, r0
10003134:	000a      	movs	r2, r1
10003136:	4302      	orrs	r2, r0
10003138:	d100      	bne.n	1000313c <_etoa+0x94>
1000313a:	e0e8      	b.n	1000330e <_etoa+0x266>
1000313c:	0d08      	lsrs	r0, r1, #20
1000313e:	0540      	lsls	r0, r0, #21
10003140:	0d40      	lsrs	r0, r0, #21
10003142:	4dbe      	ldr	r5, [pc, #760]	@ (1000343c <_etoa+0x394>)
10003144:	46ac      	mov	ip, r5
10003146:	4460      	add	r0, ip
10003148:	0005      	movs	r5, r0
1000314a:	9807      	ldr	r0, [sp, #28]
1000314c:	0302      	lsls	r2, r0, #12
1000314e:	0b12      	lsrs	r2, r2, #12
10003150:	2000      	movs	r0, #0
10003152:	2100      	movs	r1, #0
10003154:	9008      	str	r0, [sp, #32]
10003156:	9109      	str	r1, [sp, #36]	@ 0x24
10003158:	9308      	str	r3, [sp, #32]
1000315a:	4bb9      	ldr	r3, [pc, #740]	@ (10003440 <_etoa+0x398>)
1000315c:	4313      	orrs	r3, r2
1000315e:	9309      	str	r3, [sp, #36]	@ 0x24
10003160:	0028      	movs	r0, r5
10003162:	f7ff f99f 	bl	100024a4 <__wrap___aeabi_i2d>
10003166:	4ab7      	ldr	r2, [pc, #732]	@ (10003444 <_etoa+0x39c>)
10003168:	4bb7      	ldr	r3, [pc, #732]	@ (10003448 <_etoa+0x3a0>)
1000316a:	f7ff f92c 	bl	100023c6 <__wrap___aeabi_dmul>
1000316e:	4ab7      	ldr	r2, [pc, #732]	@ (1000344c <_etoa+0x3a4>)
10003170:	4bb7      	ldr	r3, [pc, #732]	@ (10003450 <_etoa+0x3a8>)
10003172:	f7ff f901 	bl	10002378 <__wrap___aeabi_dadd>
10003176:	900a      	str	r0, [sp, #40]	@ 0x28
10003178:	910b      	str	r1, [sp, #44]	@ 0x2c
1000317a:	2200      	movs	r2, #0
1000317c:	4bb5      	ldr	r3, [pc, #724]	@ (10003454 <_etoa+0x3ac>)
1000317e:	9808      	ldr	r0, [sp, #32]
10003180:	9909      	ldr	r1, [sp, #36]	@ 0x24
10003182:	f7ff f8f0 	bl	10002366 <__wrap___aeabi_dsub>
10003186:	4ab4      	ldr	r2, [pc, #720]	@ (10003458 <_etoa+0x3b0>)
10003188:	4bb4      	ldr	r3, [pc, #720]	@ (1000345c <_etoa+0x3b4>)
1000318a:	f7ff f91c 	bl	100023c6 <__wrap___aeabi_dmul>
1000318e:	0002      	movs	r2, r0
10003190:	000b      	movs	r3, r1
10003192:	980a      	ldr	r0, [sp, #40]	@ 0x28
10003194:	990b      	ldr	r1, [sp, #44]	@ 0x2c
10003196:	f7ff f8ef 	bl	10002378 <__wrap___aeabi_dadd>
1000319a:	f7ff f99b 	bl	100024d4 <__wrap___aeabi_d2iz>
1000319e:	4680      	mov	r8, r0
100031a0:	9008      	str	r0, [sp, #32]
100031a2:	f7ff f97f 	bl	100024a4 <__wrap___aeabi_i2d>
100031a6:	4aae      	ldr	r2, [pc, #696]	@ (10003460 <_etoa+0x3b8>)
100031a8:	4bae      	ldr	r3, [pc, #696]	@ (10003464 <_etoa+0x3bc>)
100031aa:	900a      	str	r0, [sp, #40]	@ 0x28
100031ac:	910b      	str	r1, [sp, #44]	@ 0x2c
100031ae:	f7ff f90a 	bl	100023c6 <__wrap___aeabi_dmul>
100031b2:	2200      	movs	r2, #0
100031b4:	4bac      	ldr	r3, [pc, #688]	@ (10003468 <_etoa+0x3c0>)
100031b6:	f7ff f8df 	bl	10002378 <__wrap___aeabi_dadd>
100031ba:	f7ff f98b 	bl	100024d4 <__wrap___aeabi_d2iz>
100031be:	0005      	movs	r5, r0
100031c0:	4aaa      	ldr	r2, [pc, #680]	@ (1000346c <_etoa+0x3c4>)
100031c2:	4bab      	ldr	r3, [pc, #684]	@ (10003470 <_etoa+0x3c8>)
100031c4:	980a      	ldr	r0, [sp, #40]	@ 0x28
100031c6:	990b      	ldr	r1, [sp, #44]	@ 0x2c
100031c8:	f7ff f8fd 	bl	100023c6 <__wrap___aeabi_dmul>
100031cc:	900a      	str	r0, [sp, #40]	@ 0x28
100031ce:	910b      	str	r1, [sp, #44]	@ 0x2c
100031d0:	0028      	movs	r0, r5
100031d2:	f7ff f967 	bl	100024a4 <__wrap___aeabi_i2d>
100031d6:	4aa7      	ldr	r2, [pc, #668]	@ (10003474 <_etoa+0x3cc>)
100031d8:	4ba7      	ldr	r3, [pc, #668]	@ (10003478 <_etoa+0x3d0>)
100031da:	f7ff f8f4 	bl	100023c6 <__wrap___aeabi_dmul>
100031de:	0002      	movs	r2, r0
100031e0:	000b      	movs	r3, r1
100031e2:	980a      	ldr	r0, [sp, #40]	@ 0x28
100031e4:	990b      	ldr	r1, [sp, #44]	@ 0x2c
100031e6:	f7ff f8be 	bl	10002366 <__wrap___aeabi_dsub>
100031ea:	0002      	movs	r2, r0
100031ec:	000b      	movs	r3, r1
100031ee:	900a      	str	r0, [sp, #40]	@ 0x28
100031f0:	910b      	str	r1, [sp, #44]	@ 0x2c
100031f2:	f7ff f8e8 	bl	100023c6 <__wrap___aeabi_dmul>
100031f6:	900e      	str	r0, [sp, #56]	@ 0x38
100031f8:	910f      	str	r1, [sp, #60]	@ 0x3c
100031fa:	002b      	movs	r3, r5
100031fc:	4d9f      	ldr	r5, [pc, #636]	@ (1000347c <_etoa+0x3d4>)
100031fe:	46ac      	mov	ip, r5
10003200:	4463      	add	r3, ip
10003202:	2100      	movs	r1, #0
10003204:	2200      	movs	r2, #0
10003206:	910c      	str	r1, [sp, #48]	@ 0x30
10003208:	920d      	str	r2, [sp, #52]	@ 0x34
1000320a:	051b      	lsls	r3, r3, #20
1000320c:	930d      	str	r3, [sp, #52]	@ 0x34
1000320e:	2300      	movs	r3, #0
10003210:	930c      	str	r3, [sp, #48]	@ 0x30
10003212:	980a      	ldr	r0, [sp, #40]	@ 0x28
10003214:	990b      	ldr	r1, [sp, #44]	@ 0x2c
10003216:	0002      	movs	r2, r0
10003218:	000b      	movs	r3, r1
1000321a:	f7ff f8ad 	bl	10002378 <__wrap___aeabi_dadd>
1000321e:	9012      	str	r0, [sp, #72]	@ 0x48
10003220:	9113      	str	r1, [sp, #76]	@ 0x4c
10003222:	9a0a      	ldr	r2, [sp, #40]	@ 0x28
10003224:	9b0b      	ldr	r3, [sp, #44]	@ 0x2c
10003226:	2000      	movs	r0, #0
10003228:	2180      	movs	r1, #128	@ 0x80
1000322a:	05c9      	lsls	r1, r1, #23
1000322c:	f7ff f89b 	bl	10002366 <__wrap___aeabi_dsub>
10003230:	900a      	str	r0, [sp, #40]	@ 0x28
10003232:	910b      	str	r1, [sp, #44]	@ 0x2c
10003234:	2200      	movs	r2, #0
10003236:	4b92      	ldr	r3, [pc, #584]	@ (10003480 <_etoa+0x3d8>)
10003238:	980e      	ldr	r0, [sp, #56]	@ 0x38
1000323a:	990f      	ldr	r1, [sp, #60]	@ 0x3c
1000323c:	f7ff f8a5 	bl	1000238a <__wrap___aeabi_ddiv>
10003240:	2200      	movs	r2, #0
10003242:	4b90      	ldr	r3, [pc, #576]	@ (10003484 <_etoa+0x3dc>)
10003244:	f7ff f898 	bl	10002378 <__wrap___aeabi_dadd>
10003248:	0002      	movs	r2, r0
1000324a:	000b      	movs	r3, r1
1000324c:	980e      	ldr	r0, [sp, #56]	@ 0x38
1000324e:	990f      	ldr	r1, [sp, #60]	@ 0x3c
10003250:	f7ff f89b 	bl	1000238a <__wrap___aeabi_ddiv>
10003254:	2200      	movs	r2, #0
10003256:	4b8c      	ldr	r3, [pc, #560]	@ (10003488 <_etoa+0x3e0>)
10003258:	f7ff f88e 	bl	10002378 <__wrap___aeabi_dadd>
1000325c:	0002      	movs	r2, r0
1000325e:	000b      	movs	r3, r1
10003260:	980e      	ldr	r0, [sp, #56]	@ 0x38
10003262:	990f      	ldr	r1, [sp, #60]	@ 0x3c
10003264:	f7ff f891 	bl	1000238a <__wrap___aeabi_ddiv>
10003268:	0002      	movs	r2, r0
1000326a:	000b      	movs	r3, r1
1000326c:	980a      	ldr	r0, [sp, #40]	@ 0x28
1000326e:	990b      	ldr	r1, [sp, #44]	@ 0x2c
10003270:	f7ff f882 	bl	10002378 <__wrap___aeabi_dadd>
10003274:	0002      	movs	r2, r0
10003276:	000b      	movs	r3, r1
10003278:	9812      	ldr	r0, [sp, #72]	@ 0x48
1000327a:	9913      	ldr	r1, [sp, #76]	@ 0x4c
1000327c:	f7ff f885 	bl	1000238a <__wrap___aeabi_ddiv>
10003280:	2200      	movs	r2, #0
10003282:	4b6f      	ldr	r3, [pc, #444]	@ (10003440 <_etoa+0x398>)
10003284:	f7ff f878 	bl	10002378 <__wrap___aeabi_dadd>
10003288:	9a0c      	ldr	r2, [sp, #48]	@ 0x30
1000328a:	9b0d      	ldr	r3, [sp, #52]	@ 0x34
1000328c:	f7ff f89b 	bl	100023c6 <__wrap___aeabi_dmul>
10003290:	0002      	movs	r2, r0
10003292:	000b      	movs	r3, r1
10003294:	920a      	str	r2, [sp, #40]	@ 0x28
10003296:	930b      	str	r3, [sp, #44]	@ 0x2c
10003298:	9a06      	ldr	r2, [sp, #24]
1000329a:	9b07      	ldr	r3, [sp, #28]
1000329c:	900c      	str	r0, [sp, #48]	@ 0x30
1000329e:	910d      	str	r1, [sp, #52]	@ 0x34
100032a0:	f7ff f8ea 	bl	10002478 <__wrap___aeabi_dcmpgt>
100032a4:	2800      	cmp	r0, #0
100032a6:	d00a      	beq.n	100032be <_etoa+0x216>
100032a8:	4643      	mov	r3, r8
100032aa:	3b01      	subs	r3, #1
100032ac:	9308      	str	r3, [sp, #32]
100032ae:	2200      	movs	r2, #0
100032b0:	4b74      	ldr	r3, [pc, #464]	@ (10003484 <_etoa+0x3dc>)
100032b2:	980c      	ldr	r0, [sp, #48]	@ 0x30
100032b4:	990d      	ldr	r1, [sp, #52]	@ 0x34
100032b6:	f7ff f868 	bl	1000238a <__wrap___aeabi_ddiv>
100032ba:	900a      	str	r0, [sp, #40]	@ 0x28
100032bc:	910b      	str	r1, [sp, #44]	@ 0x2c
100032be:	9b08      	ldr	r3, [sp, #32]
100032c0:	3363      	adds	r3, #99	@ 0x63
100032c2:	2bc6      	cmp	r3, #198	@ 0xc6
100032c4:	d849      	bhi.n	1000335a <_etoa+0x2b2>
100032c6:	2304      	movs	r3, #4
100032c8:	001d      	movs	r5, r3
100032ca:	e024      	b.n	10003316 <_etoa+0x26e>
100032cc:	9b22      	ldr	r3, [sp, #136]	@ 0x88
100032ce:	9304      	str	r3, [sp, #16]
100032d0:	9b21      	ldr	r3, [sp, #132]	@ 0x84
100032d2:	9303      	str	r3, [sp, #12]
100032d4:	9b20      	ldr	r3, [sp, #128]	@ 0x80
100032d6:	9302      	str	r3, [sp, #8]
100032d8:	9600      	str	r6, [sp, #0]
100032da:	9701      	str	r7, [sp, #4]
100032dc:	464b      	mov	r3, r9
100032de:	465a      	mov	r2, fp
100032e0:	4651      	mov	r1, sl
100032e2:	0020      	movs	r0, r4
100032e4:	f000 f904 	bl	100034f0 <_ftoa>
100032e8:	b015      	add	sp, #84	@ 0x54
100032ea:	bcf0      	pop	{r4, r5, r6, r7}
100032ec:	46bb      	mov	fp, r7
100032ee:	46b2      	mov	sl, r6
100032f0:	46a9      	mov	r9, r5
100032f2:	46a0      	mov	r8, r4
100032f4:	bdf0      	pop	{r4, r5, r6, r7, pc}
100032f6:	2100      	movs	r1, #0
100032f8:	2200      	movs	r2, #0
100032fa:	9106      	str	r1, [sp, #24]
100032fc:	9207      	str	r2, [sp, #28]
100032fe:	9606      	str	r6, [sp, #24]
10003300:	2380      	movs	r3, #128	@ 0x80
10003302:	061b      	lsls	r3, r3, #24
10003304:	469c      	mov	ip, r3
10003306:	44bc      	add	ip, r7
10003308:	4663      	mov	r3, ip
1000330a:	9307      	str	r3, [sp, #28]
1000330c:	e701      	b.n	10003112 <_etoa+0x6a>
1000330e:	2300      	movs	r3, #0
10003310:	9308      	str	r3, [sp, #32]
10003312:	3304      	adds	r3, #4
10003314:	001d      	movs	r5, r3
10003316:	9b22      	ldr	r3, [sp, #136]	@ 0x88
10003318:	051b      	lsls	r3, r3, #20
1000331a:	d52b      	bpl.n	10003374 <_etoa+0x2cc>
1000331c:	9a0a      	ldr	r2, [sp, #40]	@ 0x28
1000331e:	9b0b      	ldr	r3, [sp, #44]	@ 0x2c
10003320:	0019      	movs	r1, r3
10003322:	4311      	orrs	r1, r2
10003324:	d011      	beq.n	1000334a <_etoa+0x2a2>
10003326:	4a59      	ldr	r2, [pc, #356]	@ (1000348c <_etoa+0x3e4>)
10003328:	4b59      	ldr	r3, [pc, #356]	@ (10003490 <_etoa+0x3e8>)
1000332a:	9806      	ldr	r0, [sp, #24]
1000332c:	9907      	ldr	r1, [sp, #28]
1000332e:	f7ff f89b 	bl	10002468 <__wrap___aeabi_dcmpge>
10003332:	2800      	cmp	r0, #0
10003334:	d100      	bne.n	10003338 <_etoa+0x290>
10003336:	e0b1      	b.n	1000349c <_etoa+0x3f4>
10003338:	2200      	movs	r2, #0
1000333a:	4b56      	ldr	r3, [pc, #344]	@ (10003494 <_etoa+0x3ec>)
1000333c:	9806      	ldr	r0, [sp, #24]
1000333e:	9907      	ldr	r1, [sp, #28]
10003340:	f7ff f884 	bl	1000244c <__wrap___aeabi_dcmplt>
10003344:	2800      	cmp	r0, #0
10003346:	d100      	bne.n	1000334a <_etoa+0x2a2>
10003348:	e0a8      	b.n	1000349c <_etoa+0x3f4>
1000334a:	9a20      	ldr	r2, [sp, #128]	@ 0x80
1000334c:	9b08      	ldr	r3, [sp, #32]
1000334e:	429a      	cmp	r2, r3
10003350:	dd06      	ble.n	10003360 <_etoa+0x2b8>
10003352:	1ad3      	subs	r3, r2, r3
10003354:	3b01      	subs	r3, #1
10003356:	9320      	str	r3, [sp, #128]	@ 0x80
10003358:	e004      	b.n	10003364 <_etoa+0x2bc>
1000335a:	2305      	movs	r3, #5
1000335c:	001d      	movs	r5, r3
1000335e:	e7da      	b.n	10003316 <_etoa+0x26e>
10003360:	2300      	movs	r3, #0
10003362:	9320      	str	r3, [sp, #128]	@ 0x80
10003364:	2380      	movs	r3, #128	@ 0x80
10003366:	00db      	lsls	r3, r3, #3
10003368:	9a22      	ldr	r2, [sp, #136]	@ 0x88
1000336a:	431a      	orrs	r2, r3
1000336c:	9222      	str	r2, [sp, #136]	@ 0x88
1000336e:	2300      	movs	r3, #0
10003370:	001d      	movs	r5, r3
10003372:	9308      	str	r3, [sp, #32]
10003374:	9a21      	ldr	r2, [sp, #132]	@ 0x84
10003376:	4295      	cmp	r5, r2
10003378:	d300      	bcc.n	1000337c <_etoa+0x2d4>
1000337a:	e09b      	b.n	100034b4 <_etoa+0x40c>
1000337c:	1b53      	subs	r3, r2, r5
1000337e:	4698      	mov	r8, r3
10003380:	2302      	movs	r3, #2
10003382:	9a22      	ldr	r2, [sp, #136]	@ 0x88
10003384:	401a      	ands	r2, r3
10003386:	920c      	str	r2, [sp, #48]	@ 0x30
10003388:	9a22      	ldr	r2, [sp, #136]	@ 0x88
1000338a:	4213      	tst	r3, r2
1000338c:	d003      	beq.n	10003396 <_etoa+0x2ee>
1000338e:	2d00      	cmp	r5, #0
10003390:	d001      	beq.n	10003396 <_etoa+0x2ee>
10003392:	2300      	movs	r3, #0
10003394:	4698      	mov	r8, r3
10003396:	9b08      	ldr	r3, [sp, #32]
10003398:	2b00      	cmp	r3, #0
1000339a:	d007      	beq.n	100033ac <_etoa+0x304>
1000339c:	9a0a      	ldr	r2, [sp, #40]	@ 0x28
1000339e:	9b0b      	ldr	r3, [sp, #44]	@ 0x2c
100033a0:	9806      	ldr	r0, [sp, #24]
100033a2:	9907      	ldr	r1, [sp, #28]
100033a4:	f7fe fff1 	bl	1000238a <__wrap___aeabi_ddiv>
100033a8:	9006      	str	r0, [sp, #24]
100033aa:	9107      	str	r1, [sp, #28]
100033ac:	2200      	movs	r2, #0
100033ae:	2300      	movs	r3, #0
100033b0:	0030      	movs	r0, r6
100033b2:	0039      	movs	r1, r7
100033b4:	f7ff f84a 	bl	1000244c <__wrap___aeabi_dcmplt>
100033b8:	2800      	cmp	r0, #0
100033ba:	d000      	beq.n	100033be <_etoa+0x316>
100033bc:	e07d      	b.n	100034ba <_etoa+0x412>
100033be:	4b36      	ldr	r3, [pc, #216]	@ (10003498 <_etoa+0x3f0>)
100033c0:	9a22      	ldr	r2, [sp, #136]	@ 0x88
100033c2:	4013      	ands	r3, r2
100033c4:	9304      	str	r3, [sp, #16]
100033c6:	4643      	mov	r3, r8
100033c8:	9303      	str	r3, [sp, #12]
100033ca:	9b20      	ldr	r3, [sp, #128]	@ 0x80
100033cc:	9302      	str	r3, [sp, #8]
100033ce:	9a06      	ldr	r2, [sp, #24]
100033d0:	9b07      	ldr	r3, [sp, #28]
100033d2:	9200      	str	r2, [sp, #0]
100033d4:	9301      	str	r3, [sp, #4]
100033d6:	464b      	mov	r3, r9
100033d8:	465a      	mov	r2, fp
100033da:	4651      	mov	r1, sl
100033dc:	0020      	movs	r0, r4
100033de:	f000 f887 	bl	100034f0 <_ftoa>
100033e2:	2d00      	cmp	r5, #0
100033e4:	d100      	bne.n	100033e8 <_etoa+0x340>
100033e6:	e77f      	b.n	100032e8 <_etoa+0x240>
100033e8:	9b22      	ldr	r3, [sp, #136]	@ 0x88
100033ea:	069b      	lsls	r3, r3, #26
100033ec:	d571      	bpl.n	100034d2 <_etoa+0x42a>
100033ee:	2745      	movs	r7, #69	@ 0x45
100033f0:	1c46      	adds	r6, r0, #1
100033f2:	464b      	mov	r3, r9
100033f4:	0002      	movs	r2, r0
100033f6:	4651      	mov	r1, sl
100033f8:	0038      	movs	r0, r7
100033fa:	47a0      	blx	r4
100033fc:	9808      	ldr	r0, [sp, #32]
100033fe:	17c3      	asrs	r3, r0, #31
10003400:	18c2      	adds	r2, r0, r3
10003402:	405a      	eors	r2, r3
10003404:	2305      	movs	r3, #5
10003406:	9305      	str	r3, [sp, #20]
10003408:	3d01      	subs	r5, #1
1000340a:	9504      	str	r5, [sp, #16]
1000340c:	2300      	movs	r3, #0
1000340e:	9303      	str	r3, [sp, #12]
10003410:	330a      	adds	r3, #10
10003412:	9302      	str	r3, [sp, #8]
10003414:	0fc3      	lsrs	r3, r0, #31
10003416:	9301      	str	r3, [sp, #4]
10003418:	9200      	str	r2, [sp, #0]
1000341a:	464b      	mov	r3, r9
1000341c:	0032      	movs	r2, r6
1000341e:	4651      	mov	r1, sl
10003420:	0020      	movs	r0, r4
10003422:	f7ff fd69 	bl	10002ef8 <_ntoa_long>
10003426:	9b0c      	ldr	r3, [sp, #48]	@ 0x30
10003428:	2b00      	cmp	r3, #0
1000342a:	d100      	bne.n	1000342e <_etoa+0x386>
1000342c:	e75c      	b.n	100032e8 <_etoa+0x240>
1000342e:	0002      	movs	r2, r0
10003430:	9f21      	ldr	r7, [sp, #132]	@ 0x84
10003432:	e056      	b.n	100034e2 <_etoa+0x43a>
10003434:	7fefffff 	.word	0x7fefffff
10003438:	ffefffff 	.word	0xffefffff
1000343c:	fffffc01 	.word	0xfffffc01
10003440:	3ff00000 	.word	0x3ff00000
10003444:	509f79fb 	.word	0x509f79fb
10003448:	3fd34413 	.word	0x3fd34413
1000344c:	8b60c8b3 	.word	0x8b60c8b3
10003450:	3fc68a28 	.word	0x3fc68a28
10003454:	3ff80000 	.word	0x3ff80000
10003458:	636f4361 	.word	0x636f4361
1000345c:	3fd287a7 	.word	0x3fd287a7
10003460:	0979a371 	.word	0x0979a371
10003464:	400a934f 	.word	0x400a934f
10003468:	3fe00000 	.word	0x3fe00000
1000346c:	bbb55516 	.word	0xbbb55516
10003470:	40026bb1 	.word	0x40026bb1
10003474:	fefa39ef 	.word	0xfefa39ef
10003478:	3fe62e42 	.word	0x3fe62e42
1000347c:	000003ff 	.word	0x000003ff
10003480:	402c0000 	.word	0x402c0000
10003484:	40240000 	.word	0x40240000
10003488:	40180000 	.word	0x40180000
1000348c:	eb1c432d 	.word	0xeb1c432d
10003490:	3f1a36e2 	.word	0x3f1a36e2
10003494:	412e8480 	.word	0x412e8480
10003498:	fffff7ff 	.word	0xfffff7ff
1000349c:	9b20      	ldr	r3, [sp, #128]	@ 0x80
1000349e:	2b00      	cmp	r3, #0
100034a0:	d100      	bne.n	100034a4 <_etoa+0x3fc>
100034a2:	e767      	b.n	10003374 <_etoa+0x2cc>
100034a4:	9b11      	ldr	r3, [sp, #68]	@ 0x44
100034a6:	2b00      	cmp	r3, #0
100034a8:	d100      	bne.n	100034ac <_etoa+0x404>
100034aa:	e763      	b.n	10003374 <_etoa+0x2cc>
100034ac:	9b20      	ldr	r3, [sp, #128]	@ 0x80
100034ae:	3b01      	subs	r3, #1
100034b0:	9320      	str	r3, [sp, #128]	@ 0x80
100034b2:	e75f      	b.n	10003374 <_etoa+0x2cc>
100034b4:	2300      	movs	r3, #0
100034b6:	4698      	mov	r8, r3
100034b8:	e762      	b.n	10003380 <_etoa+0x2d8>
100034ba:	9e06      	ldr	r6, [sp, #24]
100034bc:	9f07      	ldr	r7, [sp, #28]
100034be:	0032      	movs	r2, r6
100034c0:	0039      	movs	r1, r7
100034c2:	2080      	movs	r0, #128	@ 0x80
100034c4:	0600      	lsls	r0, r0, #24
100034c6:	4684      	mov	ip, r0
100034c8:	4461      	add	r1, ip
100034ca:	000b      	movs	r3, r1
100034cc:	9206      	str	r2, [sp, #24]
100034ce:	9307      	str	r3, [sp, #28]
100034d0:	e775      	b.n	100033be <_etoa+0x316>
100034d2:	2765      	movs	r7, #101	@ 0x65
100034d4:	e78c      	b.n	100033f0 <_etoa+0x348>
100034d6:	1c56      	adds	r6, r2, #1
100034d8:	464b      	mov	r3, r9
100034da:	4651      	mov	r1, sl
100034dc:	2020      	movs	r0, #32
100034de:	47a0      	blx	r4
100034e0:	0032      	movs	r2, r6
100034e2:	465b      	mov	r3, fp
100034e4:	1ad3      	subs	r3, r2, r3
100034e6:	42bb      	cmp	r3, r7
100034e8:	d3f5      	bcc.n	100034d6 <_etoa+0x42e>
100034ea:	0010      	movs	r0, r2
100034ec:	e6fc      	b.n	100032e8 <_etoa+0x240>
100034ee:	46c0      	nop			@ (mov r8, r8)

100034f0 <_ftoa>:
100034f0:	b5f0      	push	{r4, r5, r6, r7, lr}
100034f2:	46de      	mov	lr, fp
100034f4:	4657      	mov	r7, sl
100034f6:	464e      	mov	r6, r9
100034f8:	4645      	mov	r5, r8
100034fa:	b5e0      	push	{r5, r6, r7, lr}
100034fc:	b095      	sub	sp, #84	@ 0x54
100034fe:	4681      	mov	r9, r0
10003500:	468a      	mov	sl, r1
10003502:	4693      	mov	fp, r2
10003504:	930a      	str	r3, [sp, #40]	@ 0x28
10003506:	9f20      	ldr	r7, [sp, #128]	@ 0x80
10003508:	9a1e      	ldr	r2, [sp, #120]	@ 0x78
1000350a:	9b1f      	ldr	r3, [sp, #124]	@ 0x7c
1000350c:	0010      	movs	r0, r2
1000350e:	0019      	movs	r1, r3
10003510:	f7fe ffb7 	bl	10002482 <__wrap___aeabi_dcmpun>
10003514:	2800      	cmp	r0, #0
10003516:	d131      	bne.n	1000357c <_ftoa+0x8c>
10003518:	2201      	movs	r2, #1
1000351a:	4252      	negs	r2, r2
1000351c:	4bba      	ldr	r3, [pc, #744]	@ (10003808 <_ftoa+0x318>)
1000351e:	981e      	ldr	r0, [sp, #120]	@ 0x78
10003520:	991f      	ldr	r1, [sp, #124]	@ 0x7c
10003522:	f7fe ff93 	bl	1000244c <__wrap___aeabi_dcmplt>
10003526:	2800      	cmp	r0, #0
10003528:	d137      	bne.n	1000359a <_ftoa+0xaa>
1000352a:	2201      	movs	r2, #1
1000352c:	4252      	negs	r2, r2
1000352e:	4bb7      	ldr	r3, [pc, #732]	@ (1000380c <_ftoa+0x31c>)
10003530:	981e      	ldr	r0, [sp, #120]	@ 0x78
10003532:	991f      	ldr	r1, [sp, #124]	@ 0x7c
10003534:	f7fe ffa0 	bl	10002478 <__wrap___aeabi_dcmpgt>
10003538:	2800      	cmp	r0, #0
1000353a:	d13d      	bne.n	100035b8 <_ftoa+0xc8>
1000353c:	2200      	movs	r2, #0
1000353e:	4bb4      	ldr	r3, [pc, #720]	@ (10003810 <_ftoa+0x320>)
10003540:	981e      	ldr	r0, [sp, #120]	@ 0x78
10003542:	991f      	ldr	r1, [sp, #124]	@ 0x7c
10003544:	f7fe ff98 	bl	10002478 <__wrap___aeabi_dcmpgt>
10003548:	2800      	cmp	r0, #0
1000354a:	d14a      	bne.n	100035e2 <_ftoa+0xf2>
1000354c:	2200      	movs	r2, #0
1000354e:	4bb1      	ldr	r3, [pc, #708]	@ (10003814 <_ftoa+0x324>)
10003550:	981e      	ldr	r0, [sp, #120]	@ 0x78
10003552:	991f      	ldr	r1, [sp, #124]	@ 0x7c
10003554:	f7fe ff7a 	bl	1000244c <__wrap___aeabi_dcmplt>
10003558:	2800      	cmp	r0, #0
1000355a:	d142      	bne.n	100035e2 <_ftoa+0xf2>
1000355c:	2200      	movs	r2, #0
1000355e:	2300      	movs	r3, #0
10003560:	981e      	ldr	r0, [sp, #120]	@ 0x78
10003562:	991f      	ldr	r1, [sp, #124]	@ 0x7c
10003564:	f7fe ff72 	bl	1000244c <__wrap___aeabi_dcmplt>
10003568:	2800      	cmp	r0, #0
1000356a:	d14a      	bne.n	10003602 <_ftoa+0x112>
1000356c:	2300      	movs	r3, #0
1000356e:	930b      	str	r3, [sp, #44]	@ 0x2c
10003570:	9b22      	ldr	r3, [sp, #136]	@ 0x88
10003572:	055b      	lsls	r3, r3, #21
10003574:	d400      	bmi.n	10003578 <_ftoa+0x88>
10003576:	e0af      	b.n	100036d8 <_ftoa+0x1e8>
10003578:	2400      	movs	r4, #0
1000357a:	e052      	b.n	10003622 <_ftoa+0x132>
1000357c:	9b22      	ldr	r3, [sp, #136]	@ 0x88
1000357e:	9303      	str	r3, [sp, #12]
10003580:	9b21      	ldr	r3, [sp, #132]	@ 0x84
10003582:	9302      	str	r3, [sp, #8]
10003584:	2303      	movs	r3, #3
10003586:	9301      	str	r3, [sp, #4]
10003588:	4ba3      	ldr	r3, [pc, #652]	@ (10003818 <_ftoa+0x328>)
1000358a:	9300      	str	r3, [sp, #0]
1000358c:	9b0a      	ldr	r3, [sp, #40]	@ 0x28
1000358e:	465a      	mov	r2, fp
10003590:	4651      	mov	r1, sl
10003592:	4648      	mov	r0, r9
10003594:	f7ff fbc8 	bl	10002d28 <_out_rev>
10003598:	e11f      	b.n	100037da <_ftoa+0x2ea>
1000359a:	9b22      	ldr	r3, [sp, #136]	@ 0x88
1000359c:	9303      	str	r3, [sp, #12]
1000359e:	9b21      	ldr	r3, [sp, #132]	@ 0x84
100035a0:	9302      	str	r3, [sp, #8]
100035a2:	2304      	movs	r3, #4
100035a4:	9301      	str	r3, [sp, #4]
100035a6:	4b9d      	ldr	r3, [pc, #628]	@ (1000381c <_ftoa+0x32c>)
100035a8:	9300      	str	r3, [sp, #0]
100035aa:	9b0a      	ldr	r3, [sp, #40]	@ 0x28
100035ac:	465a      	mov	r2, fp
100035ae:	4651      	mov	r1, sl
100035b0:	4648      	mov	r0, r9
100035b2:	f7ff fbb9 	bl	10002d28 <_out_rev>
100035b6:	e110      	b.n	100037da <_ftoa+0x2ea>
100035b8:	9b22      	ldr	r3, [sp, #136]	@ 0x88
100035ba:	075b      	lsls	r3, r3, #29
100035bc:	d50e      	bpl.n	100035dc <_ftoa+0xec>
100035be:	4b98      	ldr	r3, [pc, #608]	@ (10003820 <_ftoa+0x330>)
100035c0:	2204      	movs	r2, #4
100035c2:	9922      	ldr	r1, [sp, #136]	@ 0x88
100035c4:	9103      	str	r1, [sp, #12]
100035c6:	9921      	ldr	r1, [sp, #132]	@ 0x84
100035c8:	9102      	str	r1, [sp, #8]
100035ca:	9201      	str	r2, [sp, #4]
100035cc:	9300      	str	r3, [sp, #0]
100035ce:	9b0a      	ldr	r3, [sp, #40]	@ 0x28
100035d0:	465a      	mov	r2, fp
100035d2:	4651      	mov	r1, sl
100035d4:	4648      	mov	r0, r9
100035d6:	f7ff fba7 	bl	10002d28 <_out_rev>
100035da:	e0fe      	b.n	100037da <_ftoa+0x2ea>
100035dc:	4b91      	ldr	r3, [pc, #580]	@ (10003824 <_ftoa+0x334>)
100035de:	2203      	movs	r2, #3
100035e0:	e7ef      	b.n	100035c2 <_ftoa+0xd2>
100035e2:	9b22      	ldr	r3, [sp, #136]	@ 0x88
100035e4:	9304      	str	r3, [sp, #16]
100035e6:	9b21      	ldr	r3, [sp, #132]	@ 0x84
100035e8:	9303      	str	r3, [sp, #12]
100035ea:	9702      	str	r7, [sp, #8]
100035ec:	9b1e      	ldr	r3, [sp, #120]	@ 0x78
100035ee:	9c1f      	ldr	r4, [sp, #124]	@ 0x7c
100035f0:	9300      	str	r3, [sp, #0]
100035f2:	9401      	str	r4, [sp, #4]
100035f4:	9b0a      	ldr	r3, [sp, #40]	@ 0x28
100035f6:	465a      	mov	r2, fp
100035f8:	4651      	mov	r1, sl
100035fa:	4648      	mov	r0, r9
100035fc:	f7ff fd54 	bl	100030a8 <_etoa>
10003600:	e0eb      	b.n	100037da <_ftoa+0x2ea>
10003602:	9a1e      	ldr	r2, [sp, #120]	@ 0x78
10003604:	9b1f      	ldr	r3, [sp, #124]	@ 0x7c
10003606:	2000      	movs	r0, #0
10003608:	2100      	movs	r1, #0
1000360a:	f7fe feac 	bl	10002366 <__wrap___aeabi_dsub>
1000360e:	901e      	str	r0, [sp, #120]	@ 0x78
10003610:	911f      	str	r1, [sp, #124]	@ 0x7c
10003612:	2301      	movs	r3, #1
10003614:	930b      	str	r3, [sp, #44]	@ 0x2c
10003616:	e7ab      	b.n	10003570 <_ftoa+0x80>
10003618:	ab0c      	add	r3, sp, #48	@ 0x30
1000361a:	2230      	movs	r2, #48	@ 0x30
1000361c:	551a      	strb	r2, [r3, r4]
1000361e:	3f01      	subs	r7, #1
10003620:	3401      	adds	r4, #1
10003622:	2c1f      	cmp	r4, #31
10003624:	d801      	bhi.n	1000362a <_ftoa+0x13a>
10003626:	2f09      	cmp	r7, #9
10003628:	d8f6      	bhi.n	10003618 <_ftoa+0x128>
1000362a:	981e      	ldr	r0, [sp, #120]	@ 0x78
1000362c:	991f      	ldr	r1, [sp, #124]	@ 0x7c
1000362e:	f7fe ff51 	bl	100024d4 <__wrap___aeabi_d2iz>
10003632:	0005      	movs	r5, r0
10003634:	f7fe ff36 	bl	100024a4 <__wrap___aeabi_i2d>
10003638:	0002      	movs	r2, r0
1000363a:	000b      	movs	r3, r1
1000363c:	981e      	ldr	r0, [sp, #120]	@ 0x78
1000363e:	991f      	ldr	r1, [sp, #124]	@ 0x7c
10003640:	f7fe fe91 	bl	10002366 <__wrap___aeabi_dsub>
10003644:	4b78      	ldr	r3, [pc, #480]	@ (10003828 <_ftoa+0x338>)
10003646:	00fa      	lsls	r2, r7, #3
10003648:	189b      	adds	r3, r3, r2
1000364a:	cb0c      	ldmia	r3, {r2, r3}
1000364c:	9208      	str	r2, [sp, #32]
1000364e:	9309      	str	r3, [sp, #36]	@ 0x24
10003650:	f7fe feb9 	bl	100023c6 <__wrap___aeabi_dmul>
10003654:	9006      	str	r0, [sp, #24]
10003656:	9107      	str	r1, [sp, #28]
10003658:	f7fe ff60 	bl	1000251c <__wrap___aeabi_d2uiz>
1000365c:	0006      	movs	r6, r0
1000365e:	f7fe ff1d 	bl	1000249c <__wrap___aeabi_ui2d>
10003662:	0002      	movs	r2, r0
10003664:	000b      	movs	r3, r1
10003666:	9806      	ldr	r0, [sp, #24]
10003668:	9907      	ldr	r1, [sp, #28]
1000366a:	f7fe fe7c 	bl	10002366 <__wrap___aeabi_dsub>
1000366e:	9006      	str	r0, [sp, #24]
10003670:	9107      	str	r1, [sp, #28]
10003672:	2200      	movs	r2, #0
10003674:	4b6d      	ldr	r3, [pc, #436]	@ (1000382c <_ftoa+0x33c>)
10003676:	f7fe feff 	bl	10002478 <__wrap___aeabi_dcmpgt>
1000367a:	2800      	cmp	r0, #0
1000367c:	d02e      	beq.n	100036dc <_ftoa+0x1ec>
1000367e:	3601      	adds	r6, #1
10003680:	0030      	movs	r0, r6
10003682:	f7fe ff0b 	bl	1000249c <__wrap___aeabi_ui2d>
10003686:	0002      	movs	r2, r0
10003688:	000b      	movs	r3, r1
1000368a:	9808      	ldr	r0, [sp, #32]
1000368c:	9909      	ldr	r1, [sp, #36]	@ 0x24
1000368e:	f7fe fee3 	bl	10002458 <__wrap___aeabi_dcmple>
10003692:	2800      	cmp	r0, #0
10003694:	d001      	beq.n	1000369a <_ftoa+0x1aa>
10003696:	3501      	adds	r5, #1
10003698:	2600      	movs	r6, #0
1000369a:	2f00      	cmp	r7, #0
1000369c:	d12c      	bne.n	100036f8 <_ftoa+0x208>
1000369e:	0028      	movs	r0, r5
100036a0:	f7fe ff00 	bl	100024a4 <__wrap___aeabi_i2d>
100036a4:	0002      	movs	r2, r0
100036a6:	000b      	movs	r3, r1
100036a8:	981e      	ldr	r0, [sp, #120]	@ 0x78
100036aa:	991f      	ldr	r1, [sp, #124]	@ 0x7c
100036ac:	f7fe fe5b 	bl	10002366 <__wrap___aeabi_dsub>
100036b0:	0006      	movs	r6, r0
100036b2:	000f      	movs	r7, r1
100036b4:	2200      	movs	r2, #0
100036b6:	4b5d      	ldr	r3, [pc, #372]	@ (1000382c <_ftoa+0x33c>)
100036b8:	f7fe fec8 	bl	1000244c <__wrap___aeabi_dcmplt>
100036bc:	2800      	cmp	r0, #0
100036be:	d146      	bne.n	1000374e <_ftoa+0x25e>
100036c0:	2200      	movs	r2, #0
100036c2:	4b5a      	ldr	r3, [pc, #360]	@ (1000382c <_ftoa+0x33c>)
100036c4:	0030      	movs	r0, r6
100036c6:	0039      	movs	r1, r7
100036c8:	f7fe fed6 	bl	10002478 <__wrap___aeabi_dcmpgt>
100036cc:	2800      	cmp	r0, #0
100036ce:	d13e      	bne.n	1000374e <_ftoa+0x25e>
100036d0:	07eb      	lsls	r3, r5, #31
100036d2:	d53c      	bpl.n	1000374e <_ftoa+0x25e>
100036d4:	3501      	adds	r5, #1
100036d6:	e03a      	b.n	1000374e <_ftoa+0x25e>
100036d8:	2706      	movs	r7, #6
100036da:	e74d      	b.n	10003578 <_ftoa+0x88>
100036dc:	2200      	movs	r2, #0
100036de:	4b53      	ldr	r3, [pc, #332]	@ (1000382c <_ftoa+0x33c>)
100036e0:	9806      	ldr	r0, [sp, #24]
100036e2:	9907      	ldr	r1, [sp, #28]
100036e4:	f7fe feb2 	bl	1000244c <__wrap___aeabi_dcmplt>
100036e8:	2800      	cmp	r0, #0
100036ea:	d1d6      	bne.n	1000369a <_ftoa+0x1aa>
100036ec:	2e00      	cmp	r6, #0
100036ee:	d001      	beq.n	100036f4 <_ftoa+0x204>
100036f0:	07f3      	lsls	r3, r6, #31
100036f2:	d5d2      	bpl.n	1000369a <_ftoa+0x1aa>
100036f4:	3601      	adds	r6, #1
100036f6:	e7d0      	b.n	1000369a <_ftoa+0x1aa>
100036f8:	46a8      	mov	r8, r5
100036fa:	2c1f      	cmp	r4, #31
100036fc:	d811      	bhi.n	10003722 <_ftoa+0x232>
100036fe:	3f01      	subs	r7, #1
10003700:	210a      	movs	r1, #10
10003702:	0030      	movs	r0, r6
10003704:	f7fe fbf4 	bl	10001ef0 <__wrap___aeabi_uidiv>
10003708:	1c65      	adds	r5, r4, #1
1000370a:	3130      	adds	r1, #48	@ 0x30
1000370c:	ab0c      	add	r3, sp, #48	@ 0x30
1000370e:	5519      	strb	r1, [r3, r4]
10003710:	210a      	movs	r1, #10
10003712:	0030      	movs	r0, r6
10003714:	f7fe fbec 	bl	10001ef0 <__wrap___aeabi_uidiv>
10003718:	2e09      	cmp	r6, #9
1000371a:	d90e      	bls.n	1000373a <_ftoa+0x24a>
1000371c:	0006      	movs	r6, r0
1000371e:	002c      	movs	r4, r5
10003720:	e7eb      	b.n	100036fa <_ftoa+0x20a>
10003722:	4645      	mov	r5, r8
10003724:	2c1f      	cmp	r4, #31
10003726:	d80c      	bhi.n	10003742 <_ftoa+0x252>
10003728:	1e7b      	subs	r3, r7, #1
1000372a:	2f00      	cmp	r7, #0
1000372c:	d009      	beq.n	10003742 <_ftoa+0x252>
1000372e:	aa0c      	add	r2, sp, #48	@ 0x30
10003730:	2130      	movs	r1, #48	@ 0x30
10003732:	5511      	strb	r1, [r2, r4]
10003734:	001f      	movs	r7, r3
10003736:	3401      	adds	r4, #1
10003738:	e7f4      	b.n	10003724 <_ftoa+0x234>
1000373a:	002b      	movs	r3, r5
1000373c:	4645      	mov	r5, r8
1000373e:	001c      	movs	r4, r3
10003740:	e7f0      	b.n	10003724 <_ftoa+0x234>
10003742:	2c1f      	cmp	r4, #31
10003744:	d803      	bhi.n	1000374e <_ftoa+0x25e>
10003746:	ab0c      	add	r3, sp, #48	@ 0x30
10003748:	222e      	movs	r2, #46	@ 0x2e
1000374a:	551a      	strb	r2, [r3, r4]
1000374c:	3401      	adds	r4, #1
1000374e:	2c1f      	cmp	r4, #31
10003750:	d810      	bhi.n	10003774 <_ftoa+0x284>
10003752:	210a      	movs	r1, #10
10003754:	0028      	movs	r0, r5
10003756:	f7fe fba3 	bl	10001ea0 <__wrap___aeabi_idiv>
1000375a:	1c66      	adds	r6, r4, #1
1000375c:	3130      	adds	r1, #48	@ 0x30
1000375e:	ab0c      	add	r3, sp, #48	@ 0x30
10003760:	5519      	strb	r1, [r3, r4]
10003762:	210a      	movs	r1, #10
10003764:	0028      	movs	r0, r5
10003766:	f7fe fb9b 	bl	10001ea0 <__wrap___aeabi_idiv>
1000376a:	1e05      	subs	r5, r0, #0
1000376c:	d001      	beq.n	10003772 <_ftoa+0x282>
1000376e:	0034      	movs	r4, r6
10003770:	e7ed      	b.n	1000374e <_ftoa+0x25e>
10003772:	0034      	movs	r4, r6
10003774:	9b22      	ldr	r3, [sp, #136]	@ 0x88
10003776:	079b      	lsls	r3, r3, #30
10003778:	d419      	bmi.n	100037ae <_ftoa+0x2be>
1000377a:	9b22      	ldr	r3, [sp, #136]	@ 0x88
1000377c:	07db      	lsls	r3, r3, #31
1000377e:	d516      	bpl.n	100037ae <_ftoa+0x2be>
10003780:	9b21      	ldr	r3, [sp, #132]	@ 0x84
10003782:	2b00      	cmp	r3, #0
10003784:	d00e      	beq.n	100037a4 <_ftoa+0x2b4>
10003786:	9b0b      	ldr	r3, [sp, #44]	@ 0x2c
10003788:	2b00      	cmp	r3, #0
1000378a:	d103      	bne.n	10003794 <_ftoa+0x2a4>
1000378c:	330c      	adds	r3, #12
1000378e:	9a22      	ldr	r2, [sp, #136]	@ 0x88
10003790:	4213      	tst	r3, r2
10003792:	d007      	beq.n	100037a4 <_ftoa+0x2b4>
10003794:	9b21      	ldr	r3, [sp, #132]	@ 0x84
10003796:	3b01      	subs	r3, #1
10003798:	9321      	str	r3, [sp, #132]	@ 0x84
1000379a:	e003      	b.n	100037a4 <_ftoa+0x2b4>
1000379c:	ab0c      	add	r3, sp, #48	@ 0x30
1000379e:	2230      	movs	r2, #48	@ 0x30
100037a0:	551a      	strb	r2, [r3, r4]
100037a2:	3401      	adds	r4, #1
100037a4:	9b21      	ldr	r3, [sp, #132]	@ 0x84
100037a6:	429c      	cmp	r4, r3
100037a8:	d201      	bcs.n	100037ae <_ftoa+0x2be>
100037aa:	2c1f      	cmp	r4, #31
100037ac:	d9f6      	bls.n	1000379c <_ftoa+0x2ac>
100037ae:	2c1f      	cmp	r4, #31
100037b0:	d806      	bhi.n	100037c0 <_ftoa+0x2d0>
100037b2:	9b0b      	ldr	r3, [sp, #44]	@ 0x2c
100037b4:	2b00      	cmp	r3, #0
100037b6:	d017      	beq.n	100037e8 <_ftoa+0x2f8>
100037b8:	ab0c      	add	r3, sp, #48	@ 0x30
100037ba:	222d      	movs	r2, #45	@ 0x2d
100037bc:	551a      	strb	r2, [r3, r4]
100037be:	3401      	adds	r4, #1
100037c0:	9b22      	ldr	r3, [sp, #136]	@ 0x88
100037c2:	9303      	str	r3, [sp, #12]
100037c4:	9b21      	ldr	r3, [sp, #132]	@ 0x84
100037c6:	9302      	str	r3, [sp, #8]
100037c8:	9401      	str	r4, [sp, #4]
100037ca:	ab0c      	add	r3, sp, #48	@ 0x30
100037cc:	9300      	str	r3, [sp, #0]
100037ce:	9b0a      	ldr	r3, [sp, #40]	@ 0x28
100037d0:	465a      	mov	r2, fp
100037d2:	4651      	mov	r1, sl
100037d4:	4648      	mov	r0, r9
100037d6:	f7ff faa7 	bl	10002d28 <_out_rev>
100037da:	b015      	add	sp, #84	@ 0x54
100037dc:	bcf0      	pop	{r4, r5, r6, r7}
100037de:	46bb      	mov	fp, r7
100037e0:	46b2      	mov	sl, r6
100037e2:	46a9      	mov	r9, r5
100037e4:	46a0      	mov	r8, r4
100037e6:	bdf0      	pop	{r4, r5, r6, r7, pc}
100037e8:	9b22      	ldr	r3, [sp, #136]	@ 0x88
100037ea:	075b      	lsls	r3, r3, #29
100037ec:	d504      	bpl.n	100037f8 <_ftoa+0x308>
100037ee:	ab0c      	add	r3, sp, #48	@ 0x30
100037f0:	222b      	movs	r2, #43	@ 0x2b
100037f2:	551a      	strb	r2, [r3, r4]
100037f4:	3401      	adds	r4, #1
100037f6:	e7e3      	b.n	100037c0 <_ftoa+0x2d0>
100037f8:	9b22      	ldr	r3, [sp, #136]	@ 0x88
100037fa:	071b      	lsls	r3, r3, #28
100037fc:	d5e0      	bpl.n	100037c0 <_ftoa+0x2d0>
100037fe:	ab0c      	add	r3, sp, #48	@ 0x30
10003800:	2220      	movs	r2, #32
10003802:	551a      	strb	r2, [r3, r4]
10003804:	3401      	adds	r4, #1
10003806:	e7db      	b.n	100037c0 <_ftoa+0x2d0>
10003808:	ffefffff 	.word	0xffefffff
1000380c:	7fefffff 	.word	0x7fefffff
10003810:	41cdcd65 	.word	0x41cdcd65
10003814:	c1cdcd65 	.word	0xc1cdcd65
10003818:	100082b8 	.word	0x100082b8
1000381c:	100082bc 	.word	0x100082bc
10003820:	100082ac 	.word	0x100082ac
10003824:	100082b4 	.word	0x100082b4
10003828:	10008a10 	.word	0x10008a10
1000382c:	3fe00000 	.word	0x3fe00000

10003830 <_vsnprintf>:
10003830:	b5f0      	push	{r4, r5, r6, r7, lr}
10003832:	46de      	mov	lr, fp
10003834:	4657      	mov	r7, sl
10003836:	464e      	mov	r6, r9
10003838:	4645      	mov	r5, r8
1000383a:	b5e0      	push	{r5, r6, r7, lr}
1000383c:	b093      	sub	sp, #76	@ 0x4c
1000383e:	4683      	mov	fp, r0
10003840:	468a      	mov	sl, r1
10003842:	4690      	mov	r8, r2
10003844:	9311      	str	r3, [sp, #68]	@ 0x44
10003846:	2900      	cmp	r1, #0
10003848:	d100      	bne.n	1000384c <_vsnprintf+0x1c>
1000384a:	e31a      	b.n	10003e82 <_vsnprintf+0x652>
1000384c:	2500      	movs	r5, #0
1000384e:	465e      	mov	r6, fp
10003850:	9b11      	ldr	r3, [sp, #68]	@ 0x44
10003852:	7818      	ldrb	r0, [r3, #0]
10003854:	2800      	cmp	r0, #0
10003856:	d100      	bne.n	1000385a <_vsnprintf+0x2a>
10003858:	e316      	b.n	10003e88 <_vsnprintf+0x658>
1000385a:	2825      	cmp	r0, #37	@ 0x25
1000385c:	d009      	beq.n	10003872 <_vsnprintf+0x42>
1000385e:	1c6c      	adds	r4, r5, #1
10003860:	4643      	mov	r3, r8
10003862:	002a      	movs	r2, r5
10003864:	4651      	mov	r1, sl
10003866:	47b0      	blx	r6
10003868:	9b11      	ldr	r3, [sp, #68]	@ 0x44
1000386a:	3301      	adds	r3, #1
1000386c:	9311      	str	r3, [sp, #68]	@ 0x44
1000386e:	0025      	movs	r5, r4
10003870:	e7ee      	b.n	10003850 <_vsnprintf+0x20>
10003872:	3301      	adds	r3, #1
10003874:	9311      	str	r3, [sp, #68]	@ 0x44
10003876:	2700      	movs	r7, #0
10003878:	e012      	b.n	100038a0 <_vsnprintf+0x70>
1000387a:	2a20      	cmp	r2, #32
1000387c:	d025      	beq.n	100038ca <_vsnprintf+0x9a>
1000387e:	2a23      	cmp	r2, #35	@ 0x23
10003880:	d105      	bne.n	1000388e <_vsnprintf+0x5e>
10003882:	2210      	movs	r2, #16
10003884:	4317      	orrs	r7, r2
10003886:	3301      	adds	r3, #1
10003888:	9311      	str	r3, [sp, #68]	@ 0x44
1000388a:	2401      	movs	r4, #1
1000388c:	e006      	b.n	1000389c <_vsnprintf+0x6c>
1000388e:	2400      	movs	r4, #0
10003890:	e004      	b.n	1000389c <_vsnprintf+0x6c>
10003892:	2202      	movs	r2, #2
10003894:	4317      	orrs	r7, r2
10003896:	3301      	adds	r3, #1
10003898:	9311      	str	r3, [sp, #68]	@ 0x44
1000389a:	2401      	movs	r4, #1
1000389c:	2c00      	cmp	r4, #0
1000389e:	d01c      	beq.n	100038da <_vsnprintf+0xaa>
100038a0:	9b11      	ldr	r3, [sp, #68]	@ 0x44
100038a2:	781a      	ldrb	r2, [r3, #0]
100038a4:	2a2b      	cmp	r2, #43	@ 0x2b
100038a6:	d00a      	beq.n	100038be <_vsnprintf+0x8e>
100038a8:	d9e7      	bls.n	1000387a <_vsnprintf+0x4a>
100038aa:	2a2d      	cmp	r2, #45	@ 0x2d
100038ac:	d0f1      	beq.n	10003892 <_vsnprintf+0x62>
100038ae:	2a30      	cmp	r2, #48	@ 0x30
100038b0:	d111      	bne.n	100038d6 <_vsnprintf+0xa6>
100038b2:	3a2f      	subs	r2, #47	@ 0x2f
100038b4:	4317      	orrs	r7, r2
100038b6:	3301      	adds	r3, #1
100038b8:	9311      	str	r3, [sp, #68]	@ 0x44
100038ba:	2401      	movs	r4, #1
100038bc:	e7ee      	b.n	1000389c <_vsnprintf+0x6c>
100038be:	2204      	movs	r2, #4
100038c0:	4317      	orrs	r7, r2
100038c2:	3301      	adds	r3, #1
100038c4:	9311      	str	r3, [sp, #68]	@ 0x44
100038c6:	2401      	movs	r4, #1
100038c8:	e7e8      	b.n	1000389c <_vsnprintf+0x6c>
100038ca:	2208      	movs	r2, #8
100038cc:	4317      	orrs	r7, r2
100038ce:	3301      	adds	r3, #1
100038d0:	9311      	str	r3, [sp, #68]	@ 0x44
100038d2:	2401      	movs	r4, #1
100038d4:	e7e2      	b.n	1000389c <_vsnprintf+0x6c>
100038d6:	2400      	movs	r4, #0
100038d8:	e7e0      	b.n	1000389c <_vsnprintf+0x6c>
100038da:	9b11      	ldr	r3, [sp, #68]	@ 0x44
100038dc:	781a      	ldrb	r2, [r3, #0]
100038de:	0013      	movs	r3, r2
100038e0:	3b30      	subs	r3, #48	@ 0x30
100038e2:	b2db      	uxtb	r3, r3
100038e4:	2b09      	cmp	r3, #9
100038e6:	d915      	bls.n	10003914 <_vsnprintf+0xe4>
100038e8:	2a2a      	cmp	r2, #42	@ 0x2a
100038ea:	d018      	beq.n	1000391e <_vsnprintf+0xee>
100038ec:	940b      	str	r4, [sp, #44]	@ 0x2c
100038ee:	9b11      	ldr	r3, [sp, #68]	@ 0x44
100038f0:	781a      	ldrb	r2, [r3, #0]
100038f2:	2a2e      	cmp	r2, #46	@ 0x2e
100038f4:	d023      	beq.n	1000393e <_vsnprintf+0x10e>
100038f6:	9b11      	ldr	r3, [sp, #68]	@ 0x44
100038f8:	781a      	ldrb	r2, [r3, #0]
100038fa:	2a6c      	cmp	r2, #108	@ 0x6c
100038fc:	d047      	beq.n	1000398e <_vsnprintf+0x15e>
100038fe:	d93c      	bls.n	1000397a <_vsnprintf+0x14a>
10003900:	2a74      	cmp	r2, #116	@ 0x74
10003902:	d062      	beq.n	100039ca <_vsnprintf+0x19a>
10003904:	2a7a      	cmp	r2, #122	@ 0x7a
10003906:	d165      	bne.n	100039d4 <_vsnprintf+0x1a4>
10003908:	2280      	movs	r2, #128	@ 0x80
1000390a:	0052      	lsls	r2, r2, #1
1000390c:	4317      	orrs	r7, r2
1000390e:	3301      	adds	r3, #1
10003910:	9311      	str	r3, [sp, #68]	@ 0x44
10003912:	e05f      	b.n	100039d4 <_vsnprintf+0x1a4>
10003914:	a811      	add	r0, sp, #68	@ 0x44
10003916:	f7ff f9f5 	bl	10002d04 <_atoi>
1000391a:	900b      	str	r0, [sp, #44]	@ 0x2c
1000391c:	e7e7      	b.n	100038ee <_vsnprintf+0xbe>
1000391e:	9b1c      	ldr	r3, [sp, #112]	@ 0x70
10003920:	1d1a      	adds	r2, r3, #4
10003922:	921c      	str	r2, [sp, #112]	@ 0x70
10003924:	681b      	ldr	r3, [r3, #0]
10003926:	2b00      	cmp	r3, #0
10003928:	db04      	blt.n	10003934 <_vsnprintf+0x104>
1000392a:	930b      	str	r3, [sp, #44]	@ 0x2c
1000392c:	9b11      	ldr	r3, [sp, #68]	@ 0x44
1000392e:	3301      	adds	r3, #1
10003930:	9311      	str	r3, [sp, #68]	@ 0x44
10003932:	e7dc      	b.n	100038ee <_vsnprintf+0xbe>
10003934:	2202      	movs	r2, #2
10003936:	4317      	orrs	r7, r2
10003938:	425b      	negs	r3, r3
1000393a:	930b      	str	r3, [sp, #44]	@ 0x2c
1000393c:	e7f6      	b.n	1000392c <_vsnprintf+0xfc>
1000393e:	2280      	movs	r2, #128	@ 0x80
10003940:	00d2      	lsls	r2, r2, #3
10003942:	4317      	orrs	r7, r2
10003944:	1c5a      	adds	r2, r3, #1
10003946:	9211      	str	r2, [sp, #68]	@ 0x44
10003948:	785a      	ldrb	r2, [r3, #1]
1000394a:	0013      	movs	r3, r2
1000394c:	3b30      	subs	r3, #48	@ 0x30
1000394e:	b2db      	uxtb	r3, r3
10003950:	2b09      	cmp	r3, #9
10003952:	d90b      	bls.n	1000396c <_vsnprintf+0x13c>
10003954:	2a2a      	cmp	r2, #42	@ 0x2a
10003956:	d1ce      	bne.n	100038f6 <_vsnprintf+0xc6>
10003958:	9b1c      	ldr	r3, [sp, #112]	@ 0x70
1000395a:	1d1a      	adds	r2, r3, #4
1000395c:	921c      	str	r2, [sp, #112]	@ 0x70
1000395e:	681c      	ldr	r4, [r3, #0]
10003960:	2c00      	cmp	r4, #0
10003962:	db08      	blt.n	10003976 <_vsnprintf+0x146>
10003964:	9b11      	ldr	r3, [sp, #68]	@ 0x44
10003966:	3301      	adds	r3, #1
10003968:	9311      	str	r3, [sp, #68]	@ 0x44
1000396a:	e7c4      	b.n	100038f6 <_vsnprintf+0xc6>
1000396c:	a811      	add	r0, sp, #68	@ 0x44
1000396e:	f7ff f9c9 	bl	10002d04 <_atoi>
10003972:	0004      	movs	r4, r0
10003974:	e7bf      	b.n	100038f6 <_vsnprintf+0xc6>
10003976:	2400      	movs	r4, #0
10003978:	e7f4      	b.n	10003964 <_vsnprintf+0x134>
1000397a:	2a68      	cmp	r2, #104	@ 0x68
1000397c:	d017      	beq.n	100039ae <_vsnprintf+0x17e>
1000397e:	2a6a      	cmp	r2, #106	@ 0x6a
10003980:	d128      	bne.n	100039d4 <_vsnprintf+0x1a4>
10003982:	2280      	movs	r2, #128	@ 0x80
10003984:	0092      	lsls	r2, r2, #2
10003986:	4317      	orrs	r7, r2
10003988:	3301      	adds	r3, #1
1000398a:	9311      	str	r3, [sp, #68]	@ 0x44
1000398c:	e022      	b.n	100039d4 <_vsnprintf+0x1a4>
1000398e:	2280      	movs	r2, #128	@ 0x80
10003990:	0052      	lsls	r2, r2, #1
10003992:	433a      	orrs	r2, r7
10003994:	1c59      	adds	r1, r3, #1
10003996:	9111      	str	r1, [sp, #68]	@ 0x44
10003998:	7859      	ldrb	r1, [r3, #1]
1000399a:	296c      	cmp	r1, #108	@ 0x6c
1000399c:	d001      	beq.n	100039a2 <_vsnprintf+0x172>
1000399e:	0017      	movs	r7, r2
100039a0:	e018      	b.n	100039d4 <_vsnprintf+0x1a4>
100039a2:	22c0      	movs	r2, #192	@ 0xc0
100039a4:	0092      	lsls	r2, r2, #2
100039a6:	4317      	orrs	r7, r2
100039a8:	3302      	adds	r3, #2
100039aa:	9311      	str	r3, [sp, #68]	@ 0x44
100039ac:	e012      	b.n	100039d4 <_vsnprintf+0x1a4>
100039ae:	2280      	movs	r2, #128	@ 0x80
100039b0:	433a      	orrs	r2, r7
100039b2:	1c59      	adds	r1, r3, #1
100039b4:	9111      	str	r1, [sp, #68]	@ 0x44
100039b6:	7859      	ldrb	r1, [r3, #1]
100039b8:	2968      	cmp	r1, #104	@ 0x68
100039ba:	d001      	beq.n	100039c0 <_vsnprintf+0x190>
100039bc:	0017      	movs	r7, r2
100039be:	e009      	b.n	100039d4 <_vsnprintf+0x1a4>
100039c0:	22c0      	movs	r2, #192	@ 0xc0
100039c2:	4317      	orrs	r7, r2
100039c4:	3302      	adds	r3, #2
100039c6:	9311      	str	r3, [sp, #68]	@ 0x44
100039c8:	e004      	b.n	100039d4 <_vsnprintf+0x1a4>
100039ca:	2280      	movs	r2, #128	@ 0x80
100039cc:	0052      	lsls	r2, r2, #1
100039ce:	4317      	orrs	r7, r2
100039d0:	3301      	adds	r3, #1
100039d2:	9311      	str	r3, [sp, #68]	@ 0x44
100039d4:	9b11      	ldr	r3, [sp, #68]	@ 0x44
100039d6:	7818      	ldrb	r0, [r3, #0]
100039d8:	2865      	cmp	r0, #101	@ 0x65
100039da:	d040      	beq.n	10003a5e <_vsnprintf+0x22e>
100039dc:	d877      	bhi.n	10003ace <_vsnprintf+0x29e>
100039de:	2846      	cmp	r0, #70	@ 0x46
100039e0:	d100      	bne.n	100039e4 <_vsnprintf+0x1b4>
100039e2:	e08b      	b.n	10003afc <_vsnprintf+0x2cc>
100039e4:	d91b      	bls.n	10003a1e <_vsnprintf+0x1ee>
100039e6:	2863      	cmp	r0, #99	@ 0x63
100039e8:	d131      	bne.n	10003a4e <_vsnprintf+0x21e>
100039ea:	2302      	movs	r3, #2
100039ec:	001a      	movs	r2, r3
100039ee:	403a      	ands	r2, r7
100039f0:	4691      	mov	r9, r2
100039f2:	423b      	tst	r3, r7
100039f4:	d100      	bne.n	100039f8 <_vsnprintf+0x1c8>
100039f6:	e1b0      	b.n	10003d5a <_vsnprintf+0x52a>
100039f8:	2401      	movs	r4, #1
100039fa:	9b1c      	ldr	r3, [sp, #112]	@ 0x70
100039fc:	1d1a      	adds	r2, r3, #4
100039fe:	921c      	str	r2, [sp, #112]	@ 0x70
10003a00:	1c6f      	adds	r7, r5, #1
10003a02:	7818      	ldrb	r0, [r3, #0]
10003a04:	4643      	mov	r3, r8
10003a06:	002a      	movs	r2, r5
10003a08:	4651      	mov	r1, sl
10003a0a:	47b0      	blx	r6
10003a0c:	464b      	mov	r3, r9
10003a0e:	2b00      	cmp	r3, #0
10003a10:	d000      	beq.n	10003a14 <_vsnprintf+0x1e4>
10003a12:	e1a6      	b.n	10003d62 <_vsnprintf+0x532>
10003a14:	9b11      	ldr	r3, [sp, #68]	@ 0x44
10003a16:	3301      	adds	r3, #1
10003a18:	9311      	str	r3, [sp, #68]	@ 0x44
10003a1a:	003d      	movs	r5, r7
10003a1c:	e718      	b.n	10003850 <_vsnprintf+0x20>
10003a1e:	2825      	cmp	r0, #37	@ 0x25
10003a20:	d109      	bne.n	10003a36 <_vsnprintf+0x206>
10003a22:	1c6c      	adds	r4, r5, #1
10003a24:	4643      	mov	r3, r8
10003a26:	002a      	movs	r2, r5
10003a28:	4651      	mov	r1, sl
10003a2a:	47b0      	blx	r6
10003a2c:	9b11      	ldr	r3, [sp, #68]	@ 0x44
10003a2e:	3301      	adds	r3, #1
10003a30:	9311      	str	r3, [sp, #68]	@ 0x44
10003a32:	0025      	movs	r5, r4
10003a34:	e70c      	b.n	10003850 <_vsnprintf+0x20>
10003a36:	2845      	cmp	r0, #69	@ 0x45
10003a38:	d011      	beq.n	10003a5e <_vsnprintf+0x22e>
10003a3a:	1c6c      	adds	r4, r5, #1
10003a3c:	4643      	mov	r3, r8
10003a3e:	002a      	movs	r2, r5
10003a40:	4651      	mov	r1, sl
10003a42:	47b0      	blx	r6
10003a44:	9b11      	ldr	r3, [sp, #68]	@ 0x44
10003a46:	3301      	adds	r3, #1
10003a48:	9311      	str	r3, [sp, #68]	@ 0x44
10003a4a:	0025      	movs	r5, r4
10003a4c:	e700      	b.n	10003850 <_vsnprintf+0x20>
10003a4e:	2863      	cmp	r0, #99	@ 0x63
10003a50:	d82b      	bhi.n	10003aaa <_vsnprintf+0x27a>
10003a52:	2858      	cmp	r0, #88	@ 0x58
10003a54:	d02b      	beq.n	10003aae <_vsnprintf+0x27e>
10003a56:	2862      	cmp	r0, #98	@ 0x62
10003a58:	d029      	beq.n	10003aae <_vsnprintf+0x27e>
10003a5a:	2847      	cmp	r0, #71	@ 0x47
10003a5c:	d1ed      	bne.n	10003a3a <_vsnprintf+0x20a>
10003a5e:	2867      	cmp	r0, #103	@ 0x67
10003a60:	d001      	beq.n	10003a66 <_vsnprintf+0x236>
10003a62:	2847      	cmp	r0, #71	@ 0x47
10003a64:	d102      	bne.n	10003a6c <_vsnprintf+0x23c>
10003a66:	2380      	movs	r3, #128	@ 0x80
10003a68:	011b      	lsls	r3, r3, #4
10003a6a:	431f      	orrs	r7, r3
10003a6c:	2845      	cmp	r0, #69	@ 0x45
10003a6e:	d001      	beq.n	10003a74 <_vsnprintf+0x244>
10003a70:	2847      	cmp	r0, #71	@ 0x47
10003a72:	d101      	bne.n	10003a78 <_vsnprintf+0x248>
10003a74:	2320      	movs	r3, #32
10003a76:	431f      	orrs	r7, r3
10003a78:	9b1c      	ldr	r3, [sp, #112]	@ 0x70
10003a7a:	3307      	adds	r3, #7
10003a7c:	2207      	movs	r2, #7
10003a7e:	4393      	bics	r3, r2
10003a80:	001a      	movs	r2, r3
10003a82:	3208      	adds	r2, #8
10003a84:	921c      	str	r2, [sp, #112]	@ 0x70
10003a86:	9704      	str	r7, [sp, #16]
10003a88:	9a0b      	ldr	r2, [sp, #44]	@ 0x2c
10003a8a:	9203      	str	r2, [sp, #12]
10003a8c:	9402      	str	r4, [sp, #8]
10003a8e:	cb0c      	ldmia	r3, {r2, r3}
10003a90:	9200      	str	r2, [sp, #0]
10003a92:	9301      	str	r3, [sp, #4]
10003a94:	4643      	mov	r3, r8
10003a96:	002a      	movs	r2, r5
10003a98:	4651      	mov	r1, sl
10003a9a:	0030      	movs	r0, r6
10003a9c:	f7ff fb04 	bl	100030a8 <_etoa>
10003aa0:	0005      	movs	r5, r0
10003aa2:	9b11      	ldr	r3, [sp, #68]	@ 0x44
10003aa4:	3301      	adds	r3, #1
10003aa6:	9311      	str	r3, [sp, #68]	@ 0x44
10003aa8:	e6d2      	b.n	10003850 <_vsnprintf+0x20>
10003aaa:	2864      	cmp	r0, #100	@ 0x64
10003aac:	d1c5      	bne.n	10003a3a <_vsnprintf+0x20a>
10003aae:	2878      	cmp	r0, #120	@ 0x78
10003ab0:	d04d      	beq.n	10003b4e <_vsnprintf+0x31e>
10003ab2:	2858      	cmp	r0, #88	@ 0x58
10003ab4:	d100      	bne.n	10003ab8 <_vsnprintf+0x288>
10003ab6:	e07c      	b.n	10003bb2 <_vsnprintf+0x382>
10003ab8:	286f      	cmp	r0, #111	@ 0x6f
10003aba:	d100      	bne.n	10003abe <_vsnprintf+0x28e>
10003abc:	e07c      	b.n	10003bb8 <_vsnprintf+0x388>
10003abe:	2862      	cmp	r0, #98	@ 0x62
10003ac0:	d100      	bne.n	10003ac4 <_vsnprintf+0x294>
10003ac2:	e07c      	b.n	10003bbe <_vsnprintf+0x38e>
10003ac4:	2310      	movs	r3, #16
10003ac6:	439f      	bics	r7, r3
10003ac8:	3b06      	subs	r3, #6
10003aca:	469c      	mov	ip, r3
10003acc:	e041      	b.n	10003b52 <_vsnprintf+0x322>
10003ace:	2870      	cmp	r0, #112	@ 0x70
10003ad0:	d100      	bne.n	10003ad4 <_vsnprintf+0x2a4>
10003ad2:	e1bc      	b.n	10003e4e <_vsnprintf+0x61e>
10003ad4:	d90d      	bls.n	10003af2 <_vsnprintf+0x2c2>
10003ad6:	2873      	cmp	r0, #115	@ 0x73
10003ad8:	d131      	bne.n	10003b3e <_vsnprintf+0x30e>
10003ada:	9b1c      	ldr	r3, [sp, #112]	@ 0x70
10003adc:	1d1a      	adds	r2, r3, #4
10003ade:	921c      	str	r2, [sp, #112]	@ 0x70
10003ae0:	681b      	ldr	r3, [r3, #0]
10003ae2:	469b      	mov	fp, r3
10003ae4:	2c00      	cmp	r4, #0
10003ae6:	d000      	beq.n	10003aea <_vsnprintf+0x2ba>
10003ae8:	e16e      	b.n	10003dc8 <_vsnprintf+0x598>
10003aea:	2201      	movs	r2, #1
10003aec:	4252      	negs	r2, r2
10003aee:	465b      	mov	r3, fp
10003af0:	e14a      	b.n	10003d88 <_vsnprintf+0x558>
10003af2:	2867      	cmp	r0, #103	@ 0x67
10003af4:	d0b3      	beq.n	10003a5e <_vsnprintf+0x22e>
10003af6:	d81d      	bhi.n	10003b34 <_vsnprintf+0x304>
10003af8:	2866      	cmp	r0, #102	@ 0x66
10003afa:	d19e      	bne.n	10003a3a <_vsnprintf+0x20a>
10003afc:	2846      	cmp	r0, #70	@ 0x46
10003afe:	d100      	bne.n	10003b02 <_vsnprintf+0x2d2>
10003b00:	e11c      	b.n	10003d3c <_vsnprintf+0x50c>
10003b02:	9b1c      	ldr	r3, [sp, #112]	@ 0x70
10003b04:	3307      	adds	r3, #7
10003b06:	2207      	movs	r2, #7
10003b08:	4393      	bics	r3, r2
10003b0a:	001a      	movs	r2, r3
10003b0c:	3208      	adds	r2, #8
10003b0e:	921c      	str	r2, [sp, #112]	@ 0x70
10003b10:	9704      	str	r7, [sp, #16]
10003b12:	9a0b      	ldr	r2, [sp, #44]	@ 0x2c
10003b14:	9203      	str	r2, [sp, #12]
10003b16:	9402      	str	r4, [sp, #8]
10003b18:	cb0c      	ldmia	r3, {r2, r3}
10003b1a:	9200      	str	r2, [sp, #0]
10003b1c:	9301      	str	r3, [sp, #4]
10003b1e:	4643      	mov	r3, r8
10003b20:	002a      	movs	r2, r5
10003b22:	4651      	mov	r1, sl
10003b24:	0030      	movs	r0, r6
10003b26:	f7ff fce3 	bl	100034f0 <_ftoa>
10003b2a:	0005      	movs	r5, r0
10003b2c:	9b11      	ldr	r3, [sp, #68]	@ 0x44
10003b2e:	3301      	adds	r3, #1
10003b30:	9311      	str	r3, [sp, #68]	@ 0x44
10003b32:	e68d      	b.n	10003850 <_vsnprintf+0x20>
10003b34:	2869      	cmp	r0, #105	@ 0x69
10003b36:	d0ba      	beq.n	10003aae <_vsnprintf+0x27e>
10003b38:	286f      	cmp	r0, #111	@ 0x6f
10003b3a:	d0b8      	beq.n	10003aae <_vsnprintf+0x27e>
10003b3c:	e77d      	b.n	10003a3a <_vsnprintf+0x20a>
10003b3e:	2873      	cmp	r0, #115	@ 0x73
10003b40:	d200      	bcs.n	10003b44 <_vsnprintf+0x314>
10003b42:	e77a      	b.n	10003a3a <_vsnprintf+0x20a>
10003b44:	2875      	cmp	r0, #117	@ 0x75
10003b46:	d0b2      	beq.n	10003aae <_vsnprintf+0x27e>
10003b48:	2878      	cmp	r0, #120	@ 0x78
10003b4a:	d0b0      	beq.n	10003aae <_vsnprintf+0x27e>
10003b4c:	e775      	b.n	10003a3a <_vsnprintf+0x20a>
10003b4e:	2310      	movs	r3, #16
10003b50:	469c      	mov	ip, r3
10003b52:	2858      	cmp	r0, #88	@ 0x58
10003b54:	d036      	beq.n	10003bc4 <_vsnprintf+0x394>
10003b56:	2869      	cmp	r0, #105	@ 0x69
10003b58:	d003      	beq.n	10003b62 <_vsnprintf+0x332>
10003b5a:	2864      	cmp	r0, #100	@ 0x64
10003b5c:	d001      	beq.n	10003b62 <_vsnprintf+0x332>
10003b5e:	220c      	movs	r2, #12
10003b60:	4397      	bics	r7, r2
10003b62:	057a      	lsls	r2, r7, #21
10003b64:	d501      	bpl.n	10003b6a <_vsnprintf+0x33a>
10003b66:	2201      	movs	r2, #1
10003b68:	4397      	bics	r7, r2
10003b6a:	2869      	cmp	r0, #105	@ 0x69
10003b6c:	d02d      	beq.n	10003bca <_vsnprintf+0x39a>
10003b6e:	2864      	cmp	r0, #100	@ 0x64
10003b70:	d02b      	beq.n	10003bca <_vsnprintf+0x39a>
10003b72:	05ba      	lsls	r2, r7, #22
10003b74:	d500      	bpl.n	10003b78 <_vsnprintf+0x348>
10003b76:	e0a3      	b.n	10003cc0 <_vsnprintf+0x490>
10003b78:	05fa      	lsls	r2, r7, #23
10003b7a:	d500      	bpl.n	10003b7e <_vsnprintf+0x34e>
10003b7c:	e0bb      	b.n	10003cf6 <_vsnprintf+0x4c6>
10003b7e:	067a      	lsls	r2, r7, #25
10003b80:	d400      	bmi.n	10003b84 <_vsnprintf+0x354>
10003b82:	e0cd      	b.n	10003d20 <_vsnprintf+0x4f0>
10003b84:	9a1c      	ldr	r2, [sp, #112]	@ 0x70
10003b86:	1d11      	adds	r1, r2, #4
10003b88:	911c      	str	r1, [sp, #112]	@ 0x70
10003b8a:	6811      	ldr	r1, [r2, #0]
10003b8c:	22ff      	movs	r2, #255	@ 0xff
10003b8e:	400a      	ands	r2, r1
10003b90:	9705      	str	r7, [sp, #20]
10003b92:	9b0b      	ldr	r3, [sp, #44]	@ 0x2c
10003b94:	9304      	str	r3, [sp, #16]
10003b96:	9403      	str	r4, [sp, #12]
10003b98:	4663      	mov	r3, ip
10003b9a:	9302      	str	r3, [sp, #8]
10003b9c:	2300      	movs	r3, #0
10003b9e:	9301      	str	r3, [sp, #4]
10003ba0:	9200      	str	r2, [sp, #0]
10003ba2:	4643      	mov	r3, r8
10003ba4:	002a      	movs	r2, r5
10003ba6:	4651      	mov	r1, sl
10003ba8:	0030      	movs	r0, r6
10003baa:	f7ff f9a5 	bl	10002ef8 <_ntoa_long>
10003bae:	0005      	movs	r5, r0
10003bb0:	e02a      	b.n	10003c08 <_vsnprintf+0x3d8>
10003bb2:	2310      	movs	r3, #16
10003bb4:	469c      	mov	ip, r3
10003bb6:	e7cc      	b.n	10003b52 <_vsnprintf+0x322>
10003bb8:	2308      	movs	r3, #8
10003bba:	469c      	mov	ip, r3
10003bbc:	e7c9      	b.n	10003b52 <_vsnprintf+0x322>
10003bbe:	2302      	movs	r3, #2
10003bc0:	469c      	mov	ip, r3
10003bc2:	e7c6      	b.n	10003b52 <_vsnprintf+0x322>
10003bc4:	2220      	movs	r2, #32
10003bc6:	4317      	orrs	r7, r2
10003bc8:	e7c5      	b.n	10003b56 <_vsnprintf+0x326>
10003bca:	05ba      	lsls	r2, r7, #22
10003bcc:	d420      	bmi.n	10003c10 <_vsnprintf+0x3e0>
10003bce:	05fa      	lsls	r2, r7, #23
10003bd0:	d451      	bmi.n	10003c76 <_vsnprintf+0x446>
10003bd2:	067a      	lsls	r2, r7, #25
10003bd4:	d567      	bpl.n	10003ca6 <_vsnprintf+0x476>
10003bd6:	9a1c      	ldr	r2, [sp, #112]	@ 0x70
10003bd8:	1d11      	adds	r1, r2, #4
10003bda:	911c      	str	r1, [sp, #112]	@ 0x70
10003bdc:	6811      	ldr	r1, [r2, #0]
10003bde:	22ff      	movs	r2, #255	@ 0xff
10003be0:	400a      	ands	r2, r1
10003be2:	17d0      	asrs	r0, r2, #31
10003be4:	1811      	adds	r1, r2, r0
10003be6:	4041      	eors	r1, r0
10003be8:	9705      	str	r7, [sp, #20]
10003bea:	9b0b      	ldr	r3, [sp, #44]	@ 0x2c
10003bec:	9304      	str	r3, [sp, #16]
10003bee:	9403      	str	r4, [sp, #12]
10003bf0:	4663      	mov	r3, ip
10003bf2:	9302      	str	r3, [sp, #8]
10003bf4:	0fd2      	lsrs	r2, r2, #31
10003bf6:	9201      	str	r2, [sp, #4]
10003bf8:	9100      	str	r1, [sp, #0]
10003bfa:	4643      	mov	r3, r8
10003bfc:	002a      	movs	r2, r5
10003bfe:	4651      	mov	r1, sl
10003c00:	0030      	movs	r0, r6
10003c02:	f7ff f979 	bl	10002ef8 <_ntoa_long>
10003c06:	0005      	movs	r5, r0
10003c08:	9b11      	ldr	r3, [sp, #68]	@ 0x44
10003c0a:	3301      	adds	r3, #1
10003c0c:	9311      	str	r3, [sp, #68]	@ 0x44
10003c0e:	e61f      	b.n	10003850 <_vsnprintf+0x20>
10003c10:	9a1c      	ldr	r2, [sp, #112]	@ 0x70
10003c12:	3207      	adds	r2, #7
10003c14:	2107      	movs	r1, #7
10003c16:	438a      	bics	r2, r1
10003c18:	0011      	movs	r1, r2
10003c1a:	3108      	adds	r1, #8
10003c1c:	911c      	str	r1, [sp, #112]	@ 0x70
10003c1e:	6811      	ldr	r1, [r2, #0]
10003c20:	6853      	ldr	r3, [r2, #4]
10003c22:	4699      	mov	r9, r3
10003c24:	17db      	asrs	r3, r3, #31
10003c26:	930c      	str	r3, [sp, #48]	@ 0x30
10003c28:	930d      	str	r3, [sp, #52]	@ 0x34
10003c2a:	9a0c      	ldr	r2, [sp, #48]	@ 0x30
10003c2c:	9b0d      	ldr	r3, [sp, #52]	@ 0x34
10003c2e:	0010      	movs	r0, r2
10003c30:	4048      	eors	r0, r1
10003c32:	900e      	str	r0, [sp, #56]	@ 0x38
10003c34:	9b0d      	ldr	r3, [sp, #52]	@ 0x34
10003c36:	4649      	mov	r1, r9
10003c38:	404b      	eors	r3, r1
10003c3a:	930f      	str	r3, [sp, #60]	@ 0x3c
10003c3c:	980e      	ldr	r0, [sp, #56]	@ 0x38
10003c3e:	990f      	ldr	r1, [sp, #60]	@ 0x3c
10003c40:	9a0c      	ldr	r2, [sp, #48]	@ 0x30
10003c42:	9b0d      	ldr	r3, [sp, #52]	@ 0x34
10003c44:	1a80      	subs	r0, r0, r2
10003c46:	4199      	sbcs	r1, r3
10003c48:	900e      	str	r0, [sp, #56]	@ 0x38
10003c4a:	910f      	str	r1, [sp, #60]	@ 0x3c
10003c4c:	9708      	str	r7, [sp, #32]
10003c4e:	9b0b      	ldr	r3, [sp, #44]	@ 0x2c
10003c50:	9307      	str	r3, [sp, #28]
10003c52:	9406      	str	r4, [sp, #24]
10003c54:	4663      	mov	r3, ip
10003c56:	9304      	str	r3, [sp, #16]
10003c58:	2300      	movs	r3, #0
10003c5a:	9305      	str	r3, [sp, #20]
10003c5c:	464b      	mov	r3, r9
10003c5e:	0fda      	lsrs	r2, r3, #31
10003c60:	9202      	str	r2, [sp, #8]
10003c62:	9000      	str	r0, [sp, #0]
10003c64:	9101      	str	r1, [sp, #4]
10003c66:	4643      	mov	r3, r8
10003c68:	002a      	movs	r2, r5
10003c6a:	4651      	mov	r1, sl
10003c6c:	0030      	movs	r0, r6
10003c6e:	f7ff f99f 	bl	10002fb0 <_ntoa_long_long>
10003c72:	0005      	movs	r5, r0
10003c74:	e7c8      	b.n	10003c08 <_vsnprintf+0x3d8>
10003c76:	9a1c      	ldr	r2, [sp, #112]	@ 0x70
10003c78:	1d11      	adds	r1, r2, #4
10003c7a:	911c      	str	r1, [sp, #112]	@ 0x70
10003c7c:	6812      	ldr	r2, [r2, #0]
10003c7e:	17d0      	asrs	r0, r2, #31
10003c80:	1811      	adds	r1, r2, r0
10003c82:	4041      	eors	r1, r0
10003c84:	9705      	str	r7, [sp, #20]
10003c86:	9b0b      	ldr	r3, [sp, #44]	@ 0x2c
10003c88:	9304      	str	r3, [sp, #16]
10003c8a:	9403      	str	r4, [sp, #12]
10003c8c:	4663      	mov	r3, ip
10003c8e:	9302      	str	r3, [sp, #8]
10003c90:	0fd2      	lsrs	r2, r2, #31
10003c92:	9201      	str	r2, [sp, #4]
10003c94:	9100      	str	r1, [sp, #0]
10003c96:	4643      	mov	r3, r8
10003c98:	002a      	movs	r2, r5
10003c9a:	4651      	mov	r1, sl
10003c9c:	0030      	movs	r0, r6
10003c9e:	f7ff f92b 	bl	10002ef8 <_ntoa_long>
10003ca2:	0005      	movs	r5, r0
10003ca4:	e7b0      	b.n	10003c08 <_vsnprintf+0x3d8>
10003ca6:	063a      	lsls	r2, r7, #24
10003ca8:	d505      	bpl.n	10003cb6 <_vsnprintf+0x486>
10003caa:	9a1c      	ldr	r2, [sp, #112]	@ 0x70
10003cac:	1d11      	adds	r1, r2, #4
10003cae:	911c      	str	r1, [sp, #112]	@ 0x70
10003cb0:	2300      	movs	r3, #0
10003cb2:	5ed2      	ldrsh	r2, [r2, r3]
10003cb4:	e795      	b.n	10003be2 <_vsnprintf+0x3b2>
10003cb6:	9a1c      	ldr	r2, [sp, #112]	@ 0x70
10003cb8:	1d11      	adds	r1, r2, #4
10003cba:	911c      	str	r1, [sp, #112]	@ 0x70
10003cbc:	6812      	ldr	r2, [r2, #0]
10003cbe:	e790      	b.n	10003be2 <_vsnprintf+0x3b2>
10003cc0:	9a1c      	ldr	r2, [sp, #112]	@ 0x70
10003cc2:	3207      	adds	r2, #7
10003cc4:	2107      	movs	r1, #7
10003cc6:	438a      	bics	r2, r1
10003cc8:	0011      	movs	r1, r2
10003cca:	3108      	adds	r1, #8
10003ccc:	911c      	str	r1, [sp, #112]	@ 0x70
10003cce:	9708      	str	r7, [sp, #32]
10003cd0:	9b0b      	ldr	r3, [sp, #44]	@ 0x2c
10003cd2:	9307      	str	r3, [sp, #28]
10003cd4:	9406      	str	r4, [sp, #24]
10003cd6:	4663      	mov	r3, ip
10003cd8:	9304      	str	r3, [sp, #16]
10003cda:	2300      	movs	r3, #0
10003cdc:	9305      	str	r3, [sp, #20]
10003cde:	9302      	str	r3, [sp, #8]
10003ce0:	ca0c      	ldmia	r2, {r2, r3}
10003ce2:	9200      	str	r2, [sp, #0]
10003ce4:	9301      	str	r3, [sp, #4]
10003ce6:	4643      	mov	r3, r8
10003ce8:	002a      	movs	r2, r5
10003cea:	4651      	mov	r1, sl
10003cec:	0030      	movs	r0, r6
10003cee:	f7ff f95f 	bl	10002fb0 <_ntoa_long_long>
10003cf2:	0005      	movs	r5, r0
10003cf4:	e788      	b.n	10003c08 <_vsnprintf+0x3d8>
10003cf6:	9a1c      	ldr	r2, [sp, #112]	@ 0x70
10003cf8:	1d11      	adds	r1, r2, #4
10003cfa:	911c      	str	r1, [sp, #112]	@ 0x70
10003cfc:	9705      	str	r7, [sp, #20]
10003cfe:	9b0b      	ldr	r3, [sp, #44]	@ 0x2c
10003d00:	9304      	str	r3, [sp, #16]
10003d02:	9403      	str	r4, [sp, #12]
10003d04:	4663      	mov	r3, ip
10003d06:	9302      	str	r3, [sp, #8]
10003d08:	2300      	movs	r3, #0
10003d0a:	9301      	str	r3, [sp, #4]
10003d0c:	6813      	ldr	r3, [r2, #0]
10003d0e:	9300      	str	r3, [sp, #0]
10003d10:	4643      	mov	r3, r8
10003d12:	002a      	movs	r2, r5
10003d14:	4651      	mov	r1, sl
10003d16:	0030      	movs	r0, r6
10003d18:	f7ff f8ee 	bl	10002ef8 <_ntoa_long>
10003d1c:	0005      	movs	r5, r0
10003d1e:	e773      	b.n	10003c08 <_vsnprintf+0x3d8>
10003d20:	063a      	lsls	r2, r7, #24
10003d22:	d506      	bpl.n	10003d32 <_vsnprintf+0x502>
10003d24:	9a1c      	ldr	r2, [sp, #112]	@ 0x70
10003d26:	1d11      	adds	r1, r2, #4
10003d28:	911c      	str	r1, [sp, #112]	@ 0x70
10003d2a:	6812      	ldr	r2, [r2, #0]
10003d2c:	0412      	lsls	r2, r2, #16
10003d2e:	0c12      	lsrs	r2, r2, #16
10003d30:	e72e      	b.n	10003b90 <_vsnprintf+0x360>
10003d32:	9a1c      	ldr	r2, [sp, #112]	@ 0x70
10003d34:	1d11      	adds	r1, r2, #4
10003d36:	911c      	str	r1, [sp, #112]	@ 0x70
10003d38:	6812      	ldr	r2, [r2, #0]
10003d3a:	e729      	b.n	10003b90 <_vsnprintf+0x360>
10003d3c:	2320      	movs	r3, #32
10003d3e:	431f      	orrs	r7, r3
10003d40:	e6df      	b.n	10003b02 <_vsnprintf+0x2d2>
10003d42:	1c57      	adds	r7, r2, #1
10003d44:	4643      	mov	r3, r8
10003d46:	4651      	mov	r1, sl
10003d48:	2020      	movs	r0, #32
10003d4a:	47b0      	blx	r6
10003d4c:	0023      	movs	r3, r4
10003d4e:	003a      	movs	r2, r7
10003d50:	1c5c      	adds	r4, r3, #1
10003d52:	429d      	cmp	r5, r3
10003d54:	d8f5      	bhi.n	10003d42 <_vsnprintf+0x512>
10003d56:	0015      	movs	r5, r2
10003d58:	e64f      	b.n	100039fa <_vsnprintf+0x1ca>
10003d5a:	2301      	movs	r3, #1
10003d5c:	002a      	movs	r2, r5
10003d5e:	9d0b      	ldr	r5, [sp, #44]	@ 0x2c
10003d60:	e7f6      	b.n	10003d50 <_vsnprintf+0x520>
10003d62:	003a      	movs	r2, r7
10003d64:	46b1      	mov	r9, r6
10003d66:	9e0b      	ldr	r6, [sp, #44]	@ 0x2c
10003d68:	e006      	b.n	10003d78 <_vsnprintf+0x548>
10003d6a:	1c57      	adds	r7, r2, #1
10003d6c:	4643      	mov	r3, r8
10003d6e:	4651      	mov	r1, sl
10003d70:	2020      	movs	r0, #32
10003d72:	47c8      	blx	r9
10003d74:	002c      	movs	r4, r5
10003d76:	003a      	movs	r2, r7
10003d78:	1c65      	adds	r5, r4, #1
10003d7a:	42a6      	cmp	r6, r4
10003d7c:	d8f5      	bhi.n	10003d6a <_vsnprintf+0x53a>
10003d7e:	0017      	movs	r7, r2
10003d80:	464e      	mov	r6, r9
10003d82:	e647      	b.n	10003a14 <_vsnprintf+0x1e4>
10003d84:	3301      	adds	r3, #1
10003d86:	000a      	movs	r2, r1
10003d88:	7819      	ldrb	r1, [r3, #0]
10003d8a:	2900      	cmp	r1, #0
10003d8c:	d002      	beq.n	10003d94 <_vsnprintf+0x564>
10003d8e:	1e51      	subs	r1, r2, #1
10003d90:	2a00      	cmp	r2, #0
10003d92:	d1f7      	bne.n	10003d84 <_vsnprintf+0x554>
10003d94:	465a      	mov	r2, fp
10003d96:	1a9b      	subs	r3, r3, r2
10003d98:	2280      	movs	r2, #128	@ 0x80
10003d9a:	00d2      	lsls	r2, r2, #3
10003d9c:	0039      	movs	r1, r7
10003d9e:	4011      	ands	r1, r2
10003da0:	4689      	mov	r9, r1
10003da2:	4217      	tst	r7, r2
10003da4:	d002      	beq.n	10003dac <_vsnprintf+0x57c>
10003da6:	42a3      	cmp	r3, r4
10003da8:	d900      	bls.n	10003dac <_vsnprintf+0x57c>
10003daa:	0023      	movs	r3, r4
10003dac:	2202      	movs	r2, #2
10003dae:	0011      	movs	r1, r2
10003db0:	4039      	ands	r1, r7
10003db2:	9110      	str	r1, [sp, #64]	@ 0x40
10003db4:	423a      	tst	r2, r7
10003db6:	d009      	beq.n	10003dcc <_vsnprintf+0x59c>
10003db8:	002a      	movs	r2, r5
10003dba:	0025      	movs	r5, r4
10003dbc:	465f      	mov	r7, fp
10003dbe:	469b      	mov	fp, r3
10003dc0:	0033      	movs	r3, r6
10003dc2:	464e      	mov	r6, r9
10003dc4:	4699      	mov	r9, r3
10003dc6:	e021      	b.n	10003e0c <_vsnprintf+0x5dc>
10003dc8:	0022      	movs	r2, r4
10003dca:	e690      	b.n	10003aee <_vsnprintf+0x2be>
10003dcc:	002a      	movs	r2, r5
10003dce:	4655      	mov	r5, sl
10003dd0:	46a2      	mov	sl, r4
10003dd2:	e006      	b.n	10003de2 <_vsnprintf+0x5b2>
10003dd4:	1c54      	adds	r4, r2, #1
10003dd6:	4643      	mov	r3, r8
10003dd8:	0029      	movs	r1, r5
10003dda:	2020      	movs	r0, #32
10003ddc:	47b0      	blx	r6
10003dde:	003b      	movs	r3, r7
10003de0:	0022      	movs	r2, r4
10003de2:	1c5f      	adds	r7, r3, #1
10003de4:	990b      	ldr	r1, [sp, #44]	@ 0x2c
10003de6:	4299      	cmp	r1, r3
10003de8:	d8f4      	bhi.n	10003dd4 <_vsnprintf+0x5a4>
10003dea:	4654      	mov	r4, sl
10003dec:	46aa      	mov	sl, r5
10003dee:	003b      	movs	r3, r7
10003df0:	0025      	movs	r5, r4
10003df2:	465f      	mov	r7, fp
10003df4:	469b      	mov	fp, r3
10003df6:	0033      	movs	r3, r6
10003df8:	464e      	mov	r6, r9
10003dfa:	4699      	mov	r9, r3
10003dfc:	e006      	b.n	10003e0c <_vsnprintf+0x5dc>
10003dfe:	001d      	movs	r5, r3
10003e00:	3701      	adds	r7, #1
10003e02:	1c54      	adds	r4, r2, #1
10003e04:	4643      	mov	r3, r8
10003e06:	4651      	mov	r1, sl
10003e08:	47c8      	blx	r9
10003e0a:	0022      	movs	r2, r4
10003e0c:	7838      	ldrb	r0, [r7, #0]
10003e0e:	2800      	cmp	r0, #0
10003e10:	d004      	beq.n	10003e1c <_vsnprintf+0x5ec>
10003e12:	2e00      	cmp	r6, #0
10003e14:	d0f4      	beq.n	10003e00 <_vsnprintf+0x5d0>
10003e16:	1e6b      	subs	r3, r5, #1
10003e18:	2d00      	cmp	r5, #0
10003e1a:	d1f0      	bne.n	10003dfe <_vsnprintf+0x5ce>
10003e1c:	0015      	movs	r5, r2
10003e1e:	465b      	mov	r3, fp
10003e20:	464e      	mov	r6, r9
10003e22:	9a10      	ldr	r2, [sp, #64]	@ 0x40
10003e24:	2a00      	cmp	r2, #0
10003e26:	d103      	bne.n	10003e30 <_vsnprintf+0x600>
10003e28:	9b11      	ldr	r3, [sp, #68]	@ 0x44
10003e2a:	3301      	adds	r3, #1
10003e2c:	9311      	str	r3, [sp, #68]	@ 0x44
10003e2e:	e50f      	b.n	10003850 <_vsnprintf+0x20>
10003e30:	002a      	movs	r2, r5
10003e32:	9f0b      	ldr	r7, [sp, #44]	@ 0x2c
10003e34:	e006      	b.n	10003e44 <_vsnprintf+0x614>
10003e36:	1c55      	adds	r5, r2, #1
10003e38:	4643      	mov	r3, r8
10003e3a:	4651      	mov	r1, sl
10003e3c:	2020      	movs	r0, #32
10003e3e:	47b0      	blx	r6
10003e40:	0023      	movs	r3, r4
10003e42:	002a      	movs	r2, r5
10003e44:	1c5c      	adds	r4, r3, #1
10003e46:	429f      	cmp	r7, r3
10003e48:	d8f5      	bhi.n	10003e36 <_vsnprintf+0x606>
10003e4a:	0015      	movs	r5, r2
10003e4c:	e7ec      	b.n	10003e28 <_vsnprintf+0x5f8>
10003e4e:	2321      	movs	r3, #33	@ 0x21
10003e50:	433b      	orrs	r3, r7
10003e52:	9a1c      	ldr	r2, [sp, #112]	@ 0x70
10003e54:	1d11      	adds	r1, r2, #4
10003e56:	911c      	str	r1, [sp, #112]	@ 0x70
10003e58:	6812      	ldr	r2, [r2, #0]
10003e5a:	9305      	str	r3, [sp, #20]
10003e5c:	2308      	movs	r3, #8
10003e5e:	9304      	str	r3, [sp, #16]
10003e60:	9403      	str	r4, [sp, #12]
10003e62:	3308      	adds	r3, #8
10003e64:	9302      	str	r3, [sp, #8]
10003e66:	2300      	movs	r3, #0
10003e68:	9301      	str	r3, [sp, #4]
10003e6a:	9200      	str	r2, [sp, #0]
10003e6c:	4643      	mov	r3, r8
10003e6e:	002a      	movs	r2, r5
10003e70:	4651      	mov	r1, sl
10003e72:	0030      	movs	r0, r6
10003e74:	f7ff f840 	bl	10002ef8 <_ntoa_long>
10003e78:	0005      	movs	r5, r0
10003e7a:	9b11      	ldr	r3, [sp, #68]	@ 0x44
10003e7c:	3301      	adds	r3, #1
10003e7e:	9311      	str	r3, [sp, #68]	@ 0x44
10003e80:	e4e6      	b.n	10003850 <_vsnprintf+0x20>
10003e82:	4b0b      	ldr	r3, [pc, #44]	@ (10003eb0 <_vsnprintf+0x680>)
10003e84:	469b      	mov	fp, r3
10003e86:	e4e1      	b.n	1000384c <_vsnprintf+0x1c>
10003e88:	46b3      	mov	fp, r6
10003e8a:	4545      	cmp	r5, r8
10003e8c:	d30d      	bcc.n	10003eaa <_vsnprintf+0x67a>
10003e8e:	4643      	mov	r3, r8
10003e90:	1e5a      	subs	r2, r3, #1
10003e92:	4643      	mov	r3, r8
10003e94:	4651      	mov	r1, sl
10003e96:	2000      	movs	r0, #0
10003e98:	47d8      	blx	fp
10003e9a:	0028      	movs	r0, r5
10003e9c:	b013      	add	sp, #76	@ 0x4c
10003e9e:	bcf0      	pop	{r4, r5, r6, r7}
10003ea0:	46bb      	mov	fp, r7
10003ea2:	46b2      	mov	sl, r6
10003ea4:	46a9      	mov	r9, r5
10003ea6:	46a0      	mov	r8, r4
10003ea8:	bdf0      	pop	{r4, r5, r6, r7, pc}
10003eaa:	002a      	movs	r2, r5
10003eac:	e7f1      	b.n	10003e92 <_vsnprintf+0x662>
10003eae:	46c0      	nop			@ (mov r8, r8)
10003eb0:	10002cf5 	.word	0x10002cf5

10003eb4 <vfctprintf>:
10003eb4:	b500      	push	{lr}
10003eb6:	b085      	sub	sp, #20
10003eb8:	468c      	mov	ip, r1
10003eba:	a902      	add	r1, sp, #8
10003ebc:	9002      	str	r0, [sp, #8]
10003ebe:	4660      	mov	r0, ip
10003ec0:	6048      	str	r0, [r1, #4]
10003ec2:	2001      	movs	r0, #1
10003ec4:	4684      	mov	ip, r0
10003ec6:	4804      	ldr	r0, [pc, #16]	@ (10003ed8 <vfctprintf+0x24>)
10003ec8:	9300      	str	r3, [sp, #0]
10003eca:	0013      	movs	r3, r2
10003ecc:	4662      	mov	r2, ip
10003ece:	4252      	negs	r2, r2
10003ed0:	f7ff fcae 	bl	10003830 <_vsnprintf>
10003ed4:	b005      	add	sp, #20
10003ed6:	bd00      	pop	{pc}
10003ed8:	10002cf7 	.word	0x10002cf7

10003edc <_exit>:
10003edc:	be00      	bkpt	0x0000
10003ede:	e7fd      	b.n	10003edc <_exit>

10003ee0 <_fini>:
10003ee0:	4770      	bx	lr

10003ee2 <exit>:
10003ee2:	b510      	push	{r4, lr}
10003ee4:	f7ff fffa 	bl	10003edc <_exit>

10003ee8 <__assert_func>:
10003ee8:	b510      	push	{r4, lr}
10003eea:	b082      	sub	sp, #8
10003eec:	4684      	mov	ip, r0
10003eee:	000c      	movs	r4, r1
10003ef0:	0019      	movs	r1, r3
10003ef2:	2a00      	cmp	r2, #0
10003ef4:	d00a      	beq.n	10003f0c <__assert_func+0x24>
10003ef6:	4b07      	ldr	r3, [pc, #28]	@ (10003f14 <__assert_func+0x2c>)
10003ef8:	4807      	ldr	r0, [pc, #28]	@ (10003f18 <__assert_func+0x30>)
10003efa:	9201      	str	r2, [sp, #4]
10003efc:	9300      	str	r3, [sp, #0]
10003efe:	0023      	movs	r3, r4
10003f00:	4662      	mov	r2, ip
10003f02:	f000 f96d 	bl	100041e0 <__wrap_printf>
10003f06:	2001      	movs	r0, #1
10003f08:	f7ff ffe8 	bl	10003edc <_exit>
10003f0c:	4b03      	ldr	r3, [pc, #12]	@ (10003f1c <__assert_func+0x34>)
10003f0e:	001a      	movs	r2, r3
10003f10:	e7f2      	b.n	10003ef8 <__assert_func+0x10>
10003f12:	46c0      	nop			@ (mov r8, r8)
10003f14:	100082c4 	.word	0x100082c4
10003f18:	100082d4 	.word	0x100082d4
10003f1c:	10007b0c 	.word	0x10007b0c

10003f20 <runtime_init>:
10003f20:	b510      	push	{r4, lr}
10003f22:	f3ef 8305 	mrs	r3, IPSR
10003f26:	2b00      	cmp	r3, #0
10003f28:	d000      	beq.n	10003f2c <runtime_init+0xc>
10003f2a:	be00      	bkpt	0x0000
10003f2c:	f7fd fec8 	bl	10001cc0 <runtime_run_initializers>
10003f30:	4c03      	ldr	r4, [pc, #12]	@ (10003f40 <runtime_init+0x20>)
10003f32:	e001      	b.n	10003f38 <runtime_init+0x18>
10003f34:	cc08      	ldmia	r4!, {r3}
10003f36:	4798      	blx	r3
10003f38:	4b02      	ldr	r3, [pc, #8]	@ (10003f44 <runtime_init+0x24>)
10003f3a:	429c      	cmp	r4, r3
10003f3c:	d3fa      	bcc.n	10003f34 <runtime_init+0x14>
10003f3e:	bd10      	pop	{r4, pc}
10003f40:	10007854 	.word	0x10007854
10003f44:	10007858 	.word	0x10007858

10003f48 <stdio_out_chars_no_crlf>:
10003f48:	b510      	push	{r4, lr}
10003f4a:	0003      	movs	r3, r0
10003f4c:	0008      	movs	r0, r1
10003f4e:	0011      	movs	r1, r2
10003f50:	681b      	ldr	r3, [r3, #0]
10003f52:	4798      	blx	r3
10003f54:	bd10      	pop	{r4, pc}
	...

10003f58 <stdio_out_chars_crlf>:
10003f58:	b5f8      	push	{r3, r4, r5, r6, r7, lr}
10003f5a:	0007      	movs	r7, r0
10003f5c:	000d      	movs	r5, r1
10003f5e:	0016      	movs	r6, r2
10003f60:	7d43      	ldrb	r3, [r0, #21]
10003f62:	2b00      	cmp	r3, #0
10003f64:	d002      	beq.n	10003f6c <stdio_out_chars_crlf+0x14>
10003f66:	2400      	movs	r4, #0
10003f68:	2000      	movs	r0, #0
10003f6a:	e00c      	b.n	10003f86 <stdio_out_chars_crlf+0x2e>
10003f6c:	6803      	ldr	r3, [r0, #0]
10003f6e:	0011      	movs	r1, r2
10003f70:	0028      	movs	r0, r5
10003f72:	4798      	blx	r3
10003f74:	e02b      	b.n	10003fce <stdio_out_chars_crlf+0x76>
10003f76:	7d3b      	ldrb	r3, [r7, #20]
10003f78:	e00f      	b.n	10003f9a <stdio_out_chars_crlf+0x42>
10003f7a:	683b      	ldr	r3, [r7, #0]
10003f7c:	4814      	ldr	r0, [pc, #80]	@ (10003fd0 <stdio_out_chars_crlf+0x78>)
10003f7e:	2102      	movs	r1, #2
10003f80:	4798      	blx	r3
10003f82:	1c60      	adds	r0, r4, #1
10003f84:	3401      	adds	r4, #1
10003f86:	42b4      	cmp	r4, r6
10003f88:	da13      	bge.n	10003fb2 <stdio_out_chars_crlf+0x5a>
10003f8a:	2c00      	cmp	r4, #0
10003f8c:	ddf3      	ble.n	10003f76 <stdio_out_chars_crlf+0x1e>
10003f8e:	1e63      	subs	r3, r4, #1
10003f90:	5ceb      	ldrb	r3, [r5, r3]
10003f92:	3b0d      	subs	r3, #13
10003f94:	425a      	negs	r2, r3
10003f96:	4153      	adcs	r3, r2
10003f98:	b2db      	uxtb	r3, r3
10003f9a:	5d2a      	ldrb	r2, [r5, r4]
10003f9c:	2a0a      	cmp	r2, #10
10003f9e:	d1f1      	bne.n	10003f84 <stdio_out_chars_crlf+0x2c>
10003fa0:	2b00      	cmp	r3, #0
10003fa2:	d1ef      	bne.n	10003f84 <stdio_out_chars_crlf+0x2c>
10003fa4:	42a0      	cmp	r0, r4
10003fa6:	dae8      	bge.n	10003f7a <stdio_out_chars_crlf+0x22>
10003fa8:	683b      	ldr	r3, [r7, #0]
10003faa:	1a21      	subs	r1, r4, r0
10003fac:	1828      	adds	r0, r5, r0
10003fae:	4798      	blx	r3
10003fb0:	e7e3      	b.n	10003f7a <stdio_out_chars_crlf+0x22>
10003fb2:	42b0      	cmp	r0, r6
10003fb4:	da03      	bge.n	10003fbe <stdio_out_chars_crlf+0x66>
10003fb6:	683b      	ldr	r3, [r7, #0]
10003fb8:	1a31      	subs	r1, r6, r0
10003fba:	1828      	adds	r0, r5, r0
10003fbc:	4798      	blx	r3
10003fbe:	2e00      	cmp	r6, #0
10003fc0:	dd05      	ble.n	10003fce <stdio_out_chars_crlf+0x76>
10003fc2:	3e01      	subs	r6, #1
10003fc4:	5dab      	ldrb	r3, [r5, r6]
10003fc6:	3b0d      	subs	r3, #13
10003fc8:	425a      	negs	r2, r3
10003fca:	4153      	adcs	r3, r2
10003fcc:	753b      	strb	r3, [r7, #20]
10003fce:	bdf8      	pop	{r3, r4, r5, r6, r7, pc}
10003fd0:	10008a60 	.word	0x10008a60

10003fd4 <stdio_stack_buffer_flush>:
10003fd4:	b570      	push	{r4, r5, r6, lr}
10003fd6:	0005      	movs	r5, r0
10003fd8:	6803      	ldr	r3, [r0, #0]
10003fda:	2b00      	cmp	r3, #0
10003fdc:	d016      	beq.n	1000400c <stdio_stack_buffer_flush+0x38>
10003fde:	4b0c      	ldr	r3, [pc, #48]	@ (10004010 <stdio_stack_buffer_flush+0x3c>)
10003fe0:	681c      	ldr	r4, [r3, #0]
10003fe2:	e005      	b.n	10003ff0 <stdio_stack_buffer_flush+0x1c>
10003fe4:	0029      	movs	r1, r5
10003fe6:	c904      	ldmia	r1!, {r2}
10003fe8:	0020      	movs	r0, r4
10003fea:	f7ff ffb5 	bl	10003f58 <stdio_out_chars_crlf>
10003fee:	6924      	ldr	r4, [r4, #16]
10003ff0:	2c00      	cmp	r4, #0
10003ff2:	d009      	beq.n	10004008 <stdio_stack_buffer_flush+0x34>
10003ff4:	6823      	ldr	r3, [r4, #0]
10003ff6:	2b00      	cmp	r3, #0
10003ff8:	d0f9      	beq.n	10003fee <stdio_stack_buffer_flush+0x1a>
10003ffa:	4b06      	ldr	r3, [pc, #24]	@ (10004014 <stdio_stack_buffer_flush+0x40>)
10003ffc:	681b      	ldr	r3, [r3, #0]
10003ffe:	2b00      	cmp	r3, #0
10004000:	d0f0      	beq.n	10003fe4 <stdio_stack_buffer_flush+0x10>
10004002:	42a3      	cmp	r3, r4
10004004:	d1f3      	bne.n	10003fee <stdio_stack_buffer_flush+0x1a>
10004006:	e7ed      	b.n	10003fe4 <stdio_stack_buffer_flush+0x10>
10004008:	2300      	movs	r3, #0
1000400a:	602b      	str	r3, [r5, #0]
1000400c:	bd70      	pop	{r4, r5, r6, pc}
1000400e:	46c0      	nop			@ (mov r8, r8)
10004010:	20001498 	.word	0x20001498
10004014:	200014a0 	.word	0x200014a0

10004018 <stdio_buffered_printer>:
10004018:	b510      	push	{r4, lr}
1000401a:	680b      	ldr	r3, [r1, #0]
1000401c:	1c5a      	adds	r2, r3, #1
1000401e:	600a      	str	r2, [r1, #0]
10004020:	18cb      	adds	r3, r1, r3
10004022:	7118      	strb	r0, [r3, #4]
10004024:	2a80      	cmp	r2, #128	@ 0x80
10004026:	d000      	beq.n	1000402a <stdio_buffered_printer+0x12>
10004028:	bd10      	pop	{r4, pc}
1000402a:	0008      	movs	r0, r1
1000402c:	f7ff ffd2 	bl	10003fd4 <stdio_stack_buffer_flush>
10004030:	e7fa      	b.n	10004028 <stdio_buffered_printer+0x10>
	...

10004034 <stdout_serialize_begin>:
10004034:	b510      	push	{r4, lr}
10004036:	f7fd fb7b 	bl	10001730 <time_us_64>
1000403a:	4a07      	ldr	r2, [pc, #28]	@ (10004058 <stdout_serialize_begin+0x24>)
1000403c:	2300      	movs	r3, #0
1000403e:	1812      	adds	r2, r2, r0
10004040:	414b      	adcs	r3, r1
10004042:	2b00      	cmp	r3, #0
10004044:	db03      	blt.n	1000404e <stdout_serialize_begin+0x1a>
10004046:	4805      	ldr	r0, [pc, #20]	@ (1000405c <stdout_serialize_begin+0x28>)
10004048:	f003 fb8e 	bl	10007768 <__mutex_try_enter_block_until_veneer>
1000404c:	bd10      	pop	{r4, pc}
1000404e:	2201      	movs	r2, #1
10004050:	4252      	negs	r2, r2
10004052:	4b03      	ldr	r3, [pc, #12]	@ (10004060 <stdout_serialize_begin+0x2c>)
10004054:	e7f7      	b.n	10004046 <stdout_serialize_begin+0x12>
10004056:	46c0      	nop			@ (mov r8, r8)
10004058:	000f4240 	.word	0x000f4240
1000405c:	20000cd0 	.word	0x20000cd0
10004060:	7fffffff 	.word	0x7fffffff

10004064 <stdout_serialize_end>:
10004064:	b510      	push	{r4, lr}
10004066:	4802      	ldr	r0, [pc, #8]	@ (10004070 <stdout_serialize_end+0xc>)
10004068:	f003 fb6e 	bl	10007748 <__mutex_exit_veneer>
1000406c:	bd10      	pop	{r4, pc}
1000406e:	46c0      	nop			@ (mov r8, r8)
10004070:	20000cd0 	.word	0x20000cd0

10004074 <stdio_put_string>:
10004074:	b5f0      	push	{r4, r5, r6, r7, lr}
10004076:	46ce      	mov	lr, r9
10004078:	4647      	mov	r7, r8
1000407a:	b580      	push	{r7, lr}
1000407c:	b083      	sub	sp, #12
1000407e:	4680      	mov	r8, r0
10004080:	000d      	movs	r5, r1
10004082:	0016      	movs	r6, r2
10004084:	001c      	movs	r4, r3
10004086:	f7ff ffd5 	bl	10004034 <stdout_serialize_begin>
1000408a:	4681      	mov	r9, r0
1000408c:	1c6b      	adds	r3, r5, #1
1000408e:	d005      	beq.n	1000409c <stdio_put_string+0x28>
10004090:	2c00      	cmp	r4, #0
10004092:	d008      	beq.n	100040a6 <stdio_put_string+0x32>
10004094:	4f18      	ldr	r7, [pc, #96]	@ (100040f8 <stdio_put_string+0x84>)
10004096:	4b19      	ldr	r3, [pc, #100]	@ (100040fc <stdio_put_string+0x88>)
10004098:	681c      	ldr	r4, [r3, #0]
1000409a:	e007      	b.n	100040ac <stdio_put_string+0x38>
1000409c:	4640      	mov	r0, r8
1000409e:	f003 fb21 	bl	100076e4 <strlen>
100040a2:	0005      	movs	r5, r0
100040a4:	e7f4      	b.n	10004090 <stdio_put_string+0x1c>
100040a6:	4f16      	ldr	r7, [pc, #88]	@ (10004100 <stdio_put_string+0x8c>)
100040a8:	e7f5      	b.n	10004096 <stdio_put_string+0x22>
100040aa:	6924      	ldr	r4, [r4, #16]
100040ac:	2c00      	cmp	r4, #0
100040ae:	d016      	beq.n	100040de <stdio_put_string+0x6a>
100040b0:	6823      	ldr	r3, [r4, #0]
100040b2:	2b00      	cmp	r3, #0
100040b4:	d0f9      	beq.n	100040aa <stdio_put_string+0x36>
100040b6:	4b13      	ldr	r3, [pc, #76]	@ (10004104 <stdio_put_string+0x90>)
100040b8:	681b      	ldr	r3, [r3, #0]
100040ba:	2b00      	cmp	r3, #0
100040bc:	d001      	beq.n	100040c2 <stdio_put_string+0x4e>
100040be:	42a3      	cmp	r3, r4
100040c0:	d1f3      	bne.n	100040aa <stdio_put_string+0x36>
100040c2:	002a      	movs	r2, r5
100040c4:	4641      	mov	r1, r8
100040c6:	0020      	movs	r0, r4
100040c8:	47b8      	blx	r7
100040ca:	2e00      	cmp	r6, #0
100040cc:	d0ed      	beq.n	100040aa <stdio_put_string+0x36>
100040ce:	466b      	mov	r3, sp
100040d0:	1dd9      	adds	r1, r3, #7
100040d2:	230a      	movs	r3, #10
100040d4:	700b      	strb	r3, [r1, #0]
100040d6:	2201      	movs	r2, #1
100040d8:	0020      	movs	r0, r4
100040da:	47b8      	blx	r7
100040dc:	e7e5      	b.n	100040aa <stdio_put_string+0x36>
100040de:	464b      	mov	r3, r9
100040e0:	2b00      	cmp	r3, #0
100040e2:	d105      	bne.n	100040f0 <stdio_put_string+0x7c>
100040e4:	0028      	movs	r0, r5
100040e6:	b003      	add	sp, #12
100040e8:	bcc0      	pop	{r6, r7}
100040ea:	46b9      	mov	r9, r7
100040ec:	46b0      	mov	r8, r6
100040ee:	bdf0      	pop	{r4, r5, r6, r7, pc}
100040f0:	f7ff ffb8 	bl	10004064 <stdout_serialize_end>
100040f4:	e7f6      	b.n	100040e4 <stdio_put_string+0x70>
100040f6:	46c0      	nop			@ (mov r8, r8)
100040f8:	10003f59 	.word	0x10003f59
100040fc:	20001498 	.word	0x20001498
10004100:	10003f49 	.word	0x10003f49
10004104:	200014a0 	.word	0x200014a0

10004108 <stdio_set_driver_enabled>:
10004108:	4a0a      	ldr	r2, [pc, #40]	@ (10004134 <stdio_set_driver_enabled+0x2c>)
1000410a:	6813      	ldr	r3, [r2, #0]
1000410c:	e002      	b.n	10004114 <stdio_set_driver_enabled+0xc>
1000410e:	001a      	movs	r2, r3
10004110:	3210      	adds	r2, #16
10004112:	691b      	ldr	r3, [r3, #16]
10004114:	2b00      	cmp	r3, #0
10004116:	d009      	beq.n	1000412c <stdio_set_driver_enabled+0x24>
10004118:	6813      	ldr	r3, [r2, #0]
1000411a:	4283      	cmp	r3, r0
1000411c:	d1f7      	bne.n	1000410e <stdio_set_driver_enabled+0x6>
1000411e:	2900      	cmp	r1, #0
10004120:	d107      	bne.n	10004132 <stdio_set_driver_enabled+0x2a>
10004122:	6903      	ldr	r3, [r0, #16]
10004124:	6013      	str	r3, [r2, #0]
10004126:	2300      	movs	r3, #0
10004128:	6103      	str	r3, [r0, #16]
1000412a:	e002      	b.n	10004132 <stdio_set_driver_enabled+0x2a>
1000412c:	2900      	cmp	r1, #0
1000412e:	d000      	beq.n	10004132 <stdio_set_driver_enabled+0x2a>
10004130:	6010      	str	r0, [r2, #0]
10004132:	4770      	bx	lr
10004134:	20001498 	.word	0x20001498

10004138 <stdio_flush>:
10004138:	b510      	push	{r4, lr}
1000413a:	4b06      	ldr	r3, [pc, #24]	@ (10004154 <stdio_flush+0x1c>)
1000413c:	681c      	ldr	r4, [r3, #0]
1000413e:	e000      	b.n	10004142 <stdio_flush+0xa>
10004140:	6924      	ldr	r4, [r4, #16]
10004142:	2c00      	cmp	r4, #0
10004144:	d004      	beq.n	10004150 <stdio_flush+0x18>
10004146:	6863      	ldr	r3, [r4, #4]
10004148:	2b00      	cmp	r3, #0
1000414a:	d0f9      	beq.n	10004140 <stdio_flush+0x8>
1000414c:	4798      	blx	r3
1000414e:	e7f7      	b.n	10004140 <stdio_flush+0x8>
10004150:	bd10      	pop	{r4, pc}
10004152:	46c0      	nop			@ (mov r8, r8)
10004154:	20001498 	.word	0x20001498

10004158 <stdio_init_all>:
10004158:	b510      	push	{r4, lr}
1000415a:	f000 f955 	bl	10004408 <stdio_uart_init>
1000415e:	f000 fa6b 	bl	10004638 <stdio_usb_init>
10004162:	2001      	movs	r0, #1
10004164:	bd10      	pop	{r4, pc}

10004166 <__wrap_putchar>:
10004166:	b510      	push	{r4, lr}
10004168:	b082      	sub	sp, #8
1000416a:	0004      	movs	r4, r0
1000416c:	466b      	mov	r3, sp
1000416e:	1dd8      	adds	r0, r3, #7
10004170:	7004      	strb	r4, [r0, #0]
10004172:	2301      	movs	r3, #1
10004174:	2200      	movs	r2, #0
10004176:	2101      	movs	r1, #1
10004178:	f7ff ff7c 	bl	10004074 <stdio_put_string>
1000417c:	0020      	movs	r0, r4
1000417e:	b002      	add	sp, #8
10004180:	bd10      	pop	{r4, pc}

10004182 <__wrap_puts>:
10004182:	b570      	push	{r4, r5, r6, lr}
10004184:	0005      	movs	r5, r0
10004186:	f003 faad 	bl	100076e4 <strlen>
1000418a:	0004      	movs	r4, r0
1000418c:	2301      	movs	r3, #1
1000418e:	2201      	movs	r2, #1
10004190:	0001      	movs	r1, r0
10004192:	0028      	movs	r0, r5
10004194:	f7ff ff6e 	bl	10004074 <stdio_put_string>
10004198:	f7ff ffce 	bl	10004138 <stdio_flush>
1000419c:	0020      	movs	r0, r4
1000419e:	bd70      	pop	{r4, r5, r6, pc}

100041a0 <__wrap_vprintf>:
100041a0:	b5f0      	push	{r4, r5, r6, r7, lr}
100041a2:	b0a3      	sub	sp, #140	@ 0x8c
100041a4:	0007      	movs	r7, r0
100041a6:	000e      	movs	r6, r1
100041a8:	f7ff ff44 	bl	10004034 <stdout_serialize_begin>
100041ac:	0005      	movs	r5, r0
100041ae:	ac01      	add	r4, sp, #4
100041b0:	2300      	movs	r3, #0
100041b2:	9301      	str	r3, [sp, #4]
100041b4:	4809      	ldr	r0, [pc, #36]	@ (100041dc <__wrap_vprintf+0x3c>)
100041b6:	0033      	movs	r3, r6
100041b8:	003a      	movs	r2, r7
100041ba:	0021      	movs	r1, r4
100041bc:	f7ff fe7a 	bl	10003eb4 <vfctprintf>
100041c0:	0006      	movs	r6, r0
100041c2:	0020      	movs	r0, r4
100041c4:	f7ff ff06 	bl	10003fd4 <stdio_stack_buffer_flush>
100041c8:	f7ff ffb6 	bl	10004138 <stdio_flush>
100041cc:	2d00      	cmp	r5, #0
100041ce:	d102      	bne.n	100041d6 <__wrap_vprintf+0x36>
100041d0:	0030      	movs	r0, r6
100041d2:	b023      	add	sp, #140	@ 0x8c
100041d4:	bdf0      	pop	{r4, r5, r6, r7, pc}
100041d6:	f7ff ff45 	bl	10004064 <stdout_serialize_end>
100041da:	e7f9      	b.n	100041d0 <__wrap_vprintf+0x30>
100041dc:	10004019 	.word	0x10004019

100041e0 <__wrap_printf>:
100041e0:	b40f      	push	{r0, r1, r2, r3}
100041e2:	b500      	push	{lr}
100041e4:	b083      	sub	sp, #12
100041e6:	a904      	add	r1, sp, #16
100041e8:	c901      	ldmia	r1!, {r0}
100041ea:	9101      	str	r1, [sp, #4]
100041ec:	f7ff ffd8 	bl	100041a0 <__wrap_vprintf>
100041f0:	b003      	add	sp, #12
100041f2:	bc08      	pop	{r3}
100041f4:	b004      	add	sp, #16
100041f6:	4718      	bx	r3

100041f8 <uart_putc>:
100041f8:	b082      	sub	sp, #8
100041fa:	468c      	mov	ip, r1
100041fc:	4b14      	ldr	r3, [pc, #80]	@ (10004250 <uart_putc+0x58>)
100041fe:	18c3      	adds	r3, r0, r3
10004200:	425a      	negs	r2, r3
10004202:	4153      	adcs	r3, r2
10004204:	4a13      	ldr	r2, [pc, #76]	@ (10004254 <uart_putc+0x5c>)
10004206:	005b      	lsls	r3, r3, #1
10004208:	5e9b      	ldrsh	r3, [r3, r2]
1000420a:	428b      	cmp	r3, r1
1000420c:	d005      	beq.n	1000421a <uart_putc+0x22>
1000420e:	466b      	mov	r3, sp
10004210:	1dda      	adds	r2, r3, #7
10004212:	4663      	mov	r3, ip
10004214:	7013      	strb	r3, [r2, #0]
10004216:	2100      	movs	r1, #0
10004218:	e015      	b.n	10004246 <uart_putc+0x4e>
1000421a:	466b      	mov	r3, sp
1000421c:	1dda      	adds	r2, r3, #7
1000421e:	230d      	movs	r3, #13
10004220:	7013      	strb	r3, [r2, #0]
10004222:	2100      	movs	r1, #0
10004224:	2900      	cmp	r1, #0
10004226:	d1f2      	bne.n	1000420e <uart_putc+0x16>
10004228:	6983      	ldr	r3, [r0, #24]
1000422a:	069b      	lsls	r3, r3, #26
1000422c:	d4fc      	bmi.n	10004228 <uart_putc+0x30>
1000422e:	7813      	ldrb	r3, [r2, #0]
10004230:	6003      	str	r3, [r0, #0]
10004232:	3101      	adds	r1, #1
10004234:	3201      	adds	r2, #1
10004236:	e7f5      	b.n	10004224 <uart_putc+0x2c>
10004238:	6983      	ldr	r3, [r0, #24]
1000423a:	069b      	lsls	r3, r3, #26
1000423c:	d4fc      	bmi.n	10004238 <uart_putc+0x40>
1000423e:	7813      	ldrb	r3, [r2, #0]
10004240:	6003      	str	r3, [r0, #0]
10004242:	3101      	adds	r1, #1
10004244:	3201      	adds	r2, #1
10004246:	2900      	cmp	r1, #0
10004248:	d0f6      	beq.n	10004238 <uart_putc+0x40>
1000424a:	b002      	add	sp, #8
1000424c:	4770      	bx	lr
1000424e:	46c0      	nop			@ (mov r8, r8)
10004250:	bffc8000 	.word	0xbffc8000
10004254:	20001adc 	.word	0x20001adc

10004258 <uart_getc>:
10004258:	b082      	sub	sp, #8
1000425a:	2200      	movs	r2, #0
1000425c:	466b      	mov	r3, sp
1000425e:	1dd9      	adds	r1, r3, #7
10004260:	e006      	b.n	10004270 <uart_getc+0x18>
10004262:	6983      	ldr	r3, [r0, #24]
10004264:	06db      	lsls	r3, r3, #27
10004266:	d4fc      	bmi.n	10004262 <uart_getc+0xa>
10004268:	6803      	ldr	r3, [r0, #0]
1000426a:	700b      	strb	r3, [r1, #0]
1000426c:	3201      	adds	r2, #1
1000426e:	3101      	adds	r1, #1
10004270:	2a00      	cmp	r2, #0
10004272:	d0f6      	beq.n	10004262 <uart_getc+0xa>
10004274:	466b      	mov	r3, sp
10004276:	79d8      	ldrb	r0, [r3, #7]
10004278:	b002      	add	sp, #8
1000427a:	4770      	bx	lr

1000427c <stdio_uart_out_chars>:
1000427c:	b570      	push	{r4, r5, r6, lr}
1000427e:	0006      	movs	r6, r0
10004280:	000d      	movs	r5, r1
10004282:	2400      	movs	r4, #0
10004284:	e005      	b.n	10004292 <stdio_uart_out_chars+0x16>
10004286:	5d31      	ldrb	r1, [r6, r4]
10004288:	4b03      	ldr	r3, [pc, #12]	@ (10004298 <stdio_uart_out_chars+0x1c>)
1000428a:	6818      	ldr	r0, [r3, #0]
1000428c:	f7ff ffb4 	bl	100041f8 <uart_putc>
10004290:	3401      	adds	r4, #1
10004292:	42ac      	cmp	r4, r5
10004294:	dbf7      	blt.n	10004286 <stdio_uart_out_chars+0xa>
10004296:	bd70      	pop	{r4, r5, r6, pc}
10004298:	20001ae0 	.word	0x20001ae0

1000429c <stdio_uart_in_chars>:
1000429c:	b5f8      	push	{r3, r4, r5, r6, r7, lr}
1000429e:	0006      	movs	r6, r0
100042a0:	000d      	movs	r5, r1
100042a2:	2700      	movs	r7, #0
100042a4:	e005      	b.n	100042b2 <stdio_uart_in_chars+0x16>
100042a6:	1c7c      	adds	r4, r7, #1
100042a8:	19f7      	adds	r7, r6, r7
100042aa:	f7ff ffd5 	bl	10004258 <uart_getc>
100042ae:	7038      	strb	r0, [r7, #0]
100042b0:	0027      	movs	r7, r4
100042b2:	42af      	cmp	r7, r5
100042b4:	da04      	bge.n	100042c0 <stdio_uart_in_chars+0x24>
100042b6:	4a0d      	ldr	r2, [pc, #52]	@ (100042ec <stdio_uart_in_chars+0x50>)
100042b8:	6810      	ldr	r0, [r2, #0]
100042ba:	6982      	ldr	r2, [r0, #24]
100042bc:	06d2      	lsls	r2, r2, #27
100042be:	d5f2      	bpl.n	100042a6 <stdio_uart_in_chars+0xa>
100042c0:	4a0b      	ldr	r2, [pc, #44]	@ (100042f0 <stdio_uart_in_chars+0x54>)
100042c2:	6812      	ldr	r2, [r2, #0]
100042c4:	2a00      	cmp	r2, #0
100042c6:	d00a      	beq.n	100042de <stdio_uart_in_chars+0x42>
100042c8:	4a08      	ldr	r2, [pc, #32]	@ (100042ec <stdio_uart_in_chars+0x50>)
100042ca:	6812      	ldr	r2, [r2, #0]
100042cc:	2150      	movs	r1, #80	@ 0x50
100042ce:	6391      	str	r1, [r2, #56]	@ 0x38
100042d0:	6b50      	ldr	r0, [r2, #52]	@ 0x34
100042d2:	3918      	subs	r1, #24
100042d4:	4001      	ands	r1, r0
100042d6:	4b07      	ldr	r3, [pc, #28]	@ (100042f4 <stdio_uart_in_chars+0x58>)
100042d8:	469c      	mov	ip, r3
100042da:	4462      	add	r2, ip
100042dc:	6011      	str	r1, [r2, #0]
100042de:	2f00      	cmp	r7, #0
100042e0:	d001      	beq.n	100042e6 <stdio_uart_in_chars+0x4a>
100042e2:	0038      	movs	r0, r7
100042e4:	bdf8      	pop	{r3, r4, r5, r6, r7, pc}
100042e6:	3f03      	subs	r7, #3
100042e8:	e7fb      	b.n	100042e2 <stdio_uart_in_chars+0x46>
100042ea:	46c0      	nop			@ (mov r8, r8)
100042ec:	20001ae0 	.word	0x20001ae0
100042f0:	20001430 	.word	0x20001430
100042f4:	00001034 	.word	0x00001034

100042f8 <on_uart_rx>:
100042f8:	b510      	push	{r4, lr}
100042fa:	4b06      	ldr	r3, [pc, #24]	@ (10004314 <on_uart_rx+0x1c>)
100042fc:	681b      	ldr	r3, [r3, #0]
100042fe:	2b00      	cmp	r3, #0
10004300:	d006      	beq.n	10004310 <on_uart_rx+0x18>
10004302:	4a05      	ldr	r2, [pc, #20]	@ (10004318 <on_uart_rx+0x20>)
10004304:	6812      	ldr	r2, [r2, #0]
10004306:	2100      	movs	r1, #0
10004308:	6391      	str	r1, [r2, #56]	@ 0x38
1000430a:	4a04      	ldr	r2, [pc, #16]	@ (1000431c <on_uart_rx+0x24>)
1000430c:	6810      	ldr	r0, [r2, #0]
1000430e:	4798      	blx	r3
10004310:	bd10      	pop	{r4, pc}
10004312:	46c0      	nop			@ (mov r8, r8)
10004314:	20001430 	.word	0x20001430
10004318:	20001ae0 	.word	0x20001ae0
1000431c:	20001438 	.word	0x20001438

10004320 <stdio_uart_out_flush>:
10004320:	4b02      	ldr	r3, [pc, #8]	@ (1000432c <stdio_uart_out_flush+0xc>)
10004322:	681a      	ldr	r2, [r3, #0]
10004324:	6993      	ldr	r3, [r2, #24]
10004326:	071b      	lsls	r3, r3, #28
10004328:	d4fc      	bmi.n	10004324 <stdio_uart_out_flush+0x4>
1000432a:	4770      	bx	lr
1000432c:	20001ae0 	.word	0x20001ae0

10004330 <stdio_uart_set_chars_available_callback>:
10004330:	b570      	push	{r4, r5, r6, lr}
10004332:	4b1e      	ldr	r3, [pc, #120]	@ (100043ac <stdio_uart_set_chars_available_callback+0x7c>)
10004334:	681b      	ldr	r3, [r3, #0]
10004336:	4a1e      	ldr	r2, [pc, #120]	@ (100043b0 <stdio_uart_set_chars_available_callback+0x80>)
10004338:	4293      	cmp	r3, r2
1000433a:	d008      	beq.n	1000434e <stdio_uart_set_chars_available_callback+0x1e>
1000433c:	2214      	movs	r2, #20
1000433e:	0015      	movs	r5, r2
10004340:	2800      	cmp	r0, #0
10004342:	d01f      	beq.n	10004384 <stdio_uart_set_chars_available_callback+0x54>
10004344:	4b1b      	ldr	r3, [pc, #108]	@ (100043b4 <stdio_uart_set_chars_available_callback+0x84>)
10004346:	681b      	ldr	r3, [r3, #0]
10004348:	2b00      	cmp	r3, #0
1000434a:	d003      	beq.n	10004354 <stdio_uart_set_chars_available_callback+0x24>
1000434c:	bd70      	pop	{r4, r5, r6, pc}
1000434e:	2215      	movs	r2, #21
10004350:	0015      	movs	r5, r2
10004352:	e7f5      	b.n	10004340 <stdio_uart_set_chars_available_callback+0x10>
10004354:	4b17      	ldr	r3, [pc, #92]	@ (100043b4 <stdio_uart_set_chars_available_callback+0x84>)
10004356:	6018      	str	r0, [r3, #0]
10004358:	4b17      	ldr	r3, [pc, #92]	@ (100043b8 <stdio_uart_set_chars_available_callback+0x88>)
1000435a:	6019      	str	r1, [r3, #0]
1000435c:	4917      	ldr	r1, [pc, #92]	@ (100043bc <stdio_uart_set_chars_available_callback+0x8c>)
1000435e:	0028      	movs	r0, r5
10004360:	f7fc facc 	bl	100008fc <irq_set_exclusive_handler>
10004364:	2101      	movs	r1, #1
10004366:	0028      	movs	r0, r5
10004368:	f7fc fa9e 	bl	100008a8 <irq_set_enabled>
1000436c:	4b0f      	ldr	r3, [pc, #60]	@ (100043ac <stdio_uart_set_chars_available_callback+0x7c>)
1000436e:	681b      	ldr	r3, [r3, #0]
10004370:	2250      	movs	r2, #80	@ 0x50
10004372:	639a      	str	r2, [r3, #56]	@ 0x38
10004374:	6b59      	ldr	r1, [r3, #52]	@ 0x34
10004376:	3a18      	subs	r2, #24
10004378:	400a      	ands	r2, r1
1000437a:	4911      	ldr	r1, [pc, #68]	@ (100043c0 <stdio_uart_set_chars_available_callback+0x90>)
1000437c:	468c      	mov	ip, r1
1000437e:	4463      	add	r3, ip
10004380:	601a      	str	r2, [r3, #0]
10004382:	e7e3      	b.n	1000434c <stdio_uart_set_chars_available_callback+0x1c>
10004384:	4a0b      	ldr	r2, [pc, #44]	@ (100043b4 <stdio_uart_set_chars_available_callback+0x84>)
10004386:	6812      	ldr	r2, [r2, #0]
10004388:	2a00      	cmp	r2, #0
1000438a:	d0df      	beq.n	1000434c <stdio_uart_set_chars_available_callback+0x1c>
1000438c:	2400      	movs	r4, #0
1000438e:	639c      	str	r4, [r3, #56]	@ 0x38
10004390:	2100      	movs	r1, #0
10004392:	0028      	movs	r0, r5
10004394:	f7fc fa88 	bl	100008a8 <irq_set_enabled>
10004398:	4908      	ldr	r1, [pc, #32]	@ (100043bc <stdio_uart_set_chars_available_callback+0x8c>)
1000439a:	0028      	movs	r0, r5
1000439c:	f7fc fbe6 	bl	10000b6c <irq_remove_handler>
100043a0:	4b04      	ldr	r3, [pc, #16]	@ (100043b4 <stdio_uart_set_chars_available_callback+0x84>)
100043a2:	601c      	str	r4, [r3, #0]
100043a4:	4b04      	ldr	r3, [pc, #16]	@ (100043b8 <stdio_uart_set_chars_available_callback+0x88>)
100043a6:	601c      	str	r4, [r3, #0]
100043a8:	e7d0      	b.n	1000434c <stdio_uart_set_chars_available_callback+0x1c>
100043aa:	46c0      	nop			@ (mov r8, r8)
100043ac:	20001ae0 	.word	0x20001ae0
100043b0:	40038000 	.word	0x40038000
100043b4:	20001430 	.word	0x20001430
100043b8:	20001438 	.word	0x20001438
100043bc:	100042f9 	.word	0x100042f9
100043c0:	00001034 	.word	0x00001034

100043c4 <stdio_uart_init_full>:
100043c4:	b570      	push	{r4, r5, r6, lr}
100043c6:	000c      	movs	r4, r1
100043c8:	001d      	movs	r5, r3
100043ca:	4b0d      	ldr	r3, [pc, #52]	@ (10004400 <stdio_uart_init_full+0x3c>)
100043cc:	6018      	str	r0, [r3, #0]
100043ce:	2a00      	cmp	r2, #0
100043d0:	da0b      	bge.n	100043ea <stdio_uart_init_full+0x26>
100043d2:	2d00      	cmp	r5, #0
100043d4:	da0e      	bge.n	100043f4 <stdio_uart_init_full+0x30>
100043d6:	4b0a      	ldr	r3, [pc, #40]	@ (10004400 <stdio_uart_init_full+0x3c>)
100043d8:	6818      	ldr	r0, [r3, #0]
100043da:	0021      	movs	r1, r4
100043dc:	f7fd fa54 	bl	10001888 <uart_init>
100043e0:	4808      	ldr	r0, [pc, #32]	@ (10004404 <stdio_uart_init_full+0x40>)
100043e2:	2101      	movs	r1, #1
100043e4:	f7ff fe90 	bl	10004108 <stdio_set_driver_enabled>
100043e8:	bd70      	pop	{r4, r5, r6, pc}
100043ea:	2102      	movs	r1, #2
100043ec:	0010      	movs	r0, r2
100043ee:	f7fc f8b5 	bl	1000055c <gpio_set_function>
100043f2:	e7ee      	b.n	100043d2 <stdio_uart_init_full+0xe>
100043f4:	2102      	movs	r1, #2
100043f6:	0028      	movs	r0, r5
100043f8:	f7fc f8b0 	bl	1000055c <gpio_set_function>
100043fc:	e7eb      	b.n	100043d6 <stdio_uart_init_full+0x12>
100043fe:	46c0      	nop			@ (mov r8, r8)
10004400:	20001ae0 	.word	0x20001ae0
10004404:	20000c70 	.word	0x20000c70

10004408 <stdio_uart_init>:
10004408:	b510      	push	{r4, lr}
1000440a:	4b07      	ldr	r3, [pc, #28]	@ (10004428 <stdio_uart_init+0x20>)
1000440c:	781b      	ldrb	r3, [r3, #0]
1000440e:	4b07      	ldr	r3, [pc, #28]	@ (1000442c <stdio_uart_init+0x24>)
10004410:	781b      	ldrb	r3, [r3, #0]
10004412:	4b07      	ldr	r3, [pc, #28]	@ (10004430 <stdio_uart_init+0x28>)
10004414:	781b      	ldrb	r3, [r3, #0]
10004416:	21e1      	movs	r1, #225	@ 0xe1
10004418:	2301      	movs	r3, #1
1000441a:	2200      	movs	r2, #0
1000441c:	0249      	lsls	r1, r1, #9
1000441e:	4805      	ldr	r0, [pc, #20]	@ (10004434 <stdio_uart_init+0x2c>)
10004420:	f7ff ffd0 	bl	100043c4 <stdio_uart_init_full>
10004424:	bd10      	pop	{r4, pc}
10004426:	46c0      	nop			@ (mov r8, r8)
10004428:	10008ea4 	.word	0x10008ea4
1000442c:	10008ea0 	.word	0x10008ea0
10004430:	10008e9c 	.word	0x10008e9c
10004434:	40034000 	.word	0x40034000

10004438 <stdio_usb_set_chars_available_callback>:
10004438:	4b02      	ldr	r3, [pc, #8]	@ (10004444 <stdio_usb_set_chars_available_callback+0xc>)
1000443a:	6018      	str	r0, [r3, #0]
1000443c:	4b02      	ldr	r3, [pc, #8]	@ (10004448 <stdio_usb_set_chars_available_callback+0x10>)
1000443e:	6019      	str	r1, [r3, #0]
10004440:	4770      	bx	lr
10004442:	46c0      	nop			@ (mov r8, r8)
10004444:	20001434 	.word	0x20001434
10004448:	2000143c 	.word	0x2000143c

1000444c <stdio_usb_out_flush>:
1000444c:	b510      	push	{r4, lr}
1000444e:	f7fd f96f 	bl	10001730 <time_us_64>
10004452:	4a0e      	ldr	r2, [pc, #56]	@ (1000448c <stdio_usb_out_flush+0x40>)
10004454:	2300      	movs	r3, #0
10004456:	1812      	adds	r2, r2, r0
10004458:	414b      	adcs	r3, r1
1000445a:	2b00      	cmp	r3, #0
1000445c:	db12      	blt.n	10004484 <stdio_usb_out_flush+0x38>
1000445e:	480c      	ldr	r0, [pc, #48]	@ (10004490 <stdio_usb_out_flush+0x44>)
10004460:	f003 f982 	bl	10007768 <__mutex_try_enter_block_until_veneer>
10004464:	2800      	cmp	r0, #0
10004466:	d00c      	beq.n	10004482 <stdio_usb_out_flush+0x36>
10004468:	2001      	movs	r0, #1
1000446a:	2100      	movs	r1, #0
1000446c:	4240      	negs	r0, r0
1000446e:	f001 faad 	bl	100059cc <tud_task_ext>
10004472:	2000      	movs	r0, #0
10004474:	f001 fd5c 	bl	10005f30 <tud_cdc_n_write_flush>
10004478:	2800      	cmp	r0, #0
1000447a:	d1f5      	bne.n	10004468 <stdio_usb_out_flush+0x1c>
1000447c:	4804      	ldr	r0, [pc, #16]	@ (10004490 <stdio_usb_out_flush+0x44>)
1000447e:	f003 f963 	bl	10007748 <__mutex_exit_veneer>
10004482:	bd10      	pop	{r4, pc}
10004484:	2201      	movs	r2, #1
10004486:	4252      	negs	r2, r2
10004488:	4b02      	ldr	r3, [pc, #8]	@ (10004494 <stdio_usb_out_flush+0x48>)
1000448a:	e7e8      	b.n	1000445e <stdio_usb_out_flush+0x12>
1000448c:	000f4240 	.word	0x000f4240
10004490:	20001ad4 	.word	0x20001ad4
10004494:	7fffffff 	.word	0x7fffffff

10004498 <usb_irq>:
10004498:	b510      	push	{r4, lr}
1000449a:	4b02      	ldr	r3, [pc, #8]	@ (100044a4 <usb_irq+0xc>)
1000449c:	7818      	ldrb	r0, [r3, #0]
1000449e:	f7fc fa0d 	bl	100008bc <irq_set_pending>
100044a2:	bd10      	pop	{r4, pc}
100044a4:	20001afb 	.word	0x20001afb

100044a8 <timer_task>:
100044a8:	b570      	push	{r4, r5, r6, lr}
100044aa:	4b1a      	ldr	r3, [pc, #104]	@ (10004514 <timer_task+0x6c>)
100044ac:	681b      	ldr	r3, [r3, #0]
100044ae:	2b00      	cmp	r3, #0
100044b0:	d024      	beq.n	100044fc <timer_task+0x54>
100044b2:	f3ef 8210 	mrs	r2, PRIMASK
100044b6:	b672      	cpsid	i
100044b8:	0010      	movs	r0, r2
100044ba:	6819      	ldr	r1, [r3, #0]
100044bc:	2900      	cmp	r1, #0
100044be:	d0fc      	beq.n	100044ba <timer_task+0x12>
100044c0:	f3bf 8f5f 	dmb	sy
100044c4:	4913      	ldr	r1, [pc, #76]	@ (10004514 <timer_task+0x6c>)
100044c6:	604a      	str	r2, [r1, #4]
100044c8:	4b13      	ldr	r3, [pc, #76]	@ (10004518 <timer_task+0x70>)
100044ca:	2200      	movs	r2, #0
100044cc:	701a      	strb	r2, [r3, #0]
100044ce:	680b      	ldr	r3, [r1, #0]
100044d0:	f3bf 8f5f 	dmb	sy
100044d4:	601a      	str	r2, [r3, #0]
100044d6:	f380 8810 	msr	PRIMASK, r0
100044da:	2200      	movs	r2, #0
100044dc:	2300      	movs	r3, #0
100044de:	0014      	movs	r4, r2
100044e0:	001d      	movs	r5, r3
100044e2:	4b0e      	ldr	r3, [pc, #56]	@ (1000451c <timer_task+0x74>)
100044e4:	7818      	ldrb	r0, [r3, #0]
100044e6:	f7fc f9c5 	bl	10000874 <irq_is_enabled>
100044ea:	2800      	cmp	r0, #0
100044ec:	d10c      	bne.n	10004508 <timer_task+0x60>
100044ee:	2200      	movs	r2, #0
100044f0:	2300      	movs	r3, #0
100044f2:	0014      	movs	r4, r2
100044f4:	001d      	movs	r5, r3
100044f6:	0020      	movs	r0, r4
100044f8:	0029      	movs	r1, r5
100044fa:	bd70      	pop	{r4, r5, r6, pc}
100044fc:	22fa      	movs	r2, #250	@ 0xfa
100044fe:	0092      	lsls	r2, r2, #2
10004500:	2300      	movs	r3, #0
10004502:	0014      	movs	r4, r2
10004504:	001d      	movs	r5, r3
10004506:	e7ec      	b.n	100044e2 <timer_task+0x3a>
10004508:	4b04      	ldr	r3, [pc, #16]	@ (1000451c <timer_task+0x74>)
1000450a:	7818      	ldrb	r0, [r3, #0]
1000450c:	f7fc f9d6 	bl	100008bc <irq_set_pending>
10004510:	e7f1      	b.n	100044f6 <timer_task+0x4e>
10004512:	46c0      	nop			@ (mov r8, r8)
10004514:	200018b0 	.word	0x200018b0
10004518:	20001afc 	.word	0x20001afc
1000451c:	20001afb 	.word	0x20001afb

10004520 <alarm_pool_add_alarm_in_us>:
10004520:	b5f0      	push	{r4, r5, r6, r7, lr}
10004522:	b085      	sub	sp, #20
10004524:	0007      	movs	r7, r0
10004526:	0015      	movs	r5, r2
10004528:	001e      	movs	r6, r3
1000452a:	ab0c      	add	r3, sp, #48	@ 0x30
1000452c:	781c      	ldrb	r4, [r3, #0]
1000452e:	f7fd f8ff 	bl	10001730 <time_us_64>
10004532:	002a      	movs	r2, r5
10004534:	0033      	movs	r3, r6
10004536:	1812      	adds	r2, r2, r0
10004538:	414b      	adcs	r3, r1
1000453a:	2b00      	cmp	r3, #0
1000453c:	db09      	blt.n	10004552 <alarm_pool_add_alarm_in_us+0x32>
1000453e:	9402      	str	r4, [sp, #8]
10004540:	990b      	ldr	r1, [sp, #44]	@ 0x2c
10004542:	9101      	str	r1, [sp, #4]
10004544:	990a      	ldr	r1, [sp, #40]	@ 0x28
10004546:	9100      	str	r1, [sp, #0]
10004548:	0038      	movs	r0, r7
1000454a:	f7fc ff1b 	bl	10001384 <alarm_pool_add_alarm_at>
1000454e:	b005      	add	sp, #20
10004550:	bdf0      	pop	{r4, r5, r6, r7, pc}
10004552:	2201      	movs	r2, #1
10004554:	4252      	negs	r2, r2
10004556:	4b01      	ldr	r3, [pc, #4]	@ (1000455c <alarm_pool_add_alarm_in_us+0x3c>)
10004558:	e7f1      	b.n	1000453e <alarm_pool_add_alarm_in_us+0x1e>
1000455a:	46c0      	nop			@ (mov r8, r8)
1000455c:	7fffffff 	.word	0x7fffffff

10004560 <add_alarm_in_us>:
10004560:	b5f0      	push	{r4, r5, r6, r7, lr}
10004562:	46c6      	mov	lr, r8
10004564:	b500      	push	{lr}
10004566:	b084      	sub	sp, #16
10004568:	4680      	mov	r8, r0
1000456a:	000f      	movs	r7, r1
1000456c:	0016      	movs	r6, r2
1000456e:	001d      	movs	r5, r3
10004570:	ab0a      	add	r3, sp, #40	@ 0x28
10004572:	781c      	ldrb	r4, [r3, #0]
10004574:	f7fc fe9e 	bl	100012b4 <alarm_pool_get_default>
10004578:	9402      	str	r4, [sp, #8]
1000457a:	9501      	str	r5, [sp, #4]
1000457c:	9600      	str	r6, [sp, #0]
1000457e:	4642      	mov	r2, r8
10004580:	003b      	movs	r3, r7
10004582:	f7ff ffcd 	bl	10004520 <alarm_pool_add_alarm_in_us>
10004586:	b004      	add	sp, #16
10004588:	bc80      	pop	{r7}
1000458a:	46b8      	mov	r8, r7
1000458c:	bdf0      	pop	{r4, r5, r6, r7, pc}
	...

10004590 <low_priority_worker_irq>:
10004590:	b510      	push	{r4, lr}
10004592:	b082      	sub	sp, #8
10004594:	4822      	ldr	r0, [pc, #136]	@ (10004620 <low_priority_worker_irq+0x90>)
10004596:	2100      	movs	r1, #0
10004598:	f003 f8ee 	bl	10007778 <__mutex_try_enter_veneer>
1000459c:	2800      	cmp	r0, #0
1000459e:	d11e      	bne.n	100045de <low_priority_worker_irq+0x4e>
100045a0:	4b20      	ldr	r3, [pc, #128]	@ (10004624 <low_priority_worker_irq+0x94>)
100045a2:	681b      	ldr	r3, [r3, #0]
100045a4:	2b00      	cmp	r3, #0
100045a6:	d018      	beq.n	100045da <low_priority_worker_irq+0x4a>
100045a8:	f3ef 8110 	mrs	r1, PRIMASK
100045ac:	b672      	cpsid	i
100045ae:	0008      	movs	r0, r1
100045b0:	681a      	ldr	r2, [r3, #0]
100045b2:	2a00      	cmp	r2, #0
100045b4:	d0fc      	beq.n	100045b0 <low_priority_worker_irq+0x20>
100045b6:	f3bf 8f5f 	dmb	sy
100045ba:	4a1a      	ldr	r2, [pc, #104]	@ (10004624 <low_priority_worker_irq+0x94>)
100045bc:	6051      	str	r1, [r2, #4]
100045be:	491a      	ldr	r1, [pc, #104]	@ (10004628 <low_priority_worker_irq+0x98>)
100045c0:	780b      	ldrb	r3, [r1, #0]
100045c2:	b2db      	uxtb	r3, r3
100045c4:	2401      	movs	r4, #1
100045c6:	700c      	strb	r4, [r1, #0]
100045c8:	6812      	ldr	r2, [r2, #0]
100045ca:	f3bf 8f5f 	dmb	sy
100045ce:	2100      	movs	r1, #0
100045d0:	6011      	str	r1, [r2, #0]
100045d2:	f380 8810 	msr	PRIMASK, r0
100045d6:	2b00      	cmp	r3, #0
100045d8:	d017      	beq.n	1000460a <low_priority_worker_irq+0x7a>
100045da:	b002      	add	sp, #8
100045dc:	bd10      	pop	{r4, pc}
100045de:	2001      	movs	r0, #1
100045e0:	2100      	movs	r1, #0
100045e2:	4240      	negs	r0, r0
100045e4:	f001 f9f2 	bl	100059cc <tud_task_ext>
100045e8:	2000      	movs	r0, #0
100045ea:	f001 fc79 	bl	10005ee0 <tud_cdc_n_available>
100045ee:	0004      	movs	r4, r0
100045f0:	480b      	ldr	r0, [pc, #44]	@ (10004620 <low_priority_worker_irq+0x90>)
100045f2:	f003 f8a9 	bl	10007748 <__mutex_exit_veneer>
100045f6:	2c00      	cmp	r4, #0
100045f8:	d0ef      	beq.n	100045da <low_priority_worker_irq+0x4a>
100045fa:	4b0c      	ldr	r3, [pc, #48]	@ (1000462c <low_priority_worker_irq+0x9c>)
100045fc:	681b      	ldr	r3, [r3, #0]
100045fe:	2b00      	cmp	r3, #0
10004600:	d0eb      	beq.n	100045da <low_priority_worker_irq+0x4a>
10004602:	4a0b      	ldr	r2, [pc, #44]	@ (10004630 <low_priority_worker_irq+0xa0>)
10004604:	6810      	ldr	r0, [r2, #0]
10004606:	4798      	blx	r3
10004608:	e7e7      	b.n	100045da <low_priority_worker_irq+0x4a>
1000460a:	4a0a      	ldr	r2, [pc, #40]	@ (10004634 <low_priority_worker_irq+0xa4>)
1000460c:	3301      	adds	r3, #1
1000460e:	9300      	str	r3, [sp, #0]
10004610:	2300      	movs	r3, #0
10004612:	20fa      	movs	r0, #250	@ 0xfa
10004614:	0080      	lsls	r0, r0, #2
10004616:	2100      	movs	r1, #0
10004618:	f7ff ffa2 	bl	10004560 <add_alarm_in_us>
1000461c:	e7dd      	b.n	100045da <low_priority_worker_irq+0x4a>
1000461e:	46c0      	nop			@ (mov r8, r8)
10004620:	20001ad4 	.word	0x20001ad4
10004624:	200018b0 	.word	0x200018b0
10004628:	20001afc 	.word	0x20001afc
1000462c:	20001434 	.word	0x20001434
10004630:	2000143c 	.word	0x2000143c
10004634:	100044a9 	.word	0x100044a9

10004638 <stdio_usb_init>:
10004638:	b510      	push	{r4, lr}
1000463a:	b082      	sub	sp, #8
1000463c:	23d0      	movs	r3, #208	@ 0xd0
1000463e:	061b      	lsls	r3, r3, #24
10004640:	681c      	ldr	r4, [r3, #0]
10004642:	f7fc fe37 	bl	100012b4 <alarm_pool_get_default>
10004646:	f7fc ff19 	bl	1000147c <alarm_pool_core_num>
1000464a:	42a0      	cmp	r0, r4
1000464c:	d130      	bne.n	100046b0 <stdio_usb_init+0x78>
1000464e:	4b27      	ldr	r3, [pc, #156]	@ (100046ec <stdio_usb_init+0xb4>)
10004650:	781b      	ldrb	r3, [r3, #0]
10004652:	2100      	movs	r1, #0
10004654:	2000      	movs	r0, #0
10004656:	f001 ff6b 	bl	10006530 <tusb_rhport_init>
1000465a:	4b25      	ldr	r3, [pc, #148]	@ (100046f0 <stdio_usb_init+0xb8>)
1000465c:	681b      	ldr	r3, [r3, #0]
1000465e:	2b00      	cmp	r3, #0
10004660:	d02c      	beq.n	100046bc <stdio_usb_init+0x84>
10004662:	2001      	movs	r0, #1
10004664:	f7fc fbc4 	bl	10000df0 <user_irq_claim_unused>
10004668:	4c22      	ldr	r4, [pc, #136]	@ (100046f4 <stdio_usb_init+0xbc>)
1000466a:	7020      	strb	r0, [r4, #0]
1000466c:	4922      	ldr	r1, [pc, #136]	@ (100046f8 <stdio_usb_init+0xc0>)
1000466e:	23ff      	movs	r3, #255	@ 0xff
10004670:	4018      	ands	r0, r3
10004672:	f7fc f943 	bl	100008fc <irq_set_exclusive_handler>
10004676:	7820      	ldrb	r0, [r4, #0]
10004678:	2101      	movs	r1, #1
1000467a:	f7fc f915 	bl	100008a8 <irq_set_enabled>
1000467e:	2005      	movs	r0, #5
10004680:	f7fc f92e 	bl	100008e0 <irq_has_shared_handler>
10004684:	1e04      	subs	r4, r0, #0
10004686:	d01d      	beq.n	100046c4 <stdio_usb_init+0x8c>
10004688:	2001      	movs	r0, #1
1000468a:	f7fc f851 	bl	10000730 <spin_lock_claim_unused>
1000468e:	0001      	movs	r1, r0
10004690:	4b1a      	ldr	r3, [pc, #104]	@ (100046fc <stdio_usb_init+0xc4>)
10004692:	0018      	movs	r0, r3
10004694:	f7fc fc0a 	bl	10000eac <critical_section_init_with_lock_num>
10004698:	4919      	ldr	r1, [pc, #100]	@ (10004700 <stdio_usb_init+0xc8>)
1000469a:	2200      	movs	r2, #0
1000469c:	2005      	movs	r0, #5
1000469e:	f7fc f959 	bl	10000954 <irq_add_shared_handler>
100046a2:	4818      	ldr	r0, [pc, #96]	@ (10004704 <stdio_usb_init+0xcc>)
100046a4:	2101      	movs	r1, #1
100046a6:	f7ff fd2f 	bl	10004108 <stdio_set_driver_enabled>
100046aa:	0020      	movs	r0, r4
100046ac:	b002      	add	sp, #8
100046ae:	bd10      	pop	{r4, pc}
100046b0:	4b15      	ldr	r3, [pc, #84]	@ (10004708 <stdio_usb_init+0xd0>)
100046b2:	4a16      	ldr	r2, [pc, #88]	@ (1000470c <stdio_usb_init+0xd4>)
100046b4:	4816      	ldr	r0, [pc, #88]	@ (10004710 <stdio_usb_init+0xd8>)
100046b6:	21c8      	movs	r1, #200	@ 0xc8
100046b8:	f7ff fc16 	bl	10003ee8 <__assert_func>
100046bc:	480c      	ldr	r0, [pc, #48]	@ (100046f0 <stdio_usb_init+0xb8>)
100046be:	f7fc fbb3 	bl	10000e28 <mutex_init>
100046c2:	e7ce      	b.n	10004662 <stdio_usb_init+0x2a>
100046c4:	480d      	ldr	r0, [pc, #52]	@ (100046fc <stdio_usb_init+0xc4>)
100046c6:	2208      	movs	r2, #8
100046c8:	2100      	movs	r1, #0
100046ca:	f7fe fb07 	bl	10002cdc <__wrap_memset>
100046ce:	4a11      	ldr	r2, [pc, #68]	@ (10004714 <stdio_usb_init+0xdc>)
100046d0:	2301      	movs	r3, #1
100046d2:	9300      	str	r3, [sp, #0]
100046d4:	2300      	movs	r3, #0
100046d6:	20fa      	movs	r0, #250	@ 0xfa
100046d8:	0080      	lsls	r0, r0, #2
100046da:	2100      	movs	r1, #0
100046dc:	f7ff ff40 	bl	10004560 <add_alarm_in_us>
100046e0:	43c0      	mvns	r0, r0
100046e2:	0fc4      	lsrs	r4, r0, #31
100046e4:	2800      	cmp	r0, #0
100046e6:	dae0      	bge.n	100046aa <stdio_usb_init+0x72>
100046e8:	e7db      	b.n	100046a2 <stdio_usb_init+0x6a>
100046ea:	46c0      	nop			@ (mov r8, r8)
100046ec:	10008ea8 	.word	0x10008ea8
100046f0:	20001ad4 	.word	0x20001ad4
100046f4:	20001afb 	.word	0x20001afb
100046f8:	10004591 	.word	0x10004591
100046fc:	200018b0 	.word	0x200018b0
10004700:	10004499 	.word	0x10004499
10004704:	20000c88 	.word	0x20000c88
10004708:	10007e10 	.word	0x10007e10
1000470c:	10008a8c 	.word	0x10008a8c
10004710:	10008330 	.word	0x10008330
10004714:	100044a9 	.word	0x100044a9

10004718 <stdio_usb_connected>:
10004718:	b510      	push	{r4, lr}
1000471a:	2000      	movs	r0, #0
1000471c:	f001 fbc6 	bl	10005eac <tud_cdc_n_connected>
10004720:	bd10      	pop	{r4, pc}
	...

10004724 <stdio_usb_in_chars>:
10004724:	b570      	push	{r4, r5, r6, lr}
10004726:	0004      	movs	r4, r0
10004728:	000d      	movs	r5, r1
1000472a:	f7ff fff5 	bl	10004718 <stdio_usb_connected>
1000472e:	2800      	cmp	r0, #0
10004730:	d036      	beq.n	100047a0 <stdio_usb_in_chars+0x7c>
10004732:	2000      	movs	r0, #0
10004734:	f001 fbd4 	bl	10005ee0 <tud_cdc_n_available>
10004738:	2800      	cmp	r0, #0
1000473a:	d035      	beq.n	100047a8 <stdio_usb_in_chars+0x84>
1000473c:	f7fc fff8 	bl	10001730 <time_us_64>
10004740:	4a1d      	ldr	r2, [pc, #116]	@ (100047b8 <stdio_usb_in_chars+0x94>)
10004742:	2300      	movs	r3, #0
10004744:	1812      	adds	r2, r2, r0
10004746:	414b      	adcs	r3, r1
10004748:	2b00      	cmp	r3, #0
1000474a:	db1a      	blt.n	10004782 <stdio_usb_in_chars+0x5e>
1000474c:	481b      	ldr	r0, [pc, #108]	@ (100047bc <stdio_usb_in_chars+0x98>)
1000474e:	f003 f80b 	bl	10007768 <__mutex_try_enter_block_until_veneer>
10004752:	2800      	cmp	r0, #0
10004754:	d02c      	beq.n	100047b0 <stdio_usb_in_chars+0x8c>
10004756:	f7ff ffdf 	bl	10004718 <stdio_usb_connected>
1000475a:	2800      	cmp	r0, #0
1000475c:	d004      	beq.n	10004768 <stdio_usb_in_chars+0x44>
1000475e:	2000      	movs	r0, #0
10004760:	f001 fbbe 	bl	10005ee0 <tud_cdc_n_available>
10004764:	2800      	cmp	r0, #0
10004766:	d110      	bne.n	1000478a <stdio_usb_in_chars+0x66>
10004768:	2001      	movs	r0, #1
1000476a:	2100      	movs	r1, #0
1000476c:	4240      	negs	r0, r0
1000476e:	f001 f92d 	bl	100059cc <tud_task_ext>
10004772:	2303      	movs	r3, #3
10004774:	425b      	negs	r3, r3
10004776:	001c      	movs	r4, r3
10004778:	4810      	ldr	r0, [pc, #64]	@ (100047bc <stdio_usb_in_chars+0x98>)
1000477a:	f002 ffe5 	bl	10007748 <__mutex_exit_veneer>
1000477e:	0020      	movs	r0, r4
10004780:	bd70      	pop	{r4, r5, r6, pc}
10004782:	2201      	movs	r2, #1
10004784:	4252      	negs	r2, r2
10004786:	4b0e      	ldr	r3, [pc, #56]	@ (100047c0 <stdio_usb_in_chars+0x9c>)
10004788:	e7e0      	b.n	1000474c <stdio_usb_in_chars+0x28>
1000478a:	002a      	movs	r2, r5
1000478c:	0021      	movs	r1, r4
1000478e:	2000      	movs	r0, #0
10004790:	f001 fbb2 	bl	10005ef8 <tud_cdc_n_read>
10004794:	1e04      	subs	r4, r0, #0
10004796:	d1ef      	bne.n	10004778 <stdio_usb_in_chars+0x54>
10004798:	2303      	movs	r3, #3
1000479a:	425b      	negs	r3, r3
1000479c:	001c      	movs	r4, r3
1000479e:	e7eb      	b.n	10004778 <stdio_usb_in_chars+0x54>
100047a0:	2303      	movs	r3, #3
100047a2:	425b      	negs	r3, r3
100047a4:	001c      	movs	r4, r3
100047a6:	e7ea      	b.n	1000477e <stdio_usb_in_chars+0x5a>
100047a8:	2303      	movs	r3, #3
100047aa:	425b      	negs	r3, r3
100047ac:	001c      	movs	r4, r3
100047ae:	e7e6      	b.n	1000477e <stdio_usb_in_chars+0x5a>
100047b0:	2303      	movs	r3, #3
100047b2:	425b      	negs	r3, r3
100047b4:	001c      	movs	r4, r3
100047b6:	e7e2      	b.n	1000477e <stdio_usb_in_chars+0x5a>
100047b8:	000f4240 	.word	0x000f4240
100047bc:	20001ad4 	.word	0x20001ad4
100047c0:	7fffffff 	.word	0x7fffffff

100047c4 <stdio_usb_out_chars>:
100047c4:	b5f0      	push	{r4, r5, r6, r7, lr}
100047c6:	b083      	sub	sp, #12
100047c8:	0005      	movs	r5, r0
100047ca:	000c      	movs	r4, r1
100047cc:	f7fc ffb0 	bl	10001730 <time_us_64>
100047d0:	4a31      	ldr	r2, [pc, #196]	@ (10004898 <stdio_usb_out_chars+0xd4>)
100047d2:	2300      	movs	r3, #0
100047d4:	1812      	adds	r2, r2, r0
100047d6:	414b      	adcs	r3, r1
100047d8:	2b00      	cmp	r3, #0
100047da:	db06      	blt.n	100047ea <stdio_usb_out_chars+0x26>
100047dc:	482f      	ldr	r0, [pc, #188]	@ (1000489c <stdio_usb_out_chars+0xd8>)
100047de:	f002 ffc3 	bl	10007768 <__mutex_try_enter_block_until_veneer>
100047e2:	2800      	cmp	r0, #0
100047e4:	d105      	bne.n	100047f2 <stdio_usb_out_chars+0x2e>
100047e6:	b003      	add	sp, #12
100047e8:	bdf0      	pop	{r4, r5, r6, r7, pc}
100047ea:	2201      	movs	r2, #1
100047ec:	4252      	negs	r2, r2
100047ee:	4b2c      	ldr	r3, [pc, #176]	@ (100048a0 <stdio_usb_out_chars+0xdc>)
100047f0:	e7f4      	b.n	100047dc <stdio_usb_out_chars+0x18>
100047f2:	f7ff ff91 	bl	10004718 <stdio_usb_connected>
100047f6:	2800      	cmp	r0, #0
100047f8:	d14b      	bne.n	10004892 <stdio_usb_out_chars+0xce>
100047fa:	4b2a      	ldr	r3, [pc, #168]	@ (100048a4 <stdio_usb_out_chars+0xe0>)
100047fc:	2000      	movs	r0, #0
100047fe:	2100      	movs	r1, #0
10004800:	6018      	str	r0, [r3, #0]
10004802:	6059      	str	r1, [r3, #4]
10004804:	4825      	ldr	r0, [pc, #148]	@ (1000489c <stdio_usb_out_chars+0xd8>)
10004806:	f002 ff9f 	bl	10007748 <__mutex_exit_veneer>
1000480a:	e7ec      	b.n	100047e6 <stdio_usb_out_chars+0x22>
1000480c:	2001      	movs	r0, #1
1000480e:	2100      	movs	r1, #0
10004810:	4240      	negs	r0, r0
10004812:	f001 f8db 	bl	100059cc <tud_task_ext>
10004816:	2000      	movs	r0, #0
10004818:	f001 fb8a 	bl	10005f30 <tud_cdc_n_write_flush>
1000481c:	f7ff ff7c 	bl	10004718 <stdio_usb_connected>
10004820:	2800      	cmp	r0, #0
10004822:	d0ef      	beq.n	10004804 <stdio_usb_out_chars+0x40>
10004824:	2000      	movs	r0, #0
10004826:	f001 fbfb 	bl	10006020 <tud_cdc_n_write_available>
1000482a:	2800      	cmp	r0, #0
1000482c:	d01f      	beq.n	1000486e <stdio_usb_out_chars+0xaa>
1000482e:	42a6      	cmp	r6, r4
10004830:	dae8      	bge.n	10004804 <stdio_usb_out_chars+0x40>
10004832:	1ba7      	subs	r7, r4, r6
10004834:	2000      	movs	r0, #0
10004836:	f001 fbf3 	bl	10006020 <tud_cdc_n_write_available>
1000483a:	0002      	movs	r2, r0
1000483c:	4287      	cmp	r7, r0
1000483e:	dc00      	bgt.n	10004842 <stdio_usb_out_chars+0x7e>
10004840:	003a      	movs	r2, r7
10004842:	2a00      	cmp	r2, #0
10004844:	d0e2      	beq.n	1000480c <stdio_usb_out_chars+0x48>
10004846:	19a9      	adds	r1, r5, r6
10004848:	2000      	movs	r0, #0
1000484a:	f001 fbc5 	bl	10005fd8 <tud_cdc_n_write>
1000484e:	0007      	movs	r7, r0
10004850:	2001      	movs	r0, #1
10004852:	2100      	movs	r1, #0
10004854:	4240      	negs	r0, r0
10004856:	f001 f8b9 	bl	100059cc <tud_task_ext>
1000485a:	2000      	movs	r0, #0
1000485c:	f001 fb68 	bl	10005f30 <tud_cdc_n_write_flush>
10004860:	19f6      	adds	r6, r6, r7
10004862:	f7fc ff65 	bl	10001730 <time_us_64>
10004866:	4b0f      	ldr	r3, [pc, #60]	@ (100048a4 <stdio_usb_out_chars+0xe0>)
10004868:	6018      	str	r0, [r3, #0]
1000486a:	6059      	str	r1, [r3, #4]
1000486c:	e7df      	b.n	1000482e <stdio_usb_out_chars+0x6a>
1000486e:	f7fc ff5f 	bl	10001730 <time_us_64>
10004872:	9001      	str	r0, [sp, #4]
10004874:	000f      	movs	r7, r1
10004876:	4b0b      	ldr	r3, [pc, #44]	@ (100048a4 <stdio_usb_out_chars+0xe0>)
10004878:	6818      	ldr	r0, [r3, #0]
1000487a:	6859      	ldr	r1, [r3, #4]
1000487c:	4a0a      	ldr	r2, [pc, #40]	@ (100048a8 <stdio_usb_out_chars+0xe4>)
1000487e:	2300      	movs	r3, #0
10004880:	1812      	adds	r2, r2, r0
10004882:	414b      	adcs	r3, r1
10004884:	429f      	cmp	r7, r3
10004886:	d8bd      	bhi.n	10004804 <stdio_usb_out_chars+0x40>
10004888:	d1d1      	bne.n	1000482e <stdio_usb_out_chars+0x6a>
1000488a:	9901      	ldr	r1, [sp, #4]
1000488c:	4291      	cmp	r1, r2
1000488e:	d9ce      	bls.n	1000482e <stdio_usb_out_chars+0x6a>
10004890:	e7b8      	b.n	10004804 <stdio_usb_out_chars+0x40>
10004892:	2600      	movs	r6, #0
10004894:	e7cb      	b.n	1000482e <stdio_usb_out_chars+0x6a>
10004896:	46c0      	nop			@ (mov r8, r8)
10004898:	000f4240 	.word	0x000f4240
1000489c:	20001ad4 	.word	0x20001ad4
100048a0:	7fffffff 	.word	0x7fffffff
100048a4:	20000e58 	.word	0x20000e58
100048a8:	0007a120 	.word	0x0007a120

100048ac <tud_descriptor_device_cb>:
100048ac:	4800      	ldr	r0, [pc, #0]	@ (100048b0 <tud_descriptor_device_cb+0x4>)
100048ae:	4770      	bx	lr
100048b0:	10008b08 	.word	0x10008b08

100048b4 <tud_descriptor_configuration_cb>:
100048b4:	4800      	ldr	r0, [pc, #0]	@ (100048b8 <tud_descriptor_configuration_cb+0x4>)
100048b6:	4770      	bx	lr
100048b8:	10008ab4 	.word	0x10008ab4

100048bc <tud_descriptor_string_cb>:
100048bc:	b510      	push	{r4, lr}
100048be:	0004      	movs	r4, r0
100048c0:	4b15      	ldr	r3, [pc, #84]	@ (10004918 <tud_descriptor_string_cb+0x5c>)
100048c2:	781b      	ldrb	r3, [r3, #0]
100048c4:	2b00      	cmp	r3, #0
100048c6:	d00e      	beq.n	100048e6 <tud_descriptor_string_cb+0x2a>
100048c8:	2c00      	cmp	r4, #0
100048ca:	d111      	bne.n	100048f0 <tud_descriptor_string_cb+0x34>
100048cc:	4b13      	ldr	r3, [pc, #76]	@ (1000491c <tud_descriptor_string_cb+0x60>)
100048ce:	4a14      	ldr	r2, [pc, #80]	@ (10004920 <tud_descriptor_string_cb+0x64>)
100048d0:	805a      	strh	r2, [r3, #2]
100048d2:	2301      	movs	r3, #1
100048d4:	3301      	adds	r3, #1
100048d6:	005b      	lsls	r3, r3, #1
100048d8:	b29b      	uxth	r3, r3
100048da:	4810      	ldr	r0, [pc, #64]	@ (1000491c <tud_descriptor_string_cb+0x60>)
100048dc:	22c0      	movs	r2, #192	@ 0xc0
100048de:	0092      	lsls	r2, r2, #2
100048e0:	4313      	orrs	r3, r2
100048e2:	8003      	strh	r3, [r0, #0]
100048e4:	bd10      	pop	{r4, pc}
100048e6:	480c      	ldr	r0, [pc, #48]	@ (10004918 <tud_descriptor_string_cb+0x5c>)
100048e8:	2111      	movs	r1, #17
100048ea:	f000 f825 	bl	10004938 <pico_get_unique_board_id_string>
100048ee:	e7eb      	b.n	100048c8 <tud_descriptor_string_cb+0xc>
100048f0:	2c05      	cmp	r4, #5
100048f2:	d80e      	bhi.n	10004912 <tud_descriptor_string_cb+0x56>
100048f4:	4b0b      	ldr	r3, [pc, #44]	@ (10004924 <tud_descriptor_string_cb+0x68>)
100048f6:	00a4      	lsls	r4, r4, #2
100048f8:	58e4      	ldr	r4, [r4, r3]
100048fa:	2300      	movs	r3, #0
100048fc:	2b12      	cmp	r3, #18
100048fe:	d8e9      	bhi.n	100048d4 <tud_descriptor_string_cb+0x18>
10004900:	5ce1      	ldrb	r1, [r4, r3]
10004902:	2900      	cmp	r1, #0
10004904:	d0e6      	beq.n	100048d4 <tud_descriptor_string_cb+0x18>
10004906:	3301      	adds	r3, #1
10004908:	4a04      	ldr	r2, [pc, #16]	@ (1000491c <tud_descriptor_string_cb+0x60>)
1000490a:	0058      	lsls	r0, r3, #1
1000490c:	5281      	strh	r1, [r0, r2]
1000490e:	b2db      	uxtb	r3, r3
10004910:	e7f4      	b.n	100048fc <tud_descriptor_string_cb+0x40>
10004912:	2000      	movs	r0, #0
10004914:	e7e6      	b.n	100048e4 <tud_descriptor_string_cb+0x28>
10004916:	46c0      	nop			@ (mov r8, r8)
10004918:	20001ae4 	.word	0x20001ae4
1000491c:	20001470 	.word	0x20001470
10004920:	00000409 	.word	0x00000409
10004924:	10008a9c 	.word	0x10008a9c

10004928 <_retrieve_unique_id_on_boot>:
10004928:	b510      	push	{r4, lr}
1000492a:	4802      	ldr	r0, [pc, #8]	@ (10004934 <_retrieve_unique_id_on_boot+0xc>)
1000492c:	f000 f830 	bl	10004990 <flash_get_unique_id>
10004930:	bd10      	pop	{r4, pc}
10004932:	46c0      	nop			@ (mov r8, r8)
10004934:	200018c8 	.word	0x200018c8

10004938 <pico_get_unique_board_id_string>:
10004938:	b510      	push	{r4, lr}
1000493a:	1e0c      	subs	r4, r1, #0
1000493c:	d001      	beq.n	10004942 <pico_get_unique_board_id_string+0xa>
1000493e:	2300      	movs	r3, #0
10004940:	e008      	b.n	10004954 <pico_get_unique_board_id_string+0x1c>
10004942:	4b0f      	ldr	r3, [pc, #60]	@ (10004980 <pico_get_unique_board_id_string+0x48>)
10004944:	4a0f      	ldr	r2, [pc, #60]	@ (10004984 <pico_get_unique_board_id_string+0x4c>)
10004946:	4810      	ldr	r0, [pc, #64]	@ (10004988 <pico_get_unique_board_id_string+0x50>)
10004948:	213b      	movs	r1, #59	@ 0x3b
1000494a:	f7ff facd 	bl	10003ee8 <__assert_func>
1000494e:	3237      	adds	r2, #55	@ 0x37
10004950:	54c2      	strb	r2, [r0, r3]
10004952:	3301      	adds	r3, #1
10004954:	1e62      	subs	r2, r4, #1
10004956:	429a      	cmp	r2, r3
10004958:	d90e      	bls.n	10004978 <pico_get_unique_board_id_string+0x40>
1000495a:	2b0f      	cmp	r3, #15
1000495c:	d80c      	bhi.n	10004978 <pico_get_unique_board_id_string+0x40>
1000495e:	085a      	lsrs	r2, r3, #1
10004960:	490a      	ldr	r1, [pc, #40]	@ (1000498c <pico_get_unique_board_id_string+0x54>)
10004962:	5c89      	ldrb	r1, [r1, r2]
10004964:	2201      	movs	r2, #1
10004966:	439a      	bics	r2, r3
10004968:	0092      	lsls	r2, r2, #2
1000496a:	4111      	asrs	r1, r2
1000496c:	220f      	movs	r2, #15
1000496e:	400a      	ands	r2, r1
10004970:	2a09      	cmp	r2, #9
10004972:	dcec      	bgt.n	1000494e <pico_get_unique_board_id_string+0x16>
10004974:	3230      	adds	r2, #48	@ 0x30
10004976:	e7eb      	b.n	10004950 <pico_get_unique_board_id_string+0x18>
10004978:	18c0      	adds	r0, r0, r3
1000497a:	2300      	movs	r3, #0
1000497c:	7003      	strb	r3, [r0, #0]
1000497e:	bd10      	pop	{r4, pc}
10004980:	100083c0 	.word	0x100083c0
10004984:	10008b1c 	.word	0x10008b1c
10004988:	100083c8 	.word	0x100083c8
1000498c:	200018c8 	.word	0x200018c8

10004990 <flash_get_unique_id>:
10004990:	b570      	push	{r4, r5, r6, lr}
10004992:	b088      	sub	sp, #32
10004994:	0004      	movs	r4, r0
10004996:	ad04      	add	r5, sp, #16
10004998:	220d      	movs	r2, #13
1000499a:	2100      	movs	r1, #0
1000499c:	0028      	movs	r0, r5
1000499e:	f7fe f99d 	bl	10002cdc <__wrap_memset>
100049a2:	220d      	movs	r2, #13
100049a4:	2100      	movs	r1, #0
100049a6:	4668      	mov	r0, sp
100049a8:	f7fe f998 	bl	10002cdc <__wrap_memset>
100049ac:	234b      	movs	r3, #75	@ 0x4b
100049ae:	702b      	strb	r3, [r5, #0]
100049b0:	2300      	movs	r3, #0
100049b2:	220d      	movs	r2, #13
100049b4:	4669      	mov	r1, sp
100049b6:	0028      	movs	r0, r5
100049b8:	f002 ff26 	bl	10007808 <__flash_do_cmd_cs_veneer>
100049bc:	2300      	movs	r3, #0
100049be:	e004      	b.n	100049ca <flash_get_unique_id+0x3a>
100049c0:	1d5a      	adds	r2, r3, #5
100049c2:	4669      	mov	r1, sp
100049c4:	5c8a      	ldrb	r2, [r1, r2]
100049c6:	54e2      	strb	r2, [r4, r3]
100049c8:	3301      	adds	r3, #1
100049ca:	2b07      	cmp	r3, #7
100049cc:	ddf8      	ble.n	100049c0 <flash_get_unique_id+0x30>
100049ce:	b008      	add	sp, #32
100049d0:	bd70      	pop	{r4, r5, r6, pc}

100049d2 <usb_reset_interface_init>:
100049d2:	4770      	bx	lr

100049d4 <usb_reset_interface_reset>:
100049d4:	4b01      	ldr	r3, [pc, #4]	@ (100049dc <usb_reset_interface_reset+0x8>)
100049d6:	2200      	movs	r2, #0
100049d8:	701a      	strb	r2, [r3, #0]
100049da:	4770      	bx	lr
100049dc:	20001afa 	.word	0x20001afa

100049e0 <usb_reset_interface_open>:
100049e0:	794b      	ldrb	r3, [r1, #5]
100049e2:	2bff      	cmp	r3, #255	@ 0xff
100049e4:	d10c      	bne.n	10004a00 <usb_reset_interface_open+0x20>
100049e6:	798b      	ldrb	r3, [r1, #6]
100049e8:	2b00      	cmp	r3, #0
100049ea:	d10b      	bne.n	10004a04 <usb_reset_interface_open+0x24>
100049ec:	79cb      	ldrb	r3, [r1, #7]
100049ee:	2b01      	cmp	r3, #1
100049f0:	d10a      	bne.n	10004a08 <usb_reset_interface_open+0x28>
100049f2:	2a08      	cmp	r2, #8
100049f4:	d90a      	bls.n	10004a0c <usb_reset_interface_open+0x2c>
100049f6:	788a      	ldrb	r2, [r1, #2]
100049f8:	4b05      	ldr	r3, [pc, #20]	@ (10004a10 <usb_reset_interface_open+0x30>)
100049fa:	701a      	strb	r2, [r3, #0]
100049fc:	2009      	movs	r0, #9
100049fe:	e000      	b.n	10004a02 <usb_reset_interface_open+0x22>
10004a00:	2000      	movs	r0, #0
10004a02:	4770      	bx	lr
10004a04:	2000      	movs	r0, #0
10004a06:	e7fc      	b.n	10004a02 <usb_reset_interface_open+0x22>
10004a08:	2000      	movs	r0, #0
10004a0a:	e7fa      	b.n	10004a02 <usb_reset_interface_open+0x22>
10004a0c:	2000      	movs	r0, #0
10004a0e:	e7f8      	b.n	10004a02 <usb_reset_interface_open+0x22>
10004a10:	20001afa 	.word	0x20001afa

10004a14 <usb_reset_interface_xfer_cb>:
10004a14:	2001      	movs	r0, #1
10004a16:	4770      	bx	lr

10004a18 <usb_reset_interface_control_xfer_cb>:
10004a18:	b510      	push	{r4, lr}
10004a1a:	2901      	cmp	r1, #1
10004a1c:	d128      	bne.n	10004a70 <usb_reset_interface_control_xfer_cb+0x58>
10004a1e:	7911      	ldrb	r1, [r2, #4]
10004a20:	7953      	ldrb	r3, [r2, #5]
10004a22:	021b      	lsls	r3, r3, #8
10004a24:	430b      	orrs	r3, r1
10004a26:	4913      	ldr	r1, [pc, #76]	@ (10004a74 <usb_reset_interface_control_xfer_cb+0x5c>)
10004a28:	7809      	ldrb	r1, [r1, #0]
10004a2a:	428b      	cmp	r3, r1
10004a2c:	d001      	beq.n	10004a32 <usb_reset_interface_control_xfer_cb+0x1a>
10004a2e:	2000      	movs	r0, #0
10004a30:	e01f      	b.n	10004a72 <usb_reset_interface_control_xfer_cb+0x5a>
10004a32:	7853      	ldrb	r3, [r2, #1]
10004a34:	2b01      	cmp	r3, #1
10004a36:	d003      	beq.n	10004a40 <usb_reset_interface_control_xfer_cb+0x28>
10004a38:	2b02      	cmp	r3, #2
10004a3a:	d012      	beq.n	10004a62 <usb_reset_interface_control_xfer_cb+0x4a>
10004a3c:	2000      	movs	r0, #0
10004a3e:	e018      	b.n	10004a72 <usb_reset_interface_control_xfer_cb+0x5a>
10004a40:	7891      	ldrb	r1, [r2, #2]
10004a42:	78d3      	ldrb	r3, [r2, #3]
10004a44:	021b      	lsls	r3, r3, #8
10004a46:	4319      	orrs	r1, r3
10004a48:	05db      	lsls	r3, r3, #23
10004a4a:	d506      	bpl.n	10004a5a <usb_reset_interface_control_xfer_cb+0x42>
10004a4c:	060a      	lsls	r2, r1, #24
10004a4e:	0fd2      	lsrs	r2, r2, #31
10004a50:	0a48      	lsrs	r0, r1, #9
10004a52:	2303      	movs	r3, #3
10004a54:	4019      	ands	r1, r3
10004a56:	f7fd f8fd 	bl	10001c54 <rom_reset_usb_boot_extra>
10004a5a:	2200      	movs	r2, #0
10004a5c:	2001      	movs	r0, #1
10004a5e:	4240      	negs	r0, r0
10004a60:	e7f7      	b.n	10004a52 <usb_reset_interface_control_xfer_cb+0x3a>
10004a62:	2264      	movs	r2, #100	@ 0x64
10004a64:	2100      	movs	r1, #0
10004a66:	2000      	movs	r0, #0
10004a68:	f7fd f89c 	bl	10001ba4 <watchdog_reboot>
10004a6c:	2001      	movs	r0, #1
10004a6e:	e000      	b.n	10004a72 <usb_reset_interface_control_xfer_cb+0x5a>
10004a70:	2001      	movs	r0, #1
10004a72:	bd10      	pop	{r4, pc}
10004a74:	20001afa 	.word	0x20001afa

10004a78 <tud_descriptor_bos_cb>:
10004a78:	4800      	ldr	r0, [pc, #0]	@ (10004a7c <tud_descriptor_bos_cb+0x4>)
10004a7a:	4770      	bx	lr
10004a7c:	10008bf4 	.word	0x10008bf4

10004a80 <tud_vendor_control_xfer_cb>:
10004a80:	b510      	push	{r4, lr}
10004a82:	0004      	movs	r4, r0
10004a84:	0010      	movs	r0, r2
10004a86:	2901      	cmp	r1, #1
10004a88:	d111      	bne.n	10004aae <tud_vendor_control_xfer_cb+0x2e>
10004a8a:	7853      	ldrb	r3, [r2, #1]
10004a8c:	2b01      	cmp	r3, #1
10004a8e:	d110      	bne.n	10004ab2 <tud_vendor_control_xfer_cb+0x32>
10004a90:	7912      	ldrb	r2, [r2, #4]
10004a92:	7943      	ldrb	r3, [r0, #5]
10004a94:	021b      	lsls	r3, r3, #8
10004a96:	4313      	orrs	r3, r2
10004a98:	2b07      	cmp	r3, #7
10004a9a:	d001      	beq.n	10004aa0 <tud_vendor_control_xfer_cb+0x20>
10004a9c:	2000      	movs	r0, #0
10004a9e:	e007      	b.n	10004ab0 <tud_vendor_control_xfer_cb+0x30>
10004aa0:	4a05      	ldr	r2, [pc, #20]	@ (10004ab8 <tud_vendor_control_xfer_cb+0x38>)
10004aa2:	339f      	adds	r3, #159	@ 0x9f
10004aa4:	0001      	movs	r1, r0
10004aa6:	0020      	movs	r0, r4
10004aa8:	f001 f8d4 	bl	10005c54 <tud_control_xfer>
10004aac:	e000      	b.n	10004ab0 <tud_vendor_control_xfer_cb+0x30>
10004aae:	2001      	movs	r0, #1
10004ab0:	bd10      	pop	{r4, pc}
10004ab2:	2000      	movs	r0, #0
10004ab4:	e7fc      	b.n	10004ab0 <tud_vendor_control_xfer_cb+0x30>
10004ab6:	46c0      	nop			@ (mov r8, r8)
10004ab8:	10008b4c 	.word	0x10008b4c

10004abc <usbd_app_driver_get_cb>:
10004abc:	2301      	movs	r3, #1
10004abe:	7003      	strb	r3, [r0, #0]
10004ac0:	4800      	ldr	r0, [pc, #0]	@ (10004ac4 <usbd_app_driver_get_cb+0x8>)
10004ac2:	4770      	bx	lr
10004ac4:	10008c18 	.word	0x10008c18

10004ac8 <tud_cdc_line_coding_cb>:
10004ac8:	b510      	push	{r4, lr}
10004aca:	780a      	ldrb	r2, [r1, #0]
10004acc:	784b      	ldrb	r3, [r1, #1]
10004ace:	021b      	lsls	r3, r3, #8
10004ad0:	4313      	orrs	r3, r2
10004ad2:	788a      	ldrb	r2, [r1, #2]
10004ad4:	0412      	lsls	r2, r2, #16
10004ad6:	431a      	orrs	r2, r3
10004ad8:	78cb      	ldrb	r3, [r1, #3]
10004ada:	061b      	lsls	r3, r3, #24
10004adc:	4313      	orrs	r3, r2
10004ade:	2296      	movs	r2, #150	@ 0x96
10004ae0:	00d2      	lsls	r2, r2, #3
10004ae2:	4293      	cmp	r3, r2
10004ae4:	d000      	beq.n	10004ae8 <tud_cdc_line_coding_cb+0x20>
10004ae6:	bd10      	pop	{r4, pc}
10004ae8:	2001      	movs	r0, #1
10004aea:	2200      	movs	r2, #0
10004aec:	0011      	movs	r1, r2
10004aee:	4240      	negs	r0, r0
10004af0:	f7fd f8b0 	bl	10001c54 <rom_reset_usb_boot_extra>

10004af4 <hw_endpoint_init>:
10004af4:	b530      	push	{r4, r5, lr}
10004af6:	b083      	sub	sp, #12
10004af8:	0004      	movs	r4, r0
10004afa:	000d      	movs	r5, r1
10004afc:	4694      	mov	ip, r2
10004afe:	237f      	movs	r3, #127	@ 0x7f
10004b00:	4003      	ands	r3, r0
10004b02:	09c2      	lsrs	r2, r0, #7
10004b04:	4829      	ldr	r0, [pc, #164]	@ (10004bac <hw_endpoint_init+0xb8>)
10004b06:	0059      	lsls	r1, r3, #1
10004b08:	1889      	adds	r1, r1, r2
10004b0a:	0149      	lsls	r1, r1, #5
10004b0c:	1840      	adds	r0, r0, r1
10004b0e:	7084      	strb	r4, [r0, #2]
10004b10:	4251      	negs	r1, r2
10004b12:	4151      	adcs	r1, r2
10004b14:	7041      	strb	r1, [r0, #1]
10004b16:	2100      	movs	r1, #0
10004b18:	70c1      	strb	r1, [r0, #3]
10004b1a:	8305      	strh	r5, [r0, #24]
10004b1c:	4661      	mov	r1, ip
10004b1e:	76c1      	strb	r1, [r0, #27]
10004b20:	2a01      	cmp	r2, #1
10004b22:	d01e      	beq.n	10004b62 <hw_endpoint_init+0x6e>
10004b24:	00dc      	lsls	r4, r3, #3
10004b26:	4922      	ldr	r1, [pc, #136]	@ (10004bb0 <hw_endpoint_init+0xbc>)
10004b28:	468c      	mov	ip, r1
10004b2a:	4464      	add	r4, ip
10004b2c:	491f      	ldr	r1, [pc, #124]	@ (10004bac <hw_endpoint_init+0xb8>)
10004b2e:	0058      	lsls	r0, r3, #1
10004b30:	1880      	adds	r0, r0, r2
10004b32:	0140      	lsls	r0, r0, #5
10004b34:	1809      	adds	r1, r1, r0
10004b36:	608c      	str	r4, [r1, #8]
10004b38:	491c      	ldr	r1, [pc, #112]	@ (10004bac <hw_endpoint_init+0xb8>)
10004b3a:	0058      	lsls	r0, r3, #1
10004b3c:	1880      	adds	r0, r0, r2
10004b3e:	0140      	lsls	r0, r0, #5
10004b40:	1809      	adds	r1, r1, r0
10004b42:	6889      	ldr	r1, [r1, #8]
10004b44:	2000      	movs	r0, #0
10004b46:	6008      	str	r0, [r1, #0]
10004b48:	2b00      	cmp	r3, #0
10004b4a:	d115      	bne.n	10004b78 <hw_endpoint_init+0x84>
10004b4c:	4917      	ldr	r1, [pc, #92]	@ (10004bac <hw_endpoint_init+0xb8>)
10004b4e:	005b      	lsls	r3, r3, #1
10004b50:	189b      	adds	r3, r3, r2
10004b52:	015b      	lsls	r3, r3, #5
10004b54:	18cb      	adds	r3, r1, r3
10004b56:	2200      	movs	r2, #0
10004b58:	605a      	str	r2, [r3, #4]
10004b5a:	4a16      	ldr	r2, [pc, #88]	@ (10004bb4 <hw_endpoint_init+0xc0>)
10004b5c:	60da      	str	r2, [r3, #12]
10004b5e:	b003      	add	sp, #12
10004b60:	bd30      	pop	{r4, r5, pc}
10004b62:	00dc      	lsls	r4, r3, #3
10004b64:	4914      	ldr	r1, [pc, #80]	@ (10004bb8 <hw_endpoint_init+0xc4>)
10004b66:	468c      	mov	ip, r1
10004b68:	4464      	add	r4, ip
10004b6a:	4910      	ldr	r1, [pc, #64]	@ (10004bac <hw_endpoint_init+0xb8>)
10004b6c:	0058      	lsls	r0, r3, #1
10004b6e:	1880      	adds	r0, r0, r2
10004b70:	0140      	lsls	r0, r0, #5
10004b72:	1809      	adds	r1, r1, r0
10004b74:	608c      	str	r4, [r1, #8]
10004b76:	e7df      	b.n	10004b38 <hw_endpoint_init+0x44>
10004b78:	2a01      	cmp	r2, #1
10004b7a:	d00b      	beq.n	10004b94 <hw_endpoint_init+0xa0>
10004b7c:	1e58      	subs	r0, r3, #1
10004b7e:	00c0      	lsls	r0, r0, #3
10004b80:	490e      	ldr	r1, [pc, #56]	@ (10004bbc <hw_endpoint_init+0xc8>)
10004b82:	468c      	mov	ip, r1
10004b84:	4460      	add	r0, ip
10004b86:	4909      	ldr	r1, [pc, #36]	@ (10004bac <hw_endpoint_init+0xb8>)
10004b88:	005b      	lsls	r3, r3, #1
10004b8a:	189b      	adds	r3, r3, r2
10004b8c:	015b      	lsls	r3, r3, #5
10004b8e:	18c9      	adds	r1, r1, r3
10004b90:	6048      	str	r0, [r1, #4]
10004b92:	e7e4      	b.n	10004b5e <hw_endpoint_init+0x6a>
10004b94:	1e58      	subs	r0, r3, #1
10004b96:	00c0      	lsls	r0, r0, #3
10004b98:	4909      	ldr	r1, [pc, #36]	@ (10004bc0 <hw_endpoint_init+0xcc>)
10004b9a:	468c      	mov	ip, r1
10004b9c:	4460      	add	r0, ip
10004b9e:	4903      	ldr	r1, [pc, #12]	@ (10004bac <hw_endpoint_init+0xb8>)
10004ba0:	005b      	lsls	r3, r3, #1
10004ba2:	189b      	adds	r3, r3, r2
10004ba4:	015b      	lsls	r3, r3, #5
10004ba6:	18c9      	adds	r1, r1, r3
10004ba8:	6048      	str	r0, [r1, #4]
10004baa:	e7d8      	b.n	10004b5e <hw_endpoint_init+0x6a>
10004bac:	200014a4 	.word	0x200014a4
10004bb0:	50100084 	.word	0x50100084
10004bb4:	50100100 	.word	0x50100100
10004bb8:	50100080 	.word	0x50100080
10004bbc:	5010000c 	.word	0x5010000c
10004bc0:	50100008 	.word	0x50100008

10004bc4 <hw_endpoint_alloc>:
10004bc4:	b510      	push	{r4, lr}
10004bc6:	8b03      	ldrh	r3, [r0, #24]
10004bc8:	333f      	adds	r3, #63	@ 0x3f
10004bca:	099b      	lsrs	r3, r3, #6
10004bcc:	0199      	lsls	r1, r3, #6
10004bce:	7ec2      	ldrb	r2, [r0, #27]
10004bd0:	2a02      	cmp	r2, #2
10004bd2:	d008      	beq.n	10004be6 <hw_endpoint_alloc+0x22>
10004bd4:	4a08      	ldr	r2, [pc, #32]	@ (10004bf8 <hw_endpoint_alloc+0x34>)
10004bd6:	6813      	ldr	r3, [r2, #0]
10004bd8:	60c3      	str	r3, [r0, #12]
10004bda:	185b      	adds	r3, r3, r1
10004bdc:	6013      	str	r3, [r2, #0]
10004bde:	4a07      	ldr	r2, [pc, #28]	@ (10004bfc <hw_endpoint_alloc+0x38>)
10004be0:	4293      	cmp	r3, r2
10004be2:	d802      	bhi.n	10004bea <hw_endpoint_alloc+0x26>
10004be4:	bd10      	pop	{r4, pc}
10004be6:	01d9      	lsls	r1, r3, #7
10004be8:	e7f4      	b.n	10004bd4 <hw_endpoint_alloc+0x10>
10004bea:	4b05      	ldr	r3, [pc, #20]	@ (10004c00 <hw_endpoint_alloc+0x3c>)
10004bec:	4a05      	ldr	r2, [pc, #20]	@ (10004c04 <hw_endpoint_alloc+0x40>)
10004bee:	4806      	ldr	r0, [pc, #24]	@ (10004c08 <hw_endpoint_alloc+0x44>)
10004bf0:	2152      	movs	r1, #82	@ 0x52
10004bf2:	f7ff f979 	bl	10003ee8 <__assert_func>
10004bf6:	46c0      	nop			@ (mov r8, r8)
10004bf8:	200018ac 	.word	0x200018ac
10004bfc:	50100fff 	.word	0x50100fff
10004c00:	10008620 	.word	0x10008620
10004c04:	10008c68 	.word	0x10008c68
10004c08:	10008664 	.word	0x10008664

10004c0c <hw_endpoint_open>:
10004c0c:	b5f8      	push	{r3, r4, r5, r6, r7, lr}
10004c0e:	247f      	movs	r4, #127	@ 0x7f
10004c10:	4004      	ands	r4, r0
10004c12:	09c5      	lsrs	r5, r0, #7
10004c14:	0063      	lsls	r3, r4, #1
10004c16:	195b      	adds	r3, r3, r5
10004c18:	015b      	lsls	r3, r3, #5
10004c1a:	4e0f      	ldr	r6, [pc, #60]	@ (10004c58 <hw_endpoint_open+0x4c>)
10004c1c:	46b4      	mov	ip, r6
10004c1e:	4463      	add	r3, ip
10004c20:	001e      	movs	r6, r3
10004c22:	f7ff ff67 	bl	10004af4 <hw_endpoint_init>
10004c26:	2c00      	cmp	r4, #0
10004c28:	d100      	bne.n	10004c2c <hw_endpoint_open+0x20>
10004c2a:	bdf8      	pop	{r3, r4, r5, r6, r7, pc}
10004c2c:	4b0a      	ldr	r3, [pc, #40]	@ (10004c58 <hw_endpoint_open+0x4c>)
10004c2e:	0064      	lsls	r4, r4, #1
10004c30:	1964      	adds	r4, r4, r5
10004c32:	0164      	lsls	r4, r4, #5
10004c34:	191c      	adds	r4, r3, r4
10004c36:	8b21      	ldrh	r1, [r4, #24]
10004c38:	0030      	movs	r0, r6
10004c3a:	f7ff ffc3 	bl	10004bc4 <hw_endpoint_alloc>
10004c3e:	7ee3      	ldrb	r3, [r4, #27]
10004c40:	069b      	lsls	r3, r3, #26
10004c42:	68e1      	ldr	r1, [r4, #12]
10004c44:	4a05      	ldr	r2, [pc, #20]	@ (10004c5c <hw_endpoint_open+0x50>)
10004c46:	404a      	eors	r2, r1
10004c48:	4313      	orrs	r3, r2
10004c4a:	2280      	movs	r2, #128	@ 0x80
10004c4c:	0612      	lsls	r2, r2, #24
10004c4e:	4313      	orrs	r3, r2
10004c50:	6862      	ldr	r2, [r4, #4]
10004c52:	6013      	str	r3, [r2, #0]
10004c54:	e7e9      	b.n	10004c2a <hw_endpoint_open+0x1e>
10004c56:	46c0      	nop			@ (mov r8, r8)
10004c58:	200014a4 	.word	0x200014a4
10004c5c:	50100000 	.word	0x50100000

10004c60 <hw_endpoint_xfer>:
10004c60:	b510      	push	{r4, lr}
10004c62:	0003      	movs	r3, r0
10004c64:	207f      	movs	r0, #127	@ 0x7f
10004c66:	4018      	ands	r0, r3
10004c68:	09db      	lsrs	r3, r3, #7
10004c6a:	469c      	mov	ip, r3
10004c6c:	0040      	lsls	r0, r0, #1
10004c6e:	4460      	add	r0, ip
10004c70:	0140      	lsls	r0, r0, #5
10004c72:	4b02      	ldr	r3, [pc, #8]	@ (10004c7c <hw_endpoint_xfer+0x1c>)
10004c74:	18c0      	adds	r0, r0, r3
10004c76:	f000 f92f 	bl	10004ed8 <hw_endpoint_xfer_start>
10004c7a:	bd10      	pop	{r4, pc}
10004c7c:	200014a4 	.word	0x200014a4

10004c80 <dcd_int_enable>:
10004c80:	b510      	push	{r4, lr}
10004c82:	2800      	cmp	r0, #0
10004c84:	d104      	bne.n	10004c90 <dcd_int_enable+0x10>
10004c86:	2101      	movs	r1, #1
10004c88:	2005      	movs	r0, #5
10004c8a:	f7fb fe0d 	bl	100008a8 <irq_set_enabled>
10004c8e:	bd10      	pop	{r4, pc}
10004c90:	4b03      	ldr	r3, [pc, #12]	@ (10004ca0 <dcd_int_enable+0x20>)
10004c92:	4a04      	ldr	r2, [pc, #16]	@ (10004ca4 <dcd_int_enable+0x24>)
10004c94:	2198      	movs	r1, #152	@ 0x98
10004c96:	4804      	ldr	r0, [pc, #16]	@ (10004ca8 <dcd_int_enable+0x28>)
10004c98:	31ff      	adds	r1, #255	@ 0xff
10004c9a:	f7ff f925 	bl	10003ee8 <__assert_func>
10004c9e:	46c0      	nop			@ (mov r8, r8)
10004ca0:	100086d4 	.word	0x100086d4
10004ca4:	10008c58 	.word	0x10008c58
10004ca8:	10008664 	.word	0x10008664

10004cac <dcd_set_address>:
10004cac:	b510      	push	{r4, lr}
10004cae:	2800      	cmp	r0, #0
10004cb0:	d105      	bne.n	10004cbe <dcd_set_address+0x12>
10004cb2:	2200      	movs	r2, #0
10004cb4:	2100      	movs	r1, #0
10004cb6:	2080      	movs	r0, #128	@ 0x80
10004cb8:	f7ff ffd2 	bl	10004c60 <hw_endpoint_xfer>
10004cbc:	bd10      	pop	{r4, pc}
10004cbe:	4b03      	ldr	r3, [pc, #12]	@ (10004ccc <dcd_set_address+0x20>)
10004cc0:	4a03      	ldr	r2, [pc, #12]	@ (10004cd0 <dcd_set_address+0x24>)
10004cc2:	21a2      	movs	r1, #162	@ 0xa2
10004cc4:	4803      	ldr	r0, [pc, #12]	@ (10004cd4 <dcd_set_address+0x28>)
10004cc6:	31ff      	adds	r1, #255	@ 0xff
10004cc8:	f7ff f90e 	bl	10003ee8 <__assert_func>
10004ccc:	100086d4 	.word	0x100086d4
10004cd0:	10008c48 	.word	0x10008c48
10004cd4:	10008664 	.word	0x10008664

10004cd8 <dcd_connect>:
10004cd8:	4b02      	ldr	r3, [pc, #8]	@ (10004ce4 <dcd_connect+0xc>)
10004cda:	2280      	movs	r2, #128	@ 0x80
10004cdc:	0252      	lsls	r2, r2, #9
10004cde:	64da      	str	r2, [r3, #76]	@ 0x4c
10004ce0:	4770      	bx	lr
10004ce2:	46c0      	nop			@ (mov r8, r8)
10004ce4:	50112000 	.word	0x50112000

10004ce8 <dcd_init>:
10004ce8:	b570      	push	{r4, r5, r6, lr}
10004cea:	1e04      	subs	r4, r0, #0
10004cec:	d127      	bne.n	10004d3e <dcd_init+0x56>
10004cee:	f000 f8d1 	bl	10004e94 <rp2040_usb_init>
10004cf2:	4d16      	ldr	r5, [pc, #88]	@ (10004d4c <dcd_init+0x64>)
10004cf4:	230c      	movs	r3, #12
10004cf6:	67ab      	str	r3, [r5, #120]	@ 0x78
10004cf8:	4915      	ldr	r1, [pc, #84]	@ (10004d50 <dcd_init+0x68>)
10004cfa:	22ff      	movs	r2, #255	@ 0xff
10004cfc:	2005      	movs	r0, #5
10004cfe:	f7fb fe29 	bl	10000954 <irq_add_shared_handler>
10004d02:	4814      	ldr	r0, [pc, #80]	@ (10004d54 <dcd_init+0x6c>)
10004d04:	2240      	movs	r2, #64	@ 0x40
10004d06:	2100      	movs	r1, #0
10004d08:	f7fd ffe8 	bl	10002cdc <__wrap_memset>
10004d0c:	2200      	movs	r2, #0
10004d0e:	2140      	movs	r1, #64	@ 0x40
10004d10:	2000      	movs	r0, #0
10004d12:	f7ff ff7b 	bl	10004c0c <hw_endpoint_open>
10004d16:	2200      	movs	r2, #0
10004d18:	2140      	movs	r1, #64	@ 0x40
10004d1a:	2080      	movs	r0, #128	@ 0x80
10004d1c:	f7ff ff76 	bl	10004c0c <hw_endpoint_open>
10004d20:	f002 fd3a 	bl	10007798 <__reset_non_control_endpoints_veneer>
10004d24:	2301      	movs	r3, #1
10004d26:	642b      	str	r3, [r5, #64]	@ 0x40
10004d28:	2380      	movs	r3, #128	@ 0x80
10004d2a:	059b      	lsls	r3, r3, #22
10004d2c:	64eb      	str	r3, [r5, #76]	@ 0x4c
10004d2e:	2390      	movs	r3, #144	@ 0x90
10004d30:	4a09      	ldr	r2, [pc, #36]	@ (10004d58 <dcd_init+0x70>)
10004d32:	50ea      	str	r2, [r5, r3]
10004d34:	0020      	movs	r0, r4
10004d36:	f7ff ffcf 	bl	10004cd8 <dcd_connect>
10004d3a:	2001      	movs	r0, #1
10004d3c:	bd70      	pop	{r4, r5, r6, pc}
10004d3e:	4b07      	ldr	r3, [pc, #28]	@ (10004d5c <dcd_init+0x74>)
10004d40:	4a07      	ldr	r2, [pc, #28]	@ (10004d60 <dcd_init+0x78>)
10004d42:	2164      	movs	r1, #100	@ 0x64
10004d44:	4807      	ldr	r0, [pc, #28]	@ (10004d64 <dcd_init+0x7c>)
10004d46:	31ff      	adds	r1, #255	@ 0xff
10004d48:	f7ff f8ce 	bl	10003ee8 <__assert_func>
10004d4c:	50110000 	.word	0x50110000
10004d50:	200004ad 	.word	0x200004ad
10004d54:	200014a4 	.word	0x200014a4
10004d58:	0001d010 	.word	0x0001d010
10004d5c:	100086d4 	.word	0x100086d4
10004d60:	10008c7c 	.word	0x10008c7c
10004d64:	10008664 	.word	0x10008664

10004d68 <dcd_sof_enable>:
10004d68:	4b04      	ldr	r3, [pc, #16]	@ (10004d7c <dcd_sof_enable+0x14>)
10004d6a:	7019      	strb	r1, [r3, #0]
10004d6c:	2900      	cmp	r1, #0
10004d6e:	d004      	beq.n	10004d7a <dcd_sof_enable+0x12>
10004d70:	4a03      	ldr	r2, [pc, #12]	@ (10004d80 <dcd_sof_enable+0x18>)
10004d72:	2390      	movs	r3, #144	@ 0x90
10004d74:	2180      	movs	r1, #128	@ 0x80
10004d76:	0289      	lsls	r1, r1, #10
10004d78:	50d1      	str	r1, [r2, r3]
10004d7a:	4770      	bx	lr
10004d7c:	20001af6 	.word	0x20001af6
10004d80:	50112000 	.word	0x50112000

10004d84 <dcd_edpt0_status_complete>:
10004d84:	780b      	ldrb	r3, [r1, #0]
10004d86:	06da      	lsls	r2, r3, #27
10004d88:	d105      	bne.n	10004d96 <dcd_edpt0_status_complete+0x12>
10004d8a:	2260      	movs	r2, #96	@ 0x60
10004d8c:	421a      	tst	r2, r3
10004d8e:	d102      	bne.n	10004d96 <dcd_edpt0_status_complete+0x12>
10004d90:	784b      	ldrb	r3, [r1, #1]
10004d92:	2b05      	cmp	r3, #5
10004d94:	d000      	beq.n	10004d98 <dcd_edpt0_status_complete+0x14>
10004d96:	4770      	bx	lr
10004d98:	788a      	ldrb	r2, [r1, #2]
10004d9a:	78cb      	ldrb	r3, [r1, #3]
10004d9c:	021b      	lsls	r3, r3, #8
10004d9e:	4313      	orrs	r3, r2
10004da0:	22ff      	movs	r2, #255	@ 0xff
10004da2:	4013      	ands	r3, r2
10004da4:	4a01      	ldr	r2, [pc, #4]	@ (10004dac <dcd_edpt0_status_complete+0x28>)
10004da6:	6013      	str	r3, [r2, #0]
10004da8:	e7f5      	b.n	10004d96 <dcd_edpt0_status_complete+0x12>
10004daa:	46c0      	nop			@ (mov r8, r8)
10004dac:	50110000 	.word	0x50110000

10004db0 <dcd_edpt_open>:
10004db0:	b510      	push	{r4, lr}
10004db2:	78ca      	ldrb	r2, [r1, #3]
10004db4:	0792      	lsls	r2, r2, #30
10004db6:	0f92      	lsrs	r2, r2, #30
10004db8:	2a01      	cmp	r2, #1
10004dba:	d00a      	beq.n	10004dd2 <dcd_edpt_open+0x22>
10004dbc:	7888      	ldrb	r0, [r1, #2]
10004dbe:	790b      	ldrb	r3, [r1, #4]
10004dc0:	7949      	ldrb	r1, [r1, #5]
10004dc2:	0209      	lsls	r1, r1, #8
10004dc4:	4319      	orrs	r1, r3
10004dc6:	0549      	lsls	r1, r1, #21
10004dc8:	0d49      	lsrs	r1, r1, #21
10004dca:	f7ff ff1f 	bl	10004c0c <hw_endpoint_open>
10004dce:	2001      	movs	r0, #1
10004dd0:	bd10      	pop	{r4, pc}
10004dd2:	2000      	movs	r0, #0
10004dd4:	e7fc      	b.n	10004dd0 <dcd_edpt_open+0x20>

10004dd6 <dcd_edpt_close_all>:
10004dd6:	b510      	push	{r4, lr}
10004dd8:	f002 fcde 	bl	10007798 <__reset_non_control_endpoints_veneer>
10004ddc:	bd10      	pop	{r4, pc}
	...

10004de0 <dcd_edpt_xfer>:
10004de0:	b510      	push	{r4, lr}
10004de2:	4684      	mov	ip, r0
10004de4:	0008      	movs	r0, r1
10004de6:	0011      	movs	r1, r2
10004de8:	001a      	movs	r2, r3
10004dea:	4663      	mov	r3, ip
10004dec:	2b00      	cmp	r3, #0
10004dee:	d103      	bne.n	10004df8 <dcd_edpt_xfer+0x18>
10004df0:	f7ff ff36 	bl	10004c60 <hw_endpoint_xfer>
10004df4:	2001      	movs	r0, #1
10004df6:	bd10      	pop	{r4, pc}
10004df8:	4b03      	ldr	r3, [pc, #12]	@ (10004e08 <dcd_edpt_xfer+0x28>)
10004dfa:	4a04      	ldr	r2, [pc, #16]	@ (10004e0c <dcd_edpt_xfer+0x2c>)
10004dfc:	2181      	movs	r1, #129	@ 0x81
10004dfe:	4804      	ldr	r0, [pc, #16]	@ (10004e10 <dcd_edpt_xfer+0x30>)
10004e00:	0089      	lsls	r1, r1, #2
10004e02:	f7ff f871 	bl	10003ee8 <__assert_func>
10004e06:	46c0      	nop			@ (mov r8, r8)
10004e08:	100086d4 	.word	0x100086d4
10004e0c:	10008c38 	.word	0x10008c38
10004e10:	10008664 	.word	0x10008664

10004e14 <dcd_edpt_stall>:
10004e14:	b510      	push	{r4, lr}
10004e16:	237f      	movs	r3, #127	@ 0x7f
10004e18:	0018      	movs	r0, r3
10004e1a:	4008      	ands	r0, r1
10004e1c:	420b      	tst	r3, r1
10004e1e:	d105      	bne.n	10004e2c <dcd_edpt_stall+0x18>
10004e20:	09cb      	lsrs	r3, r1, #7
10004e22:	2b01      	cmp	r3, #1
10004e24:	d00e      	beq.n	10004e44 <dcd_edpt_stall+0x30>
10004e26:	2202      	movs	r2, #2
10004e28:	4b07      	ldr	r3, [pc, #28]	@ (10004e48 <dcd_edpt_stall+0x34>)
10004e2a:	669a      	str	r2, [r3, #104]	@ 0x68
10004e2c:	09c9      	lsrs	r1, r1, #7
10004e2e:	0040      	lsls	r0, r0, #1
10004e30:	1840      	adds	r0, r0, r1
10004e32:	0140      	lsls	r0, r0, #5
10004e34:	4b05      	ldr	r3, [pc, #20]	@ (10004e4c <dcd_edpt_stall+0x38>)
10004e36:	18c0      	adds	r0, r0, r3
10004e38:	2280      	movs	r2, #128	@ 0x80
10004e3a:	0112      	lsls	r2, r2, #4
10004e3c:	2100      	movs	r1, #0
10004e3e:	f002 fcbb 	bl	100077b8 <___hw_endpoint_buffer_control_update32_veneer>
10004e42:	bd10      	pop	{r4, pc}
10004e44:	2201      	movs	r2, #1
10004e46:	e7ef      	b.n	10004e28 <dcd_edpt_stall+0x14>
10004e48:	50112000 	.word	0x50112000
10004e4c:	200014a4 	.word	0x200014a4

10004e50 <dcd_edpt_clear_stall>:
10004e50:	b510      	push	{r4, lr}
10004e52:	227f      	movs	r2, #127	@ 0x7f
10004e54:	0010      	movs	r0, r2
10004e56:	4008      	ands	r0, r1
10004e58:	420a      	tst	r2, r1
10004e5a:	d100      	bne.n	10004e5e <dcd_edpt_clear_stall+0xe>
10004e5c:	bd10      	pop	{r4, pc}
10004e5e:	09c9      	lsrs	r1, r1, #7
10004e60:	0040      	lsls	r0, r0, #1
10004e62:	1840      	adds	r0, r0, r1
10004e64:	0140      	lsls	r0, r0, #5
10004e66:	4b04      	ldr	r3, [pc, #16]	@ (10004e78 <dcd_edpt_clear_stall+0x28>)
10004e68:	18c0      	adds	r0, r0, r3
10004e6a:	2300      	movs	r3, #0
10004e6c:	70c3      	strb	r3, [r0, #3]
10004e6e:	2200      	movs	r2, #0
10004e70:	4902      	ldr	r1, [pc, #8]	@ (10004e7c <dcd_edpt_clear_stall+0x2c>)
10004e72:	f002 fca1 	bl	100077b8 <___hw_endpoint_buffer_control_update32_veneer>
10004e76:	e7f1      	b.n	10004e5c <dcd_edpt_clear_stall+0xc>
10004e78:	200014a4 	.word	0x200014a4
10004e7c:	fffff7ff 	.word	0xfffff7ff

10004e80 <unaligned_memcpy>:
10004e80:	e004      	b.n	10004e8c <unaligned_memcpy+0xc>
10004e82:	780a      	ldrb	r2, [r1, #0]
10004e84:	7002      	strb	r2, [r0, #0]
10004e86:	3101      	adds	r1, #1
10004e88:	3001      	adds	r0, #1
10004e8a:	001a      	movs	r2, r3
10004e8c:	1e53      	subs	r3, r2, #1
10004e8e:	2a00      	cmp	r2, #0
10004e90:	d1f7      	bne.n	10004e82 <unaligned_memcpy+0x2>
10004e92:	4770      	bx	lr

10004e94 <rp2040_usb_init>:
10004e94:	b510      	push	{r4, lr}
10004e96:	2380      	movs	r3, #128	@ 0x80
10004e98:	045b      	lsls	r3, r3, #17
10004e9a:	4a0a      	ldr	r2, [pc, #40]	@ (10004ec4 <rp2040_usb_init+0x30>)
10004e9c:	6013      	str	r3, [r2, #0]
10004e9e:	4a0a      	ldr	r2, [pc, #40]	@ (10004ec8 <rp2040_usb_init+0x34>)
10004ea0:	6013      	str	r3, [r2, #0]
10004ea2:	4b0a      	ldr	r3, [pc, #40]	@ (10004ecc <rp2040_usb_init+0x38>)
10004ea4:	681a      	ldr	r2, [r3, #0]
10004ea6:	2380      	movs	r3, #128	@ 0x80
10004ea8:	045b      	lsls	r3, r3, #17
10004eaa:	4393      	bics	r3, r2
10004eac:	d1f9      	bne.n	10004ea2 <rp2040_usb_init+0xe>
10004eae:	2280      	movs	r2, #128	@ 0x80
10004eb0:	0152      	lsls	r2, r2, #5
10004eb2:	2100      	movs	r1, #0
10004eb4:	4806      	ldr	r0, [pc, #24]	@ (10004ed0 <rp2040_usb_init+0x3c>)
10004eb6:	f7fd ff11 	bl	10002cdc <__wrap_memset>
10004eba:	4b06      	ldr	r3, [pc, #24]	@ (10004ed4 <rp2040_usb_init+0x40>)
10004ebc:	2209      	movs	r2, #9
10004ebe:	675a      	str	r2, [r3, #116]	@ 0x74
10004ec0:	bd10      	pop	{r4, pc}
10004ec2:	46c0      	nop			@ (mov r8, r8)
10004ec4:	4000e000 	.word	0x4000e000
10004ec8:	4000f000 	.word	0x4000f000
10004ecc:	4000c008 	.word	0x4000c008
10004ed0:	50100000 	.word	0x50100000
10004ed4:	50110000 	.word	0x50110000

10004ed8 <hw_endpoint_xfer_start>:
10004ed8:	b570      	push	{r4, r5, r6, lr}
10004eda:	0004      	movs	r4, r0
10004edc:	000d      	movs	r5, r1
10004ede:	0016      	movs	r6, r2
10004ee0:	7e83      	ldrb	r3, [r0, #26]
10004ee2:	2b00      	cmp	r3, #0
10004ee4:	d117      	bne.n	10004f16 <hw_endpoint_xfer_start+0x3e>
10004ee6:	82a6      	strh	r6, [r4, #20]
10004ee8:	2300      	movs	r3, #0
10004eea:	82e3      	strh	r3, [r4, #22]
10004eec:	3301      	adds	r3, #1
10004eee:	76a3      	strb	r3, [r4, #26]
10004ef0:	6125      	str	r5, [r4, #16]
10004ef2:	0020      	movs	r0, r4
10004ef4:	f002 fc58 	bl	100077a8 <__e15_is_bulkin_ep_veneer>
10004ef8:	2800      	cmp	r0, #0
10004efa:	d004      	beq.n	10004f06 <hw_endpoint_xfer_start+0x2e>
10004efc:	4a0c      	ldr	r2, [pc, #48]	@ (10004f30 <hw_endpoint_xfer_start+0x58>)
10004efe:	2390      	movs	r3, #144	@ 0x90
10004f00:	2180      	movs	r1, #128	@ 0x80
10004f02:	0289      	lsls	r1, r1, #10
10004f04:	50d1      	str	r1, [r2, r3]
10004f06:	0020      	movs	r0, r4
10004f08:	f002 fc6e 	bl	100077e8 <__e15_is_critical_frame_period_veneer>
10004f0c:	2800      	cmp	r0, #0
10004f0e:	d00a      	beq.n	10004f26 <hw_endpoint_xfer_start+0x4e>
10004f10:	2301      	movs	r3, #1
10004f12:	7723      	strb	r3, [r4, #28]
10004f14:	bd70      	pop	{r4, r5, r6, pc}
10004f16:	7881      	ldrb	r1, [r0, #2]
10004f18:	4806      	ldr	r0, [pc, #24]	@ (10004f34 <hw_endpoint_xfer_start+0x5c>)
10004f1a:	f7ff f961 	bl	100041e0 <__wrap_printf>
10004f1e:	0020      	movs	r0, r4
10004f20:	f002 fc52 	bl	100077c8 <__hw_endpoint_reset_transfer_veneer>
10004f24:	e7df      	b.n	10004ee6 <hw_endpoint_xfer_start+0xe>
10004f26:	0020      	movs	r0, r4
10004f28:	f002 fc66 	bl	100077f8 <__hw_endpoint_start_next_buffer_veneer>
10004f2c:	e7f2      	b.n	10004f14 <hw_endpoint_xfer_start+0x3c>
10004f2e:	46c0      	nop			@ (mov r8, r8)
10004f30:	50112000 	.word	0x50112000
10004f34:	100087c4 	.word	0x100087c4

10004f38 <configuration_reset>:
10004f38:	b570      	push	{r4, r5, r6, lr}
10004f3a:	0005      	movs	r5, r0
10004f3c:	2400      	movs	r4, #0
10004f3e:	e008      	b.n	10004f52 <configuration_reset+0x1a>
10004f40:	1ae3      	subs	r3, r4, r3
10004f42:	015b      	lsls	r3, r3, #5
10004f44:	4a14      	ldr	r2, [pc, #80]	@ (10004f98 <configuration_reset+0x60>)
10004f46:	189b      	adds	r3, r3, r2
10004f48:	68db      	ldr	r3, [r3, #12]
10004f4a:	0028      	movs	r0, r5
10004f4c:	4798      	blx	r3
10004f4e:	3401      	adds	r4, #1
10004f50:	b2e4      	uxtb	r4, r4
10004f52:	4b12      	ldr	r3, [pc, #72]	@ (10004f9c <configuration_reset+0x64>)
10004f54:	781b      	ldrb	r3, [r3, #0]
10004f56:	42a3      	cmp	r3, r4
10004f58:	d30c      	bcc.n	10004f74 <configuration_reset+0x3c>
10004f5a:	d9f1      	bls.n	10004f40 <configuration_reset+0x8>
10004f5c:	4b10      	ldr	r3, [pc, #64]	@ (10004fa0 <configuration_reset+0x68>)
10004f5e:	681b      	ldr	r3, [r3, #0]
10004f60:	0162      	lsls	r2, r4, #5
10004f62:	189b      	adds	r3, r3, r2
10004f64:	2b00      	cmp	r3, #0
10004f66:	d1ef      	bne.n	10004f48 <configuration_reset+0x10>
10004f68:	490e      	ldr	r1, [pc, #56]	@ (10004fa4 <configuration_reset+0x6c>)
10004f6a:	480f      	ldr	r0, [pc, #60]	@ (10004fa8 <configuration_reset+0x70>)
10004f6c:	4a0f      	ldr	r2, [pc, #60]	@ (10004fac <configuration_reset+0x74>)
10004f6e:	f7ff f937 	bl	100041e0 <__wrap_printf>
10004f72:	e010      	b.n	10004f96 <configuration_reset+0x5e>
10004f74:	4c0e      	ldr	r4, [pc, #56]	@ (10004fb0 <configuration_reset+0x78>)
10004f76:	2254      	movs	r2, #84	@ 0x54
10004f78:	2100      	movs	r1, #0
10004f7a:	0020      	movs	r0, r4
10004f7c:	f7fd feae 	bl	10002cdc <__wrap_memset>
10004f80:	1d20      	adds	r0, r4, #4
10004f82:	2210      	movs	r2, #16
10004f84:	21ff      	movs	r1, #255	@ 0xff
10004f86:	f7fd fea9 	bl	10002cdc <__wrap_memset>
10004f8a:	0020      	movs	r0, r4
10004f8c:	3014      	adds	r0, #20
10004f8e:	2220      	movs	r2, #32
10004f90:	21ff      	movs	r1, #255	@ 0xff
10004f92:	f7fd fea3 	bl	10002cdc <__wrap_memset>
10004f96:	bd70      	pop	{r4, r5, r6, pc}
10004f98:	10008d50 	.word	0x10008d50
10004f9c:	20001af5 	.word	0x20001af5
10004fa0:	20000e60 	.word	0x20000e60
10004fa4:	10008d1c 	.word	0x10008d1c
10004fa8:	100087fc 	.word	0x100087fc
10004fac:	00000225 	.word	0x00000225
10004fb0:	20001010 	.word	0x20001010

10004fb4 <usbd_reset>:
10004fb4:	b510      	push	{r4, lr}
10004fb6:	f7ff ffbf 	bl	10004f38 <configuration_reset>
10004fba:	f000 fe97 	bl	10005cec <usbd_control_reset>
10004fbe:	bd10      	pop	{r4, pc}

10004fc0 <invoke_class_control>:
10004fc0:	b570      	push	{r4, r5, r6, lr}
10004fc2:	0006      	movs	r6, r0
10004fc4:	000c      	movs	r4, r1
10004fc6:	0015      	movs	r5, r2
10004fc8:	6948      	ldr	r0, [r1, #20]
10004fca:	f000 fe99 	bl	10005d00 <usbd_control_set_complete_callback>
10004fce:	6963      	ldr	r3, [r4, #20]
10004fd0:	002a      	movs	r2, r5
10004fd2:	2101      	movs	r1, #1
10004fd4:	0030      	movs	r0, r6
10004fd6:	4798      	blx	r3
10004fd8:	bd70      	pop	{r4, r5, r6, pc}
	...

10004fdc <process_set_config>:
10004fdc:	b5f0      	push	{r4, r5, r6, r7, lr}
10004fde:	46de      	mov	lr, fp
10004fe0:	4657      	mov	r7, sl
10004fe2:	464e      	mov	r6, r9
10004fe4:	4645      	mov	r5, r8
10004fe6:	b5e0      	push	{r5, r6, r7, lr}
10004fe8:	b083      	sub	sp, #12
10004fea:	4681      	mov	r9, r0
10004fec:	3901      	subs	r1, #1
10004fee:	b2c8      	uxtb	r0, r1
10004ff0:	f7ff fc60 	bl	100048b4 <tud_descriptor_configuration_cb>
10004ff4:	2800      	cmp	r0, #0
10004ff6:	d003      	beq.n	10005000 <process_set_config+0x24>
10004ff8:	7843      	ldrb	r3, [r0, #1]
10004ffa:	469b      	mov	fp, r3
10004ffc:	2b02      	cmp	r3, #2
10004ffe:	d00c      	beq.n	1000501a <process_set_config+0x3e>
10005000:	494e      	ldr	r1, [pc, #312]	@ (1000513c <process_set_config+0x160>)
10005002:	484f      	ldr	r0, [pc, #316]	@ (10005140 <process_set_config+0x164>)
10005004:	4a4f      	ldr	r2, [pc, #316]	@ (10005144 <process_set_config+0x168>)
10005006:	f7ff f8eb 	bl	100041e0 <__wrap_printf>
1000500a:	2000      	movs	r0, #0
1000500c:	b003      	add	sp, #12
1000500e:	bcf0      	pop	{r4, r5, r6, r7}
10005010:	46bb      	mov	fp, r7
10005012:	46b2      	mov	sl, r6
10005014:	46a9      	mov	r9, r5
10005016:	46a0      	mov	r8, r4
10005018:	bdf0      	pop	{r4, r5, r6, r7, pc}
1000501a:	79c5      	ldrb	r5, [r0, #7]
1000501c:	116c      	asrs	r4, r5, #5
1000501e:	2201      	movs	r2, #1
10005020:	4b49      	ldr	r3, [pc, #292]	@ (10005148 <process_set_config+0x16c>)
10005022:	4014      	ands	r4, r2
10005024:	0124      	lsls	r4, r4, #4
10005026:	7819      	ldrb	r1, [r3, #0]
10005028:	2610      	movs	r6, #16
1000502a:	43b1      	bics	r1, r6
1000502c:	4321      	orrs	r1, r4
1000502e:	7019      	strb	r1, [r3, #0]
10005030:	11ad      	asrs	r5, r5, #6
10005032:	402a      	ands	r2, r5
10005034:	0152      	lsls	r2, r2, #5
10005036:	b2c9      	uxtb	r1, r1
10005038:	2420      	movs	r4, #32
1000503a:	43a1      	bics	r1, r4
1000503c:	430a      	orrs	r2, r1
1000503e:	701a      	strb	r2, [r3, #0]
10005040:	0006      	movs	r6, r0
10005042:	3609      	adds	r6, #9
10005044:	7882      	ldrb	r2, [r0, #2]
10005046:	78c3      	ldrb	r3, [r0, #3]
10005048:	021b      	lsls	r3, r3, #8
1000504a:	4313      	orrs	r3, r2
1000504c:	18c3      	adds	r3, r0, r3
1000504e:	469a      	mov	sl, r3
10005050:	e05b      	b.n	1000510a <process_set_config+0x12e>
10005052:	78f3      	ldrb	r3, [r6, #3]
10005054:	4698      	mov	r8, r3
10005056:	7833      	ldrb	r3, [r6, #0]
10005058:	18f6      	adds	r6, r6, r3
1000505a:	e05d      	b.n	10005118 <process_set_config+0x13c>
1000505c:	4937      	ldr	r1, [pc, #220]	@ (1000513c <process_set_config+0x160>)
1000505e:	4838      	ldr	r0, [pc, #224]	@ (10005140 <process_set_config+0x164>)
10005060:	4a3a      	ldr	r2, [pc, #232]	@ (1000514c <process_set_config+0x170>)
10005062:	f7ff f8bd 	bl	100041e0 <__wrap_printf>
10005066:	2000      	movs	r0, #0
10005068:	e7d0      	b.n	1000500c <process_set_config+0x30>
1000506a:	1b2c      	subs	r4, r5, r4
1000506c:	0164      	lsls	r4, r4, #5
1000506e:	4b38      	ldr	r3, [pc, #224]	@ (10005150 <process_set_config+0x174>)
10005070:	18e4      	adds	r4, r4, r3
10005072:	6923      	ldr	r3, [r4, #16]
10005074:	003a      	movs	r2, r7
10005076:	0031      	movs	r1, r6
10005078:	4648      	mov	r0, r9
1000507a:	4798      	blx	r3
1000507c:	9001      	str	r0, [sp, #4]
1000507e:	2808      	cmp	r0, #8
10005080:	d901      	bls.n	10005086 <process_set_config+0xaa>
10005082:	4287      	cmp	r7, r0
10005084:	d213      	bcs.n	100050ae <process_set_config+0xd2>
10005086:	3501      	adds	r5, #1
10005088:	b2ed      	uxtb	r5, r5
1000508a:	4b32      	ldr	r3, [pc, #200]	@ (10005154 <process_set_config+0x178>)
1000508c:	781c      	ldrb	r4, [r3, #0]
1000508e:	42ac      	cmp	r4, r5
10005090:	d337      	bcc.n	10005102 <process_set_config+0x126>
10005092:	d9ea      	bls.n	1000506a <process_set_config+0x8e>
10005094:	4b30      	ldr	r3, [pc, #192]	@ (10005158 <process_set_config+0x17c>)
10005096:	681c      	ldr	r4, [r3, #0]
10005098:	016b      	lsls	r3, r5, #5
1000509a:	18e4      	adds	r4, r4, r3
1000509c:	2c00      	cmp	r4, #0
1000509e:	d1e8      	bne.n	10005072 <process_set_config+0x96>
100050a0:	4926      	ldr	r1, [pc, #152]	@ (1000513c <process_set_config+0x160>)
100050a2:	4827      	ldr	r0, [pc, #156]	@ (10005140 <process_set_config+0x164>)
100050a4:	4a2d      	ldr	r2, [pc, #180]	@ (1000515c <process_set_config+0x180>)
100050a6:	f7ff f89b 	bl	100041e0 <__wrap_printf>
100050aa:	2000      	movs	r0, #0
100050ac:	e7ae      	b.n	1000500c <process_set_config+0x30>
100050ae:	4643      	mov	r3, r8
100050b0:	2b01      	cmp	r3, #1
100050b2:	d010      	beq.n	100050d6 <process_set_config+0xfa>
100050b4:	2200      	movs	r2, #0
100050b6:	4590      	cmp	r8, r2
100050b8:	d91a      	bls.n	100050f0 <process_set_config+0x114>
100050ba:	78b3      	ldrb	r3, [r6, #2]
100050bc:	189b      	adds	r3, r3, r2
100050be:	b2db      	uxtb	r3, r3
100050c0:	4921      	ldr	r1, [pc, #132]	@ (10005148 <process_set_config+0x16c>)
100050c2:	18c9      	adds	r1, r1, r3
100050c4:	7909      	ldrb	r1, [r1, #4]
100050c6:	29ff      	cmp	r1, #255	@ 0xff
100050c8:	d10b      	bne.n	100050e2 <process_set_config+0x106>
100050ca:	491f      	ldr	r1, [pc, #124]	@ (10005148 <process_set_config+0x16c>)
100050cc:	18cb      	adds	r3, r1, r3
100050ce:	711d      	strb	r5, [r3, #4]
100050d0:	3201      	adds	r2, #1
100050d2:	b2d2      	uxtb	r2, r2
100050d4:	e7ef      	b.n	100050b6 <process_set_config+0xda>
100050d6:	6922      	ldr	r2, [r4, #16]
100050d8:	4b21      	ldr	r3, [pc, #132]	@ (10005160 <process_set_config+0x184>)
100050da:	429a      	cmp	r2, r3
100050dc:	d1ea      	bne.n	100050b4 <process_set_config+0xd8>
100050de:	46d8      	mov	r8, fp
100050e0:	e7e8      	b.n	100050b4 <process_set_config+0xd8>
100050e2:	4916      	ldr	r1, [pc, #88]	@ (1000513c <process_set_config+0x160>)
100050e4:	4816      	ldr	r0, [pc, #88]	@ (10005140 <process_set_config+0x164>)
100050e6:	4a1f      	ldr	r2, [pc, #124]	@ (10005164 <process_set_config+0x188>)
100050e8:	f7ff f87a 	bl	100041e0 <__wrap_printf>
100050ec:	2000      	movs	r0, #0
100050ee:	e78d      	b.n	1000500c <process_set_config+0x30>
100050f0:	481d      	ldr	r0, [pc, #116]	@ (10005168 <process_set_config+0x18c>)
100050f2:	002b      	movs	r3, r5
100050f4:	9c01      	ldr	r4, [sp, #4]
100050f6:	0022      	movs	r2, r4
100050f8:	0031      	movs	r1, r6
100050fa:	f001 faf9 	bl	100066f0 <tu_edpt_bind_driver>
100050fe:	46a4      	mov	ip, r4
10005100:	4466      	add	r6, ip
10005102:	4b14      	ldr	r3, [pc, #80]	@ (10005154 <process_set_config+0x178>)
10005104:	781b      	ldrb	r3, [r3, #0]
10005106:	42ab      	cmp	r3, r5
10005108:	d30e      	bcc.n	10005128 <process_set_config+0x14c>
1000510a:	4556      	cmp	r6, sl
1000510c:	d214      	bcs.n	10005138 <process_set_config+0x15c>
1000510e:	7873      	ldrb	r3, [r6, #1]
10005110:	2b0b      	cmp	r3, #11
10005112:	d09e      	beq.n	10005052 <process_set_config+0x76>
10005114:	2301      	movs	r3, #1
10005116:	4698      	mov	r8, r3
10005118:	7873      	ldrb	r3, [r6, #1]
1000511a:	2b04      	cmp	r3, #4
1000511c:	d19e      	bne.n	1000505c <process_set_config+0x80>
1000511e:	4653      	mov	r3, sl
10005120:	1b9f      	subs	r7, r3, r6
10005122:	b2bf      	uxth	r7, r7
10005124:	2500      	movs	r5, #0
10005126:	e7b0      	b.n	1000508a <process_set_config+0xae>
10005128:	2285      	movs	r2, #133	@ 0x85
1000512a:	4904      	ldr	r1, [pc, #16]	@ (1000513c <process_set_config+0x160>)
1000512c:	4804      	ldr	r0, [pc, #16]	@ (10005140 <process_set_config+0x164>)
1000512e:	00d2      	lsls	r2, r2, #3
10005130:	f7ff f856 	bl	100041e0 <__wrap_printf>
10005134:	2000      	movs	r0, #0
10005136:	e769      	b.n	1000500c <process_set_config+0x30>
10005138:	2001      	movs	r0, #1
1000513a:	e767      	b.n	1000500c <process_set_config+0x30>
1000513c:	10008cf0 	.word	0x10008cf0
10005140:	100087fc 	.word	0x100087fc
10005144:	000003d6 	.word	0x000003d6
10005148:	20001010 	.word	0x20001010
1000514c:	000003f1 	.word	0x000003f1
10005150:	10008d50 	.word	0x10008d50
10005154:	20001af5 	.word	0x20001af5
10005158:	20000e60 	.word	0x20000e60
1000515c:	000003fa 	.word	0x000003fa
10005160:	10006199 	.word	0x10006199
10005164:	00000419 	.word	0x00000419
10005168:	20001024 	.word	0x20001024

1000516c <tud_event_hook_cb>:
1000516c:	4770      	bx	lr

1000516e <tud_sof_cb>:
1000516e:	4770      	bx	lr

10005170 <tud_descriptor_device_qualifier_cb>:
10005170:	2000      	movs	r0, #0
10005172:	4770      	bx	lr

10005174 <tud_descriptor_other_speed_configuration_cb>:
10005174:	2000      	movs	r0, #0
10005176:	4770      	bx	lr

10005178 <process_get_descriptor>:
10005178:	b570      	push	{r4, r5, r6, lr}
1000517a:	0005      	movs	r5, r0
1000517c:	000c      	movs	r4, r1
1000517e:	7888      	ldrb	r0, [r1, #2]
10005180:	78cb      	ldrb	r3, [r1, #3]
10005182:	021b      	lsls	r3, r3, #8
10005184:	0a1a      	lsrs	r2, r3, #8
10005186:	0013      	movs	r3, r2
10005188:	2a06      	cmp	r2, #6
1000518a:	d054      	beq.n	10005236 <process_get_descriptor+0xbe>
1000518c:	d811      	bhi.n	100051b2 <process_get_descriptor+0x3a>
1000518e:	2a02      	cmp	r2, #2
10005190:	d029      	beq.n	100051e6 <process_get_descriptor+0x6e>
10005192:	2a03      	cmp	r2, #3
10005194:	d041      	beq.n	1000521a <process_get_descriptor+0xa2>
10005196:	2a01      	cmp	r2, #1
10005198:	d109      	bne.n	100051ae <process_get_descriptor+0x36>
1000519a:	f7ff fb87 	bl	100048ac <tud_descriptor_device_cb>
1000519e:	1e02      	subs	r2, r0, #0
100051a0:	d01a      	beq.n	100051d8 <process_get_descriptor+0x60>
100051a2:	2312      	movs	r3, #18
100051a4:	0021      	movs	r1, r4
100051a6:	0028      	movs	r0, r5
100051a8:	f000 fd54 	bl	10005c54 <tud_control_xfer>
100051ac:	e029      	b.n	10005202 <process_get_descriptor+0x8a>
100051ae:	2000      	movs	r0, #0
100051b0:	e027      	b.n	10005202 <process_get_descriptor+0x8a>
100051b2:	2a07      	cmp	r2, #7
100051b4:	d017      	beq.n	100051e6 <process_get_descriptor+0x6e>
100051b6:	2a0f      	cmp	r2, #15
100051b8:	d10c      	bne.n	100051d4 <process_get_descriptor+0x5c>
100051ba:	f7ff fc5d 	bl	10004a78 <tud_descriptor_bos_cb>
100051be:	1e02      	subs	r2, r0, #0
100051c0:	d043      	beq.n	1000524a <process_get_descriptor+0xd2>
100051c2:	7881      	ldrb	r1, [r0, #2]
100051c4:	78c3      	ldrb	r3, [r0, #3]
100051c6:	021b      	lsls	r3, r3, #8
100051c8:	430b      	orrs	r3, r1
100051ca:	0021      	movs	r1, r4
100051cc:	0028      	movs	r0, r5
100051ce:	f000 fd41 	bl	10005c54 <tud_control_xfer>
100051d2:	e016      	b.n	10005202 <process_get_descriptor+0x8a>
100051d4:	2000      	movs	r0, #0
100051d6:	e014      	b.n	10005202 <process_get_descriptor+0x8a>
100051d8:	4920      	ldr	r1, [pc, #128]	@ (1000525c <process_get_descriptor+0xe4>)
100051da:	4821      	ldr	r0, [pc, #132]	@ (10005260 <process_get_descriptor+0xe8>)
100051dc:	4a21      	ldr	r2, [pc, #132]	@ (10005264 <process_get_descriptor+0xec>)
100051de:	f7fe ffff 	bl	100041e0 <__wrap_printf>
100051e2:	2000      	movs	r0, #0
100051e4:	e00d      	b.n	10005202 <process_get_descriptor+0x8a>
100051e6:	2b02      	cmp	r3, #2
100051e8:	d00c      	beq.n	10005204 <process_get_descriptor+0x8c>
100051ea:	f7ff ffc3 	bl	10005174 <tud_descriptor_other_speed_configuration_cb>
100051ee:	1e02      	subs	r2, r0, #0
100051f0:	d02d      	beq.n	1000524e <process_get_descriptor+0xd6>
100051f2:	7891      	ldrb	r1, [r2, #2]
100051f4:	78d3      	ldrb	r3, [r2, #3]
100051f6:	021b      	lsls	r3, r3, #8
100051f8:	430b      	orrs	r3, r1
100051fa:	0021      	movs	r1, r4
100051fc:	0028      	movs	r0, r5
100051fe:	f000 fd29 	bl	10005c54 <tud_control_xfer>
10005202:	bd70      	pop	{r4, r5, r6, pc}
10005204:	f7ff fb56 	bl	100048b4 <tud_descriptor_configuration_cb>
10005208:	1e02      	subs	r2, r0, #0
1000520a:	d1f2      	bne.n	100051f2 <process_get_descriptor+0x7a>
1000520c:	4913      	ldr	r1, [pc, #76]	@ (1000525c <process_get_descriptor+0xe4>)
1000520e:	4814      	ldr	r0, [pc, #80]	@ (10005260 <process_get_descriptor+0xe8>)
10005210:	4a15      	ldr	r2, [pc, #84]	@ (10005268 <process_get_descriptor+0xf0>)
10005212:	f7fe ffe5 	bl	100041e0 <__wrap_printf>
10005216:	2000      	movs	r0, #0
10005218:	e7f3      	b.n	10005202 <process_get_descriptor+0x8a>
1000521a:	790b      	ldrb	r3, [r1, #4]
1000521c:	7949      	ldrb	r1, [r1, #5]
1000521e:	0209      	lsls	r1, r1, #8
10005220:	4319      	orrs	r1, r3
10005222:	f7ff fb4b 	bl	100048bc <tud_descriptor_string_cb>
10005226:	1e02      	subs	r2, r0, #0
10005228:	d013      	beq.n	10005252 <process_get_descriptor+0xda>
1000522a:	7803      	ldrb	r3, [r0, #0]
1000522c:	0021      	movs	r1, r4
1000522e:	0028      	movs	r0, r5
10005230:	f000 fd10 	bl	10005c54 <tud_control_xfer>
10005234:	e7e5      	b.n	10005202 <process_get_descriptor+0x8a>
10005236:	f7ff ff9b 	bl	10005170 <tud_descriptor_device_qualifier_cb>
1000523a:	1e02      	subs	r2, r0, #0
1000523c:	d00b      	beq.n	10005256 <process_get_descriptor+0xde>
1000523e:	7803      	ldrb	r3, [r0, #0]
10005240:	0021      	movs	r1, r4
10005242:	0028      	movs	r0, r5
10005244:	f000 fd06 	bl	10005c54 <tud_control_xfer>
10005248:	e7db      	b.n	10005202 <process_get_descriptor+0x8a>
1000524a:	2000      	movs	r0, #0
1000524c:	e7d9      	b.n	10005202 <process_get_descriptor+0x8a>
1000524e:	2000      	movs	r0, #0
10005250:	e7d7      	b.n	10005202 <process_get_descriptor+0x8a>
10005252:	2000      	movs	r0, #0
10005254:	e7d5      	b.n	10005202 <process_get_descriptor+0x8a>
10005256:	2000      	movs	r0, #0
10005258:	e7d3      	b.n	10005202 <process_get_descriptor+0x8a>
1000525a:	46c0      	nop			@ (mov r8, r8)
1000525c:	10008cd8 	.word	0x10008cd8
10005260:	100087fc 	.word	0x100087fc
10005264:	0000043a 	.word	0x0000043a
10005268:	00000461 	.word	0x00000461

1000526c <tud_mount_cb>:
1000526c:	4770      	bx	lr

1000526e <tud_umount_cb>:
1000526e:	4770      	bx	lr

10005270 <tud_suspend_cb>:
10005270:	4770      	bx	lr

10005272 <tud_resume_cb>:
10005272:	4770      	bx	lr

10005274 <tud_mounted>:
10005274:	4b02      	ldr	r3, [pc, #8]	@ (10005280 <tud_mounted+0xc>)
10005276:	7858      	ldrb	r0, [r3, #1]
10005278:	1e43      	subs	r3, r0, #1
1000527a:	4198      	sbcs	r0, r3
1000527c:	b2c0      	uxtb	r0, r0
1000527e:	4770      	bx	lr
10005280:	20001010 	.word	0x20001010

10005284 <tud_suspended>:
10005284:	4b02      	ldr	r3, [pc, #8]	@ (10005290 <tud_suspended+0xc>)
10005286:	7818      	ldrb	r0, [r3, #0]
10005288:	0740      	lsls	r0, r0, #29
1000528a:	0fc0      	lsrs	r0, r0, #31
1000528c:	4770      	bx	lr
1000528e:	46c0      	nop			@ (mov r8, r8)
10005290:	20001010 	.word	0x20001010

10005294 <tud_inited>:
10005294:	4b03      	ldr	r3, [pc, #12]	@ (100052a4 <tud_inited+0x10>)
10005296:	7818      	ldrb	r0, [r3, #0]
10005298:	38ff      	subs	r0, #255	@ 0xff
1000529a:	1e43      	subs	r3, r0, #1
1000529c:	4198      	sbcs	r0, r3
1000529e:	b2c0      	uxtb	r0, r0
100052a0:	4770      	bx	lr
100052a2:	46c0      	nop			@ (mov r8, r8)
100052a4:	20000cbc 	.word	0x20000cbc

100052a8 <tud_rhport_init>:
100052a8:	b5f8      	push	{r3, r4, r5, r6, r7, lr}
100052aa:	0006      	movs	r6, r0
100052ac:	000c      	movs	r4, r1
100052ae:	000f      	movs	r7, r1
100052b0:	f7ff fff0 	bl	10005294 <tud_inited>
100052b4:	1e05      	subs	r5, r0, #0
100052b6:	d145      	bne.n	10005344 <tud_rhport_init+0x9c>
100052b8:	2c00      	cmp	r4, #0
100052ba:	d021      	beq.n	10005300 <tud_rhport_init+0x58>
100052bc:	482c      	ldr	r0, [pc, #176]	@ (10005370 <tud_rhport_init+0xc8>)
100052be:	2254      	movs	r2, #84	@ 0x54
100052c0:	2100      	movs	r1, #0
100052c2:	f7fd fd0b 	bl	10002cdc <__wrap_memset>
100052c6:	4b2b      	ldr	r3, [pc, #172]	@ (10005374 <tud_rhport_init+0xcc>)
100052c8:	2200      	movs	r2, #0
100052ca:	701a      	strb	r2, [r3, #0]
100052cc:	4c2a      	ldr	r4, [pc, #168]	@ (10005378 <tud_rhport_init+0xd0>)
100052ce:	0020      	movs	r0, r4
100052d0:	f7fb fdaa 	bl	10000e28 <mutex_init>
100052d4:	4b29      	ldr	r3, [pc, #164]	@ (1000537c <tud_rhport_init+0xd4>)
100052d6:	601c      	str	r4, [r3, #0]
100052d8:	4c29      	ldr	r4, [pc, #164]	@ (10005380 <tud_rhport_init+0xd8>)
100052da:	0020      	movs	r0, r4
100052dc:	f7fb fdf0 	bl	10000ec0 <critical_section_init>
100052e0:	3c14      	subs	r4, #20
100052e2:	0020      	movs	r0, r4
100052e4:	f001 fc84 	bl	10006bf0 <tu_fifo_clear>
100052e8:	4b26      	ldr	r3, [pc, #152]	@ (10005384 <tud_rhport_init+0xdc>)
100052ea:	601c      	str	r4, [r3, #0]
100052ec:	4b26      	ldr	r3, [pc, #152]	@ (10005388 <tud_rhport_init+0xe0>)
100052ee:	2b00      	cmp	r3, #0
100052f0:	d004      	beq.n	100052fc <tud_rhport_init+0x54>
100052f2:	4826      	ldr	r0, [pc, #152]	@ (1000538c <tud_rhport_init+0xe4>)
100052f4:	f7ff fbe2 	bl	10004abc <usbd_app_driver_get_cb>
100052f8:	4b25      	ldr	r3, [pc, #148]	@ (10005390 <tud_rhport_init+0xe8>)
100052fa:	6018      	str	r0, [r3, #0]
100052fc:	2400      	movs	r4, #0
100052fe:	e010      	b.n	10005322 <tud_rhport_init+0x7a>
10005300:	22e9      	movs	r2, #233	@ 0xe9
10005302:	4924      	ldr	r1, [pc, #144]	@ (10005394 <tud_rhport_init+0xec>)
10005304:	4824      	ldr	r0, [pc, #144]	@ (10005398 <tud_rhport_init+0xf0>)
10005306:	0052      	lsls	r2, r2, #1
10005308:	f7fe ff6a 	bl	100041e0 <__wrap_printf>
1000530c:	e01a      	b.n	10005344 <tud_rhport_init+0x9c>
1000530e:	1ae3      	subs	r3, r4, r3
10005310:	015b      	lsls	r3, r3, #5
10005312:	4a22      	ldr	r2, [pc, #136]	@ (1000539c <tud_rhport_init+0xf4>)
10005314:	189b      	adds	r3, r3, r2
10005316:	685b      	ldr	r3, [r3, #4]
10005318:	2b00      	cmp	r3, #0
1000531a:	d00d      	beq.n	10005338 <tud_rhport_init+0x90>
1000531c:	4798      	blx	r3
1000531e:	3401      	adds	r4, #1
10005320:	b2e4      	uxtb	r4, r4
10005322:	4b1a      	ldr	r3, [pc, #104]	@ (1000538c <tud_rhport_init+0xe4>)
10005324:	781b      	ldrb	r3, [r3, #0]
10005326:	42a3      	cmp	r3, r4
10005328:	d30e      	bcc.n	10005348 <tud_rhport_init+0xa0>
1000532a:	d9f0      	bls.n	1000530e <tud_rhport_init+0x66>
1000532c:	4b18      	ldr	r3, [pc, #96]	@ (10005390 <tud_rhport_init+0xe8>)
1000532e:	681b      	ldr	r3, [r3, #0]
10005330:	0162      	lsls	r2, r4, #5
10005332:	189b      	adds	r3, r3, r2
10005334:	2b00      	cmp	r3, #0
10005336:	d1ee      	bne.n	10005316 <tud_rhport_init+0x6e>
10005338:	22f8      	movs	r2, #248	@ 0xf8
1000533a:	4916      	ldr	r1, [pc, #88]	@ (10005394 <tud_rhport_init+0xec>)
1000533c:	4816      	ldr	r0, [pc, #88]	@ (10005398 <tud_rhport_init+0xf0>)
1000533e:	0052      	lsls	r2, r2, #1
10005340:	f7fe ff4e 	bl	100041e0 <__wrap_printf>
10005344:	0028      	movs	r0, r5
10005346:	bdf8      	pop	{r3, r4, r5, r6, r7, pc}
10005348:	4b15      	ldr	r3, [pc, #84]	@ (100053a0 <tud_rhport_init+0xf8>)
1000534a:	701e      	strb	r6, [r3, #0]
1000534c:	0039      	movs	r1, r7
1000534e:	0030      	movs	r0, r6
10005350:	f7ff fcca 	bl	10004ce8 <dcd_init>
10005354:	1e05      	subs	r5, r0, #0
10005356:	d003      	beq.n	10005360 <tud_rhport_init+0xb8>
10005358:	0030      	movs	r0, r6
1000535a:	f7ff fc91 	bl	10004c80 <dcd_int_enable>
1000535e:	e7f1      	b.n	10005344 <tud_rhport_init+0x9c>
10005360:	22fc      	movs	r2, #252	@ 0xfc
10005362:	490c      	ldr	r1, [pc, #48]	@ (10005394 <tud_rhport_init+0xec>)
10005364:	480c      	ldr	r0, [pc, #48]	@ (10005398 <tud_rhport_init+0xf0>)
10005366:	0052      	lsls	r2, r2, #1
10005368:	f7fe ff3a 	bl	100041e0 <__wrap_printf>
1000536c:	e7ea      	b.n	10005344 <tud_rhport_init+0x9c>
1000536e:	46c0      	nop			@ (mov r8, r8)
10005370:	20001010 	.word	0x20001010
10005374:	20001af7 	.word	0x20001af7
10005378:	20001008 	.word	0x20001008
1000537c:	20001064 	.word	0x20001064
10005380:	20000cb4 	.word	0x20000cb4
10005384:	20001068 	.word	0x20001068
10005388:	10004abd 	.word	0x10004abd
1000538c:	20001af5 	.word	0x20001af5
10005390:	20000e60 	.word	0x20000e60
10005394:	10008d40 	.word	0x10008d40
10005398:	100087fc 	.word	0x100087fc
1000539c:	10008d50 	.word	0x10008d50
100053a0:	20000cbc 	.word	0x20000cbc

100053a4 <usbd_edpt_open>:
100053a4:	b570      	push	{r4, r5, r6, lr}
100053a6:	000c      	movs	r4, r1
100053a8:	4b11      	ldr	r3, [pc, #68]	@ (100053f0 <usbd_edpt_open+0x4c>)
100053aa:	781b      	ldrb	r3, [r3, #0]
100053ac:	001e      	movs	r6, r3
100053ae:	788b      	ldrb	r3, [r1, #2]
100053b0:	2270      	movs	r2, #112	@ 0x70
100053b2:	421a      	tst	r2, r3
100053b4:	d10d      	bne.n	100053d2 <usbd_edpt_open+0x2e>
100053b6:	4b0f      	ldr	r3, [pc, #60]	@ (100053f4 <usbd_edpt_open+0x50>)
100053b8:	7899      	ldrb	r1, [r3, #2]
100053ba:	0020      	movs	r0, r4
100053bc:	f001 f942 	bl	10006644 <tu_edpt_validate>
100053c0:	1e05      	subs	r5, r0, #0
100053c2:	d00e      	beq.n	100053e2 <usbd_edpt_open+0x3e>
100053c4:	0021      	movs	r1, r4
100053c6:	0030      	movs	r0, r6
100053c8:	f7ff fcf2 	bl	10004db0 <dcd_edpt_open>
100053cc:	0005      	movs	r5, r0
100053ce:	0028      	movs	r0, r5
100053d0:	bd70      	pop	{r4, r5, r6, pc}
100053d2:	4909      	ldr	r1, [pc, #36]	@ (100053f8 <usbd_edpt_open+0x54>)
100053d4:	4809      	ldr	r0, [pc, #36]	@ (100053fc <usbd_edpt_open+0x58>)
100053d6:	4a0a      	ldr	r2, [pc, #40]	@ (10005400 <usbd_edpt_open+0x5c>)
100053d8:	f7fe ff02 	bl	100041e0 <__wrap_printf>
100053dc:	2300      	movs	r3, #0
100053de:	001d      	movs	r5, r3
100053e0:	e7f5      	b.n	100053ce <usbd_edpt_open+0x2a>
100053e2:	4905      	ldr	r1, [pc, #20]	@ (100053f8 <usbd_edpt_open+0x54>)
100053e4:	4805      	ldr	r0, [pc, #20]	@ (100053fc <usbd_edpt_open+0x58>)
100053e6:	4a07      	ldr	r2, [pc, #28]	@ (10005404 <usbd_edpt_open+0x60>)
100053e8:	f7fe fefa 	bl	100041e0 <__wrap_printf>
100053ec:	e7ef      	b.n	100053ce <usbd_edpt_open+0x2a>
100053ee:	46c0      	nop			@ (mov r8, r8)
100053f0:	20000cbc 	.word	0x20000cbc
100053f4:	20001010 	.word	0x20001010
100053f8:	10008ca8 	.word	0x10008ca8
100053fc:	100087fc 	.word	0x100087fc
10005400:	0000050b 	.word	0x0000050b
10005404:	0000050c 	.word	0x0000050c

10005408 <usbd_open_edpt_pair>:
10005408:	b5f8      	push	{r3, r4, r5, r6, r7, lr}
1000540a:	46ce      	mov	lr, r9
1000540c:	4647      	mov	r7, r8
1000540e:	b580      	push	{r7, lr}
10005410:	4680      	mov	r8, r0
10005412:	000c      	movs	r4, r1
10005414:	0016      	movs	r6, r2
10005416:	4699      	mov	r9, r3
10005418:	2500      	movs	r5, #0
1000541a:	e016      	b.n	1000544a <usbd_open_edpt_pair+0x42>
1000541c:	4917      	ldr	r1, [pc, #92]	@ (1000547c <usbd_open_edpt_pair+0x74>)
1000541e:	4818      	ldr	r0, [pc, #96]	@ (10005480 <usbd_open_edpt_pair+0x78>)
10005420:	4a18      	ldr	r2, [pc, #96]	@ (10005484 <usbd_open_edpt_pair+0x7c>)
10005422:	f7fe fedd 	bl	100041e0 <__wrap_printf>
10005426:	2700      	movs	r7, #0
10005428:	0038      	movs	r0, r7
1000542a:	bcc0      	pop	{r6, r7}
1000542c:	46b9      	mov	r9, r7
1000542e:	46b0      	mov	r8, r6
10005430:	bdf8      	pop	{r3, r4, r5, r6, r7, pc}
10005432:	229d      	movs	r2, #157	@ 0x9d
10005434:	4911      	ldr	r1, [pc, #68]	@ (1000547c <usbd_open_edpt_pair+0x74>)
10005436:	4812      	ldr	r0, [pc, #72]	@ (10005480 <usbd_open_edpt_pair+0x78>)
10005438:	00d2      	lsls	r2, r2, #3
1000543a:	f7fe fed1 	bl	100041e0 <__wrap_printf>
1000543e:	e7f3      	b.n	10005428 <usbd_open_edpt_pair+0x20>
10005440:	9a09      	ldr	r2, [sp, #36]	@ 0x24
10005442:	7013      	strb	r3, [r2, #0]
10005444:	7823      	ldrb	r3, [r4, #0]
10005446:	18e4      	adds	r4, r4, r3
10005448:	3501      	adds	r5, #1
1000544a:	42ae      	cmp	r6, r5
1000544c:	dd14      	ble.n	10005478 <usbd_open_edpt_pair+0x70>
1000544e:	7863      	ldrb	r3, [r4, #1]
10005450:	2b05      	cmp	r3, #5
10005452:	d1e3      	bne.n	1000541c <usbd_open_edpt_pair+0x14>
10005454:	78e1      	ldrb	r1, [r4, #3]
10005456:	0789      	lsls	r1, r1, #30
10005458:	0f89      	lsrs	r1, r1, #30
1000545a:	4549      	cmp	r1, r9
1000545c:	d1de      	bne.n	1000541c <usbd_open_edpt_pair+0x14>
1000545e:	0021      	movs	r1, r4
10005460:	4640      	mov	r0, r8
10005462:	f7ff ff9f 	bl	100053a4 <usbd_edpt_open>
10005466:	1e07      	subs	r7, r0, #0
10005468:	d0e3      	beq.n	10005432 <usbd_open_edpt_pair+0x2a>
1000546a:	78a3      	ldrb	r3, [r4, #2]
1000546c:	09da      	lsrs	r2, r3, #7
1000546e:	2a01      	cmp	r2, #1
10005470:	d0e6      	beq.n	10005440 <usbd_open_edpt_pair+0x38>
10005472:	9a08      	ldr	r2, [sp, #32]
10005474:	7013      	strb	r3, [r2, #0]
10005476:	e7e5      	b.n	10005444 <usbd_open_edpt_pair+0x3c>
10005478:	2701      	movs	r7, #1
1000547a:	e7d5      	b.n	10005428 <usbd_open_edpt_pair+0x20>
1000547c:	10008cb8 	.word	0x10008cb8
10005480:	100087fc 	.word	0x100087fc
10005484:	000004e7 	.word	0x000004e7

10005488 <usbd_edpt_claim>:
10005488:	b510      	push	{r4, lr}
1000548a:	207f      	movs	r0, #127	@ 0x7f
1000548c:	4008      	ands	r0, r1
1000548e:	09c9      	lsrs	r1, r1, #7
10005490:	0040      	lsls	r0, r0, #1
10005492:	1840      	adds	r0, r0, r1
10005494:	3030      	adds	r0, #48	@ 0x30
10005496:	4b04      	ldr	r3, [pc, #16]	@ (100054a8 <usbd_edpt_claim+0x20>)
10005498:	18c0      	adds	r0, r0, r3
1000549a:	3004      	adds	r0, #4
1000549c:	4b03      	ldr	r3, [pc, #12]	@ (100054ac <usbd_edpt_claim+0x24>)
1000549e:	6819      	ldr	r1, [r3, #0]
100054a0:	f001 f884 	bl	100065ac <tu_edpt_claim>
100054a4:	bd10      	pop	{r4, pc}
100054a6:	46c0      	nop			@ (mov r8, r8)
100054a8:	20001010 	.word	0x20001010
100054ac:	20001064 	.word	0x20001064

100054b0 <usbd_edpt_release>:
100054b0:	b510      	push	{r4, lr}
100054b2:	207f      	movs	r0, #127	@ 0x7f
100054b4:	4008      	ands	r0, r1
100054b6:	09c9      	lsrs	r1, r1, #7
100054b8:	0040      	lsls	r0, r0, #1
100054ba:	1840      	adds	r0, r0, r1
100054bc:	3030      	adds	r0, #48	@ 0x30
100054be:	4b04      	ldr	r3, [pc, #16]	@ (100054d0 <usbd_edpt_release+0x20>)
100054c0:	18c0      	adds	r0, r0, r3
100054c2:	3004      	adds	r0, #4
100054c4:	4b03      	ldr	r3, [pc, #12]	@ (100054d4 <usbd_edpt_release+0x24>)
100054c6:	6819      	ldr	r1, [r3, #0]
100054c8:	f001 f89b 	bl	10006602 <tu_edpt_release>
100054cc:	bd10      	pop	{r4, pc}
100054ce:	46c0      	nop			@ (mov r8, r8)
100054d0:	20001010 	.word	0x20001010
100054d4:	20001064 	.word	0x20001064

100054d8 <usbd_edpt_xfer>:
100054d8:	b5f0      	push	{r4, r5, r6, r7, lr}
100054da:	b083      	sub	sp, #12
100054dc:	9301      	str	r3, [sp, #4]
100054de:	4b19      	ldr	r3, [pc, #100]	@ (10005544 <usbd_edpt_xfer+0x6c>)
100054e0:	7818      	ldrb	r0, [r3, #0]
100054e2:	247f      	movs	r4, #127	@ 0x7f
100054e4:	400c      	ands	r4, r1
100054e6:	09cd      	lsrs	r5, r1, #7
100054e8:	4b17      	ldr	r3, [pc, #92]	@ (10005548 <usbd_edpt_xfer+0x70>)
100054ea:	0066      	lsls	r6, r4, #1
100054ec:	46b4      	mov	ip, r6
100054ee:	4463      	add	r3, ip
100054f0:	195b      	adds	r3, r3, r5
100054f2:	3330      	adds	r3, #48	@ 0x30
100054f4:	791b      	ldrb	r3, [r3, #4]
100054f6:	07db      	lsls	r3, r3, #31
100054f8:	d41c      	bmi.n	10005534 <usbd_edpt_xfer+0x5c>
100054fa:	4b13      	ldr	r3, [pc, #76]	@ (10005548 <usbd_edpt_xfer+0x70>)
100054fc:	0066      	lsls	r6, r4, #1
100054fe:	46b4      	mov	ip, r6
10005500:	4463      	add	r3, ip
10005502:	195b      	adds	r3, r3, r5
10005504:	3330      	adds	r3, #48	@ 0x30
10005506:	791e      	ldrb	r6, [r3, #4]
10005508:	2701      	movs	r7, #1
1000550a:	433e      	orrs	r6, r7
1000550c:	711e      	strb	r6, [r3, #4]
1000550e:	9b01      	ldr	r3, [sp, #4]
10005510:	f7ff fc66 	bl	10004de0 <dcd_edpt_xfer>
10005514:	2800      	cmp	r0, #0
10005516:	d113      	bne.n	10005540 <usbd_edpt_xfer+0x68>
10005518:	4b0b      	ldr	r3, [pc, #44]	@ (10005548 <usbd_edpt_xfer+0x70>)
1000551a:	0064      	lsls	r4, r4, #1
1000551c:	191b      	adds	r3, r3, r4
1000551e:	195b      	adds	r3, r3, r5
10005520:	3330      	adds	r3, #48	@ 0x30
10005522:	791a      	ldrb	r2, [r3, #4]
10005524:	2101      	movs	r1, #1
10005526:	438a      	bics	r2, r1
10005528:	711a      	strb	r2, [r3, #4]
1000552a:	791a      	ldrb	r2, [r3, #4]
1000552c:	3103      	adds	r1, #3
1000552e:	438a      	bics	r2, r1
10005530:	711a      	strb	r2, [r3, #4]
10005532:	e005      	b.n	10005540 <usbd_edpt_xfer+0x68>
10005534:	4905      	ldr	r1, [pc, #20]	@ (1000554c <usbd_edpt_xfer+0x74>)
10005536:	4806      	ldr	r0, [pc, #24]	@ (10005550 <usbd_edpt_xfer+0x78>)
10005538:	4a06      	ldr	r2, [pc, #24]	@ (10005554 <usbd_edpt_xfer+0x7c>)
1000553a:	f7fe fe51 	bl	100041e0 <__wrap_printf>
1000553e:	2000      	movs	r0, #0
10005540:	b003      	add	sp, #12
10005542:	bdf0      	pop	{r4, r5, r6, r7, pc}
10005544:	20000cbc 	.word	0x20000cbc
10005548:	20001010 	.word	0x20001010
1000554c:	10008c98 	.word	0x10008c98
10005550:	100087fc 	.word	0x100087fc
10005554:	00000539 	.word	0x00000539

10005558 <usbd_edpt_stall>:
10005558:	b570      	push	{r4, r5, r6, lr}
1000555a:	4b0a      	ldr	r3, [pc, #40]	@ (10005584 <usbd_edpt_stall+0x2c>)
1000555c:	7818      	ldrb	r0, [r3, #0]
1000555e:	247f      	movs	r4, #127	@ 0x7f
10005560:	400c      	ands	r4, r1
10005562:	09cd      	lsrs	r5, r1, #7
10005564:	f7ff fc56 	bl	10004e14 <dcd_edpt_stall>
10005568:	4a07      	ldr	r2, [pc, #28]	@ (10005588 <usbd_edpt_stall+0x30>)
1000556a:	0064      	lsls	r4, r4, #1
1000556c:	1913      	adds	r3, r2, r4
1000556e:	195b      	adds	r3, r3, r5
10005570:	3330      	adds	r3, #48	@ 0x30
10005572:	791a      	ldrb	r2, [r3, #4]
10005574:	2102      	movs	r1, #2
10005576:	430a      	orrs	r2, r1
10005578:	711a      	strb	r2, [r3, #4]
1000557a:	791a      	ldrb	r2, [r3, #4]
1000557c:	2101      	movs	r1, #1
1000557e:	430a      	orrs	r2, r1
10005580:	711a      	strb	r2, [r3, #4]
10005582:	bd70      	pop	{r4, r5, r6, pc}
10005584:	20000cbc 	.word	0x20000cbc
10005588:	20001010 	.word	0x20001010

1000558c <usbd_edpt_clear_stall>:
1000558c:	b570      	push	{r4, r5, r6, lr}
1000558e:	4b0a      	ldr	r3, [pc, #40]	@ (100055b8 <usbd_edpt_clear_stall+0x2c>)
10005590:	7818      	ldrb	r0, [r3, #0]
10005592:	247f      	movs	r4, #127	@ 0x7f
10005594:	400c      	ands	r4, r1
10005596:	09cd      	lsrs	r5, r1, #7
10005598:	f7ff fc5a 	bl	10004e50 <dcd_edpt_clear_stall>
1000559c:	4a07      	ldr	r2, [pc, #28]	@ (100055bc <usbd_edpt_clear_stall+0x30>)
1000559e:	0064      	lsls	r4, r4, #1
100055a0:	1913      	adds	r3, r2, r4
100055a2:	195b      	adds	r3, r3, r5
100055a4:	3330      	adds	r3, #48	@ 0x30
100055a6:	791a      	ldrb	r2, [r3, #4]
100055a8:	2102      	movs	r1, #2
100055aa:	438a      	bics	r2, r1
100055ac:	711a      	strb	r2, [r3, #4]
100055ae:	791a      	ldrb	r2, [r3, #4]
100055b0:	3901      	subs	r1, #1
100055b2:	438a      	bics	r2, r1
100055b4:	711a      	strb	r2, [r3, #4]
100055b6:	bd70      	pop	{r4, r5, r6, pc}
100055b8:	20000cbc 	.word	0x20000cbc
100055bc:	20001010 	.word	0x20001010

100055c0 <usbd_edpt_stalled>:
100055c0:	227f      	movs	r2, #127	@ 0x7f
100055c2:	400a      	ands	r2, r1
100055c4:	09c9      	lsrs	r1, r1, #7
100055c6:	4b04      	ldr	r3, [pc, #16]	@ (100055d8 <usbd_edpt_stalled+0x18>)
100055c8:	0052      	lsls	r2, r2, #1
100055ca:	189b      	adds	r3, r3, r2
100055cc:	185b      	adds	r3, r3, r1
100055ce:	3330      	adds	r3, #48	@ 0x30
100055d0:	7918      	ldrb	r0, [r3, #4]
100055d2:	0780      	lsls	r0, r0, #30
100055d4:	0fc0      	lsrs	r0, r0, #31
100055d6:	4770      	bx	lr
100055d8:	20001010 	.word	0x20001010

100055dc <process_control_request>:
100055dc:	b5f0      	push	{r4, r5, r6, r7, lr}
100055de:	46c6      	mov	lr, r8
100055e0:	b500      	push	{lr}
100055e2:	b084      	sub	sp, #16
100055e4:	9001      	str	r0, [sp, #4]
100055e6:	000c      	movs	r4, r1
100055e8:	2000      	movs	r0, #0
100055ea:	f000 fb89 	bl	10005d00 <usbd_control_set_complete_callback>
100055ee:	7823      	ldrb	r3, [r4, #0]
100055f0:	2260      	movs	r2, #96	@ 0x60
100055f2:	401a      	ands	r2, r3
100055f4:	2a60      	cmp	r2, #96	@ 0x60
100055f6:	d032      	beq.n	1000565e <process_control_request+0x82>
100055f8:	2a40      	cmp	r2, #64	@ 0x40
100055fa:	d039      	beq.n	10005670 <process_control_request+0x94>
100055fc:	7823      	ldrb	r3, [r4, #0]
100055fe:	06db      	lsls	r3, r3, #27
10005600:	0edb      	lsrs	r3, r3, #27
10005602:	2b01      	cmp	r3, #1
10005604:	d100      	bne.n	10005608 <process_control_request+0x2c>
10005606:	e0f4      	b.n	100057f2 <process_control_request+0x216>
10005608:	2b02      	cmp	r3, #2
1000560a:	d100      	bne.n	1000560e <process_control_request+0x32>
1000560c:	e13a      	b.n	10005884 <process_control_request+0x2a8>
1000560e:	2b00      	cmp	r3, #0
10005610:	d000      	beq.n	10005614 <process_control_request+0x38>
10005612:	e1b9      	b.n	10005988 <process_control_request+0x3ac>
10005614:	2a20      	cmp	r2, #32
10005616:	d035      	beq.n	10005684 <process_control_request+0xa8>
10005618:	2a00      	cmp	r2, #0
1000561a:	d000      	beq.n	1000561e <process_control_request+0x42>
1000561c:	e1c1      	b.n	100059a2 <process_control_request+0x3c6>
1000561e:	7863      	ldrb	r3, [r4, #1]
10005620:	2b05      	cmp	r3, #5
10005622:	d067      	beq.n	100056f4 <process_control_request+0x118>
10005624:	d857      	bhi.n	100056d6 <process_control_request+0xfa>
10005626:	2b01      	cmp	r3, #1
10005628:	d100      	bne.n	1000562c <process_control_request+0x50>
1000562a:	e0cd      	b.n	100057c8 <process_control_request+0x1ec>
1000562c:	2b03      	cmp	r3, #3
1000562e:	d100      	bne.n	10005632 <process_control_request+0x56>
10005630:	e0b5      	b.n	1000579e <process_control_request+0x1c2>
10005632:	2b00      	cmp	r3, #0
10005634:	d14c      	bne.n	100056d0 <process_control_request+0xf4>
10005636:	4bcc      	ldr	r3, [pc, #816]	@ (10005968 <process_control_request+0x38c>)
10005638:	781a      	ldrb	r2, [r3, #0]
1000563a:	0951      	lsrs	r1, r2, #5
1000563c:	0892      	lsrs	r2, r2, #2
1000563e:	2302      	movs	r3, #2
10005640:	4013      	ands	r3, r2
10005642:	2201      	movs	r2, #1
10005644:	400a      	ands	r2, r1
10005646:	4313      	orrs	r3, r2
10005648:	aa02      	add	r2, sp, #8
1000564a:	3206      	adds	r2, #6
1000564c:	8013      	strh	r3, [r2, #0]
1000564e:	2302      	movs	r3, #2
10005650:	0021      	movs	r1, r4
10005652:	9801      	ldr	r0, [sp, #4]
10005654:	f000 fafe 	bl	10005c54 <tud_control_xfer>
10005658:	2301      	movs	r3, #1
1000565a:	001d      	movs	r5, r3
1000565c:	e196      	b.n	1000598c <process_control_request+0x3b0>
1000565e:	3255      	adds	r2, #85	@ 0x55
10005660:	49c2      	ldr	r1, [pc, #776]	@ (1000596c <process_control_request+0x390>)
10005662:	48c3      	ldr	r0, [pc, #780]	@ (10005970 <process_control_request+0x394>)
10005664:	0092      	lsls	r2, r2, #2
10005666:	f7fe fdbb 	bl	100041e0 <__wrap_printf>
1000566a:	2300      	movs	r3, #0
1000566c:	001d      	movs	r5, r3
1000566e:	e18d      	b.n	1000598c <process_control_request+0x3b0>
10005670:	48c0      	ldr	r0, [pc, #768]	@ (10005974 <process_control_request+0x398>)
10005672:	f000 fb45 	bl	10005d00 <usbd_control_set_complete_callback>
10005676:	0022      	movs	r2, r4
10005678:	2101      	movs	r1, #1
1000567a:	9801      	ldr	r0, [sp, #4]
1000567c:	f7ff fa00 	bl	10004a80 <tud_vendor_control_xfer_cb>
10005680:	0005      	movs	r5, r0
10005682:	e183      	b.n	1000598c <process_control_request+0x3b0>
10005684:	7922      	ldrb	r2, [r4, #4]
10005686:	7963      	ldrb	r3, [r4, #5]
10005688:	021b      	lsls	r3, r3, #8
1000568a:	4313      	orrs	r3, r2
1000568c:	2a0f      	cmp	r2, #15
1000568e:	d900      	bls.n	10005692 <process_control_request+0xb6>
10005690:	e181      	b.n	10005996 <process_control_request+0x3ba>
10005692:	4ab5      	ldr	r2, [pc, #724]	@ (10005968 <process_control_request+0x38c>)
10005694:	21ff      	movs	r1, #255	@ 0xff
10005696:	400b      	ands	r3, r1
10005698:	18d2      	adds	r2, r2, r3
1000569a:	7913      	ldrb	r3, [r2, #4]
1000569c:	4ab6      	ldr	r2, [pc, #728]	@ (10005978 <process_control_request+0x39c>)
1000569e:	7812      	ldrb	r2, [r2, #0]
100056a0:	4293      	cmp	r3, r2
100056a2:	d208      	bcs.n	100056b6 <process_control_request+0xda>
100056a4:	4ab5      	ldr	r2, [pc, #724]	@ (1000597c <process_control_request+0x3a0>)
100056a6:	6811      	ldr	r1, [r2, #0]
100056a8:	015b      	lsls	r3, r3, #5
100056aa:	18c9      	adds	r1, r1, r3
100056ac:	2900      	cmp	r1, #0
100056ae:	d109      	bne.n	100056c4 <process_control_request+0xe8>
100056b0:	2300      	movs	r3, #0
100056b2:	001d      	movs	r5, r3
100056b4:	e16a      	b.n	1000598c <process_control_request+0x3b0>
100056b6:	4293      	cmp	r3, r2
100056b8:	d900      	bls.n	100056bc <process_control_request+0xe0>
100056ba:	e16f      	b.n	1000599c <process_control_request+0x3c0>
100056bc:	1a9b      	subs	r3, r3, r2
100056be:	015b      	lsls	r3, r3, #5
100056c0:	49af      	ldr	r1, [pc, #700]	@ (10005980 <process_control_request+0x3a4>)
100056c2:	1859      	adds	r1, r3, r1
100056c4:	0022      	movs	r2, r4
100056c6:	9801      	ldr	r0, [sp, #4]
100056c8:	f7ff fc7a 	bl	10004fc0 <invoke_class_control>
100056cc:	0005      	movs	r5, r0
100056ce:	e15d      	b.n	1000598c <process_control_request+0x3b0>
100056d0:	2300      	movs	r3, #0
100056d2:	001d      	movs	r5, r3
100056d4:	e15a      	b.n	1000598c <process_control_request+0x3b0>
100056d6:	2b08      	cmp	r3, #8
100056d8:	d01b      	beq.n	10005712 <process_control_request+0x136>
100056da:	2b09      	cmp	r3, #9
100056dc:	d026      	beq.n	1000572c <process_control_request+0x150>
100056de:	2b06      	cmp	r3, #6
100056e0:	d105      	bne.n	100056ee <process_control_request+0x112>
100056e2:	0021      	movs	r1, r4
100056e4:	9801      	ldr	r0, [sp, #4]
100056e6:	f7ff fd47 	bl	10005178 <process_get_descriptor>
100056ea:	0005      	movs	r5, r0
100056ec:	e14e      	b.n	1000598c <process_control_request+0x3b0>
100056ee:	2300      	movs	r3, #0
100056f0:	001d      	movs	r5, r3
100056f2:	e14b      	b.n	1000598c <process_control_request+0x3b0>
100056f4:	0020      	movs	r0, r4
100056f6:	f000 fb09 	bl	10005d0c <usbd_control_set_request>
100056fa:	78a1      	ldrb	r1, [r4, #2]
100056fc:	9801      	ldr	r0, [sp, #4]
100056fe:	f7ff fad5 	bl	10004cac <dcd_set_address>
10005702:	4a99      	ldr	r2, [pc, #612]	@ (10005968 <process_control_request+0x38c>)
10005704:	7813      	ldrb	r3, [r2, #0]
10005706:	2102      	movs	r1, #2
10005708:	430b      	orrs	r3, r1
1000570a:	7013      	strb	r3, [r2, #0]
1000570c:	2301      	movs	r3, #1
1000570e:	001d      	movs	r5, r3
10005710:	e13c      	b.n	1000598c <process_control_request+0x3b0>
10005712:	4b95      	ldr	r3, [pc, #596]	@ (10005968 <process_control_request+0x38c>)
10005714:	785b      	ldrb	r3, [r3, #1]
10005716:	aa02      	add	r2, sp, #8
10005718:	3206      	adds	r2, #6
1000571a:	7013      	strb	r3, [r2, #0]
1000571c:	2301      	movs	r3, #1
1000571e:	0021      	movs	r1, r4
10005720:	9801      	ldr	r0, [sp, #4]
10005722:	f000 fa97 	bl	10005c54 <tud_control_xfer>
10005726:	2301      	movs	r3, #1
10005728:	001d      	movs	r5, r3
1000572a:	e12f      	b.n	1000598c <process_control_request+0x3b0>
1000572c:	78a2      	ldrb	r2, [r4, #2]
1000572e:	4690      	mov	r8, r2
10005730:	4b8d      	ldr	r3, [pc, #564]	@ (10005968 <process_control_request+0x38c>)
10005732:	785b      	ldrb	r3, [r3, #1]
10005734:	4293      	cmp	r3, r2
10005736:	d02b      	beq.n	10005790 <process_control_request+0x1b4>
10005738:	4b8b      	ldr	r3, [pc, #556]	@ (10005968 <process_control_request+0x38c>)
1000573a:	785b      	ldrb	r3, [r3, #1]
1000573c:	2b00      	cmp	r3, #0
1000573e:	d10c      	bne.n	1000575a <process_control_request+0x17e>
10005740:	4b89      	ldr	r3, [pc, #548]	@ (10005968 <process_control_request+0x38c>)
10005742:	4641      	mov	r1, r8
10005744:	7059      	strb	r1, [r3, #1]
10005746:	2900      	cmp	r1, #0
10005748:	d020      	beq.n	1000578c <process_control_request+0x1b0>
1000574a:	9801      	ldr	r0, [sp, #4]
1000574c:	f7ff fc46 	bl	10004fdc <process_set_config>
10005750:	1e05      	subs	r5, r0, #0
10005752:	d011      	beq.n	10005778 <process_control_request+0x19c>
10005754:	f7ff fd8a 	bl	1000526c <tud_mount_cb>
10005758:	e01a      	b.n	10005790 <process_control_request+0x1b4>
1000575a:	2100      	movs	r1, #0
1000575c:	9d01      	ldr	r5, [sp, #4]
1000575e:	0028      	movs	r0, r5
10005760:	f7ff fb02 	bl	10004d68 <dcd_sof_enable>
10005764:	0028      	movs	r0, r5
10005766:	f7ff fb36 	bl	10004dd6 <dcd_edpt_close_all>
1000576a:	4e7f      	ldr	r6, [pc, #508]	@ (10005968 <process_control_request+0x38c>)
1000576c:	78b7      	ldrb	r7, [r6, #2]
1000576e:	0028      	movs	r0, r5
10005770:	f7ff fbe2 	bl	10004f38 <configuration_reset>
10005774:	70b7      	strb	r7, [r6, #2]
10005776:	e7e3      	b.n	10005740 <process_control_request+0x164>
10005778:	22c9      	movs	r2, #201	@ 0xc9
1000577a:	497c      	ldr	r1, [pc, #496]	@ (1000596c <process_control_request+0x390>)
1000577c:	487c      	ldr	r0, [pc, #496]	@ (10005970 <process_control_request+0x394>)
1000577e:	0092      	lsls	r2, r2, #2
10005780:	f7fe fd2e 	bl	100041e0 <__wrap_printf>
10005784:	4b78      	ldr	r3, [pc, #480]	@ (10005968 <process_control_request+0x38c>)
10005786:	2200      	movs	r2, #0
10005788:	705a      	strb	r2, [r3, #1]
1000578a:	e0ff      	b.n	1000598c <process_control_request+0x3b0>
1000578c:	f7ff fd6f 	bl	1000526e <tud_umount_cb>
10005790:	0021      	movs	r1, r4
10005792:	9801      	ldr	r0, [sp, #4]
10005794:	f000 fa4a 	bl	10005c2c <tud_control_status>
10005798:	2301      	movs	r3, #1
1000579a:	001d      	movs	r5, r3
1000579c:	e0f6      	b.n	1000598c <process_control_request+0x3b0>
1000579e:	78a2      	ldrb	r2, [r4, #2]
100057a0:	78e3      	ldrb	r3, [r4, #3]
100057a2:	021b      	lsls	r3, r3, #8
100057a4:	4313      	orrs	r3, r2
100057a6:	2b01      	cmp	r3, #1
100057a8:	d002      	beq.n	100057b0 <process_control_request+0x1d4>
100057aa:	2300      	movs	r3, #0
100057ac:	001d      	movs	r5, r3
100057ae:	e0ed      	b.n	1000598c <process_control_request+0x3b0>
100057b0:	4a6d      	ldr	r2, [pc, #436]	@ (10005968 <process_control_request+0x38c>)
100057b2:	7813      	ldrb	r3, [r2, #0]
100057b4:	2108      	movs	r1, #8
100057b6:	430b      	orrs	r3, r1
100057b8:	7013      	strb	r3, [r2, #0]
100057ba:	0021      	movs	r1, r4
100057bc:	9801      	ldr	r0, [sp, #4]
100057be:	f000 fa35 	bl	10005c2c <tud_control_status>
100057c2:	2301      	movs	r3, #1
100057c4:	001d      	movs	r5, r3
100057c6:	e0e1      	b.n	1000598c <process_control_request+0x3b0>
100057c8:	78a2      	ldrb	r2, [r4, #2]
100057ca:	78e3      	ldrb	r3, [r4, #3]
100057cc:	021b      	lsls	r3, r3, #8
100057ce:	4313      	orrs	r3, r2
100057d0:	2b01      	cmp	r3, #1
100057d2:	d002      	beq.n	100057da <process_control_request+0x1fe>
100057d4:	2300      	movs	r3, #0
100057d6:	001d      	movs	r5, r3
100057d8:	e0d8      	b.n	1000598c <process_control_request+0x3b0>
100057da:	4a63      	ldr	r2, [pc, #396]	@ (10005968 <process_control_request+0x38c>)
100057dc:	7813      	ldrb	r3, [r2, #0]
100057de:	2108      	movs	r1, #8
100057e0:	438b      	bics	r3, r1
100057e2:	7013      	strb	r3, [r2, #0]
100057e4:	0021      	movs	r1, r4
100057e6:	9801      	ldr	r0, [sp, #4]
100057e8:	f000 fa20 	bl	10005c2c <tud_control_status>
100057ec:	2301      	movs	r3, #1
100057ee:	001d      	movs	r5, r3
100057f0:	e0cc      	b.n	1000598c <process_control_request+0x3b0>
100057f2:	7922      	ldrb	r2, [r4, #4]
100057f4:	7963      	ldrb	r3, [r4, #5]
100057f6:	021b      	lsls	r3, r3, #8
100057f8:	4313      	orrs	r3, r2
100057fa:	2a0f      	cmp	r2, #15
100057fc:	d900      	bls.n	10005800 <process_control_request+0x224>
100057fe:	e0d3      	b.n	100059a8 <process_control_request+0x3cc>
10005800:	4a59      	ldr	r2, [pc, #356]	@ (10005968 <process_control_request+0x38c>)
10005802:	21ff      	movs	r1, #255	@ 0xff
10005804:	400b      	ands	r3, r1
10005806:	18d2      	adds	r2, r2, r3
10005808:	7913      	ldrb	r3, [r2, #4]
1000580a:	4a5b      	ldr	r2, [pc, #364]	@ (10005978 <process_control_request+0x39c>)
1000580c:	7812      	ldrb	r2, [r2, #0]
1000580e:	4293      	cmp	r3, r2
10005810:	d224      	bcs.n	1000585c <process_control_request+0x280>
10005812:	4a5a      	ldr	r2, [pc, #360]	@ (1000597c <process_control_request+0x3a0>)
10005814:	6811      	ldr	r1, [r2, #0]
10005816:	015b      	lsls	r3, r3, #5
10005818:	18c9      	adds	r1, r1, r3
1000581a:	2900      	cmp	r1, #0
1000581c:	d100      	bne.n	10005820 <process_control_request+0x244>
1000581e:	e0c6      	b.n	100059ae <process_control_request+0x3d2>
10005820:	0022      	movs	r2, r4
10005822:	9801      	ldr	r0, [sp, #4]
10005824:	f7ff fbcc 	bl	10004fc0 <invoke_class_control>
10005828:	1e05      	subs	r5, r0, #0
1000582a:	d000      	beq.n	1000582e <process_control_request+0x252>
1000582c:	e0ae      	b.n	1000598c <process_control_request+0x3b0>
1000582e:	7823      	ldrb	r3, [r4, #0]
10005830:	2260      	movs	r2, #96	@ 0x60
10005832:	421a      	tst	r2, r3
10005834:	d000      	beq.n	10005838 <process_control_request+0x25c>
10005836:	e0a9      	b.n	1000598c <process_control_request+0x3b0>
10005838:	7863      	ldrb	r3, [r4, #1]
1000583a:	3b0a      	subs	r3, #10
1000583c:	2b01      	cmp	r3, #1
1000583e:	d900      	bls.n	10005842 <process_control_request+0x266>
10005840:	e0a4      	b.n	1000598c <process_control_request+0x3b0>
10005842:	2000      	movs	r0, #0
10005844:	f000 fa5c 	bl	10005d00 <usbd_control_set_complete_callback>
10005848:	7863      	ldrb	r3, [r4, #1]
1000584a:	2b0a      	cmp	r3, #10
1000584c:	d00e      	beq.n	1000586c <process_control_request+0x290>
1000584e:	0021      	movs	r1, r4
10005850:	9801      	ldr	r0, [sp, #4]
10005852:	f000 f9eb 	bl	10005c2c <tud_control_status>
10005856:	2301      	movs	r3, #1
10005858:	001d      	movs	r5, r3
1000585a:	e097      	b.n	1000598c <process_control_request+0x3b0>
1000585c:	4293      	cmp	r3, r2
1000585e:	d900      	bls.n	10005862 <process_control_request+0x286>
10005860:	e0a8      	b.n	100059b4 <process_control_request+0x3d8>
10005862:	1a9b      	subs	r3, r3, r2
10005864:	015b      	lsls	r3, r3, #5
10005866:	4946      	ldr	r1, [pc, #280]	@ (10005980 <process_control_request+0x3a4>)
10005868:	1859      	adds	r1, r3, r1
1000586a:	e7d9      	b.n	10005820 <process_control_request+0x244>
1000586c:	ab02      	add	r3, sp, #8
1000586e:	1d9a      	adds	r2, r3, #6
10005870:	2300      	movs	r3, #0
10005872:	7013      	strb	r3, [r2, #0]
10005874:	3301      	adds	r3, #1
10005876:	0021      	movs	r1, r4
10005878:	9801      	ldr	r0, [sp, #4]
1000587a:	f000 f9eb 	bl	10005c54 <tud_control_xfer>
1000587e:	2301      	movs	r3, #1
10005880:	001d      	movs	r5, r3
10005882:	e083      	b.n	1000598c <process_control_request+0x3b0>
10005884:	7921      	ldrb	r1, [r4, #4]
10005886:	207f      	movs	r0, #127	@ 0x7f
10005888:	4008      	ands	r0, r1
1000588a:	09cb      	lsrs	r3, r1, #7
1000588c:	469c      	mov	ip, r3
1000588e:	2370      	movs	r3, #112	@ 0x70
10005890:	420b      	tst	r3, r1
10005892:	d118      	bne.n	100058c6 <process_control_request+0x2ea>
10005894:	4b34      	ldr	r3, [pc, #208]	@ (10005968 <process_control_request+0x38c>)
10005896:	0040      	lsls	r0, r0, #1
10005898:	181b      	adds	r3, r3, r0
1000589a:	4463      	add	r3, ip
1000589c:	7d1b      	ldrb	r3, [r3, #20]
1000589e:	4836      	ldr	r0, [pc, #216]	@ (10005978 <process_control_request+0x39c>)
100058a0:	7800      	ldrb	r0, [r0, #0]
100058a2:	4283      	cmp	r3, r0
100058a4:	d217      	bcs.n	100058d6 <process_control_request+0x2fa>
100058a6:	4835      	ldr	r0, [pc, #212]	@ (1000597c <process_control_request+0x3a0>)
100058a8:	6800      	ldr	r0, [r0, #0]
100058aa:	015b      	lsls	r3, r3, #5
100058ac:	18c3      	adds	r3, r0, r3
100058ae:	001d      	movs	r5, r3
100058b0:	2a00      	cmp	r2, #0
100058b2:	d01b      	beq.n	100058ec <process_control_request+0x310>
100058b4:	1e29      	subs	r1, r5, #0
100058b6:	d100      	bne.n	100058ba <process_control_request+0x2de>
100058b8:	e07f      	b.n	100059ba <process_control_request+0x3de>
100058ba:	0022      	movs	r2, r4
100058bc:	9801      	ldr	r0, [sp, #4]
100058be:	f7ff fb7f 	bl	10004fc0 <invoke_class_control>
100058c2:	0005      	movs	r5, r0
100058c4:	e062      	b.n	1000598c <process_control_request+0x3b0>
100058c6:	4929      	ldr	r1, [pc, #164]	@ (1000596c <process_control_request+0x390>)
100058c8:	4829      	ldr	r0, [pc, #164]	@ (10005970 <process_control_request+0x394>)
100058ca:	4a2e      	ldr	r2, [pc, #184]	@ (10005984 <process_control_request+0x3a8>)
100058cc:	f7fe fc88 	bl	100041e0 <__wrap_printf>
100058d0:	2300      	movs	r3, #0
100058d2:	001d      	movs	r5, r3
100058d4:	e05a      	b.n	1000598c <process_control_request+0x3b0>
100058d6:	4283      	cmp	r3, r0
100058d8:	d805      	bhi.n	100058e6 <process_control_request+0x30a>
100058da:	1a1b      	subs	r3, r3, r0
100058dc:	015b      	lsls	r3, r3, #5
100058de:	4828      	ldr	r0, [pc, #160]	@ (10005980 <process_control_request+0x3a4>)
100058e0:	181b      	adds	r3, r3, r0
100058e2:	001d      	movs	r5, r3
100058e4:	e7e4      	b.n	100058b0 <process_control_request+0x2d4>
100058e6:	2300      	movs	r3, #0
100058e8:	001d      	movs	r5, r3
100058ea:	e7e1      	b.n	100058b0 <process_control_request+0x2d4>
100058ec:	7863      	ldrb	r3, [r4, #1]
100058ee:	2b01      	cmp	r3, #1
100058f0:	d012      	beq.n	10005918 <process_control_request+0x33c>
100058f2:	2b03      	cmp	r3, #3
100058f4:	d010      	beq.n	10005918 <process_control_request+0x33c>
100058f6:	2b00      	cmp	r3, #0
100058f8:	d162      	bne.n	100059c0 <process_control_request+0x3e4>
100058fa:	9d01      	ldr	r5, [sp, #4]
100058fc:	0028      	movs	r0, r5
100058fe:	f7ff fe5f 	bl	100055c0 <usbd_edpt_stalled>
10005902:	ab02      	add	r3, sp, #8
10005904:	1d9a      	adds	r2, r3, #6
10005906:	8010      	strh	r0, [r2, #0]
10005908:	2302      	movs	r3, #2
1000590a:	0021      	movs	r1, r4
1000590c:	0028      	movs	r0, r5
1000590e:	f000 f9a1 	bl	10005c54 <tud_control_xfer>
10005912:	2301      	movs	r3, #1
10005914:	001d      	movs	r5, r3
10005916:	e039      	b.n	1000598c <process_control_request+0x3b0>
10005918:	78a0      	ldrb	r0, [r4, #2]
1000591a:	78e2      	ldrb	r2, [r4, #3]
1000591c:	0212      	lsls	r2, r2, #8
1000591e:	4302      	orrs	r2, r0
10005920:	d104      	bne.n	1000592c <process_control_request+0x350>
10005922:	2b01      	cmp	r3, #1
10005924:	d01b      	beq.n	1000595e <process_control_request+0x382>
10005926:	9801      	ldr	r0, [sp, #4]
10005928:	f7ff fe16 	bl	10005558 <usbd_edpt_stall>
1000592c:	2d00      	cmp	r5, #0
1000592e:	d04a      	beq.n	100059c6 <process_control_request+0x3ea>
10005930:	0022      	movs	r2, r4
10005932:	0029      	movs	r1, r5
10005934:	9801      	ldr	r0, [sp, #4]
10005936:	f7ff fb43 	bl	10004fc0 <invoke_class_control>
1000593a:	2000      	movs	r0, #0
1000593c:	f000 f9e0 	bl	10005d00 <usbd_control_set_complete_callback>
10005940:	4b09      	ldr	r3, [pc, #36]	@ (10005968 <process_control_request+0x38c>)
10005942:	2235      	movs	r2, #53	@ 0x35
10005944:	5c9b      	ldrb	r3, [r3, r2]
10005946:	07db      	lsls	r3, r3, #31
10005948:	0fda      	lsrs	r2, r3, #31
1000594a:	0015      	movs	r5, r2
1000594c:	2b00      	cmp	r3, #0
1000594e:	d11d      	bne.n	1000598c <process_control_request+0x3b0>
10005950:	0021      	movs	r1, r4
10005952:	9801      	ldr	r0, [sp, #4]
10005954:	f000 f96a 	bl	10005c2c <tud_control_status>
10005958:	2301      	movs	r3, #1
1000595a:	001d      	movs	r5, r3
1000595c:	e016      	b.n	1000598c <process_control_request+0x3b0>
1000595e:	9801      	ldr	r0, [sp, #4]
10005960:	f7ff fe14 	bl	1000558c <usbd_edpt_clear_stall>
10005964:	e7e2      	b.n	1000592c <process_control_request+0x350>
10005966:	46c0      	nop			@ (mov r8, r8)
10005968:	20001010 	.word	0x20001010
1000596c:	10008d04 	.word	0x10008d04
10005970:	100087fc 	.word	0x100087fc
10005974:	10004a81 	.word	0x10004a81
10005978:	20001af5 	.word	0x20001af5
1000597c:	20000e60 	.word	0x20000e60
10005980:	10008d50 	.word	0x10008d50
10005984:	00000395 	.word	0x00000395
10005988:	2300      	movs	r3, #0
1000598a:	001d      	movs	r5, r3
1000598c:	0028      	movs	r0, r5
1000598e:	b004      	add	sp, #16
10005990:	bc80      	pop	{r7}
10005992:	46b8      	mov	r8, r7
10005994:	bdf0      	pop	{r4, r5, r6, r7, pc}
10005996:	2300      	movs	r3, #0
10005998:	001d      	movs	r5, r3
1000599a:	e7f7      	b.n	1000598c <process_control_request+0x3b0>
1000599c:	2300      	movs	r3, #0
1000599e:	001d      	movs	r5, r3
100059a0:	e7f4      	b.n	1000598c <process_control_request+0x3b0>
100059a2:	2300      	movs	r3, #0
100059a4:	001d      	movs	r5, r3
100059a6:	e7f1      	b.n	1000598c <process_control_request+0x3b0>
100059a8:	2300      	movs	r3, #0
100059aa:	001d      	movs	r5, r3
100059ac:	e7ee      	b.n	1000598c <process_control_request+0x3b0>
100059ae:	2300      	movs	r3, #0
100059b0:	001d      	movs	r5, r3
100059b2:	e7eb      	b.n	1000598c <process_control_request+0x3b0>
100059b4:	2300      	movs	r3, #0
100059b6:	001d      	movs	r5, r3
100059b8:	e7e8      	b.n	1000598c <process_control_request+0x3b0>
100059ba:	2300      	movs	r3, #0
100059bc:	001d      	movs	r5, r3
100059be:	e7e5      	b.n	1000598c <process_control_request+0x3b0>
100059c0:	2300      	movs	r3, #0
100059c2:	001d      	movs	r5, r3
100059c4:	e7e2      	b.n	1000598c <process_control_request+0x3b0>
100059c6:	2301      	movs	r3, #1
100059c8:	001d      	movs	r5, r3
100059ca:	e7df      	b.n	1000598c <process_control_request+0x3b0>

100059cc <tud_task_ext>:
100059cc:	b530      	push	{r4, r5, lr}
100059ce:	b085      	sub	sp, #20
100059d0:	f7ff fc60 	bl	10005294 <tud_inited>
100059d4:	2800      	cmp	r0, #0
100059d6:	d14e      	bne.n	10005a76 <tud_task_ext+0xaa>
100059d8:	b005      	add	sp, #20
100059da:	bd30      	pop	{r4, r5, pc}
100059dc:	2b04      	cmp	r3, #4
100059de:	d14a      	bne.n	10005a76 <tud_task_ext+0xaa>
100059e0:	4b6a      	ldr	r3, [pc, #424]	@ (10005b8c <tud_task_ext+0x1c0>)
100059e2:	781b      	ldrb	r3, [r3, #0]
100059e4:	07db      	lsls	r3, r3, #31
100059e6:	d546      	bpl.n	10005a76 <tud_task_ext+0xaa>
100059e8:	4b68      	ldr	r3, [pc, #416]	@ (10005b8c <tud_task_ext+0x1c0>)
100059ea:	7818      	ldrb	r0, [r3, #0]
100059ec:	0700      	lsls	r0, r0, #28
100059ee:	0fc0      	lsrs	r0, r0, #31
100059f0:	f7ff fc3e 	bl	10005270 <tud_suspend_cb>
100059f4:	e03f      	b.n	10005a76 <tud_task_ext+0xaa>
100059f6:	2b07      	cmp	r3, #7
100059f8:	d071      	beq.n	10005ade <tud_task_ext+0x112>
100059fa:	2b08      	cmp	r3, #8
100059fc:	d100      	bne.n	10005a00 <tud_task_ext+0x34>
100059fe:	e0b5      	b.n	10005b6c <tud_task_ext+0x1a0>
10005a00:	2b06      	cmp	r3, #6
10005a02:	d138      	bne.n	10005a76 <tud_task_ext+0xaa>
10005a04:	4b62      	ldr	r3, [pc, #392]	@ (10005b90 <tud_task_ext+0x1c4>)
10005a06:	781b      	ldrb	r3, [r3, #0]
10005a08:	2b00      	cmp	r3, #0
10005a0a:	d062      	beq.n	10005ad2 <tud_task_ext+0x106>
10005a0c:	4a60      	ldr	r2, [pc, #384]	@ (10005b90 <tud_task_ext+0x1c4>)
10005a0e:	7813      	ldrb	r3, [r2, #0]
10005a10:	3b01      	subs	r3, #1
10005a12:	b2db      	uxtb	r3, r3
10005a14:	7013      	strb	r3, [r2, #0]
10005a16:	7813      	ldrb	r3, [r2, #0]
10005a18:	2b00      	cmp	r3, #0
10005a1a:	d12c      	bne.n	10005a76 <tud_task_ext+0xaa>
10005a1c:	4b5b      	ldr	r3, [pc, #364]	@ (10005b8c <tud_task_ext+0x1c0>)
10005a1e:	781a      	ldrb	r2, [r3, #0]
10005a20:	2401      	movs	r4, #1
10005a22:	2101      	movs	r1, #1
10005a24:	430a      	orrs	r2, r1
10005a26:	701a      	strb	r2, [r3, #0]
10005a28:	2234      	movs	r2, #52	@ 0x34
10005a2a:	5c99      	ldrb	r1, [r3, r2]
10005a2c:	43a1      	bics	r1, r4
10005a2e:	5499      	strb	r1, [r3, r2]
10005a30:	5c99      	ldrb	r1, [r3, r2]
10005a32:	2004      	movs	r0, #4
10005a34:	4381      	bics	r1, r0
10005a36:	5499      	strb	r1, [r3, r2]
10005a38:	3201      	adds	r2, #1
10005a3a:	5c99      	ldrb	r1, [r3, r2]
10005a3c:	43a1      	bics	r1, r4
10005a3e:	5499      	strb	r1, [r3, r2]
10005a40:	5c99      	ldrb	r1, [r3, r2]
10005a42:	4381      	bics	r1, r0
10005a44:	5499      	strb	r1, [r3, r2]
10005a46:	ab01      	add	r3, sp, #4
10005a48:	7818      	ldrb	r0, [r3, #0]
10005a4a:	a902      	add	r1, sp, #8
10005a4c:	f7ff fdc6 	bl	100055dc <process_control_request>
10005a50:	2800      	cmp	r0, #0
10005a52:	d110      	bne.n	10005a76 <tud_task_ext+0xaa>
10005a54:	ac01      	add	r4, sp, #4
10005a56:	7820      	ldrb	r0, [r4, #0]
10005a58:	2100      	movs	r1, #0
10005a5a:	f7ff f9db 	bl	10004e14 <dcd_edpt_stall>
10005a5e:	7820      	ldrb	r0, [r4, #0]
10005a60:	2180      	movs	r1, #128	@ 0x80
10005a62:	f7ff f9d7 	bl	10004e14 <dcd_edpt_stall>
10005a66:	e006      	b.n	10005a76 <tud_task_ext+0xaa>
10005a68:	ac01      	add	r4, sp, #4
10005a6a:	7820      	ldrb	r0, [r4, #0]
10005a6c:	f7ff faa2 	bl	10004fb4 <usbd_reset>
10005a70:	7922      	ldrb	r2, [r4, #4]
10005a72:	4b46      	ldr	r3, [pc, #280]	@ (10005b8c <tud_task_ext+0x1c0>)
10005a74:	709a      	strb	r2, [r3, #2]
10005a76:	4b47      	ldr	r3, [pc, #284]	@ (10005b94 <tud_task_ext+0x1c8>)
10005a78:	681c      	ldr	r4, [r3, #0]
10005a7a:	6962      	ldr	r2, [r4, #20]
10005a7c:	f3ef 8110 	mrs	r1, PRIMASK
10005a80:	b672      	cpsid	i
10005a82:	6813      	ldr	r3, [r2, #0]
10005a84:	2b00      	cmp	r3, #0
10005a86:	d0fc      	beq.n	10005a82 <tud_task_ext+0xb6>
10005a88:	f3bf 8f5f 	dmb	sy
10005a8c:	61a1      	str	r1, [r4, #24]
10005a8e:	a901      	add	r1, sp, #4
10005a90:	0020      	movs	r0, r4
10005a92:	f001 f84f 	bl	10006b34 <tu_fifo_read>
10005a96:	6962      	ldr	r2, [r4, #20]
10005a98:	69a3      	ldr	r3, [r4, #24]
10005a9a:	f3bf 8f5f 	dmb	sy
10005a9e:	2100      	movs	r1, #0
10005aa0:	6011      	str	r1, [r2, #0]
10005aa2:	f383 8810 	msr	PRIMASK, r3
10005aa6:	2800      	cmp	r0, #0
10005aa8:	d100      	bne.n	10005aac <tud_task_ext+0xe0>
10005aaa:	e795      	b.n	100059d8 <tud_task_ext+0xc>
10005aac:	ab01      	add	r3, sp, #4
10005aae:	785b      	ldrb	r3, [r3, #1]
10005ab0:	2b05      	cmp	r3, #5
10005ab2:	d053      	beq.n	10005b5c <tud_task_ext+0x190>
10005ab4:	d89f      	bhi.n	100059f6 <tud_task_ext+0x2a>
10005ab6:	2b03      	cmp	r3, #3
10005ab8:	d05f      	beq.n	10005b7a <tud_task_ext+0x1ae>
10005aba:	d88f      	bhi.n	100059dc <tud_task_ext+0x10>
10005abc:	2b01      	cmp	r3, #1
10005abe:	d0d3      	beq.n	10005a68 <tud_task_ext+0x9c>
10005ac0:	2b02      	cmp	r3, #2
10005ac2:	d1d8      	bne.n	10005a76 <tud_task_ext+0xaa>
10005ac4:	ab01      	add	r3, sp, #4
10005ac6:	7818      	ldrb	r0, [r3, #0]
10005ac8:	f7ff fa74 	bl	10004fb4 <usbd_reset>
10005acc:	f7ff fbcf 	bl	1000526e <tud_umount_cb>
10005ad0:	e7d1      	b.n	10005a76 <tud_task_ext+0xaa>
10005ad2:	4931      	ldr	r1, [pc, #196]	@ (10005b98 <tud_task_ext+0x1cc>)
10005ad4:	4831      	ldr	r0, [pc, #196]	@ (10005b9c <tud_task_ext+0x1d0>)
10005ad6:	4a32      	ldr	r2, [pc, #200]	@ (10005ba0 <tud_task_ext+0x1d4>)
10005ad8:	f7fe fb82 	bl	100041e0 <__wrap_printf>
10005adc:	e77c      	b.n	100059d8 <tud_task_ext+0xc>
10005ade:	ab01      	add	r3, sp, #4
10005ae0:	7919      	ldrb	r1, [r3, #4]
10005ae2:	227f      	movs	r2, #127	@ 0x7f
10005ae4:	400a      	ands	r2, r1
10005ae6:	09cc      	lsrs	r4, r1, #7
10005ae8:	4b28      	ldr	r3, [pc, #160]	@ (10005b8c <tud_task_ext+0x1c0>)
10005aea:	0050      	lsls	r0, r2, #1
10005aec:	181b      	adds	r3, r3, r0
10005aee:	191b      	adds	r3, r3, r4
10005af0:	3330      	adds	r3, #48	@ 0x30
10005af2:	7918      	ldrb	r0, [r3, #4]
10005af4:	2501      	movs	r5, #1
10005af6:	43a8      	bics	r0, r5
10005af8:	7118      	strb	r0, [r3, #4]
10005afa:	7918      	ldrb	r0, [r3, #4]
10005afc:	3503      	adds	r5, #3
10005afe:	43a8      	bics	r0, r5
10005b00:	7118      	strb	r0, [r3, #4]
10005b02:	2a00      	cmp	r2, #0
10005b04:	d015      	beq.n	10005b32 <tud_task_ext+0x166>
10005b06:	4b21      	ldr	r3, [pc, #132]	@ (10005b8c <tud_task_ext+0x1c0>)
10005b08:	0052      	lsls	r2, r2, #1
10005b0a:	189b      	adds	r3, r3, r2
10005b0c:	191b      	adds	r3, r3, r4
10005b0e:	7d1b      	ldrb	r3, [r3, #20]
10005b10:	4a24      	ldr	r2, [pc, #144]	@ (10005ba4 <tud_task_ext+0x1d8>)
10005b12:	7812      	ldrb	r2, [r2, #0]
10005b14:	4293      	cmp	r3, r2
10005b16:	d213      	bcs.n	10005b40 <tud_task_ext+0x174>
10005b18:	4a23      	ldr	r2, [pc, #140]	@ (10005ba8 <tud_task_ext+0x1dc>)
10005b1a:	6812      	ldr	r2, [r2, #0]
10005b1c:	015b      	lsls	r3, r3, #5
10005b1e:	18d3      	adds	r3, r2, r3
10005b20:	2b00      	cmp	r3, #0
10005b22:	d014      	beq.n	10005b4e <tud_task_ext+0x182>
10005b24:	699c      	ldr	r4, [r3, #24]
10005b26:	a801      	add	r0, sp, #4
10005b28:	7942      	ldrb	r2, [r0, #5]
10005b2a:	9b03      	ldr	r3, [sp, #12]
10005b2c:	7800      	ldrb	r0, [r0, #0]
10005b2e:	47a0      	blx	r4
10005b30:	e7a1      	b.n	10005a76 <tud_task_ext+0xaa>
10005b32:	a801      	add	r0, sp, #4
10005b34:	7942      	ldrb	r2, [r0, #5]
10005b36:	9b03      	ldr	r3, [sp, #12]
10005b38:	7800      	ldrb	r0, [r0, #0]
10005b3a:	f000 f8f5 	bl	10005d28 <usbd_control_xfer_cb>
10005b3e:	e79a      	b.n	10005a76 <tud_task_ext+0xaa>
10005b40:	4293      	cmp	r3, r2
10005b42:	d804      	bhi.n	10005b4e <tud_task_ext+0x182>
10005b44:	1a9b      	subs	r3, r3, r2
10005b46:	015b      	lsls	r3, r3, #5
10005b48:	4a18      	ldr	r2, [pc, #96]	@ (10005bac <tud_task_ext+0x1e0>)
10005b4a:	189b      	adds	r3, r3, r2
10005b4c:	e7ea      	b.n	10005b24 <tud_task_ext+0x158>
10005b4e:	22a4      	movs	r2, #164	@ 0xa4
10005b50:	4911      	ldr	r1, [pc, #68]	@ (10005b98 <tud_task_ext+0x1cc>)
10005b52:	4812      	ldr	r0, [pc, #72]	@ (10005b9c <tud_task_ext+0x1d0>)
10005b54:	0092      	lsls	r2, r2, #2
10005b56:	f7fe fb43 	bl	100041e0 <__wrap_printf>
10005b5a:	e73d      	b.n	100059d8 <tud_task_ext+0xc>
10005b5c:	4b0b      	ldr	r3, [pc, #44]	@ (10005b8c <tud_task_ext+0x1c0>)
10005b5e:	781b      	ldrb	r3, [r3, #0]
10005b60:	07db      	lsls	r3, r3, #31
10005b62:	d400      	bmi.n	10005b66 <tud_task_ext+0x19a>
10005b64:	e787      	b.n	10005a76 <tud_task_ext+0xaa>
10005b66:	f7ff fb84 	bl	10005272 <tud_resume_cb>
10005b6a:	e784      	b.n	10005a76 <tud_task_ext+0xaa>
10005b6c:	9b02      	ldr	r3, [sp, #8]
10005b6e:	2b00      	cmp	r3, #0
10005b70:	d100      	bne.n	10005b74 <tud_task_ext+0x1a8>
10005b72:	e780      	b.n	10005a76 <tud_task_ext+0xaa>
10005b74:	9803      	ldr	r0, [sp, #12]
10005b76:	4798      	blx	r3
10005b78:	e77d      	b.n	10005a76 <tud_task_ext+0xaa>
10005b7a:	4b04      	ldr	r3, [pc, #16]	@ (10005b8c <tud_task_ext+0x1c0>)
10005b7c:	78db      	ldrb	r3, [r3, #3]
10005b7e:	07db      	lsls	r3, r3, #31
10005b80:	d400      	bmi.n	10005b84 <tud_task_ext+0x1b8>
10005b82:	e778      	b.n	10005a76 <tud_task_ext+0xaa>
10005b84:	9802      	ldr	r0, [sp, #8]
10005b86:	f7ff faf2 	bl	1000516e <tud_sof_cb>
10005b8a:	e774      	b.n	10005a76 <tud_task_ext+0xaa>
10005b8c:	20001010 	.word	0x20001010
10005b90:	20001af7 	.word	0x20001af7
10005b94:	20001068 	.word	0x20001068
10005b98:	10008d30 	.word	0x10008d30
10005b9c:	100087fc 	.word	0x100087fc
10005ba0:	00000265 	.word	0x00000265
10005ba4:	20001af5 	.word	0x20001af5
10005ba8:	20000e60 	.word	0x20000e60
10005bac:	10008d50 	.word	0x10008d50

10005bb0 <status_stage_xact>:
10005bb0:	b510      	push	{r4, lr}
10005bb2:	2300      	movs	r3, #0
10005bb4:	56cb      	ldrsb	r3, [r1, r3]
10005bb6:	2b00      	cmp	r3, #0
10005bb8:	db05      	blt.n	10005bc6 <status_stage_xact+0x16>
10005bba:	2180      	movs	r1, #128	@ 0x80
10005bbc:	2300      	movs	r3, #0
10005bbe:	2200      	movs	r2, #0
10005bc0:	f7ff fc8a 	bl	100054d8 <usbd_edpt_xfer>
10005bc4:	bd10      	pop	{r4, pc}
10005bc6:	2100      	movs	r1, #0
10005bc8:	e7f8      	b.n	10005bbc <status_stage_xact+0xc>
	...

10005bcc <data_stage_xact>:
10005bcc:	b5f8      	push	{r3, r4, r5, r6, r7, lr}
10005bce:	0007      	movs	r7, r0
10005bd0:	4b14      	ldr	r3, [pc, #80]	@ (10005c24 <data_stage_xact+0x58>)
10005bd2:	899e      	ldrh	r6, [r3, #12]
10005bd4:	89dd      	ldrh	r5, [r3, #14]
10005bd6:	1b73      	subs	r3, r6, r5
10005bd8:	b29b      	uxth	r3, r3
10005bda:	1c1c      	adds	r4, r3, #0
10005bdc:	2b40      	cmp	r3, #64	@ 0x40
10005bde:	d900      	bls.n	10005be2 <data_stage_xact+0x16>
10005be0:	2440      	movs	r4, #64	@ 0x40
10005be2:	b2a4      	uxth	r4, r4
10005be4:	4b0f      	ldr	r3, [pc, #60]	@ (10005c24 <data_stage_xact+0x58>)
10005be6:	781b      	ldrb	r3, [r3, #0]
10005be8:	b25b      	sxtb	r3, r3
10005bea:	2b00      	cmp	r3, #0
10005bec:	db08      	blt.n	10005c00 <data_stage_xact+0x34>
10005bee:	2100      	movs	r1, #0
10005bf0:	42ae      	cmp	r6, r5
10005bf2:	d013      	beq.n	10005c1c <data_stage_xact+0x50>
10005bf4:	4a0c      	ldr	r2, [pc, #48]	@ (10005c28 <data_stage_xact+0x5c>)
10005bf6:	0023      	movs	r3, r4
10005bf8:	0038      	movs	r0, r7
10005bfa:	f7ff fc6d 	bl	100054d8 <usbd_edpt_xfer>
10005bfe:	bdf8      	pop	{r3, r4, r5, r6, r7, pc}
10005c00:	42ae      	cmp	r6, r5
10005c02:	d009      	beq.n	10005c18 <data_stage_xact+0x4c>
10005c04:	4b07      	ldr	r3, [pc, #28]	@ (10005c24 <data_stage_xact+0x58>)
10005c06:	6899      	ldr	r1, [r3, #8]
10005c08:	2c40      	cmp	r4, #64	@ 0x40
10005c0a:	d809      	bhi.n	10005c20 <data_stage_xact+0x54>
10005c0c:	4806      	ldr	r0, [pc, #24]	@ (10005c28 <data_stage_xact+0x5c>)
10005c0e:	0022      	movs	r2, r4
10005c10:	f7fd f86a 	bl	10002ce8 <__wrap___aeabi_memcpy>
10005c14:	2180      	movs	r1, #128	@ 0x80
10005c16:	e7eb      	b.n	10005bf0 <data_stage_xact+0x24>
10005c18:	2180      	movs	r1, #128	@ 0x80
10005c1a:	e7e9      	b.n	10005bf0 <data_stage_xact+0x24>
10005c1c:	2200      	movs	r2, #0
10005c1e:	e7ea      	b.n	10005bf6 <data_stage_xact+0x2a>
10005c20:	2000      	movs	r0, #0
10005c22:	e7ec      	b.n	10005bfe <data_stage_xact+0x32>
10005c24:	20000ff0 	.word	0x20000ff0
10005c28:	20000fb0 	.word	0x20000fb0

10005c2c <tud_control_status>:
10005c2c:	b570      	push	{r4, r5, r6, lr}
10005c2e:	0006      	movs	r6, r0
10005c30:	000d      	movs	r5, r1
10005c32:	4c07      	ldr	r4, [pc, #28]	@ (10005c50 <tud_control_status+0x24>)
10005c34:	2208      	movs	r2, #8
10005c36:	0020      	movs	r0, r4
10005c38:	f7fd f856 	bl	10002ce8 <__wrap___aeabi_memcpy>
10005c3c:	2300      	movs	r3, #0
10005c3e:	60a3      	str	r3, [r4, #8]
10005c40:	81e3      	strh	r3, [r4, #14]
10005c42:	81a3      	strh	r3, [r4, #12]
10005c44:	0029      	movs	r1, r5
10005c46:	0030      	movs	r0, r6
10005c48:	f7ff ffb2 	bl	10005bb0 <status_stage_xact>
10005c4c:	bd70      	pop	{r4, r5, r6, pc}
10005c4e:	46c0      	nop			@ (mov r8, r8)
10005c50:	20000ff0 	.word	0x20000ff0

10005c54 <tud_control_xfer>:
10005c54:	b5f0      	push	{r4, r5, r6, r7, lr}
10005c56:	46c6      	mov	lr, r8
10005c58:	b500      	push	{lr}
10005c5a:	4680      	mov	r8, r0
10005c5c:	000c      	movs	r4, r1
10005c5e:	0017      	movs	r7, r2
10005c60:	001e      	movs	r6, r3
10005c62:	4d1f      	ldr	r5, [pc, #124]	@ (10005ce0 <tud_control_xfer+0x8c>)
10005c64:	2208      	movs	r2, #8
10005c66:	0028      	movs	r0, r5
10005c68:	f7fd f83e 	bl	10002ce8 <__wrap___aeabi_memcpy>
10005c6c:	60af      	str	r7, [r5, #8]
10005c6e:	2300      	movs	r3, #0
10005c70:	81eb      	strh	r3, [r5, #14]
10005c72:	79a3      	ldrb	r3, [r4, #6]
10005c74:	79e1      	ldrb	r1, [r4, #7]
10005c76:	0209      	lsls	r1, r1, #8
10005c78:	4319      	orrs	r1, r3
10005c7a:	1c0b      	adds	r3, r1, #0
10005c7c:	42b1      	cmp	r1, r6
10005c7e:	d900      	bls.n	10005c82 <tud_control_xfer+0x2e>
10005c80:	1c33      	adds	r3, r6, #0
10005c82:	b299      	uxth	r1, r3
10005c84:	4a16      	ldr	r2, [pc, #88]	@ (10005ce0 <tud_control_xfer+0x8c>)
10005c86:	8193      	strh	r3, [r2, #12]
10005c88:	79a2      	ldrb	r2, [r4, #6]
10005c8a:	79e3      	ldrb	r3, [r4, #7]
10005c8c:	021b      	lsls	r3, r3, #8
10005c8e:	4313      	orrs	r3, r2
10005c90:	d019      	beq.n	10005cc6 <tud_control_xfer+0x72>
10005c92:	2900      	cmp	r1, #0
10005c94:	d001      	beq.n	10005c9a <tud_control_xfer+0x46>
10005c96:	2f00      	cmp	r7, #0
10005c98:	d008      	beq.n	10005cac <tud_control_xfer+0x58>
10005c9a:	4640      	mov	r0, r8
10005c9c:	f7ff ff96 	bl	10005bcc <data_stage_xact>
10005ca0:	1e04      	subs	r4, r0, #0
10005ca2:	d00a      	beq.n	10005cba <tud_control_xfer+0x66>
10005ca4:	0020      	movs	r0, r4
10005ca6:	bc80      	pop	{r7}
10005ca8:	46b8      	mov	r8, r7
10005caa:	bdf0      	pop	{r4, r5, r6, r7, pc}
10005cac:	490d      	ldr	r1, [pc, #52]	@ (10005ce4 <tud_control_xfer+0x90>)
10005cae:	480e      	ldr	r0, [pc, #56]	@ (10005ce8 <tud_control_xfer+0x94>)
10005cb0:	2272      	movs	r2, #114	@ 0x72
10005cb2:	f7fe fa95 	bl	100041e0 <__wrap_printf>
10005cb6:	2400      	movs	r4, #0
10005cb8:	e7f4      	b.n	10005ca4 <tud_control_xfer+0x50>
10005cba:	490a      	ldr	r1, [pc, #40]	@ (10005ce4 <tud_control_xfer+0x90>)
10005cbc:	480a      	ldr	r0, [pc, #40]	@ (10005ce8 <tud_control_xfer+0x94>)
10005cbe:	2274      	movs	r2, #116	@ 0x74
10005cc0:	f7fe fa8e 	bl	100041e0 <__wrap_printf>
10005cc4:	e7ee      	b.n	10005ca4 <tud_control_xfer+0x50>
10005cc6:	0021      	movs	r1, r4
10005cc8:	4640      	mov	r0, r8
10005cca:	f7ff ff71 	bl	10005bb0 <status_stage_xact>
10005cce:	1e04      	subs	r4, r0, #0
10005cd0:	d1e8      	bne.n	10005ca4 <tud_control_xfer+0x50>
10005cd2:	4904      	ldr	r1, [pc, #16]	@ (10005ce4 <tud_control_xfer+0x90>)
10005cd4:	4804      	ldr	r0, [pc, #16]	@ (10005ce8 <tud_control_xfer+0x94>)
10005cd6:	2276      	movs	r2, #118	@ 0x76
10005cd8:	f7fe fa82 	bl	100041e0 <__wrap_printf>
10005cdc:	e7e2      	b.n	10005ca4 <tud_control_xfer+0x50>
10005cde:	46c0      	nop			@ (mov r8, r8)
10005ce0:	20000ff0 	.word	0x20000ff0
10005ce4:	10008d88 	.word	0x10008d88
10005ce8:	100087fc 	.word	0x100087fc

10005cec <usbd_control_reset>:
10005cec:	b510      	push	{r4, lr}
10005cee:	4803      	ldr	r0, [pc, #12]	@ (10005cfc <usbd_control_reset+0x10>)
10005cf0:	2214      	movs	r2, #20
10005cf2:	2100      	movs	r1, #0
10005cf4:	f7fc fff2 	bl	10002cdc <__wrap_memset>
10005cf8:	bd10      	pop	{r4, pc}
10005cfa:	46c0      	nop			@ (mov r8, r8)
10005cfc:	20000ff0 	.word	0x20000ff0

10005d00 <usbd_control_set_complete_callback>:
10005d00:	4b01      	ldr	r3, [pc, #4]	@ (10005d08 <usbd_control_set_complete_callback+0x8>)
10005d02:	6118      	str	r0, [r3, #16]
10005d04:	4770      	bx	lr
10005d06:	46c0      	nop			@ (mov r8, r8)
10005d08:	20000ff0 	.word	0x20000ff0

10005d0c <usbd_control_set_request>:
10005d0c:	b510      	push	{r4, lr}
10005d0e:	0001      	movs	r1, r0
10005d10:	4c04      	ldr	r4, [pc, #16]	@ (10005d24 <usbd_control_set_request+0x18>)
10005d12:	2208      	movs	r2, #8
10005d14:	0020      	movs	r0, r4
10005d16:	f7fc ffe7 	bl	10002ce8 <__wrap___aeabi_memcpy>
10005d1a:	2300      	movs	r3, #0
10005d1c:	60a3      	str	r3, [r4, #8]
10005d1e:	81e3      	strh	r3, [r4, #14]
10005d20:	81a3      	strh	r3, [r4, #12]
10005d22:	bd10      	pop	{r4, pc}
10005d24:	20000ff0 	.word	0x20000ff0

10005d28 <usbd_control_xfer_cb>:
10005d28:	b570      	push	{r4, r5, r6, lr}
10005d2a:	0005      	movs	r5, r0
10005d2c:	001a      	movs	r2, r3
10005d2e:	001c      	movs	r4, r3
10005d30:	09c9      	lsrs	r1, r1, #7
10005d32:	4b34      	ldr	r3, [pc, #208]	@ (10005e04 <usbd_control_xfer_cb+0xdc>)
10005d34:	781b      	ldrb	r3, [r3, #0]
10005d36:	09db      	lsrs	r3, r3, #7
10005d38:	428b      	cmp	r3, r1
10005d3a:	d019      	beq.n	10005d70 <usbd_control_xfer_cb+0x48>
10005d3c:	2a00      	cmp	r2, #0
10005d3e:	d008      	beq.n	10005d52 <usbd_control_xfer_cb+0x2a>
10005d40:	4931      	ldr	r1, [pc, #196]	@ (10005e08 <usbd_control_xfer_cb+0xe0>)
10005d42:	4832      	ldr	r0, [pc, #200]	@ (10005e0c <usbd_control_xfer_cb+0xe4>)
10005d44:	229d      	movs	r2, #157	@ 0x9d
10005d46:	f7fe fa4b 	bl	100041e0 <__wrap_printf>
10005d4a:	2300      	movs	r3, #0
10005d4c:	001c      	movs	r4, r3
10005d4e:	0020      	movs	r0, r4
10005d50:	bd70      	pop	{r4, r5, r6, pc}
10005d52:	4b2c      	ldr	r3, [pc, #176]	@ (10005e04 <usbd_control_xfer_cb+0xdc>)
10005d54:	001c      	movs	r4, r3
10005d56:	0019      	movs	r1, r3
10005d58:	f7ff f814 	bl	10004d84 <dcd_edpt0_status_complete>
10005d5c:	6923      	ldr	r3, [r4, #16]
10005d5e:	2b00      	cmp	r3, #0
10005d60:	d003      	beq.n	10005d6a <usbd_control_xfer_cb+0x42>
10005d62:	4a28      	ldr	r2, [pc, #160]	@ (10005e04 <usbd_control_xfer_cb+0xdc>)
10005d64:	2103      	movs	r1, #3
10005d66:	0028      	movs	r0, r5
10005d68:	4798      	blx	r3
10005d6a:	2301      	movs	r3, #1
10005d6c:	001c      	movs	r4, r3
10005d6e:	e7ee      	b.n	10005d4e <usbd_control_xfer_cb+0x26>
10005d70:	4b24      	ldr	r3, [pc, #144]	@ (10005e04 <usbd_control_xfer_cb+0xdc>)
10005d72:	781b      	ldrb	r3, [r3, #0]
10005d74:	b25b      	sxtb	r3, r3
10005d76:	2b00      	cmp	r3, #0
10005d78:	db06      	blt.n	10005d88 <usbd_control_xfer_cb+0x60>
10005d7a:	4b22      	ldr	r3, [pc, #136]	@ (10005e04 <usbd_control_xfer_cb+0xdc>)
10005d7c:	6898      	ldr	r0, [r3, #8]
10005d7e:	2800      	cmp	r0, #0
10005d80:	d03d      	beq.n	10005dfe <usbd_control_xfer_cb+0xd6>
10005d82:	4923      	ldr	r1, [pc, #140]	@ (10005e10 <usbd_control_xfer_cb+0xe8>)
10005d84:	f7fc ffb0 	bl	10002ce8 <__wrap___aeabi_memcpy>
10005d88:	4a1e      	ldr	r2, [pc, #120]	@ (10005e04 <usbd_control_xfer_cb+0xdc>)
10005d8a:	89d3      	ldrh	r3, [r2, #14]
10005d8c:	b2a1      	uxth	r1, r4
10005d8e:	185b      	adds	r3, r3, r1
10005d90:	b29b      	uxth	r3, r3
10005d92:	81d3      	strh	r3, [r2, #14]
10005d94:	6891      	ldr	r1, [r2, #8]
10005d96:	46a4      	mov	ip, r4
10005d98:	4461      	add	r1, ip
10005d9a:	6091      	str	r1, [r2, #8]
10005d9c:	88d2      	ldrh	r2, [r2, #6]
10005d9e:	4293      	cmp	r3, r2
10005da0:	d001      	beq.n	10005da6 <usbd_control_xfer_cb+0x7e>
10005da2:	2c3f      	cmp	r4, #63	@ 0x3f
10005da4:	d820      	bhi.n	10005de8 <usbd_control_xfer_cb+0xc0>
10005da6:	4b17      	ldr	r3, [pc, #92]	@ (10005e04 <usbd_control_xfer_cb+0xdc>)
10005da8:	691b      	ldr	r3, [r3, #16]
10005daa:	2b00      	cmp	r3, #0
10005dac:	d005      	beq.n	10005dba <usbd_control_xfer_cb+0x92>
10005dae:	4a15      	ldr	r2, [pc, #84]	@ (10005e04 <usbd_control_xfer_cb+0xdc>)
10005db0:	2102      	movs	r1, #2
10005db2:	0028      	movs	r0, r5
10005db4:	4798      	blx	r3
10005db6:	2800      	cmp	r0, #0
10005db8:	d00b      	beq.n	10005dd2 <usbd_control_xfer_cb+0xaa>
10005dba:	4912      	ldr	r1, [pc, #72]	@ (10005e04 <usbd_control_xfer_cb+0xdc>)
10005dbc:	0028      	movs	r0, r5
10005dbe:	f7ff fef7 	bl	10005bb0 <status_stage_xact>
10005dc2:	1e04      	subs	r4, r0, #0
10005dc4:	d1c3      	bne.n	10005d4e <usbd_control_xfer_cb+0x26>
10005dc6:	4910      	ldr	r1, [pc, #64]	@ (10005e08 <usbd_control_xfer_cb+0xe0>)
10005dc8:	4810      	ldr	r0, [pc, #64]	@ (10005e0c <usbd_control_xfer_cb+0xe4>)
10005dca:	22c5      	movs	r2, #197	@ 0xc5
10005dcc:	f7fe fa08 	bl	100041e0 <__wrap_printf>
10005dd0:	e7bd      	b.n	10005d4e <usbd_control_xfer_cb+0x26>
10005dd2:	2100      	movs	r1, #0
10005dd4:	0028      	movs	r0, r5
10005dd6:	f7ff f81d 	bl	10004e14 <dcd_edpt_stall>
10005dda:	2180      	movs	r1, #128	@ 0x80
10005ddc:	0028      	movs	r0, r5
10005dde:	f7ff f819 	bl	10004e14 <dcd_edpt_stall>
10005de2:	2301      	movs	r3, #1
10005de4:	001c      	movs	r4, r3
10005de6:	e7b2      	b.n	10005d4e <usbd_control_xfer_cb+0x26>
10005de8:	0028      	movs	r0, r5
10005dea:	f7ff feef 	bl	10005bcc <data_stage_xact>
10005dee:	1e04      	subs	r4, r0, #0
10005df0:	d1ad      	bne.n	10005d4e <usbd_control_xfer_cb+0x26>
10005df2:	4905      	ldr	r1, [pc, #20]	@ (10005e08 <usbd_control_xfer_cb+0xe0>)
10005df4:	4805      	ldr	r0, [pc, #20]	@ (10005e0c <usbd_control_xfer_cb+0xe4>)
10005df6:	22cd      	movs	r2, #205	@ 0xcd
10005df8:	f7fe f9f2 	bl	100041e0 <__wrap_printf>
10005dfc:	e7a7      	b.n	10005d4e <usbd_control_xfer_cb+0x26>
10005dfe:	2300      	movs	r3, #0
10005e00:	001c      	movs	r4, r3
10005e02:	e7a4      	b.n	10005d4e <usbd_control_xfer_cb+0x26>
10005e04:	20000ff0 	.word	0x20000ff0
10005e08:	10008d70 	.word	0x10008d70
10005e0c:	100087fc 	.word	0x100087fc
10005e10:	20000fb0 	.word	0x20000fb0

10005e14 <_prep_out_transaction>:
10005e14:	b570      	push	{r4, r5, r6, lr}
10005e16:	0004      	movs	r4, r0
10005e18:	f7ff fa2c 	bl	10005274 <tud_mounted>
10005e1c:	2800      	cmp	r0, #0
10005e1e:	d103      	bne.n	10005e28 <_prep_out_transaction+0x14>
10005e20:	2300      	movs	r3, #0
10005e22:	001e      	movs	r6, r3
10005e24:	0030      	movs	r0, r6
10005e26:	bd70      	pop	{r4, r5, r6, pc}
10005e28:	f7ff fa2c 	bl	10005284 <tud_suspended>
10005e2c:	1e06      	subs	r6, r0, #0
10005e2e:	d1f7      	bne.n	10005e20 <_prep_out_transaction+0xc>
10005e30:	4b1c      	ldr	r3, [pc, #112]	@ (10005ea4 <_prep_out_transaction+0x90>)
10005e32:	22c8      	movs	r2, #200	@ 0xc8
10005e34:	4362      	muls	r2, r4
10005e36:	189b      	adds	r3, r3, r2
10005e38:	78db      	ldrb	r3, [r3, #3]
10005e3a:	2b00      	cmp	r3, #0
10005e3c:	d0f0      	beq.n	10005e20 <_prep_out_transaction+0xc>
10005e3e:	23c8      	movs	r3, #200	@ 0xc8
10005e40:	4363      	muls	r3, r4
10005e42:	3310      	adds	r3, #16
10005e44:	4a17      	ldr	r2, [pc, #92]	@ (10005ea4 <_prep_out_transaction+0x90>)
10005e46:	189b      	adds	r3, r3, r2
10005e48:	001d      	movs	r5, r3
10005e4a:	0018      	movs	r0, r3
10005e4c:	f000 fe5b 	bl	10006b06 <tu_fifo_remaining>
10005e50:	283f      	cmp	r0, #63	@ 0x3f
10005e52:	d9e7      	bls.n	10005e24 <_prep_out_transaction+0x10>
10005e54:	4b13      	ldr	r3, [pc, #76]	@ (10005ea4 <_prep_out_transaction+0x90>)
10005e56:	22c8      	movs	r2, #200	@ 0xc8
10005e58:	4362      	muls	r2, r4
10005e5a:	189b      	adds	r3, r3, r2
10005e5c:	78d9      	ldrb	r1, [r3, #3]
10005e5e:	2000      	movs	r0, #0
10005e60:	f7ff fb12 	bl	10005488 <usbd_edpt_claim>
10005e64:	2800      	cmp	r0, #0
10005e66:	d101      	bne.n	10005e6c <_prep_out_transaction+0x58>
10005e68:	0006      	movs	r6, r0
10005e6a:	e7db      	b.n	10005e24 <_prep_out_transaction+0x10>
10005e6c:	0028      	movs	r0, r5
10005e6e:	f000 fe4a 	bl	10006b06 <tu_fifo_remaining>
10005e72:	283f      	cmp	r0, #63	@ 0x3f
10005e74:	d90d      	bls.n	10005e92 <_prep_out_transaction+0x7e>
10005e76:	01e2      	lsls	r2, r4, #7
10005e78:	4b0b      	ldr	r3, [pc, #44]	@ (10005ea8 <_prep_out_transaction+0x94>)
10005e7a:	18d2      	adds	r2, r2, r3
10005e7c:	4b09      	ldr	r3, [pc, #36]	@ (10005ea4 <_prep_out_transaction+0x90>)
10005e7e:	21c8      	movs	r1, #200	@ 0xc8
10005e80:	4361      	muls	r1, r4
10005e82:	185b      	adds	r3, r3, r1
10005e84:	78d9      	ldrb	r1, [r3, #3]
10005e86:	2340      	movs	r3, #64	@ 0x40
10005e88:	2000      	movs	r0, #0
10005e8a:	f7ff fb25 	bl	100054d8 <usbd_edpt_xfer>
10005e8e:	0006      	movs	r6, r0
10005e90:	e7c8      	b.n	10005e24 <_prep_out_transaction+0x10>
10005e92:	4b04      	ldr	r3, [pc, #16]	@ (10005ea4 <_prep_out_transaction+0x90>)
10005e94:	22c8      	movs	r2, #200	@ 0xc8
10005e96:	4362      	muls	r2, r4
10005e98:	189b      	adds	r3, r3, r2
10005e9a:	78d9      	ldrb	r1, [r3, #3]
10005e9c:	2000      	movs	r0, #0
10005e9e:	f7ff fb07 	bl	100054b0 <usbd_edpt_release>
10005ea2:	e7bf      	b.n	10005e24 <_prep_out_transaction+0x10>
10005ea4:	20000ee8 	.word	0x20000ee8
10005ea8:	20000e64 	.word	0x20000e64

10005eac <tud_cdc_n_connected>:
10005eac:	b510      	push	{r4, lr}
10005eae:	0004      	movs	r4, r0
10005eb0:	f7ff f9e0 	bl	10005274 <tud_mounted>
10005eb4:	2800      	cmp	r0, #0
10005eb6:	d100      	bne.n	10005eba <tud_cdc_n_connected+0xe>
10005eb8:	bd10      	pop	{r4, pc}
10005eba:	f7ff f9e3 	bl	10005284 <tud_suspended>
10005ebe:	2800      	cmp	r0, #0
10005ec0:	d108      	bne.n	10005ed4 <tud_cdc_n_connected+0x28>
10005ec2:	4b06      	ldr	r3, [pc, #24]	@ (10005edc <tud_cdc_n_connected+0x30>)
10005ec4:	22c8      	movs	r2, #200	@ 0xc8
10005ec6:	4362      	muls	r2, r4
10005ec8:	189b      	adds	r3, r3, r2
10005eca:	791b      	ldrb	r3, [r3, #4]
10005ecc:	07db      	lsls	r3, r3, #31
10005ece:	d503      	bpl.n	10005ed8 <tud_cdc_n_connected+0x2c>
10005ed0:	3001      	adds	r0, #1
10005ed2:	e7f1      	b.n	10005eb8 <tud_cdc_n_connected+0xc>
10005ed4:	2000      	movs	r0, #0
10005ed6:	e7ef      	b.n	10005eb8 <tud_cdc_n_connected+0xc>
10005ed8:	2000      	movs	r0, #0
10005eda:	e7ed      	b.n	10005eb8 <tud_cdc_n_connected+0xc>
10005edc:	20000ee8 	.word	0x20000ee8

10005ee0 <tud_cdc_n_available>:
10005ee0:	b510      	push	{r4, lr}
10005ee2:	23c8      	movs	r3, #200	@ 0xc8
10005ee4:	4343      	muls	r3, r0
10005ee6:	3310      	adds	r3, #16
10005ee8:	4802      	ldr	r0, [pc, #8]	@ (10005ef4 <tud_cdc_n_available+0x14>)
10005eea:	1818      	adds	r0, r3, r0
10005eec:	f000 fdd7 	bl	10006a9e <tu_fifo_count>
10005ef0:	bd10      	pop	{r4, pc}
10005ef2:	46c0      	nop			@ (mov r8, r8)
10005ef4:	20000ee8 	.word	0x20000ee8

10005ef8 <tud_cdc_n_read>:
10005ef8:	b570      	push	{r4, r5, r6, lr}
10005efa:	0004      	movs	r4, r0
10005efc:	20c8      	movs	r0, #200	@ 0xc8
10005efe:	4360      	muls	r0, r4
10005f00:	0003      	movs	r3, r0
10005f02:	3310      	adds	r3, #16
10005f04:	4807      	ldr	r0, [pc, #28]	@ (10005f24 <tud_cdc_n_read+0x2c>)
10005f06:	1818      	adds	r0, r3, r0
10005f08:	4b07      	ldr	r3, [pc, #28]	@ (10005f28 <tud_cdc_n_read+0x30>)
10005f0a:	429a      	cmp	r2, r3
10005f0c:	d808      	bhi.n	10005f20 <tud_cdc_n_read+0x28>
10005f0e:	b292      	uxth	r2, r2
10005f10:	f000 fe31 	bl	10006b76 <tu_fifo_read_n>
10005f14:	0005      	movs	r5, r0
10005f16:	0020      	movs	r0, r4
10005f18:	f7ff ff7c 	bl	10005e14 <_prep_out_transaction>
10005f1c:	0028      	movs	r0, r5
10005f1e:	bd70      	pop	{r4, r5, r6, pc}
10005f20:	4a02      	ldr	r2, [pc, #8]	@ (10005f2c <tud_cdc_n_read+0x34>)
10005f22:	e7f5      	b.n	10005f10 <tud_cdc_n_read+0x18>
10005f24:	20000ee8 	.word	0x20000ee8
10005f28:	0000fffe 	.word	0x0000fffe
10005f2c:	0000ffff 	.word	0x0000ffff

10005f30 <tud_cdc_n_write_flush>:
10005f30:	b570      	push	{r4, r5, r6, lr}
10005f32:	0004      	movs	r4, r0
10005f34:	f7ff f99e 	bl	10005274 <tud_mounted>
10005f38:	2800      	cmp	r0, #0
10005f3a:	d101      	bne.n	10005f40 <tud_cdc_n_write_flush+0x10>
10005f3c:	2000      	movs	r0, #0
10005f3e:	bd70      	pop	{r4, r5, r6, pc}
10005f40:	f7ff f9a0 	bl	10005284 <tud_suspended>
10005f44:	2800      	cmp	r0, #0
10005f46:	d1f9      	bne.n	10005f3c <tud_cdc_n_write_flush+0xc>
10005f48:	23c8      	movs	r3, #200	@ 0xc8
10005f4a:	4363      	muls	r3, r4
10005f4c:	3320      	adds	r3, #32
10005f4e:	4a1e      	ldr	r2, [pc, #120]	@ (10005fc8 <tud_cdc_n_write_flush+0x98>)
10005f50:	189b      	adds	r3, r3, r2
10005f52:	3304      	adds	r3, #4
10005f54:	001e      	movs	r6, r3
10005f56:	0018      	movs	r0, r3
10005f58:	f000 fda1 	bl	10006a9e <tu_fifo_count>
10005f5c:	2800      	cmp	r0, #0
10005f5e:	d0ee      	beq.n	10005f3e <tud_cdc_n_write_flush+0xe>
10005f60:	4b19      	ldr	r3, [pc, #100]	@ (10005fc8 <tud_cdc_n_write_flush+0x98>)
10005f62:	22c8      	movs	r2, #200	@ 0xc8
10005f64:	4362      	muls	r2, r4
10005f66:	189b      	adds	r3, r3, r2
10005f68:	7899      	ldrb	r1, [r3, #2]
10005f6a:	2000      	movs	r0, #0
10005f6c:	f7ff fa8c 	bl	10005488 <usbd_edpt_claim>
10005f70:	2800      	cmp	r0, #0
10005f72:	d0e4      	beq.n	10005f3e <tud_cdc_n_write_flush+0xe>
10005f74:	01e3      	lsls	r3, r4, #7
10005f76:	3340      	adds	r3, #64	@ 0x40
10005f78:	4a14      	ldr	r2, [pc, #80]	@ (10005fcc <tud_cdc_n_write_flush+0x9c>)
10005f7a:	189b      	adds	r3, r3, r2
10005f7c:	001d      	movs	r5, r3
10005f7e:	2240      	movs	r2, #64	@ 0x40
10005f80:	0019      	movs	r1, r3
10005f82:	0030      	movs	r0, r6
10005f84:	f000 fdf7 	bl	10006b76 <tu_fifo_read_n>
10005f88:	1e06      	subs	r6, r0, #0
10005f8a:	d014      	beq.n	10005fb6 <tud_cdc_n_write_flush+0x86>
10005f8c:	4b0e      	ldr	r3, [pc, #56]	@ (10005fc8 <tud_cdc_n_write_flush+0x98>)
10005f8e:	22c8      	movs	r2, #200	@ 0xc8
10005f90:	4362      	muls	r2, r4
10005f92:	189b      	adds	r3, r3, r2
10005f94:	7899      	ldrb	r1, [r3, #2]
10005f96:	0003      	movs	r3, r0
10005f98:	002a      	movs	r2, r5
10005f9a:	2000      	movs	r0, #0
10005f9c:	f7ff fa9c 	bl	100054d8 <usbd_edpt_xfer>
10005fa0:	2800      	cmp	r0, #0
10005fa2:	d001      	beq.n	10005fa8 <tud_cdc_n_write_flush+0x78>
10005fa4:	0030      	movs	r0, r6
10005fa6:	e7ca      	b.n	10005f3e <tud_cdc_n_write_flush+0xe>
10005fa8:	4909      	ldr	r1, [pc, #36]	@ (10005fd0 <tud_cdc_n_write_flush+0xa0>)
10005faa:	480a      	ldr	r0, [pc, #40]	@ (10005fd4 <tud_cdc_n_write_flush+0xa4>)
10005fac:	22d5      	movs	r2, #213	@ 0xd5
10005fae:	f7fe f917 	bl	100041e0 <__wrap_printf>
10005fb2:	2000      	movs	r0, #0
10005fb4:	e7c3      	b.n	10005f3e <tud_cdc_n_write_flush+0xe>
10005fb6:	4b04      	ldr	r3, [pc, #16]	@ (10005fc8 <tud_cdc_n_write_flush+0x98>)
10005fb8:	22c8      	movs	r2, #200	@ 0xc8
10005fba:	4362      	muls	r2, r4
10005fbc:	189b      	adds	r3, r3, r2
10005fbe:	7899      	ldrb	r1, [r3, #2]
10005fc0:	f7ff fa76 	bl	100054b0 <usbd_edpt_release>
10005fc4:	2000      	movs	r0, #0
10005fc6:	e7ba      	b.n	10005f3e <tud_cdc_n_write_flush+0xe>
10005fc8:	20000ee8 	.word	0x20000ee8
10005fcc:	20000e64 	.word	0x20000e64
10005fd0:	10008db8 	.word	0x10008db8
10005fd4:	100087fc 	.word	0x100087fc

10005fd8 <tud_cdc_n_write>:
10005fd8:	b570      	push	{r4, r5, r6, lr}
10005fda:	0006      	movs	r6, r0
10005fdc:	24c8      	movs	r4, #200	@ 0xc8
10005fde:	4344      	muls	r4, r0
10005fe0:	3420      	adds	r4, #32
10005fe2:	4b0c      	ldr	r3, [pc, #48]	@ (10006014 <tud_cdc_n_write+0x3c>)
10005fe4:	18e4      	adds	r4, r4, r3
10005fe6:	3404      	adds	r4, #4
10005fe8:	4b0b      	ldr	r3, [pc, #44]	@ (10006018 <tud_cdc_n_write+0x40>)
10005fea:	429a      	cmp	r2, r3
10005fec:	d80b      	bhi.n	10006006 <tud_cdc_n_write+0x2e>
10005fee:	b292      	uxth	r2, r2
10005ff0:	0020      	movs	r0, r4
10005ff2:	f000 fdf8 	bl	10006be6 <tu_fifo_write_n>
10005ff6:	0005      	movs	r5, r0
10005ff8:	0020      	movs	r0, r4
10005ffa:	f000 fd50 	bl	10006a9e <tu_fifo_count>
10005ffe:	283f      	cmp	r0, #63	@ 0x3f
10006000:	d803      	bhi.n	1000600a <tud_cdc_n_write+0x32>
10006002:	0028      	movs	r0, r5
10006004:	bd70      	pop	{r4, r5, r6, pc}
10006006:	4a05      	ldr	r2, [pc, #20]	@ (1000601c <tud_cdc_n_write+0x44>)
10006008:	e7f2      	b.n	10005ff0 <tud_cdc_n_write+0x18>
1000600a:	0030      	movs	r0, r6
1000600c:	f7ff ff90 	bl	10005f30 <tud_cdc_n_write_flush>
10006010:	e7f7      	b.n	10006002 <tud_cdc_n_write+0x2a>
10006012:	46c0      	nop			@ (mov r8, r8)
10006014:	20000ee8 	.word	0x20000ee8
10006018:	0000fffe 	.word	0x0000fffe
1000601c:	0000ffff 	.word	0x0000ffff

10006020 <tud_cdc_n_write_available>:
10006020:	b510      	push	{r4, lr}
10006022:	23c8      	movs	r3, #200	@ 0xc8
10006024:	4358      	muls	r0, r3
10006026:	3020      	adds	r0, #32
10006028:	4b02      	ldr	r3, [pc, #8]	@ (10006034 <tud_cdc_n_write_available+0x14>)
1000602a:	18c0      	adds	r0, r0, r3
1000602c:	3004      	adds	r0, #4
1000602e:	f000 fd6a 	bl	10006b06 <tu_fifo_remaining>
10006032:	bd10      	pop	{r4, pc}
10006034:	20000ee8 	.word	0x20000ee8

10006038 <cdcd_init>:
10006038:	b5f0      	push	{r4, r5, r6, r7, lr}
1000603a:	46c6      	mov	lr, r8
1000603c:	b500      	push	{lr}
1000603e:	b082      	sub	sp, #8
10006040:	4824      	ldr	r0, [pc, #144]	@ (100060d4 <cdcd_init+0x9c>)
10006042:	22c8      	movs	r2, #200	@ 0xc8
10006044:	2100      	movs	r1, #0
10006046:	f7fc fe49 	bl	10002cdc <__wrap_memset>
1000604a:	4b23      	ldr	r3, [pc, #140]	@ (100060d8 <cdcd_init+0xa0>)
1000604c:	2200      	movs	r2, #0
1000604e:	701a      	strb	r2, [r3, #0]
10006050:	2700      	movs	r7, #0
10006052:	2f00      	cmp	r7, #0
10006054:	d003      	beq.n	1000605e <cdcd_init+0x26>
10006056:	b002      	add	sp, #8
10006058:	bc80      	pop	{r7}
1000605a:	46b8      	mov	r8, r7
1000605c:	bdf0      	pop	{r4, r5, r6, r7, pc}
1000605e:	4e1d      	ldr	r6, [pc, #116]	@ (100060d4 <cdcd_init+0x9c>)
10006060:	24c8      	movs	r4, #200	@ 0xc8
10006062:	437c      	muls	r4, r7
10006064:	1935      	adds	r5, r6, r4
10006066:	23ff      	movs	r3, #255	@ 0xff
10006068:	716b      	strb	r3, [r5, #5]
1000606a:	23e1      	movs	r3, #225	@ 0xe1
1000606c:	025b      	lsls	r3, r3, #9
1000606e:	60ab      	str	r3, [r5, #8]
10006070:	2200      	movs	r2, #0
10006072:	732a      	strb	r2, [r5, #12]
10006074:	736a      	strb	r2, [r5, #13]
10006076:	2308      	movs	r3, #8
10006078:	73ab      	strb	r3, [r5, #14]
1000607a:	0021      	movs	r1, r4
1000607c:	3138      	adds	r1, #56	@ 0x38
1000607e:	1989      	adds	r1, r1, r6
10006080:	0020      	movs	r0, r4
10006082:	3010      	adds	r0, #16
10006084:	1980      	adds	r0, r0, r6
10006086:	9200      	str	r2, [sp, #0]
10006088:	3b07      	subs	r3, #7
1000608a:	3240      	adds	r2, #64	@ 0x40
1000608c:	f000 fcc6 	bl	10006a1c <tu_fifo_config>
10006090:	0021      	movs	r1, r4
10006092:	3178      	adds	r1, #120	@ 0x78
10006094:	1989      	adds	r1, r1, r6
10006096:	0020      	movs	r0, r4
10006098:	3020      	adds	r0, #32
1000609a:	1980      	adds	r0, r0, r6
1000609c:	3004      	adds	r0, #4
1000609e:	2301      	movs	r3, #1
100060a0:	9300      	str	r3, [sp, #0]
100060a2:	2240      	movs	r2, #64	@ 0x40
100060a4:	f000 fcba 	bl	10006a1c <tu_fifo_config>
100060a8:	0023      	movs	r3, r4
100060aa:	33b8      	adds	r3, #184	@ 0xb8
100060ac:	199b      	adds	r3, r3, r6
100060ae:	4698      	mov	r8, r3
100060b0:	0018      	movs	r0, r3
100060b2:	f7fa feb9 	bl	10000e28 <mutex_init>
100060b6:	34c0      	adds	r4, #192	@ 0xc0
100060b8:	19a4      	adds	r4, r4, r6
100060ba:	0020      	movs	r0, r4
100060bc:	f7fa feb4 	bl	10000e28 <mutex_init>
100060c0:	2200      	movs	r2, #0
100060c2:	61ea      	str	r2, [r5, #28]
100060c4:	4643      	mov	r3, r8
100060c6:	622b      	str	r3, [r5, #32]
100060c8:	632c      	str	r4, [r5, #48]	@ 0x30
100060ca:	636a      	str	r2, [r5, #52]	@ 0x34
100060cc:	3701      	adds	r7, #1
100060ce:	b2ff      	uxtb	r7, r7
100060d0:	e7bf      	b.n	10006052 <cdcd_init+0x1a>
100060d2:	46c0      	nop			@ (mov r8, r8)
100060d4:	20000ee8 	.word	0x20000ee8
100060d8:	20000ee4 	.word	0x20000ee4

100060dc <cdcd_deinit>:
100060dc:	2300      	movs	r3, #0
100060de:	2b00      	cmp	r3, #0
100060e0:	d001      	beq.n	100060e6 <cdcd_deinit+0xa>
100060e2:	2001      	movs	r0, #1
100060e4:	4770      	bx	lr
100060e6:	0019      	movs	r1, r3
100060e8:	4a0e      	ldr	r2, [pc, #56]	@ (10006124 <cdcd_deinit+0x48>)
100060ea:	20c8      	movs	r0, #200	@ 0xc8
100060ec:	4358      	muls	r0, r3
100060ee:	1812      	adds	r2, r2, r0
100060f0:	6a10      	ldr	r0, [r2, #32]
100060f2:	6b12      	ldr	r2, [r2, #48]	@ 0x30
100060f4:	4694      	mov	ip, r2
100060f6:	2800      	cmp	r0, #0
100060f8:	d006      	beq.n	10006108 <cdcd_deinit+0x2c>
100060fa:	4a0a      	ldr	r2, [pc, #40]	@ (10006124 <cdcd_deinit+0x48>)
100060fc:	20c8      	movs	r0, #200	@ 0xc8
100060fe:	4358      	muls	r0, r3
10006100:	1812      	adds	r2, r2, r0
10006102:	2000      	movs	r0, #0
10006104:	61d0      	str	r0, [r2, #28]
10006106:	6210      	str	r0, [r2, #32]
10006108:	4662      	mov	r2, ip
1000610a:	2a00      	cmp	r2, #0
1000610c:	d006      	beq.n	1000611c <cdcd_deinit+0x40>
1000610e:	4a05      	ldr	r2, [pc, #20]	@ (10006124 <cdcd_deinit+0x48>)
10006110:	20c8      	movs	r0, #200	@ 0xc8
10006112:	4341      	muls	r1, r0
10006114:	1852      	adds	r2, r2, r1
10006116:	2100      	movs	r1, #0
10006118:	6311      	str	r1, [r2, #48]	@ 0x30
1000611a:	6351      	str	r1, [r2, #52]	@ 0x34
1000611c:	3301      	adds	r3, #1
1000611e:	b2db      	uxtb	r3, r3
10006120:	e7dd      	b.n	100060de <cdcd_deinit+0x2>
10006122:	46c0      	nop			@ (mov r8, r8)
10006124:	20000ee8 	.word	0x20000ee8

10006128 <cdcd_reset>:
10006128:	b570      	push	{r4, r5, r6, lr}
1000612a:	2400      	movs	r4, #0
1000612c:	2c00      	cmp	r4, #0
1000612e:	d000      	beq.n	10006132 <cdcd_reset+0xa>
10006130:	bd70      	pop	{r4, r5, r6, pc}
10006132:	0025      	movs	r5, r4
10006134:	20c8      	movs	r0, #200	@ 0xc8
10006136:	4360      	muls	r0, r4
10006138:	4b15      	ldr	r3, [pc, #84]	@ (10006190 <cdcd_reset+0x68>)
1000613a:	18c0      	adds	r0, r0, r3
1000613c:	2205      	movs	r2, #5
1000613e:	2100      	movs	r1, #0
10006140:	f7fc fdcc 	bl	10002cdc <__wrap_memset>
10006144:	4b13      	ldr	r3, [pc, #76]	@ (10006194 <cdcd_reset+0x6c>)
10006146:	781b      	ldrb	r3, [r3, #0]
10006148:	07db      	lsls	r3, r3, #31
1000614a:	d50f      	bpl.n	1000616c <cdcd_reset+0x44>
1000614c:	4b11      	ldr	r3, [pc, #68]	@ (10006194 <cdcd_reset+0x6c>)
1000614e:	781b      	ldrb	r3, [r3, #0]
10006150:	079b      	lsls	r3, r3, #30
10006152:	d513      	bpl.n	1000617c <cdcd_reset+0x54>
10006154:	20c8      	movs	r0, #200	@ 0xc8
10006156:	4368      	muls	r0, r5
10006158:	3020      	adds	r0, #32
1000615a:	4b0d      	ldr	r3, [pc, #52]	@ (10006190 <cdcd_reset+0x68>)
1000615c:	18c0      	adds	r0, r0, r3
1000615e:	3004      	adds	r0, #4
10006160:	2101      	movs	r1, #1
10006162:	f000 fd64 	bl	10006c2e <tu_fifo_set_overwritable>
10006166:	3401      	adds	r4, #1
10006168:	b2e4      	uxtb	r4, r4
1000616a:	e7df      	b.n	1000612c <cdcd_reset+0x4>
1000616c:	20c8      	movs	r0, #200	@ 0xc8
1000616e:	4360      	muls	r0, r4
10006170:	3010      	adds	r0, #16
10006172:	4b07      	ldr	r3, [pc, #28]	@ (10006190 <cdcd_reset+0x68>)
10006174:	18c0      	adds	r0, r0, r3
10006176:	f000 fd3b 	bl	10006bf0 <tu_fifo_clear>
1000617a:	e7e7      	b.n	1000614c <cdcd_reset+0x24>
1000617c:	20c8      	movs	r0, #200	@ 0xc8
1000617e:	4368      	muls	r0, r5
10006180:	3020      	adds	r0, #32
10006182:	4b03      	ldr	r3, [pc, #12]	@ (10006190 <cdcd_reset+0x68>)
10006184:	18c0      	adds	r0, r0, r3
10006186:	3004      	adds	r0, #4
10006188:	f000 fd32 	bl	10006bf0 <tu_fifo_clear>
1000618c:	e7e2      	b.n	10006154 <cdcd_reset+0x2c>
1000618e:	46c0      	nop			@ (mov r8, r8)
10006190:	20000ee8 	.word	0x20000ee8
10006194:	20000ee4 	.word	0x20000ee4

10006198 <cdcd_open>:
10006198:	b5f0      	push	{r4, r5, r6, r7, lr}
1000619a:	46c6      	mov	lr, r8
1000619c:	b500      	push	{lr}
1000619e:	b082      	sub	sp, #8
100061a0:	0007      	movs	r7, r0
100061a2:	794b      	ldrb	r3, [r1, #5]
100061a4:	2b02      	cmp	r3, #2
100061a6:	d16b      	bne.n	10006280 <cdcd_open+0xe8>
100061a8:	798b      	ldrb	r3, [r1, #6]
100061aa:	2b02      	cmp	r3, #2
100061ac:	d000      	beq.n	100061b0 <cdcd_open+0x18>
100061ae:	e06d      	b.n	1000628c <cdcd_open+0xf4>
100061b0:	2300      	movs	r3, #0
100061b2:	001e      	movs	r6, r3
100061b4:	2e00      	cmp	r6, #0
100061b6:	d008      	beq.n	100061ca <cdcd_open+0x32>
100061b8:	2e00      	cmp	r6, #0
100061ba:	d113      	bne.n	100061e4 <cdcd_open+0x4c>
100061bc:	788b      	ldrb	r3, [r1, #2]
100061be:	4640      	mov	r0, r8
100061c0:	7003      	strb	r3, [r0, #0]
100061c2:	780c      	ldrb	r4, [r1, #0]
100061c4:	190c      	adds	r4, r1, r4
100061c6:	2509      	movs	r5, #9
100061c8:	e018      	b.n	100061fc <cdcd_open+0x64>
100061ca:	23c8      	movs	r3, #200	@ 0xc8
100061cc:	4373      	muls	r3, r6
100061ce:	4830      	ldr	r0, [pc, #192]	@ (10006290 <cdcd_open+0xf8>)
100061d0:	181b      	adds	r3, r3, r0
100061d2:	4698      	mov	r8, r3
100061d4:	789b      	ldrb	r3, [r3, #2]
100061d6:	2b00      	cmp	r3, #0
100061d8:	d0ee      	beq.n	100061b8 <cdcd_open+0x20>
100061da:	0033      	movs	r3, r6
100061dc:	3301      	adds	r3, #1
100061de:	b2db      	uxtb	r3, r3
100061e0:	001e      	movs	r6, r3
100061e2:	e7e7      	b.n	100061b4 <cdcd_open+0x1c>
100061e4:	2242      	movs	r2, #66	@ 0x42
100061e6:	492b      	ldr	r1, [pc, #172]	@ (10006294 <cdcd_open+0xfc>)
100061e8:	482b      	ldr	r0, [pc, #172]	@ (10006298 <cdcd_open+0x100>)
100061ea:	32ff      	adds	r2, #255	@ 0xff
100061ec:	f7fd fff8 	bl	100041e0 <__wrap_printf>
100061f0:	2500      	movs	r5, #0
100061f2:	e046      	b.n	10006282 <cdcd_open+0xea>
100061f4:	7823      	ldrb	r3, [r4, #0]
100061f6:	195d      	adds	r5, r3, r5
100061f8:	b2ad      	uxth	r5, r5
100061fa:	18e4      	adds	r4, r4, r3
100061fc:	7863      	ldrb	r3, [r4, #1]
100061fe:	2b24      	cmp	r3, #36	@ 0x24
10006200:	d101      	bne.n	10006206 <cdcd_open+0x6e>
10006202:	4295      	cmp	r5, r2
10006204:	d9f6      	bls.n	100061f4 <cdcd_open+0x5c>
10006206:	2b05      	cmp	r3, #5
10006208:	d009      	beq.n	1000621e <cdcd_open+0x86>
1000620a:	7863      	ldrb	r3, [r4, #1]
1000620c:	2b04      	cmp	r3, #4
1000620e:	d102      	bne.n	10006216 <cdcd_open+0x7e>
10006210:	7963      	ldrb	r3, [r4, #5]
10006212:	2b0a      	cmp	r3, #10
10006214:	d019      	beq.n	1000624a <cdcd_open+0xb2>
10006216:	0030      	movs	r0, r6
10006218:	f7ff fdfc 	bl	10005e14 <_prep_out_transaction>
1000621c:	e031      	b.n	10006282 <cdcd_open+0xea>
1000621e:	0021      	movs	r1, r4
10006220:	0038      	movs	r0, r7
10006222:	f7ff f8bf 	bl	100053a4 <usbd_edpt_open>
10006226:	2800      	cmp	r0, #0
10006228:	d007      	beq.n	1000623a <cdcd_open+0xa2>
1000622a:	78a3      	ldrb	r3, [r4, #2]
1000622c:	4642      	mov	r2, r8
1000622e:	7053      	strb	r3, [r2, #1]
10006230:	7823      	ldrb	r3, [r4, #0]
10006232:	195d      	adds	r5, r3, r5
10006234:	b2ad      	uxth	r5, r5
10006236:	18e4      	adds	r4, r4, r3
10006238:	e7e7      	b.n	1000620a <cdcd_open+0x72>
1000623a:	2254      	movs	r2, #84	@ 0x54
1000623c:	4915      	ldr	r1, [pc, #84]	@ (10006294 <cdcd_open+0xfc>)
1000623e:	4816      	ldr	r0, [pc, #88]	@ (10006298 <cdcd_open+0x100>)
10006240:	32ff      	adds	r2, #255	@ 0xff
10006242:	f7fd ffcd 	bl	100041e0 <__wrap_printf>
10006246:	2500      	movs	r5, #0
10006248:	e01b      	b.n	10006282 <cdcd_open+0xea>
1000624a:	7821      	ldrb	r1, [r4, #0]
1000624c:	194d      	adds	r5, r1, r5
1000624e:	b2ad      	uxth	r5, r5
10006250:	1861      	adds	r1, r4, r1
10006252:	4642      	mov	r2, r8
10006254:	1c93      	adds	r3, r2, #2
10006256:	9301      	str	r3, [sp, #4]
10006258:	1cd3      	adds	r3, r2, #3
1000625a:	9300      	str	r3, [sp, #0]
1000625c:	2302      	movs	r3, #2
1000625e:	2202      	movs	r2, #2
10006260:	0038      	movs	r0, r7
10006262:	f7ff f8d1 	bl	10005408 <usbd_open_edpt_pair>
10006266:	2800      	cmp	r0, #0
10006268:	d002      	beq.n	10006270 <cdcd_open+0xd8>
1000626a:	350e      	adds	r5, #14
1000626c:	b2ad      	uxth	r5, r5
1000626e:	e7d2      	b.n	10006216 <cdcd_open+0x7e>
10006270:	22b1      	movs	r2, #177	@ 0xb1
10006272:	4908      	ldr	r1, [pc, #32]	@ (10006294 <cdcd_open+0xfc>)
10006274:	4808      	ldr	r0, [pc, #32]	@ (10006298 <cdcd_open+0x100>)
10006276:	0052      	lsls	r2, r2, #1
10006278:	f7fd ffb2 	bl	100041e0 <__wrap_printf>
1000627c:	2500      	movs	r5, #0
1000627e:	e000      	b.n	10006282 <cdcd_open+0xea>
10006280:	2500      	movs	r5, #0
10006282:	0028      	movs	r0, r5
10006284:	b002      	add	sp, #8
10006286:	bc80      	pop	{r7}
10006288:	46b8      	mov	r8, r7
1000628a:	bdf0      	pop	{r4, r5, r6, r7, pc}
1000628c:	2500      	movs	r5, #0
1000628e:	e7f8      	b.n	10006282 <cdcd_open+0xea>
10006290:	20000ee8 	.word	0x20000ee8
10006294:	10008dac 	.word	0x10008dac
10006298:	100087fc 	.word	0x100087fc

1000629c <cdcd_control_xfer_cb>:
1000629c:	b570      	push	{r4, r5, r6, lr}
1000629e:	0006      	movs	r6, r0
100062a0:	000d      	movs	r5, r1
100062a2:	0011      	movs	r1, r2
100062a4:	7812      	ldrb	r2, [r2, #0]
100062a6:	2360      	movs	r3, #96	@ 0x60
100062a8:	4013      	ands	r3, r2
100062aa:	2b20      	cmp	r3, #32
100062ac:	d000      	beq.n	100062b0 <cdcd_control_xfer_cb+0x14>
100062ae:	e087      	b.n	100063c0 <cdcd_control_xfer_cb+0x124>
100062b0:	2400      	movs	r4, #0
100062b2:	2c00      	cmp	r4, #0
100062b4:	d00f      	beq.n	100062d6 <cdcd_control_xfer_cb+0x3a>
100062b6:	2c00      	cmp	r4, #0
100062b8:	d000      	beq.n	100062bc <cdcd_control_xfer_cb+0x20>
100062ba:	e083      	b.n	100063c4 <cdcd_control_xfer_cb+0x128>
100062bc:	784b      	ldrb	r3, [r1, #1]
100062be:	2b22      	cmp	r3, #34	@ 0x22
100062c0:	d045      	beq.n	1000634e <cdcd_control_xfer_cb+0xb2>
100062c2:	d819      	bhi.n	100062f8 <cdcd_control_xfer_cb+0x5c>
100062c4:	2b20      	cmp	r3, #32
100062c6:	d021      	beq.n	1000630c <cdcd_control_xfer_cb+0x70>
100062c8:	2b21      	cmp	r3, #33	@ 0x21
100062ca:	d113      	bne.n	100062f4 <cdcd_control_xfer_cb+0x58>
100062cc:	002b      	movs	r3, r5
100062ce:	2d01      	cmp	r5, #1
100062d0:	d035      	beq.n	1000633e <cdcd_control_xfer_cb+0xa2>
100062d2:	2001      	movs	r0, #1
100062d4:	e075      	b.n	100063c2 <cdcd_control_xfer_cb+0x126>
100062d6:	23c8      	movs	r3, #200	@ 0xc8
100062d8:	4363      	muls	r3, r4
100062da:	4a3e      	ldr	r2, [pc, #248]	@ (100063d4 <cdcd_control_xfer_cb+0x138>)
100062dc:	1898      	adds	r0, r3, r2
100062de:	4684      	mov	ip, r0
100062e0:	5cd2      	ldrb	r2, [r2, r3]
100062e2:	7908      	ldrb	r0, [r1, #4]
100062e4:	794b      	ldrb	r3, [r1, #5]
100062e6:	021b      	lsls	r3, r3, #8
100062e8:	4303      	orrs	r3, r0
100062ea:	429a      	cmp	r2, r3
100062ec:	d0e3      	beq.n	100062b6 <cdcd_control_xfer_cb+0x1a>
100062ee:	3401      	adds	r4, #1
100062f0:	b2e4      	uxtb	r4, r4
100062f2:	e7de      	b.n	100062b2 <cdcd_control_xfer_cb+0x16>
100062f4:	2000      	movs	r0, #0
100062f6:	e064      	b.n	100063c2 <cdcd_control_xfer_cb+0x126>
100062f8:	2b23      	cmp	r3, #35	@ 0x23
100062fa:	d105      	bne.n	10006308 <cdcd_control_xfer_cb+0x6c>
100062fc:	2d01      	cmp	r5, #1
100062fe:	d04e      	beq.n	1000639e <cdcd_control_xfer_cb+0x102>
10006300:	2d03      	cmp	r5, #3
10006302:	d051      	beq.n	100063a8 <cdcd_control_xfer_cb+0x10c>
10006304:	2001      	movs	r0, #1
10006306:	e05c      	b.n	100063c2 <cdcd_control_xfer_cb+0x126>
10006308:	2000      	movs	r0, #0
1000630a:	e05a      	b.n	100063c2 <cdcd_control_xfer_cb+0x126>
1000630c:	002b      	movs	r3, r5
1000630e:	2d01      	cmp	r5, #1
10006310:	d003      	beq.n	1000631a <cdcd_control_xfer_cb+0x7e>
10006312:	2d03      	cmp	r5, #3
10006314:	d009      	beq.n	1000632a <cdcd_control_xfer_cb+0x8e>
10006316:	2001      	movs	r0, #1
10006318:	e053      	b.n	100063c2 <cdcd_control_xfer_cb+0x126>
1000631a:	4662      	mov	r2, ip
1000631c:	3208      	adds	r2, #8
1000631e:	3306      	adds	r3, #6
10006320:	0030      	movs	r0, r6
10006322:	f7ff fc97 	bl	10005c54 <tud_control_xfer>
10006326:	2001      	movs	r0, #1
10006328:	e04b      	b.n	100063c2 <cdcd_control_xfer_cb+0x126>
1000632a:	4b2b      	ldr	r3, [pc, #172]	@ (100063d8 <cdcd_control_xfer_cb+0x13c>)
1000632c:	2b00      	cmp	r3, #0
1000632e:	d04b      	beq.n	100063c8 <cdcd_control_xfer_cb+0x12c>
10006330:	4661      	mov	r1, ip
10006332:	3108      	adds	r1, #8
10006334:	0020      	movs	r0, r4
10006336:	f7fe fbc7 	bl	10004ac8 <tud_cdc_line_coding_cb>
1000633a:	2001      	movs	r0, #1
1000633c:	e041      	b.n	100063c2 <cdcd_control_xfer_cb+0x126>
1000633e:	4662      	mov	r2, ip
10006340:	3208      	adds	r2, #8
10006342:	3306      	adds	r3, #6
10006344:	0030      	movs	r0, r6
10006346:	f7ff fc85 	bl	10005c54 <tud_control_xfer>
1000634a:	2001      	movs	r0, #1
1000634c:	e039      	b.n	100063c2 <cdcd_control_xfer_cb+0x126>
1000634e:	2d01      	cmp	r5, #1
10006350:	d003      	beq.n	1000635a <cdcd_control_xfer_cb+0xbe>
10006352:	2d03      	cmp	r5, #3
10006354:	d006      	beq.n	10006364 <cdcd_control_xfer_cb+0xc8>
10006356:	2001      	movs	r0, #1
10006358:	e033      	b.n	100063c2 <cdcd_control_xfer_cb+0x126>
1000635a:	0030      	movs	r0, r6
1000635c:	f7ff fc66 	bl	10005c2c <tud_control_status>
10006360:	2001      	movs	r0, #1
10006362:	e02e      	b.n	100063c2 <cdcd_control_xfer_cb+0x126>
10006364:	788a      	ldrb	r2, [r1, #2]
10006366:	78cb      	ldrb	r3, [r1, #3]
10006368:	021b      	lsls	r3, r3, #8
1000636a:	4313      	orrs	r3, r2
1000636c:	2201      	movs	r2, #1
1000636e:	0015      	movs	r5, r2
10006370:	401d      	ands	r5, r3
10006372:	0859      	lsrs	r1, r3, #1
10006374:	400a      	ands	r2, r1
10006376:	0016      	movs	r6, r2
10006378:	4662      	mov	r2, ip
1000637a:	7113      	strb	r3, [r2, #4]
1000637c:	2101      	movs	r1, #1
1000637e:	4069      	eors	r1, r5
10006380:	b2c9      	uxtb	r1, r1
10006382:	4660      	mov	r0, ip
10006384:	3024      	adds	r0, #36	@ 0x24
10006386:	f000 fc52 	bl	10006c2e <tu_fifo_set_overwritable>
1000638a:	4b14      	ldr	r3, [pc, #80]	@ (100063dc <cdcd_control_xfer_cb+0x140>)
1000638c:	2b00      	cmp	r3, #0
1000638e:	d01d      	beq.n	100063cc <cdcd_control_xfer_cb+0x130>
10006390:	0032      	movs	r2, r6
10006392:	0029      	movs	r1, r5
10006394:	0020      	movs	r0, r4
10006396:	e000      	b.n	1000639a <cdcd_control_xfer_cb+0xfe>
10006398:	bf00      	nop
1000639a:	2001      	movs	r0, #1
1000639c:	e011      	b.n	100063c2 <cdcd_control_xfer_cb+0x126>
1000639e:	0030      	movs	r0, r6
100063a0:	f7ff fc44 	bl	10005c2c <tud_control_status>
100063a4:	2001      	movs	r0, #1
100063a6:	e00c      	b.n	100063c2 <cdcd_control_xfer_cb+0x126>
100063a8:	4b0d      	ldr	r3, [pc, #52]	@ (100063e0 <cdcd_control_xfer_cb+0x144>)
100063aa:	2b00      	cmp	r3, #0
100063ac:	d010      	beq.n	100063d0 <cdcd_control_xfer_cb+0x134>
100063ae:	788b      	ldrb	r3, [r1, #2]
100063b0:	78c9      	ldrb	r1, [r1, #3]
100063b2:	0209      	lsls	r1, r1, #8
100063b4:	4319      	orrs	r1, r3
100063b6:	0020      	movs	r0, r4
100063b8:	e000      	b.n	100063bc <cdcd_control_xfer_cb+0x120>
100063ba:	bf00      	nop
100063bc:	2001      	movs	r0, #1
100063be:	e000      	b.n	100063c2 <cdcd_control_xfer_cb+0x126>
100063c0:	2000      	movs	r0, #0
100063c2:	bd70      	pop	{r4, r5, r6, pc}
100063c4:	2000      	movs	r0, #0
100063c6:	e7fc      	b.n	100063c2 <cdcd_control_xfer_cb+0x126>
100063c8:	2001      	movs	r0, #1
100063ca:	e7fa      	b.n	100063c2 <cdcd_control_xfer_cb+0x126>
100063cc:	2001      	movs	r0, #1
100063ce:	e7f8      	b.n	100063c2 <cdcd_control_xfer_cb+0x126>
100063d0:	2001      	movs	r0, #1
100063d2:	e7f6      	b.n	100063c2 <cdcd_control_xfer_cb+0x126>
100063d4:	20000ee8 	.word	0x20000ee8
100063d8:	10004ac9 	.word	0x10004ac9
	...

100063e4 <cdcd_xfer_cb>:
100063e4:	b5f0      	push	{r4, r5, r6, r7, lr}
100063e6:	46ce      	mov	lr, r9
100063e8:	4647      	mov	r7, r8
100063ea:	b580      	push	{r7, lr}
100063ec:	b083      	sub	sp, #12
100063ee:	9001      	str	r0, [sp, #4]
100063f0:	000e      	movs	r6, r1
100063f2:	9300      	str	r3, [sp, #0]
100063f4:	2400      	movs	r4, #0
100063f6:	2c00      	cmp	r4, #0
100063f8:	d00f      	beq.n	1000641a <cdcd_xfer_cb+0x36>
100063fa:	2c00      	cmp	r4, #0
100063fc:	d11a      	bne.n	10006434 <cdcd_xfer_cb+0x50>
100063fe:	46a0      	mov	r8, r4
10006400:	78eb      	ldrb	r3, [r5, #3]
10006402:	42b3      	cmp	r3, r6
10006404:	d01e      	beq.n	10006444 <cdcd_xfer_cb+0x60>
10006406:	78ab      	ldrb	r3, [r5, #2]
10006408:	42b3      	cmp	r3, r6
1000640a:	d055      	beq.n	100064b8 <cdcd_xfer_cb+0xd4>
1000640c:	2401      	movs	r4, #1
1000640e:	0020      	movs	r0, r4
10006410:	b003      	add	sp, #12
10006412:	bcc0      	pop	{r6, r7}
10006414:	46b9      	mov	r9, r7
10006416:	46b0      	mov	r8, r6
10006418:	bdf0      	pop	{r4, r5, r6, r7, pc}
1000641a:	25c8      	movs	r5, #200	@ 0xc8
1000641c:	4365      	muls	r5, r4
1000641e:	4b3d      	ldr	r3, [pc, #244]	@ (10006514 <cdcd_xfer_cb+0x130>)
10006420:	18ed      	adds	r5, r5, r3
10006422:	78eb      	ldrb	r3, [r5, #3]
10006424:	42b3      	cmp	r3, r6
10006426:	d0e8      	beq.n	100063fa <cdcd_xfer_cb+0x16>
10006428:	78ab      	ldrb	r3, [r5, #2]
1000642a:	42b3      	cmp	r3, r6
1000642c:	d0e5      	beq.n	100063fa <cdcd_xfer_cb+0x16>
1000642e:	3401      	adds	r4, #1
10006430:	b2e4      	uxtb	r4, r4
10006432:	e7e0      	b.n	100063f6 <cdcd_xfer_cb+0x12>
10006434:	22e6      	movs	r2, #230	@ 0xe6
10006436:	4938      	ldr	r1, [pc, #224]	@ (10006518 <cdcd_xfer_cb+0x134>)
10006438:	4838      	ldr	r0, [pc, #224]	@ (1000651c <cdcd_xfer_cb+0x138>)
1000643a:	0052      	lsls	r2, r2, #1
1000643c:	f7fd fed0 	bl	100041e0 <__wrap_printf>
10006440:	2400      	movs	r4, #0
10006442:	e7e4      	b.n	1000640e <cdcd_xfer_cb+0x2a>
10006444:	2310      	movs	r3, #16
10006446:	469c      	mov	ip, r3
10006448:	44ac      	add	ip, r5
1000644a:	4660      	mov	r0, ip
1000644c:	46e1      	mov	r9, ip
1000644e:	01e1      	lsls	r1, r4, #7
10006450:	4b33      	ldr	r3, [pc, #204]	@ (10006520 <cdcd_xfer_cb+0x13c>)
10006452:	18c9      	adds	r1, r1, r3
10006454:	466b      	mov	r3, sp
10006456:	881a      	ldrh	r2, [r3, #0]
10006458:	f000 fbc5 	bl	10006be6 <tu_fifo_write_n>
1000645c:	4b31      	ldr	r3, [pc, #196]	@ (10006524 <cdcd_xfer_cb+0x140>)
1000645e:	2b00      	cmp	r3, #0
10006460:	d01a      	beq.n	10006498 <cdcd_xfer_cb+0xb4>
10006462:	796b      	ldrb	r3, [r5, #5]
10006464:	2bff      	cmp	r3, #255	@ 0xff
10006466:	d017      	beq.n	10006498 <cdcd_xfer_cb+0xb4>
10006468:	2700      	movs	r7, #0
1000646a:	e000      	b.n	1000646e <cdcd_xfer_cb+0x8a>
1000646c:	3701      	adds	r7, #1
1000646e:	9b00      	ldr	r3, [sp, #0]
10006470:	429f      	cmp	r7, r3
10006472:	d211      	bcs.n	10006498 <cdcd_xfer_cb+0xb4>
10006474:	796a      	ldrb	r2, [r5, #5]
10006476:	4b2a      	ldr	r3, [pc, #168]	@ (10006520 <cdcd_xfer_cb+0x13c>)
10006478:	4641      	mov	r1, r8
1000647a:	01c9      	lsls	r1, r1, #7
1000647c:	185b      	adds	r3, r3, r1
1000647e:	5ddb      	ldrb	r3, [r3, r7]
10006480:	429a      	cmp	r2, r3
10006482:	d1f3      	bne.n	1000646c <cdcd_xfer_cb+0x88>
10006484:	4648      	mov	r0, r9
10006486:	f000 fb20 	bl	10006aca <tu_fifo_empty>
1000648a:	2800      	cmp	r0, #0
1000648c:	d1ee      	bne.n	1000646c <cdcd_xfer_cb+0x88>
1000648e:	7969      	ldrb	r1, [r5, #5]
10006490:	0020      	movs	r0, r4
10006492:	e000      	b.n	10006496 <cdcd_xfer_cb+0xb2>
10006494:	bf00      	nop
10006496:	e7e9      	b.n	1000646c <cdcd_xfer_cb+0x88>
10006498:	4b23      	ldr	r3, [pc, #140]	@ (10006528 <cdcd_xfer_cb+0x144>)
1000649a:	2b00      	cmp	r3, #0
1000649c:	d004      	beq.n	100064a8 <cdcd_xfer_cb+0xc4>
1000649e:	4648      	mov	r0, r9
100064a0:	f000 fb13 	bl	10006aca <tu_fifo_empty>
100064a4:	2800      	cmp	r0, #0
100064a6:	d003      	beq.n	100064b0 <cdcd_xfer_cb+0xcc>
100064a8:	0020      	movs	r0, r4
100064aa:	f7ff fcb3 	bl	10005e14 <_prep_out_transaction>
100064ae:	e7aa      	b.n	10006406 <cdcd_xfer_cb+0x22>
100064b0:	0020      	movs	r0, r4
100064b2:	e000      	b.n	100064b6 <cdcd_xfer_cb+0xd2>
100064b4:	bf00      	nop
100064b6:	e7f7      	b.n	100064a8 <cdcd_xfer_cb+0xc4>
100064b8:	4b1c      	ldr	r3, [pc, #112]	@ (1000652c <cdcd_xfer_cb+0x148>)
100064ba:	2b00      	cmp	r3, #0
100064bc:	d002      	beq.n	100064c4 <cdcd_xfer_cb+0xe0>
100064be:	0020      	movs	r0, r4
100064c0:	e000      	b.n	100064c4 <cdcd_xfer_cb+0xe0>
100064c2:	bf00      	nop
100064c4:	0020      	movs	r0, r4
100064c6:	f7ff fd33 	bl	10005f30 <tud_cdc_n_write_flush>
100064ca:	2800      	cmp	r0, #0
100064cc:	d001      	beq.n	100064d2 <cdcd_xfer_cb+0xee>
100064ce:	2401      	movs	r4, #1
100064d0:	e79d      	b.n	1000640e <cdcd_xfer_cb+0x2a>
100064d2:	0028      	movs	r0, r5
100064d4:	3024      	adds	r0, #36	@ 0x24
100064d6:	f000 fae2 	bl	10006a9e <tu_fifo_count>
100064da:	2800      	cmp	r0, #0
100064dc:	d115      	bne.n	1000650a <cdcd_xfer_cb+0x126>
100064de:	9b00      	ldr	r3, [sp, #0]
100064e0:	2b00      	cmp	r3, #0
100064e2:	d014      	beq.n	1000650e <cdcd_xfer_cb+0x12a>
100064e4:	069b      	lsls	r3, r3, #26
100064e6:	d001      	beq.n	100064ec <cdcd_xfer_cb+0x108>
100064e8:	2401      	movs	r4, #1
100064ea:	e790      	b.n	1000640e <cdcd_xfer_cb+0x2a>
100064ec:	78a9      	ldrb	r1, [r5, #2]
100064ee:	9801      	ldr	r0, [sp, #4]
100064f0:	f7fe ffca 	bl	10005488 <usbd_edpt_claim>
100064f4:	1e04      	subs	r4, r0, #0
100064f6:	d101      	bne.n	100064fc <cdcd_xfer_cb+0x118>
100064f8:	2401      	movs	r4, #1
100064fa:	e788      	b.n	1000640e <cdcd_xfer_cb+0x2a>
100064fc:	78a9      	ldrb	r1, [r5, #2]
100064fe:	2300      	movs	r3, #0
10006500:	2200      	movs	r2, #0
10006502:	9801      	ldr	r0, [sp, #4]
10006504:	f7fe ffe8 	bl	100054d8 <usbd_edpt_xfer>
10006508:	e781      	b.n	1000640e <cdcd_xfer_cb+0x2a>
1000650a:	2401      	movs	r4, #1
1000650c:	e77f      	b.n	1000640e <cdcd_xfer_cb+0x2a>
1000650e:	2401      	movs	r4, #1
10006510:	e77d      	b.n	1000640e <cdcd_xfer_cb+0x2a>
10006512:	46c0      	nop			@ (mov r8, r8)
10006514:	20000ee8 	.word	0x20000ee8
10006518:	10008d9c 	.word	0x10008d9c
1000651c:	100087fc 	.word	0x100087fc
10006520:	20000e64 	.word	0x20000e64
	...

10006530 <tusb_rhport_init>:
10006530:	b510      	push	{r4, lr}
10006532:	b082      	sub	sp, #8
10006534:	2900      	cmp	r1, #0
10006536:	d00b      	beq.n	10006550 <tusb_rhport_init+0x20>
10006538:	2801      	cmp	r0, #1
1000653a:	d81d      	bhi.n	10006578 <tusb_rhport_init+0x48>
1000653c:	780b      	ldrb	r3, [r1, #0]
1000653e:	2b00      	cmp	r3, #0
10006540:	d01a      	beq.n	10006578 <tusb_rhport_init+0x48>
10006542:	4a17      	ldr	r2, [pc, #92]	@ (100065a0 <tusb_rhport_init+0x70>)
10006544:	5413      	strb	r3, [r2, r0]
10006546:	2b01      	cmp	r3, #1
10006548:	d020      	beq.n	1000658c <tusb_rhport_init+0x5c>
1000654a:	2301      	movs	r3, #1
1000654c:	001c      	movs	r4, r3
1000654e:	e01a      	b.n	10006586 <tusb_rhport_init+0x56>
10006550:	a901      	add	r1, sp, #4
10006552:	2301      	movs	r3, #1
10006554:	700b      	strb	r3, [r1, #0]
10006556:	2300      	movs	r3, #0
10006558:	704b      	strb	r3, [r1, #1]
1000655a:	2000      	movs	r0, #0
1000655c:	f7fe fea4 	bl	100052a8 <tud_rhport_init>
10006560:	1e04      	subs	r4, r0, #0
10006562:	d003      	beq.n	1000656c <tusb_rhport_init+0x3c>
10006564:	4b0e      	ldr	r3, [pc, #56]	@ (100065a0 <tusb_rhport_init+0x70>)
10006566:	2201      	movs	r2, #1
10006568:	701a      	strb	r2, [r3, #0]
1000656a:	e00c      	b.n	10006586 <tusb_rhport_init+0x56>
1000656c:	490d      	ldr	r1, [pc, #52]	@ (100065a4 <tusb_rhport_init+0x74>)
1000656e:	480e      	ldr	r0, [pc, #56]	@ (100065a8 <tusb_rhport_init+0x78>)
10006570:	2247      	movs	r2, #71	@ 0x47
10006572:	f7fd fe35 	bl	100041e0 <__wrap_printf>
10006576:	e006      	b.n	10006586 <tusb_rhport_init+0x56>
10006578:	490a      	ldr	r1, [pc, #40]	@ (100065a4 <tusb_rhport_init+0x74>)
1000657a:	480b      	ldr	r0, [pc, #44]	@ (100065a8 <tusb_rhport_init+0x78>)
1000657c:	225a      	movs	r2, #90	@ 0x5a
1000657e:	f7fd fe2f 	bl	100041e0 <__wrap_printf>
10006582:	2300      	movs	r3, #0
10006584:	001c      	movs	r4, r3
10006586:	0020      	movs	r0, r4
10006588:	b002      	add	sp, #8
1000658a:	bd10      	pop	{r4, pc}
1000658c:	f7fe fe8c 	bl	100052a8 <tud_rhport_init>
10006590:	1e04      	subs	r4, r0, #0
10006592:	d1f8      	bne.n	10006586 <tusb_rhport_init+0x56>
10006594:	4903      	ldr	r1, [pc, #12]	@ (100065a4 <tusb_rhport_init+0x74>)
10006596:	4804      	ldr	r0, [pc, #16]	@ (100065a8 <tusb_rhport_init+0x78>)
10006598:	225f      	movs	r2, #95	@ 0x5f
1000659a:	f7fd fe21 	bl	100041e0 <__wrap_printf>
1000659e:	e7f2      	b.n	10006586 <tusb_rhport_init+0x56>
100065a0:	20001004 	.word	0x20001004
100065a4:	10008de4 	.word	0x10008de4
100065a8:	100087fc 	.word	0x100087fc

100065ac <tu_edpt_claim>:
100065ac:	b570      	push	{r4, r5, r6, lr}
100065ae:	0004      	movs	r4, r0
100065b0:	000a      	movs	r2, r1
100065b2:	000d      	movs	r5, r1
100065b4:	7803      	ldrb	r3, [r0, #0]
100065b6:	07db      	lsls	r3, r3, #31
100065b8:	0fd8      	lsrs	r0, r3, #31
100065ba:	2b00      	cmp	r3, #0
100065bc:	d11f      	bne.n	100065fe <tu_edpt_claim+0x52>
100065be:	7823      	ldrb	r3, [r4, #0]
100065c0:	075b      	lsls	r3, r3, #29
100065c2:	0fd9      	lsrs	r1, r3, #31
100065c4:	000e      	movs	r6, r1
100065c6:	2b00      	cmp	r3, #0
100065c8:	db1a      	blt.n	10006600 <tu_edpt_claim+0x54>
100065ca:	2101      	movs	r1, #1
100065cc:	4249      	negs	r1, r1
100065ce:	0010      	movs	r0, r2
100065d0:	f001 f902 	bl	100077d8 <__mutex_enter_timeout_ms_veneer>
100065d4:	7823      	ldrb	r3, [r4, #0]
100065d6:	07db      	lsls	r3, r3, #31
100065d8:	0fda      	lsrs	r2, r3, #31
100065da:	2b00      	cmp	r3, #0
100065dc:	d108      	bne.n	100065f0 <tu_edpt_claim+0x44>
100065de:	7823      	ldrb	r3, [r4, #0]
100065e0:	075b      	lsls	r3, r3, #29
100065e2:	d40a      	bmi.n	100065fa <tu_edpt_claim+0x4e>
100065e4:	7823      	ldrb	r3, [r4, #0]
100065e6:	2204      	movs	r2, #4
100065e8:	4313      	orrs	r3, r2
100065ea:	7023      	strb	r3, [r4, #0]
100065ec:	2301      	movs	r3, #1
100065ee:	001e      	movs	r6, r3
100065f0:	0028      	movs	r0, r5
100065f2:	f001 f8a9 	bl	10007748 <__mutex_exit_veneer>
100065f6:	0030      	movs	r0, r6
100065f8:	e002      	b.n	10006600 <tu_edpt_claim+0x54>
100065fa:	0016      	movs	r6, r2
100065fc:	e7f8      	b.n	100065f0 <tu_edpt_claim+0x44>
100065fe:	2000      	movs	r0, #0
10006600:	bd70      	pop	{r4, r5, r6, pc}

10006602 <tu_edpt_release>:
10006602:	b570      	push	{r4, r5, r6, lr}
10006604:	0004      	movs	r4, r0
10006606:	0006      	movs	r6, r0
10006608:	000a      	movs	r2, r1
1000660a:	000d      	movs	r5, r1
1000660c:	2101      	movs	r1, #1
1000660e:	4249      	negs	r1, r1
10006610:	0010      	movs	r0, r2
10006612:	f001 f8e1 	bl	100077d8 <__mutex_enter_timeout_ms_veneer>
10006616:	7823      	ldrb	r3, [r4, #0]
10006618:	075b      	lsls	r3, r3, #29
1000661a:	0fda      	lsrs	r2, r3, #31
1000661c:	0014      	movs	r4, r2
1000661e:	2b00      	cmp	r3, #0
10006620:	db04      	blt.n	1000662c <tu_edpt_release+0x2a>
10006622:	0028      	movs	r0, r5
10006624:	f001 f890 	bl	10007748 <__mutex_exit_veneer>
10006628:	0020      	movs	r0, r4
1000662a:	bd70      	pop	{r4, r5, r6, pc}
1000662c:	7833      	ldrb	r3, [r6, #0]
1000662e:	07db      	lsls	r3, r3, #31
10006630:	d404      	bmi.n	1000663c <tu_edpt_release+0x3a>
10006632:	7833      	ldrb	r3, [r6, #0]
10006634:	2204      	movs	r2, #4
10006636:	4393      	bics	r3, r2
10006638:	7033      	strb	r3, [r6, #0]
1000663a:	e7f2      	b.n	10006622 <tu_edpt_release+0x20>
1000663c:	2300      	movs	r3, #0
1000663e:	001c      	movs	r4, r3
10006640:	e7ef      	b.n	10006622 <tu_edpt_release+0x20>
	...

10006644 <tu_edpt_validate>:
10006644:	b510      	push	{r4, lr}
10006646:	7902      	ldrb	r2, [r0, #4]
10006648:	7943      	ldrb	r3, [r0, #5]
1000664a:	021b      	lsls	r3, r3, #8
1000664c:	4313      	orrs	r3, r2
1000664e:	055b      	lsls	r3, r3, #21
10006650:	0d5b      	lsrs	r3, r3, #21
10006652:	78c2      	ldrb	r2, [r0, #3]
10006654:	0792      	lsls	r2, r2, #30
10006656:	0f92      	lsrs	r2, r2, #30
10006658:	2a02      	cmp	r2, #2
1000665a:	d014      	beq.n	10006686 <tu_edpt_validate+0x42>
1000665c:	2a03      	cmp	r2, #3
1000665e:	d02d      	beq.n	100066bc <tu_edpt_validate+0x78>
10006660:	2a01      	cmp	r2, #1
10006662:	d13c      	bne.n	100066de <tu_edpt_validate+0x9a>
10006664:	2902      	cmp	r1, #2
10006666:	d004      	beq.n	10006672 <tu_edpt_validate+0x2e>
10006668:	4a1e      	ldr	r2, [pc, #120]	@ (100066e4 <tu_edpt_validate+0xa0>)
1000666a:	429a      	cmp	r2, r3
1000666c:	d304      	bcc.n	10006678 <tu_edpt_validate+0x34>
1000666e:	2001      	movs	r0, #1
10006670:	e036      	b.n	100066e0 <tu_edpt_validate+0x9c>
10006672:	2280      	movs	r2, #128	@ 0x80
10006674:	00d2      	lsls	r2, r2, #3
10006676:	e7f8      	b.n	1000666a <tu_edpt_validate+0x26>
10006678:	491b      	ldr	r1, [pc, #108]	@ (100066e8 <tu_edpt_validate+0xa4>)
1000667a:	481c      	ldr	r0, [pc, #112]	@ (100066ec <tu_edpt_validate+0xa8>)
1000667c:	22d1      	movs	r2, #209	@ 0xd1
1000667e:	f7fd fdaf 	bl	100041e0 <__wrap_printf>
10006682:	2000      	movs	r0, #0
10006684:	e02c      	b.n	100066e0 <tu_edpt_validate+0x9c>
10006686:	2902      	cmp	r1, #2
10006688:	d003      	beq.n	10006692 <tu_edpt_validate+0x4e>
1000668a:	2b40      	cmp	r3, #64	@ 0x40
1000668c:	d80f      	bhi.n	100066ae <tu_edpt_validate+0x6a>
1000668e:	2001      	movs	r0, #1
10006690:	e026      	b.n	100066e0 <tu_edpt_validate+0x9c>
10006692:	2280      	movs	r2, #128	@ 0x80
10006694:	0092      	lsls	r2, r2, #2
10006696:	4293      	cmp	r3, r2
10006698:	d101      	bne.n	1000669e <tu_edpt_validate+0x5a>
1000669a:	2001      	movs	r0, #1
1000669c:	e020      	b.n	100066e0 <tu_edpt_validate+0x9c>
1000669e:	4912      	ldr	r1, [pc, #72]	@ (100066e8 <tu_edpt_validate+0xa4>)
100066a0:	4812      	ldr	r0, [pc, #72]	@ (100066ec <tu_edpt_validate+0xa8>)
100066a2:	3a29      	subs	r2, #41	@ 0x29
100066a4:	3aff      	subs	r2, #255	@ 0xff
100066a6:	f7fd fd9b 	bl	100041e0 <__wrap_printf>
100066aa:	2000      	movs	r0, #0
100066ac:	e018      	b.n	100066e0 <tu_edpt_validate+0x9c>
100066ae:	490e      	ldr	r1, [pc, #56]	@ (100066e8 <tu_edpt_validate+0xa4>)
100066b0:	480e      	ldr	r0, [pc, #56]	@ (100066ec <tu_edpt_validate+0xa8>)
100066b2:	22db      	movs	r2, #219	@ 0xdb
100066b4:	f7fd fd94 	bl	100041e0 <__wrap_printf>
100066b8:	2000      	movs	r0, #0
100066ba:	e011      	b.n	100066e0 <tu_edpt_validate+0x9c>
100066bc:	2902      	cmp	r1, #2
100066be:	d004      	beq.n	100066ca <tu_edpt_validate+0x86>
100066c0:	2240      	movs	r2, #64	@ 0x40
100066c2:	429a      	cmp	r2, r3
100066c4:	d304      	bcc.n	100066d0 <tu_edpt_validate+0x8c>
100066c6:	2001      	movs	r0, #1
100066c8:	e00a      	b.n	100066e0 <tu_edpt_validate+0x9c>
100066ca:	2280      	movs	r2, #128	@ 0x80
100066cc:	00d2      	lsls	r2, r2, #3
100066ce:	e7f8      	b.n	100066c2 <tu_edpt_validate+0x7e>
100066d0:	4905      	ldr	r1, [pc, #20]	@ (100066e8 <tu_edpt_validate+0xa4>)
100066d2:	4806      	ldr	r0, [pc, #24]	@ (100066ec <tu_edpt_validate+0xa8>)
100066d4:	22e1      	movs	r2, #225	@ 0xe1
100066d6:	f7fd fd83 	bl	100041e0 <__wrap_printf>
100066da:	2000      	movs	r0, #0
100066dc:	e000      	b.n	100066e0 <tu_edpt_validate+0x9c>
100066de:	2000      	movs	r0, #0
100066e0:	bd10      	pop	{r4, pc}
100066e2:	46c0      	nop			@ (mov r8, r8)
100066e4:	000003ff 	.word	0x000003ff
100066e8:	10008dd0 	.word	0x10008dd0
100066ec:	100087fc 	.word	0x100087fc

100066f0 <tu_edpt_bind_driver>:
100066f0:	b510      	push	{r4, lr}
100066f2:	4684      	mov	ip, r0
100066f4:	001c      	movs	r4, r3
100066f6:	188b      	adds	r3, r1, r2
100066f8:	e001      	b.n	100066fe <tu_edpt_bind_driver+0xe>
100066fa:	780a      	ldrb	r2, [r1, #0]
100066fc:	1889      	adds	r1, r1, r2
100066fe:	4299      	cmp	r1, r3
10006700:	d20a      	bcs.n	10006718 <tu_edpt_bind_driver+0x28>
10006702:	784a      	ldrb	r2, [r1, #1]
10006704:	2a05      	cmp	r2, #5
10006706:	d1f8      	bne.n	100066fa <tu_edpt_bind_driver+0xa>
10006708:	7888      	ldrb	r0, [r1, #2]
1000670a:	327a      	adds	r2, #122	@ 0x7a
1000670c:	4002      	ands	r2, r0
1000670e:	0052      	lsls	r2, r2, #1
10006710:	4462      	add	r2, ip
10006712:	09c0      	lsrs	r0, r0, #7
10006714:	5414      	strb	r4, [r2, r0]
10006716:	e7f0      	b.n	100066fa <tu_edpt_bind_driver+0xa>
10006718:	bd10      	pop	{r4, pc}

1000671a <advance_index>:
1000671a:	0003      	movs	r3, r0
1000671c:	188a      	adds	r2, r1, r2
1000671e:	b290      	uxth	r0, r2
10006720:	4281      	cmp	r1, r0
10006722:	d802      	bhi.n	1000672a <advance_index+0x10>
10006724:	005a      	lsls	r2, r3, #1
10006726:	4290      	cmp	r0, r2
10006728:	db03      	blt.n	10006732 <advance_index+0x18>
1000672a:	005b      	lsls	r3, r3, #1
1000672c:	b29b      	uxth	r3, r3
1000672e:	1ac0      	subs	r0, r0, r3
10006730:	b280      	uxth	r0, r0
10006732:	4770      	bx	lr

10006734 <_tu_fifo_peek>:
10006734:	b570      	push	{r4, r5, r6, lr}
10006736:	000e      	movs	r6, r1
10006738:	0014      	movs	r4, r2
1000673a:	8881      	ldrh	r1, [r0, #4]
1000673c:	429a      	cmp	r2, r3
1000673e:	d30b      	bcc.n	10006758 <_tu_fifo_peek+0x24>
10006740:	1ad2      	subs	r2, r2, r3
10006742:	b292      	uxth	r2, r2
10006744:	2a00      	cmp	r2, #0
10006746:	d020      	beq.n	1000678a <_tu_fifo_peek+0x56>
10006748:	4291      	cmp	r1, r2
1000674a:	d211      	bcs.n	10006770 <_tu_fifo_peek+0x3c>
1000674c:	42a1      	cmp	r1, r4
1000674e:	d80a      	bhi.n	10006766 <_tu_fifo_peek+0x32>
10006750:	1a64      	subs	r4, r4, r1
10006752:	b2a3      	uxth	r3, r4
10006754:	8143      	strh	r3, [r0, #10]
10006756:	e00b      	b.n	10006770 <_tu_fifo_peek+0x3c>
10006758:	1ad2      	subs	r2, r2, r3
1000675a:	b292      	uxth	r2, r2
1000675c:	004d      	lsls	r5, r1, #1
1000675e:	46ac      	mov	ip, r5
10006760:	4462      	add	r2, ip
10006762:	b292      	uxth	r2, r2
10006764:	e7ee      	b.n	10006744 <_tu_fifo_peek+0x10>
10006766:	190c      	adds	r4, r1, r4
10006768:	b2a3      	uxth	r3, r4
1000676a:	e7f3      	b.n	10006754 <_tu_fifo_peek+0x20>
1000676c:	1a5b      	subs	r3, r3, r1
1000676e:	b29b      	uxth	r3, r3
10006770:	4299      	cmp	r1, r3
10006772:	d9fb      	bls.n	1000676c <_tu_fifo_peek+0x38>
10006774:	6801      	ldr	r1, [r0, #0]
10006776:	88c2      	ldrh	r2, [r0, #6]
10006778:	0452      	lsls	r2, r2, #17
1000677a:	0c52      	lsrs	r2, r2, #17
1000677c:	4353      	muls	r3, r2
1000677e:	18c9      	adds	r1, r1, r3
10006780:	0030      	movs	r0, r6
10006782:	f7fc fab1 	bl	10002ce8 <__wrap___aeabi_memcpy>
10006786:	2001      	movs	r0, #1
10006788:	bd70      	pop	{r4, r5, r6, pc}
1000678a:	2000      	movs	r0, #0
1000678c:	e7fc      	b.n	10006788 <_tu_fifo_peek+0x54>

1000678e <_ff_pull_n>:
1000678e:	b5f8      	push	{r3, r4, r5, r6, r7, lr}
10006790:	46ce      	mov	lr, r9
10006792:	4647      	mov	r7, r8
10006794:	b580      	push	{r7, lr}
10006796:	0004      	movs	r4, r0
10006798:	000f      	movs	r7, r1
1000679a:	0018      	movs	r0, r3
1000679c:	ab08      	add	r3, sp, #32
1000679e:	781b      	ldrb	r3, [r3, #0]
100067a0:	469c      	mov	ip, r3
100067a2:	88a3      	ldrh	r3, [r4, #4]
100067a4:	1a19      	subs	r1, r3, r0
100067a6:	b289      	uxth	r1, r1
100067a8:	1ac3      	subs	r3, r0, r3
100067aa:	18d3      	adds	r3, r2, r3
100067ac:	b29b      	uxth	r3, r3
100067ae:	88e5      	ldrh	r5, [r4, #6]
100067b0:	046d      	lsls	r5, r5, #17
100067b2:	0c6d      	lsrs	r5, r5, #17
100067b4:	000e      	movs	r6, r1
100067b6:	436e      	muls	r6, r5
100067b8:	b2b6      	uxth	r6, r6
100067ba:	46b0      	mov	r8, r6
100067bc:	436b      	muls	r3, r5
100067be:	b29b      	uxth	r3, r3
100067c0:	4699      	mov	r9, r3
100067c2:	6823      	ldr	r3, [r4, #0]
100067c4:	4368      	muls	r0, r5
100067c6:	181b      	adds	r3, r3, r0
100067c8:	4666      	mov	r6, ip
100067ca:	2e00      	cmp	r6, #0
100067cc:	d106      	bne.n	100067dc <_ff_pull_n+0x4e>
100067ce:	4291      	cmp	r1, r2
100067d0:	d308      	bcc.n	100067e4 <_ff_pull_n+0x56>
100067d2:	436a      	muls	r2, r5
100067d4:	0019      	movs	r1, r3
100067d6:	0038      	movs	r0, r7
100067d8:	f7fc fa86 	bl	10002ce8 <__wrap___aeabi_memcpy>
100067dc:	bcc0      	pop	{r6, r7}
100067de:	46b9      	mov	r9, r7
100067e0:	46b0      	mov	r8, r6
100067e2:	bdf8      	pop	{r3, r4, r5, r6, r7, pc}
100067e4:	4646      	mov	r6, r8
100067e6:	0032      	movs	r2, r6
100067e8:	0019      	movs	r1, r3
100067ea:	0038      	movs	r0, r7
100067ec:	f7fc fa7c 	bl	10002ce8 <__wrap___aeabi_memcpy>
100067f0:	6821      	ldr	r1, [r4, #0]
100067f2:	0038      	movs	r0, r7
100067f4:	4440      	add	r0, r8
100067f6:	464a      	mov	r2, r9
100067f8:	f7fc fa76 	bl	10002ce8 <__wrap___aeabi_memcpy>
100067fc:	e7ee      	b.n	100067dc <_ff_pull_n+0x4e>

100067fe <_tu_fifo_peek_n>:
100067fe:	b5f0      	push	{r4, r5, r6, r7, lr}
10006800:	46c6      	mov	lr, r8
10006802:	b500      	push	{lr}
10006804:	b082      	sub	sp, #8
10006806:	000e      	movs	r6, r1
10006808:	0017      	movs	r7, r2
1000680a:	0019      	movs	r1, r3
1000680c:	ab08      	add	r3, sp, #32
1000680e:	881b      	ldrh	r3, [r3, #0]
10006810:	aa09      	add	r2, sp, #36	@ 0x24
10006812:	7812      	ldrb	r2, [r2, #0]
10006814:	4694      	mov	ip, r2
10006816:	8882      	ldrh	r2, [r0, #4]
10006818:	4299      	cmp	r1, r3
1000681a:	d30f      	bcc.n	1000683c <_tu_fifo_peek_n+0x3e>
1000681c:	1acc      	subs	r4, r1, r3
1000681e:	b2a4      	uxth	r4, r4
10006820:	2c00      	cmp	r4, #0
10006822:	d01f      	beq.n	10006864 <_tu_fifo_peek_n+0x66>
10006824:	42a2      	cmp	r2, r4
10006826:	d205      	bcs.n	10006834 <_tu_fifo_peek_n+0x36>
10006828:	428a      	cmp	r2, r1
1000682a:	d80e      	bhi.n	1000684a <_tu_fifo_peek_n+0x4c>
1000682c:	1a8b      	subs	r3, r1, r2
1000682e:	b29b      	uxth	r3, r3
10006830:	8143      	strh	r3, [r0, #10]
10006832:	0014      	movs	r4, r2
10006834:	42bc      	cmp	r4, r7
10006836:	d30d      	bcc.n	10006854 <_tu_fifo_peek_n+0x56>
10006838:	003c      	movs	r4, r7
1000683a:	e00b      	b.n	10006854 <_tu_fifo_peek_n+0x56>
1000683c:	1acc      	subs	r4, r1, r3
1000683e:	b2a4      	uxth	r4, r4
10006840:	0055      	lsls	r5, r2, #1
10006842:	46a8      	mov	r8, r5
10006844:	4444      	add	r4, r8
10006846:	b2a4      	uxth	r4, r4
10006848:	e7ea      	b.n	10006820 <_tu_fifo_peek_n+0x22>
1000684a:	1851      	adds	r1, r2, r1
1000684c:	b28b      	uxth	r3, r1
1000684e:	e7ef      	b.n	10006830 <_tu_fifo_peek_n+0x32>
10006850:	1a9b      	subs	r3, r3, r2
10006852:	b29b      	uxth	r3, r3
10006854:	429a      	cmp	r2, r3
10006856:	d9fb      	bls.n	10006850 <_tu_fifo_peek_n+0x52>
10006858:	4662      	mov	r2, ip
1000685a:	9200      	str	r2, [sp, #0]
1000685c:	0022      	movs	r2, r4
1000685e:	0031      	movs	r1, r6
10006860:	f7ff ff95 	bl	1000678e <_ff_pull_n>
10006864:	0020      	movs	r0, r4
10006866:	b002      	add	sp, #8
10006868:	bc80      	pop	{r7}
1000686a:	46b8      	mov	r8, r7
1000686c:	bdf0      	pop	{r4, r5, r6, r7, pc}

1000686e <_tu_fifo_read_n>:
1000686e:	b5f0      	push	{r4, r5, r6, r7, lr}
10006870:	b083      	sub	sp, #12
10006872:	0004      	movs	r4, r0
10006874:	000d      	movs	r5, r1
10006876:	0016      	movs	r6, r2
10006878:	001f      	movs	r7, r3
1000687a:	6900      	ldr	r0, [r0, #16]
1000687c:	2800      	cmp	r0, #0
1000687e:	d003      	beq.n	10006888 <_tu_fifo_read_n+0x1a>
10006880:	2101      	movs	r1, #1
10006882:	4249      	negs	r1, r1
10006884:	f000 ffa8 	bl	100077d8 <__mutex_enter_timeout_ms_veneer>
10006888:	8923      	ldrh	r3, [r4, #8]
1000688a:	b29b      	uxth	r3, r3
1000688c:	8962      	ldrh	r2, [r4, #10]
1000688e:	9701      	str	r7, [sp, #4]
10006890:	9200      	str	r2, [sp, #0]
10006892:	0032      	movs	r2, r6
10006894:	0029      	movs	r1, r5
10006896:	0020      	movs	r0, r4
10006898:	f7ff ffb1 	bl	100067fe <_tu_fifo_peek_n>
1000689c:	0002      	movs	r2, r0
1000689e:	0005      	movs	r5, r0
100068a0:	8961      	ldrh	r1, [r4, #10]
100068a2:	b289      	uxth	r1, r1
100068a4:	88a0      	ldrh	r0, [r4, #4]
100068a6:	f7ff ff38 	bl	1000671a <advance_index>
100068aa:	8160      	strh	r0, [r4, #10]
100068ac:	6920      	ldr	r0, [r4, #16]
100068ae:	2800      	cmp	r0, #0
100068b0:	d001      	beq.n	100068b6 <_tu_fifo_read_n+0x48>
100068b2:	f000 ff49 	bl	10007748 <__mutex_exit_veneer>
100068b6:	0028      	movs	r0, r5
100068b8:	b003      	add	sp, #12
100068ba:	bdf0      	pop	{r4, r5, r6, r7, pc}

100068bc <_ff_push_n>:
100068bc:	b5f8      	push	{r3, r4, r5, r6, r7, lr}
100068be:	46ce      	mov	lr, r9
100068c0:	4647      	mov	r7, r8
100068c2:	b580      	push	{r7, lr}
100068c4:	0004      	movs	r4, r0
100068c6:	000f      	movs	r7, r1
100068c8:	0019      	movs	r1, r3
100068ca:	ab08      	add	r3, sp, #32
100068cc:	781b      	ldrb	r3, [r3, #0]
100068ce:	469c      	mov	ip, r3
100068d0:	8883      	ldrh	r3, [r0, #4]
100068d2:	1a58      	subs	r0, r3, r1
100068d4:	b280      	uxth	r0, r0
100068d6:	1acb      	subs	r3, r1, r3
100068d8:	18d3      	adds	r3, r2, r3
100068da:	b29b      	uxth	r3, r3
100068dc:	88e5      	ldrh	r5, [r4, #6]
100068de:	046d      	lsls	r5, r5, #17
100068e0:	0c6d      	lsrs	r5, r5, #17
100068e2:	0006      	movs	r6, r0
100068e4:	436e      	muls	r6, r5
100068e6:	b2b6      	uxth	r6, r6
100068e8:	46b0      	mov	r8, r6
100068ea:	436b      	muls	r3, r5
100068ec:	b29b      	uxth	r3, r3
100068ee:	4699      	mov	r9, r3
100068f0:	6823      	ldr	r3, [r4, #0]
100068f2:	4369      	muls	r1, r5
100068f4:	185b      	adds	r3, r3, r1
100068f6:	4666      	mov	r6, ip
100068f8:	2e00      	cmp	r6, #0
100068fa:	d106      	bne.n	1000690a <_ff_push_n+0x4e>
100068fc:	4290      	cmp	r0, r2
100068fe:	d308      	bcc.n	10006912 <_ff_push_n+0x56>
10006900:	436a      	muls	r2, r5
10006902:	0039      	movs	r1, r7
10006904:	0018      	movs	r0, r3
10006906:	f7fc f9ef 	bl	10002ce8 <__wrap___aeabi_memcpy>
1000690a:	bcc0      	pop	{r6, r7}
1000690c:	46b9      	mov	r9, r7
1000690e:	46b0      	mov	r8, r6
10006910:	bdf8      	pop	{r3, r4, r5, r6, r7, pc}
10006912:	4646      	mov	r6, r8
10006914:	0032      	movs	r2, r6
10006916:	0039      	movs	r1, r7
10006918:	0018      	movs	r0, r3
1000691a:	f7fc f9e5 	bl	10002ce8 <__wrap___aeabi_memcpy>
1000691e:	6820      	ldr	r0, [r4, #0]
10006920:	0039      	movs	r1, r7
10006922:	4441      	add	r1, r8
10006924:	464a      	mov	r2, r9
10006926:	f7fc f9df 	bl	10002ce8 <__wrap___aeabi_memcpy>
1000692a:	e7ee      	b.n	1000690a <_ff_push_n+0x4e>

1000692c <_tu_fifo_write_n>:
1000692c:	b5f0      	push	{r4, r5, r6, r7, lr}
1000692e:	b085      	sub	sp, #20
10006930:	0004      	movs	r4, r0
10006932:	9103      	str	r1, [sp, #12]
10006934:	1e15      	subs	r5, r2, #0
10006936:	9302      	str	r3, [sp, #8]
10006938:	d100      	bne.n	1000693c <_tu_fifo_write_n+0x10>
1000693a:	e06d      	b.n	10006a18 <_tu_fifo_write_n+0xec>
1000693c:	68c0      	ldr	r0, [r0, #12]
1000693e:	2800      	cmp	r0, #0
10006940:	d003      	beq.n	1000694a <_tu_fifo_write_n+0x1e>
10006942:	2101      	movs	r1, #1
10006944:	4249      	negs	r1, r1
10006946:	f000 ff47 	bl	100077d8 <__mutex_enter_timeout_ms_veneer>
1000694a:	8927      	ldrh	r7, [r4, #8]
1000694c:	b2bf      	uxth	r7, r7
1000694e:	8961      	ldrh	r1, [r4, #10]
10006950:	b289      	uxth	r1, r1
10006952:	79e3      	ldrb	r3, [r4, #7]
10006954:	09db      	lsrs	r3, r3, #7
10006956:	d118      	bne.n	1000698a <_tu_fifo_write_n+0x5e>
10006958:	88a3      	ldrh	r3, [r4, #4]
1000695a:	428f      	cmp	r7, r1
1000695c:	d30f      	bcc.n	1000697e <_tu_fifo_write_n+0x52>
1000695e:	1a79      	subs	r1, r7, r1
10006960:	b289      	uxth	r1, r1
10006962:	428b      	cmp	r3, r1
10006964:	d956      	bls.n	10006a14 <_tu_fifo_write_n+0xe8>
10006966:	1a5b      	subs	r3, r3, r1
10006968:	b29b      	uxth	r3, r3
1000696a:	1c2e      	adds	r6, r5, #0
1000696c:	429d      	cmp	r5, r3
1000696e:	d900      	bls.n	10006972 <_tu_fifo_write_n+0x46>
10006970:	1c1e      	adds	r6, r3, #0
10006972:	b2b6      	uxth	r6, r6
10006974:	2e00      	cmp	r6, #0
10006976:	d045      	beq.n	10006a04 <_tu_fifo_write_n+0xd8>
10006978:	88a2      	ldrh	r2, [r4, #4]
1000697a:	003b      	movs	r3, r7
1000697c:	e033      	b.n	100069e6 <_tu_fifo_write_n+0xba>
1000697e:	1a79      	subs	r1, r7, r1
10006980:	b289      	uxth	r1, r1
10006982:	005a      	lsls	r2, r3, #1
10006984:	1889      	adds	r1, r1, r2
10006986:	b289      	uxth	r1, r1
10006988:	e7eb      	b.n	10006962 <_tu_fifo_write_n+0x36>
1000698a:	88a6      	ldrh	r6, [r4, #4]
1000698c:	42ae      	cmp	r6, r5
1000698e:	d80e      	bhi.n	100069ae <_tu_fifo_write_n+0x82>
10006990:	9b02      	ldr	r3, [sp, #8]
10006992:	2b00      	cmp	r3, #0
10006994:	d121      	bne.n	100069da <_tu_fifo_write_n+0xae>
10006996:	1bab      	subs	r3, r5, r6
10006998:	88e5      	ldrh	r5, [r4, #6]
1000699a:	046d      	lsls	r5, r5, #17
1000699c:	0c6d      	lsrs	r5, r5, #17
1000699e:	435d      	muls	r5, r3
100069a0:	9b03      	ldr	r3, [sp, #12]
100069a2:	469c      	mov	ip, r3
100069a4:	44ac      	add	ip, r5
100069a6:	4663      	mov	r3, ip
100069a8:	9303      	str	r3, [sp, #12]
100069aa:	000f      	movs	r7, r1
100069ac:	e7e2      	b.n	10006974 <_tu_fifo_write_n+0x48>
100069ae:	428f      	cmp	r7, r1
100069b0:	d30d      	bcc.n	100069ce <_tu_fifo_write_n+0xa2>
100069b2:	1a7b      	subs	r3, r7, r1
100069b4:	b29b      	uxth	r3, r3
100069b6:	195b      	adds	r3, r3, r5
100069b8:	0072      	lsls	r2, r6, #1
100069ba:	4293      	cmp	r3, r2
100069bc:	db0f      	blt.n	100069de <_tu_fifo_write_n+0xb2>
100069be:	1b72      	subs	r2, r6, r5
100069c0:	b292      	uxth	r2, r2
100069c2:	0030      	movs	r0, r6
100069c4:	f7ff fea9 	bl	1000671a <advance_index>
100069c8:	0007      	movs	r7, r0
100069ca:	002e      	movs	r6, r5
100069cc:	e7d2      	b.n	10006974 <_tu_fifo_write_n+0x48>
100069ce:	1a7b      	subs	r3, r7, r1
100069d0:	b29b      	uxth	r3, r3
100069d2:	0072      	lsls	r2, r6, #1
100069d4:	189b      	adds	r3, r3, r2
100069d6:	b29b      	uxth	r3, r3
100069d8:	e7ed      	b.n	100069b6 <_tu_fifo_write_n+0x8a>
100069da:	000f      	movs	r7, r1
100069dc:	e7ca      	b.n	10006974 <_tu_fifo_write_n+0x48>
100069de:	002e      	movs	r6, r5
100069e0:	e7c8      	b.n	10006974 <_tu_fifo_write_n+0x48>
100069e2:	1a9b      	subs	r3, r3, r2
100069e4:	b29b      	uxth	r3, r3
100069e6:	429a      	cmp	r2, r3
100069e8:	d9fb      	bls.n	100069e2 <_tu_fifo_write_n+0xb6>
100069ea:	9a02      	ldr	r2, [sp, #8]
100069ec:	9200      	str	r2, [sp, #0]
100069ee:	0032      	movs	r2, r6
100069f0:	9903      	ldr	r1, [sp, #12]
100069f2:	0020      	movs	r0, r4
100069f4:	f7ff ff62 	bl	100068bc <_ff_push_n>
100069f8:	88a0      	ldrh	r0, [r4, #4]
100069fa:	0032      	movs	r2, r6
100069fc:	0039      	movs	r1, r7
100069fe:	f7ff fe8c 	bl	1000671a <advance_index>
10006a02:	8120      	strh	r0, [r4, #8]
10006a04:	68e0      	ldr	r0, [r4, #12]
10006a06:	2800      	cmp	r0, #0
10006a08:	d001      	beq.n	10006a0e <_tu_fifo_write_n+0xe2>
10006a0a:	f000 fe9d 	bl	10007748 <__mutex_exit_veneer>
10006a0e:	0030      	movs	r0, r6
10006a10:	b005      	add	sp, #20
10006a12:	bdf0      	pop	{r4, r5, r6, r7, pc}
10006a14:	2600      	movs	r6, #0
10006a16:	e7f5      	b.n	10006a04 <_tu_fifo_write_n+0xd8>
10006a18:	0016      	movs	r6, r2
10006a1a:	e7f8      	b.n	10006a0e <_tu_fifo_write_n+0xe2>

10006a1c <tu_fifo_config>:
10006a1c:	b5f0      	push	{r4, r5, r6, r7, lr}
10006a1e:	46c6      	mov	lr, r8
10006a20:	b500      	push	{lr}
10006a22:	0004      	movs	r4, r0
10006a24:	000d      	movs	r5, r1
10006a26:	0016      	movs	r6, r2
10006a28:	001f      	movs	r7, r3
10006a2a:	ab06      	add	r3, sp, #24
10006a2c:	781b      	ldrb	r3, [r3, #0]
10006a2e:	4698      	mov	r8, r3
10006a30:	2380      	movs	r3, #128	@ 0x80
10006a32:	021b      	lsls	r3, r3, #8
10006a34:	429a      	cmp	r2, r3
10006a36:	d82e      	bhi.n	10006a96 <tu_fifo_config+0x7a>
10006a38:	68c0      	ldr	r0, [r0, #12]
10006a3a:	2800      	cmp	r0, #0
10006a3c:	d003      	beq.n	10006a46 <tu_fifo_config+0x2a>
10006a3e:	2101      	movs	r1, #1
10006a40:	4249      	negs	r1, r1
10006a42:	f000 fec9 	bl	100077d8 <__mutex_enter_timeout_ms_veneer>
10006a46:	6920      	ldr	r0, [r4, #16]
10006a48:	2800      	cmp	r0, #0
10006a4a:	d003      	beq.n	10006a54 <tu_fifo_config+0x38>
10006a4c:	2101      	movs	r1, #1
10006a4e:	4249      	negs	r1, r1
10006a50:	f000 fec2 	bl	100077d8 <__mutex_enter_timeout_ms_veneer>
10006a54:	6025      	str	r5, [r4, #0]
10006a56:	80a6      	strh	r6, [r4, #4]
10006a58:	047a      	lsls	r2, r7, #17
10006a5a:	0c52      	lsrs	r2, r2, #17
10006a5c:	88e3      	ldrh	r3, [r4, #6]
10006a5e:	0bdb      	lsrs	r3, r3, #15
10006a60:	03db      	lsls	r3, r3, #15
10006a62:	4313      	orrs	r3, r2
10006a64:	80e3      	strh	r3, [r4, #6]
10006a66:	4643      	mov	r3, r8
10006a68:	01da      	lsls	r2, r3, #7
10006a6a:	79e1      	ldrb	r1, [r4, #7]
10006a6c:	237f      	movs	r3, #127	@ 0x7f
10006a6e:	400b      	ands	r3, r1
10006a70:	4313      	orrs	r3, r2
10006a72:	71e3      	strb	r3, [r4, #7]
10006a74:	2300      	movs	r3, #0
10006a76:	8163      	strh	r3, [r4, #10]
10006a78:	8123      	strh	r3, [r4, #8]
10006a7a:	68e0      	ldr	r0, [r4, #12]
10006a7c:	2800      	cmp	r0, #0
10006a7e:	d001      	beq.n	10006a84 <tu_fifo_config+0x68>
10006a80:	f000 fe62 	bl	10007748 <__mutex_exit_veneer>
10006a84:	6920      	ldr	r0, [r4, #16]
10006a86:	2800      	cmp	r0, #0
10006a88:	d007      	beq.n	10006a9a <tu_fifo_config+0x7e>
10006a8a:	f000 fe5d 	bl	10007748 <__mutex_exit_veneer>
10006a8e:	2001      	movs	r0, #1
10006a90:	bc80      	pop	{r7}
10006a92:	46b8      	mov	r8, r7
10006a94:	bdf0      	pop	{r4, r5, r6, r7, pc}
10006a96:	2000      	movs	r0, #0
10006a98:	e7fa      	b.n	10006a90 <tu_fifo_config+0x74>
10006a9a:	2001      	movs	r0, #1
10006a9c:	e7f8      	b.n	10006a90 <tu_fifo_config+0x74>

10006a9e <tu_fifo_count>:
10006a9e:	b510      	push	{r4, lr}
10006aa0:	8882      	ldrh	r2, [r0, #4]
10006aa2:	8901      	ldrh	r1, [r0, #8]
10006aa4:	b28b      	uxth	r3, r1
10006aa6:	8940      	ldrh	r0, [r0, #10]
10006aa8:	b284      	uxth	r4, r0
10006aaa:	4288      	cmp	r0, r1
10006aac:	d807      	bhi.n	10006abe <tu_fifo_count+0x20>
10006aae:	1b1b      	subs	r3, r3, r4
10006ab0:	b29b      	uxth	r3, r3
10006ab2:	1c10      	adds	r0, r2, #0
10006ab4:	429a      	cmp	r2, r3
10006ab6:	d900      	bls.n	10006aba <tu_fifo_count+0x1c>
10006ab8:	1c18      	adds	r0, r3, #0
10006aba:	b280      	uxth	r0, r0
10006abc:	bd10      	pop	{r4, pc}
10006abe:	1b1b      	subs	r3, r3, r4
10006ac0:	b29b      	uxth	r3, r3
10006ac2:	0051      	lsls	r1, r2, #1
10006ac4:	185b      	adds	r3, r3, r1
10006ac6:	b29b      	uxth	r3, r3
10006ac8:	e7f3      	b.n	10006ab2 <tu_fifo_count+0x14>

10006aca <tu_fifo_empty>:
10006aca:	8903      	ldrh	r3, [r0, #8]
10006acc:	8940      	ldrh	r0, [r0, #10]
10006ace:	1a18      	subs	r0, r3, r0
10006ad0:	4243      	negs	r3, r0
10006ad2:	4158      	adcs	r0, r3
10006ad4:	b2c0      	uxtb	r0, r0
10006ad6:	4770      	bx	lr

10006ad8 <tu_fifo_full>:
10006ad8:	8883      	ldrh	r3, [r0, #4]
10006ada:	469c      	mov	ip, r3
10006adc:	8902      	ldrh	r2, [r0, #8]
10006ade:	b293      	uxth	r3, r2
10006ae0:	8941      	ldrh	r1, [r0, #10]
10006ae2:	b288      	uxth	r0, r1
10006ae4:	4291      	cmp	r1, r2
10006ae6:	d807      	bhi.n	10006af8 <tu_fifo_full+0x20>
10006ae8:	1a1b      	subs	r3, r3, r0
10006aea:	b29b      	uxth	r3, r3
10006aec:	2000      	movs	r0, #0
10006aee:	4662      	mov	r2, ip
10006af0:	4293      	cmp	r3, r2
10006af2:	4140      	adcs	r0, r0
10006af4:	b2c0      	uxtb	r0, r0
10006af6:	4770      	bx	lr
10006af8:	1a1b      	subs	r3, r3, r0
10006afa:	b29b      	uxth	r3, r3
10006afc:	4662      	mov	r2, ip
10006afe:	0052      	lsls	r2, r2, #1
10006b00:	189b      	adds	r3, r3, r2
10006b02:	b29b      	uxth	r3, r3
10006b04:	e7f2      	b.n	10006aec <tu_fifo_full+0x14>

10006b06 <tu_fifo_remaining>:
10006b06:	b510      	push	{r4, lr}
10006b08:	8882      	ldrh	r2, [r0, #4]
10006b0a:	8901      	ldrh	r1, [r0, #8]
10006b0c:	b28b      	uxth	r3, r1
10006b0e:	8940      	ldrh	r0, [r0, #10]
10006b10:	b284      	uxth	r4, r0
10006b12:	4288      	cmp	r0, r1
10006b14:	d806      	bhi.n	10006b24 <tu_fifo_remaining+0x1e>
10006b16:	1b1b      	subs	r3, r3, r4
10006b18:	b29b      	uxth	r3, r3
10006b1a:	429a      	cmp	r2, r3
10006b1c:	d908      	bls.n	10006b30 <tu_fifo_remaining+0x2a>
10006b1e:	1ad0      	subs	r0, r2, r3
10006b20:	b280      	uxth	r0, r0
10006b22:	bd10      	pop	{r4, pc}
10006b24:	1b1b      	subs	r3, r3, r4
10006b26:	b29b      	uxth	r3, r3
10006b28:	0051      	lsls	r1, r2, #1
10006b2a:	185b      	adds	r3, r3, r1
10006b2c:	b29b      	uxth	r3, r3
10006b2e:	e7f4      	b.n	10006b1a <tu_fifo_remaining+0x14>
10006b30:	2000      	movs	r0, #0
10006b32:	e7f6      	b.n	10006b22 <tu_fifo_remaining+0x1c>

10006b34 <tu_fifo_read>:
10006b34:	b570      	push	{r4, r5, r6, lr}
10006b36:	0004      	movs	r4, r0
10006b38:	000d      	movs	r5, r1
10006b3a:	6900      	ldr	r0, [r0, #16]
10006b3c:	2800      	cmp	r0, #0
10006b3e:	d003      	beq.n	10006b48 <tu_fifo_read+0x14>
10006b40:	2101      	movs	r1, #1
10006b42:	4249      	negs	r1, r1
10006b44:	f000 fe48 	bl	100077d8 <__mutex_enter_timeout_ms_veneer>
10006b48:	8922      	ldrh	r2, [r4, #8]
10006b4a:	b292      	uxth	r2, r2
10006b4c:	8963      	ldrh	r3, [r4, #10]
10006b4e:	b29b      	uxth	r3, r3
10006b50:	0029      	movs	r1, r5
10006b52:	0020      	movs	r0, r4
10006b54:	f7ff fdee 	bl	10006734 <_tu_fifo_peek>
10006b58:	0002      	movs	r2, r0
10006b5a:	0005      	movs	r5, r0
10006b5c:	8961      	ldrh	r1, [r4, #10]
10006b5e:	b289      	uxth	r1, r1
10006b60:	88a0      	ldrh	r0, [r4, #4]
10006b62:	f7ff fdda 	bl	1000671a <advance_index>
10006b66:	8160      	strh	r0, [r4, #10]
10006b68:	6920      	ldr	r0, [r4, #16]
10006b6a:	2800      	cmp	r0, #0
10006b6c:	d001      	beq.n	10006b72 <tu_fifo_read+0x3e>
10006b6e:	f000 fdeb 	bl	10007748 <__mutex_exit_veneer>
10006b72:	0028      	movs	r0, r5
10006b74:	bd70      	pop	{r4, r5, r6, pc}

10006b76 <tu_fifo_read_n>:
10006b76:	b510      	push	{r4, lr}
10006b78:	2300      	movs	r3, #0
10006b7a:	f7ff fe78 	bl	1000686e <_tu_fifo_read_n>
10006b7e:	bd10      	pop	{r4, pc}

10006b80 <tu_fifo_write>:
10006b80:	b5f8      	push	{r3, r4, r5, r6, r7, lr}
10006b82:	0004      	movs	r4, r0
10006b84:	000f      	movs	r7, r1
10006b86:	68c0      	ldr	r0, [r0, #12]
10006b88:	2800      	cmp	r0, #0
10006b8a:	d003      	beq.n	10006b94 <tu_fifo_write+0x14>
10006b8c:	2101      	movs	r1, #1
10006b8e:	4249      	negs	r1, r1
10006b90:	f000 fe22 	bl	100077d8 <__mutex_enter_timeout_ms_veneer>
10006b94:	8923      	ldrh	r3, [r4, #8]
10006b96:	b29b      	uxth	r3, r3
10006b98:	001e      	movs	r6, r3
10006b9a:	0020      	movs	r0, r4
10006b9c:	f7ff ff9c 	bl	10006ad8 <tu_fifo_full>
10006ba0:	2800      	cmp	r0, #0
10006ba2:	d002      	beq.n	10006baa <tu_fifo_write+0x2a>
10006ba4:	79e5      	ldrb	r5, [r4, #7]
10006ba6:	09ed      	lsrs	r5, r5, #7
10006ba8:	d016      	beq.n	10006bd8 <tu_fifo_write+0x58>
10006baa:	88a2      	ldrh	r2, [r4, #4]
10006bac:	0033      	movs	r3, r6
10006bae:	e001      	b.n	10006bb4 <tu_fifo_write+0x34>
10006bb0:	1a9b      	subs	r3, r3, r2
10006bb2:	b29b      	uxth	r3, r3
10006bb4:	429a      	cmp	r2, r3
10006bb6:	d9fb      	bls.n	10006bb0 <tu_fifo_write+0x30>
10006bb8:	6820      	ldr	r0, [r4, #0]
10006bba:	88e2      	ldrh	r2, [r4, #6]
10006bbc:	0452      	lsls	r2, r2, #17
10006bbe:	0c52      	lsrs	r2, r2, #17
10006bc0:	4353      	muls	r3, r2
10006bc2:	18c0      	adds	r0, r0, r3
10006bc4:	0039      	movs	r1, r7
10006bc6:	f7fc f88f 	bl	10002ce8 <__wrap___aeabi_memcpy>
10006bca:	88a0      	ldrh	r0, [r4, #4]
10006bcc:	2201      	movs	r2, #1
10006bce:	0031      	movs	r1, r6
10006bd0:	f7ff fda3 	bl	1000671a <advance_index>
10006bd4:	8120      	strh	r0, [r4, #8]
10006bd6:	2501      	movs	r5, #1
10006bd8:	68e0      	ldr	r0, [r4, #12]
10006bda:	2800      	cmp	r0, #0
10006bdc:	d001      	beq.n	10006be2 <tu_fifo_write+0x62>
10006bde:	f000 fdb3 	bl	10007748 <__mutex_exit_veneer>
10006be2:	0028      	movs	r0, r5
10006be4:	bdf8      	pop	{r3, r4, r5, r6, r7, pc}

10006be6 <tu_fifo_write_n>:
10006be6:	b510      	push	{r4, lr}
10006be8:	2300      	movs	r3, #0
10006bea:	f7ff fe9f 	bl	1000692c <_tu_fifo_write_n>
10006bee:	bd10      	pop	{r4, pc}

10006bf0 <tu_fifo_clear>:
10006bf0:	b510      	push	{r4, lr}
10006bf2:	0004      	movs	r4, r0
10006bf4:	68c0      	ldr	r0, [r0, #12]
10006bf6:	2800      	cmp	r0, #0
10006bf8:	d003      	beq.n	10006c02 <tu_fifo_clear+0x12>
10006bfa:	2101      	movs	r1, #1
10006bfc:	4249      	negs	r1, r1
10006bfe:	f000 fdeb 	bl	100077d8 <__mutex_enter_timeout_ms_veneer>
10006c02:	6920      	ldr	r0, [r4, #16]
10006c04:	2800      	cmp	r0, #0
10006c06:	d003      	beq.n	10006c10 <tu_fifo_clear+0x20>
10006c08:	2101      	movs	r1, #1
10006c0a:	4249      	negs	r1, r1
10006c0c:	f000 fde4 	bl	100077d8 <__mutex_enter_timeout_ms_veneer>
10006c10:	2300      	movs	r3, #0
10006c12:	8163      	strh	r3, [r4, #10]
10006c14:	8123      	strh	r3, [r4, #8]
10006c16:	68e0      	ldr	r0, [r4, #12]
10006c18:	2800      	cmp	r0, #0
10006c1a:	d001      	beq.n	10006c20 <tu_fifo_clear+0x30>
10006c1c:	f000 fd94 	bl	10007748 <__mutex_exit_veneer>
10006c20:	6920      	ldr	r0, [r4, #16]
10006c22:	2800      	cmp	r0, #0
10006c24:	d001      	beq.n	10006c2a <tu_fifo_clear+0x3a>
10006c26:	f000 fd8f 	bl	10007748 <__mutex_exit_veneer>
10006c2a:	2001      	movs	r0, #1
10006c2c:	bd10      	pop	{r4, pc}

10006c2e <tu_fifo_set_overwritable>:
10006c2e:	b570      	push	{r4, r5, r6, lr}
10006c30:	0004      	movs	r4, r0
10006c32:	000d      	movs	r5, r1
10006c34:	68c0      	ldr	r0, [r0, #12]
10006c36:	2800      	cmp	r0, #0
10006c38:	d003      	beq.n	10006c42 <tu_fifo_set_overwritable+0x14>
10006c3a:	2101      	movs	r1, #1
10006c3c:	4249      	negs	r1, r1
10006c3e:	f000 fdcb 	bl	100077d8 <__mutex_enter_timeout_ms_veneer>
10006c42:	6920      	ldr	r0, [r4, #16]
10006c44:	2800      	cmp	r0, #0
10006c46:	d003      	beq.n	10006c50 <tu_fifo_set_overwritable+0x22>
10006c48:	2101      	movs	r1, #1
10006c4a:	4249      	negs	r1, r1
10006c4c:	f000 fdc4 	bl	100077d8 <__mutex_enter_timeout_ms_veneer>
10006c50:	01eb      	lsls	r3, r5, #7
10006c52:	79e2      	ldrb	r2, [r4, #7]
10006c54:	217f      	movs	r1, #127	@ 0x7f
10006c56:	4011      	ands	r1, r2
10006c58:	4319      	orrs	r1, r3
10006c5a:	71e1      	strb	r1, [r4, #7]
10006c5c:	68e0      	ldr	r0, [r4, #12]
10006c5e:	2800      	cmp	r0, #0
10006c60:	d001      	beq.n	10006c66 <tu_fifo_set_overwritable+0x38>
10006c62:	f000 fd71 	bl	10007748 <__mutex_exit_veneer>
10006c66:	6920      	ldr	r0, [r4, #16]
10006c68:	2800      	cmp	r0, #0
10006c6a:	d001      	beq.n	10006c70 <tu_fifo_set_overwritable+0x42>
10006c6c:	f000 fd6c 	bl	10007748 <__mutex_exit_veneer>
10006c70:	2001      	movs	r0, #1
10006c72:	bd70      	pop	{r4, r5, r6, pc}

10006c74 <i2c_unreset>:
10006c74:	4b07      	ldr	r3, [pc, #28]	@ (10006c94 <i2c_unreset+0x20>)
10006c76:	4298      	cmp	r0, r3
10006c78:	d00a      	beq.n	10006c90 <i2c_unreset+0x1c>
10006c7a:	2303      	movs	r3, #3
10006c7c:	2201      	movs	r2, #1
10006c7e:	409a      	lsls	r2, r3
10006c80:	4b05      	ldr	r3, [pc, #20]	@ (10006c98 <i2c_unreset+0x24>)
10006c82:	601a      	str	r2, [r3, #0]
10006c84:	4b05      	ldr	r3, [pc, #20]	@ (10006c9c <i2c_unreset+0x28>)
10006c86:	681b      	ldr	r3, [r3, #0]
10006c88:	0011      	movs	r1, r2
10006c8a:	4399      	bics	r1, r3
10006c8c:	d1fa      	bne.n	10006c84 <i2c_unreset+0x10>
10006c8e:	4770      	bx	lr
10006c90:	2304      	movs	r3, #4
10006c92:	e7f3      	b.n	10006c7c <i2c_unreset+0x8>
10006c94:	20000cc0 	.word	0x20000cc0
10006c98:	4000f000 	.word	0x4000f000
10006c9c:	4000c008 	.word	0x4000c008

10006ca0 <i2c_write_blocking_internal>:
10006ca0:	b5f0      	push	{r4, r5, r6, r7, lr}
10006ca2:	46de      	mov	lr, fp
10006ca4:	4657      	mov	r7, sl
10006ca6:	464e      	mov	r6, r9
10006ca8:	4645      	mov	r5, r8
10006caa:	b5e0      	push	{r5, r6, r7, lr}
10006cac:	b087      	sub	sp, #28
10006cae:	0007      	movs	r7, r0
10006cb0:	4693      	mov	fp, r2
10006cb2:	0018      	movs	r0, r3
10006cb4:	9303      	str	r3, [sp, #12]
10006cb6:	ab10      	add	r3, sp, #64	@ 0x40
10006cb8:	781a      	ldrb	r2, [r3, #0]
10006cba:	9205      	str	r2, [sp, #20]
10006cbc:	9d11      	ldr	r5, [sp, #68]	@ 0x44
10006cbe:	9a12      	ldr	r2, [sp, #72]	@ 0x48
10006cc0:	4690      	mov	r8, r2
10006cc2:	683b      	ldr	r3, [r7, #0]
10006cc4:	2200      	movs	r2, #0
10006cc6:	66da      	str	r2, [r3, #108]	@ 0x6c
10006cc8:	683b      	ldr	r3, [r7, #0]
10006cca:	6059      	str	r1, [r3, #4]
10006ccc:	683b      	ldr	r3, [r7, #0]
10006cce:	3201      	adds	r2, #1
10006cd0:	66da      	str	r2, [r3, #108]	@ 0x6c
10006cd2:	9002      	str	r0, [sp, #8]
10006cd4:	2300      	movs	r3, #0
10006cd6:	4699      	mov	r9, r3
10006cd8:	9304      	str	r3, [sp, #16]
10006cda:	2600      	movs	r6, #0
10006cdc:	2400      	movs	r4, #0
10006cde:	e02d      	b.n	10006d3c <i2c_write_blocking_internal+0x9c>
10006ce0:	793b      	ldrb	r3, [r7, #4]
10006ce2:	2b00      	cmp	r3, #0
10006ce4:	d039      	beq.n	10006d5a <i2c_write_blocking_internal+0xba>
10006ce6:	2301      	movs	r3, #1
10006ce8:	e037      	b.n	10006d5a <i2c_write_blocking_internal+0xba>
10006cea:	9a05      	ldr	r2, [sp, #20]
10006cec:	2a00      	cmp	r2, #0
10006cee:	d001      	beq.n	10006cf4 <i2c_write_blocking_internal+0x54>
10006cf0:	2200      	movs	r2, #0
10006cf2:	e036      	b.n	10006d62 <i2c_write_blocking_internal+0xc2>
10006cf4:	2201      	movs	r2, #1
10006cf6:	e034      	b.n	10006d62 <i2c_write_blocking_internal+0xc2>
10006cf8:	2e00      	cmp	r6, #0
10006cfa:	d10c      	bne.n	10006d16 <i2c_write_blocking_internal+0x76>
10006cfc:	683b      	ldr	r3, [r7, #0]
10006cfe:	6b5b      	ldr	r3, [r3, #52]	@ 0x34
10006d00:	06db      	lsls	r3, r3, #27
10006d02:	d408      	bmi.n	10006d16 <i2c_write_blocking_internal+0x76>
10006d04:	2d00      	cmp	r5, #0
10006d06:	d0f7      	beq.n	10006cf8 <i2c_write_blocking_internal+0x58>
10006d08:	2100      	movs	r1, #0
10006d0a:	4640      	mov	r0, r8
10006d0c:	47a8      	blx	r5
10006d0e:	0006      	movs	r6, r0
10006d10:	4304      	orrs	r4, r0
10006d12:	b2e4      	uxtb	r4, r4
10006d14:	e7f0      	b.n	10006cf8 <i2c_write_blocking_internal+0x58>
10006d16:	2e00      	cmp	r6, #0
10006d18:	d109      	bne.n	10006d2e <i2c_write_blocking_internal+0x8e>
10006d1a:	683b      	ldr	r3, [r7, #0]
10006d1c:	2280      	movs	r2, #128	@ 0x80
10006d1e:	589a      	ldr	r2, [r3, r2]
10006d20:	9204      	str	r2, [sp, #16]
10006d22:	2a00      	cmp	r2, #0
10006d24:	d128      	bne.n	10006d78 <i2c_write_blocking_internal+0xd8>
10006d26:	2c00      	cmp	r4, #0
10006d28:	d139      	bne.n	10006d9e <i2c_write_blocking_internal+0xfe>
10006d2a:	45ca      	cmp	sl, r9
10006d2c:	d027      	beq.n	10006d7e <i2c_write_blocking_internal+0xde>
10006d2e:	2c00      	cmp	r4, #0
10006d30:	d13d      	bne.n	10006dae <i2c_write_blocking_internal+0x10e>
10006d32:	2301      	movs	r3, #1
10006d34:	469c      	mov	ip, r3
10006d36:	44e1      	add	r9, ip
10006d38:	9b01      	ldr	r3, [sp, #4]
10006d3a:	469b      	mov	fp, r3
10006d3c:	9b02      	ldr	r3, [sp, #8]
10006d3e:	4599      	cmp	r9, r3
10006d40:	da35      	bge.n	10006dae <i2c_write_blocking_internal+0x10e>
10006d42:	9b03      	ldr	r3, [sp, #12]
10006d44:	3b01      	subs	r3, #1
10006d46:	469a      	mov	sl, r3
10006d48:	2d00      	cmp	r5, #0
10006d4a:	d002      	beq.n	10006d52 <i2c_write_blocking_internal+0xb2>
10006d4c:	2101      	movs	r1, #1
10006d4e:	4640      	mov	r0, r8
10006d50:	47a8      	blx	r5
10006d52:	464b      	mov	r3, r9
10006d54:	2b00      	cmp	r3, #0
10006d56:	d0c3      	beq.n	10006ce0 <i2c_write_blocking_internal+0x40>
10006d58:	2300      	movs	r3, #0
10006d5a:	029b      	lsls	r3, r3, #10
10006d5c:	45ca      	cmp	sl, r9
10006d5e:	d0c4      	beq.n	10006cea <i2c_write_blocking_internal+0x4a>
10006d60:	2200      	movs	r2, #0
10006d62:	0252      	lsls	r2, r2, #9
10006d64:	4313      	orrs	r3, r2
10006d66:	465a      	mov	r2, fp
10006d68:	3201      	adds	r2, #1
10006d6a:	9201      	str	r2, [sp, #4]
10006d6c:	465a      	mov	r2, fp
10006d6e:	7811      	ldrb	r1, [r2, #0]
10006d70:	683a      	ldr	r2, [r7, #0]
10006d72:	430b      	orrs	r3, r1
10006d74:	6113      	str	r3, [r2, #16]
10006d76:	e7c5      	b.n	10006d04 <i2c_write_blocking_internal+0x64>
10006d78:	6d5b      	ldr	r3, [r3, #84]	@ 0x54
10006d7a:	2401      	movs	r4, #1
10006d7c:	e00f      	b.n	10006d9e <i2c_write_blocking_internal+0xfe>
10006d7e:	9b05      	ldr	r3, [sp, #20]
10006d80:	2b00      	cmp	r3, #0
10006d82:	d1d4      	bne.n	10006d2e <i2c_write_blocking_internal+0x8e>
10006d84:	e00b      	b.n	10006d9e <i2c_write_blocking_internal+0xfe>
10006d86:	2100      	movs	r1, #0
10006d88:	4640      	mov	r0, r8
10006d8a:	47a8      	blx	r5
10006d8c:	0006      	movs	r6, r0
10006d8e:	4304      	orrs	r4, r0
10006d90:	b2e4      	uxtb	r4, r4
10006d92:	2e00      	cmp	r6, #0
10006d94:	d106      	bne.n	10006da4 <i2c_write_blocking_internal+0x104>
10006d96:	683b      	ldr	r3, [r7, #0]
10006d98:	6b5b      	ldr	r3, [r3, #52]	@ 0x34
10006d9a:	059b      	lsls	r3, r3, #22
10006d9c:	d402      	bmi.n	10006da4 <i2c_write_blocking_internal+0x104>
10006d9e:	2d00      	cmp	r5, #0
10006da0:	d1f1      	bne.n	10006d86 <i2c_write_blocking_internal+0xe6>
10006da2:	e7f6      	b.n	10006d92 <i2c_write_blocking_internal+0xf2>
10006da4:	2e00      	cmp	r6, #0
10006da6:	d1c2      	bne.n	10006d2e <i2c_write_blocking_internal+0x8e>
10006da8:	683b      	ldr	r3, [r7, #0]
10006daa:	6e1b      	ldr	r3, [r3, #96]	@ 0x60
10006dac:	e7bf      	b.n	10006d2e <i2c_write_blocking_internal+0x8e>
10006dae:	2c00      	cmp	r4, #0
10006db0:	d008      	beq.n	10006dc4 <i2c_write_blocking_internal+0x124>
10006db2:	2e00      	cmp	r6, #0
10006db4:	d110      	bne.n	10006dd8 <i2c_write_blocking_internal+0x138>
10006db6:	9a04      	ldr	r2, [sp, #16]
10006db8:	2a00      	cmp	r2, #0
10006dba:	d011      	beq.n	10006de0 <i2c_write_blocking_internal+0x140>
10006dbc:	07d3      	lsls	r3, r2, #31
10006dbe:	d413      	bmi.n	10006de8 <i2c_write_blocking_internal+0x148>
10006dc0:	0713      	lsls	r3, r2, #28
10006dc2:	d515      	bpl.n	10006df0 <i2c_write_blocking_internal+0x150>
10006dc4:	9b05      	ldr	r3, [sp, #20]
10006dc6:	713b      	strb	r3, [r7, #4]
10006dc8:	4648      	mov	r0, r9
10006dca:	b007      	add	sp, #28
10006dcc:	bcf0      	pop	{r4, r5, r6, r7}
10006dce:	46bb      	mov	fp, r7
10006dd0:	46b2      	mov	sl, r6
10006dd2:	46a9      	mov	r9, r5
10006dd4:	46a0      	mov	r8, r4
10006dd6:	bdf0      	pop	{r4, r5, r6, r7, pc}
10006dd8:	2302      	movs	r3, #2
10006dda:	425b      	negs	r3, r3
10006ddc:	4699      	mov	r9, r3
10006dde:	e7f1      	b.n	10006dc4 <i2c_write_blocking_internal+0x124>
10006de0:	2301      	movs	r3, #1
10006de2:	425b      	negs	r3, r3
10006de4:	4699      	mov	r9, r3
10006de6:	e7ed      	b.n	10006dc4 <i2c_write_blocking_internal+0x124>
10006de8:	2301      	movs	r3, #1
10006dea:	425b      	negs	r3, r3
10006dec:	4699      	mov	r9, r3
10006dee:	e7e9      	b.n	10006dc4 <i2c_write_blocking_internal+0x124>
10006df0:	2301      	movs	r3, #1
10006df2:	425b      	negs	r3, r3
10006df4:	4699      	mov	r9, r3
10006df6:	e7e5      	b.n	10006dc4 <i2c_write_blocking_internal+0x124>

10006df8 <i2c_read_blocking_internal>:
10006df8:	b5f0      	push	{r4, r5, r6, r7, lr}
10006dfa:	46de      	mov	lr, fp
10006dfc:	4657      	mov	r7, sl
10006dfe:	464e      	mov	r6, r9
10006e00:	4645      	mov	r5, r8
10006e02:	b5e0      	push	{r5, r6, r7, lr}
10006e04:	b085      	sub	sp, #20
10006e06:	0005      	movs	r5, r0
10006e08:	9202      	str	r2, [sp, #8]
10006e0a:	0018      	movs	r0, r3
10006e0c:	469b      	mov	fp, r3
10006e0e:	ab0e      	add	r3, sp, #56	@ 0x38
10006e10:	781a      	ldrb	r2, [r3, #0]
10006e12:	9203      	str	r2, [sp, #12]
10006e14:	9a10      	ldr	r2, [sp, #64]	@ 0x40
10006e16:	4690      	mov	r8, r2
10006e18:	682b      	ldr	r3, [r5, #0]
10006e1a:	2200      	movs	r2, #0
10006e1c:	66da      	str	r2, [r3, #108]	@ 0x6c
10006e1e:	682b      	ldr	r3, [r5, #0]
10006e20:	6059      	str	r1, [r3, #4]
10006e22:	682b      	ldr	r3, [r5, #0]
10006e24:	3201      	adds	r2, #1
10006e26:	66da      	str	r2, [r3, #108]	@ 0x6c
10006e28:	4682      	mov	sl, r0
10006e2a:	2700      	movs	r7, #0
10006e2c:	2300      	movs	r3, #0
10006e2e:	9301      	str	r3, [sp, #4]
10006e30:	2400      	movs	r4, #0
10006e32:	003e      	movs	r6, r7
10006e34:	9f0f      	ldr	r7, [sp, #60]	@ 0x3c
10006e36:	4556      	cmp	r6, sl
10006e38:	da43      	bge.n	10006ec2 <i2c_read_blocking_internal+0xca>
10006e3a:	465b      	mov	r3, fp
10006e3c:	3b01      	subs	r3, #1
10006e3e:	4699      	mov	r9, r3
10006e40:	2f00      	cmp	r7, #0
10006e42:	d002      	beq.n	10006e4a <i2c_read_blocking_internal+0x52>
10006e44:	2101      	movs	r1, #1
10006e46:	4640      	mov	r0, r8
10006e48:	47b8      	blx	r7
10006e4a:	682b      	ldr	r3, [r5, #0]
10006e4c:	6f5a      	ldr	r2, [r3, #116]	@ 0x74
10006e4e:	2a10      	cmp	r2, #16
10006e50:	d0fb      	beq.n	10006e4a <i2c_read_blocking_internal+0x52>
10006e52:	2e00      	cmp	r6, #0
10006e54:	d00b      	beq.n	10006e6e <i2c_read_blocking_internal+0x76>
10006e56:	2200      	movs	r2, #0
10006e58:	0292      	lsls	r2, r2, #10
10006e5a:	45b1      	cmp	r9, r6
10006e5c:	d00c      	beq.n	10006e78 <i2c_read_blocking_internal+0x80>
10006e5e:	2100      	movs	r1, #0
10006e60:	0249      	lsls	r1, r1, #9
10006e62:	430a      	orrs	r2, r1
10006e64:	2180      	movs	r1, #128	@ 0x80
10006e66:	0049      	lsls	r1, r1, #1
10006e68:	430a      	orrs	r2, r1
10006e6a:	611a      	str	r2, [r3, #16]
10006e6c:	e019      	b.n	10006ea2 <i2c_read_blocking_internal+0xaa>
10006e6e:	792a      	ldrb	r2, [r5, #4]
10006e70:	2a00      	cmp	r2, #0
10006e72:	d0f1      	beq.n	10006e58 <i2c_read_blocking_internal+0x60>
10006e74:	2201      	movs	r2, #1
10006e76:	e7ef      	b.n	10006e58 <i2c_read_blocking_internal+0x60>
10006e78:	9903      	ldr	r1, [sp, #12]
10006e7a:	2900      	cmp	r1, #0
10006e7c:	d001      	beq.n	10006e82 <i2c_read_blocking_internal+0x8a>
10006e7e:	2100      	movs	r1, #0
10006e80:	e7ee      	b.n	10006e60 <i2c_read_blocking_internal+0x68>
10006e82:	2101      	movs	r1, #1
10006e84:	e7ec      	b.n	10006e60 <i2c_read_blocking_internal+0x68>
10006e86:	2f00      	cmp	r7, #0
10006e88:	d005      	beq.n	10006e96 <i2c_read_blocking_internal+0x9e>
10006e8a:	2100      	movs	r1, #0
10006e8c:	4640      	mov	r0, r8
10006e8e:	47b8      	blx	r7
10006e90:	9001      	str	r0, [sp, #4]
10006e92:	4304      	orrs	r4, r0
10006e94:	b2e4      	uxtb	r4, r4
10006e96:	2c00      	cmp	r4, #0
10006e98:	d115      	bne.n	10006ec6 <i2c_read_blocking_internal+0xce>
10006e9a:	682b      	ldr	r3, [r5, #0]
10006e9c:	6f9a      	ldr	r2, [r3, #120]	@ 0x78
10006e9e:	2a00      	cmp	r2, #0
10006ea0:	d108      	bne.n	10006eb4 <i2c_read_blocking_internal+0xbc>
10006ea2:	682b      	ldr	r3, [r5, #0]
10006ea4:	2280      	movs	r2, #128	@ 0x80
10006ea6:	589a      	ldr	r2, [r3, r2]
10006ea8:	6b5a      	ldr	r2, [r3, #52]	@ 0x34
10006eaa:	0652      	lsls	r2, r2, #25
10006eac:	d5eb      	bpl.n	10006e86 <i2c_read_blocking_internal+0x8e>
10006eae:	6d5b      	ldr	r3, [r3, #84]	@ 0x54
10006eb0:	2401      	movs	r4, #1
10006eb2:	e7e8      	b.n	10006e86 <i2c_read_blocking_internal+0x8e>
10006eb4:	691b      	ldr	r3, [r3, #16]
10006eb6:	9a02      	ldr	r2, [sp, #8]
10006eb8:	7013      	strb	r3, [r2, #0]
10006eba:	3601      	adds	r6, #1
10006ebc:	1c53      	adds	r3, r2, #1
10006ebe:	9302      	str	r3, [sp, #8]
10006ec0:	e7b9      	b.n	10006e36 <i2c_read_blocking_internal+0x3e>
10006ec2:	0037      	movs	r7, r6
10006ec4:	e000      	b.n	10006ec8 <i2c_read_blocking_internal+0xd0>
10006ec6:	0037      	movs	r7, r6
10006ec8:	2c00      	cmp	r4, #0
10006eca:	d004      	beq.n	10006ed6 <i2c_read_blocking_internal+0xde>
10006ecc:	9b01      	ldr	r3, [sp, #4]
10006ece:	2b00      	cmp	r3, #0
10006ed0:	d00b      	beq.n	10006eea <i2c_read_blocking_internal+0xf2>
10006ed2:	2702      	movs	r7, #2
10006ed4:	427f      	negs	r7, r7
10006ed6:	9b03      	ldr	r3, [sp, #12]
10006ed8:	712b      	strb	r3, [r5, #4]
10006eda:	0038      	movs	r0, r7
10006edc:	b005      	add	sp, #20
10006ede:	bcf0      	pop	{r4, r5, r6, r7}
10006ee0:	46bb      	mov	fp, r7
10006ee2:	46b2      	mov	sl, r6
10006ee4:	46a9      	mov	r9, r5
10006ee6:	46a0      	mov	r8, r4
10006ee8:	bdf0      	pop	{r4, r5, r6, r7, pc}
10006eea:	2701      	movs	r7, #1
10006eec:	427f      	negs	r7, r7
10006eee:	e7f2      	b.n	10006ed6 <i2c_read_blocking_internal+0xde>

10006ef0 <i2c_set_baudrate>:
10006ef0:	b5f0      	push	{r4, r5, r6, r7, lr}
10006ef2:	46d6      	mov	lr, sl
10006ef4:	464f      	mov	r7, r9
10006ef6:	4646      	mov	r6, r8
10006ef8:	b5c0      	push	{r6, r7, lr}
10006efa:	0004      	movs	r4, r0
10006efc:	000d      	movs	r5, r1
10006efe:	2005      	movs	r0, #5
10006f00:	f7fa fd72 	bl	100019e8 <clock_get_hz>
10006f04:	0006      	movs	r6, r0
10006f06:	0868      	lsrs	r0, r5, #1
10006f08:	1980      	adds	r0, r0, r6
10006f0a:	46a8      	mov	r8, r5
10006f0c:	0029      	movs	r1, r5
10006f0e:	f7fa ffef 	bl	10001ef0 <__wrap___aeabi_uidiv>
10006f12:	0007      	movs	r7, r0
10006f14:	0043      	lsls	r3, r0, #1
10006f16:	181a      	adds	r2, r3, r0
10006f18:	4691      	mov	r9, r2
10006f1a:	2105      	movs	r1, #5
10006f1c:	0010      	movs	r0, r2
10006f1e:	f7fa ffe7 	bl	10001ef0 <__wrap___aeabi_uidiv>
10006f22:	0005      	movs	r5, r0
10006f24:	1a3a      	subs	r2, r7, r0
10006f26:	4692      	mov	sl, r2
10006f28:	4b25      	ldr	r3, [pc, #148]	@ (10006fc0 <i2c_set_baudrate+0xd0>)
10006f2a:	4642      	mov	r2, r8
10006f2c:	429a      	cmp	r2, r3
10006f2e:	d837      	bhi.n	10006fa0 <i2c_set_baudrate+0xb0>
10006f30:	0070      	lsls	r0, r6, #1
10006f32:	1980      	adds	r0, r0, r6
10006f34:	4923      	ldr	r1, [pc, #140]	@ (10006fc4 <i2c_set_baudrate+0xd4>)
10006f36:	f7fa ffdb 	bl	10001ef0 <__wrap___aeabi_uidiv>
10006f3a:	1c43      	adds	r3, r0, #1
10006f3c:	1eaa      	subs	r2, r5, #2
10006f3e:	429a      	cmp	r2, r3
10006f40:	d335      	bcc.n	10006fae <i2c_set_baudrate+0xbe>
10006f42:	6822      	ldr	r2, [r4, #0]
10006f44:	2100      	movs	r1, #0
10006f46:	66d1      	str	r1, [r2, #108]	@ 0x6c
10006f48:	6822      	ldr	r2, [r4, #0]
10006f4a:	6810      	ldr	r0, [r2, #0]
10006f4c:	3104      	adds	r1, #4
10006f4e:	4048      	eors	r0, r1
10006f50:	3102      	adds	r1, #2
10006f52:	4001      	ands	r1, r0
10006f54:	2080      	movs	r0, #128	@ 0x80
10006f56:	0140      	lsls	r0, r0, #5
10006f58:	4684      	mov	ip, r0
10006f5a:	4462      	add	r2, ip
10006f5c:	6011      	str	r1, [r2, #0]
10006f5e:	6822      	ldr	r2, [r4, #0]
10006f60:	4651      	mov	r1, sl
10006f62:	61d1      	str	r1, [r2, #28]
10006f64:	6822      	ldr	r2, [r4, #0]
10006f66:	6215      	str	r5, [r2, #32]
10006f68:	464a      	mov	r2, r9
10006f6a:	2a4f      	cmp	r2, #79	@ 0x4f
10006f6c:	d925      	bls.n	10006fba <i2c_set_baudrate+0xca>
10006f6e:	092d      	lsrs	r5, r5, #4
10006f70:	6821      	ldr	r1, [r4, #0]
10006f72:	22a0      	movs	r2, #160	@ 0xa0
10006f74:	508d      	str	r5, [r1, r2]
10006f76:	6822      	ldr	r2, [r4, #0]
10006f78:	6fd1      	ldr	r1, [r2, #124]	@ 0x7c
10006f7a:	404b      	eors	r3, r1
10006f7c:	041b      	lsls	r3, r3, #16
10006f7e:	0c1b      	lsrs	r3, r3, #16
10006f80:	4911      	ldr	r1, [pc, #68]	@ (10006fc8 <i2c_set_baudrate+0xd8>)
10006f82:	468c      	mov	ip, r1
10006f84:	4462      	add	r2, ip
10006f86:	6013      	str	r3, [r2, #0]
10006f88:	6823      	ldr	r3, [r4, #0]
10006f8a:	2201      	movs	r2, #1
10006f8c:	66da      	str	r2, [r3, #108]	@ 0x6c
10006f8e:	0039      	movs	r1, r7
10006f90:	0030      	movs	r0, r6
10006f92:	f7fa ffad 	bl	10001ef0 <__wrap___aeabi_uidiv>
10006f96:	bce0      	pop	{r5, r6, r7}
10006f98:	46ba      	mov	sl, r7
10006f9a:	46b1      	mov	r9, r6
10006f9c:	46a8      	mov	r8, r5
10006f9e:	bdf0      	pop	{r4, r5, r6, r7, pc}
10006fa0:	0070      	lsls	r0, r6, #1
10006fa2:	1980      	adds	r0, r0, r6
10006fa4:	4909      	ldr	r1, [pc, #36]	@ (10006fcc <i2c_set_baudrate+0xdc>)
10006fa6:	f7fa ffa3 	bl	10001ef0 <__wrap___aeabi_uidiv>
10006faa:	1c43      	adds	r3, r0, #1
10006fac:	e7c6      	b.n	10006f3c <i2c_set_baudrate+0x4c>
10006fae:	4b08      	ldr	r3, [pc, #32]	@ (10006fd0 <i2c_set_baudrate+0xe0>)
10006fb0:	4a08      	ldr	r2, [pc, #32]	@ (10006fd4 <i2c_set_baudrate+0xe4>)
10006fb2:	4809      	ldr	r0, [pc, #36]	@ (10006fd8 <i2c_set_baudrate+0xe8>)
10006fb4:	215d      	movs	r1, #93	@ 0x5d
10006fb6:	f7fc ff97 	bl	10003ee8 <__assert_func>
10006fba:	2501      	movs	r5, #1
10006fbc:	e7d8      	b.n	10006f70 <i2c_set_baudrate+0x80>
10006fbe:	46c0      	nop			@ (mov r8, r8)
10006fc0:	000f423f 	.word	0x000f423f
10006fc4:	00989680 	.word	0x00989680
10006fc8:	0000107c 	.word	0x0000107c
10006fcc:	017d7840 	.word	0x017d7840
10006fd0:	10008814 	.word	0x10008814
10006fd4:	10008df8 	.word	0x10008df8
10006fd8:	10008834 	.word	0x10008834

10006fdc <i2c_init>:
10006fdc:	b570      	push	{r4, r5, r6, lr}
10006fde:	0004      	movs	r4, r0
10006fe0:	000d      	movs	r5, r1
10006fe2:	4b11      	ldr	r3, [pc, #68]	@ (10007028 <i2c_init+0x4c>)
10006fe4:	4298      	cmp	r0, r3
10006fe6:	d01d      	beq.n	10007024 <i2c_init+0x48>
10006fe8:	2203      	movs	r2, #3
10006fea:	2301      	movs	r3, #1
10006fec:	4093      	lsls	r3, r2
10006fee:	4a0f      	ldr	r2, [pc, #60]	@ (1000702c <i2c_init+0x50>)
10006ff0:	6013      	str	r3, [r2, #0]
10006ff2:	0020      	movs	r0, r4
10006ff4:	f7ff fe3e 	bl	10006c74 <i2c_unreset>
10006ff8:	2300      	movs	r3, #0
10006ffa:	7123      	strb	r3, [r4, #4]
10006ffc:	6822      	ldr	r2, [r4, #0]
10006ffe:	66d3      	str	r3, [r2, #108]	@ 0x6c
10007000:	6822      	ldr	r2, [r4, #0]
10007002:	2166      	movs	r1, #102	@ 0x66
10007004:	31ff      	adds	r1, #255	@ 0xff
10007006:	6011      	str	r1, [r2, #0]
10007008:	6822      	ldr	r2, [r4, #0]
1000700a:	63d3      	str	r3, [r2, #60]	@ 0x3c
1000700c:	6822      	ldr	r2, [r4, #0]
1000700e:	6393      	str	r3, [r2, #56]	@ 0x38
10007010:	6822      	ldr	r2, [r4, #0]
10007012:	3388      	adds	r3, #136	@ 0x88
10007014:	3963      	subs	r1, #99	@ 0x63
10007016:	39ff      	subs	r1, #255	@ 0xff
10007018:	50d1      	str	r1, [r2, r3]
1000701a:	0029      	movs	r1, r5
1000701c:	0020      	movs	r0, r4
1000701e:	f7ff ff67 	bl	10006ef0 <i2c_set_baudrate>
10007022:	bd70      	pop	{r4, r5, r6, pc}
10007024:	2204      	movs	r2, #4
10007026:	e7e0      	b.n	10006fea <i2c_init+0xe>
10007028:	20000cc0 	.word	0x20000cc0
1000702c:	4000e000 	.word	0x4000e000

10007030 <i2c_write_blocking>:
10007030:	b530      	push	{r4, r5, lr}
10007032:	b085      	sub	sp, #20
10007034:	ac08      	add	r4, sp, #32
10007036:	7824      	ldrb	r4, [r4, #0]
10007038:	2500      	movs	r5, #0
1000703a:	9502      	str	r5, [sp, #8]
1000703c:	9501      	str	r5, [sp, #4]
1000703e:	9400      	str	r4, [sp, #0]
10007040:	f7ff fe2e 	bl	10006ca0 <i2c_write_blocking_internal>
10007044:	b005      	add	sp, #20
10007046:	bd30      	pop	{r4, r5, pc}

10007048 <i2c_read_blocking>:
10007048:	b530      	push	{r4, r5, lr}
1000704a:	b085      	sub	sp, #20
1000704c:	ac08      	add	r4, sp, #32
1000704e:	7824      	ldrb	r4, [r4, #0]
10007050:	2500      	movs	r5, #0
10007052:	9502      	str	r5, [sp, #8]
10007054:	9501      	str	r5, [sp, #4]
10007056:	9400      	str	r4, [sp, #0]
10007058:	f7ff fece 	bl	10006df8 <i2c_read_blocking_internal>
1000705c:	b005      	add	sp, #20
1000705e:	bd30      	pop	{r4, r5, pc}

10007060 <VL53L1X_ClearInterrupt>:
10007060:	b510      	push	{r4, lr}
10007062:	2201      	movs	r2, #1
10007064:	2186      	movs	r1, #134	@ 0x86
10007066:	f000 fb05 	bl	10007674 <VL53L1X_WrByte>
1000706a:	bd10      	pop	{r4, pc}

1000706c <VL53L1X_GetInterruptPolarity>:
1000706c:	b530      	push	{r4, r5, lr}
1000706e:	b083      	sub	sp, #12
10007070:	000d      	movs	r5, r1
10007072:	466b      	mov	r3, sp
10007074:	1ddc      	adds	r4, r3, #7
10007076:	0022      	movs	r2, r4
10007078:	2130      	movs	r1, #48	@ 0x30
1000707a:	f000 faf6 	bl	1000766a <VL53L1X_RdByte>
1000707e:	7822      	ldrb	r2, [r4, #0]
10007080:	2310      	movs	r3, #16
10007082:	4013      	ands	r3, r2
10007084:	7023      	strb	r3, [r4, #0]
10007086:	425a      	negs	r2, r3
10007088:	4153      	adcs	r3, r2
1000708a:	702b      	strb	r3, [r5, #0]
1000708c:	b003      	add	sp, #12
1000708e:	bd30      	pop	{r4, r5, pc}

10007090 <VL53L1X_StartRanging>:
10007090:	b510      	push	{r4, lr}
10007092:	2240      	movs	r2, #64	@ 0x40
10007094:	2187      	movs	r1, #135	@ 0x87
10007096:	f000 faed 	bl	10007674 <VL53L1X_WrByte>
1000709a:	bd10      	pop	{r4, pc}

1000709c <VL53L1X_StopRanging>:
1000709c:	b510      	push	{r4, lr}
1000709e:	2200      	movs	r2, #0
100070a0:	2187      	movs	r1, #135	@ 0x87
100070a2:	f000 fae7 	bl	10007674 <VL53L1X_WrByte>
100070a6:	bd10      	pop	{r4, pc}

100070a8 <VL53L1X_CheckForDataReady>:
100070a8:	b530      	push	{r4, r5, lr}
100070aa:	b083      	sub	sp, #12
100070ac:	0005      	movs	r5, r0
100070ae:	000c      	movs	r4, r1
100070b0:	466b      	mov	r3, sp
100070b2:	1d99      	adds	r1, r3, #6
100070b4:	f7ff ffda 	bl	1000706c <VL53L1X_GetInterruptPolarity>
100070b8:	466b      	mov	r3, sp
100070ba:	1dda      	adds	r2, r3, #7
100070bc:	2131      	movs	r1, #49	@ 0x31
100070be:	0028      	movs	r0, r5
100070c0:	f000 fad3 	bl	1000766a <VL53L1X_RdByte>
100070c4:	2800      	cmp	r0, #0
100070c6:	d109      	bne.n	100070dc <VL53L1X_CheckForDataReady+0x34>
100070c8:	466b      	mov	r3, sp
100070ca:	79d9      	ldrb	r1, [r3, #7]
100070cc:	3306      	adds	r3, #6
100070ce:	781b      	ldrb	r3, [r3, #0]
100070d0:	2201      	movs	r2, #1
100070d2:	400a      	ands	r2, r1
100070d4:	1a9b      	subs	r3, r3, r2
100070d6:	425a      	negs	r2, r3
100070d8:	4153      	adcs	r3, r2
100070da:	7023      	strb	r3, [r4, #0]
100070dc:	b003      	add	sp, #12
100070de:	bd30      	pop	{r4, r5, pc}

100070e0 <VL53L1X_SensorInit>:
100070e0:	b530      	push	{r4, r5, lr}
100070e2:	b083      	sub	sp, #12
100070e4:	0005      	movs	r5, r0
100070e6:	242d      	movs	r4, #45	@ 0x2d
100070e8:	e009      	b.n	100070fe <VL53L1X_SensorInit+0x1e>
100070ea:	0023      	movs	r3, r4
100070ec:	3b2d      	subs	r3, #45	@ 0x2d
100070ee:	4a14      	ldr	r2, [pc, #80]	@ (10007140 <VL53L1X_SensorInit+0x60>)
100070f0:	5cd2      	ldrb	r2, [r2, r3]
100070f2:	0021      	movs	r1, r4
100070f4:	0028      	movs	r0, r5
100070f6:	f000 fabd 	bl	10007674 <VL53L1X_WrByte>
100070fa:	3401      	adds	r4, #1
100070fc:	b2e4      	uxtb	r4, r4
100070fe:	2c87      	cmp	r4, #135	@ 0x87
10007100:	d9f3      	bls.n	100070ea <VL53L1X_SensorInit+0xa>
10007102:	0028      	movs	r0, r5
10007104:	f7ff ffc4 	bl	10007090 <VL53L1X_StartRanging>
10007108:	466b      	mov	r3, sp
1000710a:	1ddc      	adds	r4, r3, #7
1000710c:	0021      	movs	r1, r4
1000710e:	0028      	movs	r0, r5
10007110:	f7ff ffca 	bl	100070a8 <VL53L1X_CheckForDataReady>
10007114:	7823      	ldrb	r3, [r4, #0]
10007116:	2b00      	cmp	r3, #0
10007118:	d0f6      	beq.n	10007108 <VL53L1X_SensorInit+0x28>
1000711a:	0028      	movs	r0, r5
1000711c:	f7ff ffa0 	bl	10007060 <VL53L1X_ClearInterrupt>
10007120:	0028      	movs	r0, r5
10007122:	f7ff ffbb 	bl	1000709c <VL53L1X_StopRanging>
10007126:	2209      	movs	r2, #9
10007128:	2108      	movs	r1, #8
1000712a:	0028      	movs	r0, r5
1000712c:	f000 faa2 	bl	10007674 <VL53L1X_WrByte>
10007130:	2200      	movs	r2, #0
10007132:	210b      	movs	r1, #11
10007134:	0028      	movs	r0, r5
10007136:	f000 fa9d 	bl	10007674 <VL53L1X_WrByte>
1000713a:	b003      	add	sp, #12
1000713c:	bd30      	pop	{r4, r5, pc}
1000713e:	46c0      	nop			@ (mov r8, r8)
10007140:	10008e0c 	.word	0x10008e0c

10007144 <VL53L1X_GetTimingBudgetInMs>:
10007144:	b530      	push	{r4, r5, lr}
10007146:	b083      	sub	sp, #12
10007148:	000d      	movs	r5, r1
1000714a:	466b      	mov	r3, sp
1000714c:	1d9c      	adds	r4, r3, #6
1000714e:	0022      	movs	r2, r4
10007150:	215e      	movs	r1, #94	@ 0x5e
10007152:	f000 fa7f 	bl	10007654 <VL53L1X_RdWord>
10007156:	8823      	ldrh	r3, [r4, #0]
10007158:	22d7      	movs	r2, #215	@ 0xd7
1000715a:	0052      	lsls	r2, r2, #1
1000715c:	4293      	cmp	r3, r2
1000715e:	d032      	beq.n	100071c6 <VL53L1X_GetTimingBudgetInMs+0x82>
10007160:	d816      	bhi.n	10007190 <VL53L1X_GetTimingBudgetInMs+0x4c>
10007162:	2b51      	cmp	r3, #81	@ 0x51
10007164:	d008      	beq.n	10007178 <VL53L1X_GetTimingBudgetInMs+0x34>
10007166:	d80a      	bhi.n	1000717e <VL53L1X_GetTimingBudgetInMs+0x3a>
10007168:	2b1d      	cmp	r3, #29
1000716a:	d103      	bne.n	10007174 <VL53L1X_GetTimingBudgetInMs+0x30>
1000716c:	230f      	movs	r3, #15
1000716e:	802b      	strh	r3, [r5, #0]
10007170:	b003      	add	sp, #12
10007172:	bd30      	pop	{r4, r5, pc}
10007174:	2b1e      	cmp	r3, #30
10007176:	d12c      	bne.n	100071d2 <VL53L1X_GetTimingBudgetInMs+0x8e>
10007178:	2314      	movs	r3, #20
1000717a:	802b      	strh	r3, [r5, #0]
1000717c:	e7f8      	b.n	10007170 <VL53L1X_GetTimingBudgetInMs+0x2c>
1000717e:	2bad      	cmp	r3, #173	@ 0xad
10007180:	d021      	beq.n	100071c6 <VL53L1X_GetTimingBudgetInMs+0x82>
10007182:	2bd6      	cmp	r3, #214	@ 0xd6
10007184:	d001      	beq.n	1000718a <VL53L1X_GetTimingBudgetInMs+0x46>
10007186:	2b60      	cmp	r3, #96	@ 0x60
10007188:	d123      	bne.n	100071d2 <VL53L1X_GetTimingBudgetInMs+0x8e>
1000718a:	2321      	movs	r3, #33	@ 0x21
1000718c:	802b      	strh	r3, [r5, #0]
1000718e:	e7ef      	b.n	10007170 <VL53L1X_GetTimingBudgetInMs+0x2c>
10007190:	4a12      	ldr	r2, [pc, #72]	@ (100071dc <VL53L1X_GetTimingBudgetInMs+0x98>)
10007192:	4293      	cmp	r3, r2
10007194:	d01a      	beq.n	100071cc <VL53L1X_GetTimingBudgetInMs+0x88>
10007196:	d80c      	bhi.n	100071b2 <VL53L1X_GetTimingBudgetInMs+0x6e>
10007198:	4a11      	ldr	r2, [pc, #68]	@ (100071e0 <VL53L1X_GetTimingBudgetInMs+0x9c>)
1000719a:	4293      	cmp	r3, r2
1000719c:	d016      	beq.n	100071cc <VL53L1X_GetTimingBudgetInMs+0x88>
1000719e:	4a11      	ldr	r2, [pc, #68]	@ (100071e4 <VL53L1X_GetTimingBudgetInMs+0xa0>)
100071a0:	4293      	cmp	r3, r2
100071a2:	d003      	beq.n	100071ac <VL53L1X_GetTimingBudgetInMs+0x68>
100071a4:	3a16      	subs	r2, #22
100071a6:	3aff      	subs	r2, #255	@ 0xff
100071a8:	4293      	cmp	r3, r2
100071aa:	d112      	bne.n	100071d2 <VL53L1X_GetTimingBudgetInMs+0x8e>
100071ac:	2364      	movs	r3, #100	@ 0x64
100071ae:	802b      	strh	r3, [r5, #0]
100071b0:	e7de      	b.n	10007170 <VL53L1X_GetTimingBudgetInMs+0x2c>
100071b2:	4a0d      	ldr	r2, [pc, #52]	@ (100071e8 <VL53L1X_GetTimingBudgetInMs+0xa4>)
100071b4:	4293      	cmp	r3, r2
100071b6:	d002      	beq.n	100071be <VL53L1X_GetTimingBudgetInMs+0x7a>
100071b8:	4a0c      	ldr	r2, [pc, #48]	@ (100071ec <VL53L1X_GetTimingBudgetInMs+0xa8>)
100071ba:	4293      	cmp	r3, r2
100071bc:	d109      	bne.n	100071d2 <VL53L1X_GetTimingBudgetInMs+0x8e>
100071be:	23fa      	movs	r3, #250	@ 0xfa
100071c0:	005b      	lsls	r3, r3, #1
100071c2:	802b      	strh	r3, [r5, #0]
100071c4:	e7d4      	b.n	10007170 <VL53L1X_GetTimingBudgetInMs+0x2c>
100071c6:	2332      	movs	r3, #50	@ 0x32
100071c8:	802b      	strh	r3, [r5, #0]
100071ca:	e7d1      	b.n	10007170 <VL53L1X_GetTimingBudgetInMs+0x2c>
100071cc:	23c8      	movs	r3, #200	@ 0xc8
100071ce:	802b      	strh	r3, [r5, #0]
100071d0:	e7ce      	b.n	10007170 <VL53L1X_GetTimingBudgetInMs+0x2c>
100071d2:	2300      	movs	r3, #0
100071d4:	802b      	strh	r3, [r5, #0]
100071d6:	2001      	movs	r0, #1
100071d8:	e7ca      	b.n	10007170 <VL53L1X_GetTimingBudgetInMs+0x2c>
100071da:	46c0      	nop			@ (mov r8, r8)
100071dc:	000003e1 	.word	0x000003e1
100071e0:	000002d9 	.word	0x000002d9
100071e4:	000002e1 	.word	0x000002e1
100071e8:	0000048f 	.word	0x0000048f
100071ec:	00000591 	.word	0x00000591

100071f0 <VL53L1X_GetDistanceMode>:
100071f0:	b530      	push	{r4, r5, lr}
100071f2:	b083      	sub	sp, #12
100071f4:	000d      	movs	r5, r1
100071f6:	466b      	mov	r3, sp
100071f8:	1ddc      	adds	r4, r3, #7
100071fa:	0022      	movs	r2, r4
100071fc:	214b      	movs	r1, #75	@ 0x4b
100071fe:	f000 fa34 	bl	1000766a <VL53L1X_RdByte>
10007202:	7823      	ldrb	r3, [r4, #0]
10007204:	2b14      	cmp	r3, #20
10007206:	d005      	beq.n	10007214 <VL53L1X_GetDistanceMode+0x24>
10007208:	2b0a      	cmp	r3, #10
1000720a:	d006      	beq.n	1000721a <VL53L1X_GetDistanceMode+0x2a>
1000720c:	2300      	movs	r3, #0
1000720e:	802b      	strh	r3, [r5, #0]
10007210:	b003      	add	sp, #12
10007212:	bd30      	pop	{r4, r5, pc}
10007214:	3b13      	subs	r3, #19
10007216:	802b      	strh	r3, [r5, #0]
10007218:	e7fa      	b.n	10007210 <VL53L1X_GetDistanceMode+0x20>
1000721a:	3b08      	subs	r3, #8
1000721c:	802b      	strh	r3, [r5, #0]
1000721e:	e7f7      	b.n	10007210 <VL53L1X_GetDistanceMode+0x20>

10007220 <VL53L1X_SetTimingBudgetInMs>:
10007220:	b5f0      	push	{r4, r5, r6, r7, lr}
10007222:	b083      	sub	sp, #12
10007224:	0005      	movs	r5, r0
10007226:	000c      	movs	r4, r1
10007228:	466b      	mov	r3, sp
1000722a:	1d99      	adds	r1, r3, #6
1000722c:	f7ff ffe0 	bl	100071f0 <VL53L1X_GetDistanceMode>
10007230:	1e06      	subs	r6, r0, #0
10007232:	d000      	beq.n	10007236 <VL53L1X_SetTimingBudgetInMs+0x16>
10007234:	e074      	b.n	10007320 <VL53L1X_SetTimingBudgetInMs+0x100>
10007236:	466b      	mov	r3, sp
10007238:	3306      	adds	r3, #6
1000723a:	881b      	ldrh	r3, [r3, #0]
1000723c:	2b01      	cmp	r3, #1
1000723e:	d00c      	beq.n	1000725a <VL53L1X_SetTimingBudgetInMs+0x3a>
10007240:	2c64      	cmp	r4, #100	@ 0x64
10007242:	d04a      	beq.n	100072da <VL53L1X_SetTimingBudgetInMs+0xba>
10007244:	d829      	bhi.n	1000729a <VL53L1X_SetTimingBudgetInMs+0x7a>
10007246:	2c21      	cmp	r4, #33	@ 0x21
10007248:	d04d      	beq.n	100072e6 <VL53L1X_SetTimingBudgetInMs+0xc6>
1000724a:	2c32      	cmp	r4, #50	@ 0x32
1000724c:	d04f      	beq.n	100072ee <VL53L1X_SetTimingBudgetInMs+0xce>
1000724e:	2c14      	cmp	r4, #20
10007250:	d121      	bne.n	10007296 <VL53L1X_SetTimingBudgetInMs+0x76>
10007252:	2322      	movs	r3, #34	@ 0x22
10007254:	001f      	movs	r7, r3
10007256:	221e      	movs	r2, #30
10007258:	e051      	b.n	100072fe <VL53L1X_SetTimingBudgetInMs+0xde>
1000725a:	2c32      	cmp	r4, #50	@ 0x32
1000725c:	d027      	beq.n	100072ae <VL53L1X_SetTimingBudgetInMs+0x8e>
1000725e:	d80b      	bhi.n	10007278 <VL53L1X_SetTimingBudgetInMs+0x58>
10007260:	2c14      	cmp	r4, #20
10007262:	d02a      	beq.n	100072ba <VL53L1X_SetTimingBudgetInMs+0x9a>
10007264:	2c21      	cmp	r4, #33	@ 0x21
10007266:	d02c      	beq.n	100072c2 <VL53L1X_SetTimingBudgetInMs+0xa2>
10007268:	2c0f      	cmp	r4, #15
1000726a:	d103      	bne.n	10007274 <VL53L1X_SetTimingBudgetInMs+0x54>
1000726c:	2327      	movs	r3, #39	@ 0x27
1000726e:	001f      	movs	r7, r3
10007270:	221d      	movs	r2, #29
10007272:	e044      	b.n	100072fe <VL53L1X_SetTimingBudgetInMs+0xde>
10007274:	2001      	movs	r0, #1
10007276:	e051      	b.n	1000731c <VL53L1X_SetTimingBudgetInMs+0xfc>
10007278:	2cc8      	cmp	r4, #200	@ 0xc8
1000727a:	d026      	beq.n	100072ca <VL53L1X_SetTimingBudgetInMs+0xaa>
1000727c:	23fa      	movs	r3, #250	@ 0xfa
1000727e:	005b      	lsls	r3, r3, #1
10007280:	429c      	cmp	r4, r3
10007282:	d026      	beq.n	100072d2 <VL53L1X_SetTimingBudgetInMs+0xb2>
10007284:	2c64      	cmp	r4, #100	@ 0x64
10007286:	d104      	bne.n	10007292 <VL53L1X_SetTimingBudgetInMs+0x72>
10007288:	23e2      	movs	r3, #226	@ 0xe2
1000728a:	009b      	lsls	r3, r3, #2
1000728c:	001f      	movs	r7, r3
1000728e:	4a26      	ldr	r2, [pc, #152]	@ (10007328 <VL53L1X_SetTimingBudgetInMs+0x108>)
10007290:	e035      	b.n	100072fe <VL53L1X_SetTimingBudgetInMs+0xde>
10007292:	2001      	movs	r0, #1
10007294:	e042      	b.n	1000731c <VL53L1X_SetTimingBudgetInMs+0xfc>
10007296:	2001      	movs	r0, #1
10007298:	e040      	b.n	1000731c <VL53L1X_SetTimingBudgetInMs+0xfc>
1000729a:	2cc8      	cmp	r4, #200	@ 0xc8
1000729c:	d02b      	beq.n	100072f6 <VL53L1X_SetTimingBudgetInMs+0xd6>
1000729e:	23fa      	movs	r3, #250	@ 0xfa
100072a0:	005b      	lsls	r3, r3, #1
100072a2:	429c      	cmp	r4, r3
100072a4:	d13e      	bne.n	10007324 <VL53L1X_SetTimingBudgetInMs+0x104>
100072a6:	4b21      	ldr	r3, [pc, #132]	@ (1000732c <VL53L1X_SetTimingBudgetInMs+0x10c>)
100072a8:	001f      	movs	r7, r3
100072aa:	4a21      	ldr	r2, [pc, #132]	@ (10007330 <VL53L1X_SetTimingBudgetInMs+0x110>)
100072ac:	e027      	b.n	100072fe <VL53L1X_SetTimingBudgetInMs+0xde>
100072ae:	23f4      	movs	r3, #244	@ 0xf4
100072b0:	005b      	lsls	r3, r3, #1
100072b2:	001f      	movs	r7, r3
100072b4:	22d7      	movs	r2, #215	@ 0xd7
100072b6:	0052      	lsls	r2, r2, #1
100072b8:	e021      	b.n	100072fe <VL53L1X_SetTimingBudgetInMs+0xde>
100072ba:	236e      	movs	r3, #110	@ 0x6e
100072bc:	001f      	movs	r7, r3
100072be:	2251      	movs	r2, #81	@ 0x51
100072c0:	e01d      	b.n	100072fe <VL53L1X_SetTimingBudgetInMs+0xde>
100072c2:	236e      	movs	r3, #110	@ 0x6e
100072c4:	001f      	movs	r7, r3
100072c6:	22d6      	movs	r2, #214	@ 0xd6
100072c8:	e019      	b.n	100072fe <VL53L1X_SetTimingBudgetInMs+0xde>
100072ca:	4b1a      	ldr	r3, [pc, #104]	@ (10007334 <VL53L1X_SetTimingBudgetInMs+0x114>)
100072cc:	001f      	movs	r7, r3
100072ce:	4a1a      	ldr	r2, [pc, #104]	@ (10007338 <VL53L1X_SetTimingBudgetInMs+0x118>)
100072d0:	e015      	b.n	100072fe <VL53L1X_SetTimingBudgetInMs+0xde>
100072d2:	4b1a      	ldr	r3, [pc, #104]	@ (1000733c <VL53L1X_SetTimingBudgetInMs+0x11c>)
100072d4:	001f      	movs	r7, r3
100072d6:	4a1a      	ldr	r2, [pc, #104]	@ (10007340 <VL53L1X_SetTimingBudgetInMs+0x120>)
100072d8:	e011      	b.n	100072fe <VL53L1X_SetTimingBudgetInMs+0xde>
100072da:	23f5      	movs	r3, #245	@ 0xf5
100072dc:	005b      	lsls	r3, r3, #1
100072de:	001f      	movs	r7, r3
100072e0:	22e6      	movs	r2, #230	@ 0xe6
100072e2:	0052      	lsls	r2, r2, #1
100072e4:	e00b      	b.n	100072fe <VL53L1X_SetTimingBudgetInMs+0xde>
100072e6:	236e      	movs	r3, #110	@ 0x6e
100072e8:	001f      	movs	r7, r3
100072ea:	2260      	movs	r2, #96	@ 0x60
100072ec:	e007      	b.n	100072fe <VL53L1X_SetTimingBudgetInMs+0xde>
100072ee:	23c6      	movs	r3, #198	@ 0xc6
100072f0:	001f      	movs	r7, r3
100072f2:	22ad      	movs	r2, #173	@ 0xad
100072f4:	e003      	b.n	100072fe <VL53L1X_SetTimingBudgetInMs+0xde>
100072f6:	23be      	movs	r3, #190	@ 0xbe
100072f8:	009b      	lsls	r3, r3, #2
100072fa:	001f      	movs	r7, r3
100072fc:	4a11      	ldr	r2, [pc, #68]	@ (10007344 <VL53L1X_SetTimingBudgetInMs+0x124>)
100072fe:	b292      	uxth	r2, r2
10007300:	215e      	movs	r1, #94	@ 0x5e
10007302:	0028      	movs	r0, r5
10007304:	f000 f9c1 	bl	1000768a <VL53L1X_WrWord>
10007308:	0033      	movs	r3, r6
1000730a:	4303      	orrs	r3, r0
1000730c:	b25c      	sxtb	r4, r3
1000730e:	b2ba      	uxth	r2, r7
10007310:	2161      	movs	r1, #97	@ 0x61
10007312:	0028      	movs	r0, r5
10007314:	f000 f9b9 	bl	1000768a <VL53L1X_WrWord>
10007318:	4320      	orrs	r0, r4
1000731a:	b240      	sxtb	r0, r0
1000731c:	b003      	add	sp, #12
1000731e:	bdf0      	pop	{r4, r5, r6, r7, pc}
10007320:	2001      	movs	r0, #1
10007322:	e7fb      	b.n	1000731c <VL53L1X_SetTimingBudgetInMs+0xfc>
10007324:	2001      	movs	r0, #1
10007326:	e7f9      	b.n	1000731c <VL53L1X_SetTimingBudgetInMs+0xfc>
10007328:	000002e1 	.word	0x000002e1
1000732c:	000004a4 	.word	0x000004a4
10007330:	0000048f 	.word	0x0000048f
10007334:	00000496 	.word	0x00000496
10007338:	000003e1 	.word	0x000003e1
1000733c:	000005c1 	.word	0x000005c1
10007340:	00000591 	.word	0x00000591
10007344:	000002d9 	.word	0x000002d9

10007348 <VL53L1X_SetDistanceMode>:
10007348:	b570      	push	{r4, r5, r6, lr}
1000734a:	b082      	sub	sp, #8
1000734c:	0005      	movs	r5, r0
1000734e:	000e      	movs	r6, r1
10007350:	466a      	mov	r2, sp
10007352:	1d91      	adds	r1, r2, #6
10007354:	f7ff fef6 	bl	10007144 <VL53L1X_GetTimingBudgetInMs>
10007358:	1e04      	subs	r4, r0, #0
1000735a:	d167      	bne.n	1000742c <VL53L1X_SetDistanceMode+0xe4>
1000735c:	2e01      	cmp	r6, #1
1000735e:	d003      	beq.n	10007368 <VL53L1X_SetDistanceMode+0x20>
10007360:	2e02      	cmp	r6, #2
10007362:	d030      	beq.n	100073c6 <VL53L1X_SetDistanceMode+0x7e>
10007364:	3c01      	subs	r4, #1
10007366:	e02b      	b.n	100073c0 <VL53L1X_SetDistanceMode+0x78>
10007368:	2214      	movs	r2, #20
1000736a:	214b      	movs	r1, #75	@ 0x4b
1000736c:	0028      	movs	r0, r5
1000736e:	f000 f981 	bl	10007674 <VL53L1X_WrByte>
10007372:	4304      	orrs	r4, r0
10007374:	b264      	sxtb	r4, r4
10007376:	2207      	movs	r2, #7
10007378:	2160      	movs	r1, #96	@ 0x60
1000737a:	0028      	movs	r0, r5
1000737c:	f000 f97a 	bl	10007674 <VL53L1X_WrByte>
10007380:	4304      	orrs	r4, r0
10007382:	b264      	sxtb	r4, r4
10007384:	2205      	movs	r2, #5
10007386:	2163      	movs	r1, #99	@ 0x63
10007388:	0028      	movs	r0, r5
1000738a:	f000 f973 	bl	10007674 <VL53L1X_WrByte>
1000738e:	4304      	orrs	r4, r0
10007390:	b264      	sxtb	r4, r4
10007392:	2238      	movs	r2, #56	@ 0x38
10007394:	2169      	movs	r1, #105	@ 0x69
10007396:	0028      	movs	r0, r5
10007398:	f000 f96c 	bl	10007674 <VL53L1X_WrByte>
1000739c:	4304      	orrs	r4, r0
1000739e:	b264      	sxtb	r4, r4
100073a0:	4a24      	ldr	r2, [pc, #144]	@ (10007434 <VL53L1X_SetDistanceMode+0xec>)
100073a2:	2178      	movs	r1, #120	@ 0x78
100073a4:	0028      	movs	r0, r5
100073a6:	f000 f970 	bl	1000768a <VL53L1X_WrWord>
100073aa:	4304      	orrs	r4, r0
100073ac:	b264      	sxtb	r4, r4
100073ae:	4a22      	ldr	r2, [pc, #136]	@ (10007438 <VL53L1X_SetDistanceMode+0xf0>)
100073b0:	217a      	movs	r1, #122	@ 0x7a
100073b2:	0028      	movs	r0, r5
100073b4:	f000 f969 	bl	1000768a <VL53L1X_WrWord>
100073b8:	4304      	orrs	r4, r0
100073ba:	b264      	sxtb	r4, r4
100073bc:	2c00      	cmp	r4, #0
100073be:	d02d      	beq.n	1000741c <VL53L1X_SetDistanceMode+0xd4>
100073c0:	0020      	movs	r0, r4
100073c2:	b002      	add	sp, #8
100073c4:	bd70      	pop	{r4, r5, r6, pc}
100073c6:	220a      	movs	r2, #10
100073c8:	214b      	movs	r1, #75	@ 0x4b
100073ca:	0028      	movs	r0, r5
100073cc:	f000 f952 	bl	10007674 <VL53L1X_WrByte>
100073d0:	4304      	orrs	r4, r0
100073d2:	b264      	sxtb	r4, r4
100073d4:	220f      	movs	r2, #15
100073d6:	2160      	movs	r1, #96	@ 0x60
100073d8:	0028      	movs	r0, r5
100073da:	f000 f94b 	bl	10007674 <VL53L1X_WrByte>
100073de:	4304      	orrs	r4, r0
100073e0:	b264      	sxtb	r4, r4
100073e2:	220d      	movs	r2, #13
100073e4:	2163      	movs	r1, #99	@ 0x63
100073e6:	0028      	movs	r0, r5
100073e8:	f000 f944 	bl	10007674 <VL53L1X_WrByte>
100073ec:	4304      	orrs	r4, r0
100073ee:	b264      	sxtb	r4, r4
100073f0:	22b8      	movs	r2, #184	@ 0xb8
100073f2:	2169      	movs	r1, #105	@ 0x69
100073f4:	0028      	movs	r0, r5
100073f6:	f000 f93d 	bl	10007674 <VL53L1X_WrByte>
100073fa:	4304      	orrs	r4, r0
100073fc:	b264      	sxtb	r4, r4
100073fe:	4a0f      	ldr	r2, [pc, #60]	@ (1000743c <VL53L1X_SetDistanceMode+0xf4>)
10007400:	2178      	movs	r1, #120	@ 0x78
10007402:	0028      	movs	r0, r5
10007404:	f000 f941 	bl	1000768a <VL53L1X_WrWord>
10007408:	4304      	orrs	r4, r0
1000740a:	b264      	sxtb	r4, r4
1000740c:	4a0c      	ldr	r2, [pc, #48]	@ (10007440 <VL53L1X_SetDistanceMode+0xf8>)
1000740e:	217a      	movs	r1, #122	@ 0x7a
10007410:	0028      	movs	r0, r5
10007412:	f000 f93a 	bl	1000768a <VL53L1X_WrWord>
10007416:	4304      	orrs	r4, r0
10007418:	b264      	sxtb	r4, r4
1000741a:	e7cf      	b.n	100073bc <VL53L1X_SetDistanceMode+0x74>
1000741c:	466b      	mov	r3, sp
1000741e:	88d9      	ldrh	r1, [r3, #6]
10007420:	0028      	movs	r0, r5
10007422:	f7ff fefd 	bl	10007220 <VL53L1X_SetTimingBudgetInMs>
10007426:	4304      	orrs	r4, r0
10007428:	b264      	sxtb	r4, r4
1000742a:	e7c9      	b.n	100073c0 <VL53L1X_SetDistanceMode+0x78>
1000742c:	2401      	movs	r4, #1
1000742e:	4264      	negs	r4, r4
10007430:	e7c6      	b.n	100073c0 <VL53L1X_SetDistanceMode+0x78>
10007432:	46c0      	nop			@ (mov r8, r8)
10007434:	00000705 	.word	0x00000705
10007438:	00000606 	.word	0x00000606
1000743c:	00000f0d 	.word	0x00000f0d
10007440:	00000e0e 	.word	0x00000e0e

10007444 <VL53L1X_SetInterMeasurementInMs>:
10007444:	b5f0      	push	{r4, r5, r6, r7, lr}
10007446:	b083      	sub	sp, #12
10007448:	0005      	movs	r5, r0
1000744a:	000f      	movs	r7, r1
1000744c:	466a      	mov	r2, sp
1000744e:	1d94      	adds	r4, r2, #6
10007450:	0022      	movs	r2, r4
10007452:	21de      	movs	r1, #222	@ 0xde
10007454:	f000 f8fe 	bl	10007654 <VL53L1X_RdWord>
10007458:	0006      	movs	r6, r0
1000745a:	8823      	ldrh	r3, [r4, #0]
1000745c:	059b      	lsls	r3, r3, #22
1000745e:	0d98      	lsrs	r0, r3, #22
10007460:	8020      	strh	r0, [r4, #0]
10007462:	003b      	movs	r3, r7
10007464:	4343      	muls	r3, r0
10007466:	0018      	movs	r0, r3
10007468:	f7fb f818 	bl	1000249c <__wrap___aeabi_ui2d>
1000746c:	4a07      	ldr	r2, [pc, #28]	@ (1000748c <VL53L1X_SetInterMeasurementInMs+0x48>)
1000746e:	4b08      	ldr	r3, [pc, #32]	@ (10007490 <VL53L1X_SetInterMeasurementInMs+0x4c>)
10007470:	f7fa ffa9 	bl	100023c6 <__wrap___aeabi_dmul>
10007474:	f7fb f852 	bl	1000251c <__wrap___aeabi_d2uiz>
10007478:	0002      	movs	r2, r0
1000747a:	216c      	movs	r1, #108	@ 0x6c
1000747c:	0028      	movs	r0, r5
1000747e:	f000 f914 	bl	100076aa <VL53L1X_WrDWord>
10007482:	0033      	movs	r3, r6
10007484:	4303      	orrs	r3, r0
10007486:	b258      	sxtb	r0, r3
10007488:	b003      	add	sp, #12
1000748a:	bdf0      	pop	{r4, r5, r6, r7, pc}
1000748c:	33333333 	.word	0x33333333
10007490:	3ff13333 	.word	0x3ff13333

10007494 <VL53L1X_BootState>:
10007494:	b510      	push	{r4, lr}
10007496:	000a      	movs	r2, r1
10007498:	21e5      	movs	r1, #229	@ 0xe5
1000749a:	f000 f8e6 	bl	1000766a <VL53L1X_RdByte>
1000749e:	bd10      	pop	{r4, pc}

100074a0 <VL53L1X_GetSensorId>:
100074a0:	b530      	push	{r4, r5, lr}
100074a2:	b083      	sub	sp, #12
100074a4:	000d      	movs	r5, r1
100074a6:	466b      	mov	r3, sp
100074a8:	1d9c      	adds	r4, r3, #6
100074aa:	2110      	movs	r1, #16
100074ac:	0022      	movs	r2, r4
100074ae:	31ff      	adds	r1, #255	@ 0xff
100074b0:	f000 f8d0 	bl	10007654 <VL53L1X_RdWord>
100074b4:	8823      	ldrh	r3, [r4, #0]
100074b6:	802b      	strh	r3, [r5, #0]
100074b8:	b003      	add	sp, #12
100074ba:	bd30      	pop	{r4, r5, pc}

100074bc <VL53L1X_GetResult>:
100074bc:	b510      	push	{r4, lr}
100074be:	b086      	sub	sp, #24
100074c0:	000c      	movs	r4, r1
100074c2:	2311      	movs	r3, #17
100074c4:	aa01      	add	r2, sp, #4
100074c6:	2189      	movs	r1, #137	@ 0x89
100074c8:	f000 f8a2 	bl	10007610 <VL53L1X_ReadMulti>
100074cc:	2800      	cmp	r0, #0
100074ce:	d11c      	bne.n	1000750a <VL53L1X_GetResult+0x4e>
100074d0:	ab01      	add	r3, sp, #4
100074d2:	781a      	ldrb	r2, [r3, #0]
100074d4:	231f      	movs	r3, #31
100074d6:	4013      	ands	r3, r2
100074d8:	2b17      	cmp	r3, #23
100074da:	d801      	bhi.n	100074e0 <VL53L1X_GetResult+0x24>
100074dc:	4a0c      	ldr	r2, [pc, #48]	@ (10007510 <VL53L1X_GetResult+0x54>)
100074de:	5cd3      	ldrb	r3, [r2, r3]
100074e0:	7023      	strb	r3, [r4, #0]
100074e2:	ab01      	add	r3, sp, #4
100074e4:	79da      	ldrb	r2, [r3, #7]
100074e6:	0212      	lsls	r2, r2, #8
100074e8:	7a19      	ldrb	r1, [r3, #8]
100074ea:	430a      	orrs	r2, r1
100074ec:	00d2      	lsls	r2, r2, #3
100074ee:	80a2      	strh	r2, [r4, #4]
100074f0:	78da      	ldrb	r2, [r3, #3]
100074f2:	8122      	strh	r2, [r4, #8]
100074f4:	7bda      	ldrb	r2, [r3, #15]
100074f6:	0212      	lsls	r2, r2, #8
100074f8:	7c19      	ldrb	r1, [r3, #16]
100074fa:	430a      	orrs	r2, r1
100074fc:	00d2      	lsls	r2, r2, #3
100074fe:	80e2      	strh	r2, [r4, #6]
10007500:	7b5a      	ldrb	r2, [r3, #13]
10007502:	7b9b      	ldrb	r3, [r3, #14]
10007504:	0212      	lsls	r2, r2, #8
10007506:	4313      	orrs	r3, r2
10007508:	8063      	strh	r3, [r4, #2]
1000750a:	b006      	add	sp, #24
1000750c:	bd10      	pop	{r4, pc}
1000750e:	46c0      	nop			@ (mov r8, r8)
10007510:	10008e68 	.word	0x10008e68

10007514 <Pico_I2CWrite>:
10007514:	b510      	push	{r4, lr}
10007516:	b082      	sub	sp, #8
10007518:	468c      	mov	ip, r1
1000751a:	0014      	movs	r4, r2
1000751c:	b2c1      	uxtb	r1, r0
1000751e:	4b08      	ldr	r3, [pc, #32]	@ (10007540 <Pico_I2CWrite+0x2c>)
10007520:	6818      	ldr	r0, [r3, #0]
10007522:	2300      	movs	r3, #0
10007524:	9300      	str	r3, [sp, #0]
10007526:	0013      	movs	r3, r2
10007528:	4662      	mov	r2, ip
1000752a:	f7ff fd81 	bl	10007030 <i2c_write_blocking>
1000752e:	42a0      	cmp	r0, r4
10007530:	d102      	bne.n	10007538 <Pico_I2CWrite+0x24>
10007532:	2000      	movs	r0, #0
10007534:	b002      	add	sp, #8
10007536:	bd10      	pop	{r4, pc}
10007538:	2001      	movs	r0, #1
1000753a:	4240      	negs	r0, r0
1000753c:	e7fa      	b.n	10007534 <Pico_I2CWrite+0x20>
1000753e:	46c0      	nop			@ (mov r8, r8)
10007540:	200018a4 	.word	0x200018a4

10007544 <Pico_I2CRead>:
10007544:	b510      	push	{r4, lr}
10007546:	b082      	sub	sp, #8
10007548:	468c      	mov	ip, r1
1000754a:	0014      	movs	r4, r2
1000754c:	b2c1      	uxtb	r1, r0
1000754e:	4b08      	ldr	r3, [pc, #32]	@ (10007570 <Pico_I2CRead+0x2c>)
10007550:	6818      	ldr	r0, [r3, #0]
10007552:	2300      	movs	r3, #0
10007554:	9300      	str	r3, [sp, #0]
10007556:	0013      	movs	r3, r2
10007558:	4662      	mov	r2, ip
1000755a:	f7ff fd75 	bl	10007048 <i2c_read_blocking>
1000755e:	42a0      	cmp	r0, r4
10007560:	d102      	bne.n	10007568 <Pico_I2CRead+0x24>
10007562:	2000      	movs	r0, #0
10007564:	b002      	add	sp, #8
10007566:	bd10      	pop	{r4, pc}
10007568:	2001      	movs	r0, #1
1000756a:	4240      	negs	r0, r0
1000756c:	e7fa      	b.n	10007564 <Pico_I2CRead+0x20>
1000756e:	46c0      	nop			@ (mov r8, r8)
10007570:	200018a4 	.word	0x200018a4

10007574 <VL53L1X_I2C_Init>:
10007574:	b530      	push	{r4, r5, lr}
10007576:	b083      	sub	sp, #12
10007578:	0005      	movs	r5, r0
1000757a:	0008      	movs	r0, r1
1000757c:	4b12      	ldr	r3, [pc, #72]	@ (100075c8 <VL53L1X_I2C_Init+0x54>)
1000757e:	6019      	str	r1, [r3, #0]
10007580:	4912      	ldr	r1, [pc, #72]	@ (100075cc <VL53L1X_I2C_Init+0x58>)
10007582:	f7ff fd2b 	bl	10006fdc <i2c_init>
10007586:	2103      	movs	r1, #3
10007588:	2004      	movs	r0, #4
1000758a:	f7f8 ffe7 	bl	1000055c <gpio_set_function>
1000758e:	2103      	movs	r1, #3
10007590:	2005      	movs	r0, #5
10007592:	f7f8 ffe3 	bl	1000055c <gpio_set_function>
10007596:	2200      	movs	r2, #0
10007598:	2101      	movs	r1, #1
1000759a:	2004      	movs	r0, #4
1000759c:	f7f8 fff8 	bl	10000590 <gpio_set_pulls>
100075a0:	2200      	movs	r2, #0
100075a2:	2101      	movs	r1, #1
100075a4:	2005      	movs	r0, #5
100075a6:	f7f8 fff3 	bl	10000590 <gpio_set_pulls>
100075aa:	466b      	mov	r3, sp
100075ac:	1d9c      	adds	r4, r3, #6
100075ae:	0021      	movs	r1, r4
100075b0:	0028      	movs	r0, r5
100075b2:	f7ff ff75 	bl	100074a0 <VL53L1X_GetSensorId>
100075b6:	8822      	ldrh	r2, [r4, #0]
100075b8:	4b05      	ldr	r3, [pc, #20]	@ (100075d0 <VL53L1X_I2C_Init+0x5c>)
100075ba:	429a      	cmp	r2, r3
100075bc:	d101      	bne.n	100075c2 <VL53L1X_I2C_Init+0x4e>
100075be:	b003      	add	sp, #12
100075c0:	bd30      	pop	{r4, r5, pc}
100075c2:	2001      	movs	r0, #1
100075c4:	4240      	negs	r0, r0
100075c6:	e7fa      	b.n	100075be <VL53L1X_I2C_Init+0x4a>
100075c8:	200018a4 	.word	0x200018a4
100075cc:	000186a0 	.word	0x000186a0
100075d0:	0000eacc 	.word	0x0000eacc

100075d4 <VL53L1X_WriteMulti>:
100075d4:	b570      	push	{r4, r5, r6, lr}
100075d6:	0006      	movs	r6, r0
100075d8:	0008      	movs	r0, r1
100075da:	0011      	movs	r1, r2
100075dc:	001c      	movs	r4, r3
100075de:	1c5a      	adds	r2, r3, #1
100075e0:	2380      	movs	r3, #128	@ 0x80
100075e2:	009b      	lsls	r3, r3, #2
100075e4:	429a      	cmp	r2, r3
100075e6:	d80e      	bhi.n	10007606 <VL53L1X_WriteMulti+0x32>
100075e8:	4d08      	ldr	r5, [pc, #32]	@ (1000760c <VL53L1X_WriteMulti+0x38>)
100075ea:	0a03      	lsrs	r3, r0, #8
100075ec:	702b      	strb	r3, [r5, #0]
100075ee:	7068      	strb	r0, [r5, #1]
100075f0:	1ca8      	adds	r0, r5, #2
100075f2:	0022      	movs	r2, r4
100075f4:	f7fb fb78 	bl	10002ce8 <__wrap___aeabi_memcpy>
100075f8:	3402      	adds	r4, #2
100075fa:	b2e2      	uxtb	r2, r4
100075fc:	0029      	movs	r1, r5
100075fe:	0030      	movs	r0, r6
10007600:	f7ff ff88 	bl	10007514 <Pico_I2CWrite>
10007604:	bd70      	pop	{r4, r5, r6, pc}
10007606:	2001      	movs	r0, #1
10007608:	4240      	negs	r0, r0
1000760a:	e7fb      	b.n	10007604 <VL53L1X_WriteMulti+0x30>
1000760c:	2000122c 	.word	0x2000122c

10007610 <VL53L1X_ReadMulti>:
10007610:	b570      	push	{r4, r5, r6, lr}
10007612:	4684      	mov	ip, r0
10007614:	0004      	movs	r4, r0
10007616:	0008      	movs	r0, r1
10007618:	0015      	movs	r5, r2
1000761a:	001e      	movs	r6, r3
1000761c:	1c5a      	adds	r2, r3, #1
1000761e:	2380      	movs	r3, #128	@ 0x80
10007620:	009b      	lsls	r3, r3, #2
10007622:	429a      	cmp	r2, r3
10007624:	d810      	bhi.n	10007648 <VL53L1X_ReadMulti+0x38>
10007626:	490a      	ldr	r1, [pc, #40]	@ (10007650 <VL53L1X_ReadMulti+0x40>)
10007628:	0a03      	lsrs	r3, r0, #8
1000762a:	700b      	strb	r3, [r1, #0]
1000762c:	7048      	strb	r0, [r1, #1]
1000762e:	2202      	movs	r2, #2
10007630:	4660      	mov	r0, ip
10007632:	f7ff ff6f 	bl	10007514 <Pico_I2CWrite>
10007636:	2800      	cmp	r0, #0
10007638:	d000      	beq.n	1000763c <VL53L1X_ReadMulti+0x2c>
1000763a:	bd70      	pop	{r4, r5, r6, pc}
1000763c:	b2f2      	uxtb	r2, r6
1000763e:	0029      	movs	r1, r5
10007640:	0020      	movs	r0, r4
10007642:	f7ff ff7f 	bl	10007544 <Pico_I2CRead>
10007646:	e7f8      	b.n	1000763a <VL53L1X_ReadMulti+0x2a>
10007648:	2001      	movs	r0, #1
1000764a:	4240      	negs	r0, r0
1000764c:	e7f5      	b.n	1000763a <VL53L1X_ReadMulti+0x2a>
1000764e:	46c0      	nop			@ (mov r8, r8)
10007650:	2000122c 	.word	0x2000122c

10007654 <VL53L1X_RdWord>:
10007654:	b510      	push	{r4, lr}
10007656:	0014      	movs	r4, r2
10007658:	2302      	movs	r3, #2
1000765a:	f7ff ffd9 	bl	10007610 <VL53L1X_ReadMulti>
1000765e:	8823      	ldrh	r3, [r4, #0]
10007660:	0a1a      	lsrs	r2, r3, #8
10007662:	021b      	lsls	r3, r3, #8
10007664:	4313      	orrs	r3, r2
10007666:	8023      	strh	r3, [r4, #0]
10007668:	bd10      	pop	{r4, pc}

1000766a <VL53L1X_RdByte>:
1000766a:	b510      	push	{r4, lr}
1000766c:	2301      	movs	r3, #1
1000766e:	f7ff ffcf 	bl	10007610 <VL53L1X_ReadMulti>
10007672:	bd10      	pop	{r4, pc}

10007674 <VL53L1X_WrByte>:
10007674:	b500      	push	{lr}
10007676:	b083      	sub	sp, #12
10007678:	0013      	movs	r3, r2
1000767a:	466a      	mov	r2, sp
1000767c:	3207      	adds	r2, #7
1000767e:	7013      	strb	r3, [r2, #0]
10007680:	2301      	movs	r3, #1
10007682:	f7ff ffa7 	bl	100075d4 <VL53L1X_WriteMulti>
10007686:	b003      	add	sp, #12
10007688:	bd00      	pop	{pc}

1000768a <VL53L1X_WrWord>:
1000768a:	b510      	push	{r4, lr}
1000768c:	b082      	sub	sp, #8
1000768e:	0013      	movs	r3, r2
10007690:	466a      	mov	r2, sp
10007692:	3206      	adds	r2, #6
10007694:	8013      	strh	r3, [r2, #0]
10007696:	b29b      	uxth	r3, r3
10007698:	0a1c      	lsrs	r4, r3, #8
1000769a:	021b      	lsls	r3, r3, #8
1000769c:	4323      	orrs	r3, r4
1000769e:	8013      	strh	r3, [r2, #0]
100076a0:	2302      	movs	r3, #2
100076a2:	f7ff ff97 	bl	100075d4 <VL53L1X_WriteMulti>
100076a6:	b002      	add	sp, #8
100076a8:	bd10      	pop	{r4, pc}

100076aa <VL53L1X_WrDWord>:
100076aa:	b530      	push	{r4, r5, lr}
100076ac:	b083      	sub	sp, #12
100076ae:	9201      	str	r2, [sp, #4]
100076b0:	0613      	lsls	r3, r2, #24
100076b2:	0214      	lsls	r4, r2, #8
100076b4:	25ff      	movs	r5, #255	@ 0xff
100076b6:	042d      	lsls	r5, r5, #16
100076b8:	402c      	ands	r4, r5
100076ba:	4323      	orrs	r3, r4
100076bc:	0a14      	lsrs	r4, r2, #8
100076be:	25ff      	movs	r5, #255	@ 0xff
100076c0:	022d      	lsls	r5, r5, #8
100076c2:	402c      	ands	r4, r5
100076c4:	4323      	orrs	r3, r4
100076c6:	0e12      	lsrs	r2, r2, #24
100076c8:	4313      	orrs	r3, r2
100076ca:	9301      	str	r3, [sp, #4]
100076cc:	2304      	movs	r3, #4
100076ce:	aa01      	add	r2, sp, #4
100076d0:	f7ff ff80 	bl	100075d4 <VL53L1X_WriteMulti>
100076d4:	b003      	add	sp, #12
100076d6:	bd30      	pop	{r4, r5, pc}

100076d8 <VL53L1X_WaitMs>:
100076d8:	b510      	push	{r4, lr}
100076da:	0008      	movs	r0, r1
100076dc:	f7f9 ff2a 	bl	10001534 <sleep_ms>
100076e0:	2000      	movs	r0, #0
100076e2:	bd10      	pop	{r4, pc}

100076e4 <strlen>:
100076e4:	0003      	movs	r3, r0
100076e6:	4684      	mov	ip, r0
100076e8:	079b      	lsls	r3, r3, #30
100076ea:	d00b      	beq.n	10007704 <strlen+0x20>
100076ec:	0003      	movs	r3, r0
100076ee:	2103      	movs	r1, #3
100076f0:	e002      	b.n	100076f8 <strlen+0x14>
100076f2:	3301      	adds	r3, #1
100076f4:	420b      	tst	r3, r1
100076f6:	d006      	beq.n	10007706 <strlen+0x22>
100076f8:	781a      	ldrb	r2, [r3, #0]
100076fa:	2a00      	cmp	r2, #0
100076fc:	d1f9      	bne.n	100076f2 <strlen+0xe>
100076fe:	4662      	mov	r2, ip
10007700:	1a98      	subs	r0, r3, r2
10007702:	4770      	bx	lr
10007704:	0003      	movs	r3, r0
10007706:	6819      	ldr	r1, [r3, #0]
10007708:	4a0c      	ldr	r2, [pc, #48]	@ (1000773c <strlen+0x58>)
1000770a:	480d      	ldr	r0, [pc, #52]	@ (10007740 <strlen+0x5c>)
1000770c:	188a      	adds	r2, r1, r2
1000770e:	438a      	bics	r2, r1
10007710:	4202      	tst	r2, r0
10007712:	d10f      	bne.n	10007734 <strlen+0x50>
10007714:	6859      	ldr	r1, [r3, #4]
10007716:	4a09      	ldr	r2, [pc, #36]	@ (1000773c <strlen+0x58>)
10007718:	3304      	adds	r3, #4
1000771a:	188a      	adds	r2, r1, r2
1000771c:	438a      	bics	r2, r1
1000771e:	4202      	tst	r2, r0
10007720:	d108      	bne.n	10007734 <strlen+0x50>
10007722:	6859      	ldr	r1, [r3, #4]
10007724:	4a05      	ldr	r2, [pc, #20]	@ (1000773c <strlen+0x58>)
10007726:	3304      	adds	r3, #4
10007728:	188a      	adds	r2, r1, r2
1000772a:	438a      	bics	r2, r1
1000772c:	4202      	tst	r2, r0
1000772e:	d0f1      	beq.n	10007714 <strlen+0x30>
10007730:	e000      	b.n	10007734 <strlen+0x50>
10007732:	3301      	adds	r3, #1
10007734:	781a      	ldrb	r2, [r3, #0]
10007736:	2a00      	cmp	r2, #0
10007738:	d1fb      	bne.n	10007732 <strlen+0x4e>
1000773a:	e7e0      	b.n	100076fe <strlen+0x1a>
1000773c:	fefefeff 	.word	0xfefefeff
10007740:	80808080 	.word	0x80808080
10007744:	00000000 	.word	0x00000000

10007748 <__mutex_exit_veneer>:
10007748:	b401      	push	{r0}
1000774a:	4802      	ldr	r0, [pc, #8]	@ (10007754 <__mutex_exit_veneer+0xc>)
1000774c:	4684      	mov	ip, r0
1000774e:	bc01      	pop	{r0}
10007750:	4760      	bx	ip
10007752:	bf00      	nop
10007754:	200001f9 	.word	0x200001f9

10007758 <____aeabi_ldiv0_veneer>:
10007758:	b401      	push	{r0}
1000775a:	4802      	ldr	r0, [pc, #8]	@ (10007764 <____aeabi_ldiv0_veneer+0xc>)
1000775c:	4684      	mov	ip, r0
1000775e:	bc01      	pop	{r0}
10007760:	4760      	bx	ip
10007762:	bf00      	nop
10007764:	20000b19 	.word	0x20000b19

10007768 <__mutex_try_enter_block_until_veneer>:
10007768:	b401      	push	{r0}
1000776a:	4802      	ldr	r0, [pc, #8]	@ (10007774 <__mutex_try_enter_block_until_veneer+0xc>)
1000776c:	4684      	mov	ip, r0
1000776e:	bc01      	pop	{r0}
10007770:	4760      	bx	ip
10007772:	bf00      	nop
10007774:	20000189 	.word	0x20000189

10007778 <__mutex_try_enter_veneer>:
10007778:	b401      	push	{r0}
1000777a:	4802      	ldr	r0, [pc, #8]	@ (10007784 <__mutex_try_enter_veneer+0xc>)
1000777c:	4684      	mov	ip, r0
1000777e:	bc01      	pop	{r0}
10007780:	4760      	bx	ip
10007782:	bf00      	nop
10007784:	200000c1 	.word	0x200000c1

10007788 <____aeabi_idiv0_veneer>:
10007788:	b401      	push	{r0}
1000778a:	4802      	ldr	r0, [pc, #8]	@ (10007794 <____aeabi_idiv0_veneer+0xc>)
1000778c:	4684      	mov	ip, r0
1000778e:	bc01      	pop	{r0}
10007790:	4760      	bx	ip
10007792:	bf00      	nop
10007794:	20000b19 	.word	0x20000b19

10007798 <__reset_non_control_endpoints_veneer>:
10007798:	b401      	push	{r0}
1000779a:	4802      	ldr	r0, [pc, #8]	@ (100077a4 <__reset_non_control_endpoints_veneer+0xc>)
1000779c:	4684      	mov	ip, r0
1000779e:	bc01      	pop	{r0}
100077a0:	4760      	bx	ip
100077a2:	bf00      	nop
100077a4:	200003d1 	.word	0x200003d1

100077a8 <__e15_is_bulkin_ep_veneer>:
100077a8:	b401      	push	{r0}
100077aa:	4802      	ldr	r0, [pc, #8]	@ (100077b4 <__e15_is_bulkin_ep_veneer+0xc>)
100077ac:	4684      	mov	ip, r0
100077ae:	bc01      	pop	{r0}
100077b0:	4760      	bx	ip
100077b2:	bf00      	nop
100077b4:	20000715 	.word	0x20000715

100077b8 <___hw_endpoint_buffer_control_update32_veneer>:
100077b8:	b401      	push	{r0}
100077ba:	4802      	ldr	r0, [pc, #8]	@ (100077c4 <___hw_endpoint_buffer_control_update32_veneer+0xc>)
100077bc:	4684      	mov	ip, r0
100077be:	bc01      	pop	{r0}
100077c0:	4760      	bx	ip
100077c2:	bf00      	nop
100077c4:	2000081d 	.word	0x2000081d

100077c8 <__hw_endpoint_reset_transfer_veneer>:
100077c8:	b401      	push	{r0}
100077ca:	4802      	ldr	r0, [pc, #8]	@ (100077d4 <__hw_endpoint_reset_transfer_veneer+0xc>)
100077cc:	4684      	mov	ip, r0
100077ce:	bc01      	pop	{r0}
100077d0:	4760      	bx	ip
100077d2:	bf00      	nop
100077d4:	20000811 	.word	0x20000811

100077d8 <__mutex_enter_timeout_ms_veneer>:
100077d8:	b401      	push	{r0}
100077da:	4802      	ldr	r0, [pc, #8]	@ (100077e4 <__mutex_enter_timeout_ms_veneer+0xc>)
100077dc:	4684      	mov	ip, r0
100077de:	bc01      	pop	{r0}
100077e0:	4760      	bx	ip
100077e2:	bf00      	nop
100077e4:	200001bd 	.word	0x200001bd

100077e8 <__e15_is_critical_frame_period_veneer>:
100077e8:	b401      	push	{r0}
100077ea:	4802      	ldr	r0, [pc, #8]	@ (100077f4 <__e15_is_critical_frame_period_veneer+0xc>)
100077ec:	4684      	mov	ip, r0
100077ee:	bc01      	pop	{r0}
100077f0:	4760      	bx	ip
100077f2:	bf00      	nop
100077f4:	20000741 	.word	0x20000741

100077f8 <__hw_endpoint_start_next_buffer_veneer>:
100077f8:	b401      	push	{r0}
100077fa:	4802      	ldr	r0, [pc, #8]	@ (10007804 <__hw_endpoint_start_next_buffer_veneer+0xc>)
100077fc:	4684      	mov	ip, r0
100077fe:	bc01      	pop	{r0}
10007800:	4760      	bx	ip
10007802:	bf00      	nop
10007804:	20000869 	.word	0x20000869

10007808 <__flash_do_cmd_cs_veneer>:
10007808:	b401      	push	{r0}
1000780a:	4802      	ldr	r0, [pc, #8]	@ (10007814 <__flash_do_cmd_cs_veneer+0xc>)
1000780c:	4684      	mov	ip, r0
1000780e:	bc01      	pop	{r0}
10007810:	4760      	bx	ip
10007812:	bf00      	nop
10007814:	200002cd 	.word	0x200002cd

10007818 <__pre_init_runtime_init_early_resets>:
10007818:	10001cd1                                ....

1000781c <__pre_init_runtime_init_usb_power_down>:
1000781c:	10001cfd 10001e91 10002ccd 10002535     .........,..5%..
1000782c:	10002b9d                                .+..

10007830 <__pre_init_runtime_init_clocks>:
10007830:	10001dc5                                ....

10007834 <__pre_init_runtime_init_post_clock_resets>:
10007834:	10001d19                                ....

10007838 <__pre_init_runtime_init_rp2040_gpio_ie_disable>:
10007838:	10001d39                                9...

1000783c <__pre_init_runtime_init_spin_locks_reset>:
1000783c:	10001d4d                                M...

10007840 <__pre_init_runtime_init_mutex>:
10007840:	10000e61                                a...

10007844 <__pre_init_runtime_init_install_ram_vector_table>:
10007844:	10001d55                                U...

10007848 <__pre_init_runtime_init_default_alarm_pool>:
10007848:	10001691                                ....

1000784c <__pre_init_first_per_core_initializer>:
1000784c:	10001cbd                                ....

10007850 <__pre_init_runtime_init_per_core_irq_priorities>:
10007850:	100007a1                                ....

10007854 <__init_array_start>:
10007854:	10004929 	.word	0x10004929

Disassembly of section .data:

200000c0 <mutex_try_enter>:
200000c0:	0003      	movs	r3, r0
200000c2:	6802      	ldr	r2, [r0, #0]
200000c4:	4694      	mov	ip, r2
200000c6:	f3ef 8210 	mrs	r2, PRIMASK
200000ca:	b672      	cpsid	i
200000cc:	4660      	mov	r0, ip
200000ce:	6800      	ldr	r0, [r0, #0]
200000d0:	2800      	cmp	r0, #0
200000d2:	d0fb      	beq.n	200000cc <mutex_try_enter+0xc>
200000d4:	f3bf 8f5f 	dmb	sy
200000d8:	2004      	movs	r0, #4
200000da:	5618      	ldrsb	r0, [r3, r0]
200000dc:	2800      	cmp	r0, #0
200000de:	db0b      	blt.n	200000f8 <mutex_try_enter+0x38>
200000e0:	2900      	cmp	r1, #0
200000e2:	d010      	beq.n	20000106 <mutex_try_enter+0x46>
200000e4:	6008      	str	r0, [r1, #0]
200000e6:	2000      	movs	r0, #0
200000e8:	681b      	ldr	r3, [r3, #0]
200000ea:	f3bf 8f5f 	dmb	sy
200000ee:	2100      	movs	r1, #0
200000f0:	6019      	str	r1, [r3, #0]
200000f2:	f382 8810 	msr	PRIMASK, r2
200000f6:	4770      	bx	lr
200000f8:	21d0      	movs	r1, #208	@ 0xd0
200000fa:	0609      	lsls	r1, r1, #24
200000fc:	7809      	ldrb	r1, [r1, #0]
200000fe:	b249      	sxtb	r1, r1
20000100:	7119      	strb	r1, [r3, #4]
20000102:	2001      	movs	r0, #1
20000104:	e7f0      	b.n	200000e8 <mutex_try_enter+0x28>
20000106:	2000      	movs	r0, #0
20000108:	e7ee      	b.n	200000e8 <mutex_try_enter+0x28>
	...

2000010c <mutex_enter_block_until>:
2000010c:	b5f8      	push	{r3, r4, r5, r6, r7, lr}
2000010e:	0004      	movs	r4, r0
20000110:	0015      	movs	r5, r2
20000112:	001e      	movs	r6, r3
20000114:	6803      	ldr	r3, [r0, #0]
20000116:	2b00      	cmp	r3, #0
20000118:	d020      	beq.n	2000015c <mutex_enter_block_until+0x50>
2000011a:	23d0      	movs	r3, #208	@ 0xd0
2000011c:	061b      	lsls	r3, r3, #24
2000011e:	781b      	ldrb	r3, [r3, #0]
20000120:	b25b      	sxtb	r3, r3
20000122:	001f      	movs	r7, r3
20000124:	6823      	ldr	r3, [r4, #0]
20000126:	f3ef 8110 	mrs	r1, PRIMASK
2000012a:	b672      	cpsid	i
2000012c:	6818      	ldr	r0, [r3, #0]
2000012e:	2800      	cmp	r0, #0
20000130:	d0fc      	beq.n	2000012c <mutex_enter_block_until+0x20>
20000132:	f3bf 8f5f 	dmb	sy
20000136:	2304      	movs	r3, #4
20000138:	56e3      	ldrsb	r3, [r4, r3]
2000013a:	2b00      	cmp	r3, #0
2000013c:	db14      	blt.n	20000168 <mutex_enter_block_until+0x5c>
2000013e:	6823      	ldr	r3, [r4, #0]
20000140:	f3bf 8f5f 	dmb	sy
20000144:	2200      	movs	r2, #0
20000146:	601a      	str	r2, [r3, #0]
20000148:	f381 8810 	msr	PRIMASK, r1
2000014c:	0028      	movs	r0, r5
2000014e:	0031      	movs	r1, r6
20000150:	f000 fce6 	bl	20000b20 <__best_effort_wfe_or_timeout_veneer>
20000154:	2800      	cmp	r0, #0
20000156:	d0e5      	beq.n	20000124 <mutex_enter_block_until+0x18>
20000158:	2000      	movs	r0, #0
2000015a:	e00e      	b.n	2000017a <mutex_enter_block_until+0x6e>
2000015c:	4b07      	ldr	r3, [pc, #28]	@ (2000017c <mutex_enter_block_until+0x70>)
2000015e:	4a08      	ldr	r2, [pc, #32]	@ (20000180 <mutex_enter_block_until+0x74>)
20000160:	4808      	ldr	r0, [pc, #32]	@ (20000184 <mutex_enter_block_until+0x78>)
20000162:	21a8      	movs	r1, #168	@ 0xa8
20000164:	f000 fd1c 	bl	20000ba0 <____assert_func_veneer>
20000168:	7127      	strb	r7, [r4, #4]
2000016a:	6823      	ldr	r3, [r4, #0]
2000016c:	f3bf 8f5f 	dmb	sy
20000170:	2200      	movs	r2, #0
20000172:	601a      	str	r2, [r3, #0]
20000174:	f381 8810 	msr	PRIMASK, r1
20000178:	2001      	movs	r0, #1
2000017a:	bdf8      	pop	{r3, r4, r5, r6, r7, pc}
2000017c:	10007ed8 	.word	0x10007ed8
20000180:	1000892c 	.word	0x1000892c
20000184:	10007e90 	.word	0x10007e90

20000188 <mutex_try_enter_block_until>:
20000188:	b570      	push	{r4, r5, r6, lr}
2000018a:	b082      	sub	sp, #8
2000018c:	0006      	movs	r6, r0
2000018e:	0015      	movs	r5, r2
20000190:	001c      	movs	r4, r3
20000192:	a901      	add	r1, sp, #4
20000194:	f7ff ff94 	bl	200000c0 <mutex_try_enter>
20000198:	2800      	cmp	r0, #0
2000019a:	d107      	bne.n	200001ac <mutex_try_enter_block_until+0x24>
2000019c:	9b01      	ldr	r3, [sp, #4]
2000019e:	b25b      	sxtb	r3, r3
200001a0:	22d0      	movs	r2, #208	@ 0xd0
200001a2:	0612      	lsls	r2, r2, #24
200001a4:	7812      	ldrb	r2, [r2, #0]
200001a6:	b252      	sxtb	r2, r2
200001a8:	4293      	cmp	r3, r2
200001aa:	d101      	bne.n	200001b0 <mutex_try_enter_block_until+0x28>
200001ac:	b002      	add	sp, #8
200001ae:	bd70      	pop	{r4, r5, r6, pc}
200001b0:	002a      	movs	r2, r5
200001b2:	0023      	movs	r3, r4
200001b4:	0030      	movs	r0, r6
200001b6:	f7ff ffa9 	bl	2000010c <mutex_enter_block_until>
200001ba:	e7f7      	b.n	200001ac <mutex_try_enter_block_until+0x24>

200001bc <mutex_enter_timeout_ms>:
200001bc:	b5f8      	push	{r3, r4, r5, r6, r7, lr}
200001be:	0007      	movs	r7, r0
200001c0:	000c      	movs	r4, r1
200001c2:	f000 fcbd 	bl	20000b40 <__time_us_64_veneer>
200001c6:	0005      	movs	r5, r0
200001c8:	000e      	movs	r6, r1
200001ca:	22fa      	movs	r2, #250	@ 0xfa
200001cc:	0092      	lsls	r2, r2, #2
200001ce:	2300      	movs	r3, #0
200001d0:	0020      	movs	r0, r4
200001d2:	2100      	movs	r1, #0
200001d4:	f000 fccc 	bl	20000b70 <____wrap___aeabi_lmul_veneer>
200001d8:	002a      	movs	r2, r5
200001da:	0033      	movs	r3, r6
200001dc:	1812      	adds	r2, r2, r0
200001de:	414b      	adcs	r3, r1
200001e0:	2b00      	cmp	r3, #0
200001e2:	db03      	blt.n	200001ec <mutex_enter_timeout_ms+0x30>
200001e4:	0038      	movs	r0, r7
200001e6:	f7ff ff91 	bl	2000010c <mutex_enter_block_until>
200001ea:	bdf8      	pop	{r3, r4, r5, r6, r7, pc}
200001ec:	2201      	movs	r2, #1
200001ee:	4252      	negs	r2, r2
200001f0:	4b00      	ldr	r3, [pc, #0]	@ (200001f4 <mutex_enter_timeout_ms+0x38>)
200001f2:	e7f7      	b.n	200001e4 <mutex_enter_timeout_ms+0x28>
200001f4:	7fffffff 	.word	0x7fffffff

200001f8 <mutex_exit>:
200001f8:	b510      	push	{r4, lr}
200001fa:	6801      	ldr	r1, [r0, #0]
200001fc:	f3ef 8310 	mrs	r3, PRIMASK
20000200:	b672      	cpsid	i
20000202:	680a      	ldr	r2, [r1, #0]
20000204:	2a00      	cmp	r2, #0
20000206:	d0fc      	beq.n	20000202 <mutex_exit+0xa>
20000208:	f3bf 8f5f 	dmb	sy
2000020c:	2204      	movs	r2, #4
2000020e:	5682      	ldrsb	r2, [r0, r2]
20000210:	2a00      	cmp	r2, #0
20000212:	db0a      	blt.n	2000022a <mutex_exit+0x32>
20000214:	22ff      	movs	r2, #255	@ 0xff
20000216:	7102      	strb	r2, [r0, #4]
20000218:	6802      	ldr	r2, [r0, #0]
2000021a:	f3bf 8f5f 	dmb	sy
2000021e:	2100      	movs	r1, #0
20000220:	6011      	str	r1, [r2, #0]
20000222:	f383 8810 	msr	PRIMASK, r3
20000226:	bf40      	sev
20000228:	bd10      	pop	{r4, pc}
2000022a:	4b03      	ldr	r3, [pc, #12]	@ (20000238 <mutex_exit+0x40>)
2000022c:	4a03      	ldr	r2, [pc, #12]	@ (2000023c <mutex_exit+0x44>)
2000022e:	4804      	ldr	r0, [pc, #16]	@ (20000240 <mutex_exit+0x48>)
20000230:	21d9      	movs	r1, #217	@ 0xd9
20000232:	f000 fcb5 	bl	20000ba0 <____assert_func_veneer>
20000236:	46c0      	nop			@ (mov r8, r8)
20000238:	10007eec 	.word	0x10007eec
2000023c:	10008920 	.word	0x10008920
20000240:	10007e90 	.word	0x10007e90

20000244 <flash_init_boot2_copyout>:
20000244:	4b09      	ldr	r3, [pc, #36]	@ (2000026c <flash_init_boot2_copyout+0x28>)
20000246:	781b      	ldrb	r3, [r3, #0]
20000248:	2b00      	cmp	r3, #0
2000024a:	d008      	beq.n	2000025e <flash_init_boot2_copyout+0x1a>
2000024c:	e00c      	b.n	20000268 <flash_init_boot2_copyout+0x24>
2000024e:	009a      	lsls	r2, r3, #2
20000250:	2180      	movs	r1, #128	@ 0x80
20000252:	0549      	lsls	r1, r1, #21
20000254:	1851      	adds	r1, r2, r1
20000256:	6808      	ldr	r0, [r1, #0]
20000258:	4905      	ldr	r1, [pc, #20]	@ (20000270 <flash_init_boot2_copyout+0x2c>)
2000025a:	5050      	str	r0, [r2, r1]
2000025c:	3301      	adds	r3, #1
2000025e:	2b3f      	cmp	r3, #63	@ 0x3f
20000260:	ddf5      	ble.n	2000024e <flash_init_boot2_copyout+0xa>
20000262:	4b02      	ldr	r3, [pc, #8]	@ (2000026c <flash_init_boot2_copyout+0x28>)
20000264:	2201      	movs	r2, #1
20000266:	701a      	strb	r2, [r3, #0]
20000268:	4770      	bx	lr
2000026a:	46c0      	nop			@ (mov r8, r8)
2000026c:	20001af8 	.word	0x20001af8
20000270:	2000112c 	.word	0x2000112c

20000274 <flash_enable_xip_via_boot2>:
20000274:	b510      	push	{r4, lr}
20000276:	4b01      	ldr	r3, [pc, #4]	@ (2000027c <flash_enable_xip_via_boot2+0x8>)
20000278:	4798      	blx	r3
2000027a:	bd10      	pop	{r4, pc}
2000027c:	2000112d 	.word	0x2000112d

20000280 <flash_save_hardware_state>:
20000280:	2200      	movs	r2, #0
20000282:	e006      	b.n	20000292 <flash_save_hardware_state+0x12>
20000284:	0093      	lsls	r3, r2, #2
20000286:	4906      	ldr	r1, [pc, #24]	@ (200002a0 <flash_save_hardware_state+0x20>)
20000288:	1859      	adds	r1, r3, r1
2000028a:	6849      	ldr	r1, [r1, #4]
2000028c:	18c3      	adds	r3, r0, r3
2000028e:	6059      	str	r1, [r3, #4]
20000290:	3201      	adds	r2, #1
20000292:	2a05      	cmp	r2, #5
20000294:	d9f6      	bls.n	20000284 <flash_save_hardware_state+0x4>
20000296:	23a0      	movs	r3, #160	@ 0xa0
20000298:	055b      	lsls	r3, r3, #21
2000029a:	681b      	ldr	r3, [r3, #0]
2000029c:	6003      	str	r3, [r0, #0]
2000029e:	4770      	bx	lr
200002a0:	40020000 	.word	0x40020000

200002a4 <flash_restore_hardware_state>:
200002a4:	b510      	push	{r4, lr}
200002a6:	2200      	movs	r2, #0
200002a8:	e007      	b.n	200002ba <flash_restore_hardware_state+0x16>
200002aa:	0093      	lsls	r3, r2, #2
200002ac:	18c1      	adds	r1, r0, r3
200002ae:	6849      	ldr	r1, [r1, #4]
200002b0:	4c05      	ldr	r4, [pc, #20]	@ (200002c8 <flash_restore_hardware_state+0x24>)
200002b2:	46a4      	mov	ip, r4
200002b4:	4463      	add	r3, ip
200002b6:	6059      	str	r1, [r3, #4]
200002b8:	3201      	adds	r2, #1
200002ba:	2a05      	cmp	r2, #5
200002bc:	d9f5      	bls.n	200002aa <flash_restore_hardware_state+0x6>
200002be:	6802      	ldr	r2, [r0, #0]
200002c0:	23a0      	movs	r3, #160	@ 0xa0
200002c2:	055b      	lsls	r3, r3, #21
200002c4:	601a      	str	r2, [r3, #0]
200002c6:	bd10      	pop	{r4, pc}
200002c8:	40020000 	.word	0x40020000

200002cc <flash_do_cmd_cs>:
200002cc:	b5f0      	push	{r4, r5, r6, r7, lr}
200002ce:	46d6      	mov	lr, sl
200002d0:	464f      	mov	r7, r9
200002d2:	4646      	mov	r6, r8
200002d4:	b5c0      	push	{r6, r7, lr}
200002d6:	b088      	sub	sp, #32
200002d8:	4682      	mov	sl, r0
200002da:	000d      	movs	r5, r1
200002dc:	0014      	movs	r4, r2
200002de:	2618      	movs	r6, #24
200002e0:	8833      	ldrh	r3, [r6, #0]
200002e2:	2714      	movs	r7, #20
200002e4:	8838      	ldrh	r0, [r7, #0]
200002e6:	4932      	ldr	r1, [pc, #200]	@ (200003b0 <flash_do_cmd_cs+0xe4>)
200002e8:	4798      	blx	r3
200002ea:	4681      	mov	r9, r0
200002ec:	8833      	ldrh	r3, [r6, #0]
200002ee:	8838      	ldrh	r0, [r7, #0]
200002f0:	4930      	ldr	r1, [pc, #192]	@ (200003b4 <flash_do_cmd_cs+0xe8>)
200002f2:	4798      	blx	r3
200002f4:	4680      	mov	r8, r0
200002f6:	8833      	ldrh	r3, [r6, #0]
200002f8:	8838      	ldrh	r0, [r7, #0]
200002fa:	492f      	ldr	r1, [pc, #188]	@ (200003b8 <flash_do_cmd_cs+0xec>)
200002fc:	4798      	blx	r3
200002fe:	0007      	movs	r7, r0
20000300:	464b      	mov	r3, r9
20000302:	2b00      	cmp	r3, #0
20000304:	d017      	beq.n	20000336 <flash_do_cmd_cs+0x6a>
20000306:	4643      	mov	r3, r8
20000308:	2b00      	cmp	r3, #0
2000030a:	d014      	beq.n	20000336 <flash_do_cmd_cs+0x6a>
2000030c:	2800      	cmp	r0, #0
2000030e:	d012      	beq.n	20000336 <flash_do_cmd_cs+0x6a>
20000310:	f7ff ff98 	bl	20000244 <flash_init_boot2_copyout>
20000314:	a801      	add	r0, sp, #4
20000316:	f7ff ffb3 	bl	20000280 <flash_save_hardware_state>
2000031a:	47c8      	blx	r9
2000031c:	47c0      	blx	r8
2000031e:	4b27      	ldr	r3, [pc, #156]	@ (200003bc <flash_do_cmd_cs+0xf0>)
20000320:	681a      	ldr	r2, [r3, #0]
20000322:	2380      	movs	r3, #128	@ 0x80
20000324:	009b      	lsls	r3, r3, #2
20000326:	4053      	eors	r3, r2
20000328:	22c0      	movs	r2, #192	@ 0xc0
2000032a:	0092      	lsls	r2, r2, #2
2000032c:	4013      	ands	r3, r2
2000032e:	4a24      	ldr	r2, [pc, #144]	@ (200003c0 <flash_do_cmd_cs+0xf4>)
20000330:	6013      	str	r3, [r2, #0]
20000332:	0021      	movs	r1, r4
20000334:	e010      	b.n	20000358 <flash_do_cmd_cs+0x8c>
20000336:	4b23      	ldr	r3, [pc, #140]	@ (200003c4 <flash_do_cmd_cs+0xf8>)
20000338:	4a23      	ldr	r2, [pc, #140]	@ (200003c8 <flash_do_cmd_cs+0xfc>)
2000033a:	2196      	movs	r1, #150	@ 0x96
2000033c:	4823      	ldr	r0, [pc, #140]	@ (200003cc <flash_do_cmd_cs+0x100>)
2000033e:	0049      	lsls	r1, r1, #1
20000340:	f000 fc2e 	bl	20000ba0 <____assert_func_veneer>
20000344:	2b00      	cmp	r3, #0
20000346:	d007      	beq.n	20000358 <flash_do_cmd_cs+0x8c>
20000348:	2900      	cmp	r1, #0
2000034a:	d005      	beq.n	20000358 <flash_do_cmd_cs+0x8c>
2000034c:	23c0      	movs	r3, #192	@ 0xc0
2000034e:	055b      	lsls	r3, r3, #21
20000350:	6e1b      	ldr	r3, [r3, #96]	@ 0x60
20000352:	702b      	strb	r3, [r5, #0]
20000354:	3901      	subs	r1, #1
20000356:	3501      	adds	r5, #1
20000358:	0023      	movs	r3, r4
2000035a:	430b      	orrs	r3, r1
2000035c:	d014      	beq.n	20000388 <flash_do_cmd_cs+0xbc>
2000035e:	23c0      	movs	r3, #192	@ 0xc0
20000360:	055b      	lsls	r3, r3, #21
20000362:	6a9a      	ldr	r2, [r3, #40]	@ 0x28
20000364:	2308      	movs	r3, #8
20000366:	4013      	ands	r3, r2
20000368:	0792      	lsls	r2, r2, #30
2000036a:	d5eb      	bpl.n	20000344 <flash_do_cmd_cs+0x78>
2000036c:	2c00      	cmp	r4, #0
2000036e:	d0e9      	beq.n	20000344 <flash_do_cmd_cs+0x78>
20000370:	1b0a      	subs	r2, r1, r4
20000372:	2a0d      	cmp	r2, #13
20000374:	d8e6      	bhi.n	20000344 <flash_do_cmd_cs+0x78>
20000376:	4656      	mov	r6, sl
20000378:	7830      	ldrb	r0, [r6, #0]
2000037a:	22c0      	movs	r2, #192	@ 0xc0
2000037c:	0552      	lsls	r2, r2, #21
2000037e:	6610      	str	r0, [r2, #96]	@ 0x60
20000380:	3c01      	subs	r4, #1
20000382:	1c72      	adds	r2, r6, #1
20000384:	4692      	mov	sl, r2
20000386:	e7dd      	b.n	20000344 <flash_do_cmd_cs+0x78>
20000388:	4b0c      	ldr	r3, [pc, #48]	@ (200003bc <flash_do_cmd_cs+0xf0>)
2000038a:	681a      	ldr	r2, [r3, #0]
2000038c:	23c0      	movs	r3, #192	@ 0xc0
2000038e:	009b      	lsls	r3, r3, #2
20000390:	4393      	bics	r3, r2
20000392:	4a0b      	ldr	r2, [pc, #44]	@ (200003c0 <flash_do_cmd_cs+0xf4>)
20000394:	6013      	str	r3, [r2, #0]
20000396:	47b8      	blx	r7
20000398:	f7ff ff6c 	bl	20000274 <flash_enable_xip_via_boot2>
2000039c:	a801      	add	r0, sp, #4
2000039e:	f7ff ff81 	bl	200002a4 <flash_restore_hardware_state>
200003a2:	b008      	add	sp, #32
200003a4:	bce0      	pop	{r5, r6, r7}
200003a6:	46ba      	mov	sl, r7
200003a8:	46b1      	mov	r9, r6
200003aa:	46a8      	mov	r8, r5
200003ac:	bdf0      	pop	{r4, r5, r6, r7, pc}
200003ae:	46c0      	nop			@ (mov r8, r8)
200003b0:	00004649 	.word	0x00004649
200003b4:	00005845 	.word	0x00005845
200003b8:	00004346 	.word	0x00004346
200003bc:	4001800c 	.word	0x4001800c
200003c0:	4001900c 	.word	0x4001900c
200003c4:	100085d0 	.word	0x100085d0
200003c8:	10008b3c 	.word	0x10008b3c
200003cc:	10008484 	.word	0x10008484

200003d0 <reset_non_control_endpoints>:
200003d0:	b510      	push	{r4, lr}
200003d2:	2300      	movs	r3, #0
200003d4:	e008      	b.n	200003e8 <reset_non_control_endpoints+0x18>
200003d6:	3301      	adds	r3, #1
200003d8:	00da      	lsls	r2, r3, #3
200003da:	2100      	movs	r1, #0
200003dc:	4808      	ldr	r0, [pc, #32]	@ (20000400 <reset_non_control_endpoints+0x30>)
200003de:	5011      	str	r1, [r2, r0]
200003e0:	4684      	mov	ip, r0
200003e2:	4462      	add	r2, ip
200003e4:	6051      	str	r1, [r2, #4]
200003e6:	b2db      	uxtb	r3, r3
200003e8:	2b0e      	cmp	r3, #14
200003ea:	d9f4      	bls.n	200003d6 <reset_non_control_endpoints+0x6>
200003ec:	4805      	ldr	r0, [pc, #20]	@ (20000404 <reset_non_control_endpoints+0x34>)
200003ee:	22f0      	movs	r2, #240	@ 0xf0
200003f0:	0092      	lsls	r2, r2, #2
200003f2:	2100      	movs	r1, #0
200003f4:	f000 fb9c 	bl	20000b30 <____wrap_memset_veneer>
200003f8:	4b03      	ldr	r3, [pc, #12]	@ (20000408 <reset_non_control_endpoints+0x38>)
200003fa:	4a04      	ldr	r2, [pc, #16]	@ (2000040c <reset_non_control_endpoints+0x3c>)
200003fc:	601a      	str	r2, [r3, #0]
200003fe:	bd10      	pop	{r4, pc}
20000400:	50100000 	.word	0x50100000
20000404:	200014e4 	.word	0x200014e4
20000408:	200018ac 	.word	0x200018ac
2000040c:	50100180 	.word	0x50100180

20000410 <hw_handle_buff_status>:
20000410:	b5f0      	push	{r4, r5, r6, r7, lr}
20000412:	46ce      	mov	lr, r9
20000414:	4647      	mov	r7, r8
20000416:	b580      	push	{r7, lr}
20000418:	b085      	sub	sp, #20
2000041a:	4b21      	ldr	r3, [pc, #132]	@ (200004a0 <hw_handle_buff_status+0x90>)
2000041c:	6d9f      	ldr	r7, [r3, #88]	@ 0x58
2000041e:	2400      	movs	r4, #0
20000420:	2601      	movs	r6, #1
20000422:	e003      	b.n	2000042c <hw_handle_buff_status+0x1c>
20000424:	43b7      	bics	r7, r6
20000426:	0076      	lsls	r6, r6, #1
20000428:	3401      	adds	r4, #1
2000042a:	b2e4      	uxtb	r4, r4
2000042c:	2f00      	cmp	r7, #0
2000042e:	d031      	beq.n	20000494 <hw_handle_buff_status+0x84>
20000430:	2c1f      	cmp	r4, #31
20000432:	d82f      	bhi.n	20000494 <hw_handle_buff_status+0x84>
20000434:	423e      	tst	r6, r7
20000436:	d0f6      	beq.n	20000426 <hw_handle_buff_status+0x16>
20000438:	4b1a      	ldr	r3, [pc, #104]	@ (200004a4 <hw_handle_buff_status+0x94>)
2000043a:	659e      	str	r6, [r3, #88]	@ 0x58
2000043c:	0863      	lsrs	r3, r4, #1
2000043e:	4699      	mov	r9, r3
20000440:	2301      	movs	r3, #1
20000442:	4023      	ands	r3, r4
20000444:	2201      	movs	r2, #1
20000446:	4053      	eors	r3, r2
20000448:	b2db      	uxtb	r3, r3
2000044a:	4698      	mov	r8, r3
2000044c:	464b      	mov	r3, r9
2000044e:	005d      	lsls	r5, r3, #1
20000450:	4445      	add	r5, r8
20000452:	016d      	lsls	r5, r5, #5
20000454:	4b14      	ldr	r3, [pc, #80]	@ (200004a8 <hw_handle_buff_status+0x98>)
20000456:	18ed      	adds	r5, r5, r3
20000458:	0028      	movs	r0, r5
2000045a:	f000 fa43 	bl	200008e4 <hw_endpoint_xfer_continue>
2000045e:	2800      	cmp	r0, #0
20000460:	d0e0      	beq.n	20000424 <hw_handle_buff_status+0x14>
20000462:	4a11      	ldr	r2, [pc, #68]	@ (200004a8 <hw_handle_buff_status+0x98>)
20000464:	464b      	mov	r3, r9
20000466:	005b      	lsls	r3, r3, #1
20000468:	4443      	add	r3, r8
2000046a:	015b      	lsls	r3, r3, #5
2000046c:	18d3      	adds	r3, r2, r3
2000046e:	7899      	ldrb	r1, [r3, #2]
20000470:	8ada      	ldrh	r2, [r3, #22]
20000472:	a801      	add	r0, sp, #4
20000474:	2300      	movs	r3, #0
20000476:	4698      	mov	r8, r3
20000478:	7003      	strb	r3, [r0, #0]
2000047a:	3307      	adds	r3, #7
2000047c:	7043      	strb	r3, [r0, #1]
2000047e:	7101      	strb	r1, [r0, #4]
20000480:	6082      	str	r2, [r0, #8]
20000482:	4643      	mov	r3, r8
20000484:	7143      	strb	r3, [r0, #5]
20000486:	2101      	movs	r1, #1
20000488:	f000 fa4c 	bl	20000924 <dcd_event_handler>
2000048c:	0028      	movs	r0, r5
2000048e:	f000 f9bf 	bl	20000810 <hw_endpoint_reset_transfer>
20000492:	e7c7      	b.n	20000424 <hw_handle_buff_status+0x14>
20000494:	b005      	add	sp, #20
20000496:	bcc0      	pop	{r6, r7}
20000498:	46b9      	mov	r9, r7
2000049a:	46b0      	mov	r8, r6
2000049c:	bdf0      	pop	{r4, r5, r6, r7, pc}
2000049e:	46c0      	nop			@ (mov r8, r8)
200004a0:	50110000 	.word	0x50110000
200004a4:	50113000 	.word	0x50113000
200004a8:	200014a4 	.word	0x200014a4

200004ac <dcd_rp2040_irq>:
200004ac:	b5f0      	push	{r4, r5, r6, r7, lr}
200004ae:	46ce      	mov	lr, r9
200004b0:	4647      	mov	r7, r8
200004b2:	b580      	push	{r7, lr}
200004b4:	b085      	sub	sp, #20
200004b6:	4a73      	ldr	r2, [pc, #460]	@ (20000684 <dcd_rp2040_irq+0x1d8>)
200004b8:	2398      	movs	r3, #152	@ 0x98
200004ba:	58d5      	ldr	r5, [r2, r3]
200004bc:	2380      	movs	r3, #128	@ 0x80
200004be:	029b      	lsls	r3, r3, #10
200004c0:	002f      	movs	r7, r5
200004c2:	401f      	ands	r7, r3
200004c4:	421d      	tst	r5, r3
200004c6:	d045      	beq.n	20000554 <dcd_rp2040_irq+0xa8>
200004c8:	4b6f      	ldr	r3, [pc, #444]	@ (20000688 <dcd_rp2040_irq+0x1dc>)
200004ca:	6a9a      	ldr	r2, [r3, #40]	@ 0x28
200004cc:	4b6f      	ldr	r3, [pc, #444]	@ (2000068c <dcd_rp2040_irq+0x1e0>)
200004ce:	601a      	str	r2, [r3, #0]
200004d0:	2400      	movs	r4, #0
200004d2:	2100      	movs	r1, #0
200004d4:	e009      	b.n	200004ea <dcd_rp2040_irq+0x3e>
200004d6:	4b6e      	ldr	r3, [pc, #440]	@ (20000690 <dcd_rp2040_irq+0x1e4>)
200004d8:	185b      	adds	r3, r3, r1
200004da:	333c      	adds	r3, #60	@ 0x3c
200004dc:	2200      	movs	r2, #0
200004de:	701a      	strb	r2, [r3, #0]
200004e0:	f000 f9c2 	bl	20000868 <hw_endpoint_start_next_buffer>
200004e4:	0031      	movs	r1, r6
200004e6:	3401      	adds	r4, #1
200004e8:	b2e4      	uxtb	r4, r4
200004ea:	2c0f      	cmp	r4, #15
200004ec:	d818      	bhi.n	20000520 <dcd_rp2040_irq+0x74>
200004ee:	01a6      	lsls	r6, r4, #6
200004f0:	0030      	movs	r0, r6
200004f2:	3020      	adds	r0, #32
200004f4:	4b66      	ldr	r3, [pc, #408]	@ (20000690 <dcd_rp2040_irq+0x1e4>)
200004f6:	18c0      	adds	r0, r0, r3
200004f8:	199b      	adds	r3, r3, r6
200004fa:	333b      	adds	r3, #59	@ 0x3b
200004fc:	781b      	ldrb	r3, [r3, #0]
200004fe:	2b02      	cmp	r3, #2
20000500:	d1f1      	bne.n	200004e6 <dcd_rp2040_irq+0x3a>
20000502:	4b63      	ldr	r3, [pc, #396]	@ (20000690 <dcd_rp2040_irq+0x1e4>)
20000504:	199b      	adds	r3, r3, r6
20000506:	333a      	adds	r3, #58	@ 0x3a
20000508:	781e      	ldrb	r6, [r3, #0]
2000050a:	2e00      	cmp	r6, #0
2000050c:	d0eb      	beq.n	200004e6 <dcd_rp2040_irq+0x3a>
2000050e:	4b60      	ldr	r3, [pc, #384]	@ (20000690 <dcd_rp2040_irq+0x1e4>)
20000510:	01a1      	lsls	r1, r4, #6
20000512:	185b      	adds	r3, r3, r1
20000514:	333c      	adds	r3, #60	@ 0x3c
20000516:	781b      	ldrb	r3, [r3, #0]
20000518:	2b00      	cmp	r3, #0
2000051a:	d1dc      	bne.n	200004d6 <dcd_rp2040_irq+0x2a>
2000051c:	0031      	movs	r1, r6
2000051e:	e7e2      	b.n	200004e6 <dcd_rp2040_irq+0x3a>
20000520:	2900      	cmp	r1, #0
20000522:	d108      	bne.n	20000536 <dcd_rp2040_irq+0x8a>
20000524:	4b5b      	ldr	r3, [pc, #364]	@ (20000694 <dcd_rp2040_irq+0x1e8>)
20000526:	781b      	ldrb	r3, [r3, #0]
20000528:	2b00      	cmp	r3, #0
2000052a:	d104      	bne.n	20000536 <dcd_rp2040_irq+0x8a>
2000052c:	4a5a      	ldr	r2, [pc, #360]	@ (20000698 <dcd_rp2040_irq+0x1ec>)
2000052e:	3390      	adds	r3, #144	@ 0x90
20000530:	2180      	movs	r1, #128	@ 0x80
20000532:	0289      	lsls	r1, r1, #10
20000534:	50d1      	str	r1, [r2, r3]
20000536:	4b53      	ldr	r3, [pc, #332]	@ (20000684 <dcd_rp2040_irq+0x1d8>)
20000538:	6c9b      	ldr	r3, [r3, #72]	@ 0x48
2000053a:	055b      	lsls	r3, r3, #21
2000053c:	0d5b      	lsrs	r3, r3, #21
2000053e:	a801      	add	r0, sp, #4
20000540:	2200      	movs	r2, #0
20000542:	7002      	strb	r2, [r0, #0]
20000544:	3203      	adds	r2, #3
20000546:	7042      	strb	r2, [r0, #1]
20000548:	6043      	str	r3, [r0, #4]
2000054a:	2101      	movs	r1, #1
2000054c:	f000 f9ea 	bl	20000924 <dcd_event_handler>
20000550:	2780      	movs	r7, #128	@ 0x80
20000552:	02bf      	lsls	r7, r7, #10
20000554:	06eb      	lsls	r3, r5, #27
20000556:	d406      	bmi.n	20000566 <dcd_rp2040_irq+0xba>
20000558:	03eb      	lsls	r3, r5, #15
2000055a:	d54d      	bpl.n	200005f8 <dcd_rp2040_irq+0x14c>
2000055c:	2380      	movs	r3, #128	@ 0x80
2000055e:	025b      	lsls	r3, r3, #9
20000560:	431f      	orrs	r7, r3
20000562:	2400      	movs	r4, #0
20000564:	e016      	b.n	20000594 <dcd_rp2040_irq+0xe8>
20000566:	2310      	movs	r3, #16
20000568:	431f      	orrs	r7, r3
2000056a:	f7ff ff51 	bl	20000410 <hw_handle_buff_status>
2000056e:	e7f3      	b.n	20000558 <dcd_rp2040_irq+0xac>
20000570:	2602      	movs	r6, #2
20000572:	e01c      	b.n	200005ae <dcd_rp2040_irq+0x102>
20000574:	4b49      	ldr	r3, [pc, #292]	@ (2000069c <dcd_rp2040_irq+0x1f0>)
20000576:	661e      	str	r6, [r3, #96]	@ 0x60
20000578:	4b42      	ldr	r3, [pc, #264]	@ (20000684 <dcd_rp2040_irq+0x1d8>)
2000057a:	6e5b      	ldr	r3, [r3, #100]	@ 0x64
2000057c:	4033      	ands	r3, r6
2000057e:	429e      	cmp	r6, r3
20000580:	d1fa      	bne.n	20000578 <dcd_rp2040_irq+0xcc>
20000582:	e018      	b.n	200005b6 <dcd_rp2040_irq+0x10a>
20000584:	4b42      	ldr	r3, [pc, #264]	@ (20000690 <dcd_rp2040_irq+0x1e4>)
20000586:	464a      	mov	r2, r9
20000588:	0152      	lsls	r2, r2, #5
2000058a:	189b      	adds	r3, r3, r2
2000058c:	2201      	movs	r2, #1
2000058e:	70da      	strb	r2, [r3, #3]
20000590:	3401      	adds	r4, #1
20000592:	b2e4      	uxtb	r4, r4
20000594:	2c01      	cmp	r4, #1
20000596:	d81f      	bhi.n	200005d8 <dcd_rp2040_irq+0x12c>
20000598:	46a1      	mov	r9, r4
2000059a:	0166      	lsls	r6, r4, #5
2000059c:	4b3c      	ldr	r3, [pc, #240]	@ (20000690 <dcd_rp2040_irq+0x1e4>)
2000059e:	18f3      	adds	r3, r6, r3
200005a0:	4698      	mov	r8, r3
200005a2:	7e9b      	ldrb	r3, [r3, #26]
200005a4:	2b00      	cmp	r3, #0
200005a6:	d0ed      	beq.n	20000584 <dcd_rp2040_irq+0xd8>
200005a8:	2c00      	cmp	r4, #0
200005aa:	d0e1      	beq.n	20000570 <dcd_rp2040_irq+0xc4>
200005ac:	2601      	movs	r6, #1
200005ae:	f000 facf 	bl	20000b50 <__rp2040_chip_version_veneer>
200005b2:	2801      	cmp	r0, #1
200005b4:	d8de      	bhi.n	20000574 <dcd_rp2040_irq+0xc8>
200005b6:	22c0      	movs	r2, #192	@ 0xc0
200005b8:	0192      	lsls	r2, r2, #6
200005ba:	2100      	movs	r1, #0
200005bc:	4640      	mov	r0, r8
200005be:	f000 f92d 	bl	2000081c <_hw_endpoint_buffer_control_update32>
200005c2:	4640      	mov	r0, r8
200005c4:	f000 f924 	bl	20000810 <hw_endpoint_reset_transfer>
200005c8:	f000 fac2 	bl	20000b50 <__rp2040_chip_version_veneer>
200005cc:	2801      	cmp	r0, #1
200005ce:	d9d9      	bls.n	20000584 <dcd_rp2040_irq+0xd8>
200005d0:	4b31      	ldr	r3, [pc, #196]	@ (20000698 <dcd_rp2040_irq+0x1ec>)
200005d2:	665e      	str	r6, [r3, #100]	@ 0x64
200005d4:	661e      	str	r6, [r3, #96]	@ 0x60
200005d6:	e7d5      	b.n	20000584 <dcd_rp2040_irq+0xd8>
200005d8:	a801      	add	r0, sp, #4
200005da:	2300      	movs	r3, #0
200005dc:	7003      	strb	r3, [r0, #0]
200005de:	3306      	adds	r3, #6
200005e0:	7043      	strb	r3, [r0, #1]
200005e2:	4a2f      	ldr	r2, [pc, #188]	@ (200006a0 <dcd_rp2040_irq+0x1f4>)
200005e4:	ab02      	add	r3, sp, #8
200005e6:	ca12      	ldmia	r2!, {r1, r4}
200005e8:	c312      	stmia	r3!, {r1, r4}
200005ea:	2101      	movs	r1, #1
200005ec:	f000 f99a 	bl	20000924 <dcd_event_handler>
200005f0:	4b29      	ldr	r3, [pc, #164]	@ (20000698 <dcd_rp2040_irq+0x1ec>)
200005f2:	2280      	movs	r2, #128	@ 0x80
200005f4:	0292      	lsls	r2, r2, #10
200005f6:	651a      	str	r2, [r3, #80]	@ 0x50
200005f8:	04eb      	lsls	r3, r5, #19
200005fa:	d40a      	bmi.n	20000612 <dcd_rp2040_irq+0x166>
200005fc:	046b      	lsls	r3, r5, #17
200005fe:	d41d      	bmi.n	2000063c <dcd_rp2040_irq+0x190>
20000600:	042b      	lsls	r3, r5, #16
20000602:	d42a      	bmi.n	2000065a <dcd_rp2040_irq+0x1ae>
20000604:	42af      	cmp	r7, r5
20000606:	d138      	bne.n	2000067a <dcd_rp2040_irq+0x1ce>
20000608:	b005      	add	sp, #20
2000060a:	bcc0      	pop	{r6, r7}
2000060c:	46b9      	mov	r9, r7
2000060e:	46b0      	mov	r8, r6
20000610:	bdf0      	pop	{r4, r5, r6, r7, pc}
20000612:	2380      	movs	r3, #128	@ 0x80
20000614:	015b      	lsls	r3, r3, #5
20000616:	431f      	orrs	r7, r3
20000618:	2400      	movs	r4, #0
2000061a:	4b1a      	ldr	r3, [pc, #104]	@ (20000684 <dcd_rp2040_irq+0x1d8>)
2000061c:	601c      	str	r4, [r3, #0]
2000061e:	f7ff fed7 	bl	200003d0 <reset_non_control_endpoints>
20000622:	a801      	add	r0, sp, #4
20000624:	7004      	strb	r4, [r0, #0]
20000626:	2301      	movs	r3, #1
20000628:	7043      	strb	r3, [r0, #1]
2000062a:	7104      	strb	r4, [r0, #4]
2000062c:	2101      	movs	r1, #1
2000062e:	f000 f979 	bl	20000924 <dcd_event_handler>
20000632:	4b19      	ldr	r3, [pc, #100]	@ (20000698 <dcd_rp2040_irq+0x1ec>)
20000634:	2280      	movs	r2, #128	@ 0x80
20000636:	0312      	lsls	r2, r2, #12
20000638:	651a      	str	r2, [r3, #80]	@ 0x50
2000063a:	e7df      	b.n	200005fc <dcd_rp2040_irq+0x150>
2000063c:	2380      	movs	r3, #128	@ 0x80
2000063e:	01db      	lsls	r3, r3, #7
20000640:	431f      	orrs	r7, r3
20000642:	a801      	add	r0, sp, #4
20000644:	2300      	movs	r3, #0
20000646:	7003      	strb	r3, [r0, #0]
20000648:	3304      	adds	r3, #4
2000064a:	7043      	strb	r3, [r0, #1]
2000064c:	2101      	movs	r1, #1
2000064e:	f000 f969 	bl	20000924 <dcd_event_handler>
20000652:	4b11      	ldr	r3, [pc, #68]	@ (20000698 <dcd_rp2040_irq+0x1ec>)
20000654:	2210      	movs	r2, #16
20000656:	651a      	str	r2, [r3, #80]	@ 0x50
20000658:	e7d2      	b.n	20000600 <dcd_rp2040_irq+0x154>
2000065a:	2380      	movs	r3, #128	@ 0x80
2000065c:	021b      	lsls	r3, r3, #8
2000065e:	431f      	orrs	r7, r3
20000660:	a801      	add	r0, sp, #4
20000662:	2300      	movs	r3, #0
20000664:	7003      	strb	r3, [r0, #0]
20000666:	3305      	adds	r3, #5
20000668:	7043      	strb	r3, [r0, #1]
2000066a:	2101      	movs	r1, #1
2000066c:	f000 f95a 	bl	20000924 <dcd_event_handler>
20000670:	4b09      	ldr	r3, [pc, #36]	@ (20000698 <dcd_rp2040_irq+0x1ec>)
20000672:	2280      	movs	r2, #128	@ 0x80
20000674:	0112      	lsls	r2, r2, #4
20000676:	651a      	str	r2, [r3, #80]	@ 0x50
20000678:	e7c4      	b.n	20000604 <dcd_rp2040_irq+0x158>
2000067a:	0039      	movs	r1, r7
2000067c:	4069      	eors	r1, r5
2000067e:	4809      	ldr	r0, [pc, #36]	@ (200006a4 <dcd_rp2040_irq+0x1f8>)
20000680:	f000 fa86 	bl	20000b90 <__panic_veneer>
20000684:	50110000 	.word	0x50110000
20000688:	40054000 	.word	0x40054000
2000068c:	2000149c 	.word	0x2000149c
20000690:	200014a4 	.word	0x200014a4
20000694:	20001af6 	.word	0x20001af6
20000698:	50113000 	.word	0x50113000
2000069c:	50112000 	.word	0x50112000
200006a0:	50100000 	.word	0x50100000
200006a4:	100086c0 	.word	0x100086c0

200006a8 <prepare_ep_buffer>:
200006a8:	b5f8      	push	{r3, r4, r5, r6, r7, lr}
200006aa:	0004      	movs	r4, r0
200006ac:	000f      	movs	r7, r1
200006ae:	8a83      	ldrh	r3, [r0, #20]
200006b0:	8b02      	ldrh	r2, [r0, #24]
200006b2:	1c1e      	adds	r6, r3, #0
200006b4:	4293      	cmp	r3, r2
200006b6:	d900      	bls.n	200006ba <prepare_ep_buffer+0x12>
200006b8:	1c16      	adds	r6, r2, #0
200006ba:	b2b6      	uxth	r6, r6
200006bc:	1b9b      	subs	r3, r3, r6
200006be:	82a3      	strh	r3, [r4, #20]
200006c0:	2280      	movs	r2, #128	@ 0x80
200006c2:	00d2      	lsls	r2, r2, #3
200006c4:	4332      	orrs	r2, r6
200006c6:	78e3      	ldrb	r3, [r4, #3]
200006c8:	2b00      	cmp	r3, #0
200006ca:	d013      	beq.n	200006f4 <prepare_ep_buffer+0x4c>
200006cc:	2580      	movs	r5, #128	@ 0x80
200006ce:	01ad      	lsls	r5, r5, #6
200006d0:	4315      	orrs	r5, r2
200006d2:	2201      	movs	r2, #1
200006d4:	4053      	eors	r3, r2
200006d6:	70e3      	strb	r3, [r4, #3]
200006d8:	7863      	ldrb	r3, [r4, #1]
200006da:	2b00      	cmp	r3, #0
200006dc:	d00c      	beq.n	200006f8 <prepare_ep_buffer+0x50>
200006de:	8aa3      	ldrh	r3, [r4, #20]
200006e0:	2b00      	cmp	r3, #0
200006e2:	d102      	bne.n	200006ea <prepare_ep_buffer+0x42>
200006e4:	2380      	movs	r3, #128	@ 0x80
200006e6:	01db      	lsls	r3, r3, #7
200006e8:	431d      	orrs	r5, r3
200006ea:	2f00      	cmp	r7, #0
200006ec:	d000      	beq.n	200006f0 <prepare_ep_buffer+0x48>
200006ee:	042d      	lsls	r5, r5, #16
200006f0:	0028      	movs	r0, r5
200006f2:	bdf8      	pop	{r3, r4, r5, r6, r7, pc}
200006f4:	2500      	movs	r5, #0
200006f6:	e7eb      	b.n	200006d0 <prepare_ep_buffer+0x28>
200006f8:	68e0      	ldr	r0, [r4, #12]
200006fa:	01bb      	lsls	r3, r7, #6
200006fc:	18c0      	adds	r0, r0, r3
200006fe:	6921      	ldr	r1, [r4, #16]
20000700:	0032      	movs	r2, r6
20000702:	f000 fa5d 	bl	20000bc0 <__unaligned_memcpy_veneer>
20000706:	6923      	ldr	r3, [r4, #16]
20000708:	199b      	adds	r3, r3, r6
2000070a:	6123      	str	r3, [r4, #16]
2000070c:	2380      	movs	r3, #128	@ 0x80
2000070e:	021b      	lsls	r3, r3, #8
20000710:	431d      	orrs	r5, r3
20000712:	e7e4      	b.n	200006de <prepare_ep_buffer+0x36>

20000714 <e15_is_bulkin_ep>:
20000714:	4b09      	ldr	r3, [pc, #36]	@ (2000073c <e15_is_bulkin_ep+0x28>)
20000716:	6c1b      	ldr	r3, [r3, #64]	@ 0x40
20000718:	079b      	lsls	r3, r3, #30
2000071a:	d40c      	bmi.n	20000736 <e15_is_bulkin_ep+0x22>
2000071c:	7883      	ldrb	r3, [r0, #2]
2000071e:	09db      	lsrs	r3, r3, #7
20000720:	2b01      	cmp	r3, #1
20000722:	d001      	beq.n	20000728 <e15_is_bulkin_ep+0x14>
20000724:	2000      	movs	r0, #0
20000726:	e007      	b.n	20000738 <e15_is_bulkin_ep+0x24>
20000728:	7ec3      	ldrb	r3, [r0, #27]
2000072a:	2b02      	cmp	r3, #2
2000072c:	d001      	beq.n	20000732 <e15_is_bulkin_ep+0x1e>
2000072e:	2000      	movs	r0, #0
20000730:	e002      	b.n	20000738 <e15_is_bulkin_ep+0x24>
20000732:	2001      	movs	r0, #1
20000734:	e000      	b.n	20000738 <e15_is_bulkin_ep+0x24>
20000736:	2000      	movs	r0, #0
20000738:	4770      	bx	lr
2000073a:	46c0      	nop			@ (mov r8, r8)
2000073c:	50110000 	.word	0x50110000

20000740 <e15_is_critical_frame_period>:
20000740:	b510      	push	{r4, lr}
20000742:	f7ff ffe7 	bl	20000714 <e15_is_bulkin_ep>
20000746:	2800      	cmp	r0, #0
20000748:	d009      	beq.n	2000075e <e15_is_critical_frame_period+0x1e>
2000074a:	4b06      	ldr	r3, [pc, #24]	@ (20000764 <e15_is_critical_frame_period+0x24>)
2000074c:	6a9b      	ldr	r3, [r3, #40]	@ 0x28
2000074e:	4a06      	ldr	r2, [pc, #24]	@ (20000768 <e15_is_critical_frame_period+0x28>)
20000750:	6812      	ldr	r2, [r2, #0]
20000752:	1a9b      	subs	r3, r3, r2
20000754:	4a05      	ldr	r2, [pc, #20]	@ (2000076c <e15_is_critical_frame_period+0x2c>)
20000756:	4694      	mov	ip, r2
20000758:	4463      	add	r3, ip
2000075a:	2bc6      	cmp	r3, #198	@ 0xc6
2000075c:	d800      	bhi.n	20000760 <e15_is_critical_frame_period+0x20>
2000075e:	bd10      	pop	{r4, pc}
20000760:	2000      	movs	r0, #0
20000762:	e7fc      	b.n	2000075e <e15_is_critical_frame_period+0x1e>
20000764:	40054000 	.word	0x40054000
20000768:	2000149c 	.word	0x2000149c
2000076c:	fffffce0 	.word	0xfffffce0

20000770 <sync_ep_buffer>:
20000770:	b570      	push	{r4, r5, r6, lr}
20000772:	0004      	movs	r4, r0
20000774:	6883      	ldr	r3, [r0, #8]
20000776:	681b      	ldr	r3, [r3, #0]
20000778:	2900      	cmp	r1, #0
2000077a:	d000      	beq.n	2000077e <sync_ep_buffer+0xe>
2000077c:	0c1b      	lsrs	r3, r3, #16
2000077e:	059d      	lsls	r5, r3, #22
20000780:	0dad      	lsrs	r5, r5, #22
20000782:	7862      	ldrb	r2, [r4, #1]
20000784:	2a00      	cmp	r2, #0
20000786:	d111      	bne.n	200007ac <sync_ep_buffer+0x3c>
20000788:	041b      	lsls	r3, r3, #16
2000078a:	d409      	bmi.n	200007a0 <sync_ep_buffer+0x30>
2000078c:	8ae3      	ldrh	r3, [r4, #22]
2000078e:	195b      	adds	r3, r3, r5
20000790:	82e3      	strh	r3, [r4, #22]
20000792:	8b23      	ldrh	r3, [r4, #24]
20000794:	42ab      	cmp	r3, r5
20000796:	d901      	bls.n	2000079c <sync_ep_buffer+0x2c>
20000798:	2300      	movs	r3, #0
2000079a:	82a3      	strh	r3, [r4, #20]
2000079c:	0028      	movs	r0, r5
2000079e:	bd70      	pop	{r4, r5, r6, pc}
200007a0:	4b0d      	ldr	r3, [pc, #52]	@ (200007d8 <sync_ep_buffer+0x68>)
200007a2:	4a0e      	ldr	r2, [pc, #56]	@ (200007dc <sync_ep_buffer+0x6c>)
200007a4:	480e      	ldr	r0, [pc, #56]	@ (200007e0 <sync_ep_buffer+0x70>)
200007a6:	21e8      	movs	r1, #232	@ 0xe8
200007a8:	f000 f9fa 	bl	20000ba0 <____assert_func_veneer>
200007ac:	041b      	lsls	r3, r3, #16
200007ae:	d50d      	bpl.n	200007cc <sync_ep_buffer+0x5c>
200007b0:	6920      	ldr	r0, [r4, #16]
200007b2:	68e3      	ldr	r3, [r4, #12]
200007b4:	0189      	lsls	r1, r1, #6
200007b6:	1859      	adds	r1, r3, r1
200007b8:	002a      	movs	r2, r5
200007ba:	f000 fa01 	bl	20000bc0 <__unaligned_memcpy_veneer>
200007be:	8ae3      	ldrh	r3, [r4, #22]
200007c0:	195b      	adds	r3, r3, r5
200007c2:	82e3      	strh	r3, [r4, #22]
200007c4:	6923      	ldr	r3, [r4, #16]
200007c6:	195b      	adds	r3, r3, r5
200007c8:	6123      	str	r3, [r4, #16]
200007ca:	e7e2      	b.n	20000792 <sync_ep_buffer+0x22>
200007cc:	4b05      	ldr	r3, [pc, #20]	@ (200007e4 <sync_ep_buffer+0x74>)
200007ce:	4a03      	ldr	r2, [pc, #12]	@ (200007dc <sync_ep_buffer+0x6c>)
200007d0:	4803      	ldr	r0, [pc, #12]	@ (200007e0 <sync_ep_buffer+0x70>)
200007d2:	21ee      	movs	r1, #238	@ 0xee
200007d4:	f000 f9e4 	bl	20000ba0 <____assert_func_veneer>
200007d8:	100086e0 	.word	0x100086e0
200007dc:	10008c88 	.word	0x10008c88
200007e0:	10008700 	.word	0x10008700
200007e4:	1000875c 	.word	0x1000875c

200007e8 <_hw_endpoint_xfer_sync>:
200007e8:	b510      	push	{r4, lr}
200007ea:	0004      	movs	r4, r0
200007ec:	6883      	ldr	r3, [r0, #8]
200007ee:	681b      	ldr	r3, [r3, #0]
200007f0:	2100      	movs	r1, #0
200007f2:	f7ff ffbd 	bl	20000770 <sync_ep_buffer>
200007f6:	6863      	ldr	r3, [r4, #4]
200007f8:	681b      	ldr	r3, [r3, #0]
200007fa:	005b      	lsls	r3, r3, #1
200007fc:	d502      	bpl.n	20000804 <_hw_endpoint_xfer_sync+0x1c>
200007fe:	8b23      	ldrh	r3, [r4, #24]
20000800:	4283      	cmp	r3, r0
20000802:	d000      	beq.n	20000806 <_hw_endpoint_xfer_sync+0x1e>
20000804:	bd10      	pop	{r4, pc}
20000806:	2101      	movs	r1, #1
20000808:	0020      	movs	r0, r4
2000080a:	f7ff ffb1 	bl	20000770 <sync_ep_buffer>
2000080e:	e7f9      	b.n	20000804 <_hw_endpoint_xfer_sync+0x1c>

20000810 <hw_endpoint_reset_transfer>:
20000810:	2300      	movs	r3, #0
20000812:	7683      	strb	r3, [r0, #26]
20000814:	8283      	strh	r3, [r0, #20]
20000816:	82c3      	strh	r3, [r0, #22]
20000818:	6103      	str	r3, [r0, #16]
2000081a:	4770      	bx	lr

2000081c <_hw_endpoint_buffer_control_update32>:
2000081c:	b510      	push	{r4, lr}
2000081e:	2900      	cmp	r1, #0
20000820:	d002      	beq.n	20000828 <_hw_endpoint_buffer_control_update32+0xc>
20000822:	6883      	ldr	r3, [r0, #8]
20000824:	681b      	ldr	r3, [r3, #0]
20000826:	4019      	ands	r1, r3
20000828:	2a00      	cmp	r2, #0
2000082a:	d010      	beq.n	2000084e <_hw_endpoint_buffer_control_update32+0x32>
2000082c:	4311      	orrs	r1, r2
2000082e:	0552      	lsls	r2, r2, #21
20000830:	d50d      	bpl.n	2000084e <_hw_endpoint_buffer_control_update32+0x32>
20000832:	6882      	ldr	r2, [r0, #8]
20000834:	6813      	ldr	r3, [r2, #0]
20000836:	055b      	lsls	r3, r3, #21
20000838:	d40c      	bmi.n	20000854 <_hw_endpoint_buffer_control_update32+0x38>
2000083a:	4b08      	ldr	r3, [pc, #32]	@ (2000085c <_hw_endpoint_buffer_control_update32+0x40>)
2000083c:	400b      	ands	r3, r1
2000083e:	6013      	str	r3, [r2, #0]
20000840:	4b07      	ldr	r3, [pc, #28]	@ (20000860 <_hw_endpoint_buffer_control_update32+0x44>)
20000842:	6c1b      	ldr	r3, [r3, #64]	@ 0x40
20000844:	079b      	lsls	r3, r3, #30
20000846:	d402      	bmi.n	2000084e <_hw_endpoint_buffer_control_update32+0x32>
20000848:	230c      	movs	r3, #12
2000084a:	3b03      	subs	r3, #3
2000084c:	d2fd      	bcs.n	2000084a <_hw_endpoint_buffer_control_update32+0x2e>
2000084e:	6883      	ldr	r3, [r0, #8]
20000850:	6019      	str	r1, [r3, #0]
20000852:	bd10      	pop	{r4, pc}
20000854:	7881      	ldrb	r1, [r0, #2]
20000856:	4803      	ldr	r0, [pc, #12]	@ (20000864 <_hw_endpoint_buffer_control_update32+0x48>)
20000858:	f000 f99a 	bl	20000b90 <__panic_veneer>
2000085c:	fffffbff 	.word	0xfffffbff
20000860:	50110000 	.word	0x50110000
20000864:	1000877c 	.word	0x1000877c

20000868 <hw_endpoint_start_next_buffer>:
20000868:	b570      	push	{r4, r5, r6, lr}
2000086a:	0004      	movs	r4, r0
2000086c:	6843      	ldr	r3, [r0, #4]
2000086e:	681e      	ldr	r6, [r3, #0]
20000870:	2100      	movs	r1, #0
20000872:	f7ff ff19 	bl	200006a8 <prepare_ep_buffer>
20000876:	2580      	movs	r5, #128	@ 0x80
20000878:	016d      	lsls	r5, r5, #5
2000087a:	4305      	orrs	r5, r0
2000087c:	4b16      	ldr	r3, [pc, #88]	@ (200008d8 <hw_endpoint_start_next_buffer+0x70>)
2000087e:	6c1b      	ldr	r3, [r3, #64]	@ 0x40
20000880:	079b      	lsls	r3, r3, #30
20000882:	d515      	bpl.n	200008b0 <hw_endpoint_start_next_buffer+0x48>
20000884:	78a3      	ldrb	r3, [r4, #2]
20000886:	065b      	lsls	r3, r3, #25
20000888:	d117      	bne.n	200008ba <hw_endpoint_start_next_buffer+0x52>
2000088a:	2300      	movs	r3, #0
2000088c:	8aa2      	ldrh	r2, [r4, #20]
2000088e:	2a00      	cmp	r2, #0
20000890:	d001      	beq.n	20000896 <hw_endpoint_start_next_buffer+0x2e>
20000892:	2b00      	cmp	r3, #0
20000894:	d015      	beq.n	200008c2 <hw_endpoint_start_next_buffer+0x5a>
20000896:	4b11      	ldr	r3, [pc, #68]	@ (200008dc <hw_endpoint_start_next_buffer+0x74>)
20000898:	401e      	ands	r6, r3
2000089a:	2380      	movs	r3, #128	@ 0x80
2000089c:	059b      	lsls	r3, r3, #22
2000089e:	4333      	orrs	r3, r6
200008a0:	6862      	ldr	r2, [r4, #4]
200008a2:	6013      	str	r3, [r2, #0]
200008a4:	002a      	movs	r2, r5
200008a6:	2100      	movs	r1, #0
200008a8:	0020      	movs	r0, r4
200008aa:	f7ff ffb7 	bl	2000081c <_hw_endpoint_buffer_control_update32>
200008ae:	bd70      	pop	{r4, r5, r6, pc}
200008b0:	78a3      	ldrb	r3, [r4, #2]
200008b2:	09db      	lsrs	r3, r3, #7
200008b4:	d103      	bne.n	200008be <hw_endpoint_start_next_buffer+0x56>
200008b6:	3301      	adds	r3, #1
200008b8:	e7e8      	b.n	2000088c <hw_endpoint_start_next_buffer+0x24>
200008ba:	2301      	movs	r3, #1
200008bc:	e7e6      	b.n	2000088c <hw_endpoint_start_next_buffer+0x24>
200008be:	2300      	movs	r3, #0
200008c0:	e7e4      	b.n	2000088c <hw_endpoint_start_next_buffer+0x24>
200008c2:	2101      	movs	r1, #1
200008c4:	0020      	movs	r0, r4
200008c6:	f7ff feef 	bl	200006a8 <prepare_ep_buffer>
200008ca:	4305      	orrs	r5, r0
200008cc:	4a04      	ldr	r2, [pc, #16]	@ (200008e0 <hw_endpoint_start_next_buffer+0x78>)
200008ce:	4032      	ands	r2, r6
200008d0:	23a0      	movs	r3, #160	@ 0xa0
200008d2:	05db      	lsls	r3, r3, #23
200008d4:	4313      	orrs	r3, r2
200008d6:	e7e3      	b.n	200008a0 <hw_endpoint_start_next_buffer+0x38>
200008d8:	50110000 	.word	0x50110000
200008dc:	afffffff 	.word	0xafffffff
200008e0:	dfffffff 	.word	0xdfffffff

200008e4 <hw_endpoint_xfer_continue>:
200008e4:	b570      	push	{r4, r5, r6, lr}
200008e6:	0004      	movs	r4, r0
200008e8:	7e85      	ldrb	r5, [r0, #26]
200008ea:	2d00      	cmp	r5, #0
200008ec:	d006      	beq.n	200008fc <hw_endpoint_xfer_continue+0x18>
200008ee:	f7ff ff7b 	bl	200007e8 <_hw_endpoint_xfer_sync>
200008f2:	8aa3      	ldrh	r3, [r4, #20]
200008f4:	2b00      	cmp	r3, #0
200008f6:	d105      	bne.n	20000904 <hw_endpoint_xfer_continue+0x20>
200008f8:	0028      	movs	r0, r5
200008fa:	bd70      	pop	{r4, r5, r6, pc}
200008fc:	7881      	ldrb	r1, [r0, #2]
200008fe:	4808      	ldr	r0, [pc, #32]	@ (20000920 <hw_endpoint_xfer_continue+0x3c>)
20000900:	f000 f946 	bl	20000b90 <__panic_veneer>
20000904:	0020      	movs	r0, r4
20000906:	f7ff ff1b 	bl	20000740 <e15_is_critical_frame_period>
2000090a:	1e05      	subs	r5, r0, #0
2000090c:	d003      	beq.n	20000916 <hw_endpoint_xfer_continue+0x32>
2000090e:	2301      	movs	r3, #1
20000910:	7723      	strb	r3, [r4, #28]
20000912:	2500      	movs	r5, #0
20000914:	e7f0      	b.n	200008f8 <hw_endpoint_xfer_continue+0x14>
20000916:	0020      	movs	r0, r4
20000918:	f7ff ffa6 	bl	20000868 <hw_endpoint_start_next_buffer>
2000091c:	e7ec      	b.n	200008f8 <hw_endpoint_xfer_continue+0x14>
2000091e:	46c0      	nop			@ (mov r8, r8)
20000920:	1000879c 	.word	0x1000879c

20000924 <dcd_event_handler>:
20000924:	b570      	push	{r4, r5, r6, lr}
20000926:	b084      	sub	sp, #16
20000928:	0005      	movs	r5, r0
2000092a:	000e      	movs	r6, r1
2000092c:	7843      	ldrb	r3, [r0, #1]
2000092e:	2b04      	cmp	r3, #4
20000930:	d041      	beq.n	200009b6 <dcd_event_handler+0x92>
20000932:	d909      	bls.n	20000948 <dcd_event_handler+0x24>
20000934:	2b05      	cmp	r3, #5
20000936:	d048      	beq.n	200009ca <dcd_event_handler+0xa6>
20000938:	2b06      	cmp	r3, #6
2000093a:	d11a      	bne.n	20000972 <dcd_event_handler+0x4e>
2000093c:	4a6e      	ldr	r2, [pc, #440]	@ (20000af8 <dcd_event_handler+0x1d4>)
2000093e:	7813      	ldrb	r3, [r2, #0]
20000940:	3301      	adds	r3, #1
20000942:	b2db      	uxtb	r3, r3
20000944:	7013      	strb	r3, [r2, #0]
20000946:	e014      	b.n	20000972 <dcd_event_handler+0x4e>
20000948:	2b02      	cmp	r3, #2
2000094a:	d003      	beq.n	20000954 <dcd_event_handler+0x30>
2000094c:	2b03      	cmp	r3, #3
2000094e:	d110      	bne.n	20000972 <dcd_event_handler+0x4e>
20000950:	2400      	movs	r4, #0
20000952:	e050      	b.n	200009f6 <dcd_event_handler+0xd2>
20000954:	4b69      	ldr	r3, [pc, #420]	@ (20000afc <dcd_event_handler+0x1d8>)
20000956:	781a      	ldrb	r2, [r3, #0]
20000958:	2101      	movs	r1, #1
2000095a:	438a      	bics	r2, r1
2000095c:	701a      	strb	r2, [r3, #0]
2000095e:	781a      	ldrb	r2, [r3, #0]
20000960:	3101      	adds	r1, #1
20000962:	438a      	bics	r2, r1
20000964:	701a      	strb	r2, [r3, #0]
20000966:	2200      	movs	r2, #0
20000968:	705a      	strb	r2, [r3, #1]
2000096a:	781a      	ldrb	r2, [r3, #0]
2000096c:	3102      	adds	r1, #2
2000096e:	438a      	bics	r2, r1
20000970:	701a      	strb	r2, [r3, #0]
20000972:	4b63      	ldr	r3, [pc, #396]	@ (20000b00 <dcd_event_handler+0x1dc>)
20000974:	681c      	ldr	r4, [r3, #0]
20000976:	6962      	ldr	r2, [r4, #20]
20000978:	f3ef 8110 	mrs	r1, PRIMASK
2000097c:	b672      	cpsid	i
2000097e:	6813      	ldr	r3, [r2, #0]
20000980:	2b00      	cmp	r3, #0
20000982:	d0fc      	beq.n	2000097e <dcd_event_handler+0x5a>
20000984:	f3bf 8f5f 	dmb	sy
20000988:	61a1      	str	r1, [r4, #24]
2000098a:	0029      	movs	r1, r5
2000098c:	0020      	movs	r0, r4
2000098e:	f000 f8f7 	bl	20000b80 <__tu_fifo_write_veneer>
20000992:	6962      	ldr	r2, [r4, #20]
20000994:	69a3      	ldr	r3, [r4, #24]
20000996:	f3bf 8f5f 	dmb	sy
2000099a:	2100      	movs	r1, #0
2000099c:	6011      	str	r1, [r2, #0]
2000099e:	f383 8810 	msr	PRIMASK, r3
200009a2:	2800      	cmp	r0, #0
200009a4:	d100      	bne.n	200009a8 <dcd_event_handler+0x84>
200009a6:	e0a0      	b.n	20000aea <dcd_event_handler+0x1c6>
200009a8:	7828      	ldrb	r0, [r5, #0]
200009aa:	7869      	ldrb	r1, [r5, #1]
200009ac:	0032      	movs	r2, r6
200009ae:	f000 f8ff 	bl	20000bb0 <__tud_event_hook_cb_veneer>
200009b2:	b004      	add	sp, #16
200009b4:	bd70      	pop	{r4, r5, r6, pc}
200009b6:	4b51      	ldr	r3, [pc, #324]	@ (20000afc <dcd_event_handler+0x1d8>)
200009b8:	781b      	ldrb	r3, [r3, #0]
200009ba:	07db      	lsls	r3, r3, #31
200009bc:	d5f9      	bpl.n	200009b2 <dcd_event_handler+0x8e>
200009be:	4a4f      	ldr	r2, [pc, #316]	@ (20000afc <dcd_event_handler+0x1d8>)
200009c0:	7813      	ldrb	r3, [r2, #0]
200009c2:	2104      	movs	r1, #4
200009c4:	430b      	orrs	r3, r1
200009c6:	7013      	strb	r3, [r2, #0]
200009c8:	e7d3      	b.n	20000972 <dcd_event_handler+0x4e>
200009ca:	4b4c      	ldr	r3, [pc, #304]	@ (20000afc <dcd_event_handler+0x1d8>)
200009cc:	781b      	ldrb	r3, [r3, #0]
200009ce:	07db      	lsls	r3, r3, #31
200009d0:	d5ef      	bpl.n	200009b2 <dcd_event_handler+0x8e>
200009d2:	4a4a      	ldr	r2, [pc, #296]	@ (20000afc <dcd_event_handler+0x1d8>)
200009d4:	7813      	ldrb	r3, [r2, #0]
200009d6:	2104      	movs	r1, #4
200009d8:	438b      	bics	r3, r1
200009da:	7013      	strb	r3, [r2, #0]
200009dc:	e7c9      	b.n	20000972 <dcd_event_handler+0x4e>
200009de:	1ae3      	subs	r3, r4, r3
200009e0:	015b      	lsls	r3, r3, #5
200009e2:	4a48      	ldr	r2, [pc, #288]	@ (20000b04 <dcd_event_handler+0x1e0>)
200009e4:	189b      	adds	r3, r3, r2
200009e6:	69db      	ldr	r3, [r3, #28]
200009e8:	2b00      	cmp	r3, #0
200009ea:	d002      	beq.n	200009f2 <dcd_event_handler+0xce>
200009ec:	7828      	ldrb	r0, [r5, #0]
200009ee:	6869      	ldr	r1, [r5, #4]
200009f0:	4798      	blx	r3
200009f2:	3401      	adds	r4, #1
200009f4:	b2e4      	uxtb	r4, r4
200009f6:	4b44      	ldr	r3, [pc, #272]	@ (20000b08 <dcd_event_handler+0x1e4>)
200009f8:	781b      	ldrb	r3, [r3, #0]
200009fa:	42a3      	cmp	r3, r4
200009fc:	d307      	bcc.n	20000a0e <dcd_event_handler+0xea>
200009fe:	d9ee      	bls.n	200009de <dcd_event_handler+0xba>
20000a00:	4b42      	ldr	r3, [pc, #264]	@ (20000b0c <dcd_event_handler+0x1e8>)
20000a02:	681b      	ldr	r3, [r3, #0]
20000a04:	0162      	lsls	r2, r4, #5
20000a06:	189b      	adds	r3, r3, r2
20000a08:	2b00      	cmp	r3, #0
20000a0a:	d1ec      	bne.n	200009e6 <dcd_event_handler+0xc2>
20000a0c:	e7f1      	b.n	200009f2 <dcd_event_handler+0xce>
20000a0e:	4b3b      	ldr	r3, [pc, #236]	@ (20000afc <dcd_event_handler+0x1d8>)
20000a10:	781b      	ldrb	r3, [r3, #0]
20000a12:	075b      	lsls	r3, r3, #29
20000a14:	d52e      	bpl.n	20000a74 <dcd_event_handler+0x150>
20000a16:	4a39      	ldr	r2, [pc, #228]	@ (20000afc <dcd_event_handler+0x1d8>)
20000a18:	7813      	ldrb	r3, [r2, #0]
20000a1a:	2104      	movs	r1, #4
20000a1c:	438b      	bics	r3, r1
20000a1e:	7013      	strb	r3, [r2, #0]
20000a20:	ac01      	add	r4, sp, #4
20000a22:	220c      	movs	r2, #12
20000a24:	2100      	movs	r1, #0
20000a26:	0020      	movs	r0, r4
20000a28:	f000 f882 	bl	20000b30 <____wrap_memset_veneer>
20000a2c:	782b      	ldrb	r3, [r5, #0]
20000a2e:	7023      	strb	r3, [r4, #0]
20000a30:	2305      	movs	r3, #5
20000a32:	7063      	strb	r3, [r4, #1]
20000a34:	4b32      	ldr	r3, [pc, #200]	@ (20000b00 <dcd_event_handler+0x1dc>)
20000a36:	681c      	ldr	r4, [r3, #0]
20000a38:	6962      	ldr	r2, [r4, #20]
20000a3a:	f3ef 8110 	mrs	r1, PRIMASK
20000a3e:	b672      	cpsid	i
20000a40:	6813      	ldr	r3, [r2, #0]
20000a42:	2b00      	cmp	r3, #0
20000a44:	d0fc      	beq.n	20000a40 <dcd_event_handler+0x11c>
20000a46:	f3bf 8f5f 	dmb	sy
20000a4a:	61a1      	str	r1, [r4, #24]
20000a4c:	a901      	add	r1, sp, #4
20000a4e:	0020      	movs	r0, r4
20000a50:	f000 f896 	bl	20000b80 <__tu_fifo_write_veneer>
20000a54:	6962      	ldr	r2, [r4, #20]
20000a56:	69a3      	ldr	r3, [r4, #24]
20000a58:	f3bf 8f5f 	dmb	sy
20000a5c:	2100      	movs	r1, #0
20000a5e:	6011      	str	r1, [r2, #0]
20000a60:	f383 8810 	msr	PRIMASK, r3
20000a64:	2800      	cmp	r0, #0
20000a66:	d032      	beq.n	20000ace <dcd_event_handler+0x1aa>
20000a68:	ab01      	add	r3, sp, #4
20000a6a:	7818      	ldrb	r0, [r3, #0]
20000a6c:	7859      	ldrb	r1, [r3, #1]
20000a6e:	0032      	movs	r2, r6
20000a70:	f000 f89e 	bl	20000bb0 <__tud_event_hook_cb_veneer>
20000a74:	4b21      	ldr	r3, [pc, #132]	@ (20000afc <dcd_event_handler+0x1d8>)
20000a76:	78db      	ldrb	r3, [r3, #3]
20000a78:	07db      	lsls	r3, r3, #31
20000a7a:	d400      	bmi.n	20000a7e <dcd_event_handler+0x15a>
20000a7c:	e799      	b.n	200009b2 <dcd_event_handler+0x8e>
20000a7e:	782a      	ldrb	r2, [r5, #0]
20000a80:	ab01      	add	r3, sp, #4
20000a82:	701a      	strb	r2, [r3, #0]
20000a84:	2203      	movs	r2, #3
20000a86:	705a      	strb	r2, [r3, #1]
20000a88:	686a      	ldr	r2, [r5, #4]
20000a8a:	9202      	str	r2, [sp, #8]
20000a8c:	4b1c      	ldr	r3, [pc, #112]	@ (20000b00 <dcd_event_handler+0x1dc>)
20000a8e:	681c      	ldr	r4, [r3, #0]
20000a90:	6962      	ldr	r2, [r4, #20]
20000a92:	f3ef 8110 	mrs	r1, PRIMASK
20000a96:	b672      	cpsid	i
20000a98:	6813      	ldr	r3, [r2, #0]
20000a9a:	2b00      	cmp	r3, #0
20000a9c:	d0fc      	beq.n	20000a98 <dcd_event_handler+0x174>
20000a9e:	f3bf 8f5f 	dmb	sy
20000aa2:	61a1      	str	r1, [r4, #24]
20000aa4:	a901      	add	r1, sp, #4
20000aa6:	0020      	movs	r0, r4
20000aa8:	f000 f86a 	bl	20000b80 <__tu_fifo_write_veneer>
20000aac:	6962      	ldr	r2, [r4, #20]
20000aae:	69a3      	ldr	r3, [r4, #24]
20000ab0:	f3bf 8f5f 	dmb	sy
20000ab4:	2100      	movs	r1, #0
20000ab6:	6011      	str	r1, [r2, #0]
20000ab8:	f383 8810 	msr	PRIMASK, r3
20000abc:	2800      	cmp	r0, #0
20000abe:	d00d      	beq.n	20000adc <dcd_event_handler+0x1b8>
20000ac0:	ab01      	add	r3, sp, #4
20000ac2:	7818      	ldrb	r0, [r3, #0]
20000ac4:	7859      	ldrb	r1, [r3, #1]
20000ac6:	0032      	movs	r2, r6
20000ac8:	f000 f872 	bl	20000bb0 <__tud_event_hook_cb_veneer>
20000acc:	e771      	b.n	200009b2 <dcd_event_handler+0x8e>
20000ace:	2266      	movs	r2, #102	@ 0x66
20000ad0:	490f      	ldr	r1, [pc, #60]	@ (20000b10 <dcd_event_handler+0x1ec>)
20000ad2:	4810      	ldr	r0, [pc, #64]	@ (20000b14 <dcd_event_handler+0x1f0>)
20000ad4:	32ff      	adds	r2, #255	@ 0xff
20000ad6:	f000 f843 	bl	20000b60 <____wrap_printf_veneer>
20000ada:	e7cb      	b.n	20000a74 <dcd_event_handler+0x150>
20000adc:	2266      	movs	r2, #102	@ 0x66
20000ade:	490c      	ldr	r1, [pc, #48]	@ (20000b10 <dcd_event_handler+0x1ec>)
20000ae0:	480c      	ldr	r0, [pc, #48]	@ (20000b14 <dcd_event_handler+0x1f0>)
20000ae2:	32ff      	adds	r2, #255	@ 0xff
20000ae4:	f000 f83c 	bl	20000b60 <____wrap_printf_veneer>
20000ae8:	e763      	b.n	200009b2 <dcd_event_handler+0x8e>
20000aea:	2266      	movs	r2, #102	@ 0x66
20000aec:	4908      	ldr	r1, [pc, #32]	@ (20000b10 <dcd_event_handler+0x1ec>)
20000aee:	4809      	ldr	r0, [pc, #36]	@ (20000b14 <dcd_event_handler+0x1f0>)
20000af0:	32ff      	adds	r2, #255	@ 0xff
20000af2:	f000 f835 	bl	20000b60 <____wrap_printf_veneer>
20000af6:	e75c      	b.n	200009b2 <dcd_event_handler+0x8e>
20000af8:	20001af7 	.word	0x20001af7
20000afc:	20001010 	.word	0x20001010
20000b00:	20001068 	.word	0x20001068
20000b04:	10008d50 	.word	0x10008d50
20000b08:	20001af5 	.word	0x20001af5
20000b0c:	20000e60 	.word	0x20000e60
20000b10:	10008ccc 	.word	0x10008ccc
20000b14:	100087fc 	.word	0x100087fc

20000b18 <__aeabi_idiv0>:
20000b18:	4770      	bx	lr
20000b1a:	46c0      	nop			@ (mov r8, r8)
20000b1c:	0000      	movs	r0, r0
	...

20000b20 <__best_effort_wfe_or_timeout_veneer>:
20000b20:	b401      	push	{r0}
20000b22:	4802      	ldr	r0, [pc, #8]	@ (20000b2c <__best_effort_wfe_or_timeout_veneer+0xc>)
20000b24:	4684      	mov	ip, r0
20000b26:	bc01      	pop	{r0}
20000b28:	4760      	bx	ip
20000b2a:	bf00      	nop
20000b2c:	10001549 	.word	0x10001549

20000b30 <____wrap_memset_veneer>:
20000b30:	b401      	push	{r0}
20000b32:	4802      	ldr	r0, [pc, #8]	@ (20000b3c <____wrap_memset_veneer+0xc>)
20000b34:	4684      	mov	ip, r0
20000b36:	bc01      	pop	{r0}
20000b38:	4760      	bx	ip
20000b3a:	bf00      	nop
20000b3c:	10002cdd 	.word	0x10002cdd

20000b40 <__time_us_64_veneer>:
20000b40:	b401      	push	{r0}
20000b42:	4802      	ldr	r0, [pc, #8]	@ (20000b4c <__time_us_64_veneer+0xc>)
20000b44:	4684      	mov	ip, r0
20000b46:	bc01      	pop	{r0}
20000b48:	4760      	bx	ip
20000b4a:	bf00      	nop
20000b4c:	10001731 	.word	0x10001731

20000b50 <__rp2040_chip_version_veneer>:
20000b50:	b401      	push	{r0}
20000b52:	4802      	ldr	r0, [pc, #8]	@ (20000b5c <__rp2040_chip_version_veneer+0xc>)
20000b54:	4684      	mov	ip, r0
20000b56:	bc01      	pop	{r0}
20000b58:	4760      	bx	ip
20000b5a:	bf00      	nop
20000b5c:	100005dd 	.word	0x100005dd

20000b60 <____wrap_printf_veneer>:
20000b60:	b401      	push	{r0}
20000b62:	4802      	ldr	r0, [pc, #8]	@ (20000b6c <____wrap_printf_veneer+0xc>)
20000b64:	4684      	mov	ip, r0
20000b66:	bc01      	pop	{r0}
20000b68:	4760      	bx	ip
20000b6a:	bf00      	nop
20000b6c:	100041e1 	.word	0x100041e1

20000b70 <____wrap___aeabi_lmul_veneer>:
20000b70:	b401      	push	{r0}
20000b72:	4802      	ldr	r0, [pc, #8]	@ (20000b7c <____wrap___aeabi_lmul_veneer+0xc>)
20000b74:	4684      	mov	ip, r0
20000b76:	bc01      	pop	{r0}
20000b78:	4760      	bx	ip
20000b7a:	bf00      	nop
20000b7c:	10002b69 	.word	0x10002b69

20000b80 <__tu_fifo_write_veneer>:
20000b80:	b401      	push	{r0}
20000b82:	4802      	ldr	r0, [pc, #8]	@ (20000b8c <__tu_fifo_write_veneer+0xc>)
20000b84:	4684      	mov	ip, r0
20000b86:	bc01      	pop	{r0}
20000b88:	4760      	bx	ip
20000b8a:	bf00      	nop
20000b8c:	10006b81 	.word	0x10006b81

20000b90 <__panic_veneer>:
20000b90:	b401      	push	{r0}
20000b92:	4802      	ldr	r0, [pc, #8]	@ (20000b9c <__panic_veneer+0xc>)
20000b94:	4684      	mov	ip, r0
20000b96:	bc01      	pop	{r0}
20000b98:	4760      	bx	ip
20000b9a:	bf00      	nop
20000b9c:	10000631 	.word	0x10000631

20000ba0 <____assert_func_veneer>:
20000ba0:	b401      	push	{r0}
20000ba2:	4802      	ldr	r0, [pc, #8]	@ (20000bac <____assert_func_veneer+0xc>)
20000ba4:	4684      	mov	ip, r0
20000ba6:	bc01      	pop	{r0}
20000ba8:	4760      	bx	ip
20000baa:	bf00      	nop
20000bac:	10003ee9 	.word	0x10003ee9

20000bb0 <__tud_event_hook_cb_veneer>:
20000bb0:	b401      	push	{r0}
20000bb2:	4802      	ldr	r0, [pc, #8]	@ (20000bbc <__tud_event_hook_cb_veneer+0xc>)
20000bb4:	4684      	mov	ip, r0
20000bb6:	bc01      	pop	{r0}
20000bb8:	4760      	bx	ip
20000bba:	bf00      	nop
20000bbc:	1000516d 	.word	0x1000516d

20000bc0 <__unaligned_memcpy_veneer>:
20000bc0:	b401      	push	{r0}
20000bc2:	4802      	ldr	r0, [pc, #8]	@ (20000bcc <__unaligned_memcpy_veneer+0xc>)
20000bc4:	4684      	mov	ip, r0
20000bc6:	bc01      	pop	{r0}
20000bc8:	4760      	bx	ip
20000bca:	bf00      	nop
20000bcc:	10004e81 	.word	0x10004e81

20000bd0 <striped_spin_lock_num>:
20000bd0:	00000010                                ....

20000bd4 <irq_handler_chain_slots>:
20000bd4:	00000000 	.word	0x00000000
20000bd8:	00010000 	.word	0x00010000
	...
20000be4:	00020000 	.word	0x00020000
	...
20000bf0:	00030000 	.word	0x00030000
	...
20000bfc:	00040000 	.word	0x00040000
	...
20000c08:	00050000 	.word	0x00050000
	...
20000c14:	00ff0000 	.word	0x00ff0000
20000c18:	00000000 	.word	0x00000000

20000c1c <irq_handler_chain_first_slot>:
20000c1c:	b501      	push	{r0, lr}
20000c1e:	6848      	ldr	r0, [r1, #4]
20000c20:	3101      	adds	r1, #1
20000c22:	468e      	mov	lr, r1
20000c24:	4700      	bx	r0

20000c26 <irq_handler_chain_remove_tail>:
20000c26:	4670      	mov	r0, lr
20000c28:	3809      	subs	r0, #9
20000c2a:	4901      	ldr	r1, [pc, #4]	@ (20000c30 <irq_handler_chain_remove_tail+0xa>)
20000c2c:	4788      	blx	r1
20000c2e:	bd01      	pop	{r0, pc}
20000c30:	10000cf9 	.word	0x10000cf9

20000c34 <default_alarm_pool>:
	...
20000c48:	20000cd8 00000000                       ... ....

20000c50 <aeabi_bits_funcs>:
20000c50:	00003350 	.word	0x00003350
20000c54:	0000334c 	.word	0x0000334c
20000c58:	00003354 	.word	0x00003354
20000c5c:	00003352 	.word	0x00003352

20000c60 <aeabi_bits_funcs_end>:
20000c60:	0000534d 	.word	0x0000534d
20000c64:	0000434d 	.word	0x0000434d
20000c68:	00003453 	.word	0x00003453
20000c6c:	00003443 	.word	0x00003443

20000c70 <stdio_uart>:
20000c70:	1000427d 10004321 1000429d 10004331     }B..!C...B..1C..
20000c80:	00000000 00000100                       ........

20000c88 <stdio_usb>:
20000c88:	100047c5 1000444d 10004725 10004439     .G..MD..%G..9D..
20000c98:	00000000 00000100                       ........

20000ca0 <_usbd_qdef>:
20000ca0:	2000106c 000c0010 00000000 00000000     l.. ............
	...

20000cbc <_usbd_rhport>:
20000cbc:	000000ff                                ....

20000cc0 <i2c1_inst>:
20000cc0:	40048000 00000000                       ...@....

20000cc8 <i2c0_inst>:
20000cc8:	40044000 00000000                       .@.@....

20000cd0 <print_mutex>:
	...
