:020000041000EA
:1000000000B5324B212058609868022188439860DF
:10001000D860186158612E4B002199600221596106
:100020000121F02299502B49196001219960352056
:1000300000F044F80222904214D00621196600F024
:1000400034F8196E01211966002018661A6600F04E
:100050002CF8196E196E196E052000F02FF8012189
:100060000842F9D1002199601B49196000215960AB
:100070001A491B48016001219960EB211966A021F2
:10008000196600F012F800219960164914480160C1
:100090000121996001BC002800D000471248134993
:1000A000086003C880F30888084703B5996A0420EC
:1000B0000142FBD001200142F8D103BD02B5186610
:1000C0001866FFF7F2FF186E186E02BD00000240BE
:1000D000000000180000070000035F00212200005C
:1000E000F4000018222000A00001001008ED00E03C
:1000F00000000000000000000000000074B24E7A12
:1001000000200420F7010010CB010010CD010010E9
:10011000C9010010C9010010C9010010C901001077
:10012000C9010010C9010010C9010010CF01001061
:10013000C9010010C9010010D1010010D301001045
:10014000C1010010C1010010C1010010C101001067
:10015000C1010010C1010010C1010010C101001057
:10016000C1010010C1010010C1010010C101001047
:10017000C1010010C1010010C1010010C101001037
:10018000C1010010C1010010C1010010C101001027
:10019000C1010010C1010010C1010010C101001017
:1001A000C1010010C1010010C1010010C101001007
:1001B000C1010010C1010010C1010010C1010010F7
:1001C000EFF30580103800BE00BE00BE00BE00BECA
:1001D00000BE00BEF2EB8871808E0010AC8E001065
:1001E0003802001090A31AE700201E49086006C8D4
:1001F00081F3088810471C480068002801D00020BF
:10020000F3E70DA40ECC002902D000F012F8F9E7B4
:100210001649174A002000E001C19142FCD115495E
:100220008847154988471549884700BEFDE701C939
:1002300001C29A42FBD37047AC8E0010C000002070
:10024000D80C0020C49A00100000042000000420F4
:10025000C49A0010001004200010042000000000C8
:100260007047000008ED00E0000000D0D80C00202E
:10027000001B0020213F001081020010E33E00100F
:1002800070B586B003F068FFFA20C00001F052F9A3
:100290000A2003F068FF944C200003F072FF93489B
:1002A00003F06FFF200003F06CFF192000F08AF9C3
:1002B000D0231B06802292045A6200240CE0D02531
:1002C0002D068026B6046E61962001F033F9AE61EA
:1002D000962001F02FF90134032CF0DD844803F05F
:1002E00050FF8449292007F045F900280BDB82489C
:1002F00003F047FF814803F044FF0B236B440022C7
:100300001A70002413E07E4803F03BFF012006B082
:1003100070BD0221292007F0DFF90234FA23DB0047
:100320009C420FDA0B236B441B78002B0ED10B2160
:100330006944292007F0AEF8011EEAD0714803F0A5
:100340004FFFE6E7704803F01CFFDFE76F4803F05C
:1003500018FF292006F0C4FE04006D48210003F0B8
:100360003FFF002C2ED10121292006F0EDFF0400D3
:100370006848210003F034FF002C27D16421292094
:1003800006F04EFF04006448210003F029FF002C12
:1003900020D1C821292007F055F804005F4821002A
:1003A00003F01EFF002C19D1292006F071FE040075
:1003B0005B48210003F014FF002C13D0594803F0D0
:1003C000E0FEA3E7584803F0DCFE9FE7574803F040
:1003D000D8FE9BE7564803F0D4FE97E7554803F054
:1003E000D0FE93E70A2003F0BEFE3F4803F0C9FEAB
:1003F000514803F0C6FE514803F0C3FE29E0504BBC
:100400000100180003F0ECFE002D49D10A236B44D3
:100410001B78002B4BD003A9292007F04FF8011EB1
:100420004FD103A8017842888388C488058945484C
:100430000195009403F0D4FE292006F011FE011E60
:1004400049D1292006F02AFE011E48D1642001F07E
:1004500071F80A236B4400221A70292006F018FE56
:100460000100051E06D0384803F0BAFE642001F0F2
:1004700061F8EEE700240A236B441B78002BC3D1FC
:10048000FA239B009C42BFDA0A216944292006F026
:100490000BFE051EB3D1052001F04CF80534EAE748
:1004A000292006F0FBFD642001F044F8D1E727483D
:1004B00003F067FE292006F0F1FD642001F03AF810
:1004C000C7E7234803F08CFE292006F0E7FD6420EF
:1004D00001F030F8BDE71F4803F082FEB1E71E4887
:1004E00003F07EFEB2E7C04658780010787800101E
:1004F00090780010C80C0020C8780010DC7800103C
:10050000A4780010FC7800101479001030790010E5
:100510004C79001084790010BC790010F479001037
:10052000387A00104C7A00105C7900109C79001029
:10053000D4790010107A0010647A0010807A0010CC
:10054000B87A0010107B0010A07A0010D87A001042
:10055000F87A0010507B00106C7B001010B58300FF
:10056000084A9A18126840245440C0222240064C7F
:10057000A44663441A60C000044B9C46604441603A
:1005800010BDC04604C0014004D0014000400140FD
:1005900080000B4B9C46604400290ED00823002AA3
:1005A00000D004221343026853400C2213408022DF
:1005B000520194466044036070470023EFE7C04651
:1005C00004C0014010B501238340D022120693627B
:1005D00093610521FFF7C2FF10BD000010B5802315
:1005E000DB05186803051B0D0B4A934207D10B4B23
:1005F000034080229201934207D1000F10BD084BA7
:10060000084A0948132103F06FFC084B054A0648C5
:10061000142103F069FCC0462709000000F0FF0F19
:10062000847B00107C880010A87B0010F07B0010F9
:100630000FB400B583B0084803F0A3FD049B002B62
:1006400007D005A90191180003F0AAFD034803F0A3
:1006500098FD012003F042FC047C00100C7B00108C
:10066000EFF3108072B6034B1B68002BFBD0BFF377
:100670005F8F70472C0100D0BFF35F8F024B0022C9
:100680001A6080F3108870472C0100D070B5050007
:100690000C001600FFF7E4FFE308EA189446E95C53
:1006A00007222240012393400B4206D1DBB20B43C9
:1006B00062461370FFF7E0FF70BD21003000FFF7C6
:1006C000B7FFF0B583B00500019114001E00FFF7DD
:1006D000C7FF00E00134B4420CD8E308EF18EB5C2C
:1006E0000721214001228A401A42F3D1D2B21A4393
:1006F0003A7001E001246442FFF7BEFF002C02DBE8
:10070000200003B0F0BD019B002BF9D00898FFF743
:100710008FFF0000054A1078431CDBB21370172BC3
:1007200002D9130010221A707047C046D00B002067
:1007300000B583B001000448044B00931F23182226
:10074000FFF7BFFF03B000BD40140020147C001071
:10075000002307E0054A9A189200BFF35F8F00213B
:10076000116001331F2BF5D97047C046400000349B
:10077000074B9B68103080001950BFF35F8FBFF3A9
:100780005F8F044B0021196082F310887047C046C8
:1007900000ED00E0240100D00048704700E400E0D4
:1007A00010B5FFF7F9FF002302E0034A04C001334C
:1007B000072BFAD910BDC0468080808010B5038811
:1007C000DA0A1C2A05D15B055B1502335B00C018F1
:1007D00010BD034B034AA0210348490003F084FBEA
:1007E000307C0010DC880010487C001010B5091A1D
:1007F0000B1F0A4A88180A4A904208D8C90706D42B
:100800005B105B055B0D0748184380B210BD064BBB
:10081000064A99210648490003F066FBFC070000E0
:10082000FE0F000000E0FFFF907C0010D088001059
:10083000487C001010B5091A04394A08090B08D180
:100840004905490D064B0B430380064B1343438078
:1008500010BD054B054A9D210548490003F044FBA6
:1008600000F0FFFF00F8FFFFC07C0010AC88001014
:10087000487C001001238340034A10681840431E3F
:100880009841C0B27047C04600E100E0002A05D0A0
:10089000044BC0225200995019607047014A8023CE
:1008A000D150FAE700E100E010B50A001F23034031
:1008B000012199404009FFF7E9FF10BD0123834062
:1008C0000249802252008B507047C04600E100E090
:1008D000024B9B6810308000C058704700ED00E06C
:1008E00010B5FFF7F5FF044BC31A002047229A42C8
:1008F0004041C0B210BDC046D40B002070B5050009
:100900000E00EFF3108472B60D4B1B68002BFBD06A
:10091000BFF35F8F2800FFF7DBFF0A4B984201D03F
:10092000B04205D1220031002800FFF721FF70BD41
:10093000054B064A12210648FF3103F0D5FAC0469E
:10094000240100D0C1010010D07C001004890010E7
:10095000487C0010F0B5DE4657464E464546E0B5A9
:1009600089B0814601911500EFF3108372B69A4663
:100970006E4B1B68002BFBD0BFF35F8F6C4B0026C8
:100980009E57002E40DB7400A419A4006948231868
:100990009B4606229A56664B1A70674B9A684B46DE
:1009A00010339B00D7583B1A472B3BD9634B9F42D0
:1009B00031D105AF624B3B806249730002939819B5
:1009C00080005C4C00190230FFF710FF78805E4B0E
:1009D000BB80FF23BB71FD71019A0792029B9B199B
:1009E0009B00E31807CF07C301275B463B431F006B
:1009F000524639004846FFF7BBFE09B0F0BCBB4683
:100A0000B246A946A046F0BD504B514AD0215148AC
:100A1000490003F069FA504B4D4AA8214D48FF3177
:100A200003F062FA01233A009A439046101A0C210F
:100A300001F05EFA00290FD143460024DA79AA4278
:100A400012D90621595600290DDB4A00521892008E
:100A500038491C008B18F1E7404B3D4ADC213D48EA
:100A6000490003F041FA1C00002C2DD005AB3C4A94
:100A70001A80813A5A800623E3569846002B16DAEC
:100A8000384804AB188142469A72DD72019B079385
:100A9000201D5946FFF7AAFEA080A671254B7200C3
:100AA000921992009B1805AA13CA13C3A0E7201D30
:100AB000FFF784FE01007000801980001D4BC018F4
:100AC0000430FFF793FEDCE705AF1D4B3B801D496B
:100AD000730002939B199B00164C1800A4466044B7
:100AE00003900230FFF782FE7880039A101D414682
:100AF000FFF77CFEB8801C4B4246121B5241534309
:100B00001B0DBB71FD7101990791029B9B199B0005
:100B1000A446634407CF07C3114B42461380813B71
:100B2000538001275B463B431F0061E7240100D04F
:100B3000F91A0020D40B002000ED00E0C1010010E4
:100B400000A1FFFF1C0C002001BDFFFF087D00106D
:100B5000EC880010487C0010307D0010587D00109B
:100B60000148000001BD0000AAAA0000F0B5CE4671
:100B7000474680B583B080460C00EFF3108772B60D
:100B80004F4B1B68002BFBD0BFF35F8F4D4B9A6818
:100B900045461035AB00D6584B4B9E4207D0A64277
:100BA00000D18AE00196494BF31A472B09D93A0044
:100BB00031004046FFF7DCFD03B0C0BCB946B0468B
:100BC000F0BD4046FFF756FE814600214046FFF744
:100BD0006BFEBFF35F8FEFF30581002901D08D42DB
:100BE00011D10123019D9D430020AB689C4211D08F
:100BF0000622AA56002A0CDB53009B189B00334A9E
:100C00002800D518F1E7324B324A3348334903F014
:100C10006BF928009C4249D106242C57002C2BDB71
:100C20002A4B6200121992009B189A68AA60DA791E
:100C3000EA719B795BB2AB71002B0FDA2848A88070
:100C4000224B6200121992009B18264A1178997162
:100C5000147049464046FFF727FEA8E760000019D8
:100C600080001A4BC0180430FFF7A8FD01002B1DAF
:100C70001800FFF7BBFDE2E7002912D100280ED0D3
:100C8000FF238371184B838016490B78AB710F4A91
:100C9000164BAD1A6D416B431B0D0B70D9E70A4E15
:100CA000F2E71349281DFFF7C5FDD2E7114B094AAA
:100CB0009A210948890003F017F9034E77E7C046E7
:100CC000240100D000ED00E0C1010010D40B002091
:100CD000DC7D0010BC880010487C0010260200005B
:100CE00001BD0000F91A002001BDFFFFAAAA000003
:100CF000260C0020107E001070B5012202432D4BFF
:100D0000D31A472B29D8EFF30583002B2BD0EFF311
:100D1000108172B68C46284909680029FBD0BFF3C0
:100D20005F8F2449254C05006D1A6D416C43240DDD
:100D300064B2234989689B00C958914219D00021A7
:100D4000052930D81B4B4A00521892009B189B79FA
:100D50005BB2A3421DD00131F2E71A4B1A4A1B487D
:100D60001B4903F0C1F81B4B174A18481A4903F0F6
:100D7000BBF8134A92681949D150194B1A788271FD
:100D80001C70BFF35F8F0C4B00221A608CF310882D
:100D900070BD084B4A005518AD005D19FF26AE71B5
:100DA000104AAA80E9E7104B074A08480F4903F0A8
:100DB0009BF8C046D40B0020240100D0AAAA000052
:100DC00000ED00E0187E001090880010487C0010B4
:100DD000A3020000407E0010A6020000C101001026
:100DE000F91A002001BDFFFF4C7E0010B702000081
:100DF00000B583B001000648064B0093052300228E
:100E0000FFF75FFC002801DB1F23181A03B000BDA9
:100E1000FD1A0020547E0010024B9C46614489005C
:100E2000016070474000003410B50400FFF772FC09
:100E300001002000FFF7F0FFFF232371BFF35F8F56
:100E400010BD10B50400FFF765FC01002000FFF79E
:100E5000E3FFFF23237100236371BFF35F8F10BD96
:100E600010B50D4C09E00D4B0D4A0E481A2103F048
:100E70003BF82000FFF7D8FF08340B4B9C4209D207
:100E80002368002BF5D0012BEDD12000FFF7D9FF0F
:100E90000834F2E710BDC046D00C0020707E001070
:100EA00044890010907E0010D80C0020034B9C4613
:100EB000614489000160BFF35F8F704740000034D8
:100EC00010B504000120FFF733FC01002000FFF7FC
:100ED000EDFF10BD30B5836A9C46D41A0B1D9B00F4
:100EE0001B5865465B1B9C4204D3046A01238B405C
:100EF000234202D1043189000A5030BD0004084366
:100F0000704740BF0020002170470000F0B5DE466A
:100F100057464E464546E0B583B0EFF305830322BE
:100F20001A400092B84B9200D35898461B78009A0A
:100F3000934207D10123009A93401A000193B34BC7
:100F40001A6072E0B24BB34AB348B92102F0CCFF49
:100F50005C69236920009847002821D030CC91E0BB
:100F6000AE4800F0B5FB0019694196E0AC4600239D
:100F7000EC5E002C0EDB634600229B5E5D00ED18EC
:100F8000ED005544AA68EB6806000F00B61A9F41B1
:100F9000002FEBDA5B461C804B46624613801CE058
:100FA0005B4600229B5E424613811269EFF3108379
:100FB00072B611680029FCD0BFF35F8F4246022150
:100FC000525E59460A804246494651801269BFF333
:100FD0005F8F0021116083F3108843469B881BB20A
:100FE000002B76DA434608229A5E002A00DABEE039
:100FF0004346596953009B18DB00CB189C68DD6899
:1010000022002B0000998548FFF764FF43469B7937
:10101000002B00D0C0E0814800F05AFB241A8D411B
:10102000002D00DDB0E000D1EAE07C4B019A5A636C
:10103000434608229B5E9946002BCEDB43465A6905
:101040004B465B004B44DB0093469B445B469E68EB
:10105000DF68724800F03CFB801BB9410029BCDB13
:101060005B461C69022C00D172E743460820185EDB
:101070005B46598889B2FFF741FF5B465969A04733
:1010800004000D0023002B4300D189E7002D00DB75
:1010900066E730003900001BA9415B469860D960C3
:1010A00000241C5F002C98DB43465A69924663007B
:1010B0001B19DB0053449A68DB6805000E00AD1A6B
:1010C0009E41002E89DB43461C8147460837BC46BB
:1010D0004FE743461969EFF3108372B60A68002A96
:1010E000FCD0BFF35F8F4246928812B29146012234
:1010F000524241468A800A69BFF35F8F0021116026
:1011000083F310881CE09B4600229A5E002A0EDBC7
:101110005B460021595E4B005B18DB005344986826
:10112000D96826002F00361A8F41002FEBDA4B4684
:1011300059460B80634600215B5E994663461A80E0
:101140004B46002B00DA4DE743465A6992464B4620
:101150005B004B44DB009C46D44463469C68DD68DE
:1011600046460836B346434608229A5ECEE72B4CE5
:10117000200000F0ADFA80221206002312184B4125
:1011800000992000FFF7A6FE40BF03B0F0BCBB46AD
:10119000B246A946A046F0BD0023424693710832EC
:1011A00043460821595E1BE0168043461B699C4656
:1011B000EFF3108372B6994667463F68002FFBD065
:1011C000BFF35F8F47460223FF5E078040464180A2
:1011D0000169BFF35F8F0020086089F31088310038
:1011E0004B1C00D117E743465E694B005B18DB00E0
:1011F000F018F65E43881BB2002BD5DB0200EEE749
:10120000002C00D111E7BFE7B81800203C70054062
:10121000247F001070890010507F001000400540AE
:1012200070B504000D0011000126AE4006622800D2
:10123000FFF764FB01212800FFF736FB024B9C46B9
:101240006444266070BDC04638200000F8B5040034
:101250000F0016001D00C160FFF75CFA124B9C46A0
:101260006044800020612670ABB26381D0221206F8
:1012700012786270012252422281A2809B18638000
:10128000002306E0581E61695A00D218D200885225
:101290000133AB42F6D3054BB200D450044A3100BF
:1012A0003800FFF7BDFFF8BD40000034B81800203B
:1012B0000D0F001010B5064B1B69002B01D0044820
:1012C00010BD044B044A0548722102F00DFEC046D1
:1012D000340C0020907F001058890010507F0010BF
:1012E000F8B504000569EFF3108072B6296800298B
:1012F000FCD0BFF35F8F0221665E656971008919BA
:10130000C9006D18002E02DB0027E95F61802169AA
:10131000BFF35F8F00270F6080F31088002E2CDB57
:101320000699296107996961AA60EB606B880133AE
:101330005B04590C002B00D1012169803000FFF7BC
:10134000DDFD2169EFF3108372B60A68002AFCD034
:10135000BFF35F8FA2882A80A6802269BFF35F8FC8
:101360000021116083F31088E368217801228A400C
:1013700003498C4663441A60F8BD01204042FBE7F4
:101380003C20000070B582B0060014001D0008ABC0
:101390001B78002B07D100F0CBF922002B00121A8A
:1013A0008B41002B0ADB079B0193069B00932200D5
:1013B0002B003000FFF794FF02B070BD0020FBE768
:1013C000F0B5C64600B584B080460F0016001D007B
:1013D0000AAB1C78FFF76EFF029401950096424617
:1013E0003B00FFF7CFFF04B080BCB846F0BD000063
:1013F00030B504000A1443899A4230DA4069530038
:101400009B18DB00C31822699446EFF3108272B672
:10141000604600680028FBD0BFF35F8F588885B214
:101420000904090C884212D000202369BFF35F8FA2
:101430000021196082F31088002811D0E368217818
:1014400001228A4007498C4663441A6008E0064935
:10145000294389B259800123A3710120E5E70020C7
:1014600030BDC0463C2000000080FFFF10B50400E6
:10147000FFF720FF2100FFF7BBFF10BD407870474A
:10148000F0B583B006000F00EFF30583002B1AD1EF
:1014900006246442E517A4197D418D4202D803D188
:1014A000844201D90024002500F042F922002B00DB
:1014B000121A8B41002B0BDC08D03000390000F0F1
:1014C00049F903B0F0BD0D48FFF7B2F8002AF4D097
:1014D0000B4A0023009320002900FFF771FF00282A
:1014E00001DAEAE720BF074B5B6A9D42FAD805495B
:1014F000896AA142E1D29D42DFD1F3E7B47F0010B7
:10150000030F00100040054070B504000D0000F00E
:101510000FF922002B0012184B411000191E02DB9C
:10152000FFF7AEFF70BD012040420149F8E7C04619
:10153000FFFFFF7F10B5FA2292000023002101F087
:1015400013FBFFF7E1FF10BDF0B585B003900291EA
:10155000EFF30583002B13D00B00494A526A8A42ED
:1015600009D34749896A814208D29A4201D00120B1
:1015700002E0002000E0002005B0F0BD0120FBE704
:10158000FFF798FEC3681F000678039A1400029ABA
:101590001500180000F09CF802000B00A41A9D41F1
:1015A0002200311D8900C959091A0020A84210DC07
:1015B0000DD0029B324A526A934232D83049896A2E
:1015C0000398814259D293422BD00120D4E7914213
:1015D000EFD92C4A00230093039D2800029C210090
:1015E000FFF7EEFE002830DD02990D00244B5B6A08
:1015F000994206D8224A926A039CA24202D2994298
:1016000000D120BFFFF732FF1D4B5B6A9D4230D8EF
:101610001B4A926A039882422DD29D4227D0012014
:10162000AAE720BF164A526A93420AD81449896A27
:101630000398814207D2934201D001209CE7002009
:101640009AE7002098E7012096E70D4B5B6A9C42E1
:1016500009D80B49896AA94207D29C4201D00120CE
:101660008AE7002088E7002086E7012084E7002041
:1016700082E7002080E701207EE701207CE7C0466A
:1016800000400540030F001000487047004005402F
:1016900010B5094B1B69002B00D010BDFFF7F4FFFC
:1016A0000400032100F00AF803481023032221005C
:1016B000FFF7CCFDF1E7C046340C002010B5024A1C
:1016C0000248FEF7E3FF10BD048000104414002020
:1016D0000200436A906A1900536A9942FAD170472E
:1016E000416A00E0416A9942FCD300E0416A9942B4
:1016F00002D1816A9142F9D3704770B50600140097
:101700001D00FFF7E5FF02000B001000190022008A
:101710002B0012184B41994202D804D1904202D9B1
:1017200001225242D3173000FFF7DAFF70BD0000EC
:1017300010B50248FFF7CCFF10BDC0460040054081
:1017400010B502000B000248FFF7D7FF10BDC046DE
:101750000040054010B502000B000248FFF7C0FF33
:1017600010BDC04600400540074B98420AD01623E2
:1017700001229A40054B1A60054B1B6811009943E2
:10178000FAD170471723F3E70080034000F00040D0
:1017900008C0004070B5046BE30701D4200070BDA1
:1017A0000B4BC3180B4A1A60436A826A9B019B1851
:1017B0009D02062000F018F9074900F099FB01008E
:1017C000280000F095FB0021FFF7BAFFE6E7C046CE
:1017D00030300000010300004E0E000070B5040020
:1017E0000E001500FFF7D6FFE16A33004B401900E9
:1017F0002B000B401900024BE3181960206370BDE9
:101800002C10000070B505000C00062000F0ECF86C
:10181000C000210000F06CFB0130C60907D00E4B60
:101820009E4215D8400834003F26064000E00124BF
:101830006C62AE62002200212800FFF7CFFF062075
:1018400000F0D2F88000A101891900F051FB70BDB1
:101850000026024CECE7C046FEFF0000FFFF000040
:10186000002909D00A22064B9C4660444342584155
:10187000044B4000C252704780225200F3E7C0463A
:101880000080FCBFDC1A002070B504000D000620AB
:1018900000F0AAF800281ED0104B9C421CD0162243
:1018A000012393400E4A13602000FFF75DFF0021E3
:1018B0002000FFF7D5FF29002000FFF7A3FFE26A11
:1018C00070235A400E331340064AA2181360064B89
:1018D00023630323A36470BD1722E1E70080034064
:1018E00000E000402C10000001030000F8B5CE46D7
:1018F000474680B505000E009046994644002418DE
:10190000A400284B9C4664446368089A934200D222
:1019100062602F1FFFB2012F2ED980221201C02337
:101920009B01E3181A60204BAA00D158002907D068
:10193000586900F0DDFA013043001B18033BFDD26B
:1019400043465B0122685340E0221340802252014B
:10195000A2181360012F1AD980239B01E31880225B
:1019600012011A60089B63600F4BAD004A46EA50B3
:10197000C0BCB946B046F8BD012ECED10322C0236B
:101980009B01E3181A60A368DB07FCD5D8E7216840
:10199000714003230B401360A3680122B2401A4236
:1019A000FAD0D9E7008000404814002070B582B01A
:1019B00006000D0014001800069900F099FA0300C3
:1019C000069A11020091220029003000FFF78EFFD5
:1019D00002B070BD10B582B0802464000094FFF79F
:1019E00085FF02B010BD0000014B8000C058704759
:1019F00048140020F0B5C64600B504000E001700DC
:101A00001D00374800F074FA8046364BFA18364B02
:101A10009A4239D80100380000F06AFA0200103A00
:101A200098235B009A4235D86B1E062B38D8069B4C
:101A3000013B062B34D83F09474537D32D04069B7D
:101A40001B031D432368002B36DB284B9C4244D0EC
:101A50000C2201239340264A1360264A1360264A2B
:101A60001268190091430A1EF9D12660A060234B29
:101A7000E31821321A602268002AFCDAE5600822A5
:101A80001A6080BCB846F0BD1D4B1E4A1E4811218D
:101A900002F02AFA1D4B1B4A1B48192102F024FAB6
:101AA0001B4B184A18481C2102F01EFA194B154A04
:101AB0001548232102F018FA22683F231340B3424D
:101AC000C3D1A3681B051B0D8342BED1E368EE2280
:101AD000D2021340AB42B8D1D3E70D22B9E7C046DA
:101AE000001BB70080E84BD380F8A93200C0024049
:101AF00000E0004000F0004008C00040043000005A
:101B0000288000108889001078800010C0800010A4
:101B1000DC80001028810010024B1A68024B5A60CA
:101B20007047C046A81800200080054010B5174B2C
:101B30008022D2051A60164B164A1A6000290AD074
:101B4000154BE022D2041A60002809D1124B8022E2
:101B500012061A6010BD0D4BE022D2041A60F3E7A2
:101B600043011B1A9B00181800010C4B18608023BE
:101B70005B04984202D3094B094A1A60FFF7CCFF75
:101B8000054B8022D2051A60E4E7C04600B005404C
:101B900008200140FCFF010000A00540A81800201B
:101BA000FFFFFF0010B503000C0010000B4A80215E
:101BB000C9051160002B0DD001221343084A0949C1
:101BC000D161094959401162546293620021FFF7C3
:101BD000ADFF10BD024B0022DA61F7E700B005400F
:101BE00000800540D3C007B02D3FF84F80239B00F5
:101BF0000B43014AD36270470080054010B50100D5
:101C000018231B8814221088984710BD10B50100B6
:101C100018231B8816221088984710BDF0B5C646B9
:101C200000B507000E0000250123984600E00135AD
:101C3000B5420AD2AC003C192068FFF7DFFF2060F4
:101C40000028F4D100239846F1E7404680BCB8460E
:101C5000F0BD000070B504000D000648FFF7CEFF90
:101C60000300002C03DB0120A0402900984700203E
:101C7000FBE7C04655420000074BAA2212011A603A
:101C80008D225200DA60054B054A1A60024B5B68F0
:101C9000002BFBDA7047C046004002400060024063
:101CA00000B0FA0010B5040001E008CC9847024BE0
:101CB0009C42FAD310BDC046547800107047000013
:101CC00010B50248FFF7EEFF10BDC04618780010AF
:101CD000054B064A1A60064B064A1A60064B1A68FC
:101CE000044B9343FAD1704700E00040BFCDFBFEA8
:101CF00000F00040FE7F3C0008C00040044BDB6C5D
:101D0000002B03D1034B8022D2021A607047C046D9
:101D1000000011504C201150044B054A1A60054B2D
:101D20001B68DB43DB01FAD17047C04600F000407E
:101D3000FFFFFF0108C00040034B40229A675A672B
:101D40001A67DA667047C04600F0014010B5FEF72A
:101D5000FFFC10BD10B50C4C0C4BE41AA40822007B
:101D6000302C00D9302292000948084900F0BCFF0D
:101D700004E0084A064BA100CA5001342F2CF8D9C0
:101D8000034B054A936010BDC00100100001001014
:101D900000000020C101001000ED00E070B504203B
:101DA000FFF722FE064900F0A3F805000024002CEE
:101DB00000DD70BDE0B22900FFF718FF0134F6E73F
:101DC00040420F0030B583B0274B00229A67FFF7DF
:101DD00053FF264B01221A60234B5B6C012BFBD176
:101DE000234B03221A60204B9B6B012BFBD1013349
:101DF000009304331F4A01211F48FFF7FBFD052311
:101E000000931E4A01211E48FFF7F4FD1D4B0022DE
:101E100002210420FFF7DEFD1B4D2B0000220121D3
:101E20000520FFF7D7FD194C2300002200210720D1
:101E3000FFF7D0FD2300002200210820FFF7CAFD94
:101E40008023DB0000932300002200210920FFF7FC
:101E5000ADFD2B00002200210620FFF7BBFDFFF7A0
:101E60009DFF03B030BDC046008000403CB0004044
:101E700030B00040002F685900800240008C864737
:101E800000C00240001BB70040597307006CDC0221
:101E900001480421014B1847500C00201D1C001064
:101EA000124A936F9B0815D29066D166002905D01F
:101EB000FFE7FFE7FFE7516F106F704704B5802120
:101EC0000906C2175140002800D0C84305F05CFC49
:101ED000002104BDF0B5146E556E576F166FFFF7F5
:101EE000E3FF1466556657671667F0BD000000D023
:101EF000114A936F9B0813D210665166002905D0D2
:101F0000FFE7FFE7FFE7516F106F704704B5002848
:101F100001D00020C04305F037FC002104BDC046BD
:101F2000F0B5146E556E576F166FFFF7E5FF146628
:101F3000556657671667F0BD000000D094464A4AC0
:101F4000926F9208624601D228E0C046F0B5464E34
:101F5000346E756E776F366F00F020F89446424A03
:101F600014665566576716676246F0BD94463E4A4A
:101F7000926F9208624601D254E0C046F0B53A4EE4
:101F8000346E756E776F366F00F04CF89446364AB3
:101F900014665566576716676246F0BD002B24DB52
:101FA00011D000293EDA00B5C943404200D10131C9
:101FB00000F038F8C943404200D10131DB435242BE
:101FC00000D1013300BD002AEBD1002801D1002946
:101FD00005D00020C90FC90701D1C043410800B591
:101FE00005F0BAFB0022002300BD00B500290ADB82
:101FF000DB43524200D1013300F014F8C9434042A0
:1020000000D1013100BDC943404200D10131DB4361
:10201000524200D1013300F005F8DB43524200D1B7
:10202000013300BD002923D1002B18D1002A0CD088
:10203000BC460D4F38667A6600210023FFE7FFE7B4
:10204000FFE77A6F386F67467047002801D007486E
:10205000010000B505F080FB0022002300BD020056
:102060000B00002000217047000000D0FFFFFFFFA1
:10207000002B00D0BFE0130C28D1002AE7D080B499
:10208000114F39667A66FFE7FFE730B4040C7B6FC7
:10209000396F1B0423433B667A66FFE7FFE7FFE7E0
:1020A000C04684B27B6F3D6F1B0423433B667A6658
:1020B000FFE7FFE7C04600232C042D0C7A6F386F32
:1020C00000196941B0BC7047000000D0F0B59446DB
:1020D0000025140E01D112020835140F01D112018E
:1020E0000435940F01D192000235D40F01D1520072
:1020F0000135D40B0134254F7C66254C3C660E0C13
:1021000093B2FFE7FFE7FFE73C6F6643360C7703C8
:10211000BE467343DF0B5B04C01AB941130C734313
:10212000DB18C91ACE086643360CB64493B2734323
:102130001F0F1B01C01AB941130C73431F0B1B0562
:10214000C01AB941860D8F023E436643360C092DF5
:1021500024DB520A7243801A7703460A6643360C20
:1021600016235B1BDE40DF40BF1964466643821BBB
:102170007046043506330100D940A840C01900D389
:102180000131A24206D20023F0BD0000000000D0C1
:10219000FFFFFFFF121B0130F3D3F1E709277F1B7D
:1021A000FE406446A2B27243801A00D20139220C6A
:1021B0007243130C1204821A99410B0070460435C5
:1021C00013370100F940A840801900D30131002BDA
:1021D00002D1A2420AD2F0BD013000D30131121B5C
:1021E000FAD2013BF8D1A24200D2F0BD013000D3B7
:1021F0000131121BF7E7F0B51C0C00D080E00CB4E5
:1022000000251C0A04D11B02160E334312020835A6
:102210001C0B04D11B01160F3343120104359C0B18
:1022200004D19B00960F334392000235DC0B02D1A0
:1022300092185B4101351C00971864410134464FE8
:102240007C66464C3C660E0CFFE7FFE7FFE7C046A6
:102250003C6F6643360C7703BE4697B27743C01B8C
:1022600000D20139C01B00D201399FB27743C91B8C
:10227000C91B170C77437E04FF0B801BB941CE08A6
:102280006643360C0C2D33DBB644120B1F053A4364
:102290001B0B97B27743C01B00D201399FB2774323
:1022A000C91B170C77433E043F0C801BB941860DB8
:1022B0008F023E43664329277F1BFE400C3D774635
:1022C000AF40BF1930BCA2B2ABB272437343801AA5
:1022D0009941220C7243130C1204801A9941020096
:1022E0000B000137001BA941F9D2781E0021F0BD77
:1022F0000C277F1BFE4077467F0BAF40FF19E0E7BE
:1023000000245D1C07D0144F7D663966FFE7FFE7A8
:10231000FFE7FFE73C6F95B29EB265436643401B03
:10232000B141150C1E0C6543664336042F0C3E4329
:102330002D04401BB141994204D202000B00200041
:102340000021F0BD01D19042F7D3801A99410134A8
:102350009942F2D3F6E70000000000D0FFFFFFFF34
:1023600048404140484018B41B4B5B68FC46019311
:1023700008BD04DF3B26001018B4174B1B68FC4651
:10238000019308BD00DF452600109446134A926F62
:10239000920809D2624618B40F4BDB68FC460193E1
:1023A00008BD0CDFFD2800100C4AF0B5146E556E08
:1023B000576F166F6246FFF7EEFF084A14665566C0
:1023C00057671667F0BD18B4034B9B68FC46019332
:1023D00008BD08DFA1270010D0180020000000D0A1
:1023E000FFB550404240504059404B40594000E0FA
:1023F000FFB5154F4C00640D03D0BC4204D10C0353
:1024000014D80020090D09055C00640D03D0BC42FE
:1024100004D11C030AD800221B0D1B0501264B40CA
:1024200009D44B4003D58B4200D18242FFBD994273
:10243000FCD19042FFBD0B43DB1803431343F5D09F
:10244000C9434918FFBD0000FF07000000B5FFF7B2
:10245000CFFF804100BDC04600B5FFF7C9FF01D9DD
:10246000002000BD012000BD00B5FFF7B9FF01D974
:10247000002000BD012000BD00B5FFF7B1FF804185
:1024800000BD012040054A00121804D85A00121855
:1024900001D800207047012070470000002100286B
:1024A00005D17047C1174840401AFAD0C90713B583
:1024B000064B1B6898470CBC441CA2401005120B2D
:1024C0000349091B09051943114310BDD019002008
:1024D0001F04000010B54C00620D8023D218DB00F1
:1024E000D21A5B057E2A10DD9E3A13DACC17090357
:1024F000490819435242D140640001341532202A60
:1025000005DAD0400843604310BD002010BD0846E6
:10251000604310BDC80FC018013810BD18B4044B7B
:102520005B6AFC46019308BD24DFAD2A0010000061
:10253000D018002070B513231C78012C12D0012C68
:1025400012DC214B214A93642148FFF757FB214BB2
:10255000186070BD1C491D4A9800815001331F2B23
:10256000F8D9ECE70023FAE71B48FFF74FFB05001B
:102570001A48FFF74BFB023803789B007F2B09DDDD
:1025800012488022290000F0AFFB022C08D0022C58
:10259000DADCD6E7124B134A1348342101F0A4FCCD
:1025A000124B1A88B5231B029A4209D1104B1A8884
:1025B000104B9A4204D1104B1A88104B9A42E6D025
:1025C0000020FEF735F8C04601260010D018002084
:1025D0004C330000D0190020534400005346000043
:1025E0004481001094890010888100105438000044
:1025F000D8380000494600009C38000059460000C9
:1026000007B56046002800D100BE01880A0A0230E2
:10261000DF2AFAD1C9B2820804D3028840880004B4
:10262000104300E00068024A5050039007BD0000CC
:10263000D01800200FB403BC0CBCF0B50124E40793
:10264000634000E0F0B50C0DCF0F661E3605891B08
:10265000640503D3C943404200D30131640D03D064
:10266000661CF60A07D0E41B00207F00791C89074E
:102670008912803C24031D0DDF0F6E1E36059B1B47
:102680006D0503D3DB43524200D301336D0D03D0FC
:102690006E1CF60A07D0ED1B00227F007B1C9B07F7
:1026A0009B12803D2D032F1B661B58D4A446202E61
:1026B00046DA20371400BC401D00BD40F2403341D3
:1026C0002A4380185941CB0F05D0C943C04300228B
:1026D00064425041514162464D0D28D10D0D07D144
:1026E00000281FD0241940414941013A0D0DF9D06D
:1026F000640006D3013000D30131002C01D1400821
:102700004000013A0BD4941CE40A04D11205114490
:10271000DB071944F0BDD907204B194300E0D90766
:102720000020F0BD0029DDD1002CDBD1F0BD01324D
:10273000C6074008CD0728434908002EE1D0D9E755
:102740003C2E29DA203E40371400BC4000D0012442
:10275000F24014431A00BB401C43D317ACE7AC460D
:10276000202F08DA20360400B4400D00B540F840B0
:1027700039412843A5E73C2F0CDA203F40360400BE
:10278000B44000D00124F84004430800B1400C4399
:10279000C117EAE710001900002494E70000F07F59
:1027A000F0B50C0D661E3605891BE60A6405640D3E
:1027B00002D0651CED0A04D0002001210905803CEF
:1027C0002403A4461C0D671E3F05DB1BE70A6405B6
:1027D000640D02D0651CED0A04D0002201231B0504
:1027E000803C24037740644497B484B296B2744327
:1027F000070C7E43150C6F4380B26843361802D332
:10280000012000043F183004350C00197D41844636
:1028100088B29AB250430C0C62431F0C7C438EB2B8
:102820007E43921902D301263604A4191604170C0C
:102830003618674101BC81B29AB25143040C62431D
:102840001B0C5C4380B25843121802D301200004D1
:1028500024181004130C401863412D185E41002009
:10286000474106BC88B293B258430C0C6343120C28
:10287000544389B251435B1802D3012109046418FF
:1028800019041A0C091862416D185641002047417D
:1028900018BCF902720D1143F0026A0D1043ED02EB
:1028A0000A0D03D16D1940414941013B124E9B1B5A
:1028B0007600B3420ED26D0007D30130002671417D
:1028C0006646354301D1400840001B05C918E4079E
:1028D0002144F0BD0BDA013306D1013004D10131BE
:1028E0004F0D01D04908F2E7E1070020F0BD0136A5
:1028F00031050020EBE70000FF030000F0B51C0DE0
:10290000671E3F05DB1BE70A6405640D02D0661CE9
:10291000F60A04D0002201231B05803C2403D025A5
:102920002D060026F6432E661E096E66CE0FF6199A
:10293000B44649004F0D02D07E1CF60A03D0002099
:102940000021403F3F033E1BB600B444013F7F05DA
:10295000C91B49082E6F013676089C02950D254348
:102960007543ED137543AD1301356D10F603761BFA
:102970000CB4CC02450D2C43A2B2B3B25A43270C7F
:102980007B43350C6F43A4B26C431B1902D3012463
:1029900024043F191C041D0CA4187D4124196D4109
:1029A000009A91B2ACB26143170C7C432B0C5F438D
:1029B00092B25A43A41802D301221204BF1822046F
:1029C000230C52187B41019C6C431B19520ED901F8
:1029D0000A434401A01A81B2B2B2514303145A43CC
:1029E000360C734387B27743D617D21900277E413E
:1029F00036049B191704160C7F185E417316ED18E8
:102A0000F301002680337541A90F06D16400690ADD
:102A1000E8055B0A184309D22FE00422944480336E
:102A20007541A90AA8059B0A184326D3404149418C
:102A30002404009A019B0D005543641B4343E41A90
:102A400095B286B27543170C7E43030C5F4392B276
:102A50005A43B61802D301221204BF183204330CB1
:102A600052197B4152429C41002C02D40022013079
:102A700051414008CA071043490802B06246D707CF
:102A80009210084BD218084B9A4203D212058918AB
:102A9000C919F0BD0020002A01DC3900F0BD013366
:102AA0001905F5E7FD030000FE070000002200B550
:102AB000203200F004F8080000BD000000220B15D1
:102AC0000AD410B5944600F031F81414013400DA39
:102AD0000021CB17144C204700200021704762448E
:102AE000343A0CD40C2A07DA040091409040524248
:102AF0002032D440214310BDD843D94310BD2032E9
:102B000007D40C469440524220321141D040204319
:102B100010BD0800C917203203D4524220321041A0
:102B200010BD1800190010BDDF2A00100A0DCC0FCF
:102B3000531E1B05C91A520503D3C943404200D393
:102B40000131520D03D0531CDB0A07D0121B0020A9
:102B50006400611C89078912803A1203014BD21A62
:102B600070470000FF03000051434343C9188C46DF
:102B7000110C83B24B4310B4040C614392B280B287
:102B8000504362431C041B0C001910BC5941130430
:102B9000120CC018514161447047000070B51323F6
:102BA0001C782A48FFF732F80500012C12D0012CBE
:102BB0000ADD2B00023B1B789B007F2B40DD244865
:102BC0008022290000F090F82248FFF717F8224BE6
:102BD000186070BD1E485422290000F085F81F4B74
:102BE0001A881F4B9A421CD1A7239B011A881D4BA0
:102BF0009A4216D11C4B1A881C4B9A4211D11C4B7D
:102C00001A8894239B019A420BD11A4B1A881A4BAB
:102C10009A4206D1194B1A68194B9A4201D11523D1
:102C200007E01848FDF704FD1749094A980081504C
:102C300001331F2BF8D9144B054A1362D361B6E751
:102C4000124B134A1348432101F04EF9534600003A
:102C5000D41900204C330000D0190020EE290000C8
:102C6000C40F0000C20D0000962B0000C0B500008C
:102C7000182B0000CC2A000010B50000FC2C00002E
:102C800051ED87640C7B0010992C0010E08100103E
:102C9000A88900101482001007B56046002800D1F2
:102CA00000BE01880A0A0230DF2AFAD1C9B28208BE
:102CB00004D3028840880004104300E00068024A00
:102CC0005050039007BD0000D41900200148042192
:102CD000014B1847600C00201D1C0010014B1B68A5
:102CE00018470000600C0020014B5B68184700008B
:102CF000600C0020704710B5002802D00B684968AE
:102D0000984710BD0100002007E083001B185B00FE
:102D1000501C08601078C01830380A681378303BAF
:102D2000DBB2092BF1D97047F0B5D6464F4646467F
:102D3000C0B505000E00100091461F00099C0B9BBA
:102D40000222110019408A461A4234D1DB0716D5F7
:102D50000200B84637002E001FE0551C33004146E4
:102D60002020B84701342A000A9B9C42F5D33D003D
:102D700037004646099CB84637002E000DE0020099
:102D8000B0463E002F000994EEE7013C551C089B1D
:102D9000185D43463900B0472A00002CF5D13500B4
:102DA0003E0047465346002B16D11000E0BCBA4601
:102DB000B146A846F0BD0200B84637002E00ECE749
:102DC000541C330029002020B84722004B46D31A58
:102DD0000A998B42F4D3E8E73B002F0035001E0030
:102DE000F4E7F0B5CE46474680B585B006000F0043
:102DF000904699460C9A0D9B0EA909788C46109D19
:102E0000119C129988071CD4002C0CD0C8070AD535
:102E10006046002802D10C30084204D0013C02E098
:102E20003020D0540133AB4201D21F2BF8D9C80750
:102E300007D5A34205D21F2B03D83020D05401332D
:102E4000F5E7C80612D5480505D4002B03D0AB42E0
:102E500023D0A34221D00F98102831D00F980228F8
:102E600038D01F2B0AD83020D05401331F2B05D85F
:102E70006046002834D02D20D054013303910294B1
:102E8000019300924B46424639003000FFF74CFF59
:102E900005B0C0BCB946B046F0BD581E012B17D0D6
:102EA0000F9D102D0BD003000F981028D6D1880647
:102EB000D4D51F2BD2D85820D0540133D1E7023BB0
:102EC0008806F1D41F2BEFD87820D0540133C8E7FF
:102ED0000300C0E71F2BD1D86030D0540133C0E7C6
:102EE000480703D52B20D0540133C7E70807C5D5C1
:102EF0002020D0540133C1E7F0B5DE4657464E4698
:102F00004546E0B593B08046894692469B461CAB49
:102F100010CB1B7809931E9D002C03D11023219AFE
:102F20009A4321928023DB00219E1E40219A1A425F
:102F300018D0002C22D0002614E0219A92061BD52E
:102F40004121C918C9B20A39C9B2771C0AAB9955CF
:102F500029002000FEF7CCFFAC4210D31F2F0ED863
:102F60003E00040029002000FEF7C2FFCBB2092B6F
:102F7000E3D83033D9B2E8E76121E2E72700219BAB
:102F80000693209B05931F9B04930395099B029333
:102F900001970AAB00935B46524649464046FFF70D
:102FA00020FF13B0F0BCBB46B246A946A046F0BD18
:102FB000F0B5DE4657464E464546E0B595B08346E9
:102FC000089109920A931E9B99461F9F20AB1B787C
:102FD0000B93229B9846239C4B463B4303D11033D3
:102FE000269A9A4326928023DB00269D1D40269A2E
:102FF0001A4208D04B463B4339D000254E462300A9
:103000002C001D001FE04E4623002C001D001AE07E
:10301000269A920623D54122D218D2B20A3AD2B2C7
:10302000631C9A460CAB1A5542462B0030003900FF
:10303000FEF79CFFBD421CD813D053461F2B14D85B
:10304000544606000F0042462B0030003900FEF7C0
:103050008DFFD3B2092BDBD83033DAB2E0E761223F
:10306000DAE7B045E9D9564604E0564602E00026C4
:1030700000E05646269B0693259B0593249B0493CC
:10308000434603930B9B029301960CAB00930A9B60
:10309000099A08995846FFF7A4FE15B0F0BCBB4644
:1030A000B246A946A046F0BDF0B5DE4657464E46AC
:1030B0004546E0B595B004008A46934699461E9E63
:1030C0001F9F32003B0030003900FFF7DAF900287B
:1030D00000D0FBE001225242D64B30003900FFF70E
:1030E000CBF9002800D0F1E001225242D24B30004F
:1030F0003900FFF7ABF9002800D0E7E000220023F9
:1031000030003900FFF7A2F9002800D0F3E006965E
:1031100007978023DB00229A1A401192229A1A42C2
:1031200001D1062320930698079902000B000A920A
:103130000B9303000A00024300D1E8E0080D4005AC
:10314000400DBE4DAC466044050007980203120BCB
:1031500000200021089009910893B94B134309936B
:103160002800FFF79FF9B74AB74BFFF72CF9B74A8A
:10317000B74BFFF701F90A900B910022B54B089865
:103180000999FFF7F0F8B44AB44BFFF71CF90200B5
:103190000B000A980B99FFF7EFF8FFF79BF98046B1
:1031A0000890FFF77FF9AE4AAE4B0A900B91FFF7FC
:1031B0000AF90022AC4BFFF7DFF8FFF78BF90500A7
:1031C000AA4AAB4B0A980B99FFF7FDF80A900B91AE
:1031D0002800FFF767F9A74AA74BFFF7F4F80200AA
:1031E0000B000A980B99FFF7BEF802000B000A903B
:1031F0000B91FFF7E8F80E900F912B009F4DAC4616
:103200006344002100220C910D921B050D930023B5
:103210000C930A980B9902000B00FFF7ADF812907F
:1032200013910A9A0B9B00208021C905FFF79BF898
:103230000A900B910022924B0E980F99FFF7A5F878
:103240000022904BFFF798F802000B000E980F99A0
:10325000FFF79BF800228C4BFFF78EF802000B0063
:103260000E980F99FFF791F802000B000A980B993E
:10327000FFF782F802000B0012981399FFF785F808
:1032800000226F4BFFF778F80C9A0D9BFFF79BF825
:1032900002000B000A920B93069A079B0C900D916B
:1032A000FFF7EAF800280AD04346013B08930022C2
:1032B000744B0C980D99FFF768F80A900B91089BD6
:1032C0006333C62B49D804231D0024E0229B0493BA
:1032D000219B0393209B0293009601974B465A46ED
:1032E0005146200000F004F915B0F0BCBB46B246D0
:1032F000A946A046F0BD002100220691079206963D
:1033000080231B069C46BC446346079301E70023C9
:10331000089304331D00229B1B052BD50A9A0B9B97
:103320001900114311D0594A594B06980799FFF7D4
:103330009BF8002800D1B1E00022564B069807996F
:10334000FFF784F8002800D1A8E0209A089B9A4251
:1033500006DDD31A013B209304E005231D00DAE7C4
:10336000002320938023DB00229A1A432292002319
:103370001D000893219A954200D39BE0531B984669
:103380000223229A1A400C92229A134203D0002D53
:1033900001D000239846089B002B07D00A9A0B9B6C
:1033A00006980799FEF7F1FF069007910022002387
:1033B00030003900FFF74AF8002800D07DE0364B96
:1033C000229A1340049343460393209B0293069A48
:1033D000079B009201934B465A465146200000F04D
:1033E00087F8002D00D17FE7229B9B0671D54527EA
:1033F000461C4B46020051463800A0470898C317A8
:10340000C2185A4005230593013D049500230393F8
:103410000A330293C30F019300924B463200514688
:103420002000FFF769FD0C9B002B00D15CE7020038
:10343000219F56E0FFFFEF7FFFFFEFFF01FCFFFF43
:103440000000F03FFB799F501344D33FB3C8608B1B
:10345000288AC63F0000F83F61436F63A787D23FC9
:1034600071A379094F930A400000E03F1655B5BBA0
:10347000B16B0240EF39FAFE422EE63FFF03000037
:1034800000002C4000002440000018402D431CEB9D
:10349000E2361A3F80842E41FFF7FFFF209B002B6E
:1034A00000D167E7119B002B00D163E7209B013B14
:1034B00020935FE70023984662E7069E079F32004D
:1034C000390080200006844661440B000692079371
:1034D00075E765278CE7561C4B4651462020A047D0
:1034E00032005B46D31ABB42F5D31000FCE6C0465F
:1034F000F0B5DE4657464E464546E0B595B08146A6
:103500008A4693460A93209F1E9A1F9B100019001B
:10351000FEF7B7FF002831D101225242BA4B1E9864
:103520001F99FEF793FF002837D101225242B74B73
:103530001E981F99FEF7A0FF00283DD10022B44B32
:103540001E981F99FEF798FF00284AD10022B14B20
:103550001E981F99FEF77AFF002842D1002200230F
:103560001E981F99FEF772FF00284AD100230B9383
:10357000229B5B0500D4AFE0002452E0229B039322
:10358000219B029303230193A34B00930A9B5A466A
:1035900051464846FFF7C8FB1FE1229B0393219B3E
:1035A0000293042301939D4B00930A9B5A46514674
:1035B0004846FFF7B9FB10E1229B5B070ED5984BFD
:1035C00004222299039121990291019200930A9B6E
:1035D0005A4651464846FFF7A7FBFEE0914B0322AF
:1035E000EFE7229B0493219B039302971E9B1F9C52
:1035F000009301940A9B5A4651464846FFF754FDF2
:10360000EBE01E9A1F9B00200021FEF7ACFE1E90EF
:103610001F9101230B93ABE70CAB30221A55013FEE
:1036200001341F2C01D8092FF6D81E981F99FEF7D8
:1036300051FF0500FEF736FF02000B001E981F9990
:10364000FEF791FE784BFA009B180CCB0892099379
:10365000FEF7B9FE06900791FEF760FF0600FEF741
:103660001DFF02000B0006980799FEF77CFE0690EE
:10367000079100226D4BFEF7FFFE00282ED0013689
:103680003000FEF70BFF02000B0008980999FEF7C7
:10369000E3FE002801D001350026002F2CD12800A0
:1036A000FEF700FF02000B001E981F99FEF75BFE5D
:1036B00006000F0000225D4BFEF7C8FE002846D131
:1036C00000225A4B30003900FEF7D6FE00283ED1CA
:1036D000EB073CD501353AE006274DE70022534B76
:1036E00006980799FEF7B2FE0028D6D1002E01D029
:1036F000F307D2D50136D0E7A8461F2C11D8013FD9
:103700000A213000FEF7F4FB651C30310CAB195573
:103710000A213000FEF7ECFB092E0ED906002C0022
:10372000EBE745461F2C0CD87B1E002F09D00CAAB6
:10373000302111551F000134F4E72B0045461C00D1
:10374000F0E71F2C03D80CAB2E221A5501341F2C86
:1037500010D80A212800FEF7A3FB661C30310CAB01
:1037600019550A212800FEF79BFB051E01D03400E5
:10377000EDE73400229B9B0719D4229BDB0716D56B
:10378000219B002B0ED00B9B002B03D10C33229AD4
:10379000134207D0219B013B219303E00CAB302265
:1037A0001A550134219B9C4201D21F2CF6D91F2CA3
:1037B00006D80B9B002B17D00CAB2D221A550134C9
:1037C000229B0393219B029301940CAB00930A9BD1
:1037D0005A4651464846FFF7A7FA15B0F0BCBB461B
:1037E000B246A946A046F0BD229B5B0704D50CABB0
:1037F0002B221A550134E3E7229B1B07E0D50CABC3
:1038000020221A550134DBE7FFFFEFFFFFFFEF7FB8
:1038100065CDCD4165CDCDC1B8820010BC82001010
:10382000AC820010B4820010108A00100000E03F4B
:10383000F0B5DE4657464E464546E0B593B0834662
:103840008A4690461193002900D11AE300255E466E
:10385000119B1878002800D116E3252809D06C1C8C
:1038600043462A005146B047119B0133119325006E
:10387000EEE701331193002712E0202A25D0232AF6
:1038800005D11022174301331193012406E00024CF
:1038900004E002221743013311930124002C1CD0B1
:1038A000119B1A782B2A0AD0E7D92D2AF1D0302A79
:1038B00011D12F3A1743013311930124EEE704226B
:1038C0001743013311930124E8E70822174301331A
:1038D00011930124E2E70024E0E7119B1A7813001A
:1038E000303BDBB2092B15D92A2A18D00B94119B37
:1038F0001A782E2A23D0119B1A786C2A47D03CD9EB
:10390000742A62D07A2A65D180225200174301338B
:1039100011935FE011A8FFF7F5F90B90E7E71C9B07
:103920001A1D1C921B68002B04DB0B93119B0133A7
:103930001193DCE7022217435B420B93F6E78022E8
:10394000D20017435A1C11925A781300303BDBB255
:10395000092B0BD92A2ACED11C9B1A1D1C921C683C
:10396000002C08DB119B01331193C4E711A8FFF76A
:10397000C9F90400BFE70024F4E7682A17D06A2ACF
:1039800028D18022920017430133119322E0802234
:1039900052003A43591C119159786C2901D01700F3
:1039A00018E0C022920017430233119312E08022E4
:1039B0003A43591C11915978682901D0170009E040
:1039C000C02217430233119304E0802252001743B0
:1039D00001331193119B1878652840D077D8462879
:1039E00000D18BE01BD9632831D102231A003A4061
:1039F00091463B4200D1B0E101241C9B1A1D1C9250
:103A00006F1C187843462A005146B0474B46002B9E
:103A100000D0A6E1119B013311933D0018E7252842
:103A200009D16C1C43462A005146B047119B013313
:103A3000119325000CE7452811D06C1C43462A0041
:103A40005146B047119B01331193250000E76328CD
:103A50002BD858282BD0622829D04728EDD16728A9
:103A600001D0472802D180231B011F43452801D0E4
:103A7000472801D120231F431C9B07330722934370
:103A80001A0008321C9204970B9A039202940CCBF2
:103A90000092019343462A0051463000FFF704FB91
:103AA0000500119B01331193D2E66428C5D1782813
:103AB0004DD0582800D17CE06F2800D17CE06228EE
:103AC00000D17CE010239F43063B9C4641E07028D8
:103AD00000D1BCE10DD9732831D11C9B1A1D1C9259
:103AE0001B689B46002C00D06EE1012252425B46CF
:103AF0004AE16728B3D01DD866289ED1462800D158
:103B00001CE11C9B0733072293431A0008321C92C6
:103B100004970B9A039202940CCB009201934346B4
:103B20002A0051463000FFF7E3FC0500119B0133EA
:103B300011938DE66928BAD06F28B8D07DE7732835
:103B400000D27AE77528B2D07828B0D075E7102374
:103B50009C46582836D0692803D0642801D00C220E
:103B600097437A0501D50122974369282DD064280F
:103B70002BD0BA0500D5A3E0FA0500D5BBE07A0644
:103B800000D4CDE01C9A111D1C911168FF220A403F
:103B900005970B9B049303946346029300230193C0
:103BA000009243462A0051463000FFF7A5F9050070
:103BB0002AE010239C46CCE708239C46C9E7022351
:103BC0009C46C6E720221743C5E7BA0520D4FA056C
:103BD00051D47A0667D51C9A111D1C911168FF22D9
:103BE0000A40D0171118414005970B9B049303948A
:103BF00063460293D20F0192009143462A00514638
:103C00003000FFF779F90500119B013311931FE68E
:103C10001C9A073207218A43110008311C91116850
:103C200053689946DB170C930D930C9A0D9B10006B
:103C300048400E900D9B49464B400F930E980F99AC
:103C40000C9A0D9B801A99410E900F9108970B9B2F
:103C50000793069463460493002305934B46DA0FBB
:103C600002920090019143462A0051463000FFF72E
:103C70009FF90500C8E71C9A111D1C911268D01706
:103C80001118414005970B9B0493039463460293DC
:103C9000D20F0192009143462A0051463000FFF7AF
:103CA0002BF90500B0E73A0605D51C9A111D1C91A9
:103CB0000023D25E95E71C9A111D1C91126890E7B3
:103CC0001C9A073207218A43110008311C9108977A
:103CD0000B9B07930694634604930023059302937A
:103CE0000CCA0092019343462A0051463000FFF768
:103CF0005FF9050088E71C9A111D1C9105970B9B25
:103D00000493039463460293002301931368009382
:103D100043462A0051463000FFF7EEF8050073E7EE
:103D20003A0606D51C9A111D1C9112681204120C39
:103D30002EE71C9A111D1C91126829E720231F43AE
:103D4000DFE6571C434651462020B04723003A0087
:103D50005C1C9D42F5D815004FE601232A000B9DFF
:103D6000F6E73A00B1460B9E06E0571C4346514623
:103D70002020C8472C003A00651CA642F5D8170041
:103D80004E4647E601330A001978002902D0511E39
:103D9000002AF7D15A469B1A8022D20039001140DE
:103DA0008946174202D0A34200D923000222110003
:103DB000394010913A4209D02A0025005F469B46BF
:103DC00033004E46994621E0220090E62A005546EF
:103DD000A24606E0541C434629002020B0473B0081
:103DE00022005F1C0B999942F4D85446AA463B0026
:103DF00025005F469B4633004E46994606E01D006F
:103E00000137541C43465146C847220038780028E1
:103E100004D0002EF4D06B1E002DF0D115005B46AF
:103E20004E46109A002A03D1119B013311930FE5DE
:103E30002A000B9F06E0551C434651462020B04700
:103E400023002A005C1C9F42F5D81500ECE72123D3
:103E50003B431C9A111D1C9112680593082304937F
:103E600003940833029300230193009243462A00EF
:103E700051463000FFF740F80500119B01331193C4
:103E8000E6E40B4B9B46E1E4B34645450DD3434680
:103E90005A1E434651460020D847280013B0F0BCB4
:103EA000BB46B246A946A046F0BD2A00F1E7C0468F
:103EB000F52C001000B585B08C4602A90290604632
:103EC0004860012084460448009313006246524231
:103ED000FFF7AEFC05B000BDF72C001000BEFDE7FB
:103EE000704710B5FFF7FAFF10B582B084460C009A
:103EF0001900002A0AD0074B0748019200932300BB
:103F0000624600F06DF90120FFF7E8FF034B1A004D
:103F1000F2E7C046C4820010D48200100C7B00106F
:103F200010B5EFF30583002B00D000BEFDF7C8FEEF
:103F3000034C01E008CC9847024B9C42FAD310BDD9
:103F4000547800105878001010B5030008001100D4
:103F50001B68984710BD0000F8B507000D0016005B
:103F6000437D002B02D0002400200CE003681100E8
:103F7000280098472BE03B7D0FE03B681448022166
:103F80009847601C0134B44213DA002CF3DD631E41
:103F9000EB5C0D3B5A425341DBB22A5D0A2AF1D158
:103FA000002BEFD1A042E8DA3B68211A2818984785
:103FB000E3E7B04203DA3B68311A28189847002E2D
:103FC00005DD013EAB5D0D3B5A4253413B75F8BDEB
:103FD000608A001070B505000368002B16D00C4BEA
:103FE0001C6805E0290004C92000FFF7B5FF24691B
:103FF000002C09D02368002BF9D0064B1B68002B3E
:10400000F0D0A342F3D1EDE700232B6070BDC04692
:1040100098140020A014002010B50B685A1C0A60E8
:10402000CB181871802A00D010BD0800FFF7D2FF0E
:10403000FAE7000010B5FDF77BFB074A00231218D2
:104040004B41002B03DB054803F08EFB10BD012222
:104050005242034BF7E7C04640420F00D00C00200D
:10406000FFFFFF7F10B5024803F06EFB10BDC04696
:10407000D00C0020F0B5CE46474680B583B08046D0
:104080000D0016001C00FFF7D5FF81466B1C05D004
:10409000002C08D0184F194B1C6807E0404603F06D
:1040A00021FB0500F4E7164FF5E72469002C16D034
:1040B0002368002BF9D0134B1B68002B01D0A342BF
:1040C000F3D12A0041462000B847002EEDD06B46C0
:1040D000D91D0A230B7001222000B847E5E74B46A3
:1040E000002B05D1280003B0C0BCB946B046F0BDD6
:1040F000FFF7B8FFF6E7C046593F001098140020BC
:10410000493F0010A01400200A4A136802E01A0078
:1041100010321B69002B09D013688342F7D10029A4
:1041200007D1036913600023036102E0002900D076
:10413000106070479814002010B5064B1C6800E012
:104140002469002C04D06368002BF9D09847F7E766
:1041500010BDC0469814002010B500F055F900F0CD
:104160006BFA012010BD10B582B004006B46D81D5B
:104170000470012300220121FFF77CFF200002B020
:1041800010BD70B5050003F0ADFA04000123012253
:1041900001002800FFF76EFFFFF7CEFF200070BD83
:1041A000F0B5A3B007000E00FFF744FF050001AC17
:1041B00000230193094833003A002100FFF77AFEFB
:1041C00006002000FFF706FFFFF7B6FF002D02D123
:1041D000300023B0F0BDFFF745FFF9E719400010AC
:1041E0000FB400B583B004A901C90191FFF7D8FF4E
:1041F00003B008BC04B0184782B08C46144BC318F7
:104200005A425341134A5B009B5E8B4205D06B467A
:10421000DA1D63461370002115E06B46DA1D0D238D
:10422000137000210029F2D183699B06FCD4137816
:10423000036001310132F5E783699B06FCD41378F2
:104240000360013101320029F6D002B07047C04648
:104250000080FCBFDC1A002082B000226B46D91D12
:1042600006E08369DB06FCD403680B700132013180
:10427000002AF6D06B46D87902B0704770B50600B8
:104280000D00002405E0315D034B1868FFF7B4FF13
:104290000134AC42F7DB70BDE01A0020F8B506002F
:1042A0000D00002705E07C1CF719FFF7D5FF3870DB
:1042B0002700AF4204DA0D4A10688269D206F2D5AF
:1042C0000B4A1268002A0AD0084A126850219163EA
:1042D000506B18390140074B9C4662441160002F17
:1042E00001D03800F8BD033FFBE7C046E01A0020CC
:1042F000301400203410000010B5064B1B68002B52
:1043000006D0054A126800219163044A1068984754
:1043100010BDC04630140020E01A002038140020E0
:10432000024B1A6893691B07FCD47047E01A0020FF
:1043300070B51E4B1B681E4A934208D0142215000C
:1043400000281FD01B4B1B68002B03D070BD15220B
:104350001500F5E7174B1860174B1960174928002F
:10436000FCF7CCFA01212800FCF79EFA0F4B1B68E2
:1043700050229A63596B183A0A4011498C4663449B
:104380001A60E3E70B4A1268002ADFD000249C631E
:1043900000212800FCF788FA08492800FCF7E6FB12
:1043A000044B1C60044B1C60D0E7C046E01A0020A0
:1043B000008003403014002038140020F94200101F
:1043C0003410000070B50C001D000D4B1860002A61
:1043D0000BDA002D0EDA0A4B18682100FDF754FAAB
:1043E00008480121FFF790FE70BD02211000FCF784
:1043F000B5F8EEE702212800FCF7B0F8EBE7C0467D
:10440000E01A0020700C002010B5074B1B78074BFA
:104410001B78074B1B78E121012300224902054844
:10442000FFF7D0FF10BDC046A48E0010A08E001074
:104430009C8E001000400340024B1860024B196034
:104440007047C046341400203C14002010B5FDF71E
:104450006FF90E4A002312184B41002B12DB0C4857
:1044600003F082F900280CD001200021404201F025
:10447000ADFA002001F05CFD0028F5D1044803F0FE
:1044800063F910BD01225242024BE8E740420F009F
:10449000D41A0020FFFFFF7F10B5024B1878FCF7FD
:1044A0000DFA10BDFB1A002070B51A4B1B68002BCB
:1044B00024D0EFF3108272B6100019680029FCD0E6
:1044C000BFF35F8F13494A60134B00221A700B68C9
:1044D000BFF35F8F1A6080F310880022002314005E
:1044E0001D000E4B1878FCF7C5F900280CD10022EE
:1044F000002314001D002000290070BDFA22920044
:10450000002314001D00ECE7044B1878FCF7D6F9E3
:10451000F1E7C046B0180020FC1A0020FB1A00206A
:10452000F0B585B0070015001E000CAB1C78FDF738
:10453000FFF82A00330012184B41002B09DB0294CC
:104540000B9901910A9900913800FCF71BFF05B007
:10455000F0BD01225242014BF1E7C046FFFFFF7F51
:10456000F0B5C64600B584B080460F0016001D00A9
:104570000AAB1C78FCF79EFE029401950096424619
:104580003B00FFF7CDFF04B080BCB846F0BD000093
:1045900010B582B02248002103F0EEF800281ED1A9
:1045A000204B1B68002B18D0EFF3108172B6080067
:1045B0001A68002AFCD0BFF35F8F1A4A51601A496B
:1045C0000B78DBB201240C701268BFF35F8F0021FF
:1045D000116080F31088002B17D002B010BD0120AD
:1045E0000021404201F0F2F9002001F079FC0400C2
:1045F0000B4803F0A9F8002CEFD00C4B1B68002BE4
:10460000EBD00B4A10689847E7E70A4A013300935A
:104610000023FA2080000021FFF7A2FFDDE7C0465B
:10462000D41A0020B0180020FC1A002034140020F6
:104630003C140020A944001010B582B0D0231B0602
:104640001C68FCF737FEFCF719FFA04230D1274B5E
:104650001B780021002001F06BFF254B1B68002B0D
:104660002CD00120FCF7C4FB224C20702249FF23F0
:104670001840FCF743F920780121FCF715F90520D3
:10468000FCF72EF9041E1DD00120FCF751F80100A3
:104690001A4B1800FCF70AFC194900220520FCF708
:1046A00059F918480121FFF72FFD200002B010BD75
:1046B000154B164A1648C821FFF716FC0C48FCF7A4
:1046C000B3FBCEE70D4808220021FEF707FB114A95
:1046D000012300930023FA2080000021FFF740FF10
:1046E000C043C40F0028E0DADBE7C046A88E001004
:1046F000D41A0020FB1A002091450010B0180020A9
:1047000099440010880C0020107E00108C8A001044
:1047100030830010A944001010B5002001F0C6FB42
:1047200010BD000070B504000D00FFF7F5FF002874
:1047300036D0002001F0D4FB002835D0FCF7F8FF7C
:104740001D4A002312184B41002B1ADB1B4803F0B3
:104750000BF800282CD0FFF7DFFF002804D0002042
:1047600001F0BEFB002810D101200021404201F0E1
:104770002DF903235B421C00104802F0E5FF2000E6
:1047800070BD012252420E4BE0E72A0021000020BA
:1047900001F0B2FB041EEFD103235B421C00EBE7E8
:1047A00003235B421C00EAE703235B421C00E6E7AD
:1047B00003235B421C00E2E740420F00D41A0020B2
:1047C000FFFFFF7FF0B583B005000C00FCF7B0FFE2
:1047D000314A002312184B41002B06DB2F4802F010
:1047E000C3FF002805D103B0F0BD012252422C4B7B
:1047F000F4E7FFF791FF00284BD12A4B002000215E
:1048000018605960254802F09FFFECE70120002165
:10481000404201F0DBF8002001F08AFBFFF77CFF4B
:104820000028EFD0002001F0FBFB00281FD0A6429B
:10483000E8DAA71B002001F0F3FB0200874200DC4E
:104840003A00002AE2D0A919002001F0C5FB0700B8
:1048500001200021404201F0B9F8002001F068FB7E
:10486000F619FCF765FF0F4B18605960DFE7FCF79E
:104870005FFF01900F000B4B186859680A4A00232C
:1048800012184B419F42BDD8D1D101999142CED946
:10489000B8E70026CBE7C04640420F00D41A0020FC
:1048A000FFFFFF7F580E002020A10700004870473F
:1048B000088B001000487047B48A001010B504003F
:1048C000154B1B78002B0ED0002C11D1134B144A22
:1048D0005A80012301335B009BB21048C022920032
:1048E0001343038010BD0C48112100F025F8EBE7BD
:1048F000052C0ED80B4BA400E4580023122BE9D84A
:10490000E15C0029E6D00133044A58008152DBB251
:10491000F4E70020E6E7C046E41A00207014002007
:10492000090400009C8A001010B5024800F030F81D
:1049300010BDC046C818002010B50C1E01D00023C1
:1049400008E00F4B0F4A10483B21FFF7CDFA3732F2
:10495000C2540133621E9A420ED90F2B0CD85A084A
:104960000A49895C01229A43920011410F220A40B0
:10497000092AECDC3032EBE7C0180023037010BDCD
:10498000C08300101C8B0010C8830010C8180020C2
:1049900070B588B0040004AD0D2200212800FEF798
:1049A0009DF90D2200216846FEF798F94B232B70E4
:1049B00000230D226946280002F026FF002304E0B0
:1049C0005A1D69468A5CE2540133072BF8DD08B0B2
:1049D00070BD7047014B00221A707047FA1A002010
:1049E0004B79FF2B0CD18B79002B0BD1CB79012B81
:1049F0000AD1082A0AD98A78054B1A70092000E0E2
:104A0000002070470020FCE70020FAE70020F8E7CC
:104A1000FA1A00200120704710B5012928D1117918
:104A200053791B020B43134909788B4201D00020B4
:104A30001FE05378012B03D0022B12D0002018E086
:104A40009178D3781B021943DB0506D50A06D20FED
:104A5000480A03231940FDF7FDF8002201204042D7
:104A6000F7E7642200210020FDF79CF8012000E018
:104A7000012010BDFA1A002000487047F48B001086
:104A800010B504001000012911D15378012B10D169
:104A9000127943791B021343072B01D0002007E052
:104AA000054A9F330100200001F0D4F800E0012006
:104AB00010BD0020FCE7C0464C8B001001230370A2
:104AC00000487047188C001010B50A784B781B020C
:104AD00013438A7812041A43CB781B061343962299
:104AE000D200934200D010BD0120002211004042AC
:104AF000FDF7B0F830B583B004000D0094467F2375
:104B00000340C20929485900891849014018847096
:104B10005142514141700021C17005836146C17607
:104B2000012A1ED0DC0022498C4664441F495800EB
:104B30008018400109188C601C49580080184001F9
:104B40000918896800200860002B15D117495B00FF
:104B50009B185B01CB1800225A60164ADA6003B03A
:104B600030BDDC0014498C4664441049580080185C
:104B7000400109188C60DFE7012A0BD0581EC000E5
:104B80000E498C46604409495B009B185B01C918BB
:104B90004860E4E7581EC00009498C466044034958
:104BA0005B009B185B01C9184860D8E7A41400207B
:104BB0008400105000011050800010500C00105064
:104BC0000800105010B5038B3F339B099901C27E3A
:104BD000022A08D0084A1368C3605B181360074AAA
:104BE000934202D810BDD901F4E7054B054A0648A7
:104BF0005221FFF779F9C046AC180020FF0F105082
:104C000020860010688C001064860010F8B57F24A0
:104C10000440C50963005B195B010F4EB446634451
:104C20001E00FFF767FF002C00D1F8BD0A4B64009F
:104C3000641964011C19218B3000FFF7C3FFE37E68
:104C40009B06E168054A4A4013438022120613433B
:104C500062681360E9E7C046A41400200000105009
:104C600010B503007F201840DB099C4640006044DB
:104C70004001024BC01800F02FF910BDA414002011
:104C800010B5002804D101210520FBF70DFE10BD51
:104C9000034B044A98210448FF31FFF725F9C04629
:104CA000D4860010588C00106486001010B50028BF
:104CB00005D1002200218020FFF7D2FF10BD034B59
:104CC000034AA2210348FF31FFF70EF9D4860010F2
:104CD000488C001064860010024B80225202DA6475
:104CE0007047C0460020115070B5041E27D100F057
:104CF000D1F8164D0C23AB671549FF220520FBF7B1
:104D000029FE144840220021FDF7E8FF002240213F
:104D10000020FFF77BFF002240218020FFF776FF75
:104D200002F03AFD01232B6480239B05EB64902362
:104D3000094AEA502000FFF7CFFF012070BD074B62
:104D4000074A64210748FF31FFF7CEF800001150F1
:104D5000AD040020A414002010D00100D48600105F
:104D60007C8C001064860010044B1970002904D05C
:104D7000034A902380218902D1507047F61A0020FF
:104D8000002011500B78DA0605D160221A4202D1B8
:104D90004B78052B00D070478A78CB781B021343E1
:104DA000FF221340014A1360F5E7C046000011508E
:104DB00010B5CA789207920F012A0AD088780B7929
:104DC0004979090219434905490DFFF71FFF0120E1
:104DD00010BD0020FCE710B502F0DEFC10BD0000A5
:104DE00010B58446080011001A006346002B03D159
:104DF000FFF736FF012010BD034B044A8121044810
:104E00008900FFF771F8C046D4860010388C001076
:104E10006486001010B57F23180008400B4205D1AE
:104E2000CB09012B0ED00222074B9A66C90940001C
:104E300040184001054BC01880221201002102F0E9
:104E4000BBFC10BD0122EFE700201150A41400208C
:104E500010B57F22100008400A4200D110BDC909D8
:104E6000400040184001044BC0180023C3700022CA
:104E7000024902F0A1FCF1E7A4140020FFF7FFFFB4
:104E800004E00A780270013101301A00531E002A32
:104E9000F7D1704710B580235B040A4A13600A4AB1
:104EA00013600A4B1A6880235B049343F9D1802274
:104EB000520100210648FDF711FF064B09225A67EF
:104EC00010BDC04600E0004000F0004008C00040B7
:104ED000000010500000115070B504000D001600C5
:104EE000837E002B17D1A6820023E3820133A376B1
:104EF0002561200002F058FC002804D00C4A9023C1
:104F000080218902D150200002F06EFC00280AD0D6
:104F10000123237770BD81780648FFF761F92000EF
:104F200002F052FCDFE7200002F066FCF2E7C04628
:104F300000201150C487001070B50500002408E05F
:104F4000E31A5B01144A9B18DB6828009847013478
:104F5000E4B2124B1B78A3420CD3F1D9104B1B685F
:104F600062019B18002BEFD10E490F480F4AFFF743
:104F700037F910E00E4C542200212000FDF7AEFE60
:104F8000201D1022FF21FDF7A9FE20001430202251
:104F9000FF21FDF7A3FE70BD508D0010F51A002013
:104FA000600E00201C8D0010FC8700102502000000
:104FB0001010002010B5FFF7BFFF00F097FE10BDE6
:104FC00070B506000C001500486900F099FE636991
:104FD0002A0001213000984770BD0000F0B5DE4680
:104FE00057464E464546E0B583B081460139C8B2C2
:104FF000FFF760FC002803D043789B46022B0CD0BF
:105000004E494F484F4AFFF7EBF8002003B0F0BC81
:10501000BB46B246A946A046F0BDC5796C11012237
:10502000494B1440240119781026B14321431970CB
:10503000AD112A405201C9B22024A1430A431A707B
:10504000060009368278C3781B021343C3189A46B8
:105050005BE0F37898463378F6185DE037493848D6
:105060003A4AFFF7BDF80020D0E72C1B6401384B0B
:10507000E41823693A00310048469847019008280F
:1050800001D9874213D20135EDB2324B1C78AC42C4
:1050900037D3EAD9304B1C686B01E418002CE8D1F7
:1050A000264927482D4AFFF79BF80020AEE74346E4
:1050B000012B10D0002290451AD9B3789B18DBB28F
:1050C0002149C9180979FF290BD11F49CB181D7136
:1050D0000132D2B2EFE72269214B9A42EAD1D84697
:1050E000E8E7164916481F4AFFF77AF800208DE7CF
:1050F0001D482B00019C2200310001F0F9FAA44662
:105100006644144B1B78AB420ED3564514D27378C9
:105110000B2B9ED0012398467378042B9ED15346C7
:105120009F1BBFB20025B0E7852204490448D20086
:10513000FFF756F8002069E7012067E7F08C0010C0
:10514000FC870010D603000010100020F1030000BF
:10515000508D0010F51A0020600E0020FA030000A8
:105160009961001019040000241000207047704756
:10517000002070470020704770B505000C0088784B
:10518000CB781B021A0A1300062A54D011D8022A1F
:1051900029D0032A41D0012A09D1FFF787FB021E3B
:1051A0001AD012232100280000F054FD29E000202D
:1051B00027E0072A17D00F2A0CD1FFF75DFC021E4B
:1051C00043D08178C3781B020B432100280000F0F4
:1051D00041FD16E0002014E020492148214AFEF755
:1051E000FFFF00200DE0022B0CD0FFF7C3FF021ED3
:1051F0002DD09178D3781B020B432100280000F0BA
:1052000029FD70BDFFF756FB021EF2D11349144869
:10521000154AFEF7E5FF0020F3E70B79497909020B
:105220001943FFF74BFB021E13D00378210028001F
:1052300000F010FDE5E7FFF79BFF021E0BD003789F
:105240002100280000F006FDDBE70020D9E7002060
:10525000D7E70020D5E70020D3E7C046D88C001060
:10526000FC8700103A04000061040000704770479A
:1052700070477047024B5878431E9841C0B2704740
:1052800010100020024B18784007C00F7047C0462E
:1052900010100020034B1878FF38431E9841C0B20D
:1052A0007047C046BC0C0020F8B506000C000F008B
:1052B000FFF7F0FF051E45D1002C21D02C485422C9
:1052C0000021FDF70BFD2B4B00221A702A4C200009
:1052D000FBF7AAFD294B1C60294C2000FBF7F0FDD1
:1052E000143C200001F084FC264B1C60264B002B54
:1052F00004D02648FFF7E2FB254B1860002410E09D
:10530000E922244924485200FEF76AFF1AE0E31A12
:105310005B01224A9B185B68002B0DD09847013433
:10532000E4B21A4B1B78A3420ED3F0D9184B1B687A
:1053300062019B18002BEED1F82216491648520044
:10534000FEF74EFF2800F8BD154B1E7039003000E7
:10535000FFF7CAFC051E03D03000FFF791FCF1E710
:10536000FC220C490C485200FEF73AFFEAE7C0461F
:1053700010100020F71A00200810002064100020F0
:10538000B40C002068100020BD4A0010F51A00205F
:10539000600E0020408D0010FC870010508D001022
:1053A000BC0C002070B50C00114B1B781E008B78D4
:1053B00070221A420DD10F4B9978200001F042F96A
:1053C000051E0ED021003000FFF7F2FC050028007A
:1053D00070BD094909480A4AFEF702FF00231D0073
:1053E000F5E705490548074AFEF7FAFEEFE7C0462C
:1053F000BC0C002010100020A88C0010FC870010AE
:105400000B0500000C050000F8B5CE46474680B5F8
:1054100080460C0016009946002516E017491848EA
:10542000184AFEF7DDFE00273800C0BCB946B0467A
:10543000F8BD9D2211491248D200FEF7D1FEF3E7D4
:10544000099A13702378E4180135AE4214DD6378AD
:10545000052BE3D1E1788907890F4945DED1210089
:105460004046FFF79FFF071EE3D0A378DA09012A21
:10547000E6D0089A1370E5E70127D5E7B88C00104D
:10548000FC870010E704000010B57F200840C90920
:10549000400040183030044BC0180430034B1968EA
:1054A00001F084F810BDC0461010002064100020E8
:1054B00010B57F200840C909400040183030044B27
:1054C000C0180430034B196801F09BF810BDC046AA
:1054D0001010002064100020F0B583B00193194B28
:1054E00018787F240C40CD09174B6600B4466344FE
:1054F0005B1930331B79DB071CD4134B6600B446B1
:1055000063445B1930331E7901273E431E71019BB2
:10551000FFF766FC002813D10B4B64001B195B19C5
:1055200030331A7901218A431A711A7903318A4377
:105530001A7105E005490648064AFEF751FE0020AB
:1055400003B0F0BDBC0C002010100020988C00109F
:10555000FC8700103905000070B50A4B18787F24CD
:105560000C40CD09FFF756FC074A640013195B197C
:1055700030331A7902210A431A711A7901210A4338
:105580001A7170BDBC0C00201010002070B50A4BC1
:1055900018787F240C40CD09FFF75AFC074A6400B5
:1055A00013195B1930331A7902218A431A711A7957
:1055B00001398A431A7170BDBC0C00201010002004
:1055C0007F220A40C909044B52009B185B183033F4
:1055D00018798007C00F704710100020F0B5C6463C
:1055E00000B584B001900C00002000F089FB237806
:1055F00060221A40602A32D0402A39D02378DB0654
:10560000DB0E012B00D1F4E0022B00D13AE1002B9C
:1056100000D0B9E1202A35D0002A00D0C1E163785A
:10562000052B67D057D8012B00D1CDE0032B00D13B
:10563000B5E0002B4CD1CC4B1A78510992080223CB
:10564000134001220A40134302AA063213800223A8
:105650002100019800F0FEFA01231D0096E1553269
:10566000C249C3489200FEF7BBFD00231D008DE137
:10567000C04800F045FB220001210198FFF700FA25
:10568000050083E1227963791B0213430F2A00D9B5
:1056900081E1B54AFF210B40D2181379B64A12783E
:1056A000934208D2B54A11685B01C918002909D193
:1056B00000231D006AE1934200D96FE19B1A5B0150
:1056C000AF49591822000198FFF77AFC05005DE107
:1056D00000231D005AE1082B1BD0092B26D0062BD6
:1056E00005D121000198FFF747FD05004EE1002399
:1056F0001D004BE1200000F009FBA1780198FFF7A5
:10570000D5FA994A137802210B43137001231D0027
:105710003CE1954B5B7802AA06321370012321000D
:10572000019800F097FA01231D002FE1A27890461E
:105730008D4B5B7893422BD08B4B5B78002B0CD13D
:10574000894B41465970002920D00198FFF746FC4B
:10575000051E11D0FFF78AFD1AE00021019D2800E7
:10576000FFF702FB2800FFF736FB7F4EB7782800D3
:10577000FFF7E2FBB770E3E7C9227C497C4892005F
:10578000FEF72EFD784B00225A70FFE0FFF76FFD09
:105790002100019800F04AFA01231D00F6E0A278EA
:1057A000E3781B021343012B02D000231D00EDE020
:1057B0006D4A137808210B4313702100019800F003
:1057C00035FA01231D00E1E0A278E3781B021343C0
:1057D000012B02D000231D00D8E0634A1378082172
:1057E0008B4313702100019800F020FA01231D0063
:1057F000CCE0227963791B0213430F2A00D9D3E04E
:10580000594AFF210B40D21813795B4A1278934210
:1058100024D25A4A11685B01C918002900D1C6E098
:1058200022000198FFF7CCFB051E00D0AEE02378E4
:1058300060221A4200D0A9E063780A3B012B00D90C
:10584000A4E0002000F05CFA63780A2B0ED021005F
:10585000019800F0EBF901231D0097E0934200D975
:10586000A8E09B1A5B0146495918D9E702AB9A1D7B
:105870000023137001332100019800F0EBF901239C
:105880001D0083E021797F200840CB099C467023CE
:105890000B4218D1344B40001B1863441B7D364823
:1058A0000078834217D2354800685B01C3181D0099
:1058B000002A1BD0291E00D17FE022000198FFF7AB
:1058C0007FFB050062E0294929482E4AFEF788FC43
:1058D00000231D005AE0834205D81B1A5B012848AB
:1058E0001B181D00E4E700231D00E1E76378012B8E
:1058F00012D0032B10D0002B62D1019D2800FFF79E
:105900005FFE02AB9A1D108002232100280000F0E8
:10591000A1F901231D0039E0A078E27812020243C8
:1059200004D1012B1BD00198FFF716FE002D4AD0A1
:10593000220029000198FFF743FB002000F0E0F966
:10594000094B35229B5CDB07DA0F1500002B1DD1BC
:105950002100019800F06AF901231D0016E001986A
:10596000FFF714FEE2E7C04610100020048D00107F
:10597000FC870010814A0010F51A0020600E0020FC
:10598000508D00109503000000231D00280004B076
:1059900080BCB846F0BD00231D00F7E700231D00C2
:1059A000F4E700231D00F1E700231D00EEE70023CC
:1059B0001D00EBE700231D00E8E700231D00E5E7DD
:1059C00000231D00E2E701231D00DFE730B585B0AD
:1059D000FFF760FC00284ED105B030BD042B4AD142
:1059E0006A4B1B78DB0746D5684B18780007C00F59
:1059F000FFF73EFC3FE0072B71D0082B00D1B5E04C
:105A0000062B38D1624B1B78002B62D0604A13788A
:105A1000013BDBB213701378002B2CD15B4B1A784F
:105A2000012401210A431A703422995CA14399543C
:105A3000995C0420814399540132995CA1439954A3
:105A4000995C8143995401AB187802A9FFF7C6FD10
:105A5000002810D101AC20780021FFF7DBF9207875
:105A60008021FFF7D7F906E001AC2078FFF7A2FA12
:105A70002279464B9A70474B1C686269EFF310819C
:105A800072B61368002BFCD0BFF35F8FA16101A930
:105A9000200001F04FF86269A369BFF35F8F002116
:105AA000116083F31088002800D195E701AB5B7883
:105AB000052B53D09FD8032B5FD08FD8012BD3D089
:105AC000022BD8D101AB1878FFF774FAFFF7CFFBA0
:105AD000D1E731493148324AFEF782FB7CE701AB1E
:105AE00019797F220A40CC09284B50001B181B193A
:105AF000303318790125A843187118790335A84364
:105B00001871002A15D0214B52009B181B191B7DC0
:105B1000244A1278934213D2234A12685B01D318A5
:105B2000002B14D09C6901A84279039B0078A04700
:105B3000A1E701A84279039B007800F0F5F89AE705
:105B4000934204D89B1A5B01184A9B18EAE7A422E7
:105B5000114912489200FEF743FB3DE70B4B1B78BF
:105B6000DB0700D487E7FFF784FB84E7029B002B69
:105B700000D180E7039898477DE7044BDB78DB078B
:105B800000D478E70298FFF7F2FA74E710100020CB
:105B9000F71A002068100020308D0010FC870010DC
:105BA00065020000F51A0020600E0020508D0010E4
:105BB00010B50023CB56002B05DB802100230022EB
:105BC000FFF78AFC10BD0021F8E70000F8B50700D8
:105BD000144B9E89DD89731B9BB21C1C402B00D982
:105BE0004024A4B20F4B1B785BB2002B08DB0021D2
:105BF000AE4213D00C4A23003800FFF76DFCF8BD0D
:105C0000AE4209D0074B9968402C09D806482200BB
:105C1000FDF76AF88021EBE78021E9E70022EAE757
:105C20000020ECE7F00F0020B00F002070B5060058
:105C30000D00074C08222000FDF756F80023A36052
:105C4000E381A38129003000FFF7B2FF70BDC04699
:105C5000F00F0020F0B5C64600B580460C001700D6
:105C60001E001F4D08222800FDF73EF8AF600023FC
:105C7000EB81A379E179090219430B1CB14200D9E8
:105C8000331C99B2164A9381A279E3791B0213431C
:105C900019D0002901D0002F08D04046FFF796FF09
:105CA000041E0AD0200080BCB846F0BD0D490E4845
:105CB0007222FEF795FA0024F4E70A490A48742292
:105CC000FEF78EFAEEE721004046FFF771FF041E53
:105CD000E8D1044904487622FEF782FAE2E7C0469A
:105CE000F00F0020888D0010FC87001010B50348CD
:105CF00014220021FCF7F2FF10BDC046F00F002077
:105D0000014B18617047C046F00F002010B501002C
:105D1000044C08222000FCF7E7FF0023A360E38186
:105D2000A38110BDF00F002070B505001A001C0003
:105D3000C909344B1B78DB098B4219D0002A08D0E3
:105D4000314932489D22FEF74BFA00231C00200007
:105D500070BD2C4B1C001900FFF714F82369002BB1
:105D600003D0284A03212800984701231C00EEE7AE
:105D7000244B1B785BB2002B06DB224B9868002873
:105D80003DD02349FCF7B0FF1E4AD389A1B25B186E
:105D90009BB2D3819168A44661449160D2889342BA
:105DA00001D03F2C20D8174B1B69002B05D0154A7A
:105DB00002212800984700280BD012492800FFF73D
:105DC000F7FE041EC3D110491048C522FEF708FA99
:105DD000BDE700212800FFF71DF880212800FFF70C
:105DE00019F801231C00B2E72800FFF7EFFE041E9C
:105DF000ADD105490548CD22FEF7F2F9A7E700230A
:105E00001C00A4E7F00F0020708D0010FC8700102C
:105E1000B00F002070B50400FFF72CFA002803D162
:105E200000231E00300070BDFFF72CFA061EF7D1CC
:105E30001C4BC82262439B18DB78002BF0D0C82390
:105E400063431033174A9B181D00180000F05BFED7
:105E50003F28E7D9134BC82262439B18D97800200A
:105E6000FFF712FB002801D10600DBE7280000F055
:105E70004AFE3F280DD9E2010B4BD218094BC8212D
:105E800061435B18D97840230020FFF725FB06000B
:105E9000C8E7044BC82262439B18D9780020FFF75B
:105EA00007FBBFE7E80E0020640E002010B50400D9
:105EB000FFF7E0F9002800D110BDFFF7E3F9002853
:105EC00008D1064BC82262439B181B79DB0703D518
:105ED0000130F1E70020EFE70020EDE7E80E0020B9
:105EE00010B5C823434310330248181800F0D7FDFB
:105EF00010BDC046E80E002070B50400C820604305
:105F00000300103307481818074B9A4208D892B27A
:105F100000F031FE05002000FFF77CFF280070BD77
:105F2000024AF5E7E80E0020FEFF0000FFFF000038
:105F300070B50400FFF79EF9002801D1002070BD64
:105F4000FFF7A0F90028F9D1C823634320331E4A84
:105F50009B1804331E00180000F0A1FD0028EED0AD
:105F6000194BC82262439B1899780020FFF78CFADE
:105F70000028E4D0E3014033144A9B181D0040225E
:105F80001900300000F0F7FD061E14D00E4BC82299
:105F900062439B18997803002A000020FFF79CFABF
:105FA000002801D03000CAE709490A48D522FEF787
:105FB00017F90020C3E7044BC82262439B18997865
:105FC000FFF776FA0020BAE7E80E0020640E002002
:105FD000B88D0010FC87001070B50600C82444433B
:105FE00020340C4BE41804340B4B9A420BD892B279
:105FF000200000F0F8FD0500200000F050FD3F28D3
:1060000003D8280070BD054AF2E73000FFF790FF83
:10601000F7E7C046E80E0020FEFF0000FFFF00008B
:1060200010B5C82358432030024BC018043000F08C
:106030006AFD10BDE80E0020F0B5C64600B582B07E
:106040002448C8220021FCF749FE234B00221A7085
:106050000027002F03D002B080BCB846F0BD1D4E13
:10606000C8247C433519FF236B71E1235B02AB60CD
:1060700000222A736A730823AB732100383189190F
:106080002000103080190092073B403200F0C6FC1F
:106090002100783189192000203080190430012333
:1060A0000093402200F0BAFC2300B8339B199846B5
:1060B0001800FAF7B9FEC034A4192000FAF7B4FEAC
:1060C0000022EA6143462B622C636A630137FFB208
:1060D000BFE7C046E80E0020E40E00200023002B9E
:1060E00001D00120704719000E4AC82058431218E9
:1060F000106A126B9446002806D00A4AC8205843FA
:1061000012180020D06110626246002A06D0054AAB
:10611000C820414352180021116351630133DBB29F
:10612000DDE7C046E80E002070B50024002C00D04A
:1061300070BD2500C8206043154BC0180522002102
:10614000FCF7CCFD134B1B78DB070FD5114B1B78ED
:106150009B0713D5C820684320300D4BC01804306E
:10616000012100F064FD0134E4B2DFE7C8206043A0
:106170001030074BC01800F03BFDE7E7C82068432C
:106180002030034BC018043000F032FDE2E7C04677
:10619000E80E0020E40E0020F0B5C64600B582B03F
:1061A00007004B79022B6BD18B79022B00D06DE06D
:1061B00000231E00002E08D0002E13D18B784046FD
:1061C00003700C780C19092518E0C8237343304874
:1061D0001B1898469B78002BEED033000133DBB2BE
:1061E0001E00E7E742222B492B48FF32FDF7F8FF5C
:1061F000002546E023785D19ADB2E4186378242BBE
:1062000001D19542F6D9052B09D06378042B02D130
:1062100063790A2B19D03000FFF7FCFD31E0210033
:106220003800FFF7BFF8002807D0A3784246537024
:1062300023785D19ADB2E418E7E7542215491648F2
:10624000FF32FDF7CDFF00251BE021784D19ADB2DF
:1062500061184246931C0193D31C0093022302222F
:106260003800FFF7D1F8002802D00E35ADB2D2E7E2
:10627000B122084908485200FDF7B2FF002500E0AE
:106280000025280002B080BCB846F0BD0025F8E724
:10629000E80E0020AC8D0010FC87001070B50600E1
:1062A0000D001100127860231340202B00D087E0EE
:1062B0000024002C0FD0002C00D083E04B78222B40
:1062C00045D019D8202B21D0212B13D12B00012D03
:1062D00035D0012075E0C82363433E4A98188446B0
:1062E000D25C08794B791B0203439A42E3D0013414
:1062F000E4B2DEE7002064E0232B05D1012D4ED06F
:10630000032D51D001205CE000205AE02B00012D2C
:1063100003D0032D09D0012053E062460832063332
:106320003000FFF797FC01204BE02B4B002B4BD0AC
:10633000614608312000FEF7C7FB012041E06246BC
:10634000083206333000FFF785FC012039E0012DCB
:1063500003D0032D06D0012033E03000FFF766FCA8
:1063600001202EE08A78CB781B021343012215000E
:106370001D4059080A401600624613710121694008
:10638000C9B26046243000F052FC144B002B1DD0E3
:1063900032002900200000E000BF012011E03000A1
:1063A000FFF744FC01200CE00D4B002B10D08B7844
:1063B000C97809021943200000E000BF012000E075
:1063C000002070BD0020FCE70120FAE70120F8E77B
:1063D0000120F6E7E80E0020C94A00100000000086
:1063E00000000000F0B5CE46474680B583B001906E
:1063F0000E0000930024002C0FD0002C1AD1A046D0
:10640000EB78B3421ED0AB78B34255D001242000C4
:1064100003B0C0BCB946B046F0BDC82565433D4B8E
:10642000ED18EB78B342E8D0AB78B342E5D0013455
:10643000E4B2E0E7E622384938485200FDF7D0FEE2
:106440000024E4E710239C46AC446046E146E101A9
:10645000334BC9186B461A8800F0C5FB314B002B33
:106460001AD06B79FF2B17D0002700E00137009B73
:106470009F4211D26A792A4B4146C9015B18DB5D04
:106480009A42F3D1484600F020FB0028EED169790A
:10649000200000E000BFE9E7234B002B04D0484672
:1064A00000F013FB002803D02000FFF7B3FCAAE79D
:1064B000200000E000BFF7E71C4B002B02D02000BB
:1064C00000E000BF2000FFF733FD002801D00124C9
:1064D0009DE72800243000F0E2FA002815D1009B47
:1064E000002B14D09B0601D0012490E7A9780198D5
:1064F000FEF7CAFF041E01D1012488E7A978002312
:1065000000220198FEF7E8FF81E701247FE70124DC
:106510007DE7C046E80E00209C8D0010FC8700102F
:10652000640E0020000000000000000000000000D9
:1065300010B582B000290BD001281DD80B78002B94
:106540001AD0174A1354012B20D001231C001AE043
:1065500001A901230B7000234B700020FEF7A4FE5D
:10656000041E03D00E4B01221A700CE00D490E4898
:106570004722FDF735FE06E00A490B485A22FDF78F
:106580002FFE00231C00200002B010BDFEF78CFE81
:10659000041EF8D1034904485F22FDF721FEF2E70B
:1065A00004100020E48D0010FC87001070B504007A
:1065B0000A000D000378DB07D80F002B1FD12378CA
:1065C0005B07D90F0E00002B1ADB01214942100096
:1065D00001F002F92378DB07DA0F002B08D12378CA
:1065E0005B070AD4237804221343237001231E007F
:1065F000280001F0A9F8300002E01600F8E70020BA
:1066000070BD70B5040006000A000D00012149426A
:10661000100001F0E1F823785B07DA0F1400002B7B
:1066200004DB280001F090F8200070BD3378DB0710
:1066300004D43378042293433370F2E700231C0020
:10664000EFE7000010B5027943791B0213435B05A5
:106650005B0DC2789207920F022A14D0032A2DD024
:10666000012A3CD1022904D01E4A9A4204D30120B7
:1066700036E08022D200F8E71B491C48D122FDF702
:10668000AFFD00202CE0022903D0402B0FD80120C1
:1066900026E080229200934201D1012020E012499D
:1066A0001248293AFF3AFDF79BFD002018E00E49F9
:1066B0000E48DB22FDF794FD002011E0022904D0F2
:1066C00040229A4204D301200AE08022D200F8E757
:1066D00005490648E122FDF783FD002000E0002087
:1066E00010BDC046FF030000D08D0010FC870010D5
:1066F00010B584461C008B1801E00A78891899426D
:106700000AD24A78052AF8D188787A3202405200B3
:106710006244C0091454F0E710BD03008A1890B217
:10672000814202D85A00904203DB5B009BB2C01A40
:1067300080B2704770B50E00140081889A420BD366
:10674000D21A92B2002A20D0914211D2A1420AD884
:10675000641AA3B243810BE0D21A92B24D00AC4648
:10676000624492B2EEE70C19A3B2F3E75B1A9BB254
:106770009942FBD90168C2885204520C5343C9188C
:106780003000FCF7B1FA012070BD0020FCE7F8B53D
:10679000CE46474680B504000F00180008AB1B78B2
:1067A0009C46A388191A89B2C31AD3189BB2E588EC
:1067B0006D046D0C0E006E43B6B2B0466B439BB2D7
:1067C0009946236868431B186646002E06D19142FD
:1067D00008D36A4319003800FCF786FAC0BCB946F2
:1067E000B046F8BD4646320019003800FCF77CFA86
:1067F0002168380040444A46FCF776FAEEE7F0B5E7
:10680000C64600B582B00E001700190008AB1B8801
:1068100009AA12789446828899420FD3CC1AA4B25E
:10682000002C1FD0A24205D28A420ED88B1A9BB2EE
:1068300043811400BC420DD33C000BE0CC1AA4B23F
:106840005500A8464444A4B2EAE751188BB2EFE7DA
:106850009B1A9BB29A42FBD96246009222003100F9
:10686000FFF795FF200002B080BCB846F0BDF0B540
:1068700083B004000D0016001F000069002803D03B
:106880000121494200F0A8FF23899BB26289019748
:106890000092320029002000FFF7B1FF020005003E
:1068A000618989B2A088FFF738FF608120690028DC
:1068B00001D000F049FF280003B0F0BDF8B5CE4686
:1068C000474680B504000F00190008AB1B789C46B2
:1068D0008388581A80B2CB1AD3189BB2E5886D040E
:1068E0006D0C06006E43B6B2B0466B439BB2994640
:1068F000236869435B186646002E06D1904208D390
:106900006A4339001800FCF7EFF9C0BCB946B0463D
:10691000F8BD4646320039001800FCF7E5F920685A
:10692000390041444A46FCF7DFF9EEE7F0B585B09F
:1069300004000391151E029300D16DE0C068002889
:1069400003D00121494200F047FF2789BFB2618986
:1069500089B2E379DB0918D1A3888F420FD3791A62
:1069600089B28B4256D95B1A9BB22E1C9D4200D92C
:106970001E1CB6B2002E45D0A2883B0033E0791A27
:1069800089B25A00891889B2EBE7A688AE420ED8C0
:10699000029B002B21D1AB1BE5886D046D0C5D4380
:1069A000039B9C46AC44634603930F00E2E78F428F
:1069B0000DD37B1A9BB25B19720093420FDB721BE3
:1069C00092B23000FFF7A9FE07002E00D2E77B1A33
:1069D0009BB272009B189BB2EDE70F00CAE72E0036
:1069E000C8E79B1A9BB29A42FBD9029A00923200E6
:1069F00003992000FFF762FFA08832003900FFF7FB
:106A00008CFE2081E068002801D000F09DFE30005F
:106A100005B0F0BD0026F5E71600F8E7F0B5C6466C
:106A200000B504000D0016001F0006AB1B78984649
:106A300080231B029A422ED8C068002803D001216F
:106A4000494200F0C9FE2069002803D001214942D3
:106A500000F0C2FE2560A6807A04520CE388DB0BAE
:106A6000DB031343E3804346DA01E1797F230B40E4
:106A70001343E371002363812381E068002801D080
:106A800000F062FE2069002807D000F05DFE0120C2
:106A900080BCB846F0BD0020FAE70120F8E710B549
:106AA000828801898BB2408984B2884207D81B1B37
:106AB0009BB2101C9A4200D9181C80B210BD1B1B3F
:106AC0009BB251005B189BB2F3E703894089181A07
:106AD00043425841C0B2704783889C46028993B2B2
:106AE000418988B2914207D81B1A9BB200206246A6
:106AF00093424041C0B270471B1A9BB2624652009B
:106B00009B189BB2F2E710B5828801898BB240894D
:106B100084B2884206D81B1B9BB29A4208D9D01A6D
:106B200080B210BD1B1B9BB251005B189BB2F4E7F7
:106B30000020F6E770B504000D000069002803D0BE
:106B40000121494200F048FE228992B263899BB23A
:106B500029002000FFF7EEFD02000500618989B2DF
:106B6000A088FFF7DAFD60812069002801D000F0DD
:106B7000EBFD280070BD10B50023FFF778FE10BDB7
:106B8000F8B504000F00C068002803D00121494275
:106B900000F022FE23899BB21E002000FFF79CFF1D
:106BA000002802D0E579ED0916D0A288330001E073
:106BB0009B1A9BB29A42FBD92068E2885204520C7D
:106BC0005343C0183900FCF78FF8A0880122310028
:106BD000FFF7A3FD20810125E068002801D000F027
:106BE000B3FD2800F8BD10B50023FFF79FFE10BDD0
:106BF00010B50400C068002803D00121494200F00C
:106C0000EBFD2069002803D00121494200F0E4FD9A
:106C1000002363812381E068002801D000F094FD07
:106C20002069002801D000F08FFD012010BD70B553
:106C300004000D00C068002803D00121494200F083
:106C4000CBFD2069002803D00121494200F0C4FD9A
:106C5000EB01E2797F2111401943E171E0680028DE
:106C600001D000F071FD2069002801D000F06CFD1A
:106C7000012070BD074B98420AD0032301229A409D
:106C8000054B1A60054B1B6811009943FAD17047F8
:106C90000423F3E7C00C002000F0004008C00040CF
:106CA000F0B5DE4657464E464546E0B587B007008C
:106CB00093461800039310AB1A780592119D129A0F
:106CC00090463B680022DA663B6859603B680132B7
:106CD000DA660290002399460493002600242DE0F2
:106CE0003B79002B39D0012337E0059A002A01D0E7
:106CF000002236E0012234E0002E0CD13B685B6BB1
:106D0000DB0608D4002DF7D000214046A847060036
:106D10000443E4B2F0E7002E09D13B6880229A5880
:106D20000492002A28D1002C39D1CA4527D0002C42
:106D30003DD101239C46E144019B9B46029B994522
:106D400035DA039B013B9A46002D02D001214046D3
:106D5000A8474B46002BC3D000239B02CA45C4D092
:106D60000022520213435A46013201925A461178C8
:106D70003A680B431361C5E75B6D01240FE0059B87
:106D8000002BD4D10BE000214046A8470600044365
:106D9000E4B2002E06D13B685B6B9B0502D4002D4C
:106DA000F1D1F6E7002EC2D13B681B6EBFE7002C85
:106DB00008D0002E10D1049A002A11D0D30713D482
:106DC000130715D5059B3B71484607B0F0BCBB4681
:106DD000B246A946A046F0BD02235B429946F1E7C0
:106DE00001235B429946EDE701235B429946E9E7BF
:106DF00001235B429946E5E7F0B5DE4657464E462D
:106E00004546E0B585B00500029218009B460EABE2
:106E10001A780392109A90462B680022DA662B6843
:106E200059602B680132DA668246002700230193FD
:106E300000243E000F9F564543DA5B46013B9946CE
:106E4000002F02D001214046B8472B685A6F102A04
:106E5000FBD0002E0BD000229202B1450CD00021B5
:106E600049020A43802149000A431A6119E02A793C
:106E7000002AF1D00122EFE70399002901D0002177
:106E8000EEE70121ECE7002F05D000214046B8478E
:106E900001900443E4B2002C15D12B689A6F002AAC
:106EA00008D12B6880229A585A6B5206EBD55B6D3D
:106EB0000124E8E71B69029A13700136531C029300
:106EC000B9E7370000E03700002C04D0019B002B0D
:106ED0000BD002277F42039B2B71380005B0F0BC1A
:106EE000BB46B246A946A046F0BD01277F42F2E765
:106EF000F0B5D6464F464646C0B504000D00052005
:106F0000FAF772FD060068088019A8462900FAF70A
:106F1000EFFF070043001A18914605211000FAF709
:106F2000E7FF05003A1A9246254B42469A4237D867
:106F3000700080192349FAF7DBFF431CAA1E9A420E
:106F400035D322680021D166226810680431484098
:106F50000231014080204001844662441160226871
:106F60005146D161226815624A464F2A25D92D091A
:106F70002168A0228D502268D16F4B401B041B0C4E
:106F800011498C466244136023680122DA66390095
:106F90003000FAF7ADFFE0BCBA46B146A846F0BDF6
:106FA000700080190949FAF7A3FF431CC6E7084B94
:106FB000084A09485D21FCF797FF0125D8E7C0463C
:106FC0003F420F00809698007C10000040787D01C1
:106FD00014880010F88D00103488001070B504007B
:106FE0000D00114B98421DD00322012393400F4AFC
:106FF00013602000FFF73EFE002323712268D36652
:1070000022686621FF3111602268D363226893638E
:10701000226888336339FF39D15029002000FFF7F7
:1070200067FF70BD0422E0E7C00C002000E00040D4
:1070300030B585B008AC2478002502950195009400
:10704000FFF72EFE05B030BD30B585B008AC247812
:107050000025029501950094FFF7CEFE05B030BDE6
:1070600010B50122862100F005FB10BD30B583B0BC
:107070000D006B46DC1D2200302100F0F6FA22786C
:107080001023134023705A4253412B7003B030BD7C
:1070900010B54022872100F0EDFA10BD10B5002296
:1070A000872100F0E7FA10BD30B583B005000C0071
:1070B0006B46991DFFF7DAFF6B46DA1D3121280078
:1070C00000F0D3FA002809D16B46D97906331B7832
:1070D00001220A409B1A5A425341237003B030BD2B
:1070E00030B583B005002D2409E023002D3B144A60
:1070F000D25C2100280000F0BDFA0134E4B2872CF4
:10710000F3D92800FFF7C4FF6B46DC1D21002800DF
:10711000FFF7CAFF2378002BF6D02800FFF7A0FF67
:107120002800FFF7BBFF09220821280000F0A2FA7F
:1071300000220B21280000F09DFA03B030BDC046AC
:107140000C8E001030B583B00D006B469C1D2200E4
:107150005E2100F07FFA2388D7225200934232D07A
:1071600016D8512B08D00AD81D2B03D10F232B8002
:1071700003B030BD1E2B2CD114232B80F8E7AD2B90
:1071800021D0D62B01D0602B23D121232B80EFE7F8
:10719000124A93421AD00CD8114A934216D0114A7F
:1071A000934203D0163AFF3A934212D164232B80C4
:1071B000DEE70D4A934202D00C4A934209D1FA23EA
:1071C0005B002B80D4E732232B80D1E7C8232B80B0
:1071D000CEE700232B800120CAE7C046E103000070
:1071E000D9020000E10200008F04000091050000B8
:1071F00030B583B00D006B46DC1D22004B2100F042
:1072000034FA2378142B05D00A2B06D000232B80C8
:1072100003B030BD133B2B80FAE7083B2B80F7E728
:10722000F0B583B005000C006B46991DFFF7E0FF39
:10723000061E00D074E06B4606331B88012B0CD071
:10724000642C4AD029D8212C4DD0322C4FD0142C6C
:1072500021D122231F001E2251E0322C27D00BD82F
:10726000142C2AD0212C2CD00F2C03D127231F0023
:107270001D2244E0012051E0C82C26D0FA235B00F7
:107280009C4226D0642C04D1E2239B001F00264A96
:1072900035E0012042E0012040E0C82C2BD0FA2349
:1072A0005B009C423ED1214B1F00214A27E0F42382
:1072B0005B001F00D722520021E06E231F005122E5
:1072C0001DE06E231F00D62219E01A4B1F001A4A38
:1072D00015E01A4B1F001A4A11E0F5235B001F004E
:1072E000E62252000BE06E231F00602207E0C62357
:1072F0001F00AD2203E0BE239B001F00114A92B283
:107300005E21280000F0C1F9330003435CB2BAB239
:107310006121280000F0B9F9204340B203B0F0BD6C
:107320000120FBE70120F9E7E1020000A4040000CE
:107330008F04000096040000E1030000C105000076
:1073400091050000D902000070B582B005000E0062
:107350006A46911DFFF7F6FE041E67D1012E03D089
:10736000022E30D0013C2BE014224B21280000F0EB
:1073700081F9044364B207226021280000F07AF901
:10738000044364B205226321280000F073F904432A
:1073900064B238226921280000F06CF9044364B219
:1073A000244A7821280000F070F9044364B2224A8C
:1073B0007A21280000F069F9044364B2002C2DD032
:1073C000200002B070BD0A224B21280000F052F9C3
:1073D000044364B20F226021280000F04BF90443FB
:1073E00064B20D226321280000F044F9044364B222
:1073F000B8226921280000F03DF9044364B20F4A25
:107400007821280000F041F9044364B20C4A7A2143
:10741000280000F03AF9044364B2CFE76B46D988FC
:107420002800FFF7FDFE044364B2C9E7012464426B
:10743000C6E7C04605070000060600000D0F000065
:107440000E0E0000F0B583B005000F006A46941DD3
:107450002200DE2100F0FEF8060023889B05980D2F
:1074600020803B0043431800FBF718F8074A084BFD
:10747000FAF7A9FFFBF752F802006C21280000F090
:1074800014F93300034358B203B0F0BD3333333340
:107490003333F13F10B50A00E52100F0E6F810BDE6
:1074A00030B583B00D006B469C1D10212200FF31CA
:1074B00000F0D0F823882B8003B030BD10B586B023
:1074C0000C00112301AA892100F0A2F800281CD188
:1074D00001AB1A781F231340172B01D80C4AD35C39
:1074E000237001ABDA791202197A0A43D200A28022
:1074F000DA782281DA7B1202197C0A43D200E28018
:107500005A7B9B7B12021343638006B010BDC046BA
:10751000688E001010B582B08C461400C1B2084BC2
:1075200018680023009313006246FFF781FDA04214
:1075300002D1002002B010BD01204042FAE7C0464F
:10754000A418002010B582B08C461400C1B2084BBC
:1075500018680023009313006246FFF775FDA042F0
:1075600002D1002002B010BD01204042FAE7C0461F
:10757000A418002030B583B005000800124B196034
:107580001249FFF72BFD03210420F8F7E7FF032141
:107590000520F8F7E3FF002201210420F8F7F8FFA7
:1075A000002201210520F8F7F3FF6B469C1D210006
:1075B0002800FFF775FF2288054B9A4201D103B0DE
:1075C00030BD01204042FAE7A4180020A086010047
:1075D000CCEA000070B50600080011001C005A1C1F
:1075E00080239B009A420ED8084D030A2B706870C6
:1075F000A81C2200FBF778FB0234E2B2290030001D
:10760000FFF788FF70BD01204042FBE72C120020ED
:1076100070B584460400080015001E005A1C802323
:107620009B009A4210D80A49030A0B704870022244
:107630006046FFF76FFF002800D070BDF2B229004E
:107640002000FFF77FFFF8E701204042F5E7C04642
:107650002C12002010B514000223FFF7D9FF238855
:107660001A0A1B021343238010BD10B50123FFF734
:10767000CFFF10BD00B583B013006A460732137008
:107680000123FFF7A7FF03B000BD10B582B01300C0
:107690006A46063213809BB21C0A1B0223431380E6
:1076A0000223FFF797FF02B010BD30B583B00192FF
:1076B00013061402FF252D042C402343140AFF2532
:1076C0002D022C402343120E13430193042301AADD
:1076D000FFF780FF03B030BD10B50800F9F72AFFAF
:1076E000002010BD030084469B070BD0030003213C
:1076F00002E001330B4206D01A78002AF9D1624623
:10770000981A7047030019680C4A0D488A188A4372
:1077100002420FD15968094A04338A188A43024247
:1077200008D15968054A04338A188A430242F1D0C5
:1077300000E001331A78002AFBD1E0E7FFFEFEFEED
:10774000808080800000000001B40248844601BCB3
:10775000604700BFF901002001B40248844601BC23
:10776000604700BF190B002001B40248844601BCE9
:10777000604700BF8901002001B40248844601BC73
:10778000604700BFC100002001B40248844601BC2C
:10779000604700BF190B002001B40248844601BCB9
:1077A000604700BFD103002001B40248844601BCF9
:1077B000604700BF1507002001B40248844601BCA1
:1077C000604700BF1D08002001B40248844601BC88
:1077D000604700BF1108002001B40248844601BC84
:1077E000604700BFBD01002001B40248844601BCCF
:1077F000604700BF4107002001B40248844601BC35
:10780000604700BF6908002001B40248844601BCFB
:10781000604700BFCD020020D11C0010FD1C0010ED
:10782000911E0010CD2C0010352500109D2B00104E
:10783000C51D0010191D0010391D00104D1D001030
:10784000610E0010551D001091160010BD1C001097
:08785000A107001029490010F6
:107858003D3D3D3D3D3D3D3D3D3D3D3D3D3D3D3D50
:107868003D3D3D3D3D3D3D3D3D3D3D3D3D3D0000BA
:10787800564C35334C31582044697374616E6365D6
:107888002053656E736F7200496E697469616C6923
:107898007A696E67204932432E2E2E004552524F88
:1078A800523A204661696C656420746F20696E697C
:1078B8007469616C697A65204932432E00000000C2
:1078C80049324320696E697469616C697A65642E0E
:1078D8000000000057616974696E6720666F722046
:1078E80073656E736F7220746F20626F6F742E2EC3
:1078F8002E000000426F6F745374617465206572C6
:10790800726F723A2025640A000000004552524FF7
:10791800523A2053656E736F7220626F6F742074D1
:10792800696D656F75742E0053656E736F72206292
:107938006F6F746564207375636365737366756CC4
:107948006C792E0053656E736F72496E69743A20B4
:1079580025640A004552524F523A2053656E736FA0
:107968007220696E697469616C697A6174696F6E95
:10797800206661696C65642E0000000053657444DC
:10798800697374616E63654D6F64653A2025640A96
:10799800000000004552524F522073657474696E9E
:1079A800672064697374616E6365206D6F64652E0A
:1079B8000000000053657454696D696E6742756410
:1079C8006765743A2025640A000000004552524F4A
:1079D800522073657474696E672074696D696E6787
:1079E800206275646765742E000000005365744951
:1079F8006E7465724D6561737572656D656E743A06
:107A08002025640A000000004552524F5220736539
:107A18007474696E6720696E7465722D6D65617323
:107A28007572656D656E7420706572696F642E007D
:107A3800537461727452616E67696E673A20256487
:107A48000A0000004552524F5220737461727469E3
:107A58006E672072616E67696E672E00537461727B
:107A680074696E67206D6561737572656D656E7496
:107A7800732E2E2E000000003D3D3D3D3D3D3D3D19
:107A88003D3D3D3D3D3D3D3D3D3D3D3D3D3D3D3D1E
:107A98003D3D3D3D3D3D0A00537461727452616E37
:107AA80067696E67204552524F523A2025640A0092
:107AB800436865636B466F724461746152656164C3
:107AC80079204552524F523A2025640A000000009E
:107AD80054494D454F55542077616974696E672044
:107AE800666F72206D6561737572656D656E740081
:107AF800476574526573756C74204552524F523AFB
:107B08002025640A000000005374617475733D25D4
:107B180064207C2044697374616E63653D2564202C
:107B28006D6D207C20416D6269656E743D25642011
:107B38007C205369676E616C3D2564207C2053501E
:107B48004144733D25640A00436C656172496E7453
:107B5800657272757074204552524F523A202564EE
:107B68000A00000053746F7052616E67696E672077
:107B78004552524F523A2025640A00006D616E75D5
:107B88006661637475726572203D3D204D414E55A6
:107B980046414354555245525F5250490000000037
:107BA800433A2F55736572732F72706F72612F2E5F
:107BB8007069636F2D73646B2F73646B2F322E3370
:107BC8002E312F7372632F7270323034302F7069F8
:107BD800636F5F706C6174666F726D2F706C617427
:107BE800666F726D2E63000070617274203D3D20D7
:107BF800504152545F525032000000000A2A2A2A8B
:107C08002050414E4943202A2A2A0A004E6F2073E9
:107C180070696E6C6F636B73206172652061766149
:107C2800696C61626C65000030783163203D3D20ED
:107C3800282A696E7374293E3E31317500000000B0
:107C4800433A2F55736572732F72706F72612F2EBE
:107C58007069636F2D73646B2F73646B2F322E33CF
:107C68002E312F7372632F7270325F636F6D6D6F79
:107C78006E2F68617264776172655F6972712F69CE
:107C880072712E630000000064656C7461203E3DD3
:107C9800202D323034382026262064656C7461200B
:107CA8003C3D203230343620262620212864656C5D
:107CB8007461202620312900212864656C746120B4
:107CC8003E3E20313175290063757272656E7420ED
:107CD8003D3D205F5F756E68616E646C65645F75BD
:107CE8007365725F697271207C7C2063757272653E
:107CF8006E74203D3D2068616E646C657200000002
:107D08006972715F68616E646C65725F63686169EE
:107D18006E5F667265655F736C6F745F68656164DA
:107D2800203E3D2030000000767461626C655F681B
:107D3800616E646C6572203D3D205F5F756E6861A1
:107D48006E646C65645F757365725F69727100005B
:107D5800212828282875696E747074725F742972D6
:107D6800656D6F76655F7468756D625F62697428AA
:107D7800767461626C655F68616E646C65722929EE
:107D8800202D20282875696E747074725F742969B3
:107D980072715F68616E646C65725F636861696E59
:107DA8005F736C6F7473292920252073697A656F56
:107DB8006628737472756374206972715F68616E86
:107DC800646C65725F636861696E5F736C6F742958
:107DD8002900000021657863657074696F6E207CE6
:107DE8007C20657863657074696F6E203D3D206EF8
:107DF800756D202B20565441424C455F46495253DD
:107E0800545F49525100000066616C7365000000C0
:107E180069735F7368617265645F6972715F7261CB
:107E2800775F68616E646C657228736C6F745F68E5
:107E3800616E646C65722900657863657074696F3A
:107E48006E000000666F756E640000004E6F20754E
:107E580073657220495251732061726520617661A1
:107E6800696C61626C65000031203D3D20287569B0
:107E78006E747074725F74296C2D3E7370696E5FD6
:107E88006C6F636B00000000433A2F557365727383
:107E98002F72706F72612F2E7069636F2D73646B10
:107EA8002F73646B2F322E332E312F7372632F632F
:107EB8006F6D6D6F6E2F7069636F5F73796E632F6F
:107EC8006D757465782E6300746F74616C000000C2
:107ED8006D74782D3E636F72652E7370696E5F6C7A
:107EE8006F636B006C6F636B5F69735F6F776E6551
:107EF800725F69645F76616C6964286D74782D3E81
:107F08006F776E65722900006D74782D3E656E740A
:107F180065725F636F756E7400000000706F6F6C40
:107F28002D3E74696D65725F616C61726D5F6E750F
:107F38006D203D3D2074696D65725F616C61726D85
:107F48005F6E756D00000000433A2F5573657273BC
:107F58002F72706F72612F2E7069636F2D73646B4F
:107F68002F73646B2F322E332E312F7372632F636E
:107F78006F6D6D6F6E2F7069636F5F74696D652FBC
:107F880074696D652E63000064656661756C745F65
:107F9800616C61726D5F706F6F6C5F696E69746937
:107FA800616C697A65642829000000004174746571
:107FB8006D7074656420746F20736C6565702069DA
:107FC8006E73696465206F6620616E2065786365ED
:107FD8007074696F6E2068616E646C65723B2075A1
:107FE800736520627573795F7761697420696620AB
:107FF800796F75206D7573740000000048617264B4
:108008007761726520616C61726D20256420616CF6
:10801800726561647920636C61696D656400000054
:1080280076636F5F66726571203E3D205049434F0D
:108038005F504C4C5F56434F5F4D494E5F4652452B
:10804800515F485A2026262076636F5F66726571F5
:10805800203C3D205049434F5F504C4C5F56434FA6
:108068005F4D41585F465245515F485A0000000035
:10807800433A2F55736572732F72706F72612F2E8A
:108088007069636F2D73646B2F73646B2F322E339B
:108098002E312F7372632F7270325F636F6D6D6F45
:1080A8006E2F68617264776172655F706C6C2F7097
:1080B8006C6C2E63000000006662646976203E3DA9
:1080C800203136202626206662646976203C3D20D1
:1080D8003332300028706F73745F64697631203EE4
:1080E8003D203120262620706F73745F64697631D5
:1080F800203C3D2037292026262028706F73745F86
:1081080064697632203E3D203120262620706F7328
:10811800745F64697632203C3D20372900000000F6
:108128007265665F66726571203C3D202876636FD4
:108138005F66726571202F20313629002A2828753C
:10814800696E74385F74202A29282828766F696434
:10815800202A29726F6D5F7461626C655F666C6F4F
:108168006174292D322929202A2034203E3D2053AC
:10817800465F5441424C455F56325F53495A450069
:10818800433A2F55736572732F72706F72612F2E79
:108198007069636F2D73646B2F73646B2F322E338A
:1081A8002E312F7372632F7270325F636F6D6D6F34
:1081B8006E2F7069636F5F646F75626C652F646F93
:1081C80075626C655F696E69745F726F6D5F7270FE
:1081D800323034302E6300002A282875696E7438CE
:1081E8005F74202A29726F6D5F7461626C652D322D
:1081F80029202A2034203E3D2053465F5441424CDA
:10820800455F56325F53495A45000000433A2F559F
:10821800736572732F72706F72612F2E7069636F3E
:108228002D73646B2F73646B2F322E332E312F73A3
:1082380072632F7270325F636F6D6D6F6E2F70692E
:10824800636F5F666C6F61742F666C6F61745F69D2
:108258006E69745F726F6D5F7270323034302E6386
:10826800000000004465627567000000626F6F746B
:10827800325F77323571303830000000322E332EBD
:10828800310000007069636F00000000636F6E7456
:10829800696E756F75730000536570203138203230
:1082A80030323600666E692B00000000666E690089
:1082B8006E616E00666E692D000000002C206675E8
:1082C8006E6374696F6E3A20000000006173736515
:1082D8007274696F6E2022257322206661696C654D
:1082E800643A2066696C6520222573222C206C690B
:1082F8006E65202564257325730A00005541525484
:1083080020737464696E000055415254207374647C
:108318006F7574005541525420737464696E202F30
:10832800207374646F757400433A2F5573657273C4
:108338002F72706F72612F2E7069636F2D73646B6B
:108348002F73646B2F322E332E312F7372632F727B
:1083580070325F636F6D6D6F6E2F7069636F5F73DF
:108368007464696F5F7573622F737464696F5F7586
:1083780073622E63000000005553422073746469D1
:108388006E202F207374646F7574000052617370CF
:108398006265727279205069000000005069636F4D
:1083A80000000000426F61726420434443000000F3
:1083B80052657365740000006C656E203E203000C5
:1083C800433A2F55736572732F72706F72612F2E37
:1083D8007069636F2D73646B2F73646B2F322E3348
:1083E8002E312F7372632F7270325F636F6D6D6FF2
:1083F8006E2F7069636F5F756E697175655F69640B
:108408002F756E697175655F69642E6300000000E1
:10841800636F6E6E6563745F696E7465726E616CAE
:108428005F666C6173685F66756E632026262066DA
:108438006C6173685F657869745F7869705F667589
:108448006E6320262620666C6173685F666C7573A0
:10845800685F63616368655F66756E6320262620C2
:10846800666C6173685F656E7465725F636D645F87
:108478007869705F66756E6300000000433A2F5597
:10848800736572732F72706F72612F2E7069636FCC
:108498002D73646B2F73646B2F322E332E312F7331
:1084A80072632F7270325F636F6D6D6F6E2F6861CC
:1084B8007264776172655F666C6173682F666C6160
:1084C80073682E6300000000666C6173685F6F66F6
:1084D8006673202B20636F756E74203C3D205049D5
:1084E800434F5F464C4153485F53495A455F425991
:1084F80054455300636F6E6E6563745F696E74658F
:10850800726E616C5F666C6173685F66756E63201E
:10851800262620666C6173685F657869745F786980
:10852800705F66756E6320262620666C6173685FCF
:1085380072616E67655F65726173655F66756E63AC
:1085480020262620666C6173685F666C7573685FA9
:1085580063616368655F66756E630000636F6E6E66
:108568006563745F696E7465726E616C5F666C6179
:1085780073685F66756E6320262620666C61736873
:108588005F657869745F7869705F66756E632026C9
:108598002620666C6173685F72616E67655F7072D2
:1085A8006F6772616D5F66756E6320262620666C44
:1085B8006173685F666C7573685F63616368655F44
:1085C80066756E6300000000636F6E6E6563745FAE
:1085D800696E7465726E616C5F666C6173685F6604
:1085E800756E6320262620666C6173685F657869FE
:1085F800745F7869705F66756E6320262620666CE6
:108608006173685F666C7573685F63616368655FF3
:1086180066756E63000000006E6578745F6275664B
:108628006665725F707472203C207573625F647057
:1086380072616D2D3E6570785F64617461202B20D6
:1086480073697A656F66287573625F647072616DAD
:108658002D3E6570785F646174612900433A2F5537
:10866800736572732F72706F72612F2E7069636FEA
:108678002D73646B2F73646B2F322E332E312F6C56
:1086880069622F74696E797573622F7372632F70C4
:108698006F727461626C652F726173706265727259
:1086A8007970692F7270323034302F6463645F726E
:1086B80070323034302E6300556E68616E646C65BC
:1086C800642049525120307825780A007268706F0A
:1086D8007274203D3D20300021286275665F637406
:1086E800726C2026205553425F4255465F435452D0
:1086F8004C5F46554C4C2900433A2F5573657273AD
:108708002F72706F72612F2E7069636F2D73646B97
:108718002F73646B2F322E332E312F6C69622F74B6
:10872800696E797573622F7372632F706F727461DB
:10873800626C652F72617370626572727970692FED
:108748007270323034302F7270323034305F75735B
:10875800622E63006275665F6374726C2026205512
:1087680053425F4255465F4354524C5F46554C4C0A
:108778000000000065702025303258207761732092
:10878800616C726561647920617661696C61626CA3
:108798006500000043616E277420636F6E74696E14
:1087A80075652078666572206F6E20696E616374E6
:1087B8006976652065702025303258005741524E41
:1087C8003A207374617274696E67206E65772074DD
:1087D80072616E73666572206F6E20616C7265617E
:1087E800647920616374697665206570202530326C
:1087F800580D0A0025732025643A204153534552E9
:1088080054204641494C45440D0A00007364615F99
:1088180074785F686F6C645F636F756E74203C3D3D
:10882800206C636E74202D2032000000433A2F55CF
:10883800736572732F72706F72612F2E7069636F18
:108848002D73646B2F73646B2F322E332E312F737D
:1088580072632F7270325F636F6D6D6F6E2F686118
:108868007264776172655F6932632F6932632E6360
:10887800000000007270323034305F636869705FE6
:1088880076657273696F6E006972715F6164645FA7
:108898007461696C5F746F5F667265655F6C69733C
:1088A80074000000696E736572745F626C5F3332C6
:1088B800000000006972715F72656D6F76655F68B0
:1088C800616E646C657200006D616B655F6A5F3133
:1088D800360000007265736F6C76655F6A5F3136CB
:1088E800000000006972715F6164645F736861729F
:1088F80065645F68616E646C657200006972715FBF
:108908007365745F6578636C75736976655F6861B4
:108918006E646C65720000006D757465785F6578CB
:10892800697400006D757465785F656E7465725F53
:10893800626C6F636B5F756E74696C0072756E74D0
:10894800696D655F696E69745F6D7574657800003F
:10895800616C61726D5F706F6F6C5F6765745F6487
:10896800656661756C740000616C61726D5F706F33
:108978006F6C5F6972715F68616E646C657200002C
:10898800706C6C5F696E6974000000005F5F616500
:108998006162695F646F75626C655F696E697400B6
:1089A8005F5F61656162695F666C6F61745F696E64
:1089B8006974000006005250D3F075426C820010B2
:1089C80006005250E182887F7482001006005250DF
:1089D800ABB360538482001006005250BBFF3CB614
:1089E8008C82001006005250861C030294820010EC
:1089F800060052505422A29DA08200100500525039
:108A0800DE65F468C49A0010000000000000F03F22
:108A18000000000000002440000000000000594051
:108A28000000000000408F40000000000088C340A4
:108A380000000000006AF8400000000080842E4119
:108A480000000000D01263410000000084D7974165
:108A58000000000065CDCD410D0A0000060052500F
:108A680053B4F4A11C8300100800525012000000F7
:108A780008005250921000000600525053B4F4A15E
:108A880080830010737464696F5F7573625F696EC9
:108A9800697400000000000094830010A483001093
:108AA800E41A0020AC830010B883001009025400B7
:108AB800030100807D080B00020202000009040087
:108AC8000001020200040524002001052401000120
:108AD8000424020605240600010705810308001086
:108AE80009040100020A0000000705020240000014
:108AF800070582024000000904020000FF0001058A
:108B080012011002EF0201408A2E0A000001010240
:108B1800030100007069636F5F6765745F756E6954
:108B28007175655F626F6172645F69645F737472A7
:108B3800696E6700666C6173685F646F5F636D641C
:108B48005F6373000A00000000000306A600080027
:108B5800020002009C001400030057494E5553427E
:108B68000000000000000000000080000400010078
:108B7800280044006500760069006300650049002C
:108B88006E00740065007200660061006300650095
:108B9800470055004900440000004E007B00620079
:108BA80063003700330039003800630031002D00BE
:108BB80037003300630064002D0034006300620056
:108BC80037002D0039003800620038002D003900C8
:108BD800310033006100380066006300610037002F
:108BE8006200660036007D0000000000050F2100CD
:108BF800011C100500DF60DDD88945C74C9CD26593
:108C08009D9E648A9F00000306A6000100000000E4
:108C180000000000D349001000000000D5490010F2
:108C2800E1490010194A0010154A00100000000020
:108C38006463645F656470745F78666572000000E1
:108C48006463645F7365745F616464726573730001
:108C58006463645F696E745F656E61626C65000071
:108C680068775F656E64706F696E745F616C6C6F56
:108C7800630000006463645F696E6974000000004B
:108C880073796E635F65705F627566666572000012
:108C9800757362645F656470745F786665720000FE
:108CA800757362645F656470745F6F70656E0000F1
:108CB800757362645F6F70656E5F656470745F7012
:108CC8006169720071756575655F6576656E7400BA
:108CD80070726F636573735F6765745F64657363F0
:108CE800726970746F72000070726F636573735F7E
:108CF8007365745F636F6E666967000070726F6397
:108D08006573735F636F6E74726F6C5F7265717594
:108D180065737400636F6E66696775726174696FF5
:108D28006E5F7265736574007475645F7461736BEC
:108D38005F657874000000007475645F7268706F16
:108D480072745F696E697400000000003960001079
:108D5800DD60001029610010996100109D6200100B
:108D6800E563001000000000757362645F636F6E56
:108D780074726F6C5F786665725F636200000000F2
:108D88007475645F636F6E74726F6C5F786665721A
:108D980000000000636463645F786665725F636205
:108DA80000000000636463645F6F70656E0000001C
:108DB8007475645F6364635F6E5F77726974655F1F
:108DC800666C75736800000074755F656470745F25
:108DD80076616C6964617465000000007475736283
:108DE8005F7268706F72745F696E6974000000006A
:108DF8006932635F7365745F62617564726174651B
:108E08000000000000000001020002080008100134
:108E18000100000000FF000F0000000000200B0010
:108E280000020A2100000500000000C8000038FF09
:108E3800010008000001CC0F01F10D016800800855
:108E4800B8000000000F8900000000000000010FBA
:108E58000D0E0E000002C7FF9B000000010000007D
:108E6800FFFFFF05020401070300FFFF090DFFFFD5
:088E7800FFFF0A06FFFF0B0CCF
:108E8000BC890010C8890010D4890010E089001046
:108E9000EC890010F8890010048A0010788A00100C
:0C8EA000708A0010648A0010808A0010A4
:108EAC00030002689446EFF3108272B660460068C5
:108EBC000028FBD0BFF35F8F0420185600280BDB73
:108ECC00002910D0086000201B68BFF35F8F0021C1
:108EDC00196082F310887047D0210906097849B2CD
:108EEC0019710120F0E70020EEE70000F8B504004E
:108EFC0015001E000368002B20D0D0231B061B7806
:108F0C005BB21F002368EFF3108172B6186800285B
:108F1C00FCD0BFF35F8F0423E356002B14DB2368D4
:108F2C00BFF35F8F00221A6081F310882800310094
:108F3C0000F0E6FC0028E5D000200EE0074B084AC4
:108F4C000848A82100F01CFD27712368BFF35F8F30
:108F5C0000221A6081F310880120F8BDD87E001021
:108F6C002C890010907E001070B582B006001500A0
:108F7C001C0001A9FFF794FF002807D1019B5BB2ED
:108F8C00D0221206127852B2934201D102B070BDB7
:108F9C002A0023003000FFF7A9FFF7E7F8B5070018
:108FAC000C0000F0BDFC05000E00FA22920000231C
:108FBC002000002100F0CCFC2A00330012184B4199
:108FCC00002B03DB3800FFF791FFF8BD0122524262
:108FDC00004BF7E7FFFFFF7F10B50168EFF310833D
:108FEC0072B60A68002AFCD0BFF35F8F0422825647
:108FFC00002A0ADBFF2202710268BFF35F8F002197
:10900C00116083F3108840BF10BD034B034A044822
:10901C00D92100F0B5FCC046EC7E00102089001070
:10902C00907E0010094B1B78002B08D00CE09A00A6
:10903C0080214905511808680549505001333F2BD0
:10904C00F5DD024B01221A707047C046F81A002059
:10905C002C11002010B5014B984710BD2D1100208C
:10906C00002206E09300064959184968C318596054
:10907C000132052AF6D9A0235B051B6803607047F3
:10908C000000024010B5002207E09300C1184968A7
:10909C00054CA446634459600132052AF5D902688F
:1090AC00A0235B051A6010BD00000240F0B5D64647
:1090BC004F464646C0B588B082460D0014001826AF
:1090CC003388142738883249984781463388388842
:1090DC00304998478046338838882F49984707008D
:1090EC004B46002B17D04346002B14D0002812D02F
:1090FC00FFF798FF01A8FFF7B3FFC847C047274BFE
:10910C001A6880239B005340C02292001340244ACB
:10911C001360210010E0234B234A96212348490079
:10912C0000F02EFC002B07D0002905D0C0235B05D6
:10913C001B6E2B700139013523000B4314D0C02357
:10914C005B059A6A082313409207EBD5002CE9D0F3
:10915C000A1B0D2AE6D856463078C02252051066F6
:10916C00013C721C9246DDE70C4B1A68C0239B0035
:10917C0093430B4A1360B847FFF76CFF01A8FFF746
:10918C0081FF08B0E0BCBA46B146A846F0BDC04667
:10919C004946000045580000464300000C80014041
:1091AC000C900140D08500103C8B00108484001082
:1091BC0010B5002308E00133DA00002108481150F3
:1091CC00844662445160DBB20E2BF4D90548F02280
:1091DC009200002100F09CFB034B044A1A6010BD66
:1091EC0000001050E4140020AC1800208001105036
:1091FC00F0B5CE46474680B585B0214B9F6D002417
:10920C00012603E0B74376000134E4B2002F31D0DD
:10921C001F2C2FD83E42F6D01A4B9E6563089946F8
:10922C000123234001225340DBB298464B465D009C
:10923C0045446D01144BED18280000F043FA00284A
:10924C00E0D0114A4B465B0043445B01D31899783C
:10925C00DA8A01A800239846037007334370017122
:10926C00826043464371012100F04CFA280000F063
:10927C00BFF9C7E705B0C0BCB946B046F0BDC046A3
:10928C000000115000301150A4140020F0B5CE464F
:10929C00474680B585B0734A9823D55880239B02E6
:1092AC002F001F401D4245D06F4B9A6A6F4B1A60BE
:1092BC000024002109E06E4B5B183C3300221A702D
:1092CC0000F0C2F931000134E4B20F2C18D8A60119
:1092DC0030002030664BC0189B193B331B78022B97
:1092EC00F1D1634B9B193A331E78002EEBD0604BB7
:1092FC00A1015B183C331B78002BDCD13100E2E779
:10930C00002908D15B4B1B78002B04D15A4A9033AF
:10931C0080218902D150534B9B6C5B055B0D01A8DE
:10932C0000220270033242704360012100F0EAF91E
:10933C008027BF02EB0606D4EB034DD580235B02DE
:10934C001F43002416E010231F43FFF751FFF3E7E0
:10935C0002261CE0494B1E66424B5B6E33409E421C
:10936C00FAD118E0424B4A4652019B180122DA709E
:10937C000134E4B2012C1FD8A14666013C4BF31812
:10938C0098469B7E002BEDD0002CE1D0012600F0FE
:10939C00CFFA0128DED8C02292010021404600F00D
:1093AC002DF9404600F024F900F0C2FA0128D9D971
:1093BC00314B5E661E66D5E701A8002303700633A9
:1093CC0043702F4A02AB12CA12C3012100F09AF962
:1093DC00294B802292021A65EB040AD46B041DD42B
:1093EC002B042AD4AF4238D105B0C0BCB946B04624
:1093FC00F0BD80235B011F4300241A4B1C60FFF758
:10940C00D7FE01A80470012343700471012100F000
:10941C0079F9194B802212031A65DFE78023DB01EF
:10942C001F4301A80023037004334370012100F093
:10943C0069F9114B10221A65D2E780231B021F43D6
:10944C0001A80023037005334370012100F05AF981
:10945C00094B802212011A65C4E73900694009489A
:10946C0000F086FA00001150004005409C140020CA
:10947C00A4140020F61A00200030115000201150C6
:10948C0000001050C0860010F8B504000F00838A4D
:10949C00028B1E1C934200D9161CB6B29B1BA382D6
:1094AC008022D2003243E378002B13D08025AD010B
:1094BC00154301225340E3706378002B0CD0A38A30
:1094CC00002B02D18023DB011D43002F00D02D0483
:1094DC002800F8BD0025EBE7E068BB01C018216946
:1094EC00320000F05DFA23699B19236180231B0273
:1094FC001D43E4E7094B1B6C9B070CD48378DB09F9
:10950C00012B01D0002007E0C37E022B01D00020EC
:10951C0002E0012000E000207047C046000011501E
:10952C0010B5FFF7E7FF002809D0064B9B6A064AE7
:10953C0012689B1A054A94466344C62B00D810BD8A
:10954C000020FCE7004005409C140020E0FCFFFFDD
:10955C0070B5040083681B68002900D01B0C9D05A6
:10956C00AD0D6278002A11D11B0409D4E38A5B1972
:10957C00E382238BAB4201D90023A382280070BD68
:10958C000D4B0E4A0E48E82100F0FAF91B040DD5DC
:10959C002069E368890159182A0000F001FAE38A6E
:1095AC005B19E38223695B192361E2E7054B034AEC
:1095BC000348EE2100F0E4F9E0860010888C0010DE
:1095CC00008700105C87001010B5040083681B68CE
:1095DC000021FFF7BDFF63681B685B0002D5238B7E
:1095EC00834200D010BD01212000FFF7B1FFF9E745
:1095FC00002383768382C3820361704710B50029F0
:10960C0002D083681B681940002A10D01143520500
:10961C000DD5826813685B050CD4084B0B401360A6
:10962C00074B1B6C9B0702D40C23033BFDD28368B6
:10963C00196010BD8178034800F09AF9FFFBFFFF19
:10964C00000011507C87001070B5040043681E6840
:10965C000021FFF719FF80256D010543164B1B6C8C
:10966C009B0715D5A3785B0617D10023A28A002A85
:10967C0001D0002B15D0114B1E4080239B0533438A
:10968C00626813602A0000212000FFF7B7FF70BD4D
:10969C00A378DB0903D10133E8E70123E6E70023D4
:1096AC00E4E701212000FFF7EFFE0543044A3240B6
:1096BC00A023DB051343E3E700001150FFFFFFAFCE
:1096CC00FFFFFFDF70B50400857E002D06D0FFF78D
:1096DC007BFFA38A002B05D1280070BD8178084838
:1096EC0000F046F92000FFF71BFF051E03D00123F5
:1096FC0023770025F0E72000FFF7A6FFECE7C04634
:10970C009C87001070B584B005000E004378042BC4
:10971C0041D009D9052B48D0062B1AD16E4A1378A3
:10972C000133DBB2137014E0022B03D0032B10D1E6
:10973C00002450E0694B1A7801218A431A701A7878
:10974C0001318A431A7000225A701A7802318A4306
:10975C001A70634B1C686269EFF3108172B6136860
:10976C00002BFCD0BFF35F8FA1612900200000F01B
:10977C00F7F86269A369BFF35F8F0021116083F36F
:10978C001088002800D1A0E028786978320000F019
:10979C00FFF804B070BD514B1B78DB07F9D54F4A6D
:1097AC00137804210B431370D3E74C4B1B78DB0766
:1097BC00EFD54A4A137804218B431370C9E7E31A97
:1097CC005B01484A9B18DB69002B02D0287869683A
:1097DC0098470134E4B2444B1B78A34207D3EED92B
:1097EC00424B1B6862019B18002BECD1F1E73B4B01
:1097FC001B785B072ED5394A137804218B431370E1
:10980C0001AC0C220021200000F082F82B78237090
:10981C0005236370324B1C686269EFF3108172B6DA
:10982C001368002BFCD0BFF35F8FA16101A920004E
:10983C0000F096F86269A369BFF35F8F0021116095
:10984C0083F31088002832D001AB18785978320095
:10985C0000F09EF8214BDB78DB0700D499E72A78DF
:10986C0001AB1A7003225A706A6802921C4B1C6876
:10987C006269EFF3108172B61368002BFCD0BFF352
:10988C005F8FA16101A9200000F06AF86269A369E9
:10989C00BFF35F8F0021116083F3108800280DD077
:1098AC0001AB18785978320000F072F871E7662233
:1098BC000F491048FF3200F043F8CBE766220C4901
:1098CC000C48FF3200F03CF863E76622084909486F
:1098DC00FF3200F035F85CE7F71A0020101000207A
:1098EC0068100020508D0010F51A0020600E00202A
:1098FC00CC8C0010FC8700107047C04600000000A4
:10990C0001B40248844601BC604700BF49150010F1
:10991C0001B40248844601BC604700BFDD2C001036
:10992C0001B40248844601BC604700BF31170010E7
:10993C0001B40248844601BC604700BFDD0500103D
:10994C0001B40248844601BC604700BFE1410010ED
:10995C0001B40248844601BC604700BF692B00106B
:10996C0001B40248844601BC604700BF816B001003
:10997C0001B40248844601BC604700BF31060010A8
:10998C0001B40248844601BC604700BFE93E0010A8
:10999C0001B40248844601BC604700BF6D51001001
:1099AC0001B40248844601BC604700BF814E0010E0
:1099BC00100000000000000000000100000000008A
:1099CC000000000000000200000000000000000089
:1099DC000000030000000000000000000000040074
:1099EC000000000000000000000005000000000066
:1099FC00000000000000FF000000000001B54868F6
:109A0C0001318E460047704609380149884701BD2F
:109A1C00F90C001000000000000000000000000025
:109A2C000000000000000000D80C00200000000026
:109A3C00503300004C33000054330000523300000C
:109A4C004D5300004D4300005334000043340000DC
:109A5C007D420010214300109D4200103143001044
:109A6C000000000000010000C54700104D4400102C
:109A7C0025470010394400100000000000010000D0
:109A8C006C10002010000C00000000000000000012
:109A9C00000000000000000000000000FF000000BB
:109AAC000080044000000000004004400000000062
:089ABC000000000000000000A2
:04000005100001E9FD
:00000001FF
